EKF_x,EKF_y,EKF_theta,PM_x,PM_y,PM_theta,errorEKF_x,errorEKF_y,errorEKF_theta,errorPM,EKFCovXX,EKFCovXY,EKFCovXTheta,EKFCovYX,EKFCovYY,EKFCovYTheta,EKFCovThetaX,EKFCovThetaY,EKFCovThetaTheta
-0.68347,-0.312766,1.61813,-0.68347,-0.312766,1.61813,-0.00903842,0.00866813,0.0245132,0.953424,0.000999999,-2.29378e-23,-5.3154e-14,-1.82599e-23,0.000999999,-1.19969e-15,-5.31571e-14,-1.19959e-15,0.000999999
-0.683382,-0.312983,1.61849,-0.683298,-0.31319,1.61883,-0.0089501,0.00845103,0.0248679,0.970989,0.000512195,-5.46553e-24,-1.26482e-14,-4.35241e-24,0.000512195,-2.85471e-16,-1.26489e-14,-2.85447e-16,0.000512195
-0.68335,-0.313055,1.61865,-0.683294,-0.313184,1.61893,-0.0086926,0.00875593,0.0208666,0.984412,0.000359875,-2.2405e-24,-5.18272e-15,-1.78439e-24,0.000359875,-1.16975e-16,-5.18303e-15,-1.16965e-16,0.000359875
-0.681675,-0.313821,1.61643,-0.677587,-0.315689,1.61103,-0.007017,0.00799025,0.0186528,0.588971,0.000290717,-1.12737e-24,-2.60733e-15,-8.97912e-25,0.000290717,-5.88479e-17,-2.60749e-15,-5.88429e-17,0.000290717
-0.68065,-0.314315,1.6151,-0.677642,-0.315765,1.6112,-0.00599153,0.00754162,0.016943,0.588971,0.000254131,-6.27245e-25,-1.45052e-15,-4.99591e-25,0.000254131,-3.27383e-17,-1.4506e-15,-3.27356e-17,0.000254131
-0.679945,-0.314665,1.61423,-0.677627,-0.315815,1.61135,-0.00528651,0.0071919,0.0160672,0.588971,0.000233206,-3.68825e-25,-8.52865e-16,-2.93768e-25,0.000233206,-1.92493e-17,-8.52915e-16,-1.92476e-17,0.000233206
-0.67942,-0.314925,1.61361,-0.677568,-0.315844,1.61142,-0.00476202,0.00693171,0.0154482,0.588971,0.000220702,-2.23997e-25,-5.1795e-16,-1.78415e-25,0.000220702,-1.16902e-17,-5.1798e-16,-1.16892e-17,0.000220702
-0.679011,-0.315123,1.61315,-0.677498,-0.315854,1.61145,-0.00432858,0.00671779,0.0149881,0.588971,0.000213033,-1.38728e-25,-3.20775e-16,-1.10498e-25,0.000213033,-7.23994e-18,-3.20794e-16,-7.23932e-18,0.000213033
-0.678685,-0.315277,1.61279,-0.677447,-0.315865,1.61145,-0.0040028,0.00656324,0.0146342,0.588971,0.000208255,-8.69643e-26,-2.01081e-16,-6.9268e-26,0.000208255,-4.53843e-18,-2.01093e-16,-4.53804e-18,0.000208255
-0.679103,-0.314929,1.614,-0.680719,-0.313579,1.61866,-0.0046317,0.00661122,0.0192887,0.680036,0.000205249,-5.49297e-26,-1.27009e-16,-4.37522e-26,0.000205249,-2.8666e-18,-1.27016e-16,-2.86636e-18,0.000205249
-0.679439,-0.314668,1.61492,-0.680756,-0.313645,1.61852,-0.00496783,0.00687228,0.0202073,0.653863,0.000203345,-3.48618e-26,-8.06072e-17,-2.77679e-26,0.000203345,-1.81932e-18,-8.0612e-17,-1.81916e-18,0.000203345
-0.679715,-0.314463,1.61564,-0.680806,-0.313657,1.61848,-0.0052442,0.00707657,0.0209275,0.660712,0.000202135,-2.21927e-26,-5.13136e-17,-1.76768e-26,0.000202135,-1.15816e-18,-5.13166e-17,-1.15806e-18,0.000202135
-0.679941,-0.314302,1.61622,-0.68084,-0.31366,1.61852,-0.00528992,0.00737632,0.0194485,0.653863,0.000201364,-1.4155e-26,-3.27288e-17,-1.12746e-26,0.000201364,-7.38694e-19,-3.27307e-17,-7.38631e-19,0.000201364
-0.680129,-0.31417,1.61668,-0.680875,-0.313647,1.6185,-0.00547741,0.00750785,0.0199075,0.653863,0.000200872,-9.03945e-27,-2.09008e-17,-7.20005e-27,0.000200872,-4.71734e-19,-2.0902e-17,-4.71694e-19,0.000200872
-0.680513,-0.314126,1.6168,-0.682044,-0.313948,1.61727,-0.00579933,0.00766055,0.018806,0.641629,0.000200558,-5.77719e-27,-1.33579e-17,-4.60162e-27,0.000200558,-3.01489e-19,-1.33586e-17,-3.01463e-19,0.000200558
-0.680821,-0.314089,1.61689,-0.682048,-0.313941,1.61724,-0.00610695,0.00769752,0.0188959,0.648296,0.000200357,-3.6941e-27,-8.54141e-18,-2.94241e-27,0.000200357,-1.92781e-19,-8.54191e-18,-1.92764e-19,0.000200357
-0.681072,-0.314041,1.61699,-0.682075,-0.313849,1.61742,-0.00635819,0.00774548,0.0190027,0.667475,0.000200228,-2.36288e-27,-5.46338e-18,-1.88207e-27,0.000200228,-1.23309e-19,-5.4637e-18,-1.23299e-19,0.000200228
-0.68127,-0.314019,1.61704,-0.682062,-0.313932,1.61723,-0.00673116,0.00746293,0.0223894,0.648296,0.000200146,-1.51169e-27,-3.49529e-18,-1.20408e-27,0.000200146,-7.88891e-20,-3.49549e-18,-7.88824e-20,0.000200146
-0.68143,-0.314001,1.61707,-0.682068,-0.31393,1.61719,-0.00689091,0.0074808,0.0224193,0.648296,0.000200093,-9.67256e-28,-2.23646e-18,-7.70434e-28,0.000200093,-5.04772e-20,-2.23659e-18,-5.0473e-20,0.000200093
-0.681555,-0.313985,1.61709,-0.682057,-0.31392,1.61717,-0.00701008,0.00744398,0.0227604,0.648296,0.00020006,-6.18951e-28,-1.43112e-18,-4.93004e-28,0.00020006,-3.23006e-20,-1.43121e-18,-3.22979e-20,0.00020006
-0.680989,-0.3137,1.61657,-0.678727,-0.312564,1.61451,-0.00644425,0.00772827,0.0222443,0.566749,0.000200038,-3.96091e-28,-9.1583e-19,-3.15492e-28,0.000200038,-2.06704e-20,-9.15884e-19,-2.06687e-20,0.000200038
-0.680521,-0.313469,1.61615,-0.678649,-0.312545,1.61447,-0.00597611,0.00795944,0.0218225,0.572709,0.000200025,-2.53483e-28,-5.86095e-19,-2.01903e-28,0.000200025,-1.32283e-20,-5.8613e-19,-1.32271e-20,0.000200025
-0.680138,-0.313271,1.6158,-0.678604,-0.312479,1.61441,-0.00537199,0.00842996,0.0180847,0.569189,0.000200016,-1.62223e-28,-3.75086e-19,-1.29213e-28,0.000200016,-8.46575e-21,-3.75108e-19,-8.46503e-21,0.000200016
-0.679823,-0.313109,1.61551,-0.678563,-0.31246,1.61433,-0.00505699,0.0085922,0.017789,0.562432,0.00020001,-1.0382e-28,-2.40049e-19,-8.26941e-29,0.00020001,-5.41794e-21,-2.40063e-19,-5.41748e-21,0.00020001
-0.679561,-0.312967,1.61526,-0.678513,-0.312399,1.61429,-0.00477161,0.00876095,0.0173148,0.555675,0.000200006,-6.64436e-29,-1.53629e-19,-5.29234e-29,0.000200006,-3.46743e-21,-1.53638e-19,-3.46713e-21,0.000200006
-0.680116,-0.313338,1.61639,-0.682338,-0.314823,1.62089,-0.00532704,0.00838984,0.0184394,1.11886,0.000200004,-4.25235e-29,-9.83215e-20,-3.38706e-29,0.000200004,-2.21913e-21,-9.83273e-20,-2.21894e-21,0.000200004
-0.68055,-0.31367,1.61734,-0.682284,-0.314997,1.62115,-0.00606437,0.00771336,0.0237307,1.12544,0.000200003,-2.72148e-29,-6.29254e-20,-2.1677e-29,0.000200003,-1.42023e-21,-6.29291e-20,-1.42011e-21,0.000200003
-0.680891,-0.313949,1.61813,-0.682258,-0.315067,1.62129,-0.00640603,0.00743393,0.024521,1.12854,0.000200002,-1.74174e-29,-4.02721e-20,-1.38733e-29,0.000200002,-9.08946e-22,-4.02744e-20,-9.08869e-22,0.000200002
-0.681163,-0.314184,1.61878,-0.682248,-0.31512,1.62137,-0.00667743,0.00719974,0.0251681,1.12196,0.000200001,-1.11471e-29,-2.57741e-20,-8.87886e-30,0.000200001,-5.81724e-22,-2.57756e-20,-5.81675e-22,0.000200001
-0.681375,-0.314377,1.61931,-0.682226,-0.315148,1.62146,-0.00687334,0.00710697,0.0250551,1.12196,0.000200001,-7.13415e-30,-1.64954e-20,-5.68246e-30,0.000200001,-3.72303e-22,-1.64963e-20,-3.72271e-22,0.000200001
-0.681544,-0.314541,1.61975,-0.682219,-0.315197,1.62149,-0.00704202,0.0069429,0.0254891,1.12196,0.0002,-4.56585e-30,-1.0557e-20,-3.63677e-30,0.0002,-2.38273e-22,-1.05576e-20,-2.38253e-22,0.0002
-0.681107,-0.314108,1.6247,-0.679357,-0.312377,1.6445,-0.00664219,0.00742685,0.0303498,0.47,0.0002,-2.92214e-30,-6.75649e-21,-2.32753e-30,0.0002,-1.52495e-22,-6.75689e-21,-1.52482e-22,0.0002
-0.680736,-0.313884,1.6285,-0.679154,-0.312874,1.64527,-0.0062717,0.00765128,0.0341539,0.460976,0.0002,-7.5579e-14,3.58057e-09,-7.5579e-14,0.0002,-3.21648e-09,3.58057e-09,-3.21648e-09,0.0002
-0.680435,-0.31384,1.63136,-0.679044,-0.313228,1.64591,-0.00597054,0.00769482,0.0370141,0.454219,0.0002,-8.7422e-13,1.62704e-08,-8.7422e-13,0.0002,-8.07969e-09,1.62704e-08,-8.07969e-09,0.0002
-0.68017,-0.313863,1.63353,-0.678926,-0.313515,1.64634,-0.00535213,0.00797017,0.0355913,0.455016,0.0002,-1.92569e-12,2.44075e-08,-1.92569e-12,0.0002,-1.11558e-08,2.44075e-08,-1.11558e-08,0.0002
-0.679926,-0.313873,1.63566,-0.678852,-0.313802,1.64677,-0.00510808,0.00795966,0.0377217,0.46853,0.0002,-1.66408e-12,1.92288e-08,-1.66408e-12,0.0002,-1.03253e-08,1.92288e-08,-1.03253e-08,0.0002
-0.680671,-0.313467,1.63298,-0.68365,-0.31184,1.62327,-0.00598449,0.00839889,0.0348668,1.00273,0.0002,-9.63357e-13,1.23064e-08,-9.63357e-13,0.0002,-6.60822e-09,1.23064e-08,-6.60822e-09,0.0002
-0.681286,-0.313106,1.63097,-0.683745,-0.311662,1.62296,-0.00659934,0.00875989,0.0328625,1.01758,0.0002,-5.7491e-13,7.87612e-09,-5.7491e-13,0.0002,-4.22926e-09,7.87612e-09,-4.22926e-09,0.0002
-0.681795,-0.312785,1.62931,-0.68383,-0.311504,1.62268,-0.00710819,0.00908029,0.0312038,0.997708,0.0002,-3.50888e-13,5.04071e-09,-3.50888e-13,0.0002,-2.70673e-09,5.04071e-09,-2.70673e-09,0.0002
-0.682205,-0.312511,1.62793,-0.683845,-0.311412,1.62241,-0.00776522,0.00908045,0.0332331,0.977841,0.0002,-2.17583e-13,3.22606e-09,-2.17583e-13,0.0002,-1.73231e-09,3.22606e-09,-1.73231e-09,0.0002
-0.682545,-0.312259,1.6268,-0.683905,-0.311253,1.62228,-0.00810519,0.00933203,0.0321029,0.990813,0.0002,-1.36392e-13,2.06468e-09,-1.36392e-13,0.0002,-1.10868e-09,2.06468e-09,-1.10868e-09,0.0002
-0.682829,-0.312046,1.62586,-0.683964,-0.311192,1.62207,-0.00821725,0.00982904,0.0280269,0.970945,0.0002,-8.61186e-14,1.32139e-09,-8.61186e-14,0.0002,-7.09552e-10,1.32139e-09,-7.09552e-10,0.0002
-0.682741,-0.312281,1.62548,-0.682391,-0.313221,1.62397,-0.00812974,0.00959403,0.02765,0.761899,0.0002,-5.46358e-14,8.45691e-10,-5.46358e-14,0.0002,-4.54113e-10,8.45691e-10,-4.54113e-10,0.0002
-0.682668,-0.312477,1.62518,-0.682377,-0.313261,1.62398,-0.00805703,0.00939794,0.0273492,0.76861,0.0002,-3.47703e-14,5.41243e-10,-3.47703e-14,0.0002,-2.90633e-10,5.41243e-10,-2.90633e-10,0.0002
-0.682589,-0.312615,1.62505,-0.682371,-0.313282,1.62402,-0.00796418,0.009275,0.0270004,0.76861,0.0002,-8.60569e-14,-3.23738e-09,-8.60569e-14,0.0002,3.0269e-09,-3.23738e-09,3.0269e-09,0.0002
-0.682513,-0.312538,1.62526,-0.682367,-0.3133,1.62402,-0.0078888,0.00935268,0.0272089,0.76861,0.0002,-1.66618e-12,-3.64274e-08,-1.66618e-12,0.0002,6.87064e-09,-3.64274e-08,6.87064e-09,0.0002
-0.682565,-0.31204,1.62583,-0.682389,-0.313222,1.62395,-0.0079408,0.00985064,0.0277757,0.761899,0.0002,6.34205e-12,-1.24881e-07,6.34205e-12,0.0002,-8.06257e-09,-1.24881e-07,-8.06257e-09,0.0002
-0.682668,-0.311578,1.62523,-0.682463,-0.315132,1.62338,-0.00807973,0.0103463,0.0270937,0.93112,0.0002,4.2091e-11,-2.52675e-07,4.2091e-11,0.0002,-2.48791e-08,-2.52675e-07,-2.48791e-08,0.0002
-0.68273,-0.310678,1.62417,-0.682556,-0.314936,1.62304,-0.00814243,0.0112465,0.0260347,0.928891,0.000200001,8.66269e-11,-4.132e-07,8.66269e-11,0.0002,-2.94306e-08,-4.132e-07,-2.94306e-08,0.0002
-0.682861,-0.309528,1.62326,-0.682649,-0.314687,1.62271,-0.00848979,0.0121231,0.0285516,0.902046,0.000200002,1.7586e-10,-5.76767e-07,1.7586e-10,0.0002,-4.20955e-08,-5.76767e-07,-4.20955e-08,0.000199999
-0.683055,-0.308125,1.62267,-0.682784,-0.314386,1.62237,-0.00868418,0.0135261,0.027959,0.902986,0.000200004,3.31425e-10,-7.49085e-07,3.31425e-10,0.0002,-6.03284e-08,-7.49085e-07,-6.03284e-08,0.000199999
-0.683132,-0.306756,1.622,-0.682879,-0.314136,1.62191,-0.00876111,0.0148954,0.0272896,0.923023,0.000200006,3.96626e-10,-8.90851e-07,3.96626e-10,0.0002,-5.62967e-08,-8.90851e-07,-5.62967e-08,0.000199998
-0.683222,-0.305483,1.62136,-0.682997,-0.313887,1.6214,-0.00847885,0.0133101,0.0246129,0.887716,0.000200008,4.51545e-10,-1.00198e-06,4.51545e-10,0.0002,-5.44728e-08,-1.00198e-06,-5.44728e-08,0.000199998
-0.683125,-0.302879,1.62079,-0.682276,-0.305647,1.62161,-0.00838159,0.0159136,0.0240407,0.6584,0.000200009,4.56653e-10,-1.06309e-06,4.56653e-10,0.0002,-4.90673e-08,-1.06309e-06,-4.90673e-08,0.000199997
-0.683104,-0.300698,1.61985,-0.682458,-0.305254,1.62077,-0.00855846,0.0122525,0.0260047,0.66275,0.00020001,4.79127e-10,-1.10544e-06,4.79127e-10,0.0002,-4.87679e-08,-1.10544e-06,-4.87679e-08,0.000199997
-0.683203,-0.298807,1.61845,-0.682704,-0.304833,1.62006,-0.00865663,0.0141427,0.0245967,0.639199,0.000200011,5.733e-10,-1.14229e-06,5.733e-10,0.0002,-5.85842e-08,-1.14229e-06,-5.85842e-08,0.000199996
-0.683321,-0.297127,1.61634,-0.682904,-0.304203,1.61928,-0.00877534,0.0158235,0.0224864,0.624273,0.000200012,6.46163e-10,-1.17273e-06,6.46163e-10,0.0002,-6.41089e-08,-1.17273e-06,-6.41089e-08,0.000199996
-0.683422,-0.295673,1.61386,-0.68316,-0.303668,1.61847,-0.00823988,0.00840322,0.016465,0.6404,0.000200013,6.39171e-10,-1.19258e-06,6.39171e-10,0.0002,-5.95689e-08,-1.19258e-06,-5.95689e-08,0.000199996
-0.683495,-0.294327,1.61172,-0.683339,-0.303189,1.61762,-0.00831263,0.00974909,0.0143183,0.623252,0.000200013,5.76243e-10,-1.21919e-06,5.76243e-10,0.0002,-4.93063e-08,-1.21919e-06,-4.93063e-08,0.000199995
-0.682178,-0.290567,1.60636,-0.677029,-0.289584,1.59945,-0.00715508,0.00409804,0.0120977,0.244943,0.000200014,4.01646e-10,-1.22995e-06,4.01646e-10,0.0002,-2.7902e-08,-1.22995e-06,-2.7902e-08,0.000199995
-0.681072,-0.287389,1.60252,-0.676839,-0.288303,1.59755,-0.0060489,0.0072765,0.00826058,0.206481,0.000200014,2.42035e-10,-1.22321e-06,2.42035e-10,0.0002,-1.18096e-08,-1.22321e-06,-1.18096e-08,0.000199995
-0.680237,-0.284611,1.6001,-0.676712,-0.287114,1.59563,-0.00521386,0.0100543,0.00584197,0.202815,0.000200014,2.20692e-10,-1.21847e-06,2.20692e-10,0.0002,-1.40084e-08,-1.21847e-06,-1.40084e-08,0.000199995
-0.679495,-0.28219,1.59851,-0.676584,-0.286124,1.59425,-0.00438218,0.00434298,0.0148738,0.193552,0.000200014,1.49619e-10,-1.21564e-06,1.49619e-10,0.0002,-7.89654e-09,-1.21564e-06,-7.89654e-09,0.000199995
-0.678938,-0.280038,1.59725,-0.676471,-0.28515,1.59271,-0.00382534,0.0064946,0.0136062,0.201097,0.000200014,1.74946e-10,-1.21695e-06,1.74946e-10,0.0002,-1.37618e-08,-1.21695e-06,-1.37618e-08,0.000199995
-0.680376,-0.273392,1.59526,-0.685929,-0.260527,1.58777,-0.00530474,0.00490326,0.0155062,2.30502,0.000200014,1.9391e-10,-1.21779e-06,1.9391e-10,0.0002,-1.69592e-08,-1.21779e-06,-1.69592e-08,0.000199995
-0.681501,-0.268025,1.59381,-0.686033,-0.260282,1.5875,-0.00643004,0.01027,0.0140652,2.30166,0.000200014,1.49503e-10,-1.21852e-06,1.49503e-10,0.0002,-1.1441e-08,-1.21852e-06,-1.1441e-08,0.000199995
-0.682405,-0.263737,1.59258,-0.68607,-0.260096,1.58707,-0.00733397,0.0145582,0.0128257,2.30824,0.000200014,1.07702e-10,-1.21217e-06,1.07702e-10,0.0002,-7.11906e-09,-1.21217e-06,-7.11906e-09,0.000199995
-0.683169,-0.260176,1.59152,-0.686065,-0.259861,1.58675,-0.00827266,0.00932167,0.0147378,2.27473,0.000200014,1.28861e-10,-1.22158e-06,1.28861e-10,0.0002,-1.09203e-08,-1.22158e-06,-1.09203e-08,0.000199995
-0.683771,-0.257275,1.59028,-0.686131,-0.259499,1.58633,-0.00887384,0.0122226,0.0134975,2.29112,0.000200014,1.13991e-10,-1.22427e-06,1.13991e-10,0.0002,-9.23625e-09,-1.22427e-06,-9.23625e-09,0.000199995
-0.684308,-0.254888,1.589,-0.686211,-0.259166,1.58596,-0.0098799,0.0100599,0.0126032,2.27955,0.000200014,1.51816e-10,-1.22587e-06,1.51816e-10,0.0002,-1.43005e-08,-1.22587e-06,-1.43005e-08,0.000199995
-0.683232,-0.251703,1.58755,-0.678788,-0.253321,1.5854,-0.00880351,0.0132449,0.011151,0.322834,0.000200014,1.52889e-10,-1.24397e-06,1.52889e-10,0.0002,-1.36978e-08,-1.24397e-06,-1.36978e-08,0.000199995
-0.682334,-0.249095,1.58671,-0.678954,-0.252709,1.5844,-0.00790634,0.0158526,0.0103092,0.309235,0.000200014,6.42888e-11,-1.24552e-06,6.42888e-11,0.0002,-2.5652e-09,-1.24552e-06,-2.5652e-09,0.000199995
-0.681601,-0.246948,1.58636,-0.679002,-0.2523,1.58341,-0.0070106,0.009032,0.0111159,0.317265,0.000200014,-3.52084e-11,-1.24317e-06,-3.52084e-11,0.0002,8.10542e-09,-1.24317e-06,8.10542e-09,0.000199995
-0.68102,-0.24512,1.58571,-0.679032,-0.251744,1.58263,-0.00642899,0.0108608,0.0104708,0.304537,0.000200014,-1.14209e-10,-1.24166e-06,-1.14209e-10,0.0002,1.52075e-08,-1.24166e-06,1.52075e-08,0.000199995
-0.680664,-0.24348,1.58468,-0.679054,-0.251171,1.58159,-0.00597016,0.00360195,0.0122777,0.300373,0.000200015,-3.76971e-11,-1.25064e-06,-3.76971e-11,0.0002,3.04951e-09,-1.25064e-06,3.04951e-09,0.000199995
-0.68056,-0.239127,1.58706,-0.679968,-0.235862,1.59812,-0.00586618,0.0079547,0.0146553,0.422329,0.000200015,-5.73267e-12,-1.25303e-06,-5.73267e-12,0.0002,-7.52593e-10,-1.25303e-06,-7.52593e-10,0.000199995
-0.680516,-0.235598,1.58839,-0.680032,-0.23573,1.59788,-0.00582185,0.011484,0.0159918,0.428076,0.000200015,5.46008e-11,-1.25791e-06,5.46008e-11,0.0002,-7.42397e-09,-1.25791e-06,-7.42397e-09,0.000199995
-0.680506,-0.232775,1.5898,-0.680158,-0.235521,1.5975,-0.00634595,0.00497712,0.0126792,0.422329,0.000200015,1.07313e-10,-1.25422e-06,1.07313e-10,0.0002,-1.24227e-08,-1.25422e-06,-1.24227e-08,0.000199995
-0.680481,-0.230425,1.59125,-0.680277,-0.235275,1.59706,-0.006321,0.00732763,0.0141314,0.410835,0.000200015,9.98648e-11,-1.25877e-06,9.98648e-11,0.0002,-9.81057e-09,-1.25877e-06,-9.81057e-09,0.000199995
-0.68051,-0.228519,1.59262,-0.680415,-0.235039,1.59656,-0.00546667,0.000704726,0.0174427,0.387846,0.000200015,1.26039e-10,-1.25821e-06,1.26039e-10,0.0002,-1.23097e-08,-1.25821e-06,-1.23097e-08,0.000199995
-0.680567,-0.226886,1.59341,-0.680564,-0.234712,1.59606,-0.00552295,0.00233739,0.0182329,0.410835,0.000200015,1.5196e-10,-1.26464e-06,1.5196e-10,0.0002,-1.45621e-08,-1.26464e-06,-1.45621e-08,0.000199994
-0.680549,-0.220954,1.59439,-0.680229,-0.211371,1.59881,-0.00561237,-0.00146296,0.0211676,0.50827,0.000200015,1.71616e-10,-1.26195e-06,1.71616e-10,0.0002,-1.60947e-08,-1.26195e-06,-1.60947e-08,0.000199994
-0.680525,-0.216167,1.59468,-0.680174,-0.211164,1.59842,-0.00558881,0.00332386,0.021456,0.483871,0.000200015,1.87773e-10,-1.26023e-06,1.87773e-10,0.0002,-1.72825e-08,-1.26023e-06,-1.72825e-08,0.000199994
-0.68064,-0.212143,1.59511,-0.680628,-0.21061,1.59734,-0.00570371,0.00734818,0.0218857,0.483871,0.000200015,2.63736e-10,-1.27257e-06,2.63736e-10,0.0002,-2.55353e-08,-1.27257e-06,-2.55353e-08,0.000199994
-0.68064,-0.208828,1.59539,-0.680703,-0.210039,1.59653,-0.00588387,0.00655324,0.0188608,0.463495,0.000200015,1.82036e-10,-1.27747e-06,1.82036e-10,0.0002,-1.39835e-08,-1.27747e-06,-1.39835e-08,0.000199994
-0.680705,-0.206078,1.59584,-0.680832,-0.20933,1.59557,-0.00594943,0.00930347,0.0193116,0.457877,0.000200015,1.72977e-10,-1.27363e-06,1.72977e-10,0.0002,-1.35956e-08,-1.27363e-06,-1.35956e-08,0.000199994
-0.680621,-0.201927,1.59576,-0.680142,-0.199576,1.59543,-0.00581474,-0.000931122,0.0233487,0.542974,0.000200015,1.66388e-10,-1.27117e-06,1.66388e-10,0.0002,-1.33169e-08,-1.27117e-06,-1.33169e-08,0.000199994
-0.68058,-0.198575,1.59577,-0.680169,-0.199522,1.59532,-0.00577401,0.00242105,0.0233634,0.537598,0.000200015,1.91385e-10,-1.27292e-06,1.91385e-10,0.0002,-1.66473e-08,-1.27292e-06,-1.66473e-08,0.000199994
-0.680617,-0.195919,1.59513,-0.680307,-0.199432,1.59513,-0.00581122,0.00507735,0.022717,0.52718,0.000200015,2.63125e-10,-1.26707e-06,2.63125e-10,0.0002,-2.50678e-08,-1.26707e-06,-2.50678e-08,0.000199994
-0.680666,-0.193728,1.59475,-0.680403,-0.199316,1.5948,-0.00596099,0.00247339,0.02124,0.52718,0.000200015,3.20529e-10,-1.27014e-06,3.20529e-10,0.0002,-3.04445e-08,-1.27014e-06,-3.04445e-08,0.000199994
-0.680636,-0.191841,1.59435,-0.680485,-0.199081,1.5943,-0.00593176,0.00436004,0.0208385,0.520831,0.000200015,2.5377e-10,-1.28604e-06,2.5377e-10,0.0002,-2.04238e-08,-1.28604e-06,-2.04238e-08,0.000199994
-0.680697,-0.190391,1.59446,-0.680607,-0.19884,1.59386,-0.00621885,-0.00305685,0.0211983,0.50978,0.000200015,2.79203e-10,-1.27896e-06,2.79203e-10,0.0002,-2.39286e-08,-1.27896e-06,-2.39286e-08,0.000199994
-0.680661,-0.184948,1.59658,-0.680119,-0.177211,1.60508,-0.00618309,0.00238603,0.0233211,0.506988,0.000200015,2.96574e-10,-1.26762e-06,2.96574e-10,0.0002,-2.59426e-08,-1.26762e-06,-2.59426e-08,0.000199994
-0.680607,-0.18054,1.5982,-0.68007,-0.17726,1.60522,-0.00612885,0.00679471,0.0249444,0.508813,0.000200015,2.92931e-10,-1.27064e-06,2.92931e-10,0.0002,-2.49866e-08,-1.27064e-06,-2.49866e-08,0.000199994
-0.680571,-0.176921,1.59943,-0.680091,-0.177013,1.60487,-0.00603186,0.00109864,0.024833,0.500319,0.000200015,2.98349e-10,-1.27936e-06,2.98349e-10,0.0002,-2.53061e-08,-1.27936e-06,-2.53061e-08,0.000199994
-0.680586,-0.173994,1.60006,-0.680098,-0.176634,1.60411,-0.00604717,0.0040257,0.0254581,0.505638,0.000200015,3.60531e-10,-1.27794e-06,3.60531e-10,0.0002,-3.25742e-08,-1.27794e-06,-3.25742e-08,0.000199994
-0.680555,-0.171487,1.60062,-0.680082,-0.176238,1.60337,-0.00608825,-0.00248545,0.0267672,0.490485,0.000200015,3.62038e-10,-1.29082e-06,3.62038e-10,0.0002,-3.12244e-08,-1.29082e-06,-3.12244e-08,0.000199994
-0.680282,-0.166314,1.60009,-0.678876,-0.160404,1.59746,-0.00581504,0.00268713,0.0262374,0.294416,0.000200016,3.64856e-10,-1.29905e-06,3.64856e-10,0.0002,-3.07474e-08,-1.29905e-06,-3.07474e-08,0.000199994
-0.680049,-0.162235,1.59996,-0.678926,-0.160383,1.59742,-0.00558198,0.00676631,0.0261151,0.299492,0.000200016,3.32205e-10,-1.29422e-06,3.32205e-10,0.0002,-2.6669e-08,-1.29422e-06,-2.6669e-08,0.000199994
-0.679852,-0.158938,1.59935,-0.678873,-0.160215,1.59689,-0.00527531,0.000865596,0.0276692,0.284264,0.000200016,3.03508e-10,-1.29113e-06,3.03508e-10,0.0002,-2.37628e-08,-1.29113e-06,-2.37628e-08,0.000199994
-0.679676,-0.15623,1.59822,-0.678586,-0.159643,1.59579,-0.00509962,0.00357377,0.0265418,0.274112,0.000200015,3.31597e-10,-1.28217e-06,3.31597e-10,0.0002,-2.79913e-08,-1.28217e-06,-2.79913e-08,0.000199994
-0.679586,-0.15402,1.59676,-0.678541,-0.159101,1.59456,-0.00610027,-0.00381942,0.0224126,0.290538,0.000200015,4.29221e-10,-1.26597e-06,4.29221e-10,0.0002,-3.99421e-08,-1.26597e-06,-3.99421e-08,0.000199994
-0.679425,-0.151984,1.59569,-0.67842,-0.158514,1.59346,-0.00593986,-0.00178357,0.021337,0.271613,0.000200015,4.27936e-10,-1.27971e-06,4.27936e-10,0.0002,-3.75131e-08,-1.27971e-06,-3.75131e-08,0.000199994
-0.679851,-0.146559,1.59711,-0.681137,-0.13953,1.60385,-0.00636617,0.00364153,0.0227649,0.576332,0.000200015,4.21083e-10,-1.28851e-06,4.21083e-10,0.0002,-3.55751e-08,-1.28851e-06,-3.55751e-08,0.000199994
-0.680162,-0.142284,1.59891,-0.681193,-0.139645,1.60399,-0.00614545,0.00357746,0.0260957,0.571332,0.000200015,3.62625e-10,-1.28749e-06,3.62625e-10,0.0002,-2.83829e-08,-1.28749e-06,-2.83829e-08,0.000199994
-0.680456,-0.138841,1.60031,-0.681199,-0.139531,1.60385,-0.00644002,0.00701968,0.0274995,0.576332,0.000200015,3.80382e-10,-1.28663e-06,3.80382e-10,0.0002,-3.14126e-08,-1.28663e-06,-3.14126e-08,0.000199994
-0.680696,-0.13601,1.6008,-0.681311,-0.13925,1.6033,-0.0061588,0.000557168,0.0307344,0.571332,0.000200016,3.71387e-10,-1.28958e-06,3.71387e-10,0.0002,-3.03999e-08,-1.28958e-06,-3.03999e-08,0.000199994
-0.680876,-0.133706,1.60081,-0.681359,-0.138956,1.60288,-0.00633901,0.00286075,0.0307368,0.569301,0.000200015,3.34565e-10,-1.28816e-06,3.34565e-10,0.0002,-2.62994e-08,-1.28816e-06,-2.62994e-08,0.000199994
-0.68107,-0.131766,1.60072,-0.68139,-0.138678,1.60246,-0.00653272,0.00480038,0.030655,0.554301,0.000200016,3.66225e-10,-1.29385e-06,3.66225e-10,0.0002,-3.06806e-08,-1.29385e-06,-3.06806e-08,0.000199994
-0.681214,-0.126647,1.60014,-0.681362,-0.121054,1.59779,-0.0068237,0.000582267,0.0265479,0.590609,0.000200016,3.97465e-10,-1.30429e-06,3.97465e-10,0.0002,-3.38927e-08,-1.30429e-06,-3.38927e-08,0.000199994
-0.68137,-0.122596,1.60008,-0.681372,-0.121059,1.59779,-0.00698024,0.00463295,0.0264925,0.590609,0.000200016,4.76746e-10,-1.30397e-06,4.76746e-10,0.0002,-4.25155e-08,-1.30397e-06,-4.25155e-08,0.000199994
-0.681434,-0.119377,1.60012,-0.681387,-0.121068,1.5977,-0.00629315,-0.00144408,0.028634,0.588881,0.000200016,4.50039e-10,-1.30067e-06,4.50039e-10,0.0002,-3.77618e-08,-1.30067e-06,-3.77618e-08,0.000199994
-0.681437,-0.116736,1.59963,-0.681365,-0.120743,1.59713,-0.00629696,0.00119756,0.0281385,0.570807,0.000200016,3.66897e-10,-1.29876e-06,3.66897e-10,0.0002,-2.76939e-08,-1.29876e-06,-2.76939e-08,0.000199994
-0.681435,-0.114605,1.59891,-0.68135,-0.120443,1.59653,-0.00629472,0.00332831,0.0274162,0.57859,0.000200016,2.95087e-10,-1.29073e-06,2.95087e-10,0.0002,-2.07034e-08,-1.29073e-06,-2.07034e-08,0.000199994
-0.681344,-0.109033,1.59927,-0.680548,-0.101418,1.60177,-0.00740836,-0.00075355,0.0262797,0.440967,0.000200016,3.27189e-10,-1.29552e-06,3.27189e-10,0.0002,-2.63284e-08,-1.29552e-06,-2.63284e-08,0.000199994
-0.681217,-0.10454,1.59958,-0.680479,-0.101456,1.60184,-0.00728133,0.00373985,0.026586,0.445942,0.000200016,3.01491e-10,-1.30558e-06,3.01491e-10,0.0002,-2.34871e-08,-1.30558e-06,-2.34871e-08,0.000199994
-0.681141,-0.100951,1.60052,-0.680505,-0.101377,1.60171,-0.00678068,-0.00205018,0.0251297,0.435992,0.000200016,3.14214e-10,-1.3085e-06,3.14214e-10,0.0002,-2.55479e-08,-1.3085e-06,-2.55479e-08,0.000199994
-0.681022,-0.0980313,1.60106,-0.680324,-0.101029,1.60118,-0.00666223,0.000869592,0.0256741,0.410309,0.000200016,2.97823e-10,-1.30707e-06,2.97823e-10,0.0002,-2.37473e-08,-1.30707e-06,-2.37473e-08,0.000199994
-0.680882,-0.0956612,1.60128,-0.680206,-0.100755,1.60058,-0.00652227,0.00323972,0.0258871,0.404901,0.000200016,2.56159e-10,-1.30285e-06,2.56159e-10,0.0002,-1.92839e-08,-1.30285e-06,-1.92839e-08,0.000199994
-0.680716,-0.0937165,1.60077,-0.680046,-0.100409,1.5998,-0.00581789,-0.00420899,0.027804,0.394951,0.000200016,1.91805e-10,-1.29685e-06,1.91805e-10,0.0002,-1.27204e-08,-1.29685e-06,-1.27204e-08,0.000199994
-0.680528,-0.0883077,1.60139,-0.679632,-0.0812459,1.60438,-0.00562942,0.00119985,0.0284206,0.552956,0.000200016,1.70778e-10,-1.29631e-06,1.70778e-10,0.0002,-1.18501e-08,-1.29631e-06,-1.18501e-08,0.000199994
-0.680415,-0.0839623,1.60213,-0.679599,-0.0813602,1.6046,-0.00675326,-0.00329614,0.0268652,0.552956,0.000200016,2.20112e-10,-1.30256e-06,2.20112e-10,0.0002,-1.87138e-08,-1.30256e-06,-1.87138e-08,0.000199994
-0.680228,-0.0804333,1.60256,-0.679332,-0.080891,1.60373,-0.00656602,0.000232831,0.027286,0.552956,0.000200016,2.03133e-10,-1.29996e-06,2.03133e-10,0.0002,-1.64413e-08,-1.29996e-06,-1.64413e-08,0.000199994
-0.68,-0.0775632,1.60312,-0.678955,-0.0804436,1.60282,-0.00633833,0.00310298,0.027854,0.549547,0.000200016,1.90474e-10,-1.29149e-06,1.90474e-10,0.0002,-1.5204e-08,-1.29149e-06,-1.5204e-08,0.000199994
-0.679736,-0.0750799,1.60322,-0.67843,-0.0798233,1.60153,-0.00474669,-0.00345907,0.0314771,0.534395,0.000200016,2.15162e-10,-1.29616e-06,2.15162e-10,0.0002,-1.83504e-08,-1.29616e-06,-1.83504e-08,0.000199994
-0.680039,-0.0696484,1.60553,-0.680921,-0.0623851,1.61479,-0.00505001,0.0019724,0.033793,0.622266,0.000200016,2.30742e-10,-1.29235e-06,2.30742e-10,0.0002,-1.99441e-08,-1.29235e-06,-1.99441e-08,0.000199994
-0.68028,-0.0653453,1.60692,-0.680997,-0.0624921,1.61505,-0.00529071,0.00627557,0.0351791,0.61809,0.000200016,2.1903e-10,-1.28661e-06,2.1903e-10,0.0002,-1.82192e-08,-1.28661e-06,-1.82192e-08,0.000199994
-0.680563,-0.0617749,1.60829,-0.681105,-0.0623724,1.61481,-0.0057643,0.00503831,0.0331706,0.622266,0.000200016,3.10315e-10,-1.29956e-06,3.10315e-10,0.0002,-2.87439e-08,-1.29956e-06,-2.87439e-08,0.000199994
-0.680728,-0.0588538,1.60982,-0.681108,-0.0621664,1.61438,-0.0059295,0.00795938,0.0347005,0.617241,0.000200016,3.06025e-10,-1.31161e-06,3.06025e-10,0.0002,-2.63672e-08,-1.31161e-06,-2.63672e-08,0.000199994
-0.680856,-0.0565726,1.61137,-0.681097,-0.0620195,1.61393,-0.00605738,0.0102406,0.0362477,0.592115,0.000200016,3.01853e-10,-1.3057e-06,3.01853e-10,0.0002,-2.52852e-08,-1.3057e-06,-2.52852e-08,0.000199994
-0.68098,-0.0546862,1.61244,-0.681083,-0.061814,1.61362,-0.00672917,-0.00216004,0.0383205,0.602663,0.000200016,3.34176e-10,-1.30516e-06,3.34176e-10,0.0002,-2.87948e-08,-1.30516e-06,-2.87948e-08,0.000199994
-0.681368,-0.0499191,1.61179,-0.682872,-0.0452188,1.60969,-0.00711742,0.00260704,0.0376695,0.650928,0.000200016,2.67791e-10,-1.29504e-06,2.67791e-10,0.0002,-2.04947e-08,-1.29504e-06,-2.04947e-08,0.000199994
-0.681779,-0.046108,1.61083,-0.68295,-0.0452141,1.60956,-0.00700546,0.00149404,0.0327172,0.635928,0.000200016,3.25223e-10,-1.28801e-06,3.25223e-10,0.0002,-2.82474e-08,-1.28801e-06,-2.82474e-08,0.000199994
-0.682096,-0.0429422,1.61012,-0.682988,-0.0451657,1.60934,-0.00732274,0.00465982,0.0320066,0.630928,0.000200016,3.4863e-10,-1.30067e-06,3.4863e-10,0.0002,-3.00982e-08,-1.30067e-06,-3.00982e-08,0.000199994
-0.682466,-0.0403362,1.60982,-0.683033,-0.0450967,1.60916,-0.00826503,-0.00173101,0.0322229,0.640928,0.000200016,5.17733e-10,-1.3183e-06,5.17733e-10,0.0002,-4.85323e-08,-1.3183e-06,-4.85323e-08,0.000199994
-0.682696,-0.0383089,1.60988,-0.683042,-0.0450788,1.60909,-0.00849515,0.000296224,0.0322838,0.640928,0.000200016,5.57711e-10,-1.31979e-06,5.57711e-10,0.0002,-4.9773e-08,-1.31979e-06,-4.9773e-08,0.000199994
-0.683258,-0.032713,1.61257,-0.685169,-0.0251116,1.62175,-0.00905663,0.00589215,0.0349709,0.404122,0.000200016,4.9542e-10,-1.31774e-06,4.9542e-10,0.0002,-4.03214e-08,-1.31774e-06,-4.03214e-08,0.000199994
-0.683724,-0.028315,1.61442,-0.685138,-0.0251816,1.62181,-0.00892557,0.00031332,0.0350515,0.404998,0.000200016,4.75611e-10,-1.30606e-06,4.75611e-10,0.0002,-3.8334e-08,-1.30606e-06,-3.8334e-08,0.000199994
-0.684165,-0.0248199,1.61581,-0.685146,-0.0251774,1.62186,-0.00936622,0.00380841,0.0364367,0.404998,0.000200016,5.51266e-10,-1.29472e-06,5.51266e-10,0.0002,-4.79106e-08,-1.29472e-06,-4.79106e-08,0.000199994
-0.684489,-0.0219134,1.61683,-0.68519,-0.0250597,1.62144,-0.00972696,-0.00256473,0.039892,0.399998,0.000200016,5.68394e-10,-1.30133e-06,5.68394e-10,0.0002,-4.84863e-08,-1.30133e-06,-4.84863e-08,0.000199994
-0.68483,-0.0194829,1.61763,-0.685258,-0.0248361,1.62082,-0.0100675,-0.000134154,0.0406909,0.389998,0.000200016,6.80364e-10,-1.31528e-06,6.80364e-10,0.0002,-6.00694e-08,-1.31528e-06,-6.00694e-08,0.000199994
-0.685056,-0.0175222,1.61867,-0.685351,-0.0246635,1.62024,-0.00954846,-0.00748072,0.0390521,0.394998,0.000200016,6.83957e-10,-1.32124e-06,6.83957e-10,0.0002,-5.78201e-08,-1.32124e-06,-5.78201e-08,0.000199994
-0.684899,-0.0120996,1.61833,-0.684023,-0.00509076,1.61488,-0.00939164,-0.0020581,0.0387054,0.59901,0.000200016,5.91433e-10,-1.31534e-06,5.91433e-10,0.0002,-4.6126e-08,-1.31534e-06,-4.6126e-08,0.000199994
-0.684856,-0.00781102,1.61768,-0.684131,-0.0050047,1.6146,-0.0093483,0.00223044,0.0380625,0.60396,0.000200016,5.94228e-10,-1.30088e-06,5.94228e-10,0.0002,-4.80085e-08,-1.30088e-06,-4.80085e-08,0.000199994
-0.684885,-0.00433056,1.61671,-0.684233,-0.00495931,1.61439,-0.00922684,-0.00429425,0.0399023,0.59914,0.000200016,6.55793e-10,-1.29813e-06,6.55793e-10,0.0002,-5.57961e-08,-1.29813e-06,-5.57961e-08,0.000199994
-0.684961,-0.00140551,1.61573,-0.684373,-0.00478295,1.61386,-0.00930249,-0.0013692,0.0389171,0.589239,0.000200016,7.43299e-10,-1.31325e-06,7.43299e-10,0.0002,-6.44401e-08,-1.31325e-06,-6.44401e-08,0.000199994
-0.685085,0.00099414,1.61513,-0.684595,-0.00458734,1.61327,-0.0100154,-0.00814377,0.0371025,0.59419,0.000200016,8.42305e-10,-1.32618e-06,8.42305e-10,0.0002,-7.32363e-08,-1.32618e-06,-7.32363e-08,0.000199994
-0.685206,0.00685212,1.61522,-0.685026,0.015409,1.61556,-0.0101362,-0.00228579,0.0371871,0.544118,0.000200016,8.19341e-10,-1.32473e-06,8.19341e-10,0.0002,-6.79876e-08,-1.32473e-06,-6.79876e-08,0.000199994
-0.685345,0.0114295,1.61545,-0.685272,0.0155013,1.61533,-0.0102758,0.00229159,0.0374172,0.544118,0.000200016,7.82579e-10,-1.30339e-06,7.82579e-10,0.0002,-6.38799e-08,-1.30339e-06,-6.38799e-08,0.000199994
-0.685427,0.0151631,1.61547,-0.685424,0.0155268,1.61504,-0.00984179,0.000978997,0.0351394,0.544118,0.000200016,6.7438e-10,-1.30039e-06,6.7438e-10,0.0002,-5.15544e-08,-1.30039e-06,-5.15544e-08,0.000199994
-0.685611,0.0182023,1.61499,-0.685586,0.015595,1.61461,-0.0100263,0.0040182,0.0346564,0.529412,0.000200016,7.07992e-10,-1.30467e-06,7.07992e-10,0.0002,-5.73362e-08,-1.30467e-06,-5.73362e-08,0.000199994
-0.685805,0.0207322,1.61465,-0.685819,0.0158744,1.6138,-0.0103587,-0.00248402,0.0372866,0.534314,0.000200016,7.41837e-10,-1.31422e-06,7.41837e-10,0.0002,-6.12304e-08,-1.31422e-06,-6.12304e-08,0.000199994
-0.686014,0.0228819,1.61391,-0.686088,0.0162908,1.61254,-0.0105675,-0.000334256,0.0365547,0.534314,0.000200016,7.72345e-10,-1.32714e-06,7.72345e-10,0.0002,-6.37315e-08,-1.32714e-06,-6.37315e-08,0.000199994
-0.686127,0.0282229,1.61398,-0.686114,0.0347031,1.61837,-0.0106807,0.00500672,0.0366164,0.49505,0.000200016,6.93714e-10,-1.32568e-06,6.93714e-10,0.0002,-5.40317e-08,-1.32568e-06,-5.40317e-08,0.000199994
-0.686277,0.0324511,1.61443,-0.68621,0.0347017,1.61833,-0.0108781,-0.000351011,0.0379825,0.485149,0.000200016,6.86988e-10,-1.31764e-06,6.86988e-10,0.0002,-5.46098e-08,-1.31764e-06,-5.46098e-08,0.000199994
-0.686403,0.0359006,1.6137,-0.686336,0.0349257,1.6175,-0.0110039,0.00309847,0.0372514,0.480198,0.000200016,6.53256e-10,-1.31605e-06,6.53256e-10,0.0002,-5.139e-08,-1.31605e-06,-5.139e-08,0.000199994
-0.686527,0.0388268,1.61266,-0.686474,0.0357579,1.6152,-0.0103572,-0.00397206,0.0327462,0.509901,0.000200016,6.244e-10,-1.31505e-06,6.244e-10,0.0002,-4.89836e-08,-1.31505e-06,-4.89836e-08,0.000199994
-0.686694,0.0413101,1.61176,-0.686638,0.0366901,1.61281,-0.0105244,-0.00148876,0.0318459,0.524752,0.000200016,6.54365e-10,-1.30734e-06,6.54365e-10,0.0002,-5.37181e-08,-1.30734e-06,-5.37181e-08,0.000199994
-0.686853,0.0434969,1.61102,-0.686782,0.0374773,1.61066,-0.0106838,0.00069806,0.0311088,0.529703,0.000200016,6.82464e-10,-1.30921e-06,6.82464e-10,0.0002,-5.68441e-08,-1.30921e-06,-5.68441e-08,0.000199994
-0.687008,0.048725,1.61238,-0.687001,0.0549735,1.61678,-0.0108805,-0.00326418,0.0375386,0.460396,0.000200016,6.73751e-10,-1.30714e-06,6.73751e-10,0.0002,-5.53863e-08,-1.30714e-06,-5.53863e-08,0.000199994
-0.687166,0.0528895,1.61373,-0.687161,0.0548843,1.61707,-0.0110385,0.000900332,0.0388909,0.455446,0.000200016,6.7267e-10,-1.30579e-06,6.7267e-10,0.0002,-5.52128e-08,-1.30579e-06,-5.52128e-08,0.000199994
-0.687274,0.0562395,1.61476,-0.68727,0.0549676,1.6168,-0.0112155,-0.00542551,0.0439379,0.455446,0.000200016,6.18963e-10,-1.30519e-06,6.18963e-10,0.0002,-4.89362e-08,-1.30519e-06,-4.89362e-08,0.000199994
-0.687448,0.0589318,1.61455,-0.687403,0.0553614,1.61526,-0.0113899,-0.00273328,0.0437273,0.460396,0.000200016,6.56592e-10,-1.29416e-06,6.56592e-10,0.0002,-5.47315e-08,-1.29416e-06,-5.47315e-08,0.000199994
-0.687567,0.0612979,1.61403,-0.687507,0.0559882,1.61353,-0.0115089,-0.000367163,0.0432141,0.475248,0.000200016,6.38678e-10,-1.30101e-06,6.38678e-10,0.0002,-5.21338e-08,-1.30101e-06,-5.21338e-08,0.000199994
-0.687394,0.067002,1.61123,-0.686028,0.0748374,1.60159,-0.0113517,0.000758236,0.0412526,0.370403,0.000200016,6.85214e-10,-1.3119e-06,6.85214e-10,0.0002,-5.73206e-08,-1.3119e-06,-5.73206e-08,0.000199994
-0.687288,0.0716002,1.60941,-0.686321,0.0748998,1.60108,-0.0112454,0.00535643,0.0394283,0.356049,0.000200016,6.86914e-10,-1.32246e-06,6.86914e-10,0.0002,-5.63453e-08,-1.32246e-06,-5.63453e-08,0.000199994
-0.687185,0.0752233,1.60822,-0.686371,0.074937,1.60091,-0.0110808,-0.0005066,0.0397145,0.360834,0.000200016,6.4466e-10,-1.31918e-06,6.4466e-10,0.0002,-5.12263e-08,-1.31918e-06,-5.12263e-08,0.000199994
-0.687166,0.078145,1.60702,-0.686481,0.0750606,1.60064,-0.0110613,0.00241513,0.0385073,0.368421,0.000200016,6.63608e-10,-1.31685e-06,6.63608e-10,0.0002,-5.40698e-08,-1.31685e-06,-5.40698e-08,0.000199994
-0.687066,0.0804438,1.60521,-0.686609,0.0751674,1.60004,-0.0109611,0.0047139,0.0366981,0.349282,0.000200016,5.18399e-10,-1.3058e-06,5.18399e-10,0.0002,-3.75212e-08,-1.3058e-06,-3.75212e-08,0.000199994
-0.687123,0.0824687,1.60254,-0.686983,0.0757887,1.59858,-0.0105527,-0.00732959,0.0292368,0.349282,0.000200016,4.84943e-10,-1.30861e-06,4.84943e-10,0.0002,-3.60916e-08,-1.30861e-06,-3.60916e-08,0.000199994
-0.687506,0.087898,1.60111,-0.688527,0.0947339,1.60573,-0.0109355,-0.00190028,0.0278072,0.594981,0.000200016,4.78109e-10,-1.31375e-06,4.78109e-10,0.0002,-3.69861e-08,-1.31375e-06,-3.69861e-08,0.000199994
-0.687749,0.0923033,1.59934,-0.688536,0.0949269,1.60518,-0.0111783,0.0025051,0.0260356,0.600846,0.000200016,3.79805e-10,-1.32074e-06,3.79805e-10,0.0002,-2.64557e-08,-1.32074e-06,-2.64557e-08,0.000199994
-0.688058,0.0958804,1.59799,-0.688608,0.0953123,1.60399,-0.0115052,-0.00337552,0.0266705,0.597589,0.000200016,4.43237e-10,-1.32138e-06,4.43237e-10,0.0002,-3.59755e-08,-1.32138e-06,-3.59755e-08,0.000199994
-0.688319,0.0989068,1.59714,-0.688704,0.0961351,1.60203,-0.011766,-0.000349132,0.025823,0.594567,0.000200016,4.94125e-10,-1.3218e-06,4.94125e-10,0.0002,-4.17974e-08,-1.3218e-06,-4.17974e-08,0.000199994
-0.688545,0.101588,1.5965,-0.688804,0.0970112,1.60014,-0.0119922,0.0023324,0.0251809,0.607921,0.000200017,5.4007e-10,-1.33569e-06,5.4007e-10,0.0002,-4.57036e-08,-1.33569e-06,-4.57036e-08,0.000199994
-0.688636,0.103765,1.59622,-0.688917,0.0976858,1.59873,-0.0118341,-0.00548231,0.0298434,0.633012,0.000200016,4.18486e-10,-1.32798e-06,4.18486e-10,0.0002,-3.0773e-08,-1.32798e-06,-3.0773e-08,0.000199994
-0.688163,0.10891,1.59774,-0.686379,0.114911,1.60436,-0.0113614,-0.000337339,0.0313643,0.496122,0.000200016,2.62127e-10,-1.31642e-06,2.62127e-10,0.0002,-1.44771e-08,-1.31642e-06,-1.44771e-08,0.000199994
-0.687806,0.112874,1.59956,-0.686267,0.114584,1.60527,-0.0115248,-0.00474721,0.0354374,0.486862,0.000200016,2.03938e-10,-1.29524e-06,2.03938e-10,0.0002,-1.14307e-08,-1.29524e-06,-1.14307e-08,0.000199994
-0.687543,0.116109,1.60133,-0.686255,0.114584,1.60532,-0.0112618,-0.00151257,0.0372096,0.496122,0.000200016,2.03362e-10,-1.29178e-06,2.03362e-10,0.0002,-1.4181e-08,-1.29178e-06,-1.4181e-08,0.000199994
-0.687386,0.11883,1.60181,-0.686396,0.114935,1.60426,-0.0111055,0.0012086,0.0376901,0.496122,0.000200016,2.4258e-10,-1.29966e-06,2.4258e-10,0.0002,-2.00543e-08,-1.29966e-06,-2.00543e-08,0.000199994
-0.687326,0.121181,1.6019,-0.686499,0.115387,1.60279,-0.0110451,0.0035596,0.0377817,0.498174,0.000200016,3.42289e-10,-1.3181e-06,3.42289e-10,0.0002,-3.1264e-08,-1.3181e-06,-3.1264e-08,0.000199994
-0.687053,0.126678,1.60173,-0.685795,0.133877,1.60466,-0.0102884,0.00451802,0.0438963,0.418919,0.000200016,2.95336e-10,-1.31671e-06,2.95336e-10,0.0002,-2.40873e-08,-1.31671e-06,-2.40873e-08,0.000199994
-0.686824,0.131026,1.6018,-0.685756,0.133845,1.6047,-0.0104418,-0.000622233,0.0437518,0.414414,0.000200016,2.53559e-10,-1.30902e-06,2.53559e-10,0.0002,-1.93276e-08,-1.30902e-06,-1.93276e-08,0.000199994
-0.686606,0.134483,1.6028,-0.685692,0.13384,1.60474,-0.0102231,0.00283471,0.0447524,0.418919,0.000200016,1.95288e-10,-1.3008e-06,1.95288e-10,0.0002,-1.33508e-08,-1.3008e-06,-1.33508e-08,0.000199994
-0.686491,0.137306,1.60358,-0.685668,0.134031,1.60413,-0.0101586,-0.00398384,0.043954,0.40991,0.000200016,2.42963e-10,-1.29861e-06,2.42963e-10,0.0002,-2.03644e-08,-1.29861e-06,-2.03644e-08,0.000199994
-0.686396,0.13974,1.60352,-0.685637,0.134487,1.60274,-0.0100635,-0.00154921,0.0438882,0.414414,0.000200016,2.8958e-10,-1.3108e-06,2.8958e-10,0.0002,-2.54242e-08,-1.3108e-06,-2.54242e-08,0.000199994
-0.686313,0.141901,1.60266,-0.685608,0.13534,1.60078,-0.00998108,0.000611632,0.043029,0.418919,0.000200016,3.27481e-10,-1.32542e-06,3.27481e-10,0.0002,-2.86026e-08,-1.32542e-06,-2.86026e-08,0.000199994
-0.686231,0.147322,1.60153,-0.685554,0.154012,1.59857,-0.00898748,-0.00374354,0.0383696,0.318584,0.000200016,3.49766e-10,-1.32798e-06,3.49766e-10,0.0002,-3.00045e-08,-1.32798e-06,-3.00045e-08,0.000199994
-0.686143,0.151692,1.60025,-0.685555,0.15407,1.59826,-0.00889932,0.000626465,0.0370943,0.318584,0.000200016,3.31462e-10,-1.33314e-06,3.31462e-10,0.0002,-2.68738e-08,-1.33314e-06,-2.68738e-08,0.000199994
-0.686041,0.155128,1.5995,-0.685531,0.154087,1.59804,-0.00948149,-0.00443085,0.0407702,0.314159,0.000200016,2.78043e-10,-1.32634e-06,2.78043e-10,0.0002,-2.0743e-08,-1.32634e-06,-2.0743e-08,0.000199994
-0.68595,0.15791,1.59961,-0.685496,0.154249,1.59745,-0.00939001,-0.00164931,0.0408762,0.318584,0.000200016,2.36981e-10,-1.32199e-06,2.36981e-10,0.0002,-1.69522e-08,-1.32199e-06,-1.69522e-08,0.000199994
-0.685921,0.160184,1.59933,-0.685507,0.154502,1.5967,-0.00936103,0.00062538,0.0406042,0.314159,0.000200016,2.63963e-10,-1.31901e-06,2.63963e-10,0.0002,-2.12575e-08,-1.31901e-06,-2.12575e-08,0.000199994
-0.686209,0.166081,1.60217,-0.686942,0.174675,1.61402,-0.00925377,0.00149797,0.0394796,0.828045,0.000200016,2.8628e-10,-1.32391e-06,2.8628e-10,0.0002,-2.38328e-08,-1.32391e-06,-2.38328e-08,0.000199994
-0.686405,0.170645,1.60481,-0.68673,0.173911,1.61587,-0.00944921,0.00606198,0.0421175,0.823626,0.000200016,3.16005e-10,-1.32702e-06,3.16005e-10,0.0002,-2.68412e-08,-1.32702e-06,-2.68412e-08,0.000199994
-0.686545,0.174264,1.60684,-0.686623,0.173749,1.61652,-0.00991051,-0.0048412,0.0472689,0.857237,0.000200016,3.49109e-10,-1.32898e-06,3.49109e-10,0.0002,-2.99079e-08,-1.32898e-06,-2.99079e-08,0.000199994
-0.686586,0.177126,1.60861,-0.686685,0.173784,1.61622,-0.00995132,-0.00197875,0.0490413,0.831479,0.000200016,2.62361e-10,-1.32389e-06,2.62361e-10,0.0002,-1.91204e-08,-1.32389e-06,-1.91204e-08,0.000199994
-0.686652,0.179421,1.61069,-0.686746,0.17392,1.6159,-0.010018,0.000316529,0.05112,0.823626,0.000200016,2.31721e-10,-1.3171e-06,2.31721e-10,0.0002,-1.67537e-08,-1.3171e-06,-1.67537e-08,0.000199994
-0.686771,0.181337,1.61185,-0.686833,0.174112,1.61546,-0.0101989,-0.00297177,0.048992,0.829662,0.000200016,2.77227e-10,-1.31927e-06,2.77227e-10,0.0002,-2.30467e-08,-1.31927e-06,-2.30467e-08,0.000199994
-0.686414,0.186914,1.60802,-0.684484,0.194133,1.59376,-0.00984177,0.00260601,0.0451625,0.44958,0.000200016,3.80268e-10,-1.32718e-06,3.80268e-10,0.0002,-3.44596e-08,-1.32718e-06,-3.44596e-08,0.000199994
-0.686075,0.191323,1.60461,-0.684367,0.194179,1.59356,-0.00908233,-0.00283416,0.0452992,0.445895,0.000200016,4.08999e-10,-1.32224e-06,4.08999e-10,0.0002,-3.59528e-08,-1.32224e-06,-3.59528e-08,0.000199994
-0.68572,0.194884,1.60176,-0.684289,0.194229,1.59349,-0.00872703,0.000726368,0.0424524,0.445895,0.000200016,3.27899e-10,-1.32286e-06,3.27899e-10,0.0002,-2.51413e-08,-1.32286e-06,-2.51413e-08,0.000199994
-0.685455,0.19769,1.59967,-0.684205,0.194239,1.59338,-0.00846202,0.00353283,0.0403596,0.445895,0.000200016,3.07154e-10,-1.31625e-06,3.07154e-10,0.0002,-2.35845e-08,-1.31625e-06,-2.35845e-08,0.000199994
-0.685187,0.199932,1.59866,-0.684059,0.194325,1.59308,-0.00820879,-0.00360087,0.0420603,0.441694,0.000200016,2.56383e-10,-1.30873e-06,2.56383e-10,0.0002,-1.85294e-08,-1.30873e-06,-1.85294e-08,0.000199994
-0.685004,0.205757,1.59823,-0.6842,0.214056,1.59496,-0.00802586,0.00222389,0.0416297,0.371927,0.000200016,2.1798e-10,-1.31753e-06,2.1798e-10,0.0002,-1.5208e-08,-1.31753e-06,-1.5208e-08,0.000199994
-0.68482,0.210421,1.59725,-0.684225,0.21407,1.5949,-0.00750229,-0.00259839,0.0427833,0.36776,0.000200016,1.24882e-10,-1.32335e-06,1.24882e-10,0.0002,-5.69904e-09,-1.32335e-06,-5.69904e-09,0.000199994
-0.684588,0.214262,1.59596,-0.68411,0.214083,1.59492,-0.00727055,0.00124306,0.0414875,0.36776,0.000200017,-4.07287e-11,-1.34433e-06,-4.07287e-11,0.0002,1.094e-08,-1.34433e-06,1.094e-08,0.000199994
-0.684377,0.217246,1.59447,-0.684003,0.214062,1.59472,-0.00705974,0.00422694,0.0399978,0.35758,0.000200017,-1.80232e-10,-1.34413e-06,-1.80232e-10,0.0002,2.28121e-08,-1.34413e-06,2.28121e-08,0.000199994
-0.684256,0.219633,1.59352,-0.683939,0.214179,1.59439,-0.00733473,-0.00293396,0.0341704,0.352523,0.000200017,-2.00299e-10,-1.34034e-06,-2.00299e-10,0.0002,2.08123e-08,-1.34034e-06,2.08123e-08,0.000199994
-0.684135,0.221549,1.59296,-0.68373,0.214315,1.59382,-0.00721358,-0.00101843,0.0336094,0.34419,0.000200017,-1.83189e-10,-1.33444e-06,-1.83189e-10,0.0002,1.64733e-08,-1.33444e-06,1.64733e-08,0.000199994
-0.68411,0.226922,1.5932,-0.68453,0.233719,1.59414,-0.00758181,-0.00496286,0.0363569,0.489484,0.000200016,-2.84607e-10,-1.32416e-06,-2.84607e-10,0.0002,2.73542e-08,-1.32416e-06,2.73542e-08,0.000199994
-0.684135,0.231309,1.59339,-0.684527,0.233746,1.59416,-0.00760654,-0.000575247,0.0365496,0.493582,0.000200017,-3.02933e-10,-1.33105e-06,-3.02933e-10,0.0002,2.70965e-08,-1.33105e-06,2.70965e-08,0.000199994
-0.684175,0.234752,1.59323,-0.684526,0.233731,1.59415,-0.00764676,0.00286752,0.036392,0.485385,0.000200016,-2.8588e-10,-1.32517e-06,-2.8588e-10,0.0002,2.38503e-08,-1.32517e-06,2.38503e-08,0.000199994
-0.684164,0.237514,1.59291,-0.684524,0.233766,1.59418,-0.00799525,-0.00387461,0.0408653,0.501232,0.000200016,-3.31386e-10,-1.32155e-06,-3.31386e-10,0.0002,2.87748e-08,-1.32155e-06,2.87748e-08,0.000199994
-0.684111,0.239729,1.59284,-0.684518,0.23379,1.59413,-0.00794198,-0.00165915,0.0407994,0.498804,0.000200016,-4.2604e-10,-1.31938e-06,-4.2604e-10,0.0002,3.87635e-08,-1.31938e-06,3.87635e-08,0.000199994
-0.683763,0.241431,1.59338,-0.684496,0.23383,1.59398,-0.00767704,-0.00922755,0.039938,0.494706,0.000200016,-9.03707e-10,-1.30547e-06,-9.03707e-10,0.0002,9.27586e-08,-1.30547e-06,9.27586e-08,0.000199994
-0.68307,0.246743,1.594,-0.683606,0.254085,1.59336,-0.00698401,-0.00391611,0.0405585,0.463115,0.000200016,-1.57502e-09,-1.28049e-06,-1.57502e-09,0.0002,1.64711e-07,-1.28049e-06,1.64711e-07,0.000199994
-0.682183,0.250642,1.59417,-0.683572,0.254106,1.59328,-0.00609683,-1.66454e-05,0.0407294,0.463115,0.000200014,-2.41835e-09,-1.2079e-06,-2.41835e-09,0.0002,2.63056e-07,-1.2079e-06,2.63056e-07,0.000199994
-0.680821,0.253038,1.59459,-0.683482,0.254136,1.59316,-0.00552445,-0.00743055,0.0409234,0.45082,0.000200012,-3.46105e-09,-1.04483e-06,-3.46105e-09,0.000200001,4.27322e-07,-1.04483e-06,4.27322e-07,0.000199995
-0.679521,0.254614,1.59491,-0.683107,0.254121,1.59306,-0.00422467,-0.00585424,0.0412415,0.438525,0.000200009,-4.01043e-09,-8.86648e-07,-4.01043e-09,0.000200002,5.54089e-07,-8.86648e-07,5.54089e-07,0.000199995
-0.678457,0.255647,1.59545,-0.682695,0.254161,1.59294,-0.0063065,-0.0118206,0.0465524,0.430328,0.000200007,-4.06625e-09,-7.47929e-07,-4.06625e-09,0.000200003,6.25806e-07,-7.47929e-07,6.25806e-07,0.000199996
-0.676109,0.259725,1.59649,-0.675994,0.271784,1.59125,-0.00395845,-0.00774354,0.0475853,0.620433,0.000200005,-3.92e-09,-6.16029e-07,-3.92e-09,0.000200004,6.96406e-07,-6.16029e-07,6.96406e-07,0.000199996
-0.674094,0.262838,1.5976,-0.675856,0.271773,1.59117,-0.00194313,-0.00462987,0.0487049,0.621464,0.000200004,-3.6701e-09,-5.08704e-07,-3.6701e-09,0.000200005,7.5908e-07,-5.08704e-07,7.5908e-07,0.000199997
-0.672306,0.265187,1.59878,-0.675737,0.271783,1.59099,-0.00243877,-0.00435572,0.0488553,0.62069,0.000200003,-3.369e-09,-4.1739e-07,-3.369e-09,0.000200006,8.23544e-07,-4.1739e-07,8.23544e-07,0.000199997
-0.670791,0.267004,1.59997,-0.675426,0.271791,1.59073,-0.000923705,-0.00253823,0.0500474,0.616658,0.000200002,-3.04723e-09,-3.49377e-07,-3.04723e-09,0.000200006,8.6838e-07,-3.49377e-07,8.6838e-07,0.000199997
-0.669623,0.268314,1.60018,-0.675343,0.271813,1.59064,-0.00476813,-0.00318766,0.0426386,0.616658,0.000200001,-2.62091e-09,-2.81812e-07,-2.62091e-09,0.000200007,8.87603e-07,-2.81812e-07,8.87603e-07,0.000199997
-0.666192,0.270296,1.60013,-0.662734,0.275763,1.58696,-0.00133682,-0.00120548,0.0425868,0.444687,0.000200001,-2.42023e-09,-2.62555e-07,-2.42023e-09,0.000200007,8.95677e-07,-2.62555e-07,8.95677e-07,0.000199997
-0.663413,0.271914,1.59987,-0.662458,0.275823,1.58641,0.00144166,0.000412488,0.042332,0.444687,0.000200001,-2.28904e-09,-2.53463e-07,-2.28904e-09,0.000200007,8.97347e-07,-2.53463e-07,8.97347e-07,0.000199997
-0.66112,0.273306,1.59982,-0.662092,0.275889,1.58612,-0.00203758,0.000556193,0.035686,0.418733,0.000200001,-2.27672e-09,-2.61251e-07,-2.27672e-09,0.000200007,8.97974e-07,-2.61251e-07,8.97974e-07,0.000199997
-0.659143,0.274428,1.59949,-0.661384,0.275936,1.58577,-6.07324e-05,0.00167883,0.0353628,0.408499,0.000200001,-2.27548e-09,-2.66134e-07,-2.27548e-09,0.000200007,8.98407e-07,-2.66134e-07,8.98407e-07,0.000199997
-0.657221,0.275168,1.59836,-0.660768,0.275966,1.58553,-0.00371639,0.00112162,0.0222484,0.408388,0.000200001,-2.178e-09,-2.42652e-07,-2.178e-09,0.000200008,9.33671e-07,-2.42652e-07,9.33671e-07,0.000199997
-0.655513,0.275767,1.59699,-0.660553,0.275993,1.58531,-0.00200859,0.00172061,0.0208825,0.412572,0.000200001,-2.12804e-09,-2.27625e-07,-2.12804e-09,0.000200009,9.7677e-07,-2.27625e-07,9.7677e-07,0.000199997
-0.651619,0.276879,1.60044,-0.646828,0.279276,1.6111,0.00188572,0.00283234,0.0243268,0.577836,0.0002,-1.98484e-09,-2.09474e-07,-1.98484e-09,0.000200009,9.7067e-07,-2.09474e-07,9.7067e-07,0.000199997
-0.648414,0.277879,1.60269,-0.646681,0.279262,1.61116,-0.000836189,0.00312844,0.017516,0.574538,0.0002,-2.00441e-09,-2.16136e-07,-2.00441e-09,0.000200009,9.76285e-07,-2.16136e-07,9.76285e-07,0.000199997
-0.645753,0.279129,1.60397,-0.64622,0.279264,1.61118,0.00182528,0.00437905,0.0188005,0.570601,0.000200001,-2.49056e-09,-2.9251e-07,-2.49056e-09,0.000200009,9.80906e-07,-2.9251e-07,9.80906e-07,0.000199997
-0.643582,0.280617,1.60511,-0.645814,0.27925,1.6112,-0.00077573,0.00610595,0.0163959,0.574383,0.000200001,-3.37066e-09,-4.20014e-07,-3.37066e-09,0.000200009,9.77676e-07,-4.20014e-07,9.77676e-07,0.000199996
-0.641707,0.28205,1.6055,-0.645393,0.279276,1.61121,0.00109874,0.00753928,0.0167885,0.580065,0.000200002,-4.32894e-09,-5.39542e-07,-4.32894e-09,0.000200009,9.84453e-07,-5.39542e-07,9.84453e-07,0.000199996
-0.640104,0.283328,1.60581,-0.64527,0.279279,1.61118,0.00270239,0.00881758,0.0170964,0.571666,0.000200003,-5.2582e-09,-6.37045e-07,-5.2582e-09,0.000200009,1.0016e-06,-6.37045e-07,1.0016e-06,0.000199996
-0.637686,0.284748,1.60665,-0.638917,0.280227,1.61109,0.00206846,0.00945481,0.0166114,0.565885,0.000200004,-6.08993e-09,-7.3315e-07,-6.08993e-09,0.000200009,9.90666e-07,-7.3315e-07,9.90666e-07,0.000199995
-0.635697,0.285957,1.60719,-0.638734,0.280264,1.61089,0.00405713,0.0106636,0.0171454,0.553807,0.000200005,-6.78632e-09,-8.05229e-07,-6.78632e-09,0.000200009,9.86473e-07,-8.05229e-07,9.86473e-07,0.000199995
-0.634105,0.286962,1.60779,-0.638294,0.280257,1.61076,0.000498843,0.00922657,0.0265239,0.542134,0.000200006,-7.26099e-09,-8.57946e-07,-7.26099e-09,0.000200009,9.69671e-07,-8.57946e-07,9.69671e-07,0.000199995
-0.632787,0.287749,1.60796,-0.63796,0.280277,1.61071,0.0018174,0.0100137,0.0266902,0.553228,0.000200007,-7.55501e-09,-8.88233e-07,-7.55501e-09,0.000200009,9.55565e-07,-8.88233e-07,9.55565e-07,0.000199994
-0.631628,0.288443,1.60839,-0.637752,0.280267,1.61064,-0.00245395,0.0067566,0.0276204,0.549902,0.000200007,-7.88203e-09,-9.18382e-07,-7.88203e-09,0.000200009,9.56173e-07,-9.18382e-07,9.56173e-07,0.000199994
-0.629423,0.290554,1.60863,-0.631038,0.288165,1.61064,-0.000248455,0.00886807,0.0278631,0.771921,0.000200008,-8.03532e-09,-9.33998e-07,-8.03532e-09,0.000200008,9.4638e-07,-9.33998e-07,9.4638e-07,0.000199994
-0.627639,0.29212,1.60903,-0.630964,0.288186,1.61064,0.00153548,0.0104338,0.0282637,0.779583,0.000200008,-8.01692e-09,-9.23755e-07,-8.01692e-09,0.000200008,9.40712e-07,-9.23755e-07,9.40712e-07,0.000199994
-0.626072,0.293334,1.60933,-0.630911,0.288177,1.61054,-0.00107101,0.00720674,0.0281739,0.760426,0.000200008,-8.07722e-09,-9.11312e-07,-8.07722e-09,0.000200009,9.57619e-07,-9.11312e-07,9.57619e-07,0.000199994
-0.624877,0.294454,1.60862,-0.630848,0.288187,1.61044,0.000124117,0.00832735,0.0274635,0.760426,0.000200008,-8.19923e-09,-9.26466e-07,-8.19923e-09,0.000200009,9.57622e-07,-9.26466e-07,9.57622e-07,0.000199994
-0.623995,0.295349,1.60825,-0.630796,0.288201,1.61037,0.0010067,0.00922233,0.027087,0.755033,0.000200008,-8.20512e-09,-9.35506e-07,-8.20512e-09,0.000200008,9.44176e-07,-9.35506e-07,9.44176e-07,0.000199994
-0.623296,0.296003,1.60762,-0.630742,0.288211,1.61028,-0.00396019,0.00389521,0.0297388,0.758864,0.000200008,-8.12225e-09,-9.30712e-07,-8.12225e-09,0.000200008,9.328e-07,-9.30712e-07,9.328e-07,0.000199994
-0.620069,0.298804,1.60598,-0.618048,0.299596,1.60771,-0.000732935,0.00669698,0.0280999,0.718835,0.000200008,-8.18309e-09,-9.27891e-07,-8.18309e-09,0.000200008,9.46393e-07,-9.27891e-07,9.46393e-07,0.000199994
-0.61727,0.301096,1.60403,-0.618024,0.299604,1.60762,-0.00384525,0.00293242,0.02991,0.722608,0.000200008,-8.48785e-09,-9.33144e-07,-8.48785e-09,0.000200009,9.89687e-07,-9.33144e-07,9.89687e-07,0.000199994
-0.6151,0.302875,1.60264,-0.617963,0.299573,1.60746,-0.00167488,0.00471132,0.028524,0.715724,0.000200008,-8.59912e-09,-9.28634e-07,-8.59912e-09,0.000200009,1.00457e-06,-9.28634e-07,1.00457e-06,0.000199994
-0.613437,0.304252,1.60173,-0.61792,0.299577,1.6074,-0.00294945,0.00296346,0.0257916,0.719498,0.000200008,-8.54996e-09,-9.18125e-07,-8.54996e-09,0.000200009,1.00106e-06,-9.18125e-07,1.00106e-06,0.000199994
-0.612096,0.305394,1.60099,-0.617871,0.299575,1.60734,-0.0016092,0.00410552,0.0250499,0.717397,0.000200008,-8.54804e-09,-9.17875e-07,-8.54804e-09,0.000200009,9.98918e-07,-9.17875e-07,9.98918e-07,0.000199994
-0.608449,0.308884,1.59806,-0.605176,0.312226,1.59101,0.00203817,0.00759555,0.0221227,0.688539,0.000200008,-8.6311e-09,-9.28171e-07,-8.6311e-09,0.000200009,1.00051e-06,-9.28171e-07,1.00051e-06,0.000199994
-0.605516,0.311604,1.59619,-0.605025,0.312213,1.59077,-0.0044904,0.0016416,0.0256211,0.684822,0.000200008,-8.60878e-09,-9.23639e-07,-8.60878e-09,0.000200009,9.99178e-07,-9.23639e-07,9.99178e-07,0.000199994
-0.603087,0.313755,1.59515,-0.604949,0.3122,1.59048,-0.00206146,0.00379242,0.0245822,0.681104,0.000200008,-8.62969e-09,-9.17157e-07,-8.62969e-09,0.000200009,1.00902e-06,-9.17157e-07,1.00902e-06,0.000199994
-0.601046,0.315437,1.59412,-0.604894,0.312217,1.59049,-2.04216e-05,0.00547472,0.023546,0.683879,0.000200008,-8.68325e-09,-9.06054e-07,-8.68325e-09,0.00020001,1.02952e-06,-9.06054e-07,1.02952e-06,0.000199994
-0.599483,0.316871,1.59323,-0.604815,0.312248,1.59021,-0.00549122,0.00112248,0.0232418,0.680161,0.000200008,-8.73022e-09,-9.11843e-07,-8.73022e-09,0.00020001,1.02904e-06,-9.11843e-07,1.02904e-06,0.000199993
-0.598305,0.317926,1.59229,-0.604765,0.312228,1.59008,-0.00431306,0.00217734,0.0223003,0.677581,0.000200008,-8.59255e-09,-9.01216e-07,-8.59255e-09,0.00020001,1.0158e-06,-9.01216e-07,1.0158e-06,0.000199994
-0.593719,0.321598,1.58845,-0.587064,0.326882,1.57256,-0.00627929,-0.000474272,0.0202974,0.442179,0.000200007,-8.47468e-09,-8.80948e-07,-8.47468e-09,0.00020001,1.02137e-06,-8.80948e-07,1.02137e-06,0.000199994
-0.589753,0.324598,1.58509,-0.586237,0.326794,1.57113,-0.0023134,0.00252597,0.0169358,0.427889,0.000200007,-8.59048e-09,-8.80521e-07,-8.59048e-09,0.00020001,1.04628e-06,-8.80521e-07,1.04628e-06,0.000199994
-0.586349,0.32701,1.58218,-0.585741,0.326878,1.57005,0.00109071,0.00493843,0.0140322,0.423846,0.000200007,-8.80279e-09,-8.7922e-07,-8.80279e-09,0.000200011,1.08369e-06,-8.7922e-07,1.08369e-06,0.000199993
-0.583649,0.328896,1.57952,-0.585453,0.3269,1.5694,0.000347405,0.00381951,0.00864227,0.416332,0.000200007,-8.83814e-09,-8.70117e-07,-8.83814e-09,0.000200011,1.0951e-06,-8.70117e-07,1.0951e-06,0.000199993
-0.58152,0.330212,1.57789,-0.58531,0.326917,1.56932,0.00247654,0.00513507,0.00701516,0.415927,0.000200007,-8.58112e-09,-8.3276e-07,-8.58112e-09,0.000200011,1.09309e-06,-8.3276e-07,1.09309e-06,0.000199993
-0.579608,0.331097,1.57652,-0.585134,0.32694,1.56893,-0.00260319,-0.000368779,0.00736666,0.408464,0.000200006,-8.31934e-09,-7.81196e-07,-8.31934e-09,0.000200011,1.11969e-06,-7.81196e-07,1.11969e-06,0.000199993
-0.57547,0.333922,1.57916,-0.572657,0.337839,1.58867,0.00153525,0.00245558,0.010007,0.625061,0.000200005,-8.1017e-09,-7.34017e-07,-8.1017e-09,0.000200012,1.15762e-06,-7.34017e-07,1.15762e-06,0.000199993
-0.572307,0.335958,1.58158,-0.572655,0.337882,1.58865,0.0046985,0.00449224,0.0124272,0.63597,0.000200005,-7.53745e-09,-6.67509e-07,-7.53745e-09,0.000200012,1.1577e-06,-6.67509e-07,1.1577e-06,0.000199994
-0.56979,0.337055,1.58299,-0.572644,0.337859,1.58864,-1.68612e-05,0.00124358,0.0126925,0.621424,0.000200004,-6.44821e-09,-5.40572e-07,-6.44821e-09,0.000200012,1.15491e-06,-5.40572e-07,1.15491e-06,0.000199994
-0.567833,0.337788,1.58401,-0.572616,0.337874,1.5886,0.00194013,0.00197653,0.0137135,0.633749,0.000200003,-5.39911e-09,-4.35922e-07,-5.39911e-09,0.000200012,1.14306e-06,-4.35922e-07,1.14306e-06,0.000199994
-0.56618,0.338379,1.58545,-0.572604,0.337888,1.58859,-0.0034262,-0.000795709,0.0202687,0.641022,0.000200002,-4.64966e-09,-3.69861e-07,-4.64966e-09,0.000200012,1.14893e-06,-3.69861e-07,1.14893e-06,0.000199994
-0.561789,0.340432,1.58679,-0.557689,0.346179,1.59158,0.000964664,0.00125768,0.0216061,0.678592,0.000200001,-4.0238e-09,-3.14556e-07,-4.0238e-09,0.000200013,1.16642e-06,-3.14556e-07,1.16642e-06,0.000199995
-0.558443,0.341968,1.58709,-0.557575,0.346177,1.5914,0.00431026,0.00279321,0.0219134,0.685512,0.000200001,-3.37265e-09,-2.61868e-07,-3.37265e-09,0.000200012,1.14721e-06,-2.61868e-07,1.14721e-06,0.000199995
-0.556078,0.343127,1.58638,-0.557538,0.346169,1.59128,-0.00100898,0.00185811,0.0275331,0.691365,0.000200001,-2.73999e-09,-2.16863e-07,-2.73999e-09,0.000200011,1.08407e-06,-2.16863e-07,1.08407e-06,0.000199995
-0.554603,0.34396,1.58496,-0.557512,0.346157,1.59117,0.000465131,0.00269073,0.0261139,0.695565,0.000200001,-2.10908e-09,-1.7298e-07,-2.10908e-09,0.00020001,9.75862e-07,-1.7298e-07,9.75862e-07,0.000199996
-0.553632,0.344493,1.58339,-0.557497,0.346155,1.59107,-0.00509715,0.00311138,0.0121037,0.695565,0.0002,-1.51745e-09,-1.23567e-07,-1.51745e-09,0.000200008,8.72865e-07,-1.23567e-07,8.72865e-07,0.000199996
-0.550977,0.345058,1.5809,-0.54738,0.347633,1.5854,-0.00244229,0.00367648,0.00960933,0.844201,0.0002,-9.72952e-10,-6.7485e-08,-9.72952e-10,0.000200007,7.83362e-07,-6.7485e-08,7.83362e-07,0.000199997
-0.54903,0.345479,1.57896,-0.547311,0.347604,1.58518,-0.00049581,0.00409706,0.00767191,0.840878,0.0002,-5.78824e-10,-2.74558e-08,-5.78824e-10,0.000200006,6.95447e-07,-2.74558e-08,6.95447e-07,0.000199997
-0.547612,0.345908,1.57832,-0.547256,0.347555,1.58504,-0.00287517,0.00554391,0.0114666,0.833681,0.0002,-3.84301e-10,-1.85646e-08,-3.84301e-10,0.000200005,6.15248e-07,-1.85646e-08,6.15248e-07,0.000199998
-0.546562,0.346301,1.57882,-0.547252,0.347604,1.58498,-0.0018253,0.0059374,0.011972,0.843681,0.0002,-2.80553e-10,-1.9703e-08,-2.80553e-10,0.000200004,5.50264e-07,-1.9703e-08,5.50264e-07,0.000199998
-0.54585,0.34669,1.58006,-0.54725,0.347557,1.58502,-0.00364259,0.00617315,0.0190215,0.833681,0.0002,-2.54166e-10,-3.41218e-08,-2.54166e-10,0.000200003,4.88134e-07,-3.41218e-08,4.88134e-07,0.000199999
-0.545369,0.346968,1.58167,-0.54727,0.347612,1.58501,-0.00316186,0.00645153,0.0206319,0.847015,0.0002,-2.14027e-10,-3.66809e-08,-2.14027e-10,0.000200002,4.34783e-07,-3.66809e-08,4.34783e-07,0.000199999
-0.543354,0.347188,1.58155,-0.539006,0.346872,1.57538,-0.00114676,0.00667125,0.0205122,0.913384,0.0002,-2.48413e-10,-6.23749e-08,-2.48413e-10,0.000200002,3.96909e-07,-6.23749e-08,3.96909e-07,0.000199999
-0.541711,0.347466,1.58174,-0.53895,0.346853,1.57524,-0.00300761,0.00766668,0.0239278,0.916578,0.0002,-3.16323e-10,-9.59093e-08,-3.16323e-10,0.000200002,3.75849e-07,-9.59093e-08,3.75849e-07,0.000199999
-0.540214,0.347773,1.58186,-0.538889,0.34684,1.5751,-0.001511,0.00797367,0.0240493,0.916578,0.0002,-4.22771e-10,-1.31353e-07,-4.22771e-10,0.000200002,3.89411e-07,-1.31353e-07,3.89411e-07,0.000199999
-0.538735,0.348169,1.58182,-0.538856,0.346832,1.57496,-0.000862743,0.00801624,0.0173542,0.927068,0.0002,-6.24462e-10,-1.78422e-07,-6.24462e-10,0.000200002,4.42028e-07,-1.78422e-07,4.42028e-07,0.000199999
-0.537199,0.34853,1.58219,-0.538797,0.346828,1.57488,0.000672701,0.00837722,0.0177238,0.926606,0.0002,-8.99155e-10,-2.16165e-07,-8.99155e-10,0.000200002,5.30016e-07,-2.16165e-07,5.30016e-07,0.000199999
-0.535557,0.348755,1.58237,-0.53875,0.346808,1.57478,0.00231528,0.00860202,0.0178964,0.919613,0.0002,-1.19604e-09,-2.31041e-07,-1.19604e-09,0.000200003,6.51098e-07,-2.31041e-07,6.51098e-07,0.000199999
-0.532757,0.349206,1.59059,-0.532772,0.348829,1.61933,0.00258422,0.00881172,0.0213572,1.08418,0.0002,-1.37312e-09,-2.13668e-07,-1.37312e-09,0.000200005,7.76655e-07,-2.13668e-07,7.76655e-07,0.000199998
-0.530486,0.349541,1.59719,-0.532823,0.348831,1.61945,0.00485568,0.00914648,0.0279584,1.08282,0.0002,-1.47444e-09,-1.98842e-07,-1.47444e-09,0.000200006,8.63403e-07,-1.98842e-07,8.63403e-07,0.000199998
-0.528505,0.34978,1.60269,-0.532855,0.348824,1.61951,0.00503499,0.00927873,0.0229668,1.08282,0.0002,-1.5477e-09,-1.85815e-07,-1.5477e-09,0.000200007,9.4589e-07,-1.85815e-07,9.4589e-07,0.000199998
-0.526745,0.349826,1.60667,-0.532854,0.348868,1.61951,0.00679484,0.00932438,0.0269519,1.08642,0.0002,-1.45952e-09,-1.53112e-07,-1.45952e-09,0.000200009,1.02648e-06,-1.53112e-07,1.02648e-06,0.000199997
-0.525291,0.349743,1.60924,-0.53286,0.348863,1.61953,0.00824877,0.00924177,0.0295237,1.08282,0.0002,-1.23876e-09,-1.13371e-07,-1.23876e-09,0.00020001,1.08548e-06,-1.13371e-07,1.08548e-06,0.000199997
-0.522415,0.348574,1.60624,-0.52463,0.343533,1.59787,0.00740843,0.0107196,0.0160275,1.13406,0.0002,-1.03603e-09,-8.56334e-08,-1.03603e-09,0.000200011,1.13355e-06,-8.56334e-08,1.13355e-06,0.000199996
-0.520184,0.347666,1.60319,-0.524545,0.3435,1.59777,0.00963938,0.00981239,0.012982,1.12338,0.0002,-9.00327e-10,-7.25645e-08,-9.00327e-10,0.000200012,1.15051e-06,-7.25645e-08,1.15051e-06,0.000199996
-0.518304,0.346919,1.60065,-0.524389,0.343509,1.59776,0.00692772,0.0125429,0.00710179,1.12663,0.0002,-7.68596e-10,-5.97615e-08,-7.68596e-10,0.000200012,1.17174e-06,-5.97615e-08,1.17174e-06,0.000199996
-0.516787,0.346318,1.59839,-0.52433,0.343516,1.59766,0.0084441,0.0119425,0.00484408,1.12663,0.0002,-6.59486e-10,-5.03488e-08,-6.59486e-10,0.000200013,1.18535e-06,-5.03488e-08,1.18535e-06,0.000199995
-0.515464,0.345772,1.59647,-0.524318,0.343509,1.59757,0.00976765,0.0113965,0.00291701,1.12663,0.0002,-4.97491e-10,-3.35109e-08,-4.97491e-10,0.000200013,1.21136e-06,-3.35109e-08,1.21136e-06,0.000199995
-0.514522,0.345243,1.59493,-0.524278,0.343503,1.59757,0.00532538,0.0140599,0.0109259,1.13019,0.0002,-2.50113e-10,-7.77364e-09,-2.50113e-10,0.000200013,1.20792e-06,-7.77364e-09,1.20792e-06,0.000199995
-0.512017,0.343247,1.59384,-0.514247,0.335909,1.59628,0.00783055,0.0120642,0.00984034,0.963435,0.0002,-1.09931e-12,1.68623e-08,-1.09931e-12,0.000200013,1.16502e-06,1.68623e-08,1.16502e-06,0.000199995
-0.510197,0.341623,1.59245,-0.514214,0.335902,1.59623,0.00657273,0.0116729,0.00835664,0.959926,0.0002,2.07736e-10,3.73452e-08,2.07736e-10,0.000200012,1.10698e-06,3.73452e-08,1.10698e-06,0.000199995
-0.508693,0.340413,1.59133,-0.514172,0.335931,1.59622,0.0080775,0.0104633,0.00724127,0.973562,0.0002,2.63538e-10,3.72156e-08,2.63538e-10,0.000200011,1.07634e-06,3.72156e-08,1.07634e-06,0.000199996
-0.507426,0.339545,1.59013,-0.514163,0.335898,1.59621,0.00332207,0.0117762,0.00613753,0.963036,0.0002,1.83907e-10,2.049e-08,1.83907e-10,0.000200011,1.06662e-06,2.049e-08,1.06662e-06,0.000199996
-0.506435,0.338999,1.58927,-0.514156,0.335906,1.59619,0.00431271,0.0112304,0.00527672,0.966545,0.0002,-4.63409e-11,-1.35712e-08,-4.63409e-11,0.000200011,1.05659e-06,-1.35712e-08,1.05659e-06,0.000199996
-0.503671,0.33788,1.58706,-0.503244,0.332971,1.59067,0.00707679,0.0101109,0.00306651,0.948015,0.0002,-1.21982e-10,-2.07203e-08,-1.21982e-10,0.00020001,1.0164e-06,-2.07203e-08,1.0164e-06,0.000199996
-0.501452,0.336893,1.58525,-0.503215,0.332952,1.59049,0.00202611,0.00857443,0.0109751,0.954888,0.0002,-8.17614e-11,-1.09317e-08,-8.17614e-11,0.00020001,9.90879e-07,-1.09317e-08,9.90879e-07,0.000199996
-0.499647,0.336119,1.58389,-0.503167,0.332935,1.59036,0.00383157,0.00780042,0.00961099,0.954733,0.0002,-6.60536e-11,-7.54002e-09,-6.60536e-11,0.000200009,9.77907e-07,-7.54002e-09,9.77907e-07,0.000199996
-0.498238,0.335456,1.58278,-0.503138,0.332939,1.59027,0.00523983,0.0071371,0.0085039,0.958036,0.0002,-6.20075e-12,1.9747e-09,-6.20075e-12,0.000200009,9.62868e-07,1.9747e-09,9.62868e-07,0.000199997
-0.497236,0.334834,1.58189,-0.503125,0.332925,1.59023,0.000713529,0.00636486,0.00914942,0.954576,0.0002,1.26075e-10,2.22339e-08,1.26075e-10,0.000200008,9.3294e-07,2.22339e-08,9.3294e-07,0.000199997
-0.496431,0.334379,1.58054,-0.503108,0.332925,1.59018,0.00151859,0.00590958,0.00780396,0.958036,0.0002,1.87737e-10,2.89224e-08,1.87737e-10,0.000200008,9.13701e-07,2.89224e-08,9.13701e-07,0.000199997
-0.493257,0.333897,1.5771,-0.490563,0.332081,1.57783,-0.00194106,0.00632586,0.0152201,1.11083,0.0002,1.74265e-10,2.33574e-08,1.74265e-10,0.000200008,9.04712e-07,2.33574e-08,9.04712e-07,0.000199997
-0.490768,0.333538,1.57462,-0.490491,0.332131,1.57764,0.000547996,0.0059669,0.0127396,1.13343,0.0002,1.45399e-10,1.74015e-08,1.45399e-10,0.000200008,8.88722e-07,1.74015e-08,8.88722e-07,0.000199997
-0.488788,0.333169,1.57273,-0.490439,0.332056,1.57759,-0.00374218,0.00550442,0.0185476,1.11007,0.0002,1.84441e-10,2.45304e-08,1.84441e-10,0.000200007,8.75087e-07,2.45304e-08,8.75087e-07,0.000199997
-0.48724,0.332872,1.57141,-0.490411,0.332056,1.57752,-0.00219461,0.00520694,0.0172286,1.11007,0.0002,2.16242e-10,2.95868e-08,2.16242e-10,0.000200007,8.59531e-07,2.95868e-08,8.59531e-07,0.000199997
-0.48585,0.33278,1.57065,-0.490396,0.332052,1.57746,-0.000804959,0.00511549,0.0164706,1.11682,0.0002,1.10451e-10,9.32238e-09,1.10451e-10,0.000200007,8.7343e-07,9.32238e-09,8.7343e-07,0.000199997
-0.484737,0.332722,1.57003,-0.490388,0.332131,1.57736,-0.00225592,0.00534919,0.0214361,1.15084,0.0002,2.49348e-11,-3.4017e-09,2.49348e-11,0.000200007,8.82333e-07,-3.4017e-09,8.82333e-07,0.000199997
-0.48128,0.332574,1.5648,-0.477981,0.331939,1.55479,0.00120125,0.00520096,0.016215,1.03374,0.0002,-5.03574e-13,-4.40533e-09,-5.03574e-13,0.000200007,9.01627e-07,-4.40533e-09,9.01627e-07,0.000199997
-0.478456,0.332452,1.56077,-0.477902,0.331958,1.55449,-0.00294533,0.00505097,0.0218448,1.04707,0.0002,-7.66249e-12,-3.31811e-09,-7.66249e-12,0.000200008,9.20789e-07,-3.31811e-09,9.20789e-07,0.000199997
-0.476199,0.332371,1.55783,-0.477808,0.331964,1.55431,-0.000688382,0.00497046,0.0188961,1.04707,0.0002,-2.45015e-11,-4.81455e-09,-2.45015e-11,0.000200008,9.2969e-07,-4.81455e-09,9.2969e-07,0.000199997
-0.474452,0.332138,1.55536,-0.477772,0.331875,1.55429,0.0010587,0.00473679,0.0164298,1.02334,0.0002,1.13601e-10,1.89412e-08,1.13601e-10,0.000200008,9.24823e-07,1.89412e-08,9.24823e-07,0.000199997
-0.472895,0.331849,1.55264,-0.47771,0.331919,1.55417,-0.00242761,0.00504757,0.0175082,1.02792,0.0002,3.436e-10,5.27122e-08,3.436e-10,0.000200008,9.45135e-07,5.27122e-08,9.45135e-07,0.000199997
-0.469967,0.331637,1.55011,-0.469296,0.332026,1.55447,0.000500642,0.00483528,0.0149776,1.36047,0.0002,5.34954e-10,7.54694e-08,5.34954e-10,0.000200008,9.58001e-07,7.54694e-08,9.58001e-07,0.000199997
-0.467717,0.331605,1.54809,-0.469345,0.332084,1.55452,-0.00379639,0.00545807,0.0150717,1.37379,0.0002,5.4995e-10,7.01826e-08,5.4995e-10,0.000200008,9.53015e-07,7.01826e-08,9.53015e-07,0.000199997
-0.465726,0.331471,1.5463,-0.469358,0.331046,1.55417,-0.00180569,0.00532468,0.0132847,1.14934,0.0002,4.68325e-10,5.13277e-08,4.68325e-10,0.000200009,9.80846e-07,5.13277e-08,9.80846e-07,0.000199997
-0.464091,0.331372,1.54489,-0.469358,0.331098,1.55423,-0.000170657,0.00522524,0.0118683,1.18896,0.0002,4.03322e-10,4.01157e-08,4.03322e-10,0.000200009,1.00545e-06,4.01157e-08,1.00545e-06,0.000199997
-0.462894,0.33143,1.54389,-0.469393,0.331251,1.55438,-0.00644562,0.00539731,0.0228472,1.23715,0.0002,2.33984e-10,1.59146e-08,2.33984e-10,0.000200009,1.00468e-06,1.59146e-08,1.00468e-06,0.000199997
-0.461909,0.331443,1.54339,-0.469362,0.331203,1.55436,-0.00546105,0.00541085,0.0223535,1.22728,0.0002,1.26034e-10,4.15174e-09,1.26034e-10,0.000200009,1.00749e-06,4.15174e-09,1.00749e-06,0.000199997
-0.457458,0.331688,1.54063,-0.451241,0.333093,1.54044,-0.0010102,0.00565573,0.0195915,0.921763,0.0002,1.82104e-10,1.72305e-08,1.82104e-10,0.00020001,1.01548e-06,1.72305e-08,1.01548e-06,0.000199997
-0.453819,0.331938,1.5389,-0.451175,0.333076,1.54022,-0.00304881,0.00558165,0.0223454,0.914856,0.0002,1.72268e-10,1.65093e-08,1.72268e-10,0.00020001,1.03109e-06,1.65093e-08,1.03109e-06,0.000199996
-0.450804,0.332046,1.53768,-0.45107,0.333066,1.54005,-3.40716e-05,0.00568913,0.0211282,0.911052,0.0002,2.68004e-10,3.06753e-08,2.68004e-10,0.00020001,1.05422e-06,3.06753e-08,1.05422e-06,0.000199996
-0.448342,0.332084,1.53646,-0.451022,0.333056,1.53988,-0.00621086,0.00678794,0.024883,0.904548,0.0002,4.02365e-10,4.73652e-08,4.02365e-10,0.000200011,1.07555e-06,4.73652e-08,1.07555e-06,0.000199996
-0.446586,0.33223,1.53536,-0.450941,0.333068,1.53972,-0.00445501,0.00693366,0.0237761,0.914929,0.0002,3.72219e-10,4.02131e-08,3.72219e-10,0.00020001,1.05238e-06,4.02131e-08,1.05238e-06,0.000199996
-0.442726,0.332037,1.53128,-0.438455,0.33138,1.52583,-0.000594648,0.00674122,0.0196966,1.42038,0.0002,3.00132e-10,2.91658e-08,3.00132e-10,0.00020001,1.03099e-06,2.91658e-08,1.03099e-06,0.000199996
-0.439662,0.33185,1.52769,-0.438466,0.331335,1.52575,-0.00325369,0.00708833,0.0219764,1.43423,0.0002,2.75139e-10,2.69479e-08,2.75139e-10,0.00020001,1.01374e-06,2.69479e-08,1.01374e-06,0.000199996
-0.437171,0.331612,1.52461,-0.438461,0.331352,1.52576,-0.000762579,0.00685055,0.0188998,1.43762,0.0002,3.58825e-10,4.08053e-08,3.58825e-10,0.00020001,1.00883e-06,4.08053e-08,1.00883e-06,0.000199996
-0.435111,0.331475,1.52225,-0.438459,0.331335,1.52575,-0.00597001,0.00690086,0.0273495,1.42733,0.0002,3.71655e-10,4.10419e-08,3.71655e-10,0.00020001,1.01632e-06,4.10419e-08,1.01632e-06,0.000199996
-0.43344,0.331342,1.52088,-0.438444,0.331347,1.52573,-0.00429923,0.00676783,0.0259757,1.43078,0.0002,4.09576e-10,4.54013e-08,4.09576e-10,0.00020001,1.02431e-06,4.54013e-08,1.02431e-06,0.000199996
-0.432054,0.331268,1.52019,-0.438419,0.331318,1.52572,-0.00611525,0.00684327,0.0283192,1.42043,0.0002,3.99478e-10,4.20676e-08,3.99478e-10,0.00020001,1.03656e-06,4.20676e-08,1.03656e-06,0.000199996
-0.428021,0.331059,1.5157,-0.423357,0.330898,1.50084,-0.00208222,0.00663383,0.0238292,1.26343,0.0002,4.25859e-10,4.58011e-08,4.25859e-10,0.00020001,1.03046e-06,4.58011e-08,1.03046e-06,0.000199996
-0.42471,0.330813,1.51299,-0.42323,0.33088,1.50059,0.00122913,0.0063883,0.0211172,1.26974,0.0002,5.30621e-10,6.01641e-08,5.30621e-10,0.00020001,1.03613e-06,6.01641e-08,1.03613e-06,0.000199996
-0.421921,0.33056,1.51098,-0.423151,0.330868,1.50034,-0.00137068,0.00617095,0.0203553,1.27815,0.0002,6.84235e-10,7.82423e-08,6.84235e-10,0.00020001,1.05968e-06,7.82423e-08,1.05968e-06,0.000199996
-0.419687,0.330369,1.50919,-0.423039,0.330826,1.49998,0.000862672,0.00597944,0.0185699,1.27629,0.0002,7.84782e-10,8.70622e-08,7.84782e-10,0.000200011,1.07147e-06,8.70622e-08,1.07147e-06,0.000199996
-0.417875,0.330202,1.50702,-0.422695,0.330757,1.4994,-0.00469478,0.00763563,0.0198347,1.27257,0.0002,8.60156e-10,9.32934e-08,8.60156e-10,0.000200011,1.07213e-06,9.32934e-08,1.07213e-06,0.000199996
-0.416421,0.33021,1.50515,-0.42262,0.330728,1.49921,-0.00324157,0.00764347,0.0179618,1.26142,0.0002,7.51572e-10,7.41755e-08,7.51572e-10,0.000200011,1.07059e-06,7.41755e-08,1.07059e-06,0.000199996
-0.412776,0.330329,1.50548,-0.409823,0.330595,1.50836,0.000404364,0.00776322,0.0182925,1.33575,0.0002,5.14064e-10,4.13865e-08,5.14064e-10,0.00020001,1.05734e-06,4.13865e-08,1.05734e-06,0.000199996
-0.409821,0.330386,1.50615,-0.40983,0.330626,1.50831,-0.00369422,0.00809572,0.016231,1.3465,0.0002,3.78168e-10,2.73216e-08,3.78168e-10,0.00020001,1.05521e-06,2.73216e-08,1.05521e-06,0.000199996
-0.40742,0.330295,1.50689,-0.409818,0.330592,1.50832,-0.00129363,0.00800483,0.0169749,1.33506,0.0002,4.19394e-10,3.87839e-08,4.19394e-10,0.00020001,1.05932e-06,3.87839e-08,1.05932e-06,0.000199996
-0.405408,0.330025,1.50759,-0.409828,0.330592,1.50831,-0.00549466,0.00795438,0.020862,1.34223,0.0002,6.84225e-10,7.74305e-08,6.84225e-10,0.000200011,1.07702e-06,7.74305e-08,1.07702e-06,0.000199996
-0.403794,0.329852,1.50814,-0.409823,0.33059,1.50827,-0.00388078,0.0077815,0.0214121,1.33933,0.0002,8.50518e-10,9.50926e-08,8.50518e-10,0.000200011,1.0888e-06,9.50926e-08,1.0888e-06,0.000199996
-0.399528,0.329664,1.51017,-0.394568,0.329643,1.51415,0.000384899,0.00759327,0.0234416,0.827809,0.0002,8.1595e-10,8.47503e-08,8.1595e-10,0.000200011,1.08407e-06,8.47503e-08,1.08407e-06,0.000199996
-0.396094,0.329536,1.51251,-0.394575,0.329647,1.51411,-0.00371794,0.00901162,0.0220723,0.827809,0.0002,7.53525e-10,7.37967e-08,7.53525e-10,0.000200011,1.0847e-06,7.37967e-08,1.0847e-06,0.000199996
-0.39339,0.329548,1.51405,-0.394502,0.329653,1.51399,-0.00101379,0.00902351,0.0236093,0.827687,0.0002,5.68234e-10,4.84551e-08,5.68234e-10,0.000200011,1.07591e-06,4.84551e-08,1.07591e-06,0.000199996
-0.391223,0.329516,1.51567,-0.39426,0.329637,1.51385,-0.00592187,0.00990159,0.0261356,0.824024,0.0002,4.61103e-10,3.78769e-08,4.61103e-10,0.000200011,1.06312e-06,3.78769e-08,1.06312e-06,0.000199996
-0.389446,0.329468,1.51726,-0.394141,0.32963,1.51381,-0.00414446,0.0098536,0.027732,0.824024,0.0002,4.01897e-10,3.39338e-08,4.01897e-10,0.000200011,1.05817e-06,3.39338e-08,1.05817e-06,0.000199996
-0.386524,0.328585,1.51908,-0.386398,0.325996,1.5186,-0.00122299,0.0089709,0.0295482,0.950987,0.0002,4.93092e-10,5.10444e-08,4.93092e-10,0.00020001,1.04716e-06,5.10444e-08,1.04716e-06,0.000199996
-0.384166,0.327943,1.52022,-0.386414,0.325989,1.51858,-0.00132929,0.00861959,0.0229872,0.950987,0.0002,4.96992e-10,5.14404e-08,4.96992e-10,0.00020001,1.04407e-06,5.14404e-08,1.04407e-06,0.000199996
-0.382258,0.32741,1.52102,-0.386413,0.326002,1.51856,0.000578018,0.00808757,0.0237914,0.953968,0.0002,5.22715e-10,5.48827e-08,5.22715e-10,0.00020001,1.04534e-06,5.48827e-08,1.04534e-06,0.000199996
-0.38069,0.326944,1.52166,-0.386404,0.326015,1.51855,-0.00323786,0.00926598,0.0218044,0.950264,0.0002,5.92445e-10,6.39102e-08,5.92445e-10,0.00020001,1.05264e-06,6.39102e-08,1.05264e-06,0.000199996
-0.379466,0.326696,1.52217,-0.386378,0.325991,1.51852,-0.00201418,0.00901842,0.0223128,0.94656,0.0002,5.00082e-10,4.87198e-08,5.00082e-10,0.00020001,1.05151e-06,4.87198e-08,1.05151e-06,0.000199996
-0.378423,0.326479,1.52267,-0.386368,0.326013,1.51848,-0.000970512,0.00880081,0.0228146,0.950992,0.0002,4.52946e-10,4.26369e-08,4.52946e-10,0.00020001,1.06082e-06,4.26369e-08,1.06082e-06,0.000199996
-0.37489,0.325587,1.52635,-0.373185,0.322677,1.53332,-0.00473585,0.00944706,0.0222824,1.86498,0.0002,4.91812e-10,4.90691e-08,4.91812e-10,0.000200011,1.07652e-06,4.90691e-08,1.07652e-06,0.000199996
-0.372013,0.324784,1.52959,-0.373226,0.322752,1.53325,-0.00185837,0.00864418,0.0255218,1.89367,0.0002,6.42079e-10,6.90002e-08,6.42079e-10,0.000200011,1.09614e-06,6.90002e-08,1.09614e-06,0.000199996
-0.369838,0.324211,1.53176,-0.373237,0.322836,1.53318,-0.00598861,0.00946598,0.029526,1.90977,0.0002,6.90747e-10,7.30419e-08,6.90747e-10,0.000200011,1.08866e-06,7.30419e-08,1.08866e-06,0.000199996
-0.368105,0.323788,1.53341,-0.373177,0.322673,1.5333,-0.00425541,0.00904303,0.0311796,1.86207,0.0002,6.45234e-10,6.4511e-08,6.45234e-10,0.000200011,1.08091e-06,6.4511e-08,1.08091e-06,0.000199996
-0.366751,0.323508,1.53419,-0.373237,0.322837,1.53317,-0.00290131,0.00876233,0.0319592,1.90977,0.0002,5.77975e-10,5.51397e-08,5.77975e-10,0.000200011,1.07269e-06,5.51397e-08,1.07269e-06,0.000199996
-0.365751,0.323287,1.53461,-0.373233,0.322835,1.53318,-0.00798341,0.00975089,0.0201867,1.90977,0.0002,5.15747e-10,4.84561e-08,5.15747e-10,0.000200011,1.05384e-06,4.84561e-08,1.05384e-06,0.000199996
-0.362172,0.322536,1.53586,-0.359655,0.319836,1.53831,-0.00440364,0.00899963,0.0214425,1.90102,0.0002,4.49992e-10,4.10344e-08,4.49992e-10,0.00020001,1.0521e-06,4.10344e-08,1.0521e-06,0.000199996
-0.35923,0.321861,1.53727,-0.359682,0.319691,1.53826,-0.00895107,0.00852459,0.0236013,1.86038,0.0002,4.49344e-10,4.28773e-08,4.49344e-10,0.000200011,1.06437e-06,4.28773e-08,1.06437e-06,0.000199996
-0.356835,0.321238,1.53799,-0.359673,0.319692,1.53826,-0.00655597,0.00790129,0.0243153,1.86038,0.0002,5.48819e-10,5.75378e-08,5.48819e-10,0.000200011,1.0786e-06,5.75378e-08,1.0786e-06,0.000199996
-0.354983,0.32079,1.53846,-0.359682,0.31982,1.53831,-0.00470469,0.0074529,0.024793,1.90051,0.0002,5.97886e-10,6.29569e-08,5.97886e-10,0.000200011,1.07763e-06,6.29569e-08,1.07763e-06,0.000199996
-0.353577,0.320607,1.53905,-0.359657,0.319837,1.53831,-0.0101922,0.0089021,0.0224129,1.90102,0.0002,4.34427e-10,3.84974e-08,4.34427e-10,0.000200011,1.06428e-06,3.84974e-08,1.06428e-06,0.000199996
-0.349488,0.320115,1.54203,-0.345261,0.318252,1.55187,-0.00610361,0.00840962,0.0253889,2.02348,0.0002,3.57044e-10,2.99477e-08,3.57044e-10,0.000200011,1.06913e-06,2.99477e-08,1.06913e-06,0.000199996
-0.346319,0.319657,1.54493,-0.345226,0.318219,1.5519,-0.00927131,0.00816482,0.0291137,2.02348,0.0002,3.5318e-10,3.28067e-08,3.5318e-10,0.00020001,1.05496e-06,3.28067e-08,1.05496e-06,0.000199996
-0.343706,0.319386,1.54787,-0.345278,0.318266,1.55186,-0.00665854,0.00789355,0.0320505,2.03374,0.0002,2.54309e-10,1.99879e-08,2.54309e-10,0.000200011,1.05987e-06,1.99879e-08,1.05987e-06,0.000199996
-0.34161,0.319037,1.55044,-0.345235,0.318228,1.55192,-0.00456278,0.00754504,0.0346192,2.02715,0.0002,3.10933e-10,3.09701e-08,3.10933e-10,0.000200011,1.06259e-06,3.09701e-08,1.06259e-06,0.000199996
-0.340047,0.318663,1.55238,-0.345261,0.318254,1.55187,-0.00642877,0.00746362,0.0339312,2.02348,0.0002,4.6312e-10,5.37637e-08,4.6312e-10,0.00020001,1.04705e-06,5.37637e-08,1.04705e-06,0.000199996
-0.338729,0.318317,1.55426,-0.345242,0.318121,1.55194,-0.00511083,0.00711732,0.0358093,2.00406,0.0002,6.04685e-10,7.1062e-08,6.04685e-10,0.00020001,1.04733e-06,7.1062e-08,1.04733e-06,0.000199996
-0.334635,0.318052,1.55605,-0.330165,0.317415,1.5539,-0.00101677,0.00685227,0.0375992,1.69494,0.0002,5.46936e-10,5.77008e-08,5.46936e-10,0.00020001,1.05132e-06,5.77008e-08,1.05132e-06,0.000199996
-0.331425,0.317869,1.55696,-0.330174,0.317435,1.55389,-0.00842622,0.00823361,0.033513,1.7001,0.0002,4.65365e-10,4.51777e-08,4.65365e-10,0.00020001,1.04372e-06,4.51777e-08,1.04372e-06,0.000199996
-0.328831,0.317783,1.55759,-0.330154,0.317413,1.55389,-0.00583199,0.00814785,0.0341402,1.69494,0.0002,3.29624e-10,2.67047e-08,3.29624e-10,0.00020001,1.04239e-06,2.67047e-08,1.04239e-06,0.000199996
-0.326732,0.317824,1.5586,-0.330153,0.317432,1.55387,-0.0066231,0.00859139,0.0257347,1.69643,0.0002,1.04231e-10,-2.57306e-09,1.04231e-10,0.00020001,1.04513e-06,-2.57306e-09,1.04513e-06,0.000199996
-0.324976,0.317648,1.55984,-0.330178,0.317452,1.55389,-0.00486719,0.00841548,0.0269656,1.69469,0.0002,1.60686e-10,1.22708e-08,1.60686e-10,0.00020001,1.06014e-06,1.22708e-08,1.06014e-06,0.000199996
-0.320378,0.317349,1.56174,-0.314313,0.317164,1.55797,-0.000269336,0.00811626,0.0288703,1.77043,0.0002,3.30791e-10,3.82821e-08,3.30791e-10,0.000200011,1.07303e-06,3.82821e-08,1.07303e-06,0.000199996
-0.316718,0.317214,1.56337,-0.314302,0.317137,1.55797,-0.00348404,0.00769054,0.0232975,1.77416,0.0002,3.42658e-10,3.70898e-08,3.42658e-10,0.000200011,1.07804e-06,3.70898e-08,1.07804e-06,0.000199996
-0.313812,0.317172,1.56477,-0.314314,0.317139,1.55798,-0.000578588,0.00764852,0.0247035,1.77043,0.0002,2.71131e-10,2.54147e-08,2.71131e-10,0.000200011,1.07791e-06,2.54147e-08,1.07791e-06,0.000199996
-0.311592,0.317169,1.566,-0.314302,0.317177,1.55797,-0.0057528,0.00841742,0.0216104,1.77608,0.0002,1.82602e-10,1.38963e-08,1.82602e-10,0.000200011,1.06082e-06,1.38963e-08,1.06082e-06,0.000199996
-0.30984,0.317184,1.56709,-0.314322,0.317142,1.55798,-0.00400143,0.00843158,0.0226974,1.77416,0.0002,8.76385e-11,2.61325e-09,8.76385e-11,0.00020001,1.04648e-06,2.61325e-09,1.04648e-06,0.000199996
-0.308332,0.317136,1.56806,-0.314315,0.317164,1.55797,-0.00946667,0.0083191,0.0213979,1.77235,0.0002,8.30306e-11,5.15867e-09,8.30306e-11,0.00020001,1.05431e-06,5.15867e-09,1.05431e-06,0.000199996
-0.304621,0.317131,1.57098,-0.302222,0.31747,1.56974,-0.00575628,0.00831357,0.0243235,2.24357,0.0002,1.29483e-10,1.33139e-08,1.29483e-10,0.000200011,1.07294e-06,1.33139e-08,1.07294e-06,0.000199996
-0.301656,0.317131,1.57291,-0.302237,0.317471,1.56976,-0.00279066,0.008314,0.0262525,2.24357,0.0002,1.62281e-10,1.75743e-08,1.62281e-10,0.000200011,1.08489e-06,1.75743e-08,1.08489e-06,0.000199996
-0.29936,0.31722,1.57465,-0.302193,0.317478,1.56972,-0.00715177,0.00824071,0.0121949,2.24357,0.0002,8.45209e-11,5.88597e-09,8.45209e-11,0.000200011,1.07887e-06,5.88597e-09,1.07887e-06,0.000199996
-0.29752,0.317292,1.57564,-0.30218,0.317468,1.56972,-0.00531238,0.00831286,0.0131755,2.23976,0.0002,1.92003e-11,-2.06549e-09,1.92003e-11,0.000200011,1.07501e-06,-2.06549e-09,1.07501e-06,0.000199996
-0.296068,0.317374,1.57631,-0.30217,0.317475,1.56968,-0.0111944,0.00873426,0.00713811,2.24027,0.0002,-5.68062e-11,-1.08605e-08,-5.68062e-11,0.000200011,1.06911e-06,-1.08605e-08,1.06911e-06,0.000199996
-0.294821,0.317483,1.57664,-0.302169,0.317474,1.56967,-0.00994749,0.00884356,0.0074674,2.24027,0.0002,-1.6599e-10,-2.35566e-08,-1.6599e-10,0.000200011,1.07889e-06,-2.35566e-08,1.07889e-06,0.000199996
-0.290292,0.317116,1.58158,-0.284408,0.316027,1.59361,-0.00541811,0.00847655,0.0124139,1.78654,0.0002,-3.27548e-11,-1.10565e-09,-3.27548e-11,0.000200011,1.08198e-06,-1.10565e-09,1.08198e-06,0.000199996
-0.286793,0.316786,1.58472,-0.284401,0.316024,1.59364,-0.00974164,0.00872534,0.00886855,1.78278,0.0002,1.13934e-10,1.87764e-08,1.13934e-10,0.000200011,1.06367e-06,1.87764e-08,1.06367e-06,0.000199996
-0.283976,0.316593,1.5865,-0.284411,0.316037,1.59361,-0.00692414,0.00853241,0.0106471,1.77902,0.0002,1.50401e-10,2.0417e-08,1.50401e-10,0.000200011,1.05526e-06,2.0417e-08,1.05526e-06,0.000199996
-0.281657,0.316506,1.58699,-0.284401,0.316031,1.59364,-0.00817258,0.00832631,0.00982256,1.78654,0.0002,1.0299e-10,1.08797e-08,1.0299e-10,0.000200011,1.05994e-06,1.08797e-08,1.05994e-06,0.000199996
-0.279892,0.316558,1.58718,-0.284416,0.316006,1.59363,-0.0064079,0.00837877,0.0100107,1.77902,0.0002,-7.79149e-11,-1.55316e-08,-7.79149e-11,0.00020001,1.04902e-06,-1.55316e-08,1.04902e-06,0.000199996
-0.275908,0.316383,1.58946,-0.271446,0.314986,1.60171,-0.00242356,0.00820297,0.0122936,1.89034,0.0002,-1.97368e-10,-2.92883e-08,-1.97368e-10,0.00020001,1.03867e-06,-2.92883e-08,1.03867e-06,0.000199996
-0.272653,0.316093,1.59201,-0.271438,0.314758,1.60171,-0.00547959,0.00675876,0.0128351,1.85559,0.0002,-1.82505e-10,-2.24419e-08,-1.82505e-10,0.00020001,1.0425e-06,-2.24419e-08,1.0425e-06,0.000199996
-0.269982,0.315802,1.59478,-0.271427,0.31476,1.60171,-0.00280825,0.00646756,0.0156007,1.85559,0.0002,-1.06944e-10,-9.38599e-09,-1.06944e-10,0.00020001,1.05538e-06,-9.38599e-09,1.05538e-06,0.000199996
-0.267761,0.315532,1.5972,-0.271438,0.314759,1.60171,-0.00712342,0.0063629,0.0144309,1.85559,0.0002,-6.6516e-12,4.25605e-09,-6.6516e-12,0.000200011,1.07741e-06,4.25605e-09,1.07741e-06,0.000199996
-0.266049,0.315379,1.59862,-0.271438,0.314741,1.60171,-0.00541188,0.00620964,0.0158487,1.85559,0.0002,-2.30098e-12,2.34404e-09,-2.30098e-12,0.000200011,1.08105e-06,2.34404e-09,1.08105e-06,0.000199996
-0.261879,0.315239,1.59878,-0.257104,0.314339,1.60049,-0.00124131,0.00607028,0.0160147,2.00791,0.0002,-7.29845e-11,-9.00482e-09,-7.29845e-11,0.000200011,1.07289e-06,-9.00482e-09,1.07289e-06,0.000199996
-0.258522,0.315274,1.59861,-0.25709,0.31432,1.60053,-0.0056148,0.00688827,0.0173642,2.00785,0.0002,-2.97422e-10,-4.00906e-08,-2.97422e-10,0.000200011,1.07042e-06,-4.00906e-08,1.07042e-06,0.000199996
-0.255755,0.315307,1.59847,-0.257104,0.314336,1.60047,-0.00284771,0.00692146,0.0172175,2.00791,0.0002,-4.81308e-10,-6.02898e-08,-4.81308e-10,0.000200011,1.08245e-06,-6.02898e-08,1.08245e-06,0.000199996
-0.253578,0.315201,1.59856,-0.257093,0.314318,1.6005,-0.00675881,0.00551454,0.020392,2.00406,0.0002,-4.7381e-10,-5.26637e-08,-4.7381e-10,0.000200011,1.0839e-06,-5.26637e-08,1.0839e-06,0.000199996
-0.25171,0.315122,1.59946,-0.257098,0.314334,1.60047,-0.00489064,0.0054353,0.0212911,2.00791,0.0002,-4.74564e-10,-4.88049e-08,-4.74564e-10,0.000200011,1.10522e-06,-4.88049e-08,1.10522e-06,0.000199996
-0.250124,0.314975,1.60018,-0.25708,0.314325,1.60049,-0.00330495,0.00528886,0.0220146,2.00785,0.0002,-3.80145e-10,-3.34969e-08,-3.80145e-10,0.000200012,1.13286e-06,-3.34969e-08,1.13286e-06,0.000199996
-0.246141,0.314949,1.6007,-0.242765,0.314883,1.60278,-0.00692288,0.00587131,0.0158028,2.72044,0.0002,-2.67028e-10,-1.96306e-08,-2.67028e-10,0.000200012,1.12684e-06,-1.96306e-08,1.12684e-06,0.000199996
-0.242919,0.315101,1.60129,-0.242774,0.314895,1.60263,-0.00370075,0.00602383,0.016395,2.72348,0.0002,-3.85267e-10,-3.84877e-08,-3.85267e-10,0.000200012,1.12897e-06,-3.84877e-08,1.12897e-06,0.000199996
-0.240255,0.315269,1.60115,-0.242763,0.314891,1.60266,-0.00876828,0.00611076,0.0144629,2.72348,0.0002,-5.40563e-10,-5.76927e-08,-5.40563e-10,0.000200012,1.14373e-06,-5.76927e-08,1.14373e-06,0.000199996
-0.238231,0.315334,1.60073,-0.242776,0.314878,1.60265,-0.00674433,0.00617578,0.0140369,2.71668,0.0002,-5.75254e-10,-5.90539e-08,-5.75254e-10,0.000200012,1.1365e-06,-5.90539e-08,1.1365e-06,0.000199996
-0.236633,0.315366,1.60111,-0.242778,0.314894,1.60264,-0.0051461,0.00620755,0.0144199,2.7242,0.0002,-5.72704e-10,-5.66154e-08,-5.72704e-10,0.000200012,1.12855e-06,-5.66154e-08,1.12855e-06,0.000199996
-0.235346,0.315344,1.60163,-0.242743,0.314867,1.60267,-0.0104176,0.00666723,0.0140195,2.71668,0.0002,-5.19783e-10,-4.85089e-08,-5.19783e-10,0.000200012,1.12366e-06,-4.85089e-08,1.12366e-06,0.000199996
-0.230878,0.315006,1.60361,-0.225759,0.313229,1.60846,-0.005949,0.00632977,0.016003,4.22261,0.0002,-4.83403e-10,-4.39522e-08,-4.83403e-10,0.000200012,1.12733e-06,-4.39522e-08,1.12733e-06,0.000199996
-0.227473,0.31476,1.60508,-0.225863,0.313252,1.60836,-0.00254466,0.00608349,0.0174686,4.21048,0.0002,-4.72987e-10,-4.43971e-08,-4.72987e-10,0.000200012,1.10572e-06,-4.43971e-08,1.10572e-06,0.000199996
-0.224641,0.314524,1.60586,-0.225751,0.31324,1.60847,-0.00585995,0.00650704,0.0188896,4.22701,0.0002,-4.26529e-10,-3.87119e-08,-4.26529e-10,0.000200012,1.10572e-06,-3.87119e-08,1.10572e-06,0.000199996
-0.222335,0.314446,1.60636,-0.225851,0.313249,1.60835,-0.00355413,0.00642935,0.0193862,4.20661,0.0002,-5.21713e-10,-5.26967e-08,-5.21713e-10,0.000200012,1.11532e-06,-5.26967e-08,1.11532e-06,0.000199996
-0.220448,0.314387,1.60613,-0.225852,0.31325,1.60833,-0.00495406,0.00705744,0.0167395,4.20661,0.0002,-6.03189e-10,-6.17696e-08,-6.03189e-10,0.000200012,1.12827e-06,-6.17696e-08,1.12827e-06,0.000199996
-0.21713,0.314192,1.60545,-0.216479,0.312235,1.60328,-0.00163546,0.00686222,0.0160642,3.43766,0.0002,-7.36403e-10,-7.75945e-08,-7.36403e-10,0.000200012,1.12599e-06,-7.75945e-08,1.12599e-06,0.000199996
-0.214455,0.314016,1.60481,-0.216489,0.312242,1.60329,-0.00537054,0.0071513,0.015022,3.43393,0.0002,-8.14411e-10,-8.41131e-08,-8.14411e-10,0.000200012,1.12807e-06,-8.41131e-08,1.12807e-06,0.000199996
-0.212178,0.313793,1.60494,-0.216459,0.312246,1.60338,-0.00309402,0.00692878,0.0151482,3.45602,0.0002,-7.87069e-10,-7.54395e-08,-7.87069e-10,0.000200012,1.15028e-06,-7.54395e-08,1.15028e-06,0.000199996
-0.210392,0.313493,1.60493,-0.21655,0.312383,1.60333,-0.00130723,0.00662886,0.0151355,3.48281,0.0002,-5.76496e-10,-4.59607e-08,-5.76496e-10,0.000200012,1.16191e-06,-4.59607e-08,1.16191e-06,0.000199995
-0.208962,0.313343,1.60512,-0.216533,0.31241,1.60333,-0.0061347,0.00798928,0.016493,3.47908,0.0002,-5.11076e-10,-4.08042e-08,-5.11076e-10,0.000200013,1.16889e-06,-4.08042e-08,1.16889e-06,0.000199995
-0.207931,0.313192,1.60467,-0.21646,0.312269,1.60339,-0.00510373,0.00783815,0.0160426,3.44762,0.0002,-4.51086e-10,-3.65598e-08,-4.51086e-10,0.000200012,1.15295e-06,-3.65598e-08,1.15295e-06,0.000199995
-0.204819,0.312708,1.60552,-0.204479,0.310108,1.611,-0.00784128,0.00859458,0.00581942,3.72435,0.0002,-4.7243e-10,-4.31405e-08,-4.7243e-10,0.000200012,1.12541e-06,-4.31405e-08,1.12541e-06,0.000199995
-0.202242,0.312295,1.6064,-0.204476,0.310178,1.61098,-0.00526446,0.00818215,0.00670186,3.75398,0.0002,-4.5207e-10,-4.14472e-08,-4.5207e-10,0.000200012,1.1216e-06,-4.14472e-08,1.1216e-06,0.000199996
-0.20018,0.312009,1.60731,-0.204467,0.310177,1.61098,-0.00320288,0.00789553,0.00761451,3.75398,0.0002,-4.90265e-10,-4.76238e-08,-4.90265e-10,0.000200012,1.11891e-06,-4.76238e-08,1.11891e-06,0.000199996
-0.198423,0.311636,1.60814,-0.204486,0.31018,1.61096,-0.00757795,0.00810085,0.0117449,3.75398,0.0002,-3.57859e-10,-2.88111e-08,-3.57859e-10,0.000200012,1.13504e-06,-2.88111e-08,1.13504e-06,0.000199996
-0.19701,0.311255,1.60861,-0.204468,0.31018,1.61098,-0.00616537,0.00771944,0.0122068,3.75398,0.0002,-1.50001e-10,-3.40677e-09,-1.50001e-10,0.000200012,1.14587e-06,-3.40677e-09,1.14587e-06,0.000199996
-0.192811,0.310705,1.60904,-0.1891,0.308312,1.6113,-0.00999085,0.00901151,0.0143481,3.75054,0.0002,-1.4208e-10,-7.74723e-09,-1.4208e-10,0.000200012,1.15204e-06,-7.74723e-09,1.15204e-06,0.000199995
-0.189436,0.310442,1.60949,-0.189089,0.308239,1.61129,-0.00661558,0.00874931,0.0147953,3.73167,0.0002,-3.7779e-10,-4.14972e-08,-3.7779e-10,0.000200012,1.15821e-06,-4.14972e-08,1.15821e-06,0.000199995
-0.186772,0.310189,1.60963,-0.189065,0.308236,1.61128,-0.00395157,0.00849568,0.0149442,3.73167,0.0002,-5.13542e-10,-5.61132e-08,-5.13542e-10,0.000200012,1.15562e-06,-5.61132e-08,1.15562e-06,0.000199995
-0.184725,0.30994,1.60975,-0.189066,0.308236,1.61126,-0.00496038,0.00787814,0.0106613,3.73167,0.0002,-5.56831e-10,-5.82025e-08,-5.56831e-10,0.000200012,1.14061e-06,-5.82025e-08,1.14061e-06,0.000199995
-0.18296,0.309755,1.61025,-0.18907,0.308283,1.61121,-0.00319565,0.00769329,0.0111593,3.76139,0.0002,-6.01799e-10,-6.05946e-08,-6.01799e-10,0.000200012,1.1514e-06,-6.05946e-08,1.1514e-06,0.000199995
-0.181458,0.309441,1.61065,-0.189078,0.30828,1.61124,-0.00860038,0.00739265,0.018174,3.75761,0.0002,-4.36477e-10,-3.5671e-08,-4.36477e-10,0.000200013,1.17297e-06,-3.5671e-08,1.17297e-06,0.000199995
-0.177012,0.308907,1.6098,-0.1734,0.307193,1.60588,-0.00415424,0.00685853,0.01732,3.71675,0.0002,-2.26996e-10,-1.03186e-08,-2.26996e-10,0.000200013,1.20419e-06,-1.03186e-08,1.20419e-06,0.000199995
-0.173617,0.30862,1.60895,-0.174184,0.307269,1.60506,-0.000759191,0.0065715,0.0164745,3.69829,0.0002,-2.18797e-10,-1.41101e-08,-2.18797e-10,0.000200014,1.22336e-06,-1.41101e-08,1.22336e-06,0.000199995
-0.17071,0.308611,1.60813,-0.173829,0.30729,1.60535,-0.00576312,0.00716905,0.0134677,3.69477,0.0002,-5.0328e-10,-5.08212e-08,-5.0328e-10,0.000200014,1.25474e-06,-5.08212e-08,1.25474e-06,0.000199995
-0.168446,0.30858,1.60716,-0.173822,0.307294,1.60536,-0.00349924,0.00713825,0.0124989,3.69853,0.0002,-6.98794e-10,-6.99661e-08,-6.98794e-10,0.000200015,1.2648e-06,-6.99661e-08,1.2648e-06,0.000199995
-0.166651,0.308518,1.60649,-0.1738,0.307226,1.60535,-0.00988874,0.00636991,0.00925577,3.68783,0.0002,-8.15676e-10,-7.83074e-08,-8.15676e-10,0.000200015,1.26799e-06,-7.83074e-08,1.26799e-06,0.000199995
-0.165162,0.308256,1.60594,-0.173786,0.307223,1.60532,-0.00839966,0.0061076,0.00871027,3.68407,0.0002,-6.20021e-10,-4.95658e-08,-6.20021e-10,0.000200015,1.27806e-06,-4.95658e-08,1.27806e-06,0.000199994
-0.160011,0.307938,1.60476,-0.154634,0.306895,1.60266,-0.00324891,0.00578994,0.00753504,3.88824,0.0002,-4.05639e-10,-2.46979e-08,-4.05639e-10,0.000200016,1.30514e-06,-2.46979e-08,1.30514e-06,0.000199994
-0.156258,0.307728,1.60281,-0.15615,0.307031,1.60121,-0.00754318,0.00585797,0.00747041,3.77866,0.0002,-2.49797e-10,-1.08395e-08,-2.49797e-10,0.000200016,1.31214e-06,-1.08395e-08,1.31214e-06,0.000199994
-0.153372,0.307702,1.6004,-0.157348,0.307105,1.60009,-0.00465708,0.0058322,0.0050627,3.70956,0.0002,-3.0454e-10,-2.16845e-08,-3.0454e-10,0.000200016,1.33641e-06,-2.16845e-08,1.33641e-06,0.000199994
-0.151113,0.307681,1.59751,-0.15696,0.307131,1.60042,-0.00239809,0.00581098,0.00216667,3.70401,0.0002,-3.31618e-10,-2.62563e-08,-3.31618e-10,0.000200016,1.33158e-06,-2.62563e-08,1.33158e-06,0.000199994
-0.149487,0.307571,1.59476,-0.157029,0.307138,1.60034,-0.0146333,0.00571403,-0.000779257,3.69969,0.0002,-2.14239e-10,-1.33323e-08,-2.14239e-10,0.000200016,1.30162e-06,-1.33323e-08,1.30162e-06,0.000199994
-0.143921,0.307043,1.59206,-0.136334,0.304712,1.60197,-0.00906718,0.00518601,-0.00348107,3.50823,0.0002,-1.71782e-10,-1.05507e-08,-1.71782e-10,0.000200016,1.30272e-06,-1.05507e-08,1.30272e-06,0.000199994
-0.139538,0.30662,1.58869,-0.136468,0.304723,1.60214,-0.00468345,0.00476277,-0.00684955,3.50445,0.0002,-1.22742e-10,-6.67333e-09,-1.22742e-10,0.000200016,1.29662e-06,-6.67333e-09,1.29662e-06,0.000199994
-0.136137,0.306301,1.58428,-0.137528,0.304723,1.60132,-0.0053357,0.00429884,-0.00529237,3.37787,0.0002,-9.63704e-11,-5.29432e-09,-9.63704e-11,0.000200016,1.30969e-06,-5.29432e-09,1.30969e-06,0.000199994
-0.133705,0.30599,1.57959,-0.138871,0.304802,1.6002,-0.00290353,0.00398802,-0.00997644,3.25646,0.0002,3.37357e-11,8.48673e-09,3.37357e-11,0.000200016,1.31469e-06,8.48673e-09,1.31469e-06,0.000199994
-0.131848,0.305608,1.57546,-0.139751,0.304598,1.59931,-0.00951888,0.00343604,-0.00444949,3.15998,0.0002,2.76786e-10,3.32922e-08,2.76786e-10,0.000200016,1.33142e-06,3.32922e-08,1.33142e-06,0.000199994
-0.130468,0.305042,1.5722,-0.139435,0.304614,1.59953,-0.00813819,0.00287025,-0.0077107,3.19269,0.0002,8.27985e-10,9.18833e-08,8.27985e-10,0.000200016,1.31456e-06,9.18833e-08,1.31456e-06,0.000199994
-0.125147,0.304126,1.56288,-0.117595,0.304133,1.56651,-0.0117706,0.00197188,0.0061551,3.44652,0.0002,1.66955e-09,1.81786e-07,1.66955e-09,0.000200016,1.27926e-06,1.81786e-07,1.27926e-06,0.000199994
-0.121092,0.302979,1.55563,-0.118244,0.304161,1.56593,-0.0077149,0.00082519,-0.00109962,3.3763,0.000200001,2.83678e-09,3.07697e-07,2.83678e-09,0.000200015,1.24419e-06,3.07697e-07,1.24419e-06,0.000199994
-0.11803,0.30161,1.55032,-0.118364,0.304186,1.56579,-0.00465358,-0.000543794,-0.00641261,3.3772,0.000200002,4.21306e-09,4.61954e-07,4.21306e-09,0.000200014,1.19492e-06,4.61954e-07,1.19492e-06,0.000199994
-0.115952,0.300074,1.54658,-0.118882,0.304133,1.56524,-0.011611,-0.00171856,0.0138676,3.29082,0.000200003,5.55323e-09,6.2934e-07,5.55323e-09,0.000200013,1.11939e-06,6.2934e-07,1.11939e-06,0.000199994
-0.114594,0.298563,1.54346,-0.118984,0.304105,1.56513,-0.010253,-0.0032295,0.010749,3.3004,0.000200005,6.54601e-09,7.80605e-07,6.54601e-09,0.000200011,1.0241e-06,7.80605e-07,1.0241e-06,0.000199994
-0.109756,0.296125,1.53121,-0.099327,0.299266,1.51524,-0.0134564,-0.00180812,0.0142873,3.13453,0.000200006,7.25716e-09,9.11574e-07,7.25716e-09,0.000200009,9.40406e-07,9.11574e-07,9.40406e-07,0.000199994
-0.106057,0.294064,1.5213,-0.0993124,0.299265,1.51526,-0.00975721,-0.00386882,0.00438386,3.13623,0.000200008,7.60922e-09,1.01474e-06,7.60922e-09,0.000200008,8.57109e-07,1.01474e-06,8.57109e-07,0.000199994
-0.103414,0.292381,1.51317,-0.0993154,0.299272,1.51525,-0.00711413,-0.00555138,-0.00375017,3.13453,0.00020001,7.44902e-09,1.08737e-06,7.44902e-09,0.000200006,7.51444e-07,1.08737e-06,7.51444e-07,0.000199994
-0.101343,0.29099,1.50629,-0.0995707,0.299182,1.51496,-0.0109545,0.00072574,0.0141222,3.12412,0.000200011,7.26065e-09,1.13918e-06,7.26065e-09,0.000200005,6.83248e-07,1.13918e-06,6.83248e-07,0.000199994
-0.0999132,0.289844,1.50017,-0.0995823,0.299186,1.51497,-0.00952482,-0.000420458,0.00799902,3.12412,0.000200012,6.80874e-09,1.17814e-06,6.80874e-09,0.000200004,6.01761e-07,1.17814e-06,6.01761e-07,0.000199994
-0.0989241,0.288951,1.49516,-0.099574,0.299173,1.51497,-0.0126713,0.00704919,0.0241847,3.12791,0.000200013,6.20602e-09,1.19878e-06,6.20602e-09,0.000200003,5.23327e-07,1.19878e-06,5.23327e-07,0.000199994
-0.0959622,0.284659,1.47872,-0.0883751,0.281775,1.4512,-0.00970944,0.00275665,0.00774119,2.02685,0.000200013,5.76573e-09,1.22308e-06,5.76573e-09,0.000200003,4.73598e-07,1.22308e-06,4.73598e-07,0.000199994
-0.0936466,0.281159,1.46525,-0.0883753,0.281782,1.4512,-0.0073938,-0.000743111,-0.00572528,2.01989,0.000200014,5.36307e-09,1.25072e-06,5.36307e-09,0.000200002,4.29654e-07,1.25072e-06,4.29654e-07,0.000199994
-0.0919326,0.278452,1.45427,-0.0883671,0.281777,1.4512,-0.0072064,0.000885528,-0.001466,2.02685,0.000200014,4.81077e-09,1.25422e-06,4.81077e-09,0.000200002,3.76386e-07,1.25422e-06,3.76386e-07,0.000199994
-0.0907599,0.276369,1.44517,-0.0883611,0.281784,1.45118,-0.0060337,-0.00119674,-0.0105669,2.02377,0.000200014,4.08222e-09,1.24357e-06,4.08222e-09,0.000200001,3.08042e-07,1.24357e-06,3.08042e-07,0.000199994
-0.0898525,0.274724,1.43758,-0.0883551,0.281776,1.45117,-0.00737573,0.00648043,0.00408907,2.02765,0.000200014,3.46895e-09,1.23354e-06,3.46895e-09,0.000200001,2.57208e-07,1.23354e-06,2.57208e-07,0.000199994
-0.0891897,0.27337,1.43171,-0.0883732,0.281783,1.45116,-0.00671292,0.00512676,-0.00178324,2.02298,0.000200014,2.93488e-09,1.23331e-06,2.93488e-09,0.000200001,2.1375e-07,1.23331e-06,2.1375e-07,0.000199994
-0.087921,0.26862,1.41582,-0.0844379,0.263207,1.3947,-0.00544427,0.000376745,-0.0176678,1.60411,0.000200014,2.5469e-09,1.22385e-06,2.5469e-09,0.000200001,1.88276e-07,1.22385e-06,1.88276e-07,0.000199994
-0.0868912,0.26481,1.40311,-0.0844554,0.263198,1.39469,-0.0066571,0.00556889,0.00111122,1.60382,0.000200014,2.26762e-09,1.21968e-06,2.26762e-09,0.0002,1.71778e-07,1.21968e-06,1.71778e-07,0.000199995
-0.0859918,0.261689,1.39346,-0.0844486,0.263251,1.39468,-0.00575764,0.00244822,-0.00854175,1.61165,0.000200014,2.16103e-09,1.23065e-06,2.16103e-09,0.0002,1.70895e-07,1.23065e-06,1.70895e-07,0.000199995
-0.0853023,0.259203,1.38563,-0.084438,0.26319,1.3947,-0.00648892,0.00766202,0.00670479,1.608,0.000200014,2.03211e-09,1.23427e-06,2.03211e-09,0.0002,1.63215e-07,1.23427e-06,1.63215e-07,0.000199995
-0.0844822,0.257118,1.37979,-0.0844573,0.2632,1.39469,-0.00566881,0.00557764,0.000857483,1.60382,0.000200015,2.30414e-09,1.25287e-06,2.30414e-09,0.0002,2.00463e-07,1.25287e-06,2.00463e-07,0.000199995
-0.0831501,0.251959,1.36484,-0.0812906,0.246142,1.34335,-0.00433668,0.000418558,-0.0140884,1.76933,0.000200015,2.68286e-09,1.27606e-06,2.68286e-09,0.0002,2.40246e-07,1.27606e-06,2.40246e-07,0.000199994
-0.082034,0.247874,1.35299,-0.0812889,0.246141,1.34335,-0.00400549,0.00544028,0.000168249,1.76933,0.000200015,3.01938e-09,1.28472e-06,3.01938e-09,0.000200001,2.70825e-07,1.28472e-06,2.70825e-07,0.000199994
-0.0808948,0.244629,1.34391,-0.0812949,0.246148,1.34332,-0.00286635,0.0021956,-0.00890669,1.76554,0.000200015,3.58982e-09,1.28747e-06,3.58982e-09,0.000200001,3.27936e-07,1.28747e-06,3.27936e-07,0.000199994
-0.079674,0.242193,1.33698,-0.0812814,0.246144,1.34339,-0.00361027,0.00891162,0.00838605,1.77904,0.000200015,4.36692e-09,1.26447e-06,4.36692e-09,0.000200001,4.12193e-07,1.26447e-06,4.12193e-07,0.000199994
-0.0785454,0.240553,1.33122,-0.081275,0.246154,1.34337,-0.00248165,0.00727124,0.00262614,1.77146,0.000200014,4.98499e-09,1.20161e-06,4.98499e-09,0.000200002,4.89238e-07,1.20161e-06,4.89238e-07,0.000199994
-0.0774317,0.239228,1.3264,-0.0812666,0.246153,1.34339,-0.00267741,0.0106801,0.00693445,1.7686,0.000200013,5.67172e-09,1.16451e-06,5.67172e-09,0.000200003,5.70841e-07,1.16451e-06,5.70841e-07,0.000199994
-0.0762674,0.23406,1.31359,-0.0806926,0.225825,1.29862,-0.00151309,0.00551197,-0.00588205,1.72397,0.000200013,6.42609e-09,1.14394e-06,6.42609e-09,0.000200003,6.55812e-07,1.14394e-06,6.55812e-07,0.000199994
-0.0751888,0.230108,1.30344,-0.0806832,0.225818,1.29862,-0.000434455,0.00155973,-0.0160294,1.72397,0.000200012,7.00516e-09,1.10279e-06,7.00516e-09,0.000200004,7.31374e-07,1.10279e-06,7.31374e-07,0.000199994
-0.0741586,0.227106,1.29512,-0.0806825,0.225822,1.29862,-0.00310171,0.00708243,0.00841808,1.72397,0.000200011,7.46128e-09,1.05252e-06,7.46128e-09,0.000200005,8.04795e-07,1.05252e-06,8.04795e-07,0.000199994
-0.073194,0.224917,1.28826,-0.0806882,0.22582,1.29863,-0.00213709,0.00489362,0.00155554,1.72397,0.00020001,7.72648e-09,9.87854e-07,7.72648e-09,0.000200006,8.73346e-07,9.87854e-07,8.73346e-07,0.000199994
-0.0724082,0.223306,1.28246,-0.080686,0.225817,1.29862,-0.00135135,0.00328267,-0.00424471,1.72397,0.000200009,7.76174e-09,9.25269e-07,7.76174e-09,0.000200007,9.18537e-07,9.25269e-07,9.18537e-07,0.000199994
-0.0699066,0.219037,1.26667,-0.0711698,0.210453,1.24553,-0.00494224,0.0102403,0.00692467,1.82785,0.000200008,7.62912e-09,8.63758e-07,7.62912e-09,0.000200008,9.49324e-07,8.63758e-07,9.49324e-07,0.000199994
-0.0678106,0.215657,1.25385,-0.0711683,0.21046,1.24556,-0.00284627,0.00686095,-0.00589831,1.82191,0.000200007,7.55121e-09,8.21427e-07,7.55121e-09,0.000200008,9.81784e-07,8.21427e-07,9.81784e-07,0.000199994
-0.0658958,0.212942,1.24328,-0.0711363,0.210545,1.24556,-0.000931487,0.0041452,-0.0164665,1.83264,0.000200007,7.71142e-09,8.01653e-07,7.71142e-09,0.000200009,1.0377e-06,8.01653e-07,1.0377e-06,0.000199994
-0.0645288,0.210627,1.23514,-0.0711684,0.210452,1.24555,-0.00678731,0.0083159,0.0059584,1.82785,0.000200006,7.83715e-09,8.09976e-07,7.83715e-09,0.00020001,1.04671e-06,8.09976e-07,1.04671e-06,0.000199994
-0.0636188,0.208593,1.22956,-0.0711563,0.210532,1.24558,-0.00587733,0.00628178,0.00038111,1.82548,0.000200007,7.98491e-09,8.47435e-07,7.98491e-09,0.00020001,1.0217e-06,8.47435e-07,1.0217e-06,0.000199994
-0.063111,0.20656,1.2252,-0.0711863,0.210542,1.24556,-0.00536947,0.00424872,-0.00397958,1.818,0.000200008,8.30252e-09,9.36931e-07,8.30252e-09,0.000200009,9.69761e-07,9.36931e-07,9.69761e-07,0.000199994
-0.0608345,0.20221,1.21277,-0.0592683,0.197917,1.19878,-0.00975368,0.00535944,0.00564067,2.1155,0.000200009,8.16305e-09,1.01884e-06,8.16305e-09,0.000200008,8.61012e-07,1.01884e-06,8.61012e-07,0.000199994
-0.0590779,0.198683,1.20276,-0.0582758,0.197944,1.19948,-0.00799709,0.00183288,-0.00436594,2.22117,0.00020001,7.717e-09,1.08111e-06,7.717e-09,0.000200006,7.46981e-07,1.08111e-06,7.46981e-07,0.000199994
-0.0578744,0.195607,1.19476,-0.0582747,0.197934,1.19949,-0.0126422,0.00512443,0.0107708,2.22468,0.000200012,7.23208e-09,1.16219e-06,7.23208e-09,0.000200005,6.39493e-07,1.16219e-06,6.39493e-07,0.000199994
-0.0571717,0.193036,1.18804,-0.0582692,0.197946,1.19947,-0.0119394,0.00255375,0.00405486,2.22117,0.000200013,6.51086e-09,1.23227e-06,6.51086e-09,0.000200004,5.26849e-07,1.23227e-06,5.26849e-07,0.000199994
-0.0568334,0.191015,1.18288,-0.0582644,0.19794,1.19948,-0.0141413,0.00409446,0.00914121,2.22468,0.000200014,5.57271e-09,1.27116e-06,5.57271e-09,0.000200003,4.17551e-07,1.27116e-06,4.17551e-07,0.000199994
-0.0547199,0.185928,1.1685,-0.0479501,0.181317,1.14716,-0.0120279,-0.000992636,-0.00523828,1.64442,0.000200015,4.6509e-09,1.31628e-06,4.6509e-09,0.000200002,3.22152e-07,1.31628e-06,3.22152e-07,0.000199994
-0.0532893,0.181786,1.15668,-0.047947,0.181262,1.14712,-0.0105973,-0.00513448,-0.0170623,1.65855,0.000200016,3.54165e-09,1.35549e-06,3.54165e-09,0.000200001,2.16065e-07,1.35549e-06,2.16065e-07,0.000199994
-0.0523052,0.178555,1.14649,-0.0480071,0.181271,1.14711,-0.0127295,0.00111945,-0.00313844,1.64795,0.000200017,2.41852e-09,1.36775e-06,2.41852e-09,0.000200001,1.21331e-07,1.36775e-06,1.21331e-07,0.000199994
-0.0514675,0.175966,1.13864,-0.0479969,0.181273,1.14705,-0.0118917,-0.00146986,-0.01099,1.64795,0.000200017,1.61754e-09,1.37662e-06,1.61754e-09,0.0002,6.64962e-08,1.37662e-06,6.64962e-08,0.000199994
-0.0507979,0.173899,1.13237,-0.0479318,0.181295,1.14713,-0.0112589,0.00628565,0.00532204,1.65149,0.000200017,9.9144e-10,1.38219e-06,9.9144e-10,0.0002,2.74673e-08,1.38219e-06,2.74673e-08,0.000199993
-0.0502845,0.172371,1.12725,-0.047924,0.181307,1.14712,-0.0107455,0.00475789,0.00020134,1.64795,0.000200017,4.90279e-10,1.36589e-06,4.90279e-10,0.0002,-2.53762e-09,1.36589e-06,-2.53762e-09,0.000199993
-0.04988,0.167205,1.11491,-0.047623,0.161584,1.10484,-0.010341,-0.000408012,-0.0121435,1.20437,0.000200017,1.10679e-10,1.35535e-06,1.10679e-10,0.0002,-2.40801e-08,1.35535e-06,-2.40801e-08,0.000199994
-0.0495764,0.162977,1.10524,-0.0476231,0.161576,1.10484,-0.00973217,0.00495923,0.00503615,1.21138,0.000200017,-2.1585e-10,1.36352e-06,-2.1585e-10,0.0002,-4.37085e-08,1.36352e-06,-4.37085e-08,0.000199994
-0.0493137,0.159576,1.0975,-0.0476305,0.161576,1.10484,-0.0094695,0.0015587,-0.0027001,1.20788,0.000200017,-4.42624e-10,1.37157e-06,-4.42624e-10,0.0002,-5.5014e-08,1.37157e-06,-5.5014e-08,0.000199994
-0.0489263,0.156858,1.09173,-0.0476246,0.161591,1.10485,-0.0083578,0.0083463,0.0152254,1.20437,0.000200018,-3.61884e-10,1.37708e-06,-3.61884e-10,0.0002,-3.5416e-08,1.37708e-06,-3.5416e-08,0.000199993
-0.048541,0.154613,1.08721,-0.0476206,0.161575,1.10483,-0.00797246,0.00610087,0.0107057,1.21138,0.000200018,-1.87478e-10,1.39158e-06,-1.87478e-10,0.0002,-1.22575e-08,1.39158e-06,-1.22575e-08,0.000199993
-0.048066,0.152969,1.08359,-0.0476156,0.16159,1.10482,-0.00749747,0.00445696,0.00708761,1.20437,0.000200018,1.90813e-10,1.37735e-06,1.90813e-10,0.0002,2.83445e-08,1.37735e-06,2.83445e-08,0.000199993
-0.0478172,0.147802,1.06965,-0.04938,0.142199,1.04857,-0.00661651,0.00879203,0.0122154,1.26416,0.000200017,9.06287e-10,1.36385e-06,9.06287e-10,0.0002,1.01568e-07,1.36385e-06,1.01568e-07,0.000199993
-0.0474356,0.143599,1.05828,-0.0493886,0.142213,1.04856,-0.00623492,0.00458959,0.000852354,1.2607,0.000200017,1.70311e-09,1.36702e-06,1.70311e-09,0.0002,1.74596e-07,1.36702e-06,1.74596e-07,0.000199993
-0.0470126,0.14033,1.0495,-0.0493428,0.142212,1.04855,-0.00589371,0.00997479,0.0148104,1.25724,0.000200017,2.42978e-09,1.35464e-06,2.42978e-09,0.0002,2.36617e-07,1.35464e-06,2.36617e-07,0.000199993
-0.0464482,0.137738,1.04216,-0.0493436,0.142186,1.04855,-0.00532928,0.00738343,0.00747499,1.25724,0.000200017,3.26448e-09,1.34278e-06,3.26448e-09,0.000200001,3.10376e-07,1.34278e-06,3.10376e-07,0.000199993
-0.0460373,0.135658,1.0362,-0.0493421,0.14221,1.04856,-0.00491836,0.00530303,0.00150589,1.25724,0.000200017,3.82224e-09,1.33755e-06,3.82224e-09,0.000200001,3.49358e-07,1.33755e-06,3.49358e-07,0.000199993
-0.0452353,0.131019,1.01956,-0.0468394,0.126146,0.991344,-0.00611902,0.0102468,0.00764107,1.37173,0.000200016,4.1818e-09,1.29318e-06,4.1818e-09,0.000200001,3.80698e-07,1.29318e-06,3.80698e-07,0.000199994
-0.044561,0.127312,1.00625,-0.0468517,0.126147,0.991346,-0.00544474,0.00653964,-0.00566564,1.38494,0.000200015,4.4458e-09,1.26519e-06,4.4458e-09,0.000200001,4.02846e-07,1.26519e-06,4.02846e-07,0.000199994
-0.0439729,0.124325,0.995297,-0.04684,0.12616,0.991336,-0.00485664,0.00355233,-0.016623,1.37173,0.000200015,4.67734e-09,1.25211e-06,4.67734e-09,0.000200002,4.21433e-07,1.25211e-06,4.21433e-07,0.000199994
-0.043492,0.121934,0.986845,-0.0468499,0.12616,0.991354,-0.00546411,0.00571348,-0.0111743,1.38164,0.000200015,4.84423e-09,1.24449e-06,4.84423e-09,0.000200002,4.3336e-07,1.24449e-06,4.3336e-07,0.000199994
-0.0428141,0.120048,0.980388,-0.0468201,0.12616,0.991318,-0.00478617,0.00382734,-0.0176315,1.37173,0.000200015,5.31466e-09,1.23644e-06,5.31466e-09,0.000200002,4.85577e-07,1.23644e-06,4.85577e-07,0.000199994
-0.0419596,0.115075,0.972256,-0.0464253,0.108488,0.977566,-0.00617394,0.00687487,-0.00453464,2.08294,0.000200014,5.94536e-09,1.21996e-06,5.94536e-09,0.000200003,5.57721e-07,1.21996e-06,5.57721e-07,0.000199994
-0.0411926,0.111385,0.965753,-0.0464328,0.108495,0.977571,-0.00540694,0.00318457,-0.0110378,2.07611,0.000200013,6.33882e-09,1.16452e-06,6.33882e-09,0.000200003,6.16441e-07,1.16452e-06,6.16441e-07,0.000199994
-0.0405979,0.10849,0.960153,-0.0464324,0.108511,0.977646,-0.00766488,0.00868555,0.00460937,2.07586,0.000200012,6.54085e-09,1.12137e-06,6.54085e-09,0.000200004,6.49688e-07,1.12137e-06,6.49688e-07,0.000199994
-0.0401716,0.106012,0.955289,-0.0463356,0.108548,0.977786,-0.00723856,0.00620815,-0.00025489,2.0404,0.000200012,6.69989e-09,1.12141e-06,6.69989e-09,0.000200004,6.58352e-07,1.12141e-06,6.58352e-07,0.000199994
-0.0400923,0.103949,0.95202,-0.0463,0.108548,0.977787,-0.00715933,0.00414495,-0.00352377,2.03059,0.000200012,6.54168e-09,1.13408e-06,6.54168e-09,0.000200004,6.20249e-07,1.13408e-06,6.20249e-07,0.000199994
-0.0404536,0.102161,0.9496,-0.0462315,0.108557,0.978241,-0.0112075,0.00954366,0.0220463,1.97658,0.000200013,5.94299e-09,1.16362e-06,5.94299e-09,0.000200003,5.24756e-07,1.16362e-06,5.24756e-07,0.000199994
-0.0383063,0.0967229,0.933706,-0.0326047,0.0899264,0.908918,-0.00906019,0.00410576,0.00615194,2.55061,0.000200014,5.2954e-09,1.22205e-06,5.2954e-09,0.000200002,4.29664e-07,1.22205e-06,4.29664e-07,0.000199994
-0.0367643,0.0921966,0.921613,-0.0327017,0.0899093,0.908927,-0.0122325,0.00712126,0.0207896,2.53289,0.000200015,4.59193e-09,1.28799e-06,4.59193e-09,0.000200002,3.41091e-07,1.28799e-06,3.41091e-07,0.000199994
-0.0356214,0.0886261,0.911939,-0.0327026,0.0899082,0.908928,-0.0110897,0.00355077,0.0111156,2.53289,0.000200016,3.85498e-09,1.32263e-06,3.85498e-09,0.000200001,2.67512e-07,1.32263e-06,2.67512e-07,0.000199994
-0.0361023,0.0857163,0.903692,-0.0387124,0.0899097,0.907983,-0.0115706,0.000640949,0.00286818,2.34259,0.000200016,2.99847e-09,1.35342e-06,2.99847e-09,0.000200001,1.8729e-07,1.35342e-06,1.8729e-07,0.000199994
-0.0353809,0.0833506,0.897082,-0.0326871,0.0899242,0.908913,-0.0129059,0.00732876,0.0127513,2.53432,0.000200017,2.17444e-09,1.3796e-06,2.17444e-09,0.0002,1.17804e-07,1.3796e-06,1.17804e-07,0.000199994
-0.0346261,0.0815707,0.891903,-0.0325838,0.0899367,0.908945,-0.012151,0.00554878,0.00757218,2.55682,0.000200017,1.75177e-09,1.37901e-06,1.75177e-09,0.0002,9.72601e-08,1.37901e-06,9.72601e-08,0.000199994
-0.033894,0.0764966,0.877297,-0.0324044,0.0713197,0.856645,-0.011419,0.0004747,-0.0070336,1.19882,0.000200017,1.6725e-09,1.36637e-06,1.6725e-09,0.0002,1.09352e-07,1.36637e-06,1.09352e-07,0.000199994
-0.0330925,0.0724297,0.865716,-0.0324155,0.0713374,0.856651,-0.0100725,0.00579816,0.00699048,1.19882,0.000200017,1.92132e-09,1.36053e-06,1.92132e-09,0.0002,1.48851e-07,1.36053e-06,1.48851e-07,0.000199994
-0.0325528,0.0690713,0.856657,-0.0324107,0.0713194,0.856644,-0.00953281,0.00243973,-0.00206905,1.19882,0.000200017,1.98054e-09,1.37308e-06,1.98054e-09,0.0002,1.55248e-07,1.37308e-06,1.55248e-07,0.000199993
-0.0322008,0.0663722,0.848532,-0.0321262,0.0713122,0.855364,-0.0094603,0.00966895,0.0146336,1.09084,0.000200018,1.81222e-09,1.38286e-06,1.81222e-09,0.0002,1.35182e-07,1.38286e-06,1.35182e-07,0.000199993
-0.0323911,0.0643011,0.84193,-0.032125,0.0713071,0.855369,-0.00965068,0.0075979,0.00803144,1.09084,0.000200018,9.67951e-10,1.37401e-06,9.67951e-10,0.0002,4.5064e-08,1.37401e-06,4.5064e-08,0.000199993
-0.0328984,0.0586545,0.826395,-0.0318135,0.0508372,0.804612,-0.0110011,0.011709,0.0160386,1.33302,0.000200017,-1.96599e-10,1.35128e-06,-1.96599e-10,0.0002,-6.96805e-08,1.35128e-06,-6.96805e-08,0.000199993
-0.0334453,0.0540243,0.814383,-0.0318152,0.0508508,0.804617,-0.011548,0.00707889,0.00402673,1.33302,0.000200017,-1.32589e-09,1.35505e-06,-1.32589e-09,0.0002,-1.68829e-07,1.35505e-06,-1.68829e-07,0.000199994
-0.0337823,0.0502399,0.804881,-0.0318229,0.0508468,0.804635,-0.011885,0.00329444,-0.00547596,1.33302,0.000200017,-2.08165e-09,1.37002e-06,-2.08165e-09,0.0002,-2.18569e-07,1.37002e-06,-2.18569e-07,0.000199993
-0.0336446,0.047134,0.79758,-0.0318144,0.0508417,0.804592,-0.0113456,0.00921692,0.0161629,1.33302,0.000200018,-2.08682e-09,1.3923e-06,-2.08682e-09,0.0002,-1.87452e-07,1.3923e-06,-1.87452e-07,0.000199993
-0.0330977,0.0446864,0.791737,-0.0318184,0.0508391,0.804586,-0.0107987,0.00676937,0.01032,1.33302,0.000200018,-1.41184e-09,1.40116e-06,-1.41184e-09,0.0002,-9.91218e-08,1.40116e-06,-9.91218e-08,0.000199993
-0.0322508,0.0428202,0.787375,-0.0318187,0.0508276,0.804598,-0.00995178,0.00490312,0.00595804,1.32975,0.000200018,-2.57687e-10,1.39265e-06,-2.57687e-10,0.0002,2.20405e-08,1.39265e-06,2.20405e-08,0.000199993
-0.0316154,0.0380499,0.778107,-0.0328387,0.0338546,0.775209,-0.00830392,0.00462206,0.0094275,1.09602,0.000200018,9.1611e-10,1.36854e-06,9.1611e-10,0.0002,1.31299e-07,1.36854e-06,1.31299e-07,0.000199993
-0.0310524,0.0342002,0.770176,-0.0327939,0.033865,0.775215,-0.00774083,0.000772314,0.00149672,1.09282,0.000200017,1.84914e-09,1.35921e-06,1.84914e-09,0.0002,2.06032e-07,1.35921e-06,2.06032e-07,0.000199993
-0.030793,0.0310876,0.763936,-0.0327783,0.0338592,0.775215,-0.0060892,0.00734728,0.0154312,1.09602,0.000200017,2.2582e-09,1.35829e-06,2.2582e-09,0.0002,2.21099e-07,1.35829e-06,2.21099e-07,0.000199993
-0.0307776,0.0285982,0.758737,-0.0327854,0.0338564,0.775214,-0.00607383,0.00485788,0.0102319,1.09602,0.000200017,2.25428e-09,1.35739e-06,2.25428e-09,0.0002,1.98702e-07,1.35739e-06,1.98702e-07,0.000199993
-0.0309887,0.0264917,0.754681,-0.0327912,0.0338662,0.775214,-0.00752319,0.0118284,0.0274833,1.09282,0.000200018,1.91105e-09,1.37512e-06,1.91105e-09,0.0002,1.47533e-07,1.37512e-06,1.47533e-07,0.000199993
-0.0314139,0.0204406,0.737737,-0.0334065,0.0123754,0.707249,-0.00794839,0.00577734,0.0105397,1.51635,0.000200018,1.55845e-09,1.39598e-06,1.55845e-09,0.0002,1.07472e-07,1.39598e-06,1.07472e-07,0.000199993
-0.0314772,0.0157373,0.724286,-0.0334055,0.0123837,0.707246,-0.0080117,0.00107411,-0.00291155,1.5198,0.000200018,1.634e-09,1.38818e-06,1.634e-09,0.0002,1.22575e-07,1.38818e-06,1.22575e-07,0.000199993
-0.0310908,0.0121251,0.713009,-0.0334182,0.0123896,0.707255,-0.0076345,0.00663932,0.00795263,1.51331,0.000200017,2.28052e-09,1.36021e-06,2.28052e-09,0.0002,1.9932e-07,1.36021e-06,1.9932e-07,0.000199993
-0.0305307,0.00917897,0.703367,-0.0334185,0.0123852,0.707257,-0.00707443,0.00369321,-0.00168945,1.51656,0.000200017,3.12544e-09,1.35212e-06,3.12544e-09,0.000200001,2.85509e-07,1.35212e-06,2.85509e-07,0.000199993
-0.0300847,0.00699207,0.695654,-0.0334206,0.0123666,0.707256,-0.00767907,0.0110315,0.0189421,1.51656,0.000200017,3.69824e-09,1.31969e-06,3.69824e-09,0.000200001,3.3869e-07,1.31969e-06,3.3869e-07,0.000199993
-0.029779,0.00533604,0.689792,-0.0333521,0.0123811,0.707243,-0.00737334,0.00937544,0.01308,1.53908,0.000200016,3.98245e-09,1.28474e-06,3.98245e-09,0.000200001,3.61256e-07,1.28474e-06,3.61256e-07,0.000199994
-0.02917,0.000106095,0.675814,-0.0312751,-0.00628226,0.661855,-0.00676438,0.0041455,-0.000897818,1.51193,0.000200016,4.2346e-09,1.28769e-06,4.2346e-09,0.000200001,3.75239e-07,1.28769e-06,3.75239e-07,0.000199994
-0.0285864,-0.00400543,0.664427,-0.0311793,-0.00628208,0.661864,-0.00618073,3.39702e-05,-0.0122844,1.52459,0.000200016,4.46773e-09,1.27898e-06,4.46773e-09,0.000200001,3.93614e-07,1.27898e-06,3.93614e-07,0.000199994
-0.0280522,-0.00718963,0.655008,-0.0312765,-0.0062685,0.661863,-0.00564657,-0.00315023,-0.0217037,1.51193,0.000200015,4.68987e-09,1.258e-06,4.68987e-09,0.000200001,4.16856e-07,1.258e-06,4.16856e-07,0.000199994
-0.0274944,-0.00976351,0.647372,-0.0312998,-0.00627702,0.661874,-0.00641249,-0.00195207,-0.0183539,1.5056,0.000200015,5.02458e-09,1.24952e-06,5.02458e-09,0.000200002,4.51351e-07,1.24952e-06,4.51351e-07,0.000199994
-0.0272302,-0.0117443,0.641258,-0.0312977,-0.00627858,0.661845,-0.0075673,0.000734992,-0.012871,1.5056,0.000200014,4.99104e-09,1.23168e-06,4.99104e-09,0.000200002,4.42903e-07,1.23168e-06,4.42903e-07,0.000199994
-0.0269328,-0.0132526,0.636678,-0.0311787,-0.0062841,0.661848,-0.00726982,-0.000773398,-0.0174505,1.53087,0.000200014,4.99144e-09,1.20836e-06,4.99144e-09,0.000200002,4.46761e-07,1.20836e-06,4.46761e-07,0.000199994
-0.0253578,-0.0180364,0.620929,-0.0244567,-0.0242783,0.603486,-0.00975974,0.00735415,0.011943,1.87176,0.000200014,5.0336e-09,1.18629e-06,5.0336e-09,0.000200002,4.58124e-07,1.18629e-06,4.58124e-07,0.000199994
-0.0245211,-0.0215152,0.607901,-0.0264455,-0.0241716,0.603944,-0.00892302,0.00387537,-0.0010846,1.73222,0.000200012,4.85527e-09,1.12113e-06,4.85527e-09,0.000200002,4.58422e-07,1.12113e-06,4.58422e-07,0.000199994
-0.0240175,-0.0236613,0.5981,-0.0262416,-0.0241723,0.603939,-0.0114766,0.00996617,0.00903665,1.71673,0.00020001,4.18976e-09,9.77847e-07,4.18976e-09,0.000200002,4.24956e-07,9.77847e-07,4.24956e-07,0.000199995
-0.0239426,-0.0248901,0.591295,-0.0258577,-0.0242192,0.603934,-0.0114017,0.0087374,0.0022314,1.71125,0.000200008,3.14509e-09,8.06094e-07,3.14509e-09,0.000200001,3.39011e-07,8.06094e-07,3.39011e-07,0.000199996
-0.0240265,-0.0255009,0.586556,-0.0253871,-0.0242571,0.603832,-0.0114856,0.00812659,-0.00250759,1.76201,0.000200006,2.16553e-09,6.35002e-07,2.16553e-09,0.000200001,2.46485e-07,6.35002e-07,2.46485e-07,0.000199997
-0.0223789,-0.0288684,0.572915,-0.0163693,-0.039424,0.552502,-0.0135061,0.0123095,0.00959835,1.91631,0.000200004,1.46676e-09,4.99106e-07,1.46676e-09,0.000200001,1.77591e-07,4.99106e-07,1.77591e-07,0.000199998
-0.0210644,-0.0314362,0.562519,-0.0163671,-0.0394188,0.552499,-0.0121916,0.00974163,-0.000797972,1.91631,0.000200003,9.94625e-10,3.92545e-07,9.94625e-10,0.0002,1.31805e-07,3.92545e-07,1.31805e-07,0.000199998
-0.0199261,-0.0335134,0.554098,-0.0163711,-0.0394349,0.552502,-0.0118685,0.0115544,0.0182437,1.91631,0.000200002,7.20104e-10,3.27838e-07,7.20104e-10,0.0002,1.15788e-07,3.27838e-07,1.15788e-07,0.000199999
-0.0189916,-0.035246,0.547181,-0.0164688,-0.0394241,0.552634,-0.0109339,0.00982173,0.0113265,1.89679,0.000200001,5.58547e-10,2.98332e-07,5.58547e-10,0.0002,1.11937e-07,2.98332e-07,1.11937e-07,0.000199999
-0.0190814,-0.0365874,0.542093,-0.0208286,-0.0393076,0.553833,-0.0110237,0.00848033,0.00623823,1.64563,0.000200001,4.58555e-10,2.76203e-07,4.58555e-10,0.0002,1.14724e-07,2.76203e-07,1.14724e-07,0.000199999
-0.0179154,-0.0384595,0.529221,-0.0146472,-0.0429447,0.510335,-0.0108877,0.0079248,0.010732,1.14858,0.000200001,4.03904e-10,2.72785e-07,4.03904e-10,0.0002,1.18329e-07,2.72785e-07,1.18329e-07,0.000199999
-0.0170293,-0.0399361,0.518795,-0.0144232,-0.0429443,0.510213,-0.0100016,0.00644816,0.000306357,1.18743,0.000200001,3.40246e-10,2.67399e-07,3.40246e-10,0.0002,1.05447e-07,2.67399e-07,1.05447e-07,0.0002
-0.0163858,-0.0411471,0.510605,-0.014694,-0.0429433,0.510447,-0.0101363,0.00713739,0.0142509,1.1454,0.000200001,2.95055e-10,2.68886e-07,2.95055e-10,0.0002,9.49389e-08,2.68886e-07,9.49389e-08,0.0002
-0.0160006,-0.0420212,0.504515,-0.0153052,-0.0429415,0.510691,-0.00975109,0.00626325,0.0081613,1.07644,0.000200001,2.52417e-10,2.54837e-07,2.52417e-10,0.0002,8.68648e-08,2.54837e-07,8.68648e-08,0.0002
-0.0157393,-0.0427662,0.499747,-0.0153036,-0.042919,0.510692,-0.00948985,0.0055183,0.00339336,1.0701,0.000200001,2.13744e-10,2.53859e-07,2.13744e-10,0.0002,7.38516e-08,2.53859e-07,7.38516e-08,0.0002
-0.0157141,-0.0437797,0.496454,-0.0152956,-0.0429223,0.51071,-0.0102211,0.0067899,0.0222812,1.0701,0.000200001,1.50463e-10,3.19662e-07,1.50463e-10,0.0002,3.51133e-08,3.19662e-07,3.51133e-08,0.0002
-0.0160529,-0.0462651,0.484281,-0.0155271,-0.0500104,0.46923,-0.0105598,0.00430458,0.0101087,1.1837,0.000200001,-4.04259e-11,4.02465e-07,-4.04259e-11,0.0002,-3.81662e-08,4.02465e-07,-3.81662e-08,0.0002
-0.0165907,-0.0483672,0.474023,-0.0155363,-0.0500532,0.469213,-0.0109153,0.0031784,0.00834118,1.18693,0.000200002,-3.74633e-10,4.71881e-07,-3.74633e-10,0.0002,-1.28495e-07,4.71881e-07,-1.28495e-07,0.000199999
-0.0171907,-0.0501436,0.465302,-0.0155405,-0.0500195,0.469229,-0.0115153,0.00140194,-0.000379845,1.18693,0.000200002,-7.94496e-10,5.31919e-07,-7.94496e-10,0.0002,-2.14499e-07,5.31919e-07,-2.14499e-07,0.000199999
-0.0177806,-0.0516899,0.458421,-0.0155314,-0.0500472,0.469191,-0.0125861,0.00240292,0.0160953,1.19015,0.000200003,-1.25789e-09,5.88851e-07,-1.25789e-09,0.000200001,-2.88411e-07,5.88851e-07,-2.88411e-07,0.000199999
-0.0184494,-0.0530167,0.45291,-0.0155339,-0.0500401,0.469161,-0.0132549,0.00107606,0.0105845,1.19338,0.000200003,-1.80515e-09,6.39009e-07,-1.80515e-09,0.000200001,-3.68081e-07,6.39009e-07,-3.68081e-07,0.000199999
-0.0191347,-0.0541205,0.448401,-0.0155467,-0.0500324,0.469178,-0.0139402,-2.77054e-05,0.00607552,1.18693,0.000200004,-2.37377e-09,6.77211e-07,-2.37377e-09,0.000200002,-4.43527e-07,6.77211e-07,-4.43527e-07,0.000199998
-0.0197892,-0.0559258,0.43488,-0.0165053,-0.0547174,0.420117,-0.0110583,0.00230561,0.0107231,1.04888,0.000200004,-2.74076e-09,7.0271e-07,-2.74076e-09,0.000200002,-4.73311e-07,7.0271e-07,-4.73311e-07,0.000199998
-0.0199912,-0.0572277,0.423755,-0.0165164,-0.0547166,0.420132,-0.0112602,0.00100374,-0.000402105,1.05547,0.000200004,-2.70745e-09,6.95631e-07,-2.70745e-09,0.000200002,-4.41979e-07,6.95631e-07,-4.41979e-07,0.000199998
-0.0197093,-0.0582428,0.414856,-0.0165404,-0.05471,0.420141,-0.00705182,0.004967,0.0162981,1.05334,0.000200004,-2.33339e-09,6.87118e-07,-2.33339e-09,0.000200001,-3.51384e-07,6.87118e-07,-3.51384e-07,0.000199998
-0.0192981,-0.0588987,0.407831,-0.0165148,-0.0547029,0.420097,-0.0066407,0.00431106,0.00927353,1.05226,0.000200004,-1.86378e-09,6.56932e-07,-1.86378e-09,0.000200001,-2.65132e-07,6.56932e-07,-2.65132e-07,0.000199998
-0.0187525,-0.0593485,0.402314,-0.0165185,-0.0547035,0.420093,-0.00609501,0.00386132,0.00375636,1.05226,0.000200004,-1.35679e-09,6.25964e-07,-1.35679e-09,0.000200001,-1.75596e-07,6.25964e-07,-1.75596e-07,0.000199998
-0.0198961,-0.0615597,0.388859,-0.0242334,-0.064327,0.374386,-0.00476808,0.00640142,0.0150183,1.00562,0.000200004,-9.861e-10,5.95375e-07,-9.861e-10,0.0002,-1.20161e-07,5.95375e-07,-1.20161e-07,0.000199998
-0.0207874,-0.0630161,0.378815,-0.0242376,-0.0643205,0.374361,-0.00565942,0.00494497,0.00497433,1.00562,0.000200003,-6.83063e-10,5.25761e-07,-6.83063e-10,0.0002,-8.14099e-08,5.25761e-07,-8.14099e-08,0.000199999
-0.0215036,-0.0639527,0.370969,-0.0242336,-0.0643209,0.374267,-0.00637562,0.00400839,-0.00287185,1.00562,0.000200002,-4.68349e-10,4.44505e-07,-4.68349e-10,0.0002,-5.76454e-08,4.44505e-07,-5.76454e-08,0.000199999
-0.0220868,-0.0645688,0.364687,-0.0242379,-0.0643267,0.37424,-0.0060602,0.00730601,0.0160883,1.00562,0.000200002,-3.25239e-10,3.70948e-07,-3.25239e-10,0.0002,-4.41562e-08,3.70948e-07,-4.41562e-08,0.000199999
-0.0225064,-0.064952,0.359661,-0.0242381,-0.064329,0.374237,-0.00647986,0.00692279,0.0110625,1.00562,0.000200001,-2.12127e-10,3.06319e-07,-2.12127e-10,0.0002,-2.80513e-08,3.06319e-07,-2.80513e-08,0.000199999
-0.0227631,-0.0652937,0.355534,-0.024247,-0.06432,0.374222,-0.00611411,0.00903793,0.0314185,1.00562,0.000200001,-1.17161e-10,2.71036e-07,-1.17161e-10,0.0002,-5.00196e-09,2.71036e-07,-5.00196e-09,0.000199999
-0.0230033,-0.0666718,0.344737,-0.024364,-0.069842,0.334671,-0.00635428,0.00765984,0.0206208,1.08187,0.000200001,-5.5187e-11,2.48501e-07,-5.5187e-11,0.0002,9.47882e-09,2.48501e-07,9.47882e-09,0.0002
-0.0233129,-0.0678836,0.336194,-0.0243465,-0.0698331,0.334628,-0.00666393,0.00644802,0.0120777,1.07552,0.000200001,-4.47893e-11,2.51715e-07,-4.47893e-11,0.0002,-1.16955e-09,2.51715e-07,-1.16955e-09,0.0002
-0.0234485,-0.0688389,0.329057,-0.0243096,-0.0698393,0.334668,-0.00693421,0.00690166,0.0235868,1.08879,0.000200001,-1.38701e-11,2.5145e-07,-1.38701e-11,0.0002,8.395e-09,2.5145e-07,8.395e-09,0.0002
-0.0234709,-0.0695488,0.323446,-0.0243356,-0.0698399,0.334648,-0.00695651,0.00619176,0.0179766,1.08244,0.000200001,3.05024e-11,2.42748e-07,3.05024e-11,0.0002,2.89599e-08,2.42748e-07,2.89599e-08,0.0002
-0.0236125,-0.0700233,0.319173,-0.0243386,-0.0698385,0.334685,-0.00748892,0.00728301,0.0270061,1.08822,0.000200001,2.96885e-11,2.22113e-07,2.96885e-11,0.0002,2.24084e-08,2.22113e-07,2.24084e-08,0.0002
-0.0236722,-0.0703605,0.316065,-0.0243336,-0.0698278,0.334687,-0.00754869,0.00694584,0.0238981,1.08505,0.0002,3.84747e-11,2.02552e-07,3.84747e-11,0.0002,2.66324e-08,2.02552e-07,2.66324e-08,0.0002
-0.0237309,-0.0714218,0.303295,-0.0241972,-0.0735098,0.283269,-0.0076073,0.00588456,0.0111283,1.06532,0.0002,3.95931e-11,1.98623e-07,3.95931e-11,0.0002,2.47276e-08,1.98623e-07,2.47276e-08,0.0002
-0.0237749,-0.072312,0.292677,-0.0242319,-0.0735114,0.283327,-0.00725843,0.00673788,0.0209369,1.06047,0.0002,4.23094e-11,2.02716e-07,4.23094e-11,0.0002,2.45703e-08,2.02716e-07,2.45703e-08,0.0002
-0.0237842,-0.073104,0.284173,-0.024211,-0.0735015,0.283281,-0.0072678,0.00594587,0.0124331,1.06207,0.0002,5.05504e-11,2.18492e-07,5.05504e-11,0.0002,2.7486e-08,2.18492e-07,2.7486e-08,0.0002
-0.0237505,-0.0736602,0.277265,-0.0242074,-0.0735084,0.283274,-0.00716227,0.00680212,0.02323,1.06207,0.0002,6.36592e-11,2.16082e-07,6.36592e-11,0.0002,3.56298e-08,2.16082e-07,3.56298e-08,0.0002
-0.0237441,-0.0741295,0.27164,-0.0242287,-0.0734963,0.283299,-0.00715589,0.0063328,0.017605,1.06047,0.0002,7.05762e-11,2.18849e-07,7.05762e-11,0.0002,3.79272e-08,2.18849e-07,3.79272e-08,0.0002
-0.0235087,-0.0743668,0.262823,-0.0226516,-0.0730214,0.261196,-0.0075066,0.00749411,0.0298014,0.893865,0.0002,5.56519e-11,2.13501e-07,5.56519e-11,0.0002,2.64394e-08,2.13501e-07,2.64394e-08,0.0002
-0.0233984,-0.0745669,0.255594,-0.0228262,-0.0730173,0.26135,-0.00739632,0.00729405,0.0225719,0.868402,0.0002,3.40008e-11,2.11805e-07,3.40008e-11,0.0002,1.18326e-08,2.11805e-07,1.18326e-08,0.0002
-0.0233764,-0.0747829,0.250002,-0.0229963,-0.0730383,0.261276,-0.00737436,0.00707796,0.0169804,0.884103,0.0002,9.46732e-12,2.18949e-07,9.46732e-12,0.0002,-2.97407e-09,2.18949e-07,-2.97407e-09,0.0002
-0.0233269,-0.074954,0.245539,-0.0228287,-0.0730298,0.261325,-0.00777042,0.00852492,0.0336489,0.869424,0.0002,-1.07986e-11,2.2346e-07,-1.07986e-11,0.0002,-1.29164e-08,2.2346e-07,-1.29164e-08,0.0002
-0.0233118,-0.0750765,0.242489,-0.0228149,-0.0730355,0.261345,-0.00775532,0.00840242,0.0305997,0.874691,0.0002,-3.24926e-11,2.23799e-07,-3.24926e-11,0.0002,-2.37068e-08,2.23799e-07,-2.37068e-08,0.0002
-0.0233497,-0.0752511,0.24036,-0.0228282,-0.0730318,0.26134,-0.00746599,0.0103587,0.0491248,0.869424,0.000200001,-6.33269e-11,2.36282e-07,-6.33269e-11,0.0002,-3.83783e-08,2.36282e-07,-3.83783e-08,0.0002
-0.0230629,-0.0771144,0.225789,-0.021369,-0.0817138,0.197005,-0.00717926,0.00849543,0.0345547,1.75526,0.000200001,-7.7346e-11,2.4265e-07,-7.7346e-11,0.0002,-4.13433e-08,2.4265e-07,-4.13433e-08,0.0002
-0.0226659,-0.0785974,0.213393,-0.0207141,-0.0817277,0.196407,-0.00678223,0.00701243,0.0221579,1.89412,0.000200001,-7.84862e-11,2.44987e-07,-7.84862e-11,0.0002,-3.79958e-08,2.44987e-07,-3.79958e-08,0.0002
-0.0223141,-0.0797719,0.203688,-0.0207312,-0.081715,0.196439,-0.00551902,0.00741537,0.0328926,1.89048,0.000200001,-6.91143e-11,2.44947e-07,-6.91143e-11,0.0002,-3.02776e-08,2.44947e-07,-3.02776e-08,0.0002
-0.022366,-0.0806527,0.196166,-0.0223416,-0.0816293,0.197647,-0.00557095,0.00653458,0.0253702,1.61638,0.000200001,-6.35126e-11,2.38183e-07,-6.35126e-11,0.0002,-2.75174e-08,2.38183e-07,-2.75174e-08,0.0002
-0.0226615,-0.0813822,0.190121,-0.0233097,-0.0815876,0.198029,-0.00634857,0.00787951,0.0396811,1.56664,0.000200001,-7.57831e-11,2.39043e-07,-7.57831e-11,0.0002,-3.57671e-08,2.39043e-07,-3.57671e-08,0.0002
-0.0228843,-0.0820157,0.177659,-0.0231078,-0.0822647,0.159901,-0.00657134,0.00724603,0.0272196,1.02934,0.0002,-8.64786e-11,2.26093e-07,-8.64786e-11,0.0002,-4.40354e-08,2.26093e-07,-4.40354e-08,0.0002
-0.0229774,-0.0825046,0.167278,-0.023088,-0.0822557,0.159909,-0.0066645,0.00675709,0.0168378,1.02299,0.0002,-7.5543e-11,2.15233e-07,-7.5543e-11,0.0002,-3.68548e-08,2.15233e-07,-3.68548e-08,0.0002
-0.0230378,-0.082875,0.159278,-0.023092,-0.0822755,0.159887,-0.00646319,0.00706187,0.0196925,1.01982,0.0002,-6.33753e-11,2.04293e-07,-6.33753e-11,0.0002,-3.01426e-08,2.04293e-07,-3.01426e-08,0.0002
-0.0230531,-0.0831209,0.152879,-0.0230943,-0.0822676,0.159888,-0.00647848,0.00681602,0.0132932,1.01982,0.0002,-4.65631e-11,1.89483e-07,-4.65631e-11,0.0002,-2.06745e-08,1.89483e-07,-2.06745e-08,0.0002
-0.0230666,-0.0833193,0.147761,-0.0230942,-0.0822764,0.159892,-0.00606319,0.0080543,0.0267438,1.01982,0.0002,-3.49717e-11,1.79994e-07,-3.49717e-11,0.0002,-1.49907e-08,1.79994e-07,-1.49907e-08,0.0002
-0.0230684,-0.0834092,0.143354,-0.0231016,-0.0822636,0.159884,-0.00606506,0.00796444,0.0223368,1.02299,0.0002,-2.41688e-11,1.63327e-07,-2.41688e-11,0.0002,-9.72283e-09,1.63327e-07,-9.72283e-09,0.0002
-0.0231615,-0.084173,0.129896,-0.023729,-0.0857547,0.11126,-0.00615817,0.00720059,0.0088793,0.954999,0.0002,-1.02179e-11,1.51746e-07,-1.02179e-11,0.0002,1.69275e-10,1.51746e-07,1.69275e-10,0.0002
-0.0232214,-0.0847604,0.118814,-0.0237389,-0.0857524,0.111234,-0.0059419,0.00801785,0.0211237,0.951762,0.0002,1.5133e-12,1.4063e-07,1.5133e-12,0.0002,8.81469e-09,1.4063e-07,8.81469e-09,0.0002
-0.0233122,-0.0852357,0.109332,-0.023735,-0.0857516,0.111252,-0.00603263,0.00754254,0.0116409,0.954999,0.0002,3.23074e-12,1.34355e-07,3.23074e-12,0.0002,7.06469e-09,1.34355e-07,7.06469e-09,0.0002
-0.0233244,-0.0855923,0.102047,-0.0237311,-0.0857738,0.111206,-0.00598337,0.00820457,0.0242317,0.958235,0.0002,1.17272e-11,1.25947e-07,1.17272e-11,0.0002,1.53617e-08,1.25947e-07,1.53617e-08,0.0002
-0.0234024,-0.08586,0.0963188,-0.0237391,-0.085757,0.111188,-0.00606144,0.00793688,0.0185038,0.954999,0.0002,8.9968e-12,1.18198e-07,8.9968e-12,0.0002,9.90449e-09,1.18198e-07,9.90449e-09,0.0002
-0.0235664,-0.0866783,0.0828833,-0.0238128,-0.0885253,0.0658875,-0.00622535,0.00711848,0.00506835,1.12687,0.0002,-3.36778e-12,1.21204e-07,-3.36778e-12,0.0002,-6.76331e-09,1.21204e-07,-6.76331e-09,0.0002
-0.0237179,-0.0873581,0.0722404,-0.0238062,-0.0885411,0.0658968,-0.00588448,0.00736022,0.0213324,1.13008,0.0002,-1.7127e-11,1.26594e-07,-1.7127e-11,0.0002,-2.11788e-08,1.26594e-07,-2.11788e-08,0.0002
-0.0237827,-0.087826,0.0638132,-0.0238097,-0.0885074,0.0658153,-0.0059493,0.00689233,0.0129052,1.12687,0.0002,-1.90787e-11,1.19029e-07,-1.90787e-11,0.0002,-2.13755e-08,1.19029e-07,-2.13755e-08,0.0002
-0.0239144,-0.0882906,0.0574873,-0.0238067,-0.0885076,0.0658242,-0.00613736,0.00773588,0.0290861,1.12687,0.0002,-3.32735e-11,1.2847e-07,-3.32735e-11,0.0002,-3.46406e-08,1.2847e-07,-3.46406e-08,0.0002
-0.0240594,-0.0887514,0.0526339,-0.0238122,-0.088518,0.0658254,-0.00628237,0.00727509,0.0242326,1.12965,0.0002,-5.53063e-11,1.48317e-07,-5.53063e-11,0.0002,-4.95742e-08,1.48317e-07,-4.95742e-08,0.0002
-0.0241565,-0.0890563,0.0486459,-0.0238007,-0.0885259,0.0658171,-0.00637942,0.00697015,0.0202447,1.12001,0.0002,-6.76947e-11,1.50531e-07,-6.76947e-11,0.0002,-5.65134e-08,1.50531e-07,-5.65134e-08,0.0002
-0.0242423,-0.0899439,0.0356367,-0.0239504,-0.0908087,0.0172396,-0.00620086,0.00645122,0.0197497,1.22236,0.0002,-8.37612e-11,1.82314e-07,-8.37612e-11,0.0002,-5.65505e-08,1.82314e-07,-5.65505e-08,0.0002
-0.0243222,-0.0906637,0.0254376,-0.0239819,-0.0908624,0.0172462,-0.00628071,0.00573135,0.00955062,1.20623,0.0002,-9.72094e-11,2.02388e-07,-9.72094e-11,0.0002,-5.76687e-08,2.02388e-07,-5.76687e-08,0.0002
-0.0243002,-0.0911937,0.0170698,-0.0239559,-0.0908599,0.0172387,-0.00625876,0.0052014,0.0011828,1.21268,0.0002,-8.73509e-11,2.07969e-07,-8.73509e-11,0.0002,-4.57839e-08,2.07969e-07,-4.57839e-08,0.0002
-0.0244302,-0.0915752,0.0103788,-0.02404,-0.0908493,0.0172555,-0.00637845,0.00714024,0.0229932,1.18918,0.0002,-1.05164e-10,2.04834e-07,-1.05164e-10,0.0002,-5.93121e-08,2.04834e-07,-5.93121e-08,0.0002
-0.0244244,-0.091905,0.00513154,-0.0240158,-0.0908761,0.0172652,-0.00637267,0.00681046,0.0177459,1.20289,0.0002,-9.79349e-11,2.05996e-07,-9.79349e-11,0.0002,-5.14162e-08,2.05996e-07,-5.14162e-08,0.0002
-0.0244265,-0.092073,0.000925905,-0.0240389,-0.0908235,0.0172263,-0.00619612,0.00879403,0.0379305,1.19371,0.0002,-8.7967e-11,1.93056e-07,-8.7967e-11,0.0002,-4.67127e-08,1.93056e-07,-4.67127e-08,0.0002
-0.0244474,-0.0927995,-0.0105201,-0.0240932,-0.0940071,-0.0231818,-0.00621704,0.00806749,0.0264844,1.22994,0.0002,-7.87065e-11,1.77908e-07,-7.87065e-11,0.0002,-4.39098e-08,1.77908e-07,-4.39098e-08,0.0002
-0.024422,-0.0932968,-0.0200897,-0.024091,-0.0940128,-0.0231755,-0.00619158,0.00757018,0.0169148,1.22994,0.0002,-6.15819e-11,1.54563e-07,-6.15819e-11,0.0002,-3.56967e-08,1.54563e-07,-3.56967e-08,0.0002
-0.024401,-0.0936988,-0.0281647,-0.0240831,-0.094034,-0.0232017,-0.00545012,0.00880486,0.032811,1.22704,0.0002,-5.00082e-11,1.39543e-07,-5.00082e-11,0.0002,-3.08505e-08,1.39543e-07,-3.08505e-08,0.0002
-0.024387,-0.0940204,-0.0348318,-0.0240917,-0.0940349,-0.0232016,-0.0054361,0.00848326,0.026144,1.22994,0.0002,-4.21658e-11,1.29862e-07,-4.21658e-11,0.0002,-2.80872e-08,1.29862e-07,-2.80872e-08,0.0002
-0.0243124,-0.0943,-0.0402714,-0.0240857,-0.094031,-0.0232142,-0.00527772,0.00890691,0.0281717,1.22704,0.0002,-2.91543e-11,1.27464e-07,-2.91543e-11,0.0002,-1.65456e-08,1.27464e-07,-1.65456e-08,0.0002
-0.0241763,-0.0946433,-0.0575567,-0.0238809,-0.0948355,-0.0878817,-0.0051416,0.00856352,0.0108865,1.59174,0.0002,-1.36836e-11,1.19477e-07,-1.36836e-11,0.0002,-2.26191e-09,1.19477e-07,-2.26191e-09,0.0002
-0.0241743,-0.0948919,-0.0714898,-0.0238819,-0.0948379,-0.0878889,-0.00513969,0.00831493,-0.00304665,1.59174,0.0002,-1.54921e-11,1.09964e-07,-1.54921e-11,0.0002,-1.05308e-08,1.09964e-07,-1.05308e-08,0.0002
-0.0241501,-0.0950308,-0.0825299,-0.0238909,-0.0948515,-0.0878742,-0.0054715,0.00926792,0.0124903,1.59174,0.0002,-1.36392e-11,9.3846e-08,-1.36392e-11,0.0002,-1.20641e-08,9.3846e-08,-1.20641e-08,0.0002
-0.0242049,-0.0950959,-0.091106,-0.0244879,-0.0948175,-0.0876292,-0.00552628,0.00920281,0.00391419,1.51348,0.0002,-8.09726e-12,7.73191e-08,-8.09726e-12,0.0002,-5.89494e-09,7.73191e-08,-5.89494e-09,0.0002
-0.0243216,-0.0952483,-0.0976566,-0.024485,-0.0948174,-0.0876307,-0.00574716,0.0101324,0.0180447,1.51348,0.0002,-1.12909e-11,8.26669e-08,-1.12909e-11,0.0002,-1.39487e-08,8.26669e-08,-1.39487e-08,0.0002
-0.0244208,-0.0954143,-0.10269,-0.02449,-0.0948268,-0.08763,-0.00584632,0.00996642,0.0130113,1.51485,0.0002,-1.57366e-11,9.2793e-08,-1.57366e-11,0.0002,-2.00349e-08,9.2793e-08,-2.00349e-08,0.0002
-0.0244399,-0.0961688,-0.112727,-0.0239805,-0.0981736,-0.118717,-0.00586539,0.00921192,0.00297433,1.14124,0.0002,-2.22537e-11,9.17e-08,-2.22537e-11,0.0002,-3.01295e-08,9.17e-08,-3.01295e-08,0.0002
-0.0244998,-0.0967669,-0.120961,-0.0239874,-0.0981735,-0.118703,-0.00569929,0.00890128,0.0209796,1.14422,0.0002,-3.11974e-11,8.99954e-08,-3.11974e-11,0.0002,-4.36785e-08,8.99954e-08,-4.36785e-08,0.0002
-0.0245309,-0.097266,-0.127857,-0.0239911,-0.0981624,-0.118699,-0.0057303,0.00840216,0.0140828,1.14422,0.0002,-3.75515e-11,9.25093e-08,-3.75515e-11,0.0002,-4.96859e-08,9.25093e-08,-4.96859e-08,0.0002
-0.0245471,-0.0975719,-0.133782,-0.0239973,-0.0981199,-0.118666,-0.00540432,0.00922208,0.033927,1.134,0.0002,-3.67441e-11,8.04711e-08,-3.67441e-11,0.0002,-5.19221e-08,8.04711e-08,-5.19221e-08,0.0002
-0.02454,-0.0978511,-0.138841,-0.0239863,-0.098175,-0.118709,-0.00539726,0.00894289,0.028868,1.14422,0.0002,-3.55506e-11,7.64954e-08,-3.55506e-11,0.0002,-5.06068e-08,7.64954e-08,-5.06068e-08,0.0002
-0.024505,-0.0979456,-0.150993,-0.0242437,-0.0974826,-0.158198,-0.00536223,0.00884837,0.0167159,1.20186,0.0002,-2.85084e-11,7.58818e-08,-2.85084e-11,0.0002,-3.64354e-08,7.58818e-08,-3.64354e-08,0.0002
-0.0244775,-0.0979827,-0.160717,-0.0242726,-0.0974998,-0.158209,-0.0048363,0.00955846,0.023352,1.19857,0.0002,-2.13935e-11,6.87195e-08,-2.13935e-11,0.0002,-2.65991e-08,6.87195e-08,-2.65991e-08,0.0002
-0.0244107,-0.0980149,-0.168491,-0.0242556,-0.0974787,-0.158184,-0.00476952,0.00952629,0.0155779,1.19543,0.0002,-1.37496e-11,6.52615e-08,-1.37496e-11,0.0002,-1.37922e-08,6.52615e-08,-1.37922e-08,0.0002
-0.0243059,-0.0979665,-0.174505,-0.0242757,-0.0974922,-0.15819,-0.00458682,0.00988716,0.0380985,1.18984,0.0002,-4.79711e-12,5.08841e-08,-4.79711e-12,0.0002,3.3609e-09,5.08841e-08,3.3609e-09,0.0002
-0.0242601,-0.0979243,-0.178903,-0.0242547,-0.0975103,-0.158197,-0.00454101,0.0099293,0.0337003,1.205,0.0002,-1.59813e-12,4.05036e-08,-1.59813e-12,0.0002,7.59684e-09,4.05036e-08,7.59684e-09,0.0002
-0.0242402,-0.097862,-0.18211,-0.0242508,-0.0974903,-0.158193,-0.0045211,0.00999162,0.0304931,1.20186,0.0002,-5.22164e-13,2.9902e-08,-5.22164e-13,0.0002,7.56897e-09,2.9902e-08,7.56897e-09,0.0002
-0.0243018,-0.098074,-0.194459,-0.023972,-0.0981634,-0.208662,-0.00449118,0.0102884,0.0279992,1.0677,0.0002,-4.94689e-12,4.32866e-08,-4.94689e-12,0.0002,-1.36885e-08,4.32866e-08,-1.36885e-08,0.0002
-0.0243844,-0.0983009,-0.204026,-0.0239649,-0.0981643,-0.208653,-0.00457372,0.0100615,0.0184323,1.0709,0.0002,-1.44568e-11,6.09444e-08,-1.44568e-11,0.0002,-3.29715e-08,6.09444e-08,-3.29715e-08,0.0002
-0.0243856,-0.0985839,-0.211896,-0.023965,-0.0981744,-0.208702,-0.00460116,0.00973152,0.040596,1.0709,0.0002,-2.31962e-11,8.81864e-08,-2.31962e-11,0.0002,-3.5205e-08,8.81864e-08,-3.5205e-08,0.0002
-0.0244405,-0.0988411,-0.218194,-0.0239744,-0.0981668,-0.20871,-0.00465605,0.00947429,0.0342981,1.06451,0.0002,-3.77011e-11,1.10662e-07,-3.77011e-11,0.0002,-4.51522e-08,1.10662e-07,-4.51522e-08,0.0002
-0.024434,-0.0990132,-0.223652,-0.0239698,-0.0981632,-0.208737,-0.00474179,0.0105061,0.0481605,1.0709,0.0002,-4.25107e-11,1.19793e-07,-4.25107e-11,0.0002,-4.37214e-08,1.19793e-07,-4.37214e-08,0.0002
-0.0241426,-0.100033,-0.241912,-0.0222345,-0.10243,-0.279245,-0.00445042,0.00948672,0.0299001,1.32114,0.0002,-5.43781e-11,1.30614e-07,-5.43781e-11,0.0002,-5.12525e-08,1.30614e-07,-5.12525e-08,0.0002
-0.0239998,-0.100758,-0.257039,-0.0222287,-0.102428,-0.279251,-0.00430762,0.00876123,0.0147731,1.32439,0.0002,-7.06983e-11,1.22966e-07,-7.06983e-11,0.0002,-7.1029e-08,1.22966e-07,-7.1029e-08,0.0002
-0.0238097,-0.101288,-0.269042,-0.0222305,-0.102418,-0.279272,-0.00378683,0.00916441,0.0258986,1.33088,0.0002,-6.92371e-11,1.10333e-07,-6.92371e-11,0.0002,-7.17337e-08,1.10333e-07,-7.17337e-08,0.0002
-0.0234848,-0.101662,-0.278508,-0.0224253,-0.102428,-0.279111,-0.00346192,0.00879093,0.0164323,1.31121,0.0002,-4.26892e-11,9.39881e-08,-4.26892e-11,0.0002,-3.8431e-08,9.39881e-08,-3.8431e-08,0.0002
-0.0234351,-0.101895,-0.286056,-0.0231228,-0.102419,-0.278983,-0.0025167,0.00980921,0.0335986,1.26572,0.0002,-2.94352e-11,7.3206e-08,-2.94352e-11,0.0002,-2.84603e-08,7.3206e-08,-2.84603e-08,0.0002
-0.0233431,-0.102052,-0.292302,-0.0231235,-0.102416,-0.27899,-0.00242464,0.00965209,0.027352,1.26572,0.0002,-1.71424e-11,5.53464e-08,-1.71424e-11,0.0002,-1.36862e-08,5.53464e-08,-1.36862e-08,0.0002
-0.0233445,-0.101742,-0.299719,-0.023638,-0.0999681,-0.290054,-0.00242603,0.00996296,0.019935,0.958181,0.0002,-8.48285e-12,5.24695e-08,-8.48285e-12,0.0002,1.86902e-10,5.24695e-08,1.86902e-10,0.0002
-0.0234588,-0.101533,-0.305346,-0.0236003,-0.100018,-0.29007,-0.0020503,0.0105676,0.0372645,0.965,0.0002,-9.22e-12,5.52391e-08,-9.22e-12,0.0002,-1.03711e-08,5.52391e-08,-1.03711e-08,0.0002
-0.0235202,-0.101368,-0.310462,-0.0236507,-0.0999648,-0.290039,-0.00211164,0.0107325,0.0321486,0.961346,0.0002,-8.25164e-12,5.90566e-08,-8.25164e-12,0.0002,-1.0796e-08,5.90566e-08,-1.0796e-08,0.0002
-0.0235446,-0.101266,-0.31424,-0.0235947,-0.0999792,-0.29002,-0.00242195,0.0114155,0.0552143,0.958671,0.0002,-7.1352e-12,6.57818e-08,-7.1352e-12,0.0002,-9.0212e-09,6.57818e-08,-9.0212e-09,0.0002
-0.0235978,-0.101134,-0.317257,-0.0236242,-0.100001,-0.289992,-0.00247523,0.0115466,0.052197,0.951852,0.0002,-7.61867e-12,6.14577e-08,-7.61867e-12,0.0002,-1.2276e-08,6.14577e-08,-1.2276e-08,0.0002
-0.0237425,-0.101084,-0.319474,-0.0235973,-0.0999992,-0.290044,-0.00261984,0.011597,0.04998,0.955506,0.0002,-1.64297e-11,6.71947e-08,-1.64297e-11,0.0002,-3.1676e-08,6.71947e-08,-3.1676e-08,0.0002
-0.0238525,-0.1016,-0.334989,-0.0238812,-0.103132,-0.359785,-0.00262151,0.0114148,0.0430462,1.18498,0.0002,-1.68483e-11,6.01332e-08,-1.68483e-11,0.0002,-3.33085e-08,6.01332e-08,-3.33085e-08,0.0002
-0.0239688,-0.10203,-0.347297,-0.0238832,-0.103152,-0.359784,-0.00273776,0.0109854,0.0307382,1.18823,0.0002,-1.90691e-11,5.74667e-08,-1.90691e-11,0.0002,-3.89674e-08,5.74667e-08,-3.89674e-08,0.0002
-0.0239931,-0.102306,-0.35714,-0.0238808,-0.103146,-0.359767,-0.00230125,0.0113066,0.053371,1.18498,0.0002,-1.44304e-11,4.51592e-08,-1.44304e-11,0.0002,-3.16917e-08,4.51592e-08,-3.16917e-08,0.0002
-0.0240403,-0.102538,-0.36512,-0.0238826,-0.103139,-0.359777,-0.00234851,0.0110749,0.0453911,1.18498,0.0002,-1.27574e-11,3.91726e-08,-1.27574e-11,0.0002,-3.15154e-08,3.91726e-08,-3.15154e-08,0.0002
-0.0240451,-0.102646,-0.371713,-0.0238672,-0.103152,-0.359784,-0.00235328,0.0109668,0.0387986,1.18823,0.0002,-8.14153e-12,2.25793e-08,-8.14153e-12,0.0002,-2.65044e-08,2.25793e-08,-2.65044e-08,0.0002
-0.0242978,-0.102719,-0.38663,-0.0252468,-0.103153,-0.405416,-0.00129821,0.0108769,0.0404748,0.998465,0.0002,-4.53571e-12,1.00241e-08,-4.53571e-12,0.0002,-1.88525e-08,1.00241e-08,-1.88525e-08,0.0002
-0.0245165,-0.102819,-0.398356,-0.0252524,-0.103159,-0.405406,-0.00151694,0.0107775,0.0287495,0.995249,0.0002,-3.19141e-12,8.23998e-09,-3.19141e-12,0.0002,-1.65195e-08,8.23998e-09,-1.65195e-08,0.0002
-0.0246378,-0.102847,-0.408044,-0.0252056,-0.103158,-0.405393,-0.00168383,0.0109361,0.0458244,1.01218,0.0002,-1.55671e-12,-9.72557e-10,-1.55671e-12,0.0002,-7.86729e-09,-9.72557e-10,-7.86729e-09,0.0002
-0.024796,-0.102958,-0.415692,-0.0252051,-0.103149,-0.405399,-0.00184204,0.0108254,0.0381761,1.01218,0.0002,-1.61168e-12,7.32519e-09,-1.61168e-12,0.0002,-1.22922e-08,7.32519e-09,-1.22922e-08,0.0002
-0.0249227,-0.103046,-0.421813,-0.0252043,-0.103147,-0.40541,-0.00196866,0.0107375,0.0320552,1.00291,0.0002,-1.99693e-12,1.258e-08,-1.99693e-12,0.0002,-1.51847e-08,1.258e-08,-1.51847e-08,0.0002
-0.025064,-0.103169,-0.426607,-0.025177,-0.103161,-0.405413,-0.00210499,0.0111663,0.0495995,1.01539,0.0002,-4.47672e-12,2.3747e-08,-4.47672e-12,0.0002,-2.44479e-08,2.3747e-08,-2.44479e-08,0.0002
-0.0251939,-0.103403,-0.440768,-0.0252002,-0.10399,-0.459631,-0.00223496,0.0109323,0.0354385,1.06027,0.0002,-6.54779e-12,2.63103e-08,-6.54779e-12,0.0002,-3.20888e-08,2.63103e-08,-3.20888e-08,0.0002
-0.0252603,-0.103607,-0.451682,-0.0252013,-0.103991,-0.459627,-0.00187067,0.0107191,0.0376215,1.06027,0.0002,-7.73106e-12,3.06843e-08,-7.73106e-12,0.0002,-3.0999e-08,3.06843e-08,-3.0999e-08,0.0002
-0.0252757,-0.103789,-0.460207,-0.0252009,-0.10399,-0.459632,-0.00188605,0.0105375,0.0290964,1.06027,0.0002,-7.72003e-12,3.63954e-08,-7.72003e-12,0.0002,-2.43503e-08,3.63954e-08,-2.43503e-08,0.0002
-0.0252986,-0.103902,-0.467132,-0.0252031,-0.103973,-0.459638,-0.00190898,0.0104242,0.0221715,1.06027,0.0002,-7.15997e-12,3.54366e-08,-7.15997e-12,0.0002,-2.17375e-08,3.54366e-08,-2.17375e-08,0.0002
-0.0254027,-0.10402,-0.472983,-0.0252018,-0.10397,-0.459642,-0.00220443,0.0109232,0.0550772,1.06027,0.0002,-1.08338e-11,3.91699e-08,-1.08338e-11,0.0002,-3.39091e-08,3.91699e-08,-3.39091e-08,0.0002
-0.0252001,-0.104035,-0.488126,-0.0241456,-0.103862,-0.50988,-0.00200191,0.0109085,0.0399345,0.943393,0.0002,-8.97199e-12,3.25327e-08,-8.97199e-12,0.0002,-2.94555e-08,3.25327e-08,-2.94555e-08,0.0002
-0.0250154,-0.104048,-0.500651,-0.0240311,-0.103868,-0.509864,-0.00181715,0.0108958,0.0274096,0.956092,0.0002,-7.61414e-12,2.81625e-08,-7.61414e-12,0.0002,-2.67212e-08,2.81625e-08,-2.67212e-08,0.0002
-0.0248178,-0.104106,-0.510569,-0.0240102,-0.103863,-0.509871,-0.000879762,0.0114028,0.0367157,0.956092,0.0002,-6.35028e-12,3.32276e-08,-6.35028e-12,0.0002,-1.78181e-08,3.32276e-08,-1.78181e-08,0.0002
-0.0246072,-0.1041,-0.518504,-0.0241375,-0.103866,-0.509876,-0.000669153,0.0114092,0.0287806,0.943393,0.0002,-2.0949e-12,2.80378e-08,-2.0949e-12,0.0002,4.06052e-10,2.80378e-08,4.06052e-10,0.0002
-0.024464,-0.10414,-0.524953,-0.0240132,-0.103865,-0.509866,-0.000823053,0.0115253,0.045258,0.956092,0.0002,-5.55113e-13,3.19105e-08,-5.55113e-13,0.0002,3.92551e-09,3.19105e-08,3.92551e-09,0.0002
-0.0246043,-0.104396,-0.539932,-0.0247647,-0.10516,-0.558441,-0.000963309,0.011269,0.0302797,1.05292,0.0002,-2.69082e-12,2.86598e-08,-2.69082e-12,0.0002,-1.02866e-08,2.86598e-08,-1.02866e-08,0.0002
-0.0247353,-0.10457,-0.551595,-0.0248209,-0.105157,-0.558396,-0.000867205,0.0109381,0.0353207,1.04015,0.0002,-3.71729e-12,2.17114e-08,-3.71729e-12,0.0002,-2.06242e-08,2.17114e-08,-2.06242e-08,0.0002
-0.0248711,-0.104776,-0.560723,-0.0247527,-0.105133,-0.558421,-0.00100297,0.0107319,0.0261923,1.04948,0.0002,-7.43247e-12,2.86289e-08,-7.43247e-12,0.0002,-3.45241e-08,2.86289e-08,-3.45241e-08,0.0002
-0.0249475,-0.104967,-0.567618,-0.0247691,-0.105153,-0.558452,-0.00107935,0.0105413,0.0192973,1.05309,0.0002,-1.06629e-11,3.65446e-08,-1.06629e-11,0.0002,-3.78152e-08,3.65446e-08,-3.78152e-08,0.0002
-0.0247687,-0.105281,-0.57292,-0.0248252,-0.105166,-0.558417,-0.000648541,0.00988169,0.0381013,1.04662,0.0002,-2.44488e-12,6.748e-08,-2.44488e-12,0.0002,-9.66996e-11,6.748e-08,-9.66996e-11,0.0002
-0.0242497,-0.105845,-0.577263,-0.0248309,-0.105144,-0.558407,-0.000129528,0.0093171,0.0337583,1.03691,0.0002,7.46805e-11,1.38966e-07,7.46805e-11,0.0002,8.35827e-08,1.38966e-07,8.35827e-08,0.0002
-0.0231809,-0.10677,-0.591192,-0.0243575,-0.105607,-0.609647,0.00160417,0.00905305,0.0451798,1.03201,0.0002,3.76814e-10,2.45383e-07,3.76814e-10,0.0002,2.27399e-07,2.45383e-07,2.27399e-07,0.0002
-0.022004,-0.107795,-0.603575,-0.0243423,-0.105605,-0.609633,0.00278107,0.00802808,0.032797,1.03201,0.000200001,9.3572e-10,3.60323e-07,9.3572e-10,0.000200001,3.69242e-07,3.60323e-07,3.69242e-07,0.0002
-0.0209006,-0.108444,-0.614098,-0.0243792,-0.105618,-0.609609,0.00388447,0.0073796,0.0222743,1.02564,0.000200001,1.47364e-09,4.07385e-07,1.47364e-09,0.000200002,4.86456e-07,4.07385e-07,4.86456e-07,0.000199999
-0.0202957,-0.10865,-0.62179,-0.0243835,-0.105597,-0.609601,0.00384044,0.00791274,0.0352784,1.02253,0.000200001,1.627e-09,3.88274e-07,1.627e-09,0.000200002,5.17268e-07,3.88274e-07,5.17268e-07,0.000199999
-0.0203701,-0.10843,-0.626912,-0.0243828,-0.105614,-0.609621,0.00376605,0.00813274,0.0301561,1.02246,0.000200001,1.31957e-09,3.13087e-07,1.31957e-09,0.000200002,4.48247e-07,3.13087e-07,4.48247e-07,0.000199999
-0.0206653,-0.108086,-0.630597,-0.0243428,-0.10563,-0.609627,-0.000749624,0.0107653,0.049429,1.02883,0.000200001,9.6432e-10,2.37212e-07,9.6432e-10,0.000200001,3.6544e-07,2.37212e-07,3.6544e-07,0.000199999
-0.020129,-0.108409,-0.64355,-0.0196596,-0.108566,-0.659651,-0.000213282,0.0104425,0.0364762,1.19519,0.0002,6.94228e-10,1.87677e-07,6.94228e-10,0.000200001,2.87797e-07,1.87677e-07,2.87797e-07,0.000199999
-0.0197899,-0.108649,-0.654121,-0.0196407,-0.108561,-0.659661,0.000125793,0.0102021,0.0259049,1.19519,0.0002,4.96251e-10,1.53823e-07,4.96251e-10,0.000200001,2.22679e-07,1.53823e-07,2.22679e-07,0.000199999
-0.0196159,-0.108821,-0.662784,-0.0196565,-0.108545,-0.659656,-0.00255573,0.0135363,0.0403879,1.1926,0.0002,3.48879e-10,1.29549e-07,3.48879e-10,0.0002,1.65719e-07,1.29549e-07,1.65719e-07,0.0002
-0.0195043,-0.108966,-0.670031,-0.0196421,-0.108563,-0.659685,-0.00244416,0.0133915,0.0331412,1.19519,0.0002,2.48122e-10,1.14764e-07,2.48122e-10,0.0002,1.24199e-07,1.14764e-07,1.24199e-07,0.0002
-0.0195114,-0.10906,-0.676037,-0.019654,-0.108551,-0.659691,-0.00318458,0.0147557,0.0474956,1.19519,0.0002,1.68516e-10,1.02168e-07,1.68516e-10,0.0002,8.25221e-08,1.02168e-07,8.25221e-08,0.0002
-0.0185316,-0.110817,-0.691206,-0.0148015,-0.117403,-0.710478,-0.00220476,0.0129994,0.0323263,1.34374,0.0002,1.11583e-10,7.92803e-08,1.11583e-10,0.0002,5.9031e-08,7.92803e-08,5.9031e-08,0.0002
-0.0177763,-0.112221,-0.703443,-0.0147947,-0.117387,-0.710468,-0.00144946,0.0115951,0.0200897,1.34698,0.0002,7.31003e-11,6.51282e-08,7.31003e-11,0.0002,3.89872e-08,6.51282e-08,3.89872e-08,0.0002
-0.0172242,-0.113227,-0.713195,-0.0150045,-0.117399,-0.710283,-0.00115338,0.0110197,0.0185262,1.32095,0.0002,4.46148e-11,3.68812e-08,4.46148e-11,0.0002,2.46081e-08,3.68812e-08,2.46081e-08,0.0002
-0.0168404,-0.114036,-0.721004,-0.0149953,-0.117401,-0.71032,-0.000769502,0.0102105,0.0107169,1.32524,0.0002,2.63931e-11,1.93938e-08,2.63931e-11,0.0002,5.84436e-09,1.93938e-08,5.84436e-09,0.0002
-0.0166253,-0.114661,-0.726631,-0.0149954,-0.117414,-0.710322,-0.000848276,0.0100159,0.0349843,1.32524,0.0002,1.59667e-11,4.11566e-09,1.59667e-11,0.0002,-2.08154e-08,4.11566e-09,-2.08154e-08,0.0002
-0.0164799,-0.11522,-0.730617,-0.0149979,-0.117398,-0.710335,-0.000702887,0.00945698,0.0309981,1.32524,0.0002,9.36687e-12,4.069e-09,9.36687e-12,0.0002,-4.21649e-08,4.069e-09,-4.21649e-08,0.0002
-0.0163821,-0.115965,-0.745349,-0.015097,-0.118751,-0.768567,-0.000605148,0.00871243,0.0162661,1.18606,0.0002,3.35553e-12,8.73594e-09,3.35553e-12,0.0002,-5.56133e-08,8.73594e-09,-5.56133e-08,0.0002
-0.0162115,-0.116616,-0.75786,-0.0150949,-0.118754,-0.768569,0.00058035,0.00798441,0.0327276,1.18606,0.0002,-2.95606e-12,2.046e-08,-2.95606e-12,0.0002,-4.95891e-08,2.046e-08,-4.95891e-08,0.0002
-0.0158923,-0.117341,-0.767767,-0.0151074,-0.11875,-0.768581,0.000899603,0.00725941,0.0228202,1.18606,0.0002,-5.22269e-12,6.09605e-08,-5.22269e-12,0.0002,-1.64416e-08,6.09605e-08,-1.64416e-08,0.0002
-0.015562,-0.118012,-0.775659,-0.0154829,-0.118763,-0.768411,0.00122992,0.0065884,0.0149282,1.13911,0.0002,1.87918e-11,1.01278e-07,1.87918e-11,0.0002,2.84772e-08,1.01278e-07,2.84772e-08,0.0002
-0.0152083,-0.118578,-0.782177,-0.01548,-0.118761,-0.768396,0.00209013,0.00650394,0.0280126,1.13911,0.0002,6.4535e-11,1.32214e-07,6.4535e-11,0.0002,7.11546e-08,1.32214e-07,7.11546e-08,0.0002
-0.0148706,-0.119094,-0.787391,-0.0155023,-0.118769,-0.768395,0.00242779,0.00598822,0.0227987,1.13911,0.0002,1.25612e-10,1.62047e-07,1.25612e-10,0.0002,1.07589e-07,1.62047e-07,1.07589e-07,0.0002
-0.01457,-0.119631,-0.802169,-0.0154496,-0.119506,-0.819359,0.00314712,0.00588009,0.0363756,1.11782,0.0002,1.81572e-10,1.76741e-07,1.81572e-10,0.0002,1.35335e-07,1.76741e-07,1.35335e-07,0.0002
-0.0143637,-0.120064,-0.813885,-0.0154497,-0.119499,-0.819344,0.00335335,0.00544786,0.0246596,1.11782,0.0002,2.20293e-10,1.86981e-07,2.20293e-10,0.0002,1.47204e-07,1.86981e-07,1.47204e-07,0.0002
-0.0142022,-0.120441,-0.823157,-0.0154466,-0.119493,-0.81936,0.00351491,0.00507037,0.0153871,1.12106,0.0002,2.53745e-10,1.99042e-07,2.53745e-10,0.0002,1.53754e-07,1.99042e-07,1.53754e-07,0.0002
-0.014108,-0.120803,-0.830475,-0.0154476,-0.119489,-0.819377,0.00233166,0.00679023,0.0318612,1.11926,0.0002,2.80539e-10,2.16686e-07,2.80539e-10,0.0002,1.5195e-07,2.16686e-07,1.5195e-07,0.0002
-0.0139716,-0.121069,-0.836432,-0.0154382,-0.119497,-0.819372,0.00246807,0.00652494,0.0259044,1.11782,0.0002,3.09499e-10,2.24101e-07,3.09499e-10,0.0002,1.60006e-07,2.24101e-07,1.60006e-07,0.0002
-0.0134153,-0.121324,-0.851151,-0.0133207,-0.120257,-0.868627,0.00233307,0.00788719,0.0395198,1.08449,0.0002,3.18822e-10,2.10306e-07,3.18822e-10,0.0002,1.70626e-07,2.10306e-07,1.70626e-07,0.0002
-0.0129372,-0.121441,-0.86293,-0.0133207,-0.120248,-0.868641,0.00281115,0.00776925,0.0277412,1.08449,0.0002,3.14696e-10,1.88443e-07,3.14696e-10,0.0002,1.82328e-07,1.88443e-07,1.82328e-07,0.0002
-0.0125225,-0.121493,-0.872038,-0.0133231,-0.120304,-0.868621,0.00223762,0.00890932,0.0457339,1.09221,0.0002,3.03849e-10,1.66111e-07,3.03849e-10,0.0002,1.94835e-07,1.66111e-07,1.94835e-07,0.0002
-0.0121597,-0.121526,-0.879225,-0.0133118,-0.120241,-0.868639,0.00260041,0.00887582,0.0385471,1.08159,0.0002,2.98934e-10,1.52982e-07,2.98934e-10,0.0002,2.07219e-07,1.52982e-07,2.07219e-07,0.0002
-0.0120135,-0.121485,-0.884459,-0.0133041,-0.120255,-0.868648,0.00274659,0.00891743,0.0333135,1.08159,0.0002,2.57445e-10,1.33068e-07,2.57445e-10,0.0002,1.91889e-07,1.33068e-07,1.91889e-07,0.0002
-0.0120927,-0.121595,-0.888544,-0.0133114,-0.120305,-0.868655,0.001774,0.00991399,0.0553676,1.09258,0.0002,2.22828e-10,1.41434e-07,2.22828e-10,0.0002,1.50591e-07,1.41434e-07,1.50591e-07,0.0002
-0.012243,-0.123244,-0.905641,-0.0133765,-0.127944,-0.93728,0.00162373,0.0082652,0.0382702,1.46319,0.0002,1.86948e-10,1.50609e-07,1.86948e-10,0.0002,1.13818e-07,1.50609e-07,1.13818e-07,0.0002
-0.012345,-0.124594,-0.919524,-0.0133965,-0.127934,-0.93727,0.000781645,0.00776191,0.0396006,1.45567,0.0002,1.64179e-10,1.6217e-07,1.64179e-10,0.0002,9.33876e-08,1.6217e-07,9.33876e-08,0.0002
-0.0124309,-0.125706,-0.930735,-0.0133799,-0.127946,-0.937281,0.000695794,0.00664933,0.028389,1.46211,0.0002,1.46793e-10,1.74613e-07,1.46793e-10,0.0002,7.86993e-08,1.74613e-07,7.86993e-08,0.0002
-0.0124726,-0.126601,-0.940225,-0.0133794,-0.127943,-0.937295,0.000654114,0.00575498,0.0188995,1.46319,0.0002,1.38158e-10,1.83542e-07,1.38158e-10,0.0002,7.32127e-08,1.83542e-07,7.32127e-08,0.0002
-0.0124867,-0.127351,-0.948019,-0.0133975,-0.127944,-0.937271,0.000419991,0.00655429,0.0287737,1.45928,0.0002,1.38789e-10,1.95016e-07,1.38789e-10,0.0002,7.29558e-08,1.95016e-07,7.29558e-08,0.0002
-0.0115212,-0.12806,-0.961556,-0.00863871,-0.12859,-0.973789,0.00138554,0.00584588,0.015236,1.06634,0.0002,1.44662e-10,1.98648e-07,1.44662e-10,0.0002,7.77564e-08,1.98648e-07,7.77564e-08,0.0002
-0.010654,-0.128581,-0.972488,-0.00864418,-0.128571,-0.973777,0.00222649,0.00685736,0.0333586,1.06434,0.0002,1.65497e-10,1.94612e-07,1.65497e-10,0.0002,9.57924e-08,1.94612e-07,9.57924e-08,0.0002
-0.0100166,-0.128989,-0.981233,-0.00861841,-0.128572,-0.97378,0.0028638,0.0064494,0.0246128,1.0764,0.0002,1.67811e-10,1.90638e-07,1.67811e-10,0.0002,9.71564e-08,1.90638e-07,9.71564e-08,0.0002
-0.00956756,-0.129303,-0.988229,-0.00861714,-0.128562,-0.973775,0.00331289,0.00613544,0.0176171,1.07311,0.0002,1.55829e-10,1.86432e-07,1.55829e-10,0.0002,8.80282e-08,1.86432e-07,8.80282e-08,0.0002
-0.0091621,-0.129602,-0.993101,-0.00864265,-0.128592,-0.973773,0.00305563,0.00720619,0.0372093,1.07183,0.0002,1.60041e-10,1.90632e-07,1.60041e-10,0.0002,9.01877e-08,1.90632e-07,9.01877e-08,0.0002
-0.00875769,-0.129732,-0.996588,-0.00865221,-0.128572,-0.973792,0.00346004,0.00707578,0.033722,1.06763,0.0002,1.68963e-10,1.76736e-07,1.68963e-10,0.0002,1.04803e-07,1.76736e-07,1.04803e-07,0.0002
-0.0081891,-0.130712,-1.01181,-0.00759981,-0.132551,-1.03594,0.003341,0.00786699,0.0423713,0.799377,0.0002,1.91702e-10,1.79505e-07,1.91702e-10,0.0002,1.21254e-07,1.79505e-07,1.21254e-07,0.0002
-0.00749732,-0.131526,-1.0245,-0.00760379,-0.132562,-1.03595,0.00403278,0.0070528,0.029677,0.795976,0.0002,2.60185e-10,1.86461e-07,2.60185e-10,0.0002,1.69285e-07,1.86461e-07,1.69285e-07,0.0002
-0.0068822,-0.132287,-1.03466,-0.0076102,-0.132539,-1.03597,0.0046479,0.00629171,0.0195165,0.787868,0.0002,3.53771e-10,2.09622e-07,3.53771e-10,0.0002,2.09545e-07,2.09622e-07,2.09545e-07,0.0002
-0.00631652,-0.132954,-1.0432,-0.00762624,-0.132554,-1.03596,0.00527392,0.00604359,0.0341558,0.792574,0.0002,4.65052e-10,2.3388e-07,4.65052e-10,0.0002,2.47062e-07,2.3388e-07,2.47062e-07,0.0002
-0.00602582,-0.133512,-1.04931,-0.00761563,-0.132554,-1.03597,0.00556463,0.00548585,0.0280453,0.787868,0.000200001,5.19075e-10,2.53193e-07,5.19075e-10,0.000200001,2.44554e-07,2.53193e-07,2.44554e-07,0.0002
-0.00557059,-0.13461,-1.06387,-0.0053128,-0.135113,-1.08742,0.0045584,0.00625707,0.0405883,1.025,0.000200001,5.22289e-10,2.86051e-07,5.22289e-10,0.0002,2.06809e-07,2.86051e-07,2.06809e-07,0.0002
-0.00517481,-0.135563,-1.07552,-0.00532331,-0.135105,-1.08742,0.00495417,0.00530404,0.0289428,1.02171,0.000200001,5.38091e-10,3.19757e-07,5.38091e-10,0.0002,1.87347e-07,3.19757e-07,1.87347e-07,0.0002
-0.00484941,-0.136273,-1.08525,-0.00533502,-0.135122,-1.08742,0.00527958,0.00459411,0.0192124,1.01906,0.000200001,5.37191e-10,3.32789e-07,5.37191e-10,0.0002,1.76063e-07,3.32789e-07,1.76063e-07,0.0002
-0.00451548,-0.1369,-1.09345,-0.00533255,-0.135132,-1.08742,0.00365986,0.00704687,0.0363245,1.01906,0.000200001,5.7012e-10,3.50682e-07,5.7012e-10,0.0002,1.79812e-07,3.50682e-07,1.79812e-07,0.0002
-0.00419225,-0.13742,-1.10021,-0.00531956,-0.135124,-1.08742,0.0039831,0.00652702,0.0295603,1.02171,0.000200001,6.19537e-10,3.65706e-07,6.19537e-10,0.0002,1.90188e-07,3.65706e-07,1.90188e-07,0.000199999
-0.0038916,-0.137884,-1.10594,-0.00533406,-0.13512,-1.08744,0.00387923,0.00702401,0.0271325,1.02234,0.000200001,6.85826e-10,3.8349e-07,6.85826e-10,0.0002,2.03401e-07,3.8349e-07,2.03401e-07,0.000199999
-0.00301137,-0.139399,-1.1193,-0.00217616,-0.140736,-1.13184,0.00475946,0.0055092,0.0137745,0.986311,0.000200001,7.50798e-10,3.96891e-07,7.50798e-10,0.0002,2.15571e-07,3.96891e-07,2.15571e-07,0.000199999
-0.00242559,-0.140572,-1.13019,-0.0021637,-0.14072,-1.13184,0.00534524,0.00433563,0.00288174,0.989568,0.000200001,7.40196e-10,4.00116e-07,7.40196e-10,0.0002,2.03168e-07,4.00116e-07,2.03168e-07,0.000199999
-0.002005,-0.141532,-1.13828,-0.00218231,-0.14072,-1.13183,0.00496616,0.0060586,0.0146102,0.983054,0.000200001,7.12937e-10,4.05675e-07,7.12937e-10,0.0002,1.87564e-07,4.05675e-07,1.87564e-07,0.000199999
-0.00176971,-0.142301,-1.14476,-0.00219172,-0.140733,-1.13184,0.00520145,0.0052895,0.00813507,0.983054,0.000200002,6.45425e-10,4.09072e-07,6.45425e-10,0.0002,1.61157e-07,4.09072e-07,1.61157e-07,0.000199999
-0.00150906,-0.142909,-1.15024,-0.00214817,-0.140728,-1.13183,0.00414551,0.00737401,0.0328057,0.992826,0.000200002,6.1684e-10,4.10513e-07,6.1684e-10,0.0002,1.53945e-07,4.10513e-07,1.53945e-07,0.000199999
-0.00125476,-0.143421,-1.15484,-0.00218733,-0.140746,-1.13183,0.00439981,0.0068617,0.028207,0.983054,0.000200002,6.21562e-10,4.15252e-07,6.21562e-10,0.0002,1.5743e-07,4.15252e-07,1.5743e-07,0.000199999
-0.000634753,-0.145051,-1.16968,-0.000170849,-0.14688,-1.18762,0.00501981,0.00523233,0.01337,1.17244,0.000200002,6.39496e-10,4.15868e-07,6.39496e-10,0.0002,1.65213e-07,4.15868e-07,1.65213e-07,0.000199999
-0.000218599,-0.146296,-1.18155,-0.000169875,-0.146879,-1.18761,0.00472142,0.00706176,0.0242125,1.17571,0.000200002,6.07581e-10,4.07208e-07,6.07581e-10,0.0002,1.56481e-07,4.07208e-07,1.56481e-07,0.000199999
6.29754e-05,-0.147312,-1.19104,-0.000201716,-0.146888,-1.1876,0.005003,0.00604574,0.0147203,1.17244,0.000200002,5.64516e-10,4.04776e-07,5.64516e-10,0.0002,1.42891e-07,4.04776e-07,1.42891e-07,0.000199999
0.000269881,-0.148085,-1.1978,-0.000188596,-0.146879,-1.1876,0.00451427,0.00764034,0.0388161,1.17571,0.000200001,5.1642e-10,3.9723e-07,5.1642e-10,0.0002,1.30509e-07,3.9723e-07,1.30509e-07,0.000199999
0.000350427,-0.148741,-1.2026,-0.000199994,-0.146905,-1.18764,0.00459482,0.00698442,0.0340178,1.18227,0.000200001,4.49036e-10,3.97485e-07,4.49036e-10,0.0002,1.09037e-07,3.97485e-07,1.09037e-07,0.000199999
0.00105759,-0.151181,-1.21768,0.00267186,-0.156401,-1.24696,0.00530198,0.00454444,0.0189356,1.66076,0.000200001,4.36578e-10,3.99318e-07,4.36578e-10,0.0002,1.09858e-07,3.99318e-07,1.09858e-07,0.000199999
0.00164819,-0.153117,-1.22872,0.00263737,-0.156382,-1.24697,0.00545072,0.00560807,0.0327222,1.65747,0.000200001,4.39371e-10,3.98717e-07,4.39371e-10,0.0002,1.14783e-07,3.98717e-07,1.14783e-07,0.000199999
0.00215446,-0.154649,-1.23692,0.00263464,-0.156361,-1.24695,0.00595699,0.00407597,0.024521,1.6476,0.000200001,4.54537e-10,3.96534e-07,4.54537e-10,0.0002,1.22889e-07,3.96534e-07,1.22889e-07,0.000199999
0.00253036,-0.155793,-1.24287,0.00264964,-0.156347,-1.24699,0.00628687,0.00397884,0.0302727,1.65747,0.000200001,4.4288e-10,3.82617e-07,4.4288e-10,0.0002,1.22629e-07,3.82617e-07,1.22629e-07,0.000199999
0.00281452,-0.15667,-1.24721,0.00264894,-0.156351,-1.24697,0.00657104,0.00310201,0.0259325,1.65747,0.000200001,4.21731e-10,3.67493e-07,4.21731e-10,0.0002,1.19598e-07,3.67493e-07,1.19598e-07,0.000199999
0.00315002,-0.157893,-1.2569,0.00359872,-0.158938,-1.2817,0.0061115,0.00493112,0.0349592,0.750741,0.000200001,3.79367e-10,3.57937e-07,3.79367e-10,0.0002,1.06474e-07,3.57937e-07,1.06474e-07,0.000199999
0.00338869,-0.158793,-1.26466,0.00359933,-0.158947,-1.28173,0.00635016,0.00403091,0.0271982,0.751488,0.000200001,3.27212e-10,3.39142e-07,3.27212e-10,0.0002,9.27257e-08,3.39142e-07,9.27257e-08,0.0002
0.00340438,-0.15939,-1.27004,0.00360096,-0.15895,-1.28172,0.00636586,0.00343397,0.0218201,0.754009,0.000200001,2.20864e-10,3.07402e-07,2.20864e-10,0.0002,5.55583e-08,3.07402e-07,5.55583e-08,0.0002
0.00345526,-0.159925,-1.27403,0.00360345,-0.158967,-1.28173,0.00581104,0.00475158,0.0291668,0.751488,0.000200001,1.59652e-10,2.95824e-07,1.59652e-10,0.0002,3.75776e-08,2.95824e-07,3.75776e-08,0.0002
0.00354772,-0.160447,-1.27754,0.00361112,-0.158959,-1.28173,0.0059035,0.00422988,0.0256601,0.74822,0.000200001,1.34032e-10,3.03721e-07,1.34032e-10,0.0002,3.3829e-08,3.03721e-07,3.3829e-08,0.0002
0.00368431,-0.160936,-1.28014,0.00360542,-0.158973,-1.28175,0.00604009,0.00374048,0.0230594,0.751488,0.000200001,1.39992e-10,3.19893e-07,1.39992e-10,0.0002,4.14854e-08,3.19893e-07,4.14854e-08,0.0002
0.00420457,-0.162088,-1.28691,0.00544087,-0.162623,-1.30519,0.00630962,0.00450991,0.0236306,1.02587,0.000200001,1.66948e-10,3.34884e-07,1.66948e-10,0.0002,5.45208e-08,3.34884e-07,5.45208e-08,0.0002
0.00460106,-0.163105,-1.29232,0.00544547,-0.162628,-1.30518,0.00670611,0.00349317,0.0182172,1.02917,0.000200001,1.88203e-10,3.59633e-07,1.88203e-10,0.0002,5.92277e-08,3.59633e-07,5.92277e-08,0.0002
0.00493876,-0.164002,-1.29665,0.00544747,-0.162637,-1.30518,0.00718011,0.00472013,0.0245862,1.02917,0.000200001,2.18519e-10,3.887e-07,2.18519e-10,0.0002,6.51665e-08,3.887e-07,6.51665e-08,0.0002
0.00526701,-0.164858,-1.30023,0.00544807,-0.162633,-1.3052,0.00750836,0.00386472,0.0210148,1.02917,0.000200002,2.7844e-10,4.29457e-07,2.7844e-10,0.0002,7.79344e-08,4.29457e-07,7.79344e-08,0.000199999
0.00553432,-0.165649,-1.30318,0.00544468,-0.162622,-1.30518,0.00777566,0.00307379,0.0180569,1.02587,0.000200002,3.40099e-10,4.72985e-07,3.40099e-10,0.0002,8.66631e-08,4.72985e-07,8.66631e-08,0.000199999
0.00578518,-0.16634,-1.30566,0.00545379,-0.162635,-1.3052,0.00782912,0.00512321,0.0169342,1.02917,0.000200002,4.13086e-10,5.09918e-07,4.13086e-10,0.0002,9.75965e-08,5.09918e-07,9.75965e-08,0.000199999
0.00602763,-0.167975,-1.3086,0.00570572,-0.167702,-1.31056,0.00807156,0.0034884,0.0139864,1.04236,0.000200003,4.74791e-10,5.44396e-07,4.74791e-10,0.0002,1.03473e-07,5.44396e-07,1.03473e-07,0.000199999
0.00620005,-0.169312,-1.31169,0.00568262,-0.167714,-1.31056,0.00696264,0.00552335,0.0206635,1.04236,0.000200003,5.13071e-10,5.70779e-07,5.13071e-10,0.0002,1.03974e-07,5.70779e-07,1.03974e-07,0.000199999
0.00632357,-0.170339,-1.31519,0.00567369,-0.167708,-1.31058,0.00708615,0.00449597,0.0171576,1.04236,0.000200003,5.2603e-10,5.8124e-07,5.2603e-10,0.0002,1.01608e-07,5.8124e-07,1.01608e-07,0.000199999
0.0063622,-0.171022,-1.31892,0.00567472,-0.167707,-1.31056,0.00712478,0.00381255,0.0134255,1.04236,0.000200003,4.81501e-10,5.65853e-07,4.81501e-10,0.0002,8.98978e-08,5.65853e-07,8.98978e-08,0.000199999
0.00642808,-0.171633,-1.32325,0.00567443,-0.167741,-1.31056,0.00696831,0.0071652,0.0143556,1.0503,0.000200003,4.68554e-10,5.6522e-07,4.68554e-10,0.0002,8.7126e-08,5.6522e-07,8.7126e-08,0.000199999
0.00678652,-0.173849,-1.33101,0.00710752,-0.175752,-1.32785,0.00732675,0.00494923,0.00660472,0.988907,0.000200003,4.84226e-10,5.84811e-07,4.84226e-10,0.0002,8.90962e-08,5.84811e-07,8.90962e-08,0.000199999
0.00715491,-0.17571,-1.33772,0.00710723,-0.175752,-1.32786,0.00754648,0.00512719,0.00139542,0.988907,0.000200003,5.53985e-10,6.11854e-07,5.53985e-10,0.0002,1.02312e-07,6.11854e-07,1.02312e-07,0.000199999
0.00750868,-0.177205,-1.343,0.0070955,-0.175747,-1.32787,0.00790026,0.00363197,-0.0038788,0.988907,0.000200004,6.50401e-10,6.30504e-07,6.50401e-10,0.0002,1.19914e-07,6.30504e-07,1.19914e-07,0.000199999
0.00772037,-0.178398,-1.3467,0.00709712,-0.175752,-1.32787,0.00811194,0.00243986,-0.007582,0.988907,0.000200004,6.76908e-10,6.4159e-07,6.76908e-10,0.0002,1.19368e-07,6.4159e-07,1.19368e-07,0.000199999
0.00787245,-0.179378,-1.34894,0.00710789,-0.175752,-1.32787,0.00762467,0.00664377,0.0132315,0.988907,0.000200004,6.84108e-10,6.52858e-07,6.84108e-10,0.0002,1.15759e-07,6.52858e-07,1.15759e-07,0.000199999
0.00796151,-0.180035,-1.34949,0.0071017,-0.175737,-1.32788,0.00771372,0.00598655,0.0126825,0.988907,0.000200004,6.5352e-10,6.4015e-07,6.5352e-10,0.0002,1.08909e-07,6.4015e-07,1.08909e-07,0.000199999
0.00795903,-0.182709,-1.35563,0.00679041,-0.187129,-1.36467,0.0071237,0.00807752,0.0241892,1.29133,0.000200004,6.24303e-10,6.10557e-07,6.24303e-10,0.0002,1.07105e-07,6.10557e-07,1.07105e-07,0.000199999
0.00787261,-0.184919,-1.36013,0.00675962,-0.187176,-1.36468,0.00703729,0.00586801,0.0196867,1.29267,0.000200003,5.57071e-10,6.01341e-07,5.57071e-10,0.0002,9.29416e-08,6.01341e-07,9.29416e-08,0.000199999
0.00785423,-0.18672,-1.36415,0.00677545,-0.187177,-1.36471,0.00646655,0.00749754,0.0319359,1.29934,0.000200003,5.36008e-10,6.00826e-07,5.36008e-10,0.0002,9.08788e-08,6.00826e-07,9.08788e-08,0.000199999
0.00784007,-0.188203,-1.3684,0.0067454,-0.187179,-1.36466,0.00645239,0.00601469,0.0276943,1.28934,0.000200003,5.26116e-10,6.0733e-07,5.26116e-10,0.0002,8.97723e-08,6.0733e-07,8.97723e-08,0.000199999
0.0078871,-0.189454,-1.37262,0.00675603,-0.18713,-1.36467,0.00649943,0.00476303,0.023471,1.286,0.000200004,5.60153e-10,6.23682e-07,5.60153e-10,0.0002,9.7218e-08,6.23682e-07,9.7218e-08,0.000199999
0.00794443,-0.190481,-1.37631,0.00674494,-0.18717,-1.36465,0.00633508,0.00868461,0.0380152,1.286,0.000200004,6.02954e-10,6.3702e-07,6.02954e-10,0.0002,1.04888e-07,6.3702e-07,1.04888e-07,0.000199999
0.00829589,-0.192849,-1.39432,0.00830945,-0.194904,-1.43689,0.00668654,0.00631621,0.0199979,1.69332,0.000200004,6.60252e-10,6.44479e-07,6.60252e-10,0.0002,1.15423e-07,6.44479e-07,1.15423e-07,0.000199999
0.0084768,-0.19476,-1.40935,0.00830106,-0.194898,-1.43687,0.00537276,0.00876556,0.0129271,1.69332,0.000200004,6.3101e-10,6.52398e-07,6.3101e-10,0.0002,1.04286e-07,6.52398e-07,1.04286e-07,0.000199999
0.00860142,-0.196098,-1.42128,0.00831107,-0.194898,-1.43689,0.00549737,0.00742768,0.0010014,1.69332,0.000200004,5.65826e-10,6.27103e-07,5.65826e-10,0.0002,9.22624e-08,6.27103e-07,9.22624e-08,0.000199999
0.00870779,-0.197142,-1.43072,0.00829554,-0.194884,-1.43691,0.00560374,0.00638362,-0.00843995,1.69332,0.000200004,5.15702e-10,6.07351e-07,5.15702e-10,0.0002,8.49822e-08,6.07351e-07,8.49822e-08,0.000199999
0.00877495,-0.197939,-1.43809,0.00826885,-0.194898,-1.43701,0.00568358,0.00985446,0.00926514,1.68849,0.000200003,4.64157e-10,5.88193e-07,4.64157e-10,0.0002,7.75314e-08,5.88193e-07,7.75314e-08,0.000199999
0.00902803,-0.200816,-1.4419,0.00906471,-0.206874,-1.43232,0.00593666,0.00697756,0.00544956,1.39687,0.000200003,4.3578e-10,5.51144e-07,4.3578e-10,0.0002,7.87e-08,5.51144e-07,7.87e-08,0.000199999
0.00912474,-0.202855,-1.44361,0.00904973,-0.206889,-1.43234,0.00603337,0.00493846,0.00373882,1.40029,0.000200003,3.42008e-10,4.8486e-07,3.42008e-10,0.0002,6.34557e-08,4.8486e-07,6.34557e-08,0.000199999
0.00922567,-0.204358,-1.44374,0.00904871,-0.206909,-1.43234,0.00634446,0.0083238,0.0164716,1.40029,0.000200002,2.80533e-10,4.21334e-07,2.80533e-10,0.0002,5.79029e-08,4.21334e-07,5.79029e-08,0.000199999
0.009369,-0.205376,-1.44342,0.00905349,-0.206879,-1.43232,0.00648779,0.00730658,0.0167876,1.39344,0.000200002,2.50491e-10,3.51963e-07,2.50491e-10,0.0002,6.45168e-08,3.51963e-07,6.45168e-08,0.000199999
0.00935969,-0.206059,-1.44307,0.0090601,-0.206897,-1.43234,0.00647849,0.00662319,0.0171416,1.40372,0.000200001,1.795e-10,2.86039e-07,1.795e-10,0.0002,4.89311e-08,2.86039e-07,4.89311e-08,0.000199999
0.00934976,-0.206601,-1.44278,0.0090502,-0.206874,-1.43231,0.00580779,0.00887279,0.0342492,1.39002,0.000200001,1.32466e-10,2.43844e-07,1.32466e-10,0.0002,3.89778e-08,2.43844e-07,3.89778e-08,0.0002
0.00976769,-0.208568,-1.44946,0.0114588,-0.214717,-1.46891,0.00622572,0.00690601,0.0275748,0.834173,0.000200001,8.9036e-11,2.10938e-07,8.9036e-11,0.0002,2.50472e-08,2.10938e-07,2.50472e-08,0.0002
0.0100451,-0.210214,-1.45448,0.0114561,-0.214725,-1.46889,0.00557378,0.0067922,0.0263697,0.834173,0.000200001,4.91504e-11,2.01236e-07,4.91504e-11,0.0002,6.87133e-09,2.01236e-07,6.87133e-09,0.0002
0.0103844,-0.211624,-1.4582,0.0114596,-0.214729,-1.46892,0.00591312,0.00538182,0.022655,0.837681,0.000200001,4.60337e-11,2.0993e-07,4.60337e-11,0.0002,1.37931e-08,2.0993e-07,1.37931e-08,0.0002
0.0105497,-0.212977,-1.46075,0.0114513,-0.214722,-1.46891,0.00607837,0.00402917,0.0200979,0.837681,0.000200001,2.26363e-11,2.51628e-07,2.26363e-11,0.0002,1.47799e-09,2.51628e-07,1.47799e-09,0.0002
0.0107754,-0.214329,-1.4629,0.0114587,-0.214733,-1.46891,0.00619896,0.00380437,0.0231297,0.837681,0.000200001,3.0708e-11,3.2116e-07,3.0708e-11,0.0002,8.26096e-09,3.2116e-07,8.26096e-09,0.0002
0.0111783,-0.216142,-1.46553,0.0120759,-0.217587,-1.4745,0.00660179,0.00199154,0.0205005,0.95645,0.000200001,8.50026e-11,3.91282e-07,8.50026e-11,0.0002,2.87559e-08,3.91282e-07,2.87559e-08,0.0002
0.0115077,-0.217763,-1.46825,0.0120337,-0.217597,-1.47448,0.00762574,0.00184995,0.0206688,0.945997,0.000200002,1.5239e-10,4.63319e-07,1.5239e-10,0.0002,4.40692e-08,4.63319e-07,4.40692e-08,0.000199999
0.0117201,-0.219221,-1.47012,0.0120336,-0.217621,-1.47449,0.0078381,0.000392574,0.0188013,0.952145,0.000200002,1.92183e-10,5.34218e-07,1.92183e-10,0.0002,4.56358e-08,5.34218e-07,4.56358e-08,0.000199999
0.0118693,-0.220408,-1.47234,0.0120327,-0.217612,-1.47449,0.00798736,-0.000794885,0.0165817,0.949481,0.000200003,2.09329e-10,5.83364e-07,2.09329e-10,0.0002,4.29288e-08,5.83364e-07,4.29288e-08,0.000199999
0.0120603,-0.221372,-1.47401,0.0120733,-0.217606,-1.4745,0.00776134,0.00243876,0.0166678,0.95645,0.000200003,2.61159e-10,6.17244e-07,2.61159e-10,0.0002,5.11831e-08,6.17244e-07,5.11831e-08,0.000199999
0.012122,-0.221996,-1.47524,0.0120152,-0.217581,-1.47444,0.00782304,0.00181459,0.0154436,0.941692,0.000200003,2.42593e-10,6.16221e-07,2.42593e-10,0.0002,4.36569e-08,6.16221e-07,4.36569e-08,0.000199999
0.0120838,-0.223502,-1.47867,0.0117973,-0.223344,-1.48721,0.00739948,0.0057294,0.016303,1.09012,0.000200003,1.9729e-10,5.9218e-07,1.9729e-10,0.0002,3.29674e-08,5.9218e-07,3.29674e-08,0.000199999
0.0120628,-0.2246,-1.48152,0.0117984,-0.223345,-1.48725,0.00737858,0.00463211,0.0134484,1.09012,0.000200003,1.63931e-10,5.59556e-07,1.63931e-10,0.0002,2.72699e-08,5.59556e-07,2.72699e-08,0.000199999
0.0120609,-0.225413,-1.4837,0.0118025,-0.22335,-1.48726,0.0073766,0.00381885,0.011266,1.09395,0.000200003,1.44913e-10,5.28223e-07,1.44913e-10,0.0002,2.56245e-08,5.28223e-07,2.56245e-08,0.000199999
0.0120995,-0.226056,-1.48566,0.0117967,-0.223333,-1.48727,0.00753533,0.00547439,0.0110702,1.09012,0.000200003,1.52491e-10,5.07608e-07,1.52491e-10,0.0002,3.0938e-08,5.07608e-07,3.0938e-08,0.000199999
0.0120646,-0.226599,-1.48712,0.011782,-0.223338,-1.48729,0.00750039,0.00493168,0.00960576,1.09778,0.000200002,1.26339e-10,4.98686e-07,1.26339e-10,0.0002,2.41391e-08,4.98686e-07,2.41391e-08,0.000199999
0.0124366,-0.228351,-1.48725,0.0140274,-0.230331,-1.48414,0.00735213,0.00628863,0.00834913,0.996077,0.000200002,7.92345e-11,4.79976e-07,7.92345e-11,0.0002,1.17144e-08,4.79976e-07,1.17144e-08,0.000199999
0.0127305,-0.22971,-1.48735,0.0140271,-0.230336,-1.48413,0.007646,0.00492888,0.00824898,0.992453,0.000200002,4.23438e-11,4.61218e-07,4.23438e-11,0.0002,3.18041e-09,4.61218e-07,3.18041e-09,0.000199999
0.0130096,-0.230795,-1.48806,0.0140344,-0.230335,-1.48415,0.00792516,0.00384473,0.00754419,0.996077,0.000200002,3.52657e-11,4.48653e-07,3.52657e-11,0.0002,4.36764e-09,4.48653e-07,4.36764e-09,0.000199999
0.0132478,-0.231595,-1.48934,0.0140295,-0.230328,-1.48415,0.0082354,0.0059375,0.0114559,0.996077,0.000200002,3.73454e-11,4.30165e-07,3.73454e-11,0.0002,7.45526e-09,4.30165e-07,7.45526e-09,0.000199999
0.0133566,-0.232284,-1.49162,0.0140273,-0.230323,-1.48416,0.00834422,0.00524856,0.00918053,0.992453,0.000200002,2.38938e-12,4.26183e-07,2.38938e-12,0.0002,-4.02213e-09,4.26183e-07,-4.02213e-09,0.000199999
0.0134921,-0.232916,-1.49427,0.0140265,-0.230323,-1.48418,0.00853772,0.00733671,0.00839936,0.992453,0.000200002,-4.65597e-12,4.36678e-07,-4.65597e-12,0.0002,-4.07247e-09,4.36678e-07,-4.07247e-09,0.000199999
0.0132333,-0.235464,-1.49963,0.0120443,-0.239584,-1.49672,0.00827895,0.00478933,0.00304448,1.12964,0.000200002,5.39427e-12,4.73703e-07,5.39427e-12,0.0002,8.63171e-10,4.73703e-07,8.63171e-10,0.000199999
0.0131097,-0.237548,-1.50392,0.0120405,-0.239636,-1.49675,0.00815536,0.00270469,-0.00124568,1.13866,0.000200002,5.83266e-11,5.03322e-07,5.83266e-11,0.0002,1.70093e-08,5.03322e-07,1.70093e-08,0.000199999
0.0130519,-0.239251,-1.50652,0.0120367,-0.239611,-1.49674,0.00832768,0.00388087,0.00572204,1.13686,0.000200002,1.27573e-10,5.28703e-07,1.27573e-10,0.0002,3.39055e-08,5.28703e-07,3.39055e-08,0.000199999
0.0130053,-0.240616,-1.50819,0.0120449,-0.239626,-1.49676,0.00828109,0.00251573,0.00405042,1.14047,0.000200003,1.82683e-10,5.44994e-07,1.82683e-10,0.0002,4.42883e-08,5.44994e-07,4.42883e-08,0.000199999
0.012959,-0.241624,-1.50829,0.0120371,-0.239628,-1.49677,0.00827642,0.00560102,0.014773,1.14047,0.000200003,2.17815e-10,5.41834e-07,2.17815e-10,0.0002,5.00974e-08,5.41834e-07,5.00974e-08,0.000199999
0.0128386,-0.243804,-1.51146,0.0124539,-0.246978,-1.51689,0.00815601,0.00342078,0.0116034,1.05808,0.000200003,1.5303e-10,5.24248e-07,1.5303e-10,0.0002,2.92093e-08,5.24248e-07,2.92093e-08,0.000199999
0.012766,-0.245609,-1.51348,0.0124584,-0.246969,-1.51689,0.0080834,0.00161611,0.00958456,1.06878,0.000200003,1.15467e-10,5.2298e-07,1.15467e-10,0.0002,1.93844e-08,5.2298e-07,1.93844e-08,0.000199999
0.0126895,-0.247121,-1.5154,0.0124595,-0.24699,-1.51689,0.00740827,0.00390096,0.0262985,1.06172,0.000200003,7.57651e-11,5.32554e-07,7.57651e-11,0.0002,9.8163e-09,5.32554e-07,9.8163e-09,0.000199999
0.0126956,-0.248431,-1.51704,0.0124547,-0.246975,-1.51688,0.00741439,0.002591,0.0246564,1.05808,0.000200003,8.42019e-11,5.55119e-07,8.42019e-11,0.0002,1.4395e-08,5.55119e-07,1.4395e-08,0.000199999
0.0126387,-0.249552,-1.51869,0.0124525,-0.247004,-1.51697,0.00741564,0.00335863,0.028474,1.06172,0.000200003,5.58186e-11,5.80301e-07,5.58186e-11,0.0002,7.22133e-09,5.80301e-07,7.22133e-09,0.000199999
0.0126168,-0.250511,-1.52052,0.0124524,-0.246999,-1.51699,0.00739377,0.00240036,0.0266398,1.06903,0.000200003,4.62658e-11,6.06441e-07,4.62658e-11,0.0002,6.01832e-09,6.06441e-07,6.01832e-09,0.000199999
0.0127574,-0.253137,-1.52542,0.0131841,-0.255986,-1.53465,0.00762835,0.00390997,0.0260939,1.30357,0.000200004,5.42241e-11,6.33209e-07,5.42241e-11,0.0002,8.73388e-09,6.33209e-07,8.73388e-09,0.000199999
0.0128778,-0.255282,-1.52914,0.0132375,-0.25599,-1.5347,0.0077487,0.00176508,0.0223735,1.30799,0.000200004,5.85294e-11,6.5716e-07,5.85294e-11,0.0002,9.62824e-09,6.5716e-07,9.62824e-09,0.000199999
0.0130003,-0.256994,-1.53168,0.0131747,-0.255977,-1.53461,0.00787117,5.34446e-05,0.019829,1.30461,0.000200004,8.86567e-11,6.72229e-07,8.86567e-11,0.0002,1.61951e-08,6.72229e-07,1.61951e-08,0.000199999
0.0130718,-0.258175,-1.53341,0.0131991,-0.255988,-1.53466,0.00800246,0.00386233,0.0242957,1.30024,0.000200004,8.7309e-11,6.51414e-07,8.7309e-11,0.0002,1.53e-08,6.51414e-07,1.53e-08,0.000199999
0.0130566,-0.258973,-1.5347,0.0131901,-0.255985,-1.53465,0.00798722,0.00306438,0.0230128,1.30393,0.000200004,3.73335e-11,6.14661e-07,3.73335e-11,0.0002,3.30941e-09,6.14661e-07,3.30941e-09,0.000199999
0.0130785,-0.259481,-1.5351,0.0131773,-0.25598,-1.53462,0.00779738,0.00655403,0.017645,1.30461,0.000200003,2.34164e-11,5.70487e-07,2.34164e-11,0.0002,1.61126e-09,5.70487e-07,1.61126e-09,0.000199999
0.0128743,-0.261826,-1.53766,0.0124285,-0.265978,-1.54532,0.00759321,0.00420932,0.0150826,1.43501,0.000200003,-2.33482e-11,5.32369e-07,-2.33482e-11,0.0002,-1.01306e-08,5.32369e-07,-1.01306e-08,0.000199999
0.0127918,-0.263656,-1.5395,0.0124205,-0.265976,-1.54533,0.00751067,0.00237956,0.0132375,1.43128,0.000200003,-1.2955e-11,5.00699e-07,-1.2955e-11,0.0002,-4.64733e-09,5.00699e-07,-4.64733e-09,0.000199999
0.0127206,-0.265078,-1.54118,0.0124048,-0.26598,-1.54532,0.00756904,0.00467946,0.0156255,1.42914,0.000200002,-6.0768e-12,4.73631e-07,-6.0768e-12,0.0002,-1.68321e-09,4.73631e-07,-1.68321e-09,0.000199999
0.0127084,-0.266258,-1.54253,0.0124133,-0.265984,-1.54532,0.00755681,0.00349957,0.0142799,1.43128,0.000200002,1.97972e-11,4.62916e-07,1.97972e-11,0.0002,6.95719e-09,4.62916e-07,6.95719e-09,0.000199999
0.0126953,-0.267201,-1.54361,0.0124003,-0.265981,-1.54532,0.00754374,0.00255615,0.0132043,1.42914,0.000200002,3.9094e-11,4.56069e-07,3.9094e-11,0.0002,1.2272e-08,4.56069e-07,1.2272e-08,0.000199999
0.01261,-0.269519,-1.54641,0.0120449,-0.273796,-1.55297,0.00756299,0.00374105,0.0176194,1.36021,0.000200002,5.28162e-11,4.51699e-07,5.28162e-11,0.0002,1.54189e-08,4.51699e-07,1.54189e-08,0.000199999
0.0125569,-0.271399,-1.54876,0.0120196,-0.273821,-1.55297,0.00750995,0.00186099,0.0152725,1.36349,0.000200002,7.21937e-11,4.52248e-07,7.21937e-11,0.0002,2.0445e-08,4.52248e-07,2.0445e-08,0.000199999
0.0124973,-0.272967,-1.55074,0.0120391,-0.273816,-1.55295,0.00745028,0.000293447,0.0132949,1.35424,0.000200002,7.7571e-11,4.62903e-07,7.7571e-11,0.0002,2.00654e-08,4.62903e-07,2.00654e-08,0.000199999
0.0124625,-0.274284,-1.552,0.0119982,-0.273813,-1.55292,0.00728265,0.00248276,0.0123898,1.35392,0.000200002,9.28071e-11,4.79877e-07,9.28071e-11,0.0002,2.31437e-08,4.79877e-07,2.31437e-08,0.000199999
0.012399,-0.275339,-1.55281,0.0120375,-0.273818,-1.55296,0.00721915,0.00142739,0.0115763,1.35424,0.000200002,8.22391e-11,4.90873e-07,8.22391e-11,0.0002,1.81235e-08,4.90873e-07,1.81235e-08,0.000199999
0.0122841,-0.276121,-1.55316,0.0120454,-0.27382,-1.55297,0.00710425,0.000645422,0.0112343,1.36528,0.000200002,3.83937e-11,4.87883e-07,3.83937e-11,0.0002,4.44415e-09,4.87883e-07,4.44415e-09,0.000199999
0.0125987,-0.277739,-1.55355,0.0137539,-0.278254,-1.55407,0.0069812,0.00226326,0.0139052,1.14278,0.000200002,3.79491e-11,5.02804e-07,3.79491e-11,0.0002,6.15682e-09,5.02804e-07,6.15682e-09,0.000199999
0.0128087,-0.278992,-1.55365,0.0137635,-0.278262,-1.55406,0.00719118,0.00100939,0.0138023,1.14659,0.000200002,1.53931e-11,5.05666e-07,1.53931e-11,0.0002,3.04935e-10,5.05666e-07,3.04935e-10,0.000199999
0.0129545,-0.280019,-1.55341,0.0137582,-0.27827,-1.55402,0.00697895,0.00295213,0.0153683,1.14278,0.000200002,-1.32121e-11,5.10961e-07,-1.32121e-11,0.0002,-6.73097e-09,5.10961e-07,-6.73097e-09,0.000199999
0.0131343,-0.280734,-1.55291,0.0137645,-0.278276,-1.55398,0.00715877,0.00223731,0.0158752,1.13896,0.000200002,-1.42263e-12,4.97155e-07,-1.42263e-12,0.0002,-1.2176e-09,4.97155e-07,-1.2176e-09,0.000199999
0.0132778,-0.281221,-1.55208,0.0137698,-0.278279,-1.55398,0.00760905,0.00591465,0.0192757,1.13896,0.000200002,7.95521e-12,4.74705e-07,7.95521e-12,0.0002,2.22408e-09,4.74705e-07,2.22408e-09,0.000199999
0.0131653,-0.283543,-1.55138,0.0125289,-0.28826,-1.55323,0.0074966,0.00359275,0.0199775,1.53845,0.000200002,2.45575e-11,4.50059e-07,2.45575e-11,0.0002,7.73471e-09,4.50059e-07,7.73471e-09,0.000199999
0.0130393,-0.285449,-1.55103,0.0125549,-0.288287,-1.55325,0.00737061,0.00168656,0.0203282,1.55396,0.000200002,1.80685e-11,4.41226e-07,1.80685e-11,0.0002,4.65926e-09,4.41226e-07,4.65926e-09,0.000199999
0.0129139,-0.286949,-1.55105,0.0125379,-0.288265,-1.55321,0.00722303,0.00323509,0.0187164,1.53845,0.000200002,2.75441e-12,4.3224e-07,2.75441e-12,0.0002,-7.86461e-10,4.3224e-07,-7.86461e-10,0.000199999
0.0128759,-0.288172,-1.55159,0.0125275,-0.288281,-1.5532,0.00718506,0.00201212,0.0181835,1.55135,0.000200002,1.94961e-11,4.29689e-07,1.94961e-11,0.0002,5.90297e-09,4.29689e-07,5.90297e-09,0.000199999
0.0128264,-0.289211,-1.55233,0.012533,-0.288262,-1.55322,0.00725226,0.00230081,0.0149721,1.53845,0.000200002,2.40116e-11,4.38334e-07,2.40116e-11,0.0002,6.83128e-09,4.38334e-07,6.83128e-09,0.000199999
0.0128304,-0.29,-1.55313,0.0125433,-0.288268,-1.55324,0.00725618,0.00151173,0.0141695,1.5462,0.000200002,4.57786e-11,4.36944e-07,4.57786e-11,0.0002,1.39473e-08,4.36944e-07,1.39473e-08,0.000199999
0.0126458,-0.291719,-1.55334,0.0119178,-0.293594,-1.55053,0.00707159,-0.000207083,0.0139646,1.41417,0.000200002,3.34668e-11,4.39637e-07,3.34668e-11,0.0002,8.20412e-09,4.39637e-07,8.20412e-09,0.000199999
0.0125421,-0.293131,-1.55329,0.0119225,-0.293571,-1.55051,0.00752355,0.00318018,0.0102919,1.41417,0.000200002,4.35655e-11,4.48051e-07,4.35655e-11,0.0002,1.14573e-08,4.48051e-07,1.14573e-08,0.000199999
0.0124609,-0.29426,-1.55284,0.0119316,-0.293566,-1.5505,0.00744228,0.00205138,0.010745,1.41417,0.000200002,5.20236e-11,4.53433e-07,5.20236e-11,0.0002,1.36335e-08,4.53433e-07,1.36335e-08,0.000199999
0.0123778,-0.295227,-1.55237,0.0119408,-0.293567,-1.55051,0.00682785,0.00251693,0.0114799,1.4222,0.000200002,5.00062e-11,4.67144e-07,5.00062e-11,0.0002,1.1904e-08,4.67144e-07,1.1904e-08,0.000199999
0.0122847,-0.295942,-1.5521,0.0119181,-0.293589,-1.55051,0.00673477,0.00180196,0.0117479,1.41417,0.000200002,3.64211e-11,4.65771e-07,3.64211e-11,0.0002,7.26677e-09,4.65771e-07,7.26677e-09,0.000199999
0.0123655,-0.298238,-1.55183,0.012688,-0.301787,-1.55128,0.00681556,-0.000494543,0.0120158,1.56504,0.000200002,2.70587e-11,4.78504e-07,2.70587e-11,0.0002,4.64308e-09,4.78504e-07,4.64308e-09,0.000199999
0.0124099,-0.299967,-1.55172,0.012702,-0.301775,-1.55127,0.00668978,0.00116714,0.0175686,1.56618,0.000200002,7.93782e-12,4.69703e-07,7.93782e-12,0.0002,-7.36492e-10,4.69703e-07,-7.36492e-10,0.000199999
0.0125504,-0.301456,-1.55153,0.0126848,-0.301783,-1.55127,0.00683021,-0.000321868,0.0177633,1.56104,0.000200002,4.78353e-11,4.80759e-07,4.78353e-11,0.0002,1.32007e-08,4.80759e-07,1.32007e-08,0.000199999
0.0125785,-0.302605,-1.55179,0.0126916,-0.301777,-1.55128,0.00703984,0.00229555,0.0153828,1.56218,0.000200002,3.65933e-11,4.8129e-07,3.65933e-11,0.0002,8.32271e-09,4.8129e-07,8.32271e-09,0.000199999
0.012599,-0.303485,-1.55241,0.0126848,-0.301789,-1.55127,0.00706032,0.00141632,0.0147618,1.56104,0.000200002,2.60028e-11,4.74825e-07,2.60028e-11,0.0002,4.94252e-09,4.74825e-07,4.94252e-09,0.000199999
0.0125939,-0.30412,-1.55239,0.0126932,-0.301766,-1.55129,0.00705524,0.00078101,0.0147785,1.57304,0.000200002,6.70081e-12,4.6054e-07,6.70081e-12,0.0002,-8.04377e-10,4.6054e-07,-8.04377e-10,0.000199999
0.0125797,-0.306027,-1.55288,0.0125439,-0.308656,-1.55536,0.00702277,0.0020394,0.0134877,1.67465,0.000200002,2.62967e-12,4.54739e-07,2.62967e-12,0.0002,-9.53101e-10,4.54739e-07,-9.53101e-10,0.000199999
0.0125586,-0.30751,-1.55327,0.0125007,-0.308654,-1.55532,0.00700171,0.000556693,0.0131045,1.67008,0.000200002,-5.72972e-13,4.44221e-07,-5.72972e-13,0.0002,-1.24961e-09,4.44221e-07,-1.24961e-09,0.000199999
0.0125557,-0.308673,-1.55388,0.0124657,-0.308648,-1.55529,0.0070809,0.00264022,0.0157924,1.67464,0.000200002,6.49828e-12,4.34027e-07,6.49828e-12,0.0002,1.78655e-09,4.34027e-07,1.78655e-09,0.000199999
0.0125514,-0.309603,-1.55436,0.0124578,-0.308642,-1.55527,0.00707667,0.00171079,0.0153064,1.67464,0.000200002,1.18842e-11,4.27505e-07,1.18842e-11,0.0002,3.63805e-09,4.27505e-07,3.63805e-09,0.000199999
0.0126093,-0.310308,-1.55477,0.0125562,-0.308667,-1.55537,0.00758644,0.00421454,0.0149276,1.67866,0.000200002,3.39079e-11,4.16415e-07,3.39079e-11,0.0002,1.1446e-08,4.16415e-07,1.1446e-08,0.000199999
0.0126309,-0.310937,-1.5552,0.0125345,-0.308668,-1.55538,0.007608,0.00358584,0.0144966,1.66662,0.000200002,4.25833e-11,4.19585e-07,4.25833e-11,0.0002,1.31229e-08,4.19585e-07,1.31229e-08,0.000199999
0.0124504,-0.312869,-1.5562,0.011551,-0.315603,-1.55864,0.00742758,0.00165323,0.0134981,1.57904,0.000200002,4.96518e-11,4.28423e-07,4.96518e-11,0.0002,1.42336e-08,4.28423e-07,1.42336e-08,0.000199999
0.0123026,-0.314377,-1.5572,0.0115389,-0.315623,-1.55862,0.00724493,0.00146521,0.015017,1.57487,0.000200002,5.33385e-11,4.2728e-07,5.33385e-11,0.0002,1.46485e-08,4.2728e-07,1.46485e-08,0.000199999
0.0122072,-0.315687,-1.55811,0.0115418,-0.315611,-1.55865,0.00714946,0.000155572,0.0141067,1.57904,0.000200002,6.75536e-11,4.43526e-07,6.75536e-11,0.0002,1.83622e-08,4.43526e-07,1.83622e-08,0.000199999
0.012085,-0.31665,-1.55864,0.0115344,-0.315613,-1.55865,0.0070273,-0.000808144,0.0135842,1.57487,0.000200002,5.66415e-11,4.404e-07,5.66415e-11,0.0002,1.36563e-08,4.404e-07,1.36563e-08,0.000199999
0.011966,-0.317314,-1.55937,0.0115415,-0.315608,-1.55868,0.00667775,0.00175158,0.00771109,1.57904,0.000200002,3.61077e-11,4.21423e-07,3.61077e-11,0.0002,6.90723e-09,4.21423e-07,6.90723e-09,0.000199999
0.0110456,-0.319461,-1.56141,0.00702264,-0.32497,-1.56696,0.00575737,-0.000395699,0.0056727,2.11932,0.000200001,5.17257e-11,3.68293e-07,5.17257e-11,0.0002,1.56941e-08,3.68293e-07,1.56941e-08,0.000199999
0.0103274,-0.32094,-1.56293,0.00701868,-0.324943,-1.56696,0.00533063,0.00136694,0.00783663,2.11872,0.000200001,6.17524e-11,2.96845e-07,6.17524e-11,0.0002,2.42007e-08,2.96845e-07,2.42007e-08,0.0002
0.00968556,-0.321993,-1.56406,0.00700684,-0.325033,-1.567,0.00468879,0.000314356,0.00671229,2.12332,0.000200001,4.51421e-11,2.27391e-07,4.51421e-11,0.0002,1.91715e-08,2.27391e-07,1.91715e-08,0.0002
0.00910826,-0.322722,-1.56484,0.00700965,-0.324998,-1.56692,0.0038163,0.00211769,0.00274243,2.12332,0.0002,2.10361e-11,1.65994e-07,2.10361e-11,0.0002,5.59547e-09,1.65994e-07,5.59547e-09,0.0002
0.00864289,-0.323215,-1.56526,0.00699403,-0.324976,-1.56693,0.00335093,0.00162403,0.00232422,2.12332,0.0002,8.12723e-12,1.13084e-07,8.12723e-12,0.0002,-3.185e-09,1.13084e-07,-3.185e-09,0.0002
0.00831494,-0.323614,-1.5658,0.00700249,-0.324995,-1.56693,0.00302297,0.00122548,0.00178294,2.12332,0.0002,5.31346e-12,7.91802e-08,5.31346e-12,0.0002,-2.00245e-09,7.91802e-08,-2.00245e-09,0.0002
0.008995,-0.324556,-1.56492,0.0111803,-0.328011,-1.56092,0.00370303,0.000282832,0.00265532,1.45023,0.0002,1.02064e-11,6.08025e-08,1.02064e-11,0.0002,1.57849e-08,6.08025e-08,1.57849e-08,0.0002
0.00960551,-0.325414,-1.56412,0.0111904,-0.327997,-1.56089,0.00431354,-0.000574297,0.00346306,1.46228,0.0002,1.96934e-11,6.59804e-08,1.96934e-11,0.0002,3.74889e-08,6.59804e-08,3.74889e-08,0.0002
0.010161,-0.326166,-1.56358,0.011204,-0.328012,-1.56092,0.00469231,4.03437e-05,0.00354929,1.4538,0.0002,3.68324e-11,7.94187e-08,3.68324e-11,0.0002,6.16746e-08,7.94187e-08,6.16746e-08,0.0002
0.010562,-0.326723,-1.56293,0.0112009,-0.328004,-1.56087,0.00509331,-0.000517206,0.00419592,1.45762,0.0002,4.5389e-11,8.12327e-08,4.5389e-11,0.0002,7.03264e-08,8.12327e-08,7.03264e-08,0.0002
0.0113564,-0.327207,-1.56263,0.0112267,-0.327999,-1.56091,0.00588767,-0.00100087,0.00449692,1.46217,0.0002,9.84582e-11,8.86093e-08,9.84582e-11,0.0002,1.508e-07,8.86093e-08,1.508e-07,0.0002
0.0127524,-0.327683,-1.56244,0.0116231,-0.328266,-1.55908,0.00728373,-0.00147703,0.00469007,1.36862,0.0002,2.23167e-10,9.93411e-08,2.23167e-10,0.000200001,3.11252e-07,9.93411e-08,3.11252e-07,0.0002
0.0141235,-0.328069,-1.56249,0.0116176,-0.328305,-1.55909,0.00865481,-0.00186274,0.00463596,1.37931,0.0002,3.59997e-10,1.05919e-07,3.59997e-10,0.000200001,4.54777e-07,1.05919e-07,4.54777e-07,0.0002
0.0152813,-0.328398,-1.56223,0.0116023,-0.328307,-1.5591,0.00981257,-0.00219229,0.00490064,1.37516,0.0002,4.90563e-10,1.13367e-07,4.90563e-10,0.000200002,5.56883e-07,1.13367e-07,5.56883e-07,0.000199999
0.0161245,-0.328535,-1.56202,0.0116181,-0.328309,-1.5591,0.00976063,-0.00103761,0.0132421,1.37101,0.0002,5.02274e-10,9.77538e-08,5.02274e-10,0.000200003,6.08464e-07,9.77538e-08,6.08464e-07,0.000199999
0.0168833,-0.328637,-1.56247,0.0116139,-0.32828,-1.55909,0.0105195,-0.00113957,0.0127928,1.37516,0.0002,5.08574e-10,8.78015e-08,5.08574e-10,0.000200003,6.55074e-07,8.78015e-08,6.55074e-07,0.000199999
0.0176629,-0.328799,-1.56386,0.0116215,-0.328267,-1.55906,0.0112991,-0.00130139,0.0114037,1.36686,0.0002,5.87072e-10,9.5352e-08,5.87072e-10,0.000200004,7.12164e-07,9.5352e-08,7.12164e-07,0.000199999
0.01881,-0.32938,-1.56663,0.0141302,-0.330428,-1.55752,0.0124462,-0.00188249,0.00863203,1.4131,0.0002,6.75133e-10,1.04708e-07,6.75133e-10,0.000200005,7.51958e-07,1.04708e-07,7.51958e-07,0.000199998
0.0197501,-0.329911,-1.56979,0.0141348,-0.330435,-1.55757,0.0133863,-0.00241414,0.00547394,1.42143,0.0002,8.05528e-10,1.22078e-07,8.05528e-10,0.000200005,7.80633e-07,1.22078e-07,7.80633e-07,0.000199998
0.0205194,-0.330402,-1.57346,0.0141148,-0.330434,-1.55761,0.00986471,-0.000138368,-0.00400857,1.42143,0.0002,9.72742e-10,1.44798e-07,9.72742e-10,0.000200006,8.02065e-07,1.44798e-07,8.02065e-07,0.000199998
0.0211092,-0.330691,-1.5763,0.0140962,-0.330426,-1.55763,0.0104545,-0.000427021,-0.00684769,1.42143,0.0002,1.01514e-09,1.43359e-07,1.01514e-09,0.000200006,8.12312e-07,1.43359e-07,8.12312e-07,0.000199998
0.021709,-0.330838,-1.57857,0.0140997,-0.330419,-1.55764,0.0110543,-0.000574306,-0.00912064,1.42143,0.0002,9.92766e-10,1.2994e-07,9.92766e-10,0.000200006,8.3932e-07,1.2994e-07,8.3932e-07,0.000199998
0.0234833,-0.331553,-1.5858,0.0198434,-0.33339,-1.58209,0.0128285,-0.0012887,-0.0163486,1.80657,0.0002,9.754e-10,1.19261e-07,9.754e-10,0.000200007,8.80366e-07,1.19261e-07,8.80366e-07,0.000199998
0.0250059,-0.332115,-1.59085,0.0198306,-0.333395,-1.58205,0.0143512,-0.0018511,-0.0213968,1.80999,0.0002,9.64452e-10,1.11572e-07,9.64452e-10,0.000200007,9.23488e-07,1.11572e-07,9.23488e-07,0.000199997
0.0261648,-0.332559,-1.59458,0.0198548,-0.333442,-1.58207,0.00571992,0.00175085,0.00550079,1.80245,0.0002,9.33662e-10,1.04651e-07,9.33662e-10,0.000200008,9.40802e-07,1.04651e-07,9.40802e-07,0.000199997
0.0271539,-0.332984,-1.59726,0.0198543,-0.333444,-1.58208,0.00670899,0.00132571,0.00282398,1.80245,0.0002,9.88722e-10,1.11906e-07,9.88722e-10,0.000200008,9.61665e-07,1.11906e-07,9.61665e-07,0.000199997
0.0279212,-0.333229,-1.59783,0.0198312,-0.333481,-1.58202,0.00747629,0.00107996,0.00224699,1.78536,0.0002,9.24447e-10,9.96994e-08,9.24447e-10,0.000200009,9.72109e-07,9.96994e-08,9.72109e-07,0.000199997
0.0285383,-0.333305,-1.59705,0.019834,-0.333506,-1.58203,0.00809343,0.00100393,0.00302543,1.78536,0.0002,7.38691e-10,7.11285e-08,7.38691e-10,0.000200009,9.79434e-07,7.11285e-08,9.79434e-07,0.000199997
0.0323297,-0.334585,-1.59944,0.0356739,-0.340141,-1.59913,0.0118847,-0.00027603,0.000637067,1.40608,0.0002,4.64571e-10,3.25551e-08,4.64571e-10,0.000200009,1.00513e-06,3.25551e-08,1.00513e-06,0.000199997
0.0353324,-0.335398,-1.60136,0.0357041,-0.340138,-1.59915,0.0148875,-0.00108881,-0.00127747,1.41775,0.0002,2.29015e-11,-2.54565e-08,2.29015e-11,0.000200009,1.01586e-06,-2.54565e-08,1.01586e-06,0.000199997
0.0376911,-0.335921,-1.60267,0.0356781,-0.340131,-1.59912,0.00676781,0.00136086,0.0354253,1.40608,0.0002,-4.53687e-10,-8.25985e-08,-4.53687e-10,0.000200009,1.01666e-06,-8.25985e-08,1.01666e-06,0.000199997
0.0395421,-0.336294,-1.60309,0.0357027,-0.340113,-1.59906,0.00312853,0.00126795,0.0456157,1.41028,0.0002,-8.57329e-10,-1.26e-07,-8.57329e-10,0.000200009,1.01064e-06,-1.26e-07,1.01064e-06,0.000199996
0.0410082,-0.336486,-1.60333,0.0357189,-0.34011,-1.59908,0.00459465,0.00107642,0.0453797,1.41869,0.0002,-1.26651e-09,-1.70794e-07,-1.26651e-09,0.000200009,1.00398e-06,-1.70794e-07,1.00398e-06,0.000199996
0.0421648,-0.33632,-1.60403,0.0356945,-0.340115,-1.59907,0.00575126,0.00124223,0.0446774,1.40608,0.0002,-1.90132e-09,-2.50283e-07,-1.90132e-09,0.000200009,9.98149e-07,-2.50283e-07,9.98149e-07,0.000199996
0.0451447,-0.336358,-1.61249,0.0451866,-0.340216,-1.63697,0.00873111,0.00120435,0.036221,1.44256,0.000200001,-2.30708e-09,-2.82914e-07,-2.30708e-09,0.00020001,1.01778e-06,-2.82914e-07,1.01778e-06,0.000199996
0.0475547,-0.336336,-1.61936,0.0451744,-0.340211,-1.63697,0.0111411,0.00122626,0.0293534,1.43847,0.000200001,-2.66519e-09,-3.10589e-07,-2.66519e-09,0.00020001,1.03523e-06,-3.10589e-07,1.03523e-06,0.000199996
0.0494464,-0.336328,-1.62527,0.0451885,-0.340224,-1.63701,0.00144251,0.00135278,0.031069,1.44279,0.000200001,-2.90169e-09,-3.25813e-07,-2.90169e-09,0.00020001,1.04054e-06,-3.25813e-07,1.04054e-06,0.000199996
0.0509731,-0.336523,-1.62989,0.0451874,-0.340232,-1.63697,0.00296912,0.00115737,0.0264496,1.44363,0.000200001,-2.84998e-09,-3.02593e-07,-2.84998e-09,0.00020001,1.04632e-06,-3.02593e-07,1.04632e-06,0.000199996
0.0522061,-0.33664,-1.63379,0.0452277,-0.340218,-1.63696,0.00420218,0.00104044,0.022549,1.43976,0.000200001,-2.82925e-09,-2.92669e-07,-2.82925e-09,0.00020001,1.05089e-06,-2.92669e-07,1.05089e-06,0.000199996
0.0553124,-0.336773,-1.6388,0.056603,-0.341248,-1.64532,0.00730842,0.000907831,0.017545,1.47317,0.000200001,-2.94465e-09,-3.13703e-07,-2.94465e-09,0.00020001,1.02886e-06,-3.13703e-07,1.02886e-06,0.000199996
0.0576772,-0.336487,-1.64249,0.0565939,-0.341324,-1.64533,0.0096733,0.00119373,0.0138516,1.46913,0.000200001,-3.41253e-09,-3.91708e-07,-3.41253e-09,0.000200009,9.96169e-07,-3.91708e-07,9.96169e-07,0.000199996
0.0594182,-0.336023,-1.64482,0.0565949,-0.341245,-1.64534,0.00523599,0.00259783,0.0240763,1.46517,0.000200002,-3.9103e-09,-4.76595e-07,-3.9103e-09,0.000200009,9.51161e-07,-4.76595e-07,9.51161e-07,0.000199996
0.060716,-0.335544,-1.64617,0.0565993,-0.341262,-1.64534,0.00653384,0.00307657,0.0227276,1.46517,0.000200002,-4.31786e-09,-5.48645e-07,-4.31786e-09,0.000200008,9.07054e-07,-5.48645e-07,9.07054e-07,0.000199996
0.0617063,-0.335211,-1.64724,0.0565817,-0.341307,-1.64531,0.00752417,0.00340991,0.021656,1.47263,0.000200003,-4.53575e-09,-5.88091e-07,-4.53575e-09,0.000200008,8.71845e-07,-5.88091e-07,8.71845e-07,0.000199996
0.062508,-0.334851,-1.64811,0.0565917,-0.341262,-1.64534,0.00832578,0.0037693,0.0207921,1.46517,0.000200003,-4.76001e-09,-6.26595e-07,-4.76001e-09,0.000200007,8.50625e-07,-6.26595e-07,8.50625e-07,0.000199996
0.0645383,-0.334615,-1.65183,0.0633589,-0.341536,-1.66304,0.0103561,0.00400532,0.0170742,1.4993,0.000200004,-4.95096e-09,-6.54301e-07,-4.95096e-09,0.000200007,8.40758e-07,-6.54301e-07,8.40758e-07,0.000199996
0.0661192,-0.33447,-1.6546,0.0633529,-0.34154,-1.66307,0.00565084,0.00204413,0.0208129,1.49525,0.000200004,-5.02046e-09,-6.64777e-07,-5.02046e-09,0.000200007,8.27979e-07,-6.64777e-07,8.27979e-07,0.000199996
0.0673163,-0.334421,-1.65733,0.0633494,-0.341572,-1.66308,0.00684791,0.00209356,0.018078,1.5074,0.000200004,-4.96466e-09,-6.61185e-07,-4.96466e-09,0.000200006,8.09599e-07,-6.61185e-07,8.09599e-07,0.000199996
0.0682548,-0.334398,-1.65962,0.0633584,-0.341546,-1.66305,0.00778642,0.0021166,0.0157919,1.4993,0.000200004,-4.88094e-09,-6.54992e-07,-4.88094e-09,0.000200006,7.94821e-07,-6.54992e-07,7.94821e-07,0.000199996
0.0690799,-0.334292,-1.66114,0.0633543,-0.341599,-1.66309,0.00861153,0.00222213,0.0142661,1.51773,0.000200004,-4.94629e-09,-6.66535e-07,-4.94629e-09,0.000200006,7.97498e-07,-6.66535e-07,7.97498e-07,0.000199996
0.0711236,-0.333089,-1.66259,0.069928,-0.336063,-1.66579,0.00701938,0.000762478,0.0115778,1.49123,0.000200004,-5.05821e-09,-6.76055e-07,-5.05821e-09,0.000200006,8.0997e-07,-6.76055e-07,8.0997e-07,0.000199996
0.0727353,-0.332149,-1.66344,0.0699196,-0.336068,-1.66577,0.00476572,-0.00178095,0.00955294,1.49123,0.000200004,-5.11314e-09,-6.78754e-07,-5.11314e-09,0.000200006,8.14514e-07,-6.78754e-07,8.14514e-07,0.000199996
0.0739574,-0.331454,-1.66401,0.0699262,-0.336061,-1.66576,0.00598774,-0.00108577,0.0089841,1.48715,0.000200004,-5.0549e-09,-6.71049e-07,-5.0549e-09,0.000200006,8.06486e-07,-6.71049e-07,8.06486e-07,0.000199996
0.0750504,-0.330803,-1.66436,0.0699215,-0.336065,-1.66575,0.00708079,-0.000435217,0.00863449,1.48715,0.000200004,-5.1698e-09,-6.81351e-07,-5.1698e-09,0.000200006,8.19979e-07,-6.81351e-07,8.19979e-07,0.000199996
0.0759766,-0.330201,-1.66484,0.0699281,-0.336058,-1.66575,0.008007,0.000167251,0.00814724,1.48715,0.000200004,-5.36876e-09,-7.00675e-07,-5.36876e-09,0.000200006,8.36819e-07,-7.00675e-07,8.36819e-07,0.000199996
0.0766956,-0.32974,-1.66492,0.0699304,-0.336064,-1.66576,0.00872602,0.00062801,0.00806573,1.49532,0.000200005,-5.49158e-09,-7.09942e-07,-5.49158e-09,0.000200007,8.43915e-07,-7.09942e-07,8.43915e-07,0.000199996
0.0790305,-0.327535,-1.6644,0.0787388,-0.326896,-1.66285,0.0110609,0.00283247,0.00858562,1.5696,0.000200005,-5.58338e-09,-7.15847e-07,-5.58338e-09,0.000200007,8.48477e-07,-7.15847e-07,8.48477e-07,0.000199996
0.0809323,-0.325756,-1.66387,0.078795,-0.326918,-1.66276,0.00417961,-0.00420694,0.00883314,1.5696,0.000200005,-5.68563e-09,-7.22897e-07,-5.68563e-09,0.000200007,8.54933e-07,-7.22897e-07,8.54933e-07,0.000199996
0.0824799,-0.324315,-1.66334,0.0788117,-0.326923,-1.66279,0.0057272,-0.00276515,0.00936025,1.56758,0.000200005,-5.79744e-09,-7.30691e-07,-5.79744e-09,0.000200007,8.62591e-07,-7.30691e-07,8.62591e-07,0.000199996
0.0838557,-0.323046,-1.66313,0.0788092,-0.32693,-1.66279,0.00710294,-0.00149701,0.00957508,1.56758,0.000200005,-6.09678e-09,-7.54211e-07,-6.09678e-09,0.000200007,8.89636e-07,-7.54211e-07,8.89636e-07,0.000199996
0.0849727,-0.322057,-1.66285,0.078796,-0.326939,-1.66278,0.00821998,-0.000507255,0.00985245,1.56896,0.000200005,-6.32705e-09,-7.65678e-07,-6.32705e-09,0.000200008,9.09922e-07,-7.65678e-07,9.09922e-07,0.000199995
0.0881129,-0.318531,-1.66134,0.0903849,-0.312993,-1.65997,0.0113602,0.00301818,0.0113632,1.19891,0.000200005,-6.3909e-09,-7.64178e-07,-6.3909e-09,0.000200008,9.11474e-07,-7.64178e-07,9.11474e-07,0.000199995
0.0905542,-0.315766,-1.66023,0.0903845,-0.312988,-1.65996,0.0138015,0.00578358,0.0124694,1.20591,0.000200005,-6.32212e-09,-7.54416e-07,-6.32212e-09,0.000200008,9.01008e-07,-7.54416e-07,9.01008e-07,0.000199995
0.092527,-0.31362,-1.65945,0.0904114,-0.313001,-1.65997,0.0050852,-0.00344367,0.0100579,1.19891,0.000200005,-6.21317e-09,-7.38008e-07,-6.21317e-09,0.000200008,8.96537e-07,-7.38008e-07,8.96537e-07,0.000199995
0.0940403,-0.311955,-1.65893,0.090437,-0.312971,-1.65997,0.00421829,-0.00421795,0.0107373,1.19492,0.000200005,-6.01973e-09,-7.1844e-07,-6.01973e-09,0.000200007,8.82445e-07,-7.1844e-07,8.82445e-07,0.000199995
0.0952858,-0.310989,-1.65738,0.0904506,-0.312972,-1.65997,0.0054638,-0.00325222,0.0122922,1.19492,0.000200004,-5.55827e-09,-6.47998e-07,-5.55827e-09,0.000200007,8.78154e-07,-6.47998e-07,8.78154e-07,0.000199996
0.0964922,-0.310793,-1.65489,0.0904712,-0.312991,-1.65993,0.00667011,-0.00305635,0.0147845,1.20289,0.000200003,-4.78991e-09,-5.12329e-07,-4.78991e-09,0.000200008,9.08201e-07,-5.12329e-07,9.08201e-07,0.000199996
0.100108,-0.309219,-1.65078,0.10385,-0.304678,-1.65249,0.0102856,-0.00148218,0.0188894,1.13169,0.000200002,-3.91641e-09,-3.85922e-07,-3.91641e-09,0.000200008,9.23866e-07,-3.85922e-07,9.23866e-07,0.000199996
0.103138,-0.308204,-1.64675,0.103892,-0.304694,-1.65238,0.0133157,-0.000467054,0.0229219,1.13553,0.000200001,-3.04212e-09,-2.67632e-07,-3.04212e-09,0.000200008,9.54566e-07,-2.67632e-07,9.54566e-07,0.000199996
0.105746,-0.307507,-1.64362,0.103903,-0.304693,-1.65236,0.0159243,0.000229446,0.0260472,1.13553,0.000200001,-2.27668e-09,-1.74208e-07,-2.27668e-09,0.000200009,1.00348e-06,-1.74208e-07,1.00348e-06,0.000199996
0.107963,-0.306998,-1.64111,0.103932,-0.304695,-1.65232,0.00721676,-0.00828144,0.019766,1.13169,0.000200001,-1.64155e-09,-1.07476e-07,-1.64155e-09,0.00020001,1.05469e-06,-1.07476e-07,1.05469e-06,0.000199996
0.109828,-0.306552,-1.63931,0.103952,-0.304695,-1.65231,0.00252376,-0.00948548,0.00943754,1.13169,0.0002,-1.20543e-09,-7.15998e-08,-1.20543e-09,0.000200011,1.1015e-06,-7.15998e-08,1.1015e-06,0.000199996
0.114774,-0.305605,-1.63287,0.120712,-0.301788,-1.62367,0.00747048,-0.0085391,0.0158826,0.944633,0.0002,-8.54649e-10,-4.45306e-08,-8.54649e-10,0.000200012,1.14821e-06,-4.45306e-08,1.14821e-06,0.000199996
0.118777,-0.304926,-1.62874,0.12075,-0.301799,-1.62364,0.0114732,-0.00785951,0.0200094,0.937509,0.0002,-5.03784e-10,-1.54978e-08,-5.03784e-10,0.000200012,1.1841e-06,-1.54978e-08,1.1841e-06,0.000199996
0.121981,-0.304319,-1.62624,0.120742,-0.301739,-1.62349,0.0146768,-0.00725318,0.0225134,0.911051,0.0002,-3.04127e-10,-5.10205e-09,-3.04127e-10,0.000200013,1.20748e-06,-5.10205e-09,1.20748e-06,0.000199995
0.124532,-0.303737,-1.62454,0.120761,-0.301812,-1.62346,0.017228,-0.00667073,0.0242094,0.94124,0.0002,-3.07637e-10,-1.65757e-08,-3.07637e-10,0.000200013,1.21998e-06,-1.65757e-08,1.21998e-06,0.000199995
0.126482,-0.303072,-1.62287,0.120787,-0.301811,-1.62345,0.0191782,-0.00600557,0.02588,0.941008,0.0002,-5.80365e-10,-5.63224e-08,-5.80365e-10,0.000200013,1.21254e-06,-5.63224e-08,1.21254e-06,0.000199995
0.127926,-0.302357,-1.6211,0.120801,-0.301792,-1.62336,0.00517907,-0.00582134,0.00725746,0.918852,0.0002,-1.01809e-09,-1.10913e-07,-1.01809e-09,0.000200013,1.18864e-06,-1.10913e-07,1.18864e-06,0.000199995
0.132292,-0.301573,-1.61585,0.136666,-0.300638,-1.60311,0.00110445,-0.00552618,0.000682049,0.675454,0.0002,-1.30851e-09,-1.39346e-07,-1.30851e-09,0.000200013,1.1797e-06,-1.39346e-07,1.1797e-06,0.000199995
0.135787,-0.300982,-1.61203,0.136699,-0.300649,-1.60299,0.00459975,-0.00493506,0.00449641,0.682807,0.0002,-1.48745e-09,-1.52726e-07,-1.48745e-09,0.000200013,1.17336e-06,-1.52726e-07,1.17336e-06,0.000199995
0.138604,-0.300528,-1.60991,0.13671,-0.300668,-1.60294,0.00741729,-0.00448111,0.00662519,0.682807,0.0002,-1.60077e-09,-1.58859e-07,-1.60077e-09,0.000200013,1.17239e-06,-1.58859e-07,1.17239e-06,0.000199995
0.140876,-0.300209,-1.60818,0.136807,-0.300692,-1.60284,0.00968866,-0.00416205,0.00834885,0.69016,0.0002,-1.63449e-09,-1.56879e-07,-1.63449e-09,0.000200013,1.17137e-06,-1.56879e-07,1.17137e-06,0.000199995
0.142671,-0.299949,-1.60761,0.136915,-0.300697,-1.60274,0.0114843,-0.00390239,0.00891878,0.697513,0.0002,-1.6508e-09,-1.56161e-07,-1.6508e-09,0.000200013,1.16389e-06,-1.56161e-07,1.16389e-06,0.000199995
0.14411,-0.299825,-1.60715,0.13694,-0.300696,-1.6027,0.0129227,-0.00377877,0.00938264,0.697513,0.0002,-1.55708e-09,-1.42334e-07,-1.55708e-09,0.000200013,1.15855e-06,-1.42334e-07,1.15855e-06,0.000199995
0.148026,-0.299979,-1.60585,0.150677,-0.301663,-1.59859,0.00850755,-0.00268489,0.00752781,0.76706,0.0002,-1.40675e-09,-1.23401e-07,-1.40675e-09,0.000200013,1.15814e-06,-1.23401e-07,1.15814e-06,0.000199995
0.151194,-0.299995,-1.60491,0.150724,-0.301665,-1.59856,0.011675,-0.00270072,0.00846563,0.770816,0.0002,-1.42394e-09,-1.28655e-07,-1.42394e-09,0.000200013,1.16184e-06,-1.28655e-07,1.16184e-06,0.000199995
0.15376,-0.299771,-1.60301,0.150742,-0.301645,-1.59848,0.0142416,-0.00247644,0.0103711,0.767139,0.0002,-1.7393e-09,-1.70311e-07,-1.7393e-09,0.000200013,1.16874e-06,-1.70311e-07,1.16874e-06,0.000199995
0.155809,-0.299565,-1.60075,0.150826,-0.301633,-1.59844,0.0162904,-0.00227087,0.0126281,0.770816,0.0002,-2.02417e-09,-2.01672e-07,-2.02417e-09,0.000200013,1.16961e-06,-2.01672e-07,1.16961e-06,0.000199995
0.157563,-0.299745,-1.59914,0.15082,-0.301655,-1.59836,0.0180446,-0.00245106,0.0142439,0.778169,0.0002,-1.84804e-09,-1.67572e-07,-1.84804e-09,0.000200013,1.18884e-06,-1.67572e-07,1.18884e-06,0.000199995
0.161495,-0.300384,-1.5971,0.1637,-0.303311,-1.59567,0.0219764,-0.00308988,0.0162774,0.789801,0.0002,-1.48156e-09,-1.19538e-07,-1.48156e-09,0.000200013,1.19355e-06,-1.19538e-07,1.19355e-06,0.000199995
0.164579,-0.300866,-1.59598,0.16371,-0.303299,-1.5956,0.0250606,-0.0035716,0.0174022,0.786138,0.0002,-1.21618e-09,-9.30572e-08,-1.21618e-09,0.000200013,1.18642e-06,-9.30572e-08,1.18642e-06,0.000199995
0.167092,-0.301254,-1.59528,0.163724,-0.303317,-1.5956,0.00994453,-0.00168442,0.0169958,0.782475,0.0002,-1.02032e-09,-7.63093e-08,-1.02032e-09,0.000200013,1.18865e-06,-7.63093e-08,1.18865e-06,0.000199995
0.16921,-0.301457,-1.59483,0.163719,-0.303304,-1.59557,0.0120625,-0.0018874,0.0174545,0.782475,0.0002,-1.01602e-09,-8.2439e-08,-1.01602e-09,0.000200013,1.20748e-06,-8.2439e-08,1.20748e-06,0.000199995
0.170843,-0.301511,-1.59456,0.16372,-0.303307,-1.59557,0.0136957,-0.00194154,0.0177177,0.782475,0.0002,-1.15546e-09,-1.03761e-07,-1.15546e-09,0.000200014,1.20971e-06,-1.03761e-07,1.20971e-06,0.000199995
0.174521,-0.301993,-1.59311,0.176339,-0.304806,-1.58987,0.0173732,-0.00242302,0.0191698,0.508246,0.0002,-1.07235e-09,-9.43124e-08,-1.07235e-09,0.000200013,1.18676e-06,-9.43124e-08,1.18676e-06,0.000199995
0.177351,-0.302473,-1.59195,0.176537,-0.30478,-1.58935,0.0202035,-0.0029034,0.0203322,0.504706,0.0002,-8.72901e-10,-7.23181e-08,-8.72901e-10,0.000200013,1.14784e-06,-7.23181e-08,1.14784e-06,0.000199995
0.179714,-0.302978,-1.59142,0.176621,-0.304748,-1.58931,0.0225668,-0.00340846,0.0208583,0.499596,0.0002,-5.74771e-10,-3.77892e-08,-5.74771e-10,0.000200012,1.13611e-06,-3.77892e-08,1.13611e-06,0.000199995
0.181564,-0.303428,-1.59141,0.176633,-0.304777,-1.58928,0.0136429,-0.00324203,0.0161806,0.508494,0.0002,-2.96959e-10,-9.03325e-09,-2.96959e-10,0.000200012,1.12165e-06,-9.03325e-09,1.12165e-06,0.000199995
0.183026,-0.303728,-1.5915,0.176644,-0.304796,-1.58927,0.0151051,-0.00354173,0.0160901,0.51607,0.0002,-1.63915e-10,-8.63374e-10,-1.63915e-10,0.000200012,1.10921e-06,-8.63374e-10,1.10921e-06,0.000199996
0.184432,-0.303908,-1.59167,0.176648,-0.304791,-1.58924,0.00786234,-0.00268512,0.00960062,0.51607,0.0002,-1.38854e-10,-4.95216e-09,-1.38854e-10,0.000200012,1.13889e-06,-4.95216e-09,1.13889e-06,0.000199996
0.187983,-0.304294,-1.59311,0.18877,-0.306384,-1.59679,0.0114132,-0.00307158,0.00816012,0.432666,0.0002,-2.32086e-10,-2.12173e-08,-2.32086e-10,0.000200012,1.15818e-06,-2.12173e-08,1.15818e-06,0.000199995
0.190805,-0.304586,-1.59373,0.188781,-0.30639,-1.59673,0.0142354,-0.00336308,0.00753759,0.428962,0.0002,-3.36193e-10,-3.47642e-08,-3.36193e-10,0.000200013,1.16721e-06,-3.47642e-08,1.16721e-06,0.000199995
0.193111,-0.304902,-1.59381,0.188818,-0.306369,-1.59668,0.0165412,-0.00367976,0.00746447,0.43285,0.0002,-3.14653e-10,-2.9628e-08,-3.14653e-10,0.000200013,1.17949e-06,-2.9628e-08,1.17949e-06,0.000199995
0.194975,-0.305353,-1.59417,0.188831,-0.306401,-1.59664,0.0184053,-0.00413088,0.00710352,0.436643,0.0002,-5.39514e-11,4.55781e-09,-5.39514e-11,0.000200013,1.19006e-06,4.55781e-09,1.19006e-06,0.000199995
0.196462,-0.305884,-1.59487,0.188831,-0.306399,-1.59664,0.00630746,-0.00195047,0.00878995,0.436643,0.0002,3.72311e-10,5.40375e-08,3.72311e-10,0.000200013,1.19616e-06,5.40375e-08,1.19616e-06,0.000199995
0.197655,-0.306139,-1.59564,0.188827,-0.306399,-1.59663,0.00750036,-0.00220555,0.00802308,0.436643,0.0002,4.95584e-10,5.89041e-08,4.95584e-10,0.000200013,1.20069e-06,5.89041e-08,1.20069e-06,0.000199995
0.201831,-0.306921,-1.59429,0.204175,-0.309867,-1.58524,0.0116762,-0.00298728,0.0093733,0.694192,0.0002,4.625e-10,4.61238e-08,4.625e-10,0.000200014,1.2278e-06,4.61238e-08,1.2278e-06,0.000199995
0.205231,-0.307415,-1.59278,0.204249,-0.309855,-1.58518,0.0150769,-0.00348188,0.0108806,0.694192,0.0002,2.53153e-10,1.6835e-08,2.53153e-10,0.000200014,1.25247e-06,1.6835e-08,1.25247e-06,0.000199995
0.207901,-0.30783,-1.59104,0.204319,-0.309861,-1.5851,0.0177469,-0.00389681,0.0126206,0.694192,0.0002,9.6737e-11,2.6583e-10,9.6737e-11,0.000200015,1.25794e-06,2.6583e-10,1.25794e-06,0.000199995
0.209825,-0.308311,-1.58951,0.204444,-0.309895,-1.58494,0.0196708,-0.00437711,0.0141483,0.701464,0.0002,1.56262e-10,1.18835e-08,1.56262e-10,0.000200014,1.22352e-06,1.18835e-08,1.22352e-06,0.000199995
0.211401,-0.30878,-1.5885,0.204419,-0.309905,-1.58495,0.021246,-0.00484666,0.0151624,0.705101,0.0002,3.11343e-10,3.25251e-08,3.11343e-10,0.000200014,1.20806e-06,3.25251e-08,1.20806e-06,0.000199995
0.215464,-0.309401,-1.58795,0.217905,-0.311036,-1.58368,0.0113446,-0.00382408,0.0109193,0.423812,0.0002,4.66603e-10,4.92922e-08,4.66603e-10,0.000200014,1.21513e-06,4.92922e-08,1.21513e-06,0.000199995
0.218826,-0.30973,-1.58788,0.218019,-0.311049,-1.58343,0.0115184,-0.00324643,0.0108636,0.427502,0.0002,3.74437e-10,3.30359e-08,3.74437e-10,0.000200014,1.23376e-06,3.30359e-08,1.23376e-06,0.000199995
0.221504,-0.309927,-1.5877,0.218062,-0.311039,-1.58336,0.0141962,-0.00344332,0.0110411,0.447465,0.0002,2.09256e-10,1.22697e-08,2.09256e-10,0.000200014,1.24246e-06,1.22697e-08,1.24246e-06,0.000199995
0.223526,-0.309996,-1.58693,0.218091,-0.311027,-1.58334,0.0162179,-0.003512,0.0118083,0.440085,0.0002,-3.90449e-11,-1.54114e-08,-3.90449e-11,0.000200014,1.22784e-06,-1.54114e-08,1.22784e-06,0.000199995
0.225281,-0.310222,-1.5861,0.218158,-0.311025,-1.58329,0.0179733,-0.00373789,0.0126387,0.451155,0.0002,-1.33739e-11,-6.02142e-09,-1.33739e-11,0.000200014,1.23843e-06,-6.02142e-09,1.23843e-06,0.000199995
0.226649,-0.310531,-1.58543,0.218197,-0.311038,-1.58325,0.0193411,-0.00404676,0.013312,0.458535,0.0002,1.77212e-10,1.99263e-08,1.77212e-10,0.000200014,1.2381e-06,1.99263e-08,1.2381e-06,0.000199995
0.230909,-0.310836,-1.58461,0.233812,-0.311354,-1.57977,0.0236012,-0.00435168,0.0141329,0.514451,0.0002,3.33157e-10,3.65655e-08,3.33157e-10,0.000200014,1.2447e-06,3.65655e-08,1.2447e-06,0.000199995
0.234347,-0.310926,-1.58465,0.233845,-0.311344,-1.57964,0.0114124,-0.00380539,0.0192097,0.517607,0.0002,2.60637e-10,2.3484e-08,2.60637e-10,0.000200015,1.25268e-06,2.3484e-08,1.25268e-06,0.000199995
0.237162,-0.310956,-1.58445,0.233952,-0.311339,-1.57952,0.00639175,-0.00348991,0.0191066,0.521204,0.0002,1.41632e-10,8.30911e-09,1.41632e-10,0.000200015,1.2647e-06,8.30911e-09,1.2647e-06,0.000199995
0.239524,-0.310835,-1.58377,0.233965,-0.31135,-1.57948,0.00875438,-0.00336878,0.0197896,0.524801,0.0002,-1.57762e-10,-2.53749e-08,-1.57762e-10,0.000200015,1.28973e-06,-2.53749e-08,1.28973e-06,0.000199994
0.241396,-0.310802,-1.58208,0.233983,-0.311349,-1.57946,0.0106258,-0.00333582,0.0214801,0.521204,0.0002,-3.1906e-10,-3.77756e-08,-3.1906e-10,0.000200016,1.30216e-06,-3.77756e-08,1.30216e-06,0.000199994
0.242789,-0.310879,-1.58041,0.234002,-0.311351,-1.57943,0.0120192,-0.00341267,0.0231475,0.521204,0.0002,-3.00103e-10,-2.98551e-08,-3.00103e-10,0.000200016,1.29289e-06,-2.98551e-08,1.29289e-06,0.000199994
0.247524,-0.311103,-1.57854,0.252004,-0.31124,-1.57621,0.0167537,-0.00363667,0.0250236,0.457788,0.0002,-2.48237e-11,5.16393e-09,-2.48237e-11,0.000200016,1.29009e-06,5.16393e-09,1.29009e-06,0.000199994
0.251219,-0.311302,-1.57709,0.252073,-0.311257,-1.57598,0.00386691,-0.00355864,0.0238874,0.454139,0.0002,2.13584e-10,3.0059e-08,2.13584e-10,0.000200015,1.27131e-06,3.0059e-08,1.27131e-06,0.000199994
0.254256,-0.31135,-1.5764,0.252154,-0.311243,-1.57572,0.00690389,-0.00360626,0.0245758,0.457788,0.0002,2.53365e-10,2.86794e-08,2.53365e-10,0.000200015,1.26961e-06,2.86794e-08,1.26961e-06,0.000199994
0.256714,-0.311156,-1.57552,0.252185,-0.311254,-1.57561,0.00936241,-0.00341187,0.0254592,0.461438,0.0002,-3.88048e-11,-1.0114e-08,-3.88048e-11,0.000200015,1.27212e-06,-1.0114e-08,1.27212e-06,0.000199994
0.258619,-0.311058,-1.57533,0.252196,-0.311237,-1.57559,0.0112671,-0.00331419,0.0256519,0.465088,0.0002,-1.90011e-10,-2.48861e-08,-1.90011e-10,0.000200015,1.26346e-06,-2.48861e-08,1.26346e-06,0.000199994
0.262675,-0.311837,-1.57559,0.264965,-0.314966,-1.57918,0.0153229,-0.0040929,0.0253937,0.496901,0.0002,-1.65865e-10,-1.75981e-08,-1.65865e-10,0.000200015,1.25444e-06,-1.75981e-08,1.25444e-06,0.000199994
0.265872,-0.312559,-1.57607,0.265048,-0.314935,-1.57904,0.0185197,-0.00481525,0.0249073,0.479257,0.0002,-3.65261e-13,4.32428e-09,-3.65261e-13,0.000200015,1.23838e-06,4.32428e-09,1.23838e-06,0.000199995
0.268534,-0.313128,-1.57676,0.265251,-0.314996,-1.57897,0.0211817,-0.00538457,0.0242215,0.505279,0.0002,1.07679e-10,1.53874e-08,1.07679e-10,0.000200014,1.23832e-06,1.53874e-08,1.23832e-06,0.000199995
0.270744,-0.313481,-1.57759,0.265334,-0.315011,-1.57885,0.0110698,-0.00527134,0.0176475,0.501562,0.0002,5.70744e-11,5.9965e-09,5.70744e-11,0.000200015,1.24858e-06,5.9965e-09,1.24858e-06,0.000199995
0.272515,-0.313764,-1.57845,0.265345,-0.31501,-1.57879,0.00246621,-0.00418603,0.0158355,0.501562,0.0002,1.65615e-11,4.84787e-10,1.65615e-11,0.000200015,1.25516e-06,4.84787e-10,1.25516e-06,0.000199995
0.273891,-0.313907,-1.57977,0.26535,-0.315018,-1.57879,0.00384185,-0.00432905,0.014525,0.499914,0.0002,-1.22643e-10,-1.59706e-08,-1.22643e-10,0.000200015,1.25269e-06,-1.59706e-08,1.25269e-06,0.000199995
0.278506,-0.314077,-1.57944,0.282821,-0.315057,-1.56518,0.00845709,-0.0044982,0.0148526,0.499191,0.0002,-1.37188e-10,-1.49065e-08,-1.37188e-10,0.000200015,1.25443e-06,-1.49065e-08,1.25443e-06,0.000199995
0.282352,-0.314333,-1.5798,0.282958,-0.315029,-1.5652,0.0123037,-0.00475473,0.0144896,0.50671,0.0002,2.77472e-11,6.65401e-09,2.77472e-11,0.000200015,1.27571e-06,6.65401e-09,1.27571e-06,0.000199994
0.285444,-0.314664,-1.58092,0.28303,-0.315027,-1.56519,0.0153948,-0.00508616,0.013375,0.499468,0.0002,3.41927e-10,4.15313e-08,3.41927e-10,0.000200015,1.28902e-06,4.15313e-08,1.28902e-06,0.000199994
0.287965,-0.314934,-1.58201,0.283058,-0.315039,-1.56516,0.0179162,-0.00535545,0.0122814,0.499468,0.0002,6.00529e-10,6.46064e-08,6.00529e-10,0.000200016,1.30429e-06,6.46064e-08,1.30429e-06,0.000199994
0.289846,-0.314831,-1.58217,0.28311,-0.315034,-1.5652,0.00808549,-0.0036346,0.0170435,0.506987,0.0002,3.52338e-10,2.80497e-08,3.52338e-10,0.000200016,1.29103e-06,2.80497e-08,1.29103e-06,0.000199994
0.294764,-0.314964,-1.58599,0.299856,-0.316287,-1.58628,0.00554574,-0.00309991,0.0175965,0.555056,0.0002,6.1893e-11,-5.62381e-09,6.1893e-11,0.000200016,1.2929e-06,-5.62381e-09,1.2929e-06,0.000199994
0.298689,-0.315075,-1.58957,0.299912,-0.316178,-1.58625,0.00947027,-0.00321105,0.0140248,0.543362,0.0002,-1.21365e-10,-2.17506e-08,-1.21365e-10,0.000200016,1.29073e-06,-2.17506e-08,1.29073e-06,0.000199994
0.301937,-0.315253,-1.59335,0.299925,-0.316273,-1.58623,0.012718,-0.00338895,0.0102402,0.555056,0.0002,-1.52903e-10,-1.92564e-08,-1.52903e-10,0.000200016,1.30618e-06,-1.92564e-08,1.30618e-06,0.000199994
0.30455,-0.315512,-1.59648,0.299906,-0.316291,-1.58621,0.0153316,-0.00364771,0.00711207,0.555056,0.0002,-5.89935e-12,1.32482e-09,-5.89935e-12,0.000200016,1.31901e-06,1.32482e-09,1.31901e-06,0.000199994
0.306452,-0.315656,-1.59867,0.299909,-0.316288,-1.5862,0.0172331,-0.00379166,0.00492364,0.558746,0.0002,3.03488e-11,4.66639e-09,3.03488e-11,0.000200016,1.29689e-06,4.66639e-09,1.29689e-06,0.000199994
0.308055,-0.315863,-1.6,0.299902,-0.316289,-1.5862,0.018836,-0.00399843,0.00358703,0.558746,0.0002,1.83854e-10,2.16117e-08,1.83854e-10,0.000200016,1.29588e-06,2.16117e-08,1.29588e-06,0.000199994
0.312051,-0.316632,-1.60479,0.313382,-0.318648,-1.60424,0.00776978,-0.0024011,0.0187034,0.283518,0.0002,4.56208e-10,5.0262e-08,4.56208e-10,0.000200016,1.29803e-06,5.0262e-08,1.29803e-06,0.000199994
0.315358,-0.317214,-1.60923,0.31372,-0.318652,-1.60421,0.00462966,-0.000117748,0.0238526,0.283164,0.0002,6.37607e-10,6.46721e-08,6.37607e-10,0.000200016,1.30626e-06,6.46721e-08,1.30626e-06,0.000199994
0.318078,-0.317604,-1.61174,0.313862,-0.318644,-1.60417,0.00734931,-0.000507353,0.0213437,0.290572,0.0002,6.75047e-10,6.20816e-08,6.75047e-10,0.000200016,1.31881e-06,6.20816e-08,1.31881e-06,0.000199994
0.320135,-0.31777,-1.61194,0.313984,-0.318656,-1.60393,0.00940623,-0.000673552,0.0211428,0.286868,0.0002,4.75939e-10,3.57449e-08,4.75939e-10,0.000200016,1.30406e-06,3.57449e-08,1.30406e-06,0.000199994
0.321798,-0.317882,-1.61075,0.314176,-0.318648,-1.6039,0.00407074,5.50343e-05,0.037444,0.292634,0.0002,2.79726e-10,1.46662e-08,2.79726e-10,0.000200016,1.29136e-06,1.46662e-08,1.29136e-06,0.000199994
0.325466,-0.31898,-1.61391,0.325751,-0.323655,-1.62602,0.00773828,-0.00104262,0.034279,0.463488,0.0002,9.46907e-11,-2.80953e-09,9.46907e-11,0.000200016,1.28675e-06,-2.80953e-09,1.28675e-06,0.000199994
0.32864,-0.319989,-1.61684,0.326343,-0.323627,-1.62592,0.00726728,-0.000999068,0.0359845,0.467659,0.0002,1.49107e-10,8.99464e-09,1.49107e-10,0.000200016,1.30335e-06,8.99464e-09,1.30335e-06,0.000199994
0.331251,-0.32096,-1.61886,0.326627,-0.323663,-1.62591,0.00987765,-0.00196941,0.0339571,0.470859,0.0002,4.18308e-10,4.17211e-08,4.18308e-10,0.000200016,1.31625e-06,4.17211e-08,1.31625e-06,0.000199994
0.333238,-0.321775,-1.62046,0.326774,-0.32366,-1.62581,0.0118652,-0.00278463,0.0323563,0.481093,0.0002,6.86232e-10,6.94553e-08,6.86232e-10,0.000200016,1.3037e-06,6.94553e-08,1.3037e-06,0.000199994
0.334716,-0.322253,-1.62154,0.326809,-0.323659,-1.62582,0.00708273,-0.000724573,0.0287621,0.481093,0.0002,6.48889e-10,5.96177e-08,6.48889e-10,0.000200015,1.27657e-06,5.96177e-08,1.27657e-06,0.000199994
0.335933,-0.322618,-1.62188,0.326872,-0.323655,-1.62583,0.0082999,-0.00108881,0.0284186,0.477444,0.0002,5.88441e-10,5.02821e-08,5.88441e-10,0.000200015,1.26277e-06,5.02821e-08,1.26277e-06,0.000199994
0.339966,-0.32432,-1.61661,0.342353,-0.33133,-1.59601,0.00669186,-0.000126974,0.0380354,0.708708,0.0002,4.25221e-10,3.07492e-08,4.25221e-10,0.000200015,1.24782e-06,3.07492e-08,1.24782e-06,0.000199994
0.343315,-0.325929,-1.61319,0.342597,-0.331324,-1.59585,0.0100405,-0.00173663,0.0414562,0.709315,0.0002,6.23639e-10,5.78182e-08,6.23639e-10,0.000200015,1.24994e-06,5.78182e-08,1.24994e-06,0.000199994
0.346103,-0.327269,-1.61021,0.342725,-0.331383,-1.59567,0.0128293,-0.00307681,0.044437,0.727366,0.0002,8.39069e-10,8.08671e-08,8.39069e-10,0.000200015,1.26474e-06,8.08671e-08,1.26474e-06,0.000199994
0.348436,-0.328174,-1.60778,0.342775,-0.331407,-1.59544,0.00797052,-0.000996467,0.0385186,0.723163,0.0002,7.81354e-10,6.75735e-08,7.81354e-10,0.000200015,1.28903e-06,6.75735e-08,1.28903e-06,0.000199994
0.350216,-0.328663,-1.60529,0.342829,-0.331439,-1.59531,0.00974966,-0.00148524,0.0410091,0.732548,0.0002,3.86702e-10,1.95496e-08,3.86702e-10,0.000200015,1.289e-06,1.95496e-08,1.289e-06,0.000199994
0.353962,-0.329607,-1.60917,0.354116,-0.334331,-1.62621,0.0081535,6.57153e-05,0.0428778,0.500266,0.0002,-2.39826e-11,-2.23767e-08,-2.39826e-11,0.000200016,1.29947e-06,-2.23767e-08,1.29947e-06,0.000199994
0.35678,-0.330184,-1.61184,0.354241,-0.334297,-1.62609,0.0109714,-0.000511357,0.0402122,0.508591,0.0002,-5.58166e-10,-7.60948e-08,-5.58166e-10,0.000200015,1.27329e-06,-7.60948e-08,1.27329e-06,0.000199994
0.359139,-0.330575,-1.61435,0.354317,-0.334334,-1.62593,0.0133308,-0.000901948,0.037699,0.511779,0.0002,-1.06568e-09,-1.22116e-07,-1.06568e-09,0.000200015,1.27088e-06,-1.22116e-07,1.27088e-06,0.000199994
0.361228,-0.331047,-1.61687,0.354392,-0.334327,-1.62588,0.00801154,-0.000116207,0.0271915,0.502056,0.0002,-1.25101e-09,-1.24987e-07,-1.25101e-09,0.000200016,1.29913e-06,-1.24987e-07,1.29913e-06,0.000199994
0.362858,-0.331473,-1.61826,0.354414,-0.334342,-1.62587,0.0096425,-0.000542477,0.0258025,0.505679,0.0002,-1.30844e-09,-1.19488e-07,-1.30844e-09,0.000200016,1.31018e-06,-1.19488e-07,1.31018e-06,0.000199994
0.363997,-0.331847,-1.62041,0.354443,-0.334331,-1.62588,0.00742168,6.98161e-05,0.0273942,0.502056,0.0002,-1.26077e-09,-1.09198e-07,-1.26077e-09,0.000200016,1.28983e-06,-1.09198e-07,1.28983e-06,0.000199994
0.367568,-0.332586,-1.62079,0.36806,-0.336668,-1.62076,0.0109928,-0.000669435,0.0270072,0.445235,0.0002,-1.23518e-09,-1.05728e-07,-1.23518e-09,0.000200015,1.26684e-06,-1.05728e-07,1.26684e-06,0.000199994
0.370503,-0.333073,-1.621,0.368102,-0.336657,-1.62075,0.0139274,-0.00115631,0.0268026,0.455873,0.0002,-1.35566e-09,-1.19875e-07,-1.35566e-09,0.000200015,1.26319e-06,-1.19875e-07,1.26319e-06,0.000199994
0.373027,-0.333473,-1.62094,0.368136,-0.336665,-1.6207,0.0106961,-0.00119549,0.0285283,0.459856,0.0002,-1.46155e-09,-1.27588e-07,-1.46155e-09,0.000200015,1.28804e-06,-1.27588e-07,1.28804e-06,0.000199994
0.375112,-0.333845,-1.62121,0.368161,-0.336592,-1.62073,0.012781,-0.00156735,0.0282564,0.45795,0.0002,-1.45826e-09,-1.21651e-07,-1.45826e-09,0.000200016,1.31364e-06,-1.21651e-07,1.31364e-06,0.000199994
0.376722,-0.334119,-1.62092,0.368187,-0.336594,-1.62074,0.00597506,-0.00182952,0.0283245,0.45795,0.0002,-1.47828e-09,-1.21947e-07,-1.47828e-09,0.000200016,1.31998e-06,-1.21947e-07,1.31998e-06,0.000199994
0.381277,-0.334529,-1.62123,0.38436,-0.336469,-1.62144,0.0105299,-0.0022387,0.0280093,0.432804,0.0002,-1.19596e-09,-8.76981e-08,-1.19596e-09,0.000200016,1.32914e-06,-8.76981e-08,1.32914e-06,0.000199994
0.384873,-0.335084,-1.62157,0.384497,-0.336458,-1.62136,0.0141257,-0.00279449,0.0276705,0.428282,0.0002,-6.41529e-10,-2.86953e-08,-6.41529e-10,0.000200016,1.3229e-06,-2.86953e-08,1.3229e-06,0.000199994
0.387769,-0.335446,-1.62183,0.384572,-0.336466,-1.62132,0.00890126,-0.00389542,0.0284985,0.431828,0.0002,-3.26936e-10,-4.36918e-09,-3.26936e-10,0.000200016,1.3196e-06,-4.36918e-09,1.3196e-06,0.000199994
0.390139,-0.335692,-1.62162,0.384617,-0.336444,-1.62128,0.0112717,-0.00414118,0.0287105,0.433612,0.0002,-1.50564e-10,4.62701e-09,-1.50564e-10,0.000200016,1.32463e-06,4.62701e-09,1.32463e-06,0.000199994
0.39194,-0.335866,-1.62175,0.384662,-0.336466,-1.62124,0.0130718,-0.00431457,0.0285784,0.442467,0.0002,-6.26179e-11,6.20131e-09,-6.26179e-11,0.000200016,1.31103e-06,6.20131e-09,1.31103e-06,0.000199994
0.39344,-0.336107,-1.62259,0.384673,-0.336439,-1.62126,0.00650374,-0.00385012,0.0241446,0.440704,0.0002,1.50953e-10,2.52146e-08,1.50953e-10,0.000200016,1.31163e-06,2.52146e-08,1.31163e-06,0.000199994
0.398943,-0.336307,-1.62346,0.406081,-0.336374,-1.61866,0.0120062,-0.00404966,0.0232735,1.08574,0.0002,3.51447e-10,4.17865e-08,3.51447e-10,0.000200016,1.31519e-06,4.17865e-08,1.31519e-06,0.000199994
0.403339,-0.336668,-1.62479,0.406099,-0.336526,-1.61873,0.00805577,-0.00413755,0.0233823,1.11608,0.0002,7.43053e-10,8.03602e-08,7.43053e-10,0.000200016,1.31592e-06,8.03602e-08,1.31592e-06,0.000199994
0.406943,-0.336834,-1.62628,0.406073,-0.336522,-1.61877,0.0116595,-0.00430378,0.0218943,1.11892,0.0002,8.91167e-10,8.6318e-08,8.91167e-10,0.000200016,1.33105e-06,8.6318e-08,1.33105e-06,0.000199994
0.409793,-0.336766,-1.62788,0.406074,-0.33637,-1.61876,0.0145094,-0.00423581,0.0202929,1.08485,0.0002,7.59472e-10,6.35292e-08,7.59472e-10,0.000200017,1.33547e-06,6.35292e-08,1.33547e-06,0.000199994
0.412034,-0.33668,-1.62977,0.406081,-0.336429,-1.61869,0.00806952,-0.00344107,0.0286047,1.09628,0.0002,5.89384e-10,4.2881e-08,5.89384e-10,0.000200017,1.33192e-06,4.2881e-08,1.33192e-06,0.000199994
0.413754,-0.336748,-1.63159,0.40608,-0.336374,-1.6187,0.00978992,-0.00350906,0.0267814,1.08945,0.0002,6.60396e-10,5.38734e-08,6.60396e-10,0.000200016,1.31792e-06,5.38734e-08,1.31792e-06,0.000199994
0.418384,-0.337326,-1.63797,0.422364,-0.338617,-1.64125,0.00641351,-0.00348617,0.0224665,0.694457,0.0002,7.86142e-10,6.87897e-08,7.86142e-10,0.000200016,1.30845e-06,6.87897e-08,1.30845e-06,0.000199994
0.422123,-0.337607,-1.64319,0.422379,-0.338612,-1.64127,0.0101529,-0.00376752,0.0172502,0.695722,0.0002,6.5336e-10,5.10642e-08,6.5336e-10,0.000200016,1.30778e-06,5.10642e-08,1.30778e-06,0.000199994
0.425175,-0.337868,-1.64622,0.42237,-0.338612,-1.64126,0.0132049,-0.00402878,0.0142195,0.699206,0.0002,5.99329e-10,4.56792e-08,5.99329e-10,0.000200016,1.31723e-06,4.56792e-08,1.31723e-06,0.000199994
0.427615,-0.338085,-1.64802,0.422361,-0.338618,-1.64126,0.00899405,-0.00232082,0.0269764,0.701426,0.0002,5.67181e-10,4.33157e-08,5.67181e-10,0.000200016,1.32326e-06,4.33157e-08,1.32326e-06,0.000199994
0.429597,-0.338474,-1.64968,0.422384,-0.338612,-1.64128,0.0109766,-0.00271074,0.025323,0.695722,0.0002,8.54541e-10,7.72647e-08,8.54541e-10,0.000200016,1.33111e-06,7.72647e-08,1.33111e-06,0.000199994
0.434373,-0.339349,-1.65517,0.438458,-0.341172,-1.66265,0.00809558,-0.0014975,0.0272681,0.491266,0.0002,1.11704e-09,1.02841e-07,1.11704e-09,0.000200017,1.33239e-06,1.02841e-07,1.33239e-06,0.000199994
0.438129,-0.339772,-1.65894,0.438443,-0.341257,-1.6626,0.0118521,-0.00192059,0.0235028,0.489551,0.0002,9.08986e-10,7.28259e-08,9.08986e-10,0.000200016,1.32354e-06,7.28259e-08,1.32354e-06,0.000199994
0.441132,-0.339882,-1.66081,0.438434,-0.34125,-1.66258,0.0111348,-0.00100452,0.0247538,0.495431,0.0002,4.21439e-10,1.7129e-08,4.21439e-10,0.000200016,1.31782e-06,1.7129e-08,1.31782e-06,0.000199994
0.443477,-0.339906,-1.6622,0.438434,-0.341257,-1.66259,0.0134799,-0.00102783,0.0233607,0.489551,0.0002,-4.91294e-11,-2.87957e-08,-4.91294e-11,0.000200016,1.30497e-06,-2.87957e-08,1.30497e-06,0.000199994
0.445421,-0.340127,-1.66354,0.438446,-0.341165,-1.66266,0.0154238,-0.00124959,0.022025,0.484532,0.0002,-1.02289e-10,-2.22753e-08,-1.02289e-10,0.000200016,1.30721e-06,-2.22753e-08,1.30721e-06,0.000199994
0.44702,-0.340522,-1.66448,0.438432,-0.341258,-1.66257,0.00946453,-0.000423324,0.0268679,0.489551,0.0002,1.4794e-10,1.39209e-08,1.4794e-10,0.000200016,1.31593e-06,1.39209e-08,1.31593e-06,0.000199994
0.450882,-0.342046,-1.66658,0.451388,-0.346832,-1.6682,0.0133262,-0.00194749,0.0247711,0.561243,0.0002,4.79791e-10,5.12153e-08,4.79791e-10,0.000200016,1.32018e-06,5.12153e-08,1.32018e-06,0.000199994
0.45394,-0.343134,-1.66826,0.451385,-0.346811,-1.66822,0.00977186,-0.000937959,0.0266701,0.561243,0.0002,5.67311e-10,5.51007e-08,5.67311e-10,0.000200016,1.31803e-06,5.51007e-08,1.31803e-06,0.000199994
0.456298,-0.343853,-1.66867,0.451405,-0.346825,-1.66821,0.0121307,-0.00165654,0.0262614,0.557954,0.0002,4.08028e-10,3.24584e-08,4.08028e-10,0.000200016,1.30203e-06,3.24584e-08,1.30203e-06,0.000199994
0.458211,-0.344363,-1.66889,0.451393,-0.346808,-1.66822,0.0140429,-0.00216738,0.0260364,0.561243,0.0002,1.96235e-10,8.26895e-09,1.96235e-10,0.000200016,1.29619e-06,8.26895e-09,1.29619e-06,0.000199994
0.459821,-0.344867,-1.66969,0.451414,-0.346823,-1.6682,0.00992263,-0.000427608,0.0259304,0.557954,0.0002,1.61042e-10,8.14645e-09,1.61042e-10,0.000200016,1.30465e-06,8.14645e-09,1.30465e-06,0.000199994
0.463922,-0.34636,-1.67056,0.464842,-0.3522,-1.66827,0.0140235,-0.00191975,0.0250651,0.610906,0.0002,1.61727e-10,1.06142e-08,1.61727e-10,0.000200016,1.33038e-06,1.06142e-08,1.33038e-06,0.000199994
0.467269,-0.347433,-1.67103,0.464901,-0.352204,-1.66824,0.0105507,-0.000791566,0.0289589,0.610906,0.0002,-5.17041e-12,-7.13581e-09,-5.17041e-12,0.000200017,1.35568e-06,-7.13581e-09,1.35568e-06,0.000199994
0.469886,-0.34812,-1.67098,0.464936,-0.352228,-1.66817,0.013168,-0.00147871,0.0290074,0.617296,0.0002,-3.91948e-10,-4.69751e-08,-3.91948e-10,0.000200017,1.36106e-06,-4.69751e-08,1.36106e-06,0.000199994
0.471902,-0.348618,-1.67094,0.464946,-0.35222,-1.66815,0.0151832,-0.00197604,0.0290502,0.610906,0.0002,-7.61548e-10,-8.0638e-08,-7.61548e-10,0.000200017,1.35165e-06,-8.0638e-08,1.35165e-06,0.000199994
0.473338,-0.348614,-1.66987,0.464936,-0.352215,-1.66815,0.0115706,0.000861958,0.0364617,0.614101,0.0002,-1.58424e-09,-1.6716e-07,-1.58424e-09,0.000200016,1.31777e-06,-1.6716e-07,1.31777e-06,0.000199994
0.474357,-0.348214,-1.66963,0.464945,-0.352231,-1.66816,0.0125893,0.00126219,0.0366969,0.617296,0.000200001,-2.70487e-09,-2.86322e-07,-2.70487e-09,0.000200016,1.27504e-06,-2.86322e-07,1.27504e-06,0.000199994
0.477038,-0.34889,-1.67025,0.473616,-0.357346,-1.67109,0.00957236,0.00262504,0.0352937,0.612802,0.000200001,-3.62121e-09,-3.67324e-07,-3.62121e-09,0.000200015,1.26868e-06,-3.67324e-07,1.26868e-06,0.000199994
0.478956,-0.3492,-1.67073,0.473641,-0.357371,-1.67108,0.0114899,0.00231501,0.0348068,0.615957,0.000200002,-4.50628e-09,-4.5682e-07,-4.50628e-09,0.000200015,1.22749e-06,-4.5682e-07,1.22749e-06,0.000199994
0.480416,-0.349349,-1.67132,0.473651,-0.357342,-1.67103,0.0129501,0.00216582,0.0342228,0.606493,0.000200002,-5.21546e-09,-5.28698e-07,-5.21546e-09,0.000200014,1.18911e-06,-5.28698e-07,1.18911e-06,0.000199994
0.481476,-0.349484,-1.6723,0.47365,-0.357366,-1.67103,0.0109032,0.00186078,0.0270195,0.615957,0.000200003,-5.63801e-09,-5.72547e-07,-5.63801e-09,0.000200013,1.14757e-06,-5.72547e-07,1.14757e-06,0.000199994
0.482294,-0.349462,-1.67329,0.473647,-0.357369,-1.67102,0.0117218,0.00188268,0.0260289,0.615957,0.000200003,-6.05744e-09,-6.2114e-07,-6.05744e-09,0.000200012,1.1166e-06,-6.2114e-07,1.1166e-06,0.000199994
0.482932,-0.349418,-1.67398,0.473648,-0.357343,-1.67103,0.00764167,0.00115348,0.0245998,0.606493,0.000200004,-6.36447e-09,-6.55649e-07,-6.36447e-09,0.000200012,1.09397e-06,-6.55649e-07,1.09397e-06,0.000199994
0.485656,-0.348645,-1.67512,0.484887,-0.353852,-1.67707,0.0103664,0.00192567,0.0234573,0.867576,0.000200004,-6.60511e-09,-6.85242e-07,-6.60511e-09,0.000200011,1.0734e-06,-6.85242e-07,1.0734e-06,0.000199994
0.487968,-0.34804,-1.67584,0.484903,-0.353839,-1.67711,0.0126777,0.00253103,0.022745,0.85888,0.000200004,-6.85065e-09,-7.01717e-07,-6.85065e-09,0.000200011,1.08078e-06,-7.01717e-07,1.08078e-06,0.000199994
0.489777,-0.347506,-1.67682,0.484894,-0.353823,-1.67712,0.00912203,-0.00019826,0.0306391,0.855705,0.000200005,-7.05436e-09,-7.19264e-07,-7.05436e-09,0.000200011,1.07977e-06,-7.19264e-07,1.07977e-06,0.000199994
0.491227,-0.34704,-1.67781,0.484879,-0.353833,-1.6771,0.010572,0.000268034,0.0296491,0.85888,0.000200005,-7.2525e-09,-7.36777e-07,-7.2525e-09,0.000200011,1.08019e-06,-7.36777e-07,1.08019e-06,0.000199994
0.492391,-0.346628,-1.67861,0.484867,-0.353843,-1.67712,0.00554188,-0.00335965,0.0313939,0.858052,0.000200005,-7.44882e-09,-7.54367e-07,-7.44882e-09,0.000200011,1.08147e-06,-7.54367e-07,1.08147e-06,0.000199994
0.496088,-0.344565,-1.6822,0.498546,-0.344969,-1.69244,0.00923963,-0.00129655,0.0277959,0.818318,0.000200005,-7.58209e-09,-7.61611e-07,-7.58209e-09,0.000200011,1.08549e-06,-7.61611e-07,1.08549e-06,0.000199994
0.499141,-0.342882,-1.68509,0.498556,-0.344948,-1.69246,0.0122927,0.000385835,0.0249149,0.815029,0.000200005,-7.78302e-09,-7.70066e-07,-7.78302e-09,0.000200011,1.10335e-06,-7.70066e-07,1.10335e-06,0.000199994
0.501432,-0.341591,-1.68728,0.498557,-0.344969,-1.69244,0.00706293,-0.00403863,0.019827,0.821608,0.000200005,-7.75207e-09,-7.66947e-07,-7.75207e-09,0.000200011,1.09072e-06,-7.66947e-07,1.09072e-06,0.000199994
0.503172,-0.340626,-1.68904,0.498558,-0.344919,-1.69245,0.00880307,-0.00307329,0.0180671,0.815029,0.000200005,-7.55704e-09,-7.52181e-07,-7.55704e-09,0.000200011,1.06813e-06,-7.52181e-07,1.06813e-06,0.000199994
0.504606,-0.339871,-1.69003,0.49855,-0.34497,-1.69244,0.00392592,-0.0064024,0.0209564,0.818318,0.000200005,-7.42713e-09,-7.41465e-07,-7.42713e-09,0.000200011,1.06075e-06,-7.41465e-07,1.06075e-06,0.000199994
0.508679,-0.33689,-1.69356,0.512833,-0.333609,-1.70611,0.00799881,-0.00342073,0.0174314,0.597092,0.000200005,-7.50666e-09,-7.53695e-07,-7.50666e-09,0.000200011,1.06548e-06,-7.53695e-07,1.06548e-06,0.000199994
0.51204,-0.334518,-1.69648,0.513118,-0.33363,-1.70558,0.0113594,-0.00104904,0.0145104,0.607007,0.000200005,-7.59725e-09,-7.59219e-07,-7.59725e-09,0.000200011,1.07632e-06,-7.59219e-07,1.07632e-06,0.000199994
0.514629,-0.33257,-1.69877,0.513212,-0.33365,-1.70534,0.00722,-0.00400613,0.0209905,0.620638,0.000200005,-7.63378e-09,-7.70926e-07,-7.63378e-09,0.000200011,1.06466e-06,-7.70926e-07,1.06466e-06,0.000199994
0.516697,-0.331055,-1.70059,0.513217,-0.33364,-1.70529,0.00928876,-0.00249082,0.0191693,0.614995,0.000200006,-7.6059e-09,-7.70807e-07,-7.6059e-09,0.000200011,1.05698e-06,-7.70807e-07,1.05698e-06,0.000199994
0.518471,-0.329905,-1.70268,0.513199,-0.333649,-1.70535,0.0110624,-0.00134075,0.0170781,0.617645,0.000200005,-7.6104e-09,-7.60334e-07,-7.6104e-09,0.000200011,1.07214e-06,-7.60334e-07,1.07214e-06,0.000199994
0.519955,-0.328929,-1.70469,0.51316,-0.333632,-1.70546,0.00532253,-0.00487229,0.0134237,0.610432,0.000200005,-7.72851e-09,-7.61407e-07,-7.72851e-09,0.000200011,1.09398e-06,-7.61407e-07,1.09398e-06,0.000199994
0.523279,-0.326324,-1.70523,0.524007,-0.324972,-1.70018,0.0086465,-0.00226668,0.0128773,0.606382,0.000200006,-7.8987e-09,-7.75684e-07,-7.8987e-09,0.000200011,1.1036e-06,-7.75684e-07,1.1036e-06,0.000199994
0.525854,-0.324274,-1.70588,0.524034,-0.324988,-1.70019,0.00597875,-0.00500298,0.0174315,0.616798,0.000200006,-7.92111e-09,-7.79606e-07,-7.92111e-09,0.000200011,1.09558e-06,-7.79606e-07,1.09558e-06,0.000199994
0.528025,-0.322821,-1.70743,0.524074,-0.324998,-1.70017,0.00815003,-0.00355012,0.0158827,0.619734,0.000200005,-7.7987e-09,-7.51576e-07,-7.7987e-09,0.000200011,1.10746e-06,-7.51576e-07,1.10746e-06,0.000199994
0.529872,-0.321804,-1.7095,0.52407,-0.325002,-1.70018,0.0074115,-0.0039997,0.0117225,0.623268,0.000200005,-7.60344e-09,-7.095e-07,-7.60344e-09,0.000200012,1.13306e-06,-7.095e-07,1.13306e-06,0.000199994
0.53143,-0.321045,-1.71177,0.524076,-0.324998,-1.70018,0.00896974,-0.00324125,0.00944578,0.619734,0.000200005,-7.426e-09,-6.72675e-07,-7.426e-09,0.000200012,1.16259e-06,-6.72675e-07,1.16259e-06,0.000199994
0.532728,-0.320656,-1.71463,0.524052,-0.324962,-1.70017,0.0102677,-0.00285135,0.00659086,0.602664,0.000200004,-7.03155e-09,-6.1188e-07,-7.03155e-09,0.000200013,1.19074e-06,-6.1188e-07,1.19074e-06,0.000199994
0.535796,-0.319483,-1.71944,0.533335,-0.319741,-1.7061,0.010483,-0.00396126,0.00563616,0.509126,0.000200003,-6.57209e-09,-5.42759e-07,-6.57209e-09,0.000200014,1.23624e-06,-5.42759e-07,1.23624e-06,0.000199994
0.538305,-0.318624,-1.72362,0.53332,-0.319736,-1.70615,0.0129914,-0.00310181,0.00146434,0.509126,0.000200003,-6.1107e-09,-4.8437e-07,-6.1107e-09,0.000200015,1.27462e-06,-4.8437e-07,1.27462e-06,0.000199994
0.54016,-0.317989,-1.72602,0.533329,-0.319754,-1.70612,0.0122804,-0.00104146,0.00868359,0.515883,0.000200002,-5.60914e-09,-4.39269e-07,-5.60914e-09,0.000200015,1.27445e-06,-4.39269e-07,1.27445e-06,0.000199994
0.541592,-0.317457,-1.72658,0.533361,-0.319758,-1.70605,0.0137133,-0.000509573,0.00812306,0.515883,0.000200002,-5.24394e-09,-4.1507e-07,-5.24394e-09,0.000200015,1.2649e-06,-4.1507e-07,1.2649e-06,0.000199994
0.542803,-0.316956,-1.72596,0.533401,-0.319756,-1.70591,0.0149235,-8.6034e-06,0.00873809,0.519261,0.000200002,-5.10556e-09,-4.12266e-07,-5.10556e-09,0.000200015,1.26758e-06,-4.12266e-07,1.26758e-06,0.000199994
0.544933,-0.317128,-1.72924,0.539482,-0.32317,-1.72887,0.0154905,0.00121469,0.0277691,0.402252,0.000200002,-5.1769e-09,-4.33539e-07,-5.1769e-09,0.000200015,1.25883e-06,-4.33539e-07,1.25883e-06,0.000199994
0.546504,-0.317192,-1.73135,0.539493,-0.323204,-1.7289,0.0170617,0.00115066,0.0256575,0.392013,0.000200002,-5.2844e-09,-4.59876e-07,-5.2844e-09,0.000200014,1.23181e-06,-4.59876e-07,1.23181e-06,0.000199994
0.547796,-0.317252,-1.73366,0.539452,-0.323201,-1.72892,0.0157652,0.00259213,0.0325453,0.395426,0.000200002,-5.3729e-09,-4.74389e-07,-5.3729e-09,0.000200014,1.22175e-06,-4.74389e-07,1.22175e-06,0.000199994
0.549004,-0.317438,-1.73624,0.539461,-0.3232,-1.72895,0.0169734,0.0024065,0.0299656,0.395426,0.000200002,-5.34044e-09,-4.60402e-07,-5.34044e-09,0.000200014,1.24326e-06,-4.60402e-07,1.24326e-06,0.000199994
0.549995,-0.317572,-1.7382,0.539454,-0.323196,-1.72895,0.0179645,0.00227205,0.028006,0.392013,0.000200002,-5.33683e-09,-4.531e-07,-5.33683e-09,0.000200015,1.26134e-06,-4.531e-07,1.26134e-06,0.000199994
0.550739,-0.317715,-1.73998,0.539451,-0.323185,-1.72898,0.0168047,0.00376992,0.0335359,0.392013,0.000200002,-5.25599e-09,-4.41851e-07,-5.25599e-09,0.000200015,1.26539e-06,-4.41851e-07,1.26539e-06,0.000199994
0.551912,-0.318845,-1.74546,0.542349,-0.327174,-1.74768,0.0179774,0.00263941,0.0280559,0.405029,0.000200002,-4.92304e-09,-4.02903e-07,-4.92304e-09,0.000200015,1.26635e-06,-4.02903e-07,1.26635e-06,0.000199994
0.552991,-0.319849,-1.74954,0.542363,-0.327182,-1.74769,0.01832,0.0041955,0.0354814,0.408407,0.000200001,-4.57533e-09,-3.61357e-07,-4.57533e-09,0.000200015,1.2892e-06,-3.61357e-07,1.2892e-06,0.000199994
0.55369,-0.32052,-1.75185,0.542383,-0.327173,-1.74762,0.0190191,0.00352452,0.033168,0.405029,0.000200001,-4.41822e-09,-3.55657e-07,-4.41822e-09,0.000200015,1.27708e-06,-3.55657e-07,1.27708e-06,0.000199994
0.554227,-0.32108,-1.75297,0.542391,-0.327177,-1.74759,0.0195566,0.00296499,0.0320496,0.405029,0.000200001,-4.26981e-09,-3.48648e-07,-4.26981e-09,0.000200015,1.26553e-06,-3.48648e-07,1.26553e-06,0.000199994
0.554802,-0.321575,-1.75293,0.542399,-0.327159,-1.74757,0.0190488,0.00366147,0.0373303,0.408407,0.000200001,-4.1494e-09,-3.3649e-07,-4.1494e-09,0.000200015,1.28093e-06,-3.3649e-07,1.28093e-06,0.000199994
0.556243,-0.323162,-1.75664,0.546633,-0.332843,-1.7704,0.0204891,0.00207458,0.0336177,0.402126,0.000200001,-4.0764e-09,-3.25512e-07,-4.0764e-09,0.000200016,1.31075e-06,-3.25512e-07,1.31075e-06,0.000199994
0.55745,-0.324513,-1.7595,0.546651,-0.332842,-1.77035,0.0200012,0.00351172,0.0443834,0.408797,0.000200001,-3.92074e-09,-3.04805e-07,-3.92074e-09,0.000200016,1.33837e-06,-3.04805e-07,1.33837e-06,0.000199994
0.558326,-0.325733,-1.76188,0.546649,-0.332843,-1.77034,0.0208768,0.00229158,0.0419993,0.408797,0.000200001,-3.56896e-09,-2.6858e-07,-3.56896e-09,0.000200017,1.34183e-06,-2.6858e-07,1.34183e-06,0.000199994
0.559029,-0.326823,-1.76368,0.546655,-0.332851,-1.77033,0.0215794,0.00120129,0.0401993,0.412141,0.000200001,-3.13309e-09,-2.2695e-07,-3.13309e-09,0.000200017,1.34431e-06,-2.2695e-07,1.34431e-06,0.000199994
0.559616,-0.327901,-1.76543,0.546653,-0.332864,-1.77034,0.0209185,0.00254206,0.0430183,0.408815,0.0002,-2.51058e-09,-1.67224e-07,-2.51058e-09,0.000200017,1.35015e-06,-1.67224e-07,1.35015e-06,0.000199994
0.560053,-0.328821,-1.76672,0.546657,-0.332847,-1.77032,0.0213557,0.00162174,0.0417261,0.412141,0.0002,-1.93614e-09,-1.18849e-07,-1.93614e-09,0.000200017,1.34861e-06,-1.18849e-07,1.34861e-06,0.000199994
0.560545,-0.331265,-1.77349,0.547771,-0.341273,-1.79788,0.0197138,0.00228983,0.0385315,0.357013,0.0002,-1.51253e-09,-8.97967e-08,-1.51253e-09,0.000200017,1.33429e-06,-8.97967e-08,1.33429e-06,0.000199994
0.561006,-0.33329,-1.77869,0.547745,-0.341274,-1.79786,0.0201757,0.000264836,0.0333334,0.358459,0.0002,-1.09994e-09,-5.87258e-08,-1.09994e-09,0.000200017,1.33716e-06,-5.87258e-08,1.33716e-06,0.000199994
0.561486,-0.334919,-1.78233,0.547757,-0.341266,-1.79787,0.0206554,-0.00136483,0.0296931,0.358459,0.0002,-7.77251e-10,-3.64639e-08,-7.77251e-10,0.000200017,1.35636e-06,-3.64639e-08,1.35636e-06,0.000199994
0.561896,-0.336216,-1.78492,0.547765,-0.341276,-1.79785,0.0171132,0.000950961,0.0249785,0.361793,0.0002,-5.48203e-10,-2.32041e-08,-5.48203e-10,0.000200017,1.37267e-06,-2.32041e-08,1.37267e-06,0.000199994
0.562178,-0.337355,-1.78772,0.547752,-0.34127,-1.79786,0.0173948,-0.00018789,0.0221766,0.358459,0.0002,-2.22268e-10,2.95097e-09,-2.22268e-10,0.000200018,1.37617e-06,2.95097e-09,1.37617e-06,0.000199994
0.562427,-0.338257,-1.78986,0.547744,-0.341282,-1.79787,0.0146489,0.00264314,0.0125374,0.361793,0.0002,1.1953e-11,1.84294e-08,1.1953e-11,0.000200018,1.38241e-06,1.84294e-08,1.38241e-06,0.000199993
0.564456,-0.340325,-1.78747,0.557226,-0.348114,-1.77574,0.0166777,0.000575193,0.0149336,0.323228,0.0002,2.03292e-10,3.07007e-08,2.03292e-10,0.000200018,1.37565e-06,3.07007e-08,1.37565e-06,0.000199993
0.566005,-0.342221,-1.7852,0.557545,-0.348189,-1.77506,0.0149804,0.00169854,0.0264176,0.326811,0.0002,6.5203e-10,7.42027e-08,6.5203e-10,0.000200017,1.3493e-06,7.42027e-08,1.3493e-06,0.000199994
0.567159,-0.343561,-1.78321,0.557683,-0.348208,-1.77467,0.0161345,0.000358605,0.0284113,0.326811,0.0002,7.22898e-10,7.25728e-08,7.22898e-10,0.000200017,1.31435e-06,7.25728e-08,1.31435e-06,0.000199994
0.568263,-0.34484,-1.78099,0.557725,-0.348198,-1.77466,0.0172386,-0.000920355,0.0306321,0.325596,0.0002,1.05853e-09,1.04052e-07,1.05853e-09,0.000200016,1.31961e-06,1.04052e-07,1.31961e-06,0.000199994
0.56908,-0.345912,-1.77888,0.557765,-0.348212,-1.77458,0.0144685,-0.000274344,0.0298366,0.328974,0.0002,1.36359e-09,1.30817e-07,1.36359e-09,0.000200016,1.31101e-06,1.30817e-07,1.31101e-06,0.000199994
0.571485,-0.348176,-1.77663,0.566485,-0.354428,-1.7686,0.0168738,-0.00253825,0.032089,0.326121,0.0002,1.82771e-09,1.75371e-07,1.82771e-09,0.000200016,1.30664e-06,1.75371e-07,1.30664e-06,0.000199994
0.573453,-0.350095,-1.77486,0.566702,-0.354448,-1.76826,0.0188419,-0.00445751,0.0338583,0.327085,0.0002,2.3211e-09,2.20245e-07,2.3211e-09,0.000200016,1.30389e-06,2.20245e-07,1.30389e-06,0.000199994
0.575124,-0.351565,-1.77355,0.566885,-0.354515,-1.76775,0.0136835,-0.000486721,0.0280797,0.327085,0.0002,2.60077e-09,2.36308e-07,2.60077e-09,0.000200016,1.31172e-06,2.36308e-07,1.31172e-06,0.000199994
0.5765,-0.352721,-1.77298,0.566952,-0.354514,-1.76756,0.0150595,-0.00164271,0.0286506,0.326842,0.0002,2.78434e-09,2.43625e-07,2.78434e-09,0.000200016,1.32081e-06,2.43625e-07,1.32081e-06,0.000199994
0.577756,-0.353281,-1.77181,0.567137,-0.354525,-1.76712,0.014308,0.000538375,0.031997,0.336413,0.0002,2.42156e-09,1.89015e-07,2.42156e-09,0.000200017,1.34572e-06,1.89015e-07,1.34572e-06,0.000199994
0.578811,-0.353454,-1.77051,0.567217,-0.354539,-1.76684,0.015363,0.000364892,0.0332986,0.339724,0.0002,1.71611e-09,1.09254e-07,1.71611e-09,0.000200017,1.3672e-06,1.09254e-07,1.3672e-06,0.000199994
0.581194,-0.355448,-1.76802,0.575035,-0.365411,-1.76057,0.0177457,-0.00162888,0.035788,0.281272,0.0002,6.92792e-10,8.0221e-09,6.92792e-10,0.000200017,1.377e-06,8.0221e-09,1.377e-06,0.000199994
0.58296,-0.35662,-1.76594,0.575221,-0.365447,-1.76015,0.0157029,0.00237267,0.0385159,0.294517,0.0002,-7.13081e-10,-1.2607e-07,-7.13081e-10,0.000200017,1.35503e-06,-1.2607e-07,1.35503e-06,0.000199994
0.584203,-0.357197,-1.7652,0.575219,-0.365459,-1.76008,0.0169453,0.00179586,0.0392641,0.311074,0.000200001,-2.23533e-09,-2.69673e-07,-2.23533e-09,0.000200016,1.31406e-06,-2.69673e-07,1.31406e-06,0.000199994
0.585213,-0.357614,-1.7648,0.575269,-0.36545,-1.76008,0.0157115,0.0061681,0.0398785,0.30114,0.000200001,-3.41382e-09,-3.68474e-07,-3.41382e-09,0.000200016,1.28906e-06,-3.68474e-07,1.28906e-06,0.000199994
0.585959,-0.357913,-1.76416,0.57525,-0.365447,-1.76002,0.0164573,0.00586858,0.0405174,0.314385,0.000200001,-4.29166e-09,-4.37367e-07,-4.29166e-09,0.000200015,1.26355e-06,-4.37367e-07,1.26355e-06,0.000199994
0.587434,-0.358381,-1.76535,0.580671,-0.367292,-1.76797,0.0179319,0.00540053,0.0393335,0.299159,0.000200002,-5.00521e-09,-5.05592e-07,-5.00521e-09,0.000200014,1.21367e-06,-5.05592e-07,1.21367e-06,0.000199994
0.588578,-0.358716,-1.76652,0.580446,-0.367295,-1.76806,0.0169288,0.00549948,0.0354631,0.23414,0.000200002,-5.55268e-09,-5.55347e-07,-5.55268e-09,0.000200014,1.18339e-06,-5.55347e-07,1.18339e-06,0.000199994
0.589498,-0.358879,-1.76735,0.580464,-0.367305,-1.76806,0.0178486,0.00533658,0.0346314,0.23744,0.000200003,-6.06646e-09,-6.0412e-07,-6.06646e-09,0.000200013,1.16423e-06,-6.0412e-07,1.16423e-06,0.000199994
0.590019,-0.359011,-1.76739,0.580467,-0.367304,-1.76805,0.0141575,0.00509278,0.0391705,0.23744,0.000200003,-6.28992e-09,-6.35278e-07,-6.28992e-09,0.000200012,1.11728e-06,-6.35278e-07,1.11728e-06,0.000199994
0.59046,-0.359113,-1.76742,0.580589,-0.367287,-1.76807,0.0145987,0.00499038,0.0391358,0.299159,0.000200004,-6.42925e-09,-6.55204e-07,-6.42925e-09,0.000200012,1.08725e-06,-6.55204e-07,1.08725e-06,0.000199994
0.590799,-0.359199,-1.76723,0.580522,-0.367305,-1.768,0.0149383,0.00490466,0.0393299,0.247341,0.000200004,-6.51722e-09,-6.6804e-07,-6.51722e-09,0.000200011,1.06797e-06,-6.6804e-07,1.06797e-06,0.000199994
0.591928,-0.359955,-1.76629,0.584327,-0.37111,-1.76196,0.0117645,0.00103561,0.0376615,0.525443,0.000200004,-6.71865e-09,-6.86826e-07,-6.71865e-09,0.000200011,1.07172e-06,-6.86826e-07,1.07172e-06,0.000199994
0.592872,-0.360541,-1.76558,0.584415,-0.371112,-1.7617,0.0127084,0.000449231,0.0383659,0.530055,0.000200004,-6.90924e-09,-7.01841e-07,-6.90924e-09,0.000200011,1.07791e-06,-7.01841e-07,1.07791e-06,0.000199994
0.593616,-0.361029,-1.76488,0.584493,-0.371128,-1.76153,0.00679161,-0.00309433,0.0464782,0.526642,0.000200005,-7.01596e-09,-7.09097e-07,-7.01596e-09,0.000200011,1.07765e-06,-7.09097e-07,1.07765e-06,0.000199994
0.594298,-0.361369,-1.76398,0.58455,-0.371129,-1.76139,0.0074735,-0.00343382,0.0473793,0.530279,0.000200005,-7.20727e-09,-7.22215e-07,-7.20727e-09,0.000200011,1.08919e-06,-7.22215e-07,1.08919e-06,0.000199994
0.594833,-0.361661,-1.76333,0.584624,-0.371154,-1.76125,0.00800774,-0.00372571,0.0480259,0.526866,0.000200005,-7.31603e-09,-7.28231e-07,-7.31603e-09,0.000200011,1.09237e-06,-7.28231e-07,1.09237e-06,0.000199994
0.598642,-0.359654,-1.76778,0.60145,-0.359831,-1.78503,0.00464275,-0.00670616,0.0414806,0.411898,0.000200005,-7.39524e-09,-7.32235e-07,-7.39524e-09,0.000200011,1.09431e-06,-7.32235e-07,1.09431e-06,0.000199994
0.601782,-0.358052,-1.7709,0.601771,-0.359898,-1.7844,0.0077833,-0.00510392,0.0383606,0.404451,0.000200005,-7.48398e-09,-7.35864e-07,-7.48398e-09,0.000200011,1.10062e-06,-7.35864e-07,1.10062e-06,0.000199994
0.604365,-0.356765,-1.77323,0.601983,-0.359936,-1.78409,0.0068759,-0.00585485,0.03543,0.41109,0.000200005,-7.58349e-09,-7.39648e-07,-7.58349e-09,0.000200011,1.10948e-06,-7.39648e-07,1.10948e-06,0.000199994
0.606492,-0.355706,-1.77528,0.602026,-0.359933,-1.784,0.00900286,-0.00479502,0.033378,0.414515,0.000200005,-7.73197e-09,-7.4632e-07,-7.73197e-09,0.000200012,1.12387e-06,-7.4632e-07,1.12387e-06,0.000199994
0.608171,-0.354878,-1.77703,0.60203,-0.359936,-1.78401,0.00292386,-0.0087625,0.0324109,0.414515,0.000200005,-7.80264e-09,-7.47045e-07,-7.80264e-09,0.000200012,1.12965e-06,-7.47045e-07,1.12965e-06,0.000199994
0.609511,-0.354216,-1.77843,0.602002,-0.359925,-1.78404,0.0042633,-0.00810057,0.0310074,0.414515,0.000200005,-7.84999e-09,-7.46791e-07,-7.84999e-09,0.000200012,1.13382e-06,-7.46791e-07,1.13382e-06,0.000199994
0.613612,-0.351364,-1.7791,0.617274,-0.348226,-1.78333,0.00836507,-0.0052493,0.0303386,0.466506,0.000200005,-7.84205e-09,-7.43581e-07,-7.84205e-09,0.000200012,1.13273e-06,-7.43581e-07,1.13273e-06,0.000199994
0.617001,-0.349036,-1.77969,0.617433,-0.348231,-1.78306,0.00434886,-0.00805267,0.0265949,0.470269,0.000200005,-7.94919e-09,-7.49083e-07,-7.94919e-09,0.000200012,1.14435e-06,-7.49083e-07,1.14435e-06,0.000199994
0.619572,-0.347292,-1.78017,0.617609,-0.348253,-1.78264,0.00691906,-0.00630897,0.0261086,0.477386,0.000200005,-7.75693e-09,-7.33936e-07,-7.75693e-09,0.000200012,1.12373e-06,-7.33936e-07,1.12373e-06,0.000199994
0.621592,-0.345933,-1.78052,0.617682,-0.348269,-1.78245,0.00153273,-0.00973604,0.0283173,0.470269,0.000200005,-7.52648e-09,-7.18809e-07,-7.52648e-09,0.000200012,1.10259e-06,-7.18809e-07,1.10259e-06,0.000199994
0.623276,-0.344818,-1.78056,0.617764,-0.348285,-1.78225,0.0032162,-0.00862016,0.0282823,0.477386,0.000200005,-7.42417e-09,-7.14336e-07,-7.42417e-09,0.000200011,1.09716e-06,-7.14336e-07,1.09716e-06,0.000199994
0.627222,-0.341627,-1.78133,0.630447,-0.337142,-1.78704,0.00716269,-0.00543,0.0275071,0.341728,0.000200005,-7.48087e-09,-7.23464e-07,-7.48087e-09,0.000200011,1.1031e-06,-7.23464e-07,1.1031e-06,0.000199994
0.63047,-0.339096,-1.78221,0.630816,-0.337118,-1.78678,0.00399321,-0.00775591,0.0233578,0.355472,0.000200005,-7.51305e-09,-7.248e-07,-7.51305e-09,0.000200011,1.10984e-06,-7.248e-07,1.10984e-06,0.000199994
0.633129,-0.337077,-1.78325,0.631121,-0.337143,-1.78637,0.00665247,-0.00573617,0.0223216,0.361702,0.000200005,-7.53768e-09,-7.25091e-07,-7.53768e-09,0.000200012,1.11451e-06,-7.25091e-07,1.11451e-06,0.000199994
0.635303,-0.335455,-1.78393,0.631225,-0.337187,-1.78616,0.00479997,-0.00636808,0.0246566,0.376739,0.000200005,-7.59404e-09,-7.27519e-07,-7.59404e-09,0.000200012,1.12179e-06,-7.27519e-07,1.12179e-06,0.000199994
0.637023,-0.334189,-1.78403,0.631375,-0.337179,-1.78596,0.0065197,-0.00510291,0.0245634,0.370753,0.000200005,-7.56095e-09,-7.23789e-07,-7.56095e-09,0.000200012,1.1184e-06,-7.23789e-07,1.1184e-06,0.000199994
0.638426,-0.333182,-1.78407,0.631513,-0.337204,-1.78579,0.00792313,-0.0040956,0.0245223,0.374568,0.000200005,-7.53306e-09,-7.21364e-07,-7.53306e-09,0.000200012,1.11625e-06,-7.21364e-07,1.11625e-06,0.000199994
0.642805,-0.330119,-1.78321,0.647949,-0.325878,-1.77875,0.00440554,-0.0056577,0.0225902,0.386307,0.000200005,-7.47171e-09,-7.16932e-07,-7.47171e-09,0.000200012,1.11101e-06,-7.16932e-07,1.11101e-06,0.000199994
0.646381,-0.327672,-1.78263,0.648315,-0.325904,-1.77824,0.00798084,-0.00321037,0.0231702,0.404065,0.000200005,-7.4249e-09,-7.14334e-07,-7.4249e-09,0.000200011,1.1075e-06,-7.14334e-07,1.1075e-06,0.000199994
