EKF_x,EKF_y,EKF_theta,PM_x,PM_y,PM_theta,errorEKF_x,errorEKF_y,errorEKF_theta,errorPM,EKFCovXX,EKFCovXY,EKFCovXTheta,EKFCovYX,EKFCovYY,EKFCovYTheta,EKFCovThetaX,EKFCovThetaY,EKFCovThetaTheta
-0.633816,-0.495167,1.56369,-0.633816,-0.495167,1.56369,-0.00621631,0.030033,-0.00631011,47.259,0.000999999,-3.31463e-22,1.33403e-14,-3.36845e-22,0.000999999,6.64376e-14,1.33416e-14,6.64471e-14,0.000999999
-0.636284,-0.486365,1.55439,-0.638685,-0.477981,1.54554,-0.00868396,0.0388349,-0.0156079,45.5454,0.000512195,2.44932e-15,8.99265e-11,2.44932e-15,0.000512195,1.26536e-08,8.99265e-11,1.26536e-08,0.000512195
-0.637802,-0.480167,1.54838,-0.640598,-0.469141,1.5377,-0.0103023,0.0450326,-0.0216158,44.7034,0.000359875,1.16048e-14,2.19925e-10,1.16048e-14,0.000359875,1.63443e-08,2.19925e-10,1.63443e-08,0.000359875
-0.638899,-0.475247,1.54368,-0.641736,-0.463204,1.53239,-0.011399,0.0499533,-0.0263203,44.3311,0.000290717,2.32446e-13,2.78761e-09,2.32446e-13,0.000290717,2.02e-08,2.78761e-09,2.02e-08,0.000290717
-0.639818,-0.471071,1.53982,-0.642671,-0.458811,1.52847,-0.012418,0.0541288,-0.0301843,44.1362,0.000254131,1.9291e-13,1.784e-09,1.9291e-13,0.000254131,1.98351e-08,1.784e-09,1.98351e-08,0.000254131
-0.640712,-0.46716,1.53646,-0.64378,-0.454251,1.52514,-0.0133117,0.0580401,-0.0335445,43.8068,0.000233206,3.36058e-13,3.21861e-09,3.36058e-13,0.000233206,1.75578e-08,3.21861e-09,1.75578e-08,0.000233206
-0.64162,-0.463388,1.53326,-0.645063,-0.450106,1.52226,-0.01432,0.0618123,-0.0367392,43.6068,0.000220702,1.03101e-13,3.96914e-10,1.03101e-13,0.000220702,2.01365e-08,3.96914e-10,2.01365e-08,0.000220702
-0.64243,-0.459746,1.5304,-0.645568,-0.446239,1.51953,-0.0151302,0.0654537,-0.0396013,43.3852,0.000213033,2.85938e-13,2.26583e-09,2.85938e-13,0.000213033,1.78504e-08,2.26583e-09,1.78504e-08,0.000213033
-0.643284,-0.456103,1.52759,-0.646784,-0.442293,1.51722,-0.0160839,0.0690966,-0.0424079,43.3213,0.000208255,6.09372e-14,5.65077e-12,6.09372e-14,0.000208255,2.01312e-08,5.65077e-12,2.01312e-08,0.000208255
-0.644174,-0.452561,1.52498,-0.647773,-0.438786,1.51453,-0.0169741,0.0726389,-0.0450245,43.1868,0.000205249,2.62401e-13,1.97688e-09,2.62401e-13,0.000205249,1.78814e-08,1.97688e-09,1.78814e-08,0.000205249
-0.645105,-0.449002,1.52236,-0.64896,-0.435047,1.51213,-0.0180051,0.076198,-0.0476356,43.1029,0.000203345,2.41636e-13,1.57194e-09,2.41636e-13,0.000203345,1.82685e-08,1.57194e-09,1.82685e-08,0.000203345
-0.646023,-0.445278,1.51983,-0.649905,-0.430512,1.50953,-0.018923,0.079922,-0.050166,42.8473,0.000202135,4.72629e-13,3.1355e-09,4.72629e-13,0.000202135,2.01409e-08,3.1355e-09,2.01409e-08,0.000202135
-0.647013,-0.441552,1.51733,-0.651202,-0.426705,1.50769,-0.0200135,0.0836485,-0.0526734,42.7735,0.000201364,6.7745e-13,4.14889e-09,6.7745e-13,0.000201364,2.13177e-08,4.14889e-09,2.13177e-08,0.000201364
-0.647912,-0.43737,1.51476,-0.651695,-0.420722,1.50453,-0.0210115,0.08783,-0.055243,42.5937,0.000200872,5.5429e-13,3.01497e-09,5.5429e-13,0.000200872,2.04421e-08,3.01497e-09,2.04421e-08,0.000200872
-0.648795,-0.433123,1.51221,-0.652528,-0.416181,1.50205,-0.0218949,0.092077,-0.0577917,42.436,0.000200558,4.58346e-13,2.30927e-09,4.58346e-13,0.000200558,1.98809e-08,2.30927e-09,1.98809e-08,0.000200558
-0.649735,-0.428765,1.50965,-0.653698,-0.411359,1.49943,-0.022935,0.0964348,-0.0603516,42.4207,0.000200357,3.86457e-13,1.87594e-09,3.86457e-13,0.000200357,1.95204e-08,1.87594e-09,1.95204e-08,0.000200357
-0.650734,-0.424236,1.50698,-0.654939,-0.406129,1.4963,-0.0240345,0.100964,-0.0630247,42.2162,0.000200228,3.3458e-13,1.61638e-09,3.3458e-13,0.000200228,1.92882e-08,1.61638e-09,1.92882e-08,0.000200228
-0.651749,-0.419649,1.50438,-0.656064,-0.40125,1.49369,-0.0250488,0.105551,-0.0656199,42.224,0.000200146,5.59671e-13,3.27606e-09,5.59671e-13,0.000200146,2.07293e-08,3.27606e-09,2.07293e-08,0.000200146
-0.652775,-0.41487,1.50162,-0.65704,-0.395803,1.49088,-0.0261751,0.11033,-0.0683842,42.1965,0.000200093,2.30269e-13,7.36795e-10,2.30269e-13,0.000200093,1.84731e-08,7.36795e-10,1.84731e-08,0.000200093
-0.653821,-0.410213,1.49891,-0.658266,-0.391522,1.48779,-0.0272212,0.114987,-0.0710865,42.2458,0.00020006,4.69093e-13,2.75732e-09,4.69093e-13,0.00020006,2.01944e-08,2.75732e-09,2.01944e-08,0.00020006
-0.654933,-0.405824,1.49621,-0.659591,-0.388257,1.48541,-0.0284329,0.119376,-0.0737865,42.2819,0.000200038,4.13541e-13,2.25348e-09,4.13541e-13,0.000200038,1.97137e-08,2.25348e-09,1.97137e-08,0.000200038
-0.655955,-0.40159,1.4935,-0.660255,-0.384639,1.48263,-0.0294551,0.12361,-0.0765032,42.2363,0.000200025,3.70732e-13,1.94941e-09,3.70732e-13,0.000200025,1.94048e-08,1.94941e-09,1.94048e-08,0.000200025
-0.656969,-0.397644,1.49071,-0.661242,-0.381949,1.4802,-0.0305685,0.127556,-0.0792899,42.0915,0.000200016,-9.06175e-14,-1.61914e-09,-9.06175e-14,0.000200016,1.94689e-08,-1.61914e-09,1.94689e-08,0.000200016
-0.657963,-0.394124,1.48829,-0.662145,-0.37992,1.47799,-0.0315633,0.131076,-0.0817061,42.195,0.00020001,4.03931e-13,2.89998e-09,4.03931e-13,0.00020001,1.89734e-08,2.89998e-09,1.89734e-08,0.00020001
-0.658866,-0.390746,1.48579,-0.662748,-0.377265,1.47607,-0.0325664,0.134454,-0.0842133,42.2309,0.000200006,1.99883e-13,8.61875e-10,1.99883e-13,0.000200006,2.0763e-08,8.61875e-10,2.0763e-08,0.000200006
-0.659717,-0.387749,1.4835,-0.66333,-0.375744,1.47437,-0.0334167,0.137451,-0.0864966,42.194,0.000200004,2.19434e-13,1.12955e-09,2.19434e-13,0.000200004,2.00705e-08,1.12955e-09,2.00705e-08,0.000200004
-0.660521,-0.384967,1.48145,-0.663899,-0.373874,1.47292,-0.0343205,0.140233,-0.0885486,42.3417,0.000200003,5.28932e-15,-5.27668e-10,5.28932e-15,0.000200003,1.8079e-08,-5.27668e-10,1.8079e-08,0.000200003
-0.66129,-0.382537,1.47941,-0.66463,-0.372742,1.47157,-0.0350904,0.142663,-0.0905888,42.3238,0.000200002,3.10288e-13,2.11706e-09,3.10288e-13,0.000200002,1.98931e-08,2.11706e-09,1.98931e-08,0.000200002
-0.661997,-0.380342,1.47757,-0.665036,-0.371543,1.47022,-0.0358971,0.144858,-0.0924267,42.3297,0.000200001,3.16823e-13,1.97609e-09,3.16823e-13,0.000200001,1.951e-08,1.97609e-09,1.951e-08,0.000200001
-0.662659,-0.378477,1.47583,-0.665518,-0.370995,1.46885,-0.036659,0.146723,-0.0941703,42.2273,0.000200001,3.19377e-13,1.89833e-09,3.19377e-13,0.000200001,1.92636e-08,1.89833e-09,1.92636e-08,0.000200001
-0.663193,-0.376731,1.47426,-0.665542,-0.369727,1.46797,-0.0371933,0.148469,-0.0957412,41.8872,0.0002,3.20627e-13,1.86038e-09,3.20627e-13,0.0002,1.91048e-08,1.86038e-09,1.91048e-08,0.0002
-0.663753,-0.375204,1.47283,-0.666206,-0.369073,1.46712,-0.0378534,0.149996,-0.097168,41.8933,0.0002,3.21757e-13,1.84673e-09,3.21757e-13,0.0002,1.90022e-08,1.84673e-09,1.90022e-08,0.0002
-0.664263,-0.37378,1.4715,-0.666515,-0.368064,1.46616,-0.0383634,0.15142,-0.0985019,41.9528,0.0002,3.23229e-13,1.84766e-09,3.23229e-13,0.0002,1.89355e-08,1.84766e-09,1.89355e-08,0.0002
-0.664666,-0.37263,1.47031,-0.666488,-0.36801,1.46554,-0.038866,0.15257,-0.0996925,41.8432,0.0002,3.25175e-13,1.8573e-09,3.25175e-13,0.0002,1.8892e-08,1.8573e-09,1.8892e-08,0.0002
-0.665101,-0.371615,1.46926,-0.667054,-0.367532,1.46508,-0.0393013,0.153585,-0.100739,41.9533,0.0002,3.27507e-13,1.87152e-09,3.27507e-13,0.0002,1.88633e-08,1.87152e-09,1.88633e-08,0.0002
-0.665424,-0.370664,1.46834,-0.666926,-0.366838,1.46465,-0.0397238,0.154536,-0.101662,41.9498,0.0002,3.3008e-13,1.88772e-09,3.3008e-13,0.0002,1.88443e-08,1.88772e-09,1.88443e-08,0.0002
-0.665717,-0.369863,1.46748,-0.667101,-0.366637,1.46406,-0.040017,0.155337,-0.102516,41.8809,0.0002,3.32758e-13,1.90433e-09,3.32758e-13,0.0002,1.88314e-08,1.90433e-09,1.88314e-08,0.0002
-0.665987,-0.369133,1.46672,-0.667281,-0.366191,1.46367,-0.0403875,0.156067,-0.10428,41.7954,0.0002,3.35466e-13,1.92075e-09,3.35466e-13,0.0002,1.88226e-08,1.92075e-09,1.88226e-08,0.0002
-0.666214,-0.368589,1.46611,-0.667333,-0.366389,1.46365,-0.0406143,0.156611,-0.104895,41.9124,0.0002,3.38122e-13,1.93642e-09,3.38122e-13,0.0002,1.88164e-08,1.93642e-09,1.88164e-08,0.0002
-0.666414,-0.368029,1.46552,-0.667425,-0.36577,1.46316,-0.0409141,0.157171,-0.105484,41.9019,0.0002,3.40613e-13,1.95062e-09,3.40613e-13,0.0002,1.8812e-08,1.95062e-09,1.8812e-08,0.0002
-0.666637,-0.367507,1.46491,-0.667742,-0.365392,1.46247,-0.0411373,0.157693,-0.106094,41.9874,0.0002,3.42952e-13,1.9637e-09,3.42952e-13,0.0002,1.88088e-08,1.9637e-09,1.88088e-08,0.0002
-0.666751,-0.367123,1.46452,-0.667462,-0.365507,1.46267,-0.0413505,0.158077,-0.106478,41.8904,0.0002,6.14339e-13,3.84755e-09,6.14339e-13,0.0002,2.03188e-08,3.84755e-09,2.03188e-08,0.0002
-0.66686,-0.366733,1.46408,-0.66751,-0.365152,1.46232,-0.0414601,0.158467,-0.106919,41.7703,0.0002,5.56213e-13,3.18446e-09,5.56213e-13,0.0002,1.97724e-08,3.18446e-09,1.97724e-08,0.0002
-0.666962,-0.366439,1.46375,-0.667581,-0.365237,1.46243,-0.0416618,0.158761,-0.107249,41.9092,0.0002,5.06669e-13,2.76306e-09,5.06669e-13,0.0002,1.94224e-08,2.76306e-09,1.94224e-08,0.0002
-0.667058,-0.366062,1.46326,-0.667606,-0.36459,1.46163,-0.0417578,0.159138,-0.107736,41.9575,0.0002,2.24769e-13,6.22253e-10,2.24769e-13,0.0002,1.76881e-08,6.22253e-10,1.76881e-08,0.0002
-0.667181,-0.365841,1.46299,-0.667874,-0.364827,1.46191,-0.041981,0.159359,-0.108007,41.839,0.0002,6.33457e-13,4.51251e-09,6.33457e-13,0.0002,1.77226e-08,4.51251e-09,1.77226e-08,0.0002
-0.667285,-0.365636,1.46271,-0.667912,-0.364796,1.46159,-0.0420848,0.159564,-0.108288,41.7986,0.0002,5.79762e-13,3.62039e-09,5.79762e-13,0.0002,1.81097e-08,3.62039e-09,1.81097e-08,0.0002
-0.667318,-0.365334,1.46235,-0.667722,-0.364147,1.46122,-0.0422182,0.159866,-0.10865,41.8739,0.0002,3.66225e-13,1.54381e-09,3.66225e-13,0.0002,2.02327e-08,1.54381e-09,2.02327e-08,0.0002
-0.667393,-0.365214,1.46217,-0.667904,-0.364713,1.46146,-0.042293,0.159986,-0.108828,41.8463,0.0002,3.57588e-13,1.72476e-09,3.57588e-13,0.0002,1.97157e-08,1.72476e-09,1.97157e-08,0.0002
-0.66744,-0.365031,1.46203,-0.66784,-0.364275,1.46145,-0.0424401,0.160169,-0.108972,41.9178,0.0002,3.54338e-13,1.84178e-09,3.54338e-13,0.0002,1.93847e-08,1.84178e-09,1.93847e-08,0.0002
-0.667495,-0.364922,1.46199,-0.667877,-0.36452,1.46154,-0.0424946,0.160278,-0.109007,41.8263,0.0002,1.17266e-13,4.08615e-11,1.17266e-13,0.0002,1.76658e-08,4.08615e-11,1.76658e-08,0.0002
-0.667544,-0.364798,1.46179,-0.667953,-0.364279,1.46096,-0.042644,0.160402,-0.109214,41.8325,0.0002,1.63505e-13,7.65289e-10,1.63505e-13,0.0002,1.80726e-08,7.65289e-10,1.80726e-08,0.0002
-0.667601,-0.364673,1.4616,-0.667991,-0.364207,1.46115,-0.0427006,0.160527,-0.109405,41.85,0.0002,-1.09479e-14,-6.45986e-10,-1.09479e-14,0.0002,1.68265e-08,-6.45986e-10,1.68265e-08,0.0002
-0.667645,-0.364849,1.461,-0.668082,-0.365472,1.45896,-0.0428451,0.160351,-0.109995,41.7876,0.0002,3.03441e-13,2.20608e-09,3.03441e-13,0.0002,1.90411e-08,2.20608e-09,1.90411e-08,0.0002
-0.667714,-0.364922,1.46052,-0.668202,-0.365193,1.45857,-0.0429142,0.160278,-0.110482,41.7251,0.0002,3.28145e-13,2.15772e-09,3.28145e-13,0.0002,1.89521e-08,2.15772e-09,1.89521e-08,0.0002
-0.667742,-0.364915,1.46024,-0.668015,-0.364922,1.45882,-0.0430415,0.160285,-0.110757,41.7713,0.0002,1.078e-13,2.51001e-10,1.078e-13,0.0002,1.73906e-08,2.51001e-10,1.73906e-08,0.0002
-0.667742,-0.364932,1.45989,-0.667956,-0.364974,1.45848,-0.0431421,0.160268,-0.111111,41.6776,0.0002,1.62082e-13,9.11623e-10,1.62082e-13,0.0002,1.78952e-08,9.11623e-10,1.78952e-08,0.0002
-0.667752,-0.364954,1.4596,-0.668005,-0.365017,1.45844,-0.0431525,0.160246,-0.111401,41.6708,0.0002,2.11351e-13,1.33681e-09,2.11351e-13,0.0002,1.82179e-08,1.33681e-09,1.82179e-08,0.0002
-0.6677,-0.364898,1.45928,-0.667748,-0.364592,1.45833,-0.0431998,0.160302,-0.111719,41.601,0.0002,5.13914e-13,3.49157e-09,5.13914e-13,0.0002,1.99263e-08,3.49157e-09,1.99263e-08,0.0002
-0.667713,-0.364912,1.4592,-0.66793,-0.365001,1.45857,-0.043213,0.160288,-0.111798,41.6855,0.0002,2.37639e-13,1.11118e-09,2.37639e-13,0.0002,1.80155e-08,1.11118e-09,1.80155e-08,0.0002
-0.667678,-0.364904,1.45887,-0.667856,-0.364837,1.45816,-0.0432781,0.160296,-0.112132,41.6383,0.0002,3.51166e-13,1.8498e-09,3.51166e-13,0.0002,2.16764e-08,1.8498e-09,2.16764e-08,0.0002
-0.66768,-0.364779,1.45876,-0.667852,-0.364313,1.458,-0.0432799,0.160421,-0.112243,41.7429,0.0002,1.04299e-13,6.26184e-11,1.04299e-13,0.0002,1.9136e-08,6.26184e-11,1.9136e-08,0.0002
-0.667683,-0.364749,1.45858,-0.667953,-0.364547,1.45817,-0.0433828,0.160451,-0.112424,41.7284,0.0002,4.24078e-13,2.68305e-09,4.24078e-13,0.0002,2.05117e-08,2.68305e-09,2.05117e-08,0.0002
-0.667696,-0.364688,1.45862,-0.667856,-0.364434,1.45814,-0.0433964,0.160512,-0.112383,41.623,0.0002,3.22579e-13,2.09774e-09,3.22579e-13,0.0002,1.65095e-08,2.09774e-09,1.65095e-08,0.0002
-0.667751,-0.364708,1.45853,-0.668238,-0.364808,1.45852,-0.0435507,0.160492,-0.112466,40.882,0.0002,1.71866e-13,6.04718e-10,1.71866e-13,0.0002,1.92117e-08,6.04718e-10,1.92117e-08,0.0002
-0.667809,-0.36477,1.45857,-0.668255,-0.364993,1.4587,-0.0437094,0.16043,-0.112432,40.9333,0.0002,2.16602e-13,1.14956e-09,2.16602e-13,0.0002,1.90594e-08,1.14956e-09,1.90594e-08,0.0002
-0.667849,-0.364759,1.45853,-0.668219,-0.364696,1.45837,-0.043749,0.160441,-0.112472,40.9882,0.0002,2.54925e-13,1.49803e-09,2.54925e-13,0.0002,1.8962e-08,1.49803e-09,1.8962e-08,0.0002
-0.667909,-0.364737,1.4585,-0.66836,-0.364623,1.45838,-0.0439089,0.160463,-0.112501,40.9533,0.0002,2.85748e-13,1.72132e-09,2.85748e-13,0.0002,1.88996e-08,1.72132e-09,1.88996e-08,0.0002
-0.667912,-0.364705,1.45846,-0.668135,-0.364552,1.45831,-0.0439119,0.160495,-0.112539,40.8546,0.0002,3.09529e-13,1.86443e-09,3.09529e-13,0.0002,1.88597e-08,1.86443e-09,1.88597e-08,0.0002
-0.668001,-0.364731,1.4584,-0.668508,-0.364764,1.4585,-0.0441006,0.160469,-0.112596,40.9576,0.0002,4.7015e-13,3.45687e-09,4.7015e-13,0.0002,1.69521e-08,3.45687e-09,1.69521e-08,0.0002
-0.667985,-0.364769,1.45839,-0.668132,-0.3649,1.45833,-0.0440846,0.160431,-0.11261,40.8508,0.0002,4.57336e-13,2.97581e-09,4.57336e-13,0.0002,1.76132e-08,2.97581e-09,1.76132e-08,0.0002
-0.66791,-0.364743,1.45845,-0.667821,-0.364614,1.45869,-0.0441095,0.160457,-0.11255,40.8906,0.0002,4.40769e-13,2.66804e-09,4.40769e-13,0.0002,1.80363e-08,2.66804e-09,1.80363e-08,0.0002
-0.667905,-0.364723,1.45847,-0.668097,-0.36462,1.45853,-0.0441048,0.160477,-0.112534,40.9379,0.0002,4.24928e-13,2.47065e-09,4.24928e-13,0.0002,1.83071e-08,2.47065e-09,1.83071e-08,0.0002
-0.667869,-0.364636,1.45831,-0.667925,-0.364158,1.45834,-0.0441688,0.160564,-0.112687,40.8812,0.0002,8.07432e-13,5.72717e-09,8.07432e-13,0.0002,1.80983e-08,5.72717e-09,1.80983e-08,0.0002
-0.667846,-0.36466,1.45837,-0.667965,-0.36473,1.45861,-0.0441457,0.16054,-0.112627,40.8661,0.0002,7.18373e-13,4.42942e-09,7.18373e-13,0.0002,1.83467e-08,4.42942e-09,1.83467e-08,0.0002
-0.667718,-0.36455,1.45835,-0.667419,-0.364085,1.45826,-0.0441181,0.16065,-0.11265,41.2009,0.0002,6.3672e-13,3.59846e-09,6.3672e-13,0.0002,1.85057e-08,3.59846e-09,1.85057e-08,0.0002
-0.667619,-0.36442,1.45843,-0.667386,-0.363938,1.45843,-0.0441187,0.16078,-0.112571,41.2936,0.0002,3.27385e-13,1.18449e-09,3.27385e-13,0.0002,1.71073e-08,1.18449e-09,1.71073e-08,0.0002
-0.667569,-0.364353,1.45834,-0.667629,-0.364002,1.4583,-0.0440691,0.160847,-0.11266,41.2756,0.0002,5.73836e-13,3.40376e-09,5.73836e-13,0.0002,1.92125e-08,3.40376e-09,1.92125e-08,0.0002
-0.667512,-0.36424,1.45824,-0.667554,-0.363809,1.45818,-0.0441121,0.16096,-0.112755,41.2542,0.0002,3.56298e-13,1.44296e-09,3.56298e-13,0.0002,2.09418e-08,1.44296e-09,2.09418e-08,0.0002
-0.66751,-0.364241,1.45833,-0.667653,-0.364173,1.45834,-0.0441097,0.160959,-0.112673,41.2372,0.0002,5.13798e-13,3.18741e-09,5.13798e-13,0.0002,1.82846e-08,3.18741e-09,1.82846e-08,0.0002
-0.667464,-0.364158,1.45835,-0.667492,-0.363806,1.45845,-0.0441639,0.161042,-0.112648,41.292,0.0002,4.82115e-13,2.80388e-09,4.82115e-13,0.0002,1.84659e-08,2.80388e-09,1.84659e-08,0.0002
-0.667373,-0.364527,1.45843,-0.667223,-0.365978,1.45872,-0.0440733,0.160673,-0.112574,41.3903,0.0002,4.54834e-13,2.55826e-09,4.54834e-13,0.0002,1.8582e-08,2.55826e-09,1.8582e-08,0.0002
-0.667256,-0.364758,1.45851,-0.666998,-0.365659,1.45882,-0.0440561,0.160442,-0.112495,41.2988,0.0002,4.32879e-13,2.40055e-09,4.32879e-13,0.0002,1.86563e-08,2.40055e-09,1.86563e-08,0.0002
-0.667146,-0.365084,1.45861,-0.666919,-0.366363,1.45903,-0.0439464,0.160116,-0.112389,41.32,0.0002,4.1593e-13,2.29909e-09,4.1593e-13,0.0002,1.8704e-08,2.29909e-09,1.8704e-08,0.0002
-0.667071,-0.365369,1.45869,-0.666981,-0.366487,1.45901,-0.0439711,0.159831,-0.112309,41.3298,0.0002,4.0318e-13,2.23344e-09,4.0318e-13,0.0002,1.87345e-08,2.23344e-09,1.87345e-08,0.0002
-0.667003,-0.365608,1.45881,-0.666884,-0.366493,1.45963,-0.0439033,0.159592,-0.112186,41.3597,0.0002,5.32931e-13,3.69191e-09,5.32931e-13,0.0002,1.68726e-08,3.69191e-09,1.68726e-08,0.0002
-0.666938,-0.365776,1.45888,-0.66689,-0.366423,1.45912,-0.0439384,0.159424,-0.112125,41.2746,0.0002,5.01735e-13,3.12347e-09,5.01735e-13,0.0002,1.75626e-08,3.12347e-09,1.75626e-08,0.0002
-0.666894,-0.365841,1.45904,-0.666926,-0.366077,1.45968,-0.0438935,0.159359,-0.111964,42.3216,0.0002,4.71585e-13,2.75925e-09,4.71585e-13,0.0002,1.80043e-08,2.75925e-09,1.80043e-08,0.0002
-0.666878,-0.365922,1.45906,-0.667029,-0.366221,1.45916,-0.0439784,0.159278,-0.11194,42.2244,0.0002,4.45874e-13,2.52507e-09,4.45874e-13,0.0002,1.8287e-08,2.52507e-09,1.8287e-08,0.0002
-0.66687,-0.365949,1.45922,-0.666991,-0.365988,1.45953,-0.0439704,0.159251,-0.111783,42.3715,0.0002,5.59514e-13,3.87598e-09,5.59514e-13,0.0002,1.65874e-08,3.87598e-09,1.65874e-08,0.0002
-0.666846,-0.365899,1.45911,-0.667017,-0.365721,1.45902,-0.0440456,0.159301,-0.111887,42.293,0.0002,3.71987e-13,1.7376e-09,3.71987e-13,0.0002,1.9261e-08,1.7376e-09,1.9261e-08,0.0002
-0.666829,-0.365935,1.45921,-0.666913,-0.366006,1.4593,-0.0440285,0.159265,-0.110786,42.3147,0.0002,5.118e-13,3.37174e-09,5.118e-13,0.0002,1.72109e-08,3.37174e-09,1.72109e-08,0.0002
-0.666791,-0.366013,1.45915,-0.666913,-0.366348,1.45919,-0.0440914,0.159187,-0.110853,42.2264,0.0002,3.24405e-13,1.41491e-09,3.24405e-13,0.0002,1.96601e-08,1.41491e-09,1.96601e-08,0.0002
-0.666686,-0.365981,1.45922,-0.666477,-0.365831,1.45953,-0.0439862,0.159219,-0.110777,42.2508,0.0002,3.29864e-13,1.66394e-09,3.29864e-13,0.0002,1.93468e-08,1.66394e-09,1.93468e-08,0.0002
-0.666631,-0.365975,1.4592,-0.666573,-0.365984,1.45941,-0.0440306,0.159225,-0.110803,42.3373,0.0002,1.01456e-13,-5.7365e-11,1.01456e-13,0.0002,1.76449e-08,-5.7365e-11,1.76449e-08,0.0002
-0.66655,-0.365964,1.45939,-0.666428,-0.365791,1.45951,-0.0439501,0.159236,-0.110613,42.3186,0.0002,5.44137e-13,4.10255e-09,5.44137e-13,0.0002,1.76788e-08,4.10255e-09,1.76788e-08,0.0002
-0.666508,-0.365887,1.45935,-0.66661,-0.365601,1.45952,-0.0440081,0.159313,-0.110651,42.1874,0.0002,3.62556e-13,1.88114e-09,3.62556e-13,0.0002,1.99594e-08,1.88114e-09,1.99594e-08,0.0002
-0.666491,-0.365863,1.4593,-0.666574,-0.365698,1.45941,-0.0439907,0.159337,-0.110702,42.3346,0.0002,5.13208e-13,3.46323e-09,5.13208e-13,0.0002,1.7658e-08,3.46323e-09,1.7658e-08,0.0002
-0.666385,-0.365731,1.45929,-0.666175,-0.365182,1.45925,-0.0439853,0.159469,-0.110711,42.3044,0.0002,4.85327e-13,2.97384e-09,4.85327e-13,0.0002,1.80656e-08,2.97384e-09,1.80656e-08,0.0002
-0.666329,-0.365563,1.45925,-0.666313,-0.364865,1.45912,-0.0440286,0.159637,-0.110746,42.3316,0.0002,4.58687e-13,2.66069e-09,4.58687e-13,0.0002,1.83265e-08,2.66069e-09,1.83265e-08,0.0002
-0.666252,-0.365491,1.45929,-0.666158,-0.365178,1.45942,-0.0439521,0.159709,-0.110713,42.2398,0.0002,4.3614e-13,2.46051e-09,4.3614e-13,0.0002,1.84935e-08,2.46051e-09,1.84935e-08,0.0002
-0.66626,-0.365418,1.4592,-0.666454,-0.365163,1.45915,-0.0440595,0.159782,-0.110805,42.278,0.0002,1.84249e-13,4.52104e-10,1.84249e-13,0.0002,1.70986e-08,4.52104e-10,1.70986e-08,0.0002
-0.66621,-0.365339,1.45929,-0.666282,-0.365046,1.45935,-0.0440099,0.159861,-0.110711,42.4602,0.0002,3.4711e-14,-4.54863e-10,3.4711e-14,0.0002,1.95881e-08,-4.54863e-10,1.95881e-08,0.0002
-0.666207,-0.365257,1.45917,-0.666347,-0.364856,1.459,-0.0441068,0.159943,-0.110833,42.3263,0.0002,2.75764e-13,1.96848e-09,2.75764e-13,0.0002,1.74203e-08,1.96848e-09,1.74203e-08,0.0002
-0.666136,-0.365184,1.45917,-0.666065,-0.36487,1.45918,-0.0440363,0.160016,-0.11083,42.2597,0.0002,3.03996e-13,2.01808e-09,3.03996e-13,0.0002,1.79134e-08,2.01808e-09,1.79134e-08,0.0002
-0.666122,-0.365097,1.45931,-0.666172,-0.364737,1.45926,-0.0441223,0.160103,-0.110686,42.2876,0.0002,2.41602e-13,1.67016e-09,2.41602e-13,0.0002,1.48468e-08,1.67016e-09,1.48468e-08,0.0002
-0.666076,-0.365109,1.45927,-0.66616,-0.36518,1.4594,-0.0440758,0.160091,-0.110732,42.254,0.0002,1.13984e-13,3.25032e-10,1.13984e-13,0.0002,1.8147e-08,3.25032e-10,1.8147e-08,0.0002
-0.666009,-0.365116,1.45932,-0.665893,-0.365074,1.45921,-0.0441087,0.160084,-0.111681,42.2403,0.0002,3.2117e-13,2.46694e-09,3.2117e-13,0.0002,1.64982e-08,2.46694e-09,1.64982e-08,0.0002
-0.666009,-0.365013,1.45931,-0.666223,-0.364578,1.45927,-0.0441092,0.160187,-0.11169,42.3531,0.0002,3.40884e-13,2.33607e-09,3.40884e-13,0.0002,1.73234e-08,2.33607e-09,1.73234e-08,0.0002
-0.666047,-0.364916,1.45924,-0.66641,-0.364502,1.45895,-0.0442471,0.160284,-0.111762,42.3542,0.0002,3.52533e-13,2.25238e-09,3.52533e-13,0.0002,1.78515e-08,2.25238e-09,1.78515e-08,0.0002
-0.665947,-0.364889,1.45919,-0.665756,-0.364757,1.45902,-0.0441466,0.160311,-0.111805,42.1748,0.0002,3.59481e-13,2.1993e-09,3.59481e-13,0.0002,1.81894e-08,2.1993e-09,1.81894e-08,0.0002
-0.66591,-0.364876,1.45917,-0.665973,-0.364804,1.45907,-0.0442096,0.160324,-0.11183,42.2175,0.0002,3.63635e-13,2.16563e-09,3.63635e-13,0.0002,1.84057e-08,2.16563e-09,1.84057e-08,0.0002
-0.665858,-0.36478,1.45914,-0.665865,-0.36437,1.45902,-0.0441583,0.16042,-0.11186,42.2797,0.0002,3.66119e-13,2.14424e-09,3.66119e-13,0.0002,1.85441e-08,2.14424e-09,1.85441e-08,0.0002
-0.665819,-0.364757,1.45911,-0.665873,-0.364639,1.45898,-0.044219,0.160443,-0.110891,42.3449,0.0002,3.67615e-13,2.13075e-09,3.67615e-13,0.0002,1.86326e-08,2.13075e-09,1.86326e-08,0.0002
-0.665807,-0.364541,1.45897,-0.665968,-0.363657,1.45839,-0.0442067,0.160659,-0.112035,42.3322,0.0002,3.68529e-13,2.12233e-09,3.68529e-13,0.0002,1.86892e-08,2.12233e-09,1.86892e-08,0.0002
-0.665803,-0.364429,1.45887,-0.66595,-0.364016,1.45878,-0.0443025,0.160771,-0.112135,42.3582,0.0002,1.35762e-13,2.37361e-10,1.35762e-13,0.0002,1.72243e-08,2.37361e-10,1.72243e-08,0.0002
-0.665912,-0.364607,1.45845,-0.666607,-0.365237,1.45646,-0.0444117,0.160593,-0.112553,41.1145,0.0002,4.27312e-13,2.79268e-09,4.27312e-13,0.0002,1.92889e-08,2.79268e-09,1.92889e-08,0.0002
-0.666103,-0.364707,1.4579,-0.666974,-0.365094,1.45634,-0.0447031,0.160493,-0.113102,41.2129,0.0002,3.25002e-13,2.16942e-09,3.25002e-13,0.0002,1.57268e-08,2.16942e-09,1.57268e-08,0.0002
-0.666182,-0.364994,1.4578,-0.666815,-0.366107,1.45678,-0.0447821,0.160206,-0.113199,41.1291,0.0002,4.3532e-13,2.53708e-09,4.3532e-13,0.0002,2.02105e-08,2.53708e-09,2.02105e-08,0.0002
-0.666258,-0.365168,1.45757,-0.666771,-0.365836,1.45666,-0.0449576,0.160032,-0.113427,41.2528,0.0002,4.23634e-13,2.39123e-09,4.23634e-13,0.0002,1.96981e-08,2.39123e-09,1.96981e-08,0.0002
-0.666357,-0.365257,1.45728,-0.666907,-0.365541,1.45641,-0.045057,0.159943,-0.113723,41.2366,0.0002,5.56284e-13,3.79836e-09,5.56284e-13,0.0002,1.74867e-08,3.79836e-09,1.74867e-08,0.0002
-0.666375,-0.365207,1.45717,-0.666613,-0.365046,1.45642,-0.0451752,0.159993,-0.113832,41.2322,0.0002,2.8582e-13,1.31807e-09,2.8582e-13,0.0002,1.64564e-08,1.31807e-09,1.64564e-08,0.0002
-0.666393,-0.365106,1.45697,-0.666677,-0.364674,1.45619,-0.0451933,0.160094,-0.114027,41.1412,0.0002,2.96853e-13,1.61534e-09,2.96853e-13,0.0002,1.7295e-08,1.61534e-09,1.7295e-08,0.0002
-0.666376,-0.365052,1.45685,-0.666516,-0.364814,1.45637,-0.0452756,0.160148,-0.114147,41.1176,0.0002,3.12031e-13,1.80691e-09,3.12031e-13,0.0002,1.78315e-08,1.80691e-09,1.78315e-08,0.0002
-0.666425,-0.364998,1.45658,-0.666727,-0.364772,1.45611,-0.0453247,0.160202,-0.114422,41.1548,0.0002,2.46482e-13,1.54392e-09,2.46482e-13,0.0002,1.47934e-08,1.54392e-09,1.47934e-08,0.0002
-0.66641,-0.365025,1.45659,-0.666561,-0.365108,1.45666,-0.0454098,0.160175,-0.114405,41.1493,0.0002,2.72533e-13,1.76388e-09,2.72533e-13,0.0002,1.62302e-08,1.76388e-09,1.62302e-08,0.0002
-0.666451,-0.364986,1.45637,-0.666887,-0.364851,1.4558,-0.0454512,0.160214,-0.114627,41.1054,0.0002,1.33842e-13,4.08527e-10,1.33842e-13,0.0002,1.90344e-08,4.08527e-10,1.90344e-08,0.0002
-0.666388,-0.365108,1.45644,-0.666344,-0.36557,1.45668,-0.0454875,0.160092,-0.114565,41.9546,0.0002,1.89897e-13,1.03861e-09,1.89897e-13,0.0002,1.89443e-08,1.03861e-09,1.89443e-08,0.0002
-0.666283,-0.365305,1.45651,-0.666076,-0.366071,1.45683,-0.0453831,0.159895,-0.113485,41.819,0.0002,2.3723e-13,1.44145e-09,2.3723e-13,0.0002,1.88867e-08,1.44145e-09,1.88867e-08,0.0002
-0.666237,-0.365502,1.45662,-0.666264,-0.366266,1.45705,-0.045437,0.159698,-0.113379,41.794,0.0002,2.74846e-13,1.69872e-09,2.74846e-13,0.0002,1.88498e-08,1.69872e-09,1.88498e-08,0.0002
-0.666174,-0.365546,1.45669,-0.666132,-0.365697,1.45696,-0.0453737,0.159654,-0.113311,41.887,0.0002,3.03563e-13,1.86266e-09,3.03563e-13,0.0002,1.88264e-08,1.86266e-09,1.88264e-08,0.0002
-0.666116,-0.365661,1.45667,-0.66604,-0.366052,1.45693,-0.0454164,0.159539,-0.113326,41.9183,0.0002,4.66897e-13,3.46438e-09,4.66897e-13,0.0002,1.69268e-08,3.46438e-09,1.69268e-08,0.0002
-0.666058,-0.365782,1.45674,-0.666034,-0.366239,1.45702,-0.0453576,0.159418,-0.113256,41.8471,0.0002,4.56692e-13,2.99233e-09,4.56692e-13,0.0002,1.75957e-08,2.99233e-09,1.75957e-08,0.0002
-0.665941,-0.365852,1.4568,-0.665686,-0.366111,1.45704,-0.0453409,0.159348,-0.113197,41.7216,0.0002,4.41942e-13,2.68974e-09,4.41942e-13,0.0002,1.80238e-08,2.68974e-09,1.80238e-08,0.0002
-0.665851,-0.365876,1.45686,-0.665703,-0.365948,1.4571,-0.045251,0.159324,-0.113137,41.7867,0.0002,4.27389e-13,2.49568e-09,4.27389e-13,0.0002,1.82978e-08,2.49568e-09,1.82978e-08,0.0002
-0.665798,-0.365881,1.45697,-0.665736,-0.365829,1.4571,-0.0452976,0.159319,-0.113026,41.9035,0.0002,5.48487e-13,3.86789e-09,5.48487e-13,0.0002,1.65893e-08,3.86789e-09,1.65893e-08,0.0002
-0.665724,-0.365871,1.45691,-0.6657,-0.365851,1.45698,-0.045224,0.159329,-0.113087,41.8659,0.0002,3.67165e-13,1.75181e-09,3.67165e-13,0.0002,1.92639e-08,1.75181e-09,1.92639e-08,0.0002
-0.665709,-0.365876,1.45702,-0.665801,-0.365825,1.45714,-0.0453089,0.159324,-0.112979,41.8794,0.0002,5.09992e-13,3.39158e-09,5.09992e-13,0.0002,1.72077e-08,3.39158e-09,1.72077e-08,0.0002
-0.665597,-0.365835,1.45702,-0.665374,-0.365755,1.45702,-0.0451973,0.159365,-0.112979,41.7733,0.0002,8.74331e-14,-4.38006e-10,8.74331e-14,0.0002,1.81621e-08,-4.38006e-10,1.81621e-08,0.0002
-0.665482,-0.365842,1.45698,-0.66528,-0.365789,1.45714,-0.0451822,0.159358,-0.113018,41.6982,0.0002,3.91582e-13,2.37699e-09,3.91582e-13,0.0002,1.98838e-08,2.37699e-09,1.98838e-08,0.0002
-0.665449,-0.365823,1.45709,-0.665481,-0.365778,1.45722,-0.045149,0.159377,-0.112908,41.8798,0.0002,1.47769e-13,4.09951e-10,1.47769e-13,0.0002,1.79909e-08,4.09951e-10,1.79909e-08,0.0002
-0.665443,-0.36586,1.45704,-0.665514,-0.365892,1.45681,-0.0452433,0.15934,-0.112964,41.7973,0.0002,4.54693e-13,4.02993e-09,4.54693e-13,0.0002,1.45094e-08,4.02993e-09,1.45094e-08,0.0002
-0.665372,-0.365907,1.45717,-0.665358,-0.366117,1.45738,-0.0451722,0.159293,-0.113831,41.8116,0.0002,3.22032e-13,1.85362e-09,3.22032e-13,0.0002,1.79326e-08,1.85362e-09,1.79326e-08,0.0002
-0.665362,-0.36583,1.45709,-0.665475,-0.365449,1.4571,-0.0452624,0.15937,-0.113908,41.8159,0.0002,4.70712e-13,3.45625e-09,4.70712e-13,0.0002,1.63559e-08,3.45625e-09,1.63559e-08,0.0002
-0.66528,-0.36584,1.45711,-0.665161,-0.365856,1.45719,-0.0451798,0.15936,-0.11389,41.697,0.0002,4.57811e-13,2.9843e-09,4.57811e-13,0.0002,1.72306e-08,2.9843e-09,1.72306e-08,0.0002
-0.665221,-0.365811,1.45711,-0.665197,-0.365674,1.45711,-0.045121,0.159389,-0.113889,41.8134,0.0002,4.41588e-13,2.68212e-09,4.41588e-13,0.0002,1.77904e-08,2.68212e-09,1.77904e-08,0.0002
-0.665169,-0.365866,1.45723,-0.665127,-0.366118,1.4574,-0.0451692,0.159334,-0.113768,41.7296,0.0002,1.95985e-13,6.04552e-10,1.95985e-13,0.0002,1.6651e-08,6.04552e-10,1.6651e-08,0.0002
-0.665116,-0.365886,1.45722,-0.665116,-0.365945,1.45717,-0.0452163,0.159314,-0.113781,41.7006,0.0002,2.25626e-13,1.15826e-09,2.25626e-13,0.0002,1.74196e-08,1.15826e-09,1.74196e-08,0.0002
-0.665111,-0.365809,1.45721,-0.665301,-0.365475,1.4572,-0.045211,0.159391,-0.113786,41.7216,0.0002,2.57647e-13,1.51272e-09,2.57647e-13,0.0002,1.79114e-08,1.51272e-09,1.79114e-08,0.0002
-0.665099,-0.365825,1.45721,-0.665261,-0.365865,1.45717,-0.0452987,0.159375,-0.113795,41.7536,0.0002,2.86264e-13,1.73961e-09,2.86264e-13,0.0002,1.82262e-08,1.73961e-09,1.82262e-08,0.0002
-0.665055,-0.365737,1.45709,-0.665032,-0.365316,1.45696,-0.0452549,0.159463,-0.113907,41.6974,0.0002,4.49051e-13,3.38311e-09,4.49051e-13,0.0002,1.65439e-08,3.38311e-09,1.65439e-08,0.0002
-0.66504,-0.365672,1.45702,-0.66519,-0.365388,1.45673,-0.0453396,0.159528,-0.113979,41.797,0.0002,4.42767e-13,2.93748e-09,4.42767e-13,0.0002,1.73509e-08,2.93748e-09,1.73509e-08,0.0002
-0.664986,-0.365621,1.45697,-0.664985,-0.365392,1.45679,-0.0452864,0.159579,-0.114026,41.7474,0.0002,4.31322e-13,2.65277e-09,4.31322e-13,0.0002,1.78674e-08,2.65277e-09,1.78674e-08,0.0002
-0.664956,-0.365502,1.45691,-0.664997,-0.365059,1.45695,-0.0452556,0.159698,-0.114095,41.7735,0.0002,1.88742e-13,5.87323e-10,1.88742e-13,0.0002,1.67005e-08,5.87323e-10,1.67005e-08,0.0002
-0.664905,-0.365483,1.45697,-0.664913,-0.365382,1.45722,-0.0453049,0.159717,-0.114033,41.7231,0.0002,2.21044e-13,1.14945e-09,2.21044e-13,0.0002,1.7451e-08,1.14945e-09,1.7451e-08,0.0002
-0.664875,-0.365517,1.45706,-0.664969,-0.36563,1.45742,-0.0452754,0.159683,-0.113943,41.7318,0.0002,2.54825e-13,1.50878e-09,2.54825e-13,0.0002,1.79314e-08,1.50878e-09,1.79314e-08,0.0002
-0.664798,-0.365363,1.45704,-0.6647,-0.364724,1.45698,-0.045298,0.159837,-0.112959,41.7385,0.0002,2.84558e-13,1.73815e-09,2.84558e-13,0.0002,1.82389e-08,1.73815e-09,1.82389e-08,0.0002
-0.664696,-0.36539,1.45705,-0.664497,-0.365473,1.4571,-0.0451955,0.15981,-0.112947,41.5392,0.0002,3.08733e-13,1.88506e-09,3.08733e-13,0.0002,1.84357e-08,1.88506e-09,1.84357e-08,0.0002
-0.664626,-0.365357,1.45704,-0.664558,-0.365201,1.457,-0.0452259,0.159843,-0.112958,41.7919,0.0002,3.27444e-13,1.97899e-09,3.27444e-13,0.0002,1.85616e-08,1.97899e-09,1.85616e-08,0.0002
-0.664599,-0.365395,1.45701,-0.664642,-0.365475,1.45718,-0.0451986,0.159805,-0.112994,41.6838,0.0002,4.81014e-13,3.53711e-09,4.81014e-13,0.0002,1.67582e-08,3.53711e-09,1.67582e-08,0.0002
-0.66456,-0.365436,1.45698,-0.664615,-0.365576,1.4569,-0.0452596,0.159764,-0.113016,41.5593,0.0002,4.66666e-13,3.03663e-09,4.66666e-13,0.0002,1.7488e-08,3.03663e-09,1.7488e-08,0.0002
-0.664498,-0.365401,1.45706,-0.664404,-0.365193,1.45703,-0.0451979,0.159799,-0.113942,41.7008,0.0002,5.73122e-13,4.21351e-09,5.73122e-13,0.0002,1.60713e-08,4.21351e-09,1.60713e-08,0.0002
-0.664454,-0.365308,1.45701,-0.664492,-0.364909,1.45682,-0.0452544,0.159892,-0.113989,41.7549,0.0002,5.38237e-13,3.46917e-09,5.38237e-13,0.0002,1.70484e-08,3.46917e-09,1.70484e-08,0.0002
-0.664362,-0.365235,1.45711,-0.664158,-0.36498,1.4572,-0.0451622,0.159965,-0.113888,41.6035,0.0002,2.72916e-13,1.10879e-09,2.72916e-13,0.0002,1.61762e-08,1.10879e-09,1.61762e-08,0.0002
-0.664348,-0.365152,1.45709,-0.664504,-0.364793,1.45698,-0.0452483,0.160048,-0.113914,41.8256,0.0002,2.83707e-13,1.48178e-09,2.83707e-13,0.0002,1.71156e-08,1.48178e-09,1.71156e-08,0.0002
-0.664356,-0.365076,1.45691,-0.664538,-0.364703,1.45653,-0.0452558,0.160024,-0.114088,41.7004,0.0002,4.34846e-13,3.21868e-09,4.34846e-13,0.0002,1.58328e-08,3.21868e-09,1.58328e-08,0.0002
-0.664295,-0.365058,1.45696,-0.664322,-0.365009,1.45685,-0.0452949,0.160142,-0.114037,41.5685,0.0002,2.79815e-13,1.33549e-09,2.79815e-13,0.0002,1.87797e-08,1.33549e-09,1.87797e-08,0.0002
-0.664268,-0.36504,1.45685,-0.664311,-0.364895,1.45669,-0.0452676,0.16016,-0.114155,41.6236,0.0002,4.45431e-13,3.12566e-09,4.45431e-13,0.0002,1.68976e-08,3.12566e-09,1.68976e-08,0.0002
-0.664185,-0.3651,1.45699,-0.664065,-0.365316,1.45758,-0.0452848,0.1601,-0.114008,41.5736,0.0002,4.36089e-13,2.77438e-09,4.36089e-13,0.0002,1.75771e-08,2.77438e-09,1.75771e-08,0.0002
-0.664161,-0.365088,1.45695,-0.664277,-0.365015,1.45679,-0.0452611,0.160112,-0.114049,41.5848,0.0002,4.243e-13,2.54858e-09,4.243e-13,0.0002,1.80121e-08,2.54858e-09,1.80121e-08,0.0002
-0.664135,-0.365134,1.45698,-0.664244,-0.365295,1.45708,-0.0453353,0.160066,-0.114023,41.5963,0.0002,4.1325e-13,2.40433e-09,4.1325e-13,0.0002,1.82905e-08,2.40433e-09,1.82905e-08,0.0002
-0.664039,-0.365098,1.45705,-0.663864,-0.364928,1.45734,-0.0452388,0.160102,-0.11395,41.677,0.0002,4.03952e-13,2.31184e-09,4.03952e-13,0.0002,1.84686e-08,2.31184e-09,1.84686e-08,0.0002
-0.664006,-0.365008,1.45702,-0.664085,-0.364625,1.45691,-0.0453057,0.160192,-0.113977,41.7068,0.0002,3.96549e-13,2.25216e-09,3.96549e-13,0.0002,1.85827e-08,2.25216e-09,1.85827e-08,0.0002
-0.663981,-0.364942,1.45706,-0.663928,-0.36462,1.4569,-0.0452808,0.160258,-0.113939,41.5125,0.0002,4.12067e-13,3.32515e-09,4.12067e-13,0.0002,1.33906e-08,3.32515e-09,1.33906e-08,0.0002
-0.663933,-0.364872,1.45702,-0.663952,-0.364568,1.45688,-0.0453327,0.160328,-0.113976,41.5549,0.0002,4.13103e-13,2.9006e-09,4.13103e-13,0.0002,1.53328e-08,2.9006e-09,1.53328e-08,0.0002
-0.663859,-0.364905,1.45706,-0.663778,-0.365013,1.45719,-0.0452595,0.160295,-0.113943,41.5128,0.0002,4.08062e-13,2.62914e-09,4.08062e-13,0.0002,1.65758e-08,2.62914e-09,1.65758e-08,0.0002
-0.663804,-0.364804,1.45707,-0.663796,-0.364376,1.45713,-0.0453045,0.160396,-0.113928,41.6767,0.0002,4.01593e-13,2.45518e-09,4.01593e-13,0.0002,1.73713e-08,2.45518e-09,1.73713e-08,0.0002
-0.663833,-0.364788,1.45703,-0.664102,-0.364654,1.45717,-0.0453334,0.160412,-0.113972,41.6316,0.0002,5.23832e-13,3.84173e-09,5.23832e-13,0.0002,1.59964e-08,3.84173e-09,1.59964e-08,0.0002
-0.663751,-0.36472,1.45698,-0.663633,-0.364423,1.4568,-0.0453511,0.16048,-0.114018,41.6484,0.0002,4.99118e-13,3.23144e-09,4.99118e-13,0.0002,1.70005e-08,3.23144e-09,1.70005e-08,0.0002
-0.663664,-0.364594,1.45696,-0.663525,-0.364064,1.45686,-0.0452637,0.160606,-0.114042,41.5736,0.0002,4.72597e-13,2.84116e-09,4.72597e-13,0.0002,1.76431e-08,2.84116e-09,1.76431e-08,0.0002
-0.663641,-0.364622,1.45694,-0.663762,-0.36471,1.45686,-0.045341,0.160578,-0.114063,41.5405,0.0002,4.49106e-13,2.59154e-09,4.49106e-13,0.0002,1.80543e-08,2.59154e-09,1.80543e-08,0.0002
-0.663639,-0.364555,1.45702,-0.663797,-0.364321,1.45704,-0.0453393,0.160645,-0.113978,41.668,0.0002,1.98138e-13,5.47496e-10,1.98138e-13,0.0002,1.682e-08,5.47496e-10,1.682e-08,0.0002
-0.663589,-0.364592,1.45704,-0.663597,-0.364715,1.45713,-0.0453885,0.160608,-0.113956,41.5125,0.0002,2.26532e-13,1.12317e-09,2.26532e-13,0.0002,1.75276e-08,1.12317e-09,1.75276e-08,0.0002
-0.663568,-0.364606,1.45707,-0.6637,-0.364638,1.45719,-0.0453685,0.160594,-0.113927,41.6628,0.0002,2.5797e-13,1.49145e-09,2.5797e-13,0.0002,1.79805e-08,1.49145e-09,1.79805e-08,0.0002
-0.663592,-0.364494,1.45703,-0.663898,-0.364023,1.45686,-0.0454922,0.160706,-0.113969,42.6605,0.0002,2.86345e-13,1.72695e-09,2.86345e-13,0.0002,1.82703e-08,1.72695e-09,1.82703e-08,0.0002
-0.663585,-0.364456,1.45702,-0.663769,-0.364281,1.45698,-0.0454853,0.160744,-0.11398,42.4771,0.0002,3.09746e-13,1.87795e-09,3.09746e-13,0.0002,1.84558e-08,1.87795e-09,1.84558e-08,0.0002
-0.663574,-0.364506,1.45704,-0.663738,-0.36468,1.45712,-0.0455736,0.160694,-0.11396,42.4882,0.0002,3.2803e-13,1.97467e-09,3.2803e-13,0.0002,1.85745e-08,1.97467e-09,1.85745e-08,0.0002
-0.663551,-0.364482,1.45701,-0.663614,-0.364315,1.4572,-0.0455512,0.160718,-0.113991,42.5516,0.0002,4.81452e-13,3.53436e-09,4.81452e-13,0.0002,1.67664e-08,3.53436e-09,1.67664e-08,0.0002
-0.663539,-0.364496,1.457,-0.663702,-0.36453,1.45698,-0.045639,0.160704,-0.113997,42.5874,0.0002,4.66901e-13,3.03485e-09,4.66901e-13,0.0002,1.74933e-08,3.03485e-09,1.74933e-08,0.0002
-0.663558,-0.364534,1.45713,-0.663741,-0.364672,1.45703,-0.0456583,0.160666,-0.113865,42.5451,0.0002,3.51653e-13,2.32821e-09,3.51653e-13,0.0002,1.45771e-08,2.32821e-09,1.45771e-08,0.0002
-0.663478,-0.364449,1.45703,-0.663427,-0.364134,1.45692,-0.045678,0.160751,-0.113971,42.6133,0.0002,2.06703e-13,7.65031e-10,2.06703e-13,0.0002,1.7976e-08,7.65031e-10,1.7976e-08,0.0002
-0.663463,-0.364465,1.45697,-0.663509,-0.364516,1.45674,-0.0456631,0.160735,-0.114029,42.417,0.0002,1.73857e-13,8.75979e-10,1.73857e-13,0.0002,1.4886e-08,8.75979e-10,1.4886e-08,0.0002
-0.663403,-0.364453,1.45695,-0.663435,-0.364427,1.45719,-0.0457034,0.160747,-0.114048,42.5748,0.0002,5.01026e-14,-1.62984e-10,5.01026e-14,0.0002,1.81738e-08,-1.62984e-10,1.81738e-08,0.0002
-0.663431,-0.36443,1.45697,-0.663752,-0.364315,1.45703,-0.0457309,0.16077,-0.114032,42.5053,0.0002,1.22291e-13,6.68933e-10,1.22291e-13,0.0002,1.8394e-08,6.68933e-10,1.8394e-08,0.0002
-0.663436,-0.364356,1.45699,-0.663609,-0.363987,1.45677,-0.045736,0.160844,-0.114009,42.5352,0.0002,3.33739e-13,2.69826e-09,3.33739e-13,0.0002,1.66511e-08,2.69826e-09,1.66511e-08,0.0002
-0.66347,-0.364362,1.45688,-0.663758,-0.364313,1.45677,-0.0458699,0.160838,-0.114117,42.4236,0.0002,4.77388e-13,3.9977e-09,4.77388e-13,0.0002,1.55353e-08,3.9977e-09,1.55353e-08,0.0002
-0.663379,-0.364455,1.45699,-0.663225,-0.364806,1.45742,-0.0457787,0.160745,-0.114009,42.0321,0.0002,4.72098e-13,3.33223e-09,4.72098e-13,0.0002,1.67053e-08,3.33223e-09,1.67053e-08,0.0002
-0.663301,-0.364264,1.45695,-0.663201,-0.363474,1.45676,-0.0458008,0.160936,-0.114055,42.1128,0.0002,4.56828e-13,2.9056e-09,4.56828e-13,0.0002,1.74541e-08,2.9056e-09,1.74541e-08,0.0002
-0.663269,-0.364182,1.4569,-0.663304,-0.363889,1.45703,-0.0457686,0.161018,-0.114101,42.5118,0.0002,2.10902e-13,7.4929e-10,2.10902e-13,0.0002,1.64361e-08,7.4929e-10,1.64361e-08,0.0002
-0.663253,-0.364117,1.45695,-0.663355,-0.363895,1.45681,-0.0458529,0.161083,-0.114055,42.0578,0.0002,3.01703e-14,-6.31343e-10,3.01703e-14,0.0002,1.57844e-08,-6.31343e-10,1.57844e-08,0.0002
-0.663196,-0.364001,1.45692,-0.663181,-0.363512,1.4568,-0.0457962,0.161199,-0.114083,42.5378,0.0002,9.20624e-14,3.69227e-10,9.20624e-14,0.0002,1.68647e-08,3.69227e-10,1.68647e-08,0.0002
-0.6631,-0.364003,1.45687,-0.662866,-0.363941,1.45701,-0.0457997,0.161197,-0.114127,41.954,0.0002,2.9688e-13,2.50748e-09,2.9688e-13,0.0002,1.56719e-08,2.50748e-09,1.56719e-08,0.0002
-0.663022,-0.364036,1.45698,-0.662982,-0.364188,1.45708,-0.0457222,0.161164,-0.114021,42.127,0.0002,1.72191e-13,8.80655e-10,1.72191e-13,0.0002,1.86767e-08,8.80655e-10,1.86767e-08,0.0002
-0.662948,-0.364032,1.45696,-0.662806,-0.363949,1.45718,-0.0457485,0.161168,-0.114045,42.0099,0.0002,3.70662e-13,2.83449e-09,3.70662e-13,0.0002,1.68317e-08,2.83449e-09,1.68317e-08,0.0002
-0.662896,-0.363932,1.45702,-0.662849,-0.363565,1.45695,-0.0456956,0.161268,-0.113981,42.0854,0.0002,1.5853e-13,7.02886e-10,1.5853e-13,0.0002,1.60376e-08,7.02886e-10,1.60376e-08,0.0002
-0.662922,-0.363853,1.45691,-0.663182,-0.363464,1.45679,-0.0457223,0.161347,-0.114091,42.087,0.0002,3.35737e-13,2.72052e-09,3.35737e-13,0.0002,1.51427e-08,2.72052e-09,1.51427e-08,0.0002
-0.662885,-0.363864,1.45695,-0.662946,-0.363886,1.45713,-0.0457848,0.161336,-0.114047,42.0491,0.0002,3.54576e-13,2.51466e-09,3.54576e-13,0.0002,1.6454e-08,2.51466e-09,1.6454e-08,0.0002
-0.662816,-0.363776,1.45699,-0.662707,-0.363457,1.45683,-0.0457164,0.161424,-0.114008,42.0974,0.0002,1.46169e-13,4.98211e-10,1.46169e-13,0.0002,1.57958e-08,4.98211e-10,1.57958e-08,0.0002
-0.662744,-0.36376,1.45698,-0.662667,-0.363673,1.45694,-0.0457443,0.16144,-0.114018,42.04,0.0002,1.89255e-13,1.09182e-09,1.89255e-13,0.0002,1.68721e-08,1.09182e-09,1.68721e-08,0.0002
-0.662716,-0.36381,1.457,-0.662816,-0.363986,1.45707,-0.0457164,0.16139,-0.114001,42.0297,0.0002,2.31791e-13,1.4718e-09,2.31791e-13,0.0002,1.75609e-08,1.4718e-09,1.75609e-08,0.0002
-0.662689,-0.363712,1.45693,-0.662789,-0.363295,1.45665,-0.0457887,0.161488,-0.11407,42.0782,0.0002,2.68228e-13,1.71488e-09,2.68228e-13,0.0002,1.80017e-08,1.71488e-09,1.80017e-08,0.0002
-0.662741,-0.363678,1.4569,-0.663042,-0.363424,1.45679,-0.0458406,0.161522,-0.114099,42.0042,0.0002,5.36372e-13,4.86557e-09,5.36372e-13,0.0002,1.45158e-08,4.86557e-09,1.45158e-08,0.0002
-0.662701,-0.363703,1.4568,-0.662705,-0.36384,1.45671,-0.0459005,0.161497,-0.114201,41.908,0.0002,3.08685e-13,2.0039e-09,3.08685e-13,0.0002,1.45556e-08,2.0039e-09,1.45556e-08,0.0002
-0.662573,-0.363798,1.45699,-0.66232,-0.364091,1.45745,-0.0457728,0.161402,-0.114008,41.9356,0.0002,5.58695e-13,3.94033e-09,5.58695e-13,0.0002,1.75755e-08,3.94033e-09,1.75755e-08,0.0002
-0.662565,-0.363803,1.45704,-0.662651,-0.363918,1.45722,-0.0457649,0.161397,-0.113962,42.0102,0.0002,8.93356e-14,-4.73079e-10,8.93356e-14,0.0002,1.50162e-08,-4.73079e-10,1.50162e-08,0.0002
-0.6625,-0.36384,1.45702,-0.662394,-0.363915,1.45726,-0.0458001,0.16136,-0.113981,41.9187,0.0002,2.67015e-13,1.96781e-09,2.67015e-13,0.0002,1.44891e-08,1.96781e-09,1.44891e-08,0.0002
-0.662477,-0.363729,1.45699,-0.662595,-0.363262,1.45689,-0.0457769,0.161471,-0.114006,42.0293,0.0002,2.93509e-13,2.03218e-09,2.93509e-13,0.0002,1.60358e-08,2.03218e-09,1.60358e-08,0.0002
-0.662464,-0.363651,1.45698,-0.662626,-0.363317,1.45692,-0.0458644,0.161549,-0.11402,42.0694,0.0002,3.15245e-13,2.07355e-09,3.15245e-13,0.0002,1.70257e-08,2.07355e-09,1.70257e-08,0.0002
-0.662389,-0.363616,1.457,-0.6623,-0.36345,1.45708,-0.0457892,0.161584,-0.114001,41.8997,0.0002,3.32165e-13,2.10013e-09,3.32165e-13,0.0002,1.76592e-08,2.10013e-09,1.76592e-08,0.0002
-0.662335,-0.363581,1.457,-0.662214,-0.363323,1.45699,-0.0458354,0.161619,-0.114003,41.9657,0.0002,5.73523e-13,5.11192e-09,5.73523e-13,0.0002,1.42968e-08,5.11192e-09,1.42968e-08,0.0002
-0.662284,-0.36357,1.45696,-0.66229,-0.363501,1.4568,-0.045784,0.16163,-0.114042,41.8632,0.0002,5.55548e-13,4.04456e-09,5.55548e-13,0.0002,1.59127e-08,4.04456e-09,1.59127e-08,0.0002
-0.662235,-0.363573,1.45703,-0.662204,-0.363622,1.45699,-0.045735,0.161627,-0.113972,41.9013,0.0002,2.9938e-13,1.47732e-09,2.9938e-13,0.0002,1.54494e-08,1.47732e-09,1.54494e-08,0.0002
-0.662235,-0.363511,1.45687,-0.662402,-0.363295,1.45655,-0.0458354,0.161689,-0.114131,41.9997,0.0002,1.02135e-13,-1.65246e-10,1.02135e-13,0.0002,1.5153e-08,-1.65246e-10,1.5153e-08,0.0002
-0.662227,-0.363389,1.45673,-0.662346,-0.362832,1.45649,-0.0458271,0.161811,-0.11327,41.9919,0.0002,2.80537e-13,2.16564e-09,2.80537e-13,0.0002,1.45763e-08,2.16564e-09,1.45763e-08,0.0002
-0.662108,-0.363413,1.45684,-0.661845,-0.363482,1.45729,-0.0458084,0.161787,-0.113158,41.6377,0.0002,3.06704e-13,2.16075e-09,3.06704e-13,0.0002,1.60914e-08,2.16075e-09,1.60914e-08,0.0002
-0.662057,-0.363359,1.4569,-0.662017,-0.36318,1.4568,-0.0457572,0.161841,-0.113102,41.9265,0.0002,1.1284e-13,2.72292e-10,1.1284e-13,0.0002,1.55639e-08,2.72292e-10,1.55639e-08,0.0002
-0.66196,-0.363334,1.45692,-0.661784,-0.363208,1.45703,-0.0457604,0.161866,-0.113076,41.485,0.0002,1.62683e-13,9.4787e-10,1.62683e-13,0.0002,1.67235e-08,9.4787e-10,1.67235e-08,0.0002
-0.661931,-0.363403,1.45702,-0.661967,-0.363609,1.45706,-0.0457313,0.161797,-0.113985,41.5133,0.0002,3.47583e-13,2.877e-09,3.47583e-13,0.0002,1.55819e-08,2.877e-09,1.55819e-08,0.0002
-0.661875,-0.363443,1.45707,-0.661861,-0.36358,1.45731,-0.0457749,0.161757,-0.113925,41.5307,0.0002,3.66092e-13,2.61409e-09,3.66092e-13,0.0002,1.67352e-08,2.61409e-09,1.67352e-08,0.0002
-0.661857,-0.363426,1.45707,-0.661995,-0.363334,1.45703,-0.0457568,0.161774,-0.113934,41.9513,0.0002,3.74722e-13,2.44543e-09,3.74722e-13,0.0002,1.74733e-08,2.44543e-09,1.74733e-08,0.0002
-0.661817,-0.363405,1.45703,-0.66181,-0.363247,1.45719,-0.0458169,0.161795,-0.113972,41.5371,0.0002,5.0737e-13,3.83552e-09,5.0737e-13,0.0002,1.60617e-08,3.83552e-09,1.60617e-08,0.0002
-0.661726,-0.363394,1.45714,-0.661529,-0.363386,1.45725,-0.0457263,0.161806,-0.113864,41.4175,0.0002,2.64599e-13,1.34316e-09,2.64599e-13,0.0002,1.55447e-08,1.34316e-09,1.55447e-08,0.0002
-0.661679,-0.36338,1.45711,-0.661596,-0.363313,1.457,-0.0457791,0.16182,-0.113892,41.4899,0.0002,2.11496e-13,1.24562e-09,2.11496e-13,0.0002,1.333e-08,1.24562e-09,1.333e-08,0.0002
-0.661621,-0.363422,1.45709,-0.661597,-0.363565,1.45704,-0.0457205,0.161778,-0.113906,41.3998,0.0002,2.39739e-13,1.56939e-09,2.39739e-13,0.0002,1.52941e-08,1.56939e-09,1.52941e-08,0.0002
-0.66159,-0.36342,1.45711,-0.661678,-0.363386,1.45717,-0.0457897,0.16178,-0.113891,41.3827,0.0002,2.69602e-13,1.77669e-09,2.69602e-13,0.0002,1.6551e-08,1.77669e-09,1.6551e-08,0.0002
-0.661551,-0.363386,1.45714,-0.661605,-0.363228,1.45727,-0.0457505,0.161814,-0.11386,41.4822,0.0002,2.95902e-13,1.90926e-09,2.95902e-13,0.0002,1.73555e-08,1.90926e-09,1.73555e-08,0.0002
-0.6615,-0.363402,1.45708,-0.661449,-0.363392,1.45715,-0.0457998,0.161798,-0.112922,41.3872,0.0002,4.49693e-13,3.49201e-09,4.49693e-13,0.0002,1.59865e-08,3.49201e-09,1.59865e-08,0.0002
-0.661458,-0.363338,1.45721,-0.661457,-0.363121,1.45743,-0.0457584,0.161862,-0.112789,41.5689,0.0002,2.23373e-13,1.12305e-09,2.23373e-13,0.0002,1.54965e-08,1.12305e-09,1.54965e-08,0.0002
-0.66139,-0.363383,1.45716,-0.661269,-0.363489,1.45726,-0.0457899,0.161817,-0.112843,41.361,0.0002,3.77464e-13,2.98849e-09,3.77464e-13,0.0002,1.47969e-08,2.98849e-09,1.47969e-08,0.0002
-0.661358,-0.36344,1.45723,-0.661443,-0.363643,1.45754,-0.0457583,0.16176,-0.112767,41.4816,0.0002,3.86046e-13,2.68449e-09,3.86046e-13,0.0002,1.62329e-08,2.68449e-09,1.62329e-08,0.0002
-0.661308,-0.36346,1.45729,-0.661317,-0.363518,1.4575,-0.0458078,0.16174,-0.112713,41.4796,0.0002,3.87832e-13,2.48942e-09,3.87832e-13,0.0002,1.7152e-08,2.48942e-09,1.7152e-08,0.0002
-0.661196,-0.363393,1.45726,-0.660915,-0.36316,1.45749,-0.0456964,0.161807,-0.112737,41.4423,0.0002,1.62861e-13,4.81132e-10,1.62861e-13,0.0002,1.62423e-08,4.81132e-10,1.62423e-08,0.0002
-0.661067,-0.363354,1.45734,-0.660809,-0.363116,1.45733,-0.0456673,0.161846,-0.112659,41.3877,0.0002,4.41858e-13,2.96193e-09,4.41858e-13,0.0002,1.86562e-08,2.96193e-09,1.86562e-08,0.0002
-0.661021,-0.363319,1.45729,-0.660884,-0.36312,1.45741,-0.0456213,0.161881,-0.11271,41.4544,0.0002,4.39233e-13,3.77916e-09,4.39233e-13,0.0002,1.34379e-08,3.77916e-09,1.34379e-08,0.0002
-0.660948,-0.363302,1.45735,-0.660878,-0.363316,1.45757,-0.0455479,0.161898,-0.112654,41.478,0.0002,9.87693e-14,-1.91874e-10,9.87693e-14,0.0002,1.57487e-08,-1.91874e-10,1.57487e-08,0.0002
-0.660911,-0.363345,1.45745,-0.660914,-0.363443,1.45753,-0.0456107,0.161855,-0.112554,41.3828,0.0002,2.83503e-13,2.1455e-09,2.83503e-13,0.0002,1.4959e-08,2.1455e-09,1.4959e-08,0.0002
-0.660887,-0.363282,1.45742,-0.661004,-0.36301,1.45734,-0.045587,0.161918,-0.112575,41.4678,0.0002,3.08494e-13,2.14302e-09,3.08494e-13,0.0002,1.63369e-08,2.14302e-09,1.63369e-08,0.0002
-0.660831,-0.363442,1.45701,-0.660819,-0.364058,1.45538,-0.0456311,0.161758,-0.112985,41.2506,0.0002,3.27396e-13,2.14158e-09,3.27396e-13,0.0002,1.72187e-08,2.14158e-09,1.72187e-08,0.0002
-0.660788,-0.363671,1.45666,-0.660778,-0.364622,1.45558,-0.0455876,0.161529,-0.113336,41.267,0.0002,1.19314e-13,2.59947e-10,1.19314e-13,0.0002,1.62853e-08,2.59947e-10,1.62853e-08,0.0002
-0.66081,-0.363794,1.45648,-0.661004,-0.364275,1.45573,-0.0457097,0.161406,-0.113522,41.3479,0.0002,1.12997e-13,5.53961e-10,1.12997e-13,0.0002,1.38039e-08,5.53961e-10,1.38039e-08,0.0002
-0.660763,-0.363911,1.45633,-0.660787,-0.364352,1.45572,-0.045663,0.161289,-0.113673,41.3321,0.0002,1.63609e-13,1.13098e-09,1.63609e-13,0.0002,1.55968e-08,1.13098e-09,1.55968e-08,0.0002
-0.660773,-0.364022,1.45619,-0.661027,-0.364444,1.45562,-0.0457734,0.161178,-0.113814,41.3328,0.0002,2.13231e-13,1.50129e-09,2.13231e-13,0.0002,1.67442e-08,1.50129e-09,1.67442e-08,0.0002
-0.660784,-0.364058,1.45596,-0.660993,-0.364234,1.45539,-0.0457845,0.161142,-0.114037,41.2035,0.0002,4.07682e-14,-1.45471e-10,4.07682e-14,0.0002,1.59826e-08,-1.45471e-10,1.59826e-08,0.0002
-0.660639,-0.364635,1.45607,-0.660211,-0.366872,1.4562,-0.0457393,0.160565,-0.113926,42.1973,0.0002,2.49828e-13,2.18195e-09,2.49828e-13,0.0002,1.51055e-08,2.18195e-09,1.51055e-08,0.0002
-0.660514,-0.365158,1.45619,-0.660236,-0.367331,1.45667,-0.0456141,0.160042,-0.113807,42.1187,0.0002,-7.86265e-14,-1.20539e-09,-7.86265e-14,0.0002,1.68192e-08,-1.20539e-09,1.68192e-08,0.0002
-0.66043,-0.365526,1.4563,-0.660189,-0.366881,1.45671,-0.0456304,0.159674,-0.113703,42.2609,0.0002,2.85271e-13,2.9988e-09,2.85271e-13,0.0002,1.37561e-08,2.9988e-09,1.37561e-08,0.0002
-0.660307,-0.365942,1.45642,-0.660026,-0.367579,1.45692,-0.0455074,0.159258,-0.113579,42.0943,0.0002,3.26063e-13,2.6969e-09,3.26063e-13,0.0002,1.55661e-08,2.6969e-09,1.55661e-08,0.0002
-0.660221,-0.366229,1.45654,-0.660088,-0.367355,1.45701,-0.0455212,0.158971,-0.113461,42.1169,0.0002,3.49045e-13,2.50285e-09,3.49045e-13,0.0002,1.67246e-08,2.50285e-09,1.67246e-08,0.0002
-0.660071,-0.3665,1.45673,-0.659632,-0.367616,1.45716,-0.0453705,0.1587,-0.113274,42.0532,0.0002,1.41087e-13,4.92828e-10,1.41087e-13,0.0002,1.59695e-08,4.92828e-10,1.59695e-08,0.0002
-0.659952,-0.366755,1.45697,-0.659629,-0.367706,1.45762,-0.0452517,0.158445,-0.113032,42.1095,0.0002,3.21421e-13,2.58674e-09,3.21421e-13,0.0002,1.50989e-08,2.58674e-09,1.50989e-08,0.0002
-0.659824,-0.366945,1.4571,-0.659525,-0.367679,1.4576,-0.0452241,0.158255,-0.112905,42.1747,0.0002,3.42526e-13,2.42865e-09,3.42526e-13,0.0002,1.6426e-08,2.42865e-09,1.6426e-08,0.0002
-0.659789,-0.367165,1.45716,-0.659804,-0.367977,1.45775,-0.0451895,0.158035,-0.112837,42.0828,0.0002,4.77873e-13,3.82463e-09,4.77873e-13,0.0002,1.53915e-08,3.82463e-09,1.53915e-08,0.0002
-0.659706,-0.367332,1.45716,-0.659537,-0.368033,1.45746,-0.045206,0.157868,-0.11284,42.06,0.0002,2.50024e-13,1.33632e-09,2.50024e-13,0.0002,1.51158e-08,1.33632e-09,1.51158e-08,0.0002
-0.659625,-0.367498,1.45729,-0.65951,-0.368139,1.45781,-0.0451246,0.157702,-0.11271,42.0065,0.0002,2.70887e-13,1.62708e-09,2.70887e-13,0.0002,1.6437e-08,1.62708e-09,1.6437e-08,0.0002
-0.659535,-0.367529,1.45732,-0.659387,-0.367629,1.45746,-0.0451349,0.157671,-0.112675,42.0376,0.0002,2.93331e-13,1.81229e-09,2.93331e-13,0.0002,1.72827e-08,1.81229e-09,1.72827e-08,0.0002
-0.659479,-0.367561,1.45754,-0.659455,-0.36756,1.45777,-0.045079,0.157639,-0.11246,42.1189,0.0002,6.95329e-13,5.31108e-09,6.95329e-13,0.0002,1.74392e-08,5.31108e-09,1.74392e-08,0.0002
-0.659371,-0.367585,1.4575,-0.658999,-0.367726,1.45768,-0.0450712,0.157615,-0.112496,41.9928,0.0002,3.11335e-13,1.90076e-09,3.11335e-13,0.0002,1.30443e-08,1.90076e-09,1.30443e-08,0.0002
-0.659333,-0.367613,1.45758,-0.659391,-0.3677,1.4579,-0.0450328,0.157587,-0.112417,42.0999,0.0002,3.16863e-13,1.986e-09,3.16863e-13,0.0002,1.51115e-08,1.986e-09,1.51115e-08,0.0002
-0.659282,-0.367592,1.45761,-0.659292,-0.367484,1.45771,-0.0450824,0.157608,-0.112392,42.1495,0.0002,3.26775e-13,2.04001e-09,3.26775e-13,0.0002,1.64346e-08,2.04001e-09,1.64346e-08,0.0002
-0.659257,-0.367606,1.45765,-0.659365,-0.367639,1.45784,-0.0450567,0.157594,-0.112346,42.1304,0.0002,3.37107e-13,2.07441e-09,3.37107e-13,0.0002,1.72814e-08,2.07441e-09,1.72814e-08,0.0002
-0.659175,-0.367535,1.45767,-0.659058,-0.367225,1.45772,-0.0450748,0.157665,-0.112332,42.0206,0.0002,3.46206e-13,2.09611e-09,3.46206e-13,0.0002,1.78233e-08,2.09611e-09,1.78233e-08,0.0002
-0.659161,-0.367467,1.45749,-0.659212,-0.367184,1.45743,-0.0450611,0.157733,-0.112507,42.0353,0.0002,2.69553e-13,1.72625e-09,2.69553e-13,0.0002,1.47885e-08,1.72625e-09,1.47885e-08,0.0002
-0.659135,-0.36739,1.45766,-0.659136,-0.36707,1.45771,-0.045035,0.15781,-0.112337,42.0207,0.0002,2.16355e-13,1.48905e-09,2.16355e-13,0.0002,1.28463e-08,1.48905e-09,1.28463e-08,0.0002
-0.659069,-0.367348,1.45769,-0.659019,-0.367154,1.4578,-0.0450695,0.157852,-0.112309,42.1318,0.0002,2.46537e-13,1.72142e-09,2.46537e-13,0.0002,1.49849e-08,1.72142e-09,1.49849e-08,0.0002
-0.658995,-0.367385,1.45772,-0.658909,-0.367513,1.45784,-0.0449951,0.157815,-0.112279,42.0761,0.0002,2.75924e-13,1.86996e-09,2.75924e-13,0.0002,1.63536e-08,1.86996e-09,1.63536e-08,0.0002
-0.658979,-0.367494,1.45771,-0.659006,-0.367808,1.45766,-0.0450786,0.157706,-0.113292,41.9272,0.0002,5.17201e-13,4.96245e-09,5.17201e-13,0.0002,1.3464e-08,4.96245e-09,1.3464e-08,0.0002
-0.659112,-0.367705,1.45727,-0.659918,-0.368574,1.45522,-0.0452124,0.157495,-0.113726,41.0761,0.0002,3.9415e-13,2.44461e-09,3.9415e-13,0.0002,1.7263e-08,2.44461e-09,1.7263e-08,0.0002
-0.659253,-0.367792,1.45683,-0.659922,-0.368127,1.45505,-0.0454531,0.157408,-0.114171,41.0199,0.0002,3.01876e-13,1.95008e-09,3.01876e-13,0.0002,1.44298e-08,1.95008e-09,1.44298e-08,0.0002
-0.659404,-0.367948,1.45645,-0.660266,-0.36849,1.45525,-0.0456042,0.157252,-0.11355,41.1065,0.0002,5.51707e-13,3.90696e-09,5.51707e-13,0.0002,1.74946e-08,3.90696e-09,1.74946e-08,0.0002
-0.659461,-0.368006,1.45633,-0.659853,-0.368271,1.45552,-0.0456611,0.157194,-0.113673,41.0716,0.0002,2.84746e-13,1.39193e-09,2.84746e-13,0.0002,1.64624e-08,1.39193e-09,1.64624e-08,0.0002
-0.659495,-0.368192,1.45616,-0.659842,-0.368913,1.45549,-0.0457949,0.157008,-0.11384,40.9939,0.0002,2.98295e-13,1.6683e-09,2.98295e-13,0.0002,1.72982e-08,1.6683e-09,1.72982e-08,0.0002
-0.659565,-0.368146,1.45575,-0.65995,-0.367951,1.45473,-0.0458648,0.157054,-0.114254,41.019,0.0002,2.36796e-13,1.45755e-09,2.36796e-13,0.0002,1.44518e-08,1.45755e-09,1.44518e-08,0.0002
-0.659576,-0.367993,1.45555,-0.659832,-0.367356,1.45475,-0.0459761,0.157207,-0.114453,41.2038,0.0002,2.6426e-13,1.71422e-09,2.6426e-13,0.0002,1.60109e-08,1.71422e-09,1.60109e-08,0.0002
-0.659565,-0.368035,1.45544,-0.659733,-0.368176,1.455,-0.0459652,0.157165,-0.114563,41.0168,0.0002,2.91125e-13,1.87985e-09,2.91125e-13,0.0002,1.70086e-08,1.87985e-09,1.70086e-08,0.0002
-0.659598,-0.367926,1.45523,-0.65994,-0.367467,1.45441,-0.0460979,0.157274,-0.114769,40.9791,0.0002,3.14069e-13,1.98659e-09,3.14069e-13,0.0002,1.76471e-08,1.98659e-09,1.76471e-08,0.0002
-0.659618,-0.367925,1.45514,-0.659911,-0.367895,1.4548,-0.0461182,0.157275,-0.114856,41.1519,0.0002,3.32469e-13,2.05629e-09,3.32469e-13,0.0002,1.80555e-08,2.05629e-09,1.80555e-08,0.0002
-0.659607,-0.367827,1.45511,-0.659775,-0.367414,1.45496,-0.0462073,0.157373,-0.114893,41.1358,0.0002,3.4658e-13,2.10149e-09,3.4658e-13,0.0002,1.83168e-08,2.10149e-09,1.83168e-08,0.0002
-0.659581,-0.367634,1.45482,-0.659567,-0.36674,1.45366,-0.0461806,0.157566,-0.115183,43.1846,0.0002,5.92761e-13,5.11846e-09,5.92761e-13,0.0002,1.47106e-08,5.11846e-09,1.47106e-08,0.0002
-0.65951,-0.367396,1.45468,-0.659393,-0.366479,1.4538,-0.0462101,0.157804,-0.115323,43.1911,0.0002,3.48075e-13,2.17589e-09,3.48075e-13,0.0002,1.46824e-08,2.17589e-09,1.46824e-08,0.0002
-0.65956,-0.367227,1.45443,-0.659923,-0.366586,1.45377,-0.0462597,0.157973,-0.115568,43.3613,0.0002,1.48852e-13,2.94217e-10,1.48852e-13,0.0002,1.46647e-08,2.94217e-10,1.46647e-08,0.0002
-0.65952,-0.367258,1.45439,-0.659571,-0.367357,1.45421,-0.0463196,0.157942,-0.115613,43.2198,0.0002,1.85148e-13,9.78581e-10,1.85148e-13,0.0002,1.61461e-08,9.78581e-10,1.61461e-08,0.0002
-0.659516,-0.367121,1.45419,-0.659654,-0.366504,1.4537,-0.0463161,0.158079,-0.115813,43.2732,0.0002,3.58305e-13,2.9098e-09,3.58305e-13,0.0002,1.52062e-08,2.9098e-09,1.52062e-08,0.0002
-0.659507,-0.367025,1.4541,-0.659621,-0.366568,1.45341,-0.0463066,0.158175,-0.115905,43.308,0.0002,4.85086e-13,4.14598e-09,4.85086e-13,0.0002,1.46046e-08,4.14598e-09,1.46046e-08,0.0002
-0.659457,-0.367019,1.454,-0.659472,-0.36697,1.45364,-0.0463574,0.158181,-0.115996,43.2445,0.0002,4.80952e-13,3.44598e-09,4.80952e-13,0.0002,1.61074e-08,3.44598e-09,1.61074e-08,0.0002
-0.659432,-0.366858,1.45388,-0.659543,-0.366189,1.45338,-0.0463323,0.158342,-0.116122,43.2983,0.0002,4.66083e-13,2.9986e-09,4.66083e-13,0.0002,1.70692e-08,2.9986e-09,1.70692e-08,0.0002
-0.659456,-0.366705,1.45374,-0.659667,-0.366185,1.45319,-0.0464556,0.158495,-0.11626,43.291,0.0002,3.1849e-14,-1.06404e-09,3.1849e-14,0.0002,1.47014e-08,-1.06404e-09,1.47014e-08,0.0002
-0.659409,-0.36667,1.4537,-0.659431,-0.366507,1.45354,-0.0464085,0.15853,-0.1163,43.1403,0.0002,8.25346e-14,1.13977e-10,8.25346e-14,0.0002,1.61691e-08,1.13977e-10,1.61691e-08,0.0002
-0.659431,-0.366545,1.45351,-0.659673,-0.365974,1.45305,-0.046431,0.158655,-0.116493,43.2603,0.0002,2.82615e-13,2.3598e-09,2.82615e-13,0.0002,1.52194e-08,2.3598e-09,1.52194e-08,0.0002
-0.659346,-0.366504,1.45349,-0.659219,-0.366317,1.45344,-0.0464464,0.158696,-0.116507,43.1844,0.0002,3.15737e-13,2.3068e-09,3.15737e-13,0.0002,1.65004e-08,2.3068e-09,1.65004e-08,0.0002
-0.659289,-0.366411,1.45353,-0.659213,-0.365964,1.45335,-0.0463892,0.158789,-0.116472,43.1994,0.0002,4.61385e-13,3.76344e-09,4.61385e-13,0.0002,1.54313e-08,3.76344e-09,1.54313e-08,0.0002
-0.659235,-0.366322,1.45353,-0.659181,-0.366002,1.45323,-0.0464346,0.158878,-0.116467,43.129,0.0002,2.40191e-13,1.31547e-09,2.40191e-13,0.0002,1.51451e-08,1.31547e-09,1.51451e-08,0.0002
-0.659244,-0.36632,1.45343,-0.659436,-0.366238,1.45336,-0.0464444,0.15888,-0.116566,43.2101,0.0002,3.89073e-13,3.12956e-09,3.89073e-13,0.0002,1.45636e-08,3.12956e-09,1.45636e-08,0.0002
-0.659261,-0.366271,1.45331,-0.659492,-0.366112,1.45314,-0.046561,0.158929,-0.116688,43.1903,0.0002,1.90395e-13,9.11119e-10,1.90395e-13,0.0002,1.459e-08,9.11119e-10,1.459e-08,0.0002
-0.659245,-0.366161,1.45332,-0.659332,-0.365647,1.45305,-0.0465448,0.159039,-0.116677,43.1165,0.0002,3.47019e-13,2.87109e-09,3.47019e-13,0.0002,1.42082e-08,2.87109e-09,1.42082e-08,0.0002
-0.659203,-0.366236,1.45331,-0.659186,-0.366464,1.4536,-0.0466026,0.158964,-0.116686,43.219,0.0002,4.6966e-13,4.12618e-09,4.6966e-13,0.0002,1.39635e-08,4.12618e-09,1.39635e-08,0.0002
-0.659122,-0.366191,1.45335,-0.658962,-0.366047,1.45319,-0.0465215,0.159009,-0.116647,43.071,0.0002,2.60595e-13,1.54875e-09,2.60595e-13,0.0002,1.42059e-08,1.54875e-09,1.42059e-08,0.0002
-0.65904,-0.366168,1.45342,-0.658923,-0.366051,1.45368,-0.0465395,0.159032,-0.116581,43.1874,0.0002,2.82457e-13,1.78878e-09,2.82457e-13,0.0002,1.58517e-08,1.78878e-09,1.58517e-08,0.0002
-0.658979,-0.366109,1.45341,-0.65895,-0.365848,1.45339,-0.0464793,0.159091,-0.116586,43.1323,0.0002,3.05474e-13,1.94195e-09,3.05474e-13,0.0002,1.6905e-08,1.94195e-09,1.6905e-08,0.0002
-0.65894,-0.366106,1.45331,-0.658933,-0.366024,1.45322,-0.0464396,0.159094,-0.116687,43.0835,0.0002,4.54026e-13,3.53109e-09,4.54026e-13,0.0002,1.56897e-08,3.53109e-09,1.56897e-08,0.0002
-0.658975,-0.366137,1.45332,-0.65922,-0.366248,1.45336,-0.0465746,0.159063,-0.116678,43.0862,0.0002,3.47474e-13,2.65882e-09,3.47474e-13,0.0002,1.34213e-08,2.65882e-09,1.34213e-08,0.0002
-0.658949,-0.366038,1.45334,-0.659012,-0.365677,1.45308,-0.0465492,0.159162,-0.116662,43.1192,0.0002,1.63634e-13,6.09597e-10,1.63634e-13,0.0002,1.38589e-08,6.09597e-10,1.38589e-08,0.0002
-0.658862,-0.366057,1.45338,-0.658726,-0.366106,1.45357,-0.0465623,0.159143,-0.116615,43.0857,0.0002,1.99524e-13,1.18782e-09,1.99524e-13,0.0002,1.56296e-08,1.18782e-09,1.56296e-08,0.0002
-0.658826,-0.366135,1.45331,-0.658833,-0.366376,1.45333,-0.0465261,0.159065,-0.11669,43.0948,0.0002,3.65849e-13,3.04859e-09,3.65849e-13,0.0002,1.48734e-08,3.04859e-09,1.48734e-08,0.0002
-0.658788,-0.366175,1.4533,-0.658844,-0.366309,1.45328,-0.0464875,0.159025,-0.116697,43.073,0.0002,3.82718e-13,2.74897e-09,3.82718e-13,0.0002,1.62788e-08,2.74897e-09,1.62788e-08,0.0002
-0.658771,-0.366029,1.45323,-0.658872,-0.36548,1.45326,-0.0465714,0.159171,-0.116769,43.069,0.0002,1.70535e-13,6.68228e-10,1.70535e-13,0.0002,1.56879e-08,6.68228e-10,1.56879e-08,0.0002
-0.658767,-0.365947,1.45334,-0.658853,-0.365606,1.45314,-0.0465667,0.159253,-0.116659,43.0837,0.0002,1.48371e-13,8.26328e-10,1.48371e-13,0.0002,1.34202e-08,8.26328e-10,1.34202e-08,0.0002
-0.658674,-0.365913,1.45337,-0.658517,-0.365754,1.45351,-0.0465745,0.159287,-0.116625,43.0641,0.0002,1.93086e-13,1.32651e-09,1.93086e-13,0.0002,1.53488e-08,1.32651e-09,1.53488e-08,0.0002
-0.658621,-0.365913,1.45337,-0.658617,-0.365888,1.45333,-0.0465206,0.159287,-0.116633,43.0955,0.0002,2.37594e-13,1.64639e-09,2.37594e-13,0.0002,1.65832e-08,1.64639e-09,1.65832e-08,0.0002
-0.658598,-0.365911,1.4534,-0.658611,-0.365893,1.45355,-0.0465977,0.159289,-0.116596,43.0213,0.0002,1.9807e-13,1.45243e-09,1.9807e-13,0.0002,1.39932e-08,1.45243e-09,1.39932e-08,0.0002
-0.658556,-0.365921,1.45339,-0.658495,-0.365944,1.45332,-0.0465561,0.159279,-0.116613,43.0237,0.0002,1.69246e-13,1.32817e-09,1.69246e-13,0.0002,1.23356e-08,1.32817e-09,1.23356e-08,0.0002
-0.658518,-0.36592,1.45347,-0.658638,-0.365937,1.45348,-0.0465184,0.15928,-0.116531,43.087,0.0002,7.28312e-14,1.56046e-10,7.28312e-14,0.0002,1.6544e-08,1.56046e-10,1.6544e-08,0.0002
-0.65848,-0.365829,1.45337,-0.658481,-0.365395,1.45327,-0.0465805,0.159371,-0.116635,43.0892,0.0002,2.80593e-13,2.38785e-09,2.80593e-13,0.0002,1.54588e-08,2.38785e-09,1.54588e-08,0.0002
-0.658446,-0.36582,1.45328,-0.658472,-0.36582,1.45324,-0.0465458,0.15938,-0.116724,42.9575,0.0002,1.04921e-13,4.36783e-10,1.04921e-13,0.0002,1.5163e-08,4.36783e-10,1.5163e-08,0.0002
-0.658396,-0.36582,1.45334,-0.658347,-0.365747,1.45329,-0.0465956,0.15938,-0.116657,43.0066,0.0002,2.91548e-13,2.56768e-09,2.91548e-13,0.0002,1.45748e-08,2.56768e-09,1.45748e-08,0.0002
-0.658326,-0.365815,1.45338,-0.658214,-0.365828,1.45322,-0.0465263,0.159385,-0.116617,42.9062,0.0002,1.19633e-13,5.51157e-10,1.19633e-13,0.0002,1.45971e-08,5.51157e-10,1.45971e-08,0.0002
-0.658303,-0.365686,1.45322,-0.65836,-0.365099,1.4529,-0.0466026,0.159514,-0.116777,43.1362,0.0002,2.97159e-13,2.64114e-09,2.97159e-13,0.0002,1.42126e-08,2.64114e-09,1.42126e-08,0.0002
-0.658285,-0.365685,1.45334,-0.658365,-0.36561,1.45348,-0.0465846,0.159515,-0.116663,43.0215,0.0002,4.34732e-13,3.97873e-09,4.34732e-13,0.0002,1.39665e-08,3.97873e-09,1.39665e-08,0.0002
-0.658192,-0.365645,1.45335,-0.658033,-0.365458,1.45339,-0.046492,0.159555,-0.116652,43.0592,0.0002,4.44917e-13,3.34407e-09,4.44917e-13,0.0002,1.56984e-08,3.34407e-09,1.56984e-08,0.0002
-0.658134,-0.365642,1.45337,-0.658067,-0.365667,1.45316,-0.0465341,0.159558,-0.116625,42.9255,0.0002,2.22097e-13,1.04802e-09,2.22097e-13,0.0002,1.53162e-08,1.04802e-09,1.53162e-08,0.0002
-0.658105,-0.365697,1.45338,-0.6582,-0.365893,1.45341,-0.046505,0.159503,-0.116617,42.9967,0.0002,2.50351e-13,1.46816e-09,2.50351e-13,0.0002,1.65623e-08,1.46816e-09,1.65623e-08,0.0002
-0.658052,-0.365591,1.45327,-0.658006,-0.365198,1.45313,-0.0465522,0.159609,-0.116731,42.9786,0.0002,6.65932e-14,-1.51909e-10,6.65932e-14,0.0002,1.58692e-08,-1.51909e-10,1.58692e-08,0.0002
-0.658063,-0.365556,1.45324,-0.658202,-0.365298,1.4531,-0.0465634,0.159644,-0.116764,42.9667,0.0002,3.67748e-13,3.68176e-09,3.67748e-13,0.0002,1.31372e-08,3.68176e-09,1.31372e-08,0.0002
-0.658061,-0.365454,1.45316,-0.65826,-0.36502,1.45287,-0.0466606,0.159746,-0.116837,43.1212,0.0002,3.94591e-13,3.1547e-09,3.94591e-13,0.0002,1.51676e-08,3.1547e-09,1.51676e-08,0.0002
-0.658025,-0.365388,1.45316,-0.658045,-0.36516,1.45282,-0.0466245,0.159812,-0.116842,42.9034,0.0002,1.90609e-13,9.27797e-10,1.90609e-13,0.0002,1.49767e-08,9.27797e-10,1.49767e-08,0.0002
-0.657969,-0.365295,1.45323,-0.6579,-0.36485,1.45321,-0.0465692,0.159905,-0.116767,42.9719,0.0002,3.50969e-13,2.88251e-09,3.50969e-13,0.0002,1.44553e-08,2.88251e-09,1.44553e-08,0.0002
-0.65796,-0.365287,1.45317,-0.658077,-0.365182,1.45321,-0.0466603,0.159913,-0.116835,42.9041,0.0002,4.74384e-13,4.13393e-09,4.74384e-13,0.0002,1.41215e-08,4.13393e-09,1.41215e-08,0.0002
-0.657917,-0.365267,1.45327,-0.657911,-0.365222,1.45335,-0.0466174,0.159933,-0.116733,43.1011,0.0002,2.62752e-13,1.55449e-09,2.62752e-13,0.0002,1.43072e-08,1.55449e-09,1.43072e-08,0.0002
-0.657867,-0.365292,1.45334,-0.657816,-0.365321,1.4533,-0.0466668,0.159908,-0.116663,43.0664,0.0002,3.99207e-13,3.28307e-09,3.99207e-13,0.0002,1.40271e-08,3.28307e-09,1.40271e-08,0.0002
-0.657766,-0.365238,1.45328,-0.657526,-0.365054,1.45337,-0.0465657,0.159962,-0.11672,42.9984,0.0002,2.02544e-13,1.00987e-09,2.02544e-13,0.0002,1.42468e-08,1.00987e-09,1.42468e-08,0.0002
-0.657737,-0.36532,1.45328,-0.657725,-0.365637,1.45327,-0.0465366,0.15988,-0.116722,42.9049,0.0002,1.69325e-13,1.04535e-09,1.69325e-13,0.0002,1.24979e-08,1.04535e-09,1.24979e-08,0.0002
-0.657716,-0.365263,1.45319,-0.657844,-0.365012,1.45284,-0.0466158,0.159937,-0.116809,42.9743,0.0002,2.08654e-13,1.46711e-09,2.08654e-13,0.0002,1.47585e-08,1.46711e-09,1.47585e-08,0.0002
-0.657677,-0.365306,1.45326,-0.657735,-0.36545,1.45351,-0.0465774,0.159894,-0.116745,42.9913,0.0002,2.49041e-13,1.73762e-09,2.49041e-13,0.0002,1.62052e-08,1.73762e-09,1.62052e-08,0.0002
-0.657691,-0.365333,1.45314,-0.657851,-0.365432,1.45332,-0.046691,0.159867,-0.116858,43.0226,0.0002,2.05701e-13,1.51173e-09,2.05701e-13,0.0002,1.37512e-08,1.51173e-09,1.37512e-08,0.0002
-0.65765,-0.365337,1.45322,-0.657639,-0.365282,1.45323,-0.04665,0.159863,-0.116778,42.9809,0.0002,3.57269e-13,3.2563e-09,3.57269e-13,0.0002,1.3671e-08,3.2563e-09,1.3671e-08,0.0002
-0.657595,-0.365263,1.45325,-0.65754,-0.365,1.45306,-0.0465952,0.159937,-0.116747,42.9393,0.0002,1.77507e-13,9.92513e-10,1.77507e-13,0.0002,1.40188e-08,9.92513e-10,1.40188e-08,0.0002
-0.657518,-0.365262,1.45318,-0.65736,-0.365184,1.45319,-0.0466176,0.159938,-0.116824,42.8817,0.0002,3.34715e-13,2.92424e-09,3.34715e-13,0.0002,1.38421e-08,2.92424e-09,1.38421e-08,0.0002
-0.657473,-0.365228,1.45315,-0.657506,-0.365069,1.45304,-0.0465732,0.159872,-0.116852,42.9079,0.0002,3.58388e-13,2.67028e-09,3.58388e-13,0.0002,1.56187e-08,2.67028e-09,1.56187e-08,0.0002
-0.657388,-0.365329,1.45325,-0.65726,-0.36571,1.45366,-0.0465883,0.159771,-0.11675,42.8981,0.0002,3.71679e-13,2.50794e-09,3.71679e-13,0.0002,1.67557e-08,2.50794e-09,1.67557e-08,0.0002
-0.657384,-0.365299,1.4533,-0.657474,-0.365167,1.45352,-0.0465842,0.159801,-0.116696,42.9501,0.0002,2.88903e-13,2.00422e-09,2.88903e-13,0.0002,1.41036e-08,2.00422e-09,1.41036e-08,0.0002
-0.657309,-0.365216,1.45337,-0.657172,-0.364916,1.45334,-0.0465088,0.159884,-0.116626,42.8628,0.0002,1.1234e-13,1.90748e-10,1.1234e-13,0.0002,1.42956e-08,1.90748e-10,1.42956e-08,0.0002
-0.657233,-0.365139,1.45336,-0.657141,-0.364804,1.45332,-0.0465331,0.159961,-0.116637,42.8722,0.0002,1.59171e-13,9.19509e-10,1.59171e-13,0.0002,1.59091e-08,9.19509e-10,1.59091e-08,0.0002
-0.657162,-0.365135,1.45335,-0.657091,-0.365094,1.45332,-0.0464624,0.159965,-0.116646,42.8619,0.0002,2.09153e-13,1.38599e-09,2.09153e-13,0.0002,1.69417e-08,1.38599e-09,1.69417e-08,0.0002
-0.657184,-0.365119,1.45337,-0.657268,-0.365057,1.45342,-0.0465836,0.159981,-0.116633,42.7811,0.0002,1.21836e-13,8.87036e-10,1.21836e-13,0.0002,1.08427e-08,8.87036e-10,1.08427e-08,0.0002
-0.65715,-0.365107,1.45335,-0.657225,-0.365036,1.45329,-0.0465496,0.159993,-0.116649,42.9465,0.0002,1.69929e-13,1.36518e-09,1.69929e-13,0.0002,1.36992e-08,1.36518e-09,1.36992e-08,0.0002
-0.657085,-0.36499,1.45327,-0.657037,-0.364497,1.45296,-0.0465847,0.16011,-0.116726,42.9982,0.0002,2.19212e-13,1.6713e-09,2.19212e-13,0.0002,1.55274e-08,1.6713e-09,1.55274e-08,0.0002
-0.65707,-0.364922,1.45341,-0.657115,-0.364638,1.4533,-0.0465697,0.160178,-0.116594,43.007,0.0002,1.85563e-13,1.46815e-09,1.85563e-13,0.0002,1.33175e-08,1.46815e-09,1.33175e-08,0.0002
-0.657015,-0.364981,1.45341,-0.65701,-0.365193,1.45341,-0.0465155,0.160119,-0.116593,42.7875,0.0002,2.30391e-13,1.73683e-09,2.30391e-13,0.0002,1.52831e-08,1.73683e-09,1.52831e-08,0.0002
-0.656964,-0.364996,1.45335,-0.656909,-0.364985,1.45346,-0.0465638,0.160104,-0.116645,42.8583,0.0002,3.8941e-13,3.39985e-09,3.8941e-13,0.0002,1.46517e-08,3.39985e-09,1.46517e-08,0.0002
-0.656853,-0.36492,1.45341,-0.656679,-0.364636,1.45331,-0.0464527,0.16018,-0.116591,42.8551,0.0002,2.65159e-13,1.4822e-09,2.65159e-13,0.0002,1.80263e-08,1.4822e-09,1.80263e-08,0.0002
-0.656852,-0.364981,1.45329,-0.656898,-0.365164,1.45315,-0.0465524,0.160119,-0.116706,42.7935,0.0002,3.2683e-13,2.83801e-09,3.2683e-13,0.0002,1.30274e-08,2.83801e-09,1.30274e-08,0.0002
-0.656795,-0.364908,1.45337,-0.656779,-0.364591,1.45304,-0.0464954,0.160192,-0.116629,42.7665,0.0002,3.49773e-13,2.61323e-09,3.49773e-13,0.0002,1.50975e-08,2.61323e-09,1.50975e-08,0.0002
-0.656735,-0.36488,1.45334,-0.656706,-0.364744,1.4532,-0.0465353,0.16022,-0.116664,42.7475,0.0002,3.63791e-13,2.46992e-09,3.63791e-13,0.0002,1.64223e-08,2.46992e-09,1.64223e-08,0.0002
-0.656725,-0.364859,1.45337,-0.656836,-0.364704,1.45317,-0.0465249,0.160241,-0.116634,42.8776,0.0002,4.93516e-13,3.8686e-09,4.93516e-13,0.0002,1.53809e-08,3.8686e-09,1.53809e-08,0.0002
-0.656702,-0.364803,1.45325,-0.656718,-0.364566,1.4534,-0.0465025,0.160297,-0.116754,42.9074,0.0002,3.74951e-13,2.87519e-09,3.74951e-13,0.0002,1.32237e-08,2.87519e-09,1.32237e-08,0.0002
-0.656668,-0.364842,1.45334,-0.656693,-0.365034,1.45342,-0.0465676,0.160258,-0.116656,42.7499,0.0002,1.85755e-13,7.48475e-10,1.85755e-13,0.0002,1.37325e-08,7.48475e-10,1.37325e-08,0.0002
-0.656657,-0.364701,1.45326,-0.656826,-0.36411,1.45294,-0.046557,0.160399,-0.116736,42.7754,0.0002,2.1626e-13,1.27666e-09,2.1626e-13,0.0002,1.55487e-08,1.27666e-09,1.55487e-08,0.0002
-0.65665,-0.36469,1.45328,-0.656777,-0.364574,1.45305,-0.0466504,0.16041,-0.116716,42.914,0.0002,3.76926e-13,3.10526e-09,3.76926e-13,0.0002,1.48217e-08,3.10526e-09,1.48217e-08,0.0002
-0.656592,-0.364778,1.45325,-0.656463,-0.365118,1.45373,-0.0465918,0.160322,-0.116754,42.74,0.0002,2.95483e-13,2.38693e-09,2.95483e-13,0.0002,1.28657e-08,2.38693e-09,1.28657e-08,0.0002
-0.65656,-0.364701,1.45333,-0.656646,-0.364369,1.45365,-0.0466604,0.160399,-0.116673,42.9817,0.0002,3.19704e-13,2.32593e-09,3.19704e-13,0.0002,1.49939e-08,2.32593e-09,1.49939e-08,0.0002
-0.656537,-0.364613,1.4534,-0.656653,-0.364233,1.45304,-0.0466367,0.160587,-0.116603,42.846,0.0002,3.38305e-13,2.28527e-09,3.38305e-13,0.0002,1.63561e-08,2.28527e-09,1.63561e-08,0.0002
-0.656477,-0.36461,1.45333,-0.65645,-0.364574,1.45306,-0.046677,0.16059,-0.116671,42.7175,0.0002,3.52399e-13,2.25985e-09,3.52399e-13,0.0002,1.72278e-08,2.25985e-09,1.72278e-08,0.0002
-0.656461,-0.364604,1.45332,-0.656489,-0.364463,1.45327,-0.0466607,0.160596,-0.116682,42.8031,0.0002,5.81245e-13,5.22511e-09,5.81245e-13,0.0002,1.40069e-08,5.22511e-09,1.40069e-08,0.0002
-0.656414,-0.364477,1.45318,-0.656449,-0.364049,1.45328,-0.0467136,0.160723,-0.116818,42.8305,0.0002,2.1854e-13,7.63086e-10,2.1854e-13,0.0002,1.61236e-08,7.63086e-10,1.61236e-08,0.0002
-0.656364,-0.36454,1.45333,-0.65632,-0.364723,1.45361,-0.0466644,0.16066,-0.116669,42.7564,0.0002,3.77304e-13,2.77698e-09,3.77304e-13,0.0002,1.51894e-08,2.77698e-09,1.51894e-08,0.0002
-0.656324,-0.364452,1.45335,-0.656328,-0.36413,1.45312,-0.0466242,0.160748,-0.116648,42.8318,0.0002,1.739e-13,6.8517e-10,1.739e-13,0.0002,1.49905e-08,6.8517e-10,1.49905e-08,0.0002
-0.65628,-0.36441,1.45324,-0.656254,-0.364173,1.45312,-0.0466797,0.16079,-0.116758,42.8161,0.0002,3.37285e-13,2.72706e-09,3.37285e-13,0.0002,1.44642e-08,2.72706e-09,1.44642e-08,0.0002
-0.656266,-0.364429,1.45335,-0.656364,-0.364434,1.45345,-0.046666,0.160671,-0.116652,42.8056,0.0002,4.63605e-13,4.03362e-09,4.63605e-13,0.0002,1.41276e-08,4.03362e-09,1.41276e-08,0.0002
-0.656198,-0.364331,1.45327,-0.656135,-0.363912,1.45295,-0.0466976,0.160769,-0.116731,42.7956,0.0002,4.64762e-13,3.37913e-09,4.64762e-13,0.0002,1.58015e-08,3.37913e-09,1.58015e-08,0.0002
-0.656107,-0.36431,1.45319,-0.655956,-0.364199,1.4529,-0.046607,0.16079,-0.116806,42.6133,0.0002,4.54424e-13,2.96079e-09,4.54424e-13,0.0002,1.68728e-08,2.96079e-09,1.68728e-08,0.0002
-0.6561,-0.36426,1.45307,-0.656118,-0.364003,1.45291,-0.0465998,0.16094,-0.116927,42.8082,0.0002,4.3618e-13,3.78463e-09,4.3618e-13,0.0002,1.22887e-08,3.78463e-09,1.22887e-08,0.0002
-0.656063,-0.364151,1.4531,-0.656125,-0.363691,1.45319,-0.0466626,0.161049,-0.116904,42.758,0.0002,4.39518e-13,3.22163e-09,4.39518e-13,0.0002,1.46245e-08,3.22163e-09,1.46245e-08,0.0002
-0.656044,-0.364212,1.45321,-0.656014,-0.364396,1.45335,-0.0466437,0.160988,-0.116789,42.679,0.0002,4.1188e-13,3.95147e-09,4.1188e-13,0.0002,1.08499e-08,3.95147e-09,1.08499e-08,0.0002
-0.656009,-0.364175,1.45324,-0.656142,-0.364047,1.45304,-0.0467093,0.161025,-0.11676,42.7886,0.0002,3.14337e-13,1.83648e-09,3.14337e-13,0.0002,1.55932e-08,1.83648e-09,1.55932e-08,0.0002
-0.656014,-0.36418,1.45309,-0.656139,-0.364187,1.45314,-0.0467142,0.16102,-0.116907,42.8055,0.0002,2.47626e-13,1.57505e-09,2.47626e-13,0.0002,1.33595e-08,1.57505e-09,1.33595e-08,0.0002
-0.655985,-0.364152,1.45316,-0.656081,-0.364017,1.4534,-0.0466853,0.161048,-0.116845,42.7753,0.0002,2.72733e-13,1.80736e-09,2.72733e-13,0.0002,1.53098e-08,1.80736e-09,1.53098e-08,0.0002
-0.655954,-0.364032,1.45329,-0.655936,-0.363536,1.4532,-0.0467543,0.161168,-0.116709,42.8231,0.0002,2.20538e-13,1.55563e-09,2.20538e-13,0.0002,1.31782e-08,1.55563e-09,1.31782e-08,0.0002
-0.655906,-0.364045,1.45332,-0.655926,-0.364073,1.45344,-0.0467065,0.161155,-0.116679,42.7407,0.0002,2.54382e-13,1.7936e-09,2.54382e-13,0.0002,1.51939e-08,1.7936e-09,1.51939e-08,0.0002
-0.655857,-0.364019,1.45326,-0.655869,-0.363888,1.453,-0.0467567,0.161181,-0.116743,42.6721,0.0002,2.86076e-13,1.94569e-09,2.86076e-13,0.0002,1.6484e-08,1.94569e-09,1.6484e-08,0.0002
-0.655849,-0.364048,1.45321,-0.655864,-0.364107,1.45332,-0.0467489,0.161152,-0.116795,42.7253,0.0002,3.2815e-13,3.13487e-09,3.2815e-13,0.0002,1.204e-08,3.13487e-09,1.204e-08,0.0002
-0.655835,-0.364029,1.45323,-0.65599,-0.363928,1.45333,-0.0467349,0.161171,-0.11677,42.8134,0.0002,3.55501e-13,2.80489e-09,3.55501e-13,0.0002,1.44654e-08,2.80489e-09,1.44654e-08,0.0002
-0.655783,-0.363958,1.45327,-0.655786,-0.36365,1.45342,-0.0467829,0.161242,-0.116733,42.7903,0.0002,3.70306e-13,2.59354e-09,3.70306e-13,0.0002,1.60176e-08,2.59354e-09,1.60176e-08,0.0002
-0.65573,-0.363904,1.4534,-0.655624,-0.363675,1.45332,-0.04673,0.161296,-0.116596,42.6584,0.0002,2.88196e-13,2.05841e-09,2.88196e-13,0.0002,1.36313e-08,2.05841e-09,1.36313e-08,0.0002
-0.655674,-0.363881,1.45329,-0.655603,-0.363719,1.45313,-0.0467742,0.161319,-0.116714,42.6288,0.0002,4.16333e-13,3.60567e-09,4.16333e-13,0.0002,1.35945e-08,3.60567e-09,1.35945e-08,0.0002
-0.655654,-0.363847,1.45323,-0.655736,-0.363745,1.4533,-0.0467535,0.161353,-0.116774,42.7171,0.0002,2.21134e-13,1.21661e-09,2.21134e-13,0.0002,1.39699e-08,1.21661e-09,1.39699e-08,0.0002
-0.655639,-0.363823,1.45333,-0.655743,-0.363758,1.45341,-0.0467385,0.161377,-0.116673,42.669,0.0002,5.79583e-14,-3.12913e-10,5.79583e-14,0.0002,1.42101e-08,-3.12913e-10,1.42101e-08,0.0002
-0.655629,-0.363854,1.45323,-0.655682,-0.363861,1.45284,-0.0468285,0.161346,-0.11677,42.7274,0.0002,3.34907e-13,3.57855e-09,3.34907e-13,0.0002,1.20755e-08,3.57855e-09,1.20755e-08,0.0002
-0.655683,-0.36417,1.45286,-0.656113,-0.365407,1.45136,-0.0468831,0.16103,-0.117143,43.9182,0.0002,3.69726e-13,3.08868e-09,3.69726e-13,0.0002,1.44881e-08,3.08868e-09,1.44881e-08,0.0002
-0.655676,-0.364461,1.45261,-0.655813,-0.365663,1.45195,-0.0469761,0.160739,-0.117388,43.8941,0.0002,1.78172e-13,8.87993e-10,1.78172e-13,0.0002,1.45424e-08,8.87993e-10,1.45424e-08,0.0002
-0.655694,-0.364734,1.45245,-0.655975,-0.365797,1.4518,-0.0469936,0.160466,-0.11755,44.0319,0.0002,2.17249e-13,1.3709e-09,2.17249e-13,0.0002,1.60664e-08,1.3709e-09,1.60664e-08,0.0002
-0.655738,-0.365114,1.45248,-0.655964,-0.366578,1.45229,-0.0470384,0.160086,-0.117518,43.755,0.0002,2.82385e-13,2.76797e-09,2.82385e-13,0.0002,1.17715e-08,2.76797e-09,1.17715e-08,0.0002
-0.655772,-0.365415,1.45245,-0.656117,-0.366593,1.45232,-0.0471718,0.159785,-0.117551,43.851,0.0002,3.17986e-13,2.57497e-09,3.17986e-13,0.0002,1.4293e-08,2.57497e-09,1.4293e-08,0.0002
-0.655714,-0.365639,1.45242,-0.655696,-0.366509,1.45233,-0.0471145,0.159561,-0.117576,43.8928,0.0002,3.41662e-13,2.45167e-09,3.41662e-13,0.0002,1.59067e-08,2.45167e-09,1.59067e-08,0.0002
-0.655665,-0.365807,1.45243,-0.655587,-0.36657,1.45247,-0.0471653,0.159393,-0.117568,43.8196,0.0002,-3.51897e-14,-1.40858e-09,-3.51897e-14,0.0002,1.39618e-08,-1.40858e-09,1.39618e-08,0.0002
-0.655608,-0.365974,1.45246,-0.655474,-0.366524,1.45258,-0.0471083,0.159226,-0.117538,43.83,0.0002,2.65569e-13,2.87998e-09,2.65569e-13,0.0002,1.19132e-08,2.87998e-09,1.19132e-08,0.0002
-0.655592,-0.366027,1.45245,-0.655739,-0.366213,1.45242,-0.0471922,0.159173,-0.117547,43.9445,0.0002,3.1001e-13,2.64679e-09,3.1001e-13,0.0002,1.43836e-08,2.64679e-09,1.43836e-08,0.0002
-0.655491,-0.366173,1.45253,-0.655296,-0.366731,1.45285,-0.0470906,0.159027,-0.117467,43.7935,0.0002,3.38251e-13,2.49761e-09,3.38251e-13,0.0002,1.59647e-08,2.49761e-09,1.59647e-08,0.0002
-0.655451,-0.366117,1.4524,-0.655456,-0.365931,1.45217,-0.0470507,0.159083,-0.117603,43.8822,0.0002,1.40865e-13,5.11416e-10,1.40865e-13,0.0002,1.54877e-08,5.11416e-10,1.54877e-08,0.0002
-0.655435,-0.36618,1.45247,-0.65548,-0.366419,1.45275,-0.0471354,0.15902,-0.117533,43.9017,0.0002,1.28424e-13,7.29326e-10,1.28424e-13,0.0002,1.32917e-08,7.29326e-10,1.32917e-08,0.0002
-0.655355,-0.366185,1.45258,-0.655183,-0.366132,1.45271,-0.0470545,0.159015,-0.117421,43.9137,0.0002,2.93331e-13,2.75885e-09,2.93331e-13,0.0002,1.33754e-08,2.75885e-09,1.33754e-08,0.0002
-0.655285,-0.366268,1.45258,-0.655217,-0.366575,1.45258,-0.0470848,0.158932,-0.11742,43.7299,0.0002,3.2787e-13,2.56847e-09,3.2787e-13,0.0002,1.53195e-08,2.56847e-09,1.53195e-08,0.0002
-0.655232,-0.366192,1.45251,-0.655234,-0.365864,1.45224,-0.0470324,0.159008,-0.117489,43.8053,0.0002,3.49871e-13,2.44663e-09,3.49871e-13,0.0002,1.65638e-08,2.44663e-09,1.65638e-08,0.0002
-0.655228,-0.366156,1.45243,-0.655272,-0.366058,1.45244,-0.0470285,0.159044,-0.117567,43.7725,0.0002,1.00549e-13,7.70014e-11,1.00549e-13,0.0002,1.24915e-08,7.70014e-11,1.24915e-08,0.0002
-0.655223,-0.36614,1.45253,-0.655353,-0.366003,1.45259,-0.047123,0.15906,-0.117473,43.804,0.0002,2.58933e-13,2.34153e-09,2.58933e-13,0.0002,1.28632e-08,2.34153e-09,1.28632e-08,0.0002
-0.655157,-0.366122,1.45251,-0.655103,-0.366024,1.45246,-0.0470568,0.159078,-0.117486,43.6754,0.0002,2.95786e-13,2.30173e-09,2.95786e-13,0.0002,1.49917e-08,2.30173e-09,1.49917e-08,0.0002
-0.655091,-0.366103,1.45253,-0.65504,-0.366001,1.45262,-0.0470911,0.159097,-0.117465,43.7615,0.0002,3.23185e-13,2.27636e-09,3.23185e-13,0.0002,1.63539e-08,2.27636e-09,1.63539e-08,0.0002
-0.655098,-0.366156,1.45252,-0.655242,-0.366463,1.45248,-0.0470976,0.159044,-0.117476,43.757,0.0002,-5.45215e-14,-1.5212e-09,-5.45215e-14,0.0002,1.42477e-08,-1.5212e-09,1.42477e-08,0.0002
-0.655035,-0.366152,1.45247,-0.654939,-0.366064,1.45256,-0.0471355,0.159048,-0.117532,43.6823,0.0002,1.55533e-13,1.31901e-09,1.55533e-13,0.0002,1.3987e-08,1.31901e-09,1.3987e-08,0.0002
-0.654978,-0.366114,1.45244,-0.654961,-0.365936,1.45233,-0.0470783,0.159086,-0.11756,43.8032,0.0002,2.10389e-13,1.64773e-09,2.10389e-13,0.0002,1.57108e-08,1.64773e-09,1.57108e-08,0.0002
-0.655018,-0.366113,1.45252,-0.655388,-0.366086,1.45283,-0.0471179,0.159087,-0.117481,43.0285,0.0002,2.56859e-13,1.85829e-09,2.56859e-13,0.0002,1.68141e-08,1.85829e-09,1.68141e-08,0.0002
-0.655112,-0.36612,1.4525,-0.655535,-0.366087,1.45274,-0.0473121,0.15908,-0.1175,43.0961,0.0002,3.12008e-13,3.08004e-09,3.12008e-13,0.0002,1.22499e-08,3.08004e-09,1.22499e-08,0.0002
-0.655079,-0.366163,1.45263,-0.655217,-0.36636,1.45283,-0.047279,0.159037,-0.117371,42.9304,0.0002,2.17994e-13,1.28491e-09,2.17994e-13,0.0002,1.64897e-08,1.28491e-09,1.64897e-08,0.0002
-0.655056,-0.366114,1.45273,-0.655069,-0.365905,1.45312,-0.047356,0.159086,-0.117272,43.1092,0.0002,1.83594e-13,1.22358e-09,1.83594e-13,0.0002,1.39331e-08,1.22358e-09,1.39331e-08,0.0002
-0.655077,-0.366124,1.4527,-0.655374,-0.36614,1.4526,-0.0473774,0.159076,-0.117298,42.9599,0.0002,2.25995e-13,1.58489e-09,2.25995e-13,0.0002,1.56766e-08,1.58489e-09,1.56766e-08,0.0002
-0.655116,-0.366088,1.45267,-0.655315,-0.365884,1.45284,-0.0474157,0.159112,-0.117335,43.0877,0.0002,2.84774e-13,2.90478e-09,2.84774e-13,0.0002,1.15222e-08,2.90478e-09,1.15222e-08,0.0002
-0.655081,-0.366077,1.45272,-0.655107,-0.366066,1.45264,-0.047481,0.159123,-0.117276,42.9808,0.0002,1.39085e-13,7.70475e-10,1.39085e-13,0.0002,1.26442e-08,7.70475e-10,1.26442e-08,0.0002
-0.655047,-0.366,1.45271,-0.655123,-0.365669,1.45266,-0.0474472,0.1592,-0.11729,43.1206,0.0002,1.84049e-13,1.29493e-09,1.84049e-13,0.0002,1.48517e-08,1.29493e-09,1.48517e-08,0.0002
-0.655032,-0.365919,1.45273,-0.655078,-0.365582,1.45279,-0.0475322,0.159281,-0.117273,43.1108,0.0002,1.6023e-13,1.22971e-09,1.6023e-13,0.0002,1.28848e-08,1.22971e-09,1.28848e-08,0.0002
-0.655032,-0.365899,1.45259,-0.655185,-0.365745,1.45238,-0.0475324,0.159301,-0.117406,43.056,0.0002,3.16815e-13,3.07861e-09,3.16815e-13,0.0002,1.31152e-08,3.07861e-09,1.31152e-08,0.0002
-0.655037,-0.365819,1.45256,-0.655219,-0.365532,1.45213,-0.0475369,0.159381,-0.117436,42.9825,0.0002,1.52653e-13,8.82099e-10,1.52653e-13,0.0002,1.36638e-08,8.82099e-10,1.36638e-08,0.0002
-0.655027,-0.365872,1.45258,-0.6552,-0.36606,1.45264,-0.0476272,0.159328,-0.117421,43.0122,0.0002,1.98261e-13,1.36745e-09,1.98261e-13,0.0002,1.55041e-08,1.36745e-09,1.55041e-08,0.0002
-0.654961,-0.365924,1.45277,-0.654803,-0.366118,1.4529,-0.0475612,0.159276,-0.117229,42.9268,0.0002,1.70437e-13,1.27604e-09,1.70437e-13,0.0002,1.33023e-08,1.27604e-09,1.33023e-08,0.0002
-0.654942,-0.365861,1.4526,-0.65497,-0.365597,1.45257,-0.0475418,0.159339,-0.117396,42.9631,0.0002,1.49822e-13,1.21795e-09,1.49822e-13,0.0002,1.18931e-08,1.21795e-09,1.18931e-08,0.0002
-0.654861,-0.365869,1.45259,-0.654691,-0.365829,1.45284,-0.0475611,0.159331,-0.117412,42.9767,0.0002,3.01108e-13,3.07168e-09,3.01108e-13,0.0002,1.24802e-08,3.07168e-09,1.24802e-08,0.0002
-0.654838,-0.365858,1.45268,-0.654898,-0.365744,1.45272,-0.047538,0.159342,-0.117321,42.9857,0.0002,4.29228e-13,4.25737e-09,4.29228e-13,0.0002,1.28563e-08,4.25737e-09,1.28563e-08,0.0002
-0.654794,-0.365938,1.45282,-0.654781,-0.366293,1.45306,-0.0475936,0.159262,-0.117182,43.002,0.0002,2.4448e-13,1.63606e-09,2.4448e-13,0.0002,1.3498e-08,1.63606e-09,1.3498e-08,0.0002
-0.65476,-0.365876,1.45274,-0.654778,-0.365554,1.45277,-0.0475601,0.159324,-0.117255,42.9837,0.0002,3.81718e-13,3.33822e-09,3.81718e-13,0.0002,1.35078e-08,3.33822e-09,1.35078e-08,0.0002
-0.654697,-0.365883,1.45281,-0.654551,-0.365897,1.45306,-0.0475972,0.159317,-0.117193,43.0101,0.0002,3.00229e-13,2.5373e-09,3.00229e-13,0.0002,1.20247e-08,2.5373e-09,1.20247e-08,0.0002
-0.654642,-0.365827,1.45277,-0.654634,-0.365579,1.45262,-0.0475424,0.159373,-0.11723,42.9558,0.0002,3.24568e-13,2.42514e-09,3.24568e-13,0.0002,1.44553e-08,2.42514e-09,1.44553e-08,0.0002
-0.654621,-0.365784,1.45269,-0.654686,-0.36554,1.45271,-0.0475206,0.159416,-0.117306,43.1019,0.0002,4.517e-13,3.84347e-09,4.517e-13,0.0002,1.41204e-08,3.84347e-09,1.41204e-08,0.0002
-0.654598,-0.365808,1.45271,-0.654719,-0.365881,1.45276,-0.0475981,0.159392,-0.117292,42.9204,0.0002,4.53556e-13,3.26185e-09,4.53556e-13,0.0002,1.57964e-08,3.26185e-09,1.57964e-08,0.0002
-0.654616,-0.365814,1.45286,-0.654793,-0.365826,1.45286,-0.047616,0.159386,-0.117136,42.9425,0.0002,3.45645e-13,2.48801e-09,3.45645e-13,0.0002,1.34895e-08,2.48801e-09,1.34895e-08,0.0002
-0.654566,-0.365792,1.45285,-0.654576,-0.365678,1.4528,-0.0475658,0.159408,-0.117149,42.9016,0.0002,3.55564e-13,2.39321e-09,3.55564e-13,0.0002,1.53928e-08,2.39321e-09,1.53928e-08,0.0002
-0.654539,-0.365688,1.45272,-0.654586,-0.365199,1.45252,-0.0476395,0.159512,-0.117279,42.9505,0.0002,4.7896e-13,3.82264e-09,4.7896e-13,0.0002,1.47206e-08,3.82264e-09,1.47206e-08,0.0002
-0.654539,-0.365614,1.4527,-0.654655,-0.36541,1.45262,-0.0476389,0.159586,-0.1173,43.0203,0.0002,8.0351e-14,-5.32281e-10,8.0351e-14,0.0002,1.32018e-08,-5.32281e-10,1.32018e-08,0.0002
-0.654483,-0.365556,1.45273,-0.654518,-0.365241,1.45251,-0.0476832,0.159644,-0.117274,43.0118,0.0002,3.31538e-13,2.35101e-09,3.31538e-13,0.0002,1.66981e-08,2.35101e-09,1.66981e-08,0.0002
-0.654449,-0.365545,1.4526,-0.654361,-0.365444,1.45242,-0.0476494,0.159655,-0.117399,42.9252,0.0002,3.57844e-13,3.39507e-09,3.57844e-13,0.0002,1.2176e-08,3.39507e-09,1.2176e-08,0.0002
-0.654436,-0.365503,1.45256,-0.654591,-0.36531,1.45241,-0.0477355,0.159697,-0.117438,42.9288,0.0002,3.80889e-13,2.9755e-09,3.80889e-13,0.0002,1.45519e-08,2.9755e-09,1.45519e-08,0.0002
-0.654372,-0.36539,1.45254,-0.654235,-0.365027,1.45247,-0.0476719,0.15981,-0.117457,42.5381,0.0002,1.29336e-14,-1.07385e-09,1.29336e-14,0.0002,1.30943e-08,-1.07385e-09,1.30943e-08,0.0002
-0.654309,-0.36537,1.45243,-0.654209,-0.365219,1.4523,-0.0476088,0.15983,-0.117569,42.5006,0.0002,1.92841e-13,1.60522e-09,1.92841e-13,0.0002,1.32489e-08,1.60522e-09,1.32489e-08,0.0002
-0.654306,-0.365387,1.45253,-0.654447,-0.365386,1.45259,-0.0477061,0.159813,-0.117473,42.4436,0.0002,3.46144e-13,3.3196e-09,3.46144e-13,0.0002,1.33479e-08,3.3196e-09,1.33479e-08,0.0002
-0.654307,-0.36543,1.45254,-0.654521,-0.365578,1.45259,-0.0477067,0.15977,-0.11746,42.5891,0.0002,3.73737e-13,2.9277e-09,3.73737e-13,0.0002,1.53019e-08,2.9277e-09,1.53019e-08,0.0002
-0.654263,-0.365298,1.45254,-0.654252,-0.364802,1.45225,-0.0477628,0.159902,-0.117456,42.5037,0.0002,1.73513e-13,7.85804e-10,1.73513e-13,0.0002,1.50633e-08,7.85804e-10,1.50633e-08,0.0002
-0.65422,-0.365273,1.45248,-0.6542,-0.365103,1.45255,-0.0477198,0.159927,-0.117518,42.47,0.0002,3.39335e-13,2.79539e-09,3.39335e-13,0.0002,1.4509e-08,2.79539e-09,1.4509e-08,0.0002
-0.654142,-0.365296,1.45254,-0.653938,-0.365372,1.45275,-0.0476423,0.159904,-0.117465,42.4747,0.0002,2.69478e-13,2.19078e-09,2.69478e-13,0.0002,1.26654e-08,2.19078e-09,1.26654e-08,0.0002
-0.654108,-0.36528,1.45256,-0.65418,-0.36519,1.45268,-0.0477076,0.15992,-0.117436,42.4557,0.0002,2.98797e-13,2.2052e-09,2.98797e-13,0.0002,1.48651e-08,2.2052e-09,1.48651e-08,0.0002
-0.65408,-0.365274,1.45256,-0.654179,-0.365228,1.45254,-0.0476797,0.159926,-0.117442,42.5236,0.0002,3.22793e-13,2.21424e-09,3.22793e-13,0.0002,1.62729e-08,2.21424e-09,1.62729e-08,0.0002
-0.654083,-0.365264,1.45258,-0.654156,-0.365271,1.45236,-0.0477831,0.159936,-0.117418,42.4151,0.0002,8.54616e-14,-7.2114e-11,8.54616e-14,0.0002,1.23051e-08,-7.2114e-11,1.23051e-08,0.0002
-0.654037,-0.365239,1.45252,-0.654003,-0.365069,1.45258,-0.0477366,0.159961,-0.117481,42.5701,0.0002,2.45383e-13,2.24614e-09,2.45383e-13,0.0002,1.27438e-08,2.24614e-09,1.27438e-08,0.0002
-0.653858,-0.365555,1.45266,-0.653356,-0.366795,1.45322,-0.0475583,0.159645,-0.117342,41.6618,0.0002,2.84775e-13,2.24075e-09,2.84775e-13,0.0002,1.49153e-08,2.24075e-09,1.49153e-08,0.0002
-0.653725,-0.365949,1.4528,-0.653295,-0.367508,1.45335,-0.0475246,0.159251,-0.117204,41.6134,0.0002,2.30976e-13,1.83521e-09,2.30976e-13,0.0002,1.29255e-08,1.83521e-09,1.29255e-08,0.0002
-0.653586,-0.366273,1.45294,-0.653244,-0.367548,1.45349,-0.0473862,0.158927,-0.117064,41.5981,0.0002,2.66829e-13,1.97587e-09,2.66829e-13,0.0002,1.50317e-08,1.97587e-09,1.50317e-08,0.0002
-0.653499,-0.366492,1.45311,-0.653257,-0.367354,1.45382,-0.0472993,0.158708,-0.116886,41.6102,0.0002,2.17754e-13,1.66476e-09,2.17754e-13,0.0002,1.30001e-08,1.66476e-09,1.30001e-08,0.0002
-0.653361,-0.366744,1.45329,-0.653019,-0.367726,1.45401,-0.047261,0.158456,-0.116707,41.6677,0.0002,2.54634e-13,1.86464e-09,2.54634e-13,0.0002,1.50798e-08,1.86464e-09,1.50798e-08,0.0002
-0.653305,-0.36691,1.45344,-0.653188,-0.367561,1.45401,-0.0472053,0.15829,-0.116563,41.6489,0.0002,2.09159e-13,1.59236e-09,2.09159e-13,0.0002,1.3031e-08,1.59236e-09,1.3031e-08,0.0002
-0.653237,-0.366918,1.45355,-0.653114,-0.366878,1.45367,-0.0472365,0.158282,-0.116453,41.6801,0.0002,3.54117e-13,3.30647e-09,3.54117e-13,0.0002,1.32107e-08,3.30647e-09,1.32107e-08,0.0002
-0.653114,-0.367034,1.45363,-0.652836,-0.367475,1.45394,-0.0471141,0.158166,-0.116374,41.6362,0.0002,3.77654e-13,2.9124e-09,3.77654e-13,0.0002,1.52149e-08,2.9124e-09,1.52149e-08,0.0002
-0.653044,-0.367149,1.4536,-0.652823,-0.367656,1.4538,-0.047144,0.158051,-0.116403,41.5452,0.0002,1.28359e-13,3.72992e-10,1.28359e-13,0.0002,1.16266e-08,3.72992e-10,1.16266e-08,0.0002
-0.653006,-0.367196,1.4537,-0.653008,-0.36731,1.4538,-0.0471064,0.158004,-0.116299,41.5613,0.0002,2.72315e-13,2.5253e-09,2.72315e-13,0.0002,1.23123e-08,2.5253e-09,1.23123e-08,0.0002
-0.65292,-0.367353,1.45382,-0.652787,-0.367959,1.45428,-0.0470201,0.157847,-0.116183,41.5822,0.0002,3.06464e-13,2.41141e-09,3.06464e-13,0.0002,1.464e-08,2.41141e-09,1.464e-08,0.0002
-0.652863,-0.367308,1.45389,-0.652738,-0.367115,1.45418,-0.0470626,0.157892,-0.11611,41.6469,0.0002,2.45531e-13,1.94052e-09,2.45531e-13,0.0002,1.27498e-08,1.94052e-09,1.27498e-08,0.0002
-0.652768,-0.367416,1.45406,-0.652599,-0.367825,1.45476,-0.0469676,0.157784,-0.115935,41.6005,0.0002,2.77308e-13,2.03588e-09,2.77308e-13,0.0002,1.49202e-08,2.03588e-09,1.49202e-08,0.0002
-0.652723,-0.367453,1.45409,-0.652639,-0.367482,1.45421,-0.0469233,0.157747,-0.115907,41.6475,0.0002,4.98051e-13,5.07957e-09,4.98051e-13,0.0002,1.25328e-08,5.07957e-09,1.25328e-08,0.0002
-0.652626,-0.367382,1.45408,-0.652449,-0.367072,1.45402,-0.0469263,0.157818,-0.115922,41.5294,0.0002,5.0727e-13,4.0435e-09,5.0727e-13,0.0002,1.47814e-08,4.0435e-09,1.47814e-08,0.0002
-0.652605,-0.367311,1.45408,-0.652636,-0.367122,1.45411,-0.0469046,0.157889,-0.115916,41.6122,0.0002,9.89886e-14,-3.96058e-10,9.89886e-14,0.0002,1.32367e-08,-3.96058e-10,1.32367e-08,0.0002
-0.652574,-0.367264,1.45407,-0.652665,-0.36705,1.454,-0.0468744,0.157936,-0.116933,41.5531,0.0002,1.34023e-13,5.39158e-10,1.34023e-13,0.0002,1.5232e-08,5.39158e-10,1.5232e-08,0.0002
-0.65257,-0.367264,1.45406,-0.652551,-0.367263,1.45405,-0.0469697,0.157936,-0.116936,41.5559,0.0002,8.15698e-14,3.45061e-10,8.15698e-14,0.0002,9.74846e-09,3.45061e-10,9.74846e-09,0.0002
-0.652494,-0.36727,1.45407,-0.652401,-0.36727,1.45409,-0.0468937,0.15793,-0.116931,41.4406,0.0002,1.27911e-13,1.01361e-09,1.27911e-13,0.0002,1.29995e-08,1.01361e-09,1.29995e-08,0.0002
-0.652422,-0.36721,1.45411,-0.652346,-0.366947,1.45427,-0.0469219,0.15799,-0.116891,41.5659,0.0002,1.82349e-13,1.44145e-09,1.82349e-13,0.0002,1.50801e-08,1.44145e-09,1.50801e-08,0.0002
-0.652405,-0.367271,1.45415,-0.65255,-0.367487,1.4543,-0.0469053,0.157929,-0.116852,41.4885,0.0002,2.31852e-13,1.71499e-09,2.31852e-13,0.0002,1.64118e-08,1.71499e-09,1.64118e-08,0.0002
-0.652424,-0.367228,1.45413,-0.65256,-0.367104,1.45437,-0.0469243,0.157972,-0.11687,41.6432,0.0002,2.62501e-14,-3.94339e-10,2.62501e-14,0.0002,1.23918e-08,-3.94339e-10,1.23918e-08,0.0002
-0.652414,-0.367242,1.45423,-0.652526,-0.367225,1.45433,-0.0470142,0.157958,-0.115767,41.5992,0.0002,2.03136e-13,2.03161e-09,2.03136e-13,0.0002,1.28033e-08,2.03161e-09,1.28033e-08,0.0002
-0.652314,-0.367142,1.45413,-0.652064,-0.366672,1.45404,-0.0469138,0.158058,-0.115869,41.6196,0.0002,3.54135e-13,3.58448e-09,3.54135e-13,0.0002,1.30664e-08,3.58448e-09,1.30664e-08,0.0002
-0.652265,-0.367041,1.4542,-0.652233,-0.366673,1.45417,-0.0468648,0.158159,-0.116797,41.5656,0.0002,1.83913e-13,1.19776e-09,1.83913e-13,0.0002,1.36309e-08,1.19776e-09,1.36309e-08,0.0002
-0.652257,-0.366981,1.45404,-0.652389,-0.366776,1.45369,-0.0469566,0.158219,-0.115963,41.4827,0.0002,3.52228e-14,-3.29286e-10,3.52228e-14,0.0002,1.39922e-08,-3.29286e-10,1.39922e-08,0.0002
-0.652188,-0.366992,1.45401,-0.652127,-0.367007,1.4539,-0.0468884,0.158208,-0.115989,41.4473,0.0002,9.73311e-14,5.82207e-10,9.73311e-14,0.0002,1.57155e-08,5.82207e-10,1.57155e-08,0.0002
-0.652168,-0.367015,1.45395,-0.652237,-0.367039,1.45404,-0.0468677,0.158185,-0.116048,41.3904,0.0002,2.9343e-13,2.65795e-09,2.9343e-13,0.0002,1.49298e-08,2.65795e-09,1.49298e-08,0.0002
-0.65219,-0.366937,1.45395,-0.652337,-0.36667,1.45361,-0.0469897,0.158263,-0.116053,41.4783,0.0002,7.65233e-14,2.09227e-10,7.65233e-14,0.0002,1.14434e-08,2.09227e-10,1.14434e-08,0.0002
-0.652167,-0.366798,1.45389,-0.652285,-0.366217,1.45367,-0.0469666,0.158402,-0.116108,41.6184,0.0002,1.27036e-13,9.27466e-10,1.27036e-13,0.0002,1.40841e-08,9.27466e-10,1.40841e-08,0.0002
-0.652092,-0.366681,1.45377,-0.651944,-0.366142,1.45361,-0.0468917,0.158519,-0.116228,41.4753,0.0002,3.01892e-13,2.8795e-09,3.01892e-13,0.0002,1.38854e-08,2.8795e-09,1.38854e-08,0.0002
-0.652119,-0.366593,1.45384,-0.652335,-0.366228,1.4535,-0.0470192,0.158607,-0.116156,41.6003,0.0002,2.45564e-13,2.23971e-09,2.45564e-13,0.0002,1.22669e-08,2.23971e-09,1.22669e-08,0.0002
-0.652086,-0.366565,1.4537,-0.65212,-0.366488,1.45343,-0.0469864,0.158635,-0.116301,41.395,0.0002,9.84698e-14,3.39452e-10,9.84698e-14,0.0002,1.31197e-08,3.39452e-10,1.31197e-08,0.0002
-0.652071,-0.366556,1.45365,-0.65216,-0.366448,1.45377,-0.0470708,0.158644,-0.11735,41.562,0.0002,2.668e-13,2.50411e-09,2.668e-13,0.0002,1.32677e-08,2.50411e-09,1.32677e-08,0.0002
-0.652066,-0.366553,1.45374,-0.6522,-0.366471,1.45378,-0.0470661,0.158647,-0.117261,41.5446,0.0002,4.0547e-13,3.88895e-09,4.0547e-13,0.0002,1.33627e-08,3.88895e-09,1.33627e-08,0.0002
-0.652033,-0.366476,1.45374,-0.652017,-0.366259,1.45375,-0.0470327,0.158724,-0.117258,41.5282,0.0002,5.32599e-14,-4.93689e-10,5.32599e-14,0.0002,1.23297e-08,-4.93689e-10,1.23297e-08,0.0002
-0.652003,-0.366364,1.45368,-0.652095,-0.365892,1.45342,-0.0471029,0.158836,-0.117322,41.5128,0.0002,9.96189e-14,4.78987e-10,9.96189e-14,0.0002,1.46512e-08,4.78987e-10,1.46512e-08,0.0002
-0.651995,-0.366297,1.45362,-0.652057,-0.36591,1.4534,-0.047095,0.158903,-0.117378,41.5264,0.0002,3.72566e-13,4.08432e-09,3.72566e-13,0.0002,1.23592e-08,4.08432e-09,1.23592e-08,0.0002
-0.651987,-0.366184,1.45356,-0.652167,-0.365709,1.45333,-0.0471871,0.159016,-0.117437,41.6617,0.0002,4.0517e-13,3.40972e-09,4.0517e-13,0.0002,1.467e-08,3.40972e-09,1.467e-08,0.0002
-0.651985,-0.36613,1.45357,-0.652083,-0.365899,1.45358,-0.0471852,0.15907,-0.117434,41.4884,0.0002,3.1546e-13,2.5803e-09,3.1546e-13,0.0002,1.27688e-08,2.5803e-09,1.27688e-08,0.0002
-0.651958,-0.366099,1.45351,-0.651952,-0.365964,1.45331,-0.0471575,0.159101,-0.117486,41.5253,0.0002,2.51834e-13,2.04946e-09,2.51834e-13,0.0002,1.15521e-08,2.04946e-09,1.15521e-08,0.0002
-0.651922,-0.365949,1.45347,-0.651992,-0.365321,1.45327,-0.0472221,0.159251,-0.117534,41.6222,0.0002,2.81219e-13,2.10814e-09,2.81219e-13,0.0002,1.41534e-08,2.10814e-09,1.41534e-08,0.0002
-0.651898,-0.365942,1.45348,-0.651966,-0.365952,1.45386,-0.0471979,0.159258,-0.117519,41.5739,0.0002,1.08687e-13,2.57238e-10,1.08687e-13,0.0002,1.43274e-08,2.57238e-10,1.43274e-08,0.0002
-0.651851,-0.366,1.45341,-0.651815,-0.366161,1.45346,-0.047151,0.1592,-0.117587,41.388,0.0002,2.83741e-13,2.45255e-09,2.83741e-13,0.0002,1.40402e-08,2.45255e-09,1.40402e-08,0.0002
-0.651861,-0.365845,1.45347,-0.652007,-0.365211,1.45306,-0.0472611,0.159355,-0.11753,41.5788,0.0002,2.31082e-13,1.96768e-09,2.31082e-13,0.0002,1.23658e-08,1.96768e-09,1.23658e-08,0.0002
-0.651881,-0.365779,1.45338,-0.652114,-0.365444,1.45336,-0.0472813,0.159421,-0.117616,41.5313,0.0002,3.67646e-13,3.54729e-09,3.67646e-13,0.0002,1.27847e-08,3.54729e-09,1.27847e-08,0.0002
-0.651804,-0.365754,1.45341,-0.65166,-0.365687,1.45321,-0.0473042,0.159446,-0.117587,41.497,0.0002,1.94148e-13,1.17789e-09,1.94148e-13,0.0002,1.34514e-08,1.17789e-09,1.34514e-08,0.0002
-0.651781,-0.365673,1.45338,-0.651793,-0.365339,1.45327,-0.0472808,0.159527,-0.117617,41.5516,0.0002,1.64223e-13,1.15243e-09,1.64223e-13,0.0002,1.19889e-08,1.15243e-09,1.19889e-08,0.0002
-0.651738,-0.365613,1.45336,-0.651778,-0.365348,1.45329,-0.047238,0.159587,-0.117636,41.4534,0.0002,2.06271e-13,1.53493e-09,2.06271e-13,0.0002,1.44328e-08,1.53493e-09,1.44328e-08,0.0002
-0.651727,-0.365631,1.45334,-0.651774,-0.365582,1.45325,-0.0473266,0.159569,-0.117659,41.5486,0.0002,4.42873e-13,4.76105e-09,4.42873e-13,0.0002,1.22182e-08,4.76105e-09,1.22182e-08,0.0002
-0.651714,-0.365596,1.4534,-0.651828,-0.365493,1.45332,-0.0473139,0.159604,-0.117601,41.5404,0.0002,2.65211e-13,1.95493e-09,2.65211e-13,0.0002,1.30889e-08,1.95493e-09,1.30889e-08,0.0002
-0.651699,-0.365599,1.45335,-0.651802,-0.365644,1.45348,-0.0472986,0.159601,-0.117649,41.394,0.0002,1.02141e-13,1.59537e-10,1.02141e-13,0.0002,1.36462e-08,1.59537e-10,1.36462e-08,0.0002
-0.651637,-0.365671,1.45351,-0.651542,-0.365886,1.45385,-0.0473369,0.159529,-0.117487,41.5068,0.0002,2.71768e-13,2.38988e-09,2.71768e-13,0.0002,1.36043e-08,2.38988e-09,1.36043e-08,0.0002
-0.65158,-0.36561,1.45345,-0.651503,-0.365298,1.45352,-0.0472796,0.15959,-0.117549,41.5141,0.0002,4.10019e-13,3.81729e-09,4.10019e-13,0.0002,1.35775e-08,3.81729e-09,1.35775e-08,0.0002
-0.651565,-0.365553,1.45344,-0.651626,-0.365414,1.45338,-0.0473654,0.159647,-0.117563,41.4638,0.0002,5.25011e-14,-5.38466e-10,5.25011e-14,0.0002,1.2468e-08,-5.38466e-10,1.2468e-08,0.0002
-0.651594,-0.3655,1.45338,-0.6518,-0.365172,1.45315,-0.0473936,0.1597,-0.117621,41.5412,0.0002,3.02088e-13,3.43387e-09,3.02088e-13,0.0002,1.0961e-08,3.43387e-09,1.0961e-08,0.0002
-0.65156,-0.365501,1.45334,-0.651635,-0.365479,1.45319,-0.0474596,0.159699,-0.117658,41.4414,0.0002,3.43642e-13,2.99507e-09,3.43642e-13,0.0002,1.3775e-08,2.99507e-09,1.3775e-08,0.0002
-0.651538,-0.365436,1.45336,-0.651661,-0.36515,1.45341,-0.0474377,0.159764,-0.117645,41.6194,0.0002,3.65375e-13,2.7145e-09,3.65375e-13,0.0002,1.55759e-08,2.7145e-09,1.55759e-08,0.0002
-0.651486,-0.365388,1.45336,-0.651398,-0.365289,1.45336,-0.0473862,0.159812,-0.117643,41.3949,0.0002,-1.36776e-14,-1.24389e-09,-1.36776e-14,0.0002,1.37473e-08,-1.24389e-09,1.37473e-08,0.0002
-0.651452,-0.36534,1.45328,-0.651407,-0.365029,1.45298,-0.0474517,0.15986,-0.117718,41.4479,0.0002,2.76532e-13,2.98263e-09,2.76532e-13,0.0002,1.17794e-08,2.98263e-09,1.17794e-08,0.0002
-0.651435,-0.365237,1.45322,-0.651581,-0.364801,1.45297,-0.0474353,0.159963,-0.117781,41.5422,0.0002,3.18559e-13,2.70694e-09,3.18559e-13,0.0002,1.42987e-08,2.70694e-09,1.42987e-08,0.0002
-0.651377,-0.365187,1.45327,-0.651306,-0.365024,1.45315,-0.0473765,0.160013,-0.117731,41.4727,0.0002,1.40674e-13,6.40938e-10,1.40674e-13,0.0002,1.44205e-08,6.40938e-10,1.44205e-08,0.0002
-0.651371,-0.365086,1.45305,-0.651454,-0.364666,1.45282,-0.0474708,0.160114,-0.117949,41.4573,0.0002,1.27464e-13,8.0981e-10,1.27464e-13,0.0002,1.2609e-08,8.0981e-10,1.2609e-08,0.0002
-0.651347,-0.365039,1.45311,-0.651404,-0.364781,1.45305,-0.0474471,0.160161,-0.117886,42.3792,0.0002,2.87309e-13,2.80752e-09,2.87309e-13,0.0002,1.29398e-08,2.80752e-09,1.29398e-08,0.0002
-0.651373,-0.365032,1.45312,-0.651687,-0.364977,1.45314,-0.0474729,0.160168,-0.117881,42.3769,0.0002,3.23871e-13,2.596e-09,3.23871e-13,0.0002,1.50412e-08,2.596e-09,1.50412e-08,0.0002
-0.651434,-0.365051,1.45309,-0.65174,-0.365176,1.45331,-0.0476344,0.160149,-0.117907,42.4968,0.0002,9.52853e-14,1.71456e-10,9.52853e-14,0.0002,1.15162e-08,1.71456e-10,1.15162e-08,0.0002
-0.651445,-0.365023,1.45304,-0.6517,-0.364884,1.45281,-0.0476452,0.160177,-0.117964,42.4022,0.0002,1.3896e-13,9.09067e-10,1.3896e-13,0.0002,1.413e-08,9.09067e-10,1.413e-08,0.0002
-0.65142,-0.364958,1.45301,-0.651529,-0.364673,1.45293,-0.0477197,0.160242,-0.116986,42.3451,0.0002,1.91102e-13,1.38152e-09,1.91102e-13,0.0002,1.58029e-08,1.38152e-09,1.58029e-08,0.0002
-0.651486,-0.364888,1.45292,-0.651753,-0.364607,1.45253,-0.0477863,0.160312,-0.117083,42.4187,0.0002,1.11128e-13,8.84172e-10,1.11128e-13,0.0002,1.01138e-08,8.84172e-10,1.01138e-08,0.0002
-0.651427,-0.364872,1.45299,-0.651401,-0.364785,1.45328,-0.0477269,0.160328,-0.11701,42.4735,0.0002,1.6116e-13,1.36639e-09,1.6116e-13,0.0002,1.32324e-08,1.36639e-09,1.32324e-08,0.0002
-0.651416,-0.364748,1.45293,-0.651585,-0.364225,1.4527,-0.0478164,0.160452,-0.117069,42.3578,0.0002,2.12629e-13,1.67452e-09,2.12629e-13,0.0002,1.52283e-08,1.67452e-09,1.52283e-08,0.0002
-0.651418,-0.364702,1.45296,-0.651471,-0.364462,1.45273,-0.0478179,0.160498,-0.117045,42.3689,0.0002,2.72859e-13,2.96157e-09,2.72859e-13,0.0002,1.12361e-08,2.96157e-09,1.12361e-08,0.0002
-0.651394,-0.364624,1.45286,-0.651465,-0.364343,1.45282,-0.0477944,0.160576,-0.117136,42.3927,0.0002,1.34066e-13,8.06127e-10,1.34066e-13,0.0002,1.24609e-08,8.06127e-10,1.24609e-08,0.0002
-0.651358,-0.36461,1.45277,-0.651363,-0.364485,1.45272,-0.0478578,0.16059,-0.117228,42.3497,0.0002,2.90247e-13,2.80685e-09,2.90247e-13,0.0002,1.28442e-08,2.80685e-09,1.28442e-08,0.0002
-0.651357,-0.364562,1.45284,-0.651565,-0.364344,1.45246,-0.047857,0.160638,-0.117163,42.2842,0.0002,3.25673e-13,2.59681e-09,3.25673e-13,0.0002,1.49799e-08,2.59681e-09,1.49799e-08,0.0002
-0.651327,-0.364523,1.45276,-0.651267,-0.364412,1.45274,-0.0479271,0.160677,-0.117245,42.345,0.0002,9.69443e-14,1.72504e-10,9.69443e-14,0.0002,1.14774e-08,1.72504e-10,1.14774e-08,0.0002
-0.651256,-0.364497,1.45278,-0.651182,-0.364368,1.45287,-0.0478559,0.160703,-0.117221,42.3661,0.0002,1.40128e-13,9.12018e-10,1.40128e-13,0.0002,1.41049e-08,9.12018e-10,1.41049e-08,0.0002
-0.651261,-0.364466,1.45268,-0.651434,-0.36427,1.4526,-0.0478611,0.160734,-0.117321,42.4698,0.0002,3.10702e-13,2.87503e-09,3.10702e-13,0.0002,1.38962e-08,2.87503e-09,1.38962e-08,0.0002
-0.651227,-0.364531,1.45275,-0.651244,-0.36472,1.45274,-0.0479272,0.160669,-0.117246,42.3646,0.0002,4.44112e-13,4.13107e-09,4.44112e-13,0.0002,1.37627e-08,4.13107e-09,1.37627e-08,0.0002
-0.651175,-0.364422,1.45283,-0.651131,-0.364023,1.45284,-0.0478751,0.160778,-0.117165,42.3523,0.0002,2.45943e-13,1.55483e-09,2.45943e-13,0.0002,1.4078e-08,1.55483e-09,1.4078e-08,0.0002
-0.651111,-0.364433,1.45282,-0.651018,-0.364507,1.45306,-0.0478108,0.160767,-0.117183,42.3828,0.0002,7.85916e-14,-9.35547e-11,7.85916e-14,0.0002,1.42799e-08,-9.35547e-11,1.42799e-08,0.0002
-0.651071,-0.36451,1.45285,-0.651006,-0.364701,1.45296,-0.0478712,0.16069,-0.117155,42.3086,0.0002,3.50447e-13,3.72046e-09,3.50447e-13,0.0002,1.21183e-08,3.72046e-09,1.21183e-08,0.0002
-0.65099,-0.364437,1.45276,-0.650842,-0.364287,1.45276,-0.04779,0.160663,-0.117235,42.2265,0.0002,-1.03903e-13,-2.08732e-09,-1.03903e-13,0.0002,1.34264e-08,-2.08732e-09,1.34264e-08,0.0002
-0.650997,-0.364388,1.45276,-0.651118,-0.364073,1.45276,-0.047797,0.160812,-0.117236,42.3452,0.0002,2.08827e-13,2.4446e-09,2.08827e-13,0.0002,1.15718e-08,2.4446e-09,1.15718e-08,0.0002
-0.650953,-0.364349,1.45285,-0.65099,-0.364166,1.45317,-0.0478533,0.160851,-0.117155,42.4521,0.0002,2.6308e-13,2.3661e-09,2.6308e-13,0.0002,1.41654e-08,2.3661e-09,1.41654e-08,0.0002
-0.650949,-0.364233,1.45282,-0.651142,-0.363746,1.45271,-0.0478488,0.160967,-0.117182,42.3909,0.0002,3.01571e-13,2.31531e-09,3.01571e-13,0.0002,1.58253e-08,2.31531e-09,1.58253e-08,0.0002
-0.650905,-0.364168,1.45277,-0.650846,-0.363999,1.45258,-0.0479046,0.161032,-0.117229,42.3551,0.0002,-6.09137e-14,-1.49734e-09,-6.09137e-14,0.0002,1.39086e-08,-1.49734e-09,1.39086e-08,0.0002
-0.650868,-0.364121,1.45271,-0.650817,-0.363819,1.45249,-0.0478685,0.161079,-0.117286,42.326,0.0002,2.4769e-13,2.82217e-09,2.4769e-13,0.0002,1.18804e-08,2.82217e-09,1.18804e-08,0.0002
-0.650835,-0.364114,1.45273,-0.650913,-0.364061,1.45279,-0.0478351,0.161086,-0.117271,42.3703,0.0002,2.97058e-13,2.60808e-09,2.97058e-13,0.0002,1.43629e-08,2.60808e-09,1.43629e-08,0.0002
-0.650821,-0.364117,1.4528,-0.650813,-0.364066,1.45276,-0.0479214,0.161083,-0.117202,42.3624,0.0002,3.19754e-13,3.55935e-09,3.19754e-13,0.0002,1.06818e-08,3.55935e-09,1.06818e-08,0.0002
-0.650808,-0.36416,1.45283,-0.650921,-0.364369,1.4533,-0.0479083,0.16104,-0.117166,42.3639,0.0002,1.77484e-13,1.18954e-09,1.77484e-13,0.0002,1.21063e-08,1.18954e-09,1.21063e-08,0.0002
-0.650825,-0.364192,1.4528,-0.651104,-0.364295,1.45264,-0.0480253,0.161008,-0.117204,42.4211,0.0002,2.16255e-13,1.56239e-09,2.16255e-13,0.0002,1.45075e-08,1.56239e-09,1.45075e-08,0.0002
-0.650721,-0.364143,1.45274,-0.650455,-0.363877,1.45282,-0.0479207,0.161057,-0.117263,42.2932,0.0002,3.71572e-13,3.29118e-09,3.71572e-13,0.0002,1.41539e-08,3.29118e-09,1.41539e-08,0.0002
-0.65066,-0.364182,1.45285,-0.650567,-0.364267,1.45296,-0.0478596,0.161018,-0.117155,42.3608,0.0002,4.90643e-13,4.39713e-09,4.90643e-13,0.0002,1.39278e-08,4.39713e-09,1.39278e-08,0.0002
-0.650562,-0.364128,1.45289,-0.650334,-0.363944,1.45275,-0.0478616,0.161072,-0.11711,42.3508,0.0002,2.78564e-13,1.72463e-09,2.78564e-13,0.0002,1.41836e-08,1.72463e-09,1.41836e-08,0.0002
-0.650557,-0.364143,1.45275,-0.650646,-0.364193,1.45283,-0.0478572,0.161057,-0.117248,42.261,0.0002,2.2301e-13,1.50465e-09,2.2301e-13,0.0002,1.24572e-08,1.50465e-09,1.24572e-08,0.0002
-0.65051,-0.364163,1.45282,-0.650484,-0.364277,1.45279,-0.0479096,0.161037,-0.117177,42.3338,0.0002,7.1791e-14,-1.26066e-10,7.1791e-14,0.0002,1.32425e-08,-1.26066e-10,1.32425e-08,0.0002
-0.65042,-0.36425,1.45295,-0.650215,-0.364525,1.45314,-0.0478203,0.16095,-0.117049,42.247,0.0002,2.44799e-13,2.20967e-09,2.44799e-13,0.0002,1.33447e-08,2.20967e-09,1.33447e-08,0.0002
-0.650433,-0.364741,1.45262,-0.650636,-0.366635,1.45161,-0.047833,0.160459,-0.117381,42.9642,0.0002,3.88337e-13,3.70469e-09,3.88337e-13,0.0002,1.341e-08,3.70469e-09,1.341e-08,0.0002
-0.650397,-0.365133,1.45247,-0.650372,-0.366793,1.45189,-0.0478972,0.160067,-0.117528,42.8701,0.0002,4.02796e-14,-6.07387e-10,4.02796e-14,0.0002,1.23633e-08,-6.07387e-10,1.23633e-08,0.0002
-0.650334,-0.365461,1.45247,-0.650236,-0.366699,1.45213,-0.0478344,0.159739,-0.117533,42.8529,0.0002,2.09454e-13,1.90333e-09,2.09454e-13,0.0002,1.27812e-08,1.90333e-09,1.27812e-08,0.0002
-0.650265,-0.365803,1.45246,-0.650197,-0.367146,1.45241,-0.0477648,0.159397,-0.117544,42.8333,0.0002,2.54408e-13,2.0217e-09,2.54408e-13,0.0002,1.49392e-08,2.0217e-09,1.49392e-08,0.0002
-0.65023,-0.366171,1.45238,-0.650196,-0.36763,1.45273,-0.0478299,0.159029,-0.117616,42.8704,0.0002,2.10223e-13,1.69624e-09,2.10223e-13,0.0002,1.29406e-08,1.69624e-09,1.29406e-08,0.0002
-0.650111,-0.36647,1.45244,-0.649847,-0.367641,1.45268,-0.0477111,0.15873,-0.117558,43.2729,0.0002,2.5083e-13,1.88972e-09,2.5083e-13,0.0002,1.50411e-08,1.88972e-09,1.50411e-08,0.0002
-0.649957,-0.366655,1.45262,-0.649506,-0.367431,1.45301,-0.0476572,0.158545,-0.117381,43.1634,0.0002,8.15036e-14,1.22008e-10,8.15036e-14,0.0002,1.48965e-08,1.22008e-10,1.48965e-08,0.0002
-0.649864,-0.36678,1.45272,-0.649641,-0.367209,1.45279,-0.0475636,0.15842,-0.117284,43.2163,0.0002,2.70301e-13,2.36943e-09,2.70301e-13,0.0002,1.44028e-08,2.36943e-09,1.44028e-08,0.0002
-0.649824,-0.366889,1.45274,-0.649772,-0.367311,1.45286,-0.0475241,0.158311,-0.117256,43.2687,0.0002,2.22299e-13,1.91737e-09,2.22299e-13,0.0002,1.25975e-08,1.91737e-09,1.25975e-08,0.0002
-0.649794,-0.367023,1.45281,-0.649781,-0.367547,1.45306,-0.0475944,0.158177,-0.117193,43.399,0.0002,1.8722e-13,1.62797e-09,1.8722e-13,0.0002,1.14421e-08,1.62797e-09,1.14421e-08,0.0002
-0.649735,-0.367175,1.45287,-0.64971,-0.367758,1.45311,-0.0475353,0.158025,-0.117132,43.1606,0.0002,2.30551e-13,1.84316e-09,2.30551e-13,0.0002,1.40824e-08,1.84316e-09,1.40824e-08,0.0002
-0.649646,-0.367265,1.45288,-0.649442,-0.367556,1.45325,-0.0474462,0.157935,-0.11712,43.1065,0.0002,3.80659e-13,3.47053e-09,3.80659e-13,0.0002,1.3882e-08,3.47053e-09,1.3882e-08,0.0002
-0.649551,-0.36731,1.45298,-0.649334,-0.367524,1.45304,-0.0474509,0.15789,-0.117024,43.2267,0.0002,1.94547e-13,1.13142e-09,1.94547e-13,0.0002,1.41542e-08,1.13142e-09,1.41542e-08,0.0002
-0.649512,-0.367369,1.45294,-0.649402,-0.367543,1.45309,-0.0474118,0.157831,-0.117064,43.2579,0.0002,2.54227e-13,2.61416e-09,2.54227e-13,0.0002,1.05484e-08,2.61416e-09,1.05484e-08,0.0002
-0.649452,-0.367424,1.45297,-0.649426,-0.367622,1.4531,-0.0474523,0.157776,-0.117031,43.2071,0.0002,2.93768e-13,2.47346e-09,2.93768e-13,0.0002,1.35105e-08,2.47346e-09,1.35105e-08,0.0002
-0.649391,-0.367518,1.45314,-0.649309,-0.367929,1.45349,-0.0473908,0.157682,-0.116862,43.2059,0.0002,1.26083e-13,4.92825e-10,1.26083e-13,0.0002,1.39164e-08,4.92825e-10,1.39164e-08,0.0002
-0.649358,-0.367489,1.45321,-0.64938,-0.367299,1.45316,-0.0473582,0.157711,-0.116794,43.1992,0.0002,2.94194e-13,2.60423e-09,2.94194e-13,0.0002,1.37767e-08,2.60423e-09,1.37767e-08,0.0002
-0.649255,-0.367503,1.45318,-0.649008,-0.367592,1.45341,-0.0473553,0.157697,-0.116816,43.1387,0.0002,1.26732e-13,5.76104e-10,1.26732e-13,0.0002,1.40867e-08,5.76104e-10,1.40867e-08,0.0002
-0.649182,-0.367527,1.45316,-0.648994,-0.36761,1.45308,-0.047282,0.157673,-0.116838,43.1976,0.0002,1.17617e-13,7.68065e-10,1.17617e-13,0.0002,1.23953e-08,7.68065e-10,1.23953e-08,0.0002
-0.649116,-0.367551,1.4532,-0.649063,-0.367622,1.45335,-0.0472159,0.157649,-0.1168,43.141,0.0002,1.69234e-13,1.29043e-09,1.69234e-13,0.0002,1.46928e-08,1.29043e-09,1.46928e-08,0.0002
-0.649061,-0.367679,1.45324,-0.649054,-0.368165,1.4534,-0.0472613,0.157521,-0.11676,43.1924,0.0002,2.19948e-13,1.62448e-09,2.19948e-13,0.0002,1.61631e-08,1.62448e-09,1.61631e-08,0.0002
-0.649061,-0.367701,1.45322,-0.649118,-0.367839,1.45347,-0.0472608,0.157499,-0.116778,43.1413,0.0002,2.05724e-14,-4.50548e-10,2.05724e-14,0.0002,1.22341e-08,-4.50548e-10,1.22341e-08,0.0002
-0.649017,-0.367767,1.45338,-0.648992,-0.367959,1.45369,-0.0472167,0.157433,-0.116621,43.1595,0.0002,1.975e-13,2.00005e-09,1.975e-13,0.0002,1.27002e-08,2.00005e-09,1.27002e-08,0.0002
-0.648931,-0.367788,1.4534,-0.648696,-0.367857,1.45349,-0.0472314,0.157412,-0.1166,43.1058,0.0002,1.71897e-13,1.67874e-09,1.71897e-13,0.0002,1.15081e-08,1.67874e-09,1.15081e-08,0.0002
-0.648876,-0.36773,1.45337,-0.648865,-0.367477,1.45327,-0.0471758,0.15747,-0.116626,43.1964,0.0002,2.21687e-13,1.87164e-09,2.21687e-13,0.0002,1.41251e-08,1.87164e-09,1.41251e-08,0.0002
-0.648848,-0.367807,1.45339,-0.648829,-0.367994,1.45344,-0.0472477,0.157393,-0.116614,43.1229,0.0002,4.49878e-13,4.97653e-09,4.49878e-13,0.0002,1.20213e-08,4.97653e-09,1.20213e-08,0.0002
-0.64881,-0.367772,1.45332,-0.648825,-0.367669,1.45336,-0.0472102,0.157428,-0.116682,43.2516,0.0002,2.74571e-13,2.09343e-09,2.74571e-13,0.0002,1.2963e-08,2.09343e-09,1.2963e-08,0.0002
-0.648745,-0.367756,1.4534,-0.648648,-0.367723,1.45342,-0.0471449,0.157444,-0.116598,43.0684,0.0002,1.10944e-13,2.47768e-10,1.10944e-13,0.0002,1.35656e-08,2.47768e-10,1.35656e-08,0.0002
-0.648659,-0.367814,1.45348,-0.648466,-0.367977,1.45413,-0.0471587,0.157386,-0.116516,43.1297,0.0002,2.77869e-13,2.44687e-09,2.77869e-13,0.0002,1.35524e-08,2.44687e-09,1.35524e-08,0.0002
-0.648561,-0.36782,1.45357,-0.648336,-0.367876,1.45358,-0.0470612,0.15738,-0.116432,43.0623,0.0002,1.15008e-13,4.73096e-10,1.15008e-13,0.0002,1.39426e-08,4.73096e-10,1.39426e-08,0.0002
-0.648484,-0.367828,1.45357,-0.648385,-0.367835,1.45358,-0.0470837,0.157372,-0.11643,43.0808,0.0002,1.65599e-13,1.09891e-09,1.65599e-13,0.0002,1.56834e-08,1.09891e-09,1.56834e-08,0.0002
-0.648466,-0.367794,1.45347,-0.648456,-0.367704,1.45337,-0.0470664,0.157406,-0.116532,43.0446,0.0002,-1.08063e-14,-7.87541e-10,-1.08063e-14,0.0002,1.19265e-08,-7.87541e-10,1.19265e-08,0.0002
-0.648405,-0.367842,1.45355,-0.64837,-0.368008,1.45389,-0.0470048,0.157358,-0.116447,43.0442,0.0002,5.0794e-14,2.92774e-10,5.0794e-14,0.0002,1.4393e-08,2.92774e-10,1.4393e-08,0.0002
-0.648392,-0.367814,1.45356,-0.648433,-0.367588,1.45358,-0.0470919,0.157386,-0.116442,43.0611,0.0002,3.36341e-13,3.96551e-09,3.36341e-13,0.0002,1.21934e-08,3.96551e-09,1.21934e-08,0.0002
-0.648306,-0.367709,1.45361,-0.648126,-0.367322,1.45352,-0.0470059,0.157491,-0.116387,43.12,0.0002,1.84464e-13,1.44464e-09,1.84464e-13,0.0002,1.30728e-08,1.44464e-09,1.30728e-08,0.0002
-0.648254,-0.367677,1.45355,-0.648198,-0.367477,1.45359,-0.0469539,0.157523,-0.116455,43.0878,0.0002,3.3664e-13,3.21184e-09,3.3664e-13,0.0002,1.32375e-08,3.21184e-09,1.32375e-08,0.0002
-0.648274,-0.367593,1.45362,-0.64846,-0.367244,1.4533,-0.047074,0.157607,-0.116378,43.1022,0.0002,2.70203e-13,2.45318e-09,2.70203e-13,0.0002,1.18521e-08,2.45318e-09,1.18521e-08,0.0002
-0.648217,-0.367579,1.4536,-0.648202,-0.367502,1.4535,-0.0470173,0.157621,-0.116403,43.1088,0.0002,3.02609e-13,2.36579e-09,3.02609e-13,0.0002,1.43455e-08,2.36579e-09,1.43455e-08,0.0002
-0.648197,-0.367582,1.45367,-0.648175,-0.367637,1.45362,-0.047097,0.157618,-0.116335,43.079,0.0002,8.67317e-14,2.29136e-11,8.67317e-14,0.0002,1.107e-08,2.29136e-11,1.107e-08,0.0002
-0.648129,-0.367609,1.45373,-0.648066,-0.367693,1.454,-0.0470285,0.157591,-0.116268,43.1101,0.0002,1.28303e-13,8.1013e-10,1.28303e-13,0.0002,1.38449e-08,8.1013e-10,1.38449e-08,0.0002
-0.648083,-0.367649,1.45375,-0.648051,-0.367736,1.45414,-0.0469826,0.157551,-0.11625,43.0795,0.0002,2.99013e-13,2.80518e-09,2.99013e-13,0.0002,1.3732e-08,2.80518e-09,1.3732e-08,0.0002
-0.648052,-0.367558,1.4537,-0.648141,-0.367169,1.45352,-0.0470521,0.157642,-0.116295,43.0333,0.0002,3.32403e-13,2.59021e-09,3.32403e-13,0.0002,1.55487e-08,2.59021e-09,1.55487e-08,0.0002
-0.648068,-0.367348,1.45365,-0.648134,-0.36651,1.45342,-0.0470684,0.157852,-0.116351,43.1117,0.0002,1.92117e-13,1.65773e-09,1.92117e-13,0.0002,9.95115e-09,1.65773e-09,9.95115e-09,0.0002
-0.648048,-0.367249,1.45361,-0.648177,-0.36683,1.45345,-0.0470478,0.157951,-0.116392,43.1113,0.0002,2.30122e-13,1.85653e-09,2.30122e-13,0.0002,1.31289e-08,1.85653e-09,1.31289e-08,0.0002
-0.647985,-0.367224,1.45363,-0.647943,-0.367099,1.45372,-0.0470847,0.157976,-0.11637,43.1408,0.0002,2.667e-13,1.98403e-09,2.667e-13,0.0002,1.51626e-08,1.98403e-09,1.51626e-08,0.0002
-0.647966,-0.367175,1.45366,-0.647939,-0.366916,1.45346,-0.0470663,0.158025,-0.116342,42.9956,0.0002,3.06483e-13,3.15861e-09,3.06483e-13,0.0002,1.11953e-08,3.15861e-09,1.11953e-08,0.0002
-0.647911,-0.367143,1.4536,-0.6479,-0.366992,1.45337,-0.0471109,0.158057,-0.116399,42.931,0.0002,3.40422e-13,2.81702e-09,3.40422e-13,0.0002,1.39251e-08,2.81702e-09,1.39251e-08,0.0002
-0.647918,-0.367006,1.45333,-0.648053,-0.366443,1.45289,-0.0471181,0.158194,-0.116669,43.1029,0.0002,2.69921e-13,2.20138e-09,2.69921e-13,0.0002,1.22921e-08,2.20138e-09,1.22921e-08,0.0002
-0.647866,-0.367027,1.45331,-0.64787,-0.367087,1.45324,-0.0470662,0.158173,-0.116688,42.9394,0.0002,2.97967e-13,2.20661e-09,2.97967e-13,0.0002,1.46268e-08,2.20661e-09,1.46268e-08,0.0002
-0.647879,-0.366962,1.4533,-0.648036,-0.366689,1.45325,-0.047179,0.158238,-0.1167,43.0543,0.0002,2.38854e-13,1.81115e-09,2.38854e-13,0.0002,1.27411e-08,1.81115e-09,1.27411e-08,0.0002
-0.6479,-0.366988,1.45341,-0.648146,-0.367126,1.45352,-0.0471996,0.158212,-0.116593,43.0744,0.0002,8.49437e-14,6.72093e-11,8.49437e-14,0.0002,1.34236e-08,6.72093e-11,1.34236e-08,0.0002
-0.647862,-0.367003,1.45342,-0.647803,-0.366946,1.45347,-0.0471617,0.158197,-0.116581,42.9978,0.0002,3.41705e-13,3.82159e-09,3.41705e-13,0.0002,1.15725e-08,3.82159e-09,1.15725e-08,0.0002
-0.647811,-0.366914,1.45329,-0.647772,-0.366589,1.45308,-0.0472109,0.158286,-0.116713,42.9887,0.0002,1.8981e-13,1.3541e-09,1.8981e-13,0.0002,1.26757e-08,1.3541e-09,1.26757e-08,0.0002
-0.647791,-0.366934,1.45336,-0.647865,-0.366942,1.45334,-0.0471913,0.158266,-0.116638,43.1399,0.0002,3.35338e-13,3.15471e-09,3.35338e-13,0.0002,1.2983e-08,3.15471e-09,1.2983e-08,0.0002
-0.647768,-0.366937,1.45337,-0.647838,-0.366988,1.45306,-0.0471677,0.158263,-0.116635,42.8556,0.0002,1.66133e-13,9.26757e-10,1.66133e-13,0.0002,1.35783e-08,9.26757e-10,1.35783e-08,0.0002
-0.647759,-0.366892,1.45322,-0.647831,-0.3667,1.45327,-0.0472593,0.158308,-0.116781,43.025,0.0002,1.44665e-13,9.92408e-10,1.44665e-13,0.0002,1.207e-08,9.92408e-10,1.207e-08,0.0002
-0.647718,-0.366705,1.45316,-0.647765,-0.365931,1.45291,-0.0472181,0.158495,-0.116843,43.078,0.0002,1.90528e-13,1.43362e-09,1.90528e-13,0.0002,1.44846e-08,1.43362e-09,1.44846e-08,0.0002
-0.647714,-0.366624,1.4531,-0.647791,-0.36618,1.45289,-0.047214,0.158576,-0.116895,42.9698,0.0002,4.33087e-13,4.69683e-09,4.33087e-13,0.0002,1.22506e-08,4.69683e-09,1.22506e-08,0.0002
-0.647644,-0.366553,1.45316,-0.647484,-0.366364,1.45337,-0.0472445,0.158647,-0.116843,43.0199,0.0002,9.50153e-14,2.57524e-11,9.50153e-14,0.0002,1.16198e-08,2.57524e-11,1.16198e-08,0.0002
-0.6476,-0.366559,1.45317,-0.647634,-0.366559,1.45324,-0.0472002,0.158641,-0.116826,42.9786,0.0002,1.35816e-13,8.15379e-10,1.35816e-13,0.0002,1.41964e-08,8.15379e-10,1.41964e-08,0.0002
-0.647559,-0.366597,1.4531,-0.647547,-0.366675,1.45314,-0.0471591,0.158603,-0.116895,42.9,0.0002,3.07347e-13,2.81126e-09,3.07347e-13,0.0002,1.39557e-08,2.81126e-09,1.39557e-08,0.0002
-0.647582,-0.36661,1.4532,-0.647732,-0.366707,1.45326,-0.0472819,0.15859,-0.116801,42.5289,0.0002,9.30961e-14,3.08943e-10,9.30961e-14,0.0002,1.08212e-08,3.08943e-10,1.08212e-08,0.0002
-0.647532,-0.366683,1.45325,-0.647544,-0.36695,1.45345,-0.0472319,0.158517,-0.116751,42.9867,0.0002,1.38365e-13,9.96342e-10,1.38365e-13,0.0002,1.36854e-08,9.96342e-10,1.36854e-08,0.0002
-0.647487,-0.366644,1.4532,-0.6474,-0.366374,1.45299,-0.047187,0.158556,-0.116803,42.6004,0.0002,3.85183e-13,4.4167e-09,3.85183e-13,0.0002,1.17394e-08,4.4167e-09,1.17394e-08,0.0002
-0.647455,-0.366584,1.45316,-0.647443,-0.366434,1.45302,-0.0472546,0.158616,-0.116838,43.0182,0.0002,6.91951e-14,-1.53881e-10,6.91951e-14,0.0002,1.12924e-08,-1.53881e-10,1.12924e-08,0.0002
-0.647396,-0.366617,1.45321,-0.647373,-0.366724,1.45339,-0.0471961,0.158583,-0.116792,42.5367,0.0002,1.14133e-13,7.00383e-10,1.14133e-13,0.0002,1.39869e-08,7.00383e-10,1.39869e-08,0.0002
-0.647328,-0.366605,1.45306,-0.647162,-0.366547,1.45309,-0.0471282,0.158595,-0.116943,42.5331,0.0002,1.10327e-13,8.4806e-10,1.10327e-13,0.0002,1.23314e-08,8.4806e-10,1.23314e-08,0.0002
-0.647303,-0.366642,1.45323,-0.647308,-0.366779,1.45327,-0.0472031,0.158558,-0.116773,42.5609,0.0002,1.06827e-13,9.4201e-10,1.06827e-13,0.0002,1.1272e-08,9.4201e-10,1.1272e-08,0.0002
-0.647244,-0.366492,1.45317,-0.647216,-0.365865,1.45295,-0.0471435,0.158708,-0.116828,42.5408,0.0002,1.62896e-13,1.40131e-09,1.62896e-13,0.0002,1.39739e-08,1.40131e-09,1.39739e-08,0.0002
-0.647197,-0.366457,1.45308,-0.647163,-0.366245,1.45302,-0.0470969,0.158743,-0.116923,42.3847,0.0002,3.30424e-13,3.18627e-09,3.30424e-13,0.0002,1.38132e-08,3.18627e-09,1.38132e-08,0.0002
-0.647205,-0.366434,1.45312,-0.647297,-0.36639,1.45299,-0.0472052,0.158766,-0.116878,42.551,0.0002,1.0929e-13,5.49001e-10,1.0929e-13,0.0002,1.07301e-08,5.49001e-10,1.07301e-08,0.0002
-0.647108,-0.366365,1.45312,-0.646932,-0.366063,1.45309,-0.0471084,0.158835,-0.116884,42.5459,0.0002,1.5398e-13,1.1505e-09,1.5398e-13,0.0002,1.3627e-08,1.1505e-09,1.3627e-08,0.0002
-0.647134,-0.366386,1.45319,-0.647329,-0.366352,1.45346,-0.047134,0.158814,-0.116815,42.6634,0.0002,3.9515e-13,4.51576e-09,3.9515e-13,0.0002,1.17015e-08,4.51576e-09,1.17015e-08,0.0002
-0.647152,-0.366285,1.45311,-0.647344,-0.365975,1.45279,-0.0472524,0.158915,-0.116894,42.518,0.0002,7.71157e-14,-9.04409e-11,7.71157e-14,0.0002,1.12682e-08,-9.04409e-11,1.12682e-08,0.0002
-0.64711,-0.366288,1.45317,-0.647151,-0.366273,1.45341,-0.0472099,0.158912,-0.116832,42.5026,0.0002,1.20588e-13,7.4136e-10,1.20588e-13,0.0002,1.39714e-08,7.4136e-10,1.39714e-08,0.0002
-0.647062,-0.366338,1.45319,-0.646965,-0.366422,1.45326,-0.0471622,0.158862,-0.116814,42.4872,0.0002,3.76841e-13,4.25376e-09,3.76841e-13,0.0002,1.19221e-08,4.25376e-09,1.19221e-08,0.0002
-0.647041,-0.366311,1.45313,-0.647075,-0.366295,1.45293,-0.0472412,0.158889,-0.116866,42.5187,0.0002,5.95672e-14,-2.58124e-10,5.95672e-14,0.0002,1.14094e-08,-2.58124e-10,1.14094e-08,0.0002
-0.647027,-0.366275,1.45305,-0.647121,-0.366062,1.45303,-0.0472268,0.158925,-0.116951,42.5813,0.0002,2.1724e-13,2.12441e-09,2.1724e-13,0.0002,1.21719e-08,2.12441e-09,1.21719e-08,0.0002
-0.646982,-0.366192,1.45301,-0.64691,-0.365847,1.45288,-0.0471823,0.159008,-0.116985,42.4846,0.0002,1.85258e-13,1.75944e-09,1.85258e-13,0.0002,1.11698e-08,1.75944e-09,1.11698e-08,0.0002
-0.646964,-0.366142,1.45305,-0.647057,-0.365974,1.4529,-0.0472642,0.159058,-0.116946,42.6083,0.0002,5.85792e-14,3.5612e-11,5.85792e-14,0.0002,1.24183e-08,3.5612e-11,1.24183e-08,0.0002
-0.646928,-0.366146,1.45301,-0.646934,-0.366089,1.45314,-0.0472278,0.159054,-0.116991,42.468,0.0002,2.30613e-13,2.31279e-09,2.30613e-13,0.0002,1.28174e-08,2.31279e-09,1.28174e-08,0.0002
-0.646872,-0.366102,1.45305,-0.646812,-0.36596,1.45288,-0.0471717,0.159098,-0.116953,42.5111,0.0002,8.7195e-14,3.89786e-10,8.7195e-14,0.0002,1.34727e-08,3.89786e-10,1.34727e-08,0.0002
-0.646861,-0.366073,1.45293,-0.646864,-0.365899,1.45278,-0.0472609,0.159127,-0.11707,42.5287,0.0002,1.80976e-13,2.13941e-09,1.80976e-13,0.0002,1.01124e-08,2.13941e-09,1.01124e-08,0.0002
-0.646827,-0.366039,1.45291,-0.646901,-0.365877,1.45284,-0.0472266,0.159161,-0.117088,42.4649,0.0002,2.34989e-13,2.16966e-09,2.34989e-13,0.0002,1.32315e-08,2.16966e-09,1.32315e-08,0.0002
-0.646822,-0.365965,1.45295,-0.646967,-0.365703,1.45276,-0.0473217,0.159235,-0.117054,42.5173,0.0002,8.54568e-14,2.98693e-10,8.54568e-14,0.0002,1.37379e-08,2.98693e-10,1.37379e-08,0.0002
-0.646872,-0.365912,1.45285,-0.64712,-0.36564,1.4528,-0.0473721,0.159288,-0.117146,43.4479,0.0002,1.81994e-13,2.08126e-09,1.81994e-13,0.0002,1.02819e-08,2.08126e-09,1.02819e-08,0.0002
-0.646904,-0.365825,1.45287,-0.647199,-0.36551,1.45261,-0.0474045,0.159375,-0.117132,43.3214,0.0002,6.68512e-14,2.42425e-10,6.68512e-14,0.0002,1.18502e-08,2.42425e-10,1.18502e-08,0.0002
-0.64691,-0.365692,1.45284,-0.647141,-0.365137,1.45273,-0.0475095,0.159508,-0.117161,43.4531,0.0002,1.23581e-13,9.56008e-10,1.23581e-13,0.0002,1.43436e-08,9.56008e-10,1.43436e-08,0.0002
-0.646951,-0.365754,1.45273,-0.647268,-0.365931,1.45262,-0.0475507,0.159446,-0.117268,43.4101,0.0002,3.02849e-13,2.90289e-09,3.02849e-13,0.0002,1.40491e-08,2.90289e-09,1.40491e-08,0.0002
-0.646952,-0.365785,1.45285,-0.647019,-0.365956,1.45301,-0.0475525,0.159415,-0.117149,43.3849,0.0002,8.96182e-14,3.68292e-10,8.96182e-14,0.0002,1.08816e-08,3.68292e-10,1.08816e-08,0.0002
-0.646979,-0.365748,1.45284,-0.647295,-0.365574,1.45279,-0.0476787,0.159452,-0.117162,43.442,0.0002,1.37896e-13,1.03667e-09,1.37896e-13,0.0002,1.37237e-08,1.03667e-09,1.37237e-08,0.0002
-0.646859,-0.3657,1.4527,-0.646473,-0.365388,1.45212,-0.0475589,0.1595,-0.117304,44.6257,0.0002,3.85742e-13,4.44374e-09,3.85742e-13,0.0002,1.17624e-08,4.44374e-09,1.17624e-08,0.0002
-0.646777,-0.365563,1.45252,-0.646565,-0.365112,1.45184,-0.0474766,0.159637,-0.117476,44.6358,0.0002,6.96191e-14,-1.34682e-10,6.96191e-14,0.0002,1.13086e-08,-1.34682e-10,1.13086e-08,0.0002
-0.646721,-0.365518,1.4524,-0.646711,-0.365311,1.45191,-0.0475212,0.159682,-0.1176,44.7887,0.0002,1.15288e-13,7.16983e-10,1.15288e-13,0.0002,1.39968e-08,7.16983e-10,1.39968e-08,0.0002
-0.646693,-0.36544,1.45216,-0.646687,-0.365113,1.45184,-0.0474933,0.15976,-0.117838,44.7004,0.0002,1.11414e-13,8.61412e-10,1.11414e-13,0.0002,1.23374e-08,8.61412e-10,1.23374e-08,0.0002
-0.646671,-0.365284,1.45222,-0.646687,-0.364649,1.45181,-0.0474708,0.159916,-0.117782,44.664,0.0002,1.07857e-13,9.53581e-10,1.07857e-13,0.0002,1.12755e-08,9.53581e-10,1.12755e-08,0.0002
-0.646615,-0.365271,1.45214,-0.6466,-0.365195,1.45182,-0.0475145,0.159829,-0.117861,44.6712,0.0002,1.64445e-13,1.41554e-09,1.64445e-13,0.0002,1.39753e-08,1.41554e-09,1.39753e-08,0.0002
-0.64663,-0.365126,1.45198,-0.646741,-0.364484,1.45167,-0.0475305,0.160074,-0.118018,44.696,0.0002,2.33445e-13,2.79724e-09,2.33445e-13,0.0002,1.04323e-08,2.79724e-09,1.04323e-08,0.0002
-0.646587,-0.365005,1.45192,-0.646623,-0.364496,1.45165,-0.0474868,0.160095,-0.118084,44.7409,0.0002,2.85009e-13,2.59707e-09,2.85009e-13,0.0002,1.34355e-08,2.59707e-09,1.34355e-08,0.0002
-0.646556,-0.364987,1.45199,-0.64648,-0.364858,1.45195,-0.0475561,0.160113,-0.118015,44.7973,0.0002,3.0597e-13,3.55352e-09,3.0597e-13,0.0002,1.00867e-08,3.55352e-09,1.00867e-08,0.0002
-0.646577,-0.364928,1.45187,-0.646871,-0.364665,1.45139,-0.0475768,0.160172,-0.118133,44.6837,0.0002,3.48309e-13,3.08107e-09,3.48309e-13,0.0002,1.32143e-08,3.08107e-09,1.32143e-08,0.0002
-0.646597,-0.364814,1.45169,-0.646784,-0.364347,1.45162,-0.0475972,0.160286,-0.11831,44.7509,0.0002,2.7721e-13,2.37623e-09,2.7721e-13,0.0002,1.18364e-08,2.37623e-09,1.18364e-08,0.0002
-0.646576,-0.364811,1.45185,-0.646597,-0.364786,1.45187,-0.0476761,0.160289,-0.118148,44.6006,0.0002,2.25774e-13,1.92466e-09,2.25774e-13,0.0002,1.09547e-08,1.92466e-09,1.09547e-08,0.0002
-0.646466,-0.364756,1.45179,-0.646237,-0.364509,1.45152,-0.047566,0.160344,-0.118214,43.6145,0.0002,2.61323e-13,2.0395e-09,2.61323e-13,0.0002,1.37697e-08,2.0395e-09,1.37697e-08,0.0002
-0.646441,-0.364772,1.4517,-0.646445,-0.364827,1.45197,-0.0476407,0.160328,-0.118304,43.7144,0.0002,2.14188e-13,1.7099e-09,2.14188e-13,0.0002,1.21918e-08,1.7099e-09,1.21918e-08,0.0002
-0.646353,-0.364756,1.45176,-0.646106,-0.364679,1.45139,-0.0475528,0.160444,-0.118239,43.5782,0.0002,1.80311e-13,1.49819e-09,1.80311e-13,0.0002,1.11821e-08,1.49819e-09,1.11821e-08,0.0002
-0.646285,-0.364762,1.45174,-0.646226,-0.364761,1.45164,-0.0474853,0.160438,-0.118262,43.6016,0.0002,2.23165e-13,1.76717e-09,2.23165e-13,0.0002,1.39152e-08,1.76717e-09,1.39152e-08,0.0002
-0.646241,-0.364747,1.45164,-0.646215,-0.364615,1.45159,-0.0475408,0.160453,-0.118355,43.5671,0.0002,3.73908e-13,3.4274e-09,3.73908e-13,0.0002,1.37724e-08,3.4274e-09,1.37724e-08,0.0002
-0.646124,-0.364709,1.45158,-0.645822,-0.364592,1.45166,-0.0474242,0.160491,-0.118415,43.5953,0.0002,1.90962e-13,1.11116e-09,1.90962e-13,0.0002,1.40856e-08,1.11116e-09,1.40856e-08,0.0002
-0.646085,-0.364597,1.4516,-0.645976,-0.364089,1.45136,-0.0473852,0.160603,-0.118397,43.617,0.0002,2.51533e-13,2.60302e-09,2.51533e-13,0.0002,1.05022e-08,2.60302e-09,1.05022e-08,0.0002
-0.646041,-0.364599,1.45169,-0.646074,-0.364582,1.45202,-0.0474407,0.160601,-0.118313,43.6721,0.0002,2.92474e-13,2.47534e-09,2.92474e-13,0.0002,1.34799e-08,2.47534e-09,1.34799e-08,0.0002
-0.646019,-0.364633,1.45176,-0.645977,-0.364709,1.45175,-0.0474186,0.160567,-0.118237,43.5803,0.0002,3.11134e-13,3.47595e-09,3.11134e-13,0.0002,1.01147e-08,3.47595e-09,1.01147e-08,0.0002
-0.645973,-0.364635,1.45168,-0.645953,-0.364679,1.45167,-0.0473727,0.160565,-0.118319,43.5875,0.0002,1.74607e-13,1.14161e-09,1.74607e-13,0.0002,1.17445e-08,1.14161e-09,1.17445e-08,0.0002
-0.64595,-0.364572,1.45169,-0.646013,-0.364245,1.45143,-0.0474503,0.160628,-0.118306,43.6302,0.0002,3.14799e-13,3.02654e-09,3.14799e-13,0.0002,1.23834e-08,3.02654e-09,1.23834e-08,0.0002
-0.645949,-0.364468,1.45164,-0.646004,-0.364102,1.45172,-0.0474493,0.160732,-0.118363,43.6624,0.0002,1.10511e-13,4.49693e-10,1.10511e-13,0.0002,9.81732e-09,4.49693e-10,9.81732e-09,0.0002
-0.645878,-0.364435,1.45166,-0.645802,-0.364275,1.45173,-0.0473776,0.160765,-0.118344,43.7005,0.0002,1.50485e-13,1.09698e-09,1.50485e-13,0.0002,1.30416e-08,1.09698e-09,1.30416e-08,0.0002
-0.645878,-0.364395,1.4516,-0.646093,-0.36421,1.45137,-0.0474784,0.160805,-0.118401,43.6298,0.0002,2.00323e-13,1.51111e-09,2.00323e-13,0.0002,1.51052e-08,1.51111e-09,1.51052e-08,0.0002
-0.645874,-0.364344,1.45163,-0.645855,-0.364139,1.45173,-0.0474738,0.160856,-0.118375,43.6575,0.0002,1.1652e-13,9.67112e-10,1.1652e-13,0.0002,9.6673e-09,9.67112e-10,9.6673e-09,0.0002
-0.64583,-0.364377,1.45161,-0.645865,-0.364484,1.45156,-0.0474299,0.160823,-0.118388,43.5863,0.0002,1.65988e-13,1.4282e-09,1.65988e-13,0.0002,1.29456e-08,1.4282e-09,1.29456e-08,0.0002
-0.645811,-0.364415,1.45166,-0.645889,-0.364496,1.45156,-0.0475112,0.160785,-0.118335,43.6447,0.0002,3.24146e-13,3.21029e-09,3.24146e-13,0.0002,1.31519e-08,3.21029e-09,1.31519e-08,0.0002
-0.645762,-0.364389,1.45168,-0.645673,-0.364275,1.45174,-0.0474625,0.160811,-0.11832,43.6485,0.0002,2.62713e-13,2.45908e-09,2.62713e-13,0.0002,1.17965e-08,2.45908e-09,1.17965e-08,0.0002
-0.645727,-0.364311,1.45159,-0.645749,-0.364031,1.45156,-0.0474269,0.160889,-0.118408,43.6911,0.0002,1.16642e-13,4.91254e-10,1.16642e-13,0.0002,1.2821e-08,4.91254e-10,1.2821e-08,0.0002
-0.64572,-0.364254,1.45161,-0.645844,-0.363956,1.45136,-0.0475198,0.160946,-0.118391,43.6453,0.0002,2.78461e-13,2.61075e-09,2.78461e-13,0.0002,1.30721e-08,2.61075e-09,1.30721e-08,0.0002
-0.645683,-0.364214,1.45157,-0.645643,-0.364042,1.45142,-0.0474832,0.160986,-0.118428,43.5764,0.0002,2.28988e-13,2.07556e-09,2.28988e-13,0.0002,1.17454e-08,2.07556e-09,1.17454e-08,0.0002
-0.645627,-0.364236,1.45164,-0.645509,-0.364312,1.45191,-0.0474274,0.160864,-0.118361,43.5502,0.0002,1.92475e-13,1.73316e-09,1.92475e-13,0.0002,1.08963e-08,1.73316e-09,1.08963e-08,0.0002
-0.645597,-0.364182,1.45156,-0.64563,-0.363891,1.45157,-0.0474975,0.160918,-0.118437,43.6084,0.0002,3.27407e-13,3.40611e-09,3.27407e-13,0.0002,1.184e-08,3.40611e-09,1.184e-08,0.0002
-0.645543,-0.364193,1.45165,-0.645479,-0.364165,1.45169,-0.0474434,0.160907,-0.118348,43.6068,0.0002,4.46056e-13,4.4764e-09,4.46056e-13,0.0002,1.24442e-08,4.4764e-09,1.24442e-08,0.0002
-0.645498,-0.364225,1.45173,-0.645479,-0.36439,1.45174,-0.0473975,0.160875,-0.118266,43.5702,0.0002,2.61968e-13,1.78165e-09,2.61968e-13,0.0002,1.32354e-08,1.78165e-09,1.32354e-08,0.0002
-0.645524,-0.364202,1.45163,-0.645676,-0.364049,1.45156,-0.047524,0.160998,-0.118365,43.6838,0.0002,2.9035e-13,3.03215e-09,2.9035e-13,0.0002,9.95801e-09,3.03215e-09,9.95801e-09,0.0002
-0.645492,-0.364184,1.45171,-0.645531,-0.364144,1.45169,-0.0474924,0.161016,-0.118292,43.6131,0.0002,1.54723e-13,8.57423e-10,1.54723e-13,0.0002,1.16442e-08,8.57423e-10,1.16442e-08,0.0002
-0.645463,-0.364161,1.45162,-0.645499,-0.364001,1.45158,-0.0474632,0.161039,-0.11838,43.6277,0.0002,2.97095e-13,2.8453e-09,2.97095e-13,0.0002,1.23189e-08,2.8453e-09,1.23189e-08,0.0002
-0.645709,-0.36428,1.45114,-0.646842,-0.364682,1.44888,-0.0478086,0.16092,-0.118864,43.5138,0.0002,4.22494e-13,4.1172e-09,4.22494e-13,0.0002,1.27508e-08,4.1172e-09,1.27508e-08,0.0002
-0.6459,-0.364321,1.45065,-0.646876,-0.364461,1.44871,-0.0479998,0.160879,-0.11935,43.586,0.0002,4.39933e-13,3.44757e-09,4.39933e-13,0.0002,1.49186e-08,3.44757e-09,1.49186e-08,0.0002
-0.646113,-0.364413,1.45027,-0.646964,-0.364781,1.44876,-0.0482126,0.160787,-0.119729,43.4465,0.0002,2.55223e-13,2.20644e-09,2.55223e-13,0.0002,9.54793e-09,2.20644e-09,9.54793e-09,0.0002
-0.646257,-0.364527,1.45002,-0.647046,-0.364956,1.449,-0.0484571,0.160673,-0.119984,43.5863,0.0002,2.8429e-13,2.23053e-09,2.8429e-13,0.0002,1.28681e-08,2.23053e-09,1.28681e-08,0.0002
-0.646362,-0.364492,1.44959,-0.646887,-0.36434,1.44852,-0.0485619,0.160708,-0.120409,43.5802,0.0002,2.30195e-13,1.83814e-09,2.30195e-13,0.0002,1.16141e-08,1.83814e-09,1.16141e-08,0.0002
-0.646457,-0.364469,1.44942,-0.647004,-0.364411,1.4484,-0.0486574,0.160731,-0.121583,43.5987,0.0002,8.76849e-14,1.0403e-10,8.76849e-14,0.0002,1.27063e-08,1.0403e-10,1.27063e-08,0.0002
-0.646557,-0.364443,1.44923,-0.64705,-0.364221,1.44849,-0.0488573,0.160757,-0.121769,43.5383,0.0002,3.32805e-13,3.85702e-09,3.32805e-13,0.0002,1.10983e-08,3.85702e-09,1.10983e-08,0.0002
-0.646597,-0.364454,1.44911,-0.646863,-0.364486,1.44863,-0.0488974,0.160746,-0.12189,43.5745,0.0002,2.74193e-13,2.88121e-09,2.74193e-13,0.0002,1.04812e-08,2.88121e-09,1.04812e-08,0.0002
-0.646629,-0.364445,1.44907,-0.646918,-0.36444,1.44858,-0.0489285,0.160755,-0.120931,43.4938,0.0002,1.39718e-13,7.74127e-10,1.39718e-13,0.0002,1.19818e-08,7.74127e-10,1.19818e-08,0.0002
-0.646686,-0.364429,1.44883,-0.647021,-0.364351,1.4485,-0.0490858,0.160771,-0.122171,43.575,0.0002,1.25651e-13,9.09242e-10,1.25651e-13,0.0002,1.10465e-08,9.09242e-10,1.10465e-08,0.0002
-0.646699,-0.364488,1.4489,-0.646856,-0.364711,1.44854,-0.0490988,0.160712,-0.122101,43.5047,0.0002,1.16529e-13,9.95454e-10,1.16529e-13,0.0002,1.04479e-08,9.95454e-10,1.04479e-08,0.0002
-0.646722,-0.364536,1.44873,-0.646966,-0.36466,1.4484,-0.0491218,0.160664,-0.121265,43.5006,0.0002,2.64631e-13,2.9473e-09,2.64631e-13,0.0002,1.15468e-08,2.9473e-09,1.15468e-08,0.0002
-0.646719,-0.364383,1.44865,-0.646826,-0.363862,1.44829,-0.0491189,0.160817,-0.121355,43.5825,0.0002,-1.86025e-14,-1.0774e-09,-1.86025e-14,0.0002,1.11824e-08,-1.0774e-09,1.11824e-08,0.0002
-0.646711,-0.364466,1.44866,-0.64677,-0.36468,1.44871,-0.0492107,0.160734,-0.121341,43.3952,0.0002,2.3274e-13,3.10319e-09,2.3274e-13,0.0002,1.01201e-08,3.10319e-09,1.01201e-08,0.0002
-0.646681,-0.364473,1.4487,-0.646729,-0.364534,1.44856,-0.0491814,0.160727,-0.121297,43.5215,0.0002,1.19297e-13,9.18576e-10,1.19297e-13,0.0002,1.17511e-08,9.18576e-10,1.17511e-08,0.0002
-0.64664,-0.364507,1.44872,-0.646685,-0.364615,1.44879,-0.0492398,0.160693,-0.12228,43.5179,0.0002,1.74559e-13,1.41689e-09,1.74559e-13,0.0002,1.42768e-08,1.41689e-09,1.42768e-08,0.0002
-0.646658,-0.364425,1.44868,-0.646822,-0.363981,1.4485,-0.0492577,0.160775,-0.122324,43.5681,0.0002,4.20166e-13,4.69931e-09,4.20166e-13,0.0002,1.21008e-08,4.69931e-09,1.21008e-08,0.0002
-0.646602,-0.364232,1.4485,-0.646542,-0.363494,1.44813,-0.0492016,0.160968,-0.122496,43.4481,0.0002,2.52756e-13,1.94085e-09,2.52756e-13,0.0002,1.3019e-08,1.94085e-09,1.3019e-08,0.0002
-0.64659,-0.364146,1.44861,-0.646649,-0.363786,1.44839,-0.04929,0.161054,-0.122391,43.5419,0.0002,2.08227e-13,1.65678e-09,2.08227e-13,0.0002,1.17102e-08,1.65678e-09,1.17102e-08,0.0002
-0.646556,-0.364154,1.44858,-0.646571,-0.364113,1.44877,-0.0492558,0.161046,-0.122423,43.4865,0.0002,3.44556e-13,3.37196e-09,3.44556e-13,0.0002,1.23539e-08,3.37196e-09,1.23539e-08,0.0002
-0.646566,-0.364093,1.44849,-0.646773,-0.363883,1.44848,-0.0492663,0.161107,-0.121507,43.5263,0.0002,1.8166e-13,1.09186e-09,1.8166e-13,0.0002,1.31811e-08,1.09186e-09,1.31811e-08,0.0002
-0.646587,-0.363989,1.44842,-0.646718,-0.363512,1.4478,-0.0493874,0.161211,-0.121582,43.4437,0.0002,2.39116e-13,2.59526e-09,2.39116e-13,0.0002,9.91742e-09,2.59526e-09,9.91742e-09,0.0002
-0.646581,-0.363981,1.44838,-0.646767,-0.363924,1.44824,-0.0493811,0.161219,-0.121617,43.5924,0.0002,2.84946e-13,2.49189e-09,2.84946e-13,0.0002,1.3103e-08,2.49189e-09,1.3103e-08,0.0002
-0.646471,-0.364285,1.44842,-0.646194,-0.365534,1.44887,-0.0492706,0.160915,-0.121583,43.7162,0.0002,1.25363e-13,5.29642e-10,1.25363e-13,0.0002,1.36607e-08,5.29642e-10,1.36607e-08,0.0002
-0.646399,-0.364684,1.44866,-0.646159,-0.366223,1.4493,-0.0492991,0.160516,-0.122343,43.6111,0.0002,2.07077e-13,2.23556e-09,2.07077e-13,0.0002,1.02242e-08,2.23556e-09,1.02242e-08,0.0002
-0.646324,-0.364884,1.44866,-0.646189,-0.365715,1.44897,-0.0492242,0.160316,-0.121344,43.686,0.0002,8.76283e-14,3.64136e-10,8.76283e-14,0.0002,1.1818e-08,3.64136e-10,1.1818e-08,0.0002
-0.646248,-0.365054,1.44865,-0.646096,-0.365661,1.44896,-0.0491482,0.160146,-0.121347,43.6502,0.0002,2.4975e-13,2.54444e-09,2.4975e-13,0.0002,1.2423e-08,2.54444e-09,1.2423e-08,0.0002
-0.646144,-0.365293,1.44886,-0.645893,-0.366282,1.44938,-0.0491443,0.159907,-0.121138,43.5903,0.0002,1.07379e-13,5.61012e-10,1.07379e-13,0.0002,1.32251e-08,5.61012e-10,1.32251e-08,0.0002
-0.646092,-0.365484,1.44895,-0.645978,-0.36613,1.4493,-0.0490925,0.159716,-0.12105,43.7167,0.0002,3.56305e-13,4.15113e-09,3.56305e-13,0.0002,1.14282e-08,4.15113e-09,1.14282e-08,0.0002
-0.645997,-0.365582,1.44893,-0.64578,-0.366008,1.44919,-0.049097,0.159618,-0.121066,43.2274,0.0002,2.07459e-13,1.58856e-09,2.07459e-13,0.0002,1.25882e-08,1.58856e-09,1.25882e-08,0.0002
-0.645983,-0.365703,1.44917,-0.646033,-0.366175,1.44947,-0.0490831,0.159497,-0.120833,43.2289,0.0002,1.7608e-13,1.42986e-09,1.7608e-13,0.0002,1.14347e-08,1.42986e-09,1.14347e-08,0.0002
-0.645887,-0.365806,1.44914,-0.645655,-0.366148,1.44934,-0.0489871,0.159394,-0.120863,43.064,0.0002,3.18048e-13,3.22402e-09,3.18048e-13,0.0002,1.21789e-08,3.22402e-09,1.21789e-08,0.0002
-0.645809,-0.365792,1.44922,-0.645617,-0.365827,1.44956,-0.0489094,0.159408,-0.120778,43.2359,0.0002,9.33486e-15,-9.0183e-10,9.33486e-15,0.0002,1.15858e-08,-9.0183e-10,1.15858e-08,0.0002
-0.645781,-0.365883,1.44919,-0.64582,-0.366173,1.44939,-0.0489811,0.159317,-0.120808,43.1417,0.0002,1.78895e-13,1.73147e-09,1.78895e-13,0.0002,1.22757e-08,1.73147e-09,1.22757e-08,0.0002
-0.645722,-0.365865,1.44943,-0.645589,-0.36578,1.44973,-0.0489215,0.159335,-0.121573,43.2806,0.0002,1.58577e-13,1.52045e-09,1.58577e-13,0.0002,1.12348e-08,1.52045e-09,1.12348e-08,0.0002
-0.645648,-0.365776,1.44938,-0.645517,-0.365453,1.44953,-0.0489476,0.159424,-0.121616,43.1469,0.0002,3.88448e-14,-9.7591e-11,3.88448e-14,0.0002,1.24639e-08,-9.7591e-11,1.24639e-08,0.0002
-0.64562,-0.365769,1.44935,-0.64566,-0.36567,1.44954,-0.0489198,0.159431,-0.121649,43.3345,0.0002,2.17928e-13,2.2454e-09,2.17928e-13,0.0002,1.28381e-08,2.2454e-09,1.28381e-08,0.0002
-0.645608,-0.365641,1.44934,-0.645681,-0.365223,1.44927,-0.0489083,0.159559,-0.120665,43.2701,0.0002,-7.32476e-14,-1.52896e-09,-7.32476e-14,0.0002,1.2007e-08,-1.52896e-09,1.2007e-08,0.0002
-0.645613,-0.365712,1.44934,-0.645725,-0.365878,1.44934,-0.0489131,0.159488,-0.121664,43.2075,0.0002,2.08419e-13,2.81215e-09,2.08419e-13,0.0002,1.06505e-08,2.81215e-09,1.06505e-08,0.0002
-0.645575,-0.365729,1.44947,-0.645589,-0.365829,1.4497,-0.0489753,0.159471,-0.120528,43.225,0.0002,9.53641e-14,7.28738e-10,9.53641e-14,0.0002,1.20899e-08,7.28738e-10,1.20899e-08,0.0002
-0.645543,-0.365696,1.44937,-0.645518,-0.365553,1.4496,-0.0489426,0.159504,-0.12063,43.2066,0.0002,9.69486e-14,8.78832e-10,9.69486e-14,0.0002,1.11158e-08,8.78832e-10,1.11158e-08,0.0002
-0.64547,-0.365647,1.44954,-0.645286,-0.365437,1.4496,-0.0488702,0.159553,-0.120458,43.2722,0.0002,9.78646e-14,9.74163e-10,9.78646e-14,0.0002,1.04925e-08,9.74163e-10,1.04925e-08,0.0002
-0.645433,-0.36555,1.44943,-0.645436,-0.365091,1.44928,-0.0489331,0.15965,-0.120573,43.1572,0.0002,2.52567e-13,2.93055e-09,2.52567e-13,0.0002,1.15768e-08,2.93055e-09,1.15768e-08,0.0002
-0.645392,-0.365623,1.44953,-0.645392,-0.365948,1.44964,-0.0488919,0.159577,-0.120468,43.3193,0.0002,1.19998e-13,8.04037e-10,1.19998e-13,0.0002,1.26826e-08,8.04037e-10,1.26826e-08,0.0002
-0.645386,-0.365574,1.44938,-0.645466,-0.365364,1.44943,-0.0488855,0.159626,-0.120615,43.1463,0.0002,1.14084e-13,9.26818e-10,1.14084e-13,0.0002,1.14952e-08,9.26818e-10,1.14952e-08,0.0002
-0.645361,-0.365534,1.44932,-0.645476,-0.365348,1.44908,-0.0489613,0.159666,-0.120677,43.1048,0.0002,1.70216e-13,1.41756e-09,1.70216e-13,0.0002,1.41136e-08,1.41756e-09,1.41136e-08,0.0002
-0.64533,-0.366062,1.44933,-0.645311,-0.368163,1.44871,-0.0489302,0.159138,-0.120673,43.7892,0.0002,1.52354e-13,1.3191e-09,1.52354e-13,0.0002,1.24111e-08,1.3191e-09,1.24111e-08,0.0002
-0.645272,-0.366509,1.44911,-0.645143,-0.368286,1.44889,-0.0488716,0.158691,-0.120888,43.7132,0.0002,1.3852e-13,1.25715e-09,1.3852e-13,0.0002,1.13213e-08,1.25715e-09,1.13213e-08,0.0002
-0.645195,-0.366954,1.44923,-0.645039,-0.368661,1.44939,-0.0488947,0.158246,-0.12077,43.8285,0.0002,2.90434e-13,3.11298e-09,2.90434e-13,0.0002,1.21066e-08,3.11298e-09,1.21066e-08,0.0002
-0.645097,-0.367347,1.44924,-0.644871,-0.36895,1.44962,-0.0487971,0.157853,-0.120755,43.8008,0.0002,1.44126e-13,9.22668e-10,1.44126e-13,0.0002,1.30221e-08,9.22668e-10,1.30221e-08,0.0002
-0.644996,-0.36764,1.44944,-0.644638,-0.368756,1.44989,-0.048696,0.15756,-0.120564,43.8131,0.0002,2.13944e-13,2.48587e-09,2.13944e-13,0.0002,9.8171e-09,2.48587e-09,9.8171e-09,0.0002
-0.644888,-0.36787,1.44946,-0.644668,-0.368762,1.44953,-0.0486881,0.15733,-0.120545,43.7425,0.0002,2.65489e-13,2.415e-09,2.65489e-13,0.0002,1.30397e-08,2.415e-09,1.30397e-08,0.0002
-0.644818,-0.36801,1.44949,-0.644539,-0.368572,1.44961,-0.0486183,0.15719,-0.120513,43.7835,0.0002,1.5379e-13,1.5456e-09,1.5379e-13,0.0002,8.34538e-09,1.5456e-09,8.34538e-09,0.0002
-0.644759,-0.368132,1.44954,-0.644732,-0.368594,1.44976,-0.0485588,0.157068,-0.120458,43.7418,0.0002,2.01078e-13,1.81289e-09,2.01078e-13,0.0002,1.20978e-08,1.81289e-09,1.20978e-08,0.0002
-0.644757,-0.368194,1.44953,-0.64475,-0.368441,1.44949,-0.048657,0.157006,-0.120468,43.8847,0.0002,1.17461e-13,1.16025e-09,1.17461e-13,0.0002,7.7426e-09,1.16025e-09,7.7426e-09,0.0002
-0.644694,-0.368313,1.44959,-0.644651,-0.368766,1.44983,-0.0485935,0.156887,-0.120408,43.7508,0.0002,1.66788e-13,1.56596e-09,1.66788e-13,0.0002,1.17121e-08,1.56596e-09,1.17121e-08,0.0002
-0.64465,-0.368429,1.44971,-0.64464,-0.368926,1.44984,-0.0485499,0.156771,-0.120295,43.8402,0.0002,4.21746e-14,-7.01721e-11,4.21746e-14,0.0002,1.2769e-08,-7.01721e-11,1.2769e-08,0.0002
-0.644569,-0.368466,1.44959,-0.644353,-0.3686,1.44977,-0.0485695,0.156734,-0.120409,43.7721,0.0002,5.76582e-14,3.6674e-10,5.76582e-14,0.0002,1.15506e-08,3.6674e-10,1.15506e-08,0.0002
-0.644495,-0.368578,1.44975,-0.644349,-0.368953,1.45009,-0.0484951,0.156622,-0.120246,43.739,0.0002,2.27676e-13,2.54079e-09,2.27676e-13,0.0002,1.22544e-08,2.54079e-09,1.22544e-08,0.0002
-0.644466,-0.368532,1.44971,-0.644458,-0.368335,1.44955,-0.0484665,0.156668,-0.120287,43.8262,0.0002,1.96086e-13,2.03706e-09,1.96086e-13,0.0002,1.12213e-08,2.03706e-09,1.12213e-08,0.0002
-0.644433,-0.368551,1.44972,-0.644512,-0.368601,1.44972,-0.0485333,0.156649,-0.120285,43.6947,0.0002,2.46808e-13,2.12589e-09,2.46808e-13,0.0002,1.39386e-08,2.12589e-09,1.39386e-08,0.0002
-0.644477,-0.368447,1.44963,-0.644652,-0.368033,1.44926,-0.0485771,0.156753,-0.120375,43.8379,0.0002,1.42785e-13,1.36057e-09,1.42785e-13,0.0002,8.9207e-09,1.36057e-09,8.9207e-09,0.0002
-0.644435,-0.368444,1.44969,-0.64443,-0.368466,1.44963,-0.0485348,0.156756,-0.12031,43.8613,0.0002,3.79994e-14,-2.01796e-10,3.79994e-14,0.0002,1.09825e-08,-2.01796e-10,1.09825e-08,0.0002
-0.644362,-0.368417,1.44969,-0.644223,-0.368233,1.45,-0.0485621,0.156783,-0.120312,43.6634,0.0002,2.01306e-13,2.17722e-09,2.01306e-13,0.0002,1.18907e-08,2.17722e-09,1.18907e-08,0.0002
-0.644337,-0.368352,1.44981,-0.644293,-0.368138,1.44998,-0.0485365,0.156848,-0.12019,43.8018,0.0002,4.03547e-14,-9.03788e-11,4.03547e-14,0.0002,9.50477e-09,-9.03788e-11,9.50477e-09,0.0002
-0.644313,-0.368416,1.44985,-0.644431,-0.368648,1.45003,-0.0485132,0.156784,-0.120146,43.8084,0.0002,9.29259e-14,7.6368e-10,9.29259e-14,0.0002,1.28401e-08,7.6368e-10,1.28401e-08,0.0002
-0.644273,-0.368447,1.44981,-0.644265,-0.368497,1.44995,-0.0485733,0.156753,-0.12019,43.6771,0.0002,2.67951e-13,2.79432e-09,2.67951e-13,0.0002,1.308e-08,2.79432e-09,1.308e-08,0.0002
-0.644258,-0.36842,1.44977,-0.644315,-0.368405,1.44964,-0.0485579,0.15678,-0.120225,43.7028,0.0002,-3.95884e-14,-1.17938e-09,-3.95884e-14,0.0002,1.21604e-08,-1.17938e-09,1.21604e-08,0.0002
-0.644219,-0.368471,1.44981,-0.644158,-0.368555,1.44996,-0.0485194,0.156729,-0.120187,43.6947,0.0002,2.34643e-13,3.03457e-09,2.34643e-13,0.0002,1.07503e-08,3.03457e-09,1.07503e-08,0.0002
-0.644182,-0.368454,1.44994,-0.644195,-0.368419,1.45011,-0.0485815,0.156746,-0.120064,43.7206,0.0002,1.15053e-13,8.68577e-10,1.15053e-13,0.0002,1.21533e-08,8.68577e-10,1.21533e-08,0.0002
-0.644166,-0.368464,1.4499,-0.644151,-0.368447,1.45005,-0.0485662,0.156736,-0.120105,43.6389,0.0002,1.88799e-13,2.45046e-09,1.88799e-13,0.0002,9.26205e-09,2.45046e-09,9.26205e-09,0.0002
-0.644096,-0.368486,1.44986,-0.644028,-0.368547,1.44973,-0.0484963,0.156714,-0.120138,43.7502,0.0002,2.47093e-13,2.38924e-09,2.47093e-13,0.0002,1.26848e-08,2.38924e-09,1.26848e-08,0.0002
-0.644056,-0.368548,1.44989,-0.644,-0.368786,1.45002,-0.0485559,0.156652,-0.120107,43.5967,0.0002,2.07503e-13,1.9397e-09,2.07503e-13,0.0002,1.14968e-08,1.9397e-09,1.14968e-08,0.0002
-0.643985,-0.368547,1.44994,-0.643915,-0.368517,1.45011,-0.0484854,0.156653,-0.120063,43.779,0.0002,2.52478e-13,2.06237e-09,2.52478e-13,0.0002,1.41151e-08,2.06237e-09,1.41151e-08,0.0002
-0.643952,-0.368512,1.45,-0.643877,-0.368418,1.44993,-0.0484519,0.156688,-0.120001,43.6844,0.0002,5.66461e-14,-1.64353e-10,5.66461e-14,0.0002,1.0928e-08,-1.64353e-10,1.0928e-08,0.0002
-0.643882,-0.368502,1.45,-0.643812,-0.368435,1.44998,-0.0484818,0.156698,-0.120005,43.7575,0.0002,1.06528e-13,7.15056e-10,1.06528e-13,0.0002,1.37511e-08,7.15056e-10,1.37511e-08,0.0002
-0.643876,-0.368468,1.44995,-0.643957,-0.368319,1.44975,-0.0484758,0.156732,-0.120053,43.6492,0.0002,1.06071e-13,8.6777e-10,1.06071e-13,0.0002,1.21793e-08,8.6777e-10,1.21793e-08,0.0002
-0.643806,-0.36838,1.44997,-0.643681,-0.367959,1.44976,-0.0484064,0.15682,-0.120027,43.691,0.0002,2.7161e-13,2.85972e-09,2.7161e-13,0.0002,1.26576e-08,2.85972e-09,1.26576e-08,0.0002
-0.643809,-0.368373,1.44985,-0.643924,-0.368331,1.45001,-0.0485089,0.156827,-0.120147,43.6962,0.0002,2.26819e-13,2.24097e-09,2.26819e-13,0.0002,1.14794e-08,2.24097e-09,1.14794e-08,0.0002
-0.643785,-0.368398,1.44996,-0.643853,-0.368533,1.45006,-0.0484847,0.156802,-0.120042,43.6233,0.0002,9.26965e-14,3.60456e-10,9.26965e-14,0.0002,1.26198e-08,3.60456e-10,1.26198e-08,0.0002
-0.643716,-0.368439,1.44995,-0.643532,-0.368484,1.44994,-0.0484156,0.156761,-0.120046,43.6478,0.0002,3.36116e-13,4.01953e-09,3.36116e-13,0.0002,1.1045e-08,4.01953e-09,1.1045e-08,0.0002
-0.643654,-0.368339,1.44988,-0.643525,-0.368032,1.4496,-0.0484538,0.156861,-0.120116,43.6245,0.0002,4.48457e-14,-3.95804e-10,4.48457e-14,0.0002,1.08577e-08,-3.95804e-10,1.08577e-08,0.0002
-0.643638,-0.368245,1.44981,-0.643725,-0.367795,1.44919,-0.0484377,0.156955,-0.120192,43.541,0.0002,2.0146e-13,2.05134e-09,2.0146e-13,0.0002,1.18116e-08,2.05134e-09,1.18116e-08,0.0002
-0.643641,-0.368179,1.44972,-0.643712,-0.367962,1.4497,-0.0485407,0.157021,-0.120276,43.6948,0.0002,4.07986e-14,-1.70867e-10,4.07986e-14,0.0002,9.45421e-09,-1.70867e-10,9.45421e-09,0.0002
-0.643589,-0.368233,1.44972,-0.643594,-0.368425,1.44971,-0.0484892,0.156967,-0.120279,43.5944,0.0002,9.1187e-14,7.12747e-10,9.1187e-14,0.0002,1.28076e-08,7.12747e-10,1.28076e-08,0.0002
-0.643589,-0.368293,1.4499,-0.643696,-0.368517,1.44999,-0.0484894,0.156907,-0.120098,43.6345,0.0002,9.49846e-14,8.66683e-10,9.49846e-14,0.0002,1.15754e-08,8.66683e-10,1.15754e-08,0.0002
-0.643494,-0.368289,1.44983,-0.643265,-0.368202,1.44988,-0.0484942,0.156911,-0.120166,43.6149,0.0002,2.58994e-13,2.86001e-09,2.58994e-13,0.0002,1.22707e-08,2.86001e-09,1.22707e-08,0.0002
-0.643448,-0.368319,1.44989,-0.643369,-0.368429,1.45012,-0.048448,0.156881,-0.120109,43.531,0.0002,2.18641e-13,2.24109e-09,2.18641e-13,0.0002,1.12318e-08,2.24109e-09,1.12318e-08,0.0002
-0.643428,-0.368251,1.44986,-0.643455,-0.367964,1.44972,-0.0484282,0.156949,-0.120143,43.6399,0.0002,1.87309e-13,1.84478e-09,1.87309e-13,0.0002,1.05669e-08,1.84478e-09,1.05669e-08,0.0002
-0.643396,-0.368203,1.44983,-0.643481,-0.367986,1.44971,-0.0484965,0.156997,-0.120173,43.6255,0.0002,2.35111e-13,2.00186e-09,2.35111e-13,0.0002,1.35199e-08,2.00186e-09,1.35199e-08,0.0002
-0.643396,-0.368206,1.44984,-0.643395,-0.368216,1.44989,-0.0484962,0.156994,-0.120161,43.5592,0.0002,1.36614e-13,1.28119e-09,1.36614e-13,0.0002,8.65272e-09,1.28119e-09,8.65272e-09,0.0002
-0.643361,-0.368236,1.44989,-0.643433,-0.36833,1.45007,-0.0484613,0.156964,-0.120115,43.4634,0.0002,1.84385e-13,1.64129e-09,1.84385e-13,0.0002,1.22948e-08,1.64129e-09,1.22948e-08,0.0002
-0.643318,-0.368142,1.44991,-0.643251,-0.367757,1.45,-0.0484182,0.157058,-0.120091,43.6556,0.0002,1.61264e-13,1.46093e-09,1.61264e-13,0.0002,1.12472e-08,1.46093e-09,1.12472e-08,0.0002
-0.643249,-0.368168,1.44981,-0.643124,-0.368196,1.44976,-0.0484489,0.157032,-0.120185,43.4678,0.0002,3.07091e-13,3.2403e-09,3.07091e-13,0.0002,1.20606e-08,3.2403e-09,1.20606e-08,0.0002
-0.643212,-0.368093,1.44984,-0.643125,-0.36784,1.4496,-0.0484123,0.157107,-0.120165,43.6251,0.0002,1.08688e-13,5.89755e-10,1.08688e-13,0.0002,9.61333e-09,5.89755e-10,9.61333e-09,0.0002
-0.643164,-0.368093,1.44988,-0.643183,-0.36807,1.45004,-0.0483642,0.157107,-0.120123,43.5832,0.0002,1.52979e-13,1.19879e-09,1.52979e-13,0.0002,1.29096e-08,1.19879e-09,1.29096e-08,0.0002
-0.643155,-0.368101,1.44986,-0.643117,-0.36813,1.44979,-0.0484548,0.157099,-0.120141,43.5874,0.0002,8.99828e-14,7.67228e-10,8.99828e-14,0.0002,8.26213e-09,7.67228e-10,8.26213e-09,0.0002
-0.643186,-0.368089,1.44984,-0.643524,-0.368016,1.44979,-0.0484864,0.157111,-0.120156,44.5091,0.0002,1.41028e-13,1.31222e-09,1.41028e-13,0.0002,1.20448e-08,1.31222e-09,1.20448e-08,0.0002
-0.64321,-0.368014,1.44972,-0.643455,-0.367645,1.44953,-0.0485097,0.157186,-0.120282,44.5513,0.0002,2.99169e-13,3.14544e-09,2.99169e-13,0.0002,1.2571e-08,3.14544e-09,1.2571e-08,0.0002
-0.643232,-0.367969,1.44971,-0.643437,-0.367881,1.44969,-0.0486315,0.157231,-0.120288,44.5193,0.0002,-9.18301e-15,-9.54325e-10,-9.18301e-15,0.0002,1.1835e-08,-9.54325e-10,1.1835e-08,0.0002
-0.643264,-0.368023,1.44974,-0.643487,-0.36812,1.44986,-0.048664,0.157177,-0.12026,44.4682,0.0002,2.50175e-13,3.1788e-09,2.50175e-13,0.0002,1.05418e-08,3.1788e-09,1.05418e-08,0.0002
-0.643294,-0.36791,1.44971,-0.643626,-0.367434,1.44961,-0.0486943,0.15729,-0.120287,44.6965,0.0002,3.0601e-13,2.85642e-09,3.0601e-13,0.0002,1.35037e-08,2.85642e-09,1.35037e-08,0.0002
-0.643341,-0.367832,1.44963,-0.643527,-0.367517,1.44929,-0.0487409,0.157368,-0.12037,44.495,0.0002,1.76097e-13,1.82811e-09,1.76097e-13,0.0002,8.64237e-09,1.82811e-09,8.64237e-09,0.0002
-0.643321,-0.367768,1.44961,-0.643451,-0.367488,1.44951,-0.0488208,0.157432,-0.120395,44.5845,0.0002,2.22838e-13,1.99273e-09,2.22838e-13,0.0002,1.2288e-08,1.99273e-09,1.2288e-08,0.0002
-0.643307,-0.367796,1.44958,-0.643346,-0.367789,1.44946,-0.0488073,0.157404,-0.120424,44.5301,0.0002,4.24298e-13,5.06523e-09,4.24298e-13,0.0002,1.08313e-08,5.06523e-09,1.08313e-08,0.0002
-0.643327,-0.367715,1.44956,-0.643524,-0.367486,1.44952,-0.048927,0.157485,-0.120435,44.5837,0.0002,1.1533e-13,2.74879e-10,1.1533e-13,0.0002,1.0722e-08,2.74879e-10,1.0722e-08,0.0002
-0.643311,-0.367673,1.44964,-0.643401,-0.367433,1.44962,-0.0489115,0.157527,-0.12036,44.57,0.0002,2.55353e-13,2.48213e-09,2.55353e-13,0.0002,1.17241e-08,2.48213e-09,1.17241e-08,0.0002
-0.643297,-0.367737,1.4496,-0.643405,-0.368024,1.44978,-0.0488972,0.157463,-0.120396,44.4792,0.0002,1.13633e-13,5.16759e-10,1.13633e-13,0.0002,1.27768e-08,5.16759e-10,1.27768e-08,0.0002
-0.643325,-0.367707,1.44969,-0.643481,-0.367528,1.44972,-0.0489247,0.157493,-0.120309,44.6285,0.0002,1.92695e-13,2.22555e-09,1.92695e-13,0.0002,9.66081e-09,2.22555e-09,9.66081e-09,0.0002
-0.643237,-0.367643,1.44957,-0.64305,-0.367423,1.4494,-0.0489368,0.157557,-0.12043,44.5257,0.0002,8.10079e-14,3.52281e-10,8.10079e-14,0.0002,1.14563e-08,3.52281e-10,1.14563e-08,0.0002
-0.643216,-0.36765,1.44952,-0.643345,-0.367652,1.4493,-0.0489161,0.15755,-0.120483,44.5425,0.0002,1.35882e-13,1.0486e-09,1.35882e-13,0.0002,1.40888e-08,1.0486e-09,1.40888e-08,0.0002
-0.643215,-0.36765,1.44952,-0.643212,-0.367649,1.44955,-0.0489153,0.15755,-0.120477,44.5252,0.0002,7.94003e-14,6.71104e-10,7.94003e-14,0.0002,9.01686e-09,6.71104e-10,9.01686e-09,0.0002
-0.643183,-0.367605,1.44948,-0.643266,-0.367398,1.4493,-0.0489833,0.157595,-0.120522,44.5082,0.0002,1.34461e-13,1.25297e-09,1.34461e-13,0.0002,1.25276e-08,1.25297e-09,1.25276e-08,0.0002
-0.643146,-0.367545,1.44944,-0.643209,-0.367278,1.44928,-0.0489462,0.157655,-0.120561,44.6294,0.0002,1.93445e-13,1.62566e-09,1.93445e-13,0.0002,1.47744e-08,1.62566e-09,1.47744e-08,0.0002
-0.643136,-0.367484,1.44941,-0.643095,-0.367241,1.44931,-0.0489358,0.157716,-0.120587,44.4661,0.0002,1.11508e-13,1.04042e-09,1.11508e-13,0.0002,9.45562e-09,1.04042e-09,9.45562e-09,0.0002
-0.64309,-0.367378,1.44938,-0.64312,-0.366931,1.44923,-0.0489904,0.157822,-0.120623,44.5036,0.0002,1.65131e-13,1.49008e-09,1.65131e-13,0.0002,1.28083e-08,1.49008e-09,1.28083e-08,0.0002
-0.643066,-0.36737,1.44933,-0.643062,-0.367219,1.44914,-0.0489662,0.15783,-0.12067,44.4208,0.0002,3.92171e-13,4.74421e-09,3.92171e-13,0.0002,1.11634e-08,4.74421e-09,1.11634e-08,0.0002
-0.643054,-0.367348,1.44935,-0.643123,-0.367352,1.44942,-0.0489539,0.157852,-0.120652,44.5319,0.0002,8.65618e-14,7.03586e-11,8.65618e-14,0.0002,1.09353e-08,7.03586e-11,1.09353e-08,0.0002
-0.643025,-0.367383,1.44938,-0.643004,-0.367404,1.44952,-0.0490252,0.157817,-0.120617,44.4314,0.0002,3.03762e-13,3.83567e-09,3.03762e-13,0.0002,9.96459e-09,3.83567e-09,9.96459e-09,0.0002
-0.642995,-0.367358,1.44943,-0.643038,-0.36729,1.44929,-0.0489949,0.157842,-0.120571,44.5102,0.0002,1.77885e-13,1.38355e-09,1.77885e-13,0.0002,1.16509e-08,1.38355e-09,1.16509e-08,0.0002
-0.642952,-0.367352,1.44923,-0.642885,-0.367315,1.44905,-0.0489518,0.157848,-0.120774,44.4504,0.0002,1.5456e-13,1.29805e-09,1.5456e-13,0.0002,1.08348e-08,1.29805e-09,1.08348e-08,0.0002
-0.642911,-0.367342,1.44935,-0.642855,-0.36729,1.44922,-0.0490113,0.157858,-0.120648,44.4745,0.0002,1.38032e-13,1.24295e-09,1.38032e-13,0.0002,1.03126e-08,1.24295e-09,1.03126e-08,0.0002
-0.64288,-0.367321,1.44929,-0.642907,-0.367164,1.44934,-0.04898,0.157879,-0.120714,44.4355,0.0002,2.8075e-13,3.1035e-09,2.8075e-13,0.0002,1.14612e-08,3.1035e-09,1.14612e-08,0.0002
-0.642852,-0.367381,1.44938,-0.642844,-0.367609,1.44975,-0.0489517,0.157819,-0.120621,44.5367,0.0002,2.34507e-13,2.39877e-09,2.34507e-13,0.0002,1.07135e-08,2.39877e-09,1.07135e-08,0.0002
-0.642828,-0.367326,1.44944,-0.642897,-0.367141,1.44937,-0.0490279,0.157874,-0.12056,44.4999,0.0002,1.0478e-13,4.63949e-10,1.0478e-13,0.0002,1.21302e-08,4.63949e-10,1.21302e-08,0.0002
-0.642819,-0.367295,1.44934,-0.642832,-0.36711,1.44924,-0.0490194,0.157905,-0.120664,44.4419,0.0002,1.82072e-13,2.19223e-09,1.82072e-13,0.0002,9.24633e-09,2.19223e-09,9.24633e-09,0.0002
-0.642761,-0.367154,1.44926,-0.642737,-0.366564,1.44898,-0.0489606,0.158046,-0.120735,44.4108,0.0002,2.36955e-13,2.22775e-09,2.36955e-13,0.0002,1.26743e-08,2.22775e-09,1.26743e-08,0.0002
-0.642722,-0.367118,1.44919,-0.642629,-0.36702,1.44921,-0.0490224,0.158082,-0.120809,44.5001,0.0002,5.75602e-14,-5.69312e-11,5.75602e-14,0.0002,1.00071e-08,-5.69312e-11,1.00071e-08,0.0002
-0.642685,-0.367127,1.44927,-0.642687,-0.367089,1.44928,-0.0489849,0.158073,-0.120727,44.4105,0.0002,2.06602e-13,2.27158e-09,2.06602e-13,0.0002,1.12657e-08,2.27158e-09,1.12657e-08,0.0002
-0.642619,-0.367135,1.44923,-0.642507,-0.367097,1.44936,-0.048919,0.158065,-0.120772,44.4795,0.0002,3.48361e-13,3.76221e-09,3.48361e-13,0.0002,1.2071e-08,3.76221e-09,1.2071e-08,0.0002
-0.642641,-0.367093,1.44921,-0.642847,-0.367015,1.44914,-0.0490408,0.158107,-0.12079,44.376,0.0002,3.54759e-14,-5.57734e-10,3.54759e-14,0.0002,1.15164e-08,-5.57734e-10,1.15164e-08,0.0002
-0.642608,-0.367071,1.44926,-0.642641,-0.367018,1.44916,-0.0490079,0.158129,-0.120736,44.3334,0.0002,-7.51772e-14,-1.42732e-09,-7.51772e-14,0.0002,1.26442e-08,-1.42732e-09,1.26442e-08,0.0002
-0.642562,-0.367023,1.44924,-0.642424,-0.36677,1.44949,-0.0489618,0.158177,-0.120755,44.453,0.0002,7.13481e-14,9.82081e-10,7.13481e-14,0.0002,9.575e-09,9.82081e-10,9.575e-09,0.0002
-0.642472,-0.366981,1.44925,-0.642326,-0.366788,1.44928,-0.0489724,0.158219,-0.120748,44.4461,0.0002,1.38504e-13,1.45387e-09,1.38504e-13,0.0002,1.28846e-08,1.45387e-09,1.28846e-08,0.0002
-0.642465,-0.366907,1.44933,-0.642541,-0.366601,1.44899,-0.0489651,0.158293,-0.120674,44.3611,0.0002,1.31118e-13,1.34259e-09,1.31118e-13,0.0002,1.16245e-08,1.34259e-09,1.16245e-08,0.0002
-0.642432,-0.366925,1.44918,-0.642404,-0.366982,1.44924,-0.0489317,0.158275,-0.120818,44.4078,0.0002,1.2429e-13,1.27219e-09,1.2429e-13,0.0002,1.08179e-08,1.27219e-09,1.08179e-08,0.0002
-0.642442,-0.366942,1.44928,-0.642636,-0.366939,1.44936,-0.0490421,0.158258,-0.120719,44.4058,0.0002,2.7697e-13,3.12226e-09,2.7697e-13,0.0002,1.17846e-08,3.12226e-09,1.17846e-08,0.0002
-0.642391,-0.366872,1.44923,-0.642292,-0.366577,1.44904,-0.048991,0.158328,-0.120766,44.3227,0.0002,2.32289e-13,2.4108e-09,2.32289e-13,0.0002,1.09204e-08,2.4108e-09,1.09204e-08,0.0002
-0.642336,-0.366882,1.44912,-0.642283,-0.366957,1.44896,-0.0489364,0.158318,-0.120885,44.2079,0.0002,1.02504e-13,4.73251e-10,1.02504e-13,0.0002,1.22629e-08,4.73251e-10,1.22629e-08,0.0002
-0.642336,-0.36686,1.44921,-0.642382,-0.366711,1.44928,-0.0490362,0.15834,-0.120789,44.3849,0.0002,1.81651e-13,2.19843e-09,1.81651e-13,0.0002,9.33099e-09,2.19843e-09,9.33099e-09,0.0002
-0.642254,-0.366848,1.44924,-0.642134,-0.366776,1.44938,-0.0489537,0.158352,-0.120756,44.4495,0.0002,2.37099e-13,2.23256e-09,2.37099e-13,0.0002,1.27284e-08,2.23256e-09,1.27284e-08,0.0002
-0.642254,-0.366886,1.44926,-0.642373,-0.367131,1.44934,-0.0489538,0.158314,-0.120736,44.3959,0.0002,-5.95769e-14,-1.53677e-09,-5.95769e-14,0.0002,1.19371e-08,-1.53677e-09,1.19371e-08,0.0002
-0.642215,-0.366837,1.44925,-0.642153,-0.366521,1.44917,-0.0490151,0.158363,-0.120755,44.3374,0.0002,2.15961e-13,2.80736e-09,2.15961e-13,0.0002,1.06054e-08,2.80736e-09,1.06054e-08,0.0002
-0.642126,-0.366849,1.44927,-0.641982,-0.36687,1.44939,-0.0489263,0.158351,-0.120726,44.2557,0.0002,2.75995e-13,2.62205e-09,2.75995e-13,0.0002,1.3544e-08,2.62205e-09,1.3544e-08,0.0002
-0.642126,-0.366785,1.4493,-0.642123,-0.366528,1.44939,-0.0489256,0.158415,-0.120702,44.3806,0.0002,1.58454e-13,1.67811e-09,1.58454e-13,0.0002,8.66818e-09,1.67811e-09,8.66818e-09,0.0002
-0.642121,-0.366704,1.44925,-0.642314,-0.366354,1.44908,-0.049021,0.158496,-0.120747,44.3367,0.0002,2.08198e-13,1.89897e-09,2.08198e-13,0.0002,1.23042e-08,1.89897e-09,1.23042e-08,0.0002
-0.642096,-0.366715,1.44928,-0.642042,-0.3667,1.44905,-0.048996,0.158485,-0.120723,44.3106,0.0002,2.49504e-13,3.11069e-09,2.49504e-13,0.0002,9.35769e-09,3.11069e-09,9.35769e-09,0.0002
-0.642065,-0.366703,1.44923,-0.642108,-0.36669,1.44935,-0.0489654,0.158497,-0.120772,44.399,0.0002,1.34604e-13,9.20955e-10,1.34604e-13,0.0002,1.12627e-08,9.20955e-10,1.12627e-08,0.0002
-0.642012,-0.366667,1.44923,-0.641904,-0.366508,1.44925,-0.0489119,0.158533,-0.120768,44.2301,0.0002,1.22576e-13,1.00214e-09,1.22576e-13,0.0002,1.05864e-08,1.00214e-09,1.05864e-08,0.0002
-0.641985,-0.366674,1.44916,-0.642043,-0.366739,1.44916,-0.0489851,0.158526,-0.120845,44.1969,0.0002,1.06346e-14,-4.28282e-10,1.06346e-14,0.0002,1.20492e-08,-4.28282e-10,1.20492e-08,0.0002
-0.641958,-0.366711,1.44917,-0.641942,-0.366737,1.44923,-0.048958,0.158489,-0.120829,44.3992,0.0002,2.6975e-13,3.51712e-09,2.6975e-13,0.0002,1.06767e-08,3.51712e-09,1.06767e-08,0.0002
-0.641907,-0.366755,1.44931,-0.641867,-0.366966,1.44956,-0.0490067,0.158445,-0.120688,44.2257,0.0002,1.46291e-13,1.18079e-09,1.46291e-13,0.0002,1.21069e-08,1.18079e-09,1.21069e-08,0.0002
-0.641911,-0.366667,1.44917,-0.641974,-0.366257,1.44891,-0.0490109,0.158533,-0.120832,44.2845,0.0002,2.08489e-13,2.6512e-09,2.08489e-13,0.0002,9.23117e-09,2.6512e-09,9.23117e-09,0.0002
-0.641877,-0.366753,1.44926,-0.641907,-0.367131,1.44933,-0.0489772,0.158447,-0.120736,44.2446,0.0002,1.01098e-13,6.26619e-10,1.01098e-13,0.0002,1.11817e-08,6.26619e-10,1.11817e-08,0.0002
-0.641834,-0.366599,1.44914,-0.641813,-0.365912,1.44895,-0.048934,0.158601,-0.120862,44.3516,0.0002,2.55959e-13,2.70948e-09,2.55959e-13,0.0002,1.20172e-08,2.70948e-09,1.20172e-08,0.0002
-0.641792,-0.36658,1.44925,-0.641728,-0.36649,1.44908,-0.0489916,0.15862,-0.120747,44.2665,0.0002,2.15552e-13,2.14656e-09,2.15552e-13,0.0002,1.10693e-08,2.14656e-09,1.10693e-08,0.0002
-0.641807,-0.366587,1.44907,-0.641974,-0.366601,1.44899,-0.0490069,0.158613,-0.120928,44.3116,0.0002,1.84613e-13,1.78698e-09,1.84613e-13,0.0002,1.04626e-08,1.78698e-09,1.04626e-08,0.0002
-0.641744,-0.366572,1.44918,-0.641656,-0.366544,1.44927,-0.0489438,0.158628,-0.120824,44.192,0.0002,6.41386e-14,7.40206e-11,6.41386e-14,0.0002,1.19699e-08,7.40206e-11,1.19699e-08,0.0002
-0.641723,-0.366605,1.44926,-0.641746,-0.366725,1.44958,-0.0489231,0.158595,-0.120743,44.3169,0.0002,7.15573e-14,4.60275e-10,7.15573e-14,0.0002,1.1039e-08,4.60275e-10,1.1039e-08,0.0002
-0.641672,-0.366589,1.44915,-0.64162,-0.366452,1.44906,-0.0489721,0.158611,-0.120845,44.123,0.0002,2.33262e-13,2.60305e-09,2.33262e-13,0.0002,1.19259e-08,2.60305e-09,1.19259e-08,0.0002
-0.641632,-0.366496,1.4492,-0.64153,-0.366171,1.44908,-0.0489318,0.158704,-0.120796,44.2835,0.0002,6.14007e-14,1.83166e-10,6.14007e-14,0.0002,9.52806e-09,1.83166e-10,9.52806e-09,0.0002
-0.641605,-0.366416,1.44906,-0.641649,-0.366026,1.44878,-0.0490049,0.158784,-0.120944,44.2395,0.0002,2.08179e-13,2.42595e-09,2.08179e-13,0.0002,1.09588e-08,2.42595e-09,1.09588e-08,0.0002
-0.641584,-0.36633,1.44911,-0.641663,-0.366018,1.44899,-0.0489835,0.15887,-0.120895,44.3514,0.0002,8.71127e-14,4.83053e-10,8.71127e-14,0.0002,1.22875e-08,4.83053e-10,1.22875e-08,0.0002
-0.641571,-0.366288,1.44898,-0.641675,-0.36605,1.44881,-0.0489714,0.158912,-0.121018,44.1656,0.0002,2.55405e-13,2.61836e-09,2.55405e-13,0.0002,1.27246e-08,2.61836e-09,1.27246e-08,0.0002
-0.641592,-0.366318,1.4491,-0.641734,-0.36648,1.44924,-0.0489921,0.158882,-0.120903,44.3022,0.0002,6.9578e-14,1.93295e-10,6.9578e-14,0.0002,1.00395e-08,1.93295e-10,1.00395e-08,0.0002
-0.641547,-0.366298,1.44905,-0.641473,-0.366209,1.44888,-0.049047,0.158902,-0.120946,44.2426,0.0002,7.28604e-14,5.36879e-10,7.28604e-14,0.0002,9.80348e-09,5.36879e-10,9.80348e-09,0.0002
-0.641499,-0.366331,1.44911,-0.641459,-0.366391,1.44901,-0.0489991,0.158869,-0.120892,44.2129,0.0002,2.23601e-13,2.65229e-09,2.23601e-13,0.0002,1.11351e-08,2.65229e-09,1.11351e-08,0.0002
-0.641462,-0.366286,1.44895,-0.64142,-0.366092,1.44896,-0.0489621,0.158914,-0.121048,44.1888,0.0002,1.94132e-13,2.11113e-09,1.94132e-13,0.0002,1.05046e-08,2.11113e-09,1.05046e-08,0.0002
-0.641417,-0.366311,1.44912,-0.641343,-0.3664,1.44915,-0.0490171,0.158889,-0.120881,44.1871,0.0002,1.70229e-13,1.76425e-09,1.70229e-13,0.0002,1.01012e-08,1.76425e-09,1.01012e-08,0.0002
-0.641417,-0.366243,1.44893,-0.641522,-0.365954,1.44883,-0.049017,0.158957,-0.121065,44.274,0.0002,1.51572e-13,1.54275e-09,1.51572e-13,0.0002,9.84291e-09,1.54275e-09,9.84291e-09,0.0002
-0.641359,-0.36626,1.44904,-0.641294,-0.366364,1.44915,-0.0489593,0.15894,-0.120959,44.2323,0.0002,4.22192e-14,-8.15594e-11,4.22192e-14,0.0002,1.15735e-08,-8.15594e-11,1.15735e-08,0.0002
-0.641333,-0.366305,1.44912,-0.641381,-0.366412,1.44912,-0.0490334,0.158895,-0.12088,44.2919,0.0002,2.1171e-13,2.25655e-09,2.1171e-13,0.0002,1.22678e-08,2.25655e-09,1.22678e-08,0.0002
-0.641287,-0.366295,1.44905,-0.64116,-0.366303,1.44909,-0.0489868,0.158905,-0.12095,44.1938,0.0002,4.44639e-14,-3.82258e-11,4.44639e-14,0.0002,9.74718e-09,-3.82258e-11,9.74718e-09,0.0002
-0.641217,-0.366233,1.44899,-0.641148,-0.365956,1.44877,-0.0489167,0.158967,-0.121007,44.1734,0.0002,9.80576e-14,8.02189e-10,9.80576e-14,0.0002,1.29946e-08,8.02189e-10,1.29946e-08,0.0002
-0.641239,-0.366196,1.44907,-0.641375,-0.365992,1.44908,-0.0489392,0.159004,-0.120926,44.2867,0.0002,1.84321e-13,2.40913e-09,1.84321e-13,0.0002,9.79902e-09,2.40913e-09,9.79902e-09,0.0002
-0.641243,-0.366232,1.44906,-0.641423,-0.366406,1.44934,-0.049043,0.158968,-0.120937,44.2863,0.0002,7.82627e-14,4.73028e-10,7.82627e-14,0.0002,1.15454e-08,4.73028e-10,1.15454e-08,0.0002
-0.641236,-0.366199,1.44916,-0.641257,-0.366011,1.44922,-0.0490365,0.159001,-0.120843,44.2848,0.0002,1.60601e-13,2.19837e-09,1.60601e-13,0.0002,8.87167e-09,2.19837e-09,8.87167e-09,0.0002
-0.641184,-0.366099,1.44897,-0.641141,-0.365731,1.44854,-0.0489844,0.159101,-0.121029,44.1068,0.0002,6.46456e-14,3.37698e-10,6.46456e-14,0.0002,1.09518e-08,3.37698e-10,1.09518e-08,0.0002
-0.64118,-0.36611,1.44902,-0.641207,-0.366097,1.44891,-0.0490797,0.15909,-0.120978,44.1505,0.0002,1.47226e-13,2.11189e-09,1.47226e-13,0.0002,8.49159e-09,2.11189e-09,8.49159e-09,0.0002
-0.641109,-0.366119,1.44906,-0.641039,-0.36613,1.44921,-0.0490094,0.159081,-0.120941,44.0891,0.0002,2.11122e-13,2.17845e-09,2.11122e-13,0.0002,1.2191e-08,2.17845e-09,1.2191e-08,0.0002
-0.641097,-0.366058,1.44901,-0.641109,-0.365858,1.44913,-0.0489974,0.159142,-0.12099,44.2034,0.0002,4.45272e-14,-8.80924e-11,4.45272e-14,0.0002,9.6981e-09,-8.80924e-11,9.6981e-09,0.0002
-0.641069,-0.36608,1.44912,-0.641107,-0.366095,1.44924,-0.049069,0.15912,-0.120881,44.1427,0.0002,1.94833e-13,2.25252e-09,1.94833e-13,0.0002,1.10675e-08,2.25252e-09,1.10675e-08,0.0002
-0.641064,-0.366068,1.44907,-0.641194,-0.36595,1.44917,-0.0490637,0.159132,-0.120934,44.2787,0.0002,3.38907e-13,3.75076e-09,3.38907e-13,0.0002,1.19438e-08,3.75076e-09,1.19438e-08,0.0002
-0.640996,-0.366021,1.44907,-0.640784,-0.365879,1.44875,-0.0489959,0.159179,-0.120933,44.127,0.0002,1.31008e-13,9.17866e-10,1.31008e-13,0.0002,9.53967e-09,9.17866e-10,9.53967e-09,0.0002
-0.640946,-0.365883,1.44904,-0.640956,-0.365306,1.44893,-0.0490457,0.159317,-0.120961,44.2432,0.0002,1.75173e-13,1.41398e-09,1.75173e-13,0.0002,1.28618e-08,1.41398e-09,1.28618e-08,0.0002
-0.640915,-0.365847,1.44901,-0.641005,-0.365677,1.4489,-0.0490153,0.159353,-0.120989,44.2188,0.0002,2.24239e-13,1.73167e-09,2.24239e-13,0.0002,1.49879e-08,1.73167e-09,1.49879e-08,0.0002
-0.640904,-0.365876,1.44905,-0.64086,-0.365989,1.4492,-0.0490043,0.159324,-0.12095,44.1438,0.0002,1.30225e-13,1.10827e-09,1.30225e-13,0.0002,9.59229e-09,1.10827e-09,9.59229e-09,0.0002
-0.640882,-0.365975,1.44904,-0.641002,-0.366349,1.449,-0.0490816,0.159225,-0.120961,44.1178,0.0002,1.79307e-13,1.53595e-09,1.79307e-13,0.0002,1.28955e-08,1.53595e-09,1.28955e-08,0.0002
-0.640918,-0.365992,1.44909,-0.641066,-0.366058,1.44932,-0.0491185,0.159208,-0.120905,44.2431,0.0002,1.04615e-13,9.83009e-10,1.04615e-13,0.0002,8.2531e-09,9.83009e-10,8.2531e-09,0.0002
-0.640776,-0.365977,1.4491,-0.640416,-0.36589,1.44913,-0.0489757,0.159223,-0.120899,43.1509,0.0002,1.55979e-13,1.45548e-09,1.55979e-13,0.0002,1.20384e-08,1.45548e-09,1.20384e-08,0.0002
-0.640689,-0.365899,1.44904,-0.640436,-0.365469,1.44878,-0.0489893,0.159301,-0.120964,43.1303,0.0002,3.74451e-13,4.72288e-09,3.74451e-13,0.0002,1.06697e-08,4.72288e-09,1.06697e-08,0.0002
-0.640624,-0.365829,1.44906,-0.640528,-0.365585,1.44884,-0.0489241,0.159371,-0.120939,43.2422,0.0002,2.33523e-13,1.95319e-09,2.33523e-13,0.0002,1.21025e-08,1.95319e-09,1.21025e-08,0.0002
-0.640592,-0.365722,1.44899,-0.640522,-0.365339,1.44901,-0.0488919,0.159478,-0.121014,43.303,0.0002,5.91161e-14,-2.32264e-10,5.91161e-14,0.0002,9.64145e-09,-2.32264e-10,9.64145e-09,0.0002
-0.640602,-0.365676,1.44899,-0.640793,-0.36542,1.44867,-0.0490018,0.159524,-0.121014,43.2441,0.0002,2.01394e-13,2.16037e-09,2.01394e-13,0.0002,1.10312e-08,2.16037e-09,1.10312e-08,0.0002
-0.640539,-0.365802,1.44902,-0.640441,-0.366233,1.44945,-0.0489392,0.159398,-0.120985,43.2677,0.0002,3.41478e-13,3.69242e-09,3.41478e-13,0.0002,1.19203e-08,3.69242e-09,1.19203e-08,0.0002
-0.640482,-0.365675,1.44907,-0.640311,-0.365213,1.44898,-0.0488818,0.159525,-0.120927,43.1996,0.0002,1.32743e-13,8.80628e-10,1.32743e-13,0.0002,9.52467e-09,8.80628e-10,9.52467e-09,0.0002
-0.640407,-0.365678,1.44913,-0.640319,-0.365666,1.44934,-0.0488071,0.159522,-0.120874,43.1998,0.0002,1.7536e-13,1.39011e-09,1.7536e-13,0.0002,1.28522e-08,1.39011e-09,1.28522e-08,0.0002
-0.640341,-0.365686,1.449,-0.640181,-0.365704,1.44914,-0.0488408,0.159514,-0.120998,43.2712,0.0002,1.54302e-13,1.30327e-09,1.54302e-13,0.0002,1.16036e-08,1.30327e-09,1.16036e-08,0.0002
-0.640317,-0.365689,1.44916,-0.640329,-0.365686,1.44916,-0.0488173,0.159511,-0.120839,43.1578,0.0002,1.38783e-13,1.24705e-09,1.38783e-13,0.0002,1.08045e-08,1.24705e-09,1.08045e-08,0.0002
-0.640273,-0.365786,1.44908,-0.640204,-0.366162,1.44939,-0.0487735,0.159414,-0.12092,43.1215,0.0002,1.27546e-13,1.2116e-09,1.27546e-13,0.0002,1.02931e-08,1.2116e-09,1.02931e-08,0.0002
-0.640229,-0.365807,1.44927,-0.640158,-0.36588,1.44942,-0.0488292,0.159393,-0.120725,43.2136,0.0002,1.19426e-13,1.18811e-09,1.19426e-13,0.0002,9.96585e-09,1.18811e-09,9.96585e-09,0.0002
-0.640148,-0.365757,1.44921,-0.639974,-0.365482,1.44926,-0.0487478,0.159443,-0.120791,43.1837,0.0002,2.64886e-13,3.06878e-09,2.64886e-13,0.0002,1.12391e-08,3.06878e-09,1.12391e-08,0.0002
-0.640135,-0.365736,1.44911,-0.640249,-0.365685,1.44905,-0.0487351,0.159464,-0.120886,43.1462,0.0002,1.32339e-13,8.94487e-10,1.32339e-13,0.0002,1.24669e-08,8.94487e-10,1.24669e-08,0.0002
-0.640127,-0.365755,1.44922,-0.640142,-0.365771,1.44932,-0.0488272,0.159445,-0.12078,43.0816,0.0002,2.02255e-13,2.46802e-09,2.02255e-13,0.0002,9.46153e-09,2.46802e-09,9.46153e-09,0.0002
-0.639986,-0.365267,1.44926,-0.640081,-0.365648,1.44909,-0.048686,0.159433,-0.120743,42.9946,0.0002,-1.29548e-11,-7.29886e-08,-1.29548e-11,0.0002,2.71604e-08,-7.29886e-08,2.71604e-08,0.0002
-0.639829,-0.364019,1.4492,-0.640499,-0.364813,1.44864,-0.0487292,0.159081,-0.120802,43.2864,0.0002,-9.15228e-11,-2.31941e-07,-9.15228e-11,0.0002,5.88493e-08,-2.31941e-07,5.88493e-08,0.0002
-0.639639,-0.362272,1.44893,-0.640751,-0.363146,1.44752,-0.0487386,0.158628,-0.121074,44.3103,0.000200001,-2.70903e-10,-3.99996e-07,-2.70903e-10,0.0002,9.75272e-08,-3.99996e-07,9.75272e-08,0.0002
-0.63946,-0.36033,1.4483,-0.640932,-0.362471,1.44642,-0.0487602,0.15807,-0.121701,44.4656,0.000200002,-5.45732e-10,-5.73185e-07,-5.45732e-10,0.0002,1.32177e-07,-5.73185e-07,1.32177e-07,0.000199999
-0.63936,-0.358678,1.44769,-0.641311,-0.362388,1.44589,-0.0489604,0.156922,-0.122309,44.4714,0.000200004,-8.36907e-10,-6.97075e-07,-8.36907e-10,0.0002,1.59594e-07,-6.97075e-07,1.59594e-07,0.000199999
-0.639244,-0.35629,1.44722,-0.641565,-0.361399,1.44532,-0.0491435,0.15631,-0.122781,44.432,0.000200006,-1.32709e-09,-9.15226e-07,-1.32709e-09,0.0002,1.91046e-07,-9.15226e-07,1.91046e-07,0.000199998
-0.639188,-0.354943,1.44663,-0.641673,-0.360899,1.44489,-0.0493882,0.154457,-0.123373,44.4407,0.000200007,-1.58859e-09,-9.48827e-07,-1.58859e-09,0.0002,2.0858e-07,-9.48827e-07,2.0858e-07,0.000199998
-0.639201,-0.353099,1.44608,-0.642047,-0.360271,1.44388,-0.0497009,0.152601,-0.123921,44.3632,0.000200009,-1.94979e-09,-1.07287e-06,-1.94979e-09,0.0002,2.22473e-07,-1.07287e-06,2.22473e-07,0.000199997
-0.638175,-0.349255,1.4461,-0.637147,-0.34818,1.44684,-0.0488753,0.152845,-0.123898,41.3732,0.000200011,-2.29348e-09,-1.14416e-06,-2.29348e-09,0.0002,2.40975e-07,-1.14416e-06,2.40975e-07,0.000199996
-0.637457,-0.346007,1.44627,-0.63752,-0.347492,1.44661,-0.0484567,0.152393,-0.123734,41.4724,0.000200012,-2.53336e-09,-1.19551e-06,-2.53336e-09,0.000200001,2.48266e-07,-1.19551e-06,2.48266e-07,0.000199996
-0.636939,-0.343156,1.44597,-0.637909,-0.346593,1.4454,-0.0482391,0.151444,-0.124034,41.5413,0.000200013,-2.75587e-09,-1.23997e-06,-2.75587e-09,0.000200001,2.56135e-07,-1.23997e-06,2.56135e-07,0.000199995
-0.636589,-0.340622,1.44564,-0.638255,-0.345426,1.44434,-0.0481893,0.150278,-0.124358,41.5642,0.000200014,-2.93134e-09,-1.27179e-06,-2.93134e-09,0.000200001,2.61662e-07,-1.27179e-06,2.61662e-07,0.000199995
-0.636396,-0.338688,1.44526,-0.638592,-0.34553,1.44406,-0.0482959,0.148412,-0.124737,41.5814,0.000200015,-3.01469e-09,-1.28051e-06,-3.01469e-09,0.000200001,2.62215e-07,-1.28051e-06,2.62215e-07,0.000199995
-0.634571,-0.334297,1.44569,-0.629808,-0.327674,1.4487,-0.0467709,0.149803,-0.123308,42.2952,0.000200013,-2.77194e-09,-1.16933e-06,-2.77194e-09,0.000200001,2.49808e-07,-1.16933e-06,2.49808e-07,0.000199995
-0.633312,-0.331329,1.44611,-0.630287,-0.327027,1.44843,-0.0458121,0.150971,-0.122889,42.4574,0.00020001,-2.29992e-09,-9.90605e-07,-2.29992e-09,0.000200001,2.24681e-07,-9.90605e-07,2.24681e-07,0.000199995
-0.632424,-0.329564,1.44613,-0.630457,-0.326219,1.44718,-0.045224,0.151836,-0.122867,42.4479,0.000200007,-1.72172e-09,-7.52783e-07,-1.72172e-09,0.0002,1.94729e-07,-7.52783e-07,1.94729e-07,0.000199996
-0.631736,-0.328528,1.44627,-0.630405,-0.326353,1.44743,-0.0447359,0.152272,-0.122735,42.4715,0.000200005,-1.24133e-09,-5.44655e-07,-1.24133e-09,0.0002,1.70246e-07,-5.44655e-07,1.70246e-07,0.000199997
-0.631248,-0.327855,1.44631,-0.63046,-0.326354,1.44742,-0.0445478,0.152645,-0.122694,42.5063,0.000200003,-8.69139e-10,-3.86766e-07,-8.69139e-10,0.0002,1.46332e-07,-3.86766e-07,1.46332e-07,0.000199998
-0.630934,-0.327506,1.44669,-0.630496,-0.326653,1.44758,-0.044434,0.152894,-0.122312,42.3571,0.000200002,-5.83395e-10,-2.64838e-07,-5.83395e-10,0.0002,1.19824e-07,-2.64838e-07,1.19824e-07,0.000199999
-0.629905,-0.326991,1.44729,-0.626333,-0.325454,1.45,-0.0435051,0.153209,-0.121715,40.7292,0.000200001,-3.86918e-10,-1.86174e-07,-3.86918e-10,0.0002,9.42033e-08,-1.86174e-07,9.42033e-08,0.000199999
-0.6291,-0.326676,1.44781,-0.626341,-0.325682,1.44989,-0.0428003,0.153524,-0.121194,40.6793,0.000200001,-2.5436e-10,-1.27606e-07,-2.5436e-10,0.0002,7.50578e-08,-1.27606e-07,7.50578e-08,0.000199999
-0.62833,-0.325565,1.44827,-0.626369,-0.325428,1.44979,-0.0422301,0.153735,-0.120734,40.7902,0.000200001,-2.53067e-10,-2.19548e-07,-2.53067e-10,0.0002,8.39306e-08,-2.19548e-07,8.39306e-08,0.0002
-0.627662,-0.324013,1.44845,-0.626514,-0.324531,1.44887,-0.0416621,0.153387,-0.120551,40.7356,0.000200001,-3.42215e-10,-3.55683e-07,-3.42215e-10,0.0002,1.02485e-07,-3.55683e-07,1.02485e-07,0.0002
-0.627037,-0.321798,1.44839,-0.626815,-0.324069,1.44846,-0.0413368,0.152802,-0.120613,40.7742,0.000200003,-6.33291e-10,-5.8385e-07,-6.33291e-10,0.0002,1.38566e-07,-5.8385e-07,1.38566e-07,0.000199999
-0.626548,-0.319877,1.44834,-0.62701,-0.324006,1.44815,-0.0410477,0.151623,-0.120661,40.7735,0.000200004,-9.65432e-10,-7.51624e-07,-9.65432e-10,0.0002,1.66042e-07,-7.51624e-07,1.66042e-07,0.000199999
-0.625961,-0.317403,1.44736,-0.625752,-0.316885,1.44406,-0.0407614,0.151497,-0.120644,40.2172,0.000200005,-1.11132e-09,-7.81293e-07,-1.11132e-09,0.0002,1.7413e-07,-7.81293e-07,1.7413e-07,0.000199998
-0.625566,-0.315802,1.44643,-0.625903,-0.316127,1.44335,-0.0405656,0.151598,-0.121573,40.1869,0.000200005,-1.08566e-09,-7.15359e-07,-1.08566e-09,0.0002,1.72489e-07,-7.15359e-07,1.72489e-07,0.000199998
-0.625407,-0.315257,1.44539,-0.626217,-0.316002,1.44312,-0.0407067,0.151343,-0.122614,40.2808,0.000200003,-8.66224e-10,-5.5152e-07,-8.66224e-10,0.0002,1.56451e-07,-5.5152e-07,1.56451e-07,0.000199999
-0.625308,-0.314993,1.44488,-0.626215,-0.315703,1.44286,-0.0409084,0.151107,-0.123118,40.2201,0.000200002,-6.58677e-10,-4.09494e-07,-6.58677e-10,0.0002,1.41558e-07,-4.09494e-07,1.41558e-07,0.000199999
-0.625264,-0.315001,1.44439,-0.626113,-0.315919,1.44272,-0.0410639,0.150899,-0.123615,40.1368,0.000200001,-4.71245e-10,-2.90517e-07,-4.71245e-10,0.0002,1.23359e-07,-2.90517e-07,1.23359e-07,0.000199999
-0.624445,-0.314549,1.4443,-0.621811,-0.31314,1.44365,-0.0403451,0.151151,-0.123699,40.8223,0.000200001,-3.16636e-10,-1.98765e-07,-3.16636e-10,0.0002,9.94488e-08,-1.98765e-07,9.94488e-08,0.000199999
-0.623038,-0.314179,1.44409,-0.621575,-0.312975,1.44354,-0.0398385,0.151421,-0.123914,40.6378,0.000200001,-3.1507e-10,-1.3599e-07,-3.1507e-10,0.0002,1.96851e-07,-1.3599e-07,1.96851e-07,0.0002
-0.62122,-0.314112,1.44381,-0.621516,-0.313519,1.44334,-0.0400196,0.151288,-0.124191,40.6156,0.0002,-3.01383e-10,-7.6715e-08,-3.01383e-10,0.000200001,3.68267e-07,-7.6715e-08,3.68267e-07,0.0002
-0.619082,-0.314204,1.44378,-0.621248,-0.314117,1.44396,-0.0405819,0.150996,-0.124224,40.5952,0.0002,-2.3329e-10,-3.4448e-08,-2.3329e-10,0.000200002,5.78638e-07,-3.4448e-08,5.78638e-07,0.000199999
-0.617012,-0.314338,1.44382,-0.621244,-0.31419,1.4443,-0.0416121,0.150662,-0.124182,40.6344,0.0002,-8.57819e-11,-5.17962e-11,-8.57819e-11,0.000200004,7.70663e-07,-5.17962e-11,7.70663e-07,0.000199999
-0.615144,-0.314527,1.44396,-0.621086,-0.314541,1.44453,-0.043144,0.150173,-0.124039,40.6169,0.0002,8.98426e-11,2.38884e-08,8.98426e-11,0.000200006,9.22469e-07,2.38884e-08,9.22469e-07,0.000199998
-0.611587,-0.314119,1.44355,-0.611464,-0.311699,1.44282,-0.0430867,0.150381,-0.123455,39.4242,0.0002,2.62957e-10,4.03662e-08,2.62957e-10,0.000200009,1.04178e-06,4.03662e-08,1.04178e-06,0.000199997
-0.608654,-0.31381,1.44335,-0.611436,-0.311626,1.44286,-0.0437536,0.15049,-0.123652,39.5168,0.0002,4.50426e-10,5.61321e-08,4.50426e-10,0.00020001,1.13119e-06,5.61321e-08,1.13119e-06,0.000199997
-0.606264,-0.313584,1.44323,-0.611385,-0.311765,1.44337,-0.0450638,0.150516,-0.123772,39.5739,0.0002,5.96723e-10,6.53123e-08,5.96723e-10,0.000200012,1.19369e-06,6.53123e-08,1.19369e-06,0.000199996
-0.604277,-0.313502,1.44315,-0.611219,-0.312234,1.44348,-0.0467767,0.150298,-0.123848,39.4487,0.0002,7.1944e-10,7.21109e-08,7.1944e-10,0.000200013,1.24043e-06,7.21109e-08,1.24043e-06,0.000199996
-0.602671,-0.313456,1.44311,-0.611186,-0.312272,1.44389,-0.0488712,0.150144,-0.123889,39.5317,0.0002,8.28904e-10,7.84406e-08,8.28904e-10,0.000200014,1.27181e-06,7.84406e-08,1.27181e-06,0.000199995
-0.601345,-0.313467,1.44325,-0.611098,-0.312602,1.44413,-0.0513453,0.149933,-0.123748,39.4998,0.0002,8.8721e-10,7.94932e-08,8.8721e-10,0.000200015,1.2957e-06,7.94932e-08,1.2957e-06,0.000199995
-0.596521,-0.314183,1.44229,-0.592113,-0.316077,1.43908,-0.050221,0.149017,-0.124711,41.3636,0.0002,9.33794e-10,8.11744e-08,9.33794e-10,0.000200015,1.30571e-06,8.11744e-08,1.30571e-06,0.000199995
-0.592635,-0.314858,1.44175,-0.592131,-0.31651,1.43992,-0.0501349,0.148042,-0.124251,41.404,0.0002,9.93199e-10,8.50139e-08,9.93199e-10,0.000200016,1.31694e-06,8.50139e-08,1.31694e-06,0.000199994
-0.589474,-0.315517,1.44139,-0.59172,-0.317182,1.44061,-0.0506741,0.147183,-0.124607,41.4615,0.0002,1.01696e-09,8.54236e-08,1.01696e-09,0.000200016,1.31926e-06,8.54236e-08,1.31926e-06,0.000199994
-0.586872,-0.316182,1.44144,-0.591456,-0.317854,1.44166,-0.0518716,0.146318,-0.124557,41.4297,0.0002,1.03945e-09,8.62194e-08,1.03945e-09,0.000200016,1.32411e-06,8.62194e-08,1.32411e-06,0.000199994
-0.58476,-0.316799,1.44156,-0.591293,-0.318181,1.44206,-0.0534598,0.145501,-0.124436,41.3903,0.0002,1.08425e-09,9.0079e-08,1.08425e-09,0.000200016,1.32677e-06,9.0079e-08,1.32677e-06,0.000199994
-0.583058,-0.317474,1.44177,-0.591186,-0.319156,1.44295,-0.055558,0.144626,-0.124227,41.4258,0.0002,1.10068e-09,9.06226e-08,1.10068e-09,0.000200016,1.32702e-06,9.06226e-08,1.32702e-06,0.000199994
-0.577593,-0.319669,1.44176,-0.570623,-0.327486,1.44239,-0.0536932,0.142231,-0.124242,41.7618,0.0002,1.09394e-09,8.90016e-08,1.09394e-09,0.000200016,1.32571e-06,8.90016e-08,1.32571e-06,0.000199994
-0.57309,-0.321792,1.4422,-0.570059,-0.329215,1.44467,-0.0529899,0.139908,-0.123798,41.763,0.0002,1.12236e-09,9.17847e-08,1.12236e-09,0.000200016,1.3278e-06,9.17847e-08,1.3278e-06,0.000199994
-0.569394,-0.323758,1.44295,-0.569382,-0.330598,1.44599,-0.0529938,0.137742,-0.123051,41.6857,0.0002,1.13025e-09,9.2404e-08,1.13025e-09,0.000200016,1.32242e-06,9.2404e-08,1.32242e-06,0.000199994
-0.566307,-0.325653,1.44392,-0.56885,-0.332316,1.44786,-0.0537065,0.135647,-0.122079,41.6609,0.0002,1.10934e-09,8.95058e-08,1.10934e-09,0.000200016,1.3228e-06,8.95058e-08,1.3228e-06,0.000199994
-0.563736,-0.327515,1.44497,-0.568273,-0.333914,1.44956,-0.0547356,0.133585,-0.121027,41.6173,0.0002,1.12916e-09,9.20743e-08,1.12916e-09,0.000200016,1.32074e-06,9.20743e-08,1.32074e-06,0.000199994
-0.558101,-0.329029,1.44428,-0.550455,-0.334147,1.44219,-0.0529011,0.131871,-0.121717,45.2008,0.0002,1.10039e-09,8.84059e-08,1.10039e-09,0.000200016,1.32179e-06,8.84059e-08,1.32179e-06,0.000199994
-0.553495,-0.330559,1.44414,-0.549844,-0.335658,1.44425,-0.0519952,0.130141,-0.120859,45.3,0.0002,1.10338e-09,8.93332e-08,1.10338e-09,0.000200016,1.31863e-06,8.93332e-08,1.31863e-06,0.000199994
-0.549695,-0.33222,1.44452,-0.549327,-0.337902,1.44641,-0.0518949,0.12828,-0.120478,45.189,0.0002,1.09485e-09,8.84835e-08,1.09485e-09,0.000200016,1.31851e-06,8.84835e-08,1.31851e-06,0.000199994
-0.546539,-0.333823,1.44518,-0.548701,-0.339342,1.44788,-0.0523387,0.126477,-0.119817,44.9041,0.0002,1.06909e-09,8.5819e-08,1.06909e-09,0.000200016,1.31697e-06,8.5819e-08,1.31697e-06,0.000199994
-0.543918,-0.335521,1.44595,-0.548213,-0.341334,1.4497,-0.0535183,0.124479,-0.119051,44.7974,0.0002,1.07586e-09,8.72522e-08,1.07586e-09,0.000200016,1.31558e-06,8.72522e-08,1.31558e-06,0.000199994
-0.541705,-0.337124,1.44704,-0.547584,-0.342636,1.45116,-0.0549054,0.122776,-0.117956,44.7026,0.0002,1.06064e-09,8.57947e-08,1.06064e-09,0.000200016,1.31324e-06,8.57947e-08,1.31324e-06,0.000199994
-0.536018,-0.337965,1.44665,-0.527937,-0.340354,1.44571,-0.0529179,0.121735,-0.118353,47.6629,0.0002,1.057e-09,8.59363e-08,1.057e-09,0.000200016,1.30987e-06,8.59363e-08,1.30987e-06,0.000199994
-0.531373,-0.338938,1.44663,-0.527461,-0.341858,1.44722,-0.0519727,0.120562,-0.11837,47.5941,0.0002,1.05615e-09,8.62134e-08,1.05615e-09,0.000200016,1.3077e-06,8.62134e-08,1.3077e-06,0.000199994
-0.527536,-0.34005,1.44704,-0.52692,-0.34359,1.44903,-0.0518362,0.11925,-0.117959,47.5898,0.0002,1.04392e-09,8.48838e-08,1.04392e-09,0.000200016,1.30822e-06,8.48838e-08,1.30822e-06,0.000199994
-0.524382,-0.341236,1.4477,-0.526438,-0.345031,1.45039,-0.0522823,0.117864,-0.117297,47.569,0.0002,1.04405e-09,8.52804e-08,1.04405e-09,0.000200016,1.30666e-06,8.52804e-08,1.30666e-06,0.000199994
-0.521771,-0.342426,1.4484,-0.525952,-0.346313,1.45155,-0.0533711,0.116474,-0.116597,47.5626,0.0002,1.02511e-09,8.33625e-08,1.02511e-09,0.000200016,1.30421e-06,8.33625e-08,1.30421e-06,0.000199994
-0.519557,-0.343107,1.44932,-0.52569,-0.347933,1.45336,-0.0547572,0.114993,-0.115677,47.557,0.0002,1.98005e-10,-1.27699e-08,1.98005e-10,0.000200016,1.31429e-06,-1.27699e-08,1.31429e-06,0.000199994
-0.513487,-0.34535,1.45107,-0.504757,-0.360724,1.45755,-0.0523865,0.11065,-0.113933,51.8883,0.0002,-1.67786e-09,-2.11462e-07,-1.67786e-09,0.000200017,1.33904e-06,-2.11462e-07,1.33904e-06,0.000199994
-0.508405,-0.347143,1.45296,-0.50386,-0.363724,1.46067,-0.0510052,0.105957,-0.112044,51.7526,0.000200001,-4.05242e-09,-4.34427e-07,-4.05242e-09,0.000200017,1.36256e-06,-4.34427e-07,1.36256e-06,0.000199994
-0.504098,-0.348384,1.4549,-0.503086,-0.365843,1.46284,-0.0503978,0.101316,-0.110098,51.6825,0.000200003,-6.87204e-09,-6.75683e-07,-6.87204e-09,0.000200018,1.39202e-06,-6.75683e-07,1.39202e-06,0.000199993
-0.500566,-0.350561,1.45698,-0.50208,-0.368494,1.46576,-0.0504658,0.0960387,-0.10802,51.5256,0.000200004,-8.01597e-09,-7.25161e-07,-8.01597e-09,0.000200018,1.39265e-06,-7.25161e-07,1.39265e-06,0.000199992
-0.49758,-0.353268,1.45918,-0.501131,-0.371342,1.46908,-0.0511797,0.0914319,-0.10582,51.4304,0.000200004,-8.21491e-09,-6.9316e-07,-8.21491e-09,0.000200018,1.38852e-06,-6.9316e-07,1.38852e-06,0.000199992
-0.490637,-0.354835,1.46197,-0.477699,-0.36451,1.47358,-0.0478368,0.0886649,-0.102029,54.2582,0.000200003,-7.09819e-09,-5.49476e-07,-7.09819e-09,0.000200017,1.36453e-06,-5.49476e-07,1.36453e-06,0.000199992
-0.484822,-0.357114,1.46474,-0.476423,-0.367968,1.47689,-0.0457222,0.0854857,-0.0992589,54.1574,0.000200002,-5.72127e-09,-4.03904e-07,-5.72127e-09,0.000200017,1.34974e-06,-4.03904e-07,1.34974e-06,0.000199993
-0.479997,-0.3597,1.46772,-0.475347,-0.371371,1.48099,-0.0444969,0.0823999,-0.0962838,54.0683,0.000200001,-4.51901e-09,-2.97336e-07,-4.51901e-09,0.000200017,1.33344e-06,-2.97336e-07,1.33344e-06,0.000199993
-0.475905,-0.362686,1.4711,-0.47416,-0.374617,1.48476,-0.0440054,0.078914,-0.0928953,53.9891,0.000200001,-3.23955e-09,-1.86322e-07,-3.23955e-09,0.000200017,1.3217e-06,-1.86322e-07,1.3217e-06,0.000199993
-0.47243,-0.365625,1.47441,-0.473019,-0.377704,1.48871,-0.0441296,0.0756748,-0.0895851,53.8771,0.000200001,-2.36611e-09,-1.25725e-07,-2.36611e-09,0.000200016,1.30998e-06,-1.25725e-07,1.30998e-06,0.000199994
-0.469462,-0.368617,1.47769,-0.472076,-0.380258,1.4915,-0.044862,0.0724827,-0.085314,53.8297,0.0002,-1.55407e-09,-6.6335e-08,-1.55407e-09,0.000200016,1.30201e-06,-6.6335e-08,1.30201e-06,0.000199994
-0.463237,-0.370448,1.48045,-0.452882,-0.37752,1.49186,-0.0422367,0.0704517,-0.0825543,57.335,0.0002,-9.85991e-10,-3.14154e-08,-9.85991e-10,0.000200016,1.29881e-06,-3.14154e-08,1.29881e-06,0.000199994
-0.458114,-0.372416,1.48322,-0.452113,-0.380031,1.49501,-0.0407136,0.0682837,-0.0797799,57.2028,0.0002,-5.75027e-10,-8.77434e-09,-5.75027e-10,0.000200016,1.29494e-06,-8.77434e-09,1.29494e-06,0.000199994
-0.453825,-0.374542,1.48618,-0.450981,-0.382581,1.49838,-0.0400248,0.0659578,-0.0768249,57.2455,0.0002,-2.26774e-10,1.24207e-08,-2.26774e-10,0.000200016,1.28666e-06,1.24207e-08,1.28666e-06,0.000199994
-0.45021,-0.376722,1.48916,-0.450287,-0.385106,1.50148,-0.0400102,0.0636783,-0.0738412,57.2364,0.0002,-1.17924e-11,2.18168e-08,-1.17924e-11,0.000200016,1.28849e-06,2.18168e-08,1.28849e-06,0.000199994
-0.447239,-0.378989,1.49222,-0.449668,-0.387683,1.50484,-0.0406386,0.0612107,-0.0707824,56.7479,0.0002,1.48954e-10,2.92787e-08,1.48954e-10,0.000200015,1.28264e-06,2.92787e-08,1.28264e-06,0.000199994
-0.444692,-0.381273,1.49528,-0.448928,-0.390065,1.50791,-0.0416917,0.0587271,-0.0677212,56.7659,0.0002,2.52201e-10,3.29206e-08,2.52201e-10,0.000200015,1.28233e-06,3.29206e-08,1.28233e-06,0.000199994
-0.438939,-0.384884,1.49988,-0.430257,-0.399195,1.51871,-0.0395393,0.0550157,-0.0631214,58.4701,0.0002,2.79715e-10,3.01881e-08,2.79715e-10,0.000200015,1.27903e-06,3.01881e-08,1.27903e-06,0.000199994
-0.434052,-0.388574,1.5047,-0.428881,-0.40321,1.5241,-0.038252,0.0511264,-0.0582995,58.4267,0.0002,2.91339e-10,2.81123e-08,2.91339e-10,0.000200015,1.27854e-06,2.81123e-08,1.27854e-06,0.000199994
-0.42986,-0.392241,1.50944,-0.427412,-0.406809,1.52883,-0.0375595,0.0473589,-0.0535611,58.4332,0.0002,2.90812e-10,2.61877e-08,2.90812e-10,0.000200015,1.27645e-06,2.61877e-08,1.27645e-06,0.000199994
-0.426285,-0.395765,1.51396,-0.42626,-0.409878,1.5328,-0.037585,0.043635,-0.049039,58.4186,0.0002,2.54818e-10,2.10181e-08,2.54818e-10,0.000200015,1.27355e-06,2.10181e-08,1.27355e-06,0.000199994
-0.42319,-0.399124,1.51851,-0.425131,-0.412577,1.53648,-0.0380897,0.0401765,-0.0444937,58.4761,0.0002,2.22251e-10,1.73312e-08,2.22251e-10,0.000200015,1.27332e-06,1.73312e-08,1.27332e-06,0.000199994
-0.420552,-0.402284,1.52261,-0.424322,-0.415001,1.53944,-0.0390515,0.0368159,-0.0403917,58.4473,0.0002,1.7992e-10,1.29614e-08,1.7992e-10,0.000200015,1.27318e-06,1.29614e-08,1.27318e-06,0.000199994
-0.415053,-0.404134,1.52511,-0.407276,-0.411622,1.5355,-0.0370532,0.0348659,-0.0378892,60.9557,0.0002,1.30008e-10,8.12078e-09,1.30008e-10,0.000200015,1.26969e-06,8.12078e-09,1.26969e-06,0.000199994
-0.410425,-0.406003,1.52758,-0.406289,-0.413651,1.53817,-0.0360249,0.0328968,-0.0344168,60.9548,0.0002,7.07107e-11,2.45471e-09,7.07107e-11,0.000200015,1.27264e-06,2.45471e-09,1.27264e-06,0.000199994
-0.406629,-0.407869,1.53009,-0.40566,-0.415491,1.54049,-0.035729,0.030831,-0.0319116,60.4686,0.0002,2.80406e-11,-8.66358e-10,2.80406e-11,0.000200015,1.26934e-06,-8.66358e-10,1.26934e-06,0.000199994
-0.403481,-0.40969,1.53241,-0.405048,-0.417113,1.5424,-0.0361809,0.0289103,-0.0295871,60.5201,0.0002,9.97437e-13,-2.46453e-09,9.97437e-13,0.000200015,1.26546e-06,-2.46453e-09,1.26546e-06,0.000199994
-0.400844,-0.411425,1.53471,-0.404513,-0.418585,1.54426,-0.0370444,0.0269753,-0.027292,58.5877,0.0002,-4.09368e-11,-6.21143e-09,-4.09368e-11,0.000200015,1.26473e-06,-6.21143e-09,1.26473e-06,0.000199994
-0.396266,-0.409516,1.53291,-0.392165,-0.40201,1.52659,-0.0360657,0.0287841,-0.0290937,66.7367,0.0002,-8.05546e-11,-9.58112e-09,-8.05546e-11,0.000200015,1.26425e-06,-9.58112e-09,1.26425e-06,0.000199994
-0.392594,-0.40869,1.53168,-0.391897,-0.402423,1.52706,-0.0358941,0.0300105,-0.0303165,66.8799,0.0002,7.0895e-10,8.7504e-08,7.0895e-10,0.000200015,1.25681e-06,8.7504e-08,1.25681e-06,0.000199994
-0.389646,-0.408891,1.53061,-0.391727,-0.40264,1.52756,-0.0364456,0.0316086,-0.030386,66.7632,0.000200001,2.4064e-09,2.81283e-07,2.4064e-09,0.000200015,1.24844e-06,2.81283e-07,1.24844e-06,0.000199994
-0.387259,-0.409902,1.52996,-0.391341,-0.403593,1.52856,-0.0375586,0.033198,-0.0310445,66.9364,0.000200002,4.55898e-09,5.11051e-07,4.55898e-09,0.000200014,1.23517e-06,5.11051e-07,1.23517e-06,0.000199994
-0.385249,-0.41158,1.53009,-0.39083,-0.405073,1.53059,-0.0390491,0.03452,-0.0309137,67.0129,0.000200004,6.93483e-09,7.50197e-07,6.93483e-09,0.000200014,1.22621e-06,7.50197e-07,1.22621e-06,0.000199994
-0.383539,-0.4124,1.53022,-0.390351,-0.405764,1.53138,-0.040839,0.0365004,-0.0307784,67.0749,0.000200005,7.88862e-09,7.97706e-07,7.88862e-09,0.000200014,1.22138e-06,7.97706e-07,1.22138e-06,0.000199993
-0.381752,-0.410365,1.52555,-0.388353,-0.394178,1.50675,-0.0425525,0.040135,-0.0354536,72.9819,0.000200005,8.06602e-09,7.63513e-07,8.06602e-09,0.000200014,1.2244e-06,7.63513e-07,1.2244e-06,0.000199993
-0.380671,-0.407436,1.52126,-0.390093,-0.391498,1.50369,-0.0449711,0.0439645,-0.0397441,72.6716,0.000200004,7.1525e-09,6.19339e-07,7.1525e-09,0.000200014,1.22567e-06,6.19339e-07,1.22567e-06,0.000199993
-0.380151,-0.404102,1.51711,-0.392008,-0.38819,1.50012,-0.0479509,0.0478975,-0.0438905,72.3611,0.000200003,5.98693e-09,4.74749e-07,5.98693e-09,0.000200014,1.23202e-06,4.74749e-07,1.23202e-06,0.000199993
-0.380141,-0.400687,1.51294,-0.393903,-0.384767,1.49615,-0.0514415,0.0515134,-0.0480642,72.0198,0.000200002,4.96536e-09,3.71935e-07,4.96536e-09,0.000200014,1.23129e-06,3.71935e-07,1.23129e-06,0.000199994
-0.380557,-0.396757,1.50862,-0.396219,-0.380305,1.49125,-0.0553569,0.0555433,-0.0523815,71.4687,0.000200001,3.80023e-09,2.57217e-07,3.80023e-09,0.000200014,1.23688e-06,2.57217e-07,1.23688e-06,0.000199994
-0.38144,-0.392727,1.50413,-0.39889,-0.375332,1.48575,-0.0597396,0.0595731,-0.0568687,71.2165,0.000200001,3.04577e-09,2.0088e-07,3.04577e-09,0.000200014,1.23773e-06,2.0088e-07,1.23773e-06,0.000199994
-0.376578,-0.391814,1.50038,-0.371113,-0.387703,1.48565,-0.0583781,0.0603856,-0.0606204,63.7125,0.000200001,2.29066e-09,1.39732e-07,2.29066e-09,0.000200014,1.23992e-06,1.39732e-07,1.23992e-06,0.000199994
-0.372661,-0.391011,1.49731,-0.370921,-0.387253,1.48501,-0.0579611,0.0610889,-0.0636891,63.7111,0.0002,1.75608e-09,1.0382e-07,1.75608e-09,0.000200014,1.23945e-06,1.0382e-07,1.23945e-06,0.000199994
-0.369482,-0.390277,1.49467,-0.370801,-0.386765,1.4847,-0.0582821,0.0617227,-0.0663333,63.6295,0.0002,1.38503e-09,8.25262e-08,1.38503e-09,0.000200014,1.2425e-06,8.25262e-08,1.2425e-06,0.000199995
-0.366992,-0.389676,1.49262,-0.371025,-0.386834,1.48474,-0.0592917,0.0622242,-0.0683785,63.708,0.0002,1.08719e-09,6.48312e-08,1.08719e-09,0.000200014,1.2431e-06,6.48312e-08,1.2431e-06,0.000199995
-0.365091,-0.389143,1.49094,-0.371419,-0.386403,1.48419,-0.0608913,0.0626568,-0.0700602,63.6227,0.0002,9.21356e-10,5.93436e-08,9.21356e-10,0.000200014,1.24137e-06,5.93436e-08,1.24137e-06,0.000199995
-0.358766,-0.390777,1.49076,-0.347257,-0.397007,1.49042,-0.057966,0.0608227,-0.0702363,60.7969,0.0002,7.41016e-10,4.77282e-08,7.41016e-10,0.000200014,1.23582e-06,4.77282e-08,1.23582e-06,0.000199995
-0.353426,-0.392526,1.49136,-0.346015,-0.399167,1.49382,-0.0561261,0.058974,-0.0696353,60.7484,0.0002,6.30101e-10,4.24414e-08,6.30101e-10,0.000200014,1.23722e-06,4.24414e-08,1.23722e-06,0.000199995
-0.348978,-0.394412,1.49251,-0.345021,-0.401531,1.49716,-0.0551781,0.0568879,-0.0684863,60.746,0.0002,5.74778e-10,4.19123e-08,5.74778e-10,0.000200014,1.23446e-06,4.19123e-08,1.23446e-06,0.000199995
-0.345177,-0.39631,1.49403,-0.343923,-0.403601,1.50013,-0.0548771,0.0548899,-0.0669734,60.3372,0.0002,5.10118e-10,3.79384e-08,5.10118e-10,0.000200014,1.23637e-06,3.79384e-08,1.23637e-06,0.000199995
-0.341955,-0.398216,1.49573,-0.342909,-0.405579,1.50323,-0.0550547,0.052784,-0.0652717,60.3842,0.0002,4.56051e-10,3.45292e-08,4.56051e-10,0.000200014,1.23421e-06,3.45292e-08,1.23421e-06,0.000199995
-0.339172,-0.400097,1.49781,-0.341942,-0.407436,1.50587,-0.0557719,0.0508031,-0.0631917,60.5123,0.0002,3.97922e-10,2.99187e-08,3.97922e-10,0.000200014,1.23467e-06,2.99187e-08,1.23467e-06,0.000199995
-0.33266,-0.401864,1.49908,-0.320452,-0.408604,1.50484,-0.0526604,0.048836,-0.0619229,55.8632,0.0002,3.88225e-10,3.11158e-08,3.88225e-10,0.000200014,1.23291e-06,3.11158e-08,1.23291e-06,0.000199995
-0.327171,-0.402809,1.5009,-0.319364,-0.410748,1.50828,-0.0506708,0.0469907,-0.0600953,55.3965,0.0002,-7.81695e-10,-1.1132e-07,-7.81695e-10,0.000200014,1.24204e-06,-1.1132e-07,1.24204e-06,0.000199995
-0.322555,-0.40345,1.50314,-0.318346,-0.412699,1.51122,-0.0495545,0.0442501,-0.0578572,55.4793,0.000200001,-2.38474e-09,-2.83315e-07,-2.38474e-09,0.000200015,1.25148e-06,-2.83315e-07,1.25148e-06,0.000199995
-0.31868,-0.404103,1.50509,-0.317452,-0.413964,1.51329,-0.0491799,0.0413973,-0.0559083,55.4552,0.000200001,-3.78751e-09,-4.11243e-07,-3.78751e-09,0.000200015,1.25827e-06,-4.11243e-07,1.25827e-06,0.000199994
-0.315403,-0.405336,1.50711,-0.316483,-0.415691,1.51588,-0.0493034,0.0387639,-0.0538943,55.5292,0.000200001,-4.36031e-09,-4.3443e-07,-4.36031e-09,0.000200015,1.25996e-06,-4.3443e-07,1.25996e-06,0.000199994
-0.312622,-0.407288,1.50928,-0.315379,-0.417586,1.51867,-0.0500223,0.0360118,-0.0517243,55.6286,0.000200001,-3.95654e-09,-3.55305e-07,-3.95654e-09,0.000200015,1.25121e-06,-3.55305e-07,1.25121e-06,0.000199994
-0.30571,-0.409178,1.5125,-0.291903,-0.418758,1.52614,-0.0465105,0.0335221,-0.0474974,50.977,0.000200001,-3.46683e-09,-2.88647e-07,-3.46683e-09,0.000200015,1.2444e-06,-2.88647e-07,1.2444e-06,0.000199994
-0.299862,-0.411298,1.51582,-0.290247,-0.420786,1.5298,-0.0440624,0.0310018,-0.0441815,51.0745,0.000200001,-2.80326e-09,-2.13442e-07,-2.80326e-09,0.000200014,1.23786e-06,-2.13442e-07,1.23786e-06,0.000199994
-0.294971,-0.413443,1.51929,-0.289106,-0.422594,1.53294,-0.0425709,0.0285574,-0.040708,51.037,0.0002,-2.17401e-09,-1.51683e-07,-2.17401e-09,0.000200014,1.23102e-06,-1.51683e-07,1.23102e-06,0.000199994
-0.290876,-0.415465,1.52243,-0.288302,-0.424061,1.53537,-0.0419765,0.0263348,-0.0375704,51.0541,0.0002,-1.68194e-09,-1.10038e-07,-1.68194e-09,0.000200014,1.22982e-06,-1.10038e-07,1.22982e-06,0.000199995
-0.287482,-0.417397,1.52533,-0.287589,-0.425351,1.53733,-0.0419822,0.024203,-0.0346665,51.0092,0.0002,-1.24429e-09,-7.47391e-08,-1.24429e-09,0.000200014,1.22512e-06,-7.47391e-08,1.22512e-06,0.000199995
-0.284582,-0.419114,1.52806,-0.286671,-0.426348,1.53931,-0.042482,0.0222862,-0.0319448,51.1557,0.0002,-9.591e-10,-5.682e-08,-9.591e-10,0.000200014,1.22225e-06,-5.682e-08,1.22225e-06,0.000199995
-0.277934,-0.420205,1.53001,-0.26497,-0.424687,1.53789,-0.0392344,0.0210945,-0.0299853,42.9376,0.0002,-6.96624e-10,-3.81517e-08,-6.96624e-10,0.000200014,1.21832e-06,-3.81517e-08,1.21832e-06,0.000199995
-0.272482,-0.421321,1.53201,-0.264298,-0.425925,1.54003,-0.0371817,0.0198792,-0.0279886,42.0456,0.0002,-5.12996e-10,-2.70588e-08,-5.12996e-10,0.000200014,1.2158e-06,-2.70588e-08,1.2158e-06,0.000199995
-0.267948,-0.422556,1.53985,-0.263441,-0.427625,1.54266,-0.0360481,0.0184445,-0.0271514,42.0416,0.0002,-4.13838e-10,-2.39452e-08,-4.13838e-10,0.000200014,1.21415e-06,-2.39452e-08,1.21415e-06,0.000199995
-0.26408,-0.423955,1.55497,-0.262287,-0.429538,1.54598,-0.0356805,0.0169453,-0.0290283,41.5783,0.0002,-3.68737e-10,-2.47055e-08,-3.68737e-10,0.000200014,1.21453e-06,-2.47055e-08,1.21453e-06,0.000199995
-0.260812,-0.425414,1.56801,-0.261307,-0.431265,1.54877,-0.0357121,0.0152856,-0.0339899,41.3839,0.0002,-3.67342e-10,-2.8605e-08,-3.67342e-10,0.000200014,1.21118e-06,-2.8605e-08,1.21118e-06,0.000199995
-0.25464,-0.424927,1.57476,-0.243619,-0.423151,1.56777,-0.0329397,0.0155733,-0.0362416,42.6821,0.0002,-3.57443e-10,-2.93105e-08,-3.57443e-10,0.000200014,1.21241e-06,-2.93105e-08,1.21241e-06,0.000199995
-0.249698,-0.42461,1.5748,-0.243437,-0.423779,1.56925,-0.0313978,0.0156903,-0.0371994,42.7005,0.0002,-3.90162e-10,-3.47012e-08,-3.90162e-10,0.000200014,1.20807e-06,-3.47012e-08,1.20807e-06,0.000199995
-0.245704,-0.424457,1.57395,-0.243287,-0.42435,1.57021,-0.0308037,0.0155432,-0.0380539,42.7301,0.0002,-4.26816e-10,-3.9295e-08,-4.26816e-10,0.000200014,1.207e-06,-3.9295e-08,1.207e-06,0.000199995
-0.242504,-0.424383,1.57317,-0.243263,-0.42459,1.57036,-0.0310037,0.0154167,-0.0388341,42.7964,0.0002,-4.52273e-10,-4.17954e-08,-4.52273e-10,0.000200014,1.20634e-06,-4.17954e-08,1.20634e-06,0.000199995
-0.239905,-0.424343,1.57262,-0.243068,-0.424783,1.57077,-0.0318047,0.0151573,-0.0393776,42.7539,0.0002,-4.958e-10,-4.64604e-08,-4.958e-10,0.000200014,1.20592e-06,-4.64604e-08,1.20592e-06,0.000199995
-0.237871,-0.424271,1.57212,-0.243244,-0.424637,1.57072,-0.0330712,0.0149288,-0.0398849,42.727,0.0002,-5.3999e-10,-5.08745e-08,-5.3999e-10,0.000200014,1.20396e-06,-5.08745e-08,1.20396e-06,0.000199995
-0.23238,-0.423919,1.57556,-0.223915,-0.423273,1.58999,-0.0309797,0.0149813,-0.036436,39.2381,0.0002,-5.71709e-10,-5.34803e-08,-5.71709e-10,0.000200014,1.20271e-06,-5.34803e-08,1.20271e-06,0.000199995
-0.22788,-0.423798,1.57867,-0.223382,-0.424114,1.59175,-0.0297802,0.0148024,-0.0333273,38.3927,0.0002,-6.06786e-10,-5.66384e-08,-6.06786e-10,0.000200014,1.20184e-06,-5.66384e-08,1.20184e-06,0.000199995
-0.224216,-0.423841,1.58154,-0.222951,-0.424842,1.59301,-0.0295161,0.0144594,-0.0304624,38.4532,0.0002,-6.42513e-10,-6.00445e-08,-6.42513e-10,0.000200013,1.19781e-06,-6.00445e-08,1.19781e-06,0.000199995
-0.221222,-0.42399,1.58378,-0.222635,-0.425445,1.59405,-0.029822,0.0140103,-0.0272163,38.5249,0.0002,-6.77674e-10,-6.33163e-08,-6.77674e-10,0.000200013,1.19516e-06,-6.33163e-08,1.19516e-06,0.000199995
-0.218795,-0.424141,1.58574,-0.222582,-0.425622,1.59421,-0.0307952,0.0135592,-0.0252608,38.5075,0.0002,-7.1374e-10,-6.64844e-08,-7.1374e-10,0.000200013,1.19681e-06,-6.64844e-08,1.19681e-06,0.000199995
-0.216835,-0.424365,1.58744,-0.222381,-0.426047,1.59487,-0.0321346,0.0130353,-0.0235641,38.5109,0.0002,-7.18775e-10,-6.59034e-08,-7.18775e-10,0.000200013,1.19446e-06,-6.59034e-08,1.19446e-06,0.000199995
-0.211523,-0.423956,1.58844,-0.203662,-0.42321,1.59247,-0.0302227,0.0131445,-0.0225563,39.6567,0.0002,-7.53976e-10,-6.97293e-08,-7.53976e-10,0.000200013,1.19286e-06,-6.97293e-08,1.19286e-06,0.000199995
-0.207231,-0.423721,1.58919,-0.203399,-0.423631,1.59312,-0.0292311,0.0130792,-0.0218116,39.4082,0.0002,-7.69173e-10,-7.07766e-08,-7.69173e-10,0.000200013,1.19014e-06,-7.07766e-08,1.19014e-06,0.000199995
-0.203726,-0.423555,1.58991,-0.203196,-0.423805,1.59343,-0.0291259,0.0130449,-0.0210898,39.3547,0.0002,-7.99114e-10,-7.3593e-08,-7.99114e-10,0.000200013,1.19345e-06,-7.3593e-08,1.19345e-06,0.000199995
-0.200938,-0.423424,1.59065,-0.203173,-0.423817,1.59362,-0.0296382,0.0128758,-0.020349,39.3769,0.0002,-8.22705e-10,-7.57105e-08,-8.22705e-10,0.000200013,1.19214e-06,-7.57105e-08,1.19214e-06,0.000199995
-0.198697,-0.423418,1.59134,-0.203063,-0.424266,1.59444,-0.0307968,0.0125821,-0.0186555,39.3699,0.0002,-8.28027e-10,-7.56141e-08,-8.28027e-10,0.000200013,1.18962e-06,-7.56141e-08,1.18962e-06,0.000199995
-0.196871,-0.423407,1.59192,-0.202897,-0.424346,1.59456,-0.0322709,0.0122934,-0.0180768,39.4197,0.0002,-8.59917e-10,-7.92509e-08,-8.59917e-10,0.000200013,1.18791e-06,-7.92509e-08,1.18791e-06,0.000199995
-0.191462,-0.423561,1.59268,-0.183209,-0.425023,1.59636,-0.0301615,0.0118386,-0.01732,40.8055,0.0002,-8.47563e-10,-7.67232e-08,-8.47563e-10,0.000200013,1.18861e-06,-7.67232e-08,1.18861e-06,0.000199995
-0.187142,-0.42372,1.59341,-0.183141,-0.425309,1.59699,-0.0291422,0.0113802,-0.0165878,40.7038,0.0002,-8.63392e-10,-7.87583e-08,-8.63392e-10,0.000200013,1.18557e-06,-7.87583e-08,1.18557e-06,0.000199995
-0.183643,-0.423904,1.59415,-0.182976,-0.42555,1.59742,-0.0290432,0.0108964,-0.0158519,40.7788,0.0002,-8.66307e-10,-7.87426e-08,-8.66307e-10,0.000200013,1.18533e-06,-7.87426e-08,1.18533e-06,0.000199995
-0.180822,-0.424083,1.59492,-0.182813,-0.425773,1.59801,-0.0295222,0.0104168,-0.0150817,40.7748,0.0002,-8.82828e-10,-8.07418e-08,-8.82828e-10,0.000200013,1.18342e-06,-8.07418e-08,1.18342e-06,0.000199995
-0.178536,-0.424281,1.59552,-0.182721,-0.425997,1.59823,-0.0305363,0.0100194,-0.0144846,40.754,0.0002,-8.85898e-10,-8.06545e-08,-8.85898e-10,0.000200013,1.18392e-06,-8.06545e-08,1.18392e-06,0.000199995
-0.172721,-0.42487,1.5968,-0.16268,-0.428178,1.60229,-0.028021,0.00913037,-0.0131982,43.144,0.0002,-8.87314e-10,-8.07695e-08,-8.87314e-10,0.000200013,1.18081e-06,-8.07695e-08,1.18081e-06,0.000199995
-0.168018,-0.425456,1.5981,-0.162481,-0.428715,1.6033,-0.0267182,0.00824428,-0.0119034,43.1029,0.0002,-8.80648e-10,-7.97641e-08,-8.80648e-10,0.000200013,1.18053e-06,-7.97641e-08,1.18053e-06,0.000199995
-0.164209,-0.425931,1.59913,-0.162244,-0.428868,1.60391,-0.0261094,0.00746896,-0.0108716,43.1395,0.0002,-9.05199e-10,-8.30053e-08,-9.05199e-10,0.000200013,1.18023e-06,-8.30053e-08,1.18023e-06,0.000199995
-0.161135,-0.42638,1.6001,-0.162054,-0.429168,1.60433,-0.0264349,0.00681975,-0.00989919,43.1134,0.0002,-9.13886e-10,-8.38025e-08,-9.13886e-10,0.000200013,1.17835e-06,-8.38025e-08,1.17835e-06,0.000199995
-0.15871,-0.4268,1.6011,-0.16207,-0.429423,1.60509,-0.0272102,0.00609988,-0.00890422,43.1587,0.0002,-9.06594e-10,-8.29071e-08,-9.06594e-10,0.000200013,1.17206e-06,-8.29071e-08,1.17206e-06,0.000199995
-0.156702,-0.427147,1.60161,-0.16194,-0.429495,1.60494,-0.0286021,0.0054527,-0.00739263,43.1141,0.0002,-9.0781e-10,-8.28213e-08,-9.0781e-10,0.000200013,1.17481e-06,-8.28213e-08,1.17481e-06,0.000199995
-0.151307,-0.427176,1.60237,-0.142889,-0.428355,1.60542,-0.0264074,0.00522443,-0.00663248,43.1496,0.0002,-9.34887e-10,-8.64153e-08,-9.34887e-10,0.000200013,1.17305e-06,-8.64153e-08,1.17305e-06,0.000199995
-0.146961,-0.427278,1.60305,-0.142788,-0.428712,1.60612,-0.0253605,0.00482211,-0.00594774,43.1776,0.0002,-9.46772e-10,-8.73549e-08,-9.46772e-10,0.000200013,1.17365e-06,-8.73549e-08,1.17365e-06,0.000199995
-0.143489,-0.427395,1.60363,-0.142767,-0.428841,1.60661,-0.0251893,0.0044052,-0.00536618,43.1755,0.0002,-9.43039e-10,-8.64569e-08,-9.43039e-10,0.000200013,1.17237e-06,-8.64569e-08,1.17237e-06,0.000199995
-0.140668,-0.427486,1.60407,-0.142597,-0.428885,1.60616,-0.025668,0.004114,-0.00492712,43.0843,0.0002,-9.56076e-10,-8.7917e-08,-9.56076e-10,0.000200013,1.17317e-06,-8.7917e-08,1.17317e-06,0.000199995
-0.138426,-0.427601,1.60462,-0.142516,-0.429045,1.60683,-0.0267265,0.00369871,-0.00437776,43.1178,0.0002,-9.50594e-10,-8.72002e-08,-9.50594e-10,0.000200013,1.16863e-06,-8.72002e-08,1.16863e-06,0.000199995
-0.136618,-0.427704,1.60492,-0.14249,-0.429161,1.60708,-0.028218,0.00329558,-0.00407749,43.1461,0.0002,-9.61263e-10,-8.86293e-08,-9.61263e-10,0.000200013,1.16735e-06,-8.86293e-08,1.16735e-06,0.000199995
-0.131403,-0.427431,1.60503,-0.123651,-0.427374,1.60578,-0.0262032,0.00336935,-0.00397003,45.2711,0.0002,-9.71101e-10,-8.97365e-08,-9.71101e-10,0.000200013,1.16652e-06,-8.97365e-08,1.16652e-06,0.000199995
-0.127187,-0.427263,1.60503,-0.123431,-0.427525,1.60597,-0.0252867,0.00323749,-0.0039741,45.2383,0.0002,-9.52484e-10,-8.70222e-08,-9.52484e-10,0.000200013,1.1661e-06,-8.70222e-08,1.1661e-06,0.000199995
-0.123805,-0.427125,1.60518,-0.123281,-0.427611,1.60614,-0.0251554,0.00317535,-0.00281517,45.2317,0.0002,-9.60957e-10,-8.86351e-08,-9.60957e-10,0.000200013,1.16231e-06,-8.86351e-08,1.16231e-06,0.000199995
-0.121115,-0.427013,1.6053,-0.123516,-0.427557,1.60641,-0.0257753,0.0029874,-0.00269779,45.2905,0.0002,-9.59504e-10,-8.81745e-08,-9.59504e-10,0.000200013,1.16505e-06,-8.81745e-08,1.16505e-06,0.000199995
-0.118969,-0.426958,1.60551,-0.123389,-0.427675,1.60667,-0.0268593,0.00284205,-0.00248852,45.2362,0.0002,-9.41685e-10,-8.60862e-08,-9.41685e-10,0.000200013,1.16175e-06,-8.60862e-08,1.16175e-06,0.000199995
-0.113476,-0.426542,1.60552,-0.104608,-0.425927,1.60651,-0.0246658,0.00295773,-0.00247996,48.1353,0.0002,-9.5645e-10,-8.82893e-08,-9.5645e-10,0.000200013,1.16292e-06,-8.82893e-08,1.16292e-06,0.000199995
-0.109013,-0.426287,1.6057,-0.104167,-0.426204,1.60676,-0.0234334,0.003013,-0.00229522,48.0676,0.0002,-9.4038e-10,-8.62504e-08,-9.4038e-10,0.000200013,1.16038e-06,-8.62504e-08,1.16038e-06,0.000199995
-0.105419,-0.426081,1.60582,-0.104151,-0.426198,1.60658,-0.023129,0.00291918,-0.00218465,48.0478,0.0002,-9.30924e-10,-8.51408e-08,-9.30924e-10,0.000200013,1.16215e-06,-8.51408e-08,1.16215e-06,0.000199995
-0.1026,-0.425928,1.60595,-0.104274,-0.426313,1.60711,-0.0235403,0.00277167,-0.0020533,48.121,0.0002,-9.32534e-10,-8.59665e-08,-9.32534e-10,0.000200013,1.15812e-06,-8.59665e-08,1.15812e-06,0.000199995
-0.10029,-0.425805,1.60614,-0.104153,-0.426367,1.60725,-0.0245198,0.00269481,-0.00185733,48.1155,0.0002,-9.51994e-10,-8.84619e-08,-9.51994e-10,0.000200013,1.16058e-06,-8.84619e-08,1.16058e-06,0.000199995
-0.0984866,-0.425703,1.60625,-0.104222,-0.426292,1.60731,-0.0259266,0.00249688,-0.000750262,48.1209,0.0002,-9.5071e-10,-8.82276e-08,-9.5071e-10,0.000200013,1.1571e-06,-8.82276e-08,1.1571e-06,0.000199995
-0.0933088,-0.425271,1.60599,-0.0856565,-0.424427,1.60556,-0.0240288,0.00272922,-0.00101451,49.5034,0.0002,-9.26742e-10,-8.48409e-08,-9.26742e-10,0.000200013,1.1584e-06,-8.48409e-08,1.1584e-06,0.000199995
-0.0891888,-0.424922,1.60587,-0.0856024,-0.424566,1.60572,-0.0231088,0.00287779,-0.00113161,49.4794,0.0002,-9.41395e-10,-8.75188e-08,-9.41395e-10,0.000200012,1.15395e-06,-8.75188e-08,1.15395e-06,0.000199995
-0.0858319,-0.424663,1.60574,-0.0854085,-0.424561,1.60556,-0.0230219,0.00283681,-0.00125719,49.4481,0.0002,-9.30232e-10,-8.59022e-08,-9.30232e-10,0.000200012,1.15463e-06,-8.59022e-08,1.15463e-06,0.000199995
-0.083183,-0.42447,1.60563,-0.085536,-0.424682,1.60581,-0.023573,0.00283028,-0.00137139,49.5418,0.0002,-9.32074e-10,-8.64238e-08,-9.32074e-10,0.000200012,1.15331e-06,-8.64238e-08,1.15331e-06,0.000199995
-0.081056,-0.424331,1.60561,-0.0854968,-0.424764,1.60617,-0.024716,0.00266896,-0.00139002,49.4744,0.0002,-9.3338e-10,-8.67102e-08,-9.3338e-10,0.000200012,1.15247e-06,-8.67102e-08,1.15247e-06,0.000199995
-0.0793804,-0.424226,1.60566,-0.0855754,-0.424737,1.60618,-0.0262304,0.00257422,-0.00133954,49.5199,0.0002,-9.20441e-10,-8.5159e-08,-9.20441e-10,0.000200012,1.15029e-06,-8.5159e-08,1.15029e-06,0.000199995
-0.0744567,-0.423544,1.60482,-0.0676578,-0.42183,1.60176,-0.0245667,0.00295607,-0.0021806,51.5405,0.0002,-9.35942e-10,-8.75883e-08,-9.35942e-10,0.000200012,1.14877e-06,-8.75883e-08,1.14877e-06,0.000199995
-0.0705185,-0.422996,1.60405,-0.0676616,-0.421814,1.60191,-0.0238185,0.00330393,-0.00295161,51.5115,0.0002,-9.45411e-10,-8.87306e-08,-9.45411e-10,0.000200012,1.14784e-06,-8.87306e-08,1.14784e-06,0.000199995
-0.0673692,-0.422569,1.60361,-0.0676172,-0.421808,1.60183,-0.0239292,0.00343091,-0.00239373,51.5453,0.0002,-9.36873e-10,-8.74844e-08,-9.36873e-10,0.000200012,1.14561e-06,-8.74844e-08,1.14561e-06,0.000199995
-0.0648458,-0.422232,1.60308,-0.0676526,-0.421778,1.60194,-0.0245758,0.00356786,-0.00291582,51.5186,0.0002,-9.16337e-10,-8.4762e-08,-9.16337e-10,0.000200012,1.14596e-06,-8.4762e-08,1.14596e-06,0.000199995
-0.0628047,-0.421952,1.60272,-0.0675407,-0.421721,1.60155,-0.0257847,0.00354754,-0.00328475,51.5598,0.0002,-8.98976e-10,-8.28696e-08,-8.98976e-10,0.000200012,1.1462e-06,-8.28696e-08,1.1462e-06,0.000199995
-0.061241,-0.421727,1.6025,-0.0677773,-0.421815,1.60195,-0.027401,0.00357296,-0.00350018,51.4626,0.0002,-9.07395e-10,-8.47995e-08,-9.07395e-10,0.000200012,1.14285e-06,-8.47995e-08,1.14285e-06,0.000199995
-0.0565508,-0.420917,1.6008,-0.0505877,-0.418517,1.59429,-0.0259508,0.00408262,-0.00520348,50.8352,0.0002,-8.88604e-10,-8.25448e-08,-8.88604e-10,0.000200012,1.14082e-06,-8.25448e-08,1.14082e-06,0.000199995
-0.0527938,-0.420222,1.59359,-0.0506128,-0.418363,1.59397,-0.0253638,0.00457762,-0.00540822,50.8412,0.0002,-8.60526e-10,-7.91862e-08,-8.60526e-10,0.000200012,1.14142e-06,-7.91862e-08,1.14142e-06,0.000199995
-0.0498575,-0.419622,1.57942,-0.0509051,-0.418196,1.59352,-0.0256775,0.00497848,-0.00158011,50.8145,0.0002,-7.96551e-10,-7.14861e-08,-7.96551e-10,0.000200012,1.14049e-06,-7.14861e-08,1.14049e-06,0.000199995
-0.0474699,-0.419127,1.57371,-0.0508274,-0.418091,1.5931,-0.0264699,0.00527282,0.00371225,50.838,0.0002,-7.52211e-10,-6.70726e-08,-7.52211e-10,0.000200012,1.14345e-06,-6.70726e-08,1.14345e-06,0.000199995
-0.0455803,-0.418793,1.57623,-0.050882,-0.418255,1.5933,-0.0278203,0.00540689,0.00723378,50.8192,0.0002,-7.15005e-10,-6.38273e-08,-7.15005e-10,0.000200012,1.14357e-06,-6.38273e-08,1.14357e-06,0.000199995
-0.0406119,-0.41923,1.57525,-0.0334986,-0.421666,1.57263,-0.0260219,0.00486993,0.00725458,54.0629,0.0002,-6.98113e-10,-6.33593e-08,-6.98113e-10,0.000200012,1.14016e-06,-6.33593e-08,1.14016e-06,0.000199995
-0.0365924,-0.419603,1.57459,-0.0333283,-0.421721,1.57226,-0.0252424,0.00439689,0.00658894,54.0933,0.0002,-6.72341e-10,-6.1063e-08,-6.72341e-10,0.000200012,1.1397e-06,-6.1063e-08,1.1397e-06,0.000199995
-0.0333527,-0.419935,1.57406,-0.0332088,-0.421775,1.57227,-0.0251687,0.00386541,0.00605866,54.1567,0.0002,-6.25729e-10,-5.59173e-08,-6.25729e-10,0.000200012,1.13944e-06,-5.59173e-08,1.13944e-06,0.000199995
-0.0307567,-0.420187,1.57369,-0.0331869,-0.421816,1.57256,-0.0258027,0.00351275,0.00569285,54.1522,0.0002,-6.13846e-10,-5.58098e-08,-6.13846e-10,0.000200012,1.13926e-06,-5.58098e-08,1.13926e-06,0.000199995
-0.0287119,-0.420403,1.57348,-0.0332943,-0.421723,1.57265,-0.0269159,0.00319686,0.00548347,54.1124,0.0002,-5.66473e-10,-5.05138e-08,-5.66473e-10,0.000200012,1.13747e-06,-5.05138e-08,1.13747e-06,0.000199995
-0.0270766,-0.420563,1.57318,-0.0332972,-0.421764,1.57262,-0.0285106,0.00293717,0.00518238,54.1205,0.0002,-5.54353e-10,-5.03773e-08,-5.54353e-10,0.000200012,1.13632e-06,-5.03773e-08,1.13632e-06,0.000199995
-0.0216666,-0.42001,1.57017,-0.0127914,-0.418278,1.55874,-0.0262586,0.00339033,0.00216958,49.0482,0.0002,-5.45469e-10,-5.01671e-08,-5.45469e-10,0.000200012,1.13559e-06,-5.01671e-08,1.13559e-06,0.000199995
-0.0173464,-0.419587,1.56789,-0.012831,-0.418251,1.55878,-0.0251644,0.00371268,-0.000107309,49.0594,0.0002,-5.05488e-10,-4.54637e-08,-5.05488e-10,0.000200012,1.13517e-06,-4.54637e-08,1.13517e-06,0.000199996
-0.0138655,-0.419238,1.56603,-0.0126553,-0.418339,1.55891,-0.0248355,0.00386187,-0.00196608,49.04,0.0002,-5.04939e-10,-4.66012e-08,-5.04939e-10,0.000200012,1.13325e-06,-4.66012e-08,1.13325e-06,0.000199996
-0.0110848,-0.419,1.56459,-0.0127282,-0.418374,1.55882,-0.0252748,0.00399954,-0.00340879,49.0786,0.0002,-4.62878e-10,-4.14924e-08,-4.62878e-10,0.000200012,1.13372e-06,-4.14924e-08,1.13372e-06,0.000199996
-0.00891881,-0.418758,1.56345,-0.0129154,-0.418207,1.55888,-0.0262588,0.0041424,-0.0045508,49.0472,0.0002,-4.50364e-10,-4.10579e-08,-4.50364e-10,0.000200012,1.13066e-06,-4.10579e-08,1.13066e-06,0.000199996
-0.00711776,-0.418586,1.56239,-0.0126807,-0.418311,1.55881,-0.0276678,0.00421419,-0.00560551,49.0485,0.0002,-4.38557e-10,-4.02273e-08,-4.38557e-10,0.000200012,1.13213e-06,-4.02273e-08,1.13213e-06,0.000199996
-0.00211531,-0.418401,1.56152,0.00528683,-0.41801,1.5577,-0.0258153,0.00429852,-0.00648096,48.3329,0.0002,-4.14031e-10,-3.77031e-08,-4.14031e-10,0.000200012,1.12795e-06,-3.77031e-08,1.12795e-06,0.000199996
0.00189134,-0.418241,1.56069,0.00520384,-0.417936,1.55768,-0.0250087,0.00435945,-0.00731107,48.299,0.0002,-3.92874e-10,-3.56385e-08,-3.92874e-10,0.000200012,1.1287e-06,-3.56385e-08,1.1287e-06,0.000199996
0.00512187,-0.418152,1.56013,0.00543619,-0.418134,1.55819,-0.0249081,0.00434835,-0.00787435,48.3456,0.0002,-3.74018e-10,-3.40142e-08,-3.74018e-10,0.000200012,1.12578e-06,-3.40142e-08,1.12578e-06,0.000199996
0.00769721,-0.418072,1.55973,0.00528425,-0.418083,1.55785,-0.0255328,0.00432804,-0.00726684,48.3871,0.0002,-3.59314e-10,-3.27754e-08,-3.59314e-10,0.000200012,1.12732e-06,-3.27754e-08,1.12732e-06,0.000199996
0.00979208,-0.418038,1.56517,0.00550987,-0.418137,1.55834,-0.0265579,0.00426248,-0.00983082,48.3844,0.0002,-3.55703e-10,-3.30015e-08,-3.55703e-10,0.000200012,1.12652e-06,-3.30015e-08,1.12652e-06,0.000199996
0.015108,-0.418261,1.57912,0.0237633,-0.419362,1.56542,-0.024442,0.00383857,-0.0128771,45.2173,0.0002,-3.87325e-10,-3.77719e-08,-3.87325e-10,0.000200012,1.12409e-06,-3.77719e-08,1.12409e-06,0.000199996
0.0193517,-0.418473,1.59072,0.0237186,-0.419409,1.56566,-0.0233183,0.00352672,-0.019284,45.1925,0.0002,-4.05451e-10,-3.98358e-08,-4.05451e-10,0.000200012,1.12242e-06,-3.98358e-08,1.12242e-06,0.000199996
0.0227918,-0.418672,1.60078,0.0238372,-0.419528,1.56581,-0.0230782,0.00312794,-0.0272183,45.2153,0.0002,-4.33355e-10,-4.29424e-08,-4.33355e-10,0.000200012,1.12466e-06,-4.29424e-08,1.12466e-06,0.000199996
0.0255453,-0.418811,1.60823,0.0238438,-0.419502,1.56595,-0.0234647,0.00278929,-0.0377723,45.2025,0.0002,-4.82623e-10,-4.86972e-08,-4.82623e-10,0.000200012,1.12592e-06,-4.86972e-08,1.12592e-06,0.000199996
0.0277516,-0.418919,1.61482,0.0238614,-0.419535,1.56595,-0.0244484,0.00238141,-0.0501787,45.2104,0.0002,-5.45408e-10,-5.5726e-08,-5.45408e-10,0.000200012,1.12653e-06,-5.5726e-08,1.12653e-06,0.000199996
0.0292907,-0.41899,1.6179,0.0237954,-0.419487,1.56575,-0.0258193,0.00200958,-0.0631028,45.2061,0.0002,-5.76773e-10,-5.976e-08,-5.76773e-10,0.000200011,1.09286e-06,-5.976e-08,1.09286e-06,0.000199996
0.0302635,-0.417447,1.62094,0.0332763,-0.412868,1.63501,-0.0249265,0.00325339,-0.0590569,42.1946,0.0002,-5.7696e-10,-8.72685e-08,-5.7696e-10,0.000200007,7.278e-07,-8.72685e-08,7.278e-07,0.000199997
0.0307016,-0.416226,1.62206,0.0332802,-0.412829,1.63477,-0.0242184,0.00407392,-0.0559402,42.2215,0.0002,-4.61199e-10,-1.02298e-07,-4.61199e-10,0.000200004,4.39705e-07,-1.02298e-07,4.39705e-07,0.000199998
0.031481,-0.4153,1.62092,0.0331869,-0.412974,1.63538,-0.023809,0.00460049,-0.052085,42.226,0.0002,-3.841e-10,-1.08482e-07,-3.841e-10,0.000200003,3.27108e-07,-1.08482e-07,3.27108e-07,0.000199998
0.032271,-0.414527,1.61919,0.0332811,-0.412958,1.63517,-0.023489,0.00507283,-0.0478061,42.1811,0.0002,-3.45962e-10,-1.16801e-07,-3.45962e-10,0.000200002,2.78785e-07,-1.16801e-07,2.78785e-07,0.000199999
0.032963,-0.413904,1.61705,0.0332568,-0.41284,1.63516,-0.023427,0.00529575,-0.043947,42.2076,0.0002,-3.18896e-10,-1.18965e-07,-3.18896e-10,0.000200001,2.58328e-07,-1.18965e-07,2.58328e-07,0.000199999
0.0334803,-0.412814,1.61533,0.0332229,-0.412849,1.6351,-0.0234597,0.00548632,-0.038672,42.2081,0.0002,-4.47208e-10,-2.15399e-07,-4.47208e-10,0.000200001,2.41559e-07,-2.15399e-07,2.41559e-07,0.000199999
0.0361208,-0.410817,1.6147,0.0437558,-0.411042,1.63985,-0.0214692,0.00528269,-0.0322952,46.6422,0.000200001,-7.79162e-10,-3.98661e-07,-7.79162e-10,0.000200001,2.52062e-07,-3.98661e-07,2.52062e-07,0.000199999
0.0383514,-0.408501,1.61239,0.0441538,-0.410109,1.6327,-0.0199186,0.004799,-0.027606,47.1833,0.000200003,-1.2273e-09,-6.0124e-07,-1.2273e-09,0.000200001,2.66166e-07,-6.0124e-07,2.66166e-07,0.000199999
0.040113,-0.406086,1.60999,0.0438388,-0.409863,1.63248,-0.018947,0.00391379,-0.0220075,47.0506,0.000200005,-1.78605e-09,-8.12555e-07,-1.78605e-09,0.000200001,2.83672e-07,-8.12555e-07,2.83672e-07,0.000199998
0.0415516,-0.404191,1.60767,0.0439069,-0.409673,1.63079,-0.0182884,0.00240857,-0.0163293,47.2033,0.000200007,-2.23533e-09,-9.35657e-07,-2.23533e-09,0.000200001,2.98008e-07,-9.35657e-07,2.98008e-07,0.000199998
0.0425959,-0.402257,1.60569,0.0435143,-0.40965,1.63174,-0.0180741,0.000742728,-0.00931264,47.1338,0.000200009,-2.69895e-09,-1.08041e-06,-2.69895e-09,0.000200001,3.04726e-07,-1.08041e-06,3.04726e-07,0.000199997
0.0435148,-0.400906,1.604,0.0437667,-0.409567,1.62996,-0.0180052,-0.00160619,-0.00300139,47.2091,0.000200011,-3.02177e-09,-1.13893e-06,-3.02177e-09,0.000200001,3.14139e-07,-1.13893e-06,3.14139e-07,0.000199996
0.0453954,-0.398345,1.59628,0.0489267,-0.398877,1.59843,-0.0170946,-0.00194467,-0.00172398,48.0922,0.00020001,-3.12636e-09,-1.07261e-06,-3.12636e-09,0.000200001,3.32049e-07,-1.07261e-06,3.32049e-07,0.000199996
0.0468448,-0.396848,1.59024,0.0489011,-0.398794,1.59818,-0.0165352,-0.00224797,0.000241307,48.0745,0.000200009,-2.92966e-09,-9.38796e-07,-2.92966e-09,0.000200001,3.35745e-07,-9.38796e-07,3.35745e-07,0.000199996
0.0485349,-0.396437,1.5905,0.0488153,-0.398877,1.5985,-0.0164851,-0.0028371,0.00249534,48.0986,0.000200006,-2.89707e-09,-7.30462e-07,-2.89707e-09,0.000200001,4.2362e-07,-7.30462e-07,4.2362e-07,0.000199997
0.0503517,-0.396316,1.59186,0.0489243,-0.398843,1.59826,-0.0168583,-0.00341578,0.00385788,48.086,0.000200004,-2.89678e-09,-5.63127e-07,-2.89678e-09,0.000200002,5.50081e-07,-5.63127e-07,5.50081e-07,0.000199997
0.0521907,-0.396413,1.59328,0.0490202,-0.39891,1.59865,-0.0176893,-0.00401335,0.005279,48.1042,0.000200003,-2.79485e-09,-4.27102e-07,-2.79485e-09,0.000200004,6.89347e-07,-4.27102e-07,6.89347e-07,0.000199997
0.0554872,-0.394392,1.58977,0.0572364,-0.387498,1.57474,-0.0172228,-0.00239201,0.000767028,46.8662,0.000200002,-2.50774e-09,-3.13978e-07,-2.50774e-09,0.000200005,8.06208e-07,-3.13978e-07,8.06208e-07,0.000199997
0.0582426,-0.392786,1.5869,0.0571419,-0.387482,1.57477,-0.0175174,-0.000986178,-0.00209987,46.8845,0.000200001,-2.21164e-09,-2.3899e-07,-2.21164e-09,0.000200007,9.03292e-07,-2.3899e-07,9.03292e-07,0.000199997
0.0605002,-0.391594,1.58479,0.0571927,-0.387496,1.57504,-0.0183198,6.20504e-06,-0.00421211,46.8414,0.000200001,-1.85082e-09,-1.76448e-07,-1.85082e-09,0.000200008,9.72555e-07,-1.76448e-07,9.72555e-07,0.000199997
0.0616594,-0.390218,1.57736,0.0572927,-0.387593,1.57495,-0.0192106,0.000482033,-0.00363702,46.8989,0.000200001,-1.852e-09,-2.03483e-07,-1.852e-09,0.000200007,9.11071e-07,-2.03483e-07,9.11071e-07,0.000199997
0.0618628,-0.388901,1.5705,0.0573382,-0.387571,1.57509,-0.0203372,0.000799285,-0.00250172,47.0951,0.000200001,-1.85175e-09,-2.542e-07,-1.85175e-09,0.000200006,7.5513e-07,-2.542e-07,7.5513e-07,0.000199997
0.061743,-0.388029,1.56397,0.0569722,-0.387507,1.57433,-0.021487,0.000970808,-3.48568e-05,46.8834,0.000200001,-1.61164e-09,-2.54976e-07,-1.61164e-09,0.000200004,6.21992e-07,-2.54976e-07,6.21992e-07,0.000199998
0.0643631,-0.386845,1.55696,0.0713738,-0.384484,1.55909,-0.0197169,0.00155516,0.000957017,46.3318,0.000200001,-1.3207e-09,-2.38162e-07,-1.3207e-09,0.000200003,5.09771e-07,-2.38162e-07,5.09771e-07,0.000199998
0.0664283,-0.385926,1.55159,0.0713724,-0.384458,1.55931,-0.0184617,0.00197432,0.00258589,46.3749,0.000200001,-1.08692e-09,-2.21648e-07,-1.08692e-09,0.000200003,4.33244e-07,-2.21648e-07,4.33244e-07,0.000199999
0.0682383,-0.384876,1.54715,0.0713305,-0.384404,1.55896,-0.0175417,0.00232401,0.00615403,46.2039,0.000200001,-1.08811e-09,-2.59147e-07,-1.08811e-09,0.000200002,4.11471e-07,-2.59147e-07,4.11471e-07,0.000199999
0.069939,-0.383683,1.54219,0.071435,-0.384471,1.55916,-0.017051,0.00221661,0.0111879,46.5343,0.000200001,-1.32975e-09,-3.40657e-07,-1.32975e-09,0.000200002,4.3594e-07,-3.40657e-07,4.3594e-07,0.000199999
0.071309,-0.38264,1.53699,0.071464,-0.384331,1.55874,-0.016951,0.00186024,0.0169893,46.1971,0.000200001,-1.57096e-09,-4.01919e-07,-1.57096e-09,0.000200002,4.53114e-07,-4.01919e-07,4.53114e-07,0.000199999
0.0724043,-0.381618,1.53229,0.0713144,-0.384339,1.5586,-0.0172557,0.00138172,0.0242933,46.5224,0.000200002,-1.87388e-09,-4.70553e-07,-1.87388e-09,0.000200002,4.69956e-07,-4.70553e-07,4.69956e-07,0.000199999
0.0745716,-0.379881,1.51821,0.0775812,-0.379335,1.50666,-0.0164884,0.00151857,0.0212127,47.8898,0.000200002,-2.09251e-09,-5.05062e-07,-2.09251e-09,0.000200002,4.82994e-07,-5.05062e-07,4.82994e-07,0.000199999
0.0758237,-0.377987,1.50411,0.0751527,-0.377482,1.49438,-0.0167163,0.00171335,0.0191122,47.6642,0.000200002,-2.33098e-09,-5.48467e-07,-2.33098e-09,0.000200002,4.9242e-07,-5.48467e-07,4.9242e-07,0.000199998
0.0769,-0.376579,1.4931,0.0751745,-0.37753,1.49447,-0.0171,0.00152133,0.0191035,47.6206,0.000200003,-2.50201e-09,-5.59329e-07,-2.50201e-09,0.000200002,5.10657e-07,-5.59329e-07,5.10657e-07,0.000199998
0.0776742,-0.375296,1.48395,0.0749189,-0.377312,1.49369,-0.0178758,0.00110404,0.02195,47.6134,0.000200003,-2.67018e-09,-5.83471e-07,-2.67018e-09,0.000200002,5.17853e-07,-5.83471e-07,5.17853e-07,0.000199998
0.0781561,-0.374483,1.47937,0.0748028,-0.377323,1.49345,-0.0186039,0.00051714,0.0263739,47.589,0.000200003,-2.61105e-09,-5.6557e-07,-2.61105e-09,0.000200002,5.03566e-07,-5.6557e-07,5.03566e-07,0.000199998
0.0799609,-0.372297,1.46952,0.0823625,-0.369213,1.43327,-0.0174091,0.00180263,0.0205181,46.8941,0.000200003,-2.45411e-09,-5.46296e-07,-2.45411e-09,0.000200002,4.72624e-07,-5.46296e-07,4.72624e-07,0.000199998
0.0809417,-0.370993,1.46095,0.0821843,-0.369183,1.4324,-0.0168083,0.00250721,0.0149519,46.88,0.000200002,-1.911e-09,-4.6079e-07,-1.911e-09,0.000200002,3.85785e-07,-4.6079e-07,3.85785e-07,0.000199998
0.0819702,-0.369689,1.45693,0.0819788,-0.369,1.43197,-0.0160898,0.0032109,0.0129343,46.8682,0.000200002,-1.74378e-09,-4.41873e-07,-1.74378e-09,0.000200002,3.75744e-07,-4.41873e-07,3.75744e-07,0.000199999
0.0824172,-0.369046,1.45147,0.0819908,-0.369025,1.43183,-0.0159028,0.0034539,0.00946916,46.8673,0.000200002,-1.32834e-09,-3.65598e-07,-1.32834e-09,0.000200001,3.09942e-07,-3.65598e-07,3.09942e-07,0.000199999
0.082056,-0.368256,1.4502,0.0820274,-0.369,1.4318,-0.016114,0.00344449,0.00620128,46.8604,0.000200001,-8.44372e-10,-3.5939e-07,-8.44372e-10,0.000200001,1.51299e-07,-3.5939e-07,1.51299e-07,0.000199999
0.0816606,-0.367353,1.45134,0.0819633,-0.369006,1.43178,-0.0159394,0.0030474,0.00134291,46.8562,0.000200002,-4.55181e-10,-3.98256e-07,-4.55181e-10,0.0002,3.3971e-08,-3.98256e-07,3.3971e-08,0.000199999
0.0811667,-0.365242,1.45467,0.0850759,-0.365703,1.41845,-0.0151333,0.00305751,-0.00833236,41.4482,0.000200002,3.63933e-10,-5.36063e-07,3.63933e-10,0.0002,-1.73953e-07,-5.36063e-07,-1.73953e-07,0.000199999
0.0803279,-0.363687,1.46042,0.0851335,-0.365656,1.41834,-0.0138321,0.00231308,-0.0185839,41.5879,0.000200003,1.43149e-09,-5.97623e-07,1.43149e-09,0.000200001,-3.81691e-07,-5.97623e-07,-3.81691e-07,0.000199999
0.0790839,-0.362704,1.46705,0.085066,-0.365646,1.41866,-0.0121961,0.00179611,-0.0309516,41.6185,0.000200003,2.52667e-09,-5.89893e-07,2.52667e-09,0.000200003,-6.04583e-07,-5.89893e-07,-6.04583e-07,0.000199998
0.0777334,-0.362324,1.47155,0.0851104,-0.365575,1.41812,-0.0103466,0.00117617,-0.0434516,41.4271,0.000200003,3.18842e-09,-5.14197e-07,3.18842e-09,0.000200005,-8.03862e-07,-5.14197e-07,-8.03862e-07,0.000199998
0.076503,-0.362321,1.47604,0.0851376,-0.365621,1.41844,-0.00804703,0.000479035,-0.0579611,41.5805,0.000200002,3.3229e-09,-4.15755e-07,3.3229e-09,0.000200007,-9.54766e-07,-4.15755e-07,-9.54766e-07,0.000199997
0.0754121,-0.362266,1.47919,0.0851417,-0.36562,1.41877,-0.00558786,0.000133551,-0.0728103,41.3315,0.000200002,3.37387e-09,-3.59142e-07,3.37387e-09,0.000200009,-1.06812e-06,-3.59142e-07,-1.06812e-06,0.000199997
0.0723327,-0.360574,1.49752,0.0744931,-0.355982,1.49121,-0.0050073,0.00152598,-0.0744764,39.4108,0.000200001,3.10866e-09,-2.88823e-07,3.10866e-09,0.000200011,-1.14851e-06,-2.88823e-07,-1.14851e-06,0.000199996
0.0699167,-0.359183,1.51142,0.0745617,-0.355992,1.49149,-0.00382331,0.00261738,-0.0795776,39.4435,0.000200001,2.86837e-09,-2.47383e-07,2.86837e-09,0.000200012,-1.19516e-06,-2.47383e-07,-1.19516e-06,0.000199996
0.0679581,-0.357262,1.52287,0.0745037,-0.355904,1.49122,-0.00204192,0.00363777,-0.0871305,39.3971,0.000200001,3.66741e-09,-3.4387e-07,3.66741e-09,0.000200013,-1.2309e-06,-3.4387e-07,-1.2309e-06,0.000199995
0.0669788,-0.355341,1.53098,0.074488,-0.35595,1.49169,0.000218848,0.00365875,-0.0970198,39.4108,0.000200002,4.57276e-09,-4.69625e-07,4.57276e-09,0.000200012,-1.16162e-06,-4.69625e-07,-1.16162e-06,0.000199995
0.0671166,-0.35295,1.53805,0.0744271,-0.355974,1.49144,0.00234659,0.0032499,-0.108945,39.266,0.000200004,5.58948e-09,-6.90064e-07,5.58948e-09,0.00020001,-9.73492e-07,-6.90064e-07,-9.73492e-07,0.000199995
0.0679095,-0.350973,1.54301,0.0745451,-0.355985,1.49171,0.00446953,0.00212681,-0.121993,39.4442,0.000200005,5.58597e-09,-8.45164e-07,5.58597e-09,0.000200007,-7.49731e-07,-8.45164e-07,-7.49731e-07,0.000199995
0.0651148,-0.347971,1.56806,0.0559303,-0.350184,1.59327,0.0026048,0.00162892,-0.114943,42.0115,0.000200008,5.12939e-09,-9.97568e-07,5.12939e-09,0.000200005,-5.47156e-07,-9.97568e-07,-5.47156e-07,0.000199995
0.0630467,-0.345664,1.58787,0.0561061,-0.350302,1.59375,0.00130671,0.00053633,-0.114126,42.0515,0.000200009,4.37347e-09,-1.08185e-06,4.37347e-09,0.000200003,-3.99636e-07,-1.08185e-06,-3.99636e-07,0.000199995
0.0614428,-0.343654,1.60482,0.0559934,-0.350247,1.59352,0.000412842,-0.000954486,-0.116176,42.0443,0.000200011,3.6861e-09,-1.15907e-06,3.6861e-09,0.000200002,-2.98506e-07,-1.15907e-06,-2.98506e-07,0.000199995
0.0602036,-0.342176,1.61737,0.0560243,-0.350257,1.59355,-0.00012643,-0.00297595,-0.122628,42.2187,0.000200012,3.04361e-09,-1.1879e-06,3.04361e-09,0.000200001,-2.29828e-07,-1.1879e-06,-2.29828e-07,0.000199995
0.0591945,-0.340866,1.62841,0.0560016,-0.350307,1.59381,-0.000415455,-0.00526564,-0.130586,42.0515,0.000200013,2.61965e-09,-1.22797e-06,2.61965e-09,0.000200001,-1.91766e-07,-1.22797e-06,-1.91766e-07,0.000199995
0.055906,-0.336233,1.65745,0.0439778,-0.331566,1.6986,-0.00297399,-0.00403336,-0.120546,43.8672,0.000200013,2.21574e-09,-1.23016e-06,2.21574e-09,0.000200001,-1.60127e-07,-1.23016e-06,-1.60127e-07,0.000199995
0.0532652,-0.332572,1.68234,0.0443018,-0.332567,1.7034,-0.00481484,-0.00397202,-0.114659,43.5244,0.000200014,2.08577e-09,-1.25544e-06,2.08577e-09,0.0002,-1.57548e-07,-1.25544e-06,-1.57548e-07,0.000199995
0.0511926,-0.329995,1.70244,0.0445454,-0.333469,1.70815,-0.00604739,-0.00479521,-0.113564,43.3552,0.000200014,2.00922e-09,-1.24362e-06,2.00922e-09,0.0002,-1.60176e-07,-1.24362e-06,-1.60176e-07,0.000199995
0.0494831,-0.327811,1.71934,0.0445946,-0.333619,1.7088,-0.00684691,-0.00611051,-0.115662,43.4047,0.000200015,2.10839e-09,-1.25968e-06,2.10839e-09,0.0002,-1.766e-07,-1.25968e-06,-1.766e-07,0.000199995
0.0482136,-0.3268,1.73154,0.0445493,-0.333676,1.70888,-0.00729638,-0.00799987,-0.12146,43.4146,0.000200013,1.9224e-09,-1.15384e-06,1.9224e-09,0.0002,-1.69687e-07,-1.15384e-06,-1.69687e-07,0.000199995
0.0480477,-0.326495,1.74147,0.0446587,-0.333662,1.70877,-0.00772226,-0.00969469,-0.129532,43.428,0.000200011,8.21004e-10,-1.00807e-06,8.21004e-10,0.0002,-3.2834e-08,-1.00807e-06,-3.2834e-08,0.000199995
0.047427,-0.322237,1.76686,0.0386109,-0.310682,1.80106,-0.00980304,-0.00693656,-0.12114,44.9847,0.000200008,-5.75638e-10,-8.22679e-07,-5.75638e-10,0.0002,1.84324e-07,-8.22679e-07,1.84324e-07,0.000199996
0.0476704,-0.319903,1.79256,0.0390448,-0.314643,1.82293,-0.0118596,-0.00600326,-0.11344,44.2524,0.000200006,-1.73139e-09,-6.59857e-07,-1.73139e-09,0.000200001,4.26805e-07,-6.59857e-07,4.26805e-07,0.000199997
0.0481968,-0.318006,1.80694,0.0390901,-0.31466,1.82315,-0.0139932,-0.00540646,-0.109058,44.2186,0.000200004,-2.52943e-09,-5.59658e-07,-2.52943e-09,0.000200003,6.32365e-07,-5.59658e-07,6.32365e-07,0.000199997
0.0487727,-0.316704,1.81156,0.0390609,-0.314669,1.82299,-0.0163373,-0.00530406,-0.106444,44.2382,0.000200003,-2.8643e-09,-4.58628e-07,-2.8643e-09,0.000200005,7.90082e-07,-4.58628e-07,7.90082e-07,0.000199997
0.0492899,-0.315509,1.81416,0.0390351,-0.314466,1.82266,-0.0187701,-0.00530915,-0.104836,44.2551,0.000200002,-3.10717e-09,-4.11728e-07,-3.10717e-09,0.000200006,9.00648e-07,-4.11728e-07,9.00648e-07,0.000199997
0.0497763,-0.314647,1.81622,0.0390275,-0.314559,1.82285,-0.0213737,-0.00564696,-0.102777,44.2476,0.000200002,-3.18835e-09,-3.69902e-07,-3.18835e-09,0.000200008,9.8306e-07,-3.69902e-07,9.8306e-07,0.000199997
0.0528085,-0.309937,1.82288,0.0522136,-0.294741,1.84845,-0.0214015,-0.00203745,-0.0961221,54.4145,0.000200002,-3.24787e-09,-3.48034e-07,-3.24787e-09,0.000200009,1.03807e-06,-3.48034e-07,1.03807e-06,0.000199996
0.0552235,-0.306128,1.82823,0.0521317,-0.294649,1.84831,-0.0221365,0.000572276,-0.0917658,54.6031,0.000200001,-3.31034e-09,-3.38862e-07,-3.31034e-09,0.00020001,1.07374e-06,-3.38862e-07,1.07374e-06,0.000199996
0.0571538,-0.303155,1.83244,0.0520512,-0.294761,1.84855,-0.0232962,0.00234496,-0.0875613,54.4043,0.000200001,-3.29913e-09,-3.25246e-07,-3.29913e-09,0.000200011,1.09856e-06,-3.25246e-07,1.09856e-06,0.000199996
0.0587191,-0.300716,1.83597,0.0521169,-0.294722,1.84877,-0.0248809,0.00358388,-0.08403,54.1843,0.000200001,-3.35296e-09,-3.2578e-07,-3.35296e-09,0.000200011,1.11549e-06,-3.2578e-07,1.11549e-06,0.000199996
0.0599761,-0.2988,1.83868,0.0521206,-0.294823,1.84882,-0.0267239,0.00439988,-0.0813244,54.184,0.000200001,-3.38063e-09,-3.24229e-07,-3.38063e-09,0.000200011,1.12682e-06,-3.24229e-07,1.12682e-06,0.000199996
0.0642158,-0.296832,1.84484,0.0684297,-0.292745,1.8682,-0.0256442,0.00516818,-0.0761613,52.4274,0.000200001,-3.39458e-09,-3.23516e-07,-3.39458e-09,0.000200012,1.13046e-06,-3.23516e-07,1.13046e-06,0.000199995
0.0676555,-0.29526,1.84979,0.068581,-0.29284,1.86894,-0.0252945,0.00553961,-0.0712113,52.4485,0.000200001,-3.43447e-09,-3.26437e-07,-3.43447e-09,0.000200012,1.13535e-06,-3.26437e-07,1.13535e-06,0.000199995
0.0703931,-0.293992,1.85398,0.0685208,-0.292816,1.86883,-0.0257169,0.00560819,-0.0670193,52.4137,0.000200001,-3.47982e-09,-3.30474e-07,-3.47982e-09,0.000200012,1.13785e-06,-3.30474e-07,1.13785e-06,0.000199995
0.0725779,-0.292991,1.85719,0.0685723,-0.292961,1.86971,-0.0266321,0.00550872,-0.063808,52.4249,0.000200001,-3.52897e-09,-3.35775e-07,-3.52897e-09,0.000200012,1.13688e-06,-3.35775e-07,1.13688e-06,0.000199995
0.0743739,-0.292229,1.86008,0.0687897,-0.293071,1.87002,-0.0280261,0.00507135,-0.0619229,52.3102,0.000200001,-3.55366e-09,-3.37345e-07,-3.55366e-09,0.000200012,1.13678e-06,-3.37345e-07,1.13678e-06,0.000199995
0.0757866,-0.291624,1.86236,0.068677,-0.293121,1.87056,-0.0297134,0.00447632,-0.0596356,52.2996,0.000200001,-3.57879e-09,-3.39465e-07,-3.57879e-09,0.000200012,1.13638e-06,-3.39465e-07,1.13638e-06,0.000199995
0.080595,-0.290483,1.86275,0.0857707,-0.285698,1.863,-0.028305,0.00521729,-0.0592485,51.0629,0.000200001,-2.68036e-09,-2.10276e-07,-2.68036e-09,0.000200013,1.17712e-06,-2.10276e-07,1.17712e-06,0.000199995
0.0845908,-0.290097,1.86277,0.0858524,-0.285761,1.8628,-0.0281092,0.00630304,-0.059233,51.2479,0.0002,-1.28627e-09,-4.51656e-08,-1.28627e-09,0.000200014,1.22442e-06,-4.51656e-08,1.22442e-06,0.000199995
0.088071,-0.290682,1.86297,0.0858871,-0.285817,1.86343,-0.028729,0.007218,-0.05903,51.25,0.0002,1.07355e-09,2.01742e-07,1.07355e-09,0.000200015,1.29896e-06,2.01742e-07,1.29896e-06,0.000199995
0.0909118,-0.291384,1.86332,0.0859268,-0.286008,1.86404,-0.0300882,0.00841632,-0.0586826,51.282,0.000200001,3.3245e-09,3.91064e-07,3.3245e-09,0.000200016,1.35441e-06,3.91064e-07,1.35441e-06,0.000199994
0.0933265,-0.292163,1.86348,0.0859607,-0.285973,1.86409,-0.0320735,0.00963701,-0.0595225,51.0968,0.000200002,5.51167e-09,5.48287e-07,5.51167e-09,0.000200018,1.41149e-06,5.48287e-07,1.41149e-06,0.000199993
0.0953348,-0.292824,1.86394,0.0861051,-0.28613,1.86511,-0.0345652,0.0110757,-0.0590636,51.0878,0.000200003,7.26052e-09,6.50025e-07,7.26052e-09,0.000200019,1.45561e-06,6.50025e-07,1.45561e-06,0.000199993
0.100959,-0.293674,1.86348,0.105672,-0.287423,1.86096,-0.0334414,0.012326,-0.0595153,50.5567,0.000200004,8.75033e-09,7.23975e-07,8.75033e-09,0.00020002,1.50095e-06,7.23975e-07,1.50095e-06,0.000199992
0.105437,-0.294327,1.86303,0.105735,-0.287461,1.86117,-0.0335628,0.0138728,-0.0599655,50.57,0.000200005,9.78805e-09,7.66112e-07,9.78805e-09,0.000200021,1.52455e-06,7.66112e-07,1.52455e-06,0.000199991
0.109067,-0.294898,1.86276,0.105711,-0.287386,1.86127,-0.0345332,0.0154021,-0.0602442,50.6001,0.000200005,1.06861e-08,8.0322e-07,1.06861e-08,0.000200022,1.54785e-06,8.0322e-07,1.54785e-06,0.00019999
0.111947,-0.295306,1.86253,0.105788,-0.287414,1.86128,-0.0361533,0.0171944,-0.0604664,50.3747,0.000200006,1.12197e-08,8.18329e-07,1.12197e-08,0.000200022,1.55648e-06,8.18329e-07,1.55648e-06,0.00019999
0.114293,-0.295694,1.86245,0.105742,-0.287411,1.86145,-0.0385068,0.0189065,-0.0605486,50.5482,0.000200006,1.17408e-08,8.38016e-07,1.17408e-08,0.000200023,1.57028e-06,8.38016e-07,1.57028e-06,0.00019999
0.116159,-0.295965,1.86232,0.105877,-0.287495,1.86176,-0.0412409,0.0208348,-0.060681,50.41,0.000200006,1.19939e-08,8.41953e-07,1.19939e-08,0.000200023,1.57283e-06,8.41953e-07,1.57283e-06,0.000199989
0.122617,-0.29907,1.86262,0.130439,-0.301632,1.8635,-0.0393827,0.0198303,-0.0603777,48.1718,0.000200007,1.23139e-08,8.54443e-07,1.23139e-08,0.000200023,1.58276e-06,8.54443e-07,1.58276e-06,0.000199989
0.127715,-0.301506,1.86291,0.130386,-0.301644,1.86372,-0.0387853,0.0195942,-0.0600928,48.1808,0.000200007,1.24118e-08,8.54442e-07,1.24118e-08,0.000200023,1.57976e-06,8.54442e-07,1.57976e-06,0.000199989
0.131919,-0.3036,1.86399,0.130835,-0.302233,1.868,-0.039281,0.0196001,-0.0590092,47.4873,0.000200007,1.25574e-08,8.59817e-07,1.25574e-08,0.000200023,1.58314e-06,8.59817e-07,1.58314e-06,0.000199989
0.135289,-0.305228,1.86486,0.130986,-0.302253,1.86835,-0.0404114,0.0201715,-0.0581354,47.326,0.000200007,1.25554e-08,8.55029e-07,1.25554e-08,0.000200023,1.58153e-06,8.55029e-07,1.58153e-06,0.000199989
0.137985,-0.30664,1.87353,0.13104,-0.302222,1.86851,-0.042315,0.0208602,-0.0594684,47.3243,0.000200007,1.26656e-08,8.61951e-07,1.26656e-08,0.000200023,1.58347e-06,8.61951e-07,1.58347e-06,0.000199989
0.145282,-0.31071,1.88776,0.156958,-0.317317,1.88216,-0.0396176,0.01899,-0.061235,42.3976,0.000200007,1.25554e-08,8.50567e-07,1.25554e-08,0.000200023,1.57952e-06,8.50567e-07,1.57952e-06,0.000199989
0.151165,-0.314094,1.90099,0.157018,-0.317271,1.88215,-0.0383352,0.0178055,-0.0650074,42.2499,0.000200007,1.26809e-08,8.59663e-07,1.26809e-08,0.000200023,1.58542e-06,8.59663e-07,1.58542e-06,0.000199989
0.155822,-0.316686,1.91093,0.157066,-0.317432,1.88244,-0.0381779,0.0173144,-0.072066,42.277,0.000200007,1.24612e-08,8.39299e-07,1.24612e-08,0.000200023,1.58073e-06,8.39299e-07,1.58073e-06,0.000199989
0.159619,-0.318881,1.91992,0.157159,-0.317362,1.88283,-0.0389812,0.0171191,-0.0820825,42.2839,0.000200007,1.25317e-08,8.44445e-07,1.25317e-08,0.000200024,1.58826e-06,8.44445e-07,1.58826e-06,0.000199989
0.162606,-0.320525,1.92615,0.157197,-0.317396,1.88281,-0.040594,0.0174752,-0.0928509,42.2712,0.000200006,1.23316e-08,8.27588e-07,1.23316e-08,0.000200023,1.584e-06,8.27588e-07,1.584e-06,0.000199989
0.165059,-0.321938,1.93201,0.157165,-0.317371,1.88275,-0.0428412,0.0179624,-0.104988,41.99,0.000200006,1.2384e-08,8.30393e-07,1.2384e-08,0.000200024,1.59398e-06,8.30393e-07,1.59398e-06,0.000199989
0.172209,-0.325318,1.94102,0.183203,-0.329777,1.93768,-0.040391,0.0163816,-0.105979,38.1836,0.000200006,1.21761e-08,8.14858e-07,1.21761e-08,0.000200024,1.58684e-06,8.14858e-07,1.58684e-06,0.000199989
0.178064,-0.328017,1.94151,0.183255,-0.329829,1.93804,-0.0392359,0.0153831,-0.106494,38.2076,0.000200006,1.21275e-08,8.06989e-07,1.21275e-08,0.000200024,1.59978e-06,8.06989e-07,1.59978e-06,0.000199989
0.182743,-0.33002,1.94075,0.183365,-0.329867,1.93773,-0.0392565,0.0149797,-0.107249,38.3249,0.000200006,1.18043e-08,7.7682e-07,1.18043e-08,0.000200024,1.60333e-06,7.7682e-07,1.60333e-06,0.000199989
0.186519,-0.331641,1.94034,0.183252,-0.329826,1.93806,-0.040281,0.0148595,-0.107659,38.0833,0.000200006,1.1639e-08,7.61741e-07,1.1639e-08,0.000200024,1.61425e-06,7.61741e-07,1.61425e-06,0.000199989
0.189471,-0.332877,1.93995,0.183192,-0.329814,1.93808,-0.0420294,0.015223,-0.108046,38.1959,0.000200005,1.13759e-08,7.43116e-07,1.13759e-08,0.000200024,1.61204e-06,7.43116e-07,1.61204e-06,0.000199989
0.191906,-0.333945,1.9396,0.183281,-0.329917,1.9382,-0.0443939,0.0156548,-0.108397,38.1932,0.000200005,1.13203e-08,7.40734e-07,1.13203e-08,0.000200024,1.61957e-06,7.40734e-07,1.61957e-06,0.000199989
0.198545,-0.337002,1.94794,0.206863,-0.341561,1.98096,-0.042455,0.0140975,-0.100064,41.8414,0.000200005,1.11455e-08,7.30099e-07,1.11455e-08,0.000200024,1.61526e-06,7.30099e-07,1.61526e-06,0.000199989
0.203925,-0.339487,1.9546,0.206954,-0.341589,1.98157,-0.0418747,0.0131129,-0.0934034,41.8379,0.000200005,1.10936e-08,7.26794e-07,1.10936e-08,0.000200024,1.6215e-06,7.26794e-07,1.6215e-06,0.000199989
0.208227,-0.341406,1.96573,0.207122,-0.341596,1.98295,-0.0422731,0.0127935,-0.0892727,41.7208,0.000200005,1.08512e-08,7.06315e-07,1.08512e-08,0.000200025,1.62285e-06,7.06315e-07,1.62285e-06,0.000199989
0.211699,-0.343099,1.98273,0.207335,-0.341653,1.98502,-0.0436012,0.0126009,-0.0882709,41.5761,0.000200005,1.08137e-08,7.06064e-07,1.08137e-08,0.000200025,1.62652e-06,7.06064e-07,1.62652e-06,0.000199989
0.214512,-0.344372,1.99711,0.207766,-0.341812,1.98731,-0.0454881,0.0128277,-0.0908947,41.3273,0.000200005,1.05259e-08,6.8383e-07,1.05259e-08,0.000200025,1.62219e-06,6.8383e-07,1.62219e-06,0.000199989
0.221699,-0.347367,2.01098,0.232019,-0.351111,1.99471,-0.0430007,0.011333,-0.0950228,37.7502,0.000200004,1.05369e-08,6.85154e-07,1.05369e-08,0.000200025,1.63464e-06,6.85154e-07,1.63464e-06,0.000199989
0.227417,-0.349663,2.02159,0.232274,-0.351189,1.99576,-0.0419832,0.0104369,-0.101414,37.634,0.000200004,1.02749e-08,6.65189e-07,1.02749e-08,0.000200025,1.62988e-06,6.65189e-07,1.62988e-06,0.000199989
0.232115,-0.351572,2.03112,0.232551,-0.351149,1.99685,-0.0420847,0.00992833,-0.109883,37.6386,0.000200004,1.0224e-08,6.61529e-07,1.0224e-08,0.000200025,1.63941e-06,6.61529e-07,1.63941e-06,0.000199989
0.23584,-0.352965,2.03806,0.232633,-0.351097,1.99754,-0.0431604,0.00983459,-0.119945,37.3802,0.000200004,9.93154e-09,6.38268e-07,9.93154e-09,0.000200025,1.63738e-06,6.38268e-07,1.63738e-06,0.000199989
0.238869,-0.354194,2.04452,0.232644,-0.351183,1.99797,-0.0449307,0.00980578,-0.131484,37.3876,0.000200004,9.87839e-09,6.36036e-07,9.87839e-09,0.000200025,1.645e-06,6.36036e-07,1.645e-06,0.000199989
0.240216,-0.353462,2.03956,0.232652,-0.351161,1.99783,-0.0465842,0.00973801,-0.139439,37.494,0.000200002,6.56678e-09,3.72404e-07,6.56678e-09,0.000200022,1.47006e-06,3.72404e-07,1.47006e-06,0.00019999
0.245938,-0.353458,2.05423,0.259257,-0.360483,2.06027,-0.0429615,0.00764165,-0.138768,39.7369,0.000200001,2.53684e-09,1.05413e-08,2.53684e-09,0.000200017,1.24414e-06,1.05413e-08,1.24414e-06,0.000199992
0.250163,-0.353336,2.06282,0.259264,-0.360407,2.06039,-0.0403367,0.00566375,-0.138183,39.7544,0.000200001,-4.78466e-11,-2.37953e-07,-4.78466e-11,0.000200013,1.04342e-06,-2.37953e-07,1.04342e-06,0.000199993
0.253748,-0.353322,2.07415,0.259503,-0.360428,2.06113,-0.0385524,0.00347757,-0.140848,39.7535,0.000200001,-1.62351e-09,-3.87847e-07,-1.62351e-09,0.000200011,9.37957e-07,-3.87847e-07,9.37957e-07,0.000199994
0.256084,-0.353065,2.07234,0.259492,-0.36045,2.06135,-0.0373164,0.001535,-0.143657,39.7676,0.000200002,-2.56374e-09,-5.19414e-07,-2.56374e-09,0.000200008,7.88801e-07,-5.19414e-07,7.88801e-07,0.000199995
0.258741,-0.353807,2.07011,0.259488,-0.360436,2.06119,-0.0368594,-0.000807397,-0.145894,39.7498,0.000200002,-2.7572e-09,-4.50997e-07,-2.7572e-09,0.000200008,8.20181e-07,-4.50997e-07,8.20181e-07,0.000199996
0.261346,-0.354907,2.06842,0.259491,-0.36044,2.06139,-0.0373543,-0.00240695,-0.14758,39.7616,0.000200001,-2.54494e-09,-3.26271e-07,-2.54494e-09,0.000200008,9.17254e-07,-3.26271e-07,9.17254e-07,0.000199996
0.267737,-0.356145,2.0785,0.277917,-0.358065,2.11916,-0.0348627,-0.00344506,-0.1375,39.9494,0.000200001,-1.40085e-09,-1.02944e-07,-1.40085e-09,0.00020001,1.08023e-06,-1.02944e-07,1.08023e-06,0.000199996
0.272736,-0.356752,2.08675,0.278036,-0.35804,2.11945,-0.0337637,-0.0039516,-0.130248,40.0699,0.0002,-7.07734e-10,-2.191e-08,-7.07734e-10,0.000200012,1.16175e-06,-2.191e-08,1.16175e-06,0.000199996
0.276599,-0.356809,2.09364,0.278187,-0.358011,2.12057,-0.0332015,-0.0048087,-0.123359,39.8086,0.0002,-6.7418e-10,-3.88482e-08,-6.7418e-10,0.000200012,1.18724e-06,-3.88482e-08,1.18724e-06,0.000199996
0.279416,-0.356348,2.09937,0.278278,-0.358019,2.12101,-0.0332837,-0.00564811,-0.117634,39.9472,0.0002,-1.2897e-09,-1.32414e-07,-1.2897e-09,0.000200012,1.15746e-06,-1.32414e-07,1.15746e-06,0.000199995
0.281509,-0.3556,2.10375,0.278333,-0.358011,2.12131,-0.0339914,-0.00640019,-0.113248,39.7559,0.000200001,-2.18496e-09,-2.53714e-07,-2.18496e-09,0.000200012,1.11108e-06,-2.53714e-07,1.11108e-06,0.000199995
0.283181,-0.355011,2.10737,0.278389,-0.357936,2.12183,-0.0349188,-0.00761071,-0.109634,39.5946,0.000200001,-2.82206e-09,-3.28308e-07,-2.82206e-09,0.000200011,1.07945e-06,-3.28308e-07,1.07945e-06,0.000199996
0.286885,-0.353674,2.10995,0.290941,-0.355116,2.12001,-0.0338147,-0.00807374,-0.107045,42.1098,0.000200001,-3.56402e-09,-4.25353e-07,-3.56402e-09,0.00020001,1.03601e-06,-4.25353e-07,1.03601e-06,0.000199996
0.289817,-0.352671,2.11226,0.290671,-0.355052,2.12116,-0.0333835,-0.00907137,-0.104744,41.9267,0.000200002,-4.02411e-09,-4.74924e-07,-4.02411e-09,0.00020001,1.01172e-06,-4.74924e-07,1.01172e-06,0.000199996
0.292214,-0.351739,2.11403,0.291108,-0.354994,2.12113,-0.0334863,-0.0101388,-0.102973,41.8031,0.000200002,-4.45747e-09,-5.26096e-07,-4.45747e-09,0.00020001,9.90456e-07,-5.26096e-07,9.90456e-07,0.000199996
0.294142,-0.351033,2.12147,0.291261,-0.355043,2.12174,-0.0340578,-0.0113328,-0.102528,41.7491,0.000200003,-4.74138e-09,-5.57853e-07,-4.74138e-09,0.000200009,9.71337e-07,-5.57853e-07,9.71337e-07,0.000199996
0.295742,-0.35041,2.13636,0.291468,-0.354821,2.12576,-0.0348576,-0.0128095,-0.10564,41.3931,0.000200003,-4.98425e-09,-5.85915e-07,-4.98425e-09,0.000200009,9.58024e-07,-5.85915e-07,9.58024e-07,0.000199996
0.300341,-0.348026,2.14932,0.308251,-0.345297,2.12972,-0.0326594,-0.0124259,-0.109685,38.5159,0.000200003,-5.11825e-09,-6.02373e-07,-5.11825e-09,0.000200009,9.42179e-07,-6.02373e-07,9.42179e-07,0.000199996
0.304125,-0.346036,2.16073,0.30849,-0.345114,2.13083,-0.0312745,-0.0125357,-0.117272,38.3385,0.000200003,-5.29987e-09,-6.22779e-07,-5.29987e-09,0.000200008,9.3963e-07,-6.22779e-07,9.3963e-07,0.000199996
0.307218,-0.344459,2.16952,0.308983,-0.345064,2.13232,-0.0305819,-0.0130589,-0.126479,38.2032,0.000200004,-5.38851e-09,-6.32718e-07,-5.38851e-09,0.000200008,9.31819e-07,-6.32718e-07,9.31819e-07,0.000199996
0.310169,-0.343832,2.17729,0.308917,-0.344965,2.13409,-0.0305313,-0.0140316,-0.137707,38.0172,0.000200003,-5.11637e-09,-5.37839e-07,-5.11637e-09,0.000200009,1.00701e-06,-5.37839e-07,1.00701e-06,0.000199996
0.312936,-0.343707,2.18255,0.30945,-0.344933,2.13531,-0.0313638,-0.0148067,-0.149452,37.8759,0.000200002,-4.57103e-09,-4.17741e-07,-4.57103e-09,0.000200011,1.10514e-06,-4.17741e-07,1.10514e-06,0.000199995
0.3157,-0.34433,2.18787,0.309697,-0.344897,2.13708,-0.0327996,-0.01583,-0.16213,37.607,0.000200001,-3.32275e-09,-2.2822e-07,-3.32275e-09,0.000200013,1.25166e-06,-2.2822e-07,1.25166e-06,0.000199995
0.320926,-0.343001,2.20131,0.324483,-0.335461,2.1874,-0.0319736,-0.014601,-0.165688,39.1901,0.000200001,-1.99621e-09,-8.80103e-08,-1.99621e-09,0.000200016,1.35695e-06,-8.80103e-08,1.35695e-06,0.000199995
0.325352,-0.342137,2.21294,0.32458,-0.335415,2.18796,-0.032148,-0.0138367,-0.172059,39.2088,0.0002,-6.04865e-10,3.0293e-08,-6.04865e-10,0.000200018,1.46137e-06,3.0293e-08,1.46137e-06,0.000199994
0.328897,-0.341475,2.22139,0.324705,-0.335397,2.1878,-0.033303,-0.0131745,-0.180614,39.1757,0.0002,5.62088e-10,1.08963e-07,5.62088e-10,0.00020002,1.52547e-06,1.08963e-07,1.52547e-06,0.000199993
0.331843,-0.341028,2.22915,0.324563,-0.335337,2.18841,-0.0352573,-0.0128283,-0.18985,39.1836,0.0002,1.6097e-09,1.70812e-07,1.6097e-09,0.000200022,1.58953e-06,1.70812e-07,1.58953e-06,0.000199992
0.334167,-0.340613,2.23447,0.324678,-0.335247,2.18873,-0.0376332,-0.0125127,-0.201528,39.0195,0.0002,2.32112e-09,2.02908e-07,2.32112e-09,0.000200023,1.62188e-06,2.02908e-07,1.62188e-06,0.000199992
0.33613,-0.340396,2.23963,0.324811,-0.335287,2.18913,-0.0405705,-0.0123956,-0.214365,39.0537,0.0002,3.01708e-09,2.37857e-07,3.01708e-09,0.000200024,1.65577e-06,2.37857e-07,1.65577e-06,0.000199991
0.341221,-0.339642,2.26403,0.342608,-0.333743,2.29424,-0.0402788,-0.0118421,-0.20597,35.8314,0.000200001,3.34519e-09,2.44451e-07,3.34519e-09,0.000200025,1.66713e-06,2.44451e-07,1.66713e-06,0.000199991
0.345392,-0.339052,2.28424,0.342561,-0.333638,2.29454,-0.0410084,-0.0115517,-0.203762,35.8276,0.000200001,3.57575e-09,2.46595e-07,3.57575e-09,0.000200026,1.69244e-06,2.46595e-07,1.69244e-06,0.00019999
0.348616,-0.33847,2.29975,0.342466,-0.333661,2.29478,-0.0425845,-0.0113698,-0.205247,35.8133,0.0002,3.45781e-09,2.25315e-07,3.45781e-09,0.000200026,1.69396e-06,2.25315e-07,1.69396e-06,0.00019999
0.351343,-0.338034,2.31308,0.342759,-0.333566,2.29523,-0.0447571,-0.0113338,-0.208922,35.6494,0.0002,3.39493e-09,2.14162e-07,3.39493e-09,0.000200027,1.70994e-06,2.14162e-07,1.70994e-06,0.00019999
0.353468,-0.337579,2.32288,0.34281,-0.333586,2.29538,-0.0474322,-0.0114791,-0.21612,35.646,0.0002,3.09887e-09,1.87028e-07,3.09887e-09,0.000200027,1.70926e-06,1.87028e-07,1.70926e-06,0.00019999
0.359365,-0.337142,2.35227,0.363412,-0.333738,2.39867,-0.0464346,-0.0116419,-0.204732,33.1087,0.0002,2.96284e-09,1.77536e-07,2.96284e-09,0.000200027,1.71873e-06,1.77536e-07,1.71873e-06,0.00019999
0.364105,-0.336616,2.37497,0.363868,-0.333648,2.39937,-0.0464953,-0.0117164,-0.198034,33.1478,0.0002,2.48931e-09,1.39537e-07,2.48931e-09,0.000200027,1.71396e-06,1.39537e-07,1.71396e-06,0.00019999
0.368017,-0.33621,2.39406,0.364085,-0.333582,2.39961,-0.047383,-0.0121098,-0.19694,33.1668,0.0002,2.0969e-09,1.12178e-07,2.0969e-09,0.000200028,1.72382e-06,1.12178e-07,1.72382e-06,0.00019999
0.371086,-0.335755,2.40853,0.364162,-0.333519,2.40006,-0.0490142,-0.0124551,-0.198466,32.9356,0.0002,1.53525e-09,7.20328e-08,1.53525e-09,0.000200028,1.71776e-06,7.20328e-08,1.71776e-06,0.00019999
0.373663,-0.335405,2.42115,0.364375,-0.333382,2.40078,-0.0512373,-0.0131052,-0.203852,32.8938,0.0002,1.12964e-09,4.79231e-08,1.12964e-09,0.000200028,1.72666e-06,4.79231e-08,1.72666e-06,0.00019999
0.375621,-0.335012,2.43048,0.364324,-0.333311,2.40114,-0.0539795,-0.0137115,-0.211515,32.8346,0.0002,6.20578e-10,1.44133e-08,6.20578e-10,0.000200028,1.71697e-06,1.44133e-08,1.71697e-06,0.00019999
0.381828,-0.33485,2.45636,0.387126,-0.33458,2.48938,-0.0525724,-0.0146499,-0.202639,34.2441,0.0002,2.90244e-10,-2.45109e-09,2.90244e-10,0.000200028,1.72365e-06,-2.45109e-09,1.72365e-06,0.00019999
0.386769,-0.334528,2.47647,0.387427,-0.334258,2.49084,-0.052231,-0.0154281,-0.199535,33.9725,0.0002,-2.424e-10,-3.92618e-08,-2.424e-10,0.000200028,1.71409e-06,-3.92618e-08,1.71409e-06,0.00019999
0.390913,-0.334248,2.49367,0.387902,-0.334032,2.49167,-0.0527875,-0.0164477,-0.199334,33.9433,0.0002,-6.84842e-10,-6.58895e-08,-6.84842e-10,0.000200028,1.72299e-06,-6.58895e-08,1.72299e-06,0.00019999
0.394088,-0.333898,2.5008,0.387794,-0.333974,2.49219,-0.0542118,-0.0173984,-0.2012,33.8561,0.0002,-1.17327e-09,-9.78697e-08,-1.17327e-09,0.000200027,1.70988e-06,-9.78697e-08,1.70988e-06,0.00019999
0.396692,-0.333535,2.49965,0.387773,-0.333906,2.49251,-0.0563077,-0.0185346,-0.203349,33.6867,0.0002,-1.60831e-09,-1.23918e-07,-1.60831e-09,0.000200027,1.71278e-06,-1.23918e-07,1.71278e-06,0.00019999
0.398717,-0.333121,2.49819,0.387883,-0.333985,2.49236,-0.0587828,-0.0197207,-0.204807,33.8422,0.0002,-2.1586e-09,-1.61926e-07,-2.1586e-09,0.000200027,1.70178e-06,-1.61926e-07,1.70178e-06,0.00019999
0.405813,-0.332315,2.51469,0.415032,-0.332327,2.58163,-0.0561873,-0.0205148,-0.188312,35.7366,0.0002,-2.56052e-09,-1.84201e-07,-2.56052e-09,0.000200027,1.70475e-06,-1.84201e-07,1.70475e-06,0.00019999
0.411534,-0.331514,2.52856,0.41578,-0.33189,2.58408,-0.0549658,-0.0213144,-0.174437,35.2404,0.0002,-3.00264e-09,-2.13596e-07,-3.00264e-09,0.000200027,1.68982e-06,-2.13596e-07,1.68982e-06,0.00019999
0.416401,-0.330783,2.548,0.416734,-0.33116,2.58768,-0.054699,-0.0221827,-0.163995,34.9752,0.0002,-3.37812e-09,-2.34804e-07,-3.37812e-09,0.000200027,1.69467e-06,-2.34804e-07,1.69467e-06,0.00019999
0.42047,-0.329998,2.56874,0.418107,-0.330351,2.59233,-0.0551304,-0.0228981,-0.158257,34.261,0.000200001,-3.78841e-09,-2.62921e-07,-3.78841e-09,0.000200027,1.68053e-06,-2.62921e-07,1.68053e-06,0.00019999
0.424086,-0.329249,2.58826,0.419484,-0.329546,2.59743,-0.056014,-0.0237493,-0.155739,33.7204,0.000200001,-4.11672e-09,-2.81001e-07,-4.11672e-09,0.000200027,1.68428e-06,-2.81001e-07,1.68428e-06,0.00019999
0.427152,-0.328446,2.60424,0.420925,-0.328735,2.60244,-0.057448,-0.0245464,-0.155757,33.0845,0.000200001,-4.4267e-09,-3.0214e-07,-4.4267e-09,0.000200026,1.66753e-06,-3.0214e-07,1.66753e-06,0.00019999
0.434213,-0.326121,2.62589,0.443406,-0.320666,2.64293,-0.054887,-0.0239205,-0.152107,28.3025,0.000200001,-4.75544e-09,-3.21397e-07,-4.75544e-09,0.000200026,1.67577e-06,-3.21397e-07,1.67577e-06,0.00019999
0.439893,-0.324066,2.64314,0.444238,-0.319947,2.64636,-0.053607,-0.0235657,-0.150864,27.6543,0.000200001,-5.08008e-09,-3.45472e-07,-5.08008e-09,0.000200026,1.65843e-06,-3.45472e-07,1.65843e-06,0.00019999
0.444739,-0.322292,2.6584,0.445181,-0.319274,2.64926,-0.0532612,-0.023592,-0.1526,27.1363,0.000200001,-5.40662e-09,-3.65183e-07,-5.40662e-09,0.000200026,1.66435e-06,-3.65183e-07,1.66435e-06,0.00019999
0.448675,-0.320652,2.67032,0.44621,-0.318552,2.65255,-0.0536246,-0.0237523,-0.157683,26.767,0.000200001,-5.74104e-09,-3.91666e-07,-5.74104e-09,0.000200025,1.64399e-06,-3.91666e-07,1.64399e-06,0.00019999
0.452099,-0.319234,2.6813,0.44707,-0.317937,2.65567,-0.0546013,-0.0243343,-0.163701,26.0073,0.000200001,-6.03765e-09,-4.09419e-07,-6.03765e-09,0.000200025,1.64644e-06,-4.09419e-07,1.64644e-06,0.00019999
0.459191,-0.316063,2.70821,0.46952,-0.308811,2.74979,-0.0518089,-0.0231631,-0.153787,22.1197,0.000200002,-6.33145e-09,-4.31818e-07,-6.33145e-09,0.000200025,1.63182e-06,-4.31818e-07,1.63182e-06,0.00019999
0.465221,-0.313232,2.73143,0.470965,-0.307552,2.75439,-0.050079,-0.0224315,-0.147573,21.5333,0.000200002,-6.71997e-09,-4.59809e-07,-6.71997e-09,0.000200025,1.63132e-06,-4.59809e-07,1.63132e-06,0.00019999
0.470212,-0.310647,2.74994,0.472422,-0.306352,2.75856,-0.0492878,-0.0219475,-0.14506,20.9489,0.000200002,-7.11981e-09,-4.94037e-07,-7.11981e-09,0.000200024,1.60979e-06,-4.94037e-07,1.60979e-06,0.00019999
0.474656,-0.308321,2.76661,0.474194,-0.305092,2.76375,-0.0490438,-0.0218205,-0.146386,20.6777,0.000200002,-7.52422e-09,-5.21703e-07,-7.52422e-09,0.000200024,1.61005e-06,-5.21703e-07,1.61005e-06,0.00019999
0.478376,-0.306187,2.77997,0.47579,-0.304049,2.76796,-0.0494241,-0.021887,-0.149031,20.7062,0.000200003,-7.86152e-09,-5.51437e-07,-7.86152e-09,0.000200024,1.58442e-06,-5.51437e-07,1.58442e-06,0.00019999
0.481687,-0.304337,2.79201,0.476886,-0.303352,2.77092,-0.0503131,-0.0224374,-0.153993,20.6896,0.000200003,-8.21413e-09,-5.74681e-07,-8.21413e-09,0.000200024,1.58522e-06,-5.74681e-07,1.58522e-06,0.00019999
0.487479,-0.301638,2.81879,0.493521,-0.29831,2.86116,-0.0485206,-0.0221381,-0.143207,20.0798,0.000200003,-8.52557e-09,-6.02467e-07,-8.52557e-09,0.000200023,1.56398e-06,-6.02467e-07,1.56398e-06,0.00019999
0.492493,-0.299053,2.84204,0.494977,-0.296324,2.86549,-0.0475066,-0.0220533,-0.136959,19.8996,0.000200003,-8.91478e-09,-6.31522e-07,-8.91478e-09,0.000200023,1.56196e-06,-6.31522e-07,1.56196e-06,0.00019999
0.4966,-0.296415,2.86041,0.496182,-0.293753,2.86908,-0.0473995,-0.0219147,-0.135593,19.8858,0.000200004,-9.22862e-09,-6.62764e-07,-9.22862e-09,0.000200022,1.53572e-06,-6.62764e-07,1.53572e-06,0.00019999
0.500199,-0.29402,2.86832,0.497333,-0.292552,2.87201,-0.0477009,-0.0221204,-0.13468,19.8679,0.000200004,-9.55795e-09,-6.86325e-07,-9.55795e-09,0.000200022,1.53383e-06,-6.86325e-07,1.53383e-06,0.00019999
0.502962,-0.291935,2.86959,0.497615,-0.292338,2.87307,-0.0487381,-0.0227354,-0.133408,19.8736,0.000200005,-9.84936e-09,-7.18124e-07,-9.84936e-09,0.000200022,1.50671e-06,-7.18124e-07,1.50671e-06,0.00019999
0.505268,-0.290132,2.87001,0.497823,-0.292099,2.87358,-0.0502324,-0.0238318,-0.132988,19.8601,0.000200005,-1.02361e-08,-7.52059e-07,-1.02361e-08,0.000200021,1.49828e-06,-7.52059e-07,1.49828e-06,0.00019999
0.51126,-0.287671,2.88348,0.519215,-0.287438,2.93834,-0.04804,-0.0240713,-0.118521,19.1988,0.000200005,-1.04469e-08,-7.72409e-07,-1.04469e-08,0.000200021,1.47985e-06,-7.72409e-07,1.47985e-06,0.00019999
0.516262,-0.285437,2.8948,0.520114,-0.286299,2.9417,-0.0468381,-0.024737,-0.107199,18.6798,0.000200006,-1.06954e-08,-7.93891e-07,-1.06954e-08,0.000200021,1.47159e-06,-7.93891e-07,1.47159e-06,0.00019999
0.520314,-0.283428,2.90478,0.520783,-0.285286,2.94501,-0.0464855,-0.0255282,-0.0972247,18.1378,0.000200006,-1.08531e-08,-8.12918e-07,-1.08531e-08,0.00020002,1.45204e-06,-8.12918e-07,1.45204e-06,0.00019999
0.523739,-0.281627,2.91307,0.521327,-0.284425,2.94786,-0.0468614,-0.0265265,-0.0879272,17.6634,0.000200006,-1.10714e-08,-8.30116e-07,-1.10714e-08,0.00020002,1.4506e-06,-8.30116e-07,1.4506e-06,0.00019999
0.526442,-0.280008,2.92043,0.521687,-0.283684,2.95053,-0.0478578,-0.0277078,-0.0805653,17.5525,0.000200006,-1.11943e-08,-8.47376e-07,-1.11943e-08,0.000200019,1.43171e-06,-8.47376e-07,1.43171e-06,0.00019999
0.533897,-0.276529,2.93752,0.547689,-0.272605,2.96874,-0.0442035,-0.0270289,-0.0724833,14.4002,0.000200007,-1.13416e-08,-8.5791e-07,-1.13416e-08,0.000200019,1.43146e-06,-8.5791e-07,1.43146e-06,0.00019999
0.539924,-0.273683,2.95753,0.549074,-0.269416,2.97885,-0.0418758,-0.0263835,-0.0674717,13.8425,0.000200006,-1.04488e-08,-7.77806e-07,-1.04488e-08,0.000200019,1.39484e-06,-7.77806e-07,1.39484e-06,0.000199991
0.544925,-0.271724,2.97742,0.550317,-0.266555,2.98837,-0.040375,-0.0252245,-0.0645837,13.7927,0.000200004,-8.46486e-09,-5.88152e-07,-8.46486e-09,0.000200018,1.36e-06,-5.88152e-07,1.36e-06,0.000199991
0.548981,-0.270232,2.99456,0.551826,-0.264057,2.99674,-0.0397189,-0.023932,-0.0644394,13.79,0.000200002,-6.06575e-09,-3.76378e-07,-6.06575e-09,0.000200017,1.29874e-06,-3.76378e-07,1.29874e-06,0.000199992
0.552538,-0.269026,3.01116,0.553441,-0.262231,3.00418,-0.0395619,-0.0225264,-0.0658383,13.8039,0.000200001,-3.86465e-09,-1.87311e-07,-3.86465e-09,0.000200016,1.25834e-06,-1.87311e-07,1.25834e-06,0.000199993
0.55533,-0.268073,3.02403,0.553936,-0.261727,3.00623,-0.0399698,-0.0211729,-0.0699732,13.7466,0.000200001,-2.11644e-09,-5.01032e-08,-2.11644e-09,0.000200014,1.20842e-06,-5.01032e-08,1.20842e-06,0.000199994
0.558745,-0.266118,3.03837,0.559426,-0.255216,3.02423,-0.0397553,-0.0188182,-0.0736287,15.8163,0.000200001,-7.24612e-10,5.58285e-08,-7.24612e-10,0.000200014,1.1904e-06,5.58285e-08,1.1904e-06,0.000199994
0.561485,-0.263697,3.04965,0.559921,-0.251058,3.02802,-0.040215,-0.0158966,-0.0793462,15.7951,0.0002,2.2928e-10,1.18502e-07,2.2928e-10,0.000200013,1.16459e-06,1.18502e-07,1.16459e-06,0.000199995
0.563922,-0.261006,3.06032,0.560559,-0.24717,3.0321,-0.0410778,-0.0128056,-0.0858635,15.8163,0.0002,9.31832e-10,1.60126e-07,9.31832e-10,0.000200013,1.16735e-06,1.60126e-07,1.16735e-06,0.000199995
0.565723,-0.258798,3.06257,0.560551,-0.246885,3.03368,-0.0424767,-0.0101982,-0.0936199,15.7951,0.0002,1.43221e-09,1.90825e-07,1.43221e-09,0.000200013,1.14507e-06,1.90825e-07,1.14507e-06,0.000199995
0.567314,-0.257017,3.05751,0.560759,-0.246831,3.03374,-0.0440865,-0.00791712,-0.0986742,15.8092,0.0002,1.83092e-09,2.14318e-07,1.83092e-09,0.000200013,1.1472e-06,2.14318e-07,1.1472e-06,0.000199995
0.568393,-0.25561,3.05234,0.560607,-0.246906,3.0335,-0.0462066,-0.00610986,-0.103847,15.7951,0.0002,2.09054e-09,2.31544e-07,2.09054e-09,0.000200012,1.1224e-06,2.31544e-07,1.1224e-06,0.000199995
0.573974,-0.25795,3.06118,0.583534,-0.264578,3.10009,-0.0438256,-0.00804996,-0.0940012,15.3817,0.000200001,2.31272e-09,2.4472e-07,2.31272e-09,0.000200012,1.12478e-06,2.4472e-07,1.12478e-06,0.000199995
0.578392,-0.259412,3.0687,0.583918,-0.262646,3.10164,-0.0425076,-0.00901194,-0.0864851,14.2973,0.000200001,2.39948e-09,2.47833e-07,2.39948e-09,0.000200012,1.10681e-06,2.47833e-07,1.10681e-06,0.000199995
0.582112,-0.260237,3.07509,0.5842,-0.260831,3.10349,-0.0419881,-0.00943676,-0.0790994,13.6324,0.000200001,2.50228e-09,2.5181e-07,2.50228e-09,0.000200012,1.1161e-06,2.5181e-07,1.1161e-06,0.000199995
0.584947,-0.260625,3.08036,0.584172,-0.25962,3.10464,-0.0422532,-0.00942452,-0.0728222,13.5201,0.000200001,2.49779e-09,2.48597e-07,2.49779e-09,0.000200011,1.10067e-06,2.48597e-07,1.10067e-06,0.000199995
0.587462,-0.260772,3.08471,0.584761,-0.258808,3.10524,-0.0429384,-0.00907231,-0.0674798,13.5275,0.000200001,2.5159e-09,2.45766e-07,2.5159e-09,0.000200012,1.11163e-06,2.45766e-07,1.11163e-06,0.000199995
0.589358,-0.26052,3.09446,0.584924,-0.257106,3.10742,-0.0441417,-0.00842013,-0.0647268,13.5143,0.000200001,2.42338e-09,2.34608e-07,2.42338e-09,0.000200011,1.096e-06,2.34608e-07,1.096e-06,0.000199996
0.595148,-0.261381,3.11479,0.605413,-0.26241,3.13073,-0.0414521,-0.00888067,-0.0603911,12.7375,0.0002,2.36771e-09,2.24157e-07,2.36771e-09,0.000200012,1.11455e-06,2.24157e-07,1.11455e-06,0.000199996
0.599921,-0.261357,3.13253,0.606564,-0.25911,3.139,-0.0398788,-0.00855656,-0.058655,12.6838,0.0002,2.22928e-09,2.07286e-07,2.22928e-09,0.000200012,1.11253e-06,2.07286e-07,1.11253e-06,0.000199996
0.604165,-0.260726,-3.13373,0.607967,-0.25637,-3.13529,-0.0389355,-0.00762569,-0.0587337,12.6884,0.0002,2.05593e-09,1.83634e-07,2.05593e-09,0.000200012,1.13445e-06,1.83634e-07,1.13445e-06,0.000199995
0.607769,-0.259694,-3.11933,0.609576,-0.253853,-3.12747,-0.0385315,-0.00639368,-0.0613279,12.6773,0.0002,1.86497e-09,1.63868e-07,1.86497e-09,0.000200012,1.13057e-06,1.63868e-07,1.13057e-06,0.000199995
0.61112,-0.25835,-3.10574,0.611266,-0.251514,-3.12095,-0.0384798,-0.00495009,-0.064737,12.8029,0.0002,1.66237e-09,1.40789e-07,1.66237e-09,0.000200012,1.14902e-06,1.40789e-07,1.14902e-06,0.000199995
0.615106,-0.258669,-3.08758,0.618281,-0.258697,-3.08069,-0.0376936,-0.00516922,-0.062584,13.5508,0.0002,1.48451e-09,1.24927e-07,1.48451e-09,0.000200012,1.14444e-06,1.24927e-07,1.14444e-06,0.000199995
0.619046,-0.258853,-3.06906,0.621376,-0.258591,-3.06449,-0.0370545,-0.00525322,-0.0610591,14.5582,0.0002,1.29739e-09,1.05497e-07,1.29739e-09,0.000200012,1.16246e-06,1.05497e-07,1.16246e-06,0.000199995
0.62192,-0.259055,-3.05265,0.623795,-0.25881,-3.05146,-0.0368802,-0.00545514,-0.0616485,15.3821,0.0002,1.10422e-09,9.64853e-08,1.10422e-09,0.000200011,1.05234e-06,9.64853e-08,1.05234e-06,0.000199996
0.623913,-0.259238,-3.0381,0.625477,-0.258688,-3.04469,-0.0363873,-0.00543768,-0.0631024,15.8489,0.0002,9.48503e-10,9.82149e-08,9.48503e-10,0.000200009,8.79247e-07,9.82149e-08,8.79247e-07,0.000199996
0.624926,-0.259497,-3.02713,0.625937,-0.258864,-3.04292,-0.0361739,-0.0052974,-0.0671284,15.9635,0.0002,8.20302e-10,1.12833e-07,8.20302e-10,0.000200006,6.61198e-07,1.12833e-07,6.61198e-07,0.000199997
0.625311,-0.259729,-3.02578,0.625918,-0.258897,-3.04261,-0.036189,-0.00512905,-0.0707789,15.8416,0.0002,6.63835e-10,1.26801e-07,6.63835e-10,0.000200004,4.53745e-07,1.26801e-07,4.53745e-07,0.000199998
0.626264,-0.260338,-3.02067,0.62948,-0.261486,-3.00086,-0.0352356,-0.00543753,-0.0656676,13.6801,0.0002,4.91255e-10,1.23524e-07,4.91255e-10,0.000200002,3.09038e-07,1.23524e-07,3.09038e-07,0.000199998
0.626833,-0.260755,-3.0165,0.629872,-0.261334,-2.99826,-0.0345666,-0.00555528,-0.0615034,13.6777,0.0002,3.22354e-10,1.14631e-07,3.22354e-10,0.000200001,1.72953e-07,1.14631e-07,1.72953e-07,0.000199999
0.627362,-0.261057,-3.01284,0.629993,-0.261347,-2.9969,-0.033838,-0.00565659,-0.0578359,13.6394,0.0002,2.06229e-10,1.0292e-07,2.06229e-10,0.000200001,9.38167e-08,1.0292e-07,9.38167e-08,0.000199999
0.627756,-0.261316,-3.00952,0.630117,-0.261449,-2.99531,-0.0332441,-0.00561592,-0.0535211,13.7296,0.0002,1.2265e-10,9.48916e-08,1.2265e-10,0.000200001,3.4624e-08,9.48916e-08,3.4624e-08,0.0002
0.628096,-0.261571,-3.00675,0.630227,-0.261577,-2.99471,-0.0328039,-0.00557124,-0.0507494,13.7902,0.0002,6.6321e-11,9.32112e-08,6.6321e-11,0.0002,-2.71567e-09,9.32112e-08,-2.71567e-09,0.0002
0.628403,-0.261781,-3.0044,0.630296,-0.261617,-2.99407,-0.0322966,-0.00558139,-0.0484029,13.9239,0.0002,2.93167e-11,9.17477e-08,2.93167e-11,0.0002,-2.31503e-08,9.17477e-08,-2.31503e-08,0.0002
0.62992,-0.262566,-2.9961,0.63665,-0.264798,-2.96259,-0.0305798,-0.00606613,-0.0401036,12.0011,0.0002,4.53706e-12,8.74933e-08,4.53706e-12,0.0002,-3.66132e-08,8.74933e-08,-3.66132e-08,0.0002
0.631216,-0.262946,-2.98907,0.637144,-0.263433,-2.95999,-0.0291844,-0.00624637,-0.0330714,12.0146,0.0002,-1.47435e-11,8.88071e-08,-1.47435e-11,0.0002,-4.78695e-08,8.88071e-08,-4.78695e-08,0.0002
0.632389,-0.262823,-2.97762,0.637869,-0.261232,-2.95596,-0.0278113,-0.00582336,-0.0276224,11.9797,0.0002,-2.96405e-11,9.19191e-08,-2.96405e-11,0.0002,-5.60465e-08,9.19191e-08,-5.60465e-08,0.0002
0.633543,-0.262317,-2.96066,0.639207,-0.258819,-2.95058,-0.0263566,-0.00491678,-0.0246573,12.0145,0.0002,-5.04745e-11,1.06269e-07,-5.04745e-11,0.0002,-6.88141e-08,1.06269e-07,-6.88141e-08,0.0002
0.634617,-0.261626,-2.94654,0.639942,-0.257106,-2.94752,-0.0250831,-0.00382578,-0.0245358,11.9952,0.0002,-7.12482e-11,1.24679e-07,-7.12482e-11,0.0002,-7.61978e-08,1.24679e-07,-7.61978e-08,0.0002
0.634336,-0.262086,-2.93023,0.634505,-0.261988,-2.92756,-0.0250644,-0.00378579,-0.0242322,11.9804,0.0002,-9.86752e-11,1.42413e-07,-9.86752e-11,0.0002,-8.93201e-08,1.42413e-07,-8.93201e-08,0.0002
0.634113,-0.261681,-2.91739,0.635052,-0.260979,-2.92442,-0.0247871,-0.00338077,-0.0263868,11.9961,0.0002,-7.02661e-11,6.27796e-08,-7.02661e-11,0.0002,-1.16068e-07,6.27796e-08,-1.16068e-07,0.0002
0.633965,-0.260391,-2.90538,0.636217,-0.260599,-2.92082,-0.024235,-0.00349137,-0.0293754,12.1438,0.0002,1.21443e-10,-1.295e-07,1.21443e-10,0.0002,-1.68379e-07,-1.295e-07,-1.68379e-07,0.0002
0.633898,-0.258759,-2.89573,0.636954,-0.260585,-2.91779,-0.0233017,-0.00395949,-0.0357317,12.4316,0.000200001,5.08935e-10,-3.47549e-07,5.08935e-10,0.0002,-2.19655e-07,-3.47549e-07,-2.19655e-07,0.0002
0.633958,-0.257059,-2.88618,0.637704,-0.260531,-2.9156,-0.0222418,-0.0047592,-0.0421831,12.635,0.000200002,1.02131e-09,-5.47618e-07,1.02131e-09,0.000200001,-2.61531e-07,-5.47618e-07,-2.61531e-07,0.000199999
0.63462,-0.255445,-2.87913,0.638031,-0.260556,-2.91439,-0.0209795,-0.00594536,-0.0511267,12.7127,0.000200004,1.15112e-09,-7.18644e-07,1.15112e-09,0.0002,-2.02663e-07,-7.18644e-07,-2.02663e-07,0.000199999
0.633599,-0.253872,-2.8605,0.62694,-0.260829,-2.85462,-0.0225009,-0.0076716,-0.0495023,12.1902,0.000200006,5.82075e-10,-8.85441e-07,5.82075e-10,0.0002,-5.35931e-08,-8.85441e-07,-5.35931e-08,0.000199998
0.633579,-0.252435,-2.84507,0.628462,-0.260924,-2.84717,-0.0237212,-0.00993519,-0.0500686,12.5495,0.000200008,-5.80434e-10,-1.02473e-06,-5.80434e-10,0.0002,1.19126e-07,-1.02473e-06,1.19126e-07,0.000199998
0.634205,-0.251101,-2.8312,0.629338,-0.261036,-2.84336,-0.0244953,-0.0125014,-0.0531982,12.8707,0.000200011,-2.25041e-09,-1.14903e-06,-2.25041e-09,0.000200001,3.00977e-07,-1.14903e-06,3.00977e-07,0.000199997
0.634766,-0.250062,-2.82045,0.629953,-0.261246,-2.84095,-0.0255338,-0.015362,-0.0584472,13.051,0.000200012,-3.61155e-09,-1.23139e-06,-3.61155e-09,0.000200001,4.05627e-07,-1.23139e-06,4.05627e-07,0.000199996
0.635685,-0.249086,-2.81064,0.630542,-0.261228,-2.83904,-0.0264149,-0.0185861,-0.0656404,13.0973,0.000200014,-5.22821e-09,-1.30906e-06,-5.22821e-09,0.000200002,5.25574e-07,-1.30906e-06,5.25574e-07,0.000199995
0.636318,-0.248367,-2.80342,0.630868,-0.261277,-2.83803,-0.0274818,-0.0219666,-0.074419,13.2606,0.000200016,-6.23577e-09,-1.3508e-06,-6.23577e-09,0.000200003,5.74328e-07,-1.3508e-06,5.74328e-07,0.000199994
0.63788,-0.244355,-2.78162,0.635557,-0.244879,-2.76173,-0.02772,-0.0222549,-0.0696167,10.1394,0.000200017,-7.36082e-09,-1.39682e-06,-7.36082e-09,0.000200003,6.38436e-07,-1.39682e-06,6.38436e-07,0.000199993
0.639128,-0.241196,-2.76433,0.636218,-0.244878,-2.75805,-0.0281716,-0.0232959,-0.0673287,10.3485,0.000200018,-7.95825e-09,-1.41919e-06,-7.95825e-09,0.000200004,6.55059e-07,-1.41919e-06,6.55059e-07,0.000199993
0.640241,-0.238549,-2.7492,0.636537,-0.244755,-2.756,-0.0287591,-0.0249493,-0.0692,10.4735,0.000200019,-8.48875e-09,-1.45076e-06,-8.48875e-09,0.000200004,6.69089e-07,-1.45076e-06,6.69089e-07,0.000199992
0.64117,-0.23646,-2.73747,0.637185,-0.244685,-2.75372,-0.0294295,-0.0271597,-0.0734667,10.5806,0.000200019,-8.68649e-09,-1.46502e-06,-8.68649e-09,0.000200004,6.61488e-07,-1.46502e-06,6.61488e-07,0.000199992
0.641976,-0.234737,-2.72707,0.637253,-0.244747,-2.75246,-0.0302242,-0.0298374,-0.0790677,10.5873,0.00020002,-8.90165e-09,-1.48573e-06,-8.90165e-09,0.000200004,6.60832e-07,-1.48573e-06,6.60832e-07,0.000199991
0.642563,-0.233406,-2.71941,0.637327,-0.244808,-2.75197,-0.031037,-0.0329064,-0.0874112,10.6292,0.00020002,-8.90181e-09,-1.49385e-06,-8.90181e-09,0.000200004,6.47364e-07,-1.49385e-06,6.47364e-07,0.000199991
0.644308,-0.228374,-2.69786,0.64407,-0.22546,-2.67868,-0.0307919,-0.0322736,-0.0828638,10.3281,0.000200021,-8.95633e-09,-1.50838e-06,-8.95633e-09,0.000200004,6.41857e-07,-1.50838e-06,6.41857e-07,0.000199991
0.645855,-0.223639,-2.67937,0.645549,-0.221713,-2.6686,-0.0305454,-0.031939,-0.0803738,10.3337,0.000200021,-8.71687e-09,-1.51165e-06,-8.71687e-09,0.000200004,6.13168e-07,-1.51165e-06,6.13168e-07,0.000199991
0.647274,-0.21973,-2.66318,0.646059,-0.221535,-2.66507,-0.0304261,-0.0325303,-0.0801771,10.5175,0.000200022,-8.6649e-09,-1.52926e-06,-8.6649e-09,0.000200003,6.0304e-07,-1.52926e-06,6.0304e-07,0.000199991
0.648394,-0.216678,-2.65063,0.646682,-0.22159,-2.66332,-0.0305055,-0.0338778,-0.0836328,10.6289,0.000200022,-8.33768e-09,-1.53099e-06,-8.33768e-09,0.000200003,5.71607e-07,-1.53099e-06,5.71607e-07,0.000199991
0.649353,-0.214148,-2.63957,0.646695,-0.221538,-2.66201,-0.0306469,-0.0358482,-0.0885744,10.6686,0.000200022,-8.18869e-09,-1.5458e-06,-8.18869e-09,0.000200003,5.57235e-07,-1.5458e-06,5.57235e-07,0.000199991
0.650999,-0.208827,-2.61661,0.652289,-0.204894,-2.58759,-0.030001,-0.0349273,-0.0816056,10.5653,0.000200022,-7.81718e-09,-1.54413e-06,-7.81718e-09,0.000200003,5.26249e-07,-1.54413e-06,5.26249e-07,0.000199991
0.652558,-0.2036,-2.60419,0.653376,-0.200485,-2.57962,-0.0294424,-0.0341997,-0.0751914,10.2241,0.000200022,-7.65407e-09,-1.55624e-06,-7.65407e-09,0.000200003,5.14175e-07,-1.55624e-06,5.14175e-07,0.000199991
0.653725,-0.1989,-2.59838,0.653939,-0.197758,-2.57482,-0.0291748,-0.0339998,-0.0693809,10.0928,0.000200023,-7.23844e-09,-1.55872e-06,-7.23844e-09,0.000200002,4.79051e-07,-1.55872e-06,4.79051e-07,0.000199991
0.654714,-0.194957,-2.59379,0.654214,-0.197148,-2.57321,-0.0289862,-0.0346565,-0.0647908,10.1287,0.000200023,-6.94162e-09,-1.57044e-06,-6.94162e-09,0.000200002,4.55882e-07,-1.57044e-06,4.55882e-07,0.000199991
0.655417,-0.191814,-2.58987,0.654186,-0.196998,-2.57262,-0.0290835,-0.0359144,-0.0598746,10.203,0.000200023,-6.55258e-09,-1.57156e-06,-6.55258e-09,0.000200002,4.26708e-07,-1.57156e-06,4.26708e-07,0.000199991
0.656071,-0.189283,-2.58687,0.654328,-0.197141,-2.57263,-0.0292286,-0.0379832,-0.0568709,10.181,0.000200023,-6.37663e-09,-1.5799e-06,-6.37663e-09,0.000200002,4.17505e-07,-1.5799e-06,4.17505e-07,0.000199991
0.657802,-0.183918,-2.58082,0.660946,-0.180345,-2.55499,-0.0282983,-0.0371178,-0.0498174,8.40814,0.000200023,-6.08463e-09,-1.58143e-06,-6.08463e-09,0.000200002,3.96433e-07,-1.58143e-06,3.96433e-07,0.000199991
0.6593,-0.179266,-2.57518,0.66121,-0.178629,-2.55072,-0.0276002,-0.0369656,-0.0441827,8.38457,0.000200023,-5.96952e-09,-1.58517e-06,-5.96952e-09,0.000200002,3.92341e-07,-1.58517e-06,3.92341e-07,0.000199991
0.660441,-0.175266,-2.56972,0.661349,-0.1771,-2.54689,-0.0272594,-0.0374656,-0.0387179,8.373,0.000200023,-5.73119e-09,-1.58342e-06,-5.73119e-09,0.000200001,3.75389e-07,-1.58342e-06,3.75389e-07,0.000199991
0.661453,-0.171807,-2.56501,0.661662,-0.175996,-2.54392,-0.0270466,-0.038507,-0.0330058,8.37126,0.000200023,-5.62503e-09,-1.58845e-06,-5.62503e-09,0.000200001,3.70198e-07,-1.58845e-06,3.70198e-07,0.000199991
0.662191,-0.168935,-2.56052,0.66164,-0.175235,-2.54192,-0.0271093,-0.0401351,-0.0285166,8.35207,0.000200023,-5.40831e-09,-1.58441e-06,-5.40831e-09,0.000200001,3.54877e-07,-1.58441e-06,3.54877e-07,0.000199991
0.662849,-0.166481,-2.55695,0.661762,-0.174713,-2.54046,-0.0272507,-0.0421813,-0.0239523,8.35334,0.000200024,-5.3333e-09,-1.59025e-06,-5.3333e-09,0.000200001,3.51773e-07,-1.59025e-06,3.51773e-07,0.000199991
0.664565,-0.159942,-2.55473,0.667918,-0.15157,-2.54422,-0.0264349,-0.0401424,-0.0217273,6.42099,0.000200023,-5.17248e-09,-1.58599e-06,-5.17248e-09,0.000200001,3.41002e-07,-1.58599e-06,3.41002e-07,0.000199991
0.665958,-0.154401,-2.55237,0.667877,-0.150217,-2.54103,-0.0258418,-0.0391005,-0.0193716,6.41065,0.000200024,-5.11665e-09,-1.58963e-06,-5.11665e-09,0.000200001,3.39034e-07,-1.58963e-06,3.39034e-07,0.000199991
0.667064,-0.149833,-2.54992,0.668137,-0.149377,-2.53881,-0.0255362,-0.0389329,-0.0159154,6.42776,0.000200024,-4.96363e-09,-1.58659e-06,-4.96363e-09,0.000200001,3.2784e-07,-1.58659e-06,3.2784e-07,0.000199991
0.667993,-0.146058,-2.54778,0.668143,-0.148882,-2.53765,-0.0254073,-0.0397578,-0.0137823,6.47692,0.000200024,-4.92411e-09,-1.58824e-06,-4.92411e-09,0.000200001,3.27335e-07,-1.58824e-06,3.27335e-07,0.000199991
0.668663,-0.143039,-2.54599,0.668068,-0.148715,-2.53721,-0.025537,-0.0411391,-0.0109874,6.42213,0.000200023,-4.78615e-09,-1.58383e-06,-4.78615e-09,0.000200001,3.17325e-07,-1.58383e-06,3.17325e-07,0.000199991
0.670313,-0.135773,-2.5459,0.673267,-0.124615,-2.54364,-0.0247868,-0.0383526,-0.0109004,6.0438,0.000200024,-4.79448e-09,-1.58646e-06,-4.79448e-09,0.000200001,3.20763e-07,-1.58646e-06,3.20763e-07,0.000199991
0.671571,-0.129773,-2.54512,0.673242,-0.123508,-2.54074,-0.0243291,-0.036763,-0.0101238,6.04683,0.000200023,-4.70484e-09,-1.58245e-06,-4.70484e-09,0.000200001,3.14369e-07,-1.58245e-06,3.14369e-07,0.000199991
0.672578,-0.124709,-2.54406,0.673082,-0.122385,-2.53822,-0.0241224,-0.0361989,-0.00806152,6.03797,0.000200023,-4.70822e-09,-1.58615e-06,-4.70822e-09,0.000200001,3.15967e-07,-1.58615e-06,3.15967e-07,0.000199991
0.673305,-0.120727,-2.54311,0.673,-0.122407,-2.53773,-0.0241947,-0.0366269,-0.00711208,6.09003,0.000200023,-4.58951e-09,-1.57816e-06,-4.58951e-09,0.000200001,3.07038e-07,-1.57816e-06,3.07038e-07,0.000199991
0.67402,-0.117421,-2.54234,0.673312,-0.122121,-2.53736,-0.0243797,-0.0378108,-0.00534302,6.08858,0.000200023,-4.63389e-09,-1.58317e-06,-4.63389e-09,0.000200001,3.12531e-07,-1.58317e-06,3.12531e-07,0.000199991
0.674509,-0.114791,-2.53627,0.673294,-0.121887,-2.53673,-0.024691,-0.0395808,-0.00526896,6.09131,0.000200023,-4.46537e-09,-1.57754e-06,-4.46537e-09,0.000200001,2.97791e-07,-1.57754e-06,2.97791e-07,0.000199991
0.675933,-0.107323,-2.52379,0.677825,-0.0952552,-2.53418,-0.0240666,-0.0365827,-0.00778618,5.40791,0.000200023,-4.47348e-09,-1.58167e-06,-4.47348e-09,0.000200001,3.00473e-07,-1.58167e-06,3.00473e-07,0.000199991
0.677013,-0.101242,-2.51308,0.677951,-0.0944229,-2.53183,-0.0237869,-0.0349022,-0.0130754,5.41205,0.000200023,-4.29711e-09,-1.57488e-06,-4.29711e-09,0.000200001,2.85898e-07,-1.57488e-06,2.85898e-07,0.000199991
0.678012,-0.0962583,-2.50341,0.678134,-0.0942059,-2.53113,-0.0234882,-0.0344083,-0.0194144,5.41466,0.000200023,-4.30821e-09,-1.58354e-06,-4.30821e-09,0.000200001,2.88566e-07,-1.58354e-06,2.88566e-07,0.000199991
0.678709,-0.0923634,-2.49632,0.678182,-0.0942261,-2.53111,-0.0234906,-0.0349234,-0.0283176,5.41597,0.000200023,-4.09621e-09,-1.57488e-06,-4.09621e-09,0.000200001,2.71029e-07,-1.57488e-06,2.71029e-07,0.000199991
0.679372,-0.0891197,-2.49,0.67825,-0.0940555,-2.53076,-0.0234275,-0.0361697,-0.0379973,5.4015,0.000200023,-4.08304e-09,-1.58493e-06,-4.08304e-09,0.000200001,2.71823e-07,-1.58493e-06,2.71823e-07,0.000199991
0.679802,-0.08665,-2.48559,0.678275,-0.0941548,-2.5305,-0.0235976,-0.03811,-0.0495876,5.43797,0.000200023,-3.86859e-09,-1.57419e-06,-3.86859e-09,0.000200001,2.54969e-07,-1.57419e-06,2.54969e-07,0.000199991
0.681404,-0.0803241,-2.47053,0.684579,-0.0729515,-2.47665,-0.0224964,-0.0362841,-0.0515329,2.80303,0.000200023,-3.84118e-09,-1.58313e-06,-3.84118e-09,0.000200001,2.55031e-07,-1.58313e-06,2.55031e-07,0.000199991
0.682345,-0.0747202,-2.45675,0.683425,-0.0697828,-2.46418,-0.0219547,-0.0351102,-0.0527537,2.93301,0.000200023,-3.62591e-09,-1.57403e-06,-3.62591e-09,0.000200001,2.38099e-07,-1.57403e-06,2.38099e-07,0.000199991
0.683008,-0.0700763,-2.44404,0.682849,-0.0695786,-2.45923,-0.0216923,-0.0349763,-0.0570415,3.05398,0.000200023,-3.49558e-09,-1.58783e-06,-3.49558e-09,0.000200001,2.27848e-07,-1.58783e-06,2.27848e-07,0.000199991
0.683434,-0.0664868,-2.43422,0.682841,-0.0695832,-2.45746,-0.0215661,-0.0358168,-0.0622163,3.07397,0.000200023,-3.1824e-09,-1.5766e-06,-3.1824e-09,0.0002,2.03246e-07,-1.5766e-06,2.03246e-07,0.000199991
0.683841,-0.0635065,-2.42549,0.682925,-0.0695527,-2.45662,-0.0213587,-0.0373465,-0.0704887,3.12587,0.000200023,-3.01155e-09,-1.58622e-06,-3.01155e-09,0.0002,1.92146e-07,-1.58622e-06,1.92146e-07,0.000199991
0.684079,-0.0611891,-2.41907,0.682922,-0.0693994,-2.45594,-0.0213213,-0.0394591,-0.0790695,3.15912,0.000200023,-2.71087e-09,-1.57654e-06,-2.71087e-09,0.0002,1.69991e-07,-1.57654e-06,1.69991e-07,0.000199991
0.687242,-0.0550841,-2.398,0.69811,-0.048719,-2.37964,-0.0181582,-0.0378741,-0.0749974,0.524691,0.000200023,-2.56584e-09,-1.58706e-06,-2.56584e-09,0.0002,1.62114e-07,-1.58706e-06,1.62114e-07,0.000199991
0.689785,-0.0493926,-2.38055,0.69869,-0.0443412,-2.37291,-0.0156149,-0.0366226,-0.0725518,0.440892,0.000200023,-2.25133e-09,-1.5829e-06,-2.25133e-09,0.0002,1.37898e-07,-1.5829e-06,1.37898e-07,0.000199991
0.691212,-0.0447169,-2.36464,0.695625,-0.044111,-2.36699,-0.0141884,-0.0364579,-0.0736416,0.511015,0.000200024,-1.98909e-09,-1.59275e-06,-1.98909e-09,0.0002,1.19274e-07,-1.59275e-06,1.19274e-07,0.000199991
0.691798,-0.041068,-2.35179,0.69336,-0.0440593,-2.36292,-0.0134017,-0.037231,-0.0757928,0.585146,0.000200023,-1.59077e-09,-1.58254e-06,-1.59077e-09,0.0002,8.91293e-08,-1.58254e-06,8.91293e-08,0.000199991
0.692024,-0.0380358,-2.34044,0.691903,-0.0439508,-2.36044,-0.0129763,-0.0386968,-0.0804413,0.63005,0.000200024,-1.33853e-09,-1.59082e-06,-1.33853e-09,0.0002,7.39274e-08,-1.59082e-06,7.39274e-08,0.000199991
0.693436,-0.0312333,-2.31676,0.699238,-0.0216354,-2.28357,-0.0112641,-0.0363083,-0.0727591,0.634921,0.000200023,-9.39081e-10,-1.58137e-06,-9.39081e-10,0.0002,4.42051e-08,-1.58137e-06,4.42051e-08,0.000199991
0.694595,-0.0251432,-2.2963,0.699277,-0.0188529,-2.28016,-0.00980479,-0.0346982,-0.0683039,0.599156,0.000200024,-6.11822e-10,-1.59017e-06,-6.11822e-10,0.0002,2.24719e-08,-1.59017e-06,2.24719e-08,0.000199991
0.695314,-0.0203803,-2.2805,0.698728,-0.0189265,-2.27915,-0.00858631,-0.0343303,-0.0674982,0.61783,0.000200023,-1.60819e-10,-1.58045e-06,-1.60819e-10,0.0002,-1.12212e-08,-1.58045e-06,-1.12212e-08,0.000199991
0.695556,-0.0164688,-2.26659,0.696964,-0.0188098,-2.27634,-0.0078438,-0.0348788,-0.0705893,0.643285,0.000200023,1.91102e-10,-1.5866e-06,1.91102e-10,0.0002,-3.36877e-08,-1.5866e-06,-3.36877e-08,0.000199991
0.695256,-0.0134069,-2.25549,0.694931,-0.0187406,-2.27303,-0.00764442,-0.0361969,-0.0744936,0.680475,0.000200023,6.12374e-10,-1.57716e-06,6.12374e-10,0.0002,-6.38713e-08,-1.57716e-06,-6.38713e-08,0.000199991
0.694618,-0.0108411,-2.24524,0.692801,-0.0184821,-2.26997,-0.00758174,-0.0380711,-0.0802413,0.72296,0.000200023,9.15514e-10,-1.58125e-06,9.15514e-10,0.0002,-8.15183e-08,-1.58125e-06,-8.15183e-08,0.000199991
0.694661,-0.00437084,-2.22261,0.696546,0.00398167,-2.19333,-0.00693875,-0.0359408,-0.0736084,0.482412,0.000200023,1.27138e-09,-1.57272e-06,1.27138e-09,0.0002,-1.06375e-07,-1.57272e-06,-1.06375e-07,0.000199991
0.694616,0.00133004,-2.20322,0.696195,0.00630393,-2.19105,-0.00618357,-0.03465,-0.0702207,0.488116,0.000200023,1.62156e-09,-1.57641e-06,1.62156e-09,0.0002,-1.29836e-07,-1.57641e-06,-1.29836e-07,0.000199991
0.694413,0.00579526,-2.18831,0.695731,0.0062558,-2.19023,-0.00548673,-0.0344947,-0.0703066,0.493268,0.000200023,2.03017e-09,-1.56447e-06,2.03017e-09,0.0002,-1.60446e-07,-1.56447e-06,-1.60446e-07,0.000199991
0.694299,0.00943138,-2.17559,0.695871,0.00617365,-2.19043,-0.00470103,-0.0352286,-0.0745891,0.494042,0.000200023,2.36641e-09,-1.56911e-06,2.36641e-09,0.0002,-1.81628e-07,-1.56911e-06,-1.81628e-07,0.000199991
0.694014,0.0122664,-2.16623,0.695348,0.00625599,-2.19008,-0.00398556,-0.0366736,-0.0802332,0.488854,0.000200023,2.76088e-09,-1.55698e-06,2.76088e-09,0.0002,-2.1123e-07,-1.55698e-06,-2.1123e-07,0.000199991
0.693662,0.0146373,-2.15776,0.69451,0.00634281,-2.1896,-0.00333781,-0.0386327,-0.0877624,0.498942,0.000200023,3.03852e-09,-1.56244e-06,3.03852e-09,0.0002,-2.26643e-07,-1.56244e-06,-2.26643e-07,0.000199991
0.692914,0.0212155,-2.13449,0.69321,0.0304575,-2.10263,-0.00298622,-0.0362845,-0.0794855,0.561416,0.000200022,3.33674e-09,-1.54623e-06,3.33674e-09,0.000200001,-2.48856e-07,-1.54623e-06,-2.48856e-07,0.000199991
0.692303,0.0267161,-2.11484,0.693176,0.0311884,-2.10131,-0.0023971,-0.0350639,-0.0768374,0.617013,0.000200023,3.65309e-09,-1.54948e-06,3.65309e-09,0.000200001,-2.70326e-07,-1.54948e-06,-2.70326e-07,0.000199991
0.691674,0.0310467,-2.09977,0.692785,0.0313719,-2.1011,-0.0017264,-0.0349233,-0.0767749,0.610757,0.000200022,3.99556e-09,-1.53358e-06,3.99556e-09,0.000200001,-2.97875e-07,-1.53358e-06,-2.97875e-07,0.000199991
0.691135,0.0345817,-2.08695,0.692641,0.0312624,-2.10075,-0.000964986,-0.0356183,-0.0799543,0.605393,0.000200022,4.33428e-09,-1.5372e-06,4.33428e-09,0.000200001,-3.21061e-07,-1.5372e-06,-3.21061e-07,0.000199991
0.690632,0.0372975,-2.07758,0.6926,0.0311709,-2.10102,-6.84538e-05,-0.0370525,-0.0855761,0.603115,0.000200022,4.67751e-09,-1.52368e-06,4.67751e-09,0.000200001,-3.48305e-07,-1.52368e-06,-3.48305e-07,0.000199991
0.688872,0.0438739,-2.05193,0.68644,0.0529424,-2.01475,-0.000428001,-0.0346761,-0.0769303,0.496917,0.000200022,4.98331e-09,-1.52712e-06,4.98331e-09,0.000200001,-3.67985e-07,-1.52712e-06,-3.67985e-07,0.000199991
0.687347,0.0494792,-2.03169,0.686207,0.0552394,-2.012,-0.000452943,-0.0331708,-0.071691,0.525945,0.000200021,5.31863e-09,-1.50961e-06,5.31863e-09,0.000200001,-3.9644e-07,-1.50961e-06,-3.9644e-07,0.000199991
0.686176,0.054082,-2.01478,0.686416,0.0553436,-2.01191,-2.4394e-05,-0.032698,-0.070783,0.508012,0.000200021,5.65122e-09,-1.51251e-06,5.65122e-09,0.000200002,-4.19335e-07,-1.51251e-06,-4.19335e-07,0.000199991
0.685105,0.0576648,-2.00197,0.686097,0.0555191,-2.01167,0.000504675,-0.0331552,-0.0729696,0.516465,0.000200021,5.9736e-09,-1.49167e-06,5.9736e-09,0.000200002,-4.48078e-07,-1.49167e-06,-4.48078e-07,0.000199992
0.684204,0.0606611,-1.99087,0.685887,0.0556072,-2.01156,0.0014044,-0.0342289,-0.0778714,0.513701,0.000200021,6.30368e-09,-1.49498e-06,6.30368e-09,0.000200002,-4.70832e-07,-1.49498e-06,-4.70832e-07,0.000199991
0.68335,0.0628804,-1.98283,0.685426,0.0553522,-2.01161,0.0022503,-0.0359896,-0.0858271,0.524922,0.000200021,6.56231e-09,-1.47601e-06,6.56231e-09,0.000200002,-4.93505e-07,-1.47601e-06,-4.93505e-07,0.000199992
0.681026,0.0693733,-1.95954,0.677772,0.0786374,-1.93051,0.00182628,-0.0335267,-0.0785372,1.35782,0.000200021,6.81162e-09,-1.47916e-06,6.81162e-09,0.000200002,-5.09173e-07,-1.47916e-06,-5.09173e-07,0.000199992
0.679091,0.0745699,-1.94106,0.677703,0.0793391,-1.92844,0.00179108,-0.0322301,-0.0750646,1.39553,0.00020002,7.04998e-09,-1.45738e-06,7.04998e-09,0.000200002,-5.33292e-07,-1.45738e-06,-5.33292e-07,0.000199992
0.677521,0.0788419,-1.92566,0.677755,0.0794059,-1.92849,0.00212124,-0.0318581,-0.0756605,1.388,0.00020002,7.3726e-09,-1.45767e-06,7.3726e-09,0.000200003,-5.59012e-07,-1.45767e-06,-5.59012e-07,0.000199992
0.676201,0.0821328,-1.91394,0.677604,0.0793385,-1.92801,0.00280124,-0.0324672,-0.0789401,1.37461,0.00020002,7.61818e-09,-1.4385e-06,7.61818e-09,0.000200003,-5.83367e-07,-1.4385e-06,-5.83367e-07,0.000199992
0.675108,0.084865,-1.90374,0.677401,0.0794078,-1.92801,0.00380793,-0.033635,-0.0847363,1.38188,0.000200019,7.87362e-09,-1.43837e-06,7.87362e-09,0.000200003,-6.02076e-07,-1.43837e-06,-6.02076e-07,0.000199992
0.674076,0.0869671,-1.89628,0.67683,0.0795004,-1.92744,0.00487639,-0.0352329,-0.0932842,1.37571,0.000200019,8.06835e-09,-1.42108e-06,8.06835e-09,0.000200003,-6.21957e-07,-1.42108e-06,-6.21957e-07,0.000199992
0.671368,0.0928441,-1.87399,0.66796,0.100381,-1.84928,0.00436833,-0.0331559,-0.0869932,2.94829,0.000200019,8.26966e-09,-1.41989e-06,8.26966e-09,0.000200004,-6.36834e-07,-1.41989e-06,-6.36834e-07,0.000199992
0.669009,0.0976832,-1.856,0.667219,0.101684,-1.84501,0.00430898,-0.0320168,-0.0840046,2.97295,0.000200019,8.4229e-09,-1.39777e-06,8.4229e-09,0.000200004,-6.56686e-07,-1.39777e-06,-6.56686e-07,0.000199992
0.667102,0.101668,-1.84108,0.667385,0.101791,-1.84518,0.00470165,-0.0318325,-0.0850771,2.94452,0.000200018,8.70676e-09,-1.39589e-06,8.70676e-09,0.000200004,-6.82621e-07,-1.39589e-06,-6.82621e-07,0.000199992
0.665589,0.10475,-1.82967,0.667462,0.101869,-1.845,0.00548914,-0.0323498,-0.0886715,2.95936,0.000200018,8.85249e-09,-1.37394e-06,8.85249e-09,0.000200004,-7.01949e-07,-1.37394e-06,-7.01949e-07,0.000199992
0.664348,0.107309,-1.81992,0.667402,0.101777,-1.84473,0.00674826,-0.0334906,-0.0949211,2.96006,0.000200018,9.08662e-09,-1.37605e-06,9.08662e-09,0.000200005,-7.20576e-07,-1.37605e-06,-7.20576e-07,0.000199992
0.663328,0.109286,-1.81266,0.667384,0.102008,-1.84488,0.00812785,-0.0350141,-0.102659,2.94618,0.000200017,9.21436e-09,-1.35756e-06,9.21436e-09,0.000200005,-7.37646e-07,-1.35756e-06,-7.37646e-07,0.000199992
0.660193,0.114971,-1.78994,0.656343,0.122388,-1.76258,0.007593,-0.0329291,-0.095945,5.37174,0.000200017,9.38565e-09,-1.35885e-06,9.38565e-09,0.000200005,-7.50517e-07,-1.35885e-06,-7.50517e-07,0.000199992
0.657618,0.11964,-1.77756,0.656348,0.123732,-1.75943,0.00751753,-0.0316599,-0.0915581,5.3573,0.000200017,9.48306e-09,-1.33688e-06,9.48306e-09,0.000200005,-7.68188e-07,-1.33688e-06,-7.68188e-07,0.000199992
0.656235,0.123256,-1.77444,0.656414,0.123735,-1.75913,0.00803518,-0.0314439,-0.087444,5.37808,0.000200016,8.52181e-09,-1.30525e-06,8.52181e-09,0.000200004,-6.6998e-07,-1.30525e-06,-6.6998e-07,0.000199992
0.655765,0.125852,-1.77259,0.656349,0.123788,-1.75917,0.00826467,-0.0319484,-0.0845944,5.38353,0.000200015,6.73873e-09,-1.23506e-06,6.73873e-09,0.000200003,-5.03768e-07,-1.23506e-06,-5.03768e-07,0.000199993
0.656003,0.127803,-1.77137,0.656368,0.123559,-1.75916,0.00860308,-0.0328966,-0.0813663,5.37245,0.000200014,4.63833e-09,-1.17673e-06,4.63833e-09,0.000200002,-2.99976e-07,-1.17673e-06,-2.99976e-07,0.000199993
0.654428,0.131161,-1.77345,0.645767,0.133564,-1.77488,0.00672779,-0.0324391,-0.0814545,6.77496,0.000200012,2.68189e-09,-1.1058e-06,2.68189e-09,0.000200001,-1.1616e-07,-1.1058e-06,-1.1616e-07,0.000199994
0.653345,0.134017,-1.77494,0.645812,0.134049,-1.77397,0.00504507,-0.032483,-0.0809442,6.76778,0.000200012,1.10132e-09,-1.07208e-06,1.10132e-09,0.000200001,2.89994e-08,-1.07208e-06,2.89994e-08,0.000199995
0.652608,0.136145,-1.77624,0.645849,0.134043,-1.77386,0.00350794,-0.0330549,-0.0802434,6.79023,0.000200011,-1.48896e-10,-1.02546e-06,-1.48896e-10,0.0002,1.41642e-07,-1.02546e-06,1.41642e-07,0.000199995
0.652108,0.138173,-1.76803,0.645676,0.135206,-1.76916,0.00220841,-0.0338267,-0.0810252,6.69595,0.00020001,-1.15366e-09,-1.0121e-06,-1.15366e-09,0.000200001,2.29322e-07,-1.0121e-06,2.29322e-07,0.000199996
0.651703,0.140119,-1.75578,0.645763,0.137379,-1.76335,0.000903471,-0.0346814,-0.0827809,6.65713,0.00020001,-1.80072e-09,-9.86714e-07,-1.80072e-09,0.000200001,2.78759e-07,-9.86714e-07,2.78759e-07,0.000199996
0.651393,0.142288,-1.74325,0.645745,0.139468,-1.75728,-0.000206528,-0.0354117,-0.0862479,6.65094,0.00020001,-2.31663e-09,-1.0025e-06,-2.31663e-09,0.000200001,3.10739e-07,-1.0025e-06,3.10739e-07,0.000199996
0.652085,0.146752,-1.72666,0.650748,0.153493,-1.71969,-0.000315043,-0.0338481,-0.0846577,7.41793,0.000200009,-2.62413e-09,-9.98683e-07,-2.62413e-09,0.000200001,3.26266e-07,-9.98683e-07,3.26266e-07,0.000199996
0.652494,0.1515,-1.70992,0.650148,0.158733,-1.70715,-0.000606115,-0.0321002,-0.0829245,7.17946,0.00020001,-2.84478e-09,-1.01722e-06,-2.84478e-09,0.000200001,3.30758e-07,-1.01722e-06,3.30758e-07,0.000199996
0.652794,0.155428,-1.70197,0.650046,0.15988,-1.70321,-0.00110617,-0.0310724,-0.0839724,7.16892,0.00020001,-2.96822e-09,-1.01241e-06,-2.96822e-09,0.000200001,3.3477e-07,-1.01241e-06,3.3477e-07,0.000199996
0.653021,0.158786,-1.70238,0.650096,0.160655,-1.70245,-0.00157935,-0.0306144,-0.0833805,7.11399,0.00020001,-3.06641e-09,-1.01789e-06,-3.06641e-09,0.000200001,3.37019e-07,-1.01789e-06,3.37019e-07,0.000199996
0.653204,0.161348,-1.70345,0.650091,0.16068,-1.70173,-0.00209574,-0.0309517,-0.0834526,7.14464,0.000200009,-3.09513e-09,-1.00053e-06,-3.09513e-09,0.000200001,3.39684e-07,-1.00053e-06,3.39684e-07,0.000199996
0.653375,0.163456,-1.70463,0.650103,0.16061,-1.70174,-0.00272523,-0.0316436,-0.0826302,7.13706,0.000200009,-3.16047e-09,-1.00081e-06,-3.16047e-09,0.000200001,3.45187e-07,-1.00081e-06,3.45187e-07,0.000199996
0.654875,0.166372,-1.70543,0.656985,0.167283,-1.70162,-0.001925,-0.0315284,-0.0814276,7.18521,0.000200009,-3.15654e-09,-9.83998e-07,-3.15654e-09,0.000200001,3.46775e-07,-9.83998e-07,3.46775e-07,0.000199996
0.656062,0.168893,-1.70589,0.656846,0.167701,-1.70076,-0.00153831,-0.0318072,-0.0808925,7.21694,0.000200009,-3.20466e-09,-9.89997e-07,-3.20466e-09,0.000200001,3.5038e-07,-9.89997e-07,3.5038e-07,0.000199996
0.657013,0.170864,-1.70618,0.65694,0.168108,-1.70034,-0.00138704,-0.0326355,-0.0791801,7.17834,0.000200009,-3.17757e-09,-9.73548e-07,-3.17757e-09,0.000200001,3.50068e-07,-9.73548e-07,3.50068e-07,0.000199996
0.65776,0.172831,-1.6972,0.65667,0.16955,-1.69493,-0.00143958,-0.033469,-0.0781991,7.07123,0.000200009,-3.20873e-09,-9.80694e-07,-3.20873e-09,0.000200001,3.52037e-07,-9.80694e-07,3.52037e-07,0.000199996
0.65825,0.174895,-1.68405,0.656403,0.172327,-1.68701,-0.0016498,-0.0342052,-0.0790476,6.94426,0.000200009,-3.13706e-09,-9.75818e-07,-3.13706e-09,0.000200001,3.41704e-07,-9.75818e-07,3.41704e-07,0.000199996
0.659535,0.179791,-1.66514,0.661174,0.187663,-1.65299,-0.000964822,-0.0323088,-0.0761363,8.11349,0.000200009,-3.08873e-09,-1.00032e-06,-3.08873e-09,0.000200001,3.27208e-07,-1.00032e-06,3.27208e-07,0.000199996
0.660324,0.184462,-1.64867,0.660257,0.191852,-1.64283,-0.000776343,-0.0305378,-0.0746716,7.77762,0.000200009,-2.95773e-09,-1.00276e-06,-2.95773e-09,0.000200001,3.08225e-07,-1.00276e-06,3.08225e-07,0.000199996
0.660876,0.188685,-1.63395,0.660088,0.193547,-1.63857,-0.000724358,-0.0293151,-0.07595,7.70823,0.00020001,-2.83441e-09,-1.02838e-06,-2.83441e-09,0.000200001,2.86051e-07,-1.02838e-06,2.86051e-07,0.000199996
0.661283,0.192242,-1.62223,0.660026,0.195001,-1.63535,-0.000816536,-0.0287579,-0.0792271,7.73097,0.00020001,-2.67453e-09,-1.02719e-06,-2.67453e-09,0.000200001,2.67295e-07,-1.02719e-06,2.67295e-07,0.000199996
0.661606,0.195283,-1.61175,0.659992,0.195269,-1.63398,-0.000893949,-0.0287171,-0.0837498,7.76039,0.00020001,-2.57608e-09,-1.04952e-06,-2.57608e-09,0.000200001,2.53062e-07,-1.04952e-06,2.53062e-07,0.000199996
0.661798,0.197633,-1.60426,0.65987,0.195364,-1.63398,-0.00110168,-0.029367,-0.0912566,7.75382,0.00020001,-2.42431e-09,-1.04764e-06,-2.42431e-09,0.000200001,2.36431e-07,-1.04764e-06,2.36431e-07,0.000199996
0.662943,0.200405,-1.59373,0.6651,0.199424,-1.57701,-0.000257175,-0.0295948,-0.087731,8.68045,0.00020001,-2.35268e-09,-1.05647e-06,-2.35268e-09,0.000200001,2.29872e-07,-1.05647e-06,2.29872e-07,0.000199996
0.663812,0.202692,-1.59029,0.664784,0.200493,-1.57524,0.000211653,-0.0303082,-0.0832882,8.69052,0.00020001,-2.29898e-09,-1.03845e-06,-2.29898e-09,0.000200001,2.30435e-07,-1.03845e-06,2.30435e-07,0.000199996
0.66453,0.20463,-1.58859,0.664927,0.20071,-1.57479,0.000530315,-0.0312704,-0.0805872,8.49717,0.00020001,-2.27321e-09,-1.03729e-06,-2.27321e-09,0.000200001,2.30283e-07,-1.03729e-06,2.30283e-07,0.000199996
0.665006,0.206183,-1.58681,0.664567,0.201357,-1.57273,0.000605705,-0.032517,-0.0768126,8.39545,0.00020001,-2.19617e-09,-1.01634e-06,-2.19617e-09,0.0002,2.25749e-07,-1.01634e-06,2.25749e-07,0.000199996
0.665375,0.207544,-1.58526,0.664465,0.201468,-1.57176,0.000574548,-0.034056,-0.0732636,8.43453,0.00020001,-2.16984e-09,-1.01834e-06,-2.16984e-09,0.0002,2.24225e-07,-1.01834e-06,2.24225e-07,0.000199996
0.66566,0.208581,-1.5842,0.664375,0.201685,-1.57233,0.00045963,-0.0358193,-0.0702017,8.47068,0.00020001,-2.13556e-09,-1.0044e-06,-2.13556e-09,0.0002,2.2416e-07,-1.0044e-06,2.2416e-07,0.000199996
0.667164,0.212095,-1.58729,0.670709,0.214757,-1.59233,0.00156375,-0.035205,-0.0712911,8.65229,0.00020001,-2.11542e-09,-1.00751e-06,-2.11542e-09,0.0002,2.22195e-07,-1.00751e-06,2.22195e-07,0.000199996
0.668328,0.214748,-1.58958,0.670449,0.21445,-1.59176,0.00232752,-0.0353518,-0.0725841,8.59461,0.000200009,-2.09504e-09,-9.93915e-07,-2.09504e-09,0.0002,2.23458e-07,-9.93915e-07,2.23458e-07,0.000199996
0.66928,0.217019,-1.59145,0.670586,0.214606,-1.59159,0.00278006,-0.0359813,-0.0724483,8.63595,0.000200009,-2.10421e-09,-1.00377e-06,-2.10421e-09,0.0002,2.23778e-07,-1.00377e-06,2.23778e-07,0.000199996
0.67005,0.218691,-1.593,0.670629,0.214634,-1.59188,0.00315036,-0.0371088,-0.0719968,8.61732,0.000200009,-2.07837e-09,-9.8611e-07,-2.07837e-09,0.0002,2.24133e-07,-9.8611e-07,2.24133e-07,0.000199996
0.670651,0.220155,-1.59417,0.67053,0.214522,-1.59153,0.00335143,-0.0384448,-0.0711657,8.53678,0.000200009,-2.1003e-09,-9.98498e-07,-2.1003e-09,0.0002,2.25464e-07,-9.98498e-07,2.25464e-07,0.000199996
0.67112,0.221219,-1.5949,0.670531,0.21457,-1.59082,0.00332007,-0.0401808,-0.0698954,8.72163,0.000200009,-2.07922e-09,-9.87667e-07,-2.07922e-09,0.0002,2.24546e-07,-9.87667e-07,2.24546e-07,0.000199996
0.672215,0.22603,-1.59704,0.674022,0.233792,-1.59833,0.00401484,-0.0382703,-0.0710424,7.97893,0.000200009,-2.10597e-09,-9.99338e-07,-2.10597e-09,0.0002,2.26426e-07,-9.99338e-07,2.26426e-07,0.000199996
0.673056,0.229834,-1.59851,0.67391,0.234266,-1.59738,0.0043559,-0.0372656,-0.0705072,7.90493,0.000200009,-2.08444e-09,-9.84571e-07,-2.08444e-09,0.0002,2.26068e-07,-9.84571e-07,2.26068e-07,0.000199996
0.673707,0.233087,-1.5996,0.67378,0.234568,-1.59636,0.00460746,-0.0368127,-0.0696014,7.83664,0.000200009,-2.11039e-09,-9.988e-07,-2.11039e-09,0.0002,2.27105e-07,-9.988e-07,2.27105e-07,0.000199996
0.674199,0.235608,-1.60016,0.673596,0.234852,-1.59509,0.00469881,-0.0370921,-0.0681589,7.91893,0.000200009,-2.10714e-09,-9.8566e-07,-2.10714e-09,0.0002,2.29166e-07,-9.8566e-07,2.29166e-07,0.000199996
0.674587,0.237821,-1.6006,0.673605,0.235249,-1.59475,0.00458677,-0.0376791,-0.0666009,7.89859,0.000200009,-2.12637e-09,-9.95959e-07,-2.12637e-09,0.0002,2.2959e-07,-9.95959e-07,2.2959e-07,0.000199996
0.675624,0.242672,-1.60232,0.677214,0.251194,-1.6022,0.00522389,-0.0356278,-0.0663176,7.42501,0.000200009,-2.113e-09,-9.85519e-07,-2.113e-09,0.0002,2.29428e-07,-9.85519e-07,2.29428e-07,0.000199996
0.676409,0.246805,-1.60346,0.676973,0.251922,-1.60042,0.00550887,-0.034395,-0.0664617,7.39877,0.000200009,-2.13523e-09,-9.95689e-07,-2.13523e-09,0.0002,2.30546e-07,-9.95689e-07,2.30546e-07,0.000199996
0.677023,0.250021,-1.604,0.676923,0.252106,-1.59916,0.00562314,-0.0339795,-0.0649977,7.39315,0.000200009,-2.11968e-09,-9.81707e-07,-2.11968e-09,0.0002,2.30918e-07,-9.81707e-07,2.30918e-07,0.000199996
0.676707,0.25287,-1.6043,0.676748,0.25278,-1.5982,0.00570683,-0.0339304,-0.0632993,7.28427,0.000200009,-1.33614e-09,-9.95765e-07,-1.33614e-09,0.0002,1.07879e-07,-9.95765e-07,1.07879e-07,0.000199996
0.675637,0.255133,-1.60415,0.676617,0.25311,-1.59689,0.00613678,-0.0343667,-0.061151,7.36814,0.000200009,1.21903e-10,-9.92189e-07,1.21903e-10,0.0002,-9.72558e-08,-9.92189e-07,-9.72558e-08,0.000199996
0.674162,0.257164,-1.60409,0.676485,0.253587,-1.59653,0.00696186,-0.0350365,-0.060088,7.15802,0.000200009,1.91185e-09,-1.01026e-06,1.91185e-09,0.000200001,-3.23172e-07,-1.01026e-06,-3.23172e-07,0.000199996
0.672693,0.261231,-1.6065,0.676998,0.266128,-1.61134,0.00809327,-0.0337694,-0.0604997,6.97754,0.000200009,3.71336e-09,-1.01026e-06,3.71336e-09,0.000200002,-5.33112e-07,-1.01026e-06,-5.33112e-07,0.000199996
0.671368,0.264742,-1.60822,0.6769,0.266685,-1.61062,0.00976792,-0.0330576,-0.0612222,6.99861,0.00020001,5.32085e-09,-1.03395e-06,5.32085e-09,0.000200003,-6.87913e-07,-1.03395e-06,-6.87913e-07,0.000199996
0.670161,0.267559,-1.60894,0.676649,0.266958,-1.60893,0.0115609,-0.0330414,-0.0619435,6.9578,0.00020001,6.61236e-09,-1.04164e-06,6.61236e-09,0.000200005,-8.02096e-07,-1.04164e-06,-8.02096e-07,0.000199995
0.669095,0.270101,-1.60945,0.676491,0.267698,-1.60825,0.0135948,-0.0333992,-0.0614472,6.89435,0.00020001,7.77582e-09,-1.06942e-06,7.77582e-09,0.000200006,-8.85906e-07,-1.06942e-06,-8.85906e-07,0.000199994
0.668159,0.272119,-1.60956,0.676203,0.268046,-1.60681,0.0157589,-0.0342807,-0.0605602,6.8539,0.000200011,8.59279e-09,-1.07391e-06,8.59279e-09,0.000200007,-9.43276e-07,-1.07391e-06,-9.43276e-07,0.000199994
0.667394,0.273897,-1.60943,0.676214,0.268331,-1.60569,0.0181941,-0.0355028,-0.0594258,6.80608,0.000200011,9.31276e-09,-1.09397e-06,9.31276e-09,0.000200008,-9.82673e-07,-1.09397e-06,-9.82673e-07,0.000199993
0.663591,0.27879,-1.6064,0.657657,0.286549,-1.59081,0.0168911,-0.03351,-0.0554011,7.41753,0.000200011,9.06302e-09,-1.08125e-06,9.06302e-09,0.000200008,-9.22068e-07,-1.08125e-06,-9.22068e-07,0.000199993
0.661292,0.28294,-1.60414,0.657088,0.287517,-1.58875,0.0158916,-0.0322601,-0.0521393,7.44474,0.000200011,7.8934e-09,-1.07922e-06,7.8934e-09,0.000200006,-7.45985e-07,-1.07922e-06,-7.45985e-07,0.000199994
0.659953,0.286225,-1.60199,0.65661,0.288128,-1.58676,0.0152529,-0.0317746,-0.0479931,7.2718,0.00020001,6.18991e-09,-1.05207e-06,6.18991e-09,0.000200004,-5.3798e-07,-1.05207e-06,-5.3798e-07,0.000199994
0.659277,0.289111,-1.60012,0.656729,0.289084,-1.58564,0.0146765,-0.031689,-0.0441162,7.17217,0.00020001,4.51996e-09,-1.04452e-06,4.51996e-09,0.000200002,-3.4569e-07,-1.04452e-06,-3.4569e-07,0.000199995
0.658869,0.291422,-1.59842,0.656419,0.2898,-1.58496,0.0141688,-0.0321784,-0.0414152,6.95465,0.00020001,3.01635e-09,-1.01658e-06,3.01635e-09,0.000200001,-1.91721e-07,-1.01658e-06,-1.91721e-07,0.000199995
0.657341,0.295982,-1.59854,0.649681,0.302887,-1.59208,0.0123409,-0.0304177,-0.0395363,7.53988,0.00020001,1.78019e-09,-1.0134e-06,1.78019e-09,0.000200001,-7.11855e-08,-1.0134e-06,-7.11855e-08,0.000199996
0.656111,0.299888,-1.59833,0.649292,0.304763,-1.5909,0.0107113,-0.0293124,-0.0373334,7.36145,0.000200009,7.95627e-10,-9.92303e-07,7.95627e-10,0.0002,1.73276e-08,-9.92303e-07,1.73276e-08,0.000199996
0.655169,0.303414,-1.59809,0.649276,0.306136,-1.58985,0.00936888,-0.0285864,-0.0360898,7.18977,0.000200009,3.07862e-11,-9.99017e-07,3.07862e-11,0.0002,8.13634e-08,-9.99017e-07,8.13634e-08,0.000199996
0.654381,0.306306,-1.59743,0.648974,0.307187,-1.58849,0.00808149,-0.0283938,-0.0334339,7.15935,0.000200009,-5.35528e-10,-9.81088e-07,-5.35528e-10,0.0002,1.26635e-07,-9.81088e-07,1.26635e-07,0.000199996
0.653758,0.308824,-1.59689,0.64889,0.307568,-1.58776,0.00695778,-0.0286758,-0.0308913,7.0245,0.000200009,-9.80879e-10,-9.89965e-07,-9.80879e-10,0.0002,1.59419e-07,-9.89965e-07,1.59419e-07,0.000199996
0.653241,0.310732,-1.59637,0.648767,0.307617,-1.58763,0.00594118,-0.0295684,-0.0283685,7.01747,0.000200009,-1.28547e-09,-9.76938e-07,-1.28547e-09,0.0002,1.81357e-07,-9.76938e-07,1.81357e-07,0.000199996
0.653569,0.316285,-1.59802,0.652468,0.327177,-1.59766,0.00566948,-0.0268148,-0.0290187,6.60667,0.000200009,-1.51319e-09,-9.87393e-07,-1.51319e-09,0.0002,1.94055e-07,-9.87393e-07,1.94055e-07,0.000199996
0.653705,0.320805,-1.59881,0.651955,0.328196,-1.59566,0.00530515,-0.0249953,-0.0278131,6.61414,0.000200009,-1.62513e-09,-9.73654e-07,-1.62513e-09,0.0002,1.98732e-07,-9.73654e-07,1.98732e-07,0.000199997
0.653768,0.324597,-1.5995,0.65155,0.328499,-1.59496,0.00486776,-0.024003,-0.0264989,6.55174,0.000200009,-1.76149e-09,-9.83342e-07,-1.76149e-09,0.0002,2.07739e-07,-9.83342e-07,2.07739e-07,0.000199997
0.653826,0.327547,-1.59977,0.65155,0.328668,-1.5945,0.00432594,-0.0237527,-0.0257666,6.56866,0.000200009,-1.84206e-09,-9.70744e-07,-1.84206e-09,0.0002,2.14799e-07,-9.70744e-07,2.14799e-07,0.000199997
0.653847,0.330007,-1.60008,0.651509,0.328523,-1.59435,0.00384674,-0.0240933,-0.0240779,6.55665,0.000200009,-1.90976e-09,-9.83162e-07,-1.90976e-09,0.0002,2.16688e-07,-9.83162e-07,2.16688e-07,0.000199997
0.653871,0.331298,-1.60009,0.651597,0.32881,-1.59413,0.00327132,-0.0250022,-0.0220921,6.57101,0.000200008,-1.77905e-09,-8.73694e-07,-1.77905e-09,0.0002,2.1601e-07,-8.73694e-07,2.1601e-07,0.000199997
0.654641,0.334149,-1.60364,0.655496,0.341638,-1.6118,0.00354113,-0.0229512,-0.024639,8.64343,0.000200006,-1.47155e-09,-6.84682e-07,-1.47155e-09,0.0002,2.0851e-07,-6.84682e-07,2.0851e-07,0.000199997
0.655219,0.335788,-1.60601,0.655581,0.341778,-1.6117,0.00361911,-0.0214119,-0.0260124,8.67969,0.000200003,-1.07026e-09,-4.56533e-07,-1.07026e-09,0.0002,1.95361e-07,-4.56533e-07,1.95361e-07,0.000199998
0.655608,0.336675,-1.60812,0.65565,0.341289,-1.61241,0.00360782,-0.0203254,-0.0271161,8.6632,0.000200002,-6.92859e-10,-2.58082e-07,-6.92859e-10,0.0002,1.73176e-07,-2.58082e-07,1.73176e-07,0.000199999
0.655873,0.337409,-1.60963,0.655642,0.341407,-1.61218,0.00357316,-0.0192912,-0.0276266,8.67237,0.000200001,-4.31415e-10,-1.3124e-07,-4.31415e-10,0.0002,1.52109e-07,-1.3124e-07,1.52109e-07,0.000199999
0.656081,0.337797,-1.61093,0.65571,0.341313,-1.61235,0.00348067,-0.0184032,-0.0279332,8.65061,0.000200001,-2.31068e-10,-2.11567e-08,-2.31068e-10,0.0002,1.35722e-07,-2.11567e-08,1.35722e-07,0.000199999
0.656284,0.338094,-1.61177,0.655729,0.340987,-1.61228,0.00328398,-0.0177063,-0.0277741,8.6978,0.0002,-1.03513e-10,4.10446e-08,-1.03513e-10,0.0002,1.30615e-07,4.10446e-08,1.30615e-07,0.0002
0.656132,0.338516,-1.61252,0.654113,0.342179,-1.61295,0.00283168,-0.0167841,-0.0285164,9.42233,0.0002,-7.87621e-12,8.94586e-08,-7.87621e-12,0.0002,1.28651e-07,8.94586e-08,1.28651e-07,0.0002
0.655978,0.33895,-1.61325,0.653951,0.342556,-1.61303,0.00227808,-0.0159497,-0.0282532,9.31715,0.0002,5.60832e-11,1.17084e-07,5.60832e-11,0.0002,1.27482e-07,1.17084e-07,1.27482e-07,0.0002
0.655908,0.339241,-1.61385,0.654168,0.342432,-1.61339,0.00180762,-0.0151595,-0.0278523,9.33183,0.0002,1.05863e-10,1.39967e-07,1.05863e-10,0.0002,1.28174e-07,1.39967e-07,1.28174e-07,0.0002
0.655841,0.339546,-1.61409,0.654113,0.342692,-1.61284,0.0013411,-0.0143541,-0.0280948,9.33459,0.0002,1.38111e-10,1.51233e-07,1.38111e-10,0.0002,1.28737e-07,1.51233e-07,1.28737e-07,0.0002
0.655744,0.339687,-1.61464,0.653951,0.342226,-1.61304,0.000944338,-0.0137133,-0.0276449,9.33407,0.0002,1.59818e-10,1.60098e-07,1.59818e-10,0.0002,1.27283e-07,1.60098e-07,1.27283e-07,0.0002
0.655948,0.339659,-1.61439,0.655302,0.341471,-1.61114,0.000748423,-0.0132413,-0.0263877,7.81442,0.0002,1.75091e-10,1.64154e-07,1.75091e-10,0.0002,1.28117e-07,1.64154e-07,1.28117e-07,0.0002
0.65611,0.339554,-1.61454,0.65535,0.341108,-1.61135,0.000510264,-0.0129464,-0.0255415,7.77702,0.0002,1.84947e-10,1.6838e-07,1.84947e-10,0.0002,1.26867e-07,1.6838e-07,1.26867e-07,0.0002
0.656226,0.339486,-1.61443,0.655385,0.341082,-1.61144,0.000326199,-0.0125135,-0.0254285,7.76899,0.0002,1.85045e-10,1.67527e-07,1.85045e-10,0.0002,1.22829e-07,1.67527e-07,1.22829e-07,0.0002
0.656212,0.339444,-1.61439,0.654752,0.341357,-1.61107,-8.79449e-05,-0.0120557,-0.0243918,7.74676,0.0002,1.93366e-10,1.73934e-07,1.93366e-10,0.0002,1.23339e-07,1.73934e-07,1.23339e-07,0.0002
0.656333,0.339386,-1.61436,0.655301,0.341025,-1.61168,-0.000366557,-0.0116143,-0.0233567,7.81007,0.0002,1.98363e-10,1.71376e-07,1.98363e-10,0.0002,1.2738e-07,1.71376e-07,1.2738e-07,0.0002
0.656409,0.339331,-1.61446,0.655304,0.341085,-1.61172,-0.000591085,-0.0112695,-0.0224646,7.74966,0.0002,2.00604e-10,1.72994e-07,2.00604e-10,0.0002,1.26407e-07,1.72994e-07,1.26407e-07,0.0002
0.657328,0.339697,-1.61469,0.659529,0.340321,-1.6121,-7.20976e-05,-0.0109029,-0.0216905,6.51768,0.0002,1.28903e-10,8.38618e-08,1.28903e-10,0.0002,1.28089e-07,8.38618e-08,1.28089e-07,0.0002
0.658074,0.340708,-1.61542,0.659383,0.340562,-1.61198,0.000273513,-0.0110924,-0.0214175,6.51735,0.0002,-2.32921e-11,-8.01569e-08,-2.32921e-11,0.0002,1.35765e-07,-8.01569e-08,1.35765e-07,0.0002
0.658743,0.341937,-1.616,0.659312,0.340025,-1.61195,0.000442716,-0.0115631,-0.0199951,6.52208,0.000200001,-2.54159e-10,-2.69612e-07,-2.54159e-10,0.0002,1.54904e-07,-2.69612e-07,1.54904e-07,0.0002
0.659331,0.343476,-1.61655,0.659421,0.340521,-1.61209,0.000530697,-0.0122241,-0.0185472,6.53093,0.000200002,-5.53857e-10,-4.6383e-07,-5.53857e-10,0.0002,1.72424e-07,-4.6383e-07,1.72424e-07,0.0002
0.659843,0.344648,-1.61684,0.659588,0.340494,-1.61165,0.000542552,-0.0134519,-0.0178385,6.50516,0.000200002,-8.02388e-10,-5.79515e-07,-8.02388e-10,0.0002,1.85071e-07,-5.79515e-07,1.85071e-07,0.000199999
0.660308,0.345989,-1.61717,0.659669,0.340497,-1.61216,0.000407886,-0.0147108,-0.0161739,6.5183,0.000200004,-1.11136e-09,-7.17958e-07,-1.11136e-09,0.0002,1.99726e-07,-7.17958e-07,1.99726e-07,0.000199999
0.66121,0.348816,-1.61973,0.662421,0.350229,-1.62363,0.000709522,-0.0144841,-0.0177349,9.46696,0.000200005,-1.29321e-09,-7.76101e-07,-1.29321e-09,0.0002,2.04352e-07,-7.76101e-07,2.04352e-07,0.000199998
0.661423,0.351422,-1.62145,0.659811,0.350683,-1.62199,0.000323106,-0.0145775,-0.0174543,9.38217,0.000200006,-1.49798e-09,-8.53901e-07,-1.49798e-09,0.0002,2.10186e-07,-8.53901e-07,2.10186e-07,0.000199998
0.662172,0.353267,-1.62321,0.662549,0.350076,-1.62418,0.000571915,-0.015433,-0.0182073,9.44817,0.000200007,-1.65357e-09,-8.84602e-07,-1.65357e-09,0.0002,2.18628e-07,-8.84602e-07,2.18628e-07,0.000199998
0.662676,0.354842,-1.62461,0.66209,0.349988,-1.62386,0.000476329,-0.0166581,-0.0176093,9.37696,0.000200007,-1.79581e-09,-9.22878e-07,-1.79581e-09,0.0002,2.2396e-07,-9.22878e-07,2.2396e-07,0.000199997
0.663192,0.35597,-1.62563,0.662768,0.349752,-1.62402,0.000391804,-0.0182297,-0.0176349,9.42727,0.000200008,-1.85867e-09,-9.33864e-07,-1.85867e-09,0.0002,2.23666e-07,-9.33864e-07,2.23666e-07,0.000199997
0.663612,0.357035,-1.6265,0.662561,0.350045,-1.62425,0.000112415,-0.0199649,-0.0165009,9.47491,0.000200008,-1.97622e-09,-9.57418e-07,-1.97622e-09,0.0002,2.31583e-07,-9.57418e-07,2.31583e-07,0.000199997
0.663249,0.360309,-1.62874,0.659265,0.362683,-1.63137,-0.000850898,-0.019391,-0.0177388,9.94067,0.000200008,-1.99324e-09,-9.55803e-07,-1.99324e-09,0.0002,2.29248e-07,-9.55803e-07,2.29248e-07,0.000199997
0.662944,0.363031,-1.63044,0.659045,0.362674,-1.63094,-0.00175588,-0.0194694,-0.017445,9.99018,0.000200009,-2.05937e-09,-9.7137e-07,-2.05937e-09,0.0002,2.32931e-07,-9.7137e-07,2.32931e-07,0.000199997
0.662703,0.365073,-1.63176,0.659175,0.362422,-1.63134,-0.00259747,-0.0201269,-0.0177626,10.0135,0.000200009,-2.06504e-09,-9.67819e-07,-2.06504e-09,0.0002,2.31617e-07,-9.67819e-07,2.31617e-07,0.000199997
0.662461,0.36684,-1.63274,0.658855,0.362721,-1.63061,-0.00343872,-0.0211595,-0.016736,9.97915,0.000200009,-2.10304e-09,-9.77213e-07,-2.10304e-09,0.000200001,2.33701e-07,-9.77213e-07,2.33701e-07,0.000199997
0.662238,0.368191,-1.63343,0.658774,0.362776,-1.63049,-0.00426194,-0.0226086,-0.016427,10.026,0.000200009,-2.09982e-09,-9.71368e-07,-2.09982e-09,0.000200001,2.32902e-07,-9.71368e-07,2.32902e-07,0.000199997
0.662239,0.372424,-1.636,0.659593,0.378125,-1.6406,-0.00486072,-0.0210756,-0.0170003,12.4977,0.000200009,-2.12343e-09,-9.81155e-07,-2.12343e-09,0.000200001,2.33501e-07,-9.81155e-07,2.33501e-07,0.000199997
0.662315,0.375678,-1.63827,0.659984,0.377994,-1.64103,-0.0053851,-0.0206223,-0.0182726,12.4608,0.000200009,-2.11405e-09,-9.70208e-07,-2.11405e-09,0.000200001,2.33731e-07,-9.70208e-07,2.33731e-07,0.000199997
0.662428,0.378471,-1.64,0.660148,0.378476,-1.64089,-0.0058721,-0.0205291,-0.0179992,12.5677,0.000200009,-2.15118e-09,-9.78177e-07,-2.15118e-09,0.000200001,2.37381e-07,-9.78177e-07,2.37381e-07,0.000199997
0.662442,0.380577,-1.64117,0.659785,0.378262,-1.64048,-0.00645827,-0.0212228,-0.0181726,12.4651,0.000200009,-2.15645e-09,-9.6956e-07,-2.15645e-09,0.000200001,2.39318e-07,-9.6956e-07,2.39318e-07,0.000199997
0.662437,0.382395,-1.64226,0.659767,0.378392,-1.64061,-0.00716321,-0.0221045,-0.0172636,12.4361,0.000200009,-2.17549e-09,-9.81145e-07,-2.17549e-09,0.000200001,2.38843e-07,-9.81145e-07,2.38843e-07,0.000199997
0.662488,0.383638,-1.64315,0.659976,0.377975,-1.64065,-0.00771171,-0.0236624,-0.0171456,12.5247,0.000200009,-2.17214e-09,-9.67853e-07,-2.17214e-09,0.000200001,2.40837e-07,-9.67853e-07,2.40837e-07,0.000199997
0.663358,0.387386,-1.64582,0.664076,0.391175,-1.65081,-0.00754161,-0.022614,-0.0178219,12.9598,0.000200009,-2.19802e-09,-9.78067e-07,-2.19802e-09,0.000200001,2.42069e-07,-9.78067e-07,2.42069e-07,0.000199997
0.663952,0.39035,-1.64804,0.663591,0.391537,-1.65058,-0.00754751,-0.0223497,-0.0190422,12.8679,0.000200009,-2.18908e-09,-9.67387e-07,-2.18908e-09,0.000200001,2.42572e-07,-9.67387e-07,2.42572e-07,0.000199997
0.66452,0.392945,-1.64967,0.663998,0.392128,-1.65048,-0.0075801,-0.0225547,-0.0186724,12.9747,0.000200009,-2.22107e-09,-9.77335e-07,-2.22107e-09,0.000200001,2.44935e-07,-9.77335e-07,2.44935e-07,0.000199997
0.664941,0.394799,-1.651,0.663871,0.391657,-1.65061,-0.00785937,-0.0234007,-0.0190024,12.9295,0.000200009,-2.20661e-09,-9.632e-07,-2.20661e-09,0.000200001,2.45393e-07,-9.632e-07,2.45393e-07,0.000199997
0.665362,0.396448,-1.65211,0.664238,0.391853,-1.65084,-0.00803753,-0.0245515,-0.0181125,12.9246,0.000200009,-2.24043e-09,-9.74388e-07,-2.24043e-09,0.000200001,2.478e-07,-9.74388e-07,2.478e-07,0.000199997
0.665699,0.39763,-1.6529,0.664431,0.391734,-1.65066,-0.00830127,-0.0260703,-0.017901,12.9243,0.000200009,-2.19776e-09,-9.63222e-07,-2.19776e-09,0.000200001,2.43076e-07,-9.63222e-07,2.43076e-07,0.000199997
0.667051,0.400227,-1.65515,0.66997,0.403889,-1.65843,-0.00754864,-0.0253728,-0.019151,13.0627,0.000200007,-1.94051e-09,-8.3179e-07,-1.94051e-09,0.000200001,2.35071e-07,-8.3179e-07,2.35071e-07,0.000199997
0.667454,0.401883,-1.6566,0.669733,0.404449,-1.65764,-0.0071456,-0.0245168,-0.0186023,13.0835,0.000200005,-1.17746e-09,-6.62264e-07,-1.17746e-09,0.0002,1.29136e-07,-6.62264e-07,1.29136e-07,0.000199997
0.666854,0.402585,-1.65784,0.669473,0.404801,-1.6574,-0.00634612,-0.0240149,-0.0188425,13.0629,0.000200003,-2.53269e-10,-4.43005e-07,-2.53269e-10,0.0002,-7.79544e-08,-4.43005e-07,-7.79544e-08,0.000199998
0.665913,0.403109,-1.6588,0.670064,0.405368,-1.65754,-0.0052874,-0.0233914,-0.0187995,13.0814,0.000200002,2.81704e-10,-2.78616e-07,2.81704e-10,0.000200001,-3.03159e-07,-2.78616e-07,-3.03159e-07,0.000199999
0.664656,0.403396,-1.6597,0.669375,0.405455,-1.65724,-0.00414384,-0.0228041,-0.017697,13.0487,0.000200001,4.07636e-10,-1.49916e-07,4.07636e-10,0.000200002,-5.05813e-07,-1.49916e-07,-5.05813e-07,0.000199999
0.662301,0.405398,-1.66154,0.663529,0.414851,-1.66413,-0.00379863,-0.0204015,-0.0185434,12.6504,0.000200001,2.35574e-10,-4.98414e-08,2.35574e-10,0.000200003,-6.6448e-07,-4.98414e-08,-6.6448e-07,0.000199999
0.660016,0.407193,-1.66302,0.662277,0.415845,-1.66286,-0.00328373,-0.0182069,-0.0190209,12.5398,0.0002,-3.12466e-11,1.46628e-08,-3.12466e-11,0.000200005,-7.9016e-07,1.46628e-08,-7.9016e-07,0.000199998
0.658214,0.408665,-1.6639,0.66264,0.416212,-1.66197,-0.00218567,-0.0162347,-0.0178989,12.6181,0.0002,-3.37914e-10,6.16048e-08,-3.37914e-10,0.000200006,-8.78067e-07,6.16048e-08,-8.78067e-07,0.000199998
0.656585,0.409977,-1.6644,0.662027,0.416958,-1.66095,-0.000815426,-0.0144229,-0.0173962,12.5782,0.0002,-6.24455e-10,9.37456e-08,-6.24455e-10,0.000200007,-9.44856e-07,9.37456e-08,-9.44856e-07,0.000199998
0.65511,0.411109,-1.66461,0.661278,0.417363,-1.66005,0.000709902,-0.0127909,-0.0166123,12.586,0.0002,-8.56334e-10,1.13802e-07,-8.56334e-10,0.000200008,-9.91014e-07,1.13802e-07,-9.91014e-07,0.000199997
0.653826,0.411933,-1.66478,0.660881,0.417154,-1.66004,0.00252554,-0.0114674,-0.0147831,12.5021,0.0002,-1.0815e-09,1.33007e-07,-1.0815e-09,0.000200009,-1.0246e-06,1.33007e-07,-1.0246e-06,0.000199997
0.649394,0.412164,-1.6664,0.643856,0.414874,-1.66742,0.00109408,-0.0107355,-0.0153953,12.8584,0.0002,-1.22955e-09,1.41844e-07,-1.22955e-09,0.00020001,-1.04578e-06,1.41844e-07,-1.04578e-06,0.000199997
0.645688,0.413417,-1.66743,0.642754,0.415965,-1.66553,0.000388275,-0.00988277,-0.0144318,12.8141,0.0002,-3.87901e-10,1.09867e-08,-3.87901e-10,0.00020001,-1.04962e-06,1.09867e-08,-1.04962e-06,0.000199996
0.642615,0.414955,-1.66805,0.64191,0.416057,-1.66416,0.000215358,-0.00974452,-0.0140494,12.7723,0.0002,8.55529e-10,-1.55998e-07,8.55529e-10,0.00020001,-1.04212e-06,-1.55998e-07,-1.04212e-06,0.000199996
0.640075,0.417295,-1.66804,0.641139,0.416725,-1.66229,0.000475131,-0.00980533,-0.012041,12.8154,0.000200001,2.84748e-09,-4.19162e-07,2.84748e-09,0.00020001,-1.02521e-06,-4.19162e-07,-1.02521e-06,0.000199996
0.637865,0.419526,-1.66791,0.640129,0.41774,-1.66134,0.00106491,-0.0102743,-0.0109068,12.7372,0.000200003,4.50994e-09,-6.12842e-07,4.50994e-09,0.00020001,-1.01015e-06,-6.12842e-07,-1.01015e-06,0.000199996
0.636023,0.421724,-1.66729,0.639722,0.418214,-1.66007,0.00202277,-0.0111759,-0.00929197,12.7561,0.000200005,6.07027e-09,-7.87771e-07,6.07027e-09,0.000200009,-9.99043e-07,-7.87771e-07,-9.99043e-07,0.000199995
0.631852,0.424676,-1.66976,0.626253,0.423776,-1.67556,0.000652278,-0.0113245,-0.0107633,15.0807,0.000200006,7.30608e-09,-9.09941e-07,7.30608e-09,0.000200009,-9.9463e-07,-9.09941e-07,-9.9463e-07,0.000199995
0.62933,0.426965,-1.67954,0.626557,0.423449,-1.67553,0.000130272,-0.0122353,-0.00954487,15.1126,0.000200008,7.40832e-09,-9.91049e-07,7.40832e-09,0.000200008,-8.65421e-07,-9.91049e-07,-8.65421e-07,0.000199994
0.628071,0.428754,-1.68654,0.626751,0.42384,-1.67615,-0.000229395,-0.0134461,-0.00654311,15.0865,0.000200009,6.47472e-09,-1.023e-06,6.47472e-09,0.000200005,-6.67004e-07,-1.023e-06,-6.67004e-07,0.000199995
0.627596,0.430024,-1.68667,0.626617,0.423148,-1.6764,-0.000504453,-0.0151763,-0.00466918,15.0684,0.000200009,5.04834e-09,-1.03827e-06,5.04834e-09,0.000200003,-4.53204e-07,-1.03827e-06,-4.53204e-07,0.000199995
0.627554,0.430905,-1.68571,0.626579,0.423303,-1.67618,-0.000746286,-0.0170952,-0.00170976,15.1264,0.000200009,3.47891e-09,-1.02097e-06,3.47891e-09,0.000200002,-2.61745e-07,-1.02097e-06,-2.61745e-07,0.000199995
0.627653,0.43168,-1.685,0.626369,0.423426,-1.67583,-0.00114699,-0.0191199,-6.29558e-07,15.1033,0.000200009,2.11389e-09,-1.0169e-06,2.11389e-09,0.000200001,-1.11269e-07,-1.0169e-06,-1.11269e-07,0.000199996
0.626672,0.434049,-1.69031,0.620397,0.43281,-1.70683,-0.00262844,-0.0194509,-0.00331075,18.7485,0.000200009,9.8382e-10,-9.93604e-07,9.8382e-10,0.000200001,1.07039e-09,-9.93604e-07,1.07039e-09,0.000199996
0.62599,0.436127,-1.69467,0.620389,0.433162,-1.70673,-0.00400977,-0.0201726,-0.00666679,18.7055,0.000200009,3.88788e-11,-9.96925e-07,3.88788e-11,0.0002,9.08167e-08,-9.96925e-07,9.08167e-08,0.000199996
0.625446,0.437048,-1.69822,0.62072,0.433174,-1.70769,-0.0052542,-0.0214516,-0.00921852,18.7362,0.000200008,-4.84076e-10,-8.80062e-07,-4.84076e-10,0.0002,1.38287e-07,-8.80062e-07,1.38287e-07,0.000199997
0.624964,0.437068,-1.70115,0.620838,0.433196,-1.70813,-0.00623597,-0.022232,-0.0111495,18.7716,0.000200006,-6.35878e-10,-6.89792e-07,-6.35878e-10,0.0002,1.58062e-07,-6.89792e-07,1.58062e-07,0.000199997
0.624463,0.436375,-1.69784,0.620555,0.433216,-1.70685,-0.00713749,-0.0229247,-0.0128428,18.7607,0.000200003,-5.38626e-10,-4.54525e-07,-5.38626e-10,0.0002,1.61108e-07,-4.54525e-07,1.61108e-07,0.000199998
0.624719,0.4376,-1.68849,0.624192,0.443996,-1.70696,-0.00738071,-0.0215004,-0.0174887,20.0638,0.000200002,-3.54926e-10,-2.44172e-07,-3.54926e-10,0.0002,1.52607e-07,-2.44172e-07,1.52607e-07,0.000199999
0.624778,0.43878,-1.68065,0.623246,0.445018,-1.70516,-0.00772173,-0.01982,-0.0236471,20.0719,0.000200001,-2.18647e-10,-1.09306e-07,-2.18647e-10,0.0002,1.54371e-07,-1.09306e-07,1.54371e-07,0.000199999
0.624792,0.440561,-1.67282,0.622559,0.446094,-1.70344,-0.00820778,-0.0182392,-0.030823,20.124,0.000200001,-2.23544e-10,-1.22996e-07,-2.23544e-10,0.0002,1.70481e-07,-1.22996e-07,1.70481e-07,0.000199999
0.624604,0.442706,-1.66709,0.621375,0.446922,-1.70162,-0.00899597,-0.0173945,-0.0400886,20.1574,0.000200001,-3.43589e-10,-2.20684e-07,-3.43589e-10,0.0002,1.8479e-07,-2.20684e-07,1.8479e-07,0.000199999
0.624397,0.445403,-1.66106,0.620655,0.447592,-1.70015,-0.00980282,-0.016797,-0.0490625,20.193,0.000200001,-6.50579e-10,-4.19436e-07,-6.50579e-10,0.0002,2.03875e-07,-4.19436e-07,2.03875e-07,0.000199999
0.624131,0.447837,-1.65647,0.620317,0.448413,-1.69941,-0.0105693,-0.016763,-0.0604742,20.2345,0.000200002,-9.17212e-10,-5.64586e-07,-9.17212e-10,0.0002,2.09031e-07,-5.64586e-07,2.09031e-07,0.000199999
0.625777,0.450118,-1.6385,0.629929,0.448612,-1.63228,-0.00942312,-0.0170817,-0.0584957,19.0646,0.000200004,-1.16331e-09,-7.02532e-07,-1.16331e-09,0.0002,2.06912e-07,-7.02532e-07,2.06912e-07,0.000199999
0.626796,0.452328,-1.6243,0.62862,0.450343,-1.62973,-0.0088038,-0.0176723,-0.0602991,19.1166,0.000200005,-1.31667e-09,-7.97204e-07,-1.31667e-09,0.0002,1.98275e-07,-7.97204e-07,1.98275e-07,0.000199998
0.627579,0.454205,-1.61995,0.628346,0.450346,-1.62923,-0.00842107,-0.0185951,-0.0619532,19.1392,0.000200006,-1.47644e-09,-8.74815e-07,-1.47644e-09,0.0002,1.98497e-07,-8.74815e-07,1.98497e-07,0.000199998
0.628266,0.455596,-1.62179,0.628576,0.450373,-1.62945,-0.00813398,-0.0200041,-0.0647915,19.1024,0.000200007,-1.59918e-09,-9.05377e-07,-1.59918e-09,0.0002,2.03637e-07,-9.05377e-07,2.03637e-07,0.000199998
0.628765,0.456739,-1.62417,0.628342,0.449937,-1.62925,-0.00803463,-0.0216613,-0.0651726,19.145,0.000200008,-1.71671e-09,-9.43484e-07,-1.71671e-09,0.0002,2.07248e-07,-9.43484e-07,2.07248e-07,0.000199997
0.629239,0.457614,-1.62635,0.62878,0.450325,-1.62967,-0.00796088,-0.0235863,-0.0663537,19.1518,0.000200008,-1.76717e-09,-9.49071e-07,-1.76717e-09,0.0002,2.07789e-07,-9.49071e-07,2.07789e-07,0.000199997
0.630693,0.461678,-1.61152,0.634157,0.466594,-1.58803,-0.00690705,-0.0223217,-0.0605176,19.7468,0.000200008,-1.83376e-09,-9.70086e-07,-1.83376e-09,0.0002,2.09516e-07,-9.70086e-07,2.09516e-07,0.000199997
0.631293,0.464996,-1.59445,0.631556,0.467328,-1.58426,-0.00670657,-0.0218037,-0.0574467,19.5602,0.000200009,-1.79482e-09,-9.715e-07,-1.79482e-09,0.0002,1.99451e-07,-9.715e-07,1.99451e-07,0.000199997
0.631613,0.467881,-1.57926,0.630989,0.467659,-1.5839,-0.00668693,-0.0218193,-0.0592557,19.5267,0.000200009,-1.71841e-09,-9.99139e-07,-1.71841e-09,0.0002,1.81453e-07,-9.99139e-07,1.81453e-07,0.000199997
0.631825,0.46942,-1.56782,0.630868,0.467258,-1.58337,-0.00667459,-0.02268,-0.0628223,19.6122,0.000200008,-1.51389e-09,-9.06959e-07,-1.51389e-09,0.0002,1.67047e-07,-9.06959e-07,1.67047e-07,0.000199997
0.631932,0.470045,-1.55827,0.630504,0.467513,-1.5826,-0.00696826,-0.0232549,-0.0692677,19.4759,0.000200006,-1.26459e-09,-7.43125e-07,-1.26459e-09,0.0002,1.60046e-07,-7.43125e-07,1.60046e-07,0.000199997
0.633725,0.470862,-1.54101,0.639149,0.4725,-1.5291,-0.00557505,-0.0228379,-0.066009,21.3324,0.000200004,-9.79512e-10,-5.28182e-07,-9.79512e-10,0.0002,1.58896e-07,-5.28182e-07,1.58896e-07,0.000199998
0.634944,0.471285,-1.52589,0.637941,0.473506,-1.52732,-0.00485564,-0.0224152,-0.0658898,21.1794,0.000200002,-7.00764e-10,-3.22031e-07,-7.00764e-10,0.0002,1.62038e-07,-3.22031e-07,1.62038e-07,0.000199998
0.635931,0.471659,-1.52053,0.638029,0.473826,-1.52701,-0.00436932,-0.0218408,-0.0685262,21.0949,0.000200001,-4.7939e-10,-1.85309e-07,-4.7939e-10,0.0002,1.6272e-07,-1.85309e-07,1.6272e-07,0.000199999
0.636727,0.471653,-1.52211,0.638162,0.473517,-1.5275,-0.0039735,-0.0214467,-0.0691113,21.1651,0.000200001,-2.71579e-10,-5.83525e-08,-2.71579e-10,0.0002,1.59976e-07,-5.83525e-08,1.59976e-07,0.000199999
0.637326,0.47174,-1.52352,0.638329,0.473458,-1.52757,-0.00377352,-0.0209604,-0.0705206,21.199,0.0002,-1.37671e-10,6.493e-09,-1.37671e-10,0.0002,1.47095e-07,6.493e-09,1.47095e-07,0.0002
0.637769,0.472498,-1.52521,0.638354,0.473563,-1.52814,-0.00363098,-0.0205016,-0.0712057,20.9948,0.0002,-1.42253e-10,-5.89308e-08,-1.42253e-10,0.0002,1.32101e-07,-5.89308e-08,1.32101e-07,0.0002
0.63874,0.473858,-1.51861,0.6414,0.475331,-1.48682,-0.00285977,-0.0204416,-0.0636089,21.082,0.0002,-2.00486e-10,-1.6385e-07,-2.00486e-10,0.0002,1.24951e-07,-1.6385e-07,1.24951e-07,0.0002
0.639256,0.475931,-1.51309,0.640158,0.476094,-1.48496,-0.00254354,-0.0202693,-0.0560852,20.7742,0.000200001,-3.48706e-10,-3.64162e-07,-3.48706e-10,0.0002,1.19637e-07,-3.64162e-07,1.19637e-07,0.0002
0.639418,0.477842,-1.50841,0.639034,0.47699,-1.48338,-0.0025823,-0.0205579,-0.0504134,20.3173,0.000200002,-4.55979e-10,-5.0437e-07,-4.55979e-10,0.0002,1.12456e-07,-5.0437e-07,1.12456e-07,0.000199999
0.639372,0.479934,-1.50417,0.638214,0.478094,-1.48147,-0.00272775,-0.0209663,-0.0441664,20.2545,0.000200003,-5.64347e-10,-6.48833e-07,-5.64347e-10,0.0002,1.06629e-07,-6.48833e-07,1.06629e-07,0.000199999
0.639299,0.481105,-1.50054,0.637853,0.47866,-1.48096,-0.0030012,-0.021895,-0.0395401,19.8956,0.000200003,-5.95101e-10,-6.4295e-07,-5.95101e-10,0.0002,1.07909e-07,-6.4295e-07,1.07909e-07,0.000199999
0.639188,0.481421,-1.49744,0.6374,0.479111,-1.48031,-0.00351192,-0.0223786,-0.0354448,19.9025,0.000200003,-5.52158e-10,-5.25473e-07,-5.52158e-10,0.0002,1.14055e-07,-5.25473e-07,1.14055e-07,0.000199999
0.639534,0.482599,-1.49789,0.64191,0.486953,-1.49587,-0.0029655,-0.0212014,-0.0348928,22.1781,0.000200002,-2.56189e-10,-3.47665e-07,-2.56189e-10,0.0002,4.146e-08,-3.47665e-07,4.146e-08,0.000199999
0.639018,0.483161,-1.49866,0.641997,0.487223,-1.49568,-0.00218163,-0.0202386,-0.0336578,22.0937,0.000200001,2.80756e-11,-1.64902e-07,2.80756e-11,0.0002,-1.34831e-07,-1.64902e-07,-1.34831e-07,0.000199999
0.63801,0.48357,-1.49895,0.641783,0.487108,-1.49535,-0.0012904,-0.0191302,-0.032951,21.8658,0.0002,4.63835e-11,-4.5128e-08,4.63835e-11,0.000200001,-3.3619e-07,-4.5128e-08,-3.3619e-07,0.000199999
0.636867,0.483629,-1.49937,0.641813,0.487175,-1.49566,-3.33218e-05,-0.0182711,-0.0323736,21.88,0.0002,-2.78957e-10,7.62286e-08,-2.78957e-10,0.000200002,-5.19924e-07,7.62286e-08,-5.19924e-07,0.000199999
0.635736,0.484463,-1.49964,0.641711,0.487875,-1.4953,0.00143617,-0.0170371,-0.0306413,21.8058,0.0002,-2.71962e-10,5.01901e-08,-2.71962e-10,0.000200003,-6.68708e-07,5.01901e-08,-6.68708e-07,0.000199999
0.634557,0.485815,-1.49992,0.641519,0.487497,-1.49466,0.00325693,-0.0166849,-0.0299181,21.7549,0.0002,3.99093e-10,-8.85557e-08,3.99093e-10,0.000200005,-8.01422e-07,-8.85557e-08,-8.01422e-07,0.000199999
0.630689,0.488377,-1.49935,0.627387,0.491912,-1.49105,0.00238913,-0.0158227,-0.0273547,20.5714,0.000200001,1.64704e-09,-2.73598e-07,1.64704e-09,0.000200006,-9.01543e-07,-2.73598e-07,-9.01543e-07,0.000199998
0.627282,0.491131,-1.49843,0.626202,0.492652,-1.48902,0.00228222,-0.0152685,-0.0254319,20.4789,0.000200002,3.35175e-09,-4.81383e-07,3.35175e-09,0.000200008,-9.77157e-07,-4.81383e-07,-9.77157e-07,0.000199997
0.624332,0.49353,-1.49725,0.625299,0.493767,-1.48742,0.00253157,-0.01527,-0.0222464,20.4575,0.000200003,4.77322e-09,-6.1005e-07,4.77322e-09,0.000200009,-1.03242e-06,-6.1005e-07,-1.03242e-06,0.000199996
0.621714,0.495933,-1.49562,0.62449,0.494318,-1.48592,0.00331354,-0.0154674,-0.0206175,20.6063,0.000200004,6.38428e-09,-7.52071e-07,6.38428e-09,0.00020001,-1.08293e-06,-7.52071e-07,-1.08293e-06,0.000199996
0.619386,0.497795,-1.494,0.623351,0.494739,-1.48405,0.00428636,-0.0163048,-0.0180016,20.4727,0.000200005,7.48547e-09,-8.20119e-07,7.48547e-09,0.000200011,-1.11586e-06,-8.20119e-07,-1.11586e-06,0.000199995
0.615614,0.501741,-1.49597,0.610106,0.505707,-1.49973,0.00321423,-0.0151586,-0.0189725,21.7511,0.000200007,7.91001e-09,-9.02609e-07,7.91001e-09,0.00020001,-1.02097e-06,-9.02609e-07,-1.02097e-06,0.000199994
0.613179,0.504809,-1.49738,0.609626,0.506285,-1.49888,0.00227943,-0.0148907,-0.0193766,21.7465,0.000200007,7.27026e-09,-9.23058e-07,7.27026e-09,0.000200008,-8.5128e-07,-9.23058e-07,-8.5128e-07,0.000199994
0.611607,0.507529,-1.49857,0.608975,0.506415,-1.49829,0.00160715,-0.0150708,-0.0195704,21.7445,0.000200008,6.36851e-09,-9.74728e-07,6.36851e-09,0.000200005,-6.61279e-07,-9.74728e-07,-6.61279e-07,0.000199995
0.610732,0.509561,-1.49939,0.608518,0.50675,-1.49729,0.00113241,-0.015839,-0.0183885,21.7757,0.000200008,4.97574e-09,-9.7409e-07,4.97574e-09,0.000200004,-4.63434e-07,-9.7409e-07,-4.63434e-07,0.000199995
0.610088,0.511393,-1.49988,0.608252,0.507155,-1.49678,0.000688308,-0.0169073,-0.0178794,21.7855,0.000200009,3.82144e-09,-9.93696e-07,3.82144e-09,0.000200002,-3.19195e-07,-9.93696e-07,-3.19195e-07,0.000199996
0.609892,0.512647,-1.50054,0.609001,0.506622,-1.49782,0.0005918,-0.0184532,-0.0175435,21.7957,0.000200009,2.72869e-09,-9.89359e-07,2.72869e-09,0.000200001,-1.99909e-07,-9.89359e-07,-1.99909e-07,0.000199996
0.609317,0.51656,-1.50428,0.606483,0.52018,-1.51196,-8.29246e-05,-0.0174398,-0.0192846,23.9302,0.000200009,1.85957e-09,-1.01807e-06,1.85957e-09,0.000200001,-1.11676e-07,-1.01807e-06,-1.11676e-07,0.000199996
0.608755,0.51938,-1.50688,0.606018,0.51997,-1.51154,-0.000744901,-0.0174197,-0.0208751,23.8668,0.000200009,1.19307e-09,-9.93602e-07,1.19307e-09,0.000200001,-5.62483e-08,-9.93602e-07,-5.62483e-08,0.000199996
0.608419,0.521955,-1.50892,0.605968,0.520087,-1.51169,-0.00128147,-0.0177451,-0.0209152,23.8976,0.00020001,5.89501e-10,-1.02514e-06,5.89501e-10,0.0002,-7.1087e-10,-1.02514e-06,-7.1087e-10,0.000199996
0.608094,0.523719,-1.51047,0.60586,0.519954,-1.51161,-0.0018062,-0.0187813,-0.0214674,23.9087,0.000200009,1.79723e-10,-1.00228e-06,1.79723e-10,0.0002,2.968e-08,-1.00228e-06,2.968e-08,0.000199996
0.607842,0.525428,-1.51177,0.605837,0.520592,-1.51128,-0.0022583,-0.0199718,-0.0217697,23.9375,0.00020001,-1.32934e-10,-1.01497e-06,-1.32934e-10,0.0002,5.15169e-08,-1.01497e-06,5.15169e-08,0.000199996
0.607088,0.526577,-1.51261,0.605783,0.520408,-1.51153,-0.00261181,-0.0215225,-0.0206085,23.8509,0.000200009,2.19903e-10,-9.94163e-07,2.19903e-10,0.0002,-2.10988e-08,-9.94163e-07,-2.10988e-08,0.000199996
0.606847,0.529368,-1.51648,0.611868,0.533731,-1.52683,-0.00115308,-0.020632,-0.0234756,23.0197,0.000200008,1.2308e-09,-8.53651e-07,1.2308e-09,0.0002,-2.06558e-07,-8.53651e-07,-2.06558e-07,0.000199997
0.606098,0.531115,-1.51938,0.611714,0.533867,-1.52654,0.000197747,-0.0196853,-0.0253846,22.9542,0.000200006,2.05126e-09,-6.81568e-07,2.05126e-09,0.000200001,-4.08643e-07,-6.81568e-07,-4.08643e-07,0.000199997
0.605219,0.531605,-1.52176,0.611703,0.533529,-1.52678,0.00181929,-0.0191953,-0.0267579,22.9517,0.000200003,2.09075e-09,-4.37111e-07,2.09075e-09,0.000200002,-5.81895e-07,-4.37111e-07,-5.81895e-07,0.000199998
0.604414,0.531822,-1.52376,0.611902,0.533522,-1.52669,0.00371409,-0.0186783,-0.0277648,23.0443,0.000200002,1.71238e-09,-2.53138e-07,1.71238e-09,0.000200004,-7.15269e-07,-2.53138e-07,-7.15269e-07,0.000199998
0.603622,0.531715,-1.52529,0.611695,0.533352,-1.52663,0.00572201,-0.0181855,-0.028292,23.0356,0.000200001,1.03214e-09,-9.61007e-08,1.03214e-09,0.000200005,-8.17583e-07,-9.61007e-08,-8.17583e-07,0.000199998
0.601557,0.53137,-1.53109,0.604833,0.532604,-1.54824,0.00655678,-0.01773,-0.0320895,25.2121,0.000200001,2.6513e-10,2.45877e-08,2.6513e-10,0.000200006,-8.92486e-07,2.45877e-08,-8.92486e-07,0.000199998
0.599937,0.530843,-1.53565,0.605326,0.531522,-1.54915,0.00783678,-0.0174568,-0.0356533,25.8063,0.000200001,-4.27752e-10,1.06998e-07,-4.27752e-10,0.000200007,-9.50828e-07,1.06998e-07,-9.50828e-07,0.000199997
0.598674,0.530336,-1.53942,0.605441,0.531428,-1.5494,0.00947403,-0.0170639,-0.0384192,25.7523,0.0002,-1.04762e-09,1.69823e-07,-1.04762e-09,0.000200008,-9.86481e-07,1.69823e-07,-9.86481e-07,0.000199997
0.597717,0.529898,-1.54246,0.60588,0.531189,-1.54986,0.0115173,-0.0166019,-0.0394586,25.9558,0.0002,-1.51358e-09,2.07089e-07,-1.51358e-09,0.000200009,-1.01482e-06,2.07089e-07,-1.01482e-06,0.000199997
0.596949,0.529577,-1.54489,0.605868,0.531419,-1.54987,0.0137487,-0.016023,-0.0408927,25.7557,0.000200001,-1.87717e-09,2.33176e-07,-1.87717e-09,0.000200009,-1.03316e-06,2.33176e-07,-1.03316e-06,0.000199997
0.596335,0.529201,-1.54704,0.60598,0.531022,-1.55022,0.016135,-0.0154991,-0.0420374,25.806,0.000200001,-2.19019e-09,2.55763e-07,-2.19019e-09,0.00020001,-1.0484e-06,2.55763e-07,-1.0484e-06,0.000199996
0.59254,0.528261,-1.55035,0.589319,0.527601,-1.55915,0.0152396,-0.0155388,-0.0443489,26.9942,0.000200001,-2.37045e-09,2.64261e-07,-2.37045e-09,0.00020001,-1.05336e-06,2.64261e-07,-1.05336e-06,0.000199996
0.589341,0.527439,-1.55312,0.588671,0.52739,-1.5588,0.0150414,-0.0153614,-0.0451197,27.3615,0.000200001,-2.5326e-09,2.73543e-07,-2.5326e-09,0.00020001,-1.0619e-06,2.73543e-07,-1.0619e-06,0.000199996
0.586815,0.526876,-1.5552,0.58868,0.527686,-1.55844,0.015415,-0.0150242,-0.0462002,26.9849,0.000200001,-2.59688e-09,2.73252e-07,-2.59688e-09,0.00020001,-1.06262e-06,2.73252e-07,-1.06262e-06,0.000199996
0.584686,0.525664,-1.55669,0.588289,0.528337,-1.55818,0.016286,-0.0144356,-0.0466875,26.8979,0.000200001,-3.644e-09,4.1535e-07,-3.644e-09,0.000200011,-1.068e-06,4.1535e-07,-1.068e-06,0.000199996
0.583103,0.524111,-1.55806,0.588707,0.527898,-1.55876,0.0175034,-0.0131894,-0.0470554,26.912,0.000200003,-5.00809e-09,5.85588e-07,-5.00809e-09,0.000200011,-1.06569e-06,5.85588e-07,-1.06569e-06,0.000199995
0.581815,0.521878,-1.55902,0.58898,0.5273,-1.55938,0.0192153,-0.0117224,-0.0470178,27.3315,0.000200005,-7.09886e-09,8.33821e-07,-7.09886e-09,0.000200011,-1.07649e-06,8.33821e-07,-1.07649e-06,0.000199995
0.5776,0.517735,-1.56236,0.57365,0.515668,-1.57096,0.0178999,-0.0119652,-0.0493599,29.4236,0.000200008,-8.88997e-09,9.99164e-07,-8.88997e-09,0.000200011,-1.10093e-06,9.99164e-07,-1.10093e-06,0.000199994
0.574121,0.514318,-1.5657,0.57346,0.515883,-1.57049,0.0175213,-0.0113824,-0.0507032,29.4317,0.00020001,-1.05177e-08,1.12709e-06,-1.05177e-08,0.000200012,-1.12862e-06,1.12709e-06,-1.12862e-06,0.000199993
0.571385,0.512128,-1.56843,0.573421,0.515807,-1.57077,0.0177848,-0.0100725,-0.0504339,29.4359,0.000200011,-1.10182e-08,1.11902e-06,-1.10182e-08,0.000200012,-1.13802e-06,1.11902e-06,-1.13802e-06,0.000199992
0.569482,0.510855,-1.57047,0.573924,0.515623,-1.57132,0.0190818,-0.00904537,-0.0514724,29.4243,0.00020001,-1.05179e-08,1.03116e-06,-1.05179e-08,0.000200012,-1.11441e-06,1.03116e-06,-1.11441e-06,0.000199992
0.56778,0.510843,-1.57088,0.573625,0.516227,-1.57062,0.0203798,-0.00745681,-0.0508838,29.4749,0.000200007,-9.17036e-09,8.33433e-07,-9.17036e-09,0.000200012,-1.11822e-06,8.33433e-07,-1.11822e-06,0.000199993
0.566498,0.511091,-1.57107,0.57344,0.516074,-1.57022,0.0221981,-0.00600921,-0.0510689,29.516,0.000200005,-7.66572e-09,6.60821e-07,-7.66572e-09,0.000200011,-1.10198e-06,6.60821e-07,-1.10198e-06,0.000199993
0.561748,0.508217,-1.57259,0.554947,0.499599,-1.57905,0.020448,-0.00798306,-0.0525938,29.0607,0.000200004,-6.2867e-09,5.16432e-07,-6.2867e-09,0.000200011,-1.09494e-06,5.16432e-07,-1.09494e-06,0.000199994
0.557837,0.506238,-1.57366,0.554334,0.50029,-1.57793,0.0195375,-0.00926241,-0.0536552,29.0103,0.000200003,-5.03277e-09,3.94475e-07,-5.03277e-09,0.000200011,-1.08884e-06,3.94475e-07,-1.08884e-06,0.000199994
0.554717,0.504743,-1.57425,0.554213,0.500465,-1.57763,0.0193172,-0.0102566,-0.0542544,29.0319,0.000200002,-4.02645e-09,3.0761e-07,-4.02645e-09,0.000200011,-1.07986e-06,3.0761e-07,-1.07986e-06,0.000199995
0.552118,0.503669,-1.57482,0.553802,0.500649,-1.57678,0.0198185,-0.0108305,-0.0548187,29.0713,0.000200001,-3.19723e-09,2.38042e-07,-3.19723e-09,0.000200011,-1.07753e-06,2.38042e-07,-1.07753e-06,0.000199995
0.549957,0.502806,-1.57514,0.553605,0.500944,-1.5761,0.0205575,-0.0111942,-0.0551355,29.1572,0.000200001,-2.67151e-09,2.03482e-07,-2.67151e-09,0.000200011,-1.0829e-06,2.03482e-07,-1.0829e-06,0.000199995
0.545742,0.501175,-1.57795,0.540705,0.496785,-1.58541,0.0192421,-0.0123249,-0.0569486,32.5422,0.000200001,-2.40845e-09,1.99695e-07,-2.40845e-09,0.000200011,-1.07119e-06,1.99695e-07,-1.07119e-06,0.000199996
0.54227,0.500111,-1.58023,0.540466,0.496956,-1.58523,0.0186699,-0.0126894,-0.0582271,32.4829,0.0002,-2.00923e-09,1.63778e-07,-2.00923e-09,0.000200011,-1.07213e-06,1.63778e-07,-1.07213e-06,0.000199996
0.539607,0.498928,-1.58211,0.540738,0.496885,-1.58491,0.0190071,-0.0131724,-0.0591126,32.8531,0.0002,-2.05667e-09,1.91005e-07,-2.05667e-09,0.000200011,-1.06316e-06,1.91005e-07,-1.06316e-06,0.000199996
0.537308,0.49812,-1.58343,0.54005,0.496981,-1.58428,0.0196082,-0.0132802,-0.0594336,32.5198,0.0002,-1.98401e-09,1.88968e-07,-1.98401e-09,0.000200011,-1.06244e-06,1.88968e-07,-1.06244e-06,0.000199996
0.535386,0.497447,-1.58446,0.539691,0.497213,-1.58383,0.0206856,-0.0131532,-0.0594639,32.5355,0.0002,-2.01689e-09,1.99017e-07,-2.01689e-09,0.000200011,-1.06394e-06,1.99017e-07,-1.06394e-06,0.000199996
0.533891,0.49697,-1.58521,0.53986,0.497566,-1.58374,0.0220914,-0.0128304,-0.0582071,32.5885,0.0002,-2.05635e-09,2.06809e-07,-2.05635e-09,0.000200011,-1.0633e-06,2.06809e-07,-1.0633e-06,0.000199996
0.529334,0.495746,-1.58774,0.523111,0.493143,-1.59313,0.020534,-0.0132539,-0.0597417,36.6187,0.0002,-2.05403e-09,2.06351e-07,-2.05403e-09,0.000200011,-1.06457e-06,2.06351e-07,-1.06457e-06,0.000199996
0.525555,0.494774,-1.58948,0.522399,0.493327,-1.59199,0.0196552,-0.0135258,-0.0604783,36.5991,0.0002,-2.07965e-09,2.10249e-07,-2.07965e-09,0.000200011,-1.06396e-06,2.10249e-07,-1.06396e-06,0.000199996
0.522421,0.493986,-1.5907,0.521896,0.493215,-1.59081,0.019521,-0.0135139,-0.0606959,36.625,0.0002,-2.08559e-09,2.10314e-07,-2.08559e-09,0.000200011,-1.06538e-06,2.10314e-07,-1.06538e-06,0.000199996
0.520161,0.493369,-1.5979,0.523078,0.493354,-1.59307,0.0202611,-0.013331,-0.0598999,36.5902,0.0002,-2.07787e-09,2.08857e-07,-2.07787e-09,0.000200011,-1.06526e-06,2.08857e-07,-1.06526e-06,0.000199996
0.518742,0.492543,-1.61222,0.525345,0.491558,-1.59774,0.0218425,-0.0134567,-0.056215,36.5923,0.0002,-2.01403e-09,1.97641e-07,-2.01403e-09,0.000200011,-1.07642e-06,1.97641e-07,-1.07642e-06,0.000199996
0.517922,0.49158,-1.62413,0.527037,0.489711,-1.60131,0.0241217,-0.0137196,-0.0501262,36.4714,0.0002,-1.878e-09,1.77937e-07,-1.878e-09,0.000200011,-1.08741e-06,1.77937e-07,-1.08741e-06,0.000199996
0.513934,0.491001,-1.64358,0.510589,0.490404,-1.64427,0.0232338,-0.0137986,-0.0505847,40.5456,0.0002,-1.74704e-09,1.61237e-07,-1.74704e-09,0.000200011,-1.10032e-06,1.61237e-07,-1.10032e-06,0.000199996
0.511032,0.490313,-1.65889,0.51204,0.488902,-1.64807,0.0234325,-0.0139867,-0.0478929,40.8587,0.0002,-1.54294e-09,1.36408e-07,-1.54294e-09,0.000200011,-1.10876e-06,1.36408e-07,-1.10876e-06,0.000199996
0.508893,0.489631,-1.66434,0.512888,0.488403,-1.64962,0.0244934,-0.0141691,-0.0443373,40.8353,0.0002,-1.44058e-09,1.28413e-07,-1.44058e-09,0.000200011,-1.11197e-06,1.28413e-07,-1.11197e-06,0.000199996
0.507118,0.489164,-1.66318,0.512409,0.488693,-1.6484,0.0257177,-0.0142358,-0.0401805,40.8885,0.0002,-1.35675e-09,1.22552e-07,-1.35675e-09,0.000200011,-1.10874e-06,1.22552e-07,-1.10874e-06,0.000199996
0.505596,0.488851,-1.66104,0.511866,0.489163,-1.64773,0.0272961,-0.0140486,-0.0370417,40.4941,0.0002,-1.34052e-09,1.25037e-07,-1.34052e-09,0.000200011,-1.10535e-06,1.25037e-07,-1.10535e-06,0.000199996
0.499671,0.489075,-1.66716,0.488125,0.491247,-1.68682,0.0243705,-0.0133247,-0.0421553,43.5073,0.0002,-1.31262e-09,1.24707e-07,-1.31262e-09,0.000200011,-1.09599e-06,1.24707e-07,-1.09599e-06,0.000199996
0.494944,0.489398,-1.67188,0.488219,0.492139,-1.68663,0.0227437,-0.0125015,-0.045881,42.7274,0.0002,-1.32593e-09,1.28955e-07,-1.32593e-09,0.000200011,-1.09092e-06,1.28955e-07,-1.09092e-06,0.000199996
0.49105,0.489741,-1.67548,0.487535,0.49233,-1.68574,0.0217503,-0.0117592,-0.0484818,42.4114,0.0002,-1.27619e-09,1.23408e-07,-1.27619e-09,0.000200011,-1.08382e-06,1.23408e-07,-1.08382e-06,0.000199996
0.487794,0.489969,-1.67811,0.48684,0.492189,-1.6845,0.0215941,-0.0110314,-0.0501139,43.1591,0.0002,-1.25223e-09,1.21854e-07,-1.25223e-09,0.000200011,-1.07978e-06,1.21854e-07,-1.07978e-06,0.000199996
0.485115,0.490286,-1.67996,0.486461,0.49275,-1.6832,0.0218154,-0.0102136,-0.0509592,42.8459,0.0002,-1.20347e-09,1.16459e-07,-1.20347e-09,0.000200011,-1.07694e-06,1.16459e-07,-1.07694e-06,0.000199996
0.482883,0.490548,-1.68142,0.486026,0.492883,-1.68311,0.0226828,-0.00955157,-0.0514172,43.1398,0.0002,-1.18539e-09,1.15677e-07,-1.18539e-09,0.000200011,-1.07557e-06,1.15677e-07,-1.07557e-06,0.000199996
0.478137,0.490294,-1.68493,0.471165,0.490337,-1.69517,0.0208371,-0.00930577,-0.0539308,43.5615,0.0002,-1.13304e-09,1.09761e-07,-1.13304e-09,0.000200011,-1.07249e-06,1.09761e-07,-1.07249e-06,0.000199996
0.474407,0.489117,-1.69575,0.471979,0.489713,-1.69713,0.0202067,-0.00928254,-0.053754,44.2415,0.0002,-2.0336e-09,2.36039e-07,-2.0336e-09,0.000200011,-1.08787e-06,2.36039e-07,-1.08787e-06,0.000199996
0.471717,0.487346,-1.70982,0.473838,0.487864,-1.70102,0.0206174,-0.00875443,-0.0518237,44.9238,0.000200001,-3.29698e-09,3.85734e-07,-3.29698e-09,0.000200011,-1.11287e-06,3.85734e-07,-1.11287e-06,0.000199996
0.469887,0.484662,-1.72413,0.476375,0.486129,-1.70612,0.0221873,-0.00843846,-0.0471291,45.5673,0.000200003,-5.50686e-09,6.24757e-07,-5.50686e-09,0.000200012,-1.16351e-06,6.24757e-07,-1.16351e-06,0.000199995
0.468919,0.481965,-1.73609,0.479048,0.484027,-1.71224,0.0245194,-0.00783519,-0.0410936,47.1298,0.000200005,-7.49431e-09,7.97072e-07,-7.49431e-09,0.000200013,-1.20361e-06,7.97072e-07,-1.20361e-06,0.000199994
0.468545,0.479089,-1.74755,0.481583,0.482023,-1.71755,0.027745,-0.00711143,-0.0335493,47.8529,0.000200007,-9.56383e-09,9.55616e-07,-9.56383e-09,0.000200014,-1.24971e-06,9.55616e-07,-1.24971e-06,0.000199993
0.463065,0.476827,-1.76686,0.455905,0.481856,-1.77162,0.0258647,-0.0056731,-0.0348572,52.6506,0.000200009,-1.11531e-08,1.05464e-06,-1.11531e-08,0.000200015,-1.27921e-06,1.05464e-06,-1.27921e-06,0.000199992
0.45898,0.474686,-1.78414,0.457925,0.480863,-1.77733,0.0254798,-0.00411364,-0.0331389,52.6041,0.000200011,-1.26425e-08,1.13541e-06,-1.26425e-08,0.000200016,-1.31809e-06,1.13541e-06,-1.31809e-06,0.000199991
0.456064,0.4728,-1.7978,0.459527,0.479499,-1.78128,0.0262644,-0.00230048,-0.029796,52.5746,0.000200012,-1.35802e-08,1.16936e-06,-1.35802e-08,0.000200016,-1.3393e-06,1.16936e-06,-1.3393e-06,0.00019999
0.454216,0.471726,-1.81067,0.461317,0.477954,-1.78567,0.0281159,-0.00047368,-0.0236736,53.0027,0.000200011,-1.30307e-08,1.06931e-06,-1.30307e-08,0.000200016,-1.33251e-06,1.06931e-06,-1.33251e-06,0.00019999
0.452951,0.471448,-1.81462,0.461861,0.477726,-1.78721,0.0303509,0.00094825,-0.0166177,53.5389,0.000200009,-1.1576e-08,9.0874e-07,-1.1576e-08,0.000200016,-1.30721e-06,9.0874e-07,-1.30721e-06,0.000199991
0.451922,0.472177,-1.81022,0.460897,0.478587,-1.78438,0.0326217,0.0025771,-0.00922365,53.0852,0.000200006,-9.27679e-09,6.86022e-07,-9.27679e-09,0.000200015,-1.25929e-06,6.86022e-07,-1.25929e-06,0.000199991
0.44485,0.470844,-1.81697,0.429366,0.467275,-1.83883,0.0286503,0.00174426,-0.0149653,59.5983,0.000200004,-7.156e-09,5.00219e-07,-7.156e-09,0.000200014,-1.21342e-06,5.00219e-07,-1.21342e-06,0.000199992
0.439164,0.469927,-1.82194,0.42889,0.467176,-1.83866,0.0260639,0.00102661,-0.0189391,58.5792,0.000200003,-5.35975e-09,3.53186e-07,-5.35975e-09,0.000200013,-1.17449e-06,3.53186e-07,-1.17449e-06,0.000199993
0.43454,0.469397,-1.82574,0.428235,0.467143,-1.83775,0.0245397,0.000596863,-0.0227357,59.7209,0.000200002,-3.7816e-09,2.24149e-07,-3.7816e-09,0.000200013,-1.14125e-06,2.24149e-07,-1.14125e-06,0.000199994
0.430381,0.469012,-1.82868,0.42593,0.467316,-1.8373,0.0233813,0.000211796,-0.0246824,58.6019,0.000200001,-2.63126e-09,1.40088e-07,-2.63126e-09,0.000200012,-1.11997e-06,1.40088e-07,-1.11997e-06,0.000199995
0.426887,0.468796,-1.83658,0.424871,0.46742,-1.83645,0.0228866,-3.72748e-06,-0.0245848,59.2339,0.000200001,-1.68785e-09,7.01179e-08,-1.68785e-09,0.000200012,-1.09944e-06,7.01179e-08,-1.09944e-06,0.000199995
0.424968,0.46874,-1.85473,0.42944,0.467564,-1.85651,0.0239681,-0.000260471,-0.0247277,47.4696,0.0002,-8.91073e-10,8.03316e-09,-8.91073e-10,0.000200011,-1.09169e-06,8.03316e-09,-1.09169e-06,0.000199995
0.423683,0.468482,-1.87005,0.430817,0.466085,-1.86184,0.0257832,-0.00081844,-0.0230535,49.4975,0.0002,-2.04922e-10,-4.71315e-08,-2.04922e-10,0.000200011,-1.09049e-06,-4.71315e-08,-1.09049e-06,0.000199996
0.423034,0.468165,-1.88447,0.432735,0.465173,-1.86689,0.028234,-0.00153546,-0.0184675,50.1242,0.0002,3.94771e-10,-9.65229e-08,3.94771e-10,0.000200011,-1.08989e-06,-9.65229e-08,-1.08989e-06,0.000199996
0.422972,0.467699,-1.8961,0.435004,0.463986,-1.87119,0.0311721,-0.00250107,-0.0130958,51.2934,0.0002,8.69047e-10,-1.33404e-07,8.69047e-10,0.000200011,-1.08858e-06,-1.33404e-07,-1.08858e-06,0.000199996
0.423358,0.467162,-1.90715,0.437271,0.463031,-1.87614,0.0346585,-0.00353763,-0.00515149,52.4506,0.0002,1.25798e-09,-1.63069e-07,1.25798e-09,0.000200011,-1.09002e-06,-1.63069e-07,-1.09002e-06,0.000199996
0.42391,0.466575,-1.91587,0.438466,0.461967,-1.88028,0.0383099,-0.00472507,0.00412932,53.2726,0.0002,1.60476e-09,-1.91309e-07,1.60476e-09,0.000200011,-1.08998e-06,-1.91309e-07,-1.08998e-06,0.000199996
0.420702,0.465597,-1.9344,0.419978,0.459084,-1.97365,0.038102,-0.00630298,-0.00640267,55.7911,0.0002,1.78918e-09,-2.00573e-07,1.78918e-09,0.000200011,-1.08594e-06,-2.00573e-07,-1.08594e-06,0.000199996
0.418353,0.464691,-1.94452,0.420869,0.458468,-1.97615,0.0387532,-0.00780914,-0.0135226,55.7442,0.0002,1.90124e-09,-2.05552e-07,1.90124e-09,0.000200011,-1.07725e-06,-2.05552e-07,-1.07725e-06,0.000199996
0.416673,0.463896,-1.95192,0.421713,0.458142,-1.97805,0.0400725,-0.00920449,-0.0199206,56.0936,0.0002,1.96897e-09,-2.08637e-07,1.96897e-09,0.000200011,-1.06687e-06,-2.08637e-07,-1.06687e-06,0.000199996
0.415452,0.463231,-1.95799,0.422152,0.457954,-1.97974,0.0417519,-0.0103689,-0.0259868,55.9858,0.0002,2.0215e-09,-2.12988e-07,2.0215e-09,0.000200011,-1.05429e-06,-2.12988e-07,-1.05429e-06,0.000199996
0.41454,0.462657,-1.96317,0.422605,0.457756,-1.98076,0.0437403,-0.0115433,-0.0301725,55.9561,0.0002,2.06537e-09,-2.16222e-07,2.06537e-09,0.00020001,-1.05018e-06,-2.16222e-07,-1.05018e-06,0.000199996
0.413928,0.461997,-1.96748,0.423084,0.456755,-1.98222,0.0460283,-0.0127028,-0.0334849,55.9251,0.0002,2.09479e-09,-2.18874e-07,2.09479e-09,0.00020001,-1.04399e-06,-2.18874e-07,-1.04399e-06,0.000199996
0.407429,0.46409,-1.97726,0.393011,0.469837,-1.97253,0.0425292,-0.0112098,-0.0322602,48.3028,0.0002,2.16947e-09,-2.29128e-07,2.16947e-09,0.00020001,-1.03747e-06,-2.29128e-07,-1.03747e-06,0.000199996
0.40241,0.465816,-1.98957,0.394056,0.469873,-1.97337,0.0404099,-0.0100839,-0.0285653,47.6264,0.000200001,2.30948e-09,-2.4718e-07,2.30948e-09,0.00020001,-1.03671e-06,-2.4718e-07,-1.03671e-06,0.000199996
0.398469,0.467162,-2.00135,0.394603,0.469537,-1.97483,0.0394687,-0.00953801,-0.0223506,48.3566,0.000200001,2.48168e-09,-2.66961e-07,2.48168e-09,0.00020001,-1.04091e-06,-2.66961e-07,-1.04091e-06,0.000199996
0.395484,0.468291,-2.01044,0.395361,0.469444,-1.97601,0.0393836,-0.00920941,-0.0134439,49.0392,0.000200001,2.69374e-09,-2.92197e-07,2.69374e-09,0.00020001,-1.04022e-06,-2.92197e-07,-1.04022e-06,0.000199996
0.39318,0.469068,-2.01885,0.396003,0.468759,-1.97784,0.0400796,-0.00933222,-0.00384575,49.4802,0.000200001,2.89377e-09,-3.12058e-07,2.89377e-09,0.00020001,-1.04614e-06,-3.12058e-07,-1.04614e-06,0.000199996
0.384442,0.470798,-2.03083,0.361253,0.474001,-2.00896,0.0342423,-0.0086019,0.00216675,58.8577,0.000200001,3.06283e-09,-3.2978e-07,3.06283e-09,0.00020001,-1.04217e-06,-3.2978e-07,-1.04217e-06,0.000199996
0.377509,0.472157,-2.0416,0.361654,0.473848,-2.00975,0.0303088,-0.00824295,0.00940186,57.9791,0.000200001,3.21789e-09,-3.44597e-07,3.21789e-09,0.00020001,-1.04246e-06,-3.44597e-07,-1.04246e-06,0.000199996
0.372086,0.473169,-2.04943,0.362201,0.473294,-2.01091,0.0277861,-0.0082307,0.0195748,59.2115,0.000200001,3.3708e-09,-3.60645e-07,3.3708e-09,0.00020001,-1.03977e-06,-3.60645e-07,-1.03977e-06,0.000199996
0.36758,0.474037,-2.04839,0.36138,0.473828,-2.00932,0.0261796,-0.0084631,0.0286135,58.3874,0.000200001,3.41401e-09,-3.59963e-07,3.41401e-09,0.00020001,-1.03994e-06,-3.59963e-07,-1.03994e-06,0.000199996
0.363782,0.474866,-2.0418,0.360076,0.474534,-2.0072,0.0251816,-0.00873441,0.0372021,56.92,0.000200001,3.38727e-09,-3.54945e-07,3.38727e-09,0.00020001,-1.03041e-06,-3.54945e-07,-1.03041e-06,0.000199996
0.360615,0.475602,-2.03518,0.359447,0.47518,-2.00618,0.0248148,-0.00899751,0.0448179,56.5418,0.000200001,3.29339e-09,-3.41195e-07,3.29339e-09,0.00020001,-1.02536e-06,-3.41195e-07,-1.02536e-06,0.000199996
0.354659,0.477338,-2.04386,0.342109,0.480709,-2.077,0.0216589,-0.00816158,0.0371374,53.6946,0.000200001,3.16902e-09,-3.26075e-07,3.16902e-09,0.00020001,-1.0191e-06,-3.26075e-07,-1.0191e-06,0.000199996
0.349922,0.478719,-2.05093,0.342161,0.48059,-2.07729,0.0197218,-0.00778136,0.0300716,53.6925,0.000200001,3.09178e-09,-3.20312e-07,3.09178e-09,0.00020001,-1.01184e-06,-3.20312e-07,-1.01184e-06,0.000199996
0.346039,0.479917,-2.06239,0.341828,0.480627,-2.07711,0.018539,-0.00758259,0.0266131,53.7561,0.000200001,3.16546e-09,-3.35583e-07,3.16546e-09,0.00020001,-1.00979e-06,-3.35583e-07,-1.00979e-06,0.000199996
0.343053,0.480802,-2.07937,0.342091,0.480525,-2.07745,0.0183527,-0.0078979,0.0266321,53.731,0.000200001,3.18462e-09,-3.43379e-07,3.18462e-09,0.000200009,-9.95407e-07,-3.43379e-07,-9.95407e-07,0.000199996
0.340615,0.481635,-2.09295,0.342381,0.480428,-2.07777,0.0187152,-0.00826479,0.0310467,53.707,0.000200001,3.40596e-09,-3.74423e-07,3.40596e-09,0.000200009,-1.00178e-06,-3.74423e-07,-1.00178e-06,0.000199996
0.338751,0.482361,-2.10481,0.342621,0.480362,-2.07826,0.0196514,-0.00883929,0.0371918,53.6489,0.000200001,3.65505e-09,-4.08389e-07,3.65505e-09,0.000200009,-9.98294e-07,-4.08389e-07,-9.98294e-07,0.000199996
0.333803,0.48391,-2.11853,0.325241,0.485467,-2.13152,0.017403,-0.00858964,0.0344706,56.0987,0.000200001,3.7265e-09,-4.11077e-07,3.7265e-09,0.000200009,-9.9783e-07,-4.11077e-07,-9.9783e-07,0.000199996
0.329853,0.485363,-2.12265,0.325031,0.486282,-2.13088,0.0161529,-0.00843681,0.0323509,55.6108,0.000200002,3.79357e-09,-4.18727e-07,3.79357e-09,0.000200009,-9.90274e-07,-4.18727e-07,-9.90274e-07,0.000199996
0.326668,0.486394,-2.12483,0.32486,0.486052,-2.13069,0.0156675,-0.00860578,0.0301721,55.2965,0.000200002,3.74859e-09,-4.09991e-07,3.74859e-09,0.000200009,-9.84016e-07,-4.09991e-07,-9.84016e-07,0.000199996
0.324128,0.487246,-2.1263,0.324808,0.48623,-2.13061,0.015828,-0.00895369,0.0296994,55.3326,0.000200002,3.69328e-09,-4.0326e-07,3.69328e-09,0.000200009,-9.76853e-07,-4.0326e-07,-9.76853e-07,0.000199996
0.322101,0.487918,-2.12749,0.324714,0.485991,-2.13065,0.0164009,-0.00948201,0.0285132,55.3381,0.000200002,3.67874e-09,-4.05246e-07,3.67874e-09,0.000200009,-9.68469e-07,-4.05246e-07,-9.68469e-07,0.000199996
0.320459,0.488348,-2.12839,0.32478,0.485722,-2.13043,0.017459,-0.0102515,0.0286077,55.7416,0.000200001,3.62931e-09,-3.98257e-07,3.62931e-09,0.000200009,-9.68327e-07,-3.98257e-07,-9.68327e-07,0.000199996
0.317784,0.490449,-2.14549,0.317604,0.494138,-2.18338,0.0173844,-0.00935074,0.0185111,50.915,0.000200002,3.61077e-09,-4.01063e-07,3.61077e-09,0.000200009,-9.58228e-07,-4.01063e-07,-9.58228e-07,0.000199996
0.315737,0.492156,-2.16721,0.318452,0.494065,-2.18487,0.0180371,-0.00884421,0.01379,51.2332,0.000200002,3.70852e-09,-4.16643e-07,3.70852e-09,0.000200009,-9.60924e-07,-4.16643e-07,-9.60924e-07,0.000199996
0.314368,0.49359,-2.18458,0.319625,0.49402,-2.18643,0.0193684,-0.0088098,0.0134186,51.2172,0.000200002,3.86388e-09,-4.41928e-07,3.86388e-09,0.000200009,-9.55655e-07,-4.41928e-07,-9.55655e-07,0.000199996
0.313892,0.494682,-2.20043,0.322833,0.493503,-2.19045,0.0214921,-0.00911816,0.0155736,51.6066,0.000200002,4.05589e-09,-4.68505e-07,4.05589e-09,0.000200009,-9.54418e-07,-4.68505e-07,-9.54418e-07,0.000199996
0.313721,0.495558,-2.21262,0.323688,0.49331,-2.19218,0.0240205,-0.00974198,0.0213774,51.9593,0.000200002,4.23069e-09,-4.9362e-07,4.23069e-09,0.000200008,-9.46403e-07,-4.9362e-07,-9.46403e-07,0.000199996
0.309299,0.497937,-2.22312,0.302224,0.501649,-2.23113,0.0221993,-0.00896291,0.0188827,60.7908,0.000200002,4.33038e-09,-5.03026e-07,4.33038e-09,0.000200008,-9.44413e-07,-5.03026e-07,-9.44413e-07,0.000199996
0.305752,0.499877,-2.22602,0.301961,0.501797,-2.23066,0.0211518,-0.00842258,0.0179771,60.3475,0.000200002,4.3796e-09,-5.08559e-07,4.3796e-09,0.000200008,-9.37349e-07,-5.08559e-07,-9.37349e-07,0.000199996
0.302927,0.50138,-2.22735,0.301901,0.501815,-2.23044,0.0209268,-0.00842038,0.0166487,59.9232,0.000200002,4.34638e-09,-5.03436e-07,4.34638e-09,0.000200008,-9.28877e-07,-5.03436e-07,-9.28877e-07,0.000199996
0.300645,0.50257,-2.22822,0.301789,0.501752,-2.23012,0.0211451,-0.00862992,0.016778,59.9685,0.000200002,4.318e-09,-5.00542e-07,4.318e-09,0.000200008,-9.23246e-07,-5.00542e-07,-9.23246e-07,0.000199996
0.298806,0.503521,-2.22888,0.301709,0.501811,-2.23023,0.0219064,-0.00917935,0.0161228,59.9157,0.000200002,4.28015e-09,-4.96564e-07,4.28015e-09,0.000200008,-9.19196e-07,-4.96564e-07,-9.19196e-07,0.000199996
0.297352,0.504303,-2.22939,0.301642,0.501899,-2.23019,0.022952,-0.00979691,0.0156056,59.9256,0.000200002,4.23943e-09,-4.94842e-07,4.23943e-09,0.000200008,-9.11714e-07,-4.94842e-07,-9.11714e-07,0.000199996
0.295333,0.506936,-2.24172,0.297296,0.511591,-2.29034,0.0234329,-0.00856401,0.00428406,53.4566,0.000200002,4.22982e-09,-4.9594e-07,4.22982e-09,0.000200008,-9.09553e-07,-4.9594e-07,-9.09553e-07,0.000199996
0.294038,0.509116,-2.25228,0.298759,0.512023,-2.29291,0.0246377,-0.00778376,-0.00627868,53.7268,0.000200002,4.20405e-09,-4.96215e-07,4.20405e-09,0.000200008,-9.02955e-07,-4.96215e-07,-9.02955e-07,0.000199996
0.293297,0.510777,-2.2611,0.300277,0.511466,-2.29602,0.026397,-0.00762321,-0.0150961,54.041,0.000200002,4.21912e-09,-5.01814e-07,4.21912e-09,0.000200008,-8.99526e-07,-5.01814e-07,-8.99526e-07,0.000199996
0.292682,0.511669,-2.26906,0.30195,0.511651,-2.29964,0.0285824,-0.0076305,-0.0230634,54.6933,0.000200002,3.94823e-09,-4.30281e-07,3.94823e-09,0.000200008,-9.53501e-07,-4.30281e-07,-9.53501e-07,0.000199996
0.291902,0.511666,-2.27594,0.30333,0.511163,-2.30281,0.0316022,-0.00753353,-0.0289435,55.928,0.000200001,3.23161e-09,-2.85378e-07,3.23161e-09,0.00020001,-1.07732e-06,-2.85378e-07,-1.07732e-06,0.000199996
0.291137,0.511231,-2.282,0.304668,0.511019,-2.3059,0.0349368,-0.00736925,-0.0350005,56.2812,0.000200001,2.10896e-09,-1.27859e-07,2.10896e-09,0.000200012,-1.22104e-06,-1.27859e-07,-1.22104e-06,0.000199996
0.288139,0.51257,-2.2899,0.294689,0.520922,-2.32078,0.0365393,-0.00513035,-0.0428978,60.1118,0.0002,6.47235e-10,2.2492e-08,6.47235e-10,0.000200016,-1.37457e-06,2.2492e-08,-1.37457e-06,0.000199995
0.285974,0.513923,-2.2969,0.295869,0.521375,-2.32356,0.0390743,-0.00287729,-0.0498977,59.9993,0.0002,-3.31343e-10,8.73609e-08,-3.31343e-10,0.000200018,-1.47299e-06,8.73609e-08,-1.47299e-06,0.000199994
0.284144,0.514782,-2.30279,0.296914,0.521368,-2.32566,0.0421444,-0.00101798,-0.0557877,60.3985,0.0002,-1.50424e-09,1.63835e-07,-1.50424e-09,0.000200021,-1.58477e-06,1.63835e-07,-1.58477e-06,0.000199993
0.282945,0.515548,-2.30794,0.297621,0.520807,-2.32727,0.0457447,0.000747653,-0.0599449,60.9364,0.0002,-2.07936e-09,1.81308e-07,-2.07936e-09,0.000200023,-1.63672e-06,1.81308e-07,-1.63672e-06,0.000199992
0.281885,0.515982,-2.3122,0.298065,0.520793,-2.32826,0.0497847,0.00218218,-0.0642036,61.5078,0.0002,-2.8323e-09,2.19673e-07,-2.8323e-09,0.000200025,-1.7002e-06,2.19673e-07,-1.7002e-06,0.000199991
0.277856,0.517581,-2.31911,0.281611,0.526288,-2.346,0.0506556,0.0047807,-0.0711083,59.8528,0.0002,-3.14807e-09,2.23824e-07,-3.14807e-09,0.000200026,-1.72275e-06,2.23824e-07,-1.72275e-06,0.000199991
0.274517,0.518703,-2.32486,0.281707,0.525823,-2.34652,0.0523166,0.00700341,-0.0768589,59.8675,0.0002,-3.49148e-09,2.34815e-07,-3.49148e-09,0.000200028,-1.75896e-06,2.34815e-07,-1.75896e-06,0.00019999
0.272457,0.520151,-2.32962,0.282132,0.526162,-2.34735,0.0548571,0.00905081,-0.0806221,59.8282,0.0002,-2.7321e-09,1.63229e-07,-2.7321e-09,0.000200027,-1.6983e-06,1.63229e-07,-1.6983e-06,0.00019999
0.271372,0.521629,-2.33368,0.2825,0.525779,-2.34796,0.0575716,0.0103289,-0.0846776,59.8219,0.0002,-1.4052e-09,5.23845e-08,-1.4052e-09,0.000200024,-1.58172e-06,5.23845e-08,-1.58172e-06,0.00019999
0.271148,0.523255,-2.33701,0.282971,0.525877,-2.34903,0.0605482,0.011255,-0.0880072,59.8291,0.0002,1.80114e-10,-8.74162e-08,1.80114e-10,0.000200021,-1.41934e-06,-8.74162e-08,-1.41934e-06,0.000199991
0.271319,0.52486,-2.33975,0.283221,0.526005,-2.34942,0.0637189,0.0118605,-0.089748,59.8369,0.0002,1.56905e-09,-2.22459e-07,1.56905e-09,0.000200017,-1.26772e-06,-2.22459e-07,-1.26772e-06,0.000199992
0.267606,0.526074,-2.34495,0.263411,0.525477,-2.36388,0.0627061,0.011874,-0.0949527,57.2204,0.000200001,2.46796e-09,-3.12603e-07,2.46796e-09,0.000200015,-1.1534e-06,-3.12603e-07,-1.1534e-06,0.000199993
0.264841,0.527245,-2.34896,0.263517,0.525473,-2.36403,0.0626411,0.0117451,-0.0989563,57.2409,0.000200001,3.20906e-09,-4.03592e-07,3.20906e-09,0.000200012,-1.05086e-06,-4.03592e-07,-1.05086e-06,0.000199994
0.262612,0.528163,-2.35208,0.263336,0.52544,-2.36362,0.0629122,0.0113627,-0.101077,57.2616,0.000200002,3.66549e-09,-4.60686e-07,3.66549e-09,0.000200011,-9.81995e-07,-4.60686e-07,-9.81995e-07,0.000199995
0.260902,0.528913,-2.35466,0.263384,0.52528,-2.36375,0.0637018,0.0106126,-0.103664,57.2027,0.000200002,3.97556e-09,-5.05472e-07,3.97556e-09,0.000200009,-9.27675e-07,-5.05472e-07,-9.27675e-07,0.000199995
0.259563,0.529573,-2.35661,0.263443,0.525496,-2.36376,0.0648628,0.00997309,-0.105608,57.2299,0.000200002,4.18187e-09,-5.37271e-07,4.18187e-09,0.000200008,-8.89997e-07,-5.37271e-07,-8.89997e-07,0.000199996
0.258484,0.530125,-2.3583,0.26332,0.525528,-2.3638,0.0661837,0.00902453,-0.107299,57.2715,0.000200003,4.3216e-09,-5.60649e-07,4.3216e-09,0.000200008,-8.63025e-07,-5.60649e-07,-8.63025e-07,0.000199996
0.25515,0.532248,-2.35642,0.250752,0.533848,-2.37687,0.06535,0.00974819,-0.111424,56.1258,0.000200003,4.38977e-09,-5.73985e-07,4.38977e-09,0.000200007,-8.42163e-07,-5.73985e-07,-8.42163e-07,0.000199996
0.252327,0.534062,-2.34711,0.250104,0.533872,-2.37557,0.0649274,0.00996211,-0.119107,56.0701,0.000200003,4.53364e-09,-5.9599e-07,4.53364e-09,0.000200007,-8.36314e-07,-5.9599e-07,-8.36314e-07,0.000199996
0.249928,0.535559,-2.3391,0.249069,0.533858,-2.3731,0.0650284,0.00995931,-0.127095,56.1225,0.000200003,4.63974e-09,-6.17201e-07,4.63974e-09,0.000200007,-8.22924e-07,-6.17201e-07,-8.22924e-07,0.000199996
0.247816,0.536851,-2.33152,0.248217,0.534147,-2.37107,0.0654161,0.009651,-0.137518,56.1611,0.000200004,4.75927e-09,-6.35319e-07,4.75927e-09,0.000200006,-8.19111e-07,-6.35319e-07,-8.19111e-07,0.000199996
0.245982,0.537794,-2.32549,0.247457,0.533665,-2.36936,0.0660816,0.00899395,-0.147495,56.2191,0.000200004,4.84748e-09,-6.47336e-07,4.84748e-09,0.000200006,-8.16065e-07,-6.47336e-07,-8.16065e-07,0.000199996
0.24432,0.538738,-2.31979,0.246444,0.53442,-2.36745,0.0669196,0.00833768,-0.159786,56.1917,0.000200004,4.9383e-09,-6.60406e-07,4.9383e-09,0.000200006,-8.13657e-07,-6.60406e-07,-8.13657e-07,0.000199996
0.239443,0.540445,-2.30638,0.228812,0.539476,-2.32075,0.0645429,0.00854528,-0.163381,60.5956,0.000200004,4.97964e-09,-6.65014e-07,4.97964e-09,0.000200006,-8.1083e-07,-6.65014e-07,-8.1083e-07,0.000199996
0.235246,0.541756,-2.29454,0.227551,0.53928,-2.31834,0.0629464,0.0083562,-0.169541,60.5473,0.000200004,5.01993e-09,-6.63495e-07,5.01993e-09,0.000200006,-8.17234e-07,-6.63495e-07,-8.17234e-07,0.000199996
0.231615,0.542863,-2.28528,0.226168,0.539642,-2.31587,0.0619153,0.00806346,-0.176275,60.6045,0.000200004,5.0328e-09,-6.59425e-07,5.0328e-09,0.000200006,-8.21524e-07,-6.59425e-07,-8.21524e-07,0.000199996
0.228538,0.543719,-2.27694,0.225358,0.539391,-2.31442,0.0614381,0.00751946,-0.185937,60.6571,0.000200004,5.06203e-09,-6.586e-07,5.06203e-09,0.000200006,-8.27043e-07,-6.586e-07,-8.27043e-07,0.000199996
0.225865,0.544383,-2.27054,0.224253,0.539556,-2.3126,0.0613646,0.00678278,-0.196538,60.5651,0.000200004,5.02773e-09,-6.48838e-07,5.02773e-09,0.000200006,-8.29263e-07,-6.48838e-07,-8.29263e-07,0.000199996
0.221449,0.546798,-2.24762,0.213328,0.549226,-2.22739,0.0596487,0.00789804,-0.190619,55.5678,0.000200004,5.03973e-09,-6.44668e-07,5.03973e-09,0.000200006,-8.37631e-07,-6.44668e-07,-8.37631e-07,0.000199996
0.217449,0.548694,-2.22934,0.210859,0.549312,-2.22354,0.0583487,0.00849388,-0.189336,55.588,0.000200004,4.97854e-09,-6.31356e-07,4.97854e-09,0.000200007,-8.40169e-07,-6.31356e-07,-8.40169e-07,0.000199996
0.213964,0.550178,-2.21358,0.209677,0.549123,-2.22103,0.0575639,0.00877833,-0.191575,55.6746,0.000200004,4.95884e-09,-6.21065e-07,4.95884e-09,0.000200007,-8.51367e-07,-6.21065e-07,-8.51367e-07,0.000199996
0.21083,0.55139,-2.20099,0.20793,0.549408,-2.2186,0.0571295,0.00889024,-0.195988,55.5816,0.000200004,4.9076e-09,-6.07717e-07,4.9076e-09,0.000200007,-8.59022e-07,-6.07717e-07,-8.59022e-07,0.000199996
0.208145,0.552346,-2.19011,0.207096,0.549408,-2.21709,0.0571452,0.00864574,-0.202108,55.6827,0.000200003,4.85447e-09,-5.95002e-07,4.85447e-09,0.000200007,-8.66673e-07,-5.95002e-07,-8.66673e-07,0.000199996
0.205813,0.553057,-2.18182,0.206138,0.549276,-2.21537,0.0576135,0.0083573,-0.210822,55.6701,0.000200003,4.7814e-09,-5.8178e-07,4.7814e-09,0.000200007,-8.70796e-07,-5.8178e-07,-8.70796e-07,0.000199996
0.202719,0.555503,-2.15682,0.200506,0.559052,-2.12728,0.0573186,0.00970332,-0.20282,52.0702,0.000200003,4.74925e-09,-5.71373e-07,4.74925e-09,0.000200007,-8.82824e-07,-5.71373e-07,-8.82824e-07,0.000199996
0.199809,0.55746,-2.13692,0.19821,0.559167,-2.12433,0.0571085,0.0107601,-0.199925,52.0244,0.000200003,4.67985e-09,-5.58349e-07,4.67985e-09,0.000200007,-8.88178e-07,-5.58349e-07,-8.88178e-07,0.000199996
0.19724,0.558943,-2.12003,0.197149,0.558887,-2.12294,0.0573402,0.0112434,-0.201032,52.0353,0.000200003,4.60596e-09,-5.42696e-07,4.60596e-09,0.000200007,-8.97875e-07,-5.42696e-07,-8.97875e-07,0.000199996
0.194914,0.560167,-2.10674,0.195745,0.559314,-2.12056,0.0578136,0.0116673,-0.203739,52.0616,0.000200003,4.49137e-09,-5.23319e-07,4.49137e-09,0.000200008,-9.03474e-07,-5.23319e-07,-9.03474e-07,0.000199996
0.192875,0.561133,-2.09541,0.1951,0.559139,-2.11994,0.0586748,0.0117333,-0.210408,52.0476,0.000200003,4.43936e-09,-5.11989e-07,4.43936e-09,0.000200008,-9.16037e-07,-5.11989e-07,-9.16037e-07,0.000199996
0.191154,0.561839,-2.0867,0.194508,0.558982,-2.11918,0.0597539,0.0116386,-0.2177,52.0573,0.000200002,4.34594e-09,-4.97805e-07,4.34594e-09,0.000200008,-9.20004e-07,-4.97805e-07,-9.20004e-07,0.000199996
0.189047,0.564269,-2.06159,0.191191,0.568716,-2.03098,0.060447,0.0133695,-0.210593,49.8193,0.000200002,4.28027e-09,-4.87229e-07,4.28027e-09,0.000200008,-9.27107e-07,-4.87229e-07,-9.27107e-07,0.000199996
0.18723,0.566237,-2.04155,0.190296,0.568734,-2.0296,0.0615304,0.014637,-0.207547,49.8421,0.000200002,4.21196e-09,-4.80321e-07,4.21196e-09,0.000200008,-9.2574e-07,-4.80321e-07,-9.2574e-07,0.000199996
0.185327,0.567698,-2.0244,0.188872,0.568852,-2.02788,0.062527,0.015398,-0.208404,49.8185,0.000200002,4.08781e-09,-4.50354e-07,4.08781e-09,0.000200008,-9.5248e-07,-4.50354e-07,-9.5248e-07,0.000199996
0.183769,0.569004,-2.01138,0.188011,0.569011,-2.0266,0.0637691,0.016104,-0.212385,49.7473,0.000200002,4.02426e-09,-4.46588e-07,4.02426e-09,0.000200008,-9.48798e-07,-4.46588e-07,-9.48798e-07,0.000199996
0.182353,0.569938,-2.00018,0.187287,0.568961,-2.02586,0.065253,0.0164378,-0.218185,49.8382,0.000200002,3.87644e-09,-4.25667e-07,3.87644e-09,0.000200008,-9.51081e-07,-4.25667e-07,-9.51081e-07,0.000199996
0.17877,0.571659,-1.97397,0.175395,0.574383,-1.93579,0.0645702,0.0177585,-0.208973,48.0555,0.000200002,3.74535e-09,-4.06995e-07,3.74535e-09,0.000200008,-9.5844e-07,-4.06995e-07,-9.5844e-07,0.000199996
0.175752,0.573053,-1.95217,0.174608,0.574436,-1.93479,0.0644521,0.0186525,-0.204168,48.0712,0.000200002,3.62804e-09,-3.91857e-07,3.62804e-09,0.000200009,-9.64095e-07,-3.91857e-07,-9.64095e-07,0.000199996
0.17316,0.57403,-1.9354,0.173783,0.57406,-1.93405,0.0647602,0.0192304,-0.204402,48.0823,0.000200001,3.46648e-09,-3.69481e-07,3.46648e-09,0.000200009,-9.70599e-07,-3.69481e-07,-9.70599e-07,0.000199996
0.170756,0.574854,-1.92074,0.172296,0.574265,-1.93192,0.065256,0.0197536,-0.206736,48.0741,0.000200001,3.3384e-09,-3.52185e-07,3.3384e-09,0.000200009,-9.8104e-07,-3.52185e-07,-9.8104e-07,0.000199996
0.168679,0.57551,-1.90942,0.171362,0.574428,-1.93082,0.0659789,0.0201097,-0.212419,47.9999,0.000200001,3.18455e-09,-3.33886e-07,3.18455e-09,0.000200009,-9.82861e-07,-3.33886e-07,-9.82861e-07,0.000199996
0.166795,0.576078,-1.8996,0.170376,0.574683,-1.92952,0.0670849,0.0204784,-0.219596,48.0609,0.000200001,3.05743e-09,-3.18999e-07,3.05743e-09,0.000200009,-9.88527e-07,-3.18999e-07,-9.88527e-07,0.000199996
0.163576,0.577551,-1.87405,0.161943,0.580354,-1.83822,0.0667356,0.0217507,-0.210053,48.9636,0.000200001,2.92707e-09,-3.04051e-07,2.92707e-09,0.000200009,-9.92001e-07,-3.04051e-07,-9.92001e-07,0.000199996
0.160924,0.578686,-1.85288,0.161604,0.580302,-1.83772,0.0670344,0.0227862,-0.206883,48.95,0.000200001,2.77228e-09,-2.84986e-07,2.77228e-09,0.000200009,-9.9673e-07,-2.84986e-07,-9.9673e-07,0.000199996
0.15872,0.579609,-1.83647,0.161156,0.580478,-1.83683,0.0677002,0.0236087,-0.206468,48.8967,0.000200001,2.61398e-09,-2.66618e-07,2.61398e-09,0.000200009,-9.99428e-07,-2.66618e-07,-9.99428e-07,0.000199996
0.156891,0.580248,-1.83047,0.160881,0.580403,-1.83661,0.068771,0.0242479,-0.208466,48.9615,0.000200001,2.42197e-09,-2.43507e-07,2.42197e-09,0.000200009,-1.0023e-06,-2.43507e-07,-1.0023e-06,0.000199996
0.155475,0.580713,-1.83109,0.160853,0.580429,-1.83643,0.0701451,0.0248129,-0.209088,48.9859,0.000200001,2.22602e-09,-2.23111e-07,2.22602e-09,0.000200009,-9.95078e-07,-2.23111e-07,-9.95078e-07,0.000199996
0.15432,0.58094,-1.83268,0.160813,0.580183,-1.8365,0.0718197,0.0251398,-0.210678,48.9693,0.0002,1.98786e-09,-1.95519e-07,1.98786e-09,0.000200009,-9.9263e-07,-1.95519e-07,-9.9263e-07,0.000199996
0.150634,0.582715,-1.8186,0.147048,0.588422,-1.75906,0.0708739,0.0271148,-0.195596,50.5065,0.0002,1.83223e-09,-1.81769e-07,1.83223e-09,0.000200009,-9.90088e-07,-1.81769e-07,-9.90088e-07,0.000199996
0.147683,0.584084,-1.80748,0.146887,0.588512,-1.75917,0.0707331,0.0286841,-0.183478,50.4918,0.0002,1.62864e-09,-1.59751e-07,1.62864e-09,0.000200009,-9.84293e-07,-1.59751e-07,-9.84293e-07,0.000199996
0.145315,0.585113,-1.79847,0.146917,0.588286,-1.75893,0.0710953,0.029913,-0.17347,50.5007,0.0002,1.44547e-09,-1.40477e-07,1.44547e-09,0.000200009,-9.83104e-07,-1.40477e-07,-9.83104e-07,0.000199997
0.143374,0.585944,-1.79121,0.146681,0.588383,-1.75864,0.0719439,0.0309442,-0.165206,50.5296,0.0002,1.28902e-09,-1.24959e-07,1.28902e-09,0.000200009,-9.82673e-07,-1.24959e-07,-9.82673e-07,0.000199997
0.141806,0.586613,-1.78527,0.146544,0.588409,-1.75835,0.0730956,0.0318134,-0.159272,50.4929,0.0002,1.16384e-09,-1.13718e-07,1.16384e-09,0.000200009,-9.80611e-07,-1.13718e-07,-9.80611e-07,0.000199997
0.140554,0.587082,-1.7806,0.146539,0.588281,-1.75843,0.0746236,0.0324824,-0.153604,50.4826,0.0002,1.02474e-09,-9.91133e-08,1.02474e-09,0.000200009,-9.78912e-07,-9.91133e-08,-9.78912e-07,0.000199997
0.137021,0.58936,-1.77162,0.133977,0.597825,-1.73213,0.0738006,0.0349602,-0.143617,53.5592,0.0002,9.38446e-10,-9.2166e-08,9.38446e-10,0.000200009,-9.8056e-07,-9.2166e-08,-9.8056e-07,0.000199997
0.134222,0.59118,-1.76444,0.134011,0.597888,-1.73219,0.0737816,0.03698,-0.135438,53.5338,0.0002,8.49894e-10,-8.38549e-08,8.49894e-10,0.000200009,-9.78524e-07,-8.38549e-08,-9.78524e-07,0.000199997
0.131994,0.592634,-1.75858,0.13401,0.597881,-1.73196,0.0742644,0.038634,-0.128584,53.5339,0.0002,7.76346e-10,-7.73285e-08,7.76346e-10,0.000200009,-9.75395e-07,-7.73285e-08,-9.75395e-07,0.000199997
0.130139,0.593756,-1.7539,0.133727,0.59786,-1.73164,0.0751894,0.039956,-0.122899,53.4574,0.0002,6.81116e-10,-6.64397e-08,6.81116e-10,0.000200009,-9.76151e-07,-6.64397e-08,-9.76151e-07,0.000199997
0.128684,0.594672,-1.75027,0.133895,0.597814,-1.73194,0.0764444,0.0410722,-0.118273,53.5083,0.0002,6.33653e-10,-6.31803e-08,6.33653e-10,0.000200009,-9.77449e-07,-6.31803e-08,-9.77449e-07,0.000199997
0.124449,0.595611,-1.74838,0.118643,0.598817,-1.7376,0.0749892,0.0422109,-0.115377,52.4686,0.0002,5.9685e-10,-6.03695e-08,5.9685e-10,0.000200009,-9.81702e-07,-6.03695e-08,-9.81702e-07,0.000199997
0.121072,0.596372,-1.74681,0.11849,0.59892,-1.73738,0.0743322,0.0431724,-0.113815,52.4958,0.0002,5.5608e-10,-5.66875e-08,5.5608e-10,0.000200009,-9.77764e-07,-5.66875e-08,-9.77764e-07,0.000199997
0.118333,0.596991,-1.73728,0.118362,0.598974,-1.73692,0.0743734,0.0439913,-0.113282,52.4807,0.0002,4.91601e-10,-4.88099e-08,4.91601e-10,0.000200009,-9.77392e-07,-4.88099e-08,-9.77392e-07,0.000199997
0.116121,0.597558,-1.72504,0.118352,0.598969,-1.73701,0.074901,0.0446584,-0.116038,52.5061,0.0002,4.8965e-10,-5.09225e-08,4.8965e-10,0.000200009,-9.80556e-07,-5.09225e-08,-9.80556e-07,0.000199997
0.114287,0.598073,-1.71377,0.118257,0.599037,-1.73694,0.0759269,0.0452733,-0.121767,52.4531,0.0002,5.23103e-10,-5.68694e-08,5.23103e-10,0.000200009,-9.90088e-07,-5.68694e-08,-9.90088e-07,0.000199997
0.112809,0.598509,-1.70542,0.118284,0.599001,-1.73709,0.0772789,0.0458085,-0.129415,52.4883,0.0002,5.74548e-10,-6.40579e-08,5.74548e-10,0.000200009,-9.98939e-07,-6.40579e-08,-9.98939e-07,0.000199997
0.108285,0.597391,-1.69614,0.101723,0.591588,-1.72763,0.0756654,0.0448909,-0.137136,45.9357,0.0002,6.32933e-10,-7.09557e-08,6.32933e-10,0.000200009,-1.00931e-06,-7.09557e-08,-1.00931e-06,0.000199997
0.104642,0.596509,-1.68917,0.101499,0.591727,-1.72736,0.0748716,0.0441091,-0.147166,45.8748,0.0002,6.53144e-10,-7.18011e-08,6.53144e-10,0.000200009,-1.01282e-06,-7.18011e-08,-1.01282e-06,0.000199996
0.101766,0.595707,-1.69091,0.101567,0.591513,-1.72745,0.0748564,0.0436074,-0.155913,45.9455,0.0002,6.32891e-10,-6.74948e-08,6.32891e-10,0.000200009,-1.01049e-06,-6.74948e-08,-1.01049e-06,0.000199996
0.0995036,0.59502,-1.69762,0.10163,0.591587,-1.72765,0.0753436,0.0432196,-0.163622,45.9054,0.0002,5.7387e-10,-5.87021e-08,5.7387e-10,0.000200009,-1.00476e-06,-5.87021e-08,-1.00476e-06,0.000199996
0.0976689,0.594454,-1.70416,0.101476,0.591645,-1.72746,0.0762989,0.0429544,-0.169158,45.9067,0.0002,5.11465e-10,-5.07362e-08,5.11465e-10,0.000200009,-9.99906e-07,-5.07362e-08,-9.99906e-07,0.000199996
0.0962393,0.593995,-1.70957,0.101529,0.591751,-1.72741,0.0775593,0.0428953,-0.173569,45.8196,0.0002,4.40548e-10,-4.23128e-08,4.40548e-10,0.000200009,-9.9233e-07,-4.23128e-08,-9.9233e-07,0.000199997
0.0922053,0.59457,-1.7012,0.0870576,0.596903,-1.66421,0.0762753,0.0438695,-0.164199,48.1672,0.0002,3.64509e-10,-3.35083e-08,3.64509e-10,0.000200009,-9.8645e-07,-3.35083e-08,-9.8645e-07,0.000199997
0.0889881,0.595015,-1.69453,0.0870926,0.596779,-1.66435,0.0757281,0.0448153,-0.157529,48.1454,0.0002,3.09983e-10,-2.83064e-08,3.09983e-10,0.000200009,-9.82283e-07,-2.83064e-08,-9.82283e-07,0.000199997
0.0863782,0.595373,-1.68935,0.0868774,0.596992,-1.66419,0.0758482,0.0455732,-0.151353,48.2037,0.0002,2.21433e-10,-1.74428e-08,2.21433e-10,0.000200009,-9.786e-07,-1.74428e-08,-9.786e-07,0.000199997
0.0843267,0.595642,-1.68494,0.0869986,0.596884,-1.66442,0.0764667,0.0462417,-0.145939,48.1306,0.0002,1.51209e-10,-1.00271e-08,1.51209e-10,0.000200009,-9.74342e-07,-1.00271e-08,-9.74342e-07,0.000199997
0.0826137,0.595902,-1.68144,0.0867442,0.597126,-1.66396,0.0774887,0.0469015,-0.141443,48.1433,0.0002,9.23228e-11,-4.1905e-09,9.23228e-11,0.000200009,-9.7499e-07,-4.1905e-09,-9.7499e-07,0.000199997
0.0783238,0.597348,-1.67594,0.0720397,0.603418,-1.65038,0.0758698,0.048748,-0.134937,49.9029,0.0002,3.86626e-11,1.15214e-09,3.86626e-11,0.000200009,-9.72013e-07,1.15214e-09,-9.72013e-07,0.000199997
0.0748412,0.598472,-1.67164,0.071949,0.60332,-1.65061,0.0751174,0.0502718,-0.129639,49.8821,0.0002,-2.0392e-11,7.6115e-09,-2.0392e-11,0.000200009,-9.75337e-07,7.6115e-09,-9.75337e-07,0.000199997
0.0726588,0.599344,-1.66804,0.0719916,0.603395,-1.65043,0.0750518,0.0515436,-0.125038,49.8715,0.0002,-1.02796e-10,1.96026e-08,-1.02796e-10,0.000200008,-8.82286e-07,1.96026e-08,-8.82286e-07,0.000199997
0.0718399,0.599933,-1.66525,0.0720236,0.60335,-1.65059,0.0749709,0.0525329,-0.121249,49.8457,0.0002,-2.07193e-10,4.43812e-08,-2.07193e-10,0.000200005,-6.75517e-07,4.43812e-08,-6.75517e-07,0.000199997
0.0717845,0.600422,-1.66269,0.0720725,0.603325,-1.65054,0.0750085,0.053222,-0.118691,49.8714,0.0002,-2.06326e-10,5.76059e-08,-2.06326e-10,0.000200003,-4.48785e-07,5.76059e-08,-4.48785e-07,0.000199998
0.0719747,0.600846,-1.66053,0.0719525,0.603378,-1.6506,0.0749667,0.053846,-0.115528,49.8707,0.0002,-1.57934e-10,6.30972e-08,-1.57934e-10,0.000200002,-2.62305e-07,6.30972e-08,-2.62305e-07,0.000199999
0.0701793,0.600633,-1.66095,0.0619471,0.600569,-1.66043,0.0728783,0.0538328,-0.115953,47.5848,0.0002,-1.05955e-10,6.56361e-08,-1.05955e-10,0.000200001,-1.3428e-07,6.56361e-08,-1.3428e-07,0.000199999
0.0687915,0.600427,-1.66134,0.0618914,0.600635,-1.66064,0.0711335,0.0538274,-0.115336,47.5606,0.0002,-6.06686e-11,7.49791e-08,-6.06686e-11,0.000200001,-4.2803e-08,7.49791e-08,-4.2803e-08,0.000199999
0.0677031,0.600234,-1.66163,0.0620106,0.600595,-1.66056,0.0696861,0.0538337,-0.115626,47.5812,0.0002,-2.00208e-11,8.43644e-08,-2.00208e-11,0.0002,1.542e-08,8.43644e-08,1.542e-08,0.0002
0.0668229,0.600105,-1.6619,0.0619052,0.60068,-1.66047,0.0684109,0.0540053,-0.114903,47.5295,0.0002,1.4812e-11,8.88476e-08,1.4812e-11,0.0002,5.45193e-08,8.88476e-08,5.45193e-08,0.0002
0.0661107,0.59997,-1.66212,0.0618751,0.60062,-1.66047,0.0673297,0.0540696,-0.114124,47.5558,0.0002,4.34304e-11,9.51183e-08,4.34304e-11,0.0002,7.92215e-08,9.51183e-08,7.92215e-08,0.0002
0.0655512,0.599858,-1.66234,0.0619264,0.600606,-1.66065,0.06637,0.0542581,-0.114337,47.6015,0.0002,6.55052e-11,9.91414e-08,6.55052e-11,0.0002,9.50224e-08,9.91414e-08,9.50224e-08,0.0002
0.0652389,0.599472,-1.66404,0.0624916,0.599031,-1.66894,0.0656841,0.0540722,-0.11504,46.8765,0.0002,8.22303e-11,9.86423e-08,8.22303e-11,0.0002,1.08835e-07,9.86423e-08,1.08835e-07,0.0002
0.0649431,0.599172,-1.66551,0.0623781,0.599171,-1.66885,0.0649905,0.0540719,-0.11651,46.8099,0.0002,9.41285e-11,1.01482e-07,9.41285e-11,0.0002,1.13901e-07,1.01482e-07,1.13901e-07,0.0002
0.0647014,0.598968,-1.66654,0.0623545,0.599352,-1.66878,0.0643731,0.0540677,-0.116545,46.7212,0.0002,1.02676e-10,1.03357e-07,1.02676e-10,0.0002,1.17094e-07,1.03357e-07,1.17094e-07,0.0002
0.0645141,0.598768,-1.66739,0.0623373,0.599229,-1.66855,0.0637874,0.0541679,-0.117391,46.7738,0.0002,1.11261e-10,1.06463e-07,1.11261e-10,0.0002,1.20624e-07,1.06463e-07,1.20624e-07,0.0002
0.0643923,0.59858,-1.66821,0.0625259,0.599032,-1.66894,0.0632923,0.0542802,-0.117209,46.8646,0.0002,1.1501e-10,1.06635e-07,1.1501e-10,0.0002,1.21318e-07,1.06635e-07,1.21318e-07,0.0002
0.0642908,0.598458,-1.6687,0.0624006,0.599182,-1.66878,0.0627858,0.0543578,-0.117704,46.7772,0.0002,1.20157e-10,1.07107e-07,1.20157e-10,0.0002,1.25124e-07,1.07107e-07,1.25124e-07,0.0002
0.0645661,0.597996,-1.6697,0.0642906,0.597354,-1.67112,0.0626791,0.0541959,-0.117696,46.6505,0.0002,1.21275e-10,1.07105e-07,1.21275e-10,0.0002,1.24147e-07,1.07105e-07,1.24147e-07,0.0002
0.0647883,0.597631,-1.67057,0.0642426,0.597329,-1.67121,0.0625013,0.0540308,-0.117569,46.722,0.0002,1.21951e-10,1.05627e-07,1.21951e-10,0.0002,1.25343e-07,1.05627e-07,1.25343e-07,0.0002
0.0649807,0.597377,-1.67112,0.0643164,0.597519,-1.67108,0.0623217,0.0540767,-0.118116,46.6632,0.0002,1.22324e-10,1.04714e-07,1.22324e-10,0.0002,1.26082e-07,1.04714e-07,1.26082e-07,0.0002
0.0651524,0.597103,-1.67164,0.0644638,0.597215,-1.67118,0.0621004,0.0540029,-0.117637,46.7722,0.0002,1.22499e-10,1.05679e-07,1.22499e-10,0.0002,1.24667e-07,1.05679e-07,1.24667e-07,0.0002
0.0652743,0.596926,-1.67199,0.0642702,0.597332,-1.67088,0.0618563,0.0540262,-0.116993,46.7422,0.0002,1.22637e-10,1.03279e-07,1.22637e-10,0.0002,1.27472e-07,1.03279e-07,1.27472e-07,0.0002
0.0657618,0.596356,-1.6725,0.0663851,0.595224,-1.67228,0.0619548,0.0537558,-0.117495,47.4357,0.0002,1.20123e-10,1.02931e-07,1.20123e-10,0.0002,1.24006e-07,1.02931e-07,1.24006e-07,0.0002
0.0661398,0.595914,-1.67283,0.0663731,0.595237,-1.67226,0.0619758,0.0535135,-0.116829,47.458,0.0002,1.15628e-10,1.00859e-07,1.15628e-10,0.0002,1.20253e-07,1.00859e-07,1.20253e-07,0.0002
0.0664403,0.595538,-1.67321,0.0662689,0.595247,-1.67222,0.0618953,0.0534385,-0.117214,47.4249,0.0002,1.17119e-10,1.03288e-07,1.17119e-10,0.0002,1.2087e-07,1.03288e-07,1.2087e-07,0.0002
0.0667188,0.595219,-1.67359,0.0664595,0.595151,-1.67257,0.0618138,0.0533191,-0.116594,47.4812,0.0002,1.18443e-10,1.04859e-07,1.18443e-10,0.0002,1.21251e-07,1.04859e-07,1.21251e-07,0.0002
0.066965,0.594982,-1.67381,0.0665663,0.595138,-1.67278,0.061683,0.053382,-0.116812,47.4635,0.0002,1.17063e-10,1.02489e-07,1.17063e-10,0.0002,1.21836e-07,1.02489e-07,1.21836e-07,0.0002
0.0671285,0.594791,-1.67399,0.0664575,0.595179,-1.67246,0.0614935,0.0533911,-0.115986,47.4779,0.0002,1.15906e-10,1.02502e-07,1.15906e-10,0.0002,1.20332e-07,1.02502e-07,1.20332e-07,0.0002
0.0674713,0.594192,-1.67458,0.0675292,0.593054,-1.67472,0.0614583,0.053092,-0.116576,47.9823,0.0002,1.17421e-10,1.05903e-07,1.17421e-10,0.0002,1.1901e-07,1.05903e-07,1.1901e-07,0.0002
0.0677402,0.593709,-1.67507,0.0674814,0.592825,-1.67481,0.0613772,0.0528092,-0.116068,48.0242,0.0002,1.13854e-10,1.01334e-07,1.13854e-10,0.0002,1.1885e-07,1.01334e-07,1.1885e-07,0.0002
0.0679721,0.593314,-1.6755,0.0675762,0.592886,-1.67498,0.0612381,0.0527137,-0.116496,48.0177,0.0002,1.13421e-10,1.01816e-07,1.13421e-10,0.0002,1.18374e-07,1.01816e-07,1.18374e-07,0.0002
0.0681462,0.593044,-1.67572,0.0674616,0.593071,-1.6747,0.0610652,0.0526439,-0.115717,48.006,0.0002,1.13217e-10,1.00626e-07,1.13217e-10,0.0002,1.19928e-07,1.00626e-07,1.19928e-07,0.0002
0.0682542,0.592792,-1.6759,0.0674215,0.592988,-1.67471,0.0608002,0.0526924,-0.115897,47.9908,0.0002,1.12966e-10,1.029e-07,1.12966e-10,0.0002,1.17172e-07,1.029e-07,1.17172e-07,0.0002
0.0683899,0.59261,-1.67607,0.0675517,0.592988,-1.67487,0.0605919,0.0527101,-0.115073,47.9904,0.0002,1.1295e-10,1.01337e-07,1.1295e-10,0.0002,1.19144e-07,1.01337e-07,1.19144e-07,0.0002
0.0689367,0.592253,-1.67734,0.069851,0.591923,-1.67988,0.0607767,0.0526528,-0.115343,48.1361,0.0002,1.10434e-10,9.99918e-08,1.10434e-10,0.0002,1.1701e-07,9.99918e-08,1.1701e-07,0.0002
0.0693675,0.591989,-1.67826,0.0698774,0.592081,-1.67971,0.0608745,0.0525891,-0.116262,48.1893,0.0002,1.08387e-10,1.00689e-07,1.08387e-10,0.0002,1.13729e-07,1.00689e-07,1.13729e-07,0.0002
0.0697462,0.591777,-1.67896,0.0698836,0.592039,-1.67983,0.0608942,0.0525766,-0.116956,48.08,0.0002,1.09431e-10,1.00027e-07,1.09431e-10,0.0002,1.16857e-07,1.00027e-07,1.16857e-07,0.0002
0.0700278,0.591627,-1.67956,0.0699302,0.592069,-1.67974,0.0608418,0.0527266,-0.116556,48.0694,0.0002,1.05454e-10,9.73909e-08,1.05454e-10,0.0002,1.13941e-07,9.73909e-08,1.13941e-07,0.0002
0.0702627,0.591491,-1.67998,0.0699318,0.592048,-1.67975,0.0607157,0.0527906,-0.116977,48.0806,0.0002,1.04719e-10,9.76016e-08,1.04719e-10,0.0002,1.13563e-07,9.76016e-08,1.13563e-07,0.0002
0.0706744,0.590857,-1.68059,0.0710515,0.589427,-1.68115,0.0607864,0.0523573,-0.116593,48.4335,0.0002,1.04239e-10,9.77535e-08,1.04239e-10,0.0002,1.13307e-07,9.77535e-08,1.13307e-07,0.0002
0.0710257,0.590335,-1.68116,0.0711142,0.589405,-1.68122,0.0607757,0.0521346,-0.117163,48.5131,0.0002,1.06308e-10,9.97577e-08,1.06308e-10,0.0002,1.14622e-07,9.97577e-08,1.14622e-07,0.0002
0.0713124,0.589966,-1.68158,0.0711784,0.589489,-1.68134,0.0607324,0.0519659,-0.116579,48.458,0.0002,1.03317e-10,9.5799e-08,1.03317e-10,0.0002,1.14319e-07,9.5799e-08,1.14319e-07,0.0002
0.0715099,0.589608,-1.68195,0.0710901,0.589325,-1.68119,0.0605799,0.0518075,-0.116946,48.4699,0.0002,1.03136e-10,9.81702e-08,1.03136e-10,0.0002,1.11851e-07,9.81702e-08,1.11851e-07,0.0002
0.071682,0.58933,-1.68226,0.0711489,0.589266,-1.68127,0.060422,0.0518302,-0.116255,48.5117,0.0002,1.00803e-10,9.63198e-08,1.00803e-10,0.0002,1.10637e-07,9.63198e-08,1.10637e-07,0.0002
0.0718249,0.589107,-1.68244,0.0711282,0.589321,-1.68129,0.0602149,0.0518075,-0.116442,48.4681,0.0002,1.01315e-10,9.70256e-08,1.01315e-10,0.0002,1.11353e-07,9.70256e-08,1.11353e-07,0.0002
0.0722707,0.588584,-1.68305,0.0728927,0.587582,-1.68357,0.0603307,0.0514836,-0.11605,48.3795,0.0002,9.93609e-11,9.71041e-08,9.93609e-11,0.0002,1.08423e-07,9.71041e-08,1.08423e-07,0.0002
0.0726587,0.588203,-1.6836,0.0728849,0.587739,-1.68359,0.0603687,0.0513028,-0.116602,48.3578,0.0002,1.00373e-10,9.60637e-08,1.00373e-10,0.0002,1.11788e-07,9.60637e-08,1.11788e-07,0.0002
0.0729329,0.587899,-1.68398,0.0728692,0.587778,-1.68358,0.0603129,0.0512988,-0.11598,48.3768,0.0002,9.87103e-11,9.65316e-08,9.87103e-11,0.0002,1.08661e-07,9.65316e-08,1.08661e-07,0.0002
0.0732032,0.58762,-1.6843,0.0730065,0.587505,-1.68367,0.0602332,0.0512198,-0.116299,48.4162,0.0002,9.76115e-11,9.38496e-08,9.76115e-11,0.0002,1.10413e-07,9.38496e-08,1.10413e-07,0.0002
0.0733917,0.58739,-1.68464,0.0728795,0.587576,-1.68347,0.0600917,0.0511898,-0.115642,48.3727,0.0002,9.89856e-11,9.55339e-08,9.89856e-11,0.0002,1.11132e-07,9.55339e-08,1.11132e-07,0.0002
0.073538,0.587249,-1.68476,0.0729046,0.587734,-1.68362,0.059888,0.0512489,-0.114755,48.3534,0.0002,9.78182e-11,9.47315e-08,9.78182e-11,0.0002,1.10092e-07,9.47315e-08,1.10092e-07,0.0002
0.0739448,0.586848,-1.68557,0.0743545,0.586292,-1.68661,0.0599748,0.0511476,-0.115571,48.4772,0.0002,9.68911e-11,9.42286e-08,9.68911e-11,0.0002,1.09417e-07,9.42286e-08,1.09417e-07,0.0002
0.0742867,0.586525,-1.6861,0.0744374,0.586286,-1.68664,0.0599667,0.0510252,-0.116102,48.4668,0.0002,9.61858e-11,9.39323e-08,9.61858e-11,0.0002,1.08963e-07,9.39323e-08,1.08963e-07,0.0002
0.0745651,0.586253,-1.68667,0.0744622,0.586214,-1.68671,0.0599251,0.0509528,-0.115668,48.5295,0.0002,9.56651e-11,9.37695e-08,9.56651e-11,0.0002,1.08649e-07,9.37695e-08,1.08649e-07,0.0002
0.0747897,0.586017,-1.68717,0.0744248,0.586183,-1.68664,0.0598097,0.0509169,-0.115171,48.4859,0.0002,9.7569e-11,9.55784e-08,9.7569e-11,0.0002,1.09919e-07,9.55784e-08,1.09919e-07,0.0002
0.0749396,0.585854,-1.68748,0.0743703,0.586193,-1.68683,0.0596396,0.0510536,-0.115484,48.4872,0.0002,9.4559e-11,9.29731e-08,9.4559e-11,0.0002,1.07736e-07,9.29731e-08,1.07736e-07,0.0002
0.0750706,0.585732,-1.68774,0.0743788,0.5863,-1.68652,0.0594306,0.0511325,-0.114737,48.4327,0.0002,9.44153e-11,9.32094e-08,9.44153e-11,0.0002,1.07817e-07,9.32094e-08,1.07817e-07,0.0002
0.0754899,0.585243,-1.68805,0.0759984,0.58428,-1.68802,0.0595399,0.0508431,-0.115047,48.5454,0.0002,9.21243e-11,9.14721e-08,9.21243e-11,0.0002,1.06378e-07,9.14721e-08,1.06378e-07,0.0002
0.0758428,0.584793,-1.68862,0.0759934,0.584106,-1.68838,0.0595528,0.0505932,-0.115622,48.5754,0.0002,9.48174e-11,9.41637e-08,9.48174e-11,0.0002,1.08416e-07,9.41637e-08,1.08416e-07,0.0002
0.0761266,0.584481,-1.68895,0.0760348,0.584182,-1.68803,0.0595266,0.0505814,-0.114949,48.6435,0.0002,9.26196e-11,9.0636e-08,9.26196e-11,0.0002,1.08616e-07,9.0636e-08,1.08616e-07,0.0002
0.0763335,0.584205,-1.68916,0.0760058,0.584201,-1.6881,0.0593935,0.0505052,-0.11516,48.6092,0.0002,9.29162e-11,9.32558e-08,9.29162e-11,0.0002,1.06443e-07,9.32558e-08,1.06443e-07,0.0002
0.0765119,0.58399,-1.68918,0.0760582,0.584126,-1.68801,0.0592619,0.0504904,-0.114185,48.5829,0.0002,9.10611e-11,9.15549e-08,9.10611e-11,0.0002,1.05453e-07,9.15549e-08,1.05453e-07,0.0002
0.0770349,0.583427,-1.69005,0.0779269,0.582337,-1.69127,0.0594549,0.0502274,-0.115047,47.8962,0.0002,9.39222e-11,9.57472e-08,9.39222e-11,0.0002,1.05895e-07,9.57472e-08,1.05895e-07,0.0002
0.0774424,0.583012,-1.69072,0.0779527,0.582287,-1.6912,0.0595624,0.0500118,-0.114722,47.998,0.0002,8.97248e-11,9.12985e-08,8.97248e-11,0.0002,1.03581e-07,9.12985e-08,1.03581e-07,0.0002
0.0777944,0.582715,-1.69112,0.0779909,0.582583,-1.69112,0.0595844,0.0499147,-0.115119,47.9291,0.0002,9.07659e-11,9.22572e-08,9.07659e-11,0.0002,1.05054e-07,9.22572e-08,1.05054e-07,0.0002
0.0780737,0.582423,-1.69159,0.0779794,0.582313,-1.69124,0.0595537,0.049823,-0.114587,47.9983,0.0002,9.16807e-11,9.28923e-08,9.16807e-11,0.0002,1.05978e-07,9.28923e-08,1.05978e-07,0.0002
0.0782682,0.582238,-1.69176,0.0779277,0.582436,-1.69089,0.0594182,0.0498379,-0.114764,47.9231,0.0002,8.80314e-11,8.95208e-08,8.80314e-11,0.0002,1.03592e-07,8.95208e-08,1.03592e-07,0.0002
0.0784315,0.58209,-1.69206,0.0778733,0.582554,-1.69103,0.0592815,0.0498897,-0.114062,47.9024,0.0002,8.94959e-11,9.1166e-08,8.94959e-11,0.0002,1.05021e-07,9.1166e-08,1.05021e-07,0.0002
0.0787969,0.581511,-1.69232,0.0791538,0.580243,-1.6924,0.0593169,0.0496113,-0.11432,48.5711,0.0002,8.84277e-11,9.18056e-08,8.84277e-11,0.0002,1.02557e-07,9.18056e-08,1.02557e-07,0.0002
0.0791088,0.581078,-1.69279,0.0792388,0.580285,-1.69245,0.0593288,0.049378,-0.113791,48.6052,0.0002,8.55796e-11,8.88572e-08,8.55796e-11,0.0002,1.01376e-07,8.88572e-08,1.01376e-07,0.0002
0.0793632,0.580752,-1.69309,0.0792301,0.580554,-1.6924,0.0592532,0.0492522,-0.114094,48.5095,0.0002,8.75035e-11,9.2259e-08,8.75035e-11,0.0002,1.01673e-07,9.2259e-08,1.01673e-07,0.0002
0.0795597,0.580493,-1.6934,0.0792288,0.5804,-1.69301,0.0591397,0.0491935,-0.114395,48.6211,0.0002,8.49661e-11,8.91694e-08,8.49661e-11,0.0002,1.00792e-07,8.91694e-08,1.00792e-07,0.0002
0.0797412,0.580271,-1.69364,0.0793173,0.580487,-1.69273,0.0590012,0.0491711,-0.113643,48.6292,0.0002,8.70846e-11,9.2481e-08,8.70846e-11,0.0002,1.01278e-07,9.2481e-08,1.01278e-07,0.0002
0.0798684,0.580084,-1.69377,0.079201,0.580231,-1.69238,0.0588284,0.0492842,-0.113772,48.5782,0.0002,8.48105e-11,8.78545e-08,8.48105e-11,0.0002,1.02418e-07,8.78545e-08,1.02418e-07,0.0002
0.0802633,0.579658,-1.69489,0.0806952,0.579063,-1.69746,0.0589133,0.0490584,-0.11389,48.506,0.0002,8.70198e-11,9.16533e-08,8.70198e-11,0.0002,1.02306e-07,9.16533e-08,1.02306e-07,0.0002
0.0805691,0.579307,-1.6956,0.0807241,0.578787,-1.69717,0.0589191,0.0489072,-0.1146,48.51,0.0002,8.25541e-11,8.69433e-08,8.25541e-11,0.0002,9.96672e-08,8.69433e-08,9.96672e-08,0.0002
0.0807956,0.579046,-1.69635,0.0806012,0.579052,-1.69712,0.0588356,0.0488462,-0.114348,48.4307,0.0002,8.3084e-11,8.92391e-08,8.3084e-11,0.0002,9.90018e-08,8.92391e-08,9.90018e-08,0.0002
0.0810085,0.578847,-1.69684,0.0807468,0.578996,-1.69724,0.0587585,0.0488471,-0.114844,48.4842,0.0002,8.16449e-11,8.73527e-08,8.16449e-11,0.0002,9.89837e-08,8.73527e-08,9.89837e-08,0.0002
0.0811699,0.578654,-1.69728,0.0807159,0.578934,-1.69743,0.0586099,0.0488544,-0.114277,48.4778,0.0002,8.24792e-11,8.95393e-08,8.24792e-11,0.0002,9.8528e-08,8.95393e-08,9.8528e-08,0.0002
0.0815749,0.57817,-1.69803,0.082129,0.57712,-1.69979,0.0587249,0.0485701,-0.115033,48.4807,0.0002,7.91937e-11,8.56719e-08,7.91937e-11,0.0002,9.71819e-08,8.56719e-08,9.71819e-08,0.0002
0.0819113,0.57773,-1.69874,0.0822051,0.576963,-1.69968,0.0587513,0.0484302,-0.115743,48.4982,0.0002,7.85228e-11,8.66036e-08,7.85228e-11,0.0002,9.5861e-08,8.66036e-08,9.5861e-08,0.0002
0.0822174,0.577423,-1.69937,0.0822711,0.577096,-1.69999,0.0587774,0.0483229,-0.115374,48.4639,0.0002,7.83387e-11,8.42843e-08,7.83387e-11,0.0002,9.88043e-08,8.42843e-08,9.88043e-08,0.0002
0.082415,0.577151,-1.69984,0.0821545,0.577055,-1.69979,0.058665,0.0482505,-0.115837,48.4636,0.0002,7.79997e-11,8.57607e-08,7.79997e-11,0.0002,9.68567e-08,8.57607e-08,9.68567e-08,0.0002
0.0825792,0.57695,-1.70002,0.0821714,0.577038,-1.69949,0.0585492,0.0482502,-0.115022,48.5312,0.0002,7.58654e-11,8.33409e-08,7.58654e-11,0.0002,9.60396e-08,8.33409e-08,9.60396e-08,0.0002
0.0827218,0.576774,-1.70035,0.0822412,0.577066,-1.69975,0.0583918,0.0482745,-0.115348,48.489,0.0002,7.60818e-11,8.51787e-08,7.60818e-11,0.0002,9.50666e-08,8.51787e-08,9.50666e-08,0.0002
0.0830702,0.57616,-1.70052,0.0833534,0.574653,-1.69964,0.0584602,0.0478604,-0.114523,48.3803,0.0002,7.64562e-11,8.48963e-08,7.64562e-11,0.0002,9.6344e-08,8.48963e-08,9.6344e-08,0.0002
0.083339,0.575651,-1.70072,0.0833636,0.574608,-1.6996,0.058419,0.0475511,-0.114719,48.4198,0.0002,7.66319e-11,8.6191e-08,7.66319e-11,0.0002,9.52455e-08,8.6191e-08,9.52455e-08,0.0002
