EKF_x,EKF_y,EKF_theta,PM_x,PM_y,PM_theta,errorEKF_x,errorEKF_y,errorEKF_theta,errorPM,EKFCovXX,EKFCovXY,EKFCovXTheta,EKFCovYX,EKFCovYY,EKFCovYTheta,EKFCovThetaX,EKFCovThetaY,EKFCovThetaTheta
-0.668913,-0.306461,1.61722,-0.668913,-0.306461,1.61722,0.00551817,0.0149731,0.023602,0.93824,0.000999999,-2.29378e-23,-5.3154e-14,-1.82599e-23,0.000999999,-1.19969e-15,-5.31571e-14,-1.19959e-15,0.000999999
-0.668774,-0.306892,1.61783,-0.668641,-0.307301,1.61841,0.00565764,0.0145428,0.0242089,0.970989,0.000512195,-5.46553e-24,-1.26482e-14,-4.35241e-24,0.000512195,-2.85471e-16,-1.26489e-14,-2.85447e-16,0.000512195
-0.668702,-0.307085,1.61815,-0.668574,-0.307428,1.61871,0.00595565,0.0147268,0.0203665,0.964277,0.000359875,-2.2405e-24,-5.18272e-15,-1.78439e-24,0.000359875,-1.16975e-16,-5.18303e-15,-1.16965e-16,0.000359875
-0.666988,-0.307941,1.61608,-0.662805,-0.310032,1.61102,0.00767011,0.01387,0.0182956,0.577165,0.000290717,-1.12737e-24,-2.60733e-15,-8.97912e-25,0.000290717,-5.88479e-17,-2.60749e-15,-5.88429e-17,0.000290717
-0.665933,-0.308497,1.61481,-0.662836,-0.310127,1.6111,0.00872576,0.01336,0.0166502,0.588971,0.000254131,-6.27245e-25,-1.45052e-15,-4.99591e-25,0.000254131,-3.27383e-17,-1.4506e-15,-3.27356e-17,0.000254131
-0.665215,-0.308884,1.61397,-0.662855,-0.310156,1.61119,0.00944344,0.012973,0.0158059,0.588971,0.000233206,-3.68825e-25,-8.52865e-16,-2.93768e-25,0.000233206,-1.92493e-17,-8.52915e-16,-1.92476e-17,0.000233206
-0.664682,-0.30917,1.61337,-0.6628,-0.310179,1.61128,0.00997639,0.0126871,0.0152132,0.588971,0.000220702,-2.23997e-25,-5.1795e-16,-1.78415e-25,0.000220702,-1.16902e-17,-5.1798e-16,-1.16892e-17,0.000220702
-0.664266,-0.309389,1.61294,-0.662728,-0.310199,1.61133,0.0104166,0.0124518,0.0147775,0.588971,0.000213033,-1.38728e-25,-3.20775e-16,-1.10498e-25,0.000213033,-7.23994e-18,-3.20794e-16,-7.23932e-18,0.000213033
-0.663933,-0.309559,1.6126,-0.662671,-0.310207,1.61133,0.0107488,0.0122813,0.0144433,0.588971,0.000208255,-8.69643e-26,-2.01081e-16,-6.9268e-26,0.000208255,-4.53843e-18,-2.01093e-16,-4.53804e-18,0.000208255
-0.664354,-0.309228,1.61381,-0.665981,-0.307946,1.6185,0.0101172,0.0123119,0.0191042,0.660712,0.000205249,-5.49297e-26,-1.27009e-16,-4.37522e-26,0.000205249,-2.8666e-18,-1.27016e-16,-2.86636e-18,0.000205249
-0.664696,-0.308954,1.61479,-0.666037,-0.307879,1.61863,0.00977486,0.0125863,0.0200838,0.680036,0.000203345,-3.48618e-26,-8.06072e-17,-2.77679e-26,0.000203345,-1.81932e-18,-8.0612e-17,-1.81916e-18,0.000203345
-0.664973,-0.308736,1.61557,-0.666066,-0.307876,1.61863,0.0094979,0.0128042,0.0208589,0.680036,0.000202135,-2.21927e-26,-5.13136e-17,-1.76768e-26,0.000202135,-1.15816e-18,-5.13166e-17,-1.15806e-18,0.000202135
-0.665197,-0.308563,1.61618,-0.666084,-0.307875,1.61861,0.00945489,0.0131154,0.0194108,0.677645,0.000201364,-1.4155e-26,-3.27288e-17,-1.12746e-26,0.000201364,-7.38694e-19,-3.27307e-17,-7.38631e-19,0.000201364
-0.665384,-0.308433,1.61664,-0.66613,-0.307917,1.61847,0.00926738,0.013245,0.0198716,0.653863,0.000200872,-9.03945e-27,-2.09008e-17,-7.20005e-27,0.000200872,-4.71734e-19,-2.0902e-17,-4.71694e-19,0.000200872
-0.665768,-0.308396,1.61677,-0.6673,-0.308248,1.61726,0.00894541,0.0133903,0.0187755,0.641629,0.000200558,-5.77719e-27,-1.33579e-17,-4.60162e-27,0.000200558,-3.01489e-19,-1.33586e-17,-3.01463e-19,0.000200558
-0.666077,-0.308366,1.61685,-0.667308,-0.308245,1.61721,0.00863688,0.0134205,0.0188645,0.648296,0.000200357,-3.6941e-27,-8.54141e-18,-2.94241e-27,0.000200357,-1.92781e-19,-8.54191e-18,-1.92764e-19,0.000200357
-0.666327,-0.308328,1.61695,-0.667328,-0.308177,1.61734,0.00838642,0.0134583,0.0189623,0.654962,0.000200228,-2.36288e-27,-5.46338e-18,-1.88207e-27,0.000200228,-1.23309e-19,-5.4637e-18,-1.23299e-19,0.000200228
-0.666525,-0.308309,1.617,-0.667315,-0.308236,1.61721,0.00801399,0.0131724,0.0223546,0.648296,0.000200146,-1.51169e-27,-3.49529e-18,-1.20408e-27,0.000200146,-7.88891e-20,-3.49549e-18,-7.88824e-20,0.000200146
-0.666686,-0.308283,1.61707,-0.66733,-0.308178,1.61733,0.00785286,0.0131987,0.0224191,0.648296,0.000200093,-9.67256e-28,-2.23646e-18,-7.70434e-28,0.000200093,-5.04772e-20,-2.23659e-18,-5.0473e-20,0.000200093
-0.666811,-0.308273,1.61708,-0.667309,-0.308234,1.61715,0.00773452,0.0131555,0.0227544,0.648296,0.00020006,-6.18951e-28,-1.43112e-18,-4.93004e-28,0.00020006,-3.23006e-20,-1.43121e-18,-3.22979e-20,0.00020006
-0.666241,-0.307998,1.61657,-0.663964,-0.306898,1.61452,0.00830391,0.0134305,0.0222408,0.566749,0.000200038,-3.96091e-28,-9.1583e-19,-3.15492e-28,0.000200038,-2.06704e-20,-9.15884e-19,-2.06687e-20,0.000200038
-0.66577,-0.307771,1.61615,-0.663884,-0.306864,1.61447,0.00877545,0.0136574,0.0218216,0.565952,0.000200025,-2.53483e-28,-5.86095e-19,-2.01903e-28,0.000200025,-1.32283e-20,-5.8613e-19,-1.32271e-20,0.000200025
-0.665383,-0.307581,1.6158,-0.663836,-0.306821,1.61439,0.00938282,0.01412,0.0180793,0.569189,0.000200016,-1.62223e-28,-3.75086e-19,-1.29213e-28,0.000200016,-8.46575e-21,-3.75108e-19,-8.46503e-21,0.000200016
-0.665065,-0.307424,1.6155,-0.663793,-0.306794,1.61431,0.00970086,0.0142775,0.0177807,0.562432,0.00020001,-1.0382e-28,-2.40049e-19,-8.26941e-29,0.00020001,-5.41794e-21,-2.40063e-19,-5.41748e-21,0.00020001
-0.664803,-0.30729,1.61525,-0.663754,-0.306758,1.61426,0.00998645,0.0144375,0.0173023,0.555675,0.000200006,-6.64436e-29,-1.53629e-19,-5.29234e-29,0.000200006,-3.46743e-21,-1.53638e-19,-3.46713e-21,0.000200006
-0.66536,-0.307659,1.61641,-0.667588,-0.309132,1.62102,0.00942945,0.0140692,0.0184554,1.11886,0.000200004,-4.25235e-29,-9.83215e-20,-3.38706e-29,0.000200004,-2.21913e-21,-9.83273e-20,-2.21894e-21,0.000200004
-0.665796,-0.307988,1.61737,-0.667542,-0.309303,1.62122,0.00868913,0.0133958,0.0237592,1.11538,0.000200003,-2.72148e-29,-6.29254e-20,-2.1677e-29,0.000200003,-1.42023e-21,-6.29291e-20,-1.42011e-21,0.000200003
-0.666141,-0.308257,1.61816,-0.66752,-0.309335,1.62131,0.00834446,0.0131263,0.0245467,1.13512,0.000200002,-1.74174e-29,-4.02721e-20,-1.38733e-29,0.000200002,-9.08946e-22,-4.02744e-20,-9.08869e-22,0.000200002
-0.666413,-0.30848,1.6188,-0.667502,-0.309373,1.62138,0.00807217,0.0129031,0.0251916,1.13512,0.000200001,-1.11471e-29,-2.57741e-20,-8.87886e-30,0.000200001,-5.81724e-22,-2.57756e-20,-5.81675e-22,0.000200001
-0.666625,-0.308667,1.61933,-0.667474,-0.309415,1.62145,0.00787666,0.0128163,0.0250715,1.11649,0.000200001,-7.13415e-30,-1.64954e-20,-5.68246e-30,0.000200001,-3.72303e-22,-1.64963e-20,-3.72271e-22,0.000200001
-0.666793,-0.308826,1.61976,-0.667463,-0.309462,1.62146,0.00770919,0.0126574,0.0254971,1.12306,0.0002,-4.56585e-30,-1.0557e-20,-3.63677e-30,0.0002,-2.38273e-22,-1.05576e-20,-2.38253e-22,0.0002
-0.666381,-0.308336,1.62474,-0.664733,-0.306376,1.64468,0.00808342,0.0131986,0.0303914,0.463244,0.0002,-2.92214e-30,-6.75649e-21,-2.32753e-30,0.0002,-1.52495e-22,-6.75689e-21,-1.52482e-22,0.0002
-0.666028,-0.308063,1.62857,-0.664515,-0.306856,1.64541,0.00843664,0.0134722,0.0342154,0.467732,0.0002,-7.55784e-14,3.5807e-09,-7.55784e-14,0.0002,-3.21633e-09,3.5807e-09,-3.21633e-09,0.0002
-0.665743,-0.307976,1.63143,-0.664419,-0.307191,1.64601,0.00872114,0.013559,0.0370829,0.448259,0.0002,-8.74143e-13,1.62708e-08,-8.74143e-13,0.0002,-8.07873e-09,1.62708e-08,-8.07873e-09,0.0002
-0.665496,-0.307968,1.63362,-0.664324,-0.3075,1.64649,0.0093216,0.0138646,0.0356763,0.455016,0.0002,-1.92548e-12,2.44082e-08,-1.92548e-12,0.0002,-1.11542e-08,2.44082e-08,-1.11542e-08,0.0002
-0.665265,-0.307947,1.63575,-0.664243,-0.30775,1.64687,0.00955261,0.0138856,0.0378099,0.46853,0.0002,-1.66392e-12,1.92295e-08,-1.66392e-12,0.0002,-1.0324e-08,1.92295e-08,-1.0324e-08,0.0002
-0.666002,-0.307565,1.63304,-0.668949,-0.306035,1.62325,0.00868425,0.0143008,0.0349319,1.00273,0.0002,-9.63266e-13,1.23069e-08,-9.63266e-13,0.0002,-6.60738e-09,1.23069e-08,-6.60738e-09,0.0002
-0.666607,-0.307225,1.63102,-0.669025,-0.305864,1.62293,0.00807958,0.014641,0.0329102,1.01758,0.0002,-5.74856e-13,7.87641e-09,-5.74856e-13,0.0002,-4.22872e-09,7.87641e-09,-4.22872e-09,0.0002
-0.667109,-0.306925,1.62934,-0.669115,-0.305726,1.62262,0.00757801,0.0149407,0.0312297,0.984463,0.0002,-3.50855e-13,5.0409e-09,-3.50855e-13,0.0002,-2.70638e-09,5.0409e-09,-2.70638e-09,0.0002
-0.667517,-0.306657,1.62796,-0.669149,-0.305586,1.62246,0.00692299,0.014934,0.0332642,0.984463,0.0002,-2.17562e-13,3.22618e-09,-2.17562e-13,0.0002,-1.73208e-09,3.22618e-09,-1.73208e-09,0.0002
-0.667852,-0.306428,1.6268,-0.669193,-0.305511,1.62215,0.00658774,0.0151631,0.0321017,0.971218,0.0002,-1.36379e-13,2.06475e-09,-1.36379e-13,0.0002,-1.10853e-09,2.06475e-09,-1.10853e-09,0.0002
-0.668129,-0.306225,1.62585,-0.669239,-0.305415,1.62204,0.00648211,0.0156493,0.0280204,0.964322,0.0002,-8.61105e-14,1.32144e-09,-8.61105e-14,0.0002,-7.09462e-10,1.32144e-09,-7.09462e-10,0.0002
-0.668038,-0.306467,1.62547,-0.667675,-0.307436,1.62396,0.00657291,0.0154071,0.0276421,0.761899,0.0002,-5.46307e-14,8.45723e-10,-5.46307e-14,0.0002,-4.54056e-10,8.45723e-10,-4.54056e-10,0.0002
-0.667964,-0.306666,1.62517,-0.667667,-0.307463,1.62397,0.00664711,0.0152081,0.0273407,0.76861,0.0002,-3.4767e-14,5.41263e-10,-3.4767e-14,0.0002,-2.90596e-10,5.41263e-10,-2.90596e-10,0.0002
-0.667883,-0.306807,1.62504,-0.667659,-0.30748,1.62402,0.00674145,0.0150835,0.0269942,0.761899,0.0002,-8.60552e-14,-3.23734e-09,-8.60552e-14,0.0002,3.02695e-09,-3.23734e-09,3.02695e-09,0.0002
-0.667807,-0.306731,1.62526,-0.667659,-0.3075,1.62405,0.00681734,0.0151596,0.0272093,0.761899,0.0002,-1.66623e-12,-3.64274e-08,-1.66623e-12,0.0002,6.87088e-09,-3.64274e-08,6.87088e-09,0.0002
-0.667858,-0.30624,1.62583,-0.667675,-0.30745,1.62395,0.00676679,0.0156507,0.0277764,0.761899,0.0002,6.34194e-12,-1.24881e-07,6.34194e-12,0.0002,-8.06245e-09,-1.24881e-07,-8.06245e-09,0.0002
-0.667956,-0.305778,1.62524,-0.667735,-0.309329,1.62342,0.00663182,0.0161469,0.0271015,0.928891,0.0002,4.20911e-11,-2.52675e-07,4.20911e-11,0.0002,-2.48792e-08,-2.52675e-07,-2.48792e-08,0.0002
-0.668017,-0.304882,1.62418,-0.667836,-0.309156,1.62306,0.00657071,0.0170431,0.026044,0.928891,0.000200001,8.66323e-11,-4.13199e-07,8.66323e-11,0.0002,-2.94327e-08,-4.13199e-07,-2.94327e-08,0.0002
-0.668147,-0.303738,1.62326,-0.667935,-0.308923,1.62269,0.00622354,0.0179132,0.0285535,0.915469,0.000200002,1.75877e-10,-5.76766e-07,1.75877e-10,0.0002,-4.20997e-08,-5.76766e-07,-4.20997e-08,0.000199999
-0.66834,-0.302341,1.62267,-0.668061,-0.308627,1.62236,0.00603115,0.01931,0.0279598,0.902986,0.000200004,3.31445e-10,-7.49085e-07,3.31445e-10,0.0002,-6.03318e-08,-7.49085e-07,-6.03318e-08,0.000199999
-0.668416,-0.300979,1.622,-0.668159,-0.308387,1.62193,0.00595506,0.0206722,0.0272939,0.916312,0.000200006,3.96645e-10,-8.9085e-07,3.96645e-10,0.0002,-5.62992e-08,-8.9085e-07,-5.62992e-08,0.000199998
-0.6685,-0.299711,1.62137,-0.668254,-0.308135,1.62141,0.00624285,0.0190818,0.0246182,0.894427,0.000200008,4.51572e-10,-1.00198e-06,4.51572e-10,0.0002,-5.44762e-08,-1.00198e-06,-5.44762e-08,0.000199998
-0.668402,-0.29711,1.6208,-0.667548,-0.299885,1.62164,0.00634146,0.0216833,0.02405,0.665023,0.000200009,4.56691e-10,-1.06309e-06,4.56691e-10,0.0002,-4.90717e-08,-1.06309e-06,-4.90717e-08,0.000199997
-0.668384,-0.294932,1.61986,-0.667747,-0.299504,1.62077,0.00616223,0.0180182,0.0260125,0.66275,0.00020001,4.79186e-10,-1.10544e-06,4.79186e-10,0.0002,-4.87748e-08,-1.10544e-06,-4.87748e-08,0.000199997
-0.668479,-0.293051,1.61846,-0.667967,-0.299111,1.62008,0.0060672,0.0198996,0.0246065,0.639199,0.000200011,5.73371e-10,-1.14229e-06,5.73371e-10,0.0002,-5.85919e-08,-1.14229e-06,-5.85919e-08,0.000199996
-0.668592,-0.291377,1.61635,-0.668151,-0.29848,1.61932,0.00595408,0.0215735,0.0225014,0.630896,0.000200012,6.46252e-10,-1.17273e-06,6.46252e-10,0.0002,-6.41182e-08,-1.17273e-06,-6.41182e-08,0.000199996
-0.668688,-0.289931,1.61388,-0.668409,-0.297958,1.6185,0.00649384,0.0141452,0.0164831,0.6404,0.000200013,6.39292e-10,-1.19258e-06,6.39292e-10,0.0002,-5.95815e-08,-1.19258e-06,-5.95815e-08,0.000199996
-0.668757,-0.288598,1.61174,-0.668586,-0.29751,1.61764,0.006425,0.0154785,0.0143375,0.623252,0.000200013,5.76403e-10,-1.21919e-06,5.76403e-10,0.0002,-4.93227e-08,-1.21919e-06,-4.93227e-08,0.000199995
-0.66742,-0.284888,1.60635,-0.662188,-0.284102,1.59933,0.00760343,0.00977786,0.0120897,0.244943,0.000200014,4.01839e-10,-1.22995e-06,4.01839e-10,0.0002,-2.79211e-08,-1.22995e-06,-2.79211e-08,0.000199995
-0.666292,-0.281736,1.60248,-0.661973,-0.28276,1.59739,0.00873144,0.0129291,0.00822075,0.194892,0.000200014,2.42153e-10,-1.22321e-06,2.42153e-10,0.0002,-1.18183e-08,-1.22321e-06,-1.18183e-08,0.000199995
-0.665436,-0.279001,1.60004,-0.661828,-0.281674,1.59548,0.00958738,0.0156644,0.00578019,0.202815,0.000200014,2.2064e-10,-1.21847e-06,2.2064e-10,0.0002,-1.39967e-08,-1.21847e-06,-1.39967e-08,0.000199995
-0.664684,-0.276623,1.59845,-0.661736,-0.280729,1.59419,0.0104286,0.00991022,0.0148125,0.193552,0.000200014,1.49356e-10,-1.21564e-06,1.49356e-10,0.0002,-7.86209e-09,-1.21564e-06,-7.86209e-09,0.000199995
-0.664111,-0.274502,1.59717,-0.66158,-0.27974,1.59255,0.0110019,0.0120303,0.0135256,0.201097,0.000200014,1.74521e-10,-1.21695e-06,1.74521e-10,0.0002,-1.37129e-08,-1.21695e-06,-1.37129e-08,0.000199995
-0.665532,-0.267905,1.59518,-0.671021,-0.255235,1.58773,0.00953876,0.0103902,0.0154333,2.30502,0.000200014,1.93295e-10,-1.21779e-06,1.93295e-10,0.0002,-1.68924e-08,-1.21779e-06,-1.68924e-08,0.000199995
-0.666648,-0.262588,1.59373,-0.671144,-0.255041,1.58735,0.00842299,0.0157078,0.0139775,2.29508,0.000200014,1.48772e-10,-1.21852e-06,1.48772e-10,0.0002,-1.13663e-08,-1.21852e-06,-1.13663e-08,0.000199995
-0.66754,-0.258331,1.59251,-0.671156,-0.254817,1.5871,0.0075315,0.0199642,0.0127615,2.29794,0.000200014,1.06844e-10,-1.21218e-06,1.06844e-10,0.0002,-7.03331e-09,-1.21218e-06,-7.03331e-09,0.000199995
-0.668295,-0.2548,1.59146,-0.671157,-0.254607,1.58674,0.00660149,0.0146972,0.014685,2.28064,0.000200014,1.27975e-10,-1.22158e-06,1.27975e-10,0.0002,-1.08368e-08,-1.22158e-06,-1.08368e-08,0.000199995
-0.668887,-0.251927,1.59023,-0.67121,-0.254262,1.58632,0.00600988,0.0175705,0.0134526,2.29769,0.000200014,1.13133e-10,-1.22427e-06,1.13133e-10,0.0002,-9.15945e-09,-1.22427e-06,-9.15945e-09,0.000199995
-0.669417,-0.249565,1.58896,-0.671291,-0.253942,1.58592,0.00501129,0.015383,0.01256,2.29271,0.000200014,1.51013e-10,-1.22587e-06,1.51013e-10,0.0002,-1.42315e-08,-1.22587e-06,-1.42315e-08,0.000199995
-0.668333,-0.246396,1.58751,-0.66386,-0.24808,1.58535,0.00609513,0.0185516,0.0111069,0.322834,0.000200014,1.52124e-10,-1.24397e-06,1.52124e-10,0.0002,-1.36337e-08,-1.24397e-06,-1.36337e-08,0.000199995
-0.667431,-0.243806,1.58667,-0.664032,-0.247487,1.5844,0.00699715,0.0211423,0.0102732,0.315188,0.000200014,6.35568e-11,-1.24553e-06,6.35568e-11,0.0002,-2.50444e-09,-1.24553e-06,-2.50444e-09,0.000199995
-0.666691,-0.241677,1.58632,-0.664066,-0.247101,1.58335,0.00789945,0.0143035,0.0110759,0.317265,0.000200014,-3.58829e-11,-1.24317e-06,-3.58829e-11,0.0002,8.16035e-09,-1.24317e-06,8.16035e-09,0.000199995
-0.666101,-0.239862,1.58567,-0.664082,-0.246541,1.58256,0.00848927,0.0161184,0.0104253,0.304537,0.000200014,-1.14854e-10,-1.24166e-06,-1.14854e-10,0.0002,1.52605e-08,-1.24166e-06,1.52605e-08,0.000199995
-0.665735,-0.238238,1.58463,-0.66408,-0.245994,1.58153,0.00895952,0.00884346,0.0122288,0.295838,0.000200015,-3.83477e-11,-1.25064e-06,-3.83477e-11,0.0002,3.10414e-09,-1.25064e-06,3.10414e-09,0.000199995
-0.665641,-0.233861,1.58702,-0.665093,-0.230495,1.59815,0.00905263,0.0132212,0.014622,0.428076,0.000200015,-6.40002e-12,-1.25303e-06,-6.40002e-12,0.0002,-6.95486e-10,-1.25303e-06,-6.95486e-10,0.000199995
-0.665608,-0.230312,1.58838,-0.665166,-0.230367,1.59794,0.00908641,0.0167698,0.0159777,0.422329,0.000200015,5.39754e-11,-1.25791e-06,5.39754e-11,0.0002,-7.37221e-09,-1.25791e-06,-7.37221e-09,0.000199995
-0.665602,-0.227472,1.5898,-0.665269,-0.230148,1.59755,0.00855828,0.0102802,0.0126773,0.422329,0.000200015,1.06796e-10,-1.25422e-06,1.06796e-10,0.0002,-1.23833e-08,-1.25422e-06,-1.23833e-08,0.000199995
-0.66558,-0.225112,1.59127,-0.665389,-0.229923,1.59717,0.0085799,0.0126407,0.0141517,0.410835,0.000200015,9.94767e-11,-1.25877e-06,9.94767e-11,0.0002,-9.78444e-09,-1.25877e-06,-9.78444e-09,0.000199995
-0.665616,-0.223191,1.59265,-0.665547,-0.229652,1.59661,0.00942762,0.0060324,0.0174709,0.405088,0.000200015,1.25834e-10,-1.25821e-06,1.25834e-10,0.0002,-1.23022e-08,-1.25821e-06,-1.23022e-08,0.000199995
-0.665673,-0.221553,1.59345,-0.665674,-0.229358,1.59614,0.00937031,0.00767028,0.0182723,0.416582,0.000200015,1.51927e-10,-1.26464e-06,1.51927e-10,0.0002,-1.45703e-08,-1.26464e-06,-1.45703e-08,0.000199994
-0.665659,-0.215606,1.59442,-0.665352,-0.205964,1.5988,0.00927756,0.00388492,0.0211984,0.502652,0.000200015,1.71753e-10,-1.26195e-06,1.71753e-10,0.0002,-1.61178e-08,-1.26195e-06,-1.61178e-08,0.000199994
-0.665639,-0.210807,1.5947,-0.6653,-0.205755,1.59842,0.00929783,0.00868384,0.0214811,0.489489,0.000200015,1.88005e-10,-1.26023e-06,1.88005e-10,0.0002,-1.73111e-08,-1.26023e-06,-1.73111e-08,0.000199994
-0.665754,-0.20678,1.59512,-0.665741,-0.205235,1.59733,0.00918284,0.012711,0.0219043,0.489489,0.000200015,2.64019e-10,-1.27257e-06,2.64019e-10,0.0002,-2.55653e-08,-1.27257e-06,-2.55653e-08,0.000199994
-0.66575,-0.203465,1.59541,-0.665801,-0.204672,1.59653,0.0090058,0.0119168,0.0188765,0.459303,0.000200015,1.82328e-10,-1.27747e-06,1.82328e-10,0.0002,-1.40114e-08,-1.27747e-06,-1.40114e-08,0.000199994
-0.665816,-0.200719,1.59586,-0.665942,-0.203991,1.5956,0.00894018,0.0146621,0.0193291,0.457877,0.000200015,1.73259e-10,-1.27363e-06,1.73259e-10,0.0002,-1.36206e-08,-1.27363e-06,-1.36206e-08,0.000199994
-0.665733,-0.196572,1.59576,-0.66526,-0.194233,1.59538,0.00907332,0.0044242,0.0233528,0.548351,0.000200015,1.66666e-10,-1.27117e-06,1.66666e-10,0.0002,-1.33409e-08,-1.27117e-06,-1.33409e-08,0.000199994
-0.665695,-0.193219,1.59578,-0.665294,-0.194163,1.59534,0.00911145,0.0077772,0.0233702,0.537933,0.000200015,1.9161e-10,-1.27292e-06,1.9161e-10,0.0002,-1.66646e-08,-1.27292e-06,-1.66646e-08,0.000199994
-0.665733,-0.190561,1.59513,-0.665425,-0.194069,1.59514,0.00907353,0.0104349,0.0227235,0.52718,0.000200015,2.63316e-10,-1.26707e-06,2.63316e-10,0.0002,-2.5082e-08,-1.26707e-06,-2.5082e-08,0.000199994
-0.665784,-0.188372,1.59475,-0.665532,-0.193966,1.59478,0.00892088,0.00782953,0.0212417,0.532556,0.000200015,3.20694e-10,-1.27014e-06,3.20694e-10,0.0002,-3.04565e-08,-1.27014e-06,-3.04565e-08,0.000199994
-0.665754,-0.186487,1.59435,-0.665601,-0.193736,1.59429,0.00895042,0.00971413,0.0208389,0.520831,0.000200015,2.53899e-10,-1.28604e-06,2.53899e-10,0.0002,-2.04323e-08,-1.28604e-06,-2.04323e-08,0.000199994
-0.665813,-0.185041,1.59446,-0.665716,-0.193505,1.59388,0.00866511,0.00229337,0.0212027,0.50978,0.000200015,2.79298e-10,-1.27896e-06,2.79298e-10,0.0002,-2.39342e-08,-1.27896e-06,-2.39342e-08,0.000199994
-0.665784,-0.179574,1.5966,-0.665266,-0.171737,1.60518,0.00869437,0.00776085,0.0233444,0.508813,0.000200015,2.96658e-10,-1.26762e-06,2.96658e-10,0.0002,-2.59482e-08,-1.26762e-06,-2.59482e-08,0.000199994
-0.665739,-0.17514,1.59823,-0.665241,-0.171759,1.60524,0.00873892,0.0121947,0.0249677,0.498175,0.000200015,2.93081e-10,-1.27064e-06,2.93081e-10,0.0002,-2.50008e-08,-1.27064e-06,-2.50008e-08,0.000199994
-0.665707,-0.171504,1.59946,-0.66524,-0.171528,1.60491,0.00883247,0.00651566,0.0248605,0.500319,0.000200015,2.98554e-10,-1.27936e-06,2.98554e-10,0.0002,-2.5326e-08,-1.27936e-06,-2.5326e-08,0.000199994
-0.665728,-0.168566,1.60008,-0.665265,-0.17116,1.60414,0.0088107,0.00945402,0.0254843,0.505638,0.000200015,3.60793e-10,-1.27794e-06,3.60793e-10,0.0002,-3.25996e-08,-1.27794e-06,-3.25996e-08,0.000199994
-0.665697,-0.166054,1.60065,-0.665224,-0.17079,1.60341,0.00876945,0.00294684,0.0267962,0.490485,0.000200015,3.62345e-10,-1.29082e-06,3.62345e-10,0.0002,-3.12531e-08,-1.29082e-06,-3.12531e-08,0.000199994
-0.665424,-0.160888,1.60011,-0.664019,-0.155001,1.59745,0.00904255,0.00811361,0.0262574,0.294416,0.000200016,3.65207e-10,-1.29905e-06,3.65207e-10,0.0002,-3.07794e-08,-1.29905e-06,-3.07794e-08,0.000199994
-0.665191,-0.156815,1.59998,-0.664069,-0.154988,1.59741,0.00927556,0.0121865,0.0261303,0.299492,0.000200016,3.32549e-10,-1.29422e-06,3.32549e-10,0.0002,-2.66988e-08,-1.29422e-06,-2.66988e-08,0.000199994
-0.664995,-0.153524,1.59936,-0.66402,-0.154824,1.59688,0.00958134,0.00628011,0.0276789,0.28934,0.000200016,3.03827e-10,-1.29113e-06,3.03827e-10,0.0002,-2.37889e-08,-1.29113e-06,-2.37889e-08,0.000199994
-0.664818,-0.150824,1.59823,-0.663725,-0.15427,1.59577,0.00975783,0.00898014,0.0265458,0.274112,0.000200015,3.3187e-10,-1.28217e-06,3.3187e-10,0.0002,-2.80124e-08,-1.28217e-06,-2.80124e-08,0.000199994
-0.664721,-0.148628,1.59676,-0.663647,-0.153765,1.59452,0.00876445,0.00157281,0.0224083,0.276214,0.000200015,4.29436e-10,-1.26597e-06,4.29436e-10,0.0002,-3.99573e-08,-1.26597e-06,-3.99573e-08,0.000199994
-0.664557,-0.146602,1.59568,-0.66354,-0.153173,1.59344,0.0089281,0.00359829,0.0213287,0.271613,0.000200015,4.28077e-10,-1.27971e-06,4.28077e-10,0.0002,-3.75209e-08,-1.27971e-06,-3.75209e-08,0.000199994
-0.66499,-0.141158,1.59712,-0.6663,-0.134051,1.60391,0.00849557,0.00904289,0.0227689,0.576332,0.000200015,4.21151e-10,-1.28851e-06,4.21151e-10,0.0002,-3.55761e-08,-1.28851e-06,-3.55761e-08,0.000199994
-0.665308,-0.136866,1.59891,-0.66637,-0.134163,1.60402,0.00870851,0.008995,0.0261048,0.571332,0.000200015,3.62685e-10,-1.28749e-06,3.62685e-10,0.0002,-2.83854e-08,-1.28749e-06,-2.83854e-08,0.000199994
-0.665605,-0.133411,1.60032,-0.666359,-0.134047,1.60387,0.00841112,0.0124505,0.0275113,0.576332,0.000200015,3.80459e-10,-1.28663e-06,3.80459e-10,0.0002,-3.14184e-08,-1.28663e-06,-3.14184e-08,0.000199994
-0.665847,-0.130575,1.6008,-0.66647,-0.133799,1.60325,0.0086904,0.00599201,0.0307351,0.576332,0.000200016,3.7149e-10,-1.28958e-06,3.7149e-10,0.0002,-3.04091e-08,-1.28958e-06,-3.04091e-08,0.000199994
-0.666027,-0.12827,1.60081,-0.666509,-0.133516,1.60291,0.00851023,0.0082966,0.0307436,0.579301,0.000200015,3.34646e-10,-1.28816e-06,3.34646e-10,0.0002,-2.63057e-08,-1.28816e-06,-2.63057e-08,0.000199994
-0.666221,-0.126327,1.60073,-0.666541,-0.133222,1.60246,0.00831648,0.0102403,0.03066,0.554301,0.000200016,3.66311e-10,-1.29385e-06,3.66311e-10,0.0002,-3.06877e-08,-1.29385e-06,-3.06877e-08,0.000199994
-0.666359,-0.121221,1.60013,-0.666489,-0.115681,1.59771,0.00803049,0.00600876,0.0265367,0.588881,0.000200016,3.97551e-10,-1.30429e-06,3.97551e-10,0.0002,-3.38997e-08,-1.30429e-06,-3.38997e-08,0.000199994
-0.666513,-0.117179,1.60005,-0.666505,-0.115677,1.5977,0.00787653,0.0100506,0.0264648,0.588881,0.000200016,4.76765e-10,-1.30397e-06,4.76765e-10,0.0002,-4.25147e-08,-1.30397e-06,-4.25147e-08,0.000199994
-0.666573,-0.113969,1.60008,-0.666513,-0.1157,1.59761,0.00856706,0.00396366,0.0285944,0.579174,0.000200016,4.4994e-10,-1.30067e-06,4.4994e-10,0.0002,-3.77483e-08,-1.30067e-06,-3.77483e-08,0.000199994
-0.666575,-0.111333,1.5996,-0.666496,-0.11536,1.59714,0.00856492,0.00660037,0.0281085,0.570807,0.000200016,3.66659e-10,-1.29876e-06,3.66659e-10,0.0002,-2.76668e-08,-1.29876e-06,-2.76668e-08,0.000199994
-0.666571,-0.10921,1.59888,-0.666477,-0.115082,1.59653,0.00856953,0.00872285,0.0273912,0.568689,0.000200016,2.94784e-10,-1.29073e-06,2.94784e-10,0.0002,-2.06723e-08,-1.29073e-06,-2.06723e-08,0.000199994
-0.666483,-0.103631,1.59925,-0.6657,-0.0959875,1.60178,0.00745273,0.00464813,0.0262616,0.431017,0.000200016,3.26855e-10,-1.29552e-06,3.26855e-10,0.0002,-2.62967e-08,-1.29552e-06,-2.62967e-08,0.000199994
-0.666355,-0.0991237,1.59956,-0.665614,-0.0959822,1.60184,0.00758058,0.00915588,0.0265704,0.440967,0.000200016,3.01161e-10,-1.30558e-06,3.01161e-10,0.0002,-2.34583e-08,-1.30558e-06,-2.34583e-08,0.000199994
-0.666285,-0.0955263,1.6005,-0.665675,-0.0959166,1.6017,0.00807482,0.00337467,0.0251148,0.435992,0.000200016,3.13902e-10,-1.3085e-06,3.13902e-10,0.0002,-2.55221e-08,-1.3085e-06,-2.55221e-08,0.000199994
-0.66617,-0.0926028,1.60106,-0.665484,-0.0955858,1.6012,0.00819009,0.00629815,0.0256678,0.415284,0.000200016,2.97529e-10,-1.30707e-06,2.97529e-10,0.0002,-2.37238e-08,-1.30707e-06,-2.37238e-08,0.000199994
-0.666027,-0.0902316,1.60127,-0.665338,-0.0953205,1.60058,0.00833325,0.00866937,0.0258813,0.404901,0.000200016,2.55916e-10,-1.30285e-06,2.55916e-10,0.0002,-1.92659e-08,-1.30285e-06,-1.92659e-08,0.000199994
-0.665861,-0.0882905,1.60078,-0.66519,-0.0949971,1.59983,0.00903767,0.00121703,0.027806,0.389976,0.000200016,1.91603e-10,-1.29685e-06,1.91603e-10,0.0002,-1.27062e-08,-1.29685e-06,-1.27062e-08,0.000199994
-0.665678,-0.08287,1.6014,-0.664804,-0.0757614,1.60442,0.00922059,0.00663756,0.02843,0.552956,0.000200016,1.70639e-10,-1.29631e-06,1.70639e-10,0.0002,-1.1842e-08,-1.29631e-06,-1.1842e-08,0.000199994
-0.665571,-0.0785084,1.60215,-0.664776,-0.0758417,1.60465,0.00809129,0.00215774,0.0268812,0.552956,0.000200016,2.2005e-10,-1.30256e-06,2.2005e-10,0.0002,-1.8713e-08,-1.30256e-06,-1.8713e-08,0.000199994
-0.665387,-0.074977,1.60257,-0.664503,-0.0754249,1.60373,0.00827531,0.00568915,0.0272994,0.552956,0.000200016,2.03155e-10,-1.29996e-06,2.03155e-10,0.0002,-1.64483e-08,-1.29996e-06,-1.64483e-08,0.000199994
-0.665159,-0.0721078,1.60313,-0.664114,-0.074992,1.60278,0.00850293,0.00855836,0.0278584,0.552956,0.000200016,1.90549e-10,-1.29149e-06,1.90549e-10,0.0002,-1.52146e-08,-1.29149e-06,-1.52146e-08,0.000199994
-0.664895,-0.0696269,1.60322,-0.663588,-0.07438,1.60153,0.0100945,0.00199389,0.0314814,0.529345,0.000200016,2.15241e-10,-1.29616e-06,2.15241e-10,0.0002,-1.83593e-08,-1.29616e-06,-1.83593e-08,0.000199994
-0.665209,-0.0641569,1.60555,-0.666137,-0.0567394,1.61486,0.00977979,0.00746392,0.0338105,0.622266,0.000200016,2.30821e-10,-1.29235e-06,2.30821e-10,0.0002,-1.99518e-08,-1.29235e-06,-1.99518e-08,0.000199994
-0.665456,-0.0598228,1.60694,-0.666196,-0.0568459,1.6151,0.00953328,0.011798,0.0352044,0.61809,0.000200016,2.19159e-10,-1.28661e-06,2.19159e-10,0.0002,-1.82322e-08,-1.28661e-06,-1.82322e-08,0.000199994
-0.665746,-0.0562279,1.60832,-0.666314,-0.056727,1.61484,0.0090531,0.0105853,0.0331984,0.622266,0.000200016,3.10517e-10,-1.29956e-06,3.10517e-10,0.0002,-2.87643e-08,-1.29956e-06,-2.87643e-08,0.000199994
-0.665913,-0.0532931,1.60984,-0.666304,-0.056551,1.61436,0.00888535,0.0135201,0.034719,0.612216,0.000200016,3.06297e-10,-1.31161e-06,3.06297e-10,0.0002,-2.63935e-08,-1.31161e-06,-2.63935e-08,0.000199994
-0.666048,-0.050993,1.61141,-0.666314,-0.0563642,1.61404,0.00875088,0.0158202,0.0362853,0.59714,0.000200016,3.02135e-10,-1.3057e-06,3.02135e-10,0.0002,-2.53107e-08,-1.3057e-06,-2.53107e-08,0.000199994
-0.666175,-0.0490992,1.61248,-0.666291,-0.0561975,1.61368,0.00807557,0.00342695,0.0383615,0.602663,0.000200016,3.3454e-10,-1.30516e-06,3.3454e-10,0.0002,-2.88288e-08,-1.30516e-06,-2.88288e-08,0.000199994
-0.666565,-0.0443338,1.61182,-0.668072,-0.0396402,1.60969,0.00768619,0.00819236,0.0377012,0.650928,0.000200016,2.68228e-10,-1.29504e-06,2.68228e-10,0.0002,-2.05353e-08,-1.29504e-06,-2.05353e-08,0.000199994
-0.666976,-0.0405243,1.61085,-0.668151,-0.039637,1.60955,0.00779728,0.00707772,0.0327416,0.635928,0.000200016,3.25677e-10,-1.28801e-06,3.25677e-10,0.0002,-2.8288e-08,-1.28801e-06,-2.8288e-08,0.000199994
-0.667295,-0.0373605,1.61014,-0.66819,-0.0395918,1.60934,0.00747911,0.0102415,0.0320266,0.630928,0.000200016,3.49074e-10,-1.30067e-06,3.49074e-10,0.0002,-3.01358e-08,-1.30067e-06,-3.01358e-08,0.000199994
-0.667666,-0.0347574,1.60984,-0.668239,-0.0395298,1.60916,0.00653534,0.00384777,0.0322382,0.635928,0.000200016,5.18153e-10,-1.3183e-06,5.18153e-10,0.0002,-4.85661e-08,-1.3183e-06,-4.85661e-08,0.000199994
-0.667897,-0.0327308,1.6099,-0.668247,-0.0395033,1.60908,0.00630425,0.00587433,0.0322955,0.640928,0.000200016,5.58088e-10,-1.31979e-06,5.58088e-10,0.0002,-4.98019e-08,-1.31979e-06,-4.98019e-08,0.000199994
-0.66847,-0.0271064,1.61258,-0.67043,-0.0193912,1.62177,0.00573057,0.0114987,0.0349841,0.394078,0.000200016,4.95746e-10,-1.31773e-06,4.95746e-10,0.0002,-4.03455e-08,-1.31773e-06,-4.03455e-08,0.000199994
-0.66895,-0.0226781,1.61444,-0.670415,-0.0194236,1.62183,0.00584865,0.00595019,0.0350655,0.404998,0.000200016,4.75903e-10,-1.30606e-06,4.75903e-10,0.0002,-3.83555e-08,-1.30606e-06,-3.83555e-08,0.000199994
-0.6694,-0.0191614,1.61583,-0.67042,-0.0194326,1.6219,0.00539816,0.00946687,0.0364574,0.404078,0.000200016,5.51535e-10,-1.29472e-06,5.51535e-10,0.0002,-4.79308e-08,-1.29472e-06,-4.79308e-08,0.000199994
-0.66973,-0.0162347,1.61686,-0.670452,-0.0192999,1.62149,0.00503194,0.00311399,0.0399179,0.400167,0.000200016,5.68676e-10,-1.30133e-06,5.68676e-10,0.0002,-4.8509e-08,-1.30133e-06,-4.8509e-08,0.000199994
-0.670075,-0.0137921,1.61766,-0.670522,-0.019097,1.62086,0.00468674,0.00555664,0.040719,0.399998,0.000200016,6.80683e-10,-1.31527e-06,6.80683e-10,0.0002,-6.00964e-08,-1.31527e-06,-6.00964e-08,0.000199994
-0.670304,-0.0118255,1.6187,-0.670609,-0.0189434,1.62029,0.00520321,-0.00178406,0.0390832,0.394998,0.000200016,6.84313e-10,-1.32124e-06,6.84313e-10,0.0002,-5.78508e-08,-1.32124e-06,-5.78508e-08,0.000199994
-0.670148,-0.00641244,1.61835,-0.669274,0.000558194,1.61486,0.00535936,0.00362901,0.0387271,0.59901,0.000200016,5.91827e-10,-1.31534e-06,5.91827e-10,0.0002,-4.61603e-08,-1.31534e-06,-4.61603e-08,0.000199994
-0.670104,-0.00213049,1.6177,-0.669376,0.00064947,1.61459,0.00540348,0.00791096,0.0380782,0.60396,0.000200016,5.94608e-10,-1.30088e-06,5.94608e-10,0.0002,-4.80404e-08,-1.30088e-06,-4.80404e-08,0.000199994
-0.670133,0.00134342,1.61672,-0.669481,0.00068847,1.61439,0.0055249,0.00137973,0.039915,0.59914,0.000200016,6.56139e-10,-1.29813e-06,6.56139e-10,0.0002,-5.58238e-08,-1.29813e-06,-5.58238e-08,0.000199994
-0.670207,0.00426146,1.61574,-0.669609,0.000856002,1.61386,0.00545164,0.00429777,0.0389277,0.589239,0.000200016,7.43611e-10,-1.31324e-06,7.43611e-10,0.0002,-6.44639e-08,-1.31324e-06,-6.44639e-08,0.000199994
-0.670331,0.00664982,1.61514,-0.669841,0.00102318,1.61327,0.00473877,-0.00248809,0.0371098,0.589239,0.000200016,8.42582e-10,-1.32618e-06,8.42582e-10,0.0002,-7.32568e-08,-1.32618e-06,-7.32568e-08,0.000199994
-0.670452,0.012511,1.61522,-0.670272,0.0210809,1.61555,0.00461792,0.00337314,0.0371915,0.544118,0.000200016,8.19576e-10,-1.32473e-06,8.19576e-10,0.0002,-6.80042e-08,-1.32473e-06,-6.80042e-08,0.000199994
-0.670591,0.0170932,1.61545,-0.670518,0.0211842,1.61534,0.00447829,0.00795532,0.0374215,0.54902,0.000200016,7.82766e-10,-1.30339e-06,7.82766e-10,0.0002,-6.38925e-08,-1.30339e-06,-6.38925e-08,0.000199994
-0.670673,0.0208244,1.61547,-0.67067,0.0211783,1.61505,0.00491232,0.00664027,0.0351446,0.539216,0.000200016,6.74534e-10,-1.30039e-06,6.74534e-10,0.0002,-5.15645e-08,-1.30039e-06,-5.15645e-08,0.000199994
-0.670856,0.02387,1.615,-0.670824,0.0212885,1.61464,0.00472926,0.00968592,0.0346675,0.544118,0.000200016,7.08125e-10,-1.30467e-06,7.08125e-10,0.0002,-5.73451e-08,-1.30467e-06,-5.73451e-08,0.000199994
-0.671048,0.0263911,1.61465,-0.671056,0.0214981,1.61379,0.00439836,0.0031749,0.0372931,0.52451,0.000200016,7.4198e-10,-1.31422e-06,7.4198e-10,0.0002,-6.12415e-08,-1.31422e-06,-6.12415e-08,0.000199994
-0.671255,0.028536,1.61392,-0.671319,0.0219255,1.61252,0.00419183,0.00531981,0.0365565,0.539216,0.000200016,7.7248e-10,-1.32714e-06,7.7248e-10,0.0002,-6.37418e-08,-1.32714e-06,-6.37418e-08,0.000199994
-0.671368,0.0338855,1.61398,-0.671355,0.0404001,1.61839,0.00407857,0.0106694,0.0366231,0.49505,0.000200016,6.93821e-10,-1.32568e-06,6.93821e-10,0.0002,-5.40391e-08,-1.32568e-06,-5.40391e-08,0.000199994
-0.671518,0.0381187,1.61444,-0.671451,0.0403891,1.61836,0.00388114,0.00531657,0.0379934,0.485149,0.000200016,6.87093e-10,-1.31764e-06,6.87093e-10,0.0002,-5.46177e-08,-1.31764e-06,-5.46177e-08,0.000199994
-0.671642,0.0415755,1.61372,-0.671569,0.0406299,1.61754,0.00375676,0.00877339,0.0372663,0.490099,0.000200016,6.53378e-10,-1.31605e-06,6.53378e-10,0.0002,-5.14002e-08,-1.31605e-06,-5.14002e-08,0.000199994
-0.671765,0.0444994,1.61267,-0.671706,0.0414213,1.6152,0.00440497,0.00170054,0.0327566,0.509901,0.000200016,6.24552e-10,-1.31505e-06,6.24552e-10,0.0002,-4.89972e-08,-1.31505e-06,-4.89972e-08,0.000199994
-0.671929,0.0469748,1.61176,-0.671861,0.0423232,1.61278,0.00424074,0.00417593,0.031848,0.524752,0.000200016,6.54521e-10,-1.30734e-06,6.54521e-10,0.0002,-5.37316e-08,-1.30734e-06,-5.37316e-08,0.000199994
-0.672087,0.0491488,1.61101,-0.672014,0.043078,1.61059,0.00408215,0.00634996,0.0310978,0.529703,0.000200016,6.82591e-10,-1.30921e-06,6.82591e-10,0.0002,-5.68538e-08,-1.30921e-06,-5.68538e-08,0.000199994
-0.672242,0.054377,1.61237,-0.672235,0.060626,1.61677,0.00388551,0.00238783,0.0375259,0.455446,0.000200016,6.73801e-10,-1.30714e-06,6.73801e-10,0.0002,-5.53873e-08,-1.30714e-06,-5.53873e-08,0.000199994
-0.6724,0.0585411,1.61372,-0.672395,0.0605341,1.61705,0.00372758,0.00655192,0.0388771,0.460396,0.000200016,6.72652e-10,-1.30579e-06,6.72652e-10,0.0002,-5.52075e-08,-1.30579e-06,-5.52075e-08,0.000199994
-0.672508,0.0618995,1.61475,-0.672504,0.060661,1.61679,0.00355065,0.000234449,0.0439267,0.465347,0.000200016,6.1889e-10,-1.30519e-06,6.1889e-10,0.0002,-4.89263e-08,-1.30519e-06,-4.89263e-08,0.000199994
-0.672681,0.0645917,1.61454,-0.672633,0.0610213,1.61524,0.00337696,0.00292666,0.0437158,0.465347,0.000200016,6.56489e-10,-1.29416e-06,6.56489e-10,0.0002,-5.47201e-08,-1.29416e-06,-5.47201e-08,0.000199994
-0.672797,0.0669538,1.61402,-0.672725,0.0616279,1.61351,0.003261,0.00528874,0.0432007,0.475248,0.000200016,6.38551e-10,-1.30101e-06,6.38551e-10,0.0002,-5.21211e-08,-1.30101e-06,-5.21211e-08,0.000199994
-0.672616,0.072619,1.61121,-0.671213,0.0802988,1.60155,0.00342722,0.00637525,0.0412327,0.365618,0.000200016,6.8506e-10,-1.3119e-06,6.8506e-10,0.0002,-5.7306e-08,-1.3119e-06,-5.7306e-08,0.000199994
-0.672504,0.0771861,1.60939,-0.671518,0.0803612,1.60107,0.00353849,0.0109423,0.0394096,0.356049,0.000200016,6.86712e-10,-1.32246e-06,6.86712e-10,0.0002,-5.63264e-08,-1.32246e-06,-5.63264e-08,0.000199994
-0.672398,0.0807836,1.60821,-0.671567,0.0803948,1.60089,0.00370717,0.00505367,0.0396967,0.360834,0.000200016,6.4443e-10,-1.31918e-06,6.4443e-10,0.0002,-5.12054e-08,-1.31918e-06,-5.12054e-08,0.000199994
-0.672374,0.08368,1.60699,-0.671673,0.0804945,1.60059,0.00373079,0.00795012,0.0384831,0.354067,0.000200016,6.63361e-10,-1.31685e-06,6.63361e-10,0.0002,-5.4048e-08,-1.31685e-06,-5.4048e-08,0.000199994
-0.672274,0.0859636,1.60519,-0.671816,0.0806262,1.60003,0.00383107,0.0102337,0.0366767,0.354067,0.000200016,5.18117e-10,-1.3058e-06,5.18117e-10,0.0002,-3.7496e-08,-1.3058e-06,-3.7496e-08,0.000199994
-0.67233,0.0879726,1.6025,-0.672187,0.0812295,1.59849,0.00424046,-0.00182562,0.0292023,0.349282,0.000200016,4.84642e-10,-1.30861e-06,4.84642e-10,0.0002,-3.60654e-08,-1.30861e-06,-3.60654e-08,0.000199994
-0.672706,0.0934024,1.60108,-0.673698,0.10024,1.60574,0.00386479,0.00360414,0.0277807,0.59033,0.000200016,4.77741e-10,-1.31375e-06,4.77741e-10,0.0002,-3.69529e-08,-1.31375e-06,-3.69529e-08,0.000199994
-0.672943,0.0978066,1.59933,-0.67371,0.100425,1.60524,0.00362716,0.00800835,0.026026,0.600846,0.000200016,3.79414e-10,-1.32074e-06,3.79414e-10,0.0002,-2.64217e-08,-1.32074e-06,-2.64217e-08,0.000199994
-0.673249,0.101379,1.59798,-0.673784,0.100791,1.604,0.00330382,0.0021229,0.0266643,0.592938,0.000200016,4.42902e-10,-1.32138e-06,4.42902e-10,0.0002,-3.59492e-08,-1.32138e-06,-3.59492e-08,0.000199994
-0.673503,0.104404,1.59714,-0.673862,0.101628,1.60205,0.0030497,0.00514815,0.0258229,0.60387,0.000200016,4.9385e-10,-1.3218e-06,4.9385e-10,0.0002,-4.17776e-08,-1.3218e-06,-4.17776e-08,0.000199994
-0.673724,0.107078,1.5965,-0.67396,0.102472,1.60011,0.00282913,0.00782244,0.0251759,0.607921,0.000200017,5.39866e-10,-1.33569e-06,5.39866e-10,0.0002,-4.5691e-08,-1.33569e-06,-4.5691e-08,0.000199994
-0.673807,0.109243,1.59621,-0.674056,0.103114,1.59868,0.00299518,-4.54446e-06,0.0298284,0.633012,0.000200016,4.18318e-10,-1.32798e-06,4.18318e-10,0.0002,-3.07625e-08,-1.32798e-06,-3.07625e-08,0.000199994
-0.673332,0.114387,1.59774,-0.671543,0.120382,1.6044,0.00346933,0.00513914,0.0313603,0.500751,0.000200016,2.61946e-10,-1.31642e-06,2.61946e-10,0.0002,-1.44634e-08,-1.31642e-06,-1.44634e-08,0.000199994
-0.672976,0.118358,1.59956,-0.671441,0.120098,1.6053,0.00330503,0.000736802,0.0354412,0.496122,0.000200016,2.0379e-10,-1.29524e-06,2.0379e-10,0.0002,-1.14201e-08,-1.29524e-06,-1.14201e-08,0.000199994
-0.672713,0.121598,1.60134,-0.671425,0.120092,1.60534,0.00356798,0.00397644,0.0372161,0.496122,0.000200016,2.03269e-10,-1.29178e-06,2.03269e-10,0.0002,-1.4176e-08,-1.29178e-06,-1.4176e-08,0.000199994
-0.672556,0.12432,1.60182,-0.671562,0.120429,1.60429,0.00372508,0.00669858,0.0377012,0.496122,0.000200016,2.4254e-10,-1.29966e-06,2.4254e-10,0.0002,-2.00541e-08,-1.29966e-06,-2.00541e-08,0.000199994
-0.672494,0.126668,1.60191,-0.671664,0.120861,1.60278,0.00378631,0.0090463,0.0377893,0.502803,0.000200016,3.42309e-10,-1.3181e-06,3.42309e-10,0.0002,-3.12693e-08,-1.3181e-06,-3.12693e-08,0.000199994
-0.67222,0.132161,1.60173,-0.670959,0.139346,1.60462,0.00454385,0.0100011,0.0438956,0.405405,0.000200016,2.95387e-10,-1.31671e-06,2.95387e-10,0.0002,-2.40942e-08,-1.31671e-06,-2.40942e-08,0.000199994
-0.671993,0.136521,1.60181,-0.670928,0.13939,1.60474,0.0043896,0.00487319,0.0437597,0.441441,0.000200016,2.53598e-10,-1.30902e-06,2.53598e-10,0.0002,-1.93317e-08,-1.30902e-06,-1.93317e-08,0.000199994
-0.671775,0.139974,1.6028,-0.670865,0.139315,1.60468,0.00460753,0.00832602,0.0447472,0.400901,0.000200016,1.95349e-10,-1.3008e-06,1.95349e-10,0.0002,-1.33571e-08,-1.3008e-06,-1.33571e-08,0.000199994
-0.671662,0.142797,1.60358,-0.670845,0.139522,1.60414,0.00467041,0.0015074,0.0439514,0.40991,0.000200016,2.4299e-10,-1.29861e-06,2.4299e-10,0.0002,-2.0366e-08,-1.29861e-06,-2.0366e-08,0.000199994
-0.671565,0.145228,1.60352,-0.670799,0.139962,1.60274,0.00476712,0.00393878,0.043886,0.414414,0.000200016,2.89588e-10,-1.3108e-06,2.89588e-10,0.0002,-2.54239e-08,-1.3108e-06,-2.54239e-08,0.000199994
-0.67148,0.147383,1.60265,-0.670765,0.140796,1.60074,0.00485209,0.00609319,0.0430188,0.418919,0.000200016,3.27476e-10,-1.32542e-06,3.27476e-10,0.0002,-2.86013e-08,-1.32542e-06,-2.86013e-08,0.000199994
-0.671394,0.152791,1.60152,-0.670704,0.159433,1.59856,0.00584899,0.00172587,0.0383601,0.318584,0.000200016,3.49719e-10,-1.32798e-06,3.49719e-10,0.0002,-2.99988e-08,-1.32798e-06,-2.99988e-08,0.000199994
-0.671304,0.15715,1.60024,-0.670707,0.159482,1.59826,0.00593962,0.00608453,0.0370851,0.318584,0.000200016,3.31384e-10,-1.33314e-06,3.31384e-10,0.0002,-2.68656e-08,-1.33314e-06,-2.68656e-08,0.000199994
-0.671199,0.160578,1.59949,-0.670676,0.159504,1.59804,0.00536074,0.00101905,0.0407636,0.323009,0.000200016,2.77945e-10,-1.32634e-06,2.77945e-10,0.0002,-2.07334e-08,-1.32634e-06,-2.07334e-08,0.000199994
-0.671104,0.163349,1.5996,-0.670638,0.159643,1.59743,0.00545553,0.00378942,0.0408673,0.318584,0.000200016,2.36879e-10,-1.32199e-06,2.36879e-10,0.0002,-1.6943e-08,-1.32199e-06,-1.6943e-08,0.000199994
-0.67107,0.165612,1.59932,-0.670637,0.159886,1.59665,0.00548947,0.00605297,0.0405884,0.314159,0.000200016,2.63849e-10,-1.31901e-06,2.63849e-10,0.0002,-2.12474e-08,-1.31901e-06,-2.12474e-08,0.000199994
-0.67137,0.171539,1.60219,-0.672149,0.180256,1.6142,0.00558513,0.0069563,0.0395022,0.828045,0.000200016,2.86128e-10,-1.32391e-06,2.86128e-10,0.0002,-2.38187e-08,-1.32391e-06,-2.38187e-08,0.000199994
-0.671575,0.176143,1.60484,-0.671937,0.17957,1.61596,0.00538051,0.0115605,0.0421529,0.823626,0.000200016,3.15984e-10,-1.32702e-06,3.15984e-10,0.0002,-2.6843e-08,-1.32702e-06,-2.6843e-08,0.000199994
-0.671728,0.179792,1.60688,-0.671854,0.179399,1.61657,0.00490689,0.000687663,0.047309,0.852927,0.000200016,3.49246e-10,-1.32898e-06,3.49246e-10,0.0002,-2.99261e-08,-1.32898e-06,-2.99261e-08,0.000199994
-0.671779,0.182681,1.60865,-0.671923,0.179443,1.61626,0.00485492,0.00357627,0.0490812,0.831479,0.000200016,2.62637e-10,-1.32389e-06,2.62637e-10,0.0002,-1.91511e-08,-1.32389e-06,-1.91511e-08,0.000199994
-0.671849,0.184995,1.61073,-0.671956,0.179567,1.61596,0.00478492,0.00588984,0.0511636,0.825352,0.000200016,2.32099e-10,-1.3171e-06,2.32099e-10,0.0002,-1.6792e-08,-1.3171e-06,-1.6792e-08,0.000199994
-0.671968,0.186921,1.61189,-0.672032,0.179739,1.61548,0.00460358,0.00261229,0.0490292,0.816731,0.000200016,2.77699e-10,-1.31927e-06,2.77699e-10,0.0002,-2.3092e-08,-1.31927e-06,-2.3092e-08,0.000199994
-0.671598,0.192449,1.60805,-0.669617,0.199471,1.59374,0.00497362,0.0081409,0.0451898,0.445378,0.000200016,3.80788e-10,-1.32718e-06,3.80788e-10,0.0002,-3.45066e-08,-1.32718e-06,-3.45066e-08,0.000199994
-0.671247,0.19682,1.60463,-0.669491,0.199524,1.59355,0.00574524,0.00266271,0.0453188,0.445895,0.000200016,4.09505e-10,-1.32224e-06,4.09505e-10,0.0002,-3.59957e-08,-1.32224e-06,-3.59957e-08,0.000199994
-0.670884,0.200347,1.60177,-0.66942,0.199555,1.59347,0.00610869,0.0061891,0.0424636,0.450097,0.000200016,3.28361e-10,-1.32286e-06,3.28361e-10,0.0002,-2.51781e-08,-1.32286e-06,-2.51781e-08,0.000199994
-0.670611,0.20313,1.59968,-0.669328,0.199585,1.59339,0.00638181,0.00897229,0.0403718,0.445895,0.000200016,3.07543e-10,-1.31625e-06,3.07543e-10,0.0002,-2.36134e-08,-1.31625e-06,-2.36134e-08,0.000199994
-0.670335,0.205351,1.59867,-0.669178,0.199663,1.59309,0.00664234,0.00181821,0.0420715,0.441694,0.000200016,2.56718e-10,-1.30873e-06,2.56718e-10,0.0002,-1.85535e-08,-1.30873e-06,-1.85535e-08,0.000199994
-0.670149,0.211163,1.59824,-0.669333,0.219408,1.59497,0.00682847,0.00762946,0.0416393,0.36776,0.000200016,2.18273e-10,-1.31753e-06,2.18273e-10,0.0002,-1.52288e-08,-1.31753e-06,-1.52288e-08,0.000199994
-0.669959,0.215817,1.59726,-0.669339,0.219428,1.59491,0.0073585,0.00279769,0.0427919,0.36776,0.000200016,1.25137e-10,-1.32335e-06,1.25137e-10,0.0002,-5.71693e-09,-1.32335e-06,-5.71693e-09,0.000199994
-0.669724,0.219644,1.59595,-0.669233,0.219407,1.59487,0.00759355,0.00662479,0.0414849,0.352022,0.000200017,-4.05023e-11,-1.34433e-06,-4.05023e-11,0.0002,1.09242e-08,-1.34433e-06,1.09242e-08,0.000199994
-0.669512,0.222627,1.59446,-0.669131,0.219439,1.59472,0.00780598,0.00960773,0.0399952,0.365913,0.000200017,-1.80077e-10,-1.34413e-06,-1.80077e-10,0.0002,2.28032e-08,-1.34413e-06,2.28032e-08,0.000199994
-0.669385,0.225008,1.59351,-0.669049,0.219527,1.59438,0.00753592,0.0024404,0.0341651,0.352523,0.000200017,-2.00199e-10,-1.34034e-06,-2.00199e-10,0.0002,2.0808e-08,-1.34034e-06,2.0808e-08,0.000199994
-0.669262,0.226915,1.59295,-0.668847,0.21965,1.59382,0.00765955,0.00434806,0.0336046,0.342343,0.000200017,-1.83142e-10,-1.33444e-06,-1.83142e-10,0.0002,1.6473e-08,-1.33444e-06,1.6473e-08,0.000199994
-0.669236,0.232295,1.5932,-0.669648,0.239121,1.5942,0.00729286,0.000410677,0.0363643,0.501232,0.000200016,-2.84596e-10,-1.32416e-06,-2.84596e-10,0.0002,2.73562e-08,-1.32416e-06,2.73562e-08,0.000199994
-0.669259,0.236675,1.59339,-0.669644,0.239082,1.59413,0.00726986,0.00479069,0.0365496,0.485385,0.000200017,-3.02898e-10,-1.33105e-06,-3.02898e-10,0.0002,2.70942e-08,-1.33105e-06,2.70942e-08,0.000199994
-0.669299,0.240117,1.59323,-0.66965,0.239093,1.59415,0.00722964,0.00823261,0.0363912,0.489484,0.000200016,-2.85855e-10,-1.32517e-06,-2.85855e-10,0.0002,2.38489e-08,-1.32517e-06,2.38489e-08,0.000199994
-0.669287,0.242877,1.5929,-0.669643,0.239119,1.59417,0.00688196,0.00148804,0.0408621,0.501232,0.000200016,-3.31371e-10,-1.32155e-06,-3.31371e-10,0.0002,2.87742e-08,-1.32155e-06,2.87742e-08,0.000199994
-0.669235,0.245085,1.59283,-0.669644,0.239116,1.59408,0.00693448,0.0036962,0.0407883,0.490607,0.000200016,-4.26043e-10,-1.31938e-06,-4.26043e-10,0.0002,3.87646e-08,-1.31938e-06,3.87646e-08,0.000199994
-0.668884,0.246785,1.59337,-0.669607,0.239175,1.59398,0.00720186,-0.00387409,0.0399293,0.494706,0.000200016,-9.03754e-10,-1.30547e-06,-9.03754e-10,0.0002,9.27645e-08,-1.30547e-06,9.27645e-08,0.000199994
-0.668191,0.252091,1.59399,-0.668727,0.259413,1.59338,0.00789488,0.00143231,0.040555,0.463115,0.000200016,-1.57508e-09,-1.28049e-06,-1.57508e-09,0.0002,1.64718e-07,-1.28049e-06,1.64718e-07,0.000199994
-0.667303,0.255988,1.59417,-0.668689,0.25944,1.59329,0.00878288,0.005329,0.0407273,0.463115,0.000200014,-2.41841e-09,-1.20789e-06,-2.41841e-09,0.0002,2.63062e-07,-1.20789e-06,2.63062e-07,0.000199994
-0.665941,0.258374,1.59459,-0.6686,0.259437,1.59317,0.00935583,-0.00209376,0.0409228,0.438525,0.000200012,-3.46109e-09,-1.04483e-06,-3.46109e-09,0.000200001,4.27327e-07,-1.04483e-06,4.27327e-07,0.000199995
-0.664638,0.259951,1.59491,-0.66821,0.259458,1.59306,0.0106589,-0.000517281,0.0412402,0.438525,0.000200009,-4.01046e-09,-8.86646e-07,-4.01046e-09,0.000200002,5.54092e-07,-8.86646e-07,5.54092e-07,0.000199995
-0.663574,0.260984,1.59545,-0.667811,0.259494,1.59294,0.00857705,-0.00648453,0.0465504,0.430328,0.000200007,-4.06627e-09,-7.47928e-07,-4.06627e-09,0.000200003,6.25808e-07,-7.47928e-07,6.25808e-07,0.000199996
-0.661223,0.265056,1.59649,-0.661096,0.277096,1.59128,0.010928,-0.00241229,0.047589,0.628497,0.000200005,-3.92001e-09,-6.16028e-07,-3.92001e-09,0.000200004,6.96407e-07,-6.16028e-07,6.96407e-07,0.000199996
-0.659208,0.268169,1.59761,-0.660973,0.277101,1.59117,0.0129426,0.000700656,0.0487082,0.629529,0.000200004,-3.67011e-09,-5.08705e-07,-3.67011e-09,0.000200005,7.59081e-07,-5.08705e-07,7.59081e-07,0.000199997
-0.657419,0.27051,1.59878,-0.660846,0.277077,1.59101,0.012448,0.000967417,0.048862,0.616658,0.000200003,-3.36901e-09,-4.17391e-07,-3.36901e-09,0.000200006,8.23544e-07,-4.17391e-07,8.23544e-07,0.000199997
-0.655904,0.272322,1.59997,-0.660538,0.277089,1.59072,0.0139633,0.00277987,0.0500517,0.616658,0.000200002,-3.04725e-09,-3.4938e-07,-3.04725e-09,0.000200006,8.6838e-07,-3.4938e-07,8.6838e-07,0.000199997
-0.654736,0.273629,1.60018,-0.660455,0.277117,1.59064,0.010119,0.00212776,0.0426424,0.616658,0.000200001,-2.62094e-09,-2.81815e-07,-2.62094e-09,0.000200007,8.87602e-07,-2.81815e-07,8.87602e-07,0.000199997
-0.6513,0.275598,1.60014,-0.647823,0.281011,1.58699,0.0135552,0.00409653,0.042597,0.448871,0.000200001,-2.42025e-09,-2.62558e-07,-2.42025e-09,0.000200007,8.95676e-07,-2.62558e-07,8.95676e-07,0.000199997
-0.648519,0.277203,1.59989,-0.647553,0.281058,1.58645,0.0163361,0.00570109,0.0423473,0.440503,0.000200001,-2.28907e-09,-2.53468e-07,-2.28907e-09,0.000200007,8.97346e-07,-2.53468e-07,8.97346e-07,0.000199997
-0.646223,0.278584,1.59983,-0.64719,0.281124,1.58612,0.0128585,0.00583398,0.035698,0.422917,0.000200001,-2.27677e-09,-2.61259e-07,-2.27677e-09,0.000200007,8.97972e-07,-2.61259e-07,8.97972e-07,0.000199997
-0.644244,0.279696,1.5995,-0.646476,0.281164,1.58576,0.0148378,0.00694674,0.0353707,0.408499,0.000200001,-2.27554e-09,-2.66143e-07,-2.27554e-09,0.000200007,8.98404e-07,-2.66143e-07,8.98404e-07,0.000199997
-0.642325,0.28043,1.59837,-0.645879,0.2812,1.58556,0.0111801,0.00638272,0.0222608,0.408388,0.000200001,-2.17806e-09,-2.42661e-07,-2.17806e-09,0.000200008,9.33669e-07,-2.42661e-07,9.33669e-07,0.000199997
-0.640617,0.281022,1.597,-0.645657,0.28122,1.58529,0.0128879,0.0069749,0.0208894,0.412572,0.000200001,-2.12812e-09,-2.27636e-07,-2.12812e-09,0.000200009,9.76768e-07,-2.27636e-07,9.76768e-07,0.000199997
-0.636743,0.282203,1.60045,-0.632036,0.28488,1.61112,0.0167612,0.00815662,0.024336,0.577836,0.0002,-1.98491e-09,-2.09483e-07,-1.98491e-09,0.000200009,9.70668e-07,-2.09483e-07,9.70668e-07,0.000199997
-0.633554,0.283261,1.60269,-0.631883,0.284878,1.61116,0.0140239,0.00851112,0.0175246,0.578321,0.0002,-2.00449e-09,-2.16145e-07,-2.00449e-09,0.000200009,9.76283e-07,-2.16145e-07,9.76283e-07,0.000199997
-0.630907,0.284561,1.60398,-0.631431,0.284893,1.6112,0.0166711,0.00981105,0.0188115,0.582258,0.000200001,-2.49064e-09,-2.92519e-07,-2.49064e-09,0.000200009,9.80903e-07,-2.92519e-07,9.80903e-07,0.000199997
-0.628743,0.286084,1.60511,-0.631002,0.284855,1.6112,0.0140632,0.0115727,0.0164038,0.57832,0.000200001,-3.37073e-09,-4.20024e-07,-3.37073e-09,0.000200009,9.77672e-07,-4.20024e-07,9.77672e-07,0.000199996
-0.626876,0.287538,1.60551,-0.630592,0.28485,1.61123,0.0159299,0.0130275,0.0167973,0.576128,0.000200002,-4.329e-09,-5.39551e-07,-4.329e-09,0.000200009,9.84448e-07,-5.39551e-07,9.84448e-07,0.000199996
-0.62528,0.288841,1.60582,-0.630477,0.284886,1.61121,0.0175258,0.0143297,0.0171083,0.575603,0.000200003,-5.25826e-09,-6.37054e-07,-5.25826e-09,0.000200009,1.00159e-06,-6.37054e-07,1.00159e-06,0.000199996
-0.622868,0.290268,1.60665,-0.624122,0.285776,1.61106,0.0168862,0.0149743,0.0166148,0.551986,0.000200004,-6.08998e-09,-7.3316e-07,-6.08998e-09,0.000200009,9.90659e-07,-7.3316e-07,9.90659e-07,0.000199995
-0.620884,0.291491,1.60718,-0.623941,0.285857,1.61088,0.0188699,0.0161977,0.0171446,0.553807,0.000200005,-6.78635e-09,-8.05237e-07,-6.78635e-09,0.000200009,9.86467e-07,-8.05237e-07,9.86467e-07,0.000199995
-0.619299,0.292512,1.6078,-0.623514,0.285868,1.61077,0.015305,0.014776,0.0265254,0.546025,0.000200006,-7.26102e-09,-8.57951e-07,-7.26102e-09,0.000200009,9.69667e-07,-8.57951e-07,9.69667e-07,0.000199995
-0.61798,0.293309,1.60796,-0.623152,0.285877,1.61071,0.016624,0.0155732,0.0266914,0.553228,0.000200007,-7.55503e-09,-8.88237e-07,-7.55503e-09,0.000200009,9.55562e-07,-8.88237e-07,9.55562e-07,0.000199994
-0.61682,0.294008,1.60839,-0.622936,0.285855,1.61065,0.0123544,0.0123218,0.0276222,0.546011,0.000200007,-7.88204e-09,-9.18385e-07,-7.88204e-09,0.000200009,9.5617e-07,-9.18385e-07,9.5617e-07,0.000199994
-0.614617,0.296128,1.60864,-0.616242,0.293771,1.61065,0.0145574,0.0144414,0.0278654,0.775752,0.000200008,-8.03532e-09,-9.34e-07,-8.03532e-09,0.000200008,9.46378e-07,-9.34e-07,9.46378e-07,0.000199994
-0.612837,0.297698,1.60903,-0.616176,0.293783,1.61062,0.0163379,0.016012,0.0282614,0.783415,0.000200008,-8.01693e-09,-9.23757e-07,-8.01693e-09,0.000200008,9.4071e-07,-9.23757e-07,9.4071e-07,0.000199994
-0.611272,0.298921,1.60933,-0.616117,0.293798,1.61055,0.0137297,0.0127935,0.0281747,0.775752,0.000200008,-8.07723e-09,-9.11313e-07,-8.07723e-09,0.000200009,9.57618e-07,-9.11313e-07,9.57618e-07,0.000199994
-0.610076,0.300042,1.60862,-0.616045,0.293776,1.61045,0.0149251,0.0139146,0.0274647,0.760426,0.000200008,-8.19923e-09,-9.26466e-07,-8.19923e-09,0.000200009,9.57621e-07,-9.26466e-07,9.57621e-07,0.000199994
-0.609194,0.300939,1.60825,-0.615998,0.293799,1.61038,0.0158071,0.0148115,0.0270899,0.755033,0.000200008,-8.20512e-09,-9.35507e-07,-8.20512e-09,0.000200008,9.44175e-07,-9.35507e-07,9.44175e-07,0.000199994
-0.608497,0.301592,1.60762,-0.615946,0.293803,1.61027,0.0108392,0.00948492,0.0297382,0.758864,0.000200008,-8.12225e-09,-9.30713e-07,-8.12225e-09,0.000200008,9.32799e-07,-9.30713e-07,9.32799e-07,0.000199994
-0.605272,0.304384,1.60599,-0.603259,0.305134,1.60775,0.0140645,0.0122764,0.028107,0.715061,0.000200008,-8.18309e-09,-9.27892e-07,-8.18309e-09,0.000200008,9.46392e-07,-9.27892e-07,9.46392e-07,0.000199994
-0.602468,0.306668,1.60403,-0.603204,0.305144,1.60758,0.0109566,0.00850385,0.029907,0.718835,0.000200008,-8.48785e-09,-9.33147e-07,-8.48785e-09,0.000200009,9.89684e-07,-9.33147e-07,9.89684e-07,0.000199994
-0.600299,0.308444,1.60264,-0.603165,0.305129,1.60745,0.0131262,0.0102796,0.028521,0.719498,0.000200008,-8.59912e-09,-9.28635e-07,-8.59912e-09,0.000200009,1.00457e-06,-9.28635e-07,1.00457e-06,0.000199994
-0.598636,0.309813,1.60174,-0.603123,0.305107,1.60746,0.0118509,0.00852423,0.0258,0.70063,0.000200008,-8.54996e-09,-9.18124e-07,-8.54996e-09,0.000200009,1.00106e-06,-9.18124e-07,1.00106e-06,0.000199994
-0.597296,0.310957,1.60099,-0.603069,0.305145,1.60733,0.0131914,0.00966825,0.0250552,0.72117,0.000200008,-8.54804e-09,-9.17878e-07,-8.54804e-09,0.000200009,9.98915e-07,-9.17878e-07,9.98915e-07,0.000199994
-0.59363,0.314393,1.59807,-0.590284,0.317521,1.59103,0.0168572,0.0131047,0.0221305,0.688539,0.000200008,-8.63111e-09,-9.28175e-07,-8.63111e-09,0.000200009,1.00051e-06,-9.28175e-07,1.00051e-06,0.000199994
-0.59068,0.317071,1.5962,-0.590121,0.31751,1.5908,0.0103457,0.00710838,0.0256324,0.681104,0.000200008,-8.60878e-09,-9.23644e-07,-8.60878e-09,0.000200009,9.99173e-07,-9.23644e-07,9.99173e-07,0.000199994
-0.588237,0.319185,1.59516,-0.590043,0.317482,1.59047,0.0127886,0.00922216,0.0245886,0.684822,0.000200008,-8.6297e-09,-9.17164e-07,-8.6297e-09,0.000200009,1.00901e-06,-9.17164e-07,1.00901e-06,0.000199994
-0.586187,0.32084,1.59412,-0.59,0.317512,1.59049,0.0148384,0.0108776,0.023552,0.683879,0.000200008,-8.68327e-09,-9.06061e-07,-8.68327e-09,0.00020001,1.02951e-06,-9.06061e-07,1.02951e-06,0.000199994
-0.584616,0.322251,1.59324,-0.589915,0.317535,1.59022,0.00937595,0.00650217,0.0232477,0.680161,0.000200008,-8.73024e-09,-9.1185e-07,-8.73024e-09,0.00020001,1.02903e-06,-9.1185e-07,1.02903e-06,0.000199993
-0.583432,0.323287,1.59229,-0.589867,0.317515,1.59008,0.0105602,0.00753844,0.0223048,0.677581,0.000200008,-8.59256e-09,-9.01223e-07,-8.59256e-09,0.00020001,1.0158e-06,-9.01223e-07,1.0158e-06,0.000199994
-0.578835,0.326891,1.58846,-0.572138,0.331906,1.57261,0.00860457,0.00481942,0.0203106,0.438448,0.000200007,-8.47469e-09,-8.80954e-07,-8.47469e-09,0.00020001,1.02137e-06,-8.80954e-07,1.02137e-06,0.000199994
-0.574853,0.329836,1.5851,-0.571276,0.331807,1.57117,0.0125858,0.00776375,0.0169551,0.427889,0.000200007,-8.5905e-09,-8.8053e-07,-8.5905e-09,0.00020001,1.04627e-06,-8.8053e-07,1.04627e-06,0.000199994
-0.571433,0.332201,1.5822,-0.570762,0.331881,1.57007,0.0160058,0.0101292,0.0140501,0.423846,0.000200007,-8.80283e-09,-8.79234e-07,-8.80283e-09,0.000200011,1.08368e-06,-8.79234e-07,1.08368e-06,0.000199993
-0.568717,0.334045,1.57954,-0.570453,0.331879,1.56942,0.0152794,0.00896796,0.00865886,0.416332,0.000200007,-8.83819e-09,-8.70133e-07,-8.83819e-09,0.000200011,1.09509e-06,-8.70133e-07,1.09509e-06,0.000199993
-0.566575,0.335326,1.57791,-0.570316,0.331895,1.56931,0.017421,0.0102496,0.00702631,0.415927,0.000200007,-8.58119e-09,-8.32777e-07,-8.58119e-09,0.000200011,1.09308e-06,-8.32777e-07,1.09308e-06,0.000199993
-0.564651,0.336185,1.57653,-0.570126,0.331921,1.56893,0.012354,0.004719,0.00737534,0.412195,0.000200006,-8.31942e-09,-7.81212e-07,-8.31942e-09,0.000200011,1.11968e-06,-7.81212e-07,1.11968e-06,0.000199993
-0.560522,0.339055,1.57916,-0.557746,0.343154,1.58865,0.0164832,0.00758879,0.0100111,0.639606,0.000200005,-8.10178e-09,-7.3403e-07,-8.10178e-09,0.000200012,1.15761e-06,-7.3403e-07,1.15761e-06,0.000199993
-0.557368,0.341109,1.58158,-0.557754,0.343104,1.58866,0.0196371,0.00964326,0.0124315,0.629799,0.000200005,-7.53752e-09,-6.67519e-07,-7.53752e-09,0.000200012,1.15769e-06,-6.67519e-07,1.15769e-06,0.000199994
-0.554859,0.342226,1.58299,-0.557743,0.343112,1.58863,0.0149141,0.00641498,0.0126941,0.626477,0.000200004,-6.44828e-09,-5.4058e-07,-6.44828e-09,0.000200012,1.15491e-06,-5.4058e-07,1.15491e-06,0.000199994
-0.552906,0.342973,1.58402,-0.5577,0.343115,1.58862,0.016868,0.00716184,0.0137183,0.626477,0.000200003,-5.39917e-09,-4.35928e-07,-5.39917e-09,0.000200012,1.14306e-06,-4.35928e-07,1.14306e-06,0.000199994
-0.551251,0.343582,1.58545,-0.557673,0.343162,1.58859,0.0115023,0.00440739,0.0202725,0.644658,0.000200002,-4.64972e-09,-3.69867e-07,-4.64972e-09,0.000200012,1.14893e-06,-3.69867e-07,1.14893e-06,0.000199994
-0.546869,0.345657,1.58679,-0.5428,0.351491,1.59159,0.0158852,0.00648246,0.0216111,0.678592,0.000200001,-4.02386e-09,-3.14562e-07,-4.02386e-09,0.000200013,1.16641e-06,-3.14562e-07,1.16641e-06,0.000199995
-0.543532,0.347209,1.58709,-0.542702,0.351484,1.59137,0.0192213,0.00803458,0.0219122,0.682052,0.000200001,-3.37271e-09,-2.61873e-07,-3.37271e-09,0.000200012,1.14721e-06,-2.61873e-07,1.14721e-06,0.000199995
-0.541169,0.348379,1.58638,-0.542641,0.351465,1.59126,0.0138992,0.00711053,0.0275268,0.685162,0.000200001,-2.74003e-09,-2.16866e-07,-2.74003e-09,0.000200011,1.08407e-06,-2.16866e-07,1.08407e-06,0.000199995
-0.539696,0.349222,1.58495,-0.542609,0.351461,1.59115,0.0153723,0.00795333,0.0261036,0.695565,0.000200001,-2.10909e-09,-1.7298e-07,-2.10909e-09,0.00020001,9.75862e-07,-1.7298e-07,9.75862e-07,0.000199996
-0.538724,0.349763,1.58339,-0.542589,0.351456,1.59108,0.00981004,0.0083816,0.0120976,0.695565,0.0002,-1.51745e-09,-1.23564e-07,-1.51745e-09,0.000200008,8.72865e-07,-1.23564e-07,8.72865e-07,0.000199996
-0.536065,0.350318,1.58089,-0.532451,0.35285,1.58538,0.0124692,0.00893608,0.00960068,0.840878,0.0002,-9.72941e-10,-6.74821e-08,-9.72941e-10,0.000200007,7.83362e-07,-6.74821e-08,7.83362e-07,0.000199997
-0.534114,0.350729,1.57895,-0.532376,0.352818,1.58516,0.0144204,0.00934738,0.00766155,0.840878,0.0002,-5.78807e-10,-2.74523e-08,-5.78807e-10,0.000200006,6.95447e-07,-2.74523e-08,6.95447e-07,0.000199997
-0.532694,0.351161,1.57831,-0.532332,0.35282,1.58503,0.0120426,0.0107973,0.0114558,0.847015,0.0002,-3.84283e-10,-1.85606e-08,-3.84283e-10,0.000200005,6.15248e-07,-1.85606e-08,6.15248e-07,0.000199998
-0.53164,0.351536,1.57882,-0.532314,0.352765,1.585,0.0130966,0.0111722,0.0119667,0.833681,0.0002,-2.80533e-10,-1.96987e-08,-2.80533e-10,0.000200004,5.50264e-07,-1.96987e-08,5.50264e-07,0.000199998
-0.530925,0.351919,1.58005,-0.532313,0.352766,1.585,0.0112825,0.0114028,0.0190139,0.833681,0.0002,-2.5415e-10,-3.41184e-08,-2.5415e-10,0.000200003,4.88134e-07,-3.41184e-08,4.88134e-07,0.000199999
-0.530444,0.352194,1.58167,-0.532342,0.352822,1.58502,0.0117639,0.0116773,0.0206284,0.847015,0.0002,-2.14014e-10,-3.66778e-08,-2.14014e-10,0.000200002,4.34784e-07,-3.66778e-08,4.34784e-07,0.000199999
-0.528418,0.352382,1.58156,-0.524028,0.351939,1.57542,0.0137893,0.0118653,0.0205164,0.913384,0.0002,-2.48402e-10,-6.23725e-08,-2.48402e-10,0.000200002,3.9691e-07,-6.23725e-08,3.9691e-07,0.000199999
-0.526768,0.352637,1.58174,-0.52398,0.351928,1.57523,0.0119352,0.0128368,0.0239291,0.913081,0.0002,-3.16317e-10,-9.59083e-08,-3.16317e-10,0.000200002,3.75849e-07,-9.59083e-08,3.75849e-07,0.000199999
-0.525266,0.352924,1.58186,-0.523921,0.35191,1.57512,0.0134368,0.0131239,0.0240545,0.916578,0.0002,-4.22767e-10,-1.31353e-07,-4.22767e-10,0.000200002,3.89411e-07,-1.31353e-07,3.89411e-07,0.000199999
-0.523783,0.353298,1.58184,-0.523889,0.351874,1.575,0.0140889,0.013145,0.0173657,0.916578,0.0002,-6.24462e-10,-1.78423e-07,-6.24462e-10,0.000200002,4.42028e-07,-1.78423e-07,4.42028e-07,0.000199999
-0.522242,0.353639,1.5822,-0.523815,0.351858,1.57485,0.0156304,0.0134862,0.0177279,0.916578,0.0002,-8.99163e-10,-2.16168e-07,-8.99163e-10,0.000200002,5.30014e-07,-2.16168e-07,5.30014e-07,0.000199999
-0.520596,0.353853,1.58237,-0.523777,0.351863,1.57477,0.017276,0.0137001,0.0178986,0.916117,0.0002,-1.19605e-09,-2.31045e-07,-1.19605e-09,0.000200003,6.51097e-07,-2.31045e-07,6.51097e-07,0.000199999
-0.517835,0.354428,1.59059,-0.518003,0.354544,1.61932,0.0175064,0.0140332,0.0213581,1.08777,0.0002,-1.37313e-09,-2.13671e-07,-1.37313e-09,0.000200005,7.76654e-07,-2.13671e-07,7.76654e-07,0.000199998
-0.515602,0.354861,1.59719,-0.518093,0.354545,1.61944,0.0197394,0.0144664,0.0279564,1.08418,0.0002,-1.47445e-09,-1.98845e-07,-1.47445e-09,0.000200006,8.63403e-07,-1.98845e-07,8.63403e-07,0.000199998
-0.51365,0.355188,1.60268,-0.518118,0.354581,1.61949,0.0198893,0.0146861,0.0229624,1.09361,0.0002,-1.54771e-09,-1.85816e-07,-1.54771e-09,0.000200007,9.4589e-07,-1.85816e-07,9.4589e-07,0.000199998
-0.511916,0.355297,1.60667,-0.518128,0.354593,1.61951,0.0216235,0.0147952,0.02695,1.09361,0.0002,-1.45951e-09,-1.53111e-07,-1.45951e-09,0.000200009,1.02648e-06,-1.53111e-07,1.02648e-06,0.000199997
-0.510478,0.355265,1.60924,-0.518112,0.354588,1.61952,0.0230613,0.0147635,0.0295199,1.08642,0.0002,-1.23875e-09,-1.1337e-07,-1.23875e-09,0.00020001,1.08548e-06,-1.1337e-07,1.08548e-06,0.000199997
-0.507592,0.35407,1.60623,-0.509765,0.34893,1.59786,0.0222315,0.0162165,0.0160222,1.13007,0.0002,-1.03601e-09,-8.56307e-08,-1.03601e-09,0.000200011,1.13355e-06,-8.56307e-08,1.13355e-06,0.000199996
-0.505353,0.353152,1.60319,-0.509683,0.348941,1.59777,0.0244703,0.0152981,0.0129782,1.1305,0.0002,-9.00293e-10,-7.25605e-08,-9.00293e-10,0.000200012,1.15051e-06,-7.25605e-08,1.15051e-06,0.000199996
-0.503467,0.35239,1.60065,-0.509529,0.348921,1.59776,0.0217644,0.0180139,0.00709894,1.12663,0.0002,-7.68556e-10,-5.97572e-08,-7.68556e-10,0.000200012,1.17174e-06,-5.97572e-08,1.17174e-06,0.000199996
-0.501945,0.351777,1.59839,-0.509466,0.348924,1.59766,0.0232862,0.0174009,0.0048407,1.13019,0.0002,-6.59445e-10,-5.03449e-08,-6.59445e-10,0.000200013,1.18535e-06,-5.03449e-08,1.18535e-06,0.000199995
-0.500615,0.351222,1.59647,-0.50944,0.348922,1.5976,0.0246169,0.0168459,0.00291947,1.13019,0.0002,-4.97448e-10,-3.35068e-08,-4.97448e-10,0.000200013,1.21136e-06,-3.35068e-08,1.21136e-06,0.000199995
-0.499673,0.350682,1.59492,-0.50943,0.348902,1.59755,0.0201745,0.0194992,0.0109241,1.12663,0.0002,-2.50089e-10,-7.77211e-09,-2.50089e-10,0.000200013,1.20792e-06,-7.77211e-09,1.20792e-06,0.000199995
-0.497164,0.348674,1.59384,-0.499376,0.341287,1.59627,0.0226842,0.0174911,0.00983635,0.963435,0.0002,-1.07696e-12,1.6864e-08,-1.07696e-12,0.000200013,1.16502e-06,1.6864e-08,1.16502e-06,0.000199995
-0.49534,0.34704,1.59244,-0.499344,0.34128,1.59622,0.0214297,0.0170901,0.00835226,0.959926,0.0002,2.07762e-10,3.73477e-08,2.07762e-10,0.000200012,1.10698e-06,3.73477e-08,1.10698e-06,0.000199995
-0.493833,0.345841,1.59133,-0.4993,0.341403,1.59623,0.0229375,0.0158913,0.00724003,0.995265,0.0002,2.63569e-10,3.72188e-08,2.63569e-10,0.000200011,1.07634e-06,3.72188e-08,1.07634e-06,0.000199996
-0.492561,0.344966,1.59012,-0.499282,0.341288,1.59619,0.0181864,0.0171966,0.00613247,0.963036,0.0002,1.83934e-10,2.04926e-08,1.83934e-10,0.000200011,1.06662e-06,2.04926e-08,1.06662e-06,0.000199996
-0.491567,0.344412,1.58926,-0.499275,0.341286,1.5962,0.0191804,0.0166426,0.00527423,0.966545,0.0002,-4.63084e-11,-1.35677e-08,-4.63084e-11,0.000200011,1.05659e-06,-1.35677e-08,1.05659e-06,0.000199996
-0.488797,0.343267,1.58705,-0.488343,0.338255,1.59067,0.0219511,0.0154975,0.003065,0.944579,0.0002,-1.21952e-10,-2.07172e-08,-1.21952e-10,0.00020001,1.0164e-06,-2.07172e-08,1.0164e-06,0.000199996
-0.486572,0.342261,1.58525,-0.488309,0.338247,1.59049,0.0169066,0.0139428,0.0109732,0.954888,0.0002,-8.17363e-11,-1.09292e-08,-8.17363e-11,0.00020001,9.90879e-07,-1.09292e-08,9.90879e-07,0.000199996
-0.48476,0.341471,1.58389,-0.488258,0.338222,1.59035,0.0187177,0.0131526,0.00960724,0.958036,0.0002,-6.60311e-11,-7.53778e-09,-6.60311e-11,0.000200009,9.77907e-07,-7.53778e-09,9.77907e-07,0.000199996
-0.483348,0.340795,1.58278,-0.488232,0.338225,1.59025,0.02013,0.0124762,0.0084969,0.958036,0.0002,-6.17631e-12,1.9774e-09,-6.17631e-12,0.000200009,9.62868e-07,1.9774e-09,9.62868e-07,0.000199997
-0.482342,0.340162,1.58188,-0.48822,0.338207,1.5902,0.0156066,0.0116925,0.00913881,0.954576,0.0002,1.26107e-10,2.22379e-08,1.26107e-10,0.000200008,9.3294e-07,2.22379e-08,9.3294e-07,0.000199997
-0.481535,0.339699,1.58053,-0.488203,0.338216,1.59017,0.0164141,0.0112299,0.00779294,0.954576,0.0002,1.87781e-10,2.89283e-08,1.87781e-10,0.000200008,9.13701e-07,2.89283e-08,9.13701e-07,0.000199997
-0.478346,0.339184,1.57709,-0.475591,0.337235,1.57782,0.0129698,0.0116129,0.0152102,1.13117,0.0002,1.74319e-10,2.33647e-08,1.74319e-10,0.000200008,9.04712e-07,2.33647e-08,9.04712e-07,0.000199997
-0.475843,0.33879,1.57461,-0.475508,0.337244,1.57763,0.0154732,0.0112191,0.0127287,1.13456,0.0002,1.45458e-10,1.74093e-08,1.45458e-10,0.000200008,8.88722e-07,1.74093e-08,8.88722e-07,0.000199997
-0.473856,0.338406,1.57271,-0.475483,0.337234,1.57753,0.0111892,0.0107417,0.0185283,1.14069,0.0002,1.84504e-10,2.45387e-08,1.84504e-10,0.000200007,8.75086e-07,2.45387e-08,8.75086e-07,0.000199997
-0.472301,0.338081,1.57139,-0.475444,0.337153,1.57753,0.0127439,0.0104161,0.0172142,1.11007,0.0002,2.16321e-10,2.95979e-08,2.16321e-10,0.000200007,8.59531e-07,2.95979e-08,8.59531e-07,0.000199997
-0.470907,0.337968,1.57063,-0.475433,0.337153,1.57744,0.0141384,0.0103029,0.0164551,1.11342,0.0002,1.10539e-10,9.33415e-09,1.10539e-10,0.000200007,8.7343e-07,9.33415e-09,8.7343e-07,0.000199997
-0.469789,0.337893,1.57001,-0.475422,0.337237,1.57735,0.012692,0.0105202,0.0214208,1.15084,0.0002,2.50309e-11,-3.38916e-09,2.50309e-11,0.000200007,8.82333e-07,-3.38916e-09,8.82333e-07,0.000199997
-0.46631,0.337664,1.5648,-0.462925,0.336706,1.55481,0.0161708,0.0102912,0.016206,1.04391,0.0002,-3.99637e-13,-4.39217e-09,-3.99637e-13,0.000200007,9.01628e-07,-4.39217e-09,9.01628e-07,0.000199997
-0.463456,0.337459,1.56078,-0.46278,0.336632,1.55455,0.0120548,0.0100579,0.0218487,1.02282,0.0002,-7.56431e-12,-3.30659e-09,-7.56431e-12,0.000200008,9.20789e-07,-3.30659e-09,9.20789e-07,0.000199997
-0.46118,0.337312,1.55782,-0.462717,0.33664,1.55429,0.0143301,0.00991133,0.0188945,1.02673,0.0002,-2.44357e-11,-4.80849e-09,-2.44357e-11,0.000200008,9.2969e-07,-4.80849e-09,9.2969e-07,0.000199997
-0.459424,0.33704,1.55536,-0.462706,0.336622,1.55428,0.0160867,0.00963884,0.0164258,1.02334,0.0002,1.13652e-10,1.89456e-08,1.13652e-10,0.000200008,9.24823e-07,1.89456e-08,9.24823e-07,0.000199997
-0.457857,0.336722,1.55264,-0.462631,0.336673,1.55419,0.0126107,0.00992007,0.0175076,1.02792,0.0002,3.43646e-10,5.27164e-08,3.43646e-10,0.000200008,9.45134e-07,5.27164e-08,9.45134e-07,0.000199997
-0.45492,0.336495,1.55011,-0.454218,0.336828,1.55448,0.0155468,0.00969376,0.0149774,1.3705,0.0002,5.34989e-10,7.54724e-08,5.34989e-10,0.000200008,9.58001e-07,7.54724e-08,9.58001e-07,0.000199997
-0.452665,0.336437,1.54809,-0.454272,0.336811,1.55452,0.0112551,0.0102903,0.0150717,1.37363,0.0002,5.49975e-10,7.01846e-08,5.49975e-10,0.000200008,9.53015e-07,7.01846e-08,9.53015e-07,0.000199997
-0.450668,0.336476,1.54637,-0.454273,0.336739,1.55451,0.0132525,0.0103293,0.0133543,1.35804,0.0002,4.68343e-10,5.1329e-08,4.68343e-10,0.000200009,9.80845e-07,5.1329e-08,9.80845e-07,0.000199997
-0.449034,0.336496,1.54501,-0.454307,0.3367,1.55455,0.014886,0.0103497,0.011988,1.34817,0.0002,4.03162e-10,4.00902e-08,4.03162e-10,0.000200009,1.00545e-06,4.00902e-08,1.00545e-06,0.000199997
-0.447829,0.336447,1.54396,-0.454296,0.335839,1.55426,0.00861904,0.0104146,0.022919,1.18896,0.0002,2.33571e-10,1.58551e-08,2.33571e-10,0.000200009,1.00468e-06,1.58551e-08,1.00468e-06,0.000199997
-0.446842,0.336541,1.5435,-0.454284,0.336621,1.55461,0.00960626,0.0105086,0.0224625,1.32054,0.0002,1.25536e-10,4.08746e-09,1.25536e-10,0.000200009,1.00749e-06,4.08746e-09,1.00749e-06,0.000199997
-0.442379,0.336675,1.54072,-0.436111,0.337635,1.54046,0.0140695,0.0106425,0.0196814,0.918315,0.0002,1.81449e-10,1.7149e-08,1.81449e-10,0.00020001,1.01548e-06,1.7149e-08,1.01548e-06,0.000199997
-0.438727,0.336837,1.53897,-0.436032,0.33762,1.54025,0.0120436,0.0104802,0.0224218,0.914856,0.0002,1.71529e-10,1.64229e-08,1.71529e-10,0.00020001,1.03109e-06,1.64229e-08,1.03109e-06,0.000199996
-0.435699,0.336871,1.53773,-0.435914,0.337598,1.54,0.0150711,0.0105143,0.0211794,0.911396,0.0002,2.67225e-10,3.05898e-08,2.67225e-10,0.00020001,1.05422e-06,3.05898e-08,1.05422e-06,0.000199996
-0.433227,0.336854,1.53651,-0.435867,0.337601,1.5399,0.00890424,0.0115573,0.024928,0.911468,0.0002,4.01625e-10,4.729e-08,4.01625e-10,0.000200011,1.07556e-06,4.729e-08,1.07556e-06,0.000199996
-0.431463,0.33695,1.53539,-0.435785,0.337592,1.53973,0.0106683,0.011654,0.0238142,0.908008,0.0002,3.71558e-10,4.01486e-08,3.71558e-10,0.00020001,1.05238e-06,4.01486e-08,1.05238e-06,0.000199996
-0.427588,0.336669,1.53129,-0.423259,0.335654,1.52573,0.0145432,0.0113723,0.0197069,1.43078,0.0002,2.99555e-10,2.91109e-08,2.99555e-10,0.00020001,1.031e-06,2.91109e-08,1.031e-06,0.000199996
-0.42451,0.33642,1.5277,-0.423258,0.335661,1.52577,0.0118984,0.0116583,0.0219881,1.43417,0.0002,2.74693e-10,2.69091e-08,2.74693e-10,0.00020001,1.01374e-06,2.69091e-08,1.01374e-06,0.000199996
-0.42201,0.336131,1.52462,-0.423264,0.335666,1.52575,0.0143983,0.0113693,0.018906,1.43078,0.0002,3.58474e-10,4.07763e-08,3.58474e-10,0.00020001,1.00883e-06,4.07763e-08,1.00883e-06,0.000199996
-0.419941,0.335958,1.52226,-0.423252,0.335673,1.52577,0.00920005,0.0113834,0.0273579,1.43078,0.0002,3.71385e-10,4.1021e-08,3.71385e-10,0.00020001,1.01632e-06,4.1021e-08,1.01632e-06,0.000199996
-0.418261,0.33579,1.52088,-0.42323,0.335656,1.52572,0.0108796,0.0112157,0.0259806,1.42733,0.0002,4.0936e-10,4.53847e-08,4.0936e-10,0.00020001,1.02431e-06,4.53847e-08,1.02431e-06,0.000199996
-0.416869,0.335693,1.52019,-0.423209,0.335651,1.52572,0.00906997,0.011268,0.0283222,1.42388,0.0002,3.9931e-10,4.20552e-08,3.9931e-10,0.00020001,1.03656e-06,4.20552e-08,1.03656e-06,0.000199996
-0.412811,0.335388,1.51571,-0.408045,0.334843,1.50087,0.0131283,0.0109628,0.0238366,1.25975,0.0002,4.25731e-10,4.5792e-08,4.25731e-10,0.00020001,1.03046e-06,4.5792e-08,1.03046e-06,0.000199996
-0.409479,0.335063,1.51299,-0.407919,0.334814,1.50058,0.0164598,0.0106382,0.0211225,1.27712,0.0002,5.30511e-10,6.01555e-08,5.30511e-10,0.00020001,1.03613e-06,6.01555e-08,1.03613e-06,0.000199996
-0.406672,0.334741,1.51098,-0.407829,0.334774,1.50034,0.0138783,0.0103521,0.0203594,1.27074,0.0002,6.8414e-10,7.82347e-08,6.8414e-10,0.00020001,1.05968e-06,7.82347e-08,1.05968e-06,0.000199996
-0.404423,0.334498,1.5092,-0.407712,0.33475,1.50002,0.0161271,0.0101092,0.0185808,1.27257,0.0002,7.84702e-10,8.70557e-08,7.84702e-10,0.000200011,1.07147e-06,8.70557e-08,1.07147e-06,0.000199996
-0.402602,0.334285,1.50704,-0.40739,0.334653,1.49942,0.0105779,0.0117187,0.0198484,1.26513,0.0002,8.60068e-10,9.3285e-08,8.60068e-10,0.000200011,1.07213e-06,9.3285e-08,1.07213e-06,0.000199996
-0.401141,0.33426,1.50516,-0.407309,0.334646,1.49922,0.0120388,0.0116936,0.0179747,1.25779,0.0002,7.51471e-10,7.41649e-08,7.51471e-10,0.000200011,1.07059e-06,7.41649e-08,1.07059e-06,0.000199996
-0.397495,0.334381,1.50549,-0.394542,0.334654,1.50834,0.0156849,0.0118152,0.0183005,1.33914,0.0002,5.13955e-10,4.13749e-08,5.13955e-10,0.00020001,1.05734e-06,4.13749e-08,1.05734e-06,0.000199996
-0.39454,0.334436,1.50616,-0.394548,0.334667,1.50832,0.0115867,0.0121454,0.0162409,1.34291,0.0002,3.78065e-10,2.73112e-08,3.78065e-10,0.00020001,1.05521e-06,2.73112e-08,1.05521e-06,0.000199996
-0.392139,0.334347,1.5069,-0.394537,0.334654,1.50833,0.0139873,0.0120569,0.0169847,1.33506,0.0002,4.19291e-10,3.87735e-08,4.19291e-10,0.00020001,1.05932e-06,3.87735e-08,1.05932e-06,0.000199996
-0.390126,0.334078,1.5076,-0.394543,0.334646,1.50831,0.00978712,0.0120069,0.0208704,1.34223,0.0002,6.8412e-10,7.74199e-08,6.8412e-10,0.000200011,1.07702e-06,7.74199e-08,1.07702e-06,0.000199996
-0.388511,0.333904,1.50815,-0.394538,0.334635,1.50828,0.0114017,0.0118327,0.0214204,1.33933,0.0002,8.50415e-10,9.50825e-08,8.50415e-10,0.000200011,1.0888e-06,9.50825e-08,1.0888e-06,0.000199996
-0.384252,0.333733,1.51018,-0.379317,0.333785,1.51413,0.0156612,0.0116625,0.0234458,0.824146,0.0002,8.15851e-10,8.47406e-08,8.15851e-10,0.000200011,1.08407e-06,8.47406e-08,1.08407e-06,0.000199996
-0.380818,0.333621,1.51252,-0.3793,0.333793,1.51411,0.0115581,0.0130962,0.0220756,0.824146,0.0002,7.5344e-10,7.37889e-08,7.5344e-10,0.000200011,1.0847e-06,7.37889e-08,1.0847e-06,0.000199996
-0.378117,0.333643,1.51405,-0.379239,0.333788,1.51396,0.0142596,0.0131182,0.0236069,0.824024,0.0002,5.68162e-10,4.84488e-08,5.68162e-10,0.000200011,1.07591e-06,4.84488e-08,1.07591e-06,0.000199996
-0.375951,0.333619,1.51567,-0.378994,0.333774,1.51386,0.00935008,0.0140047,0.0261365,0.824024,0.0002,4.61056e-10,3.78737e-08,4.61056e-10,0.000200011,1.06312e-06,3.78737e-08,1.06312e-06,0.000199996
-0.374175,0.333577,1.51726,-0.378876,0.333766,1.51381,0.0111261,0.0139632,0.027732,0.824024,0.0002,4.01861e-10,3.39315e-08,4.01861e-10,0.000200011,1.05817e-06,3.39315e-08,1.05817e-06,0.000199996
-0.371262,0.332718,1.51908,-0.371167,0.330221,1.51858,0.0140396,0.0131036,0.0295456,0.950987,0.0002,4.93067e-10,5.10429e-08,4.93067e-10,0.00020001,1.04716e-06,5.10429e-08,1.04716e-06,0.000199996
-0.368909,0.332092,1.52021,-0.371179,0.330206,1.51857,0.0139276,0.0127693,0.0229836,0.953968,0.0002,4.96982e-10,5.14404e-08,4.96982e-10,0.00020001,1.04407e-06,5.14404e-08,1.04407e-06,0.000199996
-0.367003,0.331576,1.52102,-0.371165,0.330229,1.51857,0.0158332,0.0122528,0.0237912,0.948011,0.0002,5.22718e-10,5.48841e-08,5.22718e-10,0.00020001,1.04534e-06,5.48841e-08,1.04534e-06,0.000199996
-0.365433,0.331116,1.52167,-0.371136,0.330214,1.51857,0.0120198,0.0134382,0.0218082,0.943579,0.0002,5.92449e-10,6.39111e-08,5.92449e-10,0.00020001,1.05264e-06,6.39111e-08,1.05264e-06,0.000199996
-0.364212,0.330882,1.52217,-0.371137,0.330229,1.51851,0.0132401,0.0132037,0.022314,0.950992,0.0002,5.00075e-10,4.87189e-08,5.00075e-10,0.00020001,1.05151e-06,4.87189e-08,1.05151e-06,0.000199996
-0.36317,0.330668,1.52267,-0.371123,0.33022,1.51847,0.0142819,0.0129904,0.0228139,0.954696,0.0002,4.52938e-10,4.26359e-08,4.52938e-10,0.00020001,1.06082e-06,4.26359e-08,1.06082e-06,0.000199996
-0.359664,0.329856,1.52633,-0.358066,0.327268,1.53319,0.0104898,0.0137168,0.0222567,1.90977,0.0002,4.91808e-10,4.90688e-08,4.91808e-10,0.000200011,1.07652e-06,4.90688e-08,1.07652e-06,0.000199996
-0.356797,0.329089,1.52957,-0.358052,0.327198,1.53324,0.0133569,0.0129491,0.0255003,1.88669,0.0002,6.42151e-10,6.90104e-08,6.42151e-10,0.000200011,1.09614e-06,6.90104e-08,1.09614e-06,0.000199996
-0.35463,0.328526,1.53175,-0.358056,0.327191,1.53325,0.00921963,0.0137809,0.0295227,1.89006,0.0002,6.90862e-10,7.30568e-08,6.90862e-10,0.000200011,1.08866e-06,7.30568e-08,1.08866e-06,0.000199996
-0.352915,0.328158,1.53338,-0.358063,0.327263,1.53319,0.010934,0.0134129,0.0311541,1.90255,0.0002,6.45333e-10,6.45218e-08,6.45333e-10,0.000200011,1.08091e-06,6.45218e-08,1.08091e-06,0.000199996
-0.351564,0.327878,1.53417,-0.35806,0.327209,1.5332,0.0122856,0.0131326,0.0319436,1.88669,0.0002,5.78118e-10,5.51563e-08,5.78118e-10,0.000200011,1.07269e-06,5.51563e-08,1.07269e-06,0.000199996
-0.350556,0.327638,1.53462,-0.358003,0.327108,1.53331,0.00721228,0.0141018,0.020201,1.86207,0.0002,5.15895e-10,4.84725e-08,5.15895e-10,0.000200011,1.05383e-06,4.84725e-08,1.05383e-06,0.000199996
-0.346984,0.326918,1.53588,-0.3445,0.324344,1.53833,0.010784,0.0133822,0.0214568,1.90462,0.0002,4.50066e-10,4.10395e-08,4.50066e-10,0.00020001,1.0521e-06,4.10395e-08,1.0521e-06,0.000199996
-0.344046,0.32627,1.53729,-0.344516,0.324205,1.53831,0.00623229,0.0129335,0.0236229,1.87052,0.0002,4.49358e-10,4.28749e-08,4.49358e-10,0.000200011,1.06437e-06,4.28749e-08,1.06437e-06,0.000199996
-0.341658,0.325667,1.538,-0.344522,0.324203,1.53825,0.00862094,0.0123307,0.0243295,1.86038,0.0002,5.48765e-10,5.75277e-08,5.48765e-10,0.000200011,1.0786e-06,5.75277e-08,1.0786e-06,0.000199996
-0.33981,0.325209,1.53846,-0.344523,0.324201,1.53826,0.0104688,0.0118724,0.0247941,1.86038,0.0002,5.97802e-10,6.29449e-08,5.97802e-10,0.000200011,1.07763e-06,6.29449e-08,1.07763e-06,0.000199996
-0.338412,0.325042,1.53905,-0.344524,0.324333,1.53829,0.00497314,0.0133369,0.0224085,1.90051,0.0002,4.34358e-10,3.84893e-08,4.34358e-10,0.000200011,1.06428e-06,3.84893e-08,1.06428e-06,0.000199996
-0.334333,0.324618,1.54203,-0.330146,0.323029,1.55192,0.00905173,0.0129129,0.025394,2.03594,0.0002,3.57003e-10,2.99443e-08,3.57003e-10,0.000200011,1.06913e-06,2.99443e-08,1.06913e-06,0.000199996
-0.331177,0.324203,1.54494,-0.330139,0.322937,1.55192,0.00587043,0.0127112,0.0291212,2.02348,0.0002,3.53137e-10,3.28026e-08,3.53137e-10,0.00020001,1.05496e-06,3.28026e-08,1.05496e-06,0.000199996
-0.328573,0.323937,1.54789,-0.330179,0.322834,1.55192,0.00847461,0.0124443,0.0320674,1.99673,0.0002,2.54258e-10,1.99824e-08,2.54258e-10,0.000200011,1.05987e-06,1.99824e-08,1.05987e-06,0.000199996
-0.326487,0.323618,1.55044,-0.330154,0.322928,1.55186,0.0105599,0.0121257,0.034621,2.0297,0.0002,3.10849e-10,3.09601e-08,3.10849e-10,0.000200011,1.06259e-06,3.09601e-08,1.06259e-06,0.000199996
-0.324933,0.323279,1.55239,-0.330184,0.323013,1.55191,0.0086847,0.0120799,0.0339409,2.02642,0.0002,4.63052e-10,5.37566e-08,4.63052e-10,0.00020001,1.04705e-06,5.37566e-08,1.04705e-06,0.000199996
-0.323626,0.322953,1.55426,-0.330181,0.322836,1.5519,0.00999222,0.0117533,0.0358083,2.0004,0.0002,6.04609e-10,7.10539e-08,6.04609e-10,0.00020001,1.04733e-06,7.10539e-08,1.04733e-06,0.000199996
-0.319537,0.322709,1.55605,-0.315087,0.322159,1.5539,0.0140811,0.0115098,0.0375996,1.69669,0.0002,5.46881e-10,5.76959e-08,5.46881e-10,0.00020001,1.05132e-06,5.76959e-08,1.05132e-06,0.000199996
-0.316327,0.32254,1.55696,-0.315076,0.322161,1.55389,0.00667182,0.0129049,0.0335135,1.69494,0.0002,4.65324e-10,4.51744e-08,4.65324e-10,0.00020001,1.04372e-06,4.51744e-08,1.04372e-06,0.000199996
-0.313739,0.322476,1.55759,-0.315086,0.322191,1.55391,0.00926011,0.0128404,0.0341445,1.69469,0.0002,3.29593e-10,2.67024e-08,3.29593e-10,0.00020001,1.04239e-06,2.67024e-08,1.04239e-06,0.000199996
-0.311648,0.322529,1.55861,-0.315102,0.322186,1.55387,0.00846061,0.0132962,0.0257391,1.69103,0.0002,1.04198e-10,-2.57616e-09,1.04198e-10,0.00020001,1.04513e-06,-2.57616e-09,1.04513e-06,0.000199996
-0.309891,0.322363,1.55984,-0.315087,0.322205,1.5539,0.010218,0.0131297,0.0269708,1.69836,0.0002,1.60649e-10,1.22671e-08,1.60649e-10,0.00020001,1.06014e-06,1.22671e-08,1.06014e-06,0.000199996
-0.305297,0.322085,1.56175,-0.299248,0.321984,1.55799,0.0148118,0.0128518,0.0288779,1.77235,0.0002,3.30748e-10,3.82777e-08,3.30748e-10,0.000200011,1.07303e-06,3.82777e-08,1.07303e-06,0.000199996
-0.301641,0.321966,1.56338,-0.299241,0.321957,1.558,0.011593,0.0124429,0.0233085,1.77043,0.0002,3.42605e-10,3.70839e-08,3.42605e-10,0.000200011,1.07804e-06,3.70839e-08,1.07804e-06,0.000199996
-0.298738,0.321935,1.56478,-0.299248,0.321945,1.55797,0.0144962,0.0124116,0.0247102,1.77043,0.0002,2.71061e-10,2.54067e-08,2.71061e-10,0.000200011,1.07791e-06,2.54067e-08,1.07791e-06,0.000199996
-0.296521,0.321942,1.56601,-0.299246,0.321985,1.55799,0.00931805,0.0131895,0.0216194,1.77608,0.0002,1.82532e-10,1.38887e-08,1.82532e-10,0.000200011,1.06082e-06,1.38887e-08,1.06082e-06,0.000199996
-0.294767,0.321968,1.56709,-0.299241,0.321977,1.55797,0.0110714,0.0132162,0.022703,1.77608,0.0002,8.7563e-11,2.60507e-09,8.7563e-11,0.00020001,1.04648e-06,2.60507e-09,1.04648e-06,0.000199996
-0.293263,0.321926,1.56807,-0.299262,0.321974,1.558,0.00560227,0.0131089,0.0214088,1.76861,0.0002,8.29586e-11,5.15128e-09,8.29586e-11,0.00020001,1.05431e-06,5.15128e-09,1.05431e-06,0.000199996
-0.289566,0.321959,1.57099,-0.28722,0.322454,1.56975,0.0092993,0.0131422,0.0243339,2.24357,0.0002,1.29398e-10,1.33048e-08,1.29398e-10,0.000200011,1.07294e-06,1.33048e-08,1.07294e-06,0.000199996
-0.286607,0.32199,1.57292,-0.287217,0.322453,1.56975,0.0122576,0.0131734,0.0262587,2.24357,0.0002,1.62187e-10,1.75643e-08,1.62187e-10,0.000200011,1.08489e-06,1.75643e-08,1.08489e-06,0.000199996
-0.284323,0.322104,1.57466,-0.287203,0.322457,1.56971,0.00788484,0.0131241,0.0121978,2.24027,0.0002,8.44333e-11,5.87723e-09,8.44333e-11,0.000200011,1.07887e-06,5.87723e-09,1.07887e-06,0.000199996
-0.282489,0.322196,1.57564,-0.287168,0.322452,1.56972,0.00971935,0.0132164,0.0131777,2.23976,0.0002,1.9127e-11,-2.0722e-09,1.9127e-11,0.000200011,1.07501e-06,-2.0722e-09,1.07501e-06,0.000199996
-0.281044,0.322294,1.57631,-0.287178,0.322459,1.56967,0.00382949,0.0136539,0.00713725,2.24027,0.0002,-5.6866e-11,-1.08656e-08,-5.6866e-11,0.000200011,1.06911e-06,-1.08656e-08,1.06911e-06,0.000199996
-0.279801,0.322415,1.57664,-0.287167,0.322455,1.56968,0.00507216,0.0137754,0.00746735,2.24027,0.0002,-1.66032e-10,-2.35596e-08,-1.66032e-10,0.000200011,1.07889e-06,-2.35596e-08,1.07889e-06,0.000199996
-0.275299,0.32213,1.58159,-0.269521,0.321368,1.59364,0.00957504,0.0134901,0.0124186,1.78278,0.0002,-3.27845e-11,-1.10751e-09,-3.27845e-11,0.000200011,1.08198e-06,-1.10751e-09,1.08198e-06,0.000199996
-0.271827,0.321866,1.58472,-0.26954,0.321372,1.59363,0.00522523,0.0138057,0.00887089,1.78654,0.0002,1.13901e-10,1.87734e-08,1.13901e-10,0.000200011,1.06367e-06,1.87734e-08,1.06367e-06,0.000199996
-0.269026,0.321722,1.5865,-0.269529,0.321359,1.59362,0.00802569,0.0136612,0.0106498,1.78654,0.0002,1.5037e-10,2.04142e-08,1.5037e-10,0.000200011,1.05526e-06,2.04142e-08,1.05526e-06,0.000199996
-0.266723,0.321674,1.58699,-0.269529,0.321357,1.59362,0.00676161,0.0134944,0.00982113,1.78278,0.0002,1.0296e-10,1.08769e-08,1.0296e-10,0.000200011,1.05994e-06,1.08769e-08,1.05994e-06,0.000199996
-0.264969,0.321763,1.58718,-0.269533,0.321358,1.59362,0.00851594,0.0135835,0.0100072,1.78278,0.0002,-7.7933e-11,-1.55329e-08,-7.7933e-11,0.00020001,1.04902e-06,-1.55329e-08,1.04902e-06,0.000199996
-0.260997,0.321592,1.58946,-0.256587,0.320215,1.60172,0.0124875,0.0134125,0.0122929,1.85559,0.0002,-1.97372e-10,-2.92878e-08,-1.97372e-10,0.00020001,1.03867e-06,-2.92878e-08,1.03867e-06,0.000199996
-0.257756,0.321353,1.59201,-0.256596,0.320219,1.60171,0.00941759,0.0120185,0.012834,1.85559,0.0002,-1.82506e-10,-2.24413e-08,-1.82506e-10,0.00020001,1.0425e-06,-2.24413e-08,1.0425e-06,0.000199996
-0.255097,0.321102,1.59478,-0.256592,0.320222,1.60172,0.0120765,0.0117678,0.0156024,1.85559,0.0002,-1.06941e-10,-9.38522e-09,-1.06941e-10,0.00020001,1.05538e-06,-9.38522e-09,1.05538e-06,0.000199996
-0.252884,0.320865,1.5972,-0.256592,0.320222,1.60169,0.0077537,0.0116957,0.0144284,1.85936,0.0002,-6.65355e-12,4.25585e-09,-6.65355e-12,0.000200011,1.07741e-06,4.25585e-09,1.07741e-06,0.000199996
-0.251177,0.320741,1.59862,-0.256587,0.32022,1.6017,0.00946004,0.0115717,0.0158463,1.85559,0.0002,-2.29556e-12,2.34488e-09,-2.29556e-12,0.000200011,1.08105e-06,2.34488e-09,1.08105e-06,0.000199996
-0.24701,0.320614,1.59879,-0.242247,0.319763,1.60051,0.0136276,0.0114447,0.0160159,2.00406,0.0002,-7.29737e-11,-9.00336e-09,-7.29737e-11,0.000200011,1.07289e-06,-9.00336e-09,1.07289e-06,0.000199996
-0.243659,0.320665,1.59861,-0.242248,0.319779,1.60049,0.00924866,0.0122796,0.0173581,2.01921,0.0002,-2.97417e-10,-4.00902e-08,-2.97417e-10,0.000200011,1.07042e-06,-4.00902e-08,1.07042e-06,0.000199996
-0.240892,0.320706,1.59847,-0.242242,0.319765,1.60051,0.0120155,0.0123203,0.01722,2.00785,0.0002,-4.81287e-10,-6.0287e-08,-4.81287e-10,0.000200011,1.08245e-06,-6.0287e-08,1.08245e-06,0.000199996
-0.238718,0.320612,1.59856,-0.242246,0.319776,1.60047,0.00810117,0.0109252,0.0203892,2.00791,0.0002,-4.73801e-10,-5.26629e-08,-4.73801e-10,0.000200011,1.0839e-06,-5.26629e-08,1.0839e-06,0.000199996
-0.236851,0.320537,1.59946,-0.242245,0.319769,1.60046,0.00996804,0.0108507,0.021286,2.00791,0.0002,-4.74549e-10,-4.88033e-08,-4.74549e-10,0.000200011,1.10522e-06,-4.88033e-08,1.10522e-06,0.000199996
-0.235269,0.320398,1.60017,-0.242238,0.319776,1.60047,0.0115504,0.0107112,0.0220051,2.00791,0.0002,-3.80117e-10,-3.34937e-08,-3.80117e-10,0.000200012,1.13286e-06,-3.34937e-08,1.13286e-06,0.000199996
-0.231293,0.320384,1.60069,-0.227945,0.320372,1.60275,0.00792525,0.0113068,0.0157906,2.7242,0.0002,-2.66978e-10,-1.96247e-08,-2.66978e-10,0.000200012,1.12684e-06,-1.96247e-08,1.12684e-06,0.000199996
-0.228068,0.320539,1.6013,-0.22791,0.32034,1.60268,0.0111506,0.0114613,0.0163953,2.72044,0.0002,-3.85192e-10,-3.8479e-08,-3.85192e-10,0.000200012,1.12897e-06,-3.8479e-08,1.12897e-06,0.000199996
-0.225411,0.320715,1.60115,-0.227948,0.320368,1.60265,0.00607572,0.0115562,0.0144611,2.72348,0.0002,-5.40505e-10,-5.76872e-08,-5.40505e-10,0.000200012,1.14373e-06,-5.76872e-08,1.14373e-06,0.000199996
-0.223383,0.320785,1.60073,-0.227911,0.320347,1.60268,0.00810384,0.0116261,0.0140417,2.72044,0.0002,-5.75206e-10,-5.90496e-08,-5.75206e-10,0.000200012,1.1365e-06,-5.90496e-08,1.1365e-06,0.000199996
-0.221784,0.320821,1.60112,-0.227927,0.320368,1.60266,0.00970257,0.0116627,0.014427,2.72348,0.0002,-5.72683e-10,-5.66146e-08,-5.72683e-10,0.000200012,1.12855e-06,-5.66146e-08,1.12855e-06,0.000199996
-0.220503,0.320804,1.60163,-0.227921,0.320348,1.60267,0.00442577,0.0121275,0.0140238,2.71668,0.0002,-5.1979e-10,-4.85112e-08,-5.1979e-10,0.000200012,1.12366e-06,-4.85112e-08,1.12366e-06,0.000199996
-0.216044,0.320488,1.60362,-0.210963,0.318795,1.60846,0.00888477,0.0118112,0.0160071,4.22678,0.0002,-4.83423e-10,-4.39554e-08,-4.83423e-10,0.000200012,1.12733e-06,-4.39554e-08,1.12733e-06,0.000199996
-0.212624,0.320254,1.6051,-0.210951,0.318797,1.60845,0.0123049,0.0115779,0.01749,4.22678,0.0002,-4.73014e-10,-4.44007e-08,-4.73014e-10,0.000200012,1.10572e-06,-4.44007e-08,1.10572e-06,0.000199996
-0.209805,0.320029,1.60588,-0.210967,0.31879,1.60847,0.00897654,0.0120127,0.0189062,4.22261,0.0002,-4.26613e-10,-3.87227e-08,-4.26613e-10,0.000200012,1.10572e-06,-3.87227e-08,1.10572e-06,0.000199996
-0.207484,0.319958,1.60639,-0.210942,0.318787,1.60847,0.011297,0.0119417,0.0194228,4.22285,0.0002,-5.21829e-10,-5.27104e-08,-5.21829e-10,0.000200012,1.11532e-06,-5.27104e-08,1.11532e-06,0.000199996
-0.205587,0.319905,1.60618,-0.210951,0.318787,1.60845,0.00990703,0.012575,0.0167913,4.22261,0.0002,-6.0339e-10,-6.17935e-08,-6.0339e-10,0.000200012,1.12827e-06,-6.17935e-08,1.12827e-06,0.000199996
-0.202274,0.319703,1.60551,-0.201642,0.317719,1.60336,0.0132207,0.0123731,0.0161205,3.44855,0.0002,-7.36712e-10,-7.76308e-08,-7.36712e-10,0.000200012,1.12598e-06,-7.76308e-08,1.12598e-06,0.000199996
-0.199612,0.319527,1.60485,-0.201698,0.317754,1.60327,0.00947262,0.0126625,0.015064,3.44512,0.0002,-8.14819e-10,-8.41593e-08,-8.14819e-10,0.000200012,1.12807e-06,-8.41593e-08,1.12807e-06,0.000199996
-0.197354,0.319316,1.60496,-0.201708,0.317818,1.60334,0.0117307,0.0124521,0.0151737,3.47403,0.0002,-7.87522e-10,-7.5487e-08,-7.87522e-10,0.000200012,1.15028e-06,-7.5487e-08,1.15028e-06,0.000199996
-0.195561,0.318985,1.60494,-0.201694,0.317747,1.6033,0.0135237,0.0121203,0.0151494,3.44139,0.0002,-5.76925e-10,-4.6002e-08,-5.76925e-10,0.000200012,1.16191e-06,-4.6002e-08,1.16191e-06,0.000199995
-0.194133,0.318836,1.60514,-0.201713,0.317908,1.60334,0.00869404,0.0134821,0.0165057,3.47918,0.0002,-5.11445e-10,-4.08365e-08,-5.11445e-10,0.000200013,1.16888e-06,-4.08365e-08,1.16888e-06,0.000199995
-0.193118,0.318696,1.60467,-0.20171,0.317816,1.60332,0.00970916,0.0133419,0.0160374,3.47403,0.0002,-4.51397e-10,-3.65856e-08,-4.51397e-10,0.000200012,1.15295e-06,-3.65856e-08,1.15295e-06,0.000199995
-0.190009,0.318233,1.60552,-0.189683,0.31572,1.61101,0.00696823,0.01412,0.0058185,3.72805,0.0002,-4.72641e-10,-4.3155e-08,-4.72641e-10,0.000200012,1.12541e-06,-4.3155e-08,1.12541e-06,0.000199995
-0.187437,0.317835,1.6064,-0.18969,0.315777,1.61097,0.00954031,0.0137222,0.00669828,3.75398,0.0002,-4.52218e-10,-4.14561e-08,-4.52218e-10,0.000200012,1.1216e-06,-4.14561e-08,1.1216e-06,0.000199996
-0.185379,0.31756,1.60731,-0.18968,0.315774,1.61098,0.0115983,0.013447,0.0076134,3.75028,0.0002,-4.90359e-10,-4.7628e-08,-4.90359e-10,0.000200012,1.11891e-06,-4.7628e-08,1.11891e-06,0.000199996
-0.183621,0.317196,1.60814,-0.189682,0.315773,1.61096,0.00722399,0.0136605,0.0117438,3.75398,0.0002,-3.57921e-10,-2.88133e-08,-3.57921e-10,0.000200012,1.13504e-06,-2.88133e-08,1.13504e-06,0.000199996
-0.182211,0.316822,1.6086,-0.189677,0.315776,1.61097,0.00863441,0.0132863,0.0122035,3.75398,0.0002,-1.50039e-10,-3.40777e-09,-1.50039e-10,0.000200012,1.14587e-06,-3.40777e-09,1.14587e-06,0.000199996
-0.178015,0.31627,1.60904,-0.174318,0.31387,1.61131,0.00480528,0.0145765,0.0143483,3.73922,0.0002,-1.42096e-10,-7.74649e-09,-1.42096e-10,0.000200012,1.15204e-06,-7.74649e-09,1.15204e-06,0.000199995
-0.174642,0.316026,1.60948,-0.174304,0.313899,1.61124,0.00817833,0.0143334,0.0147865,3.75054,0.0002,-3.778e-10,-4.14968e-08,-3.778e-10,0.000200012,1.15821e-06,-4.14968e-08,1.15821e-06,0.000199995
-0.171981,0.315775,1.60963,-0.174285,0.31383,1.61128,0.0108396,0.0140819,0.0149372,3.7279,0.0002,-5.13521e-10,-5.61093e-08,-5.13521e-10,0.000200012,1.15562e-06,-5.61093e-08,1.15562e-06,0.000199995
-0.169937,0.31554,1.60974,-0.174291,0.31389,1.61124,0.00982761,0.0134779,0.0106514,3.76139,0.0002,-5.56792e-10,-5.81972e-08,-5.56792e-10,0.000200012,1.14061e-06,-5.81972e-08,1.14061e-06,0.000199995
-0.168173,0.315355,1.61024,-0.174289,0.313881,1.61123,0.011591,0.0132927,0.0111549,3.75761,0.0002,-6.01736e-10,-6.05871e-08,-6.01736e-10,0.000200012,1.1514e-06,-6.05871e-08,1.1514e-06,0.000199995
-0.166668,0.315042,1.61064,-0.174275,0.313885,1.61119,0.00618971,0.0129931,0.0181604,3.75761,0.0002,-4.36412e-10,-3.56643e-08,-4.36412e-10,0.000200013,1.17297e-06,-3.56643e-08,1.17297e-06,0.000199995
-0.162218,0.31449,1.60979,-0.158592,0.312708,1.60588,0.0106393,0.0124419,0.0173084,3.71675,0.0002,-2.26897e-10,-1.03082e-08,-2.26897e-10,0.000200013,1.20419e-06,-1.03082e-08,1.20419e-06,0.000199995
-0.158818,0.31419,1.60895,-0.159365,0.312785,1.60507,0.0140395,0.0121413,0.0164668,3.69829,0.0002,-2.18679e-10,-1.40982e-08,-2.18679e-10,0.000200014,1.22336e-06,-1.40982e-08,1.22336e-06,0.000199995
-0.155949,0.314165,1.60808,-0.159218,0.31278,1.60516,0.00899805,0.0127225,0.0134236,3.66431,0.0002,-5.03158e-10,-5.081e-08,-5.03158e-10,0.000200014,1.25474e-06,-5.081e-08,1.25474e-06,0.000199995
-0.153671,0.314122,1.60712,-0.15899,0.312791,1.60534,0.0112762,0.0126803,0.0124592,3.69853,0.0002,-6.98533e-10,-6.99385e-08,-6.98533e-10,0.000200015,1.2648e-06,-6.99385e-08,1.2648e-06,0.000199995
-0.151869,0.314068,1.60645,-0.158991,0.312808,1.60533,0.00489338,0.0119199,0.00921984,3.69853,0.0002,-8.15323e-10,-7.82716e-08,-8.15323e-10,0.000200015,1.26799e-06,-7.82716e-08,1.26799e-06,0.000199995
-0.150379,0.313812,1.60591,-0.159001,0.312803,1.6053,0.00638311,0.0116634,0.00867867,3.69477,0.0002,-6.19608e-10,-4.95261e-08,-6.19608e-10,0.000200015,1.27806e-06,-4.95261e-08,1.27806e-06,0.000199994
-0.14516,0.31344,1.6048,-0.139506,0.312176,1.60297,0.0116029,0.0112911,0.00757148,3.90089,0.0002,-4.05187e-10,-2.46571e-08,-4.05187e-10,0.000200016,1.30514e-06,-2.46571e-08,1.30514e-06,0.000199994
-0.141455,0.313229,1.60282,-0.141538,0.312535,1.60113,0.00726068,0.0113596,0.00748384,3.74783,0.0002,-2.49603e-10,-1.08307e-08,-2.49603e-10,0.000200016,1.31214e-06,-1.08307e-08,1.31214e-06,0.000199994
-0.138619,0.313211,1.60038,-0.142799,0.312646,1.59994,0.0100958,0.0113416,0.00504337,3.71272,0.0002,-3.04462e-10,-2.16856e-08,-3.04462e-10,0.000200016,1.33641e-06,-2.16856e-08,1.33641e-06,0.000199994
-0.13647,0.31319,1.59738,-0.142758,0.312644,1.59987,0.0122447,0.0113204,0.00204162,3.70711,0.0002,-3.31489e-10,-2.62478e-08,-3.31489e-10,0.000200016,1.33158e-06,-2.62478e-08,1.33158e-06,0.000199994
-0.134836,0.31307,1.59464,-0.142343,0.312597,1.60026,1.82306e-05,0.0112132,-0.000896414,3.71795,0.0002,-2.13666e-10,-1.32706e-08,-2.13666e-10,0.000200016,1.30162e-06,-1.32706e-08,1.30162e-06,0.000199994
-0.129218,0.312526,1.59197,-0.121425,0.310129,1.60199,0.00563585,0.0106687,-0.00357052,3.53505,0.0002,-1.70864e-10,-1.04562e-08,-1.70864e-10,0.000200016,1.30272e-06,-1.04562e-08,1.30272e-06,0.000199994
-0.124771,0.312082,1.58861,-0.121445,0.310106,1.60212,0.0100835,0.0102252,-0.00692581,3.54655,0.0002,-1.21682e-10,-6.57146e-09,-1.21682e-10,0.000200016,1.29662e-06,-6.57146e-09,1.29662e-06,0.000199994
-0.121262,0.311746,1.58429,-0.122224,0.310095,1.60171,0.00953874,0.00974355,-0.00527496,3.43166,0.0002,-9.52396e-11,-5.19252e-09,-9.52396e-11,0.000200016,1.30969e-06,-5.19252e-09,1.30969e-06,0.000199994
-0.118832,0.311422,1.57961,-0.124005,0.310183,1.6002,0.0119693,0.00941999,-0.00996246,3.26124,0.0002,3.45234e-11,8.54359e-09,3.45234e-11,0.000200016,1.31469e-06,8.54359e-09,1.31469e-06,0.000199994
-0.116979,0.31104,1.57547,-0.124897,0.310031,1.59929,0.00535021,0.00886819,-0.00444146,3.15998,0.0002,2.77309e-10,3.33218e-08,2.77309e-10,0.000200016,1.33142e-06,3.33218e-08,1.33142e-06,0.000199994
-0.115663,0.310473,1.57215,-0.124888,0.31004,1.59926,0.0066664,0.00830082,-0.00775886,3.16377,0.0002,8.28326e-10,9.18985e-08,8.28326e-10,0.000200016,1.31456e-06,9.18985e-08,1.31456e-06,0.000199994
-0.110297,0.309437,1.56284,-0.102559,0.308969,1.56649,0.00308016,0.0072834,0.00611314,3.43499,0.0002,1.66996e-09,1.81816e-07,1.66996e-09,0.000200016,1.27925e-06,1.81816e-07,1.27925e-06,0.000199994
-0.106073,0.308188,1.55571,-0.102553,0.308959,1.56648,0.00730393,0.00603464,-0.00102369,3.43118,0.000200001,2.8372e-09,3.07735e-07,2.8372e-09,0.000200015,1.24418e-06,3.07735e-07,1.24418e-06,0.000199994
-0.102991,0.306756,1.55039,-0.103243,0.309077,1.56586,0.0103858,0.00460209,-0.00633947,3.3649,0.000200002,4.21318e-09,4.61948e-07,4.21318e-09,0.000200014,1.19493e-06,4.61948e-07,1.19493e-06,0.000199994
-0.100895,0.305176,1.54666,-0.103756,0.309057,1.56536,0.00344569,0.00338322,0.0139498,3.32057,0.000200003,5.55322e-09,6.2931e-07,5.55322e-09,0.000200013,1.11943e-06,6.2931e-07,1.11943e-06,0.000199994
-0.0995383,0.303624,1.54352,-0.103934,0.309005,1.56513,0.0048024,0.00183188,0.0108147,3.28139,0.000200005,6.54602e-09,7.8056e-07,6.54602e-09,0.000200011,1.02415e-06,7.8056e-07,1.02415e-06,0.000199994
-0.0946585,0.301006,1.53126,-0.0840626,0.303425,1.51526,0.00164087,0.00307285,0.014342,3.13453,0.000200006,7.25725e-09,9.11527e-07,7.25725e-09,0.000200009,9.40466e-07,9.11527e-07,9.40466e-07,0.000199994
-0.0909287,0.298799,1.52134,-0.0840626,0.303418,1.51524,0.00537067,0.000866445,0.00442379,3.13453,0.000200008,7.60941e-09,1.0147e-06,7.60941e-09,0.000200008,8.57172e-07,1.0147e-06,8.57172e-07,0.000199994
-0.0882614,0.296999,1.5132,-0.0840666,0.303419,1.51524,0.00803799,-0.000933654,-0.00371988,3.13453,0.00020001,7.44929e-09,1.08733e-06,7.44929e-09,0.000200006,7.51501e-07,1.08733e-06,7.51501e-07,0.000199994
-0.0861708,0.295519,1.50632,-0.0843192,0.303356,1.51497,0.00421757,0.00525467,0.0141474,3.12791,0.000200011,7.26096e-09,1.13915e-06,7.26096e-09,0.000200005,6.83298e-07,1.13915e-06,6.83298e-07,0.000199994
-0.084724,0.294305,1.50018,-0.0843245,0.303375,1.51494,0.00566438,0.00404048,0.0080135,3.13226,0.000200012,6.80906e-09,1.17811e-06,6.80906e-09,0.000200004,6.01804e-07,1.17811e-06,6.01804e-07,0.000199994
-0.0837216,0.293364,1.49517,-0.0843182,0.303392,1.51494,0.00253122,0.0114617,0.0241896,3.12848,0.000200013,6.20632e-09,1.19876e-06,6.20632e-09,0.000200003,5.23361e-07,1.19876e-06,5.23361e-07,0.000199994
-0.0807038,0.288823,1.47872,-0.072893,0.284947,1.45119,0.00554897,0.00692118,0.00774343,2.02298,0.000200013,5.76598e-09,1.22307e-06,5.76598e-09,0.000200003,4.73622e-07,1.22307e-06,4.73622e-07,0.000199994
-0.0783441,0.285122,1.46526,-0.0728962,0.28494,1.45119,0.00790875,0.00322021,-0.00572459,2.02418,0.000200014,5.36326e-09,1.25071e-06,5.36326e-09,0.000200002,4.29671e-07,1.25071e-06,4.29671e-07,0.000199994
-0.0765945,0.282259,1.45427,-0.0728865,0.284958,1.4512,0.00813176,0.00469231,-0.00146615,2.01989,0.000200014,4.81092e-09,1.25421e-06,4.81092e-09,0.000200002,3.76396e-07,1.25421e-06,3.76396e-07,0.000199994
-0.0753945,0.280048,1.44517,-0.0728866,0.284947,1.45115,0.00933169,0.00248137,-0.0105729,2.02418,0.000200014,4.08232e-09,1.24357e-06,4.08232e-09,0.000200001,3.08048e-07,1.24357e-06,3.08048e-07,0.000199994
-0.074468,0.278304,1.43757,-0.0728942,0.284963,1.45117,0.00800876,0.0100603,0.00408323,2.02343,0.000200014,3.469e-09,1.23354e-06,3.469e-09,0.000200001,2.5721e-07,1.23354e-06,2.5721e-07,0.000199994
-0.0737807,0.276868,1.4317,-0.0728662,0.284954,1.45116,0.00869608,0.00862491,-0.00178646,2.02685,0.000200014,2.93489e-09,1.23331e-06,2.93489e-09,0.000200001,2.13749e-07,1.23331e-06,2.13749e-07,0.000199994
-0.0724705,0.271876,1.41582,-0.0688215,0.265496,1.39469,0.0100062,0.00363298,-0.0176724,1.60741,0.000200014,2.5469e-09,1.22385e-06,2.5469e-09,0.000200001,1.88274e-07,1.22385e-06,1.88274e-07,0.000199994
-0.0714044,0.267879,1.4031,-0.0688232,0.265517,1.39467,0.00882967,0.00863778,0.0011042,1.61135,0.000200014,2.2676e-09,1.21968e-06,2.2676e-09,0.0002,1.71774e-07,1.21968e-06,1.71774e-07,0.000199995
-0.0704768,0.264592,1.39345,-0.0688209,0.265489,1.39469,0.00975731,0.0053511,-0.00854673,1.60772,0.000200014,2.16099e-09,1.23065e-06,2.16099e-09,0.0002,1.70889e-07,1.23065e-06,1.70889e-07,0.000199995
-0.069766,0.261984,1.38563,-0.0688163,0.265484,1.3947,0.00904737,0.0104431,0.00670065,1.6113,0.000200014,2.03206e-09,1.23427e-06,2.03206e-09,0.0002,1.63209e-07,1.23427e-06,1.63209e-07,0.000199995
-0.0689193,0.259803,1.37979,-0.0687881,0.265497,1.39471,0.00989407,0.00826182,0.0008586,1.60411,0.000200015,2.30408e-09,1.25287e-06,2.30408e-09,0.0002,2.00457e-07,1.25287e-06,2.00457e-07,0.000199995
-0.0675536,0.254404,1.36484,-0.0655599,0.24763,1.34333,0.0112597,0.00286359,-0.0140917,1.76933,0.000200015,2.68282e-09,1.27606e-06,2.68282e-09,0.0002,2.40243e-07,1.27606e-06,2.40243e-07,0.000199994
-0.066406,0.250129,1.35299,-0.0655349,0.247636,1.34337,0.0116225,0.00769525,0.000169792,1.76481,0.000200015,3.01934e-09,1.28472e-06,3.01934e-09,0.000200001,2.70822e-07,1.28472e-06,2.70822e-07,0.000199994
-0.06524,0.246733,1.34392,-0.0655329,0.247646,1.34337,0.0127885,0.0042992,-0.00889701,1.77146,0.000200015,3.58979e-09,1.28747e-06,3.58979e-09,0.000200001,3.27934e-07,1.28747e-06,3.27934e-07,0.000199994
-0.0640036,0.244175,1.33698,-0.0655483,0.247639,1.34335,0.0120602,0.0108934,0.00838556,1.76933,0.000200015,4.36694e-09,1.26447e-06,4.36694e-09,0.000200001,4.12196e-07,1.26447e-06,4.12196e-07,0.000199994
-0.0628646,0.242436,1.33121,-0.0655527,0.247641,1.34333,0.0131991,0.00915398,0.00261701,1.76554,0.000200014,4.985e-09,1.20161e-06,4.985e-09,0.000200002,4.89239e-07,1.20161e-06,4.89239e-07,0.000199994
-0.0617393,0.24103,1.32639,-0.0655273,0.247633,1.34338,0.013015,0.0124823,0.00692516,1.7686,0.000200013,5.67171e-09,1.16451e-06,5.67171e-09,0.000200003,5.70839e-07,1.16451e-06,5.70839e-07,0.000199994
-0.0605536,0.235659,1.31358,-0.0648931,0.22661,1.2986,0.0142007,0.00711069,-0.00589258,1.7276,0.000200013,6.42607e-09,1.14395e-06,6.42607e-09,0.000200003,6.55807e-07,1.14395e-06,6.55807e-07,0.000199994
-0.0594611,0.231545,1.30343,-0.0649002,0.226611,1.29862,0.0152932,0.00299725,-0.0160382,1.72397,0.000200012,7.00513e-09,1.1028e-06,7.00513e-09,0.000200004,7.31367e-07,1.1028e-06,7.31367e-07,0.000199994
-0.0584183,0.228415,1.29511,-0.0648917,0.226617,1.29864,0.0126386,0.00839148,0.00841354,1.7276,0.000200011,7.46126e-09,1.05252e-06,7.46126e-09,0.000200005,8.04787e-07,1.05252e-06,8.04787e-07,0.000199994
-0.0574426,0.226122,1.28825,-0.0648924,0.226609,1.29863,0.0136143,0.00609851,0.00155293,1.72397,0.00020001,7.72647e-09,9.8786e-07,7.72647e-09,0.000200006,8.73339e-07,9.8786e-07,8.73339e-07,0.000199994
-0.0566498,0.224429,1.28245,-0.0648992,0.22661,1.29861,0.0144071,0.00440517,-0.00424891,1.72397,0.000200009,7.76173e-09,9.25273e-07,7.76173e-09,0.000200007,9.18532e-07,9.25273e-07,9.18532e-07,0.000199994
-0.0541339,0.219939,1.26668,-0.0553403,0.210475,1.24556,0.0108305,0.0111426,0.00692609,1.82548,0.000200008,7.62912e-09,8.63763e-07,7.62912e-09,0.000200008,9.49319e-07,8.63763e-07,9.49319e-07,0.000199994
-0.0520297,0.216369,1.25384,-0.0553542,0.210411,1.24553,0.0129347,0.00757285,-0.00590493,1.82549,0.000200007,7.55121e-09,8.21429e-07,7.55121e-09,0.000200008,9.81782e-07,8.21429e-07,9.81782e-07,0.000199994
-0.0501089,0.213498,1.24328,-0.0553253,0.210479,1.24556,0.0148555,0.00470157,-0.016472,1.83264,0.000200007,7.71143e-09,8.01657e-07,7.71143e-09,0.000200009,1.0377e-06,8.01657e-07,1.0377e-06,0.000199994
-0.0487409,0.21106,1.23513,-0.0553766,0.210392,1.24554,0.0090006,0.00874902,0.0059521,1.82068,0.000200006,7.83717e-09,8.09981e-07,7.83717e-09,0.00020001,1.0467e-06,8.09981e-07,1.0467e-06,0.000199994
-0.0478316,0.208929,1.22956,-0.055372,0.210479,1.24558,0.00990985,0.00661752,0.000376452,1.82875,0.000200007,7.98492e-09,8.47441e-07,7.98492e-09,0.00020001,1.0217e-06,8.47441e-07,1.0217e-06,0.000199994
-0.0473101,0.206798,1.2252,-0.0553308,0.210391,1.24558,0.0104314,0.00448704,-0.00398066,1.83533,0.000200008,8.30253e-09,9.36936e-07,8.30253e-09,0.000200009,9.69756e-07,9.36936e-07,9.69756e-07,0.000199994
-0.0450341,0.202254,1.21278,-0.04347,0.197185,1.19882,0.00604671,0.00540387,0.00564857,2.11757,0.000200009,8.16305e-09,1.01884e-06,8.16305e-09,0.000200008,8.61008e-07,1.01884e-06,8.61008e-07,0.000199994
-0.0432803,0.19856,1.20277,-0.0424894,0.197153,1.19948,0.00780051,0.00171014,-0.00436105,2.22117,0.00020001,7.71701e-09,1.08111e-06,7.71701e-09,0.000200006,7.46982e-07,1.08111e-06,7.46982e-07,0.000199994
-0.0420751,0.195353,1.19476,-0.0424681,0.197157,1.19947,0.0031572,0.00487094,0.01077,2.22468,0.000200012,7.2321e-09,1.16219e-06,7.2321e-09,0.000200005,6.39496e-07,1.16219e-06,6.39496e-07,0.000199994
-0.0413741,0.192676,1.18805,-0.0424788,0.19716,1.19948,0.00385821,0.00219381,0.0040557,2.22117,0.000200013,6.51088e-09,1.23227e-06,6.51088e-09,0.000200004,5.26851e-07,1.23227e-06,5.26851e-07,0.000199994
-0.0410406,0.19057,1.18288,-0.042491,0.197156,1.19948,0.00165142,0.00364967,0.00914012,2.22468,0.000200014,5.57273e-09,1.27116e-06,5.57273e-09,0.000200003,4.17552e-07,1.27116e-06,4.17552e-07,0.000199994
-0.0389393,0.18524,1.1685,-0.0322177,0.179658,1.14716,0.00375275,-0.00168031,-0.00523991,1.65149,0.000200015,4.6509e-09,1.31628e-06,4.6509e-09,0.000200002,3.22153e-07,1.31628e-06,3.22153e-07,0.000199994
-0.0375177,0.180918,1.15669,-0.0322121,0.179674,1.14716,0.00517429,-0.00600222,-0.0170546,1.65149,0.000200016,3.54164e-09,1.35549e-06,3.54164e-09,0.000200001,2.16064e-07,1.35549e-06,2.16064e-07,0.000199994
-0.0365292,0.177543,1.14651,-0.0322135,0.179682,1.14715,0.00304656,0.000107628,-0.00312424,1.65502,0.000200017,2.41855e-09,1.36775e-06,2.41855e-09,0.000200001,1.21335e-07,1.36775e-06,1.21335e-07,0.000199994
-0.0357012,0.174835,1.13865,-0.0322699,0.179664,1.14706,0.00387453,-0.0026011,-0.0109777,1.64795,0.000200017,1.61763e-09,1.37662e-06,1.61763e-09,0.0002,6.65055e-08,1.37662e-06,6.65055e-08,0.000199994
-0.0350403,0.172673,1.13238,-0.032209,0.17969,1.14712,0.00449866,0.00505975,0.00532992,1.64795,0.000200017,9.91566e-10,1.38219e-06,9.91566e-10,0.0002,2.74794e-08,1.38219e-06,2.74794e-08,0.000199993
-0.0345358,0.171067,1.12726,-0.0322112,0.17969,1.14713,0.00500312,0.00345379,0.000209512,1.65502,0.000200017,4.9041e-10,1.36589e-06,4.9041e-10,0.0002,-2.52609e-09,1.36589e-06,-2.52609e-09,0.000199993
-0.0341518,0.165707,1.11491,-0.0319767,0.159311,1.10483,0.00538717,-0.00190607,-0.0121389,1.20788,0.000200017,1.10813e-10,1.35535e-06,1.10813e-10,0.0002,-2.40687e-08,1.35535e-06,-2.40687e-08,0.000199994
-0.0338652,0.161327,1.10524,-0.0319801,0.159318,1.10485,0.00597899,0.00330917,0.00504259,1.20437,0.000200017,-2.15728e-10,1.36352e-06,-2.15728e-10,0.0002,-4.3699e-08,1.36352e-06,-4.3699e-08,0.000199994
-0.0336159,0.157802,1.0975,-0.0319862,0.159307,1.10484,0.00622828,-0.000215294,-0.00269478,1.21138,0.000200017,-4.42504e-10,1.37157e-06,-4.42504e-10,0.0002,-5.50047e-08,1.37157e-06,-5.50047e-08,0.000199994
-0.033238,0.154985,1.09173,-0.0319743,0.159319,1.10485,0.00733051,0.00647282,0.0152297,1.20437,0.000200018,-3.6177e-10,1.37708e-06,-3.6177e-10,0.0002,-3.54074e-08,1.37708e-06,-3.54074e-08,0.000199993
-0.0328604,0.152662,1.08721,-0.0319713,0.159314,1.10485,0.00770809,0.00414976,0.0107129,1.20788,0.000200018,-1.87373e-10,1.39158e-06,-1.87373e-10,0.0002,-1.22498e-08,1.39158e-06,-1.22498e-08,0.000199993
-0.0323926,0.15095,1.0836,-0.0319708,0.1593,1.10484,0.00817597,0.00243788,0.00709621,1.21138,0.000200018,1.90922e-10,1.37735e-06,1.90922e-10,0.0002,2.83529e-08,1.37735e-06,2.83529e-08,0.000199993
-0.0321799,0.145555,1.06965,-0.0338872,0.139041,1.04856,0.00902081,0.00654515,0.0122196,1.25724,0.000200017,9.06405e-10,1.36385e-06,9.06405e-10,0.0002,1.01578e-07,1.36385e-06,1.01578e-07,0.000199993
-0.031825,0.141173,1.05828,-0.0338849,0.139067,1.04855,0.00937566,0.00216285,0.00085392,1.2607,0.000200017,1.70322e-09,1.36702e-06,1.70322e-09,0.0002,1.74604e-07,1.36702e-06,1.74604e-07,0.000199993
-0.0314254,0.137759,1.0495,-0.0338488,0.139064,1.04855,0.00969356,0.00740369,0.0148114,1.25724,0.000200017,2.42986e-09,1.35464e-06,2.42986e-09,0.0002,2.36623e-07,1.35464e-06,2.36623e-07,0.000199993
-0.0308774,0.13506,1.04217,-0.0338387,0.139076,1.04856,0.0102415,0.00470458,0.00747686,1.2607,0.000200017,3.26454e-09,1.34278e-06,3.26454e-09,0.000200001,3.1038e-07,1.34278e-06,3.1038e-07,0.000199993
-0.030482,0.132883,1.03619,-0.0338491,0.139049,1.04854,0.0106369,0.00252765,0.00150267,1.2607,0.000200017,3.8223e-09,1.33755e-06,3.8223e-09,0.000200001,3.49362e-07,1.33755e-06,3.49362e-07,0.000199993
-0.02973,0.127995,1.01956,-0.0315338,0.122128,0.991356,0.00938628,0.00722296,0.00764022,1.37503,0.000200016,4.18183e-09,1.29318e-06,4.18183e-09,0.000200001,3.80699e-07,1.29318e-06,3.80699e-07,0.000199994
-0.0290967,0.124087,1.00625,-0.0315512,0.122116,0.99134,0.0100196,0.00331418,-0.0056683,1.37833,0.000200015,4.44582e-09,1.26519e-06,4.44582e-09,0.000200001,4.02846e-07,1.26519e-06,4.02846e-07,0.000199994
-0.028543,0.12094,0.995295,-0.0315478,0.122139,0.991339,0.0105732,0.000167642,-0.016625,1.37173,0.000200015,4.67734e-09,1.25211e-06,4.67734e-09,0.000200002,4.21432e-07,1.25211e-06,4.21432e-07,0.000199994
-0.0280863,0.11842,0.986845,-0.0315409,0.122128,0.991361,0.00994158,0.00219926,-0.011175,1.37503,0.000200015,4.84423e-09,1.24449e-06,4.84423e-09,0.000200002,4.33359e-07,1.24449e-06,4.33359e-07,0.000199994
-0.0274318,0.116429,0.98039,-0.0315315,0.122122,0.991329,0.0105961,0.000208406,-0.0176302,1.37503,0.000200015,5.31465e-09,1.23644e-06,5.31465e-09,0.000200002,4.85576e-07,1.23644e-06,4.85576e-07,0.000199994
-0.0266026,0.111339,0.972257,-0.0311696,0.104283,0.977567,0.00918303,0.0031387,-0.00453383,2.07591,0.000200014,5.94536e-09,1.21996e-06,5.94536e-09,0.000200003,5.57721e-07,1.21996e-06,5.57721e-07,0.000199994
-0.0258607,0.107556,0.965763,-0.0312017,0.104294,0.977619,0.0099249,-0.00064436,-0.0110279,2.07567,0.000200013,6.33882e-09,1.16452e-06,6.33882e-09,0.000200003,6.16441e-07,1.16452e-06,6.16441e-07,0.000199994
-0.0252859,0.104585,0.960158,-0.0311995,0.104303,0.977631,0.00764716,0.00478089,0.00461385,2.0822,0.000200012,6.54087e-09,1.12137e-06,6.54087e-09,0.000200004,6.49692e-07,1.12137e-06,6.49692e-07,0.000199994
-0.0248695,0.102045,0.955294,-0.0310733,0.10433,0.977796,0.00806356,0.00224085,-0.000249648,2.02732,0.000200012,6.69992e-09,1.12141e-06,6.69992e-09,0.000200004,6.58356e-07,1.12141e-06,6.58356e-07,0.000199994
-0.0248058,0.0999305,0.952022,-0.0310759,0.104325,0.977776,0.00812716,0.000126431,-0.00352212,2.02406,0.000200012,6.54171e-09,1.13408e-06,6.54171e-09,0.000200004,6.20254e-07,1.13408e-06,6.20254e-07,0.000199994
-0.0251913,0.0980981,0.949573,-0.0310651,0.104318,0.9781,0.00405477,0.00548099,0.0220192,2.0165,0.000200013,5.94301e-09,1.16361e-06,5.94301e-09,0.000200003,5.2476e-07,1.16361e-06,5.2476e-07,0.000199994
-0.0231278,0.0924128,0.933681,-0.0177612,0.0846269,0.908907,0.00611826,-0.000204306,0.00612698,2.53761,0.000200014,5.29533e-09,1.22206e-06,5.29533e-09,0.000200002,4.29654e-07,1.22206e-06,4.29654e-07,0.000199994
-0.0216224,0.0876933,0.92159,-0.0177058,0.0846328,0.90891,0.00290935,0.0026179,0.0207658,2.55389,0.000200015,4.59176e-09,1.288e-06,4.59176e-09,0.000200002,3.41071e-07,1.288e-06,3.41071e-07,0.000199994
-0.0205109,0.0839682,0.911919,-0.017717,0.0846319,0.908925,0.0040209,-0.00110717,0.0110955,2.55406,0.000200016,3.85475e-09,1.32263e-06,3.85475e-09,0.000200001,2.67488e-07,1.32263e-06,2.67488e-07,0.000199994
-0.0210278,0.0809323,0.90368,-0.023782,0.0846214,0.908005,0.00350393,-0.00414305,0.00285613,2.32856,0.000200016,2.99819e-09,1.35342e-06,2.99819e-09,0.000200001,1.87264e-07,1.35342e-06,1.87264e-07,0.000199994
-0.0203357,0.0784636,0.897072,-0.0177589,0.0846249,0.908912,0.00213934,0.00244169,0.0127411,2.53761,0.000200017,2.17417e-09,1.3796e-06,2.17417e-09,0.0002,1.17781e-07,1.3796e-06,1.17781e-07,0.000199994
-0.019625,0.0766003,0.89189,-0.017759,0.0846329,0.908925,0.00285004,0.000578368,0.00755964,2.5409,0.000200017,1.75152e-09,1.37901e-06,1.75152e-09,0.0002,9.72406e-08,1.37901e-06,9.72406e-08,0.000199994
-0.0189723,0.0713138,0.877286,-0.0178,0.0652875,0.856642,0.00350275,-0.00470808,-0.00704502,1.20213,0.000200017,1.67226e-09,1.36637e-06,1.67226e-09,0.0002,1.09333e-07,1.36637e-06,1.09333e-07,0.000199994
-0.0182331,0.0670743,0.865709,-0.0178051,0.0652915,0.856661,0.00478692,0.000442764,0.00698282,1.20213,0.000200017,1.92109e-09,1.36053e-06,1.92109e-09,0.0002,1.48833e-07,1.36053e-06,1.48833e-07,0.000199994
-0.0177443,0.0635832,0.856649,-0.0178059,0.0653005,0.856636,0.00527566,-0.00304836,-0.00207704,1.20213,0.000200017,1.98034e-09,1.37308e-06,1.98034e-09,0.0002,1.55233e-07,1.37308e-06,1.55233e-07,0.000199993
-0.0174406,0.0607681,0.848521,-0.0175592,0.0652441,0.855342,0.00529982,0.00406485,0.0146223,1.08681,0.000200018,1.81203e-09,1.38286e-06,1.81203e-09,0.0002,1.35169e-07,1.38286e-06,1.35169e-07,0.000199993
-0.0176682,0.0586055,0.841923,-0.017551,0.0652456,0.855381,0.00507222,0.00190231,0.00802457,1.08681,0.000200018,9.67762e-10,1.37401e-06,9.67762e-10,0.0002,4.50497e-08,1.37401e-06,4.50497e-08,0.000199993
-0.0182672,0.0527404,0.826392,-0.0175493,0.0440491,0.804626,0.00363009,0.00579495,0.0160355,1.32975,0.000200017,-1.96766e-10,1.35128e-06,-1.96766e-10,0.0002,-6.96928e-08,1.35128e-06,-6.96928e-08,0.000199993
-0.0188866,0.0479321,0.814382,-0.0175462,0.0440464,0.804623,0.00301067,0.000986722,0.00402502,1.33302,0.000200017,-1.32603e-09,1.35505e-06,-1.32603e-09,0.0002,-1.68838e-07,1.35505e-06,-1.68838e-07,0.000199994
-0.0192788,0.0440074,0.804876,-0.0175404,0.0440531,0.80462,0.00261846,-0.00293804,-0.00548047,1.33302,0.000200017,-2.08176e-09,1.37002e-06,-2.08176e-09,0.0002,-2.18576e-07,1.37002e-06,-2.18576e-07,0.000199993
-0.0191865,0.0407894,0.797579,-0.0175375,0.0440488,0.80461,0.00311255,0.00287237,0.0161626,1.33472,0.000200018,-2.08692e-09,1.3923e-06,-2.08692e-09,0.0002,-1.87459e-07,1.3923e-06,-1.87459e-07,0.000199993
-0.018676,0.0382514,0.791736,-0.0175425,0.0440423,0.804585,0.00362302,0.000334358,0.0103193,1.33302,0.000200018,-1.41192e-09,1.40116e-06,-1.41192e-09,0.0002,-9.91262e-08,1.40116e-06,-9.91262e-08,0.000199993
-0.0178579,0.0363144,0.787368,-0.0175407,0.044039,0.804567,0.00444113,-0.00160261,0.00595101,1.33302,0.000200018,-2.57745e-10,1.39265e-06,-2.57745e-10,0.0002,2.20373e-08,1.39265e-06,2.20373e-08,0.000199993
-0.0172863,0.0314047,0.778102,-0.0187646,0.0266511,0.775215,0.00602524,-0.00202324,0.00942255,1.09282,0.000200018,9.1604e-10,1.36854e-06,9.1604e-10,0.0002,1.31294e-07,1.36854e-06,1.31294e-07,0.000199993
-0.0167759,0.0274391,0.770174,-0.0187281,0.0266407,0.775226,0.00653565,-0.00598878,0.00149448,1.09282,0.000200017,1.84907e-09,1.35921e-06,1.84907e-09,0.0002,2.06026e-07,1.35921e-06,2.06026e-07,0.000199993
-0.0165635,0.0242353,0.763935,-0.0187364,0.0266422,0.775219,0.00814036,0.000495012,0.0154298,1.09602,0.000200017,2.25814e-09,1.35829e-06,2.25814e-09,0.0002,2.21094e-07,1.35829e-06,2.21094e-07,0.000199993
-0.0165847,0.021671,0.758735,-0.0187389,0.0266297,0.775214,0.00811912,-0.00206928,0.0102305,1.09282,0.000200017,2.25423e-09,1.35739e-06,2.25423e-09,0.0002,1.98698e-07,1.35739e-06,1.98698e-07,0.000199993
-0.0168231,0.0195046,0.754679,-0.018735,0.0266397,0.775212,0.0066424,0.0048414,0.0274815,1.09282,0.000200018,1.911e-09,1.37512e-06,1.911e-09,0.0002,1.4753e-07,1.37512e-06,1.4753e-07,0.000199993
-0.0173708,0.0132226,0.737731,-0.0198531,0.00423344,0.707229,0.0060947,-0.00144067,0.0105334,1.5196,0.000200018,1.5584e-09,1.39598e-06,1.5584e-09,0.0002,1.07469e-07,1.39598e-06,1.07469e-07,0.000199993
-0.0175361,0.00833003,0.724282,-0.019872,0.00421922,0.707253,0.00592946,-0.0063332,-0.00291605,1.51331,0.000200018,1.63394e-09,1.38818e-06,1.63394e-09,0.0002,1.2257e-07,1.38818e-06,1.2257e-07,0.000199993
-0.0172235,0.00456773,0.713002,-0.0198464,0.00423214,0.707242,0.00623276,-0.000918032,0.00794569,1.5196,0.000200017,2.28046e-09,1.36021e-06,2.28046e-09,0.0002,1.99315e-07,1.36021e-06,1.99315e-07,0.000199993
-0.016726,0.00150003,0.70336,-0.0198639,0.00421997,0.707253,0.00673028,-0.00398573,-0.00169632,1.51656,0.000200017,3.12537e-09,1.35212e-06,3.12537e-09,0.000200001,2.85503e-07,1.35212e-06,2.85503e-07,0.000199993
-0.0163283,-0.000778573,0.695648,-0.0198575,0.00422914,0.707256,0.00607732,0.00326083,0.0189363,1.5198,0.000200017,3.69816e-09,1.31969e-06,3.69816e-09,0.000200001,3.38682e-07,1.31969e-06,3.38682e-07,0.000199993
-0.0160637,-0.00251014,0.689787,-0.0198013,0.0042328,0.707243,0.00634192,0.00152926,0.0130751,1.53908,0.000200016,3.98237e-09,1.28474e-06,3.98237e-09,0.000200001,3.61249e-07,1.28474e-06,3.61249e-07,0.000199994
-0.0155711,-0.00792126,0.675815,-0.0181417,-0.0150343,0.661884,0.00683451,-0.00388186,-0.00089714,1.50876,0.000200016,4.23452e-09,1.28769e-06,4.23452e-09,0.000200001,3.75232e-07,1.28769e-06,3.75232e-07,0.000199994
-0.0150942,-0.0121774,0.664428,-0.0181142,-0.0150325,0.661867,0.00731141,-0.00813801,-0.0122842,1.51193,0.000200016,4.46768e-09,1.27898e-06,4.46768e-09,0.000200001,3.9361e-07,1.27898e-06,3.9361e-07,0.000199994
-0.0146257,-0.0154806,0.65501,-0.0181122,-0.0150357,0.661878,0.00778,-0.0114412,-0.0217013,1.51193,0.000200015,4.68983e-09,1.258e-06,4.68983e-09,0.000200001,4.16854e-07,1.258e-06,4.16854e-07,0.000199994
-0.0141162,-0.0181495,0.647369,-0.0181153,-0.015043,0.661853,0.00696562,-0.0103381,-0.0183567,1.51193,0.000200015,5.02456e-09,1.24952e-06,5.02456e-09,0.000200002,4.5135e-07,1.24952e-06,4.5135e-07,0.000199994
-0.0138927,-0.0202042,0.641255,-0.0181227,-0.0150344,0.661844,0.00577018,-0.00772499,-0.0128738,1.50876,0.000200014,4.99102e-09,1.23168e-06,4.99102e-09,0.000200002,4.42902e-07,1.23168e-06,4.42902e-07,0.000199994
-0.0136505,-0.0217711,0.636678,-0.0181171,-0.0150364,0.661858,0.00601248,-0.00929185,-0.0174511,1.51193,0.000200014,4.99142e-09,1.20836e-06,4.99142e-09,0.000200002,4.46759e-07,1.20836e-06,4.46759e-07,0.000199994
-0.0122045,-0.0267498,0.620924,-0.0118193,-0.0337715,0.603472,0.00339356,-0.00135926,0.0119386,1.87176,0.000200014,5.03358e-09,1.18629e-06,5.03358e-09,0.000200002,4.58122e-07,1.18629e-06,4.58122e-07,0.000199994
-0.0114719,-0.0303872,0.607886,-0.0138124,-0.0336775,0.603892,0.00412616,-0.00499658,-0.00109938,1.73222,0.000200012,4.85525e-09,1.12113e-06,4.85525e-09,0.000200002,4.5842e-07,1.12113e-06,4.5842e-07,0.000199994
-0.0110838,-0.0326594,0.598078,-0.0137695,-0.0336745,0.603892,0.00145714,0.000968121,0.00901462,1.73222,0.00020001,4.18973e-09,9.7785e-07,4.18973e-09,0.000200002,4.2495e-07,9.7785e-07,4.2495e-07,0.000199995
-0.0110647,-0.0339894,0.591274,-0.0132031,-0.0337234,0.603921,0.00147619,-0.000361885,0.00221074,1.70534,0.000200008,3.14505e-09,8.06097e-07,3.14505e-09,0.000200001,3.39004e-07,8.06097e-07,3.39004e-07,0.000199996
-0.0112901,-0.034675,0.58656,-0.0132166,-0.0337304,0.603936,0.00125081,-0.00104748,-0.00250394,1.70853,0.000200006,2.16549e-09,6.35005e-07,2.16549e-09,0.000200001,2.46478e-07,6.35005e-07,2.46478e-07,0.000199997
-0.00975969,-0.0382286,0.572917,-0.00421907,-0.0495289,0.552499,-0.000886936,0.00294922,0.00960028,1.91311,0.000200004,1.46673e-09,4.99108e-07,1.46673e-09,0.000200001,1.77587e-07,4.99108e-07,1.77587e-07,0.000199998
-0.00854239,-0.0409532,0.562515,-0.00423369,-0.0495628,0.552476,0.000330365,0.000224654,-0.000801273,1.91439,0.000200003,9.94611e-10,3.92546e-07,9.94611e-10,0.0002,1.31802e-07,3.92546e-07,1.31802e-07,0.000199998
-0.00748184,-0.0431516,0.554094,-0.00423783,-0.0495581,0.552495,0.0005758,0.00191614,0.0182394,1.91311,0.000200002,7.20094e-10,3.27839e-07,7.20094e-10,0.0002,1.15786e-07,3.27839e-07,1.15786e-07,0.000199999
-0.0066034,-0.044982,0.547184,-0.00430501,-0.0495513,0.552664,0.00145424,8.57317e-05,0.011329,1.89551,0.000200001,5.5854e-10,2.98332e-07,5.5854e-10,0.0002,1.11936e-07,2.98332e-07,1.11936e-07,0.000199999
-0.00674726,-0.0464028,0.542095,-0.00871068,-0.0494404,0.553832,0.00131038,-0.00133503,0.00623996,1.64884,0.000200001,4.5855e-10,2.76203e-07,4.5855e-10,0.0002,1.14723e-07,2.76203e-07,1.14723e-07,0.000199999
-0.0056635,-0.0484406,0.529196,-0.0027238,-0.0535889,0.510204,0.00136427,-0.00205634,0.0107069,1.18743,0.000200001,4.03901e-10,2.72785e-07,4.03901e-10,0.0002,1.18329e-07,2.72785e-07,1.18329e-07,0.000199999
-0.00487504,-0.0500417,0.518766,-0.0026594,-0.0535478,0.510167,0.00215273,-0.00365747,0.00027676,1.19377,0.000200001,3.40241e-10,2.674e-07,3.40241e-10,0.0002,1.05444e-07,2.674e-07,1.05444e-07,0.0002
-0.00432201,-0.0513575,0.510579,-0.00299232,-0.053573,0.510437,0.00192749,-0.00307305,0.0142251,1.14223,0.000200001,2.95047e-10,2.68888e-07,2.95047e-10,0.0002,9.49344e-08,2.68888e-07,9.49344e-08,0.0002
-0.00404934,-0.0523143,0.504506,-0.003804,-0.0535652,0.510752,0.00220016,-0.00402984,0.0081526,1.05972,0.000200001,2.52407e-10,2.54838e-07,2.52407e-10,0.0002,8.68598e-08,2.54838e-07,8.68598e-08,0.0002
-0.00384646,-0.0531281,0.499738,-0.00364412,-0.0535564,0.510681,0.00240304,-0.00484364,0.00338408,1.0574,0.000200001,2.13735e-10,2.53861e-07,2.13735e-10,0.0002,7.38476e-08,2.53861e-07,7.38476e-08,0.0002
-0.00393326,-0.0541949,0.496457,-0.00396296,-0.0535502,0.510762,0.00155979,-0.00362523,0.0222839,1.04779,0.000200001,1.50452e-10,3.19663e-07,1.50452e-10,0.0002,3.51093e-08,3.19663e-07,3.51093e-08,0.0002
-0.00438124,-0.0568208,0.484284,-0.00429244,-0.0611286,0.469234,0.0011118,-0.00625117,0.0101115,1.1837,0.000200001,-4.04343e-11,4.02465e-07,-4.04343e-11,0.0002,-3.81682e-08,4.02465e-07,-3.81682e-08,0.0002
-0.00500457,-0.0590281,0.474029,-0.00429241,-0.0611348,0.469233,0.00067079,-0.00748252,0.00834728,1.1837,0.000200002,-3.74639e-10,4.71882e-07,-3.74639e-10,0.0002,-1.28496e-07,4.71882e-07,-1.28496e-07,0.000199999
-0.00567233,-0.0609017,0.465305,-0.00429312,-0.0611661,0.469218,3.03263e-06,-0.00935611,-0.000377157,1.18693,0.000200002,-7.94496e-10,5.3192e-07,-7.94496e-10,0.0002,-2.14498e-07,5.3192e-07,-2.14498e-07,0.000199999
-0.00631549,-0.0625202,0.458424,-0.0042795,-0.0611668,0.469196,-0.00112104,-0.00842743,0.0160985,1.19338,0.000200003,-1.25789e-09,5.88852e-07,-1.25789e-09,0.000200001,-2.88409e-07,5.88852e-07,-2.88409e-07,0.000199999
-0.00703165,-0.063905,0.452915,-0.00430556,-0.0611599,0.46917,-0.0018372,-0.0098122,0.0105888,1.19015,0.000200003,-1.80515e-09,6.3901e-07,-1.80515e-09,0.000200001,-3.6808e-07,6.3901e-07,-3.6808e-07,0.000199999
-0.00775266,-0.0650555,0.448397,-0.0043075,-0.0611545,0.46914,-0.00255821,-0.0109627,0.00607144,1.19015,0.000200004,-2.37376e-09,6.77213e-07,-2.37376e-09,0.000200002,-4.43524e-07,6.77213e-07,-4.43524e-07,0.000199998
-0.00854751,-0.0670036,0.434882,-0.00582471,-0.0663663,0.420146,0.000183454,-0.00877218,0.0107256,1.05209,0.000200004,-2.74076e-09,7.0271e-07,-2.74076e-09,0.000200002,-4.7331e-07,7.0271e-07,-4.7331e-07,0.000199998
-0.00886085,-0.0684206,0.42376,-0.00583157,-0.0663697,0.420149,-0.000129881,-0.0101891,-0.000396788,1.04888,0.000200004,-2.70745e-09,6.95632e-07,-2.70745e-09,0.000200002,-4.41979e-07,6.95632e-07,-4.41979e-07,0.000199998
-0.00866382,-0.0695277,0.414853,-0.00583447,-0.066363,0.420105,0.00399363,-0.00631786,0.0162951,1.05226,0.000200004,-2.33339e-09,6.87119e-07,-2.33339e-09,0.000200001,-3.51383e-07,6.87119e-07,-3.51383e-07,0.000199998
-0.00832487,-0.0702593,0.407831,-0.00583032,-0.0663661,0.420109,0.00433257,-0.00704949,0.0092733,1.05226,0.000200004,-1.86377e-09,6.56933e-07,-1.86377e-09,0.000200001,-2.65131e-07,6.56933e-07,-2.65131e-07,0.000199998
-0.00783731,-0.0707689,0.402314,-0.00583584,-0.0663637,0.420093,0.00482014,-0.00755915,0.00375606,1.05226,0.000200004,-1.35679e-09,6.25964e-07,-1.35679e-09,0.000200001,-1.75596e-07,6.25964e-07,-1.75596e-07,0.000199998
-0.00913661,-0.0731235,0.388857,-0.0140966,-0.0764643,0.37438,0.0059914,-0.00516242,0.0150164,1.00562,0.000200004,-9.86099e-10,5.95375e-07,-9.86099e-10,0.0002,-1.20161e-07,5.95375e-07,-1.20161e-07,0.000199998
-0.0101526,-0.0746933,0.378812,-0.0141015,-0.0764513,0.374353,0.00497537,-0.00673225,0.004971,1.00562,0.000200003,-6.83063e-10,5.25761e-07,-6.83063e-10,0.0002,-8.14101e-08,5.25761e-07,-8.14101e-08,0.000199999
-0.010969,-0.0757214,0.370967,-0.0140997,-0.0764554,0.374273,0.004159,-0.00776029,-0.0028736,1.00562,0.000200002,-4.6835e-10,4.44505e-07,-4.6835e-10,0.0002,-5.76459e-08,4.44505e-07,-5.76459e-08,0.000199999
-0.0116325,-0.0764097,0.364685,-0.0141051,-0.0764562,0.37424,0.00439404,-0.00453484,0.0160866,1.00562,0.000200002,-3.2524e-10,3.70948e-07,-3.2524e-10,0.0002,-4.41567e-08,3.70948e-07,-4.41567e-08,0.000199999
-0.0121178,-0.0768499,0.35966,-0.0141121,-0.0764551,0.374238,0.00390875,-0.00497511,0.0110611,1.00562,0.000200001,-2.12128e-10,3.06319e-07,-2.12128e-10,0.0002,-2.80517e-08,3.06319e-07,-2.80517e-08,0.000199999
-0.0124262,-0.0772408,0.355535,-0.0141169,-0.0764637,0.374231,0.00422279,-0.00290913,0.0314192,0.999192,0.000200001,-1.17162e-10,2.71036e-07,-1.17162e-10,0.0002,-5.00233e-09,2.71036e-07,-5.00233e-09,0.000199999
-0.0128009,-0.078737,0.34474,-0.0146997,-0.0823799,0.334686,0.0038481,-0.00440539,0.0206242,1.08505,0.000200001,-5.51876e-11,2.48501e-07,-5.51876e-11,0.0002,9.47863e-09,2.48501e-07,9.47863e-09,0.0002
-0.0132152,-0.0800404,0.336204,-0.0146675,-0.0823559,0.334667,0.0034338,-0.00570874,0.0120881,1.08879,0.000200001,-4.47891e-11,2.51715e-07,-4.47891e-11,0.0002,-1.16936e-09,2.51715e-07,-1.16936e-09,0.0002
-0.0134506,-0.0810684,0.32906,-0.0147108,-0.08236,0.334647,0.00306372,-0.00532787,0.0235907,1.07552,0.000200001,-1.38685e-11,2.5145e-07,-1.38685e-11,0.0002,8.39606e-09,2.5145e-07,8.39606e-09,0.0002
-0.0135497,-0.0818371,0.323453,-0.0147218,-0.0823633,0.334668,0.00296459,-0.00609655,0.0179837,1.08187,0.000200001,3.05042e-11,2.42748e-07,3.05042e-11,0.0002,2.89609e-08,2.42748e-07,2.89609e-08,0.0002
-0.0137453,-0.0823596,0.319176,-0.0146872,-0.0823666,0.334671,0.00237824,-0.00505325,0.0270088,1.08822,0.000200001,2.96905e-11,2.22112e-07,2.96905e-11,0.0002,2.24096e-08,2.22112e-07,2.24096e-08,0.0002
-0.0138476,-0.0827391,0.316062,-0.014679,-0.082376,0.334662,0.00227596,-0.0054328,0.0238953,1.08822,0.0002,3.84764e-11,2.02552e-07,3.84764e-11,0.0002,2.66333e-08,2.02552e-07,2.66333e-08,0.0002
-0.0140727,-0.0839237,0.303295,-0.0152049,-0.0865051,0.283279,0.00205089,-0.00661741,0.0111278,1.05882,0.0002,3.9594e-11,1.98622e-07,3.9594e-11,0.0002,2.4728e-08,1.98622e-07,2.4728e-08,0.0002
-0.0142426,-0.0849124,0.292667,-0.0152033,-0.0865054,0.283283,0.00227385,-0.00586251,0.0209276,1.05882,0.0002,4.231e-11,2.02716e-07,4.231e-11,0.0002,2.45705e-08,2.02716e-07,2.45705e-08,0.0002
-0.0143649,-0.0857839,0.284171,-0.0152434,-0.0864993,0.28331,0.00215155,-0.006734,0.0124313,1.05721,0.0002,5.05497e-11,2.18492e-07,5.05497e-11,0.0002,2.74853e-08,2.18492e-07,2.74853e-08,0.0002
-0.0144164,-0.0864043,0.277261,-0.0152142,-0.0865094,0.28326,0.00217185,-0.00594198,0.0232258,1.06207,0.0002,6.36584e-11,2.16082e-07,6.36584e-11,0.0002,3.56293e-08,2.16082e-07,3.56293e-08,0.0002
-0.0144691,-0.0869278,0.271627,-0.01519,-0.0865113,0.283252,0.00211912,-0.00646549,0.0175922,1.06532,0.0002,7.05751e-11,2.18849e-07,7.05751e-11,0.0002,3.79265e-08,2.18849e-07,3.79265e-08,0.0002
-0.0143481,-0.0872416,0.262816,-0.0139488,-0.0862021,0.26121,0.00165396,-0.00538066,0.0297939,0.893865,0.0002,5.56498e-11,2.13501e-07,5.56498e-11,0.0002,2.6438e-08,2.13501e-07,2.6438e-08,0.0002
-0.0143267,-0.0875087,0.255581,-0.0141102,-0.0862273,0.261317,0.00167533,-0.00564777,0.0225592,0.874691,0.0002,3.39983e-11,2.11805e-07,3.39983e-11,0.0002,1.18311e-08,2.11805e-07,1.18311e-08,0.0002
-0.0143457,-0.0877724,0.250002,-0.0141294,-0.0862185,0.261327,0.00165636,-0.00591151,0.0169802,0.872568,0.0002,9.46388e-12,2.18948e-07,9.46388e-12,0.0002,-2.97606e-09,2.18948e-07,-2.97606e-09,0.0002
-0.0143252,-0.0879822,0.245519,-0.0139431,-0.086213,0.261228,0.00123126,-0.00450329,0.0336293,0.89072,0.0002,-1.08013e-11,2.2346e-07,-1.08013e-11,0.0002,-1.29177e-08,2.2346e-07,-1.29177e-08,0.0002
-0.014404,-0.0881394,0.24246,-0.0142827,-0.0862372,0.261279,0.00115245,-0.0046605,0.0305707,0.884103,0.0002,-3.24969e-11,2.23798e-07,-3.24969e-11,0.0002,-2.37092e-08,2.23798e-07,-2.37092e-08,0.0002
-0.0144795,-0.0883394,0.240334,-0.0141085,-0.0862214,0.261327,0.00140415,-0.00272959,0.0490989,0.874691,0.000200001,-6.33343e-11,2.36281e-07,-6.33343e-11,0.0002,-3.83825e-08,2.36281e-07,-3.83825e-08,0.0002
-0.0142667,-0.0903295,0.225639,-0.0128679,-0.0954364,0.196356,0.00161692,-0.00471966,0.0344041,1.89412,0.000200001,-7.73554e-11,2.42649e-07,-7.73554e-11,0.0002,-4.13484e-08,2.42649e-07,-4.13484e-08,0.0002
-0.0140653,-0.0919129,0.213263,-0.0128955,-0.0954452,0.196361,0.00181838,-0.00630313,0.022028,1.89743,0.000200001,-7.85148e-11,2.44985e-07,-7.85148e-11,0.0002,-3.80126e-08,2.44985e-07,-3.80126e-08,0.0002
-0.0139909,-0.093166,0.203697,-0.0135183,-0.0954235,0.197006,0.00280414,-0.00597879,0.0329017,1.75857,0.000200001,-6.9155e-11,2.44945e-07,-6.9155e-11,0.0002,-3.02998e-08,2.44945e-07,-3.02998e-08,0.0002
-0.0143345,-0.0941085,0.196254,-0.0154773,-0.0953317,0.198054,0.00246054,-0.00692123,0.0254586,1.56996,0.000200001,-6.35422e-11,2.38182e-07,-6.35422e-11,0.0002,-2.75309e-08,2.38182e-07,-2.75309e-08,0.0002
-0.0146706,-0.094894,0.190195,-0.0154812,-0.0953236,0.198045,0.00164235,-0.00563234,0.0397549,1.56664,0.000200001,-7.57936e-11,2.39043e-07,-7.57936e-11,0.0002,-3.57681e-08,2.39043e-07,-3.57681e-08,0.0002
-0.0150242,-0.0956319,0.177721,-0.0157712,-0.0962983,0.159913,0.00128874,-0.00637019,0.0272808,1.02617,0.0002,-8.6478e-11,2.26095e-07,-8.6478e-11,0.0002,-4.40306e-08,2.26095e-07,-4.40306e-08,0.0002
-0.0152264,-0.0962023,0.167329,-0.0157734,-0.0962795,0.159921,0.00108651,-0.00694065,0.0168892,1.02299,0.0002,-7.55359e-11,2.15235e-07,-7.55359e-11,0.0002,-3.68475e-08,2.15235e-07,-3.68475e-08,0.0002
-0.0153723,-0.0966358,0.159316,-0.0157686,-0.0962885,0.159872,0.0012023,-0.00669894,0.0197305,1.01982,0.0002,-6.3365e-11,2.04294e-07,-6.3365e-11,0.0002,-3.01345e-08,2.04294e-07,-3.01345e-08,0.0002
-0.0154564,-0.0969301,0.15291,-0.0157727,-0.0962707,0.15989,0.00111823,-0.00699326,0.0133241,1.01982,0.0002,-4.65526e-11,1.89484e-07,-4.65526e-11,0.0002,-2.0667e-08,1.89484e-07,-2.0667e-08,0.0002
-0.0155239,-0.0971668,0.147781,-0.0157676,-0.0962768,0.159871,0.00147948,-0.00579319,0.0267641,1.02299,0.0002,-3.49617e-11,1.79995e-07,-3.49617e-11,0.0002,-1.49841e-08,1.79995e-07,-1.49841e-08,0.0002
-0.015568,-0.0972884,0.14337,-0.0157699,-0.0962697,0.159887,0.00143541,-0.00591478,0.0223537,1.01982,0.0002,-2.41606e-11,1.63328e-07,-2.41606e-11,0.0002,-9.71764e-09,1.63328e-07,-9.71764e-09,0.0002
-0.0158354,-0.0981469,0.129905,-0.0171002,-0.100107,0.111238,0.00116797,-0.00677324,0.00888833,0.954999,0.0002,-1.02112e-11,1.51746e-07,-1.02112e-11,0.0002,1.73397e-10,1.51746e-07,1.73397e-10,0.0002
-0.0160353,-0.0988123,0.118822,-0.017113,-0.100117,0.111234,0.00124419,-0.00603406,0.0211308,0.951762,0.0002,1.51835e-12,1.4063e-07,1.51835e-12,0.0002,8.81772e-09,1.4063e-07,8.81772e-09,0.0002
-0.0162391,-0.0993527,0.109326,-0.0171138,-0.100129,0.111195,0.00104047,-0.00657444,0.0116352,0.958235,0.0002,3.23459e-12,1.34355e-07,3.23459e-12,0.0002,7.06694e-09,1.34355e-07,7.06694e-09,0.0002
-0.0163402,-0.0997585,0.102036,-0.0171025,-0.100137,0.111177,0.00100083,-0.00596169,0.0242215,0.961471,0.0002,1.17297e-11,1.25947e-07,1.17297e-11,0.0002,1.53629e-08,1.25947e-07,1.53629e-08,0.0002
-0.0164883,-0.100069,0.0963074,-0.0171053,-0.100135,0.111173,0.000852675,-0.00627171,0.0184925,0.961471,0.0002,8.99822e-12,1.18198e-07,8.99822e-12,0.0002,9.90489e-09,1.18198e-07,9.90489e-09,0.0002
-0.0168391,-0.100973,0.082872,-0.0178327,-0.103166,0.0658767,0.000501949,-0.00717643,0.00505702,1.12687,0.0002,-3.36722e-12,1.21203e-07,-3.36722e-12,0.0002,-6.76358e-09,1.21203e-07,-6.76358e-09,0.0002
-0.0171416,-0.10172,0.072227,-0.0178342,-0.10317,0.0658757,0.000691772,-0.00700145,0.021319,1.12687,0.0002,-1.71271e-11,1.26594e-07,-1.71271e-11,0.0002,-2.11795e-08,1.26594e-07,-2.11795e-08,0.0002
-0.0173266,-0.102246,0.0638016,-0.0178342,-0.10316,0.0658111,0.000506794,-0.00752755,0.0128936,1.12687,0.0002,-1.90792e-11,1.19028e-07,-1.90792e-11,0.0002,-2.13764e-08,1.19028e-07,-2.13764e-08,0.0002
-0.0175552,-0.102754,0.0574762,-0.0178353,-0.103147,0.0658151,0.000221796,-0.00672788,0.0290749,1.12365,0.0002,-3.32744e-11,1.2847e-07,-3.32744e-11,0.0002,-3.46418e-08,1.2847e-07,-3.46418e-08,0.0002
-0.0177672,-0.10325,0.0526269,-0.0177876,-0.103158,0.0658354,9.86932e-06,-0.00722383,0.0242256,1.1333,0.0002,-5.53077e-11,1.48317e-07,-5.53077e-11,0.0002,-4.95757e-08,1.48317e-07,-4.95757e-08,0.0002
-0.0179253,-0.103581,0.0486397,-0.0178137,-0.103153,0.0658142,-0.000148243,-0.00755445,0.0202385,1.12644,0.0002,-6.76961e-11,1.5053e-07,-6.76961e-11,0.0002,-5.65148e-08,1.5053e-07,-5.65148e-08,0.0002
-0.0182071,-0.104548,0.0356271,-0.0186989,-0.105733,0.0172173,-0.000165621,-0.00815341,0.0197402,1.21591,0.0002,-8.3763e-11,1.82313e-07,-8.3763e-11,0.0002,-5.65519e-08,1.82313e-07,-5.65519e-08,0.0002
-0.0184372,-0.105322,0.0254252,-0.018698,-0.105733,0.0172233,-0.000395748,-0.0089265,0.00953826,1.21591,0.0002,-9.72119e-11,2.02388e-07,-9.72119e-11,0.0002,-5.76705e-08,2.02388e-07,-5.76705e-08,0.0002
-0.0185585,-0.105906,0.0170609,-0.0187874,-0.105792,0.0172447,-0.000517087,-0.00951125,0.00117397,1.19309,0.0002,-8.73542e-11,2.07968e-07,-8.73542e-11,0.0002,-4.57859e-08,2.07968e-07,-4.57859e-08,0.0002
-0.0187861,-0.106323,0.0103669,-0.0187863,-0.105737,0.0172317,-0.000734369,-0.00760746,0.0229813,1.19371,0.0002,-1.05167e-10,2.04833e-07,-1.05167e-10,0.0002,-5.93141e-08,2.04833e-07,-5.93141e-08,0.0002
-0.0188635,-0.106678,0.00511528,-0.0187877,-0.105752,0.0172319,-0.00081179,-0.00796279,0.0177297,1.19048,0.0002,-9.79385e-11,2.05996e-07,-9.79385e-11,0.0002,-5.14183e-08,2.05996e-07,-5.14183e-08,0.0002
-0.0189272,-0.106881,0.000917052,-0.0187859,-0.10577,0.0172474,-0.000696813,-0.00601387,0.0379216,1.19048,0.0002,-8.79708e-11,1.93055e-07,-8.79708e-11,0.0002,-4.67151e-08,1.93055e-07,-4.67151e-08,0.0002
-0.0191175,-0.107668,-0.0105292,-0.0194407,-0.10912,-0.0231912,-0.000887099,-0.00680148,0.0264754,1.22994,0.0002,-7.87098e-11,1.77908e-07,-7.87098e-11,0.0002,-4.39118e-08,1.77908e-07,-4.39118e-08,0.0002
-0.0192258,-0.108217,-0.0201009,-0.01943,-0.109138,-0.0231943,-0.000995422,-0.00735,0.0169037,1.22704,0.0002,-6.15845e-11,1.54562e-07,-6.15845e-11,0.0002,-3.56984e-08,1.54562e-07,-3.56984e-08,0.0002
-0.0193148,-0.108652,-0.0281742,-0.0194367,-0.109121,-0.0232043,-0.000363919,-0.00614868,0.0328015,1.22704,0.0002,-5.00104e-11,1.39543e-07,-5.00104e-11,0.0002,-3.0852e-08,1.39543e-07,-3.0852e-08,0.0002
-0.0193881,-0.109,-0.0348342,-0.0194421,-0.109121,-0.0231755,-0.000437216,-0.00649679,0.0261415,1.22994,0.0002,-4.21677e-11,1.29862e-07,-4.21677e-11,0.0002,-2.80885e-08,1.29862e-07,-2.80885e-08,0.0002
-0.0193834,-0.109302,-0.0402724,-0.0194363,-0.109119,-0.0232092,-0.000348729,-0.00609466,0.0281707,1.22704,0.0002,-2.91557e-11,1.27463e-07,-2.91557e-11,0.0002,-1.65465e-08,1.27463e-07,-1.65465e-08,0.0002
-0.0195026,-0.109721,-0.0575588,-0.0202285,-0.110215,-0.0878876,-0.000467947,-0.00651368,0.0108844,1.58818,0.0002,-1.36846e-11,1.19477e-07,-1.36846e-11,0.0002,-2.26257e-09,1.19477e-07,-2.26257e-09,0.0002
-0.0197008,-0.110029,-0.0714914,-0.020209,-0.110216,-0.0878877,-0.000666193,-0.00682241,-0.00304821,1.59174,0.0002,-1.54929e-11,1.09964e-07,-1.54929e-11,0.0002,-1.05313e-08,1.09964e-07,-1.05313e-08,0.0002
-0.0199425,-0.11021,-0.0824947,-0.020747,-0.110198,-0.0876917,-0.0012639,-0.00591135,0.0125254,1.51511,0.0002,-1.36397e-11,9.38459e-08,-1.36397e-11,0.0002,-1.20644e-08,9.38459e-08,-1.20644e-08,0.0002
-0.0201277,-0.110315,-0.0910621,-0.0209322,-0.110195,-0.0875502,-0.00144906,-0.00601602,0.00395806,1.51585,0.0002,-8.0973e-12,7.73189e-08,-8.0973e-12,0.0002,-5.89455e-09,7.73189e-08,-5.89455e-09,0.0002
-0.0203371,-0.110501,-0.0976132,-0.0208714,-0.110207,-0.0875891,-0.00176266,-0.00512067,0.018088,1.51842,0.0002,-1.12901e-11,8.26673e-08,-1.12901e-11,0.0002,-1.3947e-08,8.26673e-08,-1.3947e-08,0.0002
-0.0204979,-0.110693,-0.102654,-0.0208137,-0.110209,-0.0876224,-0.00192344,-0.00531239,0.0130475,1.51842,0.0002,-1.57349e-11,9.27938e-08,-1.57349e-11,0.0002,-2.00321e-08,9.27938e-08,-2.00321e-08,0.0002
-0.0206655,-0.111489,-0.112694,-0.0208003,-0.113658,-0.118699,-0.00209104,-0.006108,0.0030068,1.14422,0.0002,-2.22519e-11,9.17011e-08,-2.22519e-11,0.0002,-3.01266e-08,9.17011e-08,-3.01266e-08,0.0002
-0.0208458,-0.11212,-0.120932,-0.0208144,-0.113659,-0.118689,-0.00204521,-0.00645172,0.0210083,1.14691,0.0002,-3.11957e-11,8.99969e-08,-3.11957e-11,0.0002,-4.36755e-08,8.99969e-08,-4.36755e-08,0.0002
-0.0209679,-0.112647,-0.127837,-0.0207928,-0.113656,-0.11871,-0.00216737,-0.00697899,0.0141037,1.13801,0.0002,-3.75498e-11,9.25109e-08,-3.75498e-11,0.0002,-4.9683e-08,9.25109e-08,-4.9683e-08,0.0002
-0.021057,-0.112985,-0.133772,-0.0207984,-0.11366,-0.118697,-0.00191419,-0.00619094,0.0339374,1.14422,0.0002,-3.67429e-11,8.04726e-08,-3.67429e-11,0.0002,-5.19198e-08,8.04726e-08,-5.19198e-08,0.0002
-0.0211128,-0.113274,-0.138826,-0.0208106,-0.113637,-0.118674,-0.00197,-0.00647987,0.0288834,1.13723,0.0002,-3.55497e-11,7.64965e-08,-3.55497e-11,0.0002,-5.06051e-08,7.64965e-08,-5.06051e-08,0.0002
-0.0212558,-0.113405,-0.150983,-0.0217068,-0.11309,-0.158205,-0.00211304,-0.00661127,0.0167267,1.18984,0.0002,-2.85075e-11,7.58825e-08,-2.85075e-11,0.0002,-3.64339e-08,7.58825e-08,-3.64339e-08,0.0002
-0.0213593,-0.113469,-0.16071,-0.0216783,-0.113094,-0.158217,-0.0017181,-0.00592805,0.0233591,1.20508,0.0002,-2.13928e-11,6.872e-08,-2.13928e-11,0.0002,-2.65979e-08,6.872e-08,-2.65979e-08,0.0002
-0.0213985,-0.113529,-0.168493,-0.0216673,-0.113102,-0.158222,-0.00175728,-0.00598759,0.0155759,1.20829,0.0002,-1.3749e-11,6.52618e-08,-1.3749e-11,0.0002,-1.37913e-08,6.52618e-08,-1.37913e-08,0.0002
-0.0213785,-0.113494,-0.174506,-0.0216873,-0.113075,-0.15819,-0.00165935,-0.0056406,0.0380969,1.19543,0.0002,-4.79669e-12,5.08844e-08,-4.79669e-12,0.0002,3.36147e-09,5.08844e-08,3.36147e-09,0.0002
-0.0214084,-0.113463,-0.178909,-0.0217059,-0.113091,-0.15822,-0.00168928,-0.00560897,0.0336944,1.18984,0.0002,-1.59785e-12,4.05037e-08,-1.59785e-12,0.0002,7.59719e-09,4.05037e-08,7.59719e-09,0.0002
-0.0214482,-0.113416,-0.182116,-0.0216975,-0.113105,-0.158197,-0.00172906,-0.00556189,0.0304876,1.19305,0.0002,-5.21993e-13,2.99021e-08,-5.21993e-13,0.0002,7.56917e-09,2.99021e-08,7.56917e-09,0.0002
-0.0217113,-0.113658,-0.194462,-0.0221873,-0.113868,-0.208655,-0.00190062,-0.00529544,0.0279961,1.0677,0.0002,-4.9468e-12,4.32866e-08,-4.9468e-12,0.0002,-1.36885e-08,4.32866e-08,-1.36885e-08,0.0002
-0.0219589,-0.11391,-0.204028,-0.0221999,-0.113876,-0.208651,-0.00214827,-0.00554784,0.0184301,1.0677,0.0002,-1.44568e-11,6.09443e-08,-1.44568e-11,0.0002,-3.29716e-08,6.09443e-08,-3.29716e-08,0.0002
-0.0220877,-0.114212,-0.211896,-0.0221771,-0.113876,-0.208693,-0.00230323,-0.00589629,0.0405959,1.0709,0.0002,-2.31962e-11,8.81863e-08,-2.31962e-11,0.0002,-3.52052e-08,8.81863e-08,-3.52052e-08,0.0002
-0.0222458,-0.114486,-0.218193,-0.0221925,-0.113881,-0.208705,-0.00246131,-0.00617071,0.0342991,1.06451,0.0002,-3.77011e-11,1.10661e-07,-3.77011e-11,0.0002,-4.51523e-08,1.10661e-07,-4.51523e-08,0.0002
-0.0223251,-0.114673,-0.223648,-0.0222042,-0.113882,-0.208721,-0.00263288,-0.00515376,0.0481644,1.06451,0.0002,-4.25108e-11,1.19793e-07,-4.25108e-11,0.0002,-4.37214e-08,1.19793e-07,-4.37214e-08,0.0002
-0.0223213,-0.115718,-0.241914,-0.0215637,-0.118219,-0.279268,-0.00262914,-0.00619892,0.0298984,1.32439,0.0002,-5.4378e-11,1.30614e-07,-5.4378e-11,0.0002,-5.12523e-08,1.30614e-07,-5.12523e-08,0.0002
-0.0224079,-0.116467,-0.257049,-0.0215542,-0.118229,-0.279294,-0.00271569,-0.00694752,0.0147629,1.32764,0.0002,-7.06982e-11,1.22966e-07,-7.06982e-11,0.0002,-7.1029e-08,1.22966e-07,-7.1029e-08,0.0002
-0.0224011,-0.117016,-0.26905,-0.0215553,-0.118221,-0.279272,-0.00237826,-0.00656331,0.0258904,1.32764,0.0002,-6.92371e-11,1.10333e-07,-6.92371e-11,0.0002,-7.1734e-08,1.10333e-07,-7.1734e-08,0.0002
-0.022362,-0.117403,-0.278491,-0.0224457,-0.118221,-0.278993,-0.00233913,-0.00695,0.0164492,1.26897,0.0002,-4.26894e-11,9.3988e-08,-4.26894e-11,0.0002,-3.84314e-08,9.3988e-08,-3.84314e-08,0.0002
-0.0224032,-0.117647,-0.286039,-0.0224542,-0.118216,-0.278968,-0.00148476,-0.00594286,0.0336152,1.26247,0.0002,-2.94352e-11,7.32059e-08,-2.94352e-11,0.0002,-2.84603e-08,7.32059e-08,-2.84603e-08,0.0002
-0.0223802,-0.117816,-0.292291,-0.0224369,-0.118227,-0.279,-0.00146177,-0.00611176,0.0273633,1.27221,0.0002,-1.71424e-11,5.53463e-08,-1.71424e-11,0.0002,-1.36861e-08,5.53463e-08,-1.36861e-08,0.0002
-0.0224684,-0.117524,-0.299715,-0.0231094,-0.115825,-0.290079,-0.00155002,-0.00581956,0.0199389,0.968164,0.0002,-8.48276e-12,5.24693e-08,-8.48276e-12,0.0002,1.87177e-10,5.24693e-08,1.87177e-10,0.0002
-0.0226639,-0.117311,-0.305338,-0.0231293,-0.115776,-0.290046,-0.00125531,-0.0052101,0.0372725,0.955016,0.0002,-9.21989e-12,5.52391e-08,-9.21989e-12,0.0002,-1.03708e-08,5.52391e-08,-1.03708e-08,0.0002
-0.0227837,-0.11715,-0.310449,-0.0231485,-0.115762,-0.290009,-0.0013752,-0.00504906,0.0321609,0.958181,0.0002,-8.25148e-12,5.90566e-08,-8.25148e-12,0.0002,-1.07956e-08,5.90566e-08,-1.07956e-08,0.0002
-0.0228554,-0.117062,-0.314237,-0.0230947,-0.115835,-0.290051,-0.00173281,-0.00438102,0.0552177,0.965,0.0002,-7.13492e-12,6.57818e-08,-7.13492e-12,0.0002,-9.02063e-09,6.57818e-08,-9.02063e-09,0.0002
-0.0229457,-0.116927,-0.317256,-0.02312,-0.115778,-0.290001,-0.00182307,-0.00424601,0.052198,0.951852,0.0002,-7.61844e-12,6.14578e-08,-7.61844e-12,0.0002,-1.22756e-08,6.14578e-08,-1.22756e-08,0.0002
-0.0231228,-0.116878,-0.31947,-0.0231076,-0.1158,-0.290025,-0.00200018,-0.00419737,0.0499845,0.958181,0.0002,-1.64295e-11,6.71947e-08,-1.64295e-11,0.0002,-3.16757e-08,6.71947e-08,-3.16757e-08,0.0002
-0.0234738,-0.117399,-0.334992,-0.0244659,-0.118949,-0.359816,-0.00224271,-0.0043841,0.0430435,1.19148,0.0002,-1.68481e-11,6.01333e-08,-1.68481e-11,0.0002,-3.33082e-08,6.01333e-08,-3.33082e-08,0.0002
-0.0237813,-0.117828,-0.347299,-0.024461,-0.118946,-0.35978,-0.00255027,-0.00481238,0.0307366,1.18498,0.0002,-1.9069e-11,5.74667e-08,-1.9069e-11,0.0002,-3.89673e-08,5.74667e-08,-3.89673e-08,0.0002
-0.0239632,-0.118105,-0.35715,-0.0244814,-0.118949,-0.359812,-0.0022714,-0.0044921,0.0533608,1.19148,0.0002,-1.44304e-11,4.51592e-08,-1.44304e-11,0.0002,-3.16917e-08,4.51592e-08,-3.16917e-08,0.0002
-0.0241371,-0.118339,-0.365129,-0.0244857,-0.118952,-0.359782,-0.00244524,-0.00472656,0.0453818,1.18823,0.0002,-1.27574e-11,3.91725e-08,-1.27574e-11,0.0002,-3.15155e-08,3.91725e-08,-3.15155e-08,0.0002
-0.0242419,-0.11845,-0.37172,-0.0244644,-0.118966,-0.359785,-0.00255011,-0.00483714,0.0387911,1.19148,0.0002,-8.14149e-12,2.25792e-08,-8.14149e-12,0.0002,-2.65044e-08,2.25792e-08,-2.65044e-08,0.0002
-0.0247236,-0.118512,-0.38663,-0.0265885,-0.118903,-0.405386,-0.001724,-0.00491617,0.0404748,0.992034,0.0002,-4.53568e-12,1.0024e-08,-4.53568e-12,0.0002,-1.88524e-08,1.0024e-08,-1.88524e-08,0.0002
-0.0251084,-0.118602,-0.398356,-0.0265089,-0.118905,-0.405409,-0.00210887,-0.0050062,0.0287488,1.01218,0.0002,-3.19139e-12,8.23992e-09,-3.19139e-12,0.0002,-1.65195e-08,8.23992e-09,-1.65195e-08,0.0002
-0.0253749,-0.118626,-0.408051,-0.0265233,-0.118916,-0.405425,-0.0024209,-0.00484232,0.0458174,1.00291,0.0002,-1.5567e-12,-9.72596e-10,-1.5567e-12,0.0002,-7.86727e-09,-9.72596e-10,-7.86727e-09,0.0002
-0.0256501,-0.118731,-0.415702,-0.0265271,-0.118899,-0.405421,-0.0026961,-0.00494717,0.038166,0.999696,0.0002,-1.61167e-12,7.32512e-09,-1.61167e-12,0.0002,-1.22922e-08,7.32512e-09,-1.22922e-08,0.0002
-0.025869,-0.118817,-0.421821,-0.0265196,-0.118912,-0.405408,-0.00291496,-0.00503357,0.0320476,1.00575,0.0002,-1.99693e-12,1.25799e-08,-1.99693e-12,0.0002,-1.51848e-08,1.25799e-08,-1.51848e-08,0.0002
-0.0260907,-0.118936,-0.426616,-0.0265253,-0.118913,-0.405428,-0.00313171,-0.00460086,0.0495903,1.00291,0.0002,-4.47672e-12,2.37468e-08,-4.47672e-12,0.0002,-2.44481e-08,2.37468e-08,-2.44481e-08,0.0002
-0.0264497,-0.119146,-0.440774,-0.0273722,-0.119637,-0.459623,-0.00349075,-0.00481084,0.0354326,1.06027,0.0002,-6.54777e-12,2.631e-08,-6.54777e-12,0.0002,-3.2089e-08,2.631e-08,-3.2089e-08,0.0002
-0.026699,-0.119331,-0.451686,-0.0273714,-0.11964,-0.459624,-0.00330931,-0.00500528,0.0376173,1.06348,0.0002,-7.73106e-12,3.06841e-08,-7.73106e-12,0.0002,-3.09992e-08,3.06841e-08,-3.09992e-08,0.0002
-0.0268618,-0.119498,-0.46021,-0.0273767,-0.119638,-0.459628,-0.00347212,-0.00517151,0.0290937,1.06027,0.0002,-7.72005e-12,3.63952e-08,-7.72005e-12,0.0002,-2.43505e-08,3.63952e-08,-2.43505e-08,0.0002
-0.0270019,-0.119601,-0.467136,-0.0273749,-0.119633,-0.459647,-0.00361219,-0.00527495,0.0221676,1.06027,0.0002,-7.15999e-12,3.54365e-08,-7.15999e-12,0.0002,-2.17377e-08,3.54365e-08,-2.17377e-08,0.0002
-0.0271982,-0.119714,-0.472988,-0.0273669,-0.11964,-0.459654,-0.004,-0.00477021,0.0550718,1.06027,0.0002,-1.08338e-11,3.91697e-08,-1.08338e-11,0.0002,-3.39093e-08,3.91697e-08,-3.39093e-08,0.0002
-0.0272364,-0.119698,-0.488127,-0.0271445,-0.119402,-0.509866,-0.00403814,-0.00475418,0.0399331,0.943393,0.0002,-8.97199e-12,3.25325e-08,-8.97199e-12,0.0002,-2.94557e-08,3.25325e-08,-2.94557e-08,0.0002
-0.0272327,-0.119682,-0.50065,-0.0269726,-0.119388,-0.509854,-0.00403442,-0.00473836,0.0274105,0.952917,0.0002,-7.61414e-12,2.81624e-08,-7.61414e-12,0.0002,-2.67213e-08,2.81624e-08,-2.67213e-08,0.0002
-0.0271862,-0.119721,-0.510566,-0.0269831,-0.1194,-0.509864,-0.00324816,-0.00421195,0.0367178,0.956092,0.0002,-6.35028e-12,3.32275e-08,-6.35028e-12,0.0002,-1.78182e-08,3.32275e-08,-1.78182e-08,0.0002
-0.0270937,-0.119696,-0.518499,-0.0270962,-0.119387,-0.509863,-0.00315561,-0.00418685,0.0287848,0.940219,0.0002,-2.0949e-12,2.80377e-08,-2.0949e-12,0.0002,4.06031e-10,2.80377e-08,4.06031e-10,0.0002
-0.027046,-0.119724,-0.52495,-0.0269774,-0.1194,-0.509867,-0.00340507,-0.00405875,0.0452609,0.952917,0.0002,-5.55108e-13,3.19104e-08,-5.55108e-13,0.0002,3.92555e-09,3.19104e-08,3.92555e-09,0.0002
-0.0274084,-0.119939,-0.539927,-0.0284571,-0.120538,-0.55843,-0.00376739,-0.00427373,0.0302842,1.06262,0.0002,-2.69081e-12,2.86598e-08,-2.69081e-12,0.0002,-1.02865e-08,2.86598e-08,-1.02865e-08,0.0002
-0.0277088,-0.120079,-0.551601,-0.028472,-0.120533,-0.558444,-0.0038407,-0.00457112,0.0353145,1.05633,0.0002,-3.71729e-12,2.17115e-08,-3.71729e-12,0.0002,-2.06242e-08,2.17115e-08,-2.06242e-08,0.0002
-0.0280076,-0.12026,-0.560728,-0.0285412,-0.120515,-0.558421,-0.00413948,-0.00475184,0.0261873,1.04028,0.0002,-7.43246e-12,2.86288e-08,-7.43246e-12,0.0002,-3.45242e-08,2.86288e-08,-3.45242e-08,0.0002
-0.0281978,-0.12043,-0.567618,-0.0284746,-0.120533,-0.558432,-0.00432965,-0.00492169,0.0192973,1.05309,0.0002,-1.06629e-11,3.65445e-08,-1.06629e-11,0.0002,-3.78153e-08,3.65445e-08,-3.78153e-08,0.0002
-0.0280968,-0.120725,-0.57292,-0.0284648,-0.120538,-0.558419,-0.0039767,-0.00556308,0.0381009,1.05919,0.0002,-2.44492e-12,6.74799e-08,-2.44492e-12,0.0002,-9.67834e-11,6.74799e-08,-9.67834e-11,0.0002
-0.0276537,-0.121277,-0.57727,-0.0285384,-0.120524,-0.558438,-0.00353356,-0.00611474,0.0337516,1.04353,0.0002,7.46804e-11,1.38966e-07,7.46804e-11,0.0002,8.35826e-08,1.38966e-07,8.35826e-08,0.0002
-0.0268014,-0.122147,-0.591195,-0.0288439,-0.120763,-0.609631,-0.00201633,-0.00632365,0.0451774,1.03201,0.0002,3.76814e-10,2.45384e-07,3.76814e-10,0.0002,2.27398e-07,2.45384e-07,2.27398e-07,0.0002
-0.0257985,-0.12313,-0.603579,-0.0288324,-0.120772,-0.609642,-0.00101336,-0.00730671,0.0327929,1.03201,0.000200001,9.3572e-10,3.60324e-07,9.3572e-10,0.000200001,3.69241e-07,3.60324e-07,3.69241e-07,0.0002
-0.0248377,-0.123746,-0.614098,-0.0288868,-0.120792,-0.609591,-5.25833e-05,-0.00792303,0.0222744,1.01927,0.000200001,1.47364e-09,4.07387e-07,1.47364e-09,0.000200002,4.86454e-07,4.07387e-07,4.86454e-07,0.000199999
-0.0243435,-0.123925,-0.621795,-0.0288741,-0.120761,-0.609624,-0.00020734,-0.00736215,0.0352737,1.02246,0.000200001,1.627e-09,3.88275e-07,1.627e-09,0.000200002,5.17267e-07,3.88275e-07,5.17267e-07,0.000199999
-0.0245086,-0.123681,-0.626914,-0.0288845,-0.12077,-0.609612,-0.000372517,-0.00711821,0.0301539,1.01927,0.000200001,1.31958e-09,3.13089e-07,1.31958e-09,0.000200002,4.48246e-07,3.13089e-07,4.48246e-07,0.000199999
-0.0248798,-0.123316,-0.630596,-0.0288606,-0.120773,-0.609612,-0.00496404,-0.00446405,0.0494301,1.01927,0.000200001,9.64321e-10,2.37213e-07,9.64321e-10,0.000200001,3.65439e-07,2.37213e-07,3.65439e-07,0.000199999
-0.0245441,-0.123575,-0.643549,-0.0248776,-0.12348,-0.65965,-0.00462841,-0.00472384,0.0364772,1.19519,0.0002,6.94229e-10,1.87678e-07,6.94229e-10,0.000200001,2.87797e-07,1.87678e-07,2.87797e-07,0.000199999
-0.0243698,-0.123766,-0.654122,-0.0248795,-0.123479,-0.659666,-0.00445408,-0.00491449,0.0259046,1.19519,0.0002,4.96252e-10,1.53824e-07,4.96252e-10,0.000200001,2.22679e-07,1.53824e-07,2.22679e-07,0.000199999
-0.02433,-0.123899,-0.662784,-0.0249078,-0.12347,-0.659651,-0.00726988,-0.00154188,0.0403886,1.1926,0.0002,3.48879e-10,1.29549e-07,3.48879e-10,0.0002,1.65719e-07,1.29549e-07,1.65719e-07,0.0002
-0.0243266,-0.12401,-0.670028,-0.0248971,-0.123471,-0.659674,-0.00726648,-0.00165269,0.0331438,1.19519,0.0002,2.48122e-10,1.14764e-07,2.48122e-10,0.0002,1.24199e-07,1.14764e-07,1.24199e-07,0.0002
-0.0244171,-0.124079,-0.676034,-0.0248932,-0.123467,-0.659687,-0.00809026,-0.00026285,0.0474984,1.19519,0.0002,1.68516e-10,1.02168e-07,1.68516e-10,0.0002,8.25222e-08,1.02168e-07,8.25222e-08,0.0002
-0.0236524,-0.125758,-0.691205,-0.0207829,-0.132034,-0.710485,-0.00732559,-0.00194164,0.0323272,1.3546,0.0002,1.11583e-10,7.92803e-08,1.11583e-10,0.0002,5.90311e-08,7.92803e-08,5.90311e-08,0.0002
-0.0230534,-0.127101,-0.70346,-0.0206969,-0.132023,-0.710557,-0.00672658,-0.00328492,0.0200725,1.36109,0.0002,7.31004e-11,6.51282e-08,7.31004e-11,0.0002,3.89872e-08,6.51282e-08,3.89872e-08,0.0002
-0.0226453,-0.128059,-0.713213,-0.0210015,-0.132039,-0.710303,-0.00657448,-0.00381242,0.0185086,1.3267,0.0002,4.46149e-11,3.68812e-08,4.46149e-11,0.0002,2.46082e-08,3.68812e-08,2.46082e-08,0.0002
-0.0223747,-0.128834,-0.721017,-0.0209827,-0.132062,-0.710315,-0.00630387,-0.00458732,0.0107039,1.32962,0.0002,2.63931e-11,1.93936e-08,2.63931e-11,0.0002,5.84451e-09,1.93936e-08,5.84451e-09,0.0002
-0.0222536,-0.129424,-0.726641,-0.0209998,-0.132036,-0.71032,-0.00647665,-0.00474679,0.0349744,1.322,0.0002,1.59667e-11,4.11523e-09,1.59667e-11,0.0002,-2.08152e-08,4.11523e-09,-2.08152e-08,0.0002
-0.0221832,-0.129957,-0.730627,-0.0210012,-0.132032,-0.710343,-0.00640623,-0.00528006,0.0309884,1.32524,0.0002,9.36706e-12,4.06844e-09,9.36706e-12,0.0002,-4.21648e-08,4.06844e-09,-4.21648e-08,0.0002
-0.0223132,-0.130607,-0.745358,-0.0219387,-0.133013,-0.768572,-0.00653616,-0.00592942,0.0162573,1.18606,0.0002,3.3558e-12,8.73531e-09,3.3558e-12,0.0002,-5.56133e-08,8.73531e-09,-5.56133e-08,0.0002
-0.0223265,-0.131179,-0.757866,-0.0219456,-0.133002,-0.768564,-0.0055346,-0.00657856,0.0327216,1.18606,0.0002,-2.95584e-12,2.04595e-08,-2.95584e-12,0.0002,-4.95892e-08,2.04595e-08,-4.95892e-08,0.0002
-0.0221505,-0.131843,-0.767769,-0.0219386,-0.133011,-0.768569,-0.00535859,-0.00724314,0.0228178,1.18606,0.0002,-5.22274e-12,6.09602e-08,-5.22274e-12,0.0002,-1.64419e-08,6.09602e-08,-1.64419e-08,0.0002
-0.0219363,-0.132465,-0.77566,-0.022322,-0.133021,-0.768408,-0.00514446,-0.00786524,0.0149269,1.13911,0.0002,1.87915e-11,1.01278e-07,1.87915e-11,0.0002,2.84768e-08,1.01278e-07,2.84768e-08,0.0002
-0.0216753,-0.132993,-0.782181,-0.0223175,-0.13302,-0.768413,-0.00437688,-0.00791079,0.0280081,1.13911,0.0002,6.45347e-11,1.32214e-07,6.45347e-11,0.0002,7.11543e-08,1.32214e-07,7.11543e-08,0.0002
-0.0214064,-0.133476,-0.787395,-0.0223131,-0.133019,-0.768401,-0.00410798,-0.00839352,0.0227938,1.13911,0.0002,1.25611e-10,1.62047e-07,1.25611e-10,0.0002,1.07588e-07,1.62047e-07,1.07588e-07,0.0002
-0.0213055,-0.133911,-0.802169,-0.0229843,-0.133378,-0.819342,-0.00358843,-0.00839965,0.036375,1.11782,0.0002,1.81571e-10,1.76742e-07,1.81571e-10,0.0002,1.35334e-07,1.76742e-07,1.35334e-07,0.0002
-0.0212609,-0.134265,-0.813887,-0.0229931,-0.133387,-0.819354,-0.00354378,-0.00875354,0.0246571,1.12106,0.0002,2.20293e-10,1.86982e-07,2.20293e-10,0.0002,1.47203e-07,1.86982e-07,1.47203e-07,0.0002
-0.0212282,-0.13458,-0.823158,-0.0229883,-0.133384,-0.819352,-0.00351113,-0.00906879,0.0153865,1.11782,0.0002,2.53744e-10,1.99042e-07,2.53744e-10,0.0002,1.53753e-07,1.99042e-07,1.53753e-07,0.0002
-0.0212353,-0.134891,-0.830471,-0.0229799,-0.133371,-0.819354,-0.00479564,-0.00729752,0.0318653,1.11459,0.0002,2.80538e-10,2.16686e-07,2.80538e-10,0.0002,1.51949e-07,2.16686e-07,1.51949e-07,0.0002
-0.0211829,-0.135117,-0.836429,-0.0229855,-0.133387,-0.819376,-0.00474323,-0.0075232,0.0259068,1.11459,0.0002,3.09499e-10,2.24101e-07,3.09499e-10,0.0002,1.60006e-07,2.24101e-07,1.60006e-07,0.0002
-0.0208267,-0.135271,-0.85115,-0.0215328,-0.133803,-0.868632,-0.00507838,-0.00606042,0.0395207,1.08931,0.0002,3.18822e-10,2.10306e-07,3.18822e-10,0.0002,1.70626e-07,2.10306e-07,1.70626e-07,0.0002
-0.0205099,-0.135301,-0.862928,-0.0215383,-0.133754,-0.868634,-0.00476153,-0.00609017,0.0277433,1.08449,0.0002,3.14696e-10,1.88443e-07,3.14696e-10,0.0002,1.82328e-07,1.88443e-07,1.82328e-07,0.0002
-0.0202232,-0.13528,-0.87204,-0.0215361,-0.1338,-0.868637,-0.00546312,-0.00487754,0.0457323,1.08931,0.0002,3.03849e-10,1.66111e-07,3.03849e-10,0.0002,1.94835e-07,1.66111e-07,1.94835e-07,0.0002
-0.0199646,-0.135256,-0.879225,-0.0215335,-0.133743,-0.868634,-0.00520454,-0.00485407,0.0385469,1.08159,0.0002,2.98934e-10,1.52982e-07,2.98934e-10,0.0002,2.07219e-07,1.52982e-07,2.07219e-07,0.0002
-0.0199026,-0.135177,-0.884459,-0.0215296,-0.133796,-0.868648,-0.00514248,-0.00477453,0.0333132,1.09258,0.0002,2.57445e-10,1.33068e-07,2.57445e-10,0.0002,1.91889e-07,1.33068e-07,1.91889e-07,0.0002
-0.0200491,-0.135249,-0.888544,-0.0215368,-0.133805,-0.868657,-0.00618234,-0.00373954,0.0553669,1.09258,0.0002,2.22828e-10,1.41434e-07,2.22828e-10,0.0002,1.50591e-07,1.41434e-07,1.50591e-07,0.0002
-0.0204361,-0.13675,-0.905639,-0.0225164,-0.140859,-0.937266,-0.00656931,-0.00524065,0.0382725,1.4618,0.0002,1.86948e-10,1.50609e-07,1.86948e-10,0.0002,1.13818e-07,1.50609e-07,1.13818e-07,0.0002
-0.0207239,-0.137982,-0.91952,-0.0225185,-0.140852,-0.937261,-0.00759719,-0.00562654,0.0396041,1.45928,0.0002,1.64179e-10,1.62169e-07,1.64179e-10,0.0002,9.33877e-08,1.62169e-07,9.33877e-08,0.0002
-0.0209588,-0.138998,-0.930735,-0.022504,-0.140852,-0.937294,-0.00783209,-0.00664258,0.0283891,1.46319,0.0002,1.46794e-10,1.74613e-07,1.46794e-10,0.0002,7.86997e-08,1.74613e-07,7.86997e-08,0.0002
-0.021124,-0.139816,-0.940221,-0.0225252,-0.140852,-0.937274,-0.00799734,-0.00746024,0.0189037,1.45928,0.0002,1.38158e-10,1.83542e-07,1.38158e-10,0.0002,7.32129e-08,1.83542e-07,7.32129e-08,0.0002
-0.0212317,-0.140504,-0.948014,-0.0225168,-0.140845,-0.937265,-0.00832502,-0.00659807,0.0287783,1.45928,0.0002,1.3879e-10,1.95016e-07,1.3879e-10,0.0002,7.29563e-08,1.95016e-07,7.29563e-08,0.0002
-0.0204374,-0.141092,-0.961549,-0.0182395,-0.141143,-0.97377,-0.00753063,-0.00718647,0.0152433,1.06434,0.0002,1.44663e-10,1.98647e-07,1.44663e-10,0.0002,7.7757e-08,1.98647e-07,7.7757e-08,0.0002
-0.0197004,-0.141523,-0.972483,-0.0182118,-0.141151,-0.97378,-0.00681997,-0.00608447,0.0333636,1.07841,0.0002,1.65498e-10,1.94612e-07,1.65498e-10,0.0002,9.57933e-08,1.94612e-07,9.57933e-08,0.0002
-0.0191772,-0.141856,-0.98123,-0.0182353,-0.141141,-0.973784,-0.00629675,-0.00641784,0.0246159,1.07092,0.0002,1.67812e-10,1.90637e-07,1.67812e-10,0.0002,9.71573e-08,1.90637e-07,9.71573e-08,0.0002
-0.0188165,-0.142113,-0.98823,-0.0182196,-0.141143,-0.973793,-0.00593604,-0.00667455,0.0176159,1.0742,0.0002,1.5583e-10,1.86431e-07,1.5583e-10,0.0002,8.8029e-08,1.86431e-07,8.8029e-08,0.0002
-0.0184797,-0.142362,-0.993103,-0.018235,-0.141154,-0.973777,-0.00626198,-0.00555415,0.0372075,1.07183,0.0002,1.60042e-10,1.90631e-07,1.60042e-10,0.0002,9.01881e-08,1.90631e-07,9.01881e-08,0.0002
-0.0181287,-0.142452,-0.996586,-0.0182368,-0.141129,-0.973772,-0.00591097,-0.0056438,0.0337246,1.06653,0.0002,1.68964e-10,1.76736e-07,1.68964e-10,0.0002,1.04803e-07,1.76736e-07,1.04803e-07,0.0002
-0.0177559,-0.14328,-1.01181,-0.0179499,-0.144513,-1.03594,-0.00622583,-0.00470118,0.0423736,0.795976,0.0002,1.91703e-10,1.79505e-07,1.91703e-10,0.0002,1.21254e-07,1.79505e-07,1.21254e-07,0.0002
-0.0172211,-0.143971,-1.0245,-0.0179552,-0.144513,-1.03594,-0.00569097,-0.00539199,0.02968,0.792574,0.0002,2.60185e-10,1.86461e-07,2.60185e-10,0.0002,1.69285e-07,1.86461e-07,1.69285e-07,0.0002
-0.0167344,-0.144632,-1.03466,-0.0179762,-0.144486,-1.03597,-0.00520431,-0.00605341,0.01952,0.791269,0.0002,3.53771e-10,2.09622e-07,3.53771e-10,0.0002,2.09546e-07,2.09622e-07,2.09546e-07,0.0002
-0.0162693,-0.145224,-1.0432,-0.0179811,-0.144521,-1.03597,-0.00467883,-0.00622584,0.0341579,0.792574,0.0002,4.65052e-10,2.33879e-07,4.65052e-10,0.0002,2.47062e-07,2.33879e-07,2.47062e-07,0.0002
-0.0160586,-0.145717,-1.04932,-0.0179687,-0.144501,-1.03599,-0.00446819,-0.00671915,0.0280447,0.791269,0.000200001,5.19075e-10,2.53192e-07,5.19075e-10,0.000200001,2.44555e-07,2.53192e-07,2.44555e-07,0.0002
-0.0157897,-0.146656,-1.06387,-0.0162771,-0.146523,-1.08742,-0.00566071,-0.00578897,0.0405889,1.02171,0.000200001,5.2229e-10,2.8605e-07,5.2229e-10,0.0002,2.06809e-07,2.8605e-07,2.06809e-07,0.0002
-0.0155435,-0.147482,-1.07552,-0.0162905,-0.146513,-1.08743,-0.00541456,-0.00661428,0.0289429,1.01906,0.000200001,5.38091e-10,3.19757e-07,5.38091e-10,0.0002,1.87347e-07,3.19757e-07,1.87347e-07,0.0002
-0.0153331,-0.148085,-1.08525,-0.0162784,-0.146509,-1.08741,-0.00520407,-0.00721794,0.0192147,1.02171,0.000200001,5.37191e-10,3.32789e-07,5.37191e-10,0.0002,1.76064e-07,3.32789e-07,1.76064e-07,0.0002
-0.0150944,-0.148625,-1.09345,-0.0162924,-0.146509,-1.08743,-0.00691903,-0.00467815,0.0363241,1.01906,0.000200001,5.70121e-10,3.50682e-07,5.70121e-10,0.0002,1.79813e-07,3.50682e-07,1.79813e-07,0.0002
-0.0148505,-0.149079,-1.10021,-0.0162952,-0.146517,-1.08744,-0.00667515,-0.00513174,0.029556,1.02234,0.000200001,6.19538e-10,3.65705e-07,6.19538e-10,0.0002,1.90189e-07,3.65705e-07,1.90189e-07,0.000199999
-0.0146081,-0.149489,-1.10594,-0.0162837,-0.146508,-1.08744,-0.00683729,-0.00458054,0.02713,1.01906,0.000200001,6.85825e-10,3.83491e-07,6.85825e-10,0.0002,2.034e-07,3.83491e-07,2.034e-07,0.000199999
-0.0138733,-0.150867,-1.11929,-0.0136198,-0.151656,-1.13183,-0.00610247,-0.00595859,0.0137756,0.986311,0.000200001,7.50797e-10,3.96891e-07,7.50797e-10,0.0002,2.15571e-07,3.96891e-07,2.15571e-07,0.000199999
-0.0134099,-0.151928,-1.13018,-0.0136373,-0.151628,-1.13182,-0.00563903,-0.00702006,0.00288709,0.983054,0.000200001,7.40195e-10,4.00116e-07,7.40195e-10,0.0002,2.03168e-07,4.00116e-07,2.03168e-07,0.000199999
-0.0130843,-0.152797,-1.13827,-0.0136417,-0.151622,-1.13181,-0.00611312,-0.00520642,0.0146183,0.983054,0.000200001,7.12938e-10,4.05675e-07,7.12938e-10,0.0002,1.87564e-07,4.05675e-07,1.87564e-07,0.000199999
-0.0129147,-0.153501,-1.14475,-0.0135996,-0.151671,-1.13185,-0.00594355,-0.00591001,0.00813866,0.99934,0.000200002,6.45429e-10,4.09072e-07,6.45429e-10,0.0002,1.61159e-07,4.09072e-07,1.61159e-07,0.000199999
-0.0127215,-0.154051,-1.15024,-0.0136306,-0.151642,-1.13182,-0.00706698,-0.00376828,0.0328108,0.983054,0.000200002,6.16844e-10,4.10512e-07,6.16844e-10,0.0002,1.53947e-07,4.10512e-07,1.53947e-07,0.000199999
-0.0125138,-0.154515,-1.15484,-0.0136327,-0.151643,-1.13183,-0.00685925,-0.00423148,0.028211,0.979796,0.000200002,6.21567e-10,4.15251e-07,6.21567e-10,0.0002,1.57432e-07,4.15251e-07,1.57432e-07,0.000199999
-0.0120592,-0.155974,-1.16967,-0.0122568,-0.157124,-1.18758,-0.00640461,-0.00569091,0.0133817,1.16916,0.000200002,6.39501e-10,4.15868e-07,6.39501e-10,0.0002,1.65215e-07,4.15868e-07,1.65215e-07,0.000199999
-0.0117678,-0.157084,-1.18154,-0.0122183,-0.157128,-1.18762,-0.00682779,-0.00372667,0.0242198,1.17571,0.000200002,6.07589e-10,4.07207e-07,6.07589e-10,0.0002,1.56484e-07,4.07207e-07,1.56484e-07,0.000199999
-0.011579,-0.15799,-1.19104,-0.0122147,-0.157123,-1.18762,-0.00663897,-0.0046319,0.0147238,1.17571,0.000200002,5.64524e-10,4.04775e-07,5.64524e-10,0.0002,1.42894e-07,4.04775e-07,1.42894e-07,0.000199999
-0.0114485,-0.158677,-1.1978,-0.0122127,-0.157129,-1.18761,-0.00720412,-0.00295177,0.0388153,1.17571,0.000200001,5.16427e-10,3.97229e-07,5.16427e-10,0.0002,1.30511e-07,3.97229e-07,1.30511e-07,0.000199999
-0.0114286,-0.159259,-1.2026,-0.0122215,-0.157125,-1.18764,-0.0071842,-0.00353337,0.0340167,1.17571,0.000200001,4.49042e-10,3.97484e-07,4.49042e-10,0.0002,1.09038e-07,3.97484e-07,1.09038e-07,0.000199999
-0.0108918,-0.161498,-1.21769,-0.0099589,-0.165918,-1.24697,-0.00664739,-0.00577309,0.0189331,1.66076,0.000200001,4.36582e-10,3.99317e-07,4.36582e-10,0.0002,1.09858e-07,3.99317e-07,1.09858e-07,0.000199999
-0.0104347,-0.16326,-1.22872,-0.00997949,-0.165827,-1.24699,-0.00663215,-0.00453493,0.0327166,1.66405,0.000200001,4.39373e-10,3.98717e-07,4.39373e-10,0.0002,1.14783e-07,3.98717e-07,1.14783e-07,0.000199999
-0.0100353,-0.164666,-1.23693,-0.00998251,-0.165876,-1.24698,-0.00623275,-0.00594149,0.0245099,1.66076,0.000200001,4.54536e-10,3.96534e-07,4.54536e-10,0.0002,1.22889e-07,3.96534e-07,1.22889e-07,0.000199999
-0.00974292,-0.165714,-1.24288,-0.00995772,-0.165882,-1.24699,-0.0059864,-0.00594226,0.0302648,1.67063,0.000200001,4.42876e-10,3.82617e-07,4.42876e-10,0.0002,1.22627e-07,3.82617e-07,1.22627e-07,0.000199999
-0.00952707,-0.166511,-1.24721,-0.00996597,-0.165872,-1.24694,-0.00577055,-0.00673911,0.0259322,1.65418,0.000200001,4.21726e-10,3.67494e-07,4.21726e-10,0.0002,1.19596e-07,3.67494e-07,1.19596e-07,0.000199999
-0.00931365,-0.167584,-1.25691,-0.00935319,-0.168028,-1.28173,-0.00635217,-0.00475976,0.034954,0.750741,0.000200001,3.79363e-10,3.57937e-07,3.79363e-10,0.0002,1.06473e-07,3.57937e-07,1.06473e-07,0.000199999
-0.00917527,-0.168358,-1.26466,-0.00936582,-0.168007,-1.28169,-0.00621379,-0.00553365,0.0272015,0.747473,0.000200001,3.27208e-10,3.39142e-07,3.27208e-10,0.0002,9.27242e-08,3.39142e-07,9.27242e-08,0.0002
-0.00923914,-0.168856,-1.27004,-0.00936083,-0.168022,-1.28171,-0.00627766,-0.00603204,0.0218241,0.751488,0.000200001,2.20862e-10,3.07402e-07,2.20862e-10,0.0002,5.55577e-08,3.07402e-07,5.55577e-08,0.0002
-0.0092501,-0.169308,-1.27403,-0.00934926,-0.168017,-1.28174,-0.00689432,-0.0046311,0.0291673,0.751488,0.000200001,1.59651e-10,2.95824e-07,1.59651e-10,0.0002,3.75776e-08,2.95824e-07,3.75776e-08,0.0002
-0.00920865,-0.169769,-1.27754,-0.00934929,-0.168036,-1.28173,-0.00685287,-0.00509168,0.0256616,0.751488,0.000200001,1.34031e-10,3.03721e-07,1.34031e-10,0.0002,3.3829e-08,3.03721e-07,3.3829e-08,0.0002
-0.00911068,-0.170204,-1.28014,-0.00934408,-0.168027,-1.28173,-0.0067549,-0.00552759,0.023063,0.74822,0.000200001,1.39992e-10,3.19893e-07,1.39992e-10,0.0002,4.14856e-08,3.19893e-07,4.14856e-08,0.0002
-0.0086626,-0.171257,-1.2869,-0.00771509,-0.171394,-1.30518,-0.00655756,-0.00465881,0.0236361,1.02917,0.000200001,1.66949e-10,3.34884e-07,1.66949e-10,0.0002,5.45215e-08,3.34884e-07,5.45215e-08,0.0002
-0.0083272,-0.172192,-1.29232,-0.00772715,-0.171389,-1.30518,-0.00622215,-0.00559399,0.0182215,1.02343,0.000200001,1.88206e-10,3.59633e-07,1.88206e-10,0.0002,5.92289e-08,3.59633e-07,5.92289e-08,0.0002
-0.00803599,-0.173024,-1.29665,-0.0077133,-0.171398,-1.30516,-0.00579465,-0.00430181,0.0245932,1.02917,0.000200001,2.18523e-10,3.887e-07,2.18523e-10,0.0002,6.51679e-08,3.887e-07,6.51679e-08,0.0002
-0.00774649,-0.173827,-1.30022,-0.00772046,-0.171393,-1.30519,-0.00550514,-0.00510478,0.0210224,1.02917,0.000200002,2.78447e-10,4.29457e-07,2.78447e-10,0.0002,7.79366e-08,4.29457e-07,7.79366e-08,0.000199999
-0.00750844,-0.174578,-1.30318,-0.00771512,-0.171393,-1.30519,-0.0052671,-0.00585594,0.0180611,1.02917,0.000200002,3.40109e-10,4.72985e-07,3.40109e-10,0.0002,8.6666e-08,4.72985e-07,8.6666e-08,0.000199999
-0.00728192,-0.175236,-1.30565,-0.00771066,-0.171394,-1.3052,-0.00523798,-0.0037724,0.0169367,1.02587,0.000200002,4.13097e-10,5.09917e-07,4.13097e-10,0.0002,9.75992e-08,5.09917e-07,9.75992e-08,0.000199999
-0.00706794,-0.17683,-1.3086,-0.00750375,-0.176394,-1.31055,-0.005024,-0.00536641,0.0139903,1.04236,0.000200003,4.74802e-10,5.44395e-07,4.74802e-10,0.0002,1.03475e-07,5.44395e-07,1.03475e-07,0.000199999
-0.0069187,-0.178136,-1.31168,-0.00752888,-0.176418,-1.31056,-0.00615611,-0.00330123,0.020666,1.0503,0.000200003,5.13082e-10,5.70779e-07,5.13082e-10,0.0002,1.03976e-07,5.70779e-07,1.03976e-07,0.000199999
-0.00681273,-0.179136,-1.31519,-0.00753284,-0.176396,-1.31057,-0.00605014,-0.00430117,0.0171621,1.04236,0.000200003,5.26041e-10,5.81239e-07,5.26041e-10,0.0002,1.0161e-07,5.81239e-07,1.0161e-07,0.000199999
-0.0067886,-0.1798,-1.31892,-0.00753414,-0.176407,-1.31055,-0.00602601,-0.00496501,0.0134319,1.04569,0.000200003,4.81512e-10,5.65852e-07,4.81512e-10,0.0002,8.98999e-08,5.65852e-07,8.98999e-08,0.000199999
-0.00673415,-0.180393,-1.32325,-0.00753351,-0.176431,-1.31057,-0.00619392,-0.00159494,0.0143585,1.0503,0.000200003,4.68567e-10,5.6522e-07,4.68567e-10,0.0002,8.71286e-08,5.6522e-07,8.71286e-08,0.000199999
-0.00641597,-0.182548,-1.33101,-0.006256,-0.184211,-1.32787,-0.00587574,-0.00375053,0.00660318,0.992274,0.000200003,4.84239e-10,5.84811e-07,4.84239e-10,0.0002,8.90986e-08,5.84811e-07,8.90986e-08,0.000199999
-0.00608045,-0.184362,-1.33773,-0.00625951,-0.184211,-1.32788,-0.00568888,-0.00352432,0.00138998,0.992274,0.000200003,5.53993e-10,6.11853e-07,5.53993e-10,0.0002,1.02313e-07,6.11853e-07,1.02313e-07,0.000199999
-0.00575146,-0.18582,-1.343,-0.00626375,-0.184212,-1.32786,-0.00535988,-0.00498218,-0.00388242,0.988907,0.000200004,6.50402e-10,6.30504e-07,6.50402e-10,0.0002,1.19914e-07,6.30504e-07,1.19914e-07,0.000199999
-0.0055599,-0.186981,-1.34671,-0.00626364,-0.184211,-1.32789,-0.00516833,-0.00614338,-0.00758743,0.992274,0.000200004,6.76905e-10,6.4159e-07,6.76905e-10,0.0002,1.19366e-07,6.4159e-07,1.19366e-07,0.000199999
-0.00542422,-0.187933,-1.34894,-0.00625435,-0.184195,-1.32787,-0.00567201,-0.00191139,0.0132259,0.988907,0.000200004,6.84099e-10,6.52858e-07,6.84099e-10,0.0002,1.15757e-07,6.52858e-07,1.15757e-07,0.000199999
-0.00534882,-0.188573,-1.34949,-0.00626321,-0.184206,-1.32788,-0.00559661,-0.00255125,0.0126771,0.98554,0.000200004,6.53509e-10,6.40151e-07,6.53509e-10,0.0002,1.08907e-07,6.40151e-07,1.08907e-07,0.000199999
-0.00543107,-0.191142,-1.35564,-0.00691869,-0.19514,-1.36468,-0.0062664,-0.000354917,0.0241819,1.28934,0.000200004,6.2429e-10,6.10557e-07,6.2429e-10,0.0002,1.07102e-07,6.10557e-07,1.07102e-07,0.000199999
-0.00556748,-0.193257,-1.36015,-0.00688035,-0.195135,-1.36471,-0.00640281,-0.0024698,0.0196745,1.29934,0.000200003,5.57055e-10,6.01341e-07,5.57055e-10,0.0002,9.29383e-08,6.01341e-07,9.29383e-08,0.000199999
-0.00562605,-0.194984,-1.36416,-0.00686557,-0.195149,-1.36468,-0.00701372,-0.000766982,0.0319316,1.30467,0.000200003,5.35986e-10,6.00827e-07,5.35986e-10,0.0002,9.0874e-08,6.00827e-07,9.0874e-08,0.000199999
-0.00567274,-0.196398,-1.36841,-0.00689742,-0.195098,-1.36469,-0.00706041,-0.00218082,0.0276843,1.286,0.000200003,5.26096e-10,6.07331e-07,5.26096e-10,0.0002,8.97683e-08,6.07331e-07,8.97683e-08,0.000199999
-0.00565551,-0.197606,-1.37263,-0.00690568,-0.195105,-1.36468,-0.00704318,-0.00338848,0.0234603,1.286,0.000200004,5.60127e-10,6.23682e-07,5.60127e-10,0.0002,9.72131e-08,6.23682e-07,9.72131e-08,0.000199999
-0.00561928,-0.198595,-1.37632,-0.00690308,-0.195134,-1.36468,-0.00722864,0.000570561,0.038001,1.28934,0.000200004,6.02924e-10,6.37021e-07,6.02924e-10,0.0002,1.04883e-07,6.37021e-07,1.04883e-07,0.000199999
-0.00539765,-0.20073,-1.39433,-0.00590343,-0.201855,-1.43687,-0.00700701,-0.00156527,0.0199905,1.68943,0.000200004,6.60216e-10,6.4448e-07,6.60216e-10,0.0002,1.15416e-07,6.4448e-07,1.15416e-07,0.000199999
-0.00531667,-0.202456,-1.40936,-0.00589203,-0.201852,-1.43688,-0.00842071,0.0010696,0.0129187,1.69332,0.000200004,6.30975e-10,6.52399e-07,6.30975e-10,0.0002,1.0428e-07,6.52399e-07,1.0428e-07,0.000199999
-0.00527363,-0.203647,-1.42129,-0.00589022,-0.201858,-1.4369,-0.00837767,-0.00012097,0.000993449,1.69332,0.000200004,5.65793e-10,6.27104e-07,5.65793e-10,0.0002,9.22566e-08,6.27104e-07,9.22566e-08,0.000199999
-0.00523121,-0.204573,-1.43072,-0.00589927,-0.201842,-1.4369,-0.00833525,-0.00104679,-0.0084435,1.69332,0.000200004,5.15671e-10,6.07352e-07,5.15671e-10,0.0002,8.49769e-08,6.07352e-07,8.49769e-08,0.000199999
-0.0052177,-0.205271,-1.43809,-0.00593843,-0.201838,-1.437,-0.00830907,0.00252202,0.00926495,1.68849,0.000200003,4.64132e-10,5.88193e-07,4.64132e-10,0.0002,7.75273e-08,5.88193e-07,7.75273e-08,0.000199999
-0.00500034,-0.208087,-1.4419,-0.00510649,-0.213902,-1.43233,-0.00809171,-0.000293965,0.00544642,1.40029,0.000200003,4.35762e-10,5.51144e-07,4.35762e-10,0.0002,7.86974e-08,5.51144e-07,7.86974e-08,0.000199999
-0.00492884,-0.210082,-1.44362,-0.00510468,-0.213935,-1.43235,-0.00802021,-0.00228805,0.00373465,1.40372,0.000200003,3.41995e-10,4.8486e-07,3.41995e-10,0.0002,6.34536e-08,4.8486e-07,6.34536e-08,0.000199999
-0.00484872,-0.211538,-1.44374,-0.00510896,-0.213901,-1.43233,-0.00772993,0.00114418,0.016471,1.39344,0.000200002,2.80522e-10,4.21334e-07,2.80522e-10,0.0002,5.79011e-08,4.21334e-07,5.79011e-08,0.000199999
-0.00472382,-0.212523,-1.44343,-0.00511299,-0.213898,-1.43233,-0.00760502,0.000159173,0.0167852,1.39344,0.000200002,2.50484e-10,3.51963e-07,2.50484e-10,0.0002,6.45156e-08,3.51963e-07,6.45156e-08,0.000199999
-0.00474992,-0.213178,-1.44307,-0.00511672,-0.213901,-1.43233,-0.00763113,-0.000495575,0.0171399,1.39687,0.000200001,1.79495e-10,2.86039e-07,1.79495e-10,0.0002,4.89302e-08,2.86039e-07,4.89302e-08,0.000199999
-0.00477051,-0.213702,-1.44279,-0.00511267,-0.213904,-1.43233,-0.00831248,0.00177193,0.0342449,1.39687,0.000200001,1.32462e-10,2.43845e-07,1.32462e-10,0.0002,3.89771e-08,2.43845e-07,3.89771e-08,0.0002
-0.00441244,-0.215549,-1.44946,-0.00296078,-0.221217,-1.46891,-0.00795441,-7.45574e-05,0.027572,0.834173,0.000200001,8.90334e-11,2.10938e-07,8.90334e-11,0.0002,2.50466e-08,2.10938e-07,2.50466e-08,0.0002
-0.00418177,-0.217099,-1.45449,-0.00295769,-0.221227,-1.46892,-0.00865309,-9.2726e-05,0.0263608,0.837681,0.000200001,4.91484e-11,2.01236e-07,4.91484e-11,0.0002,6.87071e-09,2.01236e-07,6.87071e-09,0.0002
-0.00388086,-0.218431,-1.4582,-0.0029594,-0.221227,-1.46889,-0.00835218,-0.00142558,0.0226524,0.837681,0.000200001,4.60313e-11,2.0993e-07,4.60313e-11,0.0002,1.3792e-08,2.0993e-07,1.3792e-08,0.0002
-0.00374459,-0.219726,-1.46075,-0.0029589,-0.221239,-1.4689,-0.00821591,-0.00272016,0.0200987,0.837681,0.000200001,2.26339e-11,2.51628e-07,2.26339e-11,0.0002,1.47698e-09,2.51628e-07,1.47698e-09,0.0002
-0.0035455,-0.221026,-1.4629,-0.00296891,-0.221224,-1.4689,-0.00812198,-0.00289333,0.0231315,0.837681,0.000200001,3.07062e-11,3.2116e-07,3.07062e-11,0.0002,8.26043e-09,3.2116e-07,8.26043e-09,0.0002
-0.0031775,-0.222788,-1.46552,-0.00241932,-0.224026,-1.47446,-0.00775398,-0.00465436,0.020509,0.948661,0.000200001,8.50019e-11,3.91282e-07,8.50019e-11,0.0002,2.87559e-08,3.91282e-07,2.87559e-08,0.0002
-0.0028707,-0.224367,-1.46824,-0.00243534,-0.22403,-1.47446,-0.00675268,-0.00475337,0.0206794,0.948661,0.000200002,1.52395e-10,4.63318e-07,1.52395e-10,0.0002,4.40711e-08,4.63318e-07,4.40711e-08,0.000199999
-0.00266985,-0.225779,-1.47011,-0.00240253,-0.224001,-1.47446,-0.00655183,-0.00616603,0.0188151,0.945997,0.000200002,1.92196e-10,5.34218e-07,1.92196e-10,0.0002,4.56395e-08,5.34218e-07,4.56395e-08,0.000199999
-0.00253229,-0.226936,-1.47232,-0.00241589,-0.224015,-1.47445,-0.00641426,-0.00732237,0.0166015,0.948661,0.000200003,2.09353e-10,5.83364e-07,2.09353e-10,0.0002,4.29346e-08,5.83364e-07,4.29346e-08,0.000199999
-0.00235864,-0.227872,-1.47399,-0.00241519,-0.223997,-1.47444,-0.0066576,-0.00406125,0.0166944,0.941692,0.000200003,2.61198e-10,6.17244e-07,2.61198e-10,0.0002,5.11916e-08,6.17244e-07,5.11916e-08,0.000199999
-0.00229902,-0.228486,-1.47521,-0.0024142,-0.224029,-1.47443,-0.00659798,-0.00467483,0.015468,0.948661,0.000200003,2.42647e-10,6.1622e-07,2.42647e-10,0.0002,4.36683e-08,6.1622e-07,4.36683e-08,0.000199999
-0.00236085,-0.22994,-1.47865,-0.00274168,-0.229576,-1.48722,-0.00704512,-0.000708727,0.0163215,1.09012,0.000200003,1.97349e-10,5.92179e-07,1.97349e-10,0.0002,3.29795e-08,5.92179e-07,3.29795e-08,0.000199999
-0.00239899,-0.230998,-1.48151,-0.00273241,-0.229585,-1.48726,-0.00708326,-0.00176639,0.0134606,1.09395,0.000200003,1.63986e-10,5.59555e-07,1.63986e-10,0.0002,2.72809e-08,5.59555e-07,2.72809e-08,0.000199999
-0.00241646,-0.231775,-1.48369,-0.0027369,-0.229567,-1.48725,-0.00710073,-0.00254351,0.0112772,1.09395,0.000200003,1.44961e-10,5.28222e-07,1.44961e-10,0.0002,2.56336e-08,5.28222e-07,2.56336e-08,0.000199999
-0.00239071,-0.232394,-1.48565,-0.00274522,-0.229572,-1.48727,-0.00695491,-0.000863157,0.0110798,1.09395,0.000200003,1.52532e-10,5.07608e-07,1.52532e-10,0.0002,3.09457e-08,5.07608e-07,3.09457e-08,0.000199999
-0.00243377,-0.232917,-1.48711,-0.00274886,-0.229578,-1.48728,-0.00699796,-0.00138635,0.00961567,1.09395,0.000200002,1.26374e-10,4.98686e-07,1.26374e-10,0.0002,2.41458e-08,4.98686e-07,2.41458e-08,0.000199999
-0.00206356,-0.23466,-1.48725,-0.000479899,-0.236604,-1.48415,-0.00714801,-2.05194e-05,0.00835478,0.996077,0.000200002,7.92649e-11,4.79976e-07,7.92649e-11,0.0002,1.17203e-08,4.79976e-07,1.17203e-08,0.000199999
-0.00177178,-0.236012,-1.48735,-0.00048342,-0.236605,-1.48414,-0.00685623,-0.00137232,0.00825218,0.996077,0.000200002,4.23683e-11,4.61218e-07,4.23683e-11,0.0002,3.18502e-09,4.61218e-07,3.18502e-09,0.000199999
-0.00149584,-0.23709,-1.48805,-0.000483991,-0.236608,-1.48415,-0.00658029,-0.00245075,0.00754617,0.996077,0.000200002,3.52847e-11,4.48653e-07,3.52847e-11,0.0002,4.37109e-09,4.48653e-07,4.37109e-09,0.000199999
-0.0012584,-0.237888,-1.48934,-0.000479848,-0.23661,-1.48415,-0.00627084,-0.000355314,0.011457,0.996077,0.000200002,3.73597e-11,4.30165e-07,3.73597e-11,0.0002,7.45775e-09,4.30165e-07,7.45775e-09,0.000199999
-0.00115004,-0.238577,-1.49162,-0.000481184,-0.236615,-1.48416,-0.00616247,-0.00104411,0.00918222,0.992453,0.000200002,2.39998e-12,4.26183e-07,2.39998e-12,0.0002,-4.02037e-09,4.26183e-07,-4.02037e-09,0.000199999
-0.00101497,-0.239208,-1.49427,-0.000481982,-0.236609,-1.48417,-0.00596931,0.00104532,0.0084023,0.992453,0.000200002,-4.64757e-12,4.36678e-07,-4.64757e-12,0.0002,-4.07106e-09,4.36678e-07,-4.07106e-09,0.000199999
-0.00129002,-0.241726,-1.49963,-0.00254403,-0.245729,-1.49676,-0.00624435,-0.00147282,0.00303848,1.14047,0.000200002,5.40226e-12,4.73703e-07,5.40226e-12,0.0002,8.64641e-10,4.73703e-07,8.64641e-10,0.000199999
-0.00142756,-0.243776,-1.50393,-0.00255249,-0.245726,-1.49677,-0.0063819,-0.00352308,-0.00125533,1.14047,0.000200002,5.83286e-11,5.03322e-07,5.83286e-11,0.0002,1.7009e-08,5.03322e-07,1.7009e-08,0.000199999
-0.00149595,-0.245457,-1.50653,-0.00255364,-0.24573,-1.49676,-0.0062202,-0.00232507,0.00571053,1.13866,0.000200002,1.27567e-10,5.28703e-07,1.27567e-10,0.0002,3.39033e-08,5.28703e-07,3.39033e-08,0.000199999
-0.00155176,-0.246802,-1.5082,-0.00254905,-0.24573,-1.49674,-0.00627601,-0.00366992,0.0040441,1.13866,0.000200003,1.82669e-10,5.44995e-07,1.82669e-10,0.0002,4.42846e-08,5.44995e-07,4.42846e-08,0.000199999
-0.0016051,-0.247793,-1.50829,-0.00255523,-0.245732,-1.49675,-0.00628772,-0.000568365,0.0147714,1.13866,0.000200003,2.17801e-10,5.41835e-07,2.17801e-10,0.0002,5.00938e-08,5.41835e-07,5.00938e-08,0.000199999
-0.00175474,-0.249903,-1.51146,-0.00225637,-0.252795,-1.51689,-0.00643736,-0.0026782,0.0116009,1.05808,0.000200003,1.53018e-10,5.24248e-07,1.53018e-10,0.0002,2.92066e-08,5.24248e-07,2.92066e-08,0.000199999
-0.00185108,-0.25165,-1.51348,-0.00225365,-0.252779,-1.51688,-0.00653369,-0.00442522,0.00958464,1.05808,0.000200003,1.15456e-10,5.2298e-07,1.15456e-10,0.0002,1.93823e-08,5.2298e-07,1.93823e-08,0.000199999
-0.00194475,-0.253115,-1.5154,-0.00224316,-0.252791,-1.51689,-0.00722594,-0.00209232,0.0263004,1.06172,0.000200003,7.5757e-11,5.32554e-07,7.5757e-11,0.0002,9.81494e-09,5.32554e-07,9.81494e-09,0.000199999
-0.0019526,-0.25439,-1.51705,-0.00224928,-0.252796,-1.5169,-0.00723379,-0.00336773,0.0246538,1.06172,0.000200003,8.41973e-11,5.55119e-07,8.41973e-11,0.0002,1.43946e-08,5.55119e-07,1.43946e-08,0.000199999
-0.00202261,-0.255476,-1.51869,-0.00226117,-0.252787,-1.51698,-0.00724565,-0.00256508,0.0284711,1.06878,0.000200003,5.58131e-11,5.80301e-07,5.58131e-11,0.0002,7.22043e-09,5.80301e-07,7.22043e-09,0.000199999
-0.00205439,-0.256407,-1.52052,-0.00225851,-0.252786,-1.51699,-0.00727743,-0.00349601,0.0266379,1.06878,0.000200003,4.62589e-11,6.06441e-07,4.62589e-11,0.0002,6.01707e-09,6.06441e-07,6.01707e-09,0.000199999
-0.0019388,-0.258963,-1.52542,-0.00161218,-0.26153,-1.53468,-0.00706788,-0.00191606,0.0260874,1.30357,0.000200004,5.4217e-11,6.33209e-07,5.4217e-11,0.0002,8.73263e-09,6.33209e-07,8.73263e-09,0.000199999
-0.00184854,-0.26105,-1.52913,-0.0016093,-0.261526,-1.53466,-0.00697762,-0.00400293,0.0223777,1.30024,0.000200004,5.85168e-11,6.5716e-07,5.85168e-11,0.0002,9.62579e-09,6.5716e-07,9.62579e-09,0.000199999
-0.00173651,-0.26272,-1.53169,-0.00160371,-0.261537,-1.53467,-0.0068656,-0.00567298,0.0198211,1.30762,0.000200004,8.86515e-11,6.72229e-07,8.86515e-11,0.0002,1.61946e-08,6.72229e-07,1.61946e-08,0.000199999
-0.00167447,-0.263866,-1.53343,-0.00158518,-0.261538,-1.53469,-0.00674384,-0.00182879,0.0242825,1.30799,0.000200004,8.72979e-11,6.51414e-07,8.72979e-11,0.0002,1.5298e-08,6.51414e-07,1.5298e-08,0.000199999
-0.00170028,-0.264633,-1.53471,-0.00160906,-0.261522,-1.53466,-0.00676965,-0.00259594,0.0230015,1.30024,0.000200004,3.73149e-11,6.14661e-07,3.73149e-11,0.0002,3.30549e-09,6.14661e-07,3.30549e-09,0.000199999
-0.00168421,-0.265119,-1.53512,-0.00160848,-0.261527,-1.53467,-0.00696531,0.000916268,0.0176247,1.30393,0.000200003,2.33953e-11,5.70487e-07,2.33953e-11,0.0002,1.60675e-09,5.70487e-07,1.60675e-09,0.000199999
-0.00191234,-0.267414,-1.53767,-0.00245389,-0.271367,-1.54531,-0.00719344,-0.00137868,0.0150684,1.43128,0.000200003,-2.33754e-11,5.32369e-07,-2.33754e-11,0.0002,-1.01369e-08,5.32369e-07,-1.01369e-08,0.000199999
-0.00201084,-0.269202,-1.53951,-0.00244587,-0.271356,-1.54533,-0.00729194,-0.00316687,0.0132258,1.43128,0.000200003,-1.29823e-11,5.00699e-07,-1.29823e-11,0.0002,-4.65361e-09,5.00699e-07,-4.65361e-09,0.000199999
-0.00209502,-0.270592,-1.54119,-0.0024629,-0.271365,-1.54533,-0.0072466,-0.00083457,0.0156157,1.42914,0.000200002,-6.1023e-12,4.73631e-07,-6.1023e-12,0.0002,-1.68902e-09,4.73631e-07,-1.68902e-09,0.000199999
-0.00211926,-0.271746,-1.54254,-0.00246243,-0.27137,-1.54532,-0.00727084,-0.00198889,0.0142723,1.42914,0.000200002,1.97736e-11,4.62916e-07,1.97736e-11,0.0002,6.95189e-09,4.62916e-07,6.95189e-09,0.000199999
-0.00213865,-0.272668,-1.54361,-0.00245888,-0.27136,-1.54532,-0.00729023,-0.00291039,0.0131976,1.42755,0.000200002,3.9073e-11,4.56069e-07,3.9073e-11,0.0002,1.22674e-08,4.56069e-07,1.22674e-08,0.000199999
-0.00224102,-0.274947,-1.54641,-0.00287416,-0.279067,-1.55296,-0.007288,-0.00168635,0.0176157,1.36021,0.000200002,5.27975e-11,4.51699e-07,5.27975e-11,0.0002,1.54149e-08,4.51699e-07,1.54149e-08,0.000199999
-0.00230174,-0.276791,-1.54877,-0.00286977,-0.279068,-1.553,-0.00734872,-0.00353038,0.0152641,1.36021,0.000200002,7.21781e-11,4.52248e-07,7.21781e-11,0.0002,2.04418e-08,4.52248e-07,2.04418e-08,0.000199999
-0.00237241,-0.278332,-1.55075,-0.00287444,-0.279074,-1.55298,-0.00741939,-0.00507122,0.013283,1.35645,0.000200002,7.75551e-11,4.62903e-07,7.75551e-11,0.0002,2.00619e-08,4.62903e-07,2.00619e-08,0.000199999
-0.00241311,-0.279629,-1.55201,-0.00290097,-0.27908,-1.55293,-0.00759293,-0.00286238,0.0123772,1.35048,0.000200002,9.27882e-11,4.79877e-07,9.27882e-11,0.0002,2.31393e-08,4.79877e-07,2.31393e-08,0.000199999
-0.00248297,-0.280669,-1.55283,-0.00286982,-0.279086,-1.55297,-0.00766279,-0.00390232,0.0115639,1.35424,0.000200002,8.22172e-11,4.90873e-07,8.22172e-11,0.0002,1.81183e-08,4.90873e-07,1.81183e-08,0.000199999
-0.0026084,-0.281438,-1.55316,-0.00288918,-0.279084,-1.55295,-0.00778821,-0.0046711,0.0112279,1.35424,0.000200002,3.83703e-11,4.87883e-07,3.83703e-11,0.0002,4.4387e-09,4.87883e-07,4.4387e-09,0.000199999
-0.00230157,-0.283044,-1.55355,-0.0011777,-0.283516,-1.55405,-0.00791909,-0.00304233,0.0139036,1.14278,0.000200002,3.79271e-11,5.02804e-07,3.79271e-11,0.0002,6.15211e-09,5.02804e-07,6.15211e-09,0.000199999
-0.00209723,-0.284288,-1.55365,-0.00116497,-0.283517,-1.55407,-0.00771475,-0.00428614,0.0138001,1.13896,0.000200002,1.53757e-11,5.05666e-07,1.53757e-11,0.0002,3.01637e-10,5.05666e-07,3.01637e-10,0.000199999
-0.00195044,-0.285307,-1.55342,-0.00114261,-0.283529,-1.55403,-0.00792597,-0.00233607,0.0153644,1.14659,0.000200002,-1.32264e-11,5.10961e-07,-1.32264e-11,0.0002,-6.73349e-09,5.10961e-07,-6.73349e-09,0.000199999
-0.00177012,-0.286016,-1.55291,-0.00113788,-0.283536,-1.55401,-0.00774565,-0.00304524,0.0158675,1.14659,0.000200002,-1.43506e-12,4.97155e-07,-1.43506e-12,0.0002,-1.21988e-09,4.97155e-07,-1.21988e-09,0.000199999
-0.00162907,-0.286497,-1.55209,-0.00114671,-0.283531,-1.55399,-0.00729781,0.000638198,0.0192681,1.13896,0.000200002,7.94258e-12,4.74705e-07,7.94258e-12,0.0002,2.22142e-09,4.74705e-07,2.22142e-09,0.000199999
-0.00174159,-0.288815,-1.55139,-0.00237834,-0.293516,-1.55323,-0.00741033,-0.00167966,0.0199708,1.54233,0.000200002,2.45451e-11,4.50059e-07,2.45451e-11,0.0002,7.7319e-09,4.50059e-07,7.7319e-09,0.000199999
-0.00186916,-0.290719,-1.55104,-0.00235985,-0.293547,-1.55327,-0.0075379,-0.00358351,0.0203185,1.55396,0.000200002,1.80564e-11,4.41227e-07,1.80564e-11,0.0002,4.65643e-09,4.41227e-07,4.65643e-09,0.000199999
-0.00199613,-0.292219,-1.55107,-0.00237792,-0.293535,-1.55324,-0.00768696,-0.00203497,0.018703,1.55008,0.000200002,2.7414e-12,4.3224e-07,2.7414e-12,0.0002,-7.89738e-10,4.3224e-07,-7.89738e-10,0.000199999
-0.00203041,-0.293447,-1.55161,-0.00236382,-0.293576,-1.55326,-0.00772124,-0.00326305,0.0181609,1.55783,0.000200002,1.94806e-11,4.29689e-07,1.94806e-11,0.0002,5.89882e-09,4.29689e-07,5.89882e-09,0.000199999
-0.00207681,-0.294489,-1.55236,-0.00235787,-0.293551,-1.55327,-0.007651,-0.00297711,0.0149452,1.55396,0.000200002,2.39891e-11,4.38334e-07,2.39891e-11,0.0002,6.82493e-09,4.38334e-07,6.82493e-09,0.000199999
-0.00207458,-0.295285,-1.55316,-0.00236823,-0.293583,-1.55327,-0.00764876,-0.00377347,0.0141406,1.56558,0.000200002,4.57495e-11,4.36944e-07,4.57495e-11,0.0002,1.3939e-08,4.36944e-07,1.3939e-08,0.000199999
-0.00225434,-0.297004,-1.55336,-0.00296295,-0.298879,-1.55053,-0.00782852,-0.0054922,0.0139406,1.4222,0.000200002,3.34311e-11,4.39637e-07,3.34311e-11,0.0002,8.19422e-09,4.39637e-07,8.19422e-09,0.000199999
-0.00235737,-0.298422,-1.55331,-0.00297443,-0.298885,-1.55054,-0.00737596,-0.00211061,0.0102661,1.41818,0.000200002,4.35262e-11,4.48052e-07,4.35262e-11,0.0002,1.1447e-08,4.48052e-07,1.1447e-08,0.000199999
-0.00243783,-0.29956,-1.55286,-0.00296377,-0.298904,-1.55051,-0.00745642,-0.00324879,0.0107235,1.41417,0.000200002,5.19809e-11,4.53434e-07,5.19809e-11,0.0002,1.36226e-08,4.53434e-07,1.36226e-08,0.000199999
-0.00252271,-0.300534,-1.55239,-0.00296692,-0.2989,-1.55051,-0.00807267,-0.00278993,0.0114629,1.41015,0.000200002,4.99617e-11,4.67144e-07,4.99617e-11,0.0002,1.18932e-08,4.67144e-07,1.18932e-08,0.000199999
-0.00261414,-0.301248,-1.55211,-0.00297416,-0.298894,-1.5505,-0.0081641,-0.00350447,0.0117358,1.41015,0.000200002,3.63789e-11,4.65771e-07,3.63789e-11,0.0002,7.25703e-09,4.65771e-07,7.25703e-09,0.000199999
-0.00253447,-0.303538,-1.55185,-0.0022164,-0.30706,-1.55129,-0.00808443,-0.00579444,0.0120045,1.57304,0.000200002,2.70198e-11,4.78504e-07,2.70198e-11,0.0002,4.63467e-09,4.78504e-07,4.63467e-09,0.000199999
-0.00249077,-0.305268,-1.55173,-0.00220141,-0.307077,-1.55126,-0.0082109,-0.00413312,0.0175621,1.56618,0.000200002,7.9035e-12,4.69703e-07,7.9035e-12,0.0002,-7.43726e-10,4.69703e-07,-7.43726e-10,0.000199999
-0.0023479,-0.306756,-1.55153,-0.00220374,-0.30708,-1.55126,-0.00806804,-0.0056215,0.0177595,1.56618,0.000200002,4.78059e-11,4.80759e-07,4.78059e-11,0.0002,1.31949e-08,4.80759e-07,1.31949e-08,0.000199999
-0.00231974,-0.307902,-1.55179,-0.00220677,-0.30706,-1.55129,-0.00785844,-0.00300082,0.0153777,1.57304,0.000200002,3.65697e-11,4.8129e-07,3.65697e-11,0.0002,8.31835e-09,4.8129e-07,8.31835e-09,0.000199999
-0.00229985,-0.308775,-1.55241,-0.00221638,-0.307057,-1.55128,-0.00783855,-0.00387436,0.0147564,1.56904,0.000200002,2.5983e-11,4.74825e-07,2.5983e-11,0.0002,4.93888e-09,4.74825e-07,4.93888e-09,0.000199999
-0.00230645,-0.309414,-1.55239,-0.00221334,-0.307075,-1.55125,-0.00784515,-0.00451331,0.0147815,1.56104,0.000200002,6.68411e-12,4.6054e-07,6.68411e-12,0.0002,-8.07547e-10,4.6054e-07,-8.07547e-10,0.000199999
-0.00233897,-0.311307,-1.55287,-0.00244782,-0.313879,-1.5553,-0.00789586,-0.00324067,0.0135037,1.67464,0.000200002,2.61906e-12,4.54739e-07,2.61906e-12,0.0002,-9.54641e-10,4.54739e-07,-9.54641e-10,0.000199999
-0.00236527,-0.31278,-1.55325,-0.00244427,-0.313886,-1.55529,-0.00792216,-0.00471376,0.0131232,1.67464,0.000200002,-5.73267e-13,4.44221e-07,-5.73267e-13,0.0002,-1.24815e-09,4.44221e-07,-1.24815e-09,0.000199999
-0.00235443,-0.31394,-1.55388,-0.00238917,-0.313898,-1.55537,-0.0078292,-0.00262605,0.0157923,1.66662,0.000200002,6.50664e-12,4.34027e-07,6.50664e-12,0.0002,1.79028e-09,4.34027e-07,1.79028e-09,0.000199999
-0.00235559,-0.314863,-1.55436,-0.00243701,-0.313878,-1.55526,-0.00783036,-0.0035496,0.0153087,1.67464,0.000200002,1.1891e-11,4.27504e-07,1.1891e-11,0.0002,3.64042e-09,4.27504e-07,3.64042e-09,0.000199999
-0.00231485,-0.315559,-1.55475,-0.0024366,-0.313879,-1.55528,-0.00733771,-0.00103627,0.0149482,1.67464,0.000200002,3.39141e-11,4.16415e-07,3.39141e-11,0.0002,1.14479e-08,4.16415e-07,1.14479e-08,0.000199999
-0.00230329,-0.316178,-1.55517,-0.00243988,-0.313871,-1.55527,-0.00732615,-0.0016555,0.014533,1.67464,0.000200002,4.25967e-11,4.19585e-07,4.25967e-11,0.0002,1.31272e-08,4.19585e-07,1.31272e-08,0.000199999
-0.00248518,-0.318099,-1.55617,-0.00339059,-0.320784,-1.55864,-0.00750804,-0.00357595,0.0135271,1.57904,0.000200002,4.96788e-11,4.28422e-07,4.96788e-11,0.0002,1.42422e-08,4.28422e-07,1.42422e-08,0.000199999
-0.00263385,-0.319593,-1.55718,-0.00340097,-0.320785,-1.55864,-0.00769155,-0.00375039,0.0150357,1.57487,0.000200002,5.33718e-11,4.27279e-07,5.33718e-11,0.0002,1.46585e-08,4.27279e-07,1.46585e-08,0.000199999
-0.00272935,-0.320894,-1.5581,-0.00339484,-0.320784,-1.55866,-0.00778704,-0.00505153,0.0141201,1.57904,0.000200002,6.75891e-11,4.43526e-07,6.75891e-11,0.0002,1.83717e-08,4.43526e-07,1.83717e-08,0.000199999
-0.00285149,-0.321852,-1.55863,-0.00340208,-0.320792,-1.55867,-0.00790919,-0.00600964,0.0135924,1.57904,0.000200002,5.66744e-11,4.404e-07,5.66744e-11,0.0002,1.36645e-08,4.404e-07,1.36645e-08,0.000199999
-0.00297373,-0.322513,-1.55936,-0.0034112,-0.320794,-1.55867,-0.00826197,-0.00344696,0.00771928,1.5707,0.000200002,3.61349e-11,4.21423e-07,3.61349e-11,0.0002,6.91364e-09,4.21423e-07,6.91364e-09,0.000199999
-0.00390475,-0.324646,-1.56141,-0.00797023,-0.330098,-1.567,-0.00919299,-0.00558029,0.00567238,2.11932,0.000200001,5.17463e-11,3.68293e-07,5.17463e-11,0.0002,1.5699e-08,3.68293e-07,1.5699e-08,0.000199999
-0.00463126,-0.32612,-1.56294,-0.00797312,-0.330106,-1.567,-0.00962803,-0.0038134,0.00782758,2.12332,0.000200001,6.17659e-11,2.96845e-07,6.17659e-11,0.0002,2.42038e-08,2.96845e-07,2.42038e-08,0.0002
-0.00527626,-0.327138,-1.56405,-0.00796772,-0.330041,-1.56693,-0.010273,-0.00483134,0.00671908,2.11932,0.000200001,4.51502e-11,2.27391e-07,4.51502e-11,0.0002,1.91732e-08,2.27391e-07,1.91732e-08,0.0002
-0.00585902,-0.327847,-1.56484,-0.00797942,-0.330042,-1.56697,-0.011151,-0.0030076,0.00273783,2.11932,0.0002,2.10414e-11,1.65994e-07,2.10414e-11,0.0002,5.59667e-09,1.65994e-07,5.59667e-09,0.0002
-0.00632672,-0.328326,-1.56527,-0.00798486,-0.330027,-1.56697,-0.0116187,-0.0034865,0.00231255,2.11932,0.0002,8.13054e-12,1.13084e-07,8.13054e-12,0.0002,-3.18426e-09,1.13084e-07,-3.18426e-09,0.0002
-0.00665768,-0.328714,-1.56581,-0.00798213,-0.330052,-1.56693,-0.0119496,-0.00387427,0.00177353,2.12332,0.0002,5.31552e-12,7.91802e-08,5.31552e-12,0.0002,-2.00206e-09,7.91802e-08,-2.00206e-09,0.0002
-0.0059676,-0.329665,-1.56494,-0.00374219,-0.333155,-1.56097,-0.0112596,-0.00482572,0.00263714,1.46217,0.0002,1.02077e-11,6.08026e-08,1.02077e-11,0.0002,1.57851e-08,6.08026e-08,1.57851e-08,0.0002
-0.00535667,-0.33053,-1.56414,-0.00377011,-0.333147,-1.56091,-0.0106486,-0.00569116,0.00344371,1.45296,0.0002,1.96942e-11,6.5981e-08,1.96942e-11,0.0002,3.74885e-08,6.5981e-08,3.74885e-08,0.0002
-0.00480108,-0.331285,-1.56359,-0.00375772,-0.333143,-1.56089,-0.0102698,-0.0050793,0.00353944,1.46228,0.0002,3.68328e-11,7.94198e-08,3.68328e-11,0.0002,6.16736e-08,7.94198e-08,6.16736e-08,0.0002
-0.00439868,-0.331847,-1.56295,-0.00375418,-0.333145,-1.56088,-0.00986738,-0.0056412,0.00418462,1.45616,0.0002,4.53893e-11,8.12337e-08,4.53893e-11,0.0002,7.03255e-08,8.12337e-08,7.03255e-08,0.0002
-0.00360419,-0.332336,-1.56264,-0.00373335,-0.333151,-1.56091,-0.0090729,-0.00613049,0.00448719,1.45798,0.0002,9.84596e-11,8.86111e-08,9.84596e-11,0.0002,1.50799e-07,8.86111e-08,1.50799e-07,0.0002
-0.00220727,-0.332826,-1.56245,-0.00333316,-0.333461,-1.55908,-0.00767597,-0.00661968,0.00468141,1.37516,0.0002,2.23174e-10,9.93444e-08,2.23174e-10,0.000200001,3.11251e-07,9.93444e-08,3.11251e-07,0.0002
-0.00083289,-0.333217,-1.5625,-0.00332557,-0.333476,-1.5591,-0.00630159,-0.00701106,0.00462613,1.37931,0.0002,3.6001e-10,1.05924e-07,3.6001e-10,0.000200001,4.54776e-07,1.05924e-07,4.54776e-07,0.0002
0.000330522,-0.333546,-1.56224,-0.00332588,-0.333452,-1.5591,-0.00513818,-0.00733982,0.00489289,1.37516,0.0002,4.90584e-10,1.13373e-07,4.90584e-10,0.000200002,5.56882e-07,1.13373e-07,5.56882e-07,0.000199999
0.00117268,-0.333691,-1.56202,-0.00333781,-0.333498,-1.55907,-0.00519116,-0.00619338,0.0132415,1.36686,0.0002,5.02299e-10,9.77592e-08,5.02299e-10,0.000200003,6.08463e-07,9.77592e-08,6.08463e-07,0.000199999
0.00193182,-0.333796,-1.56247,-0.00333638,-0.333453,-1.55908,-0.00443202,-0.00629876,0.0127934,1.37101,0.0002,5.08595e-10,8.78052e-08,5.08595e-10,0.000200003,6.55074e-07,8.78052e-08,6.55074e-07,0.000199999
0.00271427,-0.333967,-1.56386,-0.00331574,-0.333473,-1.55909,-0.00364958,-0.00646983,0.0113992,1.37516,0.0002,5.87088e-10,9.53541e-08,5.87088e-10,0.000200004,7.12164e-07,9.53541e-08,7.12164e-07,0.000199999
0.00386663,-0.334557,-1.56663,-0.000792204,-0.335642,-1.55752,-0.00249721,-0.00706003,0.00862824,1.4131,0.0002,6.75152e-10,1.0471e-07,6.75152e-10,0.000200005,7.51957e-07,1.0471e-07,7.51957e-07,0.000199998
0.00480813,-0.335092,-1.56979,-0.0008015,-0.335629,-1.55758,-0.00155571,-0.00759509,0.00546854,1.42143,0.0002,8.05548e-10,1.22081e-07,8.05548e-10,0.000200005,7.80632e-07,1.22081e-07,7.80632e-07,0.000199998
0.00557749,-0.335583,-1.57346,-0.000827143,-0.335616,-1.55761,-0.00507724,-0.00531945,-0.00401331,1.4131,0.0002,9.72765e-10,1.44801e-07,9.72765e-10,0.000200006,8.02064e-07,1.44801e-07,8.02064e-07,0.000199998
0.00616951,-0.335874,-1.5763,-0.000834447,-0.335617,-1.55764,-0.00448522,-0.00560996,-0.00685313,1.42143,0.0002,1.01517e-09,1.43363e-07,1.01517e-09,0.000200006,8.12311e-07,1.43363e-07,8.12311e-07,0.000199998
0.00676884,-0.336021,-1.57857,-0.000842277,-0.335603,-1.55762,-0.00388588,-0.00575751,-0.00912094,1.4131,0.0002,9.92794e-10,1.29944e-07,9.92794e-10,0.000200006,8.3932e-07,1.29944e-07,8.3932e-07,0.000199998
0.00852016,-0.33668,-1.5858,0.00478848,-0.338293,-1.58208,-0.00213457,-0.00641586,-0.0163457,1.79429,0.0002,9.75424e-10,1.19264e-07,9.75424e-10,0.000200007,8.80366e-07,1.19264e-07,8.80366e-07,0.000199998
0.0100253,-0.337198,-1.59084,0.00478021,-0.3383,-1.58204,-0.000629392,-0.00693372,-0.0213929,1.78948,0.0002,9.64464e-10,1.11573e-07,9.64464e-10,0.000200007,9.23487e-07,1.11573e-07,9.23487e-07,0.000199997
0.0111672,-0.337589,-1.59458,0.00478877,-0.338262,-1.58207,-0.00927775,-0.0032793,0.00550476,1.80657,0.0002,9.33662e-10,1.0465e-07,9.33662e-10,0.000200008,9.40802e-07,1.0465e-07,9.40802e-07,0.000199997
0.0121397,-0.337978,-1.59724,0.00477404,-0.338294,-1.58203,-0.0083052,-0.00366828,0.00283699,1.79353,0.0002,9.88712e-10,1.11904e-07,9.88712e-10,0.000200008,9.61665e-07,1.11904e-07,9.61665e-07,0.000199997
0.0129027,-0.338182,-1.59783,0.00479538,-0.33827,-1.58207,-0.00754222,-0.0038729,0.00224837,1.80245,0.0002,9.24409e-10,9.96934e-08,9.24409e-10,0.000200009,9.7211e-07,9.96934e-08,9.7211e-07,0.000199997
0.0135155,-0.338225,-1.59706,0.00479381,-0.338291,-1.58207,-0.00692943,-0.00391547,0.00301847,1.79429,0.0002,7.38658e-10,7.11243e-08,7.38658e-10,0.000200009,9.79434e-07,7.11243e-08,9.79434e-07,0.000199997
0.0172903,-0.339432,-1.59945,0.0205685,-0.344696,-1.59915,-0.00315461,-0.00512252,0.000627179,1.41775,0.0002,4.64562e-10,3.2555e-08,4.64562e-10,0.000200009,1.00513e-06,3.2555e-08,1.00513e-06,0.000199997
0.0202701,-0.340188,-1.60136,0.0205497,-0.344701,-1.59913,-0.000174833,-0.00587861,-0.00128072,1.40608,0.0002,2.29203e-11,-2.54529e-08,2.29203e-11,0.000200009,1.01586e-06,-2.54529e-08,1.01586e-06,0.000199997
0.0226147,-0.340665,-1.60268,0.0205453,-0.344695,-1.59912,-0.00830865,-0.0033836,0.0354229,1.40608,0.0002,-4.53664e-10,-8.2595e-08,-4.53664e-10,0.000200009,1.01666e-06,-8.2595e-08,1.01666e-06,0.000199997
0.024454,-0.341006,-1.6031,0.020568,-0.344694,-1.59906,-0.0119596,-0.00344368,0.0456131,1.40608,0.0002,-8.57305e-10,-1.25997e-07,-8.57305e-10,0.000200009,1.01064e-06,-1.25997e-07,1.01064e-06,0.000199996
0.0259075,-0.341169,-1.60333,0.0205677,-0.344682,-1.59907,-0.0105061,-0.00360736,0.0453803,1.41028,0.0002,-1.26649e-09,-1.70791e-07,-1.26649e-09,0.000200009,1.00398e-06,-1.70791e-07,1.00398e-06,0.000199996
0.0270569,-0.340981,-1.60403,0.0205576,-0.344688,-1.59907,-0.00935669,-0.00341945,0.044677,1.40608,0.0002,-1.9013e-09,-2.50281e-07,-1.9013e-09,0.000200009,9.98149e-07,-2.50281e-07,9.98149e-07,0.000199996
0.0299989,-0.340889,-1.6125,0.0298893,-0.344224,-1.63701,-0.00641471,-0.00332664,0.036215,1.43976,0.000200001,-2.30707e-09,-2.82913e-07,-2.30707e-09,0.00020001,1.01778e-06,-2.82913e-07,1.01778e-06,0.000199996
0.0323786,-0.340761,-1.61937,0.0298773,-0.344213,-1.63702,-0.00403498,-0.00319903,0.0293391,1.44279,0.000200001,-2.66516e-09,-3.10586e-07,-2.66516e-09,0.00020001,1.03523e-06,-3.10586e-07,1.03523e-06,0.000199996
0.034241,-0.340666,-1.62528,0.0298655,-0.344216,-1.63698,-0.0137629,-0.00298581,0.0310635,1.43954,0.000200001,-2.90164e-09,-3.25806e-07,-2.90164e-09,0.00020001,1.04054e-06,-3.25806e-07,1.04054e-06,0.000199996
0.0357517,-0.340791,-1.62989,0.0299025,-0.344219,-1.63696,-0.0122522,-0.00311079,0.0264481,1.43954,0.000200001,-2.84993e-09,-3.02586e-07,-2.84993e-09,0.00020001,1.04632e-06,-3.02586e-07,1.04632e-06,0.000199996
0.0369667,-0.340856,-1.63379,0.0299161,-0.344224,-1.63695,-0.0110372,-0.00317525,0.0225506,1.43774,0.000200001,-2.82921e-09,-2.92664e-07,-2.82921e-09,0.00020001,1.05089e-06,-2.92664e-07,1.05089e-06,0.000199996
0.0400536,-0.340921,-1.6388,0.0412669,-0.345127,-1.64534,-0.0079503,-0.00324051,0.0175431,1.46913,0.000200001,-2.94462e-09,-3.137e-07,-2.94462e-09,0.00020001,1.02886e-06,-3.137e-07,1.02886e-06,0.000199996
0.0424039,-0.340578,-1.64249,0.0412622,-0.345187,-1.64535,-0.00560001,-0.00289765,0.0138462,1.46917,0.000200001,-3.4125e-09,-3.91705e-07,-3.4125e-09,0.000200009,9.96169e-07,-3.91705e-07,9.96169e-07,0.000199996
0.0441375,-0.34007,-1.64483,0.0412849,-0.345115,-1.64534,-0.0100447,-0.00144929,0.0240725,1.46917,0.000200002,-3.91028e-09,-4.76591e-07,-3.91028e-09,0.000200009,9.51162e-07,-4.76591e-07,9.51162e-07,0.000199996
0.0454218,-0.339565,-1.64617,0.0412509,-0.345176,-1.64531,-0.00876037,-0.000943934,0.0227311,1.47263,0.000200002,-4.31784e-09,-5.48642e-07,-4.31784e-09,0.000200008,9.07056e-07,-5.48642e-07,9.07056e-07,0.000199996
0.0464098,-0.33919,-1.64725,0.0412755,-0.345119,-1.64533,-0.00777242,-0.000568853,0.021655,1.46513,0.000200003,-4.53574e-09,-5.8809e-07,-4.53574e-09,0.000200008,8.71845e-07,-5.8809e-07,8.71845e-07,0.000199996
0.0472046,-0.338806,-1.64811,0.0412611,-0.345118,-1.64534,-0.0069776,-0.000184848,0.0207916,1.46117,0.000200003,-4.76001e-09,-6.26594e-07,-4.76001e-09,0.000200007,8.50626e-07,-6.26594e-07,8.50626e-07,0.000199996
0.0492164,-0.338511,-1.65183,0.0479632,-0.345197,-1.66309,-0.00496575,0.000109718,0.0170653,1.51773,0.000200004,-4.95096e-09,-6.543e-07,-4.95096e-09,0.000200007,8.40759e-07,-6.543e-07,8.40759e-07,0.000199996
0.050783,-0.338314,-1.6546,0.0479591,-0.345175,-1.66307,-0.00968538,-0.00179945,0.0208055,1.51091,0.000200004,-5.02045e-09,-6.64774e-07,-5.02045e-09,0.000200007,8.27981e-07,-6.64774e-07,8.27981e-07,0.000199996
0.0519686,-0.338211,-1.65734,0.0479561,-0.345147,-1.66306,-0.00849973,-0.00169637,0.0180747,1.4993,0.000200004,-4.96465e-09,-6.61181e-07,-4.96465e-09,0.000200006,8.09602e-07,-6.61181e-07,8.09602e-07,0.000199996
0.0528973,-0.338149,-1.65962,0.0479616,-0.345141,-1.66305,-0.00757105,-0.00163433,0.0157899,1.4993,0.000200004,-4.88093e-09,-6.54989e-07,-4.88093e-09,0.000200006,7.94824e-07,-6.54989e-07,7.94824e-07,0.000199996
0.0537159,-0.338,-1.66113,0.0479644,-0.345137,-1.66304,-0.00675246,-0.00148603,0.0142756,1.4912,0.000200004,-4.94628e-09,-6.66532e-07,-4.94628e-09,0.000200006,7.97501e-07,-6.66532e-07,7.97501e-07,0.000199996
0.055751,-0.336769,-1.66259,0.0545209,-0.339632,-1.6658,-0.00835325,-0.00291786,0.011584,1.4994,0.000200004,-5.0582e-09,-6.76056e-07,-5.0582e-09,0.000200006,8.09969e-07,-6.76056e-07,8.09969e-07,0.000199996
0.0573548,-0.335801,-1.66343,0.0545076,-0.339611,-1.66577,-0.0106148,-0.00543368,0.00955932,1.49123,0.000200004,-5.11314e-09,-6.78756e-07,-5.11314e-09,0.000200006,8.14512e-07,-6.78756e-07,8.14512e-07,0.000199996
0.0585725,-0.335088,-1.664,0.0545241,-0.339623,-1.66577,-0.00939708,-0.00472051,0.00898588,1.4994,0.000200004,-5.0549e-09,-6.71052e-07,-5.0549e-09,0.000200006,8.06484e-07,-6.71052e-07,8.06484e-07,0.000199996
0.0596645,-0.334421,-1.66436,0.0545314,-0.339618,-1.66577,-0.00830508,-0.0040536,0.00863159,1.49532,0.000200004,-5.16981e-09,-6.81354e-07,-5.16981e-09,0.000200006,8.19977e-07,-6.81354e-07,8.19977e-07,0.000199996
0.0605864,-0.333809,-1.66485,0.0545206,-0.339628,-1.66576,-0.00738319,-0.00344154,0.0081436,1.49123,0.000200004,-5.36876e-09,-7.00676e-07,-5.36876e-09,0.000200006,8.36818e-07,-7.00676e-07,8.36818e-07,0.000199996
0.0613022,-0.333338,-1.66492,0.0545241,-0.339618,-1.66574,-0.00666741,-0.00296979,0.00806765,1.48715,0.000200005,-5.49158e-09,-7.09941e-07,-5.49158e-09,0.000200007,8.43915e-07,-7.09941e-07,8.43915e-07,0.000199996
0.0636363,-0.331136,-1.6644,0.0633413,-0.330506,-1.66285,-0.00433335,-0.000767727,0.00858678,1.5696,0.000200005,-5.58339e-09,-7.15847e-07,-5.58339e-09,0.000200007,8.48477e-07,-7.15847e-07,8.48477e-07,0.000199996
0.0655383,-0.329357,-1.66387,0.0634017,-0.330521,-1.66276,-0.0112144,-0.00780772,0.00883385,1.5696,0.000200005,-5.68563e-09,-7.22898e-07,-5.68563e-09,0.000200007,8.54932e-07,-7.22898e-07,8.54932e-07,0.000199996
0.0670817,-0.327916,-1.66333,0.0633972,-0.330526,-1.66276,-0.00967098,-0.00636632,0.00936643,1.5696,0.000200005,-5.79744e-09,-7.30692e-07,-5.79744e-09,0.000200007,8.6259e-07,-7.30692e-07,8.6259e-07,0.000199996
0.0684572,-0.326645,-1.66312,0.0634099,-0.330518,-1.66277,-0.00829548,-0.00509542,0.00958302,1.5696,0.000200005,-6.09679e-09,-7.54214e-07,-6.09679e-09,0.000200007,8.89634e-07,-7.54214e-07,8.89634e-07,0.000199996
0.0695758,-0.325655,-1.66284,0.0634054,-0.330536,-1.66277,-0.00717689,-0.00410539,0.00985913,1.5696,0.000200005,-6.32705e-09,-7.65682e-07,-6.32705e-09,0.000200008,9.09918e-07,-7.65682e-07,9.09918e-07,0.000199995
0.0727174,-0.322136,-1.66133,0.0749946,-0.316626,-1.65996,-0.00403534,-0.000586855,0.0113704,1.19891,0.000200005,-6.39091e-09,-7.64182e-07,-6.39091e-09,0.000200008,9.1147e-07,-7.64182e-07,9.1147e-07,0.000199995
0.0751611,-0.319377,-1.66022,0.0750012,-0.316626,-1.65996,-0.00159164,0.00217197,0.0124764,1.20192,0.000200005,-6.32213e-09,-7.54421e-07,-6.32213e-09,0.000200008,9.01003e-07,-7.54421e-07,9.01003e-07,0.000199995
0.077134,-0.317236,-1.65945,0.0750189,-0.316633,-1.65997,-0.0103078,-0.00705922,0.010064,1.20289,0.000200005,-6.21318e-09,-7.38013e-07,-6.21318e-09,0.000200008,8.96533e-07,-7.38013e-07,8.96533e-07,0.000199995
0.0786488,-0.315579,-1.65893,0.0750512,-0.316629,-1.65996,-0.0111733,-0.00784194,0.0107438,1.19891,0.000200005,-6.01974e-09,-7.18446e-07,-6.01974e-09,0.000200007,8.8244e-07,-7.18446e-07,8.8244e-07,0.000199995
0.0798959,-0.314621,-1.65737,0.075067,-0.316634,-1.65996,-0.0099262,-0.00688378,0.0122978,1.20289,0.000200004,-5.55829e-09,-6.48004e-07,-5.55829e-09,0.000200007,8.7815e-07,-6.48004e-07,8.7815e-07,0.000199996
0.0811021,-0.314427,-1.65488,0.0750811,-0.316632,-1.65994,-0.00871991,-0.00668982,0.0147873,1.20289,0.000200003,-4.78994e-09,-5.12334e-07,-4.78994e-09,0.000200008,9.08198e-07,-5.12334e-07,9.08198e-07,0.000199996
0.0847224,-0.312879,-1.65078,0.0884838,-0.308445,-1.65249,-0.00509969,-0.00514242,0.0188913,1.13553,0.000200002,-3.91644e-09,-3.85926e-07,-3.91644e-09,0.000200008,9.23864e-07,-3.85926e-07,9.23864e-07,0.000199996
0.0877581,-0.311884,-1.64674,0.0885352,-0.308454,-1.65236,-0.00206393,-0.00414738,0.0229257,1.13553,0.000200001,-3.04215e-09,-2.67635e-07,-3.04215e-09,0.000200008,9.54564e-07,-2.67635e-07,9.54564e-07,0.000199996
0.0903685,-0.311204,-1.64362,0.0885323,-0.308457,-1.65235,0.000546466,-0.00346746,0.0260526,1.13169,0.000200001,-2.27671e-09,-1.74212e-07,-2.27671e-09,0.000200009,1.00348e-06,-1.74212e-07,1.00348e-06,0.000199996
0.092586,-0.310708,-1.64111,0.0885591,-0.308456,-1.65233,-0.00816004,-0.0119911,0.0197677,1.13169,0.000200001,-1.64159e-09,-1.0748e-07,-1.64159e-09,0.00020001,1.05469e-06,-1.0748e-07,1.05469e-06,0.000199996
0.0944555,-0.310272,-1.63931,0.0885991,-0.30846,-1.6523,-0.0128482,-0.0132061,0.00943971,1.13169,0.0002,-1.20547e-09,-7.16035e-08,-1.20547e-09,0.000200011,1.1015e-06,-7.16035e-08,1.1015e-06,0.000199996
0.0994274,-0.309424,-1.63287,0.105465,-0.305999,-1.62368,-0.00787639,-0.0123579,0.0158822,0.944633,0.0002,-8.54685e-10,-4.4534e-08,-8.54685e-10,0.000200012,1.14821e-06,-4.4534e-08,1.14821e-06,0.000199996
0.103448,-0.308822,-1.62874,0.105491,-0.306005,-1.62361,-0.00385607,-0.0117556,0.0200149,0.937509,0.0002,-5.0381e-10,-1.54998e-08,-5.0381e-10,0.000200012,1.1841e-06,-1.54998e-08,1.1841e-06,0.000199996
0.106669,-0.308277,-1.62623,0.105501,-0.305946,-1.62349,-0.000634853,-0.0112114,0.0225165,0.911051,0.0002,-3.04165e-10,-5.10575e-09,-3.04165e-10,0.000200013,1.20748e-06,-5.10575e-09,1.20748e-06,0.000199995
0.109231,-0.307738,-1.62454,0.105504,-0.305982,-1.62348,0.0019273,-0.0106715,0.0242093,0.926315,0.0002,-3.07677e-10,-1.65795e-08,-3.07677e-10,0.000200013,1.21998e-06,-1.65795e-08,1.21998e-06,0.000199995
0.111194,-0.307109,-1.62287,0.105549,-0.305995,-1.62344,0.00389001,-0.0100429,0.025881,0.929814,0.0002,-5.80394e-10,-5.63248e-08,-5.80394e-10,0.000200013,1.21254e-06,-5.63248e-08,1.21254e-06,0.000199995
0.112653,-0.306427,-1.62111,0.105588,-0.305991,-1.62339,-0.010094,-0.00989112,0.00725155,0.926082,0.0002,-1.01811e-09,-1.10915e-07,-1.01811e-09,0.000200013,1.18864e-06,-1.10915e-07,1.18864e-06,0.000199995
0.117043,-0.305735,-1.61585,0.121516,-0.305171,-1.6031,-0.0141441,-0.00968867,0.000680335,0.677583,0.0002,-1.30851e-09,-1.39344e-07,-1.30851e-09,0.000200013,1.1797e-06,-1.39344e-07,1.1797e-06,0.000199995
0.120555,-0.305219,-1.61204,0.121533,-0.305187,-1.60299,-0.0106324,-0.00917262,0.00449503,0.69016,0.0002,-1.48745e-09,-1.52725e-07,-1.48745e-09,0.000200013,1.17336e-06,-1.52725e-07,1.17336e-06,0.000199995
0.123389,-0.304822,-1.6099,0.121561,-0.30519,-1.6029,-0.00779815,-0.00877563,0.00663215,0.682807,0.0002,-1.60076e-09,-1.58857e-07,-1.60076e-09,0.000200013,1.17239e-06,-1.58857e-07,1.17239e-06,0.000199995
0.125672,-0.304547,-1.60818,0.121649,-0.305204,-1.60284,-0.00551535,-0.00850003,0.00835466,0.69016,0.0002,-1.6345e-09,-1.56881e-07,-1.6345e-09,0.000200013,1.17137e-06,-1.56881e-07,1.17137e-06,0.000199995
0.127476,-0.304321,-1.60761,0.121755,-0.305207,-1.60276,-0.00371095,-0.00827491,0.00892084,0.693837,0.0002,-1.65083e-09,-1.56164e-07,-1.65083e-09,0.000200013,1.16388e-06,-1.56164e-07,1.16388e-06,0.000199995
0.128921,-0.304225,-1.60715,0.121777,-0.305204,-1.60272,-0.00226615,-0.00817846,0.00938183,0.69016,0.0002,-1.55711e-09,-1.42337e-07,-1.55711e-09,0.000200013,1.15855e-06,-1.42337e-07,1.15855e-06,0.000199995
0.132854,-0.304415,-1.60586,0.135569,-0.306246,-1.59861,-0.00666508,-0.00712125,0.00752169,0.770816,0.0002,-1.40677e-09,-1.23403e-07,-1.40677e-09,0.000200013,1.15814e-06,-1.23403e-07,1.15814e-06,0.000199995
0.136028,-0.304461,-1.60492,0.135586,-0.306249,-1.59855,-0.00349077,-0.00716659,0.0084637,0.767139,0.0002,-1.42394e-09,-1.28653e-07,-1.42394e-09,0.000200013,1.16184e-06,-1.28653e-07,1.16184e-06,0.000199995
0.138601,-0.304259,-1.60301,0.13561,-0.306225,-1.59848,-0.000917468,-0.006965,0.0103705,0.767139,0.0002,-1.73929e-09,-1.7031e-07,-1.73929e-09,0.000200013,1.16874e-06,-1.7031e-07,1.16874e-06,0.000199995
0.140652,-0.304072,-1.60075,0.135679,-0.306217,-1.59843,0.00113377,-0.00677831,0.0126297,0.770816,0.0002,-2.02416e-09,-2.01671e-07,-2.02416e-09,0.000200013,1.16961e-06,-2.01671e-07,1.16961e-06,0.000199995
0.142414,-0.304265,-1.59914,0.135698,-0.306224,-1.59839,0.00289503,-0.00697083,0.0142381,0.778169,0.0002,-1.84804e-09,-1.67572e-07,-1.84804e-09,0.000200013,1.18884e-06,-1.67572e-07,1.18884e-06,0.000199995
0.146349,-0.304923,-1.59711,0.148567,-0.307928,-1.59567,0.00683,-0.00762911,0.0162734,0.782475,0.0002,-1.48154e-09,-1.19536e-07,-1.48154e-09,0.000200013,1.19355e-06,-1.19536e-07,1.19355e-06,0.000199995
0.149439,-0.305426,-1.59598,0.148596,-0.307943,-1.59561,0.00992066,-0.00813186,0.0173974,0.786138,0.0002,-1.21615e-09,-9.30538e-08,-1.21615e-09,0.000200013,1.18642e-06,-9.30538e-08,1.18642e-06,0.000199995
0.151959,-0.305825,-1.5953,0.14862,-0.307929,-1.59564,-0.00518826,-0.00625502,0.0169838,0.790106,0.0002,-1.02028e-09,-7.63051e-08,-1.02028e-09,0.000200013,1.18865e-06,-7.63051e-08,1.18865e-06,0.000199995
0.154081,-0.306037,-1.59485,0.148607,-0.307924,-1.59562,-0.00306607,-0.00646787,0.0174348,0.779117,0.0002,-1.01594e-09,-8.24309e-08,-1.01594e-09,0.000200013,1.20748e-06,-8.24309e-08,1.20748e-06,0.000199995
0.15572,-0.306102,-1.59458,0.148618,-0.307939,-1.59559,-0.00142742,-0.00653243,0.0176975,0.786443,0.0002,-1.15534e-09,-1.03747e-07,-1.15534e-09,0.000200014,1.20972e-06,-1.03747e-07,1.20972e-06,0.000199995
0.159401,-0.306607,-1.59313,0.161236,-0.309514,-1.58988,0.00225412,-0.00703738,0.0191514,0.508246,0.0002,-1.07219e-09,-9.42952e-08,-1.07219e-09,0.000200013,1.18676e-06,-9.42952e-08,1.18676e-06,0.000199995
0.162239,-0.307108,-1.59196,0.161455,-0.309496,-1.58935,0.00509176,-0.00753811,0.0203169,0.500918,0.0002,-8.72728e-10,-7.22999e-08,-8.72728e-10,0.000200013,1.14784e-06,-7.22999e-08,1.14784e-06,0.000199995
0.164601,-0.307636,-1.59143,0.161501,-0.309499,-1.5893,0.00745346,-0.00806658,0.020847,0.508494,0.0002,-5.74594e-10,-3.77714e-08,-5.74594e-10,0.000200012,1.13611e-06,-3.77714e-08,1.13611e-06,0.000199995
0.166454,-0.308092,-1.59143,0.161536,-0.309461,-1.58932,-0.00146732,-0.00790532,0.0161641,0.500589,0.0002,-2.96794e-10,-9.01739e-09,-2.96794e-10,0.000200012,1.12165e-06,-9.01739e-09,1.12165e-06,0.000199995
0.167918,-0.308392,-1.59151,0.161542,-0.309464,-1.58927,-3.48799e-06,-0.00820602,0.0160757,0.500589,0.0002,-1.63745e-10,-8.46759e-10,-1.63745e-10,0.000200012,1.10921e-06,-8.46759e-10,1.10921e-06,0.000199996
0.169329,-0.308571,-1.59169,0.16157,-0.30945,-1.5893,-0.00724016,-0.00734833,0.0095771,0.503293,0.0002,-1.38678e-10,-4.93535e-09,-1.38678e-10,0.000200012,1.13889e-06,-4.93535e-09,1.13889e-06,0.000199996
0.172874,-0.308948,-1.59312,0.173636,-0.311002,-1.59675,-0.00369561,-0.00772579,0.00814855,0.43637,0.0002,-2.31876e-10,-2.11965e-08,-2.31876e-10,0.000200012,1.15818e-06,-2.11965e-08,1.15818e-06,0.000199995
0.175693,-0.309231,-1.59374,0.173656,-0.310999,-1.59672,-0.000876656,-0.00800835,0.00752932,0.428962,0.0002,-3.35997e-10,-3.4746e-08,-3.35997e-10,0.000200013,1.16721e-06,-3.4746e-08,1.16721e-06,0.000199995
0.177996,-0.30954,-1.59381,0.173694,-0.310979,-1.59668,0.00142675,-0.00831785,0.00745707,0.43285,0.0002,-3.14477e-10,-2.96127e-08,-3.14477e-10,0.000200013,1.17949e-06,-2.96127e-08,1.17949e-06,0.000199995
0.179859,-0.309987,-1.59417,0.173709,-0.311014,-1.59663,0.00328922,-0.00876409,0.00709879,0.436643,0.0002,-5.3795e-11,4.57081e-09,-5.3795e-11,0.000200013,1.19006e-06,4.57081e-09,1.19006e-06,0.000199995
0.181345,-0.310513,-1.59487,0.173711,-0.311012,-1.59663,-0.00880942,-0.00657966,0.00878826,0.436643,0.0002,3.72443e-10,5.40478e-08,3.72443e-10,0.000200013,1.19616e-06,5.40478e-08,1.19616e-06,0.000199995
0.182538,-0.310762,-1.59564,0.173711,-0.310995,-1.59663,-0.0076165,-0.00682823,0.0080211,0.436643,0.0002,4.95687e-10,5.89115e-08,4.95687e-10,0.000200013,1.20068e-06,5.89115e-08,1.20068e-06,0.000199995
0.186723,-0.311578,-1.59429,0.189102,-0.31466,-1.58523,-0.00343183,-0.00764418,0.00937423,0.690555,0.0002,4.62582e-10,4.61294e-08,4.62582e-10,0.000200014,1.2278e-06,4.61294e-08,1.2278e-06,0.000199995
0.19013,-0.312104,-1.59278,0.189173,-0.314668,-1.58518,-2.48033e-05,-0.00817006,0.0108801,0.697828,0.0002,2.5321e-10,1.68382e-08,2.5321e-10,0.000200014,1.25247e-06,1.68382e-08,1.25247e-06,0.000199995
0.192806,-0.312541,-1.59105,0.18925,-0.314663,-1.58513,0.00265166,-0.00860775,0.0126128,0.701464,0.0002,9.67793e-11,2.68077e-10,9.67793e-11,0.000200015,1.25794e-06,2.68077e-10,1.25794e-06,0.000199995
0.194736,-0.313039,-1.58952,0.189377,-0.314695,-1.58493,0.00458131,-0.00910586,0.0141448,0.705101,0.0002,1.56317e-10,1.18882e-08,1.56317e-10,0.000200014,1.22352e-06,1.18882e-08,1.22352e-06,0.000199995
0.196314,-0.313519,-1.5885,0.189346,-0.314686,-1.58494,0.00615994,-0.00958596,0.0151619,0.701464,0.0002,3.11396e-10,3.25296e-08,3.11396e-10,0.000200014,1.20806e-06,3.25296e-08,1.20806e-06,0.000199995
0.20038,-0.314153,-1.58795,0.20283,-0.315837,-1.58368,-0.00373941,-0.00857584,0.0109196,0.423812,0.0002,4.66644e-10,4.92953e-08,4.66644e-10,0.000200014,1.21513e-06,4.92953e-08,1.21513e-06,0.000199995
0.203747,-0.314497,-1.58788,0.20296,-0.315874,-1.58343,-0.00356067,-0.00801282,0.0108638,0.431192,0.0002,3.74467e-10,3.30378e-08,3.74467e-10,0.000200014,1.23376e-06,3.30378e-08,1.23376e-06,0.000199995
0.20643,-0.314703,-1.5877,0.203007,-0.315853,-1.58334,-0.000878084,-0.00821927,0.0110437,0.447465,0.0002,2.09276e-10,1.22708e-08,2.09276e-10,0.000200014,1.24246e-06,1.22708e-08,1.24246e-06,0.000199995
0.208453,-0.31478,-1.58693,0.203026,-0.315844,-1.58335,0.00114545,-0.00829627,0.0118087,0.440085,0.0002,-3.90396e-11,-1.54118e-08,-3.90396e-11,0.000200014,1.22784e-06,-1.54118e-08,1.22784e-06,0.000199995
0.210213,-0.315012,-1.5861,0.203106,-0.315838,-1.58327,0.00290495,-0.00852792,0.0126426,0.454845,0.0002,-1.33727e-11,-6.02189e-09,-1.33727e-11,0.000200014,1.23843e-06,-6.02189e-09,1.23843e-06,0.000199995
0.211585,-0.315322,-1.58543,0.203153,-0.315836,-1.58325,0.00427758,-0.0088383,0.0133142,0.451155,0.0002,1.77198e-10,1.99242e-08,1.77198e-10,0.000200014,1.2381e-06,1.99242e-08,1.2381e-06,0.000199995
0.215845,-0.315642,-1.58461,0.218749,-0.316218,-1.57978,0.00853766,-0.00915767,0.0141326,0.510854,0.0002,3.33137e-10,3.65631e-08,3.33137e-10,0.000200014,1.2447e-06,3.65631e-08,1.2447e-06,0.000199995
0.219287,-0.315744,-1.58465,0.218797,-0.316208,-1.57962,-0.00364797,-0.00862288,0.0192134,0.514009,0.0002,2.60622e-10,2.34826e-08,2.60622e-10,0.000200015,1.25268e-06,2.34826e-08,1.25268e-06,0.000199995
0.222103,-0.315785,-1.58445,0.2189,-0.316213,-1.57954,-0.00866695,-0.00831872,0.0191053,0.524801,0.0002,1.41607e-10,8.30655e-09,1.41607e-10,0.000200015,1.2647e-06,8.30655e-09,1.2647e-06,0.000199995
0.224469,-0.315671,-1.58377,0.218922,-0.316215,-1.57948,-0.00630106,-0.00820481,0.0197883,0.524801,0.0002,-1.57776e-10,-2.53759e-08,-1.57776e-10,0.000200015,1.28973e-06,-2.53759e-08,1.28973e-06,0.000199994
0.226344,-0.315646,-1.58208,0.218947,-0.316224,-1.57945,-0.00442566,-0.00817966,0.0214809,0.521204,0.0002,-3.19065e-10,-3.77756e-08,-3.19065e-10,0.000200016,1.30216e-06,-3.77756e-08,1.30216e-06,0.000199994
0.22774,-0.315729,-1.58041,0.218961,-0.316226,-1.57945,-0.00303031,-0.0082628,0.0231456,0.521204,0.0002,-3.0011e-10,-2.98555e-08,-3.0011e-10,0.000200016,1.29289e-06,-2.98555e-08,1.29289e-06,0.000199994
0.232476,-0.315966,-1.57854,0.236963,-0.316156,-1.57622,0.00170586,-0.00849985,0.0250197,0.457788,0.0002,-2.48213e-11,5.16453e-09,-2.48213e-11,0.000200016,1.29009e-06,5.16453e-09,1.29009e-06,0.000199994
0.236176,-0.316178,-1.57709,0.237049,-0.316181,-1.57597,-0.0111761,-0.00843404,0.0238857,0.457788,0.0002,2.13601e-10,3.00611e-08,2.13601e-10,0.000200015,1.27131e-06,3.00611e-08,1.27131e-06,0.000199994
0.239217,-0.316237,-1.5764,0.23713,-0.316179,-1.5757,-0.00813519,-0.00849375,0.0245788,0.457788,0.0002,2.53385e-10,2.86815e-08,2.53385e-10,0.000200015,1.26961e-06,2.86815e-08,1.26961e-06,0.000199994
0.241678,-0.316052,-1.57552,0.237158,-0.316186,-1.57562,-0.00567425,-0.00830826,0.0254597,0.461438,0.0002,-3.88007e-11,-1.0114e-08,-3.88007e-11,0.000200015,1.27212e-06,-1.0114e-08,1.27212e-06,0.000199994
0.243586,-0.315961,-1.57533,0.237175,-0.316166,-1.5756,-0.00376633,-0.00821715,0.0256503,0.465088,0.0002,-1.90011e-10,-2.48863e-08,-1.90011e-10,0.000200015,1.26346e-06,-2.48863e-08,1.26346e-06,0.000199994
0.247639,-0.316736,-1.57559,0.249918,-0.31985,-1.57919,0.000286862,-0.00899203,0.0253919,0.500619,0.0002,-1.65859e-10,-1.75975e-08,-1.65859e-10,0.000200015,1.25444e-06,-1.75975e-08,1.25444e-06,0.000199994
0.250837,-0.317457,-1.57607,0.250016,-0.319826,-1.57903,0.00348464,-0.00971283,0.0249072,0.475539,0.0002,-3.54332e-13,4.32544e-09,-3.54332e-13,0.000200015,1.23838e-06,4.32544e-09,1.23838e-06,0.000199995
0.253498,-0.318024,-1.57676,0.250212,-0.319882,-1.57898,0.00614585,-0.01028,0.0242202,0.501562,0.0002,1.07687e-10,1.53881e-08,1.07687e-10,0.000200014,1.23832e-06,1.53881e-08,1.23832e-06,0.000199995
0.255707,-0.318373,-1.57759,0.250291,-0.319891,-1.57883,-0.00396741,-0.0101636,0.0176496,0.501562,0.0002,5.70861e-11,5.99761e-09,5.70861e-11,0.000200015,1.24858e-06,5.99761e-09,1.24858e-06,0.000199995
0.25748,-0.318656,-1.57845,0.25032,-0.319897,-1.57879,-0.0125686,-0.00907726,0.0158368,0.501562,0.0002,1.65623e-11,4.8452e-10,1.65623e-11,0.000200015,1.25516e-06,4.8452e-10,1.25516e-06,0.000199995
0.258855,-0.318796,-1.57976,0.250311,-0.319896,-1.57879,-0.0111937,-0.00921764,0.0145254,0.499914,0.0002,-1.22648e-10,-1.59714e-08,-1.22648e-10,0.000200015,1.25269e-06,-1.59714e-08,1.25269e-06,0.000199995
0.263482,-0.318997,-1.57944,0.267843,-0.320104,-1.56521,-0.00656692,-0.00941852,0.0148459,0.50295,0.0002,-1.37193e-10,-1.49072e-08,-1.37193e-10,0.000200015,1.25443e-06,-1.49072e-08,1.25443e-06,0.000199995
0.267338,-0.319294,-1.5798,0.267981,-0.320152,-1.56517,-0.00271088,-0.00971557,0.0144902,0.50295,0.0002,2.77697e-11,6.65678e-09,2.77697e-11,0.000200015,1.27571e-06,6.65678e-09,1.27571e-06,0.000199994
0.270435,-0.319653,-1.58091,0.268046,-0.320126,-1.56517,0.000386331,-0.0100746,0.0133785,0.499468,0.0002,3.41943e-10,4.15328e-08,3.41943e-10,0.000200015,1.28902e-06,4.15328e-08,1.28902e-06,0.000199994
0.272965,-0.319941,-1.58201,0.268091,-0.320121,-1.56516,0.00291607,-0.0103625,0.0122842,0.499468,0.0002,6.00527e-10,6.46057e-08,6.00527e-10,0.000200016,1.30429e-06,6.46057e-08,1.30429e-06,0.000199994
0.274853,-0.319859,-1.58216,0.268146,-0.320147,-1.56516,-0.00690741,-0.00866279,0.0170537,0.499468,0.0002,3.52325e-10,2.80479e-08,3.52325e-10,0.000200016,1.29103e-06,2.80479e-08,1.29103e-06,0.000199994
0.279753,-0.319936,-1.58598,0.284771,-0.321034,-1.58625,-0.00946564,-0.00807173,0.0176114,0.554432,0.0002,6.18421e-11,-5.62967e-09,6.18421e-11,0.000200016,1.2929e-06,-5.62967e-09,1.2929e-06,0.000199994
0.283662,-0.320006,-1.58955,0.284823,-0.320945,-1.58624,-0.00555666,-0.00814192,0.0140376,0.543362,0.0002,-1.21463e-10,-2.17613e-08,-1.21463e-10,0.000200016,1.29073e-06,-2.17613e-08,1.29073e-06,0.000199994
0.286896,-0.320132,-1.59334,0.284829,-0.320946,-1.58621,-0.00232278,-0.00826819,0.0102545,0.554432,0.0002,-1.53033e-10,-1.92694e-08,-1.53033e-10,0.000200016,1.30618e-06,-1.92694e-08,1.30618e-06,0.000199994
0.289504,-0.320369,-1.59646,0.284838,-0.321059,-1.58618,0.000285403,-0.0085046,0.00713039,0.558746,0.0002,-6.05996e-12,1.30963e-09,-6.05996e-12,0.000200016,1.31901e-06,1.30963e-09,1.31901e-06,0.000199994
0.291402,-0.320473,-1.59865,0.284843,-0.320946,-1.58621,0.00218306,-0.00860871,0.00493544,0.543362,0.0002,3.01568e-11,4.64838e-09,3.01568e-11,0.000200016,1.29689e-06,4.64838e-09,1.29689e-06,0.000199994
0.293001,-0.320648,-1.6,0.284835,-0.320947,-1.58621,0.00378253,-0.00878354,0.00359307,0.543362,0.0002,1.83661e-10,2.15947e-08,1.83661e-10,0.000200016,1.29588e-06,2.15947e-08,1.29588e-06,0.000199994
0.296975,-0.321359,-1.60478,0.298218,-0.32314,-1.60422,-0.00730589,-0.00712742,0.0187126,0.290572,0.0002,4.56038e-10,5.02483e-08,4.56038e-10,0.000200016,1.29803e-06,5.02483e-08,1.29803e-06,0.000199994
0.300271,-0.321895,-1.60922,0.298588,-0.323148,-1.60421,-0.0104572,-0.00479791,0.0238597,0.283164,0.0002,6.37443e-10,6.4659e-08,6.37443e-10,0.000200016,1.30626e-06,6.4659e-08,1.30626e-06,0.000199994
0.302977,-0.322246,-1.61173,0.298708,-0.323133,-1.60415,-0.00775104,-0.00514908,0.0213517,0.286868,0.0002,6.74894e-10,6.20697e-08,6.74894e-10,0.000200016,1.31881e-06,6.20697e-08,1.31881e-06,0.000199994
0.305022,-0.322385,-1.61193,0.29882,-0.323162,-1.60395,-0.00570678,-0.00528813,0.0211469,0.290572,0.0002,4.75795e-10,3.57337e-08,4.75795e-10,0.000200016,1.30406e-06,3.57337e-08,1.30406e-06,0.000199994
0.306677,-0.322479,-1.61074,0.299024,-0.323174,-1.60391,-0.0110501,-0.00454171,0.0374459,0.296338,0.0002,2.79604e-10,1.46572e-08,2.79604e-10,0.000200016,1.29136e-06,1.46572e-08,1.29136e-06,0.000199994
0.310317,-0.32349,-1.61391,0.310492,-0.32782,-1.62601,-0.00741005,-0.00555291,0.0342824,0.459838,0.0002,9.45936e-11,-2.81621e-09,9.45936e-11,0.000200016,1.28675e-06,-2.81621e-09,1.28675e-06,0.000199994
0.313478,-0.324435,-1.61683,0.311123,-0.327813,-1.6259,-0.0078954,-0.00544465,0.0359902,0.467659,0.0002,1.49022e-10,8.98872e-09,1.49022e-10,0.000200016,1.30336e-06,8.98872e-09,1.30336e-06,0.000199994
0.316076,-0.325349,-1.61885,0.311405,-0.327825,-1.62588,-0.00529679,-0.00635821,0.0339682,0.474509,0.0002,4.18222e-10,4.17145e-08,4.18222e-10,0.000200016,1.31625e-06,4.17145e-08,1.31625e-06,0.000199994
0.31805,-0.326124,-1.62046,0.311529,-0.327848,-1.62582,-0.00332321,-0.00713336,0.0323641,0.470144,0.0002,6.86125e-10,6.9446e-08,6.86125e-10,0.000200016,1.3037e-06,6.9446e-08,1.3037e-06,0.000199994
0.31952,-0.32656,-1.62153,0.311584,-0.327796,-1.62581,-0.00811299,-0.00503103,0.0287713,0.470144,0.0002,6.4878e-10,5.96083e-08,6.4878e-10,0.000200015,1.27657e-06,5.96083e-08,1.27657e-06,0.000199994
0.320727,-0.326886,-1.62188,0.311626,-0.327772,-1.62584,-0.00690581,-0.00535725,0.0284237,0.466495,0.0002,5.88326e-10,5.0272e-08,5.88326e-10,0.000200015,1.26277e-06,5.0272e-08,1.26277e-06,0.000199994
0.324773,-0.328655,-1.61661,0.327212,-0.335932,-1.59599,-0.00850095,-0.00446214,0.0380435,0.708282,0.0002,4.25117e-10,3.07404e-08,4.25117e-10,0.000200015,1.24782e-06,3.07404e-08,1.24782e-06,0.000199994
0.328132,-0.330324,-1.6132,0.327454,-0.335959,-1.5959,-0.00514231,-0.00613187,0.0414505,0.716535,0.0002,6.23531e-10,5.78089e-08,6.23531e-10,0.000200015,1.24994e-06,5.78089e-08,1.24994e-06,0.000199994
0.330928,-0.33171,-1.61022,0.32758,-0.336004,-1.59568,-0.00234591,-0.00751711,0.0444303,0.730383,0.0002,8.3901e-10,8.08638e-08,8.3901e-10,0.000200015,1.26474e-06,8.08638e-08,1.26474e-06,0.000199994
0.333272,-0.332651,-1.60779,0.327651,-0.336031,-1.59546,-0.00719434,-0.00547363,0.0385092,0.723163,0.0002,7.81339e-10,6.75746e-08,7.81339e-10,0.000200015,1.28903e-06,6.75746e-08,1.28903e-06,0.000199994
0.335059,-0.333168,-1.6053,0.327703,-0.336058,-1.59532,-0.0054074,-0.00599091,0.0409982,0.736158,0.0002,3.8673e-10,1.95547e-08,3.8673e-10,0.000200015,1.289e-06,1.95547e-08,1.289e-06,0.000199994
0.338786,-0.33404,-1.60918,0.338861,-0.338473,-1.62622,-0.00702307,-0.0043673,0.042867,0.500266,0.0002,-2.39136e-11,-2.23683e-08,-2.39136e-11,0.000200016,1.29947e-06,-2.23683e-08,1.29947e-06,0.000199994
0.341589,-0.334569,-1.61185,0.338992,-0.338486,-1.62609,-0.00421968,-0.00489572,0.0402045,0.515837,0.0002,-5.58073e-10,-7.60847e-08,-5.58073e-10,0.000200015,1.27329e-06,-7.60847e-08,1.27329e-06,0.000199994
0.343936,-0.334915,-1.61435,0.339063,-0.338495,-1.62589,-0.00187284,-0.0052416,0.0377008,0.505679,0.0002,-1.06558e-09,-1.22106e-07,-1.06558e-09,0.000200015,1.27089e-06,-1.22106e-07,1.27089e-06,0.000199994
0.346016,-0.335353,-1.61686,0.339151,-0.338499,-1.62587,-0.0071996,-0.00442236,0.0271955,0.505679,0.0002,-1.25094e-09,-1.24981e-07,-1.25094e-09,0.000200016,1.29913e-06,-1.24981e-07,1.29913e-06,0.000199994
0.347643,-0.33575,-1.61825,0.339183,-0.338501,-1.62586,-0.00557272,-0.00481917,0.0258067,0.496633,0.0002,-1.3084e-09,-1.19486e-07,-1.3084e-09,0.000200016,1.31018e-06,-1.19486e-07,1.31018e-06,0.000199994
0.348775,-0.336103,-1.62039,0.339196,-0.338507,-1.62583,-0.00779977,-0.00418665,0.0274071,0.496633,0.0002,-1.26076e-09,-1.09199e-07,-1.26076e-09,0.000200016,1.28983e-06,-1.09199e-07,1.28983e-06,0.000199994
0.352347,-0.336834,-1.62079,0.352838,-0.340883,-1.62079,-0.00422863,-0.00491756,0.0270098,0.448781,0.0002,-1.23523e-09,-1.05734e-07,-1.23523e-09,0.000200015,1.26684e-06,-1.05734e-07,1.26684e-06,0.000199994
0.355281,-0.337319,-1.62099,0.352881,-0.340896,-1.62073,-0.00129406,-0.00540251,0.0268087,0.452327,0.0002,-1.3557e-09,-1.1988e-07,-1.3557e-09,0.000200015,1.26319e-06,-1.1988e-07,1.26319e-06,0.000199994
0.357807,-0.337717,-1.62093,0.352923,-0.3409,-1.62068,-0.00452371,-0.00543936,0.0285366,0.459856,0.0002,-1.46161e-09,-1.27594e-07,-1.46161e-09,0.000200015,1.28804e-06,-1.27594e-07,1.28804e-06,0.000199994
0.359891,-0.338101,-1.6212,0.352938,-0.3409,-1.62068,-0.00243937,-0.00582395,0.0282735,0.459856,0.0002,-1.45835e-09,-1.21659e-07,-1.45835e-09,0.000200016,1.31364e-06,-1.21659e-07,1.31364e-06,0.000199994
0.361497,-0.338376,-1.6209,0.352941,-0.34085,-1.62075,-0.00925026,-0.00608607,0.0283378,0.461496,0.0002,-1.47842e-09,-1.2196e-07,-1.47842e-09,0.000200016,1.31998e-06,-1.2196e-07,1.31998e-06,0.000199994
0.366049,-0.338784,-1.62122,0.369119,-0.340717,-1.62143,-0.00469854,-0.00649357,0.0280221,0.429258,0.0002,-1.19612e-09,-8.77131e-08,-1.19612e-09,0.000200016,1.32914e-06,-8.77131e-08,1.32914e-06,0.000199994
0.369644,-0.339337,-1.62156,0.369264,-0.340701,-1.62135,-0.00110356,-0.00704691,0.0276832,0.431828,0.0002,-6.41703e-10,-2.87109e-08,-6.41703e-10,0.000200016,1.3229e-06,-2.87109e-08,1.3229e-06,0.000199994
0.37254,-0.339694,-1.62182,0.369343,-0.340694,-1.62131,-0.00632808,-0.00814279,0.0285106,0.431828,0.0002,-3.2712e-10,-4.38514e-09,-3.2712e-10,0.000200016,1.3196e-06,-4.38514e-09,1.3196e-06,0.000199994
0.374911,-0.33994,-1.6216,0.369391,-0.340693,-1.62124,-0.00395704,-0.00838875,0.0287289,0.438921,0.0002,-1.50753e-10,4.61097e-09,-1.50753e-10,0.000200016,1.32463e-06,4.61097e-09,1.32463e-06,0.000199994
0.37671,-0.340109,-1.62174,0.369429,-0.340693,-1.62123,-0.00215776,-0.00855803,0.0285945,0.442467,0.0002,-6.28332e-11,6.18249e-09,-6.28332e-11,0.000200016,1.31103e-06,6.18249e-09,1.31103e-06,0.000199994
0.378208,-0.340352,-1.62257,0.369431,-0.340687,-1.62125,-0.0087282,-0.00809429,0.0241583,0.44425,0.0002,1.50725e-10,2.5195e-08,1.50725e-10,0.000200016,1.31163e-06,2.5195e-08,1.31163e-06,0.000199994
0.38371,-0.340556,-1.62346,0.390847,-0.34064,-1.61874,-0.00322627,-0.00829835,0.0232681,1.09159,0.0002,3.51219e-10,4.17674e-08,3.51219e-10,0.000200016,1.31519e-06,4.17674e-08,1.31519e-06,0.000199994
0.388105,-0.340919,-1.62479,0.390857,-0.340788,-1.61874,-0.00717845,-0.00838893,0.0233754,1.11862,0.0002,7.42904e-10,8.03505e-08,7.42904e-10,0.000200016,1.31592e-06,8.03505e-08,1.31592e-06,0.000199994
0.391713,-0.34109,-1.62628,0.390857,-0.340797,-1.61876,-0.00357101,-0.00855977,0.0218915,1.11892,0.0002,8.91087e-10,8.63151e-08,8.91087e-10,0.000200016,1.33104e-06,8.63151e-08,1.33104e-06,0.000199994
0.394571,-0.341024,-1.62787,0.390884,-0.340639,-1.61873,-0.000712959,-0.00849437,0.020297,1.09508,0.0002,7.59429e-10,6.35287e-08,7.59429e-10,0.000200017,1.33547e-06,6.35287e-08,1.33547e-06,0.000199994
0.39681,-0.34093,-1.62978,0.390853,-0.340642,-1.61876,-0.00715411,-0.00769061,0.0285942,1.09159,0.0002,5.89339e-10,4.28787e-08,5.89339e-10,0.000200017,1.33192e-06,4.28787e-08,1.33192e-06,0.000199994
0.398533,-0.341002,-1.63161,0.390865,-0.340644,-1.61877,-0.00543206,-0.00776285,0.0267594,1.08826,0.0002,6.60406e-10,5.38769e-08,6.60406e-10,0.000200016,1.31792e-06,5.38769e-08,1.31792e-06,0.000199994
0.403145,-0.341516,-1.63799,0.407058,-0.342555,-1.64125,-0.00882529,-0.00767676,0.0224502,0.697942,0.0002,7.8624e-10,6.88022e-08,7.8624e-10,0.000200016,1.30845e-06,6.88022e-08,1.30845e-06,0.000199994
0.40687,-0.341748,-1.6432,0.407068,-0.342557,-1.64124,-0.00510021,-0.007909,0.0172437,0.697942,0.0002,6.53505e-10,5.10798e-08,6.53505e-10,0.000200016,1.30777e-06,5.10798e-08,1.30777e-06,0.000199994
0.40991,-0.341969,-1.64623,0.407058,-0.34255,-1.64126,-0.00206011,-0.00812968,0.0142135,0.697942,0.0002,5.9947e-10,4.56924e-08,5.9947e-10,0.000200016,1.31723e-06,4.56924e-08,1.31723e-06,0.000199994
0.412344,-0.342148,-1.64803,0.407067,-0.342533,-1.64128,-0.00627671,-0.00638445,0.026968,0.692238,0.0002,5.67314e-10,4.33269e-08,5.67314e-10,0.000200016,1.32326e-06,4.33269e-08,1.32326e-06,0.000199994
0.414316,-0.342514,-1.64968,0.407064,-0.342557,-1.64125,-0.004304,-0.00675062,0.0253217,0.697942,0.0002,8.54676e-10,7.72761e-08,8.54676e-10,0.000200016,1.33111e-06,7.72761e-08,1.33111e-06,0.000199994
0.419069,-0.343301,-1.65517,0.42306,-0.344774,-1.66265,-0.00720845,-0.00544963,0.0272676,0.484532,0.0002,1.11715e-09,1.02849e-07,1.11715e-09,0.000200017,1.33239e-06,1.02849e-07,1.33239e-06,0.000199994
0.422804,-0.343648,-1.65893,0.423035,-0.344826,-1.66256,-0.00347265,-0.00579597,0.0235111,0.48533,0.0002,9.09067e-10,7.28312e-08,9.09067e-10,0.000200016,1.32354e-06,7.28312e-08,1.32354e-06,0.000199994
0.425795,-0.343706,-1.6608,0.423046,-0.344866,-1.66257,-0.00420264,-0.00482814,0.0247617,0.492918,0.0002,4.21463e-10,1.71285e-08,4.21463e-10,0.000200016,1.31782e-06,1.71285e-08,1.31782e-06,0.000199994
0.42813,-0.343674,-1.66219,0.423049,-0.344804,-1.66256,-0.00186713,-0.00479608,0.0233727,0.486677,0.0002,-4.91453e-11,-2.87997e-08,-4.91453e-11,0.000200016,1.30497e-06,-2.87997e-08,1.30497e-06,0.000199994
0.430067,-0.343865,-1.66352,0.423059,-0.344782,-1.66266,6.90062e-05,-0.00498757,0.0220358,0.484532,0.0002,-1.02353e-10,-2.22835e-08,-1.02353e-10,0.000200016,1.30721e-06,-2.22835e-08,1.30721e-06,0.000199994
0.43166,-0.344217,-1.66449,0.423055,-0.34478,-1.66265,-0.0058948,-0.0041182,0.0268602,0.487899,0.0002,1.47843e-10,1.39104e-08,1.47843e-10,0.000200016,1.31593e-06,1.39104e-08,1.31593e-06,0.000199994
0.435511,-0.345703,-1.66659,0.435972,-0.350335,-1.66822,-0.00204459,-0.00560396,0.0247609,0.561243,0.0002,4.79747e-10,5.12123e-08,4.79747e-10,0.000200016,1.32018e-06,5.12123e-08,1.32018e-06,0.000199994
0.438563,-0.346763,-1.66827,0.435986,-0.350331,-1.66823,-0.00560454,-0.00456714,0.0266616,0.561243,0.0002,5.6732e-10,5.51036e-08,5.6732e-10,0.000200016,1.31803e-06,5.51036e-08,1.31803e-06,0.000199994
0.440911,-0.347457,-1.66867,0.435973,-0.350331,-1.66819,-0.00325683,-0.00526095,0.0262582,0.561243,0.0002,4.08071e-10,3.24642e-08,4.08071e-10,0.000200016,1.30203e-06,3.24642e-08,1.30203e-06,0.000199994
0.442817,-0.34795,-1.6689,0.435976,-0.350321,-1.66822,-0.00135057,-0.00575351,0.0260339,0.561243,0.0002,1.96283e-10,8.27409e-09,1.96283e-10,0.000200016,1.29619e-06,8.27409e-09,1.29619e-06,0.000199994
0.444421,-0.348439,-1.66969,0.435987,-0.350337,-1.6682,-0.00547748,-0.00399925,0.0259279,0.557954,0.0002,1.61089e-10,8.15092e-09,1.61089e-10,0.000200016,1.30465e-06,8.15092e-09,1.30465e-06,0.000199994
0.448519,-0.349922,-1.67056,0.449431,-0.355723,-1.66827,-0.0013789,-0.00548171,0.0250649,0.604516,0.0002,1.61775e-10,1.06183e-08,1.61775e-10,0.000200016,1.33038e-06,1.06183e-08,1.33038e-06,0.000199994
0.451865,-0.350985,-1.67103,0.449492,-0.355718,-1.66825,-0.00485311,-0.00434389,0.0289567,0.607711,0.0002,-5.13316e-12,-7.13307e-09,-5.13316e-12,0.000200017,1.35568e-06,-7.13307e-09,1.35568e-06,0.000199994
0.454481,-0.351665,-1.67098,0.449522,-0.355743,-1.66815,-0.00223788,-0.00502361,0.0290094,0.617296,0.0002,-3.91911e-10,-4.69722e-08,-3.91911e-10,0.000200017,1.36106e-06,-4.69722e-08,1.36106e-06,0.000199994
0.456493,-0.352158,-1.67094,0.449528,-0.355741,-1.66816,-0.000225016,-0.00551608,0.0290499,0.614101,0.0002,-7.61528e-10,-8.06371e-08,-7.61528e-10,0.000200017,1.35165e-06,-8.06371e-08,1.35165e-06,0.000199994
0.457931,-0.35215,-1.66987,0.449532,-0.355734,-1.66814,-0.00383669,-0.00267394,0.0364626,0.614101,0.0002,-1.58423e-09,-1.6716e-07,-1.58423e-09,0.000200016,1.31777e-06,-1.6716e-07,1.31777e-06,0.000199994
0.458947,-0.351745,-1.66963,0.449524,-0.355744,-1.66815,-0.00282059,-0.00226916,0.0366993,0.617296,0.000200001,-2.70486e-09,-2.86322e-07,-2.70486e-09,0.000200016,1.27504e-06,-2.86322e-07,1.27504e-06,0.000199994
0.461625,-0.352406,-1.67025,0.458192,-0.360801,-1.67109,-0.00584038,-0.000891065,0.0352945,0.603338,0.000200001,-3.62122e-09,-3.67325e-07,-3.62122e-09,0.000200015,1.26868e-06,-3.67325e-07,1.26868e-06,0.000199994
0.46354,-0.352704,-1.67073,0.458213,-0.360829,-1.67107,-0.00392582,-0.00118929,0.0348088,0.609647,0.000200002,-4.50628e-09,-4.56821e-07,-4.50628e-09,0.000200015,1.22749e-06,-4.56821e-07,1.22749e-06,0.000199994
0.464997,-0.352847,-1.67131,0.45822,-0.360815,-1.67102,-0.00246874,-0.00133224,0.0342254,0.606493,0.000200002,-5.21547e-09,-5.287e-07,-5.21547e-09,0.000200014,1.18911e-06,-5.287e-07,1.18911e-06,0.000199994
0.466057,-0.35298,-1.6723,0.458229,-0.360853,-1.67103,-0.00451604,-0.00163498,0.0270208,0.619111,0.000200003,-5.63803e-09,-5.72549e-07,-5.63803e-09,0.000200013,1.14757e-06,-5.72549e-07,1.14757e-06,0.000199994
0.466874,-0.352952,-1.67329,0.458222,-0.360835,-1.671,-0.00369848,-0.0016071,0.0260336,0.612802,0.000200003,-6.05745e-09,-6.21142e-07,-6.05745e-09,0.000200012,1.1166e-06,-6.21142e-07,1.1166e-06,0.000199994
0.467509,-0.352902,-1.67397,0.458218,-0.360806,-1.671,-0.00778057,-0.00233102,0.0246082,0.603338,0.000200004,-6.36449e-09,-6.55651e-07,-6.36449e-09,0.000200012,1.09397e-06,-6.55651e-07,1.09397e-06,0.000199994
0.47023,-0.352108,-1.67512,0.469446,-0.357226,-1.6771,-0.00505967,-0.00153683,0.0234597,0.864401,0.000200004,-6.60513e-09,-6.85247e-07,-6.60513e-09,0.000200011,1.0734e-06,-6.85247e-07,1.0734e-06,0.000199994
0.472537,-0.351486,-1.67583,0.469452,-0.35722,-1.67711,-0.00275335,-0.00091522,0.0227469,0.85888,0.000200004,-6.85067e-09,-7.01721e-07,-6.85067e-09,0.000200011,1.08077e-06,-7.01721e-07,1.08077e-06,0.000199994
0.474343,-0.350944,-1.67681,0.469446,-0.357226,-1.67709,-0.00631251,-0.00363589,0.030647,0.861226,0.000200005,-7.05438e-09,-7.19267e-07,-7.05438e-09,0.000200011,1.07977e-06,-7.19267e-07,1.07977e-06,0.000199994
0.475791,-0.350469,-1.6778,0.469436,-0.357227,-1.67709,-0.00486431,-0.00316088,0.029657,0.867576,0.000200005,-7.25253e-09,-7.36782e-07,-7.25253e-09,0.000200011,1.08019e-06,-7.36782e-07,1.08019e-06,0.000199994
0.476953,-0.350047,-1.6786,0.469423,-0.357225,-1.67711,-0.00989606,-0.00677918,0.0314011,0.861226,0.000200005,-7.44885e-09,-7.54373e-07,-7.44885e-09,0.000200011,1.08147e-06,-7.54373e-07,1.08147e-06,0.000199994
0.480637,-0.347927,-1.6822,0.483039,-0.348102,-1.69244,-0.00621216,-0.00465876,0.0278019,0.818318,0.000200005,-7.58212e-09,-7.61618e-07,-7.58212e-09,0.000200011,1.08549e-06,-7.61618e-07,1.08549e-06,0.000199994
0.483679,-0.346204,-1.68508,0.48305,-0.348107,-1.69247,-0.00317006,-0.00293572,0.0249179,0.821608,0.000200005,-7.78305e-09,-7.70073e-07,-7.78305e-09,0.000200011,1.10335e-06,-7.70073e-07,1.10335e-06,0.000199994
0.485962,-0.344877,-1.68728,0.483059,-0.348109,-1.69244,-0.00840694,-0.00732405,0.0198298,0.818318,0.000200005,-7.7521e-09,-7.66953e-07,-7.7521e-09,0.000200011,1.09072e-06,-7.66953e-07,1.09072e-06,0.000199994
0.487696,-0.34389,-1.68904,0.483057,-0.348097,-1.69245,-0.00667304,-0.00633723,0.018071,0.818318,0.000200005,-7.55706e-09,-7.52186e-07,-7.55706e-09,0.000200011,1.06813e-06,-7.52186e-07,1.06813e-06,0.000199994
0.489126,-0.343109,-1.69004,0.483054,-0.348103,-1.69246,-0.0115542,-0.0096402,0.0209547,0.821608,0.000200005,-7.42715e-09,-7.4147e-07,-7.42715e-09,0.000200011,1.06075e-06,-7.4147e-07,1.06075e-06,0.000199994
0.493188,-0.340068,-1.69356,0.497299,-0.336549,-1.7061,-0.00749207,-0.00659898,0.0174321,0.597092,0.000200005,-7.50667e-09,-7.53697e-07,-7.50667e-09,0.000200011,1.06548e-06,-7.53697e-07,1.06548e-06,0.000199994
0.49654,-0.337649,-1.69647,0.497582,-0.336572,-1.70553,-0.00414071,-0.00417991,0.0145213,0.610432,0.000200005,-7.59726e-09,-7.59221e-07,-7.59726e-09,0.000200011,1.07632e-06,-7.59221e-07,1.07632e-06,0.000199994
0.49912,-0.335664,-1.69876,0.497671,-0.336595,-1.70532,-0.00828839,-0.00709977,0.0210036,0.615415,0.000200005,-7.6338e-09,-7.70931e-07,-7.6338e-09,0.000200011,1.06466e-06,-7.70931e-07,1.06466e-06,0.000199994
0.501185,-0.33412,-1.70058,0.497691,-0.336589,-1.70527,-0.00622325,-0.0055554,0.0191829,0.614995,0.000200006,-7.60594e-09,-7.70815e-07,-7.60594e-09,0.000200011,1.05697e-06,-7.70815e-07,1.05697e-06,0.000199994
0.502954,-0.332945,-1.70267,0.497663,-0.33659,-1.70533,-0.00445449,-0.00438061,0.0170934,0.615415,0.000200005,-7.61044e-09,-7.60345e-07,-7.61044e-09,0.000200011,1.07213e-06,-7.60345e-07,1.07213e-06,0.000199994
0.504437,-0.331947,-1.70467,0.497638,-0.336562,-1.70542,-0.0101954,-0.00789007,0.0134442,0.612911,0.000200005,-7.72857e-09,-7.6142e-07,-7.72857e-09,0.000200011,1.09397e-06,-7.6142e-07,1.09397e-06,0.000199994
0.507761,-0.32934,-1.70523,0.508489,-0.327982,-1.70023,-0.00687144,-0.00528308,0.0128841,0.603446,0.000200006,-7.89878e-09,-7.75701e-07,-7.89878e-09,0.000200011,1.10359e-06,-7.75701e-07,1.10359e-06,0.000199994
0.510336,-0.327296,-1.70587,0.508516,-0.328035,-1.70016,-0.00953924,-0.00802545,0.0174417,0.623268,0.000200006,-7.92118e-09,-7.79619e-07,-7.92118e-09,0.000200011,1.09557e-06,-7.79619e-07,1.09557e-06,0.000199994
0.512504,-0.325835,-1.70742,0.508541,-0.32798,-1.70017,-0.00737084,-0.00656459,0.0158902,0.602664,0.000200005,-7.79876e-09,-7.51589e-07,-7.79876e-09,0.000200011,1.10745e-06,-7.51589e-07,1.10745e-06,0.000199994
0.514352,-0.32482,-1.70949,0.508556,-0.328024,-1.70018,-0.0081081,-0.00701584,0.0117296,0.623268,0.000200005,-7.60351e-09,-7.09511e-07,-7.60351e-09,0.000200012,1.13306e-06,-7.09511e-07,1.13306e-06,0.000199994
0.515908,-0.324063,-1.71177,0.508546,-0.328022,-1.70018,-0.006552,-0.00625894,0.00945229,0.623268,0.000200005,-7.42607e-09,-6.72685e-07,-7.42607e-09,0.000200012,1.16259e-06,-6.72685e-07,1.16259e-06,0.000199994
0.517208,-0.323683,-1.71462,0.508537,-0.328027,-1.70017,-0.0052527,-0.00587846,0.00659669,0.623268,0.000200004,-7.03163e-09,-6.1189e-07,-7.03163e-09,0.000200013,1.19073e-06,-6.1189e-07,1.19073e-06,0.000199994
0.520272,-0.322492,-1.71945,0.517796,-0.322679,-1.70614,-0.00504118,-0.00697051,0.00563343,0.515883,0.000200003,-6.57217e-09,-5.42768e-07,-6.57217e-09,0.000200014,1.23623e-06,-5.42768e-07,1.23623e-06,0.000199994
0.522776,-0.321619,-1.72363,0.517775,-0.322673,-1.70619,-0.00253697,-0.00609677,0.00145402,0.515883,0.000200003,-6.11075e-09,-4.84374e-07,-6.11075e-09,0.000200015,1.27462e-06,-4.84374e-07,1.27462e-06,0.000199994
0.524629,-0.320969,-1.72603,0.517788,-0.322676,-1.70617,-0.00325054,-0.00402194,0.00866546,0.515883,0.000200002,-5.60914e-09,-4.39267e-07,-5.60914e-09,0.000200015,1.27445e-06,-4.39267e-07,1.27445e-06,0.000199994
0.526059,-0.320426,-1.7266,0.517816,-0.322681,-1.70609,-0.00182041,-0.00347875,0.00809974,0.512505,0.000200002,-5.24387e-09,-4.15061e-07,-5.24387e-09,0.000200015,1.2649e-06,-4.15061e-07,1.2649e-06,0.000199994
0.527268,-0.319919,-1.72598,0.51786,-0.322696,-1.70591,-0.000611525,-0.00297192,0.00871953,0.515883,0.000200002,-5.10543e-09,-4.12249e-07,-5.10543e-09,0.000200015,1.26758e-06,-4.12249e-07,1.26758e-06,0.000199994
0.529398,-0.320008,-1.72923,0.523948,-0.325716,-1.72873,-4.44255e-05,-0.00166489,0.0277825,0.402252,0.000200002,-5.17674e-09,-4.3352e-07,-5.17674e-09,0.000200015,1.25884e-06,-4.3352e-07,1.25884e-06,0.000199994
0.530965,-0.319999,-1.73132,0.523941,-0.32572,-1.7288,0.00152331,-0.00165608,0.0256899,0.395426,0.000200002,-5.28432e-09,-4.5987e-07,-5.28432e-09,0.000200014,1.23181e-06,-4.5987e-07,1.23181e-06,0.000199994
0.532253,-0.320011,-1.73364,0.523892,-0.32577,-1.72892,0.000222595,-0.000167077,0.0325713,0.395426,0.000200002,-5.37293e-09,-4.74398e-07,-5.37293e-09,0.000200014,1.22175e-06,-4.74398e-07,1.22175e-06,0.000199994
0.533454,-0.320161,-1.73622,0.523884,-0.325783,-1.72891,0.00142388,-0.000317279,0.0299935,0.392013,0.000200002,-5.34056e-09,-4.60421e-07,-5.34056e-09,0.000200014,1.24325e-06,-4.60421e-07,1.24325e-06,0.000199994
0.534437,-0.320266,-1.73818,0.523864,-0.325771,-1.72896,0.00240698,-0.000421931,0.0280273,0.392013,0.000200002,-5.33702e-09,-4.53124e-07,-5.33702e-09,0.000200015,1.26133e-06,-4.53124e-07,1.26133e-06,0.000199994
0.535176,-0.32039,-1.73996,0.523865,-0.325785,-1.72895,0.00124151,0.00109469,0.0335584,0.392013,0.000200002,-5.25622e-09,-4.41877e-07,-5.25622e-09,0.000200015,1.26538e-06,-4.41877e-07,1.26538e-06,0.000199994
0.536335,-0.321444,-1.74545,0.526716,-0.329468,-1.74769,0.00240027,4.0453e-05,0.0280722,0.405029,0.000200002,-4.92329e-09,-4.02929e-07,-4.92329e-09,0.000200015,1.26634e-06,-4.02929e-07,1.26634e-06,0.000199994
0.537404,-0.322382,-1.74951,0.52674,-0.329451,-1.74762,0.00273375,0.00166269,0.035509,0.408407,0.000200001,-4.57559e-09,-3.61382e-07,-4.57559e-09,0.000200015,1.28919e-06,-3.61382e-07,1.28919e-06,0.000199994
0.538093,-0.323003,-1.75183,0.526744,-0.329456,-1.74761,0.00342234,0.00104161,0.033193,0.405029,0.000200001,-4.41851e-09,-3.55686e-07,-4.41851e-09,0.000200015,1.27707e-06,-3.55686e-07,1.27707e-06,0.000199994
0.538621,-0.323521,-1.75295,0.526749,-0.32945,-1.74759,0.00395071,0.000524089,0.0320699,0.405029,0.000200001,-4.27011e-09,-3.48677e-07,-4.27011e-09,0.000200015,1.26552e-06,-3.48677e-07,1.26552e-06,0.000199994
0.539188,-0.32399,-1.75292,0.526753,-0.329471,-1.74758,0.00343494,0.00124632,0.0373448,0.411786,0.000200001,-4.14971e-09,-3.36519e-07,-4.14971e-09,0.000200015,1.28092e-06,-3.36519e-07,1.28092e-06,0.000199994
0.540614,-0.32548,-1.75662,0.530948,-0.334774,-1.77035,0.00486093,-0.000243778,0.0336388,0.402126,0.000200001,-4.07669e-09,-3.25538e-07,-4.07669e-09,0.000200016,1.31074e-06,-3.25538e-07,1.31074e-06,0.000199994
0.541808,-0.326749,-1.75948,0.530953,-0.334753,-1.77034,0.00435897,0.00127485,0.0444026,0.402108,0.000200001,-3.92105e-09,-3.04831e-07,-3.92105e-09,0.000200016,1.33836e-06,-3.04831e-07,1.33836e-06,0.000199994
0.542674,-0.327912,-1.76186,0.53096,-0.33479,-1.77032,0.0052253,0.000112667,0.0420188,0.408815,0.000200001,-3.56927e-09,-2.68607e-07,-3.56927e-09,0.000200017,1.34182e-06,-2.68607e-07,1.34182e-06,0.000199994
0.543368,-0.328954,-1.76366,0.530958,-0.334792,-1.77033,0.00591865,-0.000930006,0.0402153,0.408815,0.000200001,-3.13341e-09,-2.26976e-07,-3.13341e-09,0.000200017,1.34431e-06,-2.26976e-07,1.34431e-06,0.000199994
0.543949,-0.329989,-1.76542,0.53096,-0.33478,-1.77034,0.00525127,0.000453935,0.0430314,0.412141,0.0002,-2.51089e-09,-1.67249e-07,-2.51089e-09,0.000200017,1.35015e-06,-1.67249e-07,1.35015e-06,0.000199994
0.544383,-0.330877,-1.76671,0.530974,-0.334774,-1.7703,0.00568525,-0.000434119,0.0417392,0.412141,0.0002,-1.93643e-09,-1.18871e-07,-1.93643e-09,0.000200017,1.34861e-06,-1.18871e-07,1.34861e-06,0.000199994
0.544857,-0.333207,-1.77348,0.532013,-0.342761,-1.79789,0.00402573,0.000347623,0.0385421,0.358459,0.0002,-1.51279e-09,-8.98171e-08,-1.51279e-09,0.000200017,1.33429e-06,-8.98171e-08,1.33429e-06,0.000199994
0.54531,-0.335142,-1.77868,0.532013,-0.342767,-1.79788,0.00447883,-0.00158767,0.0333389,0.358459,0.0002,-1.10019e-09,-5.87439e-08,-1.10019e-09,0.000200017,1.33716e-06,-5.87439e-08,1.33716e-06,0.000199994
0.545781,-0.336704,-1.78232,0.53202,-0.342783,-1.79786,0.00495042,-0.00315012,0.0297014,0.361793,0.0002,-7.77456e-10,-3.64782e-08,-7.77456e-10,0.000200017,1.35636e-06,-3.64782e-08,1.35636e-06,0.000199994
0.546185,-0.337946,-1.78491,0.532026,-0.342785,-1.79783,0.0014014,-0.000778859,0.0249896,0.361793,0.0002,-5.48392e-10,-2.32174e-08,-5.48392e-10,0.000200017,1.37267e-06,-2.32174e-08,1.37267e-06,0.000199994
0.546463,-0.339039,-1.78771,0.532026,-0.342773,-1.79784,0.00168029,-0.00187236,0.0221906,0.358459,0.0002,-2.22458e-10,2.93691e-09,-2.22458e-10,0.000200018,1.37617e-06,2.93691e-09,1.37617e-06,0.000199994
0.546708,-0.339903,-1.78985,0.53201,-0.342776,-1.79789,-0.00106966,0.00099668,0.0125456,0.361793,0.0002,1.17483e-11,1.84133e-08,1.17483e-11,0.000200018,1.38241e-06,1.84133e-08,1.38241e-06,0.000199993
0.548741,-0.342011,-1.78746,0.541528,-0.349958,-1.77573,0.000963176,-0.00111089,0.0149416,0.323228,0.0002,2.03103e-10,3.06865e-08,2.03103e-10,0.000200018,1.37565e-06,3.06865e-08,1.37565e-06,0.000199993
0.550299,-0.343937,-1.78519,0.541872,-0.350027,-1.77503,-0.000725849,-1.77253e-05,0.0264284,0.323433,0.0002,6.51858e-10,7.41898e-08,6.51858e-10,0.000200017,1.3493e-06,7.41898e-08,1.3493e-06,0.000199994
0.551452,-0.345306,-1.7832,0.54197,-0.350067,-1.77465,0.000426893,-0.00138614,0.0284239,0.321924,0.0002,7.22731e-10,7.25597e-08,7.22731e-10,0.000200017,1.31436e-06,7.25597e-08,1.31436e-06,0.000199994
0.552559,-0.346609,-1.78098,0.542032,-0.350063,-1.77467,0.00153386,-0.00268914,0.03064,0.325596,0.0002,1.05835e-09,1.04037e-07,1.05835e-09,0.000200016,1.31961e-06,1.04037e-07,1.31961e-06,0.000199994
0.553376,-0.347699,-1.77888,0.542067,-0.350072,-1.77457,-0.00123484,-0.0020613,0.0298448,0.328974,0.0002,1.36343e-09,1.30804e-07,1.36343e-09,0.000200016,1.31102e-06,1.30804e-07,1.31102e-06,0.000199994
0.555785,-0.349989,-1.77663,0.550799,-0.356348,-1.76862,0.00117396,-0.00435176,0.0320913,0.314578,0.0002,1.82756e-09,1.75359e-07,1.82756e-09,0.000200016,1.30664e-06,1.75359e-07,1.30664e-06,0.000199994
0.557758,-0.351938,-1.77487,0.551027,-0.356407,-1.76828,0.00314693,-0.00630025,0.0338551,0.327085,0.0002,2.32098e-09,2.20237e-07,2.32098e-09,0.000200016,1.30389e-06,2.20237e-07,1.30389e-06,0.000199994
0.559429,-0.353433,-1.77355,0.55119,-0.356483,-1.76774,-0.00201144,-0.00235442,0.0280788,0.327085,0.0002,2.60069e-09,2.36304e-07,2.60069e-09,0.000200016,1.31172e-06,2.36304e-07,1.31172e-06,0.000199994
0.560806,-0.354609,-1.77298,0.551263,-0.356482,-1.76755,-0.00063413,-0.00353058,0.0286517,0.326842,0.0002,2.78429e-09,2.43623e-07,2.78429e-09,0.000200016,1.32081e-06,2.43623e-07,1.32081e-06,0.000199994
0.562061,-0.355187,-1.77181,0.551434,-0.356505,-1.76711,-0.00138738,-0.00136786,0.0320003,0.33948,0.0002,2.42152e-09,1.89013e-07,2.42152e-09,0.000200017,1.34573e-06,1.89013e-07,1.34573e-06,0.000199994
0.563119,-0.355377,-1.77051,0.551535,-0.356527,-1.76682,-0.000329703,-0.00155753,0.0333044,0.339724,0.0002,1.71606e-09,1.09251e-07,1.71606e-09,0.000200017,1.3672e-06,1.09251e-07,1.3672e-06,0.000199994
0.565507,-0.357402,-1.76801,0.559371,-0.367489,-1.76053,0.00205884,-0.00358255,0.0357988,0.281272,0.0002,6.92733e-10,8.0173e-09,6.92733e-10,0.000200017,1.377e-06,8.0173e-09,1.377e-06,0.000199994
0.567272,-0.3586,-1.76593,0.559526,-0.367532,-1.76012,1.43395e-05,0.000392884,0.0385311,0.304451,0.0002,-7.13169e-10,-1.26078e-07,-7.13169e-10,0.000200017,1.35503e-06,-1.26078e-07,1.35503e-06,0.000199994
0.568523,-0.359194,-1.76519,0.559574,-0.367526,-1.76011,0.00126538,-0.000201415,0.0392703,0.294517,0.000200001,-2.23545e-09,-2.69685e-07,-2.23545e-09,0.000200016,1.31405e-06,-2.69685e-07,1.31405e-06,0.000199994
0.569529,-0.359629,-1.76479,0.559569,-0.367538,-1.76004,2.7421e-05,0.0041528,0.039891,0.311074,0.000200001,-3.41393e-09,-3.68485e-07,-3.41393e-09,0.000200016,1.28906e-06,-3.68485e-07,1.28906e-06,0.000199994
0.570281,-0.359943,-1.76415,0.559595,-0.367537,-1.76002,0.000778972,0.00383843,0.0405282,0.311074,0.000200001,-4.29178e-09,-4.37379e-07,-4.29178e-09,0.000200015,1.26355e-06,-4.37379e-07,1.26355e-06,0.000199994
0.571754,-0.360398,-1.76534,0.564984,-0.369257,-1.76796,0.00225193,0.00338361,0.0393435,0.299159,0.000200002,-5.00532e-09,-5.05604e-07,-5.00532e-09,0.000200014,1.21366e-06,-5.05604e-07,1.21366e-06,0.000199994
0.5729,-0.360724,-1.76651,0.564774,-0.369269,-1.76806,0.00125038,0.00349124,0.0354708,0.23744,0.000200002,-5.55278e-09,-5.55359e-07,-5.55278e-09,0.000200014,1.18338e-06,-5.55359e-07,1.18338e-06,0.000199994
0.573825,-0.360879,-1.76734,0.564814,-0.369275,-1.76803,0.0021758,0.00333618,0.0346435,0.244041,0.000200003,-6.06655e-09,-6.04131e-07,-6.06655e-09,0.000200013,1.16423e-06,-6.04131e-07,1.16423e-06,0.000199994
0.574343,-0.361004,-1.76738,0.564777,-0.369268,-1.76805,-0.00151871,0.00309966,0.0391802,0.23744,0.000200003,-6.29001e-09,-6.3529e-07,-6.29001e-09,0.000200012,1.11728e-06,-6.3529e-07,1.11728e-06,0.000199994
0.574763,-0.361105,-1.76741,0.564809,-0.369275,-1.76803,-0.0010983,0.00299835,0.0391515,0.244041,0.000200004,-6.42933e-09,-6.55215e-07,-6.42933e-09,0.000200012,1.08724e-06,-6.55215e-07,1.08724e-06,0.000199994
0.575122,-0.361183,-1.76723,0.564922,-0.369256,-1.76803,-0.000739184,0.00292083,0.0393347,0.295869,0.000200004,-6.5173e-09,-6.68053e-07,-6.5173e-09,0.000200011,1.06796e-06,-6.68053e-07,1.06796e-06,0.000199994
0.576253,-0.361955,-1.76628,0.568663,-0.373175,-1.76193,-0.00391016,-0.000964441,0.0376711,0.522018,0.000200004,-6.71872e-09,-6.86836e-07,-6.71872e-09,0.000200011,1.07171e-06,-6.86836e-07,1.07171e-06,0.000199994
0.5772,-0.362552,-1.76558,0.568758,-0.373169,-1.76171,-0.00296274,-0.00156217,0.0383718,0.526642,0.000200004,-6.9093e-09,-7.01851e-07,-6.9093e-09,0.000200011,1.0779e-06,-7.01851e-07,1.0779e-06,0.000199994
0.577943,-0.363052,-1.76487,0.568811,-0.373199,-1.76149,-0.00888158,-0.00511759,0.0464909,0.533468,0.000200005,-7.01602e-09,-7.09106e-07,-7.01602e-09,0.000200011,1.07765e-06,-7.09106e-07,1.07765e-06,0.000199994
0.578629,-0.363402,-1.76397,0.568896,-0.373203,-1.76138,-0.00819597,-0.00546729,0.0473914,0.523453,0.000200005,-7.20734e-09,-7.22226e-07,-7.20734e-09,0.000200011,1.08918e-06,-7.22226e-07,1.08918e-06,0.000199994
0.579162,-0.363703,-1.76333,0.568947,-0.373231,-1.76125,-0.00766335,-0.00576794,0.0480343,0.526866,0.000200005,-7.3161e-09,-7.28243e-07,-7.3161e-09,0.000200011,1.09237e-06,-7.28243e-07,1.09237e-06,0.000199994
0.582966,-0.361626,-1.76777,0.585754,-0.361519,-1.78501,-0.0110333,-0.00867735,0.0414925,0.407029,0.000200005,-7.3953e-09,-7.32246e-07,-7.3953e-09,0.000200011,1.0943e-06,-7.32246e-07,1.0943e-06,0.000199994
0.5861,-0.359973,-1.77089,0.586066,-0.361617,-1.7844,-0.00789851,-0.00702459,0.0383705,0.40563,0.000200005,-7.48405e-09,-7.35875e-07,-7.48405e-09,0.000200011,1.10062e-06,-7.35875e-07,1.10062e-06,0.000199994
0.588678,-0.358644,-1.77322,0.586276,-0.361647,-1.78407,-0.00881098,-0.0077337,0.0354436,0.41109,0.000200005,-7.58355e-09,-7.39659e-07,-7.58355e-09,0.000200011,1.10947e-06,-7.39659e-07,1.10947e-06,0.000199994
0.590801,-0.357552,-1.77527,0.58632,-0.361652,-1.78399,-0.00668781,-0.00664181,0.0333912,0.414515,0.000200005,-7.73204e-09,-7.46333e-07,-7.73204e-09,0.000200012,1.12386e-06,-7.46333e-07,1.12386e-06,0.000199994
0.592474,-0.356697,-1.77702,0.586307,-0.361648,-1.78401,-0.0127733,-0.0105824,0.0324228,0.414515,0.000200005,-7.80271e-09,-7.47059e-07,-7.80271e-09,0.000200012,1.12964e-06,-7.47059e-07,1.12964e-06,0.000199994
0.593812,-0.356016,-1.77842,0.586297,-0.361646,-1.78403,-0.0114355,-0.00990064,0.0310188,0.414515,0.000200005,-7.85007e-09,-7.46805e-07,-7.85007e-09,0.000200012,1.13381e-06,-7.46805e-07,1.13381e-06,0.000199994
0.59791,-0.353149,-1.77909,0.601557,-0.349947,-1.78333,-0.00733732,-0.00703346,0.0303488,0.466506,0.000200005,-7.84213e-09,-7.43595e-07,-7.84213e-09,0.000200012,1.13272e-06,-7.43595e-07,1.13272e-06,0.000199994
0.601296,-0.350807,-1.77967,0.601718,-0.34995,-1.78303,-0.011356,-0.00982375,0.0266085,0.470269,0.000200005,-7.94927e-09,-7.49096e-07,-7.94927e-09,0.000200012,1.14434e-06,-7.49096e-07,1.14434e-06,0.000199994
0.603866,-0.349056,-1.78016,0.6019,-0.349988,-1.78261,-0.0087868,-0.00807279,0.0261249,0.477386,0.000200005,-7.75701e-09,-7.3395e-07,-7.75701e-09,0.000200012,1.12372e-06,-7.3395e-07,1.12372e-06,0.000199994
0.605885,-0.347694,-1.78051,0.601972,-0.350015,-1.78244,-0.014174,-0.0114961,0.0283327,0.470269,0.000200005,-7.52656e-09,-7.18824e-07,-7.52656e-09,0.000200012,1.10258e-06,-7.18824e-07,1.10258e-06,0.000199994
0.60757,-0.346576,-1.78055,0.60206,-0.350036,-1.78227,-0.0124898,-0.0103784,0.0282907,0.473827,0.000200005,-7.42426e-09,-7.14351e-07,-7.42426e-09,0.000200011,1.09714e-06,-7.14351e-07,1.09714e-06,0.000199994
0.611513,-0.343366,-1.78133,0.614727,-0.338802,-1.78705,-0.00854616,-0.00716876,0.0275112,0.341728,0.000200005,-7.48095e-09,-7.23477e-07,-7.48095e-09,0.000200011,1.1031e-06,-7.23477e-07,1.1031e-06,0.000199994
0.614761,-0.340823,-1.78221,0.615107,-0.338797,-1.78679,-0.0117157,-0.00948274,0.0233592,0.359246,0.000200005,-7.51312e-09,-7.24811e-07,-7.51312e-09,0.000200011,1.10983e-06,-7.24811e-07,1.10983e-06,0.000199994
0.617416,-0.338793,-1.78325,0.615393,-0.338817,-1.78639,-0.0090603,-0.0074524,0.0223188,0.361702,0.000200005,-7.53773e-09,-7.25098e-07,-7.53773e-09,0.000200012,1.11451e-06,-7.25098e-07,1.11451e-06,0.000199994
0.619587,-0.337161,-1.78393,0.615496,-0.338851,-1.78616,-0.0109161,-0.00807393,0.0246556,0.369221,0.000200005,-7.59407e-09,-7.27523e-07,-7.59407e-09,0.000200012,1.12179e-06,-7.27523e-07,1.12179e-06,0.000199994
0.621306,-0.335895,-1.78404,0.615652,-0.338885,-1.786,-0.0091976,-0.00680888,0.0245542,0.382031,0.000200005,-7.56097e-09,-7.23791e-07,-7.56097e-09,0.000200012,1.1184e-06,-7.23791e-07,1.1184e-06,0.000199994
0.622709,-0.334885,-1.78407,0.615797,-0.338896,-1.78578,-0.00779408,-0.00579883,0.0245173,0.374568,0.000200005,-7.53306e-09,-7.21362e-07,-7.53306e-09,0.000200012,1.11625e-06,-7.21362e-07,1.11625e-06,0.000199994
0.627089,-0.331842,-1.78322,0.632236,-0.32768,-1.77877,-0.0113109,-0.00738087,0.0225827,0.390183,0.000200005,-7.4717e-09,-7.16929e-07,-7.4717e-09,0.000200012,1.11101e-06,-7.16929e-07,1.11101e-06,0.000199994
0.630667,-0.329412,-1.78264,0.632614,-0.327715,-1.77825,-0.00773252,-0.00495119,0.0231626,0.405531,0.000200005,-7.42488e-09,-7.14328e-07,-7.42488e-09,0.000200011,1.1075e-06,-7.14328e-07,1.1075e-06,0.000199994
