EKF_x,EKF_y,EKF_theta,PM_x,PM_y,PM_theta,errorEKF_x,errorEKF_y,errorEKF_theta,errorPM,EKFCovXX,EKFCovXY,EKFCovXTheta,EKFCovYX,EKFCovYY,EKFCovYTheta,EKFCovThetaX,EKFCovThetaY,EKFCovThetaTheta,counter
-0.633816,-0.495167,1.56369,-0.633816,-0.495167,1.56369,-0.00621631,0.030033,-0.00631011,47.259,0.000999999,-3.31463e-22,1.33403e-14,-3.36845e-22,0.000999999,6.64376e-14,1.33416e-14,6.64471e-14,0.000999999,0
-0.636284,-0.486365,1.55439,-0.638685,-0.477981,1.54554,-0.00868396,0.0388349,-0.0156079,45.5454,0.000512195,2.44932e-15,8.99265e-11,2.44932e-15,0.000512195,1.26536e-08,8.99265e-11,1.26536e-08,0.000512195,0
-0.637802,-0.480167,1.54838,-0.640598,-0.469141,1.5377,-0.0103023,0.0450326,-0.0216158,44.7034,0.000359875,1.16048e-14,2.19925e-10,1.16048e-14,0.000359875,1.63443e-08,2.19925e-10,1.63443e-08,0.000359875,0
-0.638899,-0.475247,1.54368,-0.641736,-0.463204,1.53239,-0.011399,0.0499533,-0.0263203,44.3311,0.000290717,2.32446e-13,2.78761e-09,2.32446e-13,0.000290717,2.02e-08,2.78761e-09,2.02e-08,0.000290717,0
-0.639818,-0.471071,1.53982,-0.642671,-0.458811,1.52847,-0.012418,0.0541288,-0.0301843,44.1362,0.000254131,1.9291e-13,1.784e-09,1.9291e-13,0.000254131,1.98351e-08,1.784e-09,1.98351e-08,0.000254131,0
-0.640712,-0.46716,1.53646,-0.64378,-0.454251,1.52514,-0.0133117,0.0580401,-0.0335445,43.8068,0.000233206,3.36058e-13,3.21861e-09,3.36058e-13,0.000233206,1.75578e-08,3.21861e-09,1.75578e-08,0.000233206,0
-0.64162,-0.463388,1.53326,-0.645063,-0.450106,1.52226,-0.01432,0.0618123,-0.0367392,43.6068,0.000220702,1.03101e-13,3.96914e-10,1.03101e-13,0.000220702,2.01365e-08,3.96914e-10,2.01365e-08,0.000220702,0
-0.64243,-0.459746,1.5304,-0.645568,-0.446239,1.51953,-0.0151302,0.0654537,-0.0396013,43.3852,0.000213033,2.85938e-13,2.26583e-09,2.85938e-13,0.000213033,1.78504e-08,2.26583e-09,1.78504e-08,0.000213033,0
-0.643284,-0.456103,1.52759,-0.646784,-0.442293,1.51722,-0.0160839,0.0690966,-0.0424079,43.3213,0.000208255,6.09372e-14,5.65077e-12,6.09372e-14,0.000208255,2.01312e-08,5.65077e-12,2.01312e-08,0.000208255,0
-0.644174,-0.452561,1.52498,-0.647773,-0.438786,1.51453,-0.0169741,0.0726389,-0.0450245,43.1868,0.000205249,2.62401e-13,1.97688e-09,2.62401e-13,0.000205249,1.78814e-08,1.97688e-09,1.78814e-08,0.000205249,0
-0.645105,-0.449002,1.52236,-0.64896,-0.435047,1.51213,-0.0180051,0.076198,-0.0476356,43.1029,0.000203345,2.41636e-13,1.57194e-09,2.41636e-13,0.000203345,1.82685e-08,1.57194e-09,1.82685e-08,0.000203345,0
-0.646023,-0.445278,1.51983,-0.649905,-0.430512,1.50953,-0.018923,0.079922,-0.050166,42.8473,0.000202135,4.72629e-13,3.1355e-09,4.72629e-13,0.000202135,2.01409e-08,3.1355e-09,2.01409e-08,0.000202135,0
-0.647013,-0.441552,1.51733,-0.651202,-0.426705,1.50769,-0.0200135,0.0836485,-0.0526734,42.7735,0.000201364,6.7745e-13,4.14889e-09,6.7745e-13,0.000201364,2.13177e-08,4.14889e-09,2.13177e-08,0.000201364,0
-0.647912,-0.43737,1.51476,-0.651695,-0.420722,1.50453,-0.0210115,0.08783,-0.055243,42.5937,0.000200872,5.5429e-13,3.01497e-09,5.5429e-13,0.000200872,2.04421e-08,3.01497e-09,2.04421e-08,0.000200872,0
-0.648795,-0.433123,1.51221,-0.652528,-0.416181,1.50205,-0.0218949,0.092077,-0.0577917,42.436,0.000200558,4.58346e-13,2.30927e-09,4.58346e-13,0.000200558,1.98809e-08,2.30927e-09,1.98809e-08,0.000200558,0
-0.649735,-0.428765,1.50965,-0.653698,-0.411359,1.49943,-0.022935,0.0964348,-0.0603516,42.4207,0.000200357,3.86457e-13,1.87594e-09,3.86457e-13,0.000200357,1.95204e-08,1.87594e-09,1.95204e-08,0.000200357,0
-0.650734,-0.424236,1.50698,-0.654939,-0.406129,1.4963,-0.0240345,0.100964,-0.0630247,42.2162,0.000200228,3.3458e-13,1.61638e-09,3.3458e-13,0.000200228,1.92882e-08,1.61638e-09,1.92882e-08,0.000200228,0
-0.651749,-0.419649,1.50438,-0.656064,-0.40125,1.49369,-0.0250488,0.105551,-0.0656199,42.224,0.000200146,5.59671e-13,3.27606e-09,5.59671e-13,0.000200146,2.07293e-08,3.27606e-09,2.07293e-08,0.000200146,0
-0.652775,-0.41487,1.50162,-0.65704,-0.395803,1.49088,-0.0261751,0.11033,-0.0683842,42.1965,0.000200093,2.30269e-13,7.36795e-10,2.30269e-13,0.000200093,1.84731e-08,7.36795e-10,1.84731e-08,0.000200093,0
-0.653821,-0.410213,1.49891,-0.658266,-0.391522,1.48779,-0.0272212,0.114987,-0.0710865,42.2458,0.00020006,4.69093e-13,2.75732e-09,4.69093e-13,0.00020006,2.01944e-08,2.75732e-09,2.01944e-08,0.00020006,0
-0.654933,-0.405824,1.49621,-0.659591,-0.388257,1.48541,-0.0284329,0.119376,-0.0737865,42.2819,0.000200038,4.13541e-13,2.25348e-09,4.13541e-13,0.000200038,1.97137e-08,2.25348e-09,1.97137e-08,0.000200038,0
-0.655955,-0.40159,1.4935,-0.660255,-0.384639,1.48263,-0.0294551,0.12361,-0.0765032,42.2363,0.000200025,3.70732e-13,1.94941e-09,3.70732e-13,0.000200025,1.94048e-08,1.94941e-09,1.94048e-08,0.000200025,0
-0.656969,-0.397644,1.49071,-0.661242,-0.381949,1.4802,-0.0305685,0.127556,-0.0792899,42.0915,0.000200016,-9.06175e-14,-1.61914e-09,-9.06175e-14,0.000200016,1.94689e-08,-1.61914e-09,1.94689e-08,0.000200016,0
-0.657963,-0.394124,1.48829,-0.662145,-0.37992,1.47799,-0.0315633,0.131076,-0.0817061,42.195,0.00020001,4.03931e-13,2.89998e-09,4.03931e-13,0.00020001,1.89734e-08,2.89998e-09,1.89734e-08,0.00020001,0
-0.658866,-0.390746,1.48579,-0.662748,-0.377265,1.47607,-0.0325664,0.134454,-0.0842133,42.2309,0.000200006,1.99883e-13,8.61875e-10,1.99883e-13,0.000200006,2.0763e-08,8.61875e-10,2.0763e-08,0.000200006,0
-0.659717,-0.387749,1.4835,-0.66333,-0.375744,1.47437,-0.0334167,0.137451,-0.0864966,42.194,0.000200004,2.19434e-13,1.12955e-09,2.19434e-13,0.000200004,2.00705e-08,1.12955e-09,2.00705e-08,0.000200004,0
-0.660521,-0.384967,1.48145,-0.663899,-0.373874,1.47292,-0.0343205,0.140233,-0.0885486,42.3417,0.000200003,5.28932e-15,-5.27668e-10,5.28932e-15,0.000200003,1.8079e-08,-5.27668e-10,1.8079e-08,0.000200003,0
-0.66129,-0.382537,1.47941,-0.66463,-0.372742,1.47157,-0.0350904,0.142663,-0.0905888,42.3238,0.000200002,3.10288e-13,2.11706e-09,3.10288e-13,0.000200002,1.98931e-08,2.11706e-09,1.98931e-08,0.000200002,0
-0.661355,-0.393334,1.4792,-0.661823,-0.4365,1.47834,-0.0352546,0.131866,-0.0908034,37.4608,0.000200001,3.16823e-13,1.97609e-09,3.16823e-13,0.000200001,1.951e-08,1.97609e-09,1.951e-08,0.000200001,26
-0.660952,-0.403064,1.48022,-0.659552,-0.441966,1.4843,-0.0349518,0.122136,-0.0897843,36.96,0.000200001,3.17999e-13,1.88733e-09,3.17999e-13,0.000200001,1.92646e-08,1.88733e-09,1.92646e-08,0.000200001,26
-0.660119,-0.411729,1.48203,-0.656998,-0.446373,1.48929,-0.0341187,0.113471,-0.0879698,36.5909,0.0002,3.15848e-13,1.82361e-09,3.15848e-13,0.0002,1.91082e-08,1.82361e-09,1.91082e-08,0.0002,26
-0.659131,-0.419567,1.48452,-0.655391,-0.4509,1.49446,-0.0332307,0.105633,-0.0854847,36.278,0.0002,3.11506e-13,1.77053e-09,3.11506e-13,0.0002,1.90093e-08,1.77053e-09,1.90093e-08,0.0002,26
-0.658012,-0.42666,1.48735,-0.653748,-0.455013,1.4987,-0.0321117,0.0985404,-0.082649,36.0375,0.0002,3.05495e-13,1.71971e-09,3.05495e-13,0.0002,1.89474e-08,1.71971e-09,1.89474e-08,0.0002,26
-0.656811,-0.433066,1.49034,-0.652219,-0.458673,1.50229,-0.0310107,0.0921344,-0.0796624,35.7656,0.0002,2.98229e-13,1.66795e-09,2.98229e-13,0.0002,1.89094e-08,1.66795e-09,1.89094e-08,0.0002,26
-0.655584,-0.43891,1.49355,-0.650888,-0.462274,1.5064,-0.0297837,0.0862897,-0.0764506,35.5657,0.0002,2.90055e-13,1.61456e-09,2.90055e-13,0.0002,1.88868e-08,1.61456e-09,1.88868e-08,0.0002,26
-0.654251,-0.444138,1.49681,-0.649132,-0.465033,1.50986,-0.0285509,0.0810621,-0.0731899,35.4555,0.0002,2.81104e-13,1.5586e-09,2.81104e-13,0.0002,1.8874e-08,1.5586e-09,1.8874e-08,0.0002,26
-0.652952,-0.448863,1.5,-0.647971,-0.467747,1.51277,-0.0272524,0.0763374,-0.0699975,35.178,0.0002,2.7158e-13,1.50065e-09,2.7158e-13,0.0002,1.88675e-08,1.50065e-09,1.88675e-08,0.0002,26
-0.651667,-0.453162,1.50312,-0.64674,-0.470348,1.5156,-0.0260674,0.0720375,-0.0678787,34.5886,0.0002,2.61716e-13,1.44189e-09,2.61716e-13,0.0002,1.8865e-08,1.44189e-09,1.8865e-08,0.0002,26
-0.650474,-0.45707,1.50613,-0.645911,-0.472685,1.51819,-0.0248736,0.0681304,-0.0648655,34.5014,0.0002,2.51683e-13,1.38311e-09,2.51683e-13,0.0002,1.88648e-08,1.38311e-09,1.88648e-08,0.0002,26
-0.649289,-0.460659,1.50905,-0.644761,-0.475004,1.52074,-0.0237885,0.0645412,-0.0619455,34.4238,0.0002,2.41631e-13,1.32502e-09,2.41631e-13,0.0002,1.8866e-08,1.32502e-09,1.8866e-08,0.0002,26
-0.648168,-0.463968,1.51188,-0.643896,-0.477195,1.52318,-0.0226675,0.0612315,-0.0591212,34.2427,0.0002,2.31658e-13,1.26801e-09,2.31658e-13,0.0002,1.88681e-08,1.26801e-09,1.88681e-08,0.0002,26
-0.647011,-0.466989,1.51475,-0.642647,-0.479005,1.52593,-0.021611,0.0582108,-0.0562476,34.2443,0.0002,4.76115e-13,3.01061e-09,4.76115e-13,0.0002,2.04693e-08,3.01061e-09,2.04693e-08,0.0002,26
-0.64596,-0.4697,1.51728,-0.641966,-0.480532,1.52738,-0.0205595,0.0555001,-0.0537214,34.1609,0.0002,4.08879e-13,2.30807e-09,4.08879e-13,0.0002,1.98964e-08,2.30807e-09,1.98964e-08,0.0002,26
-0.645035,-0.472241,1.51973,-0.641547,-0.482393,1.52952,-0.0197345,0.0529595,-0.0512741,34.1672,0.0002,3.50728e-13,1.84128e-09,3.50728e-13,0.0002,1.95307e-08,1.84128e-09,1.95307e-08,0.0002,26
-0.644176,-0.474597,1.52195,-0.640902,-0.484067,1.53117,-0.0188757,0.0506033,-0.0490499,34.0463,0.0002,7.92092e-14,-2.60044e-10,7.92092e-14,0.0002,1.76851e-08,-2.60044e-10,1.76851e-08,0.0002,26
-0.643415,-0.476829,1.52419,-0.640579,-0.485643,1.53314,-0.0182149,0.048371,-0.0468131,33.9694,0.0002,4.85409e-13,3.56526e-09,4.85409e-13,0.0002,1.79509e-08,3.56526e-09,1.79509e-08,0.0002,26
-0.642706,-0.478831,1.52626,-0.640084,-0.486828,1.53455,-0.0175061,0.0463695,-0.0447415,34.0228,0.0002,4.17771e-13,2.59891e-09,4.17771e-13,0.0002,1.8288e-08,2.59891e-09,1.8288e-08,0.0002,26
-0.641979,-0.480698,1.52819,-0.639338,-0.488211,1.53626,-0.016879,0.0445019,-0.0428051,33.2624,0.0002,1.60904e-13,3.42799e-10,1.60904e-13,0.0002,2.02802e-08,3.42799e-10,2.02802e-08,0.0002,26
-0.641314,-0.482437,1.53013,-0.638866,-0.489385,1.53789,-0.016214,0.0427628,-0.040867,33.2515,0.0002,1.4684e-13,5.09282e-10,1.4684e-13,0.0002,1.978e-08,5.09282e-10,1.978e-08,0.0002,26
-0.640695,-0.484082,1.53199,-0.63843,-0.490655,1.53942,-0.0156947,0.0411178,-0.0390106,33.6286,0.0002,1.38705e-13,6.02651e-10,1.38705e-13,0.0002,1.94603e-08,6.02651e-10,1.94603e-08,0.0002,26
-0.640138,-0.485684,1.53382,-0.638071,-0.492141,1.54085,-0.0151378,0.0395156,-0.0371757,32.8445,0.0002,-7.79379e-14,-1.11707e-09,-7.79379e-14,0.0002,1.76218e-08,-1.11707e-09,1.76218e-08,0.0002,26
-0.639666,-0.487269,1.53557,-0.63799,-0.493599,1.54255,-0.0147657,0.0379312,-0.0354316,32.9043,0.0002,-4.18623e-14,-4.63319e-10,-4.18623e-14,0.0002,1.80801e-08,-4.63319e-10,1.80801e-08,0.0002,26
-0.639246,-0.488683,1.53711,-0.637726,-0.494387,1.54361,-0.0143456,0.0365172,-0.0338871,32.8723,0.0002,-1.99508e-13,-1.81695e-09,-1.99508e-13,0.0002,1.67332e-08,-1.81695e-09,1.67332e-08,0.0002,26
-0.638707,-0.48998,1.53859,-0.636817,-0.495109,1.54483,-0.0139071,0.0352198,-0.0324068,32.8242,0.0002,7.33261e-14,8.25094e-10,7.33261e-14,0.0002,1.91554e-08,8.25094e-10,1.91554e-08,0.0002,25
-0.638265,-0.491151,1.54003,-0.636708,-0.495827,1.54578,-0.0134647,0.0340493,-0.0309698,32.8749,0.0002,8.98295e-14,7.47222e-10,8.98295e-14,0.0002,1.90627e-08,7.47222e-10,1.90627e-08,0.0002,25
-0.637819,-0.492327,1.54155,-0.636195,-0.49708,1.5473,-0.0131187,0.0328732,-0.0294519,32.888,0.0002,-1.09504e-13,-1.06604e-09,-1.09504e-13,0.0002,1.7355e-08,-1.06604e-09,1.7355e-08,0.0002,25
-0.637413,-0.493371,1.54283,-0.636002,-0.497542,1.54796,-0.0128128,0.0318289,-0.0281704,32.8788,0.0002,-6.76758e-14,-4.83207e-10,-6.76758e-14,0.0002,1.79111e-08,-4.83207e-10,1.79111e-08,0.0002,25
-0.637053,-0.494348,1.54402,-0.635826,-0.498249,1.5488,-0.0124529,0.0308522,-0.0269756,32.766,0.0002,-2.98725e-14,-1.18914e-10,-2.98725e-14,0.0002,1.82672e-08,-1.18914e-10,1.82672e-08,0.0002,25
-0.63661,-0.495293,1.54508,-0.635102,-0.499014,1.54963,-0.0121098,0.0299071,-0.0259175,32.1163,0.0002,2.32927e-13,1.85341e-09,2.32927e-13,0.0002,2.01508e-08,1.85341e-09,2.01508e-08,0.0002,25
-0.636262,-0.496199,1.54625,-0.635034,-0.499875,1.55062,-0.0117624,0.0290005,-0.0247473,32.5222,0.0002,-1.59209e-14,-3.841e-10,-1.59209e-14,0.0002,1.80435e-08,-3.841e-10,1.80435e-08,0.0002,25
-0.635911,-0.497043,1.54717,-0.634823,-0.500409,1.55147,-0.0115107,0.0281572,-0.0238305,32.1892,0.0002,1.28971e-14,6.36539e-12,1.28971e-14,0.0002,2.17549e-08,6.36539e-12,2.17549e-08,0.0002,25
-0.635624,-0.497875,1.54828,-0.634639,-0.501252,1.5524,-0.0112241,0.0273254,-0.0227209,30.9516,0.0002,-1.89507e-13,-1.57695e-09,-1.89507e-13,0.0002,1.90669e-08,-1.57695e-09,1.90669e-08,0.0002,25
-0.635325,-0.498683,1.5491,-0.634392,-0.50186,1.55269,-0.0110248,0.0265166,-0.0219032,30.0275,0.0002,9.48825e-14,8.84261e-10,9.48825e-14,0.0002,2.06707e-08,8.84261e-10,2.06707e-08,0.0002,25
-0.635031,-0.499494,1.55017,-0.633962,-0.502735,1.55381,-0.010731,0.025706,-0.0208327,29.1226,0.0002,7.20043e-14,6.39233e-10,7.20043e-14,0.0002,1.66318e-08,6.39233e-10,1.66318e-08,0.0002,25
-0.634756,-0.500295,1.5511,-0.633924,-0.503547,1.55513,-0.0105563,0.0249049,-0.0199043,28.3962,0.0002,-1.28459e-13,-1.11604e-09,-1.28459e-13,0.0002,1.91863e-08,-1.11604e-09,1.91863e-08,0.0002,25
-0.634544,-0.501058,1.55196,-0.633908,-0.504104,1.55542,-0.010444,0.0241424,-0.0190397,26.8503,0.0002,-8.63561e-14,-5.80175e-10,-8.63561e-14,0.0002,1.90847e-08,-5.80175e-10,1.90847e-08,0.0002,25
-0.634309,-0.501803,1.55286,-0.63358,-0.504781,1.55646,-0.0102086,0.023397,-0.0181399,25.7712,0.0002,-5.01799e-14,-2.43107e-10,-5.01799e-14,0.0002,1.90198e-08,-2.43107e-10,1.90198e-08,0.0002,25
-0.634058,-0.502486,1.55374,-0.633268,-0.505215,1.55726,-0.010058,0.022714,-0.0172592,25.5508,0.0002,-2.1492e-14,-3.35066e-11,-2.1492e-14,0.0002,1.89783e-08,-3.35066e-11,1.89783e-08,0.0002,25
-0.633849,-0.503149,1.55453,-0.633223,-0.505795,1.55767,-0.0098485,0.0220515,-0.0164724,24.4653,0.0002,5.10264e-17,9.46437e-11,5.10264e-17,0.0002,1.89519e-08,9.46437e-11,1.89519e-08,0.0002,25
-0.633687,-0.503827,1.55514,-0.633202,-0.506488,1.5579,-0.0097874,0.0213725,-0.0158624,23.5253,0.0002,2.02674e-13,1.8455e-09,2.02674e-13,0.0002,1.72058e-08,1.8455e-09,1.72058e-08,0.0002,25
-0.633412,-0.504429,1.55587,-0.632521,-0.506832,1.55882,-0.00951161,0.020771,-0.0151261,23.3876,0.0002,1.78669e-13,1.2877e-09,1.78669e-13,0.0002,1.78177e-08,1.2877e-09,1.78177e-08,0.0002,25
-0.633141,-0.504941,1.55654,-0.632269,-0.506984,1.5592,-0.00934053,0.0202594,-0.0144612,23.5312,0.0002,1.51548e-13,9.25697e-10,1.51548e-13,0.0002,1.82093e-08,9.25697e-10,1.82093e-08,0.0002,25
-0.632898,-0.505478,1.55722,-0.632142,-0.507625,1.55993,-0.00909834,0.0197219,-0.013784,23.2077,0.0002,1.26578e-13,6.8949e-10,1.26578e-13,0.0002,1.84601e-08,6.8949e-10,1.84601e-08,0.0002,25
-0.632692,-0.505996,1.5577,-0.632078,-0.50796,1.56027,-0.00899197,0.0192037,-0.0133011,23.1692,0.0002,5.20269e-13,3.93786e-09,5.20269e-13,0.0002,1.85738e-08,3.93786e-09,1.85738e-08,0.0002,25
-0.632481,-0.50655,1.5583,-0.631852,-0.508764,1.56069,-0.00878138,0.0186497,-0.012702,23.1493,0.0002,4.19028e-13,2.60938e-09,4.19028e-13,0.0002,1.86935e-08,2.60938e-09,1.86935e-08,0.0002,25
-0.632277,-0.506971,1.55865,-0.63167,-0.508649,1.56005,-0.00867661,0.0182294,-0.0123513,23.2946,0.0002,3.28275e-13,1.75507e-09,3.28275e-13,0.0002,1.87701e-08,1.75507e-09,1.87701e-08,0.0002,25
-0.632057,-0.50741,1.55912,-0.631338,-0.509217,1.56071,-0.00855682,0.0177903,-0.0118758,23.3411,0.0002,4.65643e-14,-5.16717e-10,4.65643e-14,0.0002,1.71381e-08,-5.16717e-10,1.71381e-08,0.0002,25
-0.631879,-0.507797,1.55934,-0.631432,-0.509293,1.5605,-0.00837876,0.0174025,-0.0116649,23.3288,0.0002,2.45942e-13,1.47087e-09,2.45942e-13,0.0002,1.94563e-08,1.47087e-09,1.94563e-08,0.0002,25
-0.631664,-0.508147,1.55967,-0.631074,-0.509594,1.5613,-0.00826448,0.0170532,-0.0113345,23.3288,0.0002,-2.53219e-14,-6.62038e-10,-2.53219e-14,0.0002,2.09796e-08,-6.62038e-10,2.09796e-08,0.0002,25
-0.631553,-0.508438,1.56003,-0.631267,-0.509549,1.56115,-0.0081531,0.0167618,-0.0109737,23.3333,0.0002,1.90346e-13,1.33431e-09,1.90346e-13,0.0002,1.85129e-08,1.33431e-09,1.85129e-08,0.0002,25
-0.631433,-0.50871,1.56035,-0.631164,-0.509794,1.56164,-0.00813273,0.0164903,-0.0106501,23.3178,0.0002,1.56292e-13,9.27263e-10,1.56292e-13,0.0002,1.86546e-08,9.27263e-10,1.86546e-08,0.0002,25
-0.631289,-0.509048,1.56058,-0.630925,-0.5104,1.5615,-0.00798856,0.0161519,-0.0104204,23.3256,0.0002,1.26425e-13,6.64554e-10,1.26425e-13,0.0002,1.87454e-08,6.64554e-10,1.87454e-08,0.0002,25
-0.631157,-0.5093,1.56082,-0.630843,-0.510308,1.56179,-0.00795689,0.0158996,-0.0101788,23.3023,0.0002,1.02113e-13,4.94856e-10,1.02113e-13,0.0002,1.88035e-08,4.94856e-10,1.88035e-08,0.0002,25
-0.630961,-0.509511,1.5611,-0.630392,-0.510349,1.56223,-0.00776132,0.0156895,-0.00989606,23.3274,0.0002,8.31294e-14,3.84605e-10,8.31294e-14,0.0002,1.88407e-08,3.84605e-10,1.88407e-08,0.0002,25
-0.630812,-0.509746,1.56139,-0.630428,-0.510688,1.56256,-0.00771213,0.0154536,-0.00960561,23.352,0.0002,6.86549e-14,3.1212e-10,6.86549e-14,0.0002,1.88645e-08,3.1212e-10,1.88645e-08,0.0002,25
-0.630765,-0.509995,1.56145,-0.630737,-0.510933,1.56199,-0.00766538,0.0152053,-0.00955056,23.3566,0.0002,2.44693e-13,1.94978e-09,2.44693e-13,0.0002,1.7162e-08,1.94978e-09,1.7162e-08,0.0002,25
-0.630659,-0.510189,1.56173,-0.630445,-0.510965,1.56284,-0.00765874,0.0150109,-0.00927346,23.3256,0.0002,2.02637e-13,1.31148e-09,2.02637e-13,0.0002,1.77902e-08,1.31148e-09,1.77902e-08,0.0002,25
-0.630568,-0.510385,1.562,-0.630419,-0.511165,1.56309,-0.00756818,0.0148152,-0.00900071,24.2016,0.0002,1.62604e-13,9.01082e-10,1.62604e-13,0.0002,1.81922e-08,9.01082e-10,1.81922e-08,0.0002,25
-0.630471,-0.510542,1.56225,-0.630293,-0.511168,1.56328,-0.00757053,0.0146583,-0.00874549,24.164,0.0002,1.28683e-13,6.36571e-10,1.28683e-13,0.0002,1.84495e-08,6.36571e-10,1.84495e-08,0.0002,25
-0.630413,-0.510708,1.56251,-0.630344,-0.511321,1.56324,-0.00751345,0.0144916,-0.00848509,24.1783,0.0002,2.83447e-13,2.15224e-09,2.83447e-13,0.0002,1.68982e-08,2.15224e-09,1.68982e-08,0.0002,25
-0.630285,-0.510842,1.56265,-0.630036,-0.511429,1.56353,-0.0074847,0.0143577,-0.00834507,24.1815,0.0002,3.29108e-14,-2.53065e-10,3.29108e-14,0.0002,1.93373e-08,-2.53065e-10,1.93373e-08,0.0002,25
-0.630183,-0.511012,1.56295,-0.629935,-0.511637,1.5638,-0.00738298,0.0141879,-0.00705299,24.2048,0.0002,2.1793e-13,1.58084e-09,2.1793e-13,0.0002,1.74671e-08,1.58084e-09,1.74671e-08,0.0002,25
-0.630111,-0.511129,1.56301,-0.63009,-0.511647,1.56356,-0.0074112,0.0140712,-0.00699432,24.2171,0.0002,-2.93584e-14,-6.22447e-10,-2.93584e-14,0.0002,1.97006e-08,-6.22447e-10,1.97006e-08,0.0002,25
-0.630003,-0.51128,1.56318,-0.629784,-0.511882,1.56388,-0.00730324,0.0139202,-0.00681985,24.1473,0.0002,-2.35488e-14,-3.45337e-10,-2.35488e-14,0.0002,1.9415e-08,-3.45337e-10,1.9415e-08,0.0002,25
-0.629861,-0.511393,1.56325,-0.629451,-0.511898,1.56383,-0.0072609,0.013807,-0.00675396,24.0538,0.0002,-2.10449e-13,-1.88338e-09,-2.10449e-13,0.0002,1.75436e-08,-1.88338e-09,1.75436e-08,0.0002,24
-0.629779,-0.511562,1.56345,-0.629662,-0.512129,1.56362,-0.00717866,0.0136383,-0.00655183,24.0308,0.0002,2.36757e-13,2.24825e-09,2.36757e-13,0.0002,1.80094e-08,2.24825e-09,1.80094e-08,0.0002,24
-0.629674,-0.511696,1.56355,-0.629523,-0.512286,1.56426,-0.00717418,0.0135037,-0.00645392,23.9846,0.0002,-4.29722e-15,-1.99572e-10,-4.29722e-15,0.0002,2.00469e-08,-1.99572e-10,2.00469e-08,0.0002,24
-0.629611,-0.511812,1.56361,-0.629518,-0.512219,1.56421,-0.00711117,0.0133883,-0.00638541,23.9801,0.0002,1.99572e-13,1.61134e-09,1.99572e-13,0.0002,1.79225e-08,1.61134e-09,1.79225e-08,0.0002,24
-0.629483,-0.511926,1.56373,-0.629183,-0.512382,1.5642,-0.007083,0.013274,-0.00626749,24.0308,0.0002,1.64868e-13,1.08014e-09,1.64868e-13,0.0002,1.8277e-08,1.08014e-09,1.8277e-08,0.0002,24
-0.629326,-0.512025,1.56388,-0.62891,-0.512419,1.56445,-0.00702579,0.013175,-0.00612345,24.034,0.0002,1.32125e-13,7.39373e-10,1.32125e-13,0.0002,1.85039e-08,7.39373e-10,1.85039e-08,0.0002,24
-0.629217,-0.512132,1.56399,-0.628997,-0.512559,1.56445,-0.00691744,0.013068,-0.00600832,23.9923,0.0002,1.04457e-13,5.203e-10,1.04457e-13,0.0002,1.86491e-08,5.203e-10,1.86491e-08,0.0002,24
-0.629174,-0.51222,1.56401,-0.629158,-0.512624,1.56442,-0.00697362,0.0129801,-0.00598714,24.0249,0.0002,-1.13425e-13,-1.33352e-09,-1.13425e-13,0.0002,1.70521e-08,-1.33352e-09,1.70521e-08,0.0002,24
-0.629046,-0.512324,1.56422,-0.628804,-0.512789,1.56473,-0.00684644,0.0128765,-0.00578096,24.2326,0.0002,-3.18403e-13,-2.49807e-09,-3.18403e-13,0.0002,1.9433e-08,-2.49807e-09,1.9433e-08,0.0002,25
-0.628998,-0.5124,1.56426,-0.628965,-0.512652,1.56473,-0.00689839,0.0127999,-0.0057417,24.2235,0.0002,-3.26866e-14,1.36876e-10,-3.26866e-14,0.0002,1.75308e-08,1.36876e-10,1.75308e-08,0.0002,25
-0.628923,-0.512502,1.56433,-0.628832,-0.512909,1.56464,-0.00682253,0.0126978,-0.00566635,24.0385,0.0002,-1.29704e-14,1.32103e-10,-1.29704e-14,0.0002,1.80263e-08,1.32103e-10,1.80263e-08,0.0002,24
-0.628867,-0.512607,1.56451,-0.628751,-0.513023,1.56456,-0.00686704,0.0125934,-0.00549494,23.9846,0.0002,-5.52851e-15,1.06001e-10,-5.52851e-15,0.0002,1.49402e-08,1.06001e-10,1.49402e-08,0.0002,24
-0.628785,-0.512679,1.5645,-0.628723,-0.513021,1.56479,-0.00678504,0.0125207,-0.00550143,24.034,0.0002,-1.96037e-13,-1.57962e-09,-1.96037e-13,0.0002,1.80809e-08,-1.57962e-09,1.80809e-08,0.0002,24
-0.628742,-0.512791,1.56466,-0.628727,-0.513186,1.56498,-0.00684154,0.0124086,-0.00634261,24.0109,0.0002,4.49473e-14,7.22454e-10,4.49473e-14,0.0002,1.66662e-08,7.22454e-10,1.66662e-08,0.0002,24
-0.628669,-0.512906,1.56479,-0.628592,-0.513362,1.56533,-0.00676915,0.0122943,-0.00620874,24.0308,0.0002,4.80465e-14,5.04156e-10,4.80465e-14,0.0002,1.7473e-08,5.04156e-10,1.7473e-08,0.0002,24
-0.62862,-0.513035,1.56483,-0.628638,-0.513549,1.56501,-0.00682035,0.0121653,-0.00616574,24.0308,0.0002,4.54778e-14,3.63535e-10,4.54778e-14,0.0002,1.79894e-08,3.63535e-10,1.79894e-08,0.0002,24
-0.628516,-0.513056,1.5649,-0.628313,-0.513138,1.56517,-0.00671639,0.0121443,-0.00609935,24.091,0.0002,4.10291e-14,2.73245e-10,4.10291e-14,0.0002,1.83199e-08,2.73245e-10,1.83199e-08,0.0002,24
-0.6284,-0.513125,1.56496,-0.628149,-0.513402,1.5652,-0.00670037,0.0120748,-0.00603883,24.0647,0.0002,3.63875e-14,2.15007e-10,3.63875e-14,0.0002,1.85314e-08,2.15007e-10,1.85314e-08,0.0002,24
-0.628325,-0.513146,1.56502,-0.628234,-0.513229,1.56527,-0.0066246,0.0120538,-0.00597634,24.0294,0.0002,3.22602e-14,1.77323e-10,3.22602e-14,0.0002,1.86668e-08,1.77323e-10,1.86668e-08,0.0002,24
-0.628253,-0.513248,1.56507,-0.628177,-0.513655,1.56526,-0.00665257,0.0119517,-0.0049291,24.0308,0.0002,2.88568e-14,1.5278e-10,2.88568e-14,0.0002,1.87534e-08,1.5278e-10,1.87534e-08,0.0002,24
-0.628209,-0.51335,1.56508,-0.628248,-0.513757,1.56511,-0.00660904,0.0118496,-0.00592084,24.0462,0.0002,2.61795e-14,1.36751e-10,2.61795e-14,0.0002,1.88088e-08,1.36751e-10,1.88088e-08,0.0002,24
-0.628135,-0.513439,1.56513,-0.627998,-0.513846,1.56564,-0.00663484,0.0117609,-0.00587136,24.0692,0.0002,-1.69839e-13,-1.58456e-09,-1.69839e-13,0.0002,1.71525e-08,-1.58456e-09,1.71525e-08,0.0002,24
-0.627993,-0.513535,1.56531,-0.627689,-0.513864,1.56569,-0.00649257,0.011665,-0.00569478,22.8801,0.0002,7.22328e-14,7.35102e-10,7.22328e-14,0.0002,1.94765e-08,7.35102e-10,1.94765e-08,0.0002,24
-0.627964,-0.513556,1.56511,-0.627957,-0.513637,1.56499,-0.00656418,0.0116444,-0.00588565,22.871,0.0002,5.14085e-14,4.89694e-10,5.14085e-14,0.0002,1.58683e-08,4.89694e-10,1.58683e-08,0.0002,24
-0.627841,-0.513577,1.56534,-0.627667,-0.513658,1.5656,-0.00644099,0.0116235,-0.00566182,22.8403,0.0002,5.74589e-14,3.69797e-10,5.74589e-14,0.0002,2.03657e-08,3.69797e-10,2.03657e-08,0.0002,24
-0.627825,-0.51364,1.56533,-0.627974,-0.51389,1.56528,-0.00652513,0.0115605,-0.00567251,22.8846,0.0002,4.83269e-14,2.73822e-10,4.83269e-14,0.0002,1.98407e-08,2.73822e-10,1.98407e-08,0.0002,24
-0.627765,-0.513726,1.56536,-0.627683,-0.514016,1.56583,-0.00646483,0.0114744,-0.00563594,22.8724,0.0002,2.3602e-13,1.90524e-09,2.3602e-13,0.0002,1.77936e-08,1.90524e-09,1.77936e-08,0.0002,24
-0.627688,-0.513759,1.56542,-0.627539,-0.513945,1.56533,-0.0064877,0.0114411,-0.00557928,22.9154,0.0002,-6.70373e-15,-4.54991e-10,-6.70373e-15,0.0002,1.65021e-08,-4.54991e-10,1.65021e-08,0.0002,24
-0.627588,-0.513735,1.56547,-0.627401,-0.513638,1.56565,-0.00638775,0.011465,-0.00553396,22.8739,0.0002,-9.28299e-15,-2.54604e-10,-9.28299e-15,0.0002,1.7368e-08,-2.54604e-10,1.7368e-08,0.0002,24
-0.627505,-0.513837,1.56554,-0.627385,-0.514244,1.56582,-0.00640465,0.0113629,-0.00546251,22.8462,0.0002,-6.68842e-15,-1.26665e-10,-6.68842e-15,0.0002,1.79222e-08,-1.26665e-10,1.79222e-08,0.0002,24
-0.627418,-0.513861,1.56553,-0.627179,-0.513956,1.56613,-0.00631828,0.0113391,-0.00547134,22.8801,0.0002,-3.12915e-15,-6.26273e-11,-3.12915e-15,0.0002,1.48736e-08,-6.26273e-11,1.48736e-08,0.0002,24
-0.627351,-0.513882,1.56563,-0.627295,-0.513964,1.56603,-0.0063511,0.0113183,-0.00537112,22.871,0.0002,5.25376e-16,-4.22575e-12,5.25376e-16,0.0002,1.63258e-08,-4.22575e-12,1.63258e-08,0.0002,24
-0.627333,-0.513867,1.56555,-0.627528,-0.513859,1.56554,-0.0063332,0.0113332,-0.0054514,22.82,0.0002,-2.06018e-13,-1.65973e-09,-2.06018e-13,0.0002,1.89658e-08,-1.65973e-09,1.89658e-08,0.0002,24
-0.627225,-0.514211,1.56561,-0.627006,-0.515589,1.56586,-0.00632522,0.0109886,-0.00538884,22.7646,0.0002,-1.58743e-13,-1.02651e-09,-1.58743e-13,0.0002,1.89448e-08,-1.02651e-09,1.89448e-08,0.0002,24
-0.627174,-0.514506,1.56563,-0.627181,-0.515684,1.56571,-0.00627387,0.0106939,-0.00436934,22.7481,0.0002,-1.166e-13,-6.21672e-10,-1.166e-13,0.0002,1.89314e-08,-6.21672e-10,1.89314e-08,0.0002,24
-0.627056,-0.514807,1.56581,-0.626796,-0.516008,1.56652,-0.00625573,0.0103933,-0.00419082,22.7252,0.0002,-8.20041e-14,-3.62709e-10,-8.20041e-14,0.0002,1.89228e-08,-3.62709e-10,1.89228e-08,0.0002,24
-0.626944,-0.515134,1.56605,-0.626709,-0.516442,1.56701,-0.00614377,0.010066,-0.00395161,22.7023,0.0002,-5.51234e-14,-1.98187e-10,-5.51234e-14,0.0002,1.89173e-08,-1.98187e-10,1.89173e-08,0.0002,24
-0.62686,-0.51538,1.56609,-0.626682,-0.516309,1.56657,-0.00615961,0.00982028,-0.00391027,22.7405,0.0002,1.573e-13,1.59948e-09,1.573e-13,0.0002,1.72039e-08,1.59948e-09,1.72039e-08,0.0002,24
-0.626765,-0.515587,1.56627,-0.626598,-0.516417,1.56698,-0.0060647,0.00961266,-0.0037321,22.7646,0.0002,1.36055e-13,1.0557e-09,1.36055e-13,0.0002,1.78172e-08,1.0557e-09,1.78172e-08,0.0002,24
-0.626658,-0.515705,1.56631,-0.626442,-0.516176,1.56649,-0.00605757,0.00949472,-0.00368841,22.7109,0.0002,1.11309e-13,7.06474e-10,1.11309e-13,0.0002,1.82097e-08,7.06474e-10,1.82097e-08,0.0002,24
-0.626543,-0.515871,1.56645,-0.626299,-0.516533,1.567,-0.00594336,0.00932901,-0.00355126,22.7341,0.0002,8.85462e-14,4.8267e-10,8.85462e-14,0.0002,1.84609e-08,4.8267e-10,1.84609e-08,0.0002,24
-0.626466,-0.516048,1.56658,-0.626318,-0.516704,1.56676,-0.00596633,0.00915157,-0.00342497,22.7481,0.0002,2.5373e-13,2.03238e-09,2.5373e-13,0.0002,1.69128e-08,2.03238e-09,1.69128e-08,0.0002,24
-0.626349,-0.516199,1.56667,-0.626147,-0.516852,1.56737,-0.00584916,0.00900129,-0.00332869,22.7328,0.0002,6.14832e-15,-3.64366e-10,6.14832e-15,0.0002,1.93399e-08,-3.64366e-10,1.93399e-08,0.0002,24
-0.626223,-0.516393,1.56694,-0.625879,-0.517118,1.5677,-0.00582325,0.00880677,-0.00305923,22.7634,0.0002,1.97266e-13,1.48914e-09,1.97266e-13,0.0002,1.74757e-08,1.48914e-09,1.74757e-08,0.0002,24
-0.626178,-0.516471,1.56685,-0.626208,-0.516886,1.5665,-0.00577756,0.00872932,-0.00314809,22.7252,0.0002,-2.43438e-13,-2.42407e-09,-2.43438e-13,0.0002,1.80043e-08,-2.42407e-09,1.80043e-08,0.0002,24
-0.626035,-0.516543,1.56687,-0.625728,-0.516781,1.56728,-0.00573451,0.00865651,-0.00312682,22.7099,0.0002,8.10628e-15,1.84512e-10,8.10628e-15,0.0002,2.00243e-08,1.84512e-10,2.00243e-08,0.0002,24
-0.625966,-0.516583,1.56706,-0.625854,-0.516794,1.56747,-0.00566637,0.00861696,-0.00294476,22.7557,0.0002,-1.90632e-13,-1.56397e-09,-1.90632e-13,0.0002,1.79272e-08,-1.56397e-09,1.79272e-08,0.0002,24
-0.62595,-0.516601,1.56704,-0.62599,-0.516566,1.56696,-0.00574997,0.00859902,-0.00296432,22.7099,0.0002,2.03303e-13,2.41516e-09,2.03303e-13,0.0002,1.4864e-08,2.41516e-09,1.4864e-08,0.0002,24
-0.625864,-0.516644,1.56721,-0.625786,-0.516868,1.56758,-0.00566405,0.00855602,-0.00379158,22.6718,0.0002,4.88886e-16,-1.24661e-10,4.88886e-16,0.0002,1.80277e-08,-1.24661e-10,1.80277e-08,0.0002,24
-0.625806,-0.516752,1.56722,-0.625735,-0.51713,1.56756,-0.00570635,0.008448,-0.00378495,22.7786,0.0002,1.86623e-13,1.64062e-09,1.86623e-13,0.0002,1.66365e-08,1.64062e-09,1.66365e-08,0.0002,24
-0.625678,-0.516819,1.56736,-0.625378,-0.517084,1.56795,-0.00557816,0.0083815,-0.00363704,22.7405,0.0002,1.55159e-13,1.07438e-09,1.55159e-13,0.0002,1.74541e-08,1.07438e-09,1.74541e-08,0.0002,24
-0.625594,-0.516907,1.56744,-0.625471,-0.517261,1.56773,-0.00549426,0.00829291,-0.00356335,22.7481,0.0002,1.23172e-13,7.1097e-10,1.23172e-13,0.0002,1.79774e-08,7.1097e-10,1.79774e-08,0.0002,24
-0.625548,-0.51692,1.5676,-0.625524,-0.517022,1.56796,-0.00554833,0.0082805,-0.00339571,22.7252,0.0002,-9.6185e-14,-1.22992e-09,-9.6185e-14,0.0002,1.66162e-08,-1.22992e-09,1.66162e-08,0.0002,24
-0.625525,-0.516953,1.56756,-0.625642,-0.517086,1.5674,-0.00562459,0.00824697,-0.00343704,22.7328,0.0002,-8.37694e-14,-7.65421e-10,-8.37694e-14,0.0002,1.74411e-08,-7.65421e-10,1.74411e-08,0.0002,24
-0.625479,-0.516978,1.56763,-0.625507,-0.51708,1.56789,-0.00557862,0.0082215,-0.00337184,22.7328,0.0002,-6.60641e-14,-4.67861e-10,-6.60641e-14,0.0002,1.7969e-08,-4.67861e-10,1.7969e-08,0.0002,24
-0.625418,-0.516983,1.56768,-0.625388,-0.517,1.56789,-0.00561796,0.00821699,-0.00332033,22.7557,0.0002,-4.87612e-14,-2.77866e-10,-4.87612e-14,0.0002,1.83069e-08,-2.77866e-10,1.83069e-08,0.0002,24
-0.625365,-0.517023,1.5676,-0.625313,-0.517131,1.56758,-0.00556504,0.00817669,-0.00340295,22.7481,0.0002,1.55037e-13,1.54017e-09,1.55037e-13,0.0002,1.68161e-08,1.54017e-09,1.68161e-08,0.0002,24
-0.625292,-0.517044,1.56764,-0.625211,-0.517126,1.56783,-0.00559168,0.00815612,-0.00335646,22.771,0.0002,1.32505e-13,1.00749e-09,1.32505e-13,0.0002,1.7569e-08,1.00749e-09,1.7569e-08,0.0002,24
-0.625234,-0.517006,1.56767,-0.625217,-0.516854,1.56779,-0.00553429,0.00819401,-0.00332816,22.7328,0.0002,1.07085e-13,6.66251e-10,1.07085e-13,0.0002,1.80509e-08,6.66251e-10,1.80509e-08,0.0002,24
-0.625188,-0.516967,1.5676,-0.625165,-0.516861,1.56764,-0.00548848,0.00823349,-0.00339876,22.7405,0.0002,-1.07617e-13,-1.25893e-09,-1.07617e-13,0.0002,1.66631e-08,-1.25893e-09,1.66631e-08,0.0002,24
-0.625153,-0.516955,1.56762,-0.625222,-0.516909,1.56768,-0.00555264,0.00824496,-0.00338342,22.7405,0.0002,-9.16312e-14,-7.83968e-10,-9.16312e-14,0.0002,1.74711e-08,-7.83968e-10,1.74711e-08,0.0002,24
-0.625088,-0.517012,1.56772,-0.625042,-0.517241,1.56814,-0.00548788,0.0081877,-0.00327894,22.7252,0.0002,-7.14885e-14,-4.80095e-10,-7.14885e-14,0.0002,1.79883e-08,-4.80095e-10,1.79883e-08,0.0002,24
-0.624994,-0.517015,1.56776,-0.624829,-0.517027,1.56794,-0.00549362,0.00818463,-0.00223525,22.771,0.0002,-5.25396e-14,-2.86328e-10,-5.25396e-14,0.0002,1.83193e-08,-2.86328e-10,1.83193e-08,0.0002,24
-0.62492,-0.516936,1.56779,-0.624838,-0.516616,1.56788,-0.00541987,0.00826443,-0.00221125,22.7252,0.0002,-3.66159e-14,-1.62615e-10,-3.66159e-14,0.0002,1.85311e-08,-1.62615e-10,1.85311e-08,0.0002,24
-0.624881,-0.516911,1.56777,-0.624939,-0.516814,1.56771,-0.00548121,0.00828853,-0.00222635,22.6947,0.0002,-2.40324e-14,-8.36017e-11,-2.40324e-14,0.0002,1.86666e-08,-8.36017e-11,1.86666e-08,0.0002,24
-0.624851,-0.516948,1.56772,-0.62489,-0.517039,1.56781,-0.00545117,0.00825227,-0.00228303,22.7176,0.0002,1.75762e-13,1.66402e-09,1.75762e-13,0.0002,1.70464e-08,1.66402e-09,1.70464e-08,0.0002,24
-0.624859,-0.516846,1.56764,-0.625103,-0.516437,1.56734,-0.00555894,0.00835437,-0.00235817,22.7099,0.0002,1.47973e-13,1.08593e-09,1.47973e-13,0.0002,1.77165e-08,1.08593e-09,1.77165e-08,0.0002,24
-0.624793,-0.516805,1.56768,-0.624688,-0.516589,1.56749,-0.00549286,0.00839502,-0.00332497,22.771,0.0002,2.93379e-13,2.41238e-09,2.93379e-13,0.0002,1.64384e-08,2.41238e-09,1.64384e-08,0.0002,24
-0.624725,-0.5168,1.56766,-0.624668,-0.516782,1.56762,-0.00552544,0.00839954,-0.0033367,22.7405,0.0002,2.38841e-13,1.56517e-09,2.38841e-13,0.0002,1.73273e-08,1.56517e-09,1.73273e-08,0.0002,24
-0.624666,-0.516755,1.5677,-0.62459,-0.516626,1.56754,-0.00546633,0.0084449,-0.00329801,22.7328,0.0002,-6.68464e-15,-6.84389e-10,-6.68464e-15,0.0002,1.61997e-08,-6.84389e-10,1.61997e-08,0.0002,24
-0.624626,-0.516737,1.56768,-0.624679,-0.516663,1.56759,-0.00552623,0.00846317,-0.00331998,22.771,0.0002,-1.57933e-14,-4.16947e-10,-1.57933e-14,0.0002,1.71746e-08,-4.16947e-10,1.71746e-08,0.0002,24
-0.62461,-0.516738,1.56758,-0.624705,-0.51669,1.56749,-0.00551018,0.00836178,-0.0034224,22.7557,0.0002,1.66048e-13,1.45116e-09,1.66048e-13,0.0002,1.60914e-08,1.45116e-09,1.60914e-08,0.0002,24
-0.624515,-0.516725,1.56765,-0.624402,-0.516726,1.56764,-0.00551531,0.00847466,-0.00334635,22.7557,0.0002,-6.05793e-14,-7.46237e-10,-6.05793e-14,0.0002,1.88122e-08,-7.46237e-10,1.88122e-08,0.0002,24
-0.624443,-0.516713,1.56765,-0.624311,-0.51661,1.56795,-0.00544267,0.00848696,-0.00335039,22.7405,0.0002,1.45685e-13,1.24054e-09,1.45685e-13,0.0002,1.71394e-08,1.24054e-09,1.71394e-08,0.0002,24
-0.62437,-0.51662,1.56764,-0.624293,-0.516246,1.56758,-0.00547009,0.00858014,-0.00336375,22.7252,0.0002,1.20316e-13,8.15367e-10,1.20316e-13,0.0002,1.7776e-08,8.15367e-10,1.7776e-08,0.0002,24
-0.624328,-0.516566,1.5677,-0.624371,-0.516352,1.56797,-0.00542782,0.00863352,-0.00329778,22.9154,0.0002,9.54582e-14,5.43345e-10,9.54582e-14,0.0002,1.81834e-08,5.43345e-10,1.81834e-08,0.0002,25
-0.624331,-0.516513,1.56763,-0.624557,-0.516299,1.56733,-0.00553115,0.00868697,-0.00337177,22.9154,0.0002,7.41173e-14,3.68802e-10,7.41173e-14,0.0002,1.84441e-08,3.68802e-10,1.84441e-08,0.0002,25
-0.624308,-0.516513,1.56759,-0.624429,-0.516514,1.56744,-0.00550814,0.0086866,-0.00340921,22.9462,0.0002,5.71295e-14,2.57598e-10,5.71295e-14,0.0002,1.8611e-08,2.57598e-10,1.8611e-08,0.0002,25
-0.62429,-0.516514,1.56757,-0.624432,-0.516515,1.56749,-0.0055904,0.00868623,-0.00342864,22.7481,0.0002,4.41528e-14,1.86682e-10,4.41528e-14,0.0002,1.87178e-08,1.86682e-10,1.87178e-08,0.0002,24
-0.624282,-0.516466,1.56754,-0.624303,-0.516222,1.5671,-0.00558226,0.00873385,-0.00346019,22.6947,0.0002,1.81e-13,1.82652e-09,1.81e-13,0.0002,1.36757e-08,1.82652e-09,1.36757e-08,0.0002,24
-0.624215,-0.516405,1.56751,-0.624161,-0.516162,1.56738,-0.00561538,0.00879463,-0.00349278,22.8692,0.0002,1.57531e-13,1.19114e-09,1.57531e-13,0.0002,1.55592e-08,1.19114e-09,1.55592e-08,0.0002,25
-0.624163,-0.516317,1.56745,-0.624165,-0.515965,1.56723,-0.00556276,0.00888256,-0.00354724,22.9462,0.0002,1.27847e-13,7.84716e-10,1.27847e-13,0.0002,1.67646e-08,7.84716e-10,1.67646e-08,0.0002,25
-0.624088,-0.516291,1.5675,-0.624,-0.516184,1.56766,-0.00558773,0.00890913,-0.00350485,22.9077,0.0002,1.00139e-13,5.24977e-10,1.00139e-13,0.0002,1.75361e-08,5.24977e-10,1.75361e-08,0.0002,25
-0.624132,-0.516243,1.56731,-0.624467,-0.515999,1.56691,-0.00563163,0.00895666,-0.00368521,22.7023,0.0002,2.54745e-13,2.05493e-09,2.54745e-13,0.0002,1.63224e-08,2.05493e-09,1.63224e-08,0.0002,24
-0.624043,-0.516187,1.56732,-0.6239,-0.515959,1.56735,-0.00564281,0.00901337,-0.00367829,22.8015,0.0002,2.07294e-13,1.33885e-09,2.07294e-13,0.0002,1.72531e-08,1.33885e-09,1.72531e-08,0.0002,24
-0.623958,-0.516139,1.56735,-0.623833,-0.515947,1.56745,-0.0055583,0.00906109,-0.00365188,22.9385,0.0002,1.61887e-13,8.80517e-10,1.61887e-13,0.0002,1.78487e-08,8.80517e-10,1.78487e-08,0.0002,25
-0.623951,-0.51609,1.56724,-0.624137,-0.515895,1.56681,-0.00565142,0.00910963,-0.00375994,22.9462,0.0002,1.23542e-13,5.87002e-10,1.23542e-13,0.0002,1.82299e-08,5.87002e-10,1.82299e-08,0.0002,25
-0.623914,-0.516031,1.56731,-0.623924,-0.515846,1.56728,-0.00561405,0.0091691,-0.0036886,22.9231,0.0002,-9.92239e-14,-1.30825e-09,-9.92239e-14,0.0002,1.67781e-08,-1.30825e-09,1.67781e-08,0.0002,25
-0.623881,-0.516002,1.56733,-0.623959,-0.515885,1.56738,-0.00568055,0.00919815,-0.00367457,23.1008,0.0002,-8.69345e-14,-8.13562e-10,-8.69345e-14,0.0002,1.75447e-08,-8.13562e-10,1.75447e-08,0.0002,26
-0.62384,-0.515953,1.56735,-0.623889,-0.515758,1.56743,-0.00563978,0.00924669,-0.0036542,23.1085,0.0002,-6.8792e-14,-4.97054e-10,-6.8792e-14,0.0002,1.80354e-08,-4.97054e-10,1.80354e-08,0.0002,26
-0.623819,-0.515922,1.56732,-0.623948,-0.515795,1.56724,-0.00571884,0.00927817,-0.00367501,23.9845,0.0002,-5.08187e-14,-2.94628e-10,-5.08187e-14,0.0002,1.83494e-08,-2.94628e-10,1.83494e-08,0.0002,26
-0.623759,-0.515901,1.5674,-0.623733,-0.515817,1.56768,-0.00565921,0.00929902,-0.00360454,23.9845,0.0002,-3.53024e-14,-1.64933e-10,-3.53024e-14,0.0002,1.85503e-08,-1.64933e-10,1.85503e-08,0.0002,26
-0.623725,-0.515887,1.56737,-0.623801,-0.515829,1.56728,-0.00572498,0.00931336,-0.00362671,23.938,0.0002,-2.29046e-14,-8.24082e-11,-2.29046e-14,0.0002,1.8679e-08,-8.24082e-11,1.8679e-08,0.0002,26
-0.623736,-0.515911,1.56725,-0.623941,-0.515953,1.56705,-0.00573623,0.00928932,-0.00375409,23.9767,0.0002,1.76809e-13,1.66682e-09,1.76809e-13,0.0002,1.70536e-08,1.66682e-09,1.70536e-08,0.0002,26
-0.623745,-0.515852,1.56724,-0.623992,-0.515614,1.5672,-0.00584493,0.00934846,-0.00376341,23.969,0.0002,1.49066e-13,1.09093e-09,1.49066e-13,0.0002,1.77211e-08,1.09093e-09,1.77211e-08,0.0002,26
-0.623758,-0.515818,1.56734,-0.623915,-0.515685,1.56714,-0.00585768,0.00938161,-0.00365618,23.9457,0.0002,1.02218e-13,7.09773e-10,1.02218e-13,0.0002,1.47449e-08,7.09773e-10,1.47449e-08,0.0002,26
-0.623687,-0.515796,1.56732,-0.623671,-0.515761,1.56755,-0.00588714,0.00940357,-0.00367898,23.7846,0.0002,-1.11483e-13,-1.21738e-09,-1.11483e-13,0.0002,1.79511e-08,-1.21738e-09,1.79511e-08,0.0002,25
-0.623644,-0.515781,1.56736,-0.623579,-0.51572,1.56752,-0.00584426,0.00941888,-0.00363958,23.8077,0.0002,-7.64056e-14,-7.67295e-10,-7.64056e-14,0.0002,1.48921e-08,-7.67295e-10,1.48921e-08,0.0002,25
-0.623583,-0.515762,1.56734,-0.623604,-0.51574,1.56756,-0.00588304,0.00943758,-0.00366304,23.9767,0.0002,-2.68464e-13,-2.16284e-09,-2.68464e-13,0.0002,1.80454e-08,-2.16284e-09,1.80454e-08,0.0002,26
-0.623564,-0.515737,1.56728,-0.623702,-0.515637,1.56704,-0.00586439,0.00946256,-0.00372175,23.969,0.0002,-2.1083e-13,-1.36067e-09,-2.1083e-13,0.0002,1.83558e-08,-1.36067e-09,1.83558e-08,0.0002,26
-0.623569,-0.5157,1.56732,-0.623744,-0.515495,1.56717,-0.00586852,0.00950032,-0.00368062,23.9457,0.0002,3.87912e-14,8.4841e-10,3.87912e-14,0.0002,1.68469e-08,8.4841e-10,1.68469e-08,0.0002,26
-0.623569,-0.515672,1.56718,-0.62373,-0.515506,1.56695,-0.00596885,0.00952831,-0.00381752,23.7462,0.0002,2.14918e-13,2.26282e-09,2.14918e-13,0.0002,1.5881e-08,2.26282e-09,1.5881e-08,0.0002,25
-0.623501,-0.515624,1.56712,-0.623443,-0.515432,1.56688,-0.00590113,0.00957606,-0.00387802,23.8,0.0002,1.86578e-13,1.47281e-09,1.86578e-13,0.0002,1.69706e-08,1.47281e-09,1.69706e-08,0.0002,25
-0.623485,-0.515563,1.56701,-0.623634,-0.515319,1.56658,-0.00598512,0.00963682,-0.00398716,23.7769,0.0002,1.51618e-13,9.67606e-10,1.51618e-13,0.0002,1.76679e-08,9.67606e-10,1.76679e-08,0.0002,25
-0.623445,-0.515554,1.56695,-0.623443,-0.515571,1.56704,-0.00594479,0.00964583,-0.00404525,23.7769,0.0002,-7.21762e-14,-1.0627e-09,-7.21762e-14,0.0002,1.64191e-08,-1.0627e-09,1.64191e-08,0.0002,25
-0.623457,-0.515496,1.56698,-0.623664,-0.515318,1.56679,-0.00605675,0.00970366,-0.00401525,23.7231,0.0002,-2.32534e-13,-2.3626e-09,-2.32534e-13,0.0002,1.56197e-08,-2.3626e-09,1.56197e-08,0.0002,25
-0.623388,-0.515484,1.56702,-0.623324,-0.515436,1.56716,-0.00598774,0.00971557,-0.00397922,23.7769,0.0002,-1.94609e-13,-1.48612e-09,-1.94609e-13,0.0002,1.68033e-08,-1.48612e-09,1.68033e-08,0.0002,25
-0.623328,-0.51544,1.56693,-0.623247,-0.515209,1.56686,-0.00602772,0.00975983,-0.00407411,23.9535,0.0002,3.54906e-14,7.70245e-10,3.54906e-14,0.0002,1.58526e-08,7.70245e-10,1.58526e-08,0.0002,26
-0.62323,-0.515389,1.56698,-0.623103,-0.515236,1.56686,-0.00592952,0.00981105,-0.00402392,24.0078,0.0002,-1.6043e-13,-1.17647e-09,-1.6043e-13,0.0002,1.86605e-08,-1.17647e-09,1.86605e-08,0.0002,26
-0.623174,-0.515364,1.56687,-0.623112,-0.515212,1.56679,-0.00597407,0.00983578,-0.00412515,23.9845,0.0002,7.59031e-14,9.6865e-10,7.59031e-14,0.0002,1.70412e-08,9.6865e-10,1.70412e-08,0.0002,26
-0.623108,-0.515391,1.567,-0.623003,-0.515551,1.5672,-0.00590784,0.00980899,-0.00399628,23.9612,0.0002,-1.15893e-13,-1.06213e-09,-1.15893e-13,0.0002,1.60179e-08,-1.06213e-09,1.60179e-08,0.0002,26
-0.623078,-0.515405,1.56696,-0.623117,-0.515409,1.56711,-0.00587781,0.00979467,-0.00403827,23.9535,0.0002,8.52036e-14,1.04168e-09,8.52036e-14,0.0002,1.53499e-08,1.04168e-09,1.53499e-08,0.0002,26
-0.623103,-0.515398,1.56685,-0.623415,-0.515369,1.56642,-0.00600268,0.00980175,-0.0041472,23.969,0.0002,7.89722e-14,6.92779e-10,7.89722e-14,0.0002,1.66307e-08,6.92779e-10,1.66307e-08,0.0002,26
-0.62304,-0.515366,1.5669,-0.622949,-0.515292,1.56678,-0.00593992,0.00983354,-0.00409832,24.0155,0.0002,-1.14388e-13,-1.23858e-09,-1.14388e-13,0.0002,1.57553e-08,-1.23858e-09,1.57553e-08,0.0002,26
-0.622985,-0.515328,1.56684,-0.62298,-0.515176,1.56658,-0.00598538,0.00987151,-0.00416335,24.0078,0.0002,-9.56873e-14,-7.6618e-10,-9.56873e-14,0.0002,1.68901e-08,-7.6618e-10,1.68901e-08,0.0002,26
-0.622901,-0.515349,1.56689,-0.622777,-0.515431,1.56711,-0.0059011,0.0098509,-0.00410924,24,0.0002,-7.3402e-14,-4.63402e-10,-7.3402e-14,0.0002,1.76164e-08,-4.63402e-10,1.76164e-08,0.0002,26
-0.62286,-0.515383,1.56696,-0.622907,-0.515516,1.56724,-0.0059598,0.00981727,-0.00404009,23.9612,0.0002,-5.2891e-14,-2.69993e-10,-5.2891e-14,0.0002,1.80812e-08,-2.69993e-10,1.80812e-08,0.0002,26
-0.622825,-0.515423,1.56703,-0.622793,-0.515479,1.56733,-0.00592526,0.00977669,-0.00396533,23.9147,0.0002,3.00264e-13,3.24363e-09,3.00264e-13,0.0002,1.49623e-08,3.24363e-09,1.49623e-08,0.0002,26
-0.62281,-0.515369,1.56694,-0.622907,-0.515203,1.56687,-0.00600972,0.00983127,-0.00406225,23.9612,0.0002,7.48274e-14,3.93847e-10,7.48274e-14,0.0002,1.46875e-08,3.93847e-10,1.46875e-08,0.0002,26
-0.622734,-0.515383,1.56698,-0.622696,-0.515387,1.56682,-0.00593379,0.00981684,-0.00402198,23.9457,0.0002,2.62686e-13,1.9859e-09,2.62686e-13,0.0002,1.7902e-08,1.9859e-09,1.7902e-08,0.0002,26
-0.62269,-0.515322,1.56699,-0.622621,-0.515182,1.56702,-0.00588996,0.00987825,-0.00401286,23.969,0.0002,-1.52516e-13,-2.1194e-09,-1.52516e-13,0.0002,1.48736e-08,-2.1194e-09,1.48736e-08,0.0002,26
-0.622655,-0.515307,1.56693,-0.622673,-0.515193,1.56703,-0.00595469,0.00989322,-0.0040686,23.9612,0.0002,3.82887e-14,3.65122e-10,3.82887e-14,0.0002,1.46175e-08,3.65122e-10,1.46175e-08,0.0002,26
-0.622589,-0.515279,1.56695,-0.622537,-0.515165,1.56702,-0.0058886,0.00992144,-0.00405027,23.9457,0.0002,3.50006e-14,2.59985e-10,3.50006e-14,0.0002,1.6162e-08,2.59985e-10,1.6162e-08,0.0002,26
-0.62261,-0.515234,1.5669,-0.622907,-0.515055,1.56672,-0.00600969,0.00996592,-0.00409543,24.0155,0.0002,3.06284e-14,1.92574e-10,3.06284e-14,0.0002,1.71504e-08,1.92574e-10,1.71504e-08,0.0002,26
-0.622519,-0.515216,1.56691,-0.622367,-0.515141,1.56695,-0.00591861,0.00998435,-0.00408569,23.938,0.0002,2.6508e-14,1.49737e-10,2.6508e-14,0.0002,1.7783e-08,1.49737e-10,1.7783e-08,0.0002,26
-0.622461,-0.515207,1.56691,-0.622335,-0.515068,1.56688,-0.00596078,0.00999258,-0.0040924,23.938,0.0002,3.48925e-13,3.51241e-09,3.48925e-13,0.0002,1.47713e-08,3.51241e-09,1.47713e-08,0.0002,26
-0.622447,-0.515217,1.56681,-0.622603,-0.515253,1.56641,-0.0059466,0.00998339,-0.00419173,23.9535,0.0002,2.99986e-13,2.27441e-09,2.99986e-13,0.0002,1.62603e-08,2.27441e-09,1.62603e-08,0.0002,26
-0.622439,-0.515214,1.56686,-0.622568,-0.515257,1.56674,-0.00593885,0.00998588,-0.00414173,23.9767,0.0002,5.06201e-14,-2.26105e-10,5.06201e-14,0.0002,1.55183e-08,-2.26105e-10,1.55183e-08,0.0002,26
-0.622401,-0.515221,1.56678,-0.62241,-0.515303,1.5668,-0.0060012,0.00997861,-0.00421656,23.9302,0.0002,-1.36633e-13,-1.82588e-09,-1.36633e-13,0.0002,1.50436e-08,-1.82588e-09,1.50436e-08,0.0002,26
-0.62238,-0.515193,1.56671,-0.622454,-0.515028,1.56675,-0.00597995,0.0100066,-0.00328742,24,0.0002,5.39913e-14,5.5401e-10,5.39913e-14,0.0002,1.4726e-08,5.5401e-10,1.4726e-08,0.0002,26
-0.622308,-0.515198,1.56671,-0.622234,-0.515214,1.5667,-0.00600827,0.0100022,-0.00328929,23.9922,0.0002,4.91764e-14,3.82363e-10,4.91764e-14,0.0002,1.62314e-08,3.82363e-10,1.62314e-08,0.0002,26
-0.622304,-0.515153,1.56672,-0.622449,-0.515026,1.56643,-0.00600447,0.010047,-0.00328203,23.9457,0.0002,-1.34507e-13,-1.43652e-09,-1.34507e-13,0.0002,1.54999e-08,-1.43652e-09,1.54999e-08,0.0002,26
-0.622235,-0.515131,1.56671,-0.622168,-0.515045,1.5667,-0.00603468,0.0100685,-0.00328612,24.031,0.0002,-1.12705e-13,-8.91611e-10,-1.12705e-13,0.0002,1.67267e-08,-8.91611e-10,1.67267e-08,0.0002,26
-0.622193,-0.515169,1.56676,-0.622186,-0.515263,1.56665,-0.00599312,0.0100314,-0.00423593,23.969,0.0002,9.50126e-14,1.15149e-09,9.50126e-14,0.0002,1.58033e-08,1.15149e-09,1.58033e-08,0.0002,26
-0.622153,-0.515163,1.56678,-0.622203,-0.515141,1.56682,-0.00605258,0.0100367,-0.00422414,23.9845,0.0002,8.74578e-14,7.64399e-10,8.74578e-14,0.0002,1.69208e-08,7.64399e-10,1.69208e-08,0.0002,26
-0.622155,-0.515145,1.56672,-0.622379,-0.51507,1.56649,-0.0060553,0.0100551,-0.00428138,24.0155,0.0002,7.43708e-14,5.16581e-10,7.43708e-14,0.0002,1.76361e-08,5.16581e-10,1.76361e-08,0.0002,26
-0.622101,-0.51514,1.56662,-0.622043,-0.515065,1.56655,-0.00610091,0.0100603,-0.00437826,23.7692,0.0002,2.39252e-13,2.05352e-09,2.39252e-13,0.0002,1.63851e-08,2.05352e-09,1.63851e-08,0.0002,26
-0.622033,-0.515108,1.56666,-0.621921,-0.515033,1.56647,-0.00603301,0.0100921,-0.00434455,23.7615,0.0002,7.9317e-15,-3.66525e-10,7.9317e-15,0.0002,1.55985e-08,-3.66525e-10,1.55985e-08,0.0002,26
-0.622055,-0.515054,1.56654,-0.622247,-0.514836,1.56608,-0.00615454,0.0101465,-0.00445868,23.7769,0.0002,4.00239e-15,-2.20483e-10,4.00239e-15,0.0002,1.33864e-08,-2.20483e-10,1.33864e-08,0.0002,26
-0.622049,-0.514993,1.5665,-0.622238,-0.514749,1.56634,-0.00614861,0.0102072,-0.00449853,23.7769,0.0002,6.9157e-16,-1.12146e-10,6.9157e-16,0.0002,1.5374e-08,-1.12146e-10,1.5374e-08,0.0002,26
-0.622027,-0.514955,1.56647,-0.622155,-0.514802,1.56632,-0.00622727,0.0102451,-0.00453424,23.7538,0.0002,1.31282e-15,-4.25396e-11,1.31282e-15,0.0002,1.66461e-08,-4.25396e-11,1.66461e-08,0.0002,26
-0.621999,-0.514949,1.56645,-0.6221,-0.514927,1.5664,-0.00619936,0.0102505,-0.00454791,23.7923,0.0002,3.3642e-15,2.25176e-12,3.3642e-15,0.0002,1.74602e-08,2.25176e-12,1.74602e-08,0.0002,26
-0.621941,-0.514928,1.56637,-0.621867,-0.514788,1.56637,-0.00624093,0.010272,-0.00362735,23.7538,0.0002,1.86307e-13,1.7257e-09,1.86307e-13,0.0002,1.6272e-08,1.7257e-09,1.6272e-08,0.0002,26
-0.621852,-0.514903,1.56648,-0.621654,-0.514854,1.56658,-0.00615153,0.0102973,-0.00352315,23.8,0.0002,-2.92155e-14,-5.75052e-10,-2.92155e-14,0.0002,1.55265e-08,-5.75052e-10,1.55265e-08,0.0002,26
-0.621814,-0.514891,1.56635,-0.621822,-0.51479,1.56617,-0.00621385,0.0103089,-0.00364722,23.8,0.0002,1.43672e-13,1.3561e-09,1.43672e-13,0.0002,1.50345e-08,1.3561e-09,1.50345e-08,0.0002,26
-0.621799,-0.514834,1.56632,-0.621951,-0.514603,1.5662,-0.00619864,0.0103664,-0.00367801,23.7769,0.0002,1.23541e-13,8.98152e-10,1.23541e-13,0.0002,1.64288e-08,8.98152e-10,1.64288e-08,0.0002,26
-0.621729,-0.514854,1.56634,-0.621664,-0.514936,1.56643,-0.00622911,0.0103458,-0.0036563,23.7846,0.0002,1.0065e-13,6.05273e-10,1.0065e-13,0.0002,1.73212e-08,6.05273e-10,1.73212e-08,0.0002,26
-0.621642,-0.514826,1.56622,-0.621455,-0.514764,1.56605,-0.00614224,0.0103743,-0.00377951,23.8615,0.0002,-1.06386e-13,-1.29117e-09,-1.06386e-13,0.0002,1.61983e-08,-1.29117e-09,1.61983e-08,0.0002,26
-0.621601,-0.514832,1.5662,-0.621704,-0.514803,1.56581,-0.0062014,0.0103679,-0.00379838,23.7769,0.0002,1.1196e-13,9.13589e-10,1.1196e-13,0.0002,1.88676e-08,9.13589e-10,1.88676e-08,0.0002,26
-0.621573,-0.514859,1.56609,-0.621512,-0.514915,1.56594,-0.00617302,0.0103407,-0.00391454,23.7846,0.0002,2.23809e-13,2.29433e-09,2.23809e-13,0.0002,1.3769e-08,2.29433e-09,1.3769e-08,0.0002,26
-0.621452,-0.514853,1.56621,-0.621179,-0.514935,1.5667,-0.00605159,0.0103467,-0.00379256,23.8308,0.0002,-1.531e-13,-1.90292e-09,-1.531e-13,0.0002,1.56349e-08,-1.90292e-09,1.56349e-08,0.0002,26
-0.621423,-0.514861,1.56627,-0.621469,-0.514839,1.56622,-0.00612323,0.0103388,-0.00372722,23.8,0.0002,4.74587e-14,5.06832e-10,4.74587e-14,0.0002,1.51037e-08,5.06832e-10,1.51037e-08,0.0002,26
-0.621398,-0.514875,1.56627,-0.621508,-0.514931,1.56625,-0.00609766,0.0103247,-0.00373267,23.8,0.0002,4.42722e-14,3.55163e-10,4.42722e-14,0.0002,1.64731e-08,3.55163e-10,1.64731e-08,0.0002,26
-0.62135,-0.51485,1.56622,-0.621373,-0.51475,1.56604,-0.0061501,0.0103496,-0.00377731,23.7692,0.0002,3.90021e-14,2.58132e-10,3.90021e-14,0.0002,1.73495e-08,2.58132e-10,1.73495e-08,0.0002,25
-0.621303,-0.514806,1.56609,-0.621277,-0.514679,1.56588,-0.00610345,0.0103944,-0.00390943,23.7846,0.0002,-1.50356e-13,-1.51272e-09,-1.50356e-13,0.0002,1.62166e-08,-1.51272e-09,1.62166e-08,0.0002,25
-0.621293,-0.514755,1.56601,-0.621356,-0.51455,1.56571,-0.00619264,0.0104454,-0.00398514,23.8077,0.0002,-1.03842e-13,-9.52125e-10,-1.03842e-13,0.0002,1.3782e-08,-9.52125e-10,1.3782e-08,0.0002,25
-0.621243,-0.514765,1.56603,-0.621258,-0.514808,1.5661,-0.00614311,0.0104345,-0.00396868,23.7923,0.0002,-8.36222e-14,-5.76813e-10,-8.36222e-14,0.0002,1.56272e-08,-5.76813e-10,1.56272e-08,0.0002,25
-0.621261,-0.514721,1.56596,-0.621547,-0.514542,1.56568,-0.00626136,0.010479,-0.00403898,23.8308,0.0002,-6.18155e-14,-3.36726e-10,-6.18155e-14,0.0002,1.68081e-08,-3.36726e-10,1.68081e-08,0.0002,25
-0.621282,-0.514679,1.56581,-0.621524,-0.514562,1.56555,-0.0062819,0.0105213,-0.00418516,23.7846,0.0002,-2.18513e-13,-1.89209e-09,-2.18513e-13,0.0002,1.58706e-08,-1.89209e-09,1.58706e-08,0.0002,25
-0.621218,-0.514654,1.56585,-0.621121,-0.514501,1.56568,-0.00631786,0.010546,-0.00414787,23.8077,0.0002,7.8726e-15,5.15763e-10,7.8726e-15,0.0002,1.52539e-08,5.15763e-10,1.52539e-08,0.0002,26
-0.621132,-0.514638,1.56588,-0.621,-0.514681,1.56601,-0.00623168,0.0105617,-0.00411573,23.8077,0.0002,-3.50985e-13,-3.03961e-09,-3.50985e-13,0.0002,1.6586e-08,-3.03961e-09,1.6586e-08,0.0002,26
-0.62108,-0.514656,1.5659,-0.620977,-0.514621,1.56596,-0.0062796,0.0105439,-0.00410086,23.8077,0.0002,7.22033e-14,1.47472e-09,7.22033e-14,0.0002,1.40017e-08,1.47472e-09,1.40017e-08,0.0002,26
-0.620991,-0.514651,1.56591,-0.620852,-0.514628,1.56596,-0.00619148,0.0105492,-0.00408821,23.8077,0.0002,8.12468e-14,9.77154e-10,8.12468e-14,0.0002,1.57678e-08,9.77154e-10,1.57678e-08,0.0002,26
-0.620992,-0.514606,1.56585,-0.621205,-0.514428,1.56562,-0.00629161,0.0105937,-0.00414749,23.7692,0.0002,7.57313e-14,6.58627e-10,7.57313e-14,0.0002,1.68981e-08,6.58627e-10,1.68981e-08,0.0002,26
-0.620903,-0.514604,1.56594,-0.62071,-0.514647,1.56598,-0.00620338,0.0105961,-0.00405879,23.8154,0.0002,-1.18363e-13,-1.25532e-09,-1.18363e-13,0.0002,1.59281e-08,-1.25532e-09,1.59281e-08,0.0002,26
-0.62083,-0.514644,1.56599,-0.620695,-0.514752,1.56585,-0.00612993,0.0105557,-0.0040145,23.8154,0.0002,8.08161e-14,9.22651e-10,8.08161e-14,0.0002,1.52909e-08,9.22651e-10,1.52909e-08,0.0002,26
-0.620748,-0.514645,1.56598,-0.620633,-0.514649,1.56596,-0.00614807,0.0105546,-0.00402048,23.8846,0.0002,7.44416e-14,6.23243e-10,7.44416e-14,0.0002,1.65929e-08,6.23243e-10,1.65929e-08,0.0002,26
-0.62071,-0.51465,1.56589,-0.620719,-0.514614,1.56587,-0.00611043,0.01055,-0.00410572,23.8,0.0002,2.33773e-13,2.12555e-09,2.33773e-13,0.0002,1.57161e-08,2.12555e-09,1.57161e-08,0.0002,26
-0.620711,-0.514636,1.56578,-0.620873,-0.514633,1.56564,-0.00621092,0.0105638,-0.00421997,23.7846,0.0002,1.12654e-14,-3.15895e-10,1.12654e-14,0.0002,1.51718e-08,-3.15895e-10,1.51718e-08,0.0002,26
-0.620693,-0.514645,1.56577,-0.620834,-0.514677,1.56572,-0.00619294,0.0105554,-0.00423255,23.7923,0.0002,4.33384e-15,-1.68028e-10,4.33384e-15,0.0002,1.65167e-08,-1.68028e-10,1.65167e-08,0.0002,26
-0.620599,-0.514662,1.56584,-0.620434,-0.514731,1.56614,-0.00619869,0.010538,-0.00415806,23.8154,0.0002,3.29458e-15,-7.33075e-11,3.29458e-15,0.0002,1.73774e-08,-7.33075e-11,1.73774e-08,0.0002,26
-0.620561,-0.51466,1.56598,-0.620622,-0.514547,1.56591,-0.00616087,0.0105395,-0.00401684,23.8462,0.0002,4.0456e-13,3.38908e-09,4.0456e-13,0.0002,1.79119e-08,3.38908e-09,1.79119e-08,0.0002,26
-0.620529,-0.514661,1.56593,-0.620456,-0.514717,1.56601,-0.0062292,0.0105389,-0.00407442,23.8154,0.0002,1.05785e-13,4.7566e-10,1.05785e-13,0.0002,1.31736e-08,4.7566e-10,1.31736e-08,0.0002,26
-0.620523,-0.514652,1.56587,-0.620709,-0.514613,1.56567,-0.00622271,0.0105483,-0.00412652,23.7538,0.0002,8.14077e-14,3.37577e-10,8.14077e-14,0.0002,1.52378e-08,3.37577e-10,1.52378e-08,0.0002,26
-0.620452,-0.514669,1.56592,-0.620383,-0.514738,1.56609,-0.00625228,0.0105309,-0.00408276,23.8154,0.0002,6.27592e-14,2.49558e-10,6.27592e-14,0.0002,1.65589e-08,2.49558e-10,1.65589e-08,0.0002,26
-0.620446,-0.514647,1.56592,-0.620633,-0.51456,1.56592,-0.00624593,0.0105526,-0.00408229,23.8385,0.0002,4.89777e-14,1.92928e-10,4.89777e-14,0.0002,1.74044e-08,1.92928e-10,1.74044e-08,0.0002,26
-0.620348,-0.514652,1.56594,-0.620168,-0.514668,1.56604,-0.00624781,0.0105482,-0.00405797,23.8385,0.0002,3.90528e-14,1.56681e-10,3.90528e-14,0.0002,1.79455e-08,1.56681e-10,1.79455e-08,0.0002,26
-0.620303,-0.514637,1.56582,-0.620229,-0.514575,1.56594,-0.00620285,0.0105634,-0.0041849,23.8462,0.0002,2.74608e-14,1.17337e-10,2.74608e-14,0.0002,1.48885e-08,1.17337e-10,1.48885e-08,0.0002,26
-0.620273,-0.514642,1.56593,-0.620258,-0.514661,1.56577,-0.00617259,0.0105584,-0.00406642,23.7923,0.0002,1.97506e-14,9.15086e-11,1.97506e-14,0.0002,1.2932e-08,9.15086e-11,1.2932e-08,0.0002,26
-0.620181,-0.514659,1.56605,-0.620027,-0.514728,1.56651,-0.00618094,0.010541,-0.00395192,23.8154,0.0002,1.79268e-14,9.1665e-11,1.79268e-14,0.0002,1.50832e-08,9.1665e-11,1.50832e-08,0.0002,26
-0.620144,-0.514647,1.56604,-0.62021,-0.514599,1.56602,-0.00614412,0.0105529,-0.00395734,23.8077,0.0002,1.6877e-14,9.09858e-11,1.6877e-14,0.0002,1.64599e-08,9.09858e-11,1.64599e-08,0.0002,26
-0.62018,-0.514613,1.56595,-0.620428,-0.514369,1.5656,-0.00627966,0.0105871,-0.00504611,23.7923,0.0002,3.23738e-13,3.47776e-09,3.23738e-13,0.0002,1.39215e-08,3.47776e-09,1.39215e-08,0.0002,26
-0.620117,-0.514602,1.56587,-0.62013,-0.514608,1.56524,-0.00621652,0.0105985,-0.00512627,22.5769,0.0002,1.16831e-13,5.64618e-10,1.16831e-13,0.0002,1.74263e-08,5.64618e-10,1.74263e-08,0.0002,26
-0.620042,-0.514606,1.56593,-0.619849,-0.514622,1.56616,-0.0062417,0.0105942,-0.0050686,22.6154,0.0002,7.94053e-14,3.78109e-10,7.94053e-14,0.0002,1.45562e-08,3.78109e-10,1.45562e-08,0.0002,26
-0.619997,-0.514578,1.56584,-0.620086,-0.514412,1.56577,-0.00619741,0.010622,-0.00416452,22.6308,0.0002,2.65373e-13,1.98573e-09,2.65373e-13,0.0002,1.78159e-08,1.98573e-09,1.78159e-08,0.0002,26
-0.619924,-0.514576,1.56592,-0.61979,-0.514618,1.56595,-0.00612399,0.0106245,-0.00407782,22.6308,0.0002,1.26391e-14,-4.05886e-10,1.26391e-14,0.0002,1.65155e-08,-4.05886e-10,1.65155e-08,0.0002,26
-0.619845,-0.514593,1.56596,-0.619743,-0.514662,1.5661,-0.00614529,0.0106071,-0.00404143,22.6231,0.0002,3.70093e-15,-2.2659e-10,3.70093e-15,0.0002,1.73766e-08,-2.2659e-10,1.73766e-08,0.0002,26
-0.619757,-0.514692,1.56585,-0.619512,-0.515087,1.56605,-0.00605742,0.0105082,-0.00415082,22.4962,0.0002,2.76649e-15,-1.28013e-10,2.76649e-15,0.0002,1.45244e-08,-1.28013e-10,1.45244e-08,0.0002,25
-0.619638,-0.514696,1.56589,-0.619374,-0.514713,1.56606,-0.00603814,0.0105038,-0.0041096,22.6615,0.0002,2.62125e-15,-4.82541e-11,2.62125e-15,0.0002,1.61023e-08,-4.82541e-11,1.61023e-08,0.0002,26
-0.619556,-0.514629,1.56591,-0.619438,-0.514361,1.56598,-0.00595565,0.0105707,-0.00409248,22.6538,0.0002,4.44597e-15,2.51081e-12,4.44597e-15,0.0002,1.71122e-08,2.51081e-12,1.71122e-08,0.0002,26
-0.61947,-0.51465,1.56595,-0.61934,-0.514732,1.56611,-0.00596994,0.01055,-0.00405149,22.8217,0.0002,6.7733e-15,3.48838e-11,6.7733e-15,0.0002,1.77585e-08,3.48838e-11,1.77585e-08,0.0002,27
-0.619414,-0.514671,1.56603,-0.619401,-0.514752,1.56635,-0.00591369,0.0105293,-0.00397022,22.814,0.0002,8.95016e-15,5.53236e-11,8.95016e-15,0.0002,1.81721e-08,5.53236e-11,1.81721e-08,0.0002,27
-0.61938,-0.514652,1.566,-0.619459,-0.514578,1.56589,-0.00598016,0.0105477,-0.00399832,22.8217,0.0002,1.07205e-14,6.78518e-11,1.07205e-14,0.0002,1.84369e-08,6.78518e-11,1.84369e-08,0.0002,27
-0.61937,-0.51469,1.56601,-0.619433,-0.514732,1.56602,-0.00596955,0.0105104,-0.00399471,24.6769,0.0002,3.47998e-13,3.4631e-09,3.47998e-13,0.0002,1.51866e-08,3.4631e-09,1.51866e-08,0.0002,26
-0.619338,-0.514658,1.56603,-0.619373,-0.514583,1.5658,-0.00603829,0.0105421,-0.00397139,24.7077,0.0002,1.06864e-13,5.38758e-10,1.06864e-13,0.0002,1.48325e-08,5.38758e-10,1.48325e-08,0.0002,26
-0.619346,-0.514662,1.56591,-0.619535,-0.514731,1.56573,-0.00604573,0.0105381,-0.0040946,24.6692,0.0002,-8.48663e-14,-1.33213e-09,-8.48663e-14,0.0002,1.46061e-08,-1.33213e-09,1.46061e-08,0.0002,26
-0.619352,-0.514614,1.56584,-0.619589,-0.514422,1.56559,-0.00615179,0.0105858,-0.0041584,24.6769,0.0002,-7.8906e-14,-8.19269e-10,-7.8906e-14,0.0002,1.61546e-08,-8.19269e-10,1.61546e-08,0.0002,26
-0.619347,-0.514567,1.56572,-0.619489,-0.514325,1.56554,-0.00614746,0.0106329,-0.00428308,24.6692,0.0002,1.13714e-13,1.20304e-09,1.13714e-13,0.0002,1.54354e-08,1.20304e-09,1.54354e-08,0.0002,26
-0.61937,-0.514715,1.56574,-0.61962,-0.515251,1.56553,-0.00617015,0.0104853,-0.00425721,24.5573,0.0002,2.58761e-13,2.49715e-09,2.58761e-13,0.0002,1.49752e-08,2.49715e-09,1.49752e-08,0.0002,25
-0.619338,-0.514752,1.56572,-0.619421,-0.514901,1.56563,-0.00623778,0.0104479,-0.00428048,24.5725,0.0002,2.21549e-13,1.63257e-09,2.21549e-13,0.0002,1.63908e-08,1.63257e-09,1.63908e-08,0.0002,25
-0.619281,-0.514838,1.56566,-0.619269,-0.515181,1.56541,-0.0061814,0.0103619,-0.00434309,24.5496,0.0002,1.78686e-13,1.0794e-09,1.78686e-13,0.0002,1.72968e-08,1.0794e-09,1.72968e-08,0.0002,25
-0.619254,-0.514852,1.56569,-0.61925,-0.515014,1.5658,-0.00625382,0.010348,-0.0043137,24.5115,0.0002,-2.01673e-13,-2.69504e-09,-2.01673e-13,0.0002,1.44908e-08,-2.69504e-09,1.44908e-08,0.0002,25
-0.619193,-0.514871,1.56568,-0.619161,-0.514947,1.56565,-0.00619275,0.0103287,-0.00432185,24.4885,0.0002,-1.82451e-13,-1.69004e-09,-1.82451e-13,0.0002,1.60808e-08,-1.69004e-09,1.60808e-08,0.0002,25
-0.619167,-0.514941,1.56567,-0.619225,-0.515168,1.56595,-0.0061673,0.0102587,-0.0043319,24.5191,0.0002,3.54922e-14,6.4658e-10,3.54922e-14,0.0002,1.53879e-08,6.4658e-10,1.53879e-08,0.0002,25
-0.61909,-0.514923,1.56563,-0.618994,-0.514848,1.56546,-0.00619016,0.010277,-0.00437435,24.4962,0.0002,3.99206e-14,4.48718e-10,3.99206e-14,0.0002,1.66549e-08,4.48718e-10,1.66549e-08,0.0002,25
-0.619053,-0.514998,1.56561,-0.619062,-0.515247,1.56524,-0.00615273,0.0102015,-0.00438808,24.4809,0.0002,2.09961e-13,2.01484e-09,2.09961e-13,0.0002,1.57555e-08,2.01484e-09,1.57555e-08,0.0002,25
-0.619022,-0.51492,1.56567,-0.619059,-0.51466,1.56559,-0.00622199,0.0102797,-0.00432817,24.7231,0.0002,-5.71669e-15,-3.86112e-10,-5.71669e-15,0.0002,1.51972e-08,-3.86112e-10,1.51972e-08,0.0002,26
-0.61897,-0.514911,1.56565,-0.618922,-0.51482,1.5659,-0.00617022,0.0102889,-0.00434683,24.7308,0.0002,1.59191e-13,1.48113e-09,1.59191e-13,0.0002,1.48224e-08,1.48113e-09,1.48224e-08,0.0002,26
-0.618918,-0.514823,1.56552,-0.618868,-0.514524,1.56529,-0.00621784,0.0103768,-0.00448248,24.6846,0.0002,-3.80358e-14,-7.2709e-10,-3.80358e-14,0.0002,1.46002e-08,-7.2709e-10,1.46002e-08,0.0002,26
-0.618898,-0.51485,1.56557,-0.61898,-0.514903,1.56548,-0.00619849,0.0103501,-0.00442677,24.4809,0.0002,1.29304e-13,1.26288e-09,1.29304e-13,0.0002,1.44403e-08,1.26288e-09,1.44403e-08,0.0002,25
-0.618856,-0.514839,1.56542,-0.618848,-0.514739,1.56512,-0.00625646,0.0103614,-0.00458093,24.542,0.0002,2.63107e-13,2.53698e-09,2.63107e-13,0.0002,1.43378e-08,2.53698e-09,1.43378e-08,0.0002,25
-0.618789,-0.514768,1.5655,-0.618678,-0.514537,1.56553,-0.00618883,0.0104322,-0.004496,24.9147,0.0002,4.72107e-14,-5.09563e-11,4.72107e-14,0.0002,1.42902e-08,-5.09563e-11,1.42902e-08,0.0002,27
-0.618741,-0.514714,1.56547,-0.618762,-0.514496,1.56533,-0.00624088,0.0104864,-0.00453123,24.6846,0.0002,3.29022e-14,3.41152e-12,3.29022e-14,0.0002,1.59524e-08,3.41152e-12,1.59524e-08,0.0002,26
-0.61869,-0.514659,1.56545,-0.6187,-0.514442,1.56538,-0.00619021,0.0105406,-0.00454811,24.8915,0.0002,2.51766e-14,3.84467e-11,2.51766e-14,0.0002,1.70162e-08,3.84467e-11,1.70162e-08,0.0002,27
-0.618633,-0.514723,1.56547,-0.618563,-0.514922,1.56585,-0.00613287,0.0104772,-0.00453223,24.7,0.0002,1.98027e-13,1.75397e-09,1.98027e-13,0.0002,1.59862e-08,1.75397e-09,1.59862e-08,0.0002,26
-0.618608,-0.514744,1.56554,-0.618615,-0.514826,1.56584,-0.00620797,0.0104564,-0.00445718,24.6462,0.0002,1.39075e-13,1.14067e-09,1.39075e-13,0.0002,1.36345e-08,1.14067e-09,1.36345e-08,0.0002,26
-0.618569,-0.514757,1.56557,-0.618574,-0.514865,1.56537,-0.00616929,0.0104426,-0.00442839,24.7077,0.0002,-4.66098e-14,-9.45228e-10,-4.66098e-14,0.0002,1.38399e-08,-9.45228e-10,1.38399e-08,0.0002,26
-0.618494,-0.514746,1.56559,-0.618404,-0.514701,1.56565,-0.00619368,0.0104536,-0.00441183,24.6538,0.0002,-4.64988e-14,-5.69383e-10,-4.64988e-14,0.0002,1.56642e-08,-5.69383e-10,1.56642e-08,0.0002,26
-0.618487,-0.514776,1.56546,-0.61862,-0.514838,1.56527,-0.006187,0.0104244,-0.00453884,24.7,0.0002,1.3416e-13,1.36426e-09,1.3416e-13,0.0002,1.51211e-08,1.36426e-09,1.51211e-08,0.0002,26
-0.618437,-0.514774,1.56549,-0.618449,-0.514766,1.56561,-0.00613689,0.0104261,-0.00450904,24.7,0.0002,1.1823e-13,9.09442e-10,1.1823e-13,0.0002,1.64842e-08,9.09442e-10,1.64842e-08,0.0002,26
-0.618405,-0.514743,1.56543,-0.618439,-0.514672,1.56548,-0.00620544,0.010457,-0.00457493,24.6846,0.0002,-8.4572e-14,-1.09214e-09,-8.4572e-14,0.0002,1.56641e-08,-1.09214e-09,1.56641e-08,0.0002,26
-0.618383,-0.514731,1.56559,-0.618397,-0.514682,1.5656,-0.00618254,0.010469,-0.00441357,24.7,0.0002,-5.94149e-14,-6.81229e-10,-5.94149e-14,0.0002,1.34284e-08,-6.81229e-10,1.34284e-08,0.0002,26
-0.618304,-0.514696,1.56558,-0.618204,-0.514557,1.56553,-0.00620431,0.0105036,-0.00442494,24.7,0.0002,-4.92328e-14,-4.00524e-10,-4.92328e-14,0.0002,1.54008e-08,-4.00524e-10,1.54008e-08,0.0002,26
-0.618219,-0.514711,1.56562,-0.61809,-0.51477,1.56578,-0.00611885,0.0104886,-0.00438412,24.6615,0.0002,-3.59146e-14,-2.20796e-10,-3.59146e-14,0.0002,1.66632e-08,-2.20796e-10,1.66632e-08,0.0002,26
-0.61819,-0.514672,1.56559,-0.61818,-0.514513,1.56547,-0.00618988,0.0105282,-0.00441363,24.6615,0.0002,-2.263e-14,-1.23678e-10,-2.263e-14,0.0002,1.40678e-08,-1.23678e-10,1.40678e-08,0.0002,26
-0.618169,-0.514622,1.56559,-0.618191,-0.514422,1.56561,-0.00616877,0.010578,-0.00440852,24.876,0.0002,-1.39166e-14,-6.14226e-11,-1.39166e-14,0.0002,1.24067e-08,-6.14226e-11,1.24067e-08,0.0002,27
-0.618154,-0.514653,1.56554,-0.618361,-0.514829,1.56501,-0.00615405,0.0105468,-0.00446143,24.8992,0.0002,-1.89787e-13,-1.69737e-09,-1.89787e-13,0.0002,1.64574e-08,-1.69737e-09,1.64574e-08,0.0002,27
-0.618084,-0.514606,1.56547,-0.617961,-0.514364,1.5655,-0.00618354,0.0105938,-0.00453189,24.9147,0.0002,3.3833e-14,6.42599e-10,3.3833e-14,0.0002,1.56287e-08,6.42599e-10,1.56287e-08,0.0002,27
-0.618072,-0.514533,1.5653,-0.618183,-0.514292,1.56494,-0.00617151,0.0106671,-0.00470183,24.6615,0.0002,-1.35757e-13,-1.2628e-09,-1.35757e-13,0.0002,1.51166e-08,-1.2628e-09,1.51166e-08,0.0002,26
-0.618026,-0.514565,1.56536,-0.618003,-0.51464,1.5653,-0.00622586,0.0106348,-0.00463822,24.6846,0.0002,6.34877e-14,9.21141e-10,6.34877e-14,0.0002,1.47704e-08,9.21141e-10,1.47704e-08,0.0002,26
-0.617993,-0.514507,1.56542,-0.618023,-0.514329,1.56532,-0.00619324,0.0106925,-0.00458289,24.8682,0.0002,-1.0661e-13,-1.0848e-09,-1.0661e-13,0.0002,1.45672e-08,-1.0848e-09,1.45672e-08,0.0002,27
-0.617939,-0.514516,1.56537,-0.61788,-0.514497,1.56551,-0.00623871,0.0106838,-0.00462723,24.8915,0.0002,8.02973e-14,1.03526e-09,8.02973e-14,0.0002,1.44187e-08,1.03526e-09,1.44187e-08,0.0002,27
-0.617922,-0.514531,1.56547,-0.618015,-0.514534,1.56555,-0.00622219,0.0106694,-0.00452774,24.8682,0.0002,2.28428e-13,2.39152e-09,2.28428e-13,0.0002,1.43239e-08,2.39152e-09,1.43239e-08,0.0002,27
-0.617869,-0.51449,1.56542,-0.61787,-0.514328,1.56519,-0.00616921,0.0107097,-0.00458485,24.8992,0.0002,2.00823e-13,1.56681e-09,2.00823e-13,0.0002,1.5974e-08,1.56681e-09,1.5974e-08,0.0002,27
-0.617833,-0.514434,1.56539,-0.617849,-0.514262,1.56496,-0.0062333,0.0107658,-0.00461217,24.4733,0.0002,-1.91861e-14,-6.71845e-10,-1.91861e-14,0.0002,1.53374e-08,-6.71845e-10,1.53374e-08,0.0002,25
-0.617758,-0.514449,1.56541,-0.617672,-0.514508,1.5655,-0.00615846,0.0107507,-0.00459061,24.7231,0.0002,-2.21941e-14,-3.93167e-10,-2.21941e-14,0.0002,1.66226e-08,-3.93167e-10,1.66226e-08,0.0002,26
-0.617714,-0.514453,1.56535,-0.617698,-0.514522,1.56545,-0.00621445,0.0107467,-0.00464657,24.5267,0.0002,-1.92333e-13,-1.92539e-09,-1.92333e-13,0.0002,1.57528e-08,-1.92539e-09,1.57528e-08,0.0002,25
-0.617725,-0.514426,1.56531,-0.617875,-0.514208,1.56512,-0.00622534,0.0107743,-0.00469236,24.458,0.0002,1.6747e-13,2.18962e-09,1.6747e-13,0.0002,1.34666e-08,2.18962e-09,1.34666e-08,0.0002,25
-0.617667,-0.51443,1.56535,-0.617644,-0.514447,1.56552,-0.00626656,0.0107699,-0.00465014,24.5191,0.0002,1.58462e-13,1.43871e-09,1.58462e-13,0.0002,1.54253e-08,1.43871e-09,1.54253e-08,0.0002,25
-0.617653,-0.514341,1.56531,-0.617757,-0.514035,1.56481,-0.00625263,0.0108595,-0.00469423,24.4733,0.0002,-4.37051e-14,-7.53495e-10,-4.37051e-14,0.0002,1.49863e-08,-7.53495e-10,1.49863e-08,0.0002,25
-0.617584,-0.514352,1.5654,-0.617467,-0.514342,1.56548,-0.00618369,0.0108483,-0.0045951,24.5115,0.0002,1.2836e-13,1.24706e-09,1.2836e-13,0.0002,1.46871e-08,1.24706e-09,1.46871e-08,0.0002,25
-0.617551,-0.514347,1.56534,-0.617579,-0.514272,1.56537,-0.00625089,0.0108535,-0.00466464,24.4885,0.0002,2.63992e-13,2.52772e-09,2.63992e-13,0.0002,1.44954e-08,2.52772e-09,1.44954e-08,0.0002,25
-0.617491,-0.514292,1.5654,-0.617411,-0.514128,1.56536,-0.00619085,0.0109077,-0.00459688,24.5649,0.0002,4.6374e-14,-5.64592e-11,4.6374e-14,0.0002,1.43912e-08,-5.64592e-11,1.43912e-08,0.0002,25
-0.617475,-0.514291,1.56543,-0.617569,-0.514233,1.56524,-0.00627466,0.0109088,-0.00456572,24.5344,0.0002,1.91196e-13,1.69267e-09,1.91196e-13,0.0002,1.43064e-08,1.69267e-09,1.43064e-08,0.0002,25
-0.617413,-0.514295,1.56531,-0.617328,-0.514364,1.56515,-0.00621333,0.0109047,-0.00468671,24.4962,0.0002,-1.04332e-14,-5.90586e-10,-1.04332e-14,0.0002,1.42703e-08,-5.90586e-10,1.42703e-08,0.0002,25
-0.61736,-0.514296,1.56531,-0.617254,-0.5143,1.56532,-0.00616028,0.0109037,-0.00468621,24.5267,0.0002,-9.26879e-15,-3.59314e-10,-9.26879e-15,0.0002,1.25364e-08,-3.59314e-10,1.25364e-08,0.0002,25
-0.617336,-0.514263,1.56525,-0.617452,-0.51413,1.56499,-0.00623616,0.0109367,-0.00475129,24.5344,0.0002,-1.0266e-14,-1.92643e-10,-1.0266e-14,0.0002,1.483e-08,-1.92643e-10,1.483e-08,0.0002,25
-0.617307,-0.514248,1.5652,-0.617403,-0.514187,1.565,-0.00620695,0.0109518,-0.00480199,24.5878,0.0002,-6.57603e-15,-8.55302e-11,-6.57603e-15,0.0002,1.62979e-08,-8.55302e-11,1.62979e-08,0.0002,25
-0.617272,-0.51423,1.56505,-0.61724,-0.514155,1.56507,-0.00627234,0.0109703,-0.00495402,24.5496,0.0002,-2.93873e-15,-3.51459e-11,-2.93873e-15,0.0002,1.3834e-08,-3.51459e-11,1.3834e-08,0.0002,25
-0.617249,-0.514257,1.56516,-0.617313,-0.514313,1.56531,-0.00624855,0.0109429,-0.00483736,24.5115,0.0002,1.56038e-13,1.70813e-09,1.56038e-13,0.0002,1.39491e-08,1.70813e-09,1.39491e-08,0.0002,25
-0.617171,-0.514199,1.56516,-0.61702,-0.514021,1.56483,-0.00617089,0.0110006,-0.00484049,24.4885,0.0002,-2.98386e-14,-5.80114e-10,-2.98386e-14,0.0002,1.40419e-08,-5.80114e-10,1.40419e-08,0.0002,25
-0.617154,-0.514162,1.56501,-0.617245,-0.513958,1.56475,-0.00625381,0.0110381,-0.004985,24.5267,0.0002,1.32614e-13,1.35958e-09,1.32614e-13,0.0002,1.40821e-08,1.35958e-09,1.40821e-08,0.0002,25
-0.617088,-0.51417,1.56501,-0.617039,-0.514199,1.56497,-0.00618822,0.0109304,-0.00499314,24.4962,0.0002,1.18023e-13,9.09481e-10,1.18023e-13,0.0002,1.58192e-08,9.09481e-10,1.58192e-08,0.0002,25
-0.617071,-0.514142,1.56498,-0.617215,-0.514028,1.56485,-0.00627111,0.0109585,-0.00502433,24.542,0.0002,9.85472e-14,6.21475e-10,9.85472e-14,0.0002,1.6931e-08,6.21475e-10,1.6931e-08,0.0002,25
-0.617062,-0.514149,1.56498,-0.617132,-0.514179,1.56499,-0.00626203,0.0109509,-0.00502161,24.5115,0.0002,6.84174e-14,4.17554e-10,6.84174e-14,0.0002,1.42391e-08,4.17554e-10,1.42391e-08,0.0002,25
-0.617046,-0.514117,1.56502,-0.617142,-0.514043,1.56487,-0.006246,0.0109826,-0.00497916,24.542,0.0002,-1.06437e-13,-1.40514e-09,-1.06437e-13,0.0002,1.42278e-08,-1.40514e-09,1.42278e-08,0.0002,25
-0.616939,-0.514115,1.565,-0.616722,-0.514106,1.56492,-0.00623874,0.0109847,-0.00499926,24.4962,0.0002,-9.39484e-14,-8.59976e-10,-9.39484e-14,0.0002,1.59125e-08,-8.59976e-10,1.59125e-08,0.0002,25
-0.61688,-0.514097,1.56497,-0.616856,-0.514022,1.56485,-0.00617969,0.0110031,-0.00503026,24.7,0.0002,-7.3307e-14,-5.10935e-10,-7.3307e-14,0.0002,1.69907e-08,-5.10935e-10,1.69907e-08,0.0002,26
-0.616863,-0.514108,1.56499,-0.616796,-0.51415,1.5651,-0.00626287,0.0109924,-0.00500514,24.6462,0.0002,-4.24717e-14,-3.26999e-10,-4.24717e-14,0.0002,1.0874e-08,-3.26999e-10,1.0874e-08,0.0002,26
-0.616834,-0.514135,1.56496,-0.616931,-0.514242,1.56484,-0.00623395,0.0109652,-0.00503668,24.7077,0.0002,-3.11422e-14,-1.6979e-10,-3.11422e-14,0.0002,1.3766e-08,-1.6979e-10,1.3766e-08,0.0002,26
-0.616818,-0.514129,1.56492,-0.616969,-0.514103,1.56477,-0.00631848,0.0109714,-0.00507618,24.7462,0.0002,-1.95191e-14,-6.89618e-11,-1.95191e-14,0.0002,1.56169e-08,-6.89618e-11,1.56169e-08,0.0002,26
-0.616778,-0.514136,1.56507,-0.616725,-0.514166,1.56503,-0.0062785,0.0109638,-0.00492884,24.7462,0.0002,-1.12168e-14,-2.46895e-11,-1.12168e-14,0.0002,1.33982e-08,-2.46895e-11,1.33982e-08,0.0002,26
-0.616733,-0.514098,1.565,-0.616764,-0.513946,1.56473,-0.00623296,0.0110017,-0.00499759,24.6846,0.0002,-3.78154e-15,2.31685e-11,-3.78154e-15,0.0002,1.53815e-08,2.31685e-11,1.53815e-08,0.0002,26
-0.616663,-0.514103,1.56493,-0.616544,-0.514067,1.56496,-0.00626328,0.010997,-0.00506962,24.6846,0.0002,1.67661e-13,1.74648e-09,1.67661e-13,0.0002,1.49392e-08,1.74648e-09,1.49392e-08,0.0002,26
-0.616545,-0.514072,1.56505,-0.616339,-0.513998,1.56521,-0.00614521,0.0110284,-0.00494982,24.6846,0.0002,-3.96258e-14,-5.34687e-10,-3.96258e-14,0.0002,1.80793e-08,-5.34687e-10,1.80793e-08,0.0002,26
-0.616561,-0.514096,1.56498,-0.616679,-0.514138,1.56502,-0.0062614,0.0110044,-0.00501852,24.7,0.0002,1.24757e-13,1.36938e-09,1.24757e-13,0.0002,1.32625e-08,1.36938e-09,1.32625e-08,0.0002,26
-0.616512,-0.514107,1.56513,-0.616527,-0.514149,1.56509,-0.00621194,0.0109935,-0.00487046,24.6923,0.0002,1.13558e-13,9.14903e-10,1.13558e-13,0.0002,1.52947e-08,9.14903e-10,1.52947e-08,0.0002,26
-0.616468,-0.514052,1.56506,-0.616503,-0.513835,1.5648,-0.00626762,0.0110476,-0.0049358,24.8527,0.0002,9.58688e-14,6.24111e-10,9.58688e-14,0.0002,1.65953e-08,6.24111e-10,1.65953e-08,0.0002,27
-0.616421,-0.514054,1.56513,-0.616394,-0.514005,1.56508,-0.00622108,0.0110462,-0.00486972,24.8915,0.0002,2.47893e-13,2.12996e-09,2.47893e-13,0.0002,1.57164e-08,2.12996e-09,1.57164e-08,0.0002,27
-0.616405,-0.514026,1.56495,-0.616449,-0.513912,1.56485,-0.00620543,0.0110745,-0.0050518,24.8682,0.0002,1.73709e-13,1.383e-09,1.73709e-13,0.0002,1.34618e-08,1.383e-09,1.34618e-08,0.0002,27
-0.616347,-0.514,1.56501,-0.616272,-0.513952,1.56494,-0.00624669,0.0110997,-0.00498904,24.7,0.0002,-1.93244e-14,-7.871e-10,-1.93244e-14,0.0002,1.37304e-08,-7.871e-10,1.37304e-08,0.0002,26
-0.616325,-0.513998,1.565,-0.616451,-0.513989,1.56498,-0.00622506,0.0111018,-0.00499527,24.7154,0.0002,-2.5306e-14,-4.64365e-10,-2.5306e-14,0.0002,1.55941e-08,-4.64365e-10,1.55941e-08,0.0002,26
-0.616287,-0.514029,1.5651,-0.616295,-0.514098,1.56514,-0.0062873,0.0110711,-0.00490463,24.7538,0.0002,1.4881e-13,1.43364e-09,1.4881e-13,0.0002,1.50755e-08,1.43364e-09,1.50755e-08,0.0002,26
-0.616259,-0.513976,1.5649,-0.61625,-0.513765,1.56475,-0.00625855,0.0111238,-0.00509977,24.7154,0.0002,1.06373e-13,9.3747e-10,1.06373e-13,0.0002,1.30517e-08,9.3747e-10,1.30517e-08,0.0002,26
-0.616182,-0.513971,1.56492,-0.616087,-0.513948,1.56501,-0.00628172,0.0111291,-0.00507756,24.7308,0.0002,9.26075e-14,6.40114e-10,9.26075e-14,0.0002,1.51597e-08,6.40114e-10,1.51597e-08,0.0002,26
-0.616136,-0.513956,1.56506,-0.616165,-0.513894,1.56499,-0.00623575,0.0112442,-0.00493734,24.7077,0.0002,7.68145e-14,4.48575e-10,7.68145e-14,0.0002,1.65089e-08,4.48575e-10,1.65089e-08,0.0002,26
-0.616101,-0.513949,1.56503,-0.616174,-0.51392,1.56487,-0.00630082,0.0112512,-0.00497495,24.6923,0.0002,6.2643e-14,3.26115e-10,6.2643e-14,0.0002,1.73724e-08,3.26115e-10,1.73724e-08,0.0002,26
-0.616083,-0.513983,1.56504,-0.616115,-0.514013,1.56512,-0.00628259,0.011217,-0.00495518,24.7462,0.0002,3.67588e-13,3.63169e-09,3.67588e-13,0.0002,1.4502e-08,3.63169e-09,1.4502e-08,0.0002,26
-0.616077,-0.513921,1.56487,-0.61627,-0.513778,1.56482,-0.0063775,0.0112791,-0.00512806,24.7308,0.0002,-4.30903e-14,-1.03882e-09,-4.30903e-14,0.0002,1.61081e-08,-1.03882e-09,1.61081e-08,0.0002,26
-0.616014,-0.513952,1.56498,-0.61592,-0.51402,1.56511,-0.00631426,0.0112484,-0.00501667,24.7077,0.0002,1.33798e-13,1.06666e-09,1.33798e-13,0.0002,1.54042e-08,1.06666e-09,1.54042e-08,0.0002,26
-0.615959,-0.51391,1.56506,-0.615898,-0.513798,1.56506,-0.00625902,0.0112896,-0.00493825,24.6769,0.0002,-6.42033e-14,-9.89735e-10,-6.42033e-14,0.0002,1.49735e-08,-9.89735e-10,1.49735e-08,0.0002,26
-0.615924,-0.513902,1.56494,-0.615942,-0.513814,1.56477,-0.0063238,0.011298,-0.00506107,24.7154,0.0002,1.1209e-13,1.09792e-09,1.1209e-13,0.0002,1.46781e-08,1.09792e-09,1.46781e-08,0.0002,26
-0.615884,-0.513936,1.56502,-0.615884,-0.514018,1.565,-0.00628409,0.0111641,-0.00498463,24.7154,0.0002,2.5159e-13,2.43383e-09,2.5159e-13,0.0002,1.44892e-08,2.43383e-09,1.44892e-08,0.0002,26
-0.615872,-0.513953,1.56493,-0.616038,-0.514018,1.56459,-0.00637232,0.0111475,-0.00506883,24.7385,0.0002,2.16693e-13,1.597e-09,2.16693e-13,0.0002,1.60797e-08,1.597e-09,1.60797e-08,0.0002,26
-0.61582,-0.513892,1.56487,-0.615821,-0.513648,1.56461,-0.00631956,0.0112081,-0.00513215,24.7077,0.0002,1.7567e-13,1.062e-09,1.7567e-13,0.0002,1.70977e-08,1.062e-09,1.70977e-08,0.0002,26
-0.615835,-0.513826,1.56472,-0.615951,-0.513511,1.56443,-0.00633522,0.0113736,-0.00528351,24.7,0.0002,2.5261e-13,2.39157e-09,2.5261e-13,0.0002,1.2634e-08,2.39157e-09,1.2634e-08,0.0002,26
-0.615796,-0.513797,1.56467,-0.615851,-0.513676,1.56448,-0.00639585,0.0114034,-0.00533077,24.6692,0.0002,2.18615e-13,1.57199e-09,2.18615e-13,0.0002,1.48924e-08,1.57199e-09,1.48924e-08,0.0002,26
-0.615739,-0.513808,1.56482,-0.615565,-0.513799,1.56509,-0.00633901,0.0113923,-0.00518403,24.6846,0.0002,2.65176e-13,2.71803e-09,2.65176e-13,0.0002,1.12225e-08,2.71803e-09,1.12225e-08,0.0002,26
-0.615683,-0.51376,1.56487,-0.615727,-0.513622,1.56479,-0.00638336,0.0114398,-0.0051253,24.7692,0.0002,8.11782e-14,8.80806e-11,8.11782e-14,0.0002,1.57008e-08,8.80806e-11,1.57008e-08,0.0002,26
-0.615674,-0.513748,1.56472,-0.615743,-0.5137,1.56473,-0.00637392,0.0114518,-0.00528117,24.7077,0.0002,5.43318e-14,7.70653e-11,5.43318e-14,0.0002,1.34518e-08,7.70653e-11,1.34518e-08,0.0002,26
-0.615649,-0.513688,1.56462,-0.615761,-0.513444,1.56421,-0.00634882,0.0115125,-0.00538257,24.6769,0.0002,4.06298e-14,9.06898e-11,4.06298e-14,0.0002,1.54158e-08,9.06898e-11,1.54158e-08,0.0002,26
-0.6156,-0.513708,1.56475,-0.61551,-0.51379,1.56466,-0.00639984,0.0114919,-0.00524763,24.7462,0.0002,2.83678e-14,7.85303e-11,2.83678e-14,0.0002,1.32695e-08,7.85303e-11,1.32695e-08,0.0002,26
-0.615579,-0.513702,1.56474,-0.615708,-0.513676,1.56471,-0.00637888,0.011498,-0.0052567,24.6615,0.0002,2.39973e-14,9.13991e-11,2.39973e-14,0.0002,1.52991e-08,9.13991e-11,1.52991e-08,0.0002,26
-0.615542,-0.513684,1.5647,-0.615606,-0.513609,1.56455,-0.00644184,0.0115163,-0.00529619,24.7077,0.0002,2.17431e-14,9.96968e-11,2.17431e-14,0.0002,1.65981e-08,9.96968e-11,1.65981e-08,0.0002,26
-0.615541,-0.513704,1.56465,-0.615589,-0.513734,1.56473,-0.0064407,0.0114956,-0.0053539,24.6538,0.0002,1.52137e-13,1.77597e-09,1.52137e-13,0.0002,1.23139e-08,1.77597e-09,1.23139e-08,0.0002,26
-0.615474,-0.513634,1.56468,-0.615418,-0.513353,1.56481,-0.00637369,0.0115656,-0.00532086,24.6769,0.0002,1.40977e-13,1.17849e-09,1.40977e-13,0.0002,1.46876e-08,1.17849e-09,1.46876e-08,0.0002,26
-0.615392,-0.513619,1.56465,-0.615278,-0.513554,1.56453,-0.00639202,0.0115815,-0.00534991,24.7385,0.0002,1.19482e-13,7.95869e-10,1.19482e-13,0.0002,1.62067e-08,7.95869e-10,1.62067e-08,0.0002,26
-0.61534,-0.513561,1.56482,-0.61524,-0.513332,1.56485,-0.00634029,0.0116386,-0.00518202,24.7231,0.0002,8.30829e-14,5.29734e-10,8.30829e-14,0.0002,1.37756e-08,5.29734e-10,1.37756e-08,0.0002,26
-0.615311,-0.513559,1.56467,-0.615351,-0.513498,1.5644,-0.00641068,0.0116405,-0.00532813,24.7,0.0002,2.18943e-13,2.07162e-09,2.18943e-13,0.0002,1.39111e-08,2.07162e-09,1.39111e-08,0.0002,26
-0.615287,-0.513577,1.5646,-0.615353,-0.513697,1.56463,-0.00638725,0.0116234,-0.00539902,24.6846,0.0002,1.62427e-14,-3.44156e-10,1.62427e-14,0.0002,1.40186e-08,-3.44156e-10,1.40186e-08,0.0002,26
-0.615293,-0.513535,1.56462,-0.615476,-0.513421,1.56436,-0.00639305,0.0116649,-0.00538291,24.6462,0.0002,-1.48958e-13,-1.8907e-09,-1.48958e-13,0.0002,1.40873e-08,-1.8907e-09,1.40873e-08,0.0002,26
-0.615298,-0.51356,1.56462,-0.615426,-0.51355,1.56464,-0.00649847,0.0116405,-0.00537815,24.7,0.0002,1.70062e-13,2.21431e-09,1.70062e-13,0.0002,1.23982e-08,2.21431e-09,1.23982e-08,0.0002,26
-0.615298,-0.513613,1.56466,-0.615509,-0.513825,1.56483,-0.00649809,0.0115872,-0.00533686,25.5923,0.0002,1.62152e-13,1.45919e-09,1.62152e-13,0.0002,1.47415e-08,1.45919e-09,1.47415e-08,0.0002,26
-0.615311,-0.513633,1.56458,-0.615523,-0.513767,1.56457,-0.00661115,0.0115668,-0.00541875,25.5308,0.0002,-3.53403e-14,-7.36069e-10,-3.53403e-14,0.0002,1.45501e-08,-7.36069e-10,1.45501e-08,0.0002,26
-0.615284,-0.513677,1.56465,-0.615389,-0.513849,1.56491,-0.00658413,0.0115233,-0.00535367,25.6077,0.0002,-3.37021e-14,-4.2878e-10,-3.37021e-14,0.0002,1.61187e-08,-4.2878e-10,1.61187e-08,0.0002,26
-0.615292,-0.51374,1.56478,-0.615376,-0.513939,1.56499,-0.00659193,0.0114603,-0.00522184,25.5385,0.0002,1.13825e-13,1.43758e-09,1.13825e-13,0.0002,1.20073e-08,1.43758e-09,1.20073e-08,0.0002,26
-0.615295,-0.513761,1.56476,-0.615518,-0.513846,1.56469,-0.00669466,0.0114388,-0.0052388,25.5846,0.0002,1.09003e-13,9.61013e-10,1.09003e-13,0.0002,1.44913e-08,9.61013e-10,1.44913e-08,0.0002,26
-0.615243,-0.513707,1.56468,-0.615248,-0.513489,1.56436,-0.00664274,0.0114929,-0.00531891,25.6,0.0002,9.44405e-14,6.56128e-10,9.44405e-14,0.0002,1.60811e-08,6.56128e-10,1.60811e-08,0.0002,26
-0.615225,-0.513701,1.5647,-0.615262,-0.513783,1.56477,-0.00672516,0.0114989,-0.00530108,25.5385,0.0002,-2.3999e-13,-2.96259e-09,-2.3999e-13,0.0002,1.37161e-08,-2.96259e-09,1.37161e-08,0.0002,26
-0.615205,-0.513722,1.56468,-0.615232,-0.5137,1.56459,-0.00670536,0.0114778,-0.00532214,25.5692,0.0002,9.83833e-14,1.52802e-09,9.83833e-14,0.0002,1.21609e-08,1.52802e-09,1.21609e-08,0.0002,26
-0.615151,-0.513736,1.56467,-0.615146,-0.513792,1.56466,-0.006751,0.0114636,-0.0053265,25.6154,0.0002,1.01122e-13,1.01958e-09,1.01122e-13,0.0002,1.45896e-08,1.01958e-09,1.45896e-08,0.0002,26
-0.615091,-0.513751,1.56468,-0.615066,-0.513806,1.56469,-0.00669149,0.0114493,-0.00532386,25.5923,0.0002,9.06649e-14,6.94207e-10,9.06649e-14,0.0002,1.6144e-08,6.94207e-10,1.6144e-08,0.0002,26
-0.615091,-0.513771,1.56463,-0.615251,-0.513905,1.56476,-0.00669147,0.011429,-0.00537099,25.5615,0.0002,-1.02096e-13,-1.22572e-09,-1.02096e-13,0.0002,1.54477e-08,-1.22572e-09,1.54477e-08,0.0002,26
-0.615035,-0.513754,1.56463,-0.614917,-0.513686,1.56465,-0.00673539,0.0114459,-0.00536586,25.5615,0.0002,-7.13367e-14,-7.63472e-10,-7.13367e-14,0.0002,1.32899e-08,-7.63472e-10,1.32899e-08,0.0002,26
-0.615008,-0.513713,1.56465,-0.615055,-0.513495,1.5644,-0.00670752,0.0114868,-0.0053489,25.5615,0.0002,9.78498e-14,1.2441e-09,9.78498e-14,0.0002,1.36002e-08,1.2441e-09,1.36002e-08,0.0002,26
-0.614949,-0.513686,1.56463,-0.614928,-0.513576,1.56454,-0.0067491,0.011514,-0.00537202,25.6077,0.0002,9.37848e-14,8.3805e-10,9.37848e-14,0.0002,1.55108e-08,8.3805e-10,1.55108e-08,0.0002,26
-0.614891,-0.513681,1.56465,-0.614872,-0.513658,1.56474,-0.00669107,0.0115193,-0.00535046,25.5615,0.0002,8.19357e-14,5.78338e-10,8.19357e-14,0.0002,1.67335e-08,5.78338e-10,1.67335e-08,0.0002,26
-0.614859,-0.513685,1.56469,-0.614785,-0.513753,1.56517,-0.00665912,0.0115154,-0.00531,25.5615,0.0002,-8.62087e-14,-1.32093e-09,-8.62087e-14,0.0002,1.24217e-08,-1.32093e-09,1.24217e-08,0.0002,26
-0.61485,-0.513712,1.56472,-0.614973,-0.513767,1.56453,-0.00675013,0.011488,-0.00527769,25.5538,0.0002,7.3268e-14,8.87037e-10,7.3268e-14,0.0002,1.30446e-08,8.87037e-10,1.30446e-08,0.0002,26
-0.614766,-0.513716,1.56474,-0.614643,-0.513733,1.56483,-0.00666625,0.0114836,-0.00525673,25.5923,0.0002,7.04377e-14,6.09048e-10,7.04377e-14,0.0002,1.51552e-08,6.09048e-10,1.51552e-08,0.0002,26
-0.614705,-0.513734,1.56478,-0.614671,-0.513802,1.56491,-0.0067047,0.0114661,-0.00522334,25.5308,0.0002,6.22286e-14,4.30992e-10,6.22286e-14,0.0002,1.6506e-08,4.30992e-10,1.6506e-08,0.0002,26
-0.614685,-0.513695,1.56473,-0.614711,-0.513647,1.56455,-0.00668451,0.0115047,-0.00526957,25.5385,0.0002,-2.68143e-13,-3.10701e-09,-2.68143e-13,0.0002,1.39877e-08,-3.10701e-09,1.39877e-08,0.0002,26
-0.61468,-0.513663,1.56462,-0.614822,-0.513481,1.56447,-0.00678011,0.0115367,-0.00538444,25.5154,0.0002,-5.60879e-14,-2.55449e-10,-5.60879e-14,0.0002,1.40466e-08,-2.55449e-10,1.40466e-08,0.0002,26
-0.614648,-0.513638,1.5646,-0.61473,-0.513534,1.56452,-0.00674753,0.0115623,-0.00540329,25.5923,0.0002,-3.70006e-14,-1.21417e-10,-3.70006e-14,0.0002,1.57965e-08,-1.21417e-10,1.57965e-08,0.0002,26
-0.614591,-0.513727,1.56469,-0.614578,-0.514082,1.56507,-0.00669111,0.0114732,-0.00530906,24.9923,0.0002,-2.14848e-14,-3.55076e-11,-2.14848e-14,0.0002,1.69164e-08,-3.55076e-11,1.69164e-08,0.0002,26
-0.614629,-0.51378,1.56467,-0.614831,-0.51394,1.56489,-0.00682856,0.0114199,-0.00533206,24.9615,0.0002,1.26956e-13,1.68946e-09,1.26956e-13,0.0002,1.25176e-08,1.68946e-09,1.25176e-08,0.0002,26
-0.61457,-0.513788,1.56482,-0.6146,-0.513869,1.56513,-0.00676958,0.0114124,-0.00517522,24.9615,0.0002,-4.81392e-14,-5.68941e-10,-4.81392e-14,0.0002,1.65299e-08,-5.68941e-10,1.65299e-08,0.0002,26
-0.614489,-0.513802,1.56499,-0.614272,-0.513857,1.56563,-0.00678871,0.0113984,-0.00501409,24.9615,0.0002,-3.22615e-14,-3.43799e-10,-3.22615e-14,0.0002,1.39825e-08,-3.43799e-10,1.39825e-08,0.0002,26
-0.614462,-0.513874,1.56503,-0.614568,-0.514164,1.5652,-0.00676196,0.0113256,-0.00497056,24.9385,0.0002,-2.39254e-14,-1.80481e-10,-2.39254e-14,0.0002,1.57555e-08,-1.80481e-10,1.57555e-08,0.0002,26
-0.614451,-0.513915,1.56505,-0.614463,-0.514022,1.56544,-0.0067515,0.0112853,-0.00495285,24.9615,0.0002,1.17126e-13,1.59611e-09,1.17126e-13,0.0002,1.17752e-08,1.59611e-09,1.17752e-08,0.0002,26
-0.614372,-0.513922,1.56524,-0.614216,-0.514004,1.56571,-0.00677233,0.011278,-0.00475605,24.9923,0.0002,-3.92461e-14,-6.51215e-10,-3.92461e-14,0.0002,1.26508e-08,-6.51215e-10,1.26508e-08,0.0002,26
-0.614274,-0.514011,1.56536,-0.614091,-0.514366,1.56581,-0.00667361,0.0111889,-0.00464198,24.9692,0.0002,-3.58201e-14,-3.78984e-10,-3.58201e-14,0.0002,1.49032e-08,-3.78984e-10,1.49032e-08,0.0002,26
-0.614178,-0.514032,1.56546,-0.613902,-0.514113,1.56587,-0.00667798,0.0111684,-0.00453973,25,0.0002,-2.38784e-14,-2.24041e-10,-2.38784e-14,0.0002,1.29414e-08,-2.24041e-10,1.29414e-08,0.0002,26
-0.614103,-0.514066,1.56549,-0.613962,-0.514147,1.56592,-0.00660288,0.0111345,-0.00451098,25,0.0002,1.33233e-13,1.58593e-09,1.33233e-13,0.0002,1.33783e-08,1.58593e-09,1.33783e-08,0.0002,26
-0.614102,-0.514109,1.56556,-0.61426,-0.514333,1.5655,-0.00660229,0.0110914,-0.00444458,24.8923,0.0002,-4.18588e-14,-6.59988e-10,-4.18588e-14,0.0002,1.3676e-08,-6.59988e-10,1.3676e-08,0.0002,26
-0.614059,-0.514172,1.56557,-0.614096,-0.514423,1.56563,-0.00665857,0.0110284,-0.00442995,24.9846,0.0002,-3.73935e-14,-3.86719e-10,-3.73935e-14,0.0002,1.55593e-08,-3.86719e-10,1.55593e-08,0.0002,26
-0.613982,-0.514192,1.56577,-0.613781,-0.514274,1.56595,-0.00658174,0.0110078,-0.00422664,24.9769,0.0002,-2.48666e-14,-2.30253e-10,-2.48666e-14,0.0002,1.33613e-08,-2.30253e-10,1.33613e-08,0.0002,26
-0.613929,-0.514249,1.56566,-0.613823,-0.514473,1.56586,-0.00652864,0.0109515,-0.00433595,24.9538,0.0002,-1.62472e-14,-1.29727e-10,-1.62472e-14,0.0002,1.19546e-08,-1.29727e-10,1.19546e-08,0.0002,26
-0.613888,-0.514321,1.56559,-0.613882,-0.514559,1.56561,-0.00658754,0.0108785,-0.00441045,24.9692,0.0002,1.32194e-13,1.64525e-09,1.32194e-13,0.0002,1.27471e-08,1.64525e-09,1.27471e-08,0.0002,26
-0.613813,-0.514391,1.56576,-0.613676,-0.514616,1.56611,-0.00651329,0.0108088,-0.00424357,24.9923,0.0002,2.59375e-13,2.78081e-09,2.59375e-13,0.0002,1.32544e-08,2.78081e-09,1.32544e-08,0.0002,26
-0.613767,-0.514398,1.56592,-0.613742,-0.51448,1.56625,-0.006567,0.0108015,-0.00408219,24.9923,0.0002,5.7277e-14,1.03368e-10,5.7277e-14,0.0002,1.35963e-08,1.03368e-10,1.35963e-08,0.0002,26
-0.613699,-0.514432,1.56593,-0.613587,-0.514514,1.56631,-0.00649922,0.0107676,-0.00406747,24.9692,0.0002,1.9453e-13,1.79314e-09,1.9453e-13,0.0002,1.37982e-08,1.79314e-09,1.37982e-08,0.0002,26
-0.613651,-0.514505,1.566,-0.613566,-0.514795,1.56626,-0.00655125,0.010695,-0.00400239,24.9692,0.0002,1.38792e-13,1.16416e-09,1.38792e-13,0.0002,1.22342e-08,1.16416e-09,1.22342e-08,0.0002,26
-0.613576,-0.514539,1.56601,-0.613486,-0.514672,1.56604,-0.0064756,0.0106614,-0.00399386,24.9846,0.0002,1.17953e-13,7.77728e-10,1.17953e-13,0.0002,1.46366e-08,7.77728e-10,1.46366e-08,0.0002,26
-0.613556,-0.514573,1.56597,-0.613635,-0.514654,1.56614,-0.00645566,0.0106275,-0.00403152,24.9923,0.0002,2.50195e-13,2.22428e-09,2.50195e-13,0.0002,1.44642e-08,2.22428e-09,1.44642e-08,0.0002,26
-0.613472,-0.514593,1.56606,-0.613352,-0.514675,1.5664,-0.00647231,0.0106068,-0.0039444,24.9846,0.0002,2.10705e-13,1.4564e-09,2.10705e-13,0.0002,1.60638e-08,1.4564e-09,1.60638e-08,0.0002,26
-0.613451,-0.514614,1.56621,-0.613471,-0.514695,1.56621,-0.00645078,0.0105863,-0.00378713,24.9615,0.0002,1.45091e-13,9.47692e-10,1.45091e-13,0.0002,1.36842e-08,9.47692e-10,1.36842e-08,0.0002,26
-0.613369,-0.514673,1.56622,-0.613253,-0.514911,1.56625,-0.00636862,0.0105266,-0.00377972,24.9538,0.0002,1.16498e-13,6.37721e-10,1.16498e-13,0.0002,1.55646e-08,6.37721e-10,1.55646e-08,0.0002,26
-0.613315,-0.514707,1.56618,-0.613262,-0.514789,1.56635,-0.00641548,0.0104927,-0.00381772,24.9769,0.0002,2.53639e-13,2.13359e-09,2.53639e-13,0.0002,1.50584e-08,2.13359e-09,1.50584e-08,0.0002,26
-0.613322,-0.514662,1.56612,-0.613454,-0.514588,1.56588,-0.00642183,0.0105378,-0.00387806,25,0.0002,-1.13747e-13,-2.02216e-09,-1.13747e-13,0.0002,1.30565e-08,-2.02216e-09,1.30565e-08,0.0002,26
-0.613272,-0.514699,1.56613,-0.613338,-0.514794,1.56585,-0.00647204,0.0105005,-0.0038688,25.0077,0.0002,6.10923e-14,4.46594e-10,6.10923e-14,0.0002,1.68567e-08,4.46594e-10,1.68567e-08,0.0002,26
-0.613261,-0.51471,1.56604,-0.613271,-0.514701,1.566,-0.00646121,0.0104896,-0.00395921,25.0231,0.0002,1.78471e-13,1.99557e-09,1.78471e-13,0.0002,1.24819e-08,1.99557e-09,1.24819e-08,0.0002,26
-0.613233,-0.514692,1.56603,-0.613331,-0.514617,1.566,-0.00653255,0.010508,-0.00396726,24.9769,0.0002,1.61661e-13,1.30953e-09,1.61661e-13,0.0002,1.47951e-08,1.30953e-09,1.47951e-08,0.0002,26
-0.613167,-0.514686,1.56607,-0.61301,-0.514768,1.56622,-0.00646659,0.010514,-0.00393022,24.9923,0.0002,-1.74135e-13,-2.54904e-09,-1.74135e-13,0.0002,1.28884e-08,-2.54904e-09,1.28884e-08,0.0002,26
-0.613096,-0.514713,1.56607,-0.612974,-0.514769,1.56641,-0.00639627,0.0104867,-0.0039254,25,0.0002,1.9886e-15,9.48261e-11,1.9886e-15,0.0002,1.33455e-08,9.48261e-11,1.33455e-08,0.0002,26
-0.613104,-0.514746,1.56608,-0.613297,-0.514825,1.5658,-0.00650449,0.0104536,-0.00391701,24.9462,0.0002,1.57078e-13,1.78607e-09,1.57078e-13,0.0002,1.36382e-08,1.78607e-09,1.36382e-08,0.0002,26
-0.613065,-0.514738,1.56608,-0.613121,-0.514702,1.56608,-0.00646534,0.0104622,-0.00391776,25.0154,0.0002,1.42389e-13,1.17516e-09,1.42389e-13,0.0002,1.55352e-08,1.17516e-09,1.55352e-08,0.0002,26
-0.613018,-0.514732,1.56617,-0.61299,-0.514762,1.5662,-0.00651832,0.010468,-0.00383088,25,0.0002,-5.87727e-14,-9.25912e-10,-5.87727e-14,0.0002,1.50554e-08,-9.25912e-10,1.50554e-08,0.0002,26
-0.61299,-0.514763,1.56616,-0.613037,-0.514831,1.56645,-0.00649011,0.0104373,-0.00383855,25.0154,0.0002,1.16546e-13,1.13312e-09,1.16546e-13,0.0002,1.47325e-08,1.13312e-09,1.47325e-08,0.0002,26
-0.612953,-0.514773,1.56609,-0.612911,-0.514812,1.56579,-0.00645299,0.0104274,-0.00391365,24.8168,0.0002,8.35675e-14,7.40972e-10,8.35675e-14,0.0002,1.28322e-08,7.40972e-10,1.28322e-08,0.0002,26
-0.612887,-0.514735,1.56606,-0.612834,-0.514582,1.56595,-0.00648674,0.0104653,-0.00394066,24.771,0.0002,7.29579e-14,5.06282e-10,7.29579e-14,0.0002,1.50193e-08,5.06282e-10,1.50193e-08,0.0002,26
-0.612846,-0.514713,1.56604,-0.612896,-0.514625,1.56597,-0.00644597,0.010487,-0.00395934,24.8092,0.0002,6.07477e-14,3.56264e-10,6.07477e-14,0.0002,1.64191e-08,3.56264e-10,1.64191e-08,0.0002,26
-0.612841,-0.514691,1.56611,-0.612872,-0.514655,1.56608,-0.00654057,0.0105091,-0.00388726,24.7863,0.0002,-9.73599e-14,-1.46571e-09,-9.73599e-14,0.0002,1.22178e-08,-1.46571e-09,1.22178e-08,0.0002,26
-0.612823,-0.514682,1.56601,-0.612913,-0.514595,1.56589,-0.0065231,0.0105175,-0.00399433,24.8397,0.0002,6.17829e-14,7.87937e-10,6.17829e-14,0.0002,1.29163e-08,7.87937e-10,1.29163e-08,0.0002,26
-0.612728,-0.514674,1.56602,-0.612559,-0.514638,1.56606,-0.00642768,0.0105262,-0.00398304,23.8,0.0002,6.00816e-14,5.36888e-10,6.00816e-14,0.0002,1.50732e-08,5.36888e-10,1.50732e-08,0.0002,26
-0.612654,-0.514636,1.56598,-0.612467,-0.514483,1.56582,-0.00645423,0.0105642,-0.00402284,23.8462,0.0002,4.33762e-14,3.59875e-10,4.33762e-14,0.0002,1.30502e-08,3.59875e-10,1.30502e-08,0.0002,26
-0.612557,-0.514663,1.56601,-0.612379,-0.514771,1.56615,-0.00635661,0.010537,-0.00398911,23.7538,0.0002,3.89076e-14,2.63123e-10,3.89076e-14,0.0002,1.51588e-08,2.63123e-10,1.51588e-08,0.0002,26
-0.612505,-0.514654,1.566,-0.612407,-0.514619,1.56594,-0.00630543,0.0105458,-0.00400388,23.8385,0.0002,2.80204e-14,1.84685e-10,2.80204e-14,0.0002,1.3105e-08,1.84685e-10,1.3105e-08,0.0002,26
-0.612477,-0.514659,1.56598,-0.612575,-0.514675,1.56592,-0.0063768,0.0105414,-0.00401906,23.8154,0.0002,2.52316e-14,1.50872e-10,2.52316e-14,0.0002,1.51939e-08,1.50872e-10,1.51939e-08,0.0002,26
-0.612437,-0.514695,1.56604,-0.612385,-0.514842,1.56628,-0.00633723,0.0105046,-0.00395891,23.8231,0.0002,1.8543e-14,1.12947e-10,1.8543e-14,0.0002,1.31275e-08,1.12947e-10,1.31275e-08,0.0002,26
-0.612356,-0.5147,1.56609,-0.612189,-0.514664,1.56597,-0.00635573,0.0105,-0.00390936,23.8385,0.0002,1.66384e-13,1.79783e-09,1.66384e-13,0.0002,1.34986e-08,1.79783e-09,1.34986e-08,0.0002,26
-0.612238,-0.514714,1.5661,-0.611981,-0.51477,1.56616,-0.00623817,0.0104858,-0.00389522,23.8,0.0002,1.48704e-13,1.18264e-09,1.48704e-13,0.0002,1.54458e-08,1.18264e-09,1.54458e-08,0.0002,26
-0.612226,-0.514686,1.56597,-0.61223,-0.514624,1.56577,-0.00632589,0.0105145,-0.00402546,23.8769,0.0002,-3.45576e-14,-9.36666e-10,-3.45576e-14,0.0002,1.15951e-08,-9.36666e-10,1.15951e-08,0.0002,26
-0.612227,-0.514687,1.56604,-0.612392,-0.514638,1.56598,-0.0063273,0.0105131,-0.00396066,23.7231,0.0002,1.05171e-13,1.12642e-09,1.05171e-13,0.0002,1.25178e-08,1.12642e-09,1.25178e-08,0.0002,26
-0.612168,-0.514682,1.56602,-0.612141,-0.514659,1.56594,-0.00626755,0.0105185,-0.00397998,23.8154,0.0002,9.54413e-14,7.53289e-10,9.54413e-14,0.0002,1.48181e-08,7.53289e-10,1.48181e-08,0.0002,26
-0.612181,-0.514702,1.56605,-0.612341,-0.514784,1.56617,-0.0063809,0.010498,-0.00395008,23.8462,0.0002,6.75096e-14,4.98361e-10,6.75096e-14,0.0002,1.2887e-08,4.98361e-10,1.2887e-08,0.0002,26
-0.612053,-0.514713,1.56616,-0.611755,-0.514755,1.56661,-0.00625322,0.0104871,-0.00383895,23.7462,0.0002,5.73569e-14,3.51258e-10,5.73569e-14,0.0002,1.50544e-08,3.51258e-10,1.50544e-08,0.0002,26
-0.612037,-0.514757,1.56616,-0.61208,-0.514825,1.56618,-0.00623738,0.0104432,-0.0038359,23.8077,0.0002,3.31195e-13,3.64394e-09,3.31195e-13,0.0002,1.30224e-08,3.64394e-09,1.30224e-08,0.0002,26
-0.611998,-0.514738,1.56617,-0.612054,-0.514664,1.56618,-0.00629822,0.0104616,-0.00383293,23.7846,0.0002,2.94976e-13,2.36365e-09,2.94976e-13,0.0002,1.5141e-08,2.36365e-09,1.5141e-08,0.0002,26
-0.61198,-0.514723,1.56615,-0.612016,-0.514765,1.56609,-0.00628034,0.0104774,-0.00384789,23.7769,0.0002,-8.70325e-14,-1.87486e-09,-8.70325e-14,0.0002,1.31094e-08,-1.87486e-09,1.31094e-08,0.0002,26
-0.61195,-0.514681,1.56612,-0.612039,-0.514516,1.56597,-0.0062496,0.0105186,-0.00488413,23.8231,0.0002,-9.35631e-14,-1.1683e-09,-9.35631e-14,0.0002,1.51967e-08,-1.1683e-09,1.51967e-08,0.0002,26
-0.611931,-0.514699,1.56615,-0.611857,-0.514767,1.56631,-0.00633107,0.0105015,-0.00484628,23.8,0.0002,-5.07901e-14,-7.47713e-10,-5.07901e-14,0.0002,9.72589e-09,-7.47713e-10,9.72589e-09,0.0002,26
-0.611872,-0.514661,1.56611,-0.61185,-0.514508,1.56592,-0.00627227,0.0105394,-0.00489346,23.8,0.0002,-4.74556e-14,-4.46935e-10,-4.74556e-14,0.0002,1.30313e-08,-4.46935e-10,1.30313e-08,0.0002,26
-0.611809,-0.514681,1.56618,-0.611767,-0.514763,1.56645,-0.00630861,0.0105188,-0.00482378,23.8077,0.0002,-3.69936e-14,-2.54116e-10,-3.69936e-14,0.0002,1.51467e-08,-2.54116e-10,1.51467e-08,0.0002,26
-0.611783,-0.514699,1.56622,-0.611892,-0.514767,1.56638,-0.00628274,0.0105014,-0.00478374,23.8,0.0002,-2.55646e-14,-1.31186e-10,-2.55646e-14,0.0002,1.65006e-08,-1.31186e-10,1.65006e-08,0.0002,26
-0.611822,-0.514672,1.56612,-0.612034,-0.51462,1.56603,-0.00632233,0.0105276,-0.00488406,23.8,0.0002,-1.52579e-13,-1.77771e-09,-1.52579e-13,0.0002,1.227e-08,-1.77771e-09,1.227e-08,0.0002,26
-0.611793,-0.514667,1.56615,-0.611835,-0.514593,1.56599,-0.00639308,0.0105328,-0.00384588,23.8,0.0002,2.20722e-14,5.87433e-10,2.20722e-14,0.0002,1.295e-08,5.87433e-10,1.295e-08,0.0002,26
-0.611688,-0.514713,1.56615,-0.611425,-0.514844,1.56644,-0.00628767,0.0104867,-0.00385263,23.7692,0.0002,1.74398e-13,2.10174e-09,1.74398e-13,0.0002,1.3385e-08,2.10174e-09,1.3385e-08,0.0002,26
-0.611602,-0.514714,1.56625,-0.611419,-0.51477,1.56635,-0.00620189,0.0104859,-0.00474816,23.8,0.0002,-8.32183e-15,-3.33238e-10,-8.32183e-15,0.0002,1.36792e-08,-3.33238e-10,1.36792e-08,0.0002,26
-0.611615,-0.514669,1.56613,-0.611825,-0.514543,1.56596,-0.00631465,0.0105307,-0.00387073,23.8231,0.0002,-1.62863e-13,-1.89134e-09,-1.62863e-13,0.0002,1.38676e-08,-1.89134e-09,1.38676e-08,0.0002,26
-0.611583,-0.514664,1.56612,-0.611668,-0.514641,1.56608,-0.00628282,0.0105361,-0.00388118,23.7692,0.0002,-1.41604e-13,-1.17869e-09,-1.41604e-13,0.0002,1.5682e-08,-1.17869e-09,1.5682e-08,0.0002,26
-0.611581,-0.514691,1.56608,-0.611733,-0.514747,1.56623,-0.00628103,0.0105087,-0.00392287,23.7846,0.0002,6.50151e-14,9.71597e-10,6.50151e-14,0.0002,1.51334e-08,9.71597e-10,1.51334e-08,0.0002,26
-0.611564,-0.514698,1.56618,-0.611549,-0.51478,1.5663,-0.00636401,0.0105015,-0.00381567,23.8077,0.0002,-8.56022e-14,-1.07196e-09,-8.56022e-14,0.0002,1.13949e-08,-1.07196e-09,1.13949e-08,0.0002,26
-0.611499,-0.514706,1.5662,-0.611452,-0.514736,1.56625,-0.00629898,0.0104939,-0.00380198,23.7769,0.0002,-7.62721e-14,-6.54662e-10,-7.62721e-14,0.0002,1.40995e-08,-6.54662e-10,1.40995e-08,0.0002,26
-0.611471,-0.514668,1.56605,-0.61152,-0.514459,1.5658,-0.00627132,0.0105325,-0.0039456,23.8154,0.0002,1.018e-13,1.30657e-09,1.018e-13,0.0002,1.41207e-08,1.30657e-09,1.41207e-08,0.0002,26
-0.611415,-0.514704,1.56623,-0.611295,-0.514851,1.56632,-0.0063147,0.0104957,-0.00376575,23.8769,0.0002,7.56554e-14,8.51806e-10,7.56554e-14,0.0002,1.24406e-08,8.51806e-10,1.24406e-08,0.0002,26
-0.611371,-0.514682,1.56614,-0.611358,-0.514647,1.56609,-0.00627145,0.0105177,-0.00385864,23.8077,0.0002,-8.26923e-14,-1.13283e-09,-8.26923e-14,0.0002,1.30749e-08,-1.13283e-09,1.30749e-08,0.0002,26
-0.611336,-0.514732,1.56611,-0.611354,-0.514879,1.56632,-0.00633614,0.0104675,-0.00488612,23.8538,0.0002,8.29117e-14,1.00084e-09,8.29117e-14,0.0002,1.34649e-08,1.00084e-09,1.34649e-08,0.0002,26
-0.611292,-0.514763,1.56624,-0.611275,-0.514832,1.56644,-0.00629208,0.0104369,-0.00475718,23.8385,0.0002,2.22861e-13,2.36571e-09,2.22861e-13,0.0002,1.37148e-08,2.36571e-09,1.37148e-08,0.0002,26
-0.611173,-0.514767,1.56634,-0.610804,-0.514887,1.56675,-0.0061731,0.0104332,-0.00465589,23.8692,0.0002,-1.11169e-13,-1.8738e-09,-1.11169e-13,0.0002,1.21963e-08,-1.8738e-09,1.21963e-08,0.0002,26
-0.611099,-0.514787,1.56642,-0.611017,-0.514869,1.56671,-0.00619929,0.0104126,-0.00458345,23.8385,0.0002,-1.1011e-13,-1.16893e-09,-1.1011e-13,0.0002,1.46123e-08,-1.16893e-09,1.46123e-08,0.0002,26
-0.611069,-0.514822,1.5664,-0.611053,-0.514851,1.56634,-0.00616876,0.0103785,-0.0045992,23.8385,0.0002,2.07436e-13,2.67015e-09,2.07436e-13,0.0002,1.27404e-08,2.67015e-09,1.27404e-08,0.0002,26
-0.611003,-0.514825,1.56644,-0.610952,-0.514838,1.56661,-0.00620287,0.0103749,-0.0045565,23.8538,0.0002,1.94614e-13,1.73882e-09,1.94614e-13,0.0002,1.49605e-08,1.73882e-09,1.49605e-08,0.0002,26
-0.610997,-0.514846,1.56644,-0.61108,-0.514927,1.56644,-0.00619704,0.0103544,-0.00455685,23.8308,0.0002,1.3735e-13,1.12766e-09,1.3735e-13,0.0002,1.29781e-08,1.12766e-09,1.29781e-08,0.0002,26
-0.610917,-0.514853,1.5665,-0.610701,-0.514883,1.56671,-0.00611657,0.0103468,-0.00450415,23.8692,0.0002,9.76684e-14,7.36516e-10,9.76684e-14,0.0002,1.17093e-08,7.36516e-10,1.17093e-08,0.0002,26
-0.61085,-0.514874,1.56652,-0.610799,-0.514955,1.56664,-0.00615045,0.0103262,-0.00447557,23.8538,0.0002,8.18951e-14,5.00642e-10,8.18951e-14,0.0002,1.43007e-08,5.00642e-10,1.43007e-08,0.0002,26
-0.610795,-0.514879,1.56649,-0.61073,-0.51495,1.56666,-0.00609451,0.0103214,-0.00451294,23.8615,0.0002,-9.77234e-14,-1.35906e-09,-9.77234e-14,0.0002,1.42649e-08,-1.35906e-09,1.42649e-08,0.0002,26
-0.610758,-0.514892,1.56646,-0.610771,-0.514892,1.56668,-0.00605791,0.0103079,-0.00453872,23.8231,0.0002,7.92557e-14,8.54289e-10,7.92557e-14,0.0002,1.42271e-08,8.54289e-10,1.42271e-08,0.0002,26
-0.610753,-0.514943,1.56664,-0.610841,-0.515145,1.56672,-0.00615321,0.0102573,-0.00435924,23.8462,0.0002,5.78788e-14,5.60958e-10,5.78788e-14,0.0002,1.25087e-08,5.60958e-10,1.25087e-08,0.0002,26
-0.610737,-0.514951,1.56657,-0.610829,-0.514928,1.5666,-0.00613658,0.0102495,-0.00443108,23.8231,0.0002,1.93649e-13,2.08231e-09,1.93649e-13,0.0002,1.31034e-08,2.08231e-09,1.31034e-08,0.0002,26
-0.610675,-0.514917,1.5666,-0.610586,-0.514836,1.5664,-0.0061746,0.0102829,-0.00440057,23.8538,0.0002,5.81087e-15,-3.47825e-10,5.81087e-15,0.0002,1.34983e-08,-3.47825e-10,1.34983e-08,0.0002,26
-0.610646,-0.514891,1.56655,-0.610639,-0.514787,1.56636,-0.00614624,0.0103088,-0.00444861,23.8769,0.0002,2.27977e-15,-2.08324e-10,2.27977e-15,0.0002,1.20423e-08,-2.08324e-10,1.20423e-08,0.0002,26
-0.610598,-0.514935,1.56658,-0.610618,-0.515107,1.56668,-0.00609802,0.0102654,-0.0044226,23.8231,0.0002,-4.60028e-16,-1.04433e-10,-4.60028e-16,0.0002,1.45138e-08,-1.04433e-10,1.45138e-08,0.0002,26
-0.610599,-0.515005,1.5666,-0.610708,-0.515177,1.56669,-0.0061988,0.0101955,-0.00439998,23.7846,0.0002,2.83343e-13,3.35088e-09,2.83343e-13,0.0002,1.26778e-08,3.35088e-09,1.26778e-08,0.0002,26
-0.610579,-0.515015,1.56666,-0.610661,-0.51511,1.56659,-0.00617926,0.010185,-0.00433945,23.8385,0.0002,8.56618e-14,4.63901e-10,8.56618e-14,0.0002,1.32259e-08,4.63901e-10,1.32259e-08,0.0002,26
-0.610575,-0.51499,1.56656,-0.610719,-0.514941,1.56649,-0.00617527,0.0102102,-0.00443689,23.8077,0.0002,-8.80555e-14,-1.38327e-09,-8.80555e-14,0.0002,1.35768e-08,-1.38327e-09,1.35768e-08,0.0002,26
-0.610518,-0.514991,1.56663,-0.610448,-0.514943,1.56658,-0.00621793,0.0102089,-0.00436955,23.8538,0.0002,7.95253e-14,8.37597e-10,7.95253e-14,0.0002,1.37871e-08,8.37597e-10,1.37871e-08,0.0002,26
-0.610475,-0.514988,1.56651,-0.610465,-0.514923,1.56636,-0.00617538,0.0102117,-0.00448737,23.8385,0.0002,2.20363e-13,2.25942e-09,2.20363e-13,0.0002,1.39216e-08,2.25942e-09,1.39216e-08,0.0002,26
-0.610444,-0.514946,1.56652,-0.610423,-0.514885,1.56656,-0.00624363,0.0102536,-0.00447778,23.8462,0.0002,-1.16793e-13,-1.94276e-09,-1.16793e-13,0.0002,1.23277e-08,-1.94276e-09,1.23277e-08,0.0002,26
-0.610404,-0.514976,1.56654,-0.610353,-0.51499,1.56662,-0.00620422,0.0102236,-0.00445833,23.8,0.0002,1.62842e-13,2.17454e-09,1.62842e-13,0.0002,1.12786e-08,2.17454e-09,1.12786e-08,0.0002,26
-0.610372,-0.514957,1.56654,-0.610454,-0.514879,1.56652,-0.00627165,0.0102428,-0.00446291,23.8462,0.0002,1.56494e-13,1.42067e-09,1.56494e-13,0.0002,1.4025e-08,1.42067e-09,1.4025e-08,0.0002,26
-0.610282,-0.515026,1.56664,-0.610135,-0.515299,1.56706,-0.00618185,0.0101742,-0.00435859,23.8385,0.0002,1.33572e-13,9.38219e-10,1.33572e-13,0.0002,1.57827e-08,9.38219e-10,1.57827e-08,0.0002,26
-0.610247,-0.51502,1.56666,-0.610215,-0.515101,1.56674,-0.00614708,0.0101803,-0.00433902,23.8385,0.0002,-2.09303e-13,-2.78876e-09,-2.09303e-13,0.0002,1.35184e-08,-2.78876e-09,1.35184e-08,0.0002,26
-0.610204,-0.51502,1.56665,-0.610136,-0.514916,1.5666,-0.00620372,0.0101796,-0.00435162,23.8308,0.0002,1.15695e-13,1.63263e-09,1.15695e-13,0.0002,1.20411e-08,1.63263e-09,1.20411e-08,0.0002,26
-0.610096,-0.515015,1.56673,-0.609879,-0.514992,1.56703,-0.00609626,0.010185,-0.00427463,23.8385,0.0002,1.13343e-13,1.07312e-09,1.13343e-13,0.0002,1.4513e-08,1.07312e-09,1.4513e-08,0.0002,26
-0.610061,-0.515022,1.56681,-0.610079,-0.515104,1.56681,-0.00606091,0.0101778,-0.0041946,23.8385,0.0002,-7.12804e-14,-9.9451e-10,-7.12804e-14,0.0002,1.44002e-08,-9.9451e-10,1.44002e-08,0.0002,26
-0.610033,-0.515022,1.56671,-0.610027,-0.515023,1.56695,-0.00613294,0.0101776,-0.00429269,23.8385,0.0002,-5.13331e-14,-6.22364e-10,-5.13331e-14,0.0002,1.26195e-08,-6.22364e-10,1.26195e-08,0.0002,26
-0.610033,-0.515059,1.56681,-0.61019,-0.515154,1.56688,-0.00613252,0.0101405,-0.00419409,24.6769,0.0002,1.06737e-13,1.32384e-09,1.06737e-13,0.0002,1.31747e-08,1.32384e-09,1.31747e-08,0.0002,26
-0.609993,-0.515073,1.56684,-0.610048,-0.515125,1.56697,-0.00609315,0.0101273,-0.00416138,24.7077,0.0002,9.99443e-14,8.74419e-10,9.99443e-14,0.0002,1.52385e-08,8.74419e-10,1.52385e-08,0.0002,26
-0.61003,-0.51506,1.56676,-0.610232,-0.51506,1.56679,-0.00623027,0.0101405,-0.00423555,24.7308,0.0002,-6.40572e-14,-1.13518e-09,-6.40572e-14,0.0002,1.14612e-08,-1.13518e-09,1.14612e-08,0.0002,26
-0.610028,-0.515051,1.56678,-0.610234,-0.515015,1.56683,-0.00622839,0.0101491,-0.00422166,24.7,0.0002,-6.42411e-14,-6.99074e-10,-6.42411e-14,0.0002,1.41419e-08,-6.99074e-10,1.41419e-08,0.0002,26
-0.610025,-0.515032,1.56671,-0.610222,-0.514958,1.56643,-0.00632456,0.0101676,-0.00329175,24.6615,0.0002,-5.31917e-14,-4.20058e-10,-5.31917e-14,0.0002,1.58575e-08,-4.20058e-10,1.58575e-08,0.0002,26
-0.610072,-0.515043,1.56671,-0.610261,-0.515086,1.56674,-0.00637181,0.010157,-0.00328502,24.6846,0.0002,-3.06322e-14,-2.68837e-10,-3.06322e-14,0.0002,1.01488e-08,-2.68837e-10,1.01488e-08,0.0002,26
-0.609979,-0.515073,1.56669,-0.609819,-0.515194,1.56661,-0.0062787,0.0101266,-0.00330504,24.6923,0.0002,-2.34682e-14,-1.44275e-10,-2.34682e-14,0.0002,1.3302e-08,-1.44275e-10,1.3302e-08,0.0002,26
-0.609906,-0.515107,1.56677,-0.609829,-0.515241,1.56709,-0.00630617,0.010093,-0.00322585,24.6615,0.0002,-1.53549e-14,-6.44189e-11,-1.53549e-14,0.0002,1.532e-08,-6.44189e-11,1.532e-08,0.0002,26
-0.609893,-0.515128,1.56684,-0.609891,-0.515158,1.56679,-0.00629257,0.0100722,-0.00315855,24.7385,0.0002,1.19147e-13,1.66716e-09,1.19147e-13,0.0002,1.14998e-08,1.66716e-09,1.14998e-08,0.0002,26
-0.609892,-0.515125,1.56673,-0.610051,-0.515168,1.56661,-0.00629234,0.0100748,-0.00326795,24.7154,0.0002,-3.5358e-14,-6.14102e-10,-3.5358e-14,0.0002,1.24718e-08,-6.14102e-10,1.24718e-08,0.0002,26
-0.609868,-0.515158,1.56669,-0.609928,-0.515236,1.56685,-0.00636769,0.0100418,-0.00330806,24.7077,0.0002,1.16026e-13,1.32981e-09,1.16026e-13,0.0002,1.30799e-08,1.32981e-09,1.30799e-08,0.0002,26
-0.609851,-0.515141,1.5667,-0.609996,-0.515073,1.56608,-0.00635083,0.0100586,-0.00330393,24.6615,0.0002,1.06043e-13,8.77935e-10,1.06043e-13,0.0002,1.51779e-08,8.77935e-10,1.51779e-08,0.0002,26
-0.609822,-0.515138,1.56663,-0.609761,-0.515177,1.56667,-0.00642213,0.0100621,-0.0033717,24.6692,0.0002,-5.96806e-14,-1.13269e-09,-5.96806e-14,0.0002,1.14226e-08,-1.13269e-09,1.14226e-08,0.0002,26
-0.609772,-0.515093,1.56658,-0.609785,-0.51491,1.56637,-0.0063722,0.0101075,-0.00342238,24.6923,0.0002,-6.13244e-14,-6.96551e-10,-6.13244e-14,0.0002,1.41172e-08,-6.96551e-10,1.41172e-08,0.0002,26
-0.609712,-0.515096,1.56652,-0.609632,-0.515057,1.5666,-0.00631236,0.0101037,-0.00348144,24.7077,0.0002,1.10733e-13,1.27783e-09,1.10733e-13,0.0002,1.41327e-08,1.27783e-09,1.41327e-08,0.0002,26
-0.609715,-0.51509,1.56658,-0.609887,-0.515012,1.56653,-0.00641535,0.0101098,-0.00341527,24.7,0.0002,2.48909e-13,2.54093e-09,2.48909e-13,0.0002,1.41429e-08,2.54093e-09,1.41429e-08,0.0002,26
-0.609688,-0.515036,1.56658,-0.609737,-0.51487,1.56626,-0.00638773,0.0101644,-0.00341668,24.7308,0.0002,3.9251e-14,-5.4394e-11,3.9251e-14,0.0002,1.41635e-08,-5.4394e-11,1.41635e-08,0.0002,26
-0.609611,-0.515004,1.56647,-0.609462,-0.51493,1.56635,-0.00631071,0.0101961,-0.00352744,24.7089,0.0002,-1.31933e-13,-1.71458e-09,-1.31933e-13,0.0002,1.4177e-08,-1.71458e-09,1.4177e-08,0.0002,26
-0.609599,-0.514998,1.56645,-0.609659,-0.514868,1.56634,-0.0063992,0.0102019,-0.00355394,24.7231,0.0002,1.83141e-13,2.32074e-09,1.83141e-13,0.0002,1.24619e-08,2.32074e-09,1.24619e-08,0.0002,26
-0.609501,-0.514952,1.56645,-0.609268,-0.514926,1.56678,-0.00630092,0.0101481,-0.00354999,24.7231,0.0002,-2.84656e-13,-3.59715e-09,-2.84656e-13,0.0002,1.31033e-08,-3.59715e-09,1.31033e-08,0.0002,26
-0.609447,-0.514994,1.56653,-0.609335,-0.515056,1.56683,-0.0062466,0.0102059,-0.00347377,24.6692,0.0002,5.4883e-14,1.11598e-09,5.4883e-14,0.0002,1.17747e-08,1.11598e-09,1.17747e-08,0.0002,26
-0.609447,-0.515017,1.56652,-0.609664,-0.515108,1.56651,-0.0063475,0.0101829,-0.00347794,24.7,0.0002,6.30369e-14,7.43291e-10,6.30369e-14,0.0002,1.43425e-08,7.43291e-10,1.43425e-08,0.0002,26
-0.609418,-0.514998,1.56649,-0.609515,-0.51492,1.56638,-0.00631848,0.0102022,-0.0035061,24.7,0.0002,5.91869e-14,5.048e-10,5.91869e-14,0.0002,1.59859e-08,5.048e-10,1.59859e-08,0.0002,26
-0.6094,-0.514913,1.56639,-0.609431,-0.514678,1.56595,-0.00639967,0.0102872,-0.00361396,24.6941,0.0002,-2.62538e-13,-3.06565e-09,-2.62538e-13,0.0002,1.3649e-08,-3.06565e-09,1.3649e-08,0.0002,26
-0.609378,-0.514975,1.56642,-0.609395,-0.515119,1.56655,-0.00637757,0.0102247,-0.0035814,24.7,0.0002,8.17435e-14,1.45636e-09,8.17435e-14,0.0002,1.21237e-08,1.45636e-09,1.21237e-08,0.0002,26
-0.609343,-0.514982,1.5664,-0.60942,-0.515008,1.56633,-0.00634346,0.0102179,-0.00359977,24.6955,0.0002,8.77587e-14,9.61866e-10,8.77587e-14,0.0002,1.45659e-08,9.61866e-10,1.45659e-08,0.0002,26
-0.609323,-0.515023,1.56649,-0.609293,-0.515134,1.56656,-0.00642274,0.0101769,-0.00350508,25.4622,0.0002,1.79393e-13,2.32462e-09,1.79393e-13,0.0002,1.10165e-08,2.32462e-09,1.10165e-08,0.0002,30
-0.60932,-0.515023,1.56636,-0.609469,-0.515075,1.56612,-0.00642006,0.010177,-0.00364446,25.4762,0.0002,1.75716e-14,-1.91559e-10,1.75716e-14,0.0002,1.21631e-08,-1.91559e-10,1.21631e-08,0.0002,30
-0.609276,-0.515044,1.56639,-0.60931,-0.515125,1.5665,-0.00647552,0.0101564,-0.0036146,25.5238,0.0002,9.8568e-15,-9.23702e-11,9.8568e-15,0.0002,1.45911e-08,-9.23702e-11,1.45911e-08,0.0002,30
-0.609202,-0.515011,1.56629,-0.609066,-0.514825,1.56625,-0.00640181,0.0101893,-0.00370516,24.7109,0.0002,1.684e-13,1.66549e-09,1.684e-13,0.0002,1.44357e-08,1.66549e-09,1.44357e-08,0.0002,26
-0.609162,-0.515002,1.56632,-0.609163,-0.514914,1.56612,-0.00636225,0.0101978,-0.00367629,24.7358,0.0002,2.93345e-13,2.79017e-09,2.93345e-13,0.0002,1.43363e-08,2.79017e-09,1.43363e-08,0.0002,26
-0.609109,-0.514943,1.56636,-0.609054,-0.514757,1.56618,-0.00640858,0.0102573,-0.00364137,24.9102,0.0002,6.97199e-14,1.06454e-10,6.97199e-14,0.0002,1.42878e-08,1.06454e-10,1.42878e-08,0.0002,27
-0.609063,-0.514928,1.56623,-0.608985,-0.514869,1.56636,-0.0063625,0.0102719,-0.00376763,24.8837,0.0002,4.66518e-14,8.37739e-11,4.66518e-14,0.0002,1.25475e-08,8.37739e-11,1.25475e-08,0.0002,27
-0.609044,-0.514928,1.56634,-0.609127,-0.51498,1.56646,-0.00644353,0.010272,-0.00365803,24.9102,0.0002,-1.1368e-13,-1.62517e-09,-1.1368e-13,0.0002,1.31431e-08,-1.62517e-09,1.31431e-08,0.0002,27
-0.608999,-0.514974,1.56644,-0.608979,-0.515104,1.5665,-0.00639873,0.010226,-0.00356385,24.9212,0.0002,5.6227e-14,6.83906e-10,5.6227e-14,0.0002,1.35092e-08,6.83906e-10,1.35092e-08,0.0002,27
-0.608979,-0.514959,1.56632,-0.60906,-0.514845,1.56616,-0.00637914,0.0102411,-0.00368198,24.9599,0.0002,2.01417e-13,2.16204e-09,2.01417e-13,0.0002,1.37434e-08,2.16204e-09,1.37434e-08,0.0002,27
-0.608904,-0.514941,1.56639,-0.608708,-0.514977,1.56665,-0.00640364,0.0102586,-0.00361485,24.7231,0.0002,-1.26844e-13,-2.00441e-09,-1.26844e-13,0.0002,1.22143e-08,-2.00441e-09,1.22143e-08,0.0002,26
-0.608831,-0.514946,1.56643,-0.608697,-0.51491,1.5663,-0.00633054,0.0102541,-0.00356756,24.7231,0.0002,3.45381e-14,4.40973e-10,3.45381e-14,0.0002,1.29148e-08,4.40973e-10,1.29148e-08,0.0002,26
-0.608817,-0.514972,1.56639,-0.608974,-0.515076,1.5662,-0.00631662,0.0102278,-0.00361365,24.6801,0.0002,3.47332e-14,3.11926e-10,3.47332e-14,0.0002,1.50722e-08,3.11926e-10,1.50722e-08,0.0002,26
-0.608804,-0.514954,1.56626,-0.608858,-0.514883,1.56639,-0.00640368,0.0102456,-0.00373895,24.6846,0.0002,2.56124e-14,2.15182e-10,2.56124e-14,0.0002,1.30496e-08,2.15182e-10,1.30496e-08,0.0002,26
-0.608742,-0.514966,1.56618,-0.608707,-0.515013,1.56585,-0.00634172,0.0102338,-0.00382178,24.8545,0.0002,2.41768e-14,1.68587e-10,2.41768e-14,0.0002,1.51584e-08,1.68587e-10,1.51584e-08,0.0002,26
-0.608709,-0.514966,1.5662,-0.608739,-0.515019,1.56595,-0.00640916,0.0102337,-0.00380308,24.8545,0.0002,-1.45396e-13,-1.57061e-09,-1.45396e-13,0.0002,1.48142e-08,-1.57061e-09,1.48142e-08,0.0002,26
-0.608668,-0.515,1.56625,-0.608662,-0.515082,1.56616,-0.00636782,0.0101998,-0.00374686,25.4715,0.0002,5.02429e-14,7.19562e-10,5.02429e-14,0.0002,1.45784e-08,7.19562e-10,1.45784e-08,0.0002,29
-0.608658,-0.515044,1.56625,-0.608725,-0.515217,1.56622,-0.00635802,0.0101564,-0.00375291,25.4683,0.0002,3.83621e-14,4.75982e-10,3.83621e-14,0.0002,1.27335e-08,4.75982e-10,1.27335e-08,0.0002,29
-0.608652,-0.51505,1.56615,-0.608733,-0.515076,1.56576,-0.00645172,0.0101497,-0.00385049,25.5271,0.0002,2.94261e-14,3.20111e-10,2.94261e-14,0.0002,1.15528e-08,3.20111e-10,1.15528e-08,0.0002,29
-0.608634,-0.515065,1.56611,-0.608774,-0.515124,1.56594,-0.00643355,0.0101348,-0.00389234,25.5112,0.0002,2.90382e-14,2.36501e-10,2.90382e-14,0.0002,1.42005e-08,2.36501e-10,1.42005e-08,0.0002,29
-0.608541,-0.515131,1.56609,-0.60833,-0.51534,1.56632,-0.00634105,0.0100691,-0.00391407,25.4127,0.0002,1.82604e-13,1.87738e-09,1.82604e-13,0.0002,1.41852e-08,1.87738e-09,1.41852e-08,0.0002,29
-0.608502,-0.51512,1.56612,-0.608504,-0.51513,1.56593,-0.00640167,0.0100797,-0.00388239,25.4557,0.0002,-1.27314e-14,-4.76514e-10,-1.27314e-14,0.0002,1.41915e-08,-4.76514e-10,1.41915e-08,0.0002,29
-0.608513,-0.515154,1.56606,-0.608613,-0.515236,1.56614,-0.00641344,0.0100459,-0.00394199,25.4715,0.0002,1.12837e-13,1.4048e-09,1.12837e-13,0.0002,1.07761e-08,1.4048e-09,1.07761e-08,0.0002,29
-0.608455,-0.515182,1.56611,-0.608433,-0.515293,1.56631,-0.00645474,0.0100179,-0.00389175,25.4683,0.0002,1.07526e-13,9.31328e-10,1.07526e-13,0.0002,1.37034e-08,9.31328e-10,1.37034e-08,0.0002,29
-0.608408,-0.515183,1.56615,-0.608383,-0.515238,1.56602,-0.00640847,0.0100172,-0.00384656,25.4921,0.0002,-7.06105e-14,-1.0821e-09,-7.06105e-14,0.0002,1.38831e-08,-1.0821e-09,1.38831e-08,0.0002,29
-0.608369,-0.515209,1.56618,-0.608372,-0.515258,1.56599,-0.00636939,0.0099914,-0.00381532,25.4954,0.0002,9.76181e-14,1.03243e-09,9.76181e-14,0.0002,1.39824e-08,1.03243e-09,1.39824e-08,0.0002,29
-0.608311,-0.515201,1.56608,-0.608235,-0.515224,1.56596,-0.00641051,0.00999879,-0.0039234,25.4921,0.0002,-7.7566e-14,-1.01697e-09,-7.7566e-14,0.0002,1.40618e-08,-1.01697e-09,1.40618e-08,0.0002,29
-0.608295,-0.515141,1.56602,-0.608339,-0.514898,1.56579,-0.00639501,0.0100594,-0.00398099,25.451,0.0002,-5.55497e-14,-6.348e-10,-5.55497e-14,0.0002,1.24029e-08,-6.348e-10,1.24029e-08,0.0002,29
-0.608218,-0.515168,1.5661,-0.608125,-0.515276,1.56642,-0.00631843,0.0100322,-0.00390049,25.4874,0.0002,-4.65219e-14,-3.73754e-10,-4.65219e-14,0.0002,1.47446e-08,-3.73754e-10,1.47446e-08,0.0002,29
-0.608176,-0.515133,1.56613,-0.608219,-0.514995,1.56624,-0.00637595,0.0100666,-0.00387234,25.459,0.0002,-3.42295e-14,-2.07232e-10,-3.42295e-14,0.0002,1.62432e-08,-2.07232e-10,1.62432e-08,0.0002,29
-0.608167,-0.515143,1.56608,-0.608186,-0.515234,1.5662,-0.00636727,0.010057,-0.00392216,25.4921,0.0002,-1.56214e-13,-1.82623e-09,-1.56214e-13,0.0002,1.21054e-08,-1.82623e-09,1.21054e-08,0.0002,29
-0.608123,-0.515177,1.56616,-0.608106,-0.515259,1.56616,-0.00632311,0.0100231,-0.00384193,25.4795,0.0002,1.76815e-14,5.56576e-10,1.76815e-14,0.0002,1.28446e-08,5.56576e-10,1.28446e-08,0.0002,29
-0.608084,-0.51519,1.5661,-0.608032,-0.515242,1.56587,-0.00638359,0.0100099,-0.00389921,25.5,0.0002,1.68158e-14,3.71994e-10,1.68158e-14,0.0002,1.16239e-08,3.71994e-10,1.16239e-08,0.0002,29
-0.608058,-0.515172,1.56607,-0.608168,-0.515097,1.56593,-0.00635793,0.0100282,-0.00393419,25.4543,0.0002,2.21709e-14,2.70038e-10,2.21709e-14,0.0002,1.4246e-08,2.70038e-10,1.4246e-08,0.0002,29
-0.608031,-0.515173,1.56603,-0.608029,-0.515073,1.56586,-0.00643096,0.0100266,-0.00397475,24.9024,0.0002,2.96669e-13,3.59228e-09,2.96669e-13,0.0002,1.25047e-08,3.59228e-09,1.25047e-08,0.0002,26
-0.608008,-0.515132,1.56593,-0.608075,-0.515018,1.56588,-0.00640773,0.0100681,-0.0040678,24.9321,0.0002,9.96744e-14,6.22144e-10,9.96744e-14,0.0002,1.31163e-08,6.22144e-10,1.31163e-08,0.0002,26
-0.60801,-0.515136,1.56602,-0.608179,-0.515205,1.56604,-0.00641007,0.010064,-0.00398302,24.8559,0.0002,-7.57032e-14,-1.27908e-09,-7.57032e-14,0.0002,1.35076e-08,-1.27908e-09,1.35076e-08,0.0002,26
-0.607951,-0.515098,1.56589,-0.607875,-0.514894,1.5657,-0.00645122,0.0101017,-0.00410967,24.87,0.0002,8.87084e-14,9.0787e-10,8.87084e-14,0.0002,1.37416e-08,9.0787e-10,1.37416e-08,0.0002,26
-0.607872,-0.51507,1.56598,-0.607713,-0.51501,1.56604,-0.00637153,0.0101299,-0.00401636,24.9212,0.0002,-8.31809e-14,-1.096e-09,-8.31809e-14,0.0002,1.39079e-08,-1.096e-09,1.39079e-08,0.0002,26
-0.607801,-0.515091,1.56599,-0.60773,-0.515173,1.56601,-0.00640073,0.0101092,-0.00401192,24.8947,0.0002,-7.33871e-14,-6.68681e-10,-7.33871e-14,0.0002,1.57077e-08,-6.68681e-10,1.57077e-08,0.0002,26
-0.607817,-0.515079,1.56583,-0.607934,-0.515086,1.56553,-0.0064166,0.0101208,-0.00416604,24.8605,0.0002,-1.7711e-13,-2.12131e-09,-1.7711e-13,0.0002,1.1763e-08,-2.12131e-09,1.1763e-08,0.0002,26
-0.607822,-0.515089,1.56579,-0.608059,-0.515128,1.56559,-0.0064225,0.0101107,-0.00421419,24.9147,0.0002,-1.58041e-13,-1.32386e-09,-1.58041e-13,0.0002,1.4335e-08,-1.32386e-09,1.4335e-08,0.0002,26
-0.607821,-0.515059,1.56579,-0.60792,-0.514829,1.56583,-0.00652092,0.0101414,-0.00420535,24.9289,0.0002,1.71684e-13,2.57313e-09,1.71684e-13,0.0002,1.25607e-08,2.57313e-09,1.25607e-08,0.0002,26
-0.607758,-0.515016,1.56584,-0.607664,-0.5149,1.56571,-0.00645751,0.0101837,-0.00415873,25.1347,0.0002,3.88531e-15,-2.97439e-11,3.88531e-15,0.0002,1.31522e-08,-2.97439e-11,1.31522e-08,0.0002,27
-0.607707,-0.515027,1.56578,-0.607665,-0.515018,1.56587,-0.00640715,0.0101726,-0.00421611,25.0814,0.0002,1.55242e-13,1.70834e-09,1.55242e-13,0.0002,1.35139e-08,1.70834e-09,1.35139e-08,0.0002,27
-0.607679,-0.515016,1.56596,-0.607671,-0.514968,1.56601,-0.00647856,0.0101843,-0.00404407,25.0768,0.0002,1.13261e-13,1.10986e-09,1.13261e-13,0.0002,1.20522e-08,1.10986e-09,1.20522e-08,0.0002,27
-0.607659,-0.51501,1.56592,-0.607794,-0.514988,1.56578,-0.00645901,0.0101896,-0.00407983,25.097,0.0002,1.00506e-13,7.43255e-10,1.00506e-13,0.0002,1.45201e-08,7.43255e-10,1.45201e-08,0.0002,27
-0.607626,-0.515018,1.56601,-0.607548,-0.515099,1.56603,-0.00652604,0.0101825,-0.00399452,25.1016,0.0002,-5.81448e-14,-1.21783e-09,-5.81448e-14,0.0002,1.10027e-08,-1.21783e-09,1.10027e-08,0.0002,27
-0.607596,-0.515028,1.566,-0.607691,-0.515071,1.56596,-0.00649648,0.0101715,-0.00400384,25.0878,0.0002,-6.22041e-14,-7.46801e-10,-6.22041e-14,0.0002,1.38485e-08,-7.46801e-10,1.38485e-08,0.0002,27
-0.607475,-0.515071,1.566,-0.607151,-0.515189,1.56634,-0.00637546,0.0101287,-0.00399896,25.0781,0.0002,1.07672e-13,1.24863e-09,1.07672e-13,0.0002,1.39597e-08,1.24863e-09,1.39597e-08,0.0002,27
-0.607405,-0.51503,1.566,-0.607338,-0.514866,1.56601,-0.00640539,0.0101696,-0.00399801,25.0924,0.0002,9.90536e-14,8.31766e-10,9.90536e-14,0.0002,1.57409e-08,8.31766e-10,1.57409e-08,0.0002,27
-0.607393,-0.515051,1.56607,-0.607344,-0.515133,1.56634,-0.00639305,0.0101491,-0.00393036,25.0878,0.0002,5.66908e-14,5.3233e-10,5.66908e-14,0.0002,1.00742e-08,5.3233e-10,1.00742e-08,0.0002,27
-0.607354,-0.515003,1.56603,-0.60741,-0.514812,1.56589,-0.0063538,0.0101967,-0.00396604,25.1112,0.0002,5.15532e-14,3.72865e-10,5.15532e-14,0.0002,1.32542e-08,3.72865e-10,1.32542e-08,0.0002,27
-0.60729,-0.514982,1.56601,-0.607247,-0.514895,1.56593,-0.00638991,0.0102181,-0.0039874,24.9599,0.0002,4.43758e-14,2.7105e-10,4.43758e-14,0.0002,1.52894e-08,2.7105e-10,1.52894e-08,0.0002,26
-0.607253,-0.514996,1.56604,-0.607158,-0.515,1.56581,-0.00635292,0.0102038,-0.00396426,24.8682,0.0002,1.56997e-13,1.88315e-09,1.56997e-13,0.0002,1.14789e-08,1.88315e-09,1.14789e-08,0.0002,26
-0.607242,-0.514958,1.56595,-0.607409,-0.514806,1.56559,-0.00644151,0.0102418,-0.0040542,24.8605,0.0002,1.46256e-13,1.23762e-09,1.46256e-13,0.0002,1.41532e-08,1.23762e-09,1.41532e-08,0.0002,26
-0.60719,-0.514943,1.56583,-0.607089,-0.514882,1.56598,-0.00638981,0.010257,-0.00417496,24.9631,0.0002,1.03721e-13,8.09127e-10,1.03721e-13,0.0002,1.24614e-08,8.09127e-10,1.24614e-08,0.0002,26
-0.607166,-0.514925,1.56585,-0.607284,-0.514851,1.56594,-0.0063662,0.0102751,-0.00415275,24.8824,0.0002,8.76327e-14,5.5168e-10,8.76327e-14,0.0002,1.4782e-08,5.5168e-10,1.4782e-08,0.0002,26
-0.607164,-0.514931,1.5658,-0.607263,-0.514954,1.56561,-0.00646419,0.0102692,-0.00419996,24.938,0.0002,6.12173e-14,3.69919e-10,6.12173e-14,0.0002,1.28638e-08,3.69919e-10,1.28638e-08,0.0002,26
-0.607144,-0.514886,1.56586,-0.607224,-0.514761,1.56578,-0.00644429,0.0103137,-0.00414114,24.9522,0.0002,-1.02155e-13,-1.43983e-09,-1.02155e-13,0.0002,1.33462e-08,-1.43983e-09,1.33462e-08,0.0002,26
-0.607118,-0.514855,1.56577,-0.607119,-0.514625,1.56541,-0.00641812,0.0103447,-0.00423118,24.9166,0.0002,1.91704e-13,2.49867e-09,1.91704e-13,0.0002,1.19281e-08,2.49867e-09,1.19281e-08,0.0002,26
-0.60703,-0.514853,1.56578,-0.606835,-0.514896,1.56612,-0.00642957,0.0103471,-0.00422421,24.8933,0.0002,2.09205e-14,-7.64568e-11,2.09205e-14,0.0002,1.27477e-08,-7.64568e-11,1.27477e-08,0.0002,26
-0.606997,-0.514887,1.5659,-0.607026,-0.514969,1.5661,-0.00639698,0.0103131,-0.00409626,24.9321,0.0002,1.62469e-13,1.67797e-09,1.62469e-13,0.0002,1.32552e-08,1.67797e-09,1.32552e-08,0.0002,26
-0.607013,-0.514868,1.56583,-0.607239,-0.514845,1.56519,-0.00641336,0.0103319,-0.00417494,24.8915,0.0002,-2.10154e-14,-6.03205e-10,-2.10154e-14,0.0002,1.35965e-08,-6.03205e-10,1.35965e-08,0.0002,26
-0.607014,-0.514889,1.56569,-0.607123,-0.51497,1.56581,-0.0065141,0.0103113,-0.00430509,24.8837,0.0002,-1.6486e-14,-3.68592e-10,-1.6486e-14,0.0002,1.21051e-08,-3.68592e-10,1.21051e-08,0.0002,26
-0.606926,-0.514896,1.56577,-0.606787,-0.514926,1.56609,-0.00642619,0.0103036,-0.00422641,24.9786,0.0002,-1.54874e-14,-2.01175e-10,-1.54874e-14,0.0002,1.4554e-08,-2.01175e-10,1.4554e-08,0.0002,26
-0.606896,-0.514898,1.56582,-0.606883,-0.514798,1.56602,-0.00639643,0.010302,-0.00417769,24.9166,0.0002,2.73816e-13,3.29169e-09,2.73816e-13,0.0002,1.27008e-08,3.29169e-09,1.27008e-08,0.0002,26
-0.606854,-0.514928,1.56591,-0.606791,-0.515153,1.56626,-0.00645391,0.0102722,-0.00408926,24.907,0.0002,-5.55302e-14,-1.27974e-09,-5.55302e-14,0.0002,1.15488e-08,-1.27974e-09,1.15488e-08,0.0002,26
-0.606826,-0.514909,1.56586,-0.60693,-0.514835,1.56566,-0.0064265,0.0102906,-0.00413913,24.9147,0.0002,-6.14592e-14,-7.85778e-10,-6.14592e-14,0.0002,1.41979e-08,-7.85778e-10,1.41979e-08,0.0002,26
-0.606778,-0.514908,1.56582,-0.606741,-0.514846,1.56596,-0.00637761,0.0102925,-0.00418202,24.9179,0.0002,1.10328e-13,1.22438e-09,1.10328e-13,0.0002,1.41832e-08,1.22438e-09,1.41832e-08,0.0002,26
-0.606772,-0.514921,1.56593,-0.606801,-0.515029,1.56607,-0.00647156,0.0102788,-0.00406889,24.9225,0.0002,-4.93612e-14,-9.09737e-10,-4.93612e-14,0.0002,1.07872e-08,-9.09737e-10,1.07872e-08,0.0002,26
-0.606721,-0.51491,1.56593,-0.606734,-0.514862,1.56593,-0.00642145,0.0102904,-0.00406909,24.8824,0.0002,-4.95947e-14,-5.49115e-10,-4.95947e-14,0.0002,1.37105e-08,-5.49115e-10,1.37105e-08,0.0002,26
-0.606658,-0.51494,1.5659,-0.606511,-0.514957,1.56579,-0.00635819,0.0102596,-0.00409714,24.9302,0.0002,2.37246e-13,3.06848e-09,2.37246e-13,0.0002,1.21615e-08,3.06848e-09,1.21615e-08,0.0002,26
-0.606638,-0.514934,1.5659,-0.606664,-0.515016,1.56588,-0.00643805,0.0102656,-0.00410172,24.9845,0.0002,-7.21906e-14,-1.42287e-09,-7.21906e-14,0.0002,1.12034e-08,-1.42287e-09,1.12034e-08,0.0002,26
-0.606592,-0.514906,1.56589,-0.606622,-0.514793,1.56588,-0.00639229,0.0102937,-0.0041061,24.9321,0.0002,-7.56594e-14,-8.77298e-10,-7.56594e-14,0.0002,1.39769e-08,-8.77298e-10,1.39769e-08,0.0002,26
-0.606558,-0.514917,1.56574,-0.606526,-0.51496,1.56577,-0.00635769,0.0102829,-0.0042579,24.9612,0.0002,-5.32882e-14,-5.44246e-10,-5.32882e-14,0.0002,1.23485e-08,-5.44246e-10,1.23485e-08,0.0002,26
-0.606543,-0.514928,1.56588,-0.606588,-0.51497,1.56582,-0.0064425,0.0102722,-0.00411624,24.9457,0.0002,-3.72068e-14,-3.31656e-10,-3.72068e-14,0.0002,1.13064e-08,-3.31656e-10,1.13064e-08,0.0002,26
-0.606497,-0.514903,1.56583,-0.606527,-0.514802,1.56562,-0.0063968,0.010297,-0.00416972,25.0938,0.0002,-2.82923e-14,-1.78821e-10,-2.82923e-14,0.0002,1.40428e-08,-1.78821e-10,1.40428e-08,0.0002,27
-0.606467,-0.514855,1.5657,-0.606505,-0.514612,1.56549,-0.00636655,0.0103445,-0.00430039,25.0703,0.0002,1.39009e-13,1.61299e-09,1.39009e-13,0.0002,1.40838e-08,1.61299e-09,1.40838e-08,0.0002,27
-0.606444,-0.51485,1.56576,-0.606405,-0.514879,1.56569,-0.00644364,0.0103504,-0.00423887,25.1172,0.0002,-3.02345e-14,-6.60826e-10,-3.02345e-14,0.0002,1.07239e-08,-6.60826e-10,1.07239e-08,0.0002,27
-0.606424,-0.514856,1.56566,-0.606558,-0.514878,1.56526,-0.006424,0.0103444,-0.00433825,25.0859,0.0002,-3.15389e-14,-3.88655e-10,-3.15389e-14,0.0002,1.367e-08,-3.88655e-10,1.367e-08,0.0002,27
-0.606366,-0.514955,1.56578,-0.60624,-0.515245,1.56625,-0.0063661,0.0102452,-0.00421999,25.1953,0.0002,2.49421e-13,3.17208e-09,2.49421e-13,0.0002,1.21347e-08,3.17208e-09,1.21347e-08,0.0002,27
-0.606348,-0.514942,1.56575,-0.606384,-0.514998,1.56565,-0.00644835,0.0102577,-0.00424626,25.1328,0.0002,-6.31027e-14,-1.35614e-09,-6.31027e-14,0.0002,1.11866e-08,-1.35614e-09,1.11866e-08,0.0002,27
-0.606272,-0.514963,1.56576,-0.606179,-0.515045,1.56577,-0.00637185,0.0102371,-0.00424323,24.907,0.0002,-6.82421e-14,-8.33608e-10,-6.82421e-14,0.0002,1.39661e-08,-8.33608e-10,1.39661e-08,0.0002,26
-0.606228,-0.515004,1.56579,-0.606157,-0.515059,1.5659,-0.00632764,0.0101965,-0.00421456,24.9302,0.0002,2.27079e-13,2.88699e-09,2.27079e-13,0.0002,1.23245e-08,2.88699e-09,1.23245e-08,0.0002,26
-0.606207,-0.514997,1.5658,-0.606233,-0.515079,1.56588,-0.00640737,0.0102025,-0.00419585,24.8992,0.0002,-8.27079e-14,-1.53862e-09,-8.27079e-14,0.0002,1.13081e-08,-1.53862e-09,1.13081e-08,0.0002,26
-0.606165,-0.514986,1.5658,-0.606156,-0.514885,1.56612,-0.00636529,0.0102142,-0.00419715,24.9225,0.0002,6.28687e-14,7.42847e-10,6.28687e-14,0.0002,1.23336e-08,7.42847e-10,1.23336e-08,0.0002,26
-0.606121,-0.51499,1.56587,-0.60605,-0.515007,1.56615,-0.00632095,0.0102099,-0.00412864,24.9535,0.0002,4.74232e-14,4.92417e-10,4.74232e-14,0.0002,1.12968e-08,4.92417e-10,1.12968e-08,0.0002,26
-0.60606,-0.514997,1.56603,-0.605976,-0.515079,1.56634,-0.00635994,0.0102026,-0.00397239,24.969,0.0002,-9.77586e-14,-1.36179e-09,-9.77586e-14,0.0002,1.23432e-08,-1.36179e-09,1.23432e-08,0.0002,26
-0.605988,-0.515005,1.56596,-0.605858,-0.514983,1.566,-0.00628765,0.0101947,-0.00404065,24.9011,0.0002,6.41351e-14,8.54879e-10,6.41351e-14,0.0002,1.29965e-08,8.54879e-10,1.29965e-08,0.0002,26
-0.60595,-0.51499,1.56598,-0.605958,-0.51498,1.56575,-0.0062498,0.0102102,-0.00401827,24.9457,0.0002,-9.41285e-14,-1.13027e-09,-9.41285e-14,0.0002,1.34309e-08,-1.13027e-09,1.34309e-08,0.0002,26
-0.605978,-0.515004,1.56589,-0.606142,-0.515008,1.56582,-0.00637759,0.010196,-0.00411454,24.9225,0.0002,5.49548e-14,9.86633e-10,5.49548e-14,0.0002,1.02891e-08,9.86633e-10,1.02891e-08,0.0002,26
-0.605933,-0.514947,1.56588,-0.605966,-0.514716,1.56584,-0.00633282,0.0102533,-0.00412331,24.9553,0.0002,6.11172e-14,6.64872e-10,6.11172e-14,0.0002,1.33917e-08,6.64872e-10,1.33917e-08,0.0002,26
-0.605928,-0.514954,1.56592,-0.606067,-0.515036,1.5658,-0.00642765,0.010246,-0.00407537,24.9225,0.0002,-1.01758e-13,-1.25145e-09,-1.01758e-13,0.0002,1.3684e-08,-1.25145e-09,1.3684e-08,0.0002,26
-0.606004,-0.514968,1.56576,-0.606361,-0.514972,1.56543,-0.00650367,0.0102318,-0.00423694,25.7442,0.0002,5.20292e-14,9.09174e-10,5.20292e-14,0.0002,1.0451e-08,9.09174e-10,1.0451e-08,0.0002,26
-0.606014,-0.51493,1.5658,-0.606213,-0.514829,1.56562,-0.00651356,0.0102701,-0.0042013,25.814,0.0002,-8.18784e-14,-1.09451e-09,-8.18784e-14,0.0002,1.18021e-08,-1.09451e-09,1.18021e-08,0.0002,26
-0.605981,-0.514925,1.56578,-0.606063,-0.514902,1.56573,-0.00658101,0.0102755,-0.00421558,25.7829,0.0002,-7.38728e-14,-6.66471e-10,-7.38728e-14,0.0002,1.436e-08,-6.66471e-10,1.436e-08,0.0002,26
-0.605945,-0.514906,1.56569,-0.605958,-0.51478,1.56561,-0.00654458,0.0102936,-0.00431374,25.814,0.0002,1.05337e-13,1.30112e-09,1.05337e-13,0.0002,1.42868e-08,1.30112e-09,1.42868e-08,0.0002,26
-0.605975,-0.514837,1.56568,-0.606152,-0.514613,1.56535,-0.00657544,0.0103629,-0.0043166,25.7597,0.0002,-5.3353e-14,-8.60395e-10,-5.3353e-14,0.0002,1.08538e-08,-8.60395e-10,1.08538e-08,0.0002,26
-0.605967,-0.514819,1.5657,-0.606147,-0.514744,1.56578,-0.00666719,0.0103813,-0.00429718,25.7907,0.0002,-5.08206e-14,-5.1585e-10,-5.08206e-14,0.0002,1.37531e-08,-5.1585e-10,1.37531e-08,0.0002,26
-0.605956,-0.514815,1.56557,-0.606019,-0.514691,1.56506,-0.00665644,0.0103855,-0.00442639,26.9922,0.0002,2.3737e-13,3.09054e-09,2.3737e-13,0.0002,1.2188e-08,3.09054e-09,1.2188e-08,0.0002,26
-0.605917,-0.514734,1.56554,-0.605867,-0.514516,1.56538,-0.00661721,0.0104664,-0.00446441,27.0078,0.0002,-7.22776e-14,-1.40763e-09,-7.22776e-14,0.0002,1.12214e-08,-1.40763e-09,1.12214e-08,0.0002,26
-0.605858,-0.514709,1.56554,-0.605834,-0.514608,1.56558,-0.00665803,0.0104913,-0.00445541,27.0853,0.0002,-7.51245e-14,-8.65072e-10,-7.51245e-14,0.0002,1.39884e-08,-8.65072e-10,1.39884e-08,0.0002,26
-0.605839,-0.51469,1.56539,-0.605867,-0.514616,1.56541,-0.00663855,0.0105098,-0.00460921,26.9922,0.0002,-5.27562e-14,-5.35232e-10,-5.27562e-14,0.0002,1.23559e-08,-5.35232e-10,1.23559e-08,0.0002,26
-0.605822,-0.514652,1.56552,-0.605862,-0.5145,1.56538,-0.00662206,0.0105478,-0.00448399,26.8018,0.0002,-3.67031e-14,-3.24692e-10,-3.67031e-14,0.0002,1.13111e-08,-3.24692e-10,1.13111e-08,0.0002,25
-0.605788,-0.514618,1.56551,-0.605863,-0.514478,1.56551,-0.00668767,0.0104823,-0.00448534,26.8249,0.0002,-2.7579e-14,-1.71861e-10,-2.7579e-14,0.0002,1.40458e-08,-1.71861e-10,1.40458e-08,0.0002,25
-0.605812,-0.514598,1.56531,-0.605961,-0.514468,1.5648,-0.00671174,0.0106015,-0.00469163,26.8385,0.0002,1.0229e-13,1.6008e-09,1.0229e-13,0.0002,1.06819e-08,1.6008e-09,1.06819e-08,0.0002,25
-0.605722,-0.514571,1.56533,-0.605577,-0.514461,1.56541,-0.00662219,0.0105288,-0.00467157,27.031,0.0002,1.05819e-13,1.06187e-09,1.05819e-13,0.0002,1.36431e-08,1.06187e-09,1.36431e-08,0.0002,26
-0.605728,-0.514585,1.56536,-0.605803,-0.514589,1.56514,-0.00672787,0.0105146,-0.00464478,27,0.0002,1.8489e-13,2.39044e-09,1.8489e-13,0.0002,1.04241e-08,2.39044e-09,1.04241e-08,0.0002,26
-0.605689,-0.514544,1.56538,-0.605747,-0.514378,1.56546,-0.00668913,0.0105558,-0.00462362,27.0465,0.0002,1.77186e-13,1.56692e-09,1.77186e-13,0.0002,1.34781e-08,1.56692e-09,1.34781e-08,0.0002,26
-0.605681,-0.514564,1.56527,-0.605755,-0.514642,1.56547,-0.00668104,0.0105361,-0.00473096,27.0465,0.0002,1.26482e-13,1.02181e-09,1.26482e-13,0.0002,1.20293e-08,1.02181e-09,1.20293e-08,0.0002,26
-0.605656,-0.514568,1.56547,-0.605664,-0.514585,1.56562,-0.0067564,0.0105318,-0.00453462,27.0078,0.0002,9.05922e-14,6.72231e-10,9.05922e-14,0.0002,1.11021e-08,6.72231e-10,1.11021e-08,0.0002,26
-0.60555,-0.514569,1.56554,-0.605336,-0.514573,1.56583,-0.00664972,0.0105306,-0.00446209,26.0469,0.0002,7.66886e-14,4.66514e-10,7.66886e-14,0.0002,1.3912e-08,4.66514e-10,1.3912e-08,0.0002,26
-0.605505,-0.514536,1.5654,-0.605433,-0.514403,1.56547,-0.00670513,0.0105638,-0.0046026,26.0391,0.0002,5.39151e-14,3.17006e-10,5.39151e-14,0.0002,1.2307e-08,3.17006e-10,1.2307e-08,0.0002,26
-0.605477,-0.514524,1.56556,-0.605472,-0.514476,1.56558,-0.00667723,0.0106758,-0.00444002,26.0156,0.0002,3.83596e-14,2.20718e-10,3.83596e-14,0.0002,1.12799e-08,2.20718e-10,1.12799e-08,0.0002,26
-0.605443,-0.514525,1.56552,-0.60552,-0.514529,1.56535,-0.00664326,0.0106746,-0.00448182,26.0078,0.0002,3.28661e-14,1.76902e-10,3.28661e-14,0.0002,1.40258e-08,1.76902e-10,1.40258e-08,0.0002,26
-0.605427,-0.514528,1.56541,-0.60552,-0.514486,1.56527,-0.00672669,0.0106717,-0.00459426,25.9688,0.0002,1.83226e-13,1.84224e-09,1.83226e-13,0.0002,1.40724e-08,1.84224e-09,1.40724e-08,0.0002,26
-0.60537,-0.514498,1.5653,-0.605304,-0.51443,1.5652,-0.00667014,0.0107018,-0.00469858,25.9688,0.0002,-1.15383e-14,-4.94713e-10,-1.15383e-14,0.0002,1.41207e-08,-4.94713e-10,1.41207e-08,0.0002,26
-0.605296,-0.514487,1.56533,-0.605053,-0.51439,1.56515,-0.0065961,0.0107128,-0.00466504,26.0469,0.0002,1.13145e-13,1.39427e-09,1.13145e-13,0.0002,1.07297e-08,1.39427e-09,1.07297e-08,0.0002,26
-0.605229,-0.514505,1.56542,-0.605172,-0.514573,1.56578,-0.00662869,0.0106954,-0.00457586,26.0469,0.0002,1.07949e-13,9.29507e-10,1.07949e-13,0.0002,1.36737e-08,9.29507e-10,1.36737e-08,0.0002,26
-0.605255,-0.51446,1.56544,-0.605412,-0.514229,1.56518,-0.0066547,0.0107397,-0.00456191,26.0312,0.0002,1.86433e-13,2.30556e-09,1.86433e-13,0.0002,1.04438e-08,2.30556e-09,1.04438e-08,0.0002,26
-0.605203,-0.514442,1.5654,-0.605155,-0.514419,1.56557,-0.00660282,0.0107584,-0.00459838,26.0547,0.0002,2.69074e-14,-1.98351e-10,2.69074e-14,0.0002,1.17983e-08,-1.98351e-10,1.17983e-08,0.0002,26
-0.60516,-0.514472,1.56553,-0.605146,-0.514541,1.56574,-0.00665956,0.0107278,-0.00446811,26.0312,0.0002,1.57656e-13,1.60186e-09,1.57656e-13,0.0002,1.26469e-08,1.60186e-09,1.26469e-08,0.0002,26
-0.60509,-0.514447,1.56545,-0.604866,-0.514398,1.56544,-0.00659013,0.0107531,-0.00454904,26.0391,0.0002,-6.8696e-15,-6.67386e-10,-6.8696e-15,0.0002,9.80477e-09,-6.67386e-10,9.80477e-09,0.0002,26
-0.605028,-0.514448,1.56541,-0.604993,-0.514451,1.56525,-0.00652816,0.010752,-0.00458868,26.0547,0.0002,-1.70019e-14,-3.90743e-10,-1.70019e-14,0.0002,1.30817e-08,-3.90743e-10,1.30817e-08,0.0002,26
-0.604997,-0.514449,1.56544,-0.605084,-0.514453,1.56556,-0.00659677,0.0107508,-0.00455967,26.0234,0.0002,-1.57835e-14,-2.13421e-10,-1.57835e-14,0.0002,1.5179e-08,-2.13421e-10,1.5179e-08,0.0002,26
-0.604959,-0.514463,1.56549,-0.604806,-0.514519,1.5657,-0.00655871,0.0107369,-0.00450714,26.0391,0.0002,-8.44279e-15,-1.36589e-10,-8.44279e-15,0.0002,9.71456e-09,-1.36589e-10,9.71456e-09,0.0002,26
-0.604984,-0.514406,1.56537,-0.605297,-0.514175,1.56489,-0.00658389,0.0107944,-0.00462793,26.0469,0.0002,-5.54342e-15,-5.13178e-11,-5.54342e-15,0.0002,1.3024e-08,-5.13178e-11,1.3024e-08,0.0002,26
-0.604957,-0.514378,1.5654,-0.605009,-0.514212,1.56522,-0.00665715,0.0108223,-0.00459581,26.0469,0.0002,1.48091e-13,1.69611e-09,1.48091e-13,0.0002,1.34313e-08,1.69611e-09,1.34313e-08,0.0002,26
-0.604909,-0.514366,1.5654,-0.604823,-0.514317,1.56538,-0.00660904,0.0108343,-0.00460053,26.0156,0.0002,1.08804e-13,1.10386e-09,1.08804e-13,0.0002,1.19994e-08,1.10386e-09,1.19994e-08,0.0002,26
-0.604824,-0.514383,1.5654,-0.604644,-0.514503,1.56573,-0.00652401,0.0108172,-0.00459867,26.0234,0.0002,-5.39613e-14,-9.67241e-10,-5.39613e-14,0.0002,1.27939e-08,-9.67241e-10,1.27939e-08,0.0002,26
-0.60479,-0.514381,1.56547,-0.604812,-0.514319,1.56544,-0.0065898,0.0108191,-0.0045284,26.0469,0.0002,1.01811e-13,1.10977e-09,1.01811e-13,0.0002,1.32841e-08,1.10977e-09,1.32841e-08,0.0002,26
-0.604817,-0.514375,1.56545,-0.605033,-0.514353,1.56538,-0.0066172,0.0108246,-0.00454621,25.9531,0.0002,7.48898e-14,7.28378e-10,7.48898e-14,0.0002,1.19052e-08,7.28378e-10,1.19052e-08,0.0002,26
-0.60481,-0.514383,1.56543,-0.604888,-0.514412,1.56535,-0.00661009,0.0107171,-0.00456639,26.0234,0.0002,5.52164e-14,4.84344e-10,5.52164e-14,0.0002,1.10226e-08,4.84344e-10,1.10226e-08,0.0002,26
-0.60476,-0.514351,1.56532,-0.604718,-0.514169,1.56517,-0.00665983,0.0107491,-0.00468216,26.0078,0.0002,1.80871e-13,2.03943e-09,1.80871e-13,0.0002,1.21502e-08,2.03943e-09,1.21502e-08,0.0002,26
-0.604669,-0.514385,1.56545,-0.604465,-0.514466,1.56565,-0.00656894,0.0107152,-0.0045527,26.0625,0.0002,2.92792e-13,3.03447e-09,2.92792e-13,0.0002,1.2872e-08,3.03447e-09,1.2872e-08,0.0002,26
-0.604661,-0.51438,1.56547,-0.60479,-0.514413,1.56524,-0.00656118,0.0107201,-0.0045297,26.0312,0.0002,8.58165e-14,2.67291e-10,8.58165e-14,0.0002,1.33521e-08,2.67291e-10,1.33521e-08,0.0002,26
-0.604663,-0.514342,1.56535,-0.604722,-0.514137,1.5652,-0.00666277,0.0108579,-0.00464806,26.0859,0.0002,1.69941e-13,1.88194e-09,1.69941e-13,0.0002,1.02378e-08,1.88194e-09,1.02378e-08,0.0002,26
-0.604681,-0.514288,1.56532,-0.604914,-0.514126,1.5649,-0.00668105,0.0109117,-0.00467516,26.0625,0.0002,1.11368e-14,-4.69844e-10,1.11368e-14,0.0002,1.16663e-08,-4.69844e-10,1.16663e-08,0.0002,26
-0.604649,-0.514295,1.56527,-0.604679,-0.51427,1.56534,-0.00664886,0.0109046,-0.00473464,26.1094,0.0002,1.42497e-13,1.42931e-09,1.42497e-13,0.0002,1.2562e-08,1.42931e-09,1.2562e-08,0.0002,26
-0.604606,-0.514284,1.56538,-0.604593,-0.514183,1.56551,-0.00670588,0.0109162,-0.00462195,25.814,0.0002,2.61681e-13,2.64426e-09,2.61681e-13,0.0002,1.31354e-08,2.64426e-09,1.31354e-08,0.0002,26
-0.604514,-0.51428,1.56539,-0.604358,-0.514264,1.56546,-0.00661378,0.0109199,-0.00460615,25.8682,0.0002,2.28968e-13,1.72921e-09,2.28968e-13,0.0002,1.52134e-08,1.72921e-09,1.52134e-08,0.0002,26
-0.604494,-0.51432,1.56546,-0.604417,-0.51448,1.56572,-0.00659448,0.01088,-0.00454046,25.8372,0.0002,1.33071e-13,1.10669e-09,1.33071e-13,0.0002,9.73655e-09,1.10669e-09,9.73655e-09,0.0002,26
-0.604457,-0.514295,1.56544,-0.604519,-0.514194,1.56535,-0.00665681,0.0109049,-0.00456146,25.845,0.0002,1.14395e-13,7.44609e-10,1.14395e-13,0.0002,1.30381e-08,7.44609e-10,1.30381e-08,0.0002,26
-0.604505,-0.514238,1.56526,-0.604804,-0.514007,1.56517,-0.00670499,0.0109624,-0.00474209,25.7984,0.0002,8.03328e-14,4.95325e-10,8.03328e-14,0.0002,1.17477e-08,4.95325e-10,1.17477e-08,0.0002,26
-0.604479,-0.514216,1.56534,-0.604532,-0.514184,1.56534,-0.00667852,0.0109835,-0.00566311,25.8295,0.0002,-7.96899e-14,-1.35679e-09,-7.96899e-14,0.0002,1.26328e-08,-1.35679e-09,1.26328e-08,0.0002,26
-0.604431,-0.514213,1.56535,-0.604344,-0.514093,1.5654,-0.00673054,0.0109868,-0.00564953,25.8605,0.0002,1.96055e-13,2.55357e-09,1.96055e-13,0.0002,1.14698e-08,2.55357e-09,1.14698e-08,0.0002,26
-0.604427,-0.514217,1.56532,-0.604518,-0.51423,1.56518,-0.0067267,0.0109834,-0.00568337,25.8682,0.0002,1.48287e-13,1.65282e-09,1.48287e-13,0.0002,1.0744e-08,1.65282e-09,1.0744e-08,0.0002,26
-0.604351,-0.514222,1.56546,-0.604208,-0.514294,1.56574,-0.00665091,0.0109785,-0.00453512,25.8217,0.0002,-1.04158e-14,-6.16296e-10,-1.04158e-14,0.0002,1.19904e-08,-6.16296e-10,1.19904e-08,0.0002,26
-0.604318,-0.51425,1.56536,-0.604295,-0.514365,1.56558,-0.00671842,0.0109497,-0.0056389,25.8605,0.0002,-1.03337e-14,-3.75745e-10,-1.03337e-14,0.0002,1.10772e-08,-3.75745e-10,1.10772e-08,0.0002,26
-0.604308,-0.514271,1.56555,-0.604373,-0.514352,1.56565,-0.00670802,0.0109292,-0.00545344,25.8372,0.0002,-8.61689e-15,-2.22519e-10,-8.61689e-15,0.0002,1.04927e-08,-2.22519e-10,1.04927e-08,0.0002,26
-0.604321,-0.514261,1.56544,-0.604531,-0.514167,1.56534,-0.00672067,0.0109392,-0.00455871,25.8527,0.0002,1.24926e-13,1.58647e-09,1.24926e-13,0.0002,1.18113e-08,1.58647e-09,1.18113e-08,0.0002,26
-0.604259,-0.514221,1.56546,-0.604118,-0.51417,1.56553,-0.00665867,0.0109786,-0.00454133,25.8682,0.0002,-1.50779e-13,-2.36978e-09,-1.50779e-13,0.0002,1.09808e-08,-2.36978e-09,1.09808e-08,0.0002,26
-0.604216,-0.514264,1.56545,-0.604153,-0.514326,1.56541,-0.0067164,0.0109363,-0.00455108,25.8372,0.0002,1.16939e-13,1.90485e-09,1.16939e-13,0.0002,1.04129e-08,1.90485e-09,1.04129e-08,0.0002,26
-0.604144,-0.514236,1.56555,-0.604012,-0.514178,1.56562,-0.0066435,0.0109639,-0.00445327,25.845,0.0002,-2.38522e-14,-4.55675e-10,-2.38522e-14,0.0002,1.17782e-08,-4.55675e-10,1.17782e-08,0.0002,26
-0.604113,-0.514213,1.5655,-0.604203,-0.514118,1.56529,-0.00671292,0.0109872,-0.00550366,25.845,0.0002,-2.21806e-14,-2.55899e-10,-2.21806e-14,0.0002,1.43448e-08,-2.55899e-10,1.43448e-08,0.0002,26
-0.604074,-0.514209,1.56549,-0.604026,-0.514086,1.56545,-0.00667439,0.0109913,-0.00551295,25.8295,0.0002,2.66186e-13,3.25761e-09,2.66186e-13,0.0002,1.2566e-08,3.25761e-09,1.2566e-08,0.0002,26
-0.604017,-0.514197,1.56537,-0.603948,-0.514204,1.56524,-0.00661721,0.0110027,-0.0056256,25.8527,0.0002,7.48275e-14,4.10706e-10,7.48275e-14,0.0002,1.31564e-08,4.10706e-10,1.31564e-08,0.0002,26
-0.603972,-0.514218,1.56554,-0.603895,-0.514299,1.56556,-0.00667157,0.0109822,-0.00546134,26.0469,0.0002,5.23836e-14,2.80765e-10,5.23836e-14,0.0002,1.18234e-08,2.80765e-10,1.18234e-08,0.0002,27
-0.603954,-0.514247,1.56545,-0.604041,-0.514309,1.56542,-0.00665363,0.0109532,-0.00554876,26.0391,0.0002,1.81509e-13,1.90861e-09,1.81509e-13,0.0002,1.26629e-08,1.90861e-09,1.26629e-08,0.0002,27
-0.603938,-0.51425,1.5654,-0.604037,-0.514315,1.56552,-0.00663842,0.0109499,-0.0045976,26.0234,0.0002,-4.23908e-16,-4.5247e-10,-4.23908e-16,0.0002,1.32185e-08,-4.5247e-10,1.32185e-08,0.0002,27
-0.603925,-0.514264,1.56551,-0.603925,-0.514268,1.56562,-0.00672525,0.0109357,-0.00449015,25.845,0.0002,1.13552e-13,1.42113e-09,1.13552e-13,0.0002,1.01525e-08,1.42113e-09,1.01525e-08,0.0002,26
-0.603866,-0.514275,1.56556,-0.603842,-0.514318,1.56577,-0.00666609,0.0109248,-0.00443782,25.8527,0.0002,1.09055e-13,9.4551e-10,1.09055e-13,0.0002,1.33043e-08,9.4551e-10,1.33043e-08,0.0002,26
-0.603792,-0.514263,1.56554,-0.603656,-0.514267,1.56576,-0.00659212,0.010937,-0.00446227,25.876,0.0002,-6.61063e-14,-1.06942e-09,-6.61063e-14,0.0002,1.36288e-08,-1.06942e-09,1.36288e-08,0.0002,26
-0.603788,-0.514267,1.56557,-0.603823,-0.514232,1.5654,-0.00668765,0.0109325,-0.00542566,25.8527,0.0002,7.44631e-14,1.02606e-09,7.44631e-14,0.0002,1.04153e-08,1.02606e-09,1.04153e-08,0.0002,26
-0.603735,-0.514249,1.56548,-0.603684,-0.514226,1.56543,-0.00663504,0.0109512,-0.00451734,25.8682,0.0002,-6.52323e-14,-1.01793e-09,-6.52323e-14,0.0002,1.17798e-08,-1.01793e-09,1.17798e-08,0.0002,26
-0.60373,-0.514267,1.56536,-0.603869,-0.514287,1.56519,-0.00662992,0.0109328,-0.00463956,25.845,0.0002,8.59842e-14,1.07773e-09,8.59842e-14,0.0002,1.26349e-08,1.07773e-09,1.26349e-08,0.0002,26
-0.60368,-0.514254,1.56547,-0.603639,-0.514254,1.5656,-0.00667975,0.0109458,-0.00452761,25.845,0.0002,-7.38369e-14,-9.84581e-10,-7.38369e-14,0.0002,1.32005e-08,-9.84581e-10,1.32005e-08,0.0002,26
-0.603656,-0.514295,1.56552,-0.603667,-0.51435,1.5657,-0.00665609,0.0109052,-0.00448165,25.876,0.0002,2.11103e-13,2.79133e-09,2.11103e-13,0.0002,1.18335e-08,2.79133e-09,1.18335e-08,0.0002,26
-0.603584,-0.514315,1.5655,-0.603453,-0.514449,1.56572,-0.00668351,0.0108849,-0.00450392,25.8605,0.0002,3.87417e-14,1.1213e-10,3.87417e-14,0.0002,1.26876e-08,1.1213e-10,1.26876e-08,0.0002,26
-0.603581,-0.514304,1.56562,-0.603675,-0.514259,1.56547,-0.00668052,0.010896,-0.00438239,25.7907,0.0002,2.69923e-14,8.92617e-11,2.69923e-14,0.0002,1.15234e-08,8.92617e-11,1.15234e-08,0.0002,26
-0.603535,-0.514276,1.56548,-0.603513,-0.51411,1.56526,-0.00663519,0.0109239,-0.00451809,26.2362,0.0002,1.60123e-13,1.78564e-09,1.60123e-13,0.0002,1.2471e-08,1.78564e-09,1.2471e-08,0.0002,28
-0.603497,-0.51426,1.56549,-0.603453,-0.514303,1.56551,-0.00659728,0.0109397,-0.00451298,26.2441,0.0002,-1.36587e-13,-2.24245e-09,-1.36587e-13,0.0002,1.14029e-08,-2.24245e-09,1.14029e-08,0.0002,28
-0.603486,-0.514252,1.56539,-0.603598,-0.514164,1.56532,-0.00668568,0.0109481,-0.00460982,26.0625,0.0002,1.83227e-14,2.94016e-10,1.83227e-14,0.0002,1.23937e-08,2.94016e-10,1.23937e-08,0.0002,27
-0.603436,-0.514253,1.56553,-0.603343,-0.514256,1.56548,-0.00663594,0.0109471,-0.00546581,26.0234,0.0002,1.5392e-14,2.06029e-10,1.5392e-14,0.0002,1.13353e-08,2.06029e-10,1.13353e-08,0.0002,28
-0.603372,-0.514186,1.56541,-0.603274,-0.513972,1.56523,-0.00667156,0.0110138,-0.00559073,26.0469,0.0002,-1.2283e-13,-1.54254e-09,-1.2283e-13,0.0002,1.23687e-08,-1.54254e-09,1.23687e-08,0.0002,28
-0.603313,-0.514207,1.56535,-0.60324,-0.514237,1.56544,-0.00661341,0.010993,-0.00564898,25.8682,0.0002,4.58309e-14,7.42349e-10,4.58309e-14,0.0002,1.30117e-08,7.42349e-10,1.30117e-08,0.0002,27
-0.603295,-0.514146,1.56533,-0.603329,-0.514006,1.56525,-0.00659506,0.0110543,-0.004669,25.8062,0.0002,-2.25931e-13,-2.90971e-09,-2.25931e-13,0.0002,1.17494e-08,-2.90971e-09,1.17494e-08,0.0002,27
-0.603267,-0.514177,1.56534,-0.603262,-0.514193,1.56539,-0.00656735,0.0110235,-0.00565642,25.876,0.0002,7.64168e-14,1.55973e-09,7.64168e-14,0.0002,1.09043e-08,1.55973e-09,1.09043e-08,0.0002,27
-0.603281,-0.514155,1.56539,-0.603495,-0.514119,1.56526,-0.00668098,0.0110454,-0.00460955,25.8527,0.0002,-5.91665e-14,-6.76013e-10,-5.91665e-14,0.0002,1.20929e-08,-6.76013e-10,1.20929e-08,0.0002,27
-0.603266,-0.514118,1.56524,-0.603311,-0.513972,1.56526,-0.00666569,0.0110818,-0.00476338,25.876,0.0002,-4.1959e-14,-4.1371e-10,-4.1959e-14,0.0002,1.11428e-08,-4.1371e-10,1.11428e-08,0.0002,27
-0.60322,-0.514069,1.56534,-0.603146,-0.51387,1.5651,-0.00662041,0.0111313,-0.00466416,25.9147,0.0002,-2.91363e-14,-2.46393e-10,-2.91363e-14,0.0002,1.05347e-08,-2.46393e-10,1.05347e-08,0.0002,27
-0.60317,-0.514082,1.56525,-0.603129,-0.514082,1.56522,-0.00667033,0.0111178,-0.00475117,26,0.0002,1.11801e-13,1.57226e-09,1.11801e-13,0.0002,1.18378e-08,1.57226e-09,1.18378e-08,0.0002,28
-0.603099,-0.514064,1.56539,-0.602972,-0.514041,1.56564,-0.00659873,0.0111365,-0.00460923,26.0703,0.0002,-4.35973e-14,-6.67509e-10,-4.35973e-14,0.0002,1.26905e-08,-6.67509e-10,1.26905e-08,0.0002,28
-0.60309,-0.514051,1.56525,-0.603163,-0.513999,1.5653,-0.00659034,0.0111493,-0.00475496,26.0938,0.0002,-3.16742e-14,-4.08268e-10,-3.16742e-14,0.0002,1.15253e-08,-4.08268e-10,1.15253e-08,0.0002,28
-0.603093,-0.514053,1.56517,-0.603315,-0.514059,1.56488,-0.00669266,0.0111474,-0.00482751,26.0078,0.0002,-2.6017e-14,-2.23506e-10,-2.6017e-14,0.0002,1.41829e-08,-2.23506e-10,1.41829e-08,0.0002,28
-0.603045,-0.514057,1.56531,-0.602962,-0.514073,1.56524,-0.00664532,0.0111431,-0.00468675,26.0391,0.0002,-1.66993e-14,-1.24444e-10,-1.66993e-14,0.0002,1.24804e-08,-1.24444e-10,1.24804e-08,0.0002,28
-0.603044,-0.513985,1.56506,-0.603143,-0.513695,1.56466,-0.00664353,0.0112153,-0.00494422,26.0078,0.0002,-1.02358e-14,-6.04428e-11,-1.02358e-14,0.0002,1.13908e-08,-6.04428e-11,1.13908e-08,0.0002,28
-0.602983,-0.514019,1.56515,-0.602899,-0.5141,1.5652,-0.00668285,0.0111814,-0.00485278,25.845,0.0002,1.33168e-13,1.69189e-09,1.33168e-13,0.0002,1.23855e-08,1.69189e-09,1.23855e-08,0.0002,27
-0.602964,-0.514026,1.56512,-0.603047,-0.514108,1.56533,-0.00666377,0.0111741,-0.0048807,25.8527,0.0002,-3.22898e-14,-5.89617e-10,-3.22898e-14,0.0002,1.30415e-08,-5.89617e-10,1.30415e-08,0.0002,27
-0.602976,-0.514056,1.56517,-0.603076,-0.514125,1.56507,-0.00667557,0.0111436,-0.00482755,26.0703,0.0002,9.18125e-14,1.33384e-09,9.18125e-14,0.0002,1.00387e-08,1.33384e-09,1.00387e-08,0.0002,28
-0.602953,-0.514048,1.56518,-0.603076,-0.514012,1.56521,-0.00675318,0.0111521,-0.00481946,26.0469,0.0002,9.33602e-14,8.91938e-10,9.33602e-14,0.0002,1.32314e-08,8.91938e-10,1.32314e-08,0.0002,28
-0.602903,-0.514028,1.56518,-0.602703,-0.513951,1.5652,-0.00670324,0.0111716,-0.00481653,26.0391,0.0002,5.37081e-14,5.7084e-10,5.37081e-14,0.0002,8.46811e-09,5.7084e-10,8.46811e-09,0.0002,28
-0.602851,-0.514012,1.56521,-0.602856,-0.513948,1.56531,-0.00665126,0.0111875,-0.00479105,25.845,0.0002,5.12828e-14,4.03543e-10,5.12828e-14,0.0002,1.22263e-08,4.03543e-10,1.22263e-08,0.0002,27
-0.602888,-0.513988,1.56508,-0.603033,-0.51389,1.56459,-0.0067877,0.0112119,-0.00491513,25.8605,0.0002,3.02949e-14,2.58268e-10,3.02949e-14,0.0002,7.82481e-09,2.58268e-10,7.82481e-09,0.0002,27
-0.60283,-0.514008,1.56509,-0.602811,-0.514086,1.5651,-0.00672985,0.011192,-0.00491213,25.876,0.0002,2.87516e-14,2.04168e-10,2.87516e-14,0.0002,1.18146e-08,2.04168e-10,1.18146e-08,0.0002,27
-0.602786,-0.514022,1.56518,-0.602772,-0.51413,1.56522,-0.00668629,0.0111781,-0.00482136,26.0781,0.0002,-1.17612e-13,-1.54226e-09,-1.17612e-13,0.0002,1.26759e-08,-1.54226e-09,1.26759e-08,0.0002,28
-0.602737,-0.513967,1.565,-0.602648,-0.513745,1.56492,-0.00673729,0.0112333,-0.00500048,26.0312,0.0002,-8.58218e-14,-9.6739e-10,-8.58218e-14,0.0002,1.15159e-08,-9.6739e-10,1.15159e-08,0.0002,28
-0.602697,-0.513953,1.56507,-0.602693,-0.513842,1.56502,-0.00669662,0.0112474,-0.00493236,26.0781,0.0002,7.16676e-14,1.11173e-09,7.16676e-14,0.0002,1.24655e-08,1.11173e-09,1.24655e-08,0.0002,28
-0.602687,-0.513957,1.56506,-0.602754,-0.513973,1.56504,-0.00668681,0.0112432,-0.00493706,26.0156,0.0002,5.61191e-14,7.31002e-10,5.61191e-14,0.0002,1.13812e-08,7.31002e-10,1.13812e-08,0.0002,28
-0.602644,-0.513942,1.56507,-0.602688,-0.51388,1.5651,-0.00674446,0.0112582,-0.00492933,26.0547,0.0002,5.61631e-14,5.06867e-10,5.61631e-14,0.0002,1.40907e-08,5.06867e-10,1.40907e-08,0.0002,28
-0.602658,-0.513943,1.56507,-0.602713,-0.51395,1.56507,-0.00675815,0.0112566,-0.00492907,25.6308,0.0002,3.22877e-14,3.24395e-10,3.22877e-14,0.0002,9.01802e-09,3.24395e-10,9.01802e-09,0.0002,26
-0.602618,-0.513951,1.56519,-0.602616,-0.514032,1.56535,-0.00671784,0.0112492,-0.00480982,25.6462,0.0002,-9.33739e-14,-1.46523e-09,-9.33739e-14,0.0002,1.08861e-08,-1.46523e-09,1.08861e-08,0.0002,26
-0.602538,-0.513908,1.56507,-0.602377,-0.513684,1.5649,-0.0067379,0.0112918,-0.00493061,25.6385,0.0002,5.40525e-14,7.92944e-10,5.40525e-14,0.0002,1.20625e-08,7.92944e-10,1.20625e-08,0.0002,26
-0.602524,-0.513929,1.56518,-0.602524,-0.514066,1.56529,-0.00672439,0.0112708,-0.00482256,25.6462,0.0002,-6.93304e-14,-1.18457e-09,-6.93304e-14,0.0002,9.43126e-09,-1.18457e-09,9.43126e-09,0.0002,26
-0.60248,-0.513947,1.56522,-0.602513,-0.514015,1.56538,-0.00667967,0.0112534,-0.00478194,25.6769,0.0002,-6.92926e-14,-7.19881e-10,-6.92926e-14,0.0002,1.28427e-08,-7.19881e-10,1.28427e-08,0.0002,26
-0.602432,-0.513961,1.56505,-0.602403,-0.513964,1.5647,-0.0067324,0.011239,-0.00494958,25.6385,0.0002,9.6192e-14,1.26983e-09,9.6192e-14,0.0002,1.33147e-08,1.26983e-09,1.33147e-08,0.0002,26
-0.602413,-0.513955,1.56511,-0.602442,-0.514037,1.56533,-0.00671299,0.0112451,-0.00489383,25.6,0.0002,-1.94074e-13,-2.57109e-09,-1.94074e-13,0.0002,1.19443e-08,-2.57109e-09,1.19443e-08,0.0002,26
-0.602419,-0.513957,1.56509,-0.602548,-0.513856,1.56501,-0.00671888,0.0112435,-0.00491242,25.6,0.0002,1.02686e-13,1.7772e-09,1.02686e-13,0.0002,1.10283e-08,1.7772e-09,1.10283e-08,0.0002,26
-0.602343,-0.513941,1.56517,-0.602198,-0.513932,1.5652,-0.00674275,0.0112589,-0.00482672,25.6538,0.0002,-3.97786e-14,-5.3552e-10,-3.97786e-14,0.0002,1.21727e-08,-5.3552e-10,1.21727e-08,0.0002,26
-0.602292,-0.513914,1.56507,-0.60214,-0.513751,1.56499,-0.00669156,0.0112862,-0.00492756,25.6923,0.0002,8.05706e-14,1.36864e-09,8.05706e-14,0.0002,9.4825e-09,1.36864e-09,9.4825e-09,0.0002,26
-0.602268,-0.513938,1.5651,-0.602387,-0.514032,1.56522,-0.00666804,0.0112622,-0.00489878,25.8605,0.0002,8.73391e-14,9.1489e-10,8.73391e-14,0.0002,1.28755e-08,9.1489e-10,1.28755e-08,0.0002,27
-0.602249,-0.513909,1.56509,-0.602278,-0.513796,1.56502,-0.00674879,0.0112905,-0.00491462,25.814,0.0002,6.44243e-14,6.04912e-10,6.44243e-14,0.0002,1.16436e-08,6.04912e-10,1.16436e-08,0.0002,27
-0.60217,-0.513956,1.56516,-0.602069,-0.514142,1.56546,-0.00667032,0.0112438,-0.00483948,25.8682,0.0002,5.8556e-14,4.26017e-10,5.8556e-14,0.0002,1.42586e-08,4.26017e-10,1.42586e-08,0.0002,27
-0.602155,-0.513954,1.56516,-0.602149,-0.514,1.56484,-0.00665541,0.0112456,-0.00484032,26.0547,0.0002,-8.2915e-14,-1.41956e-09,-8.2915e-14,0.0002,1.08366e-08,-1.41956e-09,1.08366e-08,0.0002,28
-0.602073,-0.513978,1.56517,-0.601957,-0.514073,1.5652,-0.00667324,0.0112216,-0.00483245,26.0938,0.0002,-8.23119e-14,-8.70153e-10,-8.23119e-14,0.0002,1.37421e-08,-8.70153e-10,1.37421e-08,0.0002,28
-0.602058,-0.513966,1.56515,-0.602105,-0.513918,1.56507,-0.00665822,0.0112336,-0.00485122,26.0547,0.0002,-5.74617e-14,-5.37741e-10,-5.74617e-14,0.0002,1.21983e-08,-5.37741e-10,1.21983e-08,0.0002,28
-0.60203,-0.513971,1.56519,-0.602079,-0.513935,1.56504,-0.00663045,0.011229,-0.00480923,26.0781,0.0002,1.01566e-13,1.38594e-09,1.01566e-13,0.0002,1.29024e-08,1.38594e-09,1.29024e-08,0.0002,28
-0.601982,-0.514011,1.56512,-0.601895,-0.514171,1.56546,-0.00668212,0.0111889,-0.00488195,26.0391,0.0002,7.71584e-14,9.0662e-10,7.71584e-14,0.0002,1.16609e-08,9.0662e-10,1.16609e-08,0.0002,28
-0.601971,-0.514018,1.56522,-0.602087,-0.5141,1.56529,-0.00667115,0.0111816,-0.00478327,26.0234,0.0002,-7.46527e-14,-1.09285e-09,-7.46527e-14,0.0002,1.25775e-08,-1.09285e-09,1.25775e-08,0.0002,28
-0.601935,-0.514027,1.56522,-0.601895,-0.513952,1.56523,-0.00663474,0.0111735,-0.00478132,25.8527,0.0002,2.00521e-13,2.7229e-09,2.00521e-13,0.0002,1.1434e-08,2.7229e-09,1.1434e-08,0.0002,27
-0.601929,-0.513962,1.56517,-0.602014,-0.513809,1.56496,-0.00672912,0.0112381,-0.00483365,25.845,0.0002,-8.70032e-14,-1.6417e-09,-8.70032e-14,0.0002,1.07401e-08,-1.6417e-09,1.07401e-08,0.0002,27
-0.601881,-0.513989,1.56523,-0.601849,-0.514045,1.56516,-0.00668121,0.0112107,-0.00477185,25.6385,0.0002,5.40992e-14,6.7932e-10,5.40992e-14,0.0002,1.19692e-08,6.7932e-10,1.19692e-08,0.0002,26
-0.601884,-0.513925,1.5651,-0.601949,-0.51372,1.56489,-0.00678402,0.0112751,-0.00490345,25.6385,0.0002,-6.87201e-14,-1.25729e-09,-6.87201e-14,0.0002,9.37157e-09,-1.25729e-09,9.37157e-09,0.0002,26
-0.601849,-0.513951,1.56507,-0.601924,-0.514056,1.56498,-0.00674949,0.0112487,-0.0049259,25.6385,0.0002,-7.06316e-14,-7.65871e-10,-7.06316e-14,0.0002,1.28045e-08,-7.65871e-10,1.28045e-08,0.0002,26
-0.601854,-0.513952,1.5652,-0.601977,-0.513956,1.56507,-0.00675381,0.0112477,-0.00479896,25.6462,0.0002,-4.96894e-14,-4.71223e-10,-4.96894e-14,0.0002,1.15982e-08,-4.71223e-10,1.15982e-08,0.0002,26
-0.60176,-0.513976,1.56514,-0.601543,-0.514019,1.56522,-0.00675983,0.0112235,-0.00485863,25.6615,0.0002,1.03086e-13,1.42906e-09,1.03086e-13,0.0002,1.25182e-08,1.42906e-09,1.25182e-08,0.0002,26
-0.601702,-0.513978,1.56515,-0.601579,-0.513981,1.56519,-0.00670245,0.0112225,-0.00484941,25.6,0.0002,7.86843e-14,9.33841e-10,7.86843e-14,0.0002,1.1415e-08,9.33841e-10,1.1415e-08,0.0002,26
-0.601679,-0.513969,1.56513,-0.601689,-0.513933,1.56505,-0.00667858,0.0112312,-0.00486879,25.6615,0.0002,5.95988e-14,6.16873e-10,5.95988e-14,0.0002,1.07089e-08,6.16873e-10,1.07089e-08,0.0002,26
-0.601597,-0.513967,1.56513,-0.601482,-0.513957,1.56513,-0.00669677,0.0112333,-0.00486844,25.6846,0.0002,5.5853e-14,4.3336e-10,5.5853e-14,0.0002,1.36604e-08,4.3336e-10,1.36604e-08,0.0002,26
-0.601593,-0.513955,1.56513,-0.601577,-0.513906,1.56514,-0.00669272,0.0112455,-0.00486722,25.4046,0.0002,3.27149e-14,2.7735e-10,3.27149e-14,0.0002,8.74265e-09,2.7735e-10,8.74265e-09,0.0002,25
-0.601575,-0.513949,1.56512,-0.601716,-0.513927,1.56509,-0.00667486,0.0112508,-0.00487655,25.4427,0.0002,3.07625e-14,2.16055e-10,3.07625e-14,0.0002,1.2402e-08,2.16055e-10,1.2402e-08,0.0002,25
-0.601541,-0.513971,1.56509,-0.601512,-0.514055,1.56494,-0.00664101,0.0112294,-0.00491375,25.4656,0.0002,2.28413e-14,1.57582e-10,2.28413e-14,0.0002,1.13406e-08,1.57582e-10,1.13406e-08,0.0002,25
-0.601468,-0.513972,1.56503,-0.601335,-0.513923,1.56511,-0.00666789,0.011228,-0.00497193,25.4427,0.0002,1.57421e-13,1.83208e-09,1.57421e-13,0.0002,1.23531e-08,1.83208e-09,1.23531e-08,0.0002,25
-0.601468,-0.513917,1.56504,-0.601521,-0.513752,1.56478,-0.00666772,0.0112827,-0.00495719,25.4656,0.0002,-4.45738e-15,-5.1946e-10,-4.45738e-15,0.0002,9.61735e-09,-5.1946e-10,9.61735e-09,0.0002,25
-0.601412,-0.513922,1.56507,-0.601402,-0.513938,1.56519,-0.00661211,0.0112783,-0.00492812,25.4656,0.0002,-1.18139e-14,-2.93291e-10,-1.18139e-14,0.0002,1.29618e-08,-2.93291e-10,1.29618e-08,0.0002,25
-0.601414,-0.513923,1.5651,-0.601422,-0.513926,1.56519,-0.00671406,0.0112774,-0.00490448,25.4275,0.0002,-5.61451e-15,-1.87706e-10,-5.61451e-15,0.0002,8.29554e-09,-1.87706e-10,8.29554e-09,0.0002,25
-0.601393,-0.513927,1.56509,-0.601523,-0.513944,1.56507,-0.00669326,0.0112729,-0.00490888,26.3359,0.0002,-5.07689e-15,-8.13282e-11,-5.07689e-15,0.0002,1.21158e-08,-8.13282e-11,1.21158e-08,0.0002,25
-0.601392,-0.513958,1.56503,-0.601548,-0.514026,1.56512,-0.00669245,0.0112423,-0.00496603,26.5154,0.0002,1.41495e-13,1.67915e-09,1.41495e-13,0.0002,1.28493e-08,1.67915e-09,1.28493e-08,0.0002,26
-0.601437,-0.513904,1.56498,-0.601724,-0.513793,1.56476,-0.00683742,0.0112963,-0.00502178,26.5154,0.0002,-1.54968e-13,-2.30907e-09,-1.54968e-13,0.0002,1.16465e-08,-2.30907e-09,1.16465e-08,0.0002,26
-0.601454,-0.513922,1.56499,-0.601627,-0.513886,1.56504,-0.00685415,0.0112785,-0.00501022,26.4538,0.0002,1.25228e-13,1.94533e-09,1.25228e-13,0.0002,1.08373e-08,1.94533e-09,1.08373e-08,0.0002,26
-0.601415,-0.513972,1.56506,-0.601472,-0.51417,1.56533,-0.00681517,0.0112285,-0.00494147,26.9219,0.0002,1.28529e-13,1.28454e-09,1.28529e-13,0.0002,1.37425e-08,1.28454e-09,1.37425e-08,0.0002,28
-0.601434,-0.513969,1.56507,-0.601509,-0.51396,1.56511,-0.00683403,0.0112309,-0.00493199,26.9062,0.0002,7.32207e-14,8.22103e-10,7.32207e-14,0.0002,8.79522e-09,8.22103e-10,8.79522e-09,0.0002,28
-0.601383,-0.513969,1.565,-0.601393,-0.513969,1.56473,-0.00688335,0.0112306,-0.00499877,26.7054,0.0002,6.98435e-14,5.65137e-10,6.98435e-14,0.0002,1.24356e-08,5.65137e-10,1.24356e-08,0.0002,27
-0.601364,-0.514004,1.56496,-0.601391,-0.514033,1.56481,-0.00686378,0.0111965,-0.00503626,26.7364,0.0002,3.03927e-13,3.78475e-09,3.03927e-13,0.0002,1.13424e-08,3.78475e-09,1.13424e-08,0.0002,27
-0.601345,-0.51398,1.56492,-0.601376,-0.513989,1.56477,-0.00694489,0.0112204,-0.00507582,26.7442,0.0002,-1.0243e-14,-9.61247e-10,-1.0243e-14,0.0002,1.06823e-08,-9.61247e-10,1.06823e-08,0.0002,27
-0.601325,-0.514,1.56501,-0.601406,-0.51403,1.56504,-0.00692531,0.0111995,-0.00498984,26.4923,0.0002,1.13692e-13,1.11604e-09,1.13692e-13,0.0002,1.19318e-08,1.11604e-09,1.19318e-08,0.0002,26
-0.601306,-0.514004,1.56492,-0.601387,-0.514069,1.56489,-0.00690562,0.0111963,-0.00507675,26.5308,0.0002,-4.99702e-14,-9.57456e-10,-4.99702e-14,0.0002,1.27514e-08,-9.57456e-10,1.27514e-08,0.0002,26
-0.601316,-0.514024,1.56504,-0.601412,-0.514054,1.56519,-0.00691627,0.0111755,-0.00495949,26.5538,0.0002,7.81309e-14,1.09875e-09,7.81309e-14,0.0002,9.85267e-09,1.09875e-09,9.85267e-09,0.0002,26
-0.601272,-0.514016,1.56494,-0.601254,-0.514036,1.56483,-0.00697182,0.0111837,-0.00506462,26.5231,0.0002,-5.72386e-14,-9.68675e-10,-5.72386e-14,0.0002,1.14206e-08,-9.68675e-10,1.14206e-08,0.0002,26
-0.601201,-0.514024,1.56498,-0.601133,-0.514054,1.56518,-0.00690145,0.011176,-0.00501657,26.5231,0.0002,-5.49654e-14,-5.80058e-10,-5.49654e-14,0.0002,1.41159e-08,-5.80058e-10,1.41159e-08,0.0002,26
-0.601165,-0.514041,1.56502,-0.601021,-0.51411,1.56516,-0.00686536,0.0111589,-0.00498217,26.5231,0.0002,-3.09856e-14,-3.71237e-10,-3.09856e-14,0.0002,9.03416e-09,-3.71237e-10,9.03416e-09,0.0002,26
-0.601113,-0.514072,1.56507,-0.601117,-0.514192,1.56526,-0.00691305,0.0111284,-0.00493309,26.5077,0.0002,-2.54772e-14,-1.98259e-10,-2.54772e-14,0.0002,1.25885e-08,-1.98259e-10,1.25885e-08,0.0002,26
-0.601092,-0.514112,1.56509,-0.60122,-0.514272,1.56519,-0.00689189,0.0110882,-0.00490889,26.5231,0.0002,-1.68914e-14,-8.78871e-11,-1.68914e-14,0.0002,1.48633e-08,-8.78871e-11,1.48633e-08,0.0002,26
-0.601066,-0.514113,1.56512,-0.600965,-0.514116,1.56523,-0.00686647,0.0110873,-0.00488128,26.3588,0.0002,-1.01417e-14,-5.62477e-11,-1.01417e-14,0.0002,9.51253e-09,-5.62477e-11,9.51253e-09,0.0002,25
-0.60102,-0.514114,1.56513,-0.601048,-0.514117,1.5652,-0.00692033,0.0110861,-0.00486578,26.3282,0.0002,-4.55446e-15,2.64749e-12,-4.55446e-15,0.0002,1.28947e-08,2.64749e-12,1.28947e-08,0.0002,25
-0.600996,-0.514145,1.56516,-0.601002,-0.514161,1.56528,-0.00689557,0.0110552,-0.0048366,26.2366,0.0002,2.58475e-13,3.4243e-09,2.58475e-13,0.0002,1.16367e-08,3.4243e-09,1.16367e-08,0.0002,25
-0.60097,-0.514139,1.56517,-0.600973,-0.51422,1.56518,-0.00686969,0.0110613,-0.00483297,26.5308,0.0002,-4.71621e-14,-1.19261e-09,-4.71621e-14,0.0002,1.087e-08,-1.19261e-09,1.087e-08,0.0002,26
-0.600952,-0.514131,1.56515,-0.600989,-0.513991,1.56509,-0.00695244,0.0110695,-0.00484932,26.4615,0.0002,1.91762e-13,2.65922e-09,1.91762e-13,0.0002,1.0341e-08,2.65922e-09,1.0341e-08,0.0002,26
-0.600948,-0.514092,1.56519,-0.601088,-0.513992,1.56503,-0.00694755,0.0111077,-0.00481021,26.5385,0.0002,3.69369e-14,2.86499e-11,3.69369e-14,0.0002,1.17327e-08,2.86499e-11,1.17327e-08,0.0002,26
-0.600862,-0.514062,1.56501,-0.600627,-0.513938,1.56494,-0.00686219,0.0111384,-0.00498705,26.4923,0.0002,2.52821e-14,3.79573e-11,2.52821e-14,0.0002,1.09123e-08,3.79573e-11,1.09123e-08,0.0002,26
-0.600823,-0.514085,1.56521,-0.60077,-0.51418,1.56536,-0.00692253,0.0111146,-0.00478994,26.4538,0.0002,1.78159e-14,4.34354e-11,1.78159e-14,0.0002,1.03872e-08,4.34354e-11,1.03872e-08,0.0002,26
-0.600797,-0.514084,1.56511,-0.600853,-0.514022,1.56501,-0.00689675,0.0111165,-0.00489333,26.5154,0.0002,1.45468e-13,1.75839e-09,1.45468e-13,0.0002,1.17432e-08,1.75839e-09,1.17432e-08,0.0002,26
-0.600755,-0.514093,1.56508,-0.600694,-0.514129,1.56499,-0.00685493,0.0111074,-0.00491737,26.7132,0.0002,1.09049e-13,1.14473e-09,1.09049e-13,0.0002,1.0919e-08,1.14473e-09,1.0919e-08,0.0002,27
-0.600752,-0.514108,1.5651,-0.6009,-0.514222,1.56486,-0.00695201,0.0110919,-0.0048975,26.6977,0.0002,-4.48869e-14,-9.40276e-10,-4.48869e-14,0.0002,1.21027e-08,-9.40276e-10,1.21027e-08,0.0002,27
-0.600733,-0.514119,1.56499,-0.60071,-0.514109,1.56486,-0.00693299,0.0110809,-0.00500986,26.5308,0.0002,7.64174e-14,1.10972e-09,7.64174e-14,0.0002,9.43759e-09,1.10972e-09,9.43759e-09,0.0002,26
-0.600638,-0.514133,1.56503,-0.600473,-0.514189,1.56519,-0.0068385,0.0110668,-0.00496938,26.4769,0.0002,7.86014e-14,7.49739e-10,7.86014e-14,0.0002,1.28467e-08,7.49739e-10,1.28467e-08,0.0002,26
-0.600605,-0.514107,1.56499,-0.600524,-0.514055,1.56512,-0.00690498,0.0110929,-0.00501476,26.5692,0.0002,-5.95179e-14,-1.21189e-09,-5.95179e-14,0.0002,9.93352e-09,-1.21189e-09,9.93352e-09,0.0002,26
-0.600558,-0.514121,1.56506,-0.600527,-0.514125,1.56504,-0.0068576,0.0110785,-0.00494116,26.7829,0.0002,7.22315e-14,9.55321e-10,7.22315e-14,0.0002,1.14527e-08,9.55321e-10,1.14527e-08,0.0002,27
-0.600496,-0.514149,1.56507,-0.600408,-0.514204,1.56545,-0.00679578,0.0110511,-0.00492657,26.7054,0.0002,2.02241e-13,2.34277e-09,2.02241e-13,0.0002,1.24248e-08,2.34277e-09,1.24248e-08,0.0002,27
-0.600498,-0.514117,1.56509,-0.600614,-0.514094,1.56517,-0.00689812,0.0110832,-0.00490671,26.7287,0.0002,-1.04383e-13,-1.88449e-09,-1.04383e-13,0.0002,1.13747e-08,-1.88449e-09,1.13747e-08,0.0002,27
-0.600451,-0.514075,1.56516,-0.600422,-0.513962,1.56511,-0.006851,0.0111247,-0.0048407,26.6899,0.0002,-2.32387e-13,-2.87903e-09,-2.32387e-13,0.0002,1.23944e-08,-2.87903e-09,1.23944e-08,0.0002,27
-0.600421,-0.514109,1.56506,-0.600352,-0.514191,1.56499,-0.00682054,0.0110909,-0.00493783,26.5,0.0002,-4.28249e-14,-1.31185e-10,-4.28249e-14,0.0002,9.62435e-09,-1.31185e-10,9.62435e-09,0.0002,26
-0.600356,-0.514114,1.56508,-0.60031,-0.51413,1.56517,-0.00685588,0.0110865,-0.00491542,26.5077,0.0002,-2.71906e-14,-4.49273e-11,-2.71906e-14,0.0002,1.29663e-08,-4.49273e-11,1.29663e-08,0.0002,26
-0.600312,-0.514144,1.56525,-0.600245,-0.514265,1.56526,-0.0068124,0.0110561,-0.00475383,26.5154,0.0002,-1.62946e-14,-9.85451e-12,-1.62946e-14,0.0002,1.17017e-08,-9.85451e-12,1.17017e-08,0.0002,26
-0.600295,-0.514171,1.5651,-0.600333,-0.514279,1.56517,-0.00679519,0.0110291,-0.00489688,26.4923,0.0002,-9.12152e-15,1.31226e-11,-9.12152e-15,0.0002,1.08925e-08,1.31226e-11,1.08925e-08,0.0002,26
-0.600313,-0.514192,1.56508,-0.600544,-0.514221,1.56468,-0.00691313,0.0110082,-0.00491844,26.6977,0.0002,1.3139e-13,1.73873e-09,1.3139e-13,0.0002,1.20666e-08,1.73873e-09,1.20666e-08,0.0002,27
-0.600275,-0.514151,1.56507,-0.600229,-0.513985,1.565,-0.006875,0.0110495,-0.00493424,26.7364,0.0002,9.96209e-14,1.13223e-09,9.96209e-14,0.0002,1.1126e-08,1.13223e-09,1.1126e-08,0.0002,27
-0.600227,-0.514072,1.56494,-0.600195,-0.513808,1.56475,-0.00682703,0.0111284,-0.00506187,26.7209,0.0002,-5.26239e-14,-9.47377e-10,-5.26239e-14,0.0002,1.22355e-08,-9.47377e-10,1.22355e-08,0.0002,27
-0.600218,-0.514033,1.56498,-0.600234,-0.513825,1.56485,-0.00691791,0.0111671,-0.00501547,26.7442,0.0002,7.24787e-14,1.10518e-09,7.24787e-14,0.0002,9.52256e-09,1.10518e-09,9.52256e-09,0.0002,27
-0.600167,-0.514029,1.56496,-0.600178,-0.514013,1.56485,-0.00686731,0.0111708,-0.00504281,26.7054,0.0002,7.59421e-14,7.46875e-10,7.59421e-14,0.0002,1.29011e-08,7.46875e-10,1.29011e-08,0.0002,27
-0.600168,-0.513986,1.56489,-0.600276,-0.513917,1.56464,-0.00686774,0.0112143,-0.00510621,26.6977,0.0002,-2.04933e-13,-2.90546e-09,-2.04933e-13,0.0002,1.16799e-08,-2.90546e-09,1.16799e-08,0.0002,27
-0.600148,-0.51401,1.56492,-0.600176,-0.514001,1.565,-0.00694823,0.0111899,-0.00508476,26.7674,0.0002,8.88794e-14,1.56393e-09,8.88794e-14,0.0002,1.08584e-08,1.56393e-09,1.08584e-08,0.0002,27
-0.60007,-0.513969,1.56487,-0.599969,-0.513803,1.56468,-0.00686979,0.0112311,-0.00513149,26.6822,0.0002,9.65114e-14,1.04094e-09,9.65114e-14,0.0002,1.3756e-08,1.04094e-09,1.3756e-08,0.0002,27
-0.600052,-0.513956,1.56485,-0.599982,-0.513904,1.5648,-0.00685215,0.011244,-0.00514532,26.7519,0.0002,5.44358e-14,6.66204e-10,5.44358e-14,0.0002,8.80386e-09,6.66204e-10,8.80386e-09,0.0002,27
-0.600043,-0.513918,1.56478,-0.600217,-0.513765,1.5645,-0.00694256,0.0112819,-0.00521655,26.6589,0.0002,5.41834e-14,4.66814e-10,5.41834e-14,0.0002,1.24411e-08,4.66814e-10,1.24411e-08,0.0002,27
-0.600007,-0.513945,1.56491,-0.59992,-0.514001,1.56512,-0.00690744,0.0112546,-0.00508605,26.7442,0.0002,1.43467e-13,2.01052e-09,1.43467e-13,0.0002,9.6539e-09,2.01052e-09,9.6539e-09,0.0002,27
-0.599956,-0.513953,1.56483,-0.599909,-0.514034,1.5648,-0.00685571,0.0112473,-0.00517327,26.7442,0.0002,1.21207e-15,-3.84495e-10,1.21207e-15,0.0002,1.12936e-08,-3.84495e-10,1.12936e-08,0.0002,27
-0.59995,-0.513944,1.56483,-0.600033,-0.513908,1.56484,-0.00684984,0.011256,-0.00516968,26.7364,0.0002,-1.07951e-15,-2.2576e-10,-1.07951e-15,0.0002,1.06313e-08,-2.2576e-10,1.06313e-08,0.0002,27
-0.599906,-0.513911,1.56477,-0.59989,-0.513834,1.56486,-0.00690585,0.0112885,-0.00522805,26.7364,0.0002,-1.35003e-13,-1.81529e-09,-1.35003e-13,0.0002,1.19193e-08,-1.81529e-09,1.19193e-08,0.0002,27
-0.599871,-0.5139,1.56476,-0.599837,-0.513747,1.5647,-0.00687087,0.0113,-0.00524157,26.7519,0.0002,1.46294e-13,2.26205e-09,1.46294e-13,0.0002,1.10112e-08,2.26205e-09,1.10112e-08,0.0002,27
-0.599834,-0.513872,1.56484,-0.599849,-0.51381,1.56487,-0.00693447,0.0113284,-0.00515588,26.7054,0.0002,-3.91852e-15,-2.23536e-10,-3.91852e-15,0.0002,1.21623e-08,-2.23536e-10,1.21623e-08,0.0002,27
-0.599843,-0.513885,1.56472,-0.599929,-0.513885,1.56452,-0.00694284,0.011315,-0.00528489,26.7442,0.0002,1.03746e-13,1.56887e-09,1.03746e-13,0.0002,9.47526e-09,1.56887e-09,9.47526e-09,0.0002,27
-0.599807,-0.513866,1.56483,-0.599824,-0.513844,1.56497,-0.00690709,0.0113337,-0.00517012,26.7132,0.0002,-3.01024e-14,-6.66952e-10,-3.01024e-14,0.0002,1.11794e-08,-6.66952e-10,1.11794e-08,0.0002,27
-0.599759,-0.513868,1.56474,-0.599727,-0.513819,1.56471,-0.00685926,0.0113323,-0.00525801,26.7054,0.0002,1.09554e-13,1.30568e-09,1.09554e-13,0.0002,1.22495e-08,1.30568e-09,1.22495e-08,0.0002,27
-0.599705,-0.513911,1.56493,-0.599592,-0.514084,1.56503,-0.00690455,0.011289,-0.00507417,26.7054,0.0002,8.20697e-14,8.557e-10,8.20697e-14,0.0002,1.1243e-08,8.557e-10,1.1243e-08,0.0002,27
-0.599689,-0.513887,1.56472,-0.599735,-0.513789,1.56451,-0.00688942,0.0113132,-0.00528482,26.7364,0.0002,6.12574e-14,5.68168e-10,6.12574e-14,0.0002,1.05989e-08,5.68168e-10,1.05989e-08,0.0002,27
-0.599671,-0.513858,1.56479,-0.599757,-0.513797,1.56476,-0.00687096,0.0113416,-0.00521259,26.5154,0.0002,-8.21521e-14,-1.3074e-09,-8.21521e-14,0.0002,1.18985e-08,-1.3074e-09,1.18985e-08,0.0002,26
-0.59964,-0.513892,1.56481,-0.599625,-0.514026,1.56489,-0.00684047,0.0113081,-0.00519243,26.5231,0.0002,-6.18218e-14,-8.16284e-10,-6.18218e-14,0.0002,1.10184e-08,-8.16284e-10,1.10184e-08,0.0002,26
-0.599622,-0.513883,1.56473,-0.599708,-0.513792,1.56475,-0.0069221,0.0113172,-0.00526773,26.4692,0.0002,8.56829e-14,1.21022e-09,8.56829e-14,0.0002,1.21464e-08,1.21022e-09,1.21464e-08,0.0002,26
-0.599581,-0.513866,1.56479,-0.599468,-0.513854,1.56471,-0.00688061,0.0113336,-0.00520868,26.5692,0.0002,-4.9281e-14,-9.1694e-10,-4.9281e-14,0.0002,9.48556e-09,-9.1694e-10,9.48556e-09,0.0002,26
-0.599541,-0.513845,1.56468,-0.599543,-0.513705,1.56457,-0.00694132,0.011355,-0.0053162,26.5077,0.0002,8.0255e-14,1.14588e-09,8.0255e-14,0.0002,1.11654e-08,1.14588e-09,1.11654e-08,0.0002,26
-0.599498,-0.513836,1.56477,-0.599483,-0.513853,1.56479,-0.00689759,0.011364,-0.00523068,26.5462,0.0002,-6.5013e-14,-9.375e-10,-6.5013e-14,0.0002,1.22611e-08,-9.375e-10,1.22611e-08,0.0002,26
-0.599463,-0.513831,1.56468,-0.599486,-0.513756,1.56466,-0.00686338,0.0113691,-0.00531648,26.7054,0.0002,9.1387e-14,1.13284e-09,9.1387e-14,0.0002,1.29417e-08,1.13284e-09,1.29417e-08,0.0002,27
-0.59949,-0.513806,1.56472,-0.599651,-0.513757,1.56456,-0.00689012,0.0113944,-0.00527777,26.7054,0.0002,-5.18119e-14,-9.66382e-10,-5.18119e-14,0.0002,9.99463e-09,-9.66382e-10,9.99463e-09,0.0002,27
-0.599482,-0.513826,1.56474,-0.599557,-0.513908,1.56484,-0.00698221,0.0113739,-0.00525506,26.7829,0.0002,-4.06983e-14,-5.97812e-10,-4.06983e-14,0.0002,9.79989e-09,-5.97812e-10,9.79989e-09,0.0002,27
-0.599359,-0.513899,1.5649,-0.599025,-0.514137,1.56523,-0.00685895,0.0113009,-0.00509505,26.6977,0.0002,9.33694e-14,1.34955e-09,9.33694e-14,0.0002,1.13668e-08,1.34955e-09,1.13668e-08,0.0002,27
-0.599314,-0.513939,1.56479,-0.599242,-0.514099,1.56498,-0.00681435,0.0112608,-0.00520734,26.7364,0.0002,7.26357e-14,8.84305e-10,7.26357e-14,0.0002,1.06781e-08,8.84305e-10,1.06781e-08,0.0002,27
-0.599315,-0.513909,1.56487,-0.599425,-0.513789,1.56454,-0.00691519,0.0112907,-0.00512992,26.6899,0.0002,5.56289e-14,5.85848e-10,5.56289e-14,0.0002,1.02373e-08,5.85848e-10,1.02373e-08,0.0002,27
-0.599315,-0.513933,1.56472,-0.599421,-0.514028,1.56473,-0.00691501,0.0112669,-0.00528482,26.7364,0.0002,4.22588e-14,3.95652e-10,4.22588e-14,0.0002,9.9552e-09,3.95652e-10,9.9552e-09,0.0002,27
-0.599268,-0.513937,1.56483,-0.599241,-0.514006,1.56496,-0.00686814,0.0112628,-0.00517148,26.7752,0.0002,-9.24335e-14,-1.41781e-09,-9.24335e-14,0.0002,1.14865e-08,-1.41781e-09,1.14865e-08,0.0002,27
-0.59921,-0.513971,1.56492,-0.599137,-0.514053,1.56498,-0.00691011,0.0112288,-0.00507691,26.7597,0.0002,6.02875e-14,8.2433e-10,6.02875e-14,0.0002,1.24464e-08,8.2433e-10,1.24464e-08,0.0002,27
-0.599217,-0.513926,1.56479,-0.599297,-0.513799,1.56457,-0.00691672,0.0112738,-0.0052102,26.7209,0.0002,-6.81693e-14,-1.16397e-09,-6.81693e-14,0.0002,9.67747e-09,-1.16397e-09,9.67747e-09,0.0002,27
-0.599146,-0.513866,1.56473,-0.599076,-0.513626,1.5645,-0.00684603,0.0113336,-0.00526837,26.7364,0.0002,-6.76484e-14,-7.04053e-10,-6.76484e-14,0.0002,1.30002e-08,-7.04053e-10,1.30002e-08,0.0002,27
-0.59912,-0.513929,1.56492,-0.599069,-0.514128,1.56533,-0.0068201,0.0112705,-0.00508444,26.7752,0.0002,6.88604e-14,1.26126e-09,6.88604e-14,0.0002,1.00116e-08,1.26126e-09,1.00116e-08,0.0002,27
-0.599081,-0.513891,1.56477,-0.599086,-0.513791,1.5645,-0.0068813,0.0113088,-0.00523077,26.6822,0.0002,-6.16722e-14,-8.64035e-10,-6.16722e-14,0.0002,1.15226e-08,-8.64035e-10,1.15226e-08,0.0002,27
-0.599091,-0.513922,1.5649,-0.599181,-0.51399,1.56511,-0.00689061,0.0112782,-0.0050993,26.7287,0.0002,6.13326e-14,1.1588e-09,6.13326e-14,0.0002,9.066e-09,1.1588e-09,9.066e-09,0.0002,27
-0.599009,-0.51391,1.56483,-0.598844,-0.513913,1.56487,-0.00680935,0.0112904,-0.00516795,26.7674,0.0002,-6.09619e-14,-9.29528e-10,-6.09619e-14,0.0002,1.09174e-08,-9.29528e-10,1.09174e-08,0.0002,27
-0.59899,-0.513908,1.5649,-0.598967,-0.513846,1.56484,-0.00689022,0.0112924,-0.00510329,26.7519,0.0002,5.7064e-14,1.11678e-09,5.7064e-14,0.0002,8.67879e-09,1.11678e-09,8.67879e-09,0.0002,27
-0.59895,-0.513873,1.56484,-0.599,-0.513733,1.56462,-0.00684957,0.0113271,-0.00515809,26.6977,0.0002,6.67426e-14,7.54898e-10,6.67426e-14,0.0002,1.23611e-08,7.54898e-10,1.23611e-08,0.0002,27
-0.598938,-0.513864,1.56474,-0.598943,-0.51388,1.56465,-0.0068375,0.0113362,-0.00525992,26.6822,0.0002,-6.34483e-14,-1.20826e-09,-6.34483e-14,0.0002,9.62303e-09,-1.20826e-09,9.62303e-09,0.0002,27
-0.598892,-0.513898,1.56487,-0.598867,-0.513979,1.56507,-0.00689154,0.0113022,-0.00513125,26.7364,0.0002,6.74155e-14,9.5889e-10,6.74155e-14,0.0002,1.12536e-08,9.5889e-10,1.12536e-08,0.0002,27
-0.598859,-0.513886,1.56478,-0.598886,-0.513785,1.56475,-0.00685852,0.0113139,-0.00521795,26.5462,0.0002,1.97937e-13,2.34602e-09,1.97937e-13,0.0002,1.22971e-08,2.34602e-09,1.22971e-08,0.0002,26
-0.598832,-0.513861,1.5648,-0.598778,-0.513812,1.56455,-0.0068318,0.0113392,-0.0052002,26.5538,0.0002,2.24081e-14,-1.90113e-10,2.24081e-14,0.0002,9.58188e-09,-1.90113e-10,9.58188e-09,0.0002,26
-0.598746,-0.513881,1.56483,-0.598615,-0.513963,1.56493,-0.00684592,0.0113185,-0.00517473,26.5615,0.0002,1.33048e-14,-8.08558e-11,1.33048e-14,0.0002,1.29391e-08,-8.08558e-11,1.29391e-08,0.0002,26
-0.598703,-0.513879,1.56482,-0.598745,-0.51387,1.56477,-0.00680319,0.0113206,-0.00518478,26.5231,0.0002,1.07634e-14,-1.11043e-11,1.07634e-14,0.0002,1.50877e-08,-1.11043e-11,1.50877e-08,0.0002,26
-0.598717,-0.51389,1.56475,-0.598771,-0.513932,1.5645,-0.0068167,0.01131,-0.00524833,26.5538,0.0002,6.97438e-15,-7.10674e-12,6.97438e-15,0.0002,9.65611e-09,-7.10674e-12,9.65611e-09,0.0002,26
-0.598711,-0.513855,1.56471,-0.598901,-0.513716,1.56453,-0.00691103,0.0113446,-0.00529355,26.5077,0.0002,7.80208e-15,3.65961e-11,7.80208e-15,0.0002,1.29866e-08,3.65961e-11,1.29866e-08,0.0002,26
-0.598746,-0.513847,1.56468,-0.598884,-0.513811,1.5646,-0.00694553,0.0113535,-0.00531512,26.5154,0.0002,4.75e-15,2.34215e-11,4.75e-15,0.0002,8.3114e-09,2.34215e-11,8.3114e-09,0.0002,26
-0.598657,-0.513834,1.56465,-0.598518,-0.513782,1.56451,-0.00685739,0.0113661,-0.00535028,25.5039,0.0002,6.92022e-15,5.65888e-11,6.92022e-15,0.0002,1.2126e-08,5.65888e-11,1.2126e-08,0.0002,26
-0.598763,-0.511505,1.56397,-0.599289,-0.50208,1.56123,-0.00706252,0.0136954,-0.00603426,39.8475,0.0002,2.55283e-13,3.46046e-09,2.55283e-13,0.0002,1.1143e-08,3.46046e-09,1.1143e-08,0.0002,15
-0.598944,-0.50938,1.56322,-0.59983,-0.500934,1.5599,-0.00724409,0.0158198,-0.00678436,40.576,0.0002,8.39963e-14,5.47505e-10,8.39963e-14,0.0002,1.2248e-08,5.47505e-10,1.2248e-08,0.0002,15
-0.599003,-0.509682,1.56293,-0.59929,-0.510941,1.56211,-0.00730251,0.0155183,-0.00706935,25.5039,0.0002,-5.15989e-14,-1.33821e-09,-5.15989e-14,0.0002,9.5534e-09,-1.33821e-09,9.5534e-09,0.0002,26
-0.599046,-0.509934,1.56287,-0.599378,-0.510888,1.5623,-0.00744579,0.0152662,-0.00713292,25.5504,0.0002,7.2964e-14,8.84941e-10,7.2964e-14,0.0002,1.12059e-08,8.84941e-10,1.12059e-08,0.0002,26
-0.599007,-0.510223,1.5628,-0.599011,-0.511326,1.56285,-0.00740699,0.0149769,-0.00719928,25.5504,0.0002,2.00775e-13,2.30889e-09,2.00775e-13,0.0002,1.2263e-08,2.30889e-09,1.2263e-08,0.0002,26
-0.599007,-0.510408,1.56279,-0.59906,-0.511199,1.56244,-0.00740692,0.0147923,-0.00720776,25.5349,0.0002,2.4681e-14,-2.10484e-10,2.4681e-14,0.0002,9.56346e-09,-2.10484e-10,9.56346e-09,0.0002,26
-0.598997,-0.510591,1.56271,-0.59917,-0.511322,1.56238,-0.00739693,0.014609,-0.00729113,25.5426,0.0002,1.54312e-14,-8.02281e-11,1.54312e-14,0.0002,1.29272e-08,-8.02281e-11,1.29272e-08,0.0002,26
-0.598924,-0.510745,1.56263,-0.598736,-0.511359,1.56295,-0.00742351,0.0144551,-0.00736907,25.5581,0.0002,1.14108e-14,-2.32812e-11,1.14108e-14,0.0002,1.16767e-08,-2.32812e-11,1.16767e-08,0.0002,26
-0.59891,-0.510851,1.56279,-0.598963,-0.511275,1.56282,-0.00741006,0.014349,-0.00720524,25.5504,0.0002,9.05426e-15,1.23495e-11,9.05426e-15,0.0002,1.08764e-08,1.23495e-11,1.08764e-08,0.0002,26
-0.598899,-0.510964,1.56268,-0.598962,-0.511418,1.56286,-0.00739918,0.0142355,-0.00731873,25.4884,0.0002,7.79141e-15,3.56761e-11,7.79141e-15,0.0002,1.03641e-08,3.56761e-11,1.03641e-08,0.0002,26
-0.598829,-0.511094,1.56288,-0.598656,-0.511613,1.56302,-0.00742925,0.0141056,-0.00712403,25.5426,0.0002,7.0906e-15,4.99109e-11,7.0906e-15,0.0002,1.00363e-08,4.99109e-11,1.00363e-08,0.0002,26
-0.59876,-0.511213,1.56286,-0.598642,-0.511635,1.5631,-0.00735991,0.0139866,-0.0071437,25.4884,0.0002,1.37018e-13,1.77442e-09,1.37018e-13,0.0002,1.15146e-08,1.77442e-09,1.15146e-08,0.0002,26
-0.598743,-0.511322,1.56282,-0.598837,-0.511809,1.56298,-0.00734341,0.013878,-0.00718241,25.5271,0.0002,-2.07204e-14,-5.25071e-10,-2.07204e-14,0.0002,1.24879e-08,-5.25071e-10,1.24879e-08,0.0002,26
-0.598772,-0.51145,1.56285,-0.59894,-0.511909,1.56268,-0.00747216,0.0137499,-0.00714669,25.5194,0.0002,9.5329e-14,1.37904e-09,9.5329e-14,0.0002,9.68045e-09,1.37904e-09,9.68045e-09,0.0002,26
-0.598728,-0.510993,1.56286,-0.598941,-0.511554,1.56257,-0.00742769,0.0137072,-0.00713985,25.5194,0.0002,-9.26351e-12,-7.55977e-08,-9.26351e-12,0.0002,1.87092e-08,-7.55977e-08,1.87092e-08,0.0002,26
-0.598672,-0.509775,1.56282,-0.599084,-0.510802,1.56232,-0.00757242,0.0133249,-0.00718339,25.5426,0.0002,-5.14712e-11,-2.37118e-07,-5.14712e-11,0.0002,3.2176e-08,-2.37118e-07,3.2176e-08,0.0002,26
-0.598639,-0.508172,1.56261,-0.599476,-0.509781,1.56147,-0.00773893,0.0127281,-0.00738931,26.5158,0.000200001,-1.46714e-10,-4.08474e-07,-1.46714e-10,0.0002,5.15505e-08,-4.08474e-07,5.15505e-08,0.0002,26
-0.59857,-0.506202,1.56204,-0.599338,-0.508415,1.56037,-0.00786963,0.0121984,-0.00796356,26.5235,0.000200002,-2.80892e-10,-5.84477e-07,-2.80892e-10,0.0002,6.63194e-08,-5.84477e-07,6.63194e-08,0.000199999,26
-0.598671,-0.504302,1.56127,-0.600241,-0.507224,1.55885,-0.00827057,0.0112975,-0.00872709,27.1107,0.000200004,-4.26423e-10,-7.1068e-07,-4.26423e-10,0.0002,7.94815e-08,-7.1068e-07,7.94815e-08,0.000199999,26
-0.598852,-0.501555,1.56041,-0.600696,-0.505444,1.55696,-0.00875191,0.0110448,-0.00958878,28.9511,0.000200006,-6.17795e-10,-9.30987e-07,-6.17795e-10,0.0002,8.60341e-08,-9.30987e-07,8.60341e-08,0.000199998,26
-0.59901,-0.499742,1.55931,-0.60106,-0.504068,1.55555,-0.00920964,0.00965752,-0.0106862,30.2121,0.000200008,-7.72045e-10,-9.66339e-07,-7.72045e-10,0.0002,9.98104e-08,-9.66339e-07,9.98104e-08,0.000199998,26
-0.59931,-0.497319,1.55824,-0.601666,-0.502394,1.55393,-0.00980972,0.00838106,-0.0117607,31.4878,0.00020001,-9.01083e-10,-1.09113e-06,-9.01083e-10,0.0002,9.99377e-08,-1.09113e-06,9.99377e-08,0.000199997,27
-0.598682,-0.493851,1.55849,-0.59762,-0.494536,1.56015,-0.00938228,0.00824857,-0.0115065,28.3774,0.000200011,-1.07357e-09,-1.16401e-06,-1.07357e-09,0.0002,1.10724e-07,-1.16401e-06,1.10724e-07,0.000199996,27
-0.598318,-0.490707,1.55856,-0.598157,-0.492843,1.55853,-0.00931755,0.00769342,-0.0114366,28.3422,0.000200013,-1.17115e-09,-1.21584e-06,-1.17115e-09,0.0002,1.12356e-07,-1.21584e-06,1.12356e-07,0.000199996,27
-0.598096,-0.487754,1.5581,-0.598576,-0.49103,1.55689,-0.00939635,0.00684596,-0.0118975,28.3173,0.000200014,-1.26671e-09,-1.26089e-06,-1.26671e-09,0.0002,1.15328e-07,-1.26089e-06,1.15328e-07,0.000199995,27
-0.598047,-0.485012,1.5575,-0.599234,-0.489237,1.55509,-0.00964737,0.00588761,-0.0124996,28.3044,0.000200015,-1.34181e-09,-1.29311e-06,-1.34181e-09,0.0002,1.17419e-07,-1.29311e-06,1.17419e-07,0.000199995,27
-0.598138,-0.482583,1.55655,-0.599844,-0.487684,1.55304,-0.0100383,0.00451687,-0.0134534,28.2793,0.000200015,-1.3744e-09,-1.30181e-06,-1.3744e-09,0.0002,1.17228e-07,-1.30181e-06,1.17228e-07,0.000199995,27
-0.597134,-0.479198,1.55753,-0.594408,-0.476811,1.56275,-0.00933408,0.00490195,-0.0114711,29.22,0.000200014,-1.31008e-09,-1.18991e-06,-1.31008e-09,0.0002,1.17662e-07,-1.18991e-06,1.17662e-07,0.000199995,27
-0.596413,-0.477016,1.55833,-0.59467,-0.476041,1.56217,-0.00891288,0.00528366,-0.0106729,29.2405,0.000200011,-1.13684e-09,-1.00949e-06,-1.13684e-09,0.0002,1.12668e-07,-1.00949e-06,1.12668e-07,0.000199995,27
-0.595853,-0.475956,1.55881,-0.594765,-0.475586,1.56171,-0.00865311,0.00544366,-0.010188,29.2176,0.000200008,-9.16397e-10,-7.69828e-07,-9.16397e-10,0.0002,1.09418e-07,-7.69828e-07,1.09418e-07,0.000199996,27
-0.59541,-0.475414,1.55917,-0.594824,-0.475357,1.56123,-0.00840964,0.00538629,-0.00983262,29.1662,0.000200005,-7.15117e-10,-5.60295e-07,-7.15117e-10,0.0002,1.08287e-07,-5.60295e-07,1.08287e-07,0.000199997,27
-0.595093,-0.475134,1.55938,-0.594847,-0.475332,1.56117,-0.0083928,0.00536634,-0.00962194,29.2263,0.000200003,-5.32132e-10,-4.00743e-07,-5.32132e-10,0.0002,1.02138e-07,-4.00743e-07,1.02138e-07,0.000199998,27
-0.594866,-0.475077,1.55996,-0.594709,-0.47548,1.56167,-0.00836621,0.00532318,-0.00903713,29.2007,0.000200002,-3.71915e-10,-2.76626e-07,-3.71915e-10,0.0002,8.94204e-08,-2.76626e-07,8.94204e-08,0.000199999,27
-0.594223,-0.474303,1.5605,-0.592132,-0.471788,1.56295,-0.00782294,0.0058972,-0.00850257,23.0504,0.000200001,-2.52246e-10,-1.95591e-07,-2.52246e-10,0.0002,7.27476e-08,-1.95591e-07,7.27476e-08,0.000199999,27
-0.593725,-0.47367,1.56103,-0.592161,-0.471454,1.56317,-0.00742518,0.00652997,-0.007969,23.0576,0.000200001,-1.69404e-10,-1.35247e-07,-1.69404e-10,0.0002,6.02764e-08,-1.35247e-07,6.02764e-08,0.000199999,27
-0.593255,-0.472219,1.56148,-0.591998,-0.470821,1.56295,-0.00715458,0.0070815,-0.00752118,23.0576,0.000200001,-1.69956e-10,-2.27611e-07,-1.69956e-10,0.0002,5.86626e-08,-2.27611e-07,5.86626e-08,0.0002,27
-0.592905,-0.470367,1.56179,-0.59226,-0.469813,1.56271,-0.00690504,0.00703325,-0.00721188,23.0576,0.000200001,-2.13809e-10,-3.64975e-07,-2.13809e-10,0.0002,6.1693e-08,-3.64975e-07,6.1693e-08,0.0002,27
-0.592998,-0.465255,1.56013,-0.594398,-0.456123,1.5538,-0.00729776,0.00934507,-0.00887156,33.7478,0.000200003,-3.4513e-10,-5.95765e-07,-3.4513e-10,0.0002,7.17047e-08,-5.95765e-07,7.17047e-08,0.000199999,11
-0.593206,-0.460381,1.55814,-0.595162,-0.452889,1.5502,-0.00770597,0.0111188,-0.0108555,35.6896,0.000200004,-4.89206e-10,-7.65519e-07,-4.89206e-10,0.0002,8.06218e-08,-7.65519e-07,8.06218e-08,0.000199999,11
-0.592831,-0.458462,1.55809,-0.592405,-0.460343,1.55852,-0.00763061,0.0104383,-0.00990861,25.2679,0.000200005,-5.65515e-10,-7.95814e-07,-5.65515e-10,0.0002,8.61491e-08,-7.95814e-07,8.61491e-08,0.000199998,27
-0.59257,-0.457383,1.55794,-0.592676,-0.459967,1.55796,-0.00756951,0.010017,-0.0100618,25.8531,0.000200005,-5.83386e-10,-7.3008e-07,-5.83386e-10,0.0002,9.20115e-08,-7.3008e-07,9.20115e-08,0.000199998,27
-0.592342,-0.457256,1.55758,-0.592532,-0.45982,1.55804,-0.00764174,0.00934373,-0.0104219,25.7007,0.000200003,-5.08106e-10,-5.65484e-07,-5.08106e-10,0.0002,9.42337e-08,-5.65484e-07,9.42337e-08,0.000199999,27
-0.592191,-0.457352,1.55757,-0.592676,-0.459634,1.55753,-0.00779089,0.00874823,-0.0104317,25.1716,0.000200002,-4.1862e-10,-4.22715e-07,-4.1862e-10,0.0002,9.51499e-08,-4.22715e-07,9.51499e-08,0.000199999,27
-0.592121,-0.457656,1.55755,-0.592756,-0.459869,1.55779,-0.00792062,0.00824445,-0.0104502,25.8285,0.000200002,-3.18363e-10,-3.02481e-07,-3.18363e-10,0.0002,9.02522e-08,-3.02481e-07,9.02522e-08,0.000199999,27
-0.591563,-0.45726,1.55822,-0.589919,-0.45615,1.56059,-0.00746257,0.00843989,-0.0097784,23.2929,0.000200001,-2.21391e-10,-2.08655e-07,-2.21391e-10,0.0002,7.668e-08,-2.08655e-07,7.668e-08,0.000199999,27
-0.590341,-0.45688,1.55876,-0.589555,-0.456108,1.56125,-0.0071406,0.00872006,-0.00923576,23.2286,0.000200001,-2.76858e-10,-1.57405e-07,-2.76858e-10,0.0002,1.80418e-07,-1.57405e-07,1.80418e-07,0.0002,27
-0.588616,-0.456638,1.55931,-0.589276,-0.456222,1.56215,-0.00741645,0.0087624,-0.00868617,23.3012,0.0002,-3.63524e-10,-1.18212e-07,-3.63524e-10,0.000200001,3.57338e-07,-1.18212e-07,3.57338e-07,0.0002,27
-0.586607,-0.456462,1.55985,-0.589269,-0.45655,1.5623,-0.00810749,0.00873799,-0.0081512,23.2714,0.0002,-4.74585e-10,-1.00628e-07,-4.74585e-10,0.000200002,5.71047e-07,-1.00628e-07,5.71047e-07,0.000199999,27
-0.584619,-0.456406,1.56041,-0.589171,-0.45696,1.56298,-0.00921922,0.00859431,-0.00758896,23.2929,0.0002,-5.66638e-10,-8.89185e-08,-5.66638e-10,0.000200004,7.65658e-07,-8.89185e-08,7.65658e-07,0.000199999,27
-0.58284,-0.456403,1.56098,-0.58913,-0.457223,1.56323,-0.0108395,0.00829697,-0.00702482,23.2643,0.0002,-6.45932e-10,-8.30825e-08,-6.45932e-10,0.000200006,9.19134e-07,-8.30825e-08,9.19134e-07,0.000199998,27
-0.579046,-0.455833,1.56074,-0.577972,-0.454425,1.56077,-0.0105459,0.00866709,-0.00625538,22.8085,0.0002,-7.21358e-10,-8.09662e-08,-7.21358e-10,0.000200008,1.03948e-06,-8.09662e-08,1.03948e-06,0.000199997,26
-0.575843,-0.455427,1.5608,-0.577555,-0.454563,1.56133,-0.0109426,0.00887335,-0.00620086,22.8511,0.0002,-7.56267e-10,-7.6038e-08,-7.56267e-10,0.00020001,1.13008e-06,-7.6038e-08,1.13008e-06,0.000199997,26
-0.573237,-0.455113,1.56082,-0.577501,-0.454675,1.56154,-0.0120372,0.00898684,-0.00617882,22.8227,0.0002,-7.92575e-10,-7.4522e-08,-7.92575e-10,0.000200012,1.19319e-06,-7.4522e-08,1.19319e-06,0.000199996,26
-0.571139,-0.454901,1.56083,-0.577644,-0.454865,1.56151,-0.0136389,0.00889932,-0.00616811,22.8085,0.0002,-8.2095e-10,-7.3493e-08,-8.2095e-10,0.000200013,1.24037e-06,-7.3493e-08,1.24037e-06,0.000199996,26
-0.569413,-0.454798,1.56084,-0.577458,-0.455149,1.56183,-0.0156126,0.00880217,-0.00615852,22.8369,0.0002,-8.27194e-10,-7.10827e-08,-8.27194e-10,0.000200014,1.27226e-06,-7.10827e-08,1.27226e-06,0.000199995,26
-0.568024,-0.45472,1.56097,-0.577527,-0.455277,1.56179,-0.0180239,0.00867986,-0.00603146,23.1511,0.0002,-8.60845e-10,-7.29896e-08,-8.60845e-10,0.000200015,1.29609e-06,-7.29896e-08,1.29609e-06,0.000199995,28
-0.562975,-0.454032,1.56028,-0.55768,-0.452075,1.55816,-0.0166752,0.00916757,-0.00671736,25.2113,0.0002,-8.70412e-10,-7.25823e-08,-8.70412e-10,0.000200015,1.30623e-06,-7.25823e-08,1.30623e-06,0.000199995,27
-0.558867,-0.453601,1.55996,-0.557493,-0.452614,1.55896,-0.016367,0.00929876,-0.00604333,25.2183,0.0002,-8.61451e-10,-7.02768e-08,-8.61451e-10,0.000200016,1.31781e-06,-7.02768e-08,1.31781e-06,0.000199994,27
-0.556178,-0.449356,1.55728,-0.560326,-0.433087,1.54708,-0.0173781,0.0133443,-0.00871938,43.0539,0.0002,-8.64579e-10,-7.03636e-08,-8.64579e-10,0.000200016,1.32015e-06,-7.03636e-08,1.32015e-06,0.000199994,0
-0.554121,-0.445467,1.55476,-0.560906,-0.430584,1.54454,-0.0191213,0.017033,-0.0112421,43.536,0.0002,-8.57624e-10,-6.9173e-08,-8.57624e-10,0.000200016,1.32511e-06,-6.9173e-08,1.32511e-06,0.000199994,0
-0.55263,-0.441867,1.55217,-0.561677,-0.427991,1.54171,-0.02133,0.0204331,-0.0138276,43.2656,0.0002,-8.11681e-10,-6.37965e-08,-8.11681e-10,0.000200016,1.32829e-06,-6.37965e-08,1.32829e-06,0.000199994,0
-0.550977,-0.442682,1.55216,-0.559321,-0.446569,1.55245,-0.0234769,0.0194181,-0.0138418,27.3511,0.0002,-7.7855e-10,-6.0809e-08,-7.7855e-10,0.000200016,1.3287e-06,-6.0809e-08,1.3287e-06,0.000199994,28
-0.545558,-0.44273,1.5516,-0.538787,-0.443589,1.54999,-0.0216578,0.0191699,-0.0144044,29.8211,0.0002,-7.67458e-10,-6.05855e-08,-7.67458e-10,0.000200016,1.3273e-06,-6.05855e-08,1.3273e-06,0.000199994,27
-0.541072,-0.443023,1.55152,-0.53814,-0.444758,1.55187,-0.0209724,0.0186774,-0.0144791,28.3155,0.0002,-7.28697e-10,-5.67057e-08,-7.28697e-10,0.000200016,1.32975e-06,-5.67057e-08,1.32975e-06,0.000199994,27
-0.537491,-0.443389,1.55173,-0.537964,-0.445426,1.5526,-0.0210913,0.0181113,-0.0142672,27.066,0.0002,-6.97883e-10,-5.43942e-08,-6.97883e-10,0.000200016,1.32451e-06,-5.43942e-08,1.32451e-06,0.000199994,25
-0.534547,-0.443813,1.55211,-0.537674,-0.446194,1.55366,-0.0219469,0.0174874,-0.0138854,26.5334,0.0002,-7.05978e-10,-5.6353e-08,-7.05978e-10,0.000200016,1.32463e-06,-5.6353e-08,1.32463e-06,0.000199994,25
-0.532567,-0.442073,1.55085,-0.539496,-0.435598,1.54605,-0.0235666,0.0190267,-0.0151501,38.2847,0.0002,-6.70297e-10,-5.26787e-08,-6.70297e-10,0.000200016,1.32289e-06,-5.26787e-08,1.32289e-06,0.000199994,9
-0.527169,-0.439887,1.54868,-0.520485,-0.431735,1.54055,-0.0219685,0.0210132,-0.0173232,43.4522,0.0002,-6.81639e-10,-5.47583e-08,-6.81639e-10,0.000200016,1.32361e-06,-5.47583e-08,1.32361e-06,0.000199994,8
-0.522879,-0.438077,1.54685,-0.520521,-0.431308,1.54013,-0.0213788,0.0226228,-0.0181493,43.8624,0.0002,-6.5262e-10,-5.1726e-08,-6.5262e-10,0.000200016,1.32064e-06,-5.1726e-08,1.32064e-06,0.000199994,8
-0.518255,-0.436974,1.54535,-0.514614,-0.433065,1.53961,-0.0204545,0.0235255,-0.0196541,33.8612,0.0002,-6.3774e-10,-5.06184e-08,-6.3774e-10,0.000200016,1.3205e-06,-5.06184e-08,1.3205e-06,0.000199994,33
-0.514386,-0.436048,1.54404,-0.513718,-0.432879,1.53881,-0.0201864,0.0242521,-0.020957,33.8938,0.0002,-6.35447e-10,-5.09764e-08,-6.35447e-10,0.000200016,1.31879e-06,-5.09764e-08,1.31879e-06,0.000199994,33
-0.510796,-0.435043,1.54251,-0.511238,-0.431436,1.53699,-0.0203962,0.0249566,-0.0224882,34.5511,0.0002,-5.98933e-10,-4.71112e-08,-5.98933e-10,0.000200016,1.31762e-06,-4.71112e-08,1.31762e-06,0.000199994,33
-0.507053,-0.434048,1.54135,-0.506834,-0.430513,1.53638,-0.0202534,0.0258519,-0.023646,33.5439,0.0002,-5.79774e-10,-4.5774e-08,-5.79774e-10,0.000200016,1.31524e-06,-4.5774e-08,1.31524e-06,0.000199994,37
-0.500826,-0.433351,1.53987,-0.490614,-0.43094,1.53455,-0.0177262,0.0263485,-0.0251296,31.2155,0.0002,-5.4527e-10,-4.26088e-08,-5.4527e-10,0.000200016,1.31199e-06,-4.26088e-08,1.31199e-06,0.000199994,34
-0.495536,-0.430146,1.53665,-0.489076,-0.417622,1.5243,-0.0161362,0.0293538,-0.028351,37.0293,0.0002,-5.12963e-10,-3.98855e-08,-5.12963e-10,0.000200016,1.30993e-06,-3.98855e-08,1.30993e-06,0.000199994,22
-0.491367,-0.427289,1.53377,-0.489443,-0.41617,1.52249,-0.0156666,0.0320109,-0.0312275,37.0004,0.0002,-4.90537e-10,-3.83073e-08,-4.90537e-10,0.000200016,1.3104e-06,-3.83073e-08,1.3104e-06,0.000199994,22
-0.488148,-0.424766,1.53126,-0.489974,-0.414897,1.52114,-0.016048,0.0343344,-0.033738,36.949,0.0002,-4.48297e-10,-3.43394e-08,-4.48297e-10,0.000200016,1.30898e-06,-3.43394e-08,1.30898e-06,0.000199994,22
-0.485363,-0.422576,1.52909,-0.488874,-0.414075,1.52065,-0.0169632,0.0363239,-0.0359102,36.0854,0.0002,-4.20429e-10,-3.23494e-08,-4.20429e-10,0.000200016,1.30646e-06,-3.23494e-08,1.30646e-06,0.000199994,29
-0.483169,-0.420042,1.52717,-0.48917,-0.413116,1.51972,-0.0183687,0.0380578,-0.0378346,36.0022,0.0002,-1.20982e-09,-1.25266e-07,-1.20982e-09,0.000200016,1.30885e-06,-1.25266e-07,1.30885e-06,0.000199994,29
-0.477465,-0.417994,1.52569,-0.469684,-0.417288,1.51915,-0.0163651,0.0380061,-0.0393134,38.1465,0.000200001,-3.03154e-09,-3.21562e-07,-3.03154e-09,0.000200016,1.31824e-06,-3.21562e-07,1.31824e-06,0.000199994,26
-0.472741,-0.415589,1.5242,-0.468925,-0.41642,1.51827,-0.0153412,0.0375107,-0.0408009,36.5025,0.000200002,-5.29646e-09,-5.41748e-07,-5.29646e-09,0.000200016,1.32554e-06,-5.41748e-07,1.32554e-06,0.000199994,28
-0.468993,-0.412812,1.5227,-0.469355,-0.415205,1.51672,-0.015293,0.0368881,-0.0423001,36.4865,0.000200004,-7.94779e-09,-7.80374e-07,-7.94779e-09,0.000200017,1.3387e-06,-7.80374e-07,1.3387e-06,0.000199993,28
-0.466107,-0.411212,1.52135,-0.469613,-0.414959,1.51628,-0.0160068,0.0353883,-0.0436493,36.8676,0.000200005,-8.98961e-09,-8.25483e-07,-8.98961e-09,0.000200017,1.33755e-06,-8.25483e-07,1.33755e-06,0.000199992,28
-0.463821,-0.410298,1.52013,-0.469742,-0.414759,1.51619,-0.017421,0.0344017,-0.0448739,36.4912,0.000200005,-9.14452e-09,-7.88875e-07,-9.14452e-09,0.000200017,1.33748e-06,-7.88875e-07,1.33748e-06,0.000199992,28
-0.45788,-0.408219,1.51961,-0.448768,-0.404096,1.51789,-0.0150804,0.0352812,-0.0443853,41.5355,0.000200004,-8.0352e-09,-6.39522e-07,-8.0352e-09,0.000200016,1.32454e-06,-6.39522e-07,1.32454e-06,0.000199992,28
-0.45265,-0.4089,1.5206,-0.446487,-0.414158,1.52554,-0.0135505,0.0336996,-0.0434022,35.6969,0.000200003,-6.66815e-09,-4.88896e-07,-6.66815e-09,0.000200016,1.32035e-06,-4.88896e-07,1.32035e-06,0.000199993,45
-0.448416,-0.409736,1.52159,-0.446052,-0.415158,1.52689,-0.0129163,0.0323639,-0.0424076,35.2582,0.000200002,-5.45495e-09,-3.77887e-07,-5.45495e-09,0.000200016,1.31172e-06,-3.77887e-07,1.31172e-06,0.000199993,45
-0.444992,-0.410905,1.5229,-0.445909,-0.416288,1.5282,-0.0130923,0.0306949,-0.0410952,34.8115,0.000200001,-4.16225e-09,-2.63099e-07,-4.16225e-09,0.000200016,1.30734e-06,-2.63099e-07,1.30734e-06,0.000199993,45
-0.44266,-0.410165,1.52282,-0.447804,-0.408168,1.52342,-0.0143601,0.0311347,-0.0411788,40.6132,0.000200001,-3.25968e-09,-1.98882e-07,-3.25968e-09,0.000200016,1.29983e-06,-1.98882e-07,1.29983e-06,0.000199994,27
-0.440716,-0.409723,1.52286,-0.447433,-0.408223,1.52363,-0.016116,0.031377,-0.0401396,40.597,0.000200001,-2.41199e-09,-1.35605e-07,-2.41199e-09,0.000200016,1.29565e-06,-1.35605e-07,1.29565e-06,0.000199994,27
-0.435863,-0.408781,1.52315,-0.431002,-0.405337,1.5246,-0.0148635,0.0321192,-0.0398508,44.2337,0.0002,-1.80379e-09,-9.67821e-08,-1.80379e-09,0.000200016,1.29476e-06,-9.67821e-08,1.29476e-06,0.000199994,27
-0.431937,-0.408053,1.52335,-0.430726,-0.40542,1.52478,-0.0145374,0.0326472,-0.0396476,44.2517,0.0002,-1.35066e-09,-7.04149e-08,-1.35066e-09,0.000200016,1.29241e-06,-7.04149e-08,1.29241e-06,0.000199994,27
-0.428718,-0.407465,1.52348,-0.430161,-0.405132,1.52429,-0.0149179,0.0330351,-0.0395206,44.2559,0.0002,-9.5631e-10,-4.54154e-08,-9.5631e-10,0.000200016,1.2854e-06,-4.54154e-08,1.2854e-06,0.000199994,27
-0.425933,-0.409073,1.52575,-0.429332,-0.415689,1.53518,-0.0157332,0.0313274,-0.0372542,38.1688,0.0002,-7.00347e-10,-3.25512e-08,-7.00347e-10,0.000200016,1.28787e-06,-3.25512e-08,1.28787e-06,0.000199994,41
-0.423701,-0.410639,1.52781,-0.429094,-0.417018,1.53646,-0.0171012,0.0295613,-0.0351852,37.3436,0.0002,-5.01591e-10,-2.22801e-08,-5.01591e-10,0.000200015,1.2825e-06,-2.22801e-08,1.2825e-06,0.000199994,41
-0.421964,-0.412162,1.52997,-0.429442,-0.418397,1.53898,-0.018964,0.0278382,-0.0330262,36.9351,0.0002,-3.68519e-10,-1.65084e-08,-3.68519e-10,0.000200015,1.28245e-06,-1.65084e-08,1.28245e-06,0.000199994,41
-0.417371,-0.414919,1.53447,-0.413322,-0.426309,1.55285,-0.0179709,0.0249806,-0.0285321,31.8643,0.0002,-3.13758e-10,-1.7351e-08,-3.13758e-10,0.000200015,1.27915e-06,-1.7351e-08,1.27915e-06,0.000199994,41
-0.413568,-0.417492,1.53866,-0.412731,-0.428139,1.55553,-0.0177681,0.0222079,-0.0243363,31.7458,0.0002,-2.82709e-10,-1.82244e-08,-2.82709e-10,0.000200015,1.27865e-06,-1.82244e-08,1.27865e-06,0.000199994,41
-0.41039,-0.419922,1.5424,-0.411996,-0.429996,1.55774,-0.0180902,0.0196775,-0.0205997,31.7297,0.0002,-2.65796e-10,-1.90309e-08,-2.65796e-10,0.000200015,1.27653e-06,-1.90309e-08,1.27653e-06,0.000199994,41
-0.407665,-0.422064,1.54561,-0.41103,-0.431079,1.55914,-0.0189651,0.0173355,-0.0173935,31.4435,0.0002,-2.84362e-10,-2.29724e-08,-2.84362e-10,0.000200015,1.2735e-06,-2.29724e-08,1.2735e-06,0.000199994,42
-0.405379,-0.424052,1.5487,-0.410552,-0.432431,1.56084,-0.0202794,0.0152476,-0.0142968,31.413,0.0002,-2.99963e-10,-2.53235e-08,-2.99963e-10,0.000200015,1.27318e-06,-2.53235e-08,1.27318e-06,0.000199994,42
-0.403469,-0.425881,1.55133,-0.410142,-0.433655,1.56224,-0.021969,0.0132192,-0.0116658,32.3318,0.0002,-3.24166e-10,-2.81742e-08,-3.24166e-10,0.000200015,1.27293e-06,-2.81742e-08,1.27293e-06,0.000199994,40
-0.398217,-0.427219,1.5534,-0.391418,-0.433055,1.56201,-0.0202172,0.0117808,-0.00960379,33.604,0.0002,-3.53192e-10,-3.12703e-08,-3.53192e-10,0.000200015,1.26935e-06,-3.12703e-08,1.26935e-06,0.000199994,39
-0.39386,-0.428545,1.55529,-0.390798,-0.434409,1.56356,-0.01946,0.0103548,-0.00670773,33.5635,0.0002,-3.97618e-10,-3.5765e-08,-3.97618e-10,0.000200015,1.27216e-06,-3.5765e-08,1.27216e-06,0.000199994,39
-0.387353,-0.427682,1.5531,-0.375534,-0.424633,1.54464,-0.0164529,0.0110182,-0.00889779,18.1122,0.0002,-4.24691e-10,-3.7928e-08,-4.24691e-10,0.000200015,1.26879e-06,-3.7928e-08,1.26879e-06,0.000199994,60
-0.38209,-0.427017,1.55144,-0.375196,-0.4247,1.54543,-0.0147902,0.0115827,-0.0105565,17.7431,0.0002,-4.21717e-10,-3.66095e-08,-4.21717e-10,0.000200015,1.26494e-06,-3.66095e-08,1.26494e-06,0.000199994,60
-0.380738,-0.42852,1.55395,-0.389537,-0.435027,1.56434,-0.0169382,0.0098804,-0.00805029,33.2764,0.0002,-4.26352e-10,-3.67185e-08,-4.26352e-10,0.000200015,1.26423e-06,-3.67185e-08,1.26423e-06,0.000199994,42
-0.376471,-0.428297,1.55443,-0.373611,-0.427881,1.5573,-0.0162714,0.0100031,-0.00756936,38.0848,0.0002,-4.38274e-10,-3.78556e-08,-4.38274e-10,0.000200015,1.26374e-06,-3.78556e-08,1.26374e-06,0.000199994,38
-0.372985,-0.428894,1.55515,-0.373091,-0.428683,1.55832,-0.0162848,0.00980624,-0.00685385,38.1072,0.0002,3.66052e-10,5.97513e-08,3.66052e-10,0.000200015,1.25839e-06,5.97513e-08,1.25839e-06,0.000199994,38
-0.366638,-0.429002,1.55373,-0.355288,-0.422693,1.54928,-0.0134384,0.0114978,-0.0072669,27.5,0.0002,2.07713e-09,2.53041e-07,2.07713e-09,0.000200015,1.25462e-06,2.53041e-07,1.25462e-06,0.000199994,58
-0.36138,-0.430006,1.55299,-0.354211,-0.423984,1.55121,-0.01168,0.0130944,-0.00801205,24.4057,0.000200002,4.26351e-09,4.82804e-07,4.26351e-09,0.000200015,1.24666e-06,4.82804e-07,1.24666e-06,0.000199994,58
-0.356917,-0.431737,1.5531,-0.352986,-0.425762,1.55348,-0.0107173,0.0143626,-0.00790055,24.1963,0.000200004,6.69295e-09,7.21972e-07,6.69295e-09,0.000200015,1.2432e-06,7.21972e-07,1.2432e-06,0.000199994,58
-0.353772,-0.432033,1.55239,-0.35505,-0.423593,1.55015,-0.0110717,0.0168668,-0.00860552,28.75,0.000200005,7.67056e-09,7.69512e-07,7.67056e-09,0.000200014,1.23944e-06,7.69512e-07,1.23944e-06,0.000199993,46
-0.347782,-0.431087,1.54806,-0.337749,-0.419571,1.53057,-0.00858153,0.019413,-0.0129424,43.8025,0.000200005,7.85017e-09,7.35591e-07,7.85017e-09,0.000200014,1.24145e-06,7.35591e-07,1.24145e-06,0.000199993,54
-0.343041,-0.429518,1.54461,-0.337933,-0.41936,1.53042,-0.00734139,0.0218819,-0.016387,43.2144,0.000200004,6.91292e-09,5.91486e-07,6.91292e-09,0.000200014,1.23942e-06,5.91486e-07,1.23942e-06,0.000199993,54
-0.338941,-0.428311,1.54244,-0.336557,-0.421292,1.53338,-0.00674125,0.0236885,-0.018557,39.7801,0.000200002,5.71878e-09,4.46448e-07,5.71878e-09,0.000200014,1.24252e-06,4.46448e-07,1.24252e-06,0.000199993,56
-0.33566,-0.427307,1.54076,-0.336407,-0.42146,1.53396,-0.00695973,0.0248931,-0.0202449,38.2273,0.000200002,4.67182e-09,3.42584e-07,4.67182e-09,0.000200014,1.23959e-06,3.42584e-07,1.23959e-06,0.000199994,56
-0.3334,-0.425717,1.53858,-0.338388,-0.419079,1.52982,-0.00820003,0.0265834,-0.0224221,46.6495,0.000200001,3.47343e-09,2.25939e-07,3.47343e-09,0.000200014,1.24256e-06,2.25939e-07,1.24256e-06,0.000199994,56
-0.331604,-0.424432,1.53675,-0.338384,-0.418516,1.52908,-0.0099044,0.0278685,-0.0242497,46.576,0.000200001,2.68999e-09,1.67482e-07,2.68999e-09,0.000200014,1.24225e-06,1.67482e-07,1.24225e-06,0.000199994,56
-0.328133,-0.42485,1.53438,-0.328238,-0.426563,1.52522,-0.00993286,0.0273495,-0.0266219,31.3369,0.0002,1.90208e-09,1.03748e-07,1.90208e-09,0.000200014,1.24293e-06,1.03748e-07,1.24293e-06,0.000199994,52
-0.325376,-0.425206,1.53252,-0.32829,-0.426592,1.52512,-0.0106763,0.0268945,-0.0284756,31.3244,0.0002,1.3394e-09,6.56247e-08,1.3394e-09,0.000200014,1.24162e-06,6.56247e-08,1.24162e-06,0.000199994,53
-0.32311,-0.425494,1.53087,-0.328091,-0.426594,1.5249,-0.0119097,0.0265064,-0.0301294,31.2566,0.0002,9.41487e-10,4.22547e-08,9.41487e-10,0.000200014,1.24417e-06,4.22547e-08,1.24417e-06,0.000199995,53
-0.321374,-0.425818,1.52982,-0.328432,-0.427218,1.52595,-0.0136738,0.026082,-0.0311792,34.9333,0.0002,6.20805e-10,2.28373e-08,6.20805e-10,0.000200014,1.24432e-06,2.28373e-08,1.24432e-06,0.000199995,52
-0.319984,-0.426096,1.52907,-0.32837,-0.427144,1.52608,-0.0157844,0.0257042,-0.0319298,34.9166,0.0002,4.35834e-10,1.58761e-08,4.35834e-10,0.000200014,1.2425e-06,1.58761e-08,1.2425e-06,0.000199995,52
-0.316124,-0.427521,1.53065,-0.314479,-0.433496,1.53734,-0.0153245,0.0240788,-0.0303479,28.6026,0.0002,2.40782e-10,3.0774e-09,2.40782e-10,0.000200014,1.23659e-06,3.0774e-09,1.23659e-06,0.000199995,47
-0.312943,-0.428881,1.53236,-0.314169,-0.434556,1.53923,-0.0156431,0.0226193,-0.0286401,28.6244,0.0002,1.09901e-10,-3.94178e-09,1.09901e-10,0.000200014,1.23783e-06,-3.94178e-09,1.23783e-06,0.000199995,47
-0.310373,-0.430217,1.53404,-0.313931,-0.43572,1.54081,-0.0165726,0.0210831,-0.0269584,28.2368,0.0002,3.79141e-11,-5.92633e-09,3.79141e-11,0.000200014,1.23508e-06,-5.92633e-09,1.23508e-06,0.000199995,48
-0.308245,-0.431455,1.53571,-0.313687,-0.436689,1.54242,-0.0179454,0.0197455,-0.0252898,25.8919,0.0002,-4.3362e-11,-1.12171e-08,-4.3362e-11,0.000200014,1.23684e-06,-1.12171e-08,1.23684e-06,0.000199995,48
-0.306594,-0.432665,1.5373,-0.313832,-0.437821,1.54432,-0.019694,0.0183348,-0.0237027,25.6176,0.0002,-1.08102e-10,-1.5397e-08,-1.08102e-10,0.000200014,1.23456e-06,-1.5397e-08,1.23456e-06,0.000199995,48
-0.305214,-0.433808,1.53899,-0.313592,-0.438761,1.54546,-0.021814,0.0170919,-0.0220131,23.6484,0.0002,-1.74685e-10,-2.05245e-08,-1.74685e-10,0.000200014,1.23484e-06,-2.05245e-08,1.23484e-06,0.000199995,48
-0.300405,-0.434819,1.54048,-0.295008,-0.439109,1.5471,-0.0204051,0.0158814,-0.0205248,21.7299,0.0002,-1.87722e-10,-1.94036e-08,-1.87722e-10,0.000200014,1.23313e-06,-1.94036e-08,1.23313e-06,0.000199995,41
-0.296824,-0.433581,1.54067,-0.296476,-0.43332,1.54144,-0.0203244,0.0162191,-0.0203313,32.519,0.0002,-1.36036e-09,-1.62287e-07,-1.36036e-09,0.000200014,1.23637e-06,-1.62287e-07,1.23637e-06,0.000199995,33
-0.293952,-0.432089,1.54096,-0.296457,-0.433307,1.54117,-0.0209519,0.0156113,-0.0200423,32.6127,0.000200001,-2.94383e-09,-3.33917e-07,-2.94383e-09,0.000200014,1.23906e-06,-3.33917e-07,1.23906e-06,0.000199995,33
-0.293595,-0.430878,1.54128,-0.306173,-0.43377,1.54287,-0.0240951,0.0146219,-0.0197213,52.3546,0.000200002,-4.31347e-09,-4.60753e-07,-4.31347e-09,0.000200014,1.2413e-06,-4.60753e-07,1.2413e-06,0.000199994,0
-0.293337,-0.430226,1.54137,-0.306305,-0.433488,1.54236,-0.0272367,0.0138744,-0.0196299,52.3855,0.000200002,-4.86474e-09,-4.82454e-07,-4.86474e-09,0.000200014,1.2426e-06,-4.82454e-07,1.2426e-06,0.000199994,0
-0.293155,-0.430293,1.54144,-0.306237,-0.433461,1.54236,-0.030555,0.0130072,-0.0195577,52.3291,0.000200001,-4.45277e-09,-4.01234e-07,-4.45277e-09,0.000200014,1.2372e-06,-4.01234e-07,1.2372e-06,0.000199994,0
-0.288735,-0.429747,1.54196,-0.284845,-0.429945,1.54468,-0.0295351,0.0129531,-0.0180383,50.3178,0.000200001,-3.95047e-09,-3.32277e-07,-3.95047e-09,0.000200014,1.23323e-06,-3.32277e-07,1.23323e-06,0.000199994,0
-0.28333,-0.429975,1.54305,-0.275465,-0.432231,1.54808,-0.0275299,0.012325,-0.0169482,25.9233,0.000200001,-3.26963e-09,-2.54356e-07,-3.26963e-09,0.000200014,1.22967e-06,-2.54356e-07,1.22967e-06,0.000199994,36
-0.278949,-0.430442,1.54437,-0.275113,-0.433191,1.54934,-0.0265487,0.011558,-0.015632,26.1409,0.000200001,-2.61787e-09,-1.8981e-07,-2.61787e-09,0.000200014,1.22521e-06,-1.8981e-07,1.22521e-06,0.000199994,36
-0.2752,-0.431083,1.54535,-0.273999,-0.43443,1.54962,-0.0262998,0.0107173,-0.0146513,26.9283,0.0002,-2.1017e-09,-1.45517e-07,-2.1017e-09,0.000200014,1.22564e-06,-1.45517e-07,1.22564e-06,0.000199995,45
-0.272162,-0.431806,1.54634,-0.273693,-0.435181,1.55067,-0.0266625,0.00979415,-0.0136562,25.0252,0.0002,-1.63648e-09,-1.07483e-07,-1.63648e-09,0.000200014,1.22223e-06,-1.07483e-07,1.22223e-06,0.000199995,45
-0.269942,-0.432267,1.54736,-0.274745,-0.434716,1.55174,-0.0278425,0.0091327,-0.012644,28.8214,0.0002,-1.32342e-09,-8.69793e-08,-1.32342e-09,0.000200014,1.22011e-06,-8.69793e-08,1.22011e-06,0.000199995,39
-0.26436,-0.432373,1.54833,-0.255652,-0.433142,1.55222,-0.0256597,0.00892747,-0.0116728,25.5518,0.0002,-1.0334e-09,-6.58695e-08,-1.0334e-09,0.000200014,1.21684e-06,-6.58695e-08,1.21684e-06,0.000199995,33
-0.259826,-0.432583,1.54929,-0.255314,-0.433786,1.55314,-0.0245259,0.00861697,-0.0107122,25.6456,0.0002,-8.25659e-10,-5.27829e-08,-8.25659e-10,0.000200014,1.21473e-06,-5.27829e-08,1.21473e-06,0.000199995,33
-0.25614,-0.432914,1.556,-0.25502,-0.434571,1.5543,-0.0242397,0.00808577,-0.0109987,26.0633,0.0002,-7.04962e-10,-4.79403e-08,-7.04962e-10,0.000200014,1.21328e-06,-4.79403e-08,1.21328e-06,0.000199995,35
-0.253021,-0.433482,1.57005,-0.254223,-0.435928,1.55673,-0.0246211,0.00741803,-0.0139517,26.1418,0.0002,-6.40439e-10,-4.71272e-08,-6.40439e-10,0.000200014,1.21377e-06,-4.71272e-08,1.21377e-06,0.000199995,35
-0.250449,-0.434116,1.58193,-0.253731,-0.436833,1.55806,-0.0253494,0.00658415,-0.0200671,26.1642,0.0002,-6.20008e-10,-4.94946e-08,-6.20008e-10,0.000200014,1.21045e-06,-4.94946e-08,1.21045e-06,0.000199995,35
-0.245892,-0.432972,1.5878,-0.24133,-0.428735,1.57728,-0.0241924,0.00752801,-0.0231969,43.0157,0.0002,-5.92891e-10,-4.87663e-08,-5.92891e-10,0.000200014,1.21175e-06,-4.87663e-08,1.21175e-06,0.000199995,0
-0.242279,-0.432045,1.58693,-0.241324,-0.428924,1.57768,-0.0239786,0.00825474,-0.0250746,43.0466,0.0002,-6.08633e-10,-5.27883e-08,-6.08633e-10,0.000200014,1.2074e-06,-5.27883e-08,1.2074e-06,0.000199995,0
-0.239376,-0.431285,1.58512,-0.241318,-0.428884,1.57758,-0.0244757,0.00871502,-0.0268759,43.0286,0.0002,-6.29931e-10,-5.61296e-08,-6.29931e-10,0.000200014,1.20633e-06,-5.61296e-08,1.20633e-06,0.000199995,0
-0.237091,-0.430615,1.58348,-0.241508,-0.42856,1.5772,-0.0255912,0.00918526,-0.0285199,43.0426,0.0002,-6.40803e-10,-5.7418e-08,-6.40803e-10,0.000200014,1.2057e-06,-5.7418e-08,1.2057e-06,0.000199995,0
-0.235236,-0.430046,1.58213,-0.241369,-0.42849,1.57702,-0.0271361,0.00945403,-0.0298718,43.0119,0.0002,-6.70548e-10,-6.09326e-08,-6.70548e-10,0.000200014,1.20528e-06,-6.09326e-08,1.20528e-06,0.000199995,0
-0.233341,-0.43082,1.58282,-0.239259,-0.434735,1.58624,-0.0285411,0.00837961,-0.029182,42.5816,0.0002,-7.01473e-10,-6.42438e-08,-7.01473e-10,0.000200014,1.20333e-06,-6.42438e-08,1.20333e-06,0.000199995,13
-0.228021,-0.43061,1.58624,-0.220235,-0.430676,1.60057,-0.0266214,0.00829017,-0.02576,36.3851,0.0002,-7.27429e-10,-6.66609e-08,-7.27429e-10,0.000200014,1.20206e-06,-6.66609e-08,1.20206e-06,0.000199995,13
-0.223669,-0.430621,1.58933,-0.219749,-0.431607,1.60233,-0.0255689,0.00797948,-0.0226718,36.3472,0.0002,-7.58454e-10,-6.96858e-08,-7.58454e-10,0.000200013,1.20116e-06,-6.96858e-08,1.20116e-06,0.000199995,13
-0.220148,-0.430728,1.59202,-0.219449,-0.432125,1.60279,-0.0254485,0.00757192,-0.0199826,36.0114,0.0002,-7.90742e-10,-7.29607e-08,-7.90742e-10,0.000200013,1.19709e-06,-7.29607e-08,1.19709e-06,0.000199995,12
-0.217257,-0.430907,1.59413,-0.219069,-0.432615,1.60384,-0.0258566,0.00709342,-0.0168748,36.072,0.0002,-8.22881e-10,-7.60724e-08,-8.22881e-10,0.000200013,1.19442e-06,-7.60724e-08,1.19442e-06,0.000199995,12
-0.214911,-0.431066,1.59597,-0.219016,-0.432718,1.60398,-0.0269115,0.00663377,-0.0150329,35.9888,0.0002,-8.56861e-10,-7.91134e-08,-8.56861e-10,0.000200013,1.19604e-06,-7.91134e-08,1.19604e-06,0.000199995,12
-0.213015,-0.43128,1.59752,-0.21881,-0.433053,1.60436,-0.0283152,0.00612037,-0.0134831,36.0177,0.0002,-8.59516e-10,-7.83673e-08,-8.59516e-10,0.000200013,1.19371e-06,-7.83673e-08,1.19371e-06,0.000199995,12
-0.207645,-0.431186,1.59898,-0.19954,-0.431852,1.60486,-0.0263449,0.00591385,-0.0120159,35.6565,0.0002,-8.9242e-10,-8.20235e-08,-8.9242e-10,0.000200013,1.19208e-06,-8.20235e-08,1.19208e-06,0.000199995,13
-0.203321,-0.431156,1.59999,-0.19935,-0.432034,1.60498,-0.0253213,0.00564391,-0.0110082,35.6396,0.0002,-9.07189e-10,-8.3141e-08,-9.07189e-10,0.000200013,1.18934e-06,-8.3141e-08,1.18934e-06,0.000199995,13
-0.199776,-0.431175,1.60098,-0.199073,-0.432315,1.6056,-0.0251755,0.0054255,-0.0100156,35.6325,0.0002,-9.38588e-10,-8.61689e-08,-9.38588e-10,0.000200013,1.19261e-06,-8.61689e-08,1.19261e-06,0.000199995,13
-0.196915,-0.431236,1.60203,-0.198846,-0.432557,1.60624,-0.025615,0.00506373,-0.00896655,35.6325,0.0002,-9.63726e-10,-8.85008e-08,-9.63726e-10,0.000200013,1.19126e-06,-8.85008e-08,1.19126e-06,0.000199995,13
-0.195292,-0.429971,1.60101,-0.202124,-0.425883,1.59722,-0.0273918,0.00602924,-0.00898583,39.4557,0.0002,-9.71017e-10,-8.86543e-08,-9.71017e-10,0.000200013,1.18872e-06,-8.86543e-08,1.18872e-06,0.000199995,0
-0.193981,-0.428921,1.60015,-0.202059,-0.425792,1.597,-0.0293807,0.00677927,-0.00984621,39.4768,0.0002,-9.98712e-10,-9.17197e-08,-9.98712e-10,0.000200013,1.18702e-06,-9.17197e-08,1.18702e-06,0.000199995,0
-0.189065,-0.428142,1.59965,-0.182784,-0.425942,1.59826,-0.0277654,0.00725801,-0.0103491,40.8289,0.0002,-9.78533e-10,-8.82279e-08,-9.78533e-10,0.000200013,1.18781e-06,-8.82279e-08,1.18781e-06,0.000199995,0
-0.185136,-0.427531,1.59923,-0.182688,-0.426099,1.59818,-0.0271358,0.00756929,-0.0107675,40.7703,0.0002,-9.83578e-10,-8.90821e-08,-9.83578e-10,0.000200013,1.18484e-06,-8.90821e-08,1.18484e-06,0.000199995,0
-0.181965,-0.427081,1.59903,-0.182609,-0.426245,1.59855,-0.0273653,0.00771852,-0.0109661,40.7724,0.0002,-9.74604e-10,-8.78321e-08,-9.74604e-10,0.000200013,1.18469e-06,-8.78321e-08,1.18469e-06,0.000199995,0
-0.179434,-0.42674,1.59898,-0.182582,-0.426388,1.59876,-0.0281344,0.00775957,-0.0110199,40.7933,0.0002,-9.78809e-10,-8.86342e-08,-9.78809e-10,0.000200013,1.18286e-06,-8.86342e-08,1.18286e-06,0.000199995,0
-0.177356,-0.426495,1.59892,-0.182369,-0.426475,1.59899,-0.0293561,0.00780496,-0.0110811,40.81,0.0002,-9.70024e-10,-8.74378e-08,-9.70024e-10,0.000200013,1.18343e-06,-8.74378e-08,1.18343e-06,0.000199995,0
-0.171729,-0.426718,1.59967,-0.162436,-0.428592,1.603,-0.0270285,0.00728184,-0.0103331,43.162,0.0002,-9.60157e-10,-8.65507e-08,-9.60157e-10,0.000200013,1.1804e-06,-8.65507e-08,1.1804e-06,0.000199995,0
-0.167181,-0.426984,1.60049,-0.162264,-0.428985,1.6038,-0.0258813,0.00671631,-0.00951054,43.0715,0.0002,-9.43439e-10,-8.4681e-08,-9.43439e-10,0.000200013,1.18019e-06,-8.4681e-08,1.18019e-06,0.000199995,0
-0.163516,-0.427195,1.60113,-0.162121,-0.429096,1.60436,-0.0254156,0.00620514,-0.00886543,43.158,0.0002,-9.58976e-10,-8.71682e-08,-9.58976e-10,0.000200013,1.17993e-06,-8.71682e-08,1.17993e-06,0.000199995,0
-0.160562,-0.427424,1.60181,-0.161962,-0.42935,1.60483,-0.0258618,0.00577572,-0.0081935,43.1527,0.0002,-9.59684e-10,-8.73153e-08,-9.59684e-10,0.000200013,1.17809e-06,-8.73153e-08,1.17809e-06,0.000199995,0
-0.157582,-0.427792,1.60254,-0.15872,-0.430223,1.60547,-0.026082,0.00510776,-0.00746368,27.435,0.0002,-9.45384e-10,-8.58681e-08,-9.45384e-10,0.000200013,1.17184e-06,-8.58681e-08,1.17184e-06,0.000199995,39
-0.155146,-0.428112,1.60281,-0.158672,-0.430361,1.6052,-0.027046,0.00448811,-0.00618741,27.4556,0.0002,-9.40815e-10,-8.5328e-08,-9.40815e-10,0.000200013,1.17463e-06,-8.5328e-08,1.17463e-06,0.000199995,39
-0.149475,-0.42844,1.60446,-0.139948,-0.430862,1.61106,-0.024575,0.00395975,-0.00454242,3.53989,0.0002,-9.62803e-10,-8.85272e-08,-9.62803e-10,0.000200013,1.17289e-06,-8.85272e-08,1.17289e-06,0.000199995,63
-0.144856,-0.428825,1.60595,-0.139593,-0.431438,1.61227,-0.0232564,0.00327541,-0.00304883,3.47685,0.0002,-9.73874e-10,-8.95903e-08,-9.73874e-10,0.000200013,1.17348e-06,-8.95903e-08,1.17348e-06,0.000199995,63
-0.141128,-0.429196,1.60723,-0.13937,-0.431718,1.61298,-0.0228275,0.00260407,-0.00177456,3.48647,0.0002,-9.72323e-10,-8.91085e-08,-9.72323e-10,0.000200013,1.17217e-06,-8.91085e-08,1.17217e-06,0.000199995,63
-0.138201,-0.428707,1.60631,-0.139707,-0.427793,1.60293,-0.0232009,0.00289305,-0.00269478,24.0855,0.0002,-9.89536e-10,-9.11326e-08,-9.89536e-10,0.000200013,1.17293e-06,-9.11326e-08,1.17293e-06,0.000199995,45
-0.135866,-0.428328,1.60565,-0.139583,-0.42779,1.60304,-0.024166,0.00297183,-0.00334626,24.0839,0.0002,-9.82809e-10,-9.01908e-08,-9.82809e-10,0.000200013,1.1684e-06,-9.01908e-08,1.1684e-06,0.000199995,45
-0.133964,-0.427971,1.60481,-0.139464,-0.427566,1.60239,-0.025564,0.0030293,-0.00418854,25.5225,0.0002,-9.88632e-10,-9.09759e-08,-9.88632e-10,0.000200013,1.16717e-06,-9.09759e-08,1.16717e-06,0.000199995,47
-0.128591,-0.427728,1.60484,-0.120206,-0.427791,1.60526,-0.0233909,0.00307203,-0.00416263,22.2851,0.0002,-9.90978e-10,-9.11916e-08,-9.90978e-10,0.000200013,1.16641e-06,-9.11916e-08,1.16641e-06,0.000199995,48
-0.124284,-0.427595,1.60475,-0.120168,-0.427991,1.60534,-0.0223841,0.00290542,-0.00425359,22.2603,0.0002,-9.66276e-10,-8.78727e-08,-9.66276e-10,0.000200013,1.16604e-06,-8.78727e-08,1.16604e-06,0.000199995,48
-0.120939,-0.427621,1.60564,-0.120557,-0.428782,1.60952,-0.0222888,0.00267893,-0.00236331,7.22215,0.0002,-9.69875e-10,-8.90631e-08,-9.69875e-10,0.000200013,1.16228e-06,-8.90631e-08,1.16228e-06,0.000199995,69
-0.118217,-0.427664,1.60635,-0.120491,-0.428853,1.60983,-0.0228774,0.00233573,-0.00165219,7.18813,0.0002,-9.67157e-10,-8.86387e-08,-9.67157e-10,0.000200013,1.16501e-06,-8.86387e-08,1.16501e-06,0.000199995,69
-0.11607,-0.42774,1.60703,-0.120481,-0.429005,1.61007,-0.0239597,0.00206029,-0.000973442,7.17639,0.0002,-9.50414e-10,-8.68184e-08,-9.50414e-10,0.000200013,1.16169e-06,-8.68184e-08,1.16169e-06,0.000199995,69
-0.110574,-0.427494,1.60761,-0.101696,-0.427595,1.6109,-0.0217643,0.002006,-0.000391091,9.11104,0.0002,-9.67705e-10,-8.93933e-08,-9.67705e-10,0.000200013,1.16283e-06,-8.93933e-08,1.16283e-06,0.000199995,70
-0.106151,-0.427361,1.60827,-0.10146,-0.427808,1.61125,-0.0205713,0.0019391,0.000273425,9.02908,0.0002,-9.55431e-10,-8.78261e-08,-9.55431e-10,0.000200013,1.16026e-06,-8.78261e-08,1.16026e-06,0.000199995,70
-0.10262,-0.427211,1.6087,-0.101599,-0.427596,1.61071,-0.0203295,0.00178916,0.000697549,11.5877,0.0002,-9.5056e-10,-8.72268e-08,-9.5056e-10,0.000200013,1.162e-06,-8.72268e-08,1.162e-06,0.000199995,69
-0.099833,-0.427092,1.60905,-0.101632,-0.427654,1.61108,-0.020773,0.00160805,0.00104698,11.5389,0.0002,-9.56498e-10,-8.84956e-08,-9.56498e-10,0.000200013,1.15793e-06,-8.84956e-08,1.15793e-06,0.000199995,69
-0.0975584,-0.427001,1.60937,-0.101562,-0.427736,1.611,-0.0217884,0.00149894,0.00137404,11.5987,0.0002,-9.80105e-10,-9.13805e-08,-9.80105e-10,0.000200013,1.16035e-06,-9.13805e-08,1.16035e-06,0.000199995,69
-0.0956241,-0.427233,1.61001,-0.10083,-0.429216,1.61322,-0.0230641,0.000966875,0.0030148,8.34844,0.0002,-9.82128e-10,-9.14342e-08,-9.82128e-10,0.000200013,1.15685e-06,-9.14342e-08,1.15685e-06,0.000199995,74
-0.0902416,-0.427331,1.61086,-0.0817642,-0.428689,1.61491,-0.0209616,0.000669049,0.00386392,3.36559,0.0002,-9.62453e-10,-8.84663e-08,-9.62453e-10,0.000200013,1.15813e-06,-8.84663e-08,1.15813e-06,0.000199995,80
-0.085926,-0.427379,1.61143,-0.0815507,-0.42869,1.61403,-0.019846,0.000421329,0.00443194,3.51657,0.0002,-9.83494e-10,-9.18514e-08,-9.83494e-10,0.000200012,1.15361e-06,-9.18514e-08,1.15361e-06,0.000199995,80
-0.08243,-0.427394,1.61195,-0.0814431,-0.428482,1.61434,-0.01962,0.0001055,0.00494748,3.37214,0.0002,-9.79592e-10,-9.09896e-08,-9.79592e-10,0.000200012,1.15424e-06,-9.09896e-08,1.15424e-06,0.000199995,81
-0.0796538,-0.427391,1.61224,-0.0814906,-0.428457,1.61407,-0.0200438,-9.13968e-05,0.00524415,3.5174,0.0002,-9.88804e-10,-9.225e-08,-9.88804e-10,0.000200012,1.15286e-06,-9.225e-08,1.15286e-06,0.000199995,81
-0.0774273,-0.427377,1.61248,-0.0814628,-0.428398,1.61405,-0.0210873,-0.000376725,0.00547817,3.42924,0.0002,-9.96938e-10,-9.31795e-08,-9.96938e-10,0.000200012,1.15196e-06,-9.31795e-08,1.15196e-06,0.000199995,81
-0.0755703,-0.427387,1.61277,-0.0810323,-0.428453,1.61427,-0.0224203,-0.000586573,0.00577168,3.29362,0.0002,-9.89733e-10,-9.21332e-08,-9.89733e-10,0.000200012,1.14975e-06,-9.21332e-08,1.14975e-06,0.000199995,81
-0.0705247,-0.427104,1.61292,-0.0632283,-0.427106,1.61386,-0.0206347,-0.000603697,0.00592481,3.51548,0.0002,-1.01017e-09,-9.4985e-08,-1.01017e-09,0.000200012,1.14818e-06,-9.4985e-08,1.14818e-06,0.000199995,86
-0.0663724,-0.42687,1.61287,-0.0626487,-0.427067,1.61362,-0.0196724,-0.000569544,0.00587359,3.42621,0.0002,-1.02633e-09,-9.68078e-08,-1.02633e-09,0.000200012,1.14718e-06,-9.68078e-08,1.14718e-06,0.000199995,86
-0.0630688,-0.426672,1.61303,-0.0626895,-0.426959,1.61365,-0.0196288,-0.000671932,0.00702768,3.39551,0.0002,-1.02488e-09,-9.62797e-08,-1.02488e-09,0.000200012,1.1449e-06,-9.62797e-08,1.1449e-06,0.000199995,86
-0.0603656,-0.426432,1.61264,-0.0624435,-0.426494,1.61202,-0.0200956,-0.00063245,0.00663557,4.44946,0.0002,-1.01174e-09,-9.42785e-08,-1.01174e-09,0.000200012,1.14522e-06,-9.42785e-08,1.14522e-06,0.000199995,86
-0.058199,-0.426233,1.61247,-0.0624238,-0.426451,1.61214,-0.021179,-0.000732928,0.00647325,4.40141,0.0002,-1.00036e-09,-9.29015e-08,-1.00036e-09,0.000200012,1.14543e-06,-9.29015e-08,1.14543e-06,0.000199995,86
-0.0565145,-0.426083,1.61242,-0.0625571,-0.426605,1.61253,-0.0226745,-0.000783475,0.00642019,4.26018,0.0002,-1.01329e-09,-9.52121e-08,-1.01329e-09,0.000200012,1.14203e-06,-9.52121e-08,1.14203e-06,0.000199995,87
-0.051701,-0.425564,1.61148,-0.0452335,-0.424471,1.60801,-0.021101,-0.0005636,0.00547521,4.03424,0.0002,-9.98331e-10,-9.32688e-08,-9.98331e-10,0.000200012,1.13999e-06,-9.32688e-08,1.13999e-06,0.000199995,88
-0.048294,-0.425164,1.60516,-0.0475006,-0.424649,1.60912,-0.020864,-0.000364071,0.00616388,22.718,0.0002,-9.75654e-10,-9.04401e-08,-9.75654e-10,0.000200012,1.14059e-06,-9.04401e-08,1.14059e-06,0.000199995,57
-0.0455993,-0.424775,1.59151,-0.0476002,-0.424358,1.6077,-0.0214193,-0.000174766,0.0105125,22.8401,0.0002,-9.18337e-10,-8.34315e-08,-9.18337e-10,0.000200012,1.13969e-06,-8.34315e-08,1.13969e-06,0.000199995,57
-0.0435642,-0.424004,1.58514,-0.0483208,-0.422001,1.60185,-0.0225642,0.000395644,0.0151384,20.9103,0.0002,-8.81234e-10,-7.97167e-08,-8.81234e-10,0.000200012,1.14265e-06,-7.97167e-08,1.14265e-06,0.000199995,54
-0.041944,-0.423429,1.58709,-0.0483148,-0.422055,1.60186,-0.024184,0.000771125,0.018089,20.9543,0.0002,-8.47156e-10,-7.66229e-08,-8.47156e-10,0.000200012,1.14279e-06,-7.66229e-08,1.14279e-06,0.000199995,54
-0.0374319,-0.423847,1.58573,-0.0321358,-0.426335,1.5816,-0.0228419,0.000253151,0.0177341,26.7137,0.0002,-8.301e-10,-7.5979e-08,-8.301e-10,0.000200012,1.13939e-06,-7.5979e-08,1.13939e-06,0.000199995,60
-0.0338246,-0.424213,1.58488,-0.0322027,-0.42643,1.58181,-0.0224746,-0.000212705,0.0168816,26.741,0.0002,-8.0314e-10,-7.3435e-08,-8.0314e-10,0.000200012,1.13897e-06,-7.3435e-08,1.13897e-06,0.000199995,60
-0.0309277,-0.424542,1.58421,-0.0321491,-0.426499,1.58184,-0.0227437,-0.000741564,0.0162076,26.7261,0.0002,-7.54954e-10,-6.80546e-08,-7.54954e-10,0.000200012,1.13878e-06,-6.80546e-08,1.13878e-06,0.000199995,60
-0.0286026,-0.424785,1.5837,-0.0321098,-0.426504,1.58198,-0.0236486,-0.00108513,0.0156959,26.6888,0.0002,-7.41332e-10,-6.7738e-08,-7.41332e-10,0.000200012,1.13862e-06,-6.7738e-08,1.13862e-06,0.000199995,60
-0.026706,-0.424724,1.58288,-0.0318772,-0.425047,1.57961,-0.02491,-0.00112406,0.014879,25.4705,0.0002,-6.91952e-10,-6.22317e-08,-6.91952e-10,0.000200012,1.13689e-06,-6.22317e-08,1.13689e-06,0.000199995,59
-0.0251939,-0.424661,1.5821,-0.0319019,-0.425078,1.57962,-0.0266279,-0.00116114,0.0140992,25.5013,0.0002,-6.76426e-10,-6.17125e-08,-6.76426e-10,0.000200012,1.13576e-06,-6.17125e-08,1.13576e-06,0.000199995,59
-0.0196952,-0.424139,1.57968,-0.0104593,-0.422664,1.57062,-0.0242872,-0.000739341,0.0116769,22.2127,0.0002,-6.63469e-10,-6.1062e-08,-6.63469e-10,0.000200012,1.13506e-06,-6.1062e-08,1.13506e-06,0.000199995,68
-0.0155813,-0.422729,1.5749,-0.0118912,-0.417489,1.55578,-0.0233993,0.000571341,0.0069047,38.1473,0.0002,-6.22206e-10,-5.63184e-08,-6.22206e-10,0.000200012,1.13468e-06,-5.63184e-08,1.13468e-06,0.000199996,23
-0.0122677,-0.421581,1.57103,-0.0117254,-0.417522,1.5558,-0.0232377,0.00151871,0.00302644,38.1762,0.0002,-6.13004e-10,-5.63998e-08,-6.13004e-10,0.000200012,1.1328e-06,-5.63998e-08,1.1328e-06,0.000199996,23
-0.00957473,-0.421755,1.57136,-0.0115651,-0.42289,1.5727,-0.0237647,0.00124454,0.00336007,36.1375,0.0002,-5.583e-10,-4.98025e-08,-5.583e-10,0.000200012,1.13338e-06,-4.98025e-08,1.13338e-06,0.000199996,42
-0.00740723,-0.421906,1.5717,-0.0113929,-0.423055,1.57305,-0.0247472,0.000994384,0.00369732,36.242,0.0002,-5.41041e-10,-4.91179e-08,-5.41041e-10,0.000200012,1.13033e-06,-4.91179e-08,1.13033e-06,0.000199996,42
-0.00566963,-0.422005,1.57183,-0.0114811,-0.422954,1.57302,-0.0262196,0.000795102,0.00383303,36.1377,0.0002,-5.30727e-10,-4.87546e-08,-5.30727e-10,0.000200012,1.13178e-06,-4.87546e-08,1.13178e-06,0.000199996,42
-0.000496686,-0.421905,1.57129,0.00759166,-0.421981,1.5688,-0.0241967,0.000794664,0.0032895,22.2658,0.0002,-5.1065e-10,-4.69674e-08,-5.1065e-10,0.000200012,1.12761e-06,-4.69674e-08,1.12761e-06,0.000199996,67
0.00368736,-0.421858,1.57089,0.00771389,-0.422144,1.56961,-0.0232126,0.00074219,0.0028895,22.1942,0.0002,-4.94573e-10,-4.55418e-08,-4.94573e-10,0.000200012,1.12834e-06,-4.55418e-08,1.12834e-06,0.000199996,67
0.00704141,-0.421796,1.57036,0.00785394,-0.422017,1.56854,-0.0229886,0.000703838,0.00235658,21.4666,0.0002,-4.80507e-10,-4.44667e-08,-4.80507e-10,0.000200012,1.12542e-06,-4.44667e-08,1.12542e-06,0.000199996,67
0.00974278,-0.421722,1.57001,0.00783807,-0.421886,1.56832,-0.0234872,0.000678097,0.00301317,21.4902,0.0002,-4.70037e-10,-4.36266e-08,-4.70037e-10,0.000200012,1.12696e-06,-4.36266e-08,1.12696e-06,0.000199996,67
0.0119045,-0.42169,1.57543,0.00789259,-0.421932,1.56852,-0.0244455,0.00060951,0.000428296,21.4666,0.0002,-4.69481e-10,-4.41093e-08,-4.69481e-10,0.000200012,1.12614e-06,-4.41093e-08,1.12614e-06,0.000199996,67
0.0171132,-0.421605,1.58869,0.0253419,-0.421577,1.57219,-0.0224368,0.000495222,-0.00331325,21.4967,0.0002,-5.02958e-10,-4.90155e-08,-5.02958e-10,0.000200012,1.12365e-06,-4.90155e-08,1.12365e-06,0.000199996,66
0.021318,-0.421602,1.59977,0.0255299,-0.421786,1.57265,-0.021352,0.00039793,-0.0102347,21.5112,0.0002,-5.20322e-10,-5.08852e-08,-5.20322e-10,0.000200012,1.12198e-06,-5.08852e-08,1.12198e-06,0.000199996,66
0.0246908,-0.421592,1.60936,0.0254673,-0.421714,1.57247,-0.0211792,0.000208042,-0.0186446,21.4679,0.0002,-5.46421e-10,-5.36901e-08,-5.46421e-10,0.000200012,1.1242e-06,-5.36901e-08,1.1242e-06,0.000199996,66
0.0270558,-0.421193,1.61536,0.0237996,-0.4198,1.56727,-0.0219542,0.000407383,-0.030645,27.9199,0.0002,-5.92742e-10,-5.9057e-08,-5.92742e-10,0.000200012,1.12543e-06,-5.9057e-08,1.12543e-06,0.000199996,51
0.0289551,-0.420866,1.62079,0.023836,-0.4198,1.56726,-0.0232449,0.000434415,-0.0442137,27.9302,0.0002,-6.4884e-10,-6.52489e-08,-6.4884e-10,0.000200012,1.12603e-06,-6.52489e-08,1.12603e-06,0.000199996,51
0.0302452,-0.420602,1.62294,0.023753,-0.419799,1.56708,-0.0248648,0.000398434,-0.0580626,27.9104,0.0002,-6.68151e-10,-6.80725e-08,-6.68151e-10,0.000200011,1.09239e-06,-6.80725e-08,1.09239e-06,0.000199996,51
0.0325394,-0.419808,1.6287,0.0408525,-0.418285,1.65367,-0.0226506,0.000891878,-0.0512976,10.6145,0.0002,-6.3223e-10,-9.27308e-08,-6.3223e-10,0.000200007,7.27252e-07,-9.27308e-08,7.27252e-07,0.000199997,92
0.0340507,-0.419208,1.63208,0.0409398,-0.418313,1.65387,-0.0208693,0.00109162,-0.0459164,10.6232,0.0002,-4.9302e-10,-1.0559e-07,-4.9302e-10,0.000200004,4.38995e-07,-1.0559e-07,4.38995e-07,0.000199998,92
0.0363954,-0.417833,1.62752,0.0443665,-0.413696,1.62831,-0.0188946,0.0020674,-0.0454806,35.2696,0.0002,-4.04928e-10,-1.11045e-07,-4.04928e-10,0.000200003,3.2622e-07,-1.11045e-07,3.2622e-07,0.000199998,32
0.0384491,-0.416696,1.62304,0.0445164,-0.413667,1.628,-0.0173109,0.00290362,-0.0439567,35.2423,0.0002,-3.60074e-10,-1.18899e-07,-3.60074e-10,0.000200002,2.77902e-07,-1.18899e-07,2.77902e-07,0.000199999,32
0.040137,-0.415801,1.61874,0.0444132,-0.413645,1.62819,-0.016253,0.00339855,-0.0422615,35.2564,0.0002,-3.28606e-10,-1.20615e-07,-3.28606e-10,0.000200001,2.57592e-07,-1.20615e-07,2.57592e-07,0.000199999,32
0.039975,-0.415521,1.621,0.0370295,-0.418824,1.65673,-0.016965,0.00277914,-0.0329967,23.6288,0.0002,-4.53217e-10,-2.16583e-07,-4.53217e-10,0.000200001,2.40853e-07,-2.16583e-07,2.40853e-07,0.000199999,71
0.042784,-0.414609,1.62465,0.0511824,-0.419218,1.66688,-0.014806,0.00149055,-0.0223512,20.7074,0.000200001,-7.79668e-10,-3.99968e-07,-7.79668e-10,0.000200001,2.50128e-07,-3.99968e-07,2.50128e-07,0.000199999,70
0.0443532,-0.412397,1.6244,0.0476489,-0.414464,1.65295,-0.0139168,0.000903036,-0.0155988,25.3176,0.000200003,-1.21376e-09,-6.03102e-07,-1.21376e-09,0.000200001,2.61482e-07,-6.03102e-07,2.61482e-07,0.000199999,54
0.0456534,-0.410127,1.6237,0.0477302,-0.414535,1.653,-0.0134066,-0.000127219,-0.00829557,25.3568,0.000200005,-1.74597e-09,-8.15077e-07,-1.74597e-09,0.000200001,2.7553e-07,-8.15077e-07,2.7553e-07,0.000199998,54
0.0466897,-0.408367,1.62302,0.0476536,-0.414443,1.65267,-0.0131503,-0.00176672,-0.000981641,25.3176,0.000200007,-2.16755e-09,-9.38829e-07,-2.16755e-09,0.000200001,2.87087e-07,-9.38829e-07,2.87087e-07,0.000199998,54
0.0478872,-0.406942,1.62339,0.0497142,-0.416436,1.65885,-0.0127828,-0.00394152,0.00838534,21.6105,0.000200009,-2.59039e-09,-1.08413e-06,-2.59039e-09,0.000200001,2.90333e-07,-1.08413e-06,2.90333e-07,0.000199997,68
0.0488648,-0.406016,1.62392,0.0496647,-0.416453,1.65878,-0.0126552,-0.0067157,0.0169183,21.5783,0.000200011,-2.87903e-09,-1.14335e-06,-2.87903e-09,0.000200001,2.96989e-07,-1.14335e-06,2.96989e-07,0.000199996,68
0.0503353,-0.403346,1.61554,0.0524243,-0.403518,1.61508,-0.0121547,-0.00694595,0.0175433,23.5929,0.00020001,-2.97875e-09,-1.07798e-06,-2.97875e-09,0.000200001,3.14201e-07,-1.07798e-06,3.14201e-07,0.000199996,72
0.0514404,-0.401687,1.60859,0.0522513,-0.403048,1.61285,-0.0119396,-0.00708707,0.0185892,23.349,0.000200009,-2.80267e-09,-9.4456e-07,-2.80267e-09,0.000200001,3.19439e-07,-9.4456e-07,3.19439e-07,0.000199996,72
0.0528844,-0.40111,1.60809,0.0522426,-0.402997,1.61306,-0.0121356,-0.00751029,0.020086,23.3158,0.000200006,-2.8175e-09,-7.37959e-07,-2.8175e-09,0.000200001,4.1077e-07,-7.37959e-07,4.1077e-07,0.000199997,72
0.0546696,-0.400892,1.60877,0.0531605,-0.403174,1.61248,-0.0125404,-0.00799189,0.0207736,40.6417,0.000200004,-2.86362e-09,-5.72818e-07,-2.86362e-09,0.000200002,5.40132e-07,-5.72818e-07,5.40132e-07,0.000199997,27
0.0565036,-0.400886,1.60954,0.053343,-0.403138,1.61226,-0.0133764,-0.00848635,0.021535,40.1706,0.000200003,-2.80689e-09,-4.39e-07,-2.80689e-09,0.000200004,6.81803e-07,-4.39e-07,6.81803e-07,0.000199997,28
0.0596492,-0.39872,1.60517,0.0608083,-0.391417,1.58673,-0.0130608,-0.0067205,0.0161704,40.4706,0.000200002,-2.55956e-09,-3.27521e-07,-2.55956e-09,0.000200005,8.00672e-07,-3.27521e-07,8.00672e-07,0.000199997,25
0.0622007,-0.396987,1.60184,0.0603004,-0.39135,1.58787,-0.0135593,-0.00518747,0.0128449,22.7529,0.000200001,-2.29544e-09,-2.53618e-07,-2.29544e-09,0.000200006,8.99116e-07,-2.53618e-07,8.99116e-07,0.000199997,77
0.0642637,-0.395687,1.5993,0.060187,-0.39133,1.58783,-0.0145563,-0.00408689,0.0103032,22.6764,0.000200001,-1.95905e-09,-1.91703e-07,-1.95905e-09,0.000200008,9.69487e-07,-1.91703e-07,9.69487e-07,0.000199997,77
0.065238,-0.3942,1.59147,0.0601717,-0.391253,1.58741,-0.015632,-0.00350035,0.010469,22.7789,0.000200001,-1.95432e-09,-2.17425e-07,-1.95432e-09,0.000200007,9.07763e-07,-2.17425e-07,9.07763e-07,0.000199997,77
0.0648738,-0.392826,1.58454,0.058135,-0.391339,1.58889,-0.0173262,-0.00312552,0.0115446,31.5957,0.000200001,-1.92831e-09,-2.65538e-07,-1.92831e-09,0.000200006,7.51247e-07,-2.65538e-07,7.51247e-07,0.000199997,54
0.0643572,-0.391909,1.5781,0.0580413,-0.391266,1.5888,-0.0188728,-0.00290854,0.0140961,31.5843,0.000200001,-1.66749e-09,-2.64171e-07,-1.66749e-09,0.000200004,6.18197e-07,-2.64171e-07,6.18197e-07,0.000199998,54
0.0670217,-0.391317,1.57345,0.0742587,-0.391405,1.58506,-0.0170583,-0.00291695,0.017454,31.3689,0.000200001,-1.36065e-09,-2.45618e-07,-1.36065e-09,0.000200003,5.06272e-07,-2.45618e-07,5.06272e-07,0.000199998,58
0.0688532,-0.390293,1.56827,0.0729001,-0.388462,1.57673,-0.0160368,-0.00239292,0.0192665,32.0206,0.000200001,-1.11655e-09,-2.28175e-07,-1.11655e-09,0.000200002,4.29848e-07,-2.28175e-07,4.29848e-07,0.000199999,56
0.0704709,-0.389169,1.56399,0.0728582,-0.388471,1.5764,-0.0153091,-0.00196914,0.0229876,31.9937,0.000200001,-1.11056e-09,-2.65546e-07,-1.11056e-09,0.000200002,4.07322e-07,-2.65546e-07,4.07322e-07,0.000199999,56
0.071995,-0.387908,1.55914,0.0728797,-0.388509,1.57657,-0.014995,-0.0020075,0.0281376,32.0293,0.000200001,-1.34634e-09,-3.47634e-07,-1.34634e-09,0.000200002,4.30318e-07,-3.47634e-07,4.30318e-07,0.000199999,56
0.0731561,-0.38667,1.55332,0.072569,-0.38767,1.57259,-0.0151039,-0.00217024,0.0333199,32.8886,0.000200001,-1.58197e-09,-4.09308e-07,-1.58197e-09,0.000200002,4.46374e-07,-4.09308e-07,4.46374e-07,0.000199999,51
0.0741267,-0.385492,1.54818,0.0726449,-0.38767,1.57272,-0.0155333,-0.00249209,0.040184,32.8706,0.000200002,-1.87805e-09,-4.78192e-07,-1.87805e-09,0.000200002,4.62134e-07,-4.78192e-07,4.62134e-07,0.000199999,51
0.076376,-0.384008,1.53577,0.0798373,-0.384581,1.53087,-0.014684,-0.00260807,0.0387656,32.5554,0.000200002,-2.09243e-09,-5.12821e-07,-2.09243e-09,0.000200002,4.74725e-07,-5.12821e-07,4.74725e-07,0.000199999,57
0.0781797,-0.382676,1.52542,0.0798925,-0.384568,1.53071,-0.0143603,-0.0029764,0.040419,32.5811,0.000200003,-2.32496e-09,-5.56615e-07,-2.32496e-09,0.000200002,4.83146e-07,-5.56615e-07,4.83146e-07,0.000199998,57
0.0796755,-0.3817,1.51737,0.0798119,-0.384543,1.53057,-0.0143245,-0.00360033,0.0433675,32.577,0.000200003,-2.49424e-09,-5.68662e-07,-2.49424e-09,0.000200002,5.00239e-07,-5.68662e-07,5.00239e-07,0.000199998,57
0.0807454,-0.380561,1.50979,0.079371,-0.38331,1.52582,-0.0148046,-0.00416077,0.0477877,32.564,0.000200003,-2.6572e-09,-5.94013e-07,-2.6572e-09,0.000200002,5.05658e-07,-5.94013e-07,5.05658e-07,0.000199998,52
0.0814707,-0.379852,1.50647,0.0792681,-0.383261,1.52557,-0.0152893,-0.00485241,0.0534678,32.5459,0.000200003,-2.59669e-09,-5.767e-07,-2.59669e-09,0.000200002,4.9074e-07,-5.767e-07,4.9074e-07,0.000199998,52
0.0836107,-0.379063,1.50028,0.0875599,-0.381734,1.47875,-0.0137593,-0.00496324,0.0512844,31.5209,0.000200003,-2.43667e-09,-5.57424e-07,-2.43667e-09,0.000200002,4.59366e-07,-5.57424e-07,4.59366e-07,0.000199998,62
0.0849061,-0.378848,1.49478,0.0875496,-0.381506,1.47851,-0.0128439,-0.00534816,0.0487845,31.5254,0.000200002,-1.89418e-09,-4.70422e-07,-1.89418e-09,0.000200002,3.73841e-07,-4.70422e-07,3.73841e-07,0.000199998,62
0.0860117,-0.377495,1.49149,0.0864924,-0.376748,1.46943,-0.0120483,-0.00459467,0.0474926,33.6925,0.000200002,-1.72717e-09,-4.52312e-07,-1.72717e-09,0.000200001,3.63055e-07,-4.52312e-07,3.63055e-07,0.000199999,55
0.0864188,-0.376567,1.48614,0.0859236,-0.375482,1.46695,-0.0119012,-0.00406685,0.0441396,34.235,0.000200002,-1.3148e-09,-3.74629e-07,-1.3148e-09,0.000200001,2.98918e-07,-3.74629e-07,2.98918e-07,0.000199999,52
0.0860232,-0.375588,1.48495,0.0859924,-0.375525,1.46687,-0.0121468,-0.00388752,0.0409523,34.207,0.000200001,-8.16876e-10,-3.63463e-07,-8.16876e-10,0.000200001,1.39926e-07,-3.63463e-07,1.39926e-07,0.000199999,52
0.0856548,-0.374676,1.48622,0.0862484,-0.376225,1.46716,-0.0119452,-0.00427568,0.0362188,33.4823,0.000200002,-4.14681e-10,-3.98577e-07,-4.14681e-10,0.0002,2.08843e-08,-3.98577e-07,2.08843e-08,0.000199999,54
0.0842627,-0.372541,1.48935,0.0848836,-0.372693,1.45236,-0.0120373,-0.00424092,0.0263527,25.9931,0.000200002,4.28179e-10,-5.29274e-07,4.28179e-10,0.0002,-1.92014e-07,-5.29274e-07,-1.92014e-07,0.000199999,58
0.0823011,-0.371034,1.49542,0.0828995,-0.372907,1.45462,-0.0118589,-0.00503409,0.0164242,26.5225,0.000200003,1.48851e-09,-5.8375e-07,1.48851e-09,0.000200001,-4.01915e-07,-5.8375e-07,-4.01915e-07,0.000199999,66
0.080143,-0.37011,1.50211,0.0827029,-0.372902,1.45393,-0.011137,-0.00561042,0.00411086,26.624,0.000200003,2.53109e-09,-5.68276e-07,2.53109e-09,0.000200003,-6.24564e-07,-5.68276e-07,-6.24564e-07,0.000199998,66
0.0780766,-0.369887,1.50672,0.0827511,-0.373309,1.45371,-0.0100034,-0.00638656,-0.00828256,26.8073,0.000200002,3.10141e-09,-4.85662e-07,3.10141e-09,0.000200005,-8.21185e-07,-4.85662e-07,-8.21185e-07,0.000199998,66
0.0763099,-0.369933,1.51139,0.0829093,-0.372949,1.45451,-0.00824008,-0.00713342,-0.0226119,26.5391,0.000200002,3.13668e-09,-3.81958e-07,3.13668e-09,0.000200007,-9.68628e-07,-3.81958e-07,-9.68628e-07,0.000199997,66
0.0742562,-0.369921,1.51435,0.0802502,-0.372945,1.45318,-0.00674377,-0.00752052,-0.0376471,33.0834,0.000200001,3.10078e-09,-3.213e-07,3.10078e-09,0.000200009,-1.07999e-06,-3.213e-07,-1.07999e-06,0.000199997,71
0.0706519,-0.367559,1.53049,0.0707668,-0.359845,1.51542,-0.00668807,-0.00545929,-0.0415077,29.0635,0.000200001,2.76029e-09,-2.48223e-07,2.76029e-09,0.000200011,-1.1579e-06,-2.48223e-07,-1.1579e-06,0.000199996,58
0.0678282,-0.365617,1.5426,0.0709035,-0.359803,1.5155,-0.00591185,-0.00381681,-0.0484039,29.0443,0.000200001,2.47473e-09,-2.06198e-07,2.47473e-09,0.000200012,-1.20298e-06,-2.06198e-07,-1.20298e-06,0.000199996,58
0.0664479,-0.362766,1.54897,0.0754589,-0.357393,1.49705,-0.00355214,-0.00186617,-0.061031,38.4584,0.000200001,3.25785e-09,-3.02897e-07,3.25785e-09,0.000200013,-1.24146e-06,-3.02897e-07,-1.24146e-06,0.000199995,25
0.0659333,-0.36008,1.55304,0.0754715,-0.357446,1.4976,-0.000826651,-0.00107991,-0.0749641,38.3204,0.000200002,4.22427e-09,-4.33562e-07,4.22427e-09,0.000200013,-1.17476e-06,-4.33562e-07,-1.17476e-06,0.000199995,25
0.0664536,-0.357046,1.55684,0.0755176,-0.357428,1.49714,0.00168356,-0.000845811,-0.090164,38.291,0.000200003,5.3754e-09,-6.61815e-07,5.3754e-09,0.00020001,-9.90438e-07,-6.61815e-07,-9.90438e-07,0.000199995,25
0.0674601,-0.35446,1.55871,0.0751309,-0.35703,1.49513,0.00402015,-0.0013603,-0.106288,36.929,0.000200005,5.49965e-09,-8.24635e-07,5.49965e-09,0.000200007,-7.68132e-07,-8.24635e-07,-7.68132e-07,0.000199995,19
0.0650919,-0.351568,1.58375,0.0578352,-0.354189,1.60891,0.00258191,-0.00196839,-0.0992524,38.6483,0.000200007,5.14588e-09,-9.83316e-07,5.14588e-09,0.000200005,-5.66097e-07,-9.83316e-07,-5.66097e-07,0.000199995,31
0.0632321,-0.34904,1.60235,0.0573093,-0.352782,1.60337,0.0014921,-0.00283955,-0.09965,41.3385,0.000200009,4.45745e-09,-1.0719e-06,4.45745e-09,0.000200003,-4.18709e-07,-1.0719e-06,-4.18709e-07,0.000199995,25
0.0617987,-0.346879,1.61839,0.0572164,-0.352856,1.60343,0.000768673,-0.00417859,-0.102614,41.1396,0.000200011,3.81669e-09,-1.15203e-06,3.81669e-09,0.000200002,-3.17463e-07,-1.15203e-06,-3.17463e-07,0.000199995,25
0.0607437,-0.345309,1.63037,0.0574748,-0.353018,1.60431,0.000413672,-0.00610902,-0.109627,40.7813,0.000200012,3.19749e-09,-1.18283e-06,3.19749e-09,0.000200001,-2.48007e-07,-1.18283e-06,-2.48007e-07,0.000199995,26
0.0602782,-0.34433,1.64272,0.0594904,-0.35508,1.61333,0.000668203,-0.00873047,-0.116284,34.1864,0.000200013,2.79047e-09,-1.2241e-06,2.79047e-09,0.000200001,-2.09477e-07,-1.2241e-06,-2.09477e-07,0.000199995,40
0.0592034,-0.339807,1.67087,0.0563003,-0.335561,1.70854,0.000323361,-0.00760723,-0.107131,33.9642,0.000200013,2.39727e-09,-1.2271e-06,2.39727e-09,0.000200001,-1.77812e-07,-1.2271e-06,-1.77812e-07,0.000199995,51
0.0569409,-0.336502,1.6969,0.0497229,-0.337895,1.72254,-0.00113912,-0.00790219,-0.100101,35.4058,0.000200014,2.27587e-09,-1.25271e-06,2.27587e-09,0.000200001,-1.75141e-07,-1.25271e-06,-1.75141e-07,0.000199995,49
0.0550728,-0.334152,1.71767,0.049465,-0.338503,1.72609,-0.00216716,-0.00895177,-0.098331,35.5434,0.000200014,2.20277e-09,-1.24095e-06,2.20277e-09,0.0002,-1.77837e-07,-1.24095e-06,-1.77837e-07,0.000199995,49
0.0535122,-0.332183,1.73531,0.0494639,-0.338822,1.72772,-0.00281776,-0.0104833,-0.0996926,35.5832,0.000200014,2.31157e-09,-1.2568e-06,2.31157e-09,0.0002,-1.94958e-07,-1.2568e-06,-1.94958e-07,0.000199995,49
0.0520925,-0.331294,1.74815,0.0480196,-0.338628,1.72805,-0.00341753,-0.012494,-0.10485,35.4473,0.000200013,2.10775e-09,-1.15105e-06,2.10775e-09,0.0002,-1.8698e-07,-1.15105e-06,-1.8698e-07,0.000199995,43
0.0517958,-0.331055,1.75852,0.0480347,-0.33853,1.72759,-0.00397415,-0.0142548,-0.112479,35.4466,0.000200011,9.80182e-10,-1.0075e-06,9.80182e-10,0.0002,-4.83903e-08,-1.0075e-06,-4.83903e-08,0.000199995,43
0.051697,-0.327572,1.78787,0.0451449,-0.319246,1.83794,-0.00553297,-0.0122725,-0.100125,35.1539,0.000200008,-4.57101e-10,-8.25792e-07,-4.57101e-10,0.0002,1.71311e-07,-8.25792e-07,1.71311e-07,0.000199996,53
0.0511274,-0.32423,1.80964,0.0392713,-0.315092,1.82426,-0.00840261,-0.0103297,-0.0963558,45.1566,0.000200006,-1.66264e-09,-6.68309e-07,-1.66264e-09,0.000200001,4.15607e-07,-6.68309e-07,4.15607e-07,0.000199997,14
0.0510089,-0.321526,1.82085,0.0393518,-0.315094,1.82435,-0.0111811,-0.00892612,-0.0951467,45.1516,0.000200004,-2.5098e-09,-5.71183e-07,-2.5098e-09,0.000200003,6.228e-07,-5.71183e-07,6.228e-07,0.000199997,14
0.0513828,-0.320182,1.82522,0.0409052,-0.318142,1.83564,-0.0137272,-0.00878198,-0.0927843,44.5844,0.000200003,-2.88852e-09,-4.71355e-07,-2.88852e-09,0.000200005,7.82525e-07,-4.71355e-07,7.82525e-07,0.000199997,31
0.0517327,-0.318996,1.82772,0.0408597,-0.318155,1.8358,-0.0163273,-0.00879612,-0.0912795,44.5695,0.000200003,-3.16375e-09,-4.25258e-07,-3.16375e-09,0.000200006,8.9416e-07,-4.25258e-07,8.9416e-07,0.000199997,31
0.0520934,-0.318121,1.82967,0.0408881,-0.31815,1.83586,-0.0190566,-0.00912088,-0.0893286,44.5765,0.000200002,-3.27157e-09,-3.84064e-07,-3.27157e-09,0.000200008,9.77428e-07,-3.84064e-07,9.77428e-07,0.000199997,31
0.0561768,-0.315246,1.84345,0.0599008,-0.307743,1.89757,-0.0180332,-0.00734595,-0.0755508,35.5291,0.000200002,-3.35042e-09,-3.62587e-07,-3.35042e-09,0.000200009,1.03293e-06,-3.62587e-07,1.03293e-06,0.000199996,60
0.0594472,-0.312906,1.85464,0.0599082,-0.307726,1.89808,-0.0179128,-0.00620641,-0.0653649,35.5525,0.000200001,-3.44489e-09,-3.56572e-07,-3.44489e-09,0.00020001,1.06798e-06,-3.56572e-07,1.06798e-06,0.000199996,60
0.0620736,-0.311111,1.86348,0.0598922,-0.307891,1.89821,-0.0183764,-0.00561136,-0.0565179,35.5484,0.000200001,-3.47544e-09,-3.47402e-07,-3.47544e-09,0.00020001,1.09187e-06,-3.47402e-07,1.09187e-06,0.000199996,60
0.064208,-0.309594,1.87068,0.0600367,-0.307786,1.89819,-0.019392,-0.0052942,-0.0493182,35.551,0.000200001,-3.57363e-09,-3.52704e-07,-3.57363e-09,0.000200011,1.10736e-06,-3.52704e-07,1.10736e-06,0.000199996,60
0.0659032,-0.308419,1.8764,0.059962,-0.307935,1.89863,-0.0207968,-0.00521929,-0.0435988,35.5364,0.000200001,-3.6457e-09,-3.5572e-07,-3.6457e-09,0.000200011,1.11735e-06,-3.5572e-07,1.11735e-06,0.000199996,60
0.0705074,-0.30627,1.8818,0.0763236,-0.301918,1.9021,-0.0193526,-0.0042704,-0.0392018,36.4504,0.000200001,-3.6996e-09,-3.59025e-07,-3.6996e-09,0.000200011,1.11973e-06,-3.59025e-07,1.11973e-06,0.000199995,60
0.0742321,-0.304545,1.88598,0.0764422,-0.301959,1.90205,-0.0187179,-0.00374518,-0.0350221,36.4493,0.000200001,-3.76804e-09,-3.643e-07,-3.76804e-09,0.000200012,1.1238e-06,-3.643e-07,1.1238e-06,0.000199995,60
0.0772078,-0.303141,1.88962,0.0764319,-0.301867,1.90228,-0.0189022,-0.00354065,-0.0313792,36.489,0.000200001,-3.83142e-09,-3.69505e-07,-3.83142e-09,0.000200012,1.12579e-06,-3.69505e-07,1.12579e-06,0.000199995,60
0.0796087,-0.30201,1.89218,0.0766109,-0.301892,1.9021,-0.0196013,-0.00350981,-0.0288183,37.7402,0.000200001,-3.89002e-09,-3.75238e-07,-3.89002e-09,0.000200012,1.12447e-06,-3.75238e-07,1.12447e-06,0.000199995,60
0.0815524,-0.301124,1.89448,0.0766977,-0.301903,1.90208,-0.0208476,-0.00382444,-0.02752,37.7045,0.000200001,-3.91986e-09,-3.76841e-07,-3.91986e-09,0.000200012,1.1243e-06,-3.76841e-07,1.1243e-06,0.000199995,60
0.0830902,-0.300414,1.8962,0.0766178,-0.301908,1.90211,-0.0224098,-0.00431365,-0.0258016,37.7049,0.000200001,-3.94635e-09,-3.78732e-07,-3.94635e-09,0.000200012,1.1239e-06,-3.78732e-07,1.1239e-06,0.000199995,60
0.0881844,-0.299414,1.89807,0.094513,-0.295712,1.90428,-0.0207156,-0.00371351,-0.0239275,34.5734,0.000200001,-3.08647e-09,-2.50627e-07,-3.08647e-09,0.000200012,1.16911e-06,-2.50627e-07,1.16911e-06,0.000199995,58
0.0924229,-0.299125,1.89935,0.0945689,-0.295735,1.90444,-0.0202771,-0.00272455,-0.0226496,34.5508,0.0002,-1.74094e-09,-8.76813e-08,-1.74094e-09,0.000200013,1.22216e-06,-8.76813e-08,1.22216e-06,0.000199995,58
0.0961242,-0.299757,1.90044,0.0945683,-0.295705,1.90446,-0.0206758,-0.00185702,-0.0215575,34.5699,0.0002,5.61351e-10,1.5553e-07,5.61351e-10,0.000200015,1.3056e-06,1.5553e-07,1.3056e-06,0.000199995,58
0.0990706,-0.300313,1.90077,0.0942135,-0.294972,1.90142,-0.0219294,-0.000512978,-0.0212275,36.3911,0.000200001,2.77749e-09,3.41708e-07,2.77749e-09,0.000200016,1.3681e-06,3.41708e-07,1.3681e-06,0.000199994,60
0.101576,-0.300995,1.90092,0.094238,-0.295058,1.9015,-0.0238237,0.000805298,-0.0220755,36.3739,0.000200002,4.94068e-09,4.96094e-07,4.94068e-09,0.000200018,1.43103e-06,4.96094e-07,1.43103e-06,0.000199993,59
0.103593,-0.301455,1.90084,0.0940662,-0.294588,1.89986,-0.0263072,0.00244522,-0.022156,36.8643,0.000200003,6.67237e-09,5.95736e-07,6.67237e-09,0.000200019,1.47893e-06,5.95736e-07,1.47893e-06,0.000199993,60
0.10925,-0.30219,1.90018,0.113756,-0.296136,1.89679,-0.0251502,0.00380984,-0.0228238,32.3713,0.000200004,8.14463e-09,6.68011e-07,8.14463e-09,0.000200021,1.52685e-06,6.68011e-07,1.52685e-06,0.000199992,58
0.113764,-0.302768,1.89952,0.113871,-0.296246,1.89684,-0.0252362,0.00543181,-0.0234781,32.4809,0.000200004,9.17357e-09,7.09404e-07,9.17357e-09,0.000200022,1.55185e-06,7.09404e-07,1.55185e-06,0.000199991,58
0.117146,-0.303351,1.89991,0.112442,-0.296573,1.90111,-0.0264542,0.00694893,-0.0230886,41.2546,0.000200005,1.00642e-08,7.45847e-07,1.00642e-08,0.000200022,1.57636e-06,7.45847e-07,1.57636e-06,0.00019999,33
0.119833,-0.30377,1.90023,0.112552,-0.29661,1.90115,-0.0282669,0.00872958,-0.0227709,41.2466,0.000200005,1.05915e-08,7.60381e-07,1.05915e-08,0.000200023,1.58564e-06,7.60381e-07,1.58564e-06,0.00019999,33
0.12203,-0.304166,1.90059,0.112514,-0.296614,1.90138,-0.0307699,0.010434,-0.0224074,41.2338,0.000200005,1.11028e-08,7.79069e-07,1.11028e-08,0.000200023,1.60037e-06,7.79069e-07,1.60037e-06,0.00019999,33
0.123749,-0.303952,1.89821,0.112572,-0.294131,1.88863,-0.033651,0.0128483,-0.0247912,35.316,0.000200005,1.13482e-08,7.82352e-07,1.13482e-08,0.000200024,1.60333e-06,7.82352e-07,1.60333e-06,0.000199989,56
0.130242,-0.306682,1.89737,0.137881,-0.308354,1.89367,-0.0317584,0.012218,-0.0256318,30.5317,0.000200006,1.16702e-08,7.95421e-07,1.16702e-08,0.000200024,1.61324e-06,7.95421e-07,1.61324e-06,0.000199989,55
0.135293,-0.308714,1.89595,0.13749,-0.307788,1.88994,-0.0312072,0.012386,-0.0270489,31.4295,0.000200006,1.17796e-08,7.96793e-07,1.17796e-08,0.000200024,1.6096e-06,7.96793e-07,1.6096e-06,0.000199989,57
0.139382,-0.310382,1.89483,0.137569,-0.307819,1.89001,-0.0318182,0.012818,-0.0281704,31.4201,0.000200006,1.19404e-08,8.0385e-07,1.19404e-08,0.000200024,1.61227e-06,8.0385e-07,1.61227e-06,0.000199989,57
0.142757,-0.3117,1.89483,0.13821,-0.308001,1.89482,-0.0329431,0.0136997,-0.0281691,31.0022,0.000200006,1.196e-08,8.01542e-07,1.196e-08,0.000200024,1.6093e-06,8.01542e-07,1.6093e-06,0.000199989,57
0.145184,-0.312636,1.90113,0.136917,-0.306755,1.88661,-0.0351161,0.0148643,-0.0318724,32.8156,0.000200006,1.20923e-08,8.10461e-07,1.20923e-08,0.000200024,1.61042e-06,8.10461e-07,1.61042e-06,0.000199989,55
0.152411,-0.316228,1.9137,0.163576,-0.321346,1.90144,-0.0324892,0.0134717,-0.0353002,27.2783,0.000200006,1.20078e-08,8.0188e-07,1.20078e-08,0.000200024,1.6048e-06,8.0188e-07,1.6048e-06,0.000199989,54
0.158254,-0.319242,1.92565,0.163712,-0.321345,1.9017,-0.0312463,0.0126581,-0.0403489,27.2842,0.000200006,1.21603e-08,8.13498e-07,1.21603e-08,0.000200024,1.60958e-06,8.13498e-07,1.60958e-06,0.000199989,54
0.162755,-0.321513,1.93492,0.163156,-0.321382,1.90374,-0.0312448,0.0124874,-0.0480791,27.5895,0.000200006,1.19643e-08,7.95709e-07,1.19643e-08,0.000200024,1.60315e-06,7.95709e-07,1.60315e-06,0.000199989,48
0.166438,-0.323478,1.94339,0.163291,-0.321447,1.90422,-0.0321619,0.0125216,-0.0586142,27.5888,0.000200006,1.20548e-08,8.0263e-07,1.20548e-08,0.000200024,1.60982e-06,8.0263e-07,1.60982e-06,0.000199989,48
0.168996,-0.324765,1.94835,0.161674,-0.320563,1.89996,-0.0342036,0.0132354,-0.0706456,32.537,0.000200006,1.18713e-08,7.8743e-07,1.18713e-08,0.000200024,1.60437e-06,7.8743e-07,1.60437e-06,0.000199989,45
0.171133,-0.325897,1.95323,0.161772,-0.320566,1.90002,-0.0367667,0.0140027,-0.0837692,32.5603,0.000200006,1.1939e-08,7.91735e-07,1.1939e-08,0.000200024,1.61355e-06,7.91735e-07,1.61355e-06,0.000199989,45
0.177855,-0.328792,1.96013,0.186989,-0.331596,1.94832,-0.0347448,0.0129082,-0.0868741,28.6616,0.000200006,1.17494e-08,7.78029e-07,1.17494e-08,0.000200024,1.60526e-06,7.78029e-07,1.60526e-06,0.000199989,46
0.183705,-0.331197,1.95905,0.188739,-0.332124,1.94934,-0.0335946,0.0122028,-0.0889478,27.4018,0.000200006,1.17172e-08,7.72207e-07,1.17172e-08,0.000200024,1.61691e-06,7.72207e-07,1.61691e-06,0.000199989,64
0.188348,-0.332953,1.95714,0.188704,-0.332079,1.94951,-0.0336517,0.0120474,-0.090855,27.5166,0.000200005,1.14112e-08,7.44352e-07,1.14112e-08,0.000200024,1.61877e-06,7.44352e-07,1.61877e-06,0.000199989,64
0.192119,-0.334385,1.95574,0.188718,-0.332082,1.94945,-0.034681,0.0121148,-0.0922646,27.383,0.000200005,1.12624e-08,7.31285e-07,1.12624e-08,0.000200025,1.62839e-06,7.31285e-07,1.62839e-06,0.000199989,64
0.195072,-0.335485,1.95454,0.188694,-0.332121,1.94942,-0.0364278,0.0126151,-0.0934629,27.9931,0.000200005,1.10189e-08,7.14683e-07,1.10189e-08,0.000200025,1.62496e-06,7.14683e-07,1.62496e-06,0.000199989,63
0.197495,-0.33644,1.95362,0.188708,-0.332207,1.94996,-0.0388055,0.0131597,-0.0943781,28.0066,0.000200005,1.09807e-08,7.13935e-07,1.09807e-08,0.000200025,1.63164e-06,7.13935e-07,1.63164e-06,0.000199989,63
0.205134,-0.339723,1.96374,0.217317,-0.345513,2.00388,-0.0358661,0.0113769,-0.0842641,16.0665,0.000200005,1.08235e-08,7.0481e-07,1.08235e-08,0.000200025,1.62652e-06,7.0481e-07,1.62652e-06,0.000199989,74
0.211318,-0.342391,1.97202,0.217413,-0.345583,2.00546,-0.0344818,0.0102093,-0.0759846,16.0712,0.000200005,1.07731e-08,7.0129e-07,1.07731e-08,0.000200025,1.63273e-06,7.0129e-07,1.63273e-06,0.000199989,74
0.21628,-0.344448,1.98467,0.217661,-0.345571,2.00799,-0.0342204,0.0097523,-0.0703309,15.8421,0.000200004,1.05209e-08,6.79765e-07,1.05209e-08,0.000200025,1.63415e-06,6.79765e-07,1.63415e-06,0.000199989,74
0.220263,-0.346141,2.0021,0.217786,-0.345062,2.00609,-0.0350369,0.009559,-0.0689032,16.2067,0.000200004,1.04679e-08,6.77891e-07,1.04679e-08,0.000200025,1.63846e-06,6.77891e-07,1.63846e-06,0.000199989,76
0.223721,-0.347366,2.01931,0.219364,-0.345079,2.02085,-0.0362787,0.00983392,-0.0686913,15.0111,0.000200004,1.01647e-08,6.545e-07,1.01647e-08,0.000200025,1.63421e-06,6.545e-07,1.63421e-06,0.000199989,76
0.231525,-0.350133,2.03328,0.244131,-0.353384,2.01741,-0.0331748,0.0085666,-0.0727179,13.4883,0.000200004,1.01447e-08,6.5308e-07,1.01447e-08,0.000200025,1.64768e-06,6.5308e-07,1.64768e-06,0.000199989,74
0.23739,-0.352264,2.04629,0.242635,-0.353628,2.03005,-0.0320096,0.00783643,-0.0767111,14.681,0.000200004,9.85991e-09,6.31586e-07,9.85991e-09,0.000200025,1.64314e-06,6.31586e-07,1.64314e-06,0.000199989,63
0.242191,-0.354031,2.05773,0.242814,-0.353581,2.03112,-0.0320088,0.00746866,-0.0832668,14.6072,0.000200004,9.77421e-09,6.25223e-07,9.77421e-09,0.000200025,1.65354e-06,6.25223e-07,1.65354e-06,0.000199989,63
0.2458,-0.355291,2.06433,0.241947,-0.353357,2.02246,-0.0331999,0.007509,-0.0936688,21.7922,0.000200004,9.44441e-09,5.99303e-07,9.44441e-09,0.000200025,1.65193e-06,5.99303e-07,1.65193e-06,0.000199989,63
0.248749,-0.356395,2.07054,0.242001,-0.353357,2.02299,-0.0350514,0.00760528,-0.105458,21.7263,0.000200003,9.3624e-09,5.95333e-07,9.3624e-09,0.000200026,1.66009e-06,5.95333e-07,1.66009e-06,0.000199989,63
0.249964,-0.35561,2.06529,0.241899,-0.353427,2.02238,-0.0368361,0.00758958,-0.113708,21.796,0.000200002,6.08507e-09,3.35508e-07,6.08507e-09,0.000200022,1.47867e-06,3.35508e-07,1.47867e-06,0.00019999,63
0.255694,-0.355668,2.08106,0.269228,-0.363215,2.09149,-0.0332057,0.00543212,-0.11194,21.5508,0.000200001,2.13703e-09,-2.08005e-08,2.13703e-09,0.000200017,1.24369e-06,-2.08005e-08,1.24369e-06,0.000199992,59
0.259982,-0.355579,2.09087,0.269549,-0.363019,2.09333,-0.0305179,0.0034214,-0.110133,21.4364,0.000200001,-3.49078e-10,-2.64554e-07,-3.49078e-10,0.000200013,1.03648e-06,-2.64554e-07,1.03648e-06,0.000199993,59
0.263655,-0.355583,2.10343,0.269982,-0.363027,2.09532,-0.028645,0.00121706,-0.111571,21.3523,0.000200002,-1.85403e-09,-4.12357e-07,-1.85403e-09,0.000200011,9.26802e-07,-4.12357e-07,9.26802e-07,0.000199994,59
0.266028,-0.355356,2.10155,0.269832,-0.363033,2.09028,-0.0273721,-0.0007563,-0.114449,23.3414,0.000200002,-2.70782e-09,-5.40502e-07,-2.70782e-09,0.000200008,7.73642e-07,-5.40502e-07,7.73642e-07,0.000199995,62
0.268713,-0.356099,2.0993,0.269682,-0.363015,2.09032,-0.0268875,-0.00309886,-0.116703,23.3495,0.000200002,-2.90301e-09,-4.73652e-07,-2.90301e-09,0.000200007,8.06883e-07,-4.73652e-07,8.06883e-07,0.000199996,62
0.271312,-0.357181,2.09732,0.269468,-0.362996,2.08914,-0.0273884,-0.00468105,-0.118676,23.9359,0.000200001,-2.73247e-09,-3.52205e-07,-2.73247e-09,0.000200008,9.07478e-07,-3.52205e-07,9.07478e-07,0.000199996,62
0.278429,-0.358287,2.10903,0.291438,-0.360169,2.15622,-0.0241706,-0.00558736,-0.106966,15.3742,0.000200001,-1.6718e-09,-1.33839e-07,-1.6718e-09,0.00020001,1.07683e-06,-1.33839e-07,1.07683e-06,0.000199996,67
0.284042,-0.358766,2.11887,0.291771,-0.360039,2.15791,-0.0224579,-0.00596626,-0.0981301,15.2599,0.0002,-1.03581e-09,-5.60645e-08,-1.03581e-09,0.000200012,1.1607e-06,-5.60645e-08,1.1607e-06,0.000199996,67
0.28845,-0.358712,2.12753,0.292265,-0.359964,2.16154,-0.0213495,-0.00671181,-0.0894709,14.6734,0.0002,-1.03776e-09,-7.49435e-08,-1.03776e-09,0.000200012,1.18554e-06,-7.49435e-08,1.18554e-06,0.000199996,69
0.29184,-0.35815,2.13455,0.293119,-0.359875,2.16139,-0.0208602,-0.00745048,-0.0824475,14.4334,0.0002,-1.65751e-09,-1.68925e-07,-1.65751e-09,0.000200012,1.1525e-06,-1.68925e-07,1.1525e-06,0.000199995,69
0.294258,-0.357105,2.14341,0.292614,-0.35885,2.17885,-0.0212423,-0.00790478,-0.073589,12.7408,0.000200001,-2.53462e-09,-2.90004e-07,-2.53462e-09,0.000200011,1.10173e-06,-2.90004e-07,1.10173e-06,0.000199995,69
0.294842,-0.355935,2.15396,0.28598,-0.357175,2.19615,-0.0232577,-0.00853488,-0.0630389,1.40732,0.000200001,-3.16169e-09,-3.66008e-07,-3.16169e-09,0.000200011,1.0666e-06,-3.66008e-07,1.0666e-06,0.000199996,95
0.298323,-0.353981,2.16424,0.301904,-0.353644,2.20503,-0.0223767,-0.00838068,-0.0527632,1.47997,0.000200002,-3.8811e-09,-4.65325e-07,-3.8811e-09,0.00020001,1.01739e-06,-4.65325e-07,1.01739e-06,0.000199996,95
0.301132,-0.352459,2.17268,0.301938,-0.353495,2.20613,-0.0220679,-0.0088592,-0.0443224,3.36591,0.000200002,-4.33591e-09,-5.19126e-07,-4.33591e-09,0.00020001,9.88294e-07,-5.19126e-07,9.88294e-07,0.000199996,95
0.30348,-0.351112,2.17958,0.302694,-0.353465,2.20719,-0.0222196,-0.00951177,-0.0374221,2.67946,0.000200003,-4.75919e-09,-5.74688e-07,-4.75919e-09,0.000200009,9.6142e-07,-5.74688e-07,9.6142e-07,0.000199996,96
0.30545,-0.350034,2.19145,0.303269,-0.353339,2.20943,-0.0227504,-0.0103337,-0.0325498,2.66366,0.000200003,-5.03457e-09,-6.10582e-07,-5.03457e-09,0.000200009,9.37543e-07,-6.10582e-07,9.37543e-07,0.000199996,96
0.310159,-0.349251,2.20763,0.318853,-0.353785,2.20226,-0.0204408,-0.0116514,-0.0343674,16.0338,0.000200004,-5.26836e-09,-6.42621e-07,-5.26836e-09,0.000200008,9.19568e-07,-6.42621e-07,9.19568e-07,0.000199996,70
0.316649,-0.346384,2.22482,0.332707,-0.342545,2.2222,-0.0163511,-0.0107842,-0.0341754,12.9661,0.000200004,-5.39026e-09,-6.61519e-07,-5.39026e-09,0.000200008,9.00539e-07,-6.61519e-07,9.00539e-07,0.000199996,69
0.321922,-0.34403,2.23951,0.332857,-0.342515,2.22272,-0.0134782,-0.0105296,-0.0384919,12.9435,0.000200004,-5.56495e-09,-6.85352e-07,-5.56495e-09,0.000200008,8.94123e-07,-6.85352e-07,8.94123e-07,0.000199996,69
0.325175,-0.342195,2.25047,0.3282,-0.342629,2.22195,-0.0126247,-0.0107949,-0.0455304,12.3846,0.000200004,-5.64677e-09,-6.98045e-07,-5.64677e-09,0.000200007,8.83243e-07,-6.98045e-07,8.83243e-07,0.000199996,61
0.32829,-0.341336,2.25961,0.328055,-0.342616,2.22188,-0.0124099,-0.0115356,-0.055391,12.3643,0.000200004,-5.5147e-09,-6.12418e-07,-5.5147e-09,0.000200008,9.63833e-07,-6.12418e-07,9.63833e-07,0.000199996,61
0.330629,-0.341011,2.26514,0.325624,-0.342638,2.21899,-0.013671,-0.0121114,-0.0668621,19.4273,0.000200003,-5.17297e-09,-5.03099e-07,-5.17297e-09,0.00020001,1.0699e-06,-5.03099e-07,1.0699e-06,0.000199995,55
0.333067,-0.341414,2.27044,0.32566,-0.342511,2.21958,-0.0154329,-0.0129141,-0.0795581,19.3808,0.000200002,-4.23601e-09,-3.27891e-07,-4.23601e-09,0.000200013,1.23048e-06,-3.27891e-07,1.23048e-06,0.000199995,55
0.337833,-0.34044,2.27758,0.339392,-0.335545,2.23847,-0.0150673,-0.01204,-0.0894194,17.3363,0.000200001,-3.16797e-09,-1.97847e-07,-3.16797e-09,0.000200015,1.34629e-06,-1.97847e-07,1.34629e-06,0.000199995,58
0.337789,-0.339277,2.28902,0.318946,-0.332772,2.2633,-0.0197107,-0.0109772,-0.095975,12.3127,0.000200001,-1.99337e-09,-8.5431e-08,-1.99337e-09,0.000200018,1.45942e-06,-8.5431e-08,1.45942e-06,0.000199994,83
0.337759,-0.338369,2.29731,0.319056,-0.332709,2.26311,-0.0244414,-0.0100693,-0.104686,12.3565,0.0002,-9.79346e-10,-1.02209e-08,-9.79346e-10,0.00020002,1.52932e-06,-1.02209e-08,1.52932e-06,0.000199993,83
0.337882,-0.337736,2.30479,0.319072,-0.332742,2.26288,-0.029218,-0.00953592,-0.114213,12.322,0.0002,-7.62713e-11,4.77255e-08,-7.62713e-11,0.000200022,1.5979e-06,4.77255e-08,1.5979e-06,0.000199992,83
0.337429,-0.337163,2.30985,0.316604,-0.332585,2.26308,-0.0343713,-0.00906252,-0.12615,17.0741,0.0002,5.44798e-10,7.81803e-08,5.44798e-10,0.000200023,1.63258e-06,7.81803e-08,1.63258e-06,0.000199992,79
0.337134,-0.336798,2.3148,0.316522,-0.332548,2.26347,-0.0395659,-0.00879826,-0.139196,17.0924,0.0002,1.15827e-09,1.11203e-07,1.15827e-09,0.000200025,1.669e-06,1.11203e-07,1.669e-06,0.000199991,79
0.341974,-0.335898,2.33648,0.342199,-0.330731,2.35584,-0.0395259,-0.00809811,-0.133516,4.57559,0.0002,1.44365e-09,1.17514e-07,1.44365e-09,0.000200025,1.68081e-06,1.17514e-07,1.68081e-06,0.000199991,83
0.345151,-0.335171,2.35514,0.338183,-0.330563,2.35924,-0.041249,-0.00767064,-0.132861,9.36381,0.0002,1.63368e-09,1.19841e-07,1.63368e-09,0.000200026,1.70607e-06,1.19841e-07,1.70607e-06,0.00019999,79
0.347605,-0.3345,2.36933,0.338253,-0.330635,2.35908,-0.0435946,-0.00739997,-0.135669,9.329,0.0002,1.51928e-09,1.00753e-07,1.51928e-09,0.000200027,1.70594e-06,1.00753e-07,1.70594e-06,0.00019999,79
0.349565,-0.333955,2.38194,0.337768,-0.330384,2.36123,-0.0465353,-0.00725534,-0.14006,12.9152,0.0002,1.44745e-09,9.07655e-08,1.44745e-09,0.000200027,1.72095e-06,9.07655e-08,1.72095e-06,0.00019999,78
0.351081,-0.333421,2.3911,0.337887,-0.330404,2.36104,-0.0498186,-0.00732096,-0.147899,12.9289,0.0002,1.16656e-09,6.56268e-08,1.16656e-09,0.000200027,1.71829e-06,6.56268e-08,1.71829e-06,0.00019999,78
0.358354,-0.332928,2.4187,0.367837,-0.330559,2.45796,-0.0474459,-0.00742791,-0.138299,3.71804,0.0002,1.03305e-09,5.71127e-08,1.03305e-09,0.000200028,1.727e-06,5.71127e-08,1.727e-06,0.00019999,81
0.366621,-0.33304,2.43662,0.380482,-0.333691,2.44193,-0.043979,-0.00813974,-0.136384,20.3781,0.0002,5.89849e-10,2.16505e-08,5.89849e-10,0.000200028,1.71962e-06,2.16505e-08,1.71962e-06,0.00019999,49
0.373485,-0.332915,2.45337,0.381335,-0.332524,2.44957,-0.0419153,-0.00881549,-0.137633,19.5434,0.0002,2.36417e-10,-1.93496e-09,2.36417e-10,0.000200028,1.72765e-06,-1.93496e-09,1.72765e-06,0.00019999,49
0.379257,-0.332518,2.4673,0.383154,-0.331626,2.45669,-0.0408431,-0.00921786,-0.139695,21.784,0.0002,-2.60235e-10,-3.74235e-08,-2.60235e-10,0.000200028,1.71915e-06,-3.74235e-08,1.71915e-06,0.00019999,45
0.384177,-0.332025,2.4808,0.384259,-0.330618,2.46397,-0.0407232,-0.00972456,-0.144199,21.1541,0.0002,-6.28954e-10,-5.89769e-08,-6.28954e-10,0.000200028,1.72658e-06,-5.89769e-08,1.72658e-06,0.00019999,45
0.388299,-0.331374,2.49179,0.385691,-0.329859,2.46906,-0.0413007,-0.0100741,-0.15021,20.1631,0.0002,-1.09468e-09,-9.04541e-08,-1.09468e-09,0.000200028,1.71485e-06,-9.04541e-08,1.71485e-06,0.00019999,46
0.395883,-0.33074,2.51813,0.406749,-0.329793,2.55301,-0.0385171,-0.0105395,-0.14087,13.5764,0.0002,-1.42162e-09,-1.07823e-07,-1.42162e-09,0.000200028,1.7204e-06,-1.07823e-07,1.7204e-06,0.00019999,58
0.401933,-0.329831,2.53974,0.407129,-0.328453,2.56012,-0.0370672,-0.0107305,-0.136263,16.1655,0.0002,-1.9347e-09,-1.44342e-07,-1.9347e-09,0.000200027,1.70852e-06,-1.44342e-07,1.70852e-06,0.00019999,50
0.407168,-0.328832,2.5594,0.408634,-0.327089,2.56724,-0.0365315,-0.0110325,-0.1336,15.8054,0.0002,-2.39281e-09,-1.72639e-07,-2.39281e-09,0.000200027,1.7156e-06,-1.72639e-07,1.7156e-06,0.00019999,50
0.411301,-0.327814,2.56898,0.408983,-0.326561,2.57015,-0.0369994,-0.0113138,-0.133017,19.2797,0.0002,-2.88162e-09,-2.05952e-07,-2.88162e-09,0.000200027,1.70018e-06,-2.05952e-07,1.70018e-06,0.00019999,41
0.414773,-0.326849,2.57002,0.409511,-0.326221,2.57159,-0.0382266,-0.0118487,-0.132984,19.2724,0.0002,-3.348e-09,-2.35085e-07,-3.348e-09,0.000200027,1.70096e-06,-2.35085e-07,1.70096e-06,0.00019999,41
0.417503,-0.325913,2.57048,0.409725,-0.326098,2.57231,-0.0399971,-0.0125134,-0.132522,19.3054,0.000200001,-3.91255e-09,-2.75446e-07,-3.91255e-09,0.000200027,1.68691e-06,-2.75446e-07,1.68691e-06,0.00019999,41
0.423228,-0.324594,2.58614,0.427243,-0.323893,2.64972,-0.0387715,-0.012794,-0.116864,2.3511,0.000200001,-4.35237e-09,-3.01104e-07,-4.35237e-09,0.000200027,1.6878e-06,-3.01104e-07,1.6878e-06,0.00019999,68
0.427878,-0.323361,2.59953,0.428135,-0.323306,2.6531,-0.0386218,-0.0131607,-0.103472,2.25888,0.000200001,-4.78736e-09,-3.30915e-07,-4.78736e-09,0.000200026,1.67061e-06,-3.30915e-07,1.67061e-06,0.00019999,68
0.430594,-0.323104,2.61137,0.42254,-0.326409,2.62068,-0.0405056,-0.0145036,-0.100625,4.97623,0.000200001,-5.17397e-09,-3.5312e-07,-5.17397e-09,0.000200026,1.67388e-06,-3.5312e-07,1.67388e-06,0.00019999,61
0.432917,-0.322708,2.62611,0.423775,-0.325543,2.62571,-0.0426827,-0.0156083,-0.100885,4.82767,0.000200001,-5.51508e-09,-3.76157e-07,-5.51508e-09,0.000200026,1.6589e-06,-3.76157e-07,1.6589e-06,0.00019999,61
0.435173,-0.322264,2.6409,0.425306,-0.324668,2.63116,-0.0449266,-0.0167636,-0.103097,4.60655,0.000200001,-5.76941e-09,-3.88191e-07,-5.76941e-09,0.000200026,1.66296e-06,-3.88191e-07,1.66296e-06,0.00019999,61
0.437983,-0.320864,2.65988,0.430969,-0.319855,2.67007,-0.0466172,-0.0169635,-0.100115,3.6203,0.000200001,-5.9665e-09,-4.01595e-07,-5.9665e-09,0.000200026,1.64664e-06,-4.01595e-07,1.64664e-06,0.00019999,66
0.445199,-0.318312,2.68144,0.455256,-0.313004,2.6981,-0.0439008,-0.0161118,-0.0965606,0.623393,0.000200002,-6.2482e-09,-4.18692e-07,-6.2482e-09,0.000200026,1.65433e-06,-4.18692e-07,1.65433e-06,0.00019999,69
0.451263,-0.315912,2.69922,0.457403,-0.311449,2.70459,-0.0422374,-0.0154119,-0.0947815,0.528653,0.000200002,-6.50721e-09,-4.40056e-07,-6.50721e-09,0.000200025,1.63605e-06,-4.40056e-07,1.63605e-06,0.00019999,69
0.454142,-0.314831,2.70717,0.446891,-0.315339,2.66877,-0.0438583,-0.0161309,-0.103834,6.04896,0.000200002,-6.80704e-09,-4.59286e-07,-6.80704e-09,0.000200025,1.641e-06,-4.59286e-07,1.641e-06,0.00019999,55
0.456458,-0.31382,2.71305,0.447678,-0.314872,2.67118,-0.0458419,-0.0169199,-0.114947,5.96239,0.000200002,-7.04913e-09,-4.79919e-07,-7.04913e-09,0.000200025,1.62066e-06,-4.79919e-07,1.62066e-06,0.00019999,55
0.458232,-0.313005,2.71868,0.446741,-0.314701,2.67163,-0.0484681,-0.0181055,-0.126321,10.5264,0.000200002,-7.2577e-09,-4.91145e-07,-7.2577e-09,0.000200025,1.62419e-06,-4.91145e-07,1.62419e-06,0.00019999,48
0.463913,-0.310464,2.74002,0.468745,-0.306176,2.75932,-0.0470872,-0.0175641,-0.121979,4.06814,0.000200002,-7.43725e-09,-5.05608e-07,-7.43725e-09,0.000200024,1.61082e-06,-5.05608e-07,1.61082e-06,0.00019999,55
0.46889,-0.308115,2.75904,0.470557,-0.30478,2.76522,-0.0464103,-0.0173155,-0.119965,3.97289,0.000200002,-7.71327e-09,-5.25608e-07,-7.71327e-09,0.000200024,1.61176e-06,-5.25608e-07,1.61176e-06,0.00019999,55
0.472957,-0.306018,2.77396,0.471597,-0.304016,2.76826,-0.0465428,-0.0173184,-0.121036,4.58646,0.000200003,-7.98794e-09,-5.51689e-07,-7.98794e-09,0.000200024,1.59154e-06,-5.51689e-07,1.59154e-06,0.00019999,52
0.476548,-0.304193,2.78731,0.472776,-0.303273,2.77114,-0.0471522,-0.0176927,-0.125691,4.57143,0.000200003,-8.28839e-09,-5.72468e-07,-8.28839e-09,0.000200024,1.59326e-06,-5.72468e-07,1.59326e-06,0.00019999,52
0.479413,-0.302588,2.79761,0.473501,-0.302808,2.77338,-0.0483867,-0.0182883,-0.131392,4.59719,0.000200003,-8.51631e-09,-5.95343e-07,-8.51631e-09,0.000200023,1.56905e-06,-5.95343e-07,1.56905e-06,0.00019999,52
0.480874,-0.301288,2.80676,0.468742,-0.302703,2.77413,-0.051126,-0.0193879,-0.139239,8.07556,0.000200003,-8.781e-09,-6.12821e-07,-8.781e-09,0.000200023,1.57138e-06,-6.12821e-07,1.57138e-06,0.00019999,47
0.487082,-0.298909,2.83146,0.494867,-0.297035,2.86548,-0.048918,-0.0194095,-0.130544,2.46685,0.000200004,-9.00393e-09,-6.34957e-07,-9.00393e-09,0.000200023,1.5516e-06,-6.34957e-07,1.5516e-06,0.00019999,50
0.492066,-0.296491,2.85282,0.494498,-0.294577,2.86872,-0.047934,-0.0194914,-0.126183,3.40269,0.000200004,-9.32129e-09,-6.594e-07,-9.32129e-09,0.000200023,1.55088e-06,-6.594e-07,1.55088e-06,0.00019999,48
0.496326,-0.294074,2.86978,0.496584,-0.292426,2.87287,-0.0476735,-0.0195742,-0.126216,3.45296,0.000200004,-9.56607e-09,-6.86367e-07,-9.56607e-09,0.000200022,1.52581e-06,-6.86367e-07,1.52581e-06,0.00019999,47
0.499774,-0.291961,2.87644,0.496357,-0.291731,2.87512,-0.0481263,-0.0200612,-0.126559,3.37724,0.000200004,-9.84272e-09,-7.06586e-07,-9.84272e-09,0.000200022,1.52501e-06,-7.06586e-07,1.52501e-06,0.00019999,48
0.501915,-0.290084,2.87677,0.494138,-0.291416,2.87645,-0.0497848,-0.0208841,-0.126234,6.17203,0.000200005,-1.00841e-08,-7.35345e-07,-1.00841e-08,0.000200021,1.49878e-06,-7.35345e-07,1.49878e-06,0.00019999,43
0.503667,-0.288495,2.87637,0.494058,-0.291411,2.87666,-0.0518328,-0.0221954,-0.126633,6.1553,0.000200005,-1.04317e-08,-7.66904e-07,-1.04317e-08,0.000200021,1.4911e-06,-7.66904e-07,1.4911e-06,0.00019999,43
0.510046,-0.286912,2.88843,0.51958,-0.290235,2.93773,-0.0492541,-0.0233119,-0.113568,1.55981,0.000200005,-1.06097e-08,-7.85214e-07,-1.06097e-08,0.000200021,1.47339e-06,-7.85214e-07,1.47339e-06,0.00019999,46
0.515955,-0.284781,2.89903,0.523472,-0.286109,2.94308,-0.0471448,-0.0240809,-0.102965,0.937248,0.000200006,-1.08296e-08,-8.04679e-07,-1.08296e-08,0.00020002,1.46596e-06,-8.04679e-07,1.46596e-06,0.00019999,43
0.520814,-0.282846,2.90847,0.52454,-0.285047,2.94655,-0.0459858,-0.0249461,-0.093533,0.859459,0.000200006,-1.09627e-08,-8.2198e-07,-1.09627e-08,0.00020002,1.44715e-06,-8.2198e-07,1.44715e-06,0.00019999,43
0.52535,-0.280984,2.91659,0.52742,-0.283591,2.9507,-0.0452498,-0.0258835,-0.0844104,0.447996,0.000200006,-1.11623e-08,-8.37839e-07,-1.11623e-08,0.00020002,1.44632e-06,-8.37839e-07,1.44632e-06,0.00019999,43
0.52906,-0.279292,2.92386,0.528363,-0.282728,2.95362,-0.0452401,-0.0269919,-0.0771368,0.409952,0.000200007,-1.12695e-08,-8.54086e-07,-1.12695e-08,0.000200019,1.42786e-06,-8.54086e-07,1.42786e-06,0.00019999,43
0.537344,-0.276817,2.93913,0.554453,-0.276901,2.96317,-0.0407556,-0.0273173,-0.0708661,2.02132,0.000200007,-1.14063e-08,-8.63969e-07,-1.14063e-08,0.000200019,1.42791e-06,-8.63969e-07,1.42791e-06,0.00019999,39
0.544199,-0.274308,2.95765,0.556638,-0.271357,2.97303,-0.0376012,-0.027008,-0.0673481,0.606338,0.000200006,-1.05012e-08,-7.82458e-07,-1.05012e-08,0.000200019,1.39219e-06,-7.82458e-07,1.39219e-06,0.000199991,38
0.549741,-0.272548,2.97644,0.557282,-0.26814,2.98299,-0.0355592,-0.0260482,-0.0655634,0.53293,0.000200004,-8.50478e-09,-5.91186e-07,-8.50478e-09,0.000200018,1.3583e-06,-5.91186e-07,1.3583e-06,0.000199991,38
0.554159,-0.27109,2.99311,0.558447,-0.265022,2.99342,-0.0345412,-0.0247896,-0.0658874,0.466866,0.000200002,-6.09159e-09,-3.779e-07,-6.09159e-09,0.000200017,1.29765e-06,-3.779e-07,1.29765e-06,0.000199992,38
0.557246,-0.269707,3.01032,0.556277,-0.262202,3.00577,-0.0348537,-0.0232066,-0.066677,2.06657,0.000200001,-3.87816e-09,-1.87667e-07,-3.87816e-09,0.000200016,1.25757e-06,-1.87667e-07,1.25757e-06,0.000199993,34
0.559731,-0.268586,3.02383,0.557111,-0.26158,3.00861,-0.0355688,-0.0216859,-0.070166,2.00902,0.000200001,-2.12306e-09,-4.99928e-08,-2.12306e-09,0.000200014,1.20786e-06,-4.99928e-08,1.20786e-06,0.000199994,34
0.562633,-0.266754,3.03764,0.561265,-0.256323,3.02136,-0.0358669,-0.0194536,-0.0743577,3.60081,0.000200001,-7.28324e-10,5.59795e-08,-7.28324e-10,0.000200014,1.19003e-06,5.59795e-08,1.19003e-06,0.000199994,35
0.565043,-0.264511,3.04835,0.562163,-0.25256,3.02442,-0.0366566,-0.0167106,-0.0806505,3.57323,0.0002,2.29145e-10,1.18892e-07,2.29145e-10,0.000200013,1.16429e-06,1.18892e-07,1.16429e-06,0.000199995,35
0.567273,-0.261994,3.05848,0.563084,-0.248823,3.02809,-0.0377273,-0.013794,-0.0877096,3.55889,0.0002,9.36216e-10,1.60926e-07,9.36216e-10,0.000200013,1.16705e-06,1.60926e-07,1.16705e-06,0.000199995,35
0.568967,-0.259662,3.06056,0.563373,-0.24722,3.03101,-0.0392333,-0.0110615,-0.0956292,7.35217,0.0002,1.4411e-09,1.92072e-07,1.4411e-09,0.000200013,1.14471e-06,1.92072e-07,1.14471e-06,0.000199995,30
0.570528,-0.257764,3.05543,0.563866,-0.247083,3.03137,-0.0408716,-0.00866385,-0.100754,7.3655,0.0002,1.84395e-09,2.15948e-07,1.84395e-09,0.000200013,1.14679e-06,2.15948e-07,1.14679e-06,0.000199995,30
0.571611,-0.256271,3.05024,0.563841,-0.247201,3.03131,-0.0429892,-0.00677148,-0.105948,7.34574,0.0002,2.1061e-09,2.33395e-07,2.1061e-09,0.000200012,1.12194e-06,2.33395e-07,1.12194e-06,0.000199995,30
0.577118,-0.258633,3.05924,0.586388,-0.265324,3.09875,-0.0406818,-0.00873305,-0.0959501,2.12195,0.000200001,2.33061e-09,2.46758e-07,2.33061e-09,0.000200012,1.12428e-06,2.46758e-07,1.12428e-06,0.000199995,32
0.581493,-0.260111,3.06688,0.586852,-0.263388,3.10035,-0.0394067,-0.00971092,-0.088302,1.90541,0.000200001,2.41812e-09,2.49891e-07,2.41812e-09,0.000200012,1.10631e-06,2.49891e-07,1.10631e-06,0.000199995,32
0.585257,-0.260941,3.07342,0.587525,-0.261535,3.10243,-0.0388433,-0.0101405,-0.0807637,1.78814,0.000200001,2.52158e-09,2.53868e-07,2.52158e-09,0.000200012,1.11561e-06,2.53868e-07,1.11561e-06,0.000199995,32
0.588249,-0.261333,3.07888,0.588106,-0.260331,3.10388,-0.0389512,-0.0101329,-0.0743064,1.05,0.000200001,2.5166e-09,2.50557e-07,2.5166e-09,0.000200011,1.10021e-06,2.50557e-07,1.10021e-06,0.000199995,33
0.590888,-0.261468,3.08339,0.58869,-0.259439,3.1046,-0.0395117,-0.00976813,-0.0687942,1.03333,0.000200001,2.53427e-09,2.47625e-07,2.53427e-09,0.000200012,1.1112e-06,2.47625e-07,1.1112e-06,0.000199995,33
0.59306,-0.261166,3.09329,0.589728,-0.257542,3.10685,-0.0404399,-0.00906638,-0.0658915,1.06639,0.000200001,2.44048e-09,2.36303e-07,2.44048e-09,0.000200011,1.09563e-06,2.36303e-07,1.09563e-06,0.000199996,32
0.599475,-0.262502,3.11192,0.612252,-0.265372,3.12101,-0.0371254,-0.0100025,-0.0632679,0.895716,0.0002,2.38396e-09,2.25723e-07,2.38396e-09,0.000200012,1.11423e-06,2.25723e-07,1.11423e-06,0.000199996,32
0.604618,-0.262779,3.12831,0.612753,-0.261664,3.12939,-0.0351822,-0.00997941,-0.06288,0.836335,0.0002,2.24949e-09,2.09436e-07,2.24949e-09,0.000200012,1.11214e-06,2.09436e-07,1.11214e-06,0.000199996,32
0.60864,-0.262764,-3.1376,0.611562,-0.260827,-3.13771,-0.0344604,-0.00966444,-0.0626004,2.62433,0.0002,2.08442e-09,1.86795e-07,2.08442e-09,0.000200012,1.13398e-06,1.86795e-07,1.13398e-06,0.000199995,31
0.611801,-0.262243,-3.12193,0.611838,-0.258431,-3.12497,-0.0344993,-0.008943,-0.063926,2.64173,0.0002,1.8981e-09,1.67454e-07,1.8981e-09,0.000200012,1.13009e-06,1.67454e-07,1.13009e-06,0.000199995,31
0.614896,-0.261179,-3.10678,0.614016,-0.255469,-3.11577,-0.0347035,-0.00777862,-0.0657806,2.63187,0.0002,1.69611e-09,1.44189e-07,1.69611e-09,0.000200012,1.14862e-06,1.44189e-07,1.14862e-06,0.000199995,31
0.618053,-0.261428,-3.08817,0.617911,-0.261175,-3.07946,-0.0347466,-0.00792781,-0.0631725,11.6777,0.0002,1.51309e-09,1.2753e-07,1.51309e-09,0.000200012,1.14414e-06,1.2753e-07,1.14414e-06,0.000199995,4
0.621385,-0.261609,-3.06912,0.621287,-0.261344,-3.06244,-0.0347145,-0.0080092,-0.0611192,12.8295,0.0002,1.32077e-09,1.07416e-07,1.32077e-09,0.000200012,1.16226e-06,1.07416e-07,1.16226e-06,0.000199995,4
0.624534,-0.261798,-3.05312,0.627508,-0.261487,-3.05357,-0.034266,-0.00819765,-0.0621188,3.51637,0.0002,1.12064e-09,9.7732e-08,1.12064e-09,0.000200011,1.0522e-06,9.7732e-08,1.0522e-06,0.000199996,29
0.626565,-0.261806,-3.03808,0.628281,-0.260569,-3.0427,-0.0337351,-0.00800628,-0.0630799,3.68178,0.0002,9.59949e-10,9.91096e-08,9.59949e-10,0.000200009,8.79145e-07,9.91096e-08,8.79145e-07,0.000199996,29
0.627573,-0.261823,-3.02629,0.628559,-0.26023,-3.03884,-0.0335272,-0.00762295,-0.0662937,3.73465,0.0002,8.2757e-10,1.13403e-07,8.2757e-10,0.000200006,6.61134e-07,1.13403e-07,6.61134e-07,0.000199997,29
0.627712,-0.262226,-3.0243,0.627333,-0.262089,-3.03854,-0.0337878,-0.00762634,-0.0692978,12.63,0.0002,6.68317e-10,1.2714e-07,6.68317e-10,0.000200004,4.5375e-07,1.2714e-07,4.5375e-07,0.000199998,25
0.629396,-0.26273,-3.02078,0.635535,-0.263448,-3.00735,-0.0321044,-0.00783023,-0.06578,1.30779,0.0002,4.94067e-10,1.23713e-07,4.94067e-10,0.000200002,3.09104e-07,1.23713e-07,3.09104e-07,0.000199998,30
0.630596,-0.263074,-3.0181,0.636166,-0.263351,-3.00578,-0.0308036,-0.00787402,-0.0630976,2.01669,0.0002,3.24103e-10,1.1475e-07,3.24103e-10,0.000200001,1.72991e-07,1.1475e-07,1.72991e-07,0.000199999,28
0.631548,-0.263323,-3.01584,0.635879,-0.263402,-3.00556,-0.0296515,-0.00792306,-0.0608431,1.97641,0.0002,2.07284e-10,1.02969e-07,2.07284e-10,0.000200001,9.37939e-08,1.02969e-07,9.37939e-08,0.000199999,28
0.63237,-0.263552,-3.01375,0.636447,-0.263565,-3.00445,-0.0286302,-0.00785203,-0.0577546,1.98539,0.0002,1.23244e-10,9.48464e-08,1.23244e-10,0.000200001,3.45222e-08,9.48464e-08,3.45222e-08,0.0002,28
0.633142,-0.26379,-3.01182,0.637005,-0.263728,-3.00315,-0.0277583,-0.00778967,-0.0558242,1.98264,0.0002,6.66159e-11,9.30766e-08,6.66159e-11,0.0002,-2.91807e-09,9.30766e-08,-2.91807e-09,0.0002,28
0.633788,-0.263993,-3.01019,0.637041,-0.263805,-3.00271,-0.0269125,-0.00779287,-0.0541917,1.96878,0.0002,2.94188e-11,9.15526e-08,2.94188e-11,0.0002,-2.34424e-08,9.15526e-08,-2.34424e-08,0.0002,28
0.636416,-0.265166,-3.00379,0.647604,-0.268956,-2.97787,-0.0240837,-0.00866584,-0.0477905,0.253275,0.0002,4.53175e-12,8.72417e-08,4.53175e-12,0.0002,-3.69664e-08,8.72417e-08,-3.69664e-08,0.0002,28
0.638622,-0.266118,-2.99838,0.648204,-0.268899,-2.97581,-0.0217779,-0.00941783,-0.0423841,0.214912,0.0002,-1.48451e-11,8.84572e-08,-1.48451e-11,0.0002,-4.8347e-08,8.84572e-08,-4.8347e-08,0.0002,29
0.640574,-0.266561,-2.98851,0.649186,-0.267246,-2.97314,-0.0196255,-0.00956132,-0.038508,0.166667,0.0002,-2.98329e-11,9.1457e-08,-2.98329e-11,0.0002,-5.66777e-08,9.1457e-08,-5.66777e-08,0.0002,29
0.642389,-0.266384,-2.97256,0.650712,-0.264214,-2.96655,-0.0175106,-0.00898356,-0.03656,0.0964912,0.0002,-5.08355e-11,1.05611e-07,-5.08355e-11,0.0002,-6.97326e-08,1.05611e-07,-6.97326e-08,0.0002,29
0.642898,-0.265729,-2.95699,0.64598,-0.261365,-2.95218,-0.0168019,-0.00792902,-0.0349917,1.20435,0.0002,-7.19341e-11,1.23871e-07,-7.19341e-11,0.0002,-7.74578e-08,1.23871e-07,-7.74578e-08,0.0002,27
0.642934,-0.266103,-2.94022,0.644392,-0.265673,-2.93569,-0.0164658,-0.007803,-0.0342233,1.99743,0.0002,-9.96127e-11,1.41469e-07,-9.96127e-11,0.0002,-9.0779e-08,1.41469e-07,-9.0779e-08,0.0002,29
0.642404,-0.265323,-2.926,0.642101,-0.263135,-2.92751,-0.0164963,-0.00702286,-0.0349972,1.97372,0.0002,-6.98297e-11,6.15882e-08,-6.98297e-11,0.0002,-1.16715e-07,6.15882e-08,-1.16715e-07,0.0002,29
0.642093,-0.263393,-2.91111,0.643654,-0.261048,-2.91505,-0.0161075,-0.00649253,-0.0351099,0.811321,0.0002,1.22235e-10,-1.31066e-07,1.22235e-10,0.0002,-1.67329e-07,-1.31066e-07,-1.67329e-07,0.0002,28
0.642325,-0.261258,-2.89852,0.646557,-0.261074,-2.90878,-0.0148746,-0.00645769,-0.0385173,0.878049,0.000200001,5.0638e-10,-3.49189e-07,5.0638e-10,0.0002,-2.17463e-07,-3.49189e-07,-2.17463e-07,0.0002,28
0.641598,-0.259512,-2.88625,0.642203,-0.262792,-2.90481,-0.0146022,-0.00721165,-0.0422506,7.06701,0.000200002,1.01503e-09,-5.49003e-07,1.01503e-09,0.000200001,-2.59222e-07,-5.49003e-07,-2.59222e-07,0.000199999,27
0.641691,-0.257836,-2.87698,0.642863,-0.262687,-2.90337,-0.0139093,-0.00833568,-0.0489755,7.1134,0.000200004,1.14408e-09,-7.19532e-07,1.14408e-09,0.0002,-2.01161e-07,-7.19532e-07,-2.01161e-07,0.000199999,27
0.641227,-0.25577,-2.85928,0.636808,-0.260767,-2.8571,-0.0148728,-0.00957013,-0.0482809,2.05179,0.000200006,5.80445e-10,-8.86173e-07,5.80445e-10,0.0002,-5.3547e-08,-8.86173e-07,-5.3547e-08,0.000199998,29
0.642661,-0.253946,-2.84488,0.643353,-0.260886,-2.8511,-0.0146386,-0.0114457,-0.0498829,0.0574463,0.000200008,-5.78417e-10,-1.02538e-06,-5.78417e-10,0.0002,1.18596e-07,-1.02538e-06,1.18596e-07,0.000199998,25
0.644616,-0.252303,-2.83115,0.645061,-0.261,-2.84381,-0.0140844,-0.0137026,-0.0531473,0.165049,0.000200011,-2.24827e-09,-1.14949e-06,-2.24827e-09,0.000200001,3.00546e-07,-1.14949e-06,3.00546e-07,0.000199997,25
0.64511,-0.251014,-2.81977,0.640047,-0.261206,-2.83778,-0.0151903,-0.0163135,-0.0577715,5.67582,0.000200012,-3.60971e-09,-1.2317e-06,-3.60971e-09,0.000200001,4.05326e-07,-1.2317e-06,4.05326e-07,0.000199996,20
0.645857,-0.24984,-2.80932,0.640058,-0.261204,-2.83517,-0.0162433,-0.0193396,-0.0643234,5.76779,0.000200014,-5.22443e-09,-1.30944e-06,-5.22443e-09,0.000200002,5.25029e-07,-1.30944e-06,5.25029e-07,0.000199995,20
0.646322,-0.248978,-2.80162,0.640236,-0.261336,-2.8343,-0.0174784,-0.0225778,-0.0726178,5.87876,0.000200016,-6.228e-09,-1.35135e-06,-6.228e-09,0.000200003,5.73303e-07,-1.35135e-06,5.73303e-07,0.000199994,20
0.647538,-0.244726,-2.7833,0.643743,-0.244252,-2.77737,-0.0180618,-0.0226265,-0.0713002,0.818802,0.000200017,-7.34797e-09,-1.39766e-06,-7.34797e-09,0.000200003,6.36821e-07,-1.39766e-06,6.36821e-07,0.000199993,24
0.649066,-0.241391,-2.76811,0.64717,-0.244319,-2.77021,-0.0182343,-0.0234911,-0.0711086,0.859378,0.000200018,-7.95467e-09,-1.41931e-06,-7.95467e-09,0.000200004,6.54909e-07,-1.41931e-06,6.54909e-07,0.000199993,24
0.650815,-0.238639,-2.75387,0.649562,-0.244378,-2.7642,-0.018185,-0.0250391,-0.0738675,0.945612,0.000200019,-8.50164e-09,-1.44989e-06,-8.50164e-09,0.000200004,6.71042e-07,-1.44989e-06,6.71042e-07,0.000199992,24
0.650841,-0.236503,-2.74199,0.643171,-0.244507,-2.75772,-0.0197588,-0.0272027,-0.0779949,3.23817,0.000200019,-8.71641e-09,-1.46337e-06,-8.71641e-09,0.000200004,6.6524e-07,-1.46337e-06,6.6524e-07,0.000199992,21
0.650747,-0.234754,-2.73106,0.642369,-0.244631,-2.75434,-0.0214531,-0.029854,-0.0830598,3.33629,0.00020002,-8.94497e-09,-1.48359e-06,-8.94497e-09,0.000200004,6.65713e-07,-1.48359e-06,6.65713e-07,0.000199991,21
0.649766,-0.233435,-2.72219,0.638238,-0.244876,-2.74994,-0.0238337,-0.0329353,-0.0901885,7.84685,0.00020002,-8.95303e-09,-1.49158e-06,-8.95303e-09,0.000200004,6.52654e-07,-1.49158e-06,6.52654e-07,0.000199991,17
0.651376,-0.228295,-2.70367,0.650435,-0.224883,-2.69659,-0.0237239,-0.0321952,-0.0886676,0.181584,0.000200021,-9.0084e-09,-1.50629e-06,-9.0084e-09,0.000200004,6.46775e-07,-1.50629e-06,6.46775e-07,0.000199991,23
0.653064,-0.223487,-2.68785,0.653123,-0.221185,-2.68775,-0.0233363,-0.0317866,-0.0888459,0.0796082,0.000200021,-8.78317e-09,-1.50913e-06,-8.78317e-09,0.000200004,6.19483e-07,-1.50913e-06,6.19483e-07,0.000199991,23
0.655144,-0.219527,-2.67288,0.656377,-0.221052,-2.67969,-0.0225563,-0.0323274,-0.0898841,0.107503,0.000200021,-8.75632e-09,-1.52584e-06,-8.75632e-09,0.000200004,6.11834e-07,-1.52584e-06,6.11834e-07,0.000199991,23
0.655947,-0.216436,-2.66014,0.652805,-0.221136,-2.67204,-0.0229534,-0.0336362,-0.093141,1.97533,0.000200022,-8.45482e-09,-1.52698e-06,-8.45482e-09,0.000200003,5.82587e-07,-1.52698e-06,5.82587e-07,0.000199991,22
0.65662,-0.213908,-2.64828,0.652684,-0.221253,-2.66753,-0.0233803,-0.0356081,-0.0972823,2.09389,0.000200022,-8.32663e-09,-1.54139e-06,-8.32663e-09,0.000200003,5.69635e-07,-1.54139e-06,5.69635e-07,0.000199991,22
0.657876,-0.20854,-2.62838,0.657338,-0.204329,-2.61167,-0.0231242,-0.03464,-0.0933837,0.293618,0.000200022,-7.9662e-09,-1.5398e-06,-7.9662e-09,0.000200003,5.3901e-07,-1.5398e-06,5.3901e-07,0.000199991,23
0.659185,-0.203549,-2.61911,0.658676,-0.201276,-2.60711,-0.0228148,-0.0341494,-0.0901112,0.203321,0.000200022,-7.82846e-09,-1.55135e-06,-7.82846e-09,0.000200003,5.2902e-07,-1.55135e-06,5.2902e-07,0.000199991,23
0.660183,-0.199069,-2.61617,0.659344,-0.198702,-2.60412,-0.0227169,-0.0341692,-0.0871748,0.160992,0.000200022,-7.44959e-09,-1.55329e-06,-7.44959e-09,0.000200002,4.96931e-07,-1.55329e-06,4.96931e-07,0.000199991,23
0.660917,-0.195228,-2.6138,0.658994,-0.197718,-2.60207,-0.0227829,-0.0349278,-0.0847966,1.24028,0.000200023,-7.19945e-09,-1.56421e-06,-7.19945e-09,0.000200002,4.77494e-07,-1.56421e-06,4.77494e-07,0.000199991,22
0.661466,-0.192408,-2.61164,0.659199,-0.198774,-2.60142,-0.0230337,-0.0365076,-0.0816385,1.24542,0.000200023,-6.85759e-09,-1.56476e-06,-6.85759e-09,0.000200002,4.51845e-07,-1.56476e-06,4.51845e-07,0.000199991,22
0.662248,-0.190218,-2.60989,0.660573,-0.19933,-2.60065,-0.0230519,-0.0389182,-0.0798876,0.132213,0.000200023,-6.72892e-09,-1.57228e-06,-6.72892e-09,0.000200002,4.46053e-07,-1.57228e-06,4.46053e-07,0.000199991,23
0.664235,-0.185521,-2.60135,0.668094,-0.184554,-2.56557,-0.0218647,-0.0387208,-0.0703487,1.23348,0.000200023,-6.47966e-09,-1.57342e-06,-6.47966e-09,0.000200002,4.27795e-07,-1.57342e-06,4.27795e-07,0.000199991,18
0.666005,-0.181497,-2.59397,0.668704,-0.183306,-2.56252,-0.0208947,-0.0391972,-0.0629694,1.17008,0.000200023,-6.38296e-09,-1.57708e-06,-6.38296e-09,0.000200002,4.24148e-07,-1.57708e-06,4.24148e-07,0.000199991,18
0.667633,-0.178043,-2.58732,0.670202,-0.182003,-2.55973,-0.0200668,-0.0402434,-0.0563199,0.644166,0.000200023,-6.14749e-09,-1.57581e-06,-6.14749e-09,0.000200002,4.06411e-07,-1.57581e-06,4.06411e-07,0.000199991,18
0.66912,-0.175044,-2.58179,0.670941,-0.181008,-2.55742,-0.0193799,-0.0417441,-0.0497911,0.636293,0.000200023,-6.03742e-09,-1.5812e-06,-6.03742e-09,0.000200002,4.00153e-07,-1.5812e-06,4.00153e-07,0.000199991,18
0.670366,-0.172473,-2.5765,0.671581,-0.179921,-2.55467,-0.0189345,-0.0436727,-0.0445005,0.637328,0.000200023,-5.81065e-09,-1.57771e-06,-5.81065e-09,0.000200001,3.83562e-07,-1.57771e-06,3.83562e-07,0.000199991,19
0.671512,-0.170195,-2.5722,0.672117,-0.179078,-2.55276,-0.018588,-0.0458951,-0.0392024,0.583855,0.000200023,-5.72532e-09,-1.5839e-06,-5.72532e-09,0.000200001,3.79326e-07,-1.5839e-06,3.79326e-07,0.000199991,19
0.673645,-0.163753,-2.56889,0.678437,-0.155721,-2.55404,-0.0173553,-0.0439529,-0.0358932,0.728118,0.000200023,-5.55024e-09,-1.58009e-06,-5.55024e-09,0.000200001,3.67287e-07,-1.58009e-06,3.67287e-07,0.000199991,14
0.675545,-0.158283,-2.56566,0.67927,-0.154344,-2.55081,-0.0162554,-0.0429835,-0.0326638,0.709329,0.000200023,-5.47899e-09,-1.58408e-06,-5.47899e-09,0.000200001,3.63984e-07,-1.58408e-06,3.63984e-07,0.000199991,12
0.67712,-0.153705,-2.5624,0.67987,-0.153165,-2.54804,-0.0154796,-0.0428048,-0.0283979,0.724674,0.000200023,-5.30832e-09,-1.58152e-06,-5.30832e-09,0.000200001,3.51364e-07,-1.58152e-06,3.51364e-07,0.000199991,12
0.678566,-0.149817,-2.55941,0.680591,-0.152151,-2.54587,-0.0148345,-0.0435168,-0.0254141,0.721122,0.000200023,-5.25142e-09,-1.58348e-06,-5.25142e-09,0.000200001,3.49531e-07,-1.58348e-06,3.49531e-07,0.000199991,12
0.679757,-0.146613,-2.5567,0.681075,-0.151517,-2.54425,-0.0144433,-0.0447129,-0.0217039,0.72456,0.000200023,-5.09469e-09,-1.57949e-06,-5.09469e-09,0.000200001,3.38122e-07,-1.57949e-06,3.38122e-07,0.000199991,15
0.681562,-0.139381,-2.55622,0.684961,-0.128324,-2.55238,-0.013538,-0.0419608,-0.0212219,0.715003,0.000200023,-5.08456e-09,-1.58239e-06,-5.08456e-09,0.000200001,3.40204e-07,-1.58239e-06,3.40204e-07,0.000199991,14
0.683099,-0.133368,-2.55508,0.685716,-0.127019,-2.54923,-0.0128015,-0.0403583,-0.0200794,0.711748,0.000200023,-4.97796e-09,-1.57869e-06,-4.97796e-09,0.000200001,3.32659e-07,-1.57869e-06,3.32659e-07,0.000199991,14
0.684507,-0.128272,-2.55365,0.686456,-0.125786,-2.54635,-0.0121928,-0.0397617,-0.0176541,0.734631,0.000200023,-4.96778e-09,-1.58257e-06,-4.96778e-09,0.000200001,3.33376e-07,-1.58257e-06,3.33376e-07,0.000199991,13
0.685636,-0.124086,-2.55211,0.686791,-0.124924,-2.54431,-0.0118637,-0.0399858,-0.0161055,0.732041,0.000200023,-4.83532e-09,-1.57484e-06,-4.83532e-09,0.000200001,3.23575e-07,-1.57484e-06,3.23575e-07,0.000199991,13
0.683948,-0.120408,-2.55021,0.673509,-0.123599,-2.54082,-0.0144524,-0.0407982,-0.0132101,6.08997,0.000200023,-4.86772e-09,-1.57998e-06,-4.86772e-09,0.000200001,3.28265e-07,-1.57998e-06,3.28265e-07,0.000199991,0
0.682472,-0.117321,-2.5429,0.673309,-0.122574,-2.53849,-0.0167284,-0.0421112,-0.011897,6.06774,0.000200023,-4.68305e-09,-1.57471e-06,-4.68305e-09,0.000200001,3.12297e-07,-1.57471e-06,3.12297e-07,0.000199991,0
0.68232,-0.109546,-2.52963,0.677821,-0.0962303,-2.53696,-0.01768,-0.038806,-0.0136317,5.39101,0.000200023,-4.67283e-09,-1.57912e-06,-4.67283e-09,0.000200001,3.13545e-07,-1.57912e-06,3.13545e-07,0.000199991,0
0.682135,-0.103035,-2.51779,0.677957,-0.0944804,-2.53206,-0.0186652,-0.0366947,-0.017787,5.42144,0.000200023,-4.47726e-09,-1.57269e-06,-4.47726e-09,0.000200001,2.97551e-07,-1.57269e-06,2.97551e-07,0.000199991,0
0.682115,-0.0977029,-2.50719,0.678117,-0.0942467,-2.53119,-0.019385,-0.0358529,-0.0231867,5.41924,0.000200023,-4.46881e-09,-1.58164e-06,-4.46881e-09,0.000200001,2.98735e-07,-1.58164e-06,2.98735e-07,0.000199991,0
0.681998,-0.0935214,-2.49933,0.678177,-0.09423,-2.53112,-0.0202019,-0.0360814,-0.0313298,5.42973,0.000200023,-4.23559e-09,-1.57333e-06,-4.23559e-09,0.000200001,2.79654e-07,-1.57333e-06,2.79654e-07,0.000199991,0
0.6832,-0.0900388,-2.49236,0.684202,-0.094012,-2.5305,-0.0196004,-0.0370888,-0.0403606,1.13347,0.000200023,-4.20329e-09,-1.58364e-06,-4.20329e-09,0.000200001,2.7908e-07,-1.58364e-06,2.7908e-07,0.000199991,7
0.684207,-0.0873871,-2.48747,0.684969,-0.0941586,-2.53042,-0.0191928,-0.0388471,-0.0514666,1.18483,0.000200023,-3.96979e-09,-1.57317e-06,-3.96979e-09,0.000200001,2.60936e-07,-1.57317e-06,2.60936e-07,0.000199991,7
0.685086,-0.0810716,-2.47251,0.685333,-0.0737337,-2.47907,-0.0188143,-0.0370316,-0.0535149,2.81818,0.000200023,-3.92625e-09,-1.5823e-06,-3.92625e-09,0.000200001,2.59931e-07,-1.5823e-06,2.59931e-07,0.000199991,0
0.685352,-0.0753332,-2.45873,0.683694,-0.0698522,-2.46615,-0.0189484,-0.0357232,-0.0547275,2.87179,0.000200023,-3.69902e-09,-1.57335e-06,-3.69902e-09,0.000200001,2.42347e-07,-1.57335e-06,2.42347e-07,0.000199991,0
0.685431,-0.070579,-2.44578,0.682915,-0.069636,-2.46005,-0.0192688,-0.035479,-0.0587786,3.02981,0.000200023,-3.56087e-09,-1.58724e-06,-3.56087e-09,0.000200001,2.31712e-07,-1.58724e-06,2.31712e-07,0.000199991,0
0.685377,-0.066887,-2.43562,0.682845,-0.0695708,-2.45754,-0.0196232,-0.036217,-0.0636184,3.07397,0.000200023,-3.24001e-09,-1.57613e-06,-3.24001e-09,0.0002,2.06693e-07,-1.57613e-06,2.06693e-07,0.000199991,0
0.6854,-0.0638272,-2.42661,0.682932,-0.069553,-2.45663,-0.0198002,-0.0376672,-0.071609,3.12587,0.000200023,-3.06223e-09,-1.58583e-06,-3.06223e-09,0.0002,1.95161e-07,-1.58583e-06,1.95161e-07,0.000199991,0
0.685328,-0.0614458,-2.41996,0.682924,-0.0693986,-2.45593,-0.020072,-0.0397158,-0.0799609,3.15912,0.000200023,-2.75437e-09,-1.57624e-06,-2.75437e-09,0.0002,1.7255e-07,-1.57624e-06,1.7255e-07,0.000199991,0
0.688238,-0.05533,-2.39876,0.698085,-0.0489213,-2.37991,-0.0171616,-0.03812,-0.0757627,0.533069,0.000200023,-2.6031e-09,-1.58681e-06,-2.6031e-09,0.0002,1.64266e-07,-1.58681e-06,1.64266e-07,0.000199991,0
0.690613,-0.0496192,-2.38124,0.698833,-0.0444891,-2.37328,-0.0147869,-0.0368492,-0.0732368,0.450923,0.000200023,-2.28302e-09,-1.58272e-06,-2.28302e-09,0.0002,1.3971e-07,-1.58272e-06,1.3971e-07,0.000199991,0
0.691969,-0.0448982,-2.36532,0.69609,-0.0441105,-2.36765,-0.0134305,-0.0366392,-0.0743208,0.489156,0.000200024,-2.01644e-09,-1.59262e-06,-2.01644e-09,0.0002,1.2083e-07,-1.59262e-06,1.2083e-07,0.000199991,0
0.692488,-0.0412119,-2.35247,0.693766,-0.0440528,-2.3636,-0.0127117,-0.0373749,-0.0764713,0.570704,0.000200023,-1.61466e-09,-1.58245e-06,-1.61466e-09,0.0002,9.0508e-08,-1.58245e-06,9.0508e-08,0.000199991,0
0.692637,-0.0381489,-2.34106,0.692201,-0.0439402,-2.36081,-0.0123628,-0.0388099,-0.0810589,0.611837,0.000200024,-1.36013e-09,-1.59074e-06,-1.36013e-09,0.0002,7.52019e-08,-1.59074e-06,7.52019e-08,0.000199991,0
0.693928,-0.0313381,-2.31726,0.699237,-0.021707,-2.28361,-0.0107722,-0.0364131,-0.073261,0.638298,0.000200023,-9.58498e-10,-1.58133e-06,-9.58498e-10,0.0002,4.53687e-08,-1.58133e-06,4.53687e-08,0.000199991,0
0.694984,-0.0252287,-2.29671,0.69925,-0.0188614,-2.28021,-0.00941565,-0.0347837,-0.0687149,0.604365,0.000200024,-6.29163e-10,-1.59014e-06,-6.29163e-10,0.0002,2.35067e-08,-1.59014e-06,2.35067e-08,0.000199991,0
0.695642,-0.0204477,-2.28086,0.698809,-0.0189216,-2.27931,-0.00825774,-0.0343977,-0.0678591,0.628193,0.000200023,-1.75922e-10,-1.58045e-06,-1.75922e-10,0.0002,-1.03277e-08,-1.58045e-06,-1.03277e-08,0.000199991,0
0.695851,-0.0165266,-2.26694,0.697119,-0.0188295,-2.27666,-0.00754863,-0.0349366,-0.0709405,0.648346,0.000200023,1.77841e-10,-1.5866e-06,1.77841e-10,0.0002,-3.29083e-08,-1.5866e-06,-3.29083e-08,0.000199991,0
0.695532,-0.0134531,-2.25581,0.695127,-0.0187408,-2.27319,-0.00736817,-0.0362431,-0.0748065,0.675098,0.000200023,6.00646e-10,-1.57718e-06,6.00646e-10,0.0002,-6.31752e-08,-1.57718e-06,-6.31752e-08,0.000199991,0
0.694872,-0.0108843,-2.24554,0.692962,-0.0185131,-2.27023,-0.0073276,-0.0381143,-0.0805431,0.72296,0.000200023,9.0505e-10,-1.58128e-06,9.0505e-10,0.0002,-8.08939e-08,-1.58128e-06,-8.08939e-08,0.000199991,0
0.694862,-0.00440799,-2.22285,0.696533,0.00396816,-2.19333,-0.00673751,-0.035978,-0.0738507,0.482412,0.000200023,1.26199e-09,-1.57275e-06,1.26199e-09,0.0002,-1.05806e-07,-1.57275e-06,-1.05806e-07,0.000199991,0
0.694781,0.00129709,-2.20342,0.69621,0.00628748,-2.19107,-0.00601916,-0.0346829,-0.0704185,0.488116,0.000200023,1.61323e-09,-1.57644e-06,1.61323e-09,0.0002,-1.29334e-07,-1.57644e-06,-1.29334e-07,0.000199991,0
0.69455,0.0057732,-2.18847,0.695757,0.00627705,-2.19025,-0.00534977,-0.0345168,-0.0704687,0.493268,0.000200023,2.02297e-09,-1.5645e-06,2.02297e-09,0.0002,-1.60015e-07,-1.5645e-06,-1.60015e-07,0.000199991,0
0.694412,0.00941326,-2.17572,0.695886,0.00617107,-2.19044,-0.00458817,-0.0352467,-0.0747214,0.494042,0.000200023,2.3602e-09,-1.56915e-06,2.3602e-09,0.0002,-1.8126e-07,-1.56915e-06,-1.8126e-07,0.000199991,0
0.694111,0.0122513,-2.16635,0.695376,0.00625311,-2.19012,-0.00388928,-0.0366887,-0.0803474,0.488854,0.000200023,2.75563e-09,-1.55702e-06,2.75563e-09,0.0002,-2.10921e-07,-1.55702e-06,-2.10921e-07,0.000199991,0
0.693738,0.014626,-2.15785,0.694502,0.00634632,-2.18959,-0.00326215,-0.038644,-0.0878513,0.498942,0.000200023,3.03403e-09,-1.56248e-06,3.03403e-09,0.0002,-2.26381e-07,-1.56248e-06,-2.26381e-07,0.000199991,0
0.692975,0.021206,-2.13456,0.693214,0.030455,-2.10263,-0.00292476,-0.036294,-0.0795553,0.561416,0.000200022,3.33301e-09,-1.54626e-06,3.33301e-09,0.000200001,-2.4864e-07,-1.54626e-06,-2.4864e-07,0.000199991,0
0.692352,0.0267043,-2.11489,0.693176,0.0311673,-2.10129,-0.00234776,-0.0350757,-0.0768887,0.612296,0.000200023,3.64999e-09,-1.54951e-06,3.64999e-09,0.000200001,-2.70148e-07,-1.54951e-06,-2.70148e-07,0.000199991,0
0.691713,0.0310348,-2.09981,0.692783,0.0313599,-2.1011,-0.00168719,-0.0349352,-0.0768142,0.60604,0.000200022,3.99306e-09,-1.53361e-06,3.99306e-09,0.000200001,-2.97733e-07,-1.53361e-06,-2.97733e-07,0.000199991,0
0.691169,0.0345659,-2.08699,0.692651,0.0312307,-2.10075,-0.000931466,-0.0356341,-0.0799859,0.622422,0.000200022,4.33226e-09,-1.53722e-06,4.33226e-09,0.000200001,-3.20949e-07,-1.53722e-06,-3.20949e-07,0.000199991,0
0.69066,0.0372842,-2.0776,0.69261,0.0311675,-2.10102,-3.96186e-05,-0.0370658,-0.0856022,0.603115,0.000200022,4.6759e-09,-1.5237e-06,4.6759e-09,0.000200001,-3.48216e-07,-1.5237e-06,-3.48216e-07,0.000199991,0
0.688894,0.0438631,-2.05195,0.686434,0.0529414,-2.01476,-0.000406084,-0.0346869,-0.076953,0.496917,0.000200022,4.98202e-09,-1.52713e-06,4.98202e-09,0.000200001,-3.67914e-07,-1.52713e-06,-3.67914e-07,0.000199991,0
0.687365,0.0494627,-2.0317,0.686208,0.0552006,-2.01197,-0.000435309,-0.0331873,-0.0717027,0.513147,0.000200021,5.3176e-09,-1.50962e-06,5.3176e-09,0.000200001,-3.96382e-07,-1.50962e-06,-3.96382e-07,0.000199991,0
0.68619,0.0540679,-2.01479,0.686418,0.0553391,-2.0119,-9.81099e-06,-0.0327121,-0.0707903,0.503667,0.000200021,5.65042e-09,-1.51252e-06,5.65042e-09,0.000200002,-4.19292e-07,-1.51252e-06,-4.19292e-07,0.000199991,0
0.685116,0.0576509,-2.00197,0.686095,0.0555057,-2.01165,0.000516001,-0.0331691,-0.0729709,0.511857,0.000200021,5.973e-09,-1.49168e-06,5.973e-09,0.000200002,-4.48046e-07,-1.49168e-06,-4.48046e-07,0.000199992,0
0.684211,0.06065,-1.99087,0.685874,0.0556079,-2.01154,0.00141094,-0.03424,-0.0778688,0.513701,0.000200021,6.30324e-09,-1.49499e-06,6.30324e-09,0.000200002,-4.70811e-07,-1.49499e-06,-4.70811e-07,0.000199991,0
0.683356,0.0628721,-1.98283,0.685427,0.0553545,-2.01161,0.00225572,-0.0359979,-0.0858253,0.524922,0.000200021,6.56201e-09,-1.47601e-06,6.56201e-09,0.000200002,-4.93493e-07,-1.47601e-06,-4.93493e-07,0.000199992,0
0.68103,0.0693669,-1.95955,0.677769,0.0786385,-1.93059,0.00183003,-0.0335331,-0.078553,1.36687,0.000200021,6.81143e-09,-1.47916e-06,6.81143e-09,0.000200002,-5.09166e-07,-1.47916e-06,-5.09166e-07,0.000199992,0
0.679095,0.074564,-1.94108,0.677707,0.0793354,-1.92846,0.00179511,-0.032236,-0.0750795,1.39553,0.00020002,7.04978e-09,-1.45739e-06,7.04978e-09,0.000200002,-5.3328e-07,-1.45739e-06,-5.3328e-07,0.000199992,0
0.677524,0.0788371,-1.92567,0.677755,0.0794054,-1.92848,0.00212446,-0.0318629,-0.0756704,1.388,0.00020002,7.37239e-09,-1.45768e-06,7.37239e-09,0.000200003,-5.58997e-07,-1.45768e-06,-5.58997e-07,0.000199992,0
0.676204,0.0821288,-1.91395,0.677603,0.0793374,-1.92801,0.00280366,-0.0324712,-0.0789464,1.37461,0.00020002,7.61799e-09,-1.43851e-06,7.61799e-09,0.000200003,-5.83352e-07,-1.43851e-06,-5.83352e-07,0.000199992,0
0.675108,0.0848618,-1.90374,0.677391,0.0794076,-1.928,0.00380804,-0.0336382,-0.0847408,1.38188,0.000200019,7.87346e-09,-1.43837e-06,7.87346e-09,0.000200003,-6.02064e-07,-1.43837e-06,-6.02064e-07,0.000199992,0
0.674077,0.0869646,-1.89628,0.676833,0.0795009,-1.9274,0.00487709,-0.0352354,-0.0932802,1.37571,0.000200019,8.06822e-09,-1.42108e-06,8.06822e-09,0.000200003,-6.21947e-07,-1.42108e-06,-6.21947e-07,0.000199992,0
0.671369,0.0928414,-1.87399,0.667961,0.100377,-1.84927,0.00436901,-0.0331586,-0.0869878,2.94829,0.000200019,8.26957e-09,-1.41989e-06,8.26957e-09,0.000200004,-6.36829e-07,-1.41989e-06,-6.36829e-07,0.000199992,0
0.66901,0.0976822,-1.856,0.667221,0.10169,-1.84499,0.00430991,-0.0320178,-0.0839979,2.97295,0.000200019,8.42286e-09,-1.39777e-06,8.42286e-09,0.000200004,-6.56685e-07,-1.39777e-06,-6.56685e-07,0.000199992,0
0.667103,0.101668,-1.84107,0.667387,0.101795,-1.84518,0.00470281,-0.0318324,-0.0850712,2.94452,0.000200018,8.70676e-09,-1.39589e-06,8.70676e-09,0.000200004,-6.82624e-07,-1.39589e-06,-6.82624e-07,0.000199992,0
0.66559,0.104747,-1.82967,0.667461,0.101853,-1.845,0.0054898,-0.032353,-0.0886657,2.96382,0.000200018,8.85251e-09,-1.37394e-06,8.85251e-09,0.000200004,-7.01954e-07,-1.37394e-06,-7.01954e-07,0.000199992,0
0.664349,0.107305,-1.81992,0.667401,0.101768,-1.84475,0.00674854,-0.0334949,-0.0949197,2.96006,0.000200018,9.08666e-09,-1.37604e-06,9.08666e-09,0.000200005,-7.20582e-07,-1.37604e-06,-7.20582e-07,0.000199992,0
0.663328,0.109282,-1.81266,0.667384,0.102008,-1.84489,0.00812813,-0.0350177,-0.102658,2.94618,0.000200017,9.21439e-09,-1.35755e-06,9.21439e-09,0.000200005,-7.3765e-07,-1.35755e-06,-7.3765e-07,0.000199992,0
0.660193,0.114966,-1.78994,0.656341,0.122377,-1.76257,0.00759278,-0.0329343,-0.0959424,5.37174,0.000200017,9.38568e-09,-1.35885e-06,9.38568e-09,0.000200005,-7.5052e-07,-1.35885e-06,-7.5052e-07,0.000199992,0
0.657617,0.119636,-1.77756,0.656348,0.12373,-1.75943,0.00751731,-0.0316643,-0.0915566,5.3573,0.000200017,9.48308e-09,-1.33688e-06,9.48308e-09,0.000200005,-7.68191e-07,-1.33688e-06,-7.68191e-07,0.000199992,0
0.656235,0.123252,-1.77444,0.656414,0.123734,-1.75913,0.00803496,-0.0314477,-0.0874429,5.37808,0.000200016,8.52183e-09,-1.30525e-06,8.52183e-09,0.000200004,-6.69983e-07,-1.30525e-06,-6.69983e-07,0.000199992,0
0.655764,0.125848,-1.77259,0.656347,0.123785,-1.75916,0.00826406,-0.0319519,-0.084593,5.38353,0.000200015,6.73875e-09,-1.23506e-06,6.73875e-09,0.000200003,-5.0377e-07,-1.23506e-06,-5.0377e-07,0.000199993,0
0.656002,0.1278,-1.77136,0.656367,0.123556,-1.75916,0.00860247,-0.0329002,-0.081365,5.37245,0.000200014,4.63835e-09,-1.17673e-06,4.63835e-09,0.000200002,-2.99978e-07,-1.17673e-06,-2.99978e-07,0.000199993,0
0.654427,0.131159,-1.77345,0.645767,0.133569,-1.77486,0.00672716,-0.0324408,-0.0814501,6.77496,0.000200012,2.68191e-09,-1.1058e-06,2.68191e-09,0.000200001,-1.16161e-07,-1.1058e-06,-1.16161e-07,0.000199994,0
0.653347,0.134016,-1.77495,0.645824,0.134049,-1.774,0.00504704,-0.0324843,-0.0809459,6.75356,0.000200012,1.10134e-09,-1.07208e-06,1.10134e-09,0.000200001,2.89966e-08,-1.07208e-06,2.89966e-08,0.000199995,0
0.652609,0.136143,-1.77624,0.645848,0.134039,-1.77385,0.0035093,-0.0330569,-0.0802432,6.79023,0.000200011,-1.48882e-10,-1.02546e-06,-1.48882e-10,0.0002,1.41641e-07,-1.02546e-06,1.41641e-07,0.000199995,0
0.652108,0.138175,-1.76803,0.645669,0.135223,-1.76919,0.00220826,-0.0338248,-0.0810314,6.70048,0.00020001,-1.15365e-09,-1.0121e-06,-1.15365e-09,0.000200001,2.29321e-07,-1.0121e-06,2.29321e-07,0.000199996,0
0.651703,0.140119,-1.75579,0.645762,0.137375,-1.76335,0.000903024,-0.0346807,-0.0827855,6.65713,0.00020001,-1.80072e-09,-9.86714e-07,-1.80072e-09,0.000200001,2.7876e-07,-9.86714e-07,2.7876e-07,0.000199996,0
0.651391,0.142289,-1.74326,0.645736,0.139467,-1.7573,-0.000208565,-0.0354113,-0.0862558,6.6462,0.00020001,-2.31665e-09,-1.0025e-06,-2.31665e-09,0.000200001,3.10742e-07,-1.0025e-06,3.10742e-07,0.000199996,0
0.652085,0.146748,-1.72666,0.650755,0.153472,-1.71965,-0.00031535,-0.033852,-0.0846569,7.42273,0.000200009,-2.62416e-09,-9.98681e-07,-2.62416e-09,0.000200001,3.26271e-07,-9.98681e-07,3.26271e-07,0.000199996,0
0.652494,0.151497,-1.70992,0.650147,0.158736,-1.70714,-0.000606424,-0.0321027,-0.082921,7.17946,0.00020001,-2.8448e-09,-1.01722e-06,-2.8448e-09,0.000200001,3.3076e-07,-1.01722e-06,3.3076e-07,0.000199996,0
0.652793,0.155426,-1.70197,0.650042,0.159884,-1.70319,-0.00110741,-0.0310736,-0.0839663,7.1735,0.00020001,-2.96823e-09,-1.01241e-06,-2.96823e-09,0.000200001,3.3477e-07,-1.01241e-06,3.3477e-07,0.000199996,0
0.65302,0.158784,-1.70238,0.650096,0.160654,-1.70246,-0.00158031,-0.0306155,-0.0833782,7.11399,0.00020001,-3.0664e-09,-1.01789e-06,-3.0664e-09,0.000200001,3.37017e-07,-1.01789e-06,3.37017e-07,0.000199996,0
0.653204,0.161349,-1.70345,0.650092,0.160691,-1.70172,-0.00209632,-0.0309505,-0.0834499,7.14356,0.000200009,-3.09512e-09,-1.00053e-06,-3.09512e-09,0.000200001,3.39682e-07,-1.00053e-06,3.39682e-07,0.000199996,0
0.653374,0.163458,-1.70463,0.650102,0.160611,-1.70173,-0.00272581,-0.0316424,-0.0826276,7.13706,0.000200009,-3.16046e-09,-1.00081e-06,-3.16046e-09,0.000200001,3.45184e-07,-1.00081e-06,3.45184e-07,0.000199996,0
0.654874,0.166373,-1.70543,0.656981,0.167284,-1.70162,-0.00192614,-0.0315272,-0.0814252,7.18521,0.000200009,-3.15652e-09,-9.83999e-07,-3.15652e-09,0.000200001,3.46773e-07,-9.83999e-07,3.46773e-07,0.000199996,0
0.656061,0.168892,-1.70589,0.656848,0.167694,-1.70074,-0.00153875,-0.0318078,-0.0808876,7.21694,0.000200009,-3.20464e-09,-9.89998e-07,-3.20464e-09,0.000200001,3.50377e-07,-9.89998e-07,3.50377e-07,0.000199996,0
0.657019,0.170861,-1.70617,0.656972,0.168092,-1.70032,-0.00138095,-0.0326391,-0.079173,7.16117,0.000200009,-3.17754e-09,-9.73549e-07,-3.17754e-09,0.000200001,3.50065e-07,-9.73549e-07,3.50065e-07,0.000199996,0
0.657768,0.172829,-1.6972,0.656681,0.169557,-1.69494,-0.00143249,-0.0334705,-0.0781957,7.0647,0.000200009,-3.2087e-09,-9.80696e-07,-3.2087e-09,0.000200001,3.52033e-07,-9.80696e-07,3.52033e-07,0.000199996,0
0.658254,0.174899,-1.68404,0.656394,0.172352,-1.687,-0.0016459,-0.0342015,-0.0790428,6.94426,0.000200009,-3.13702e-09,-9.7582e-07,-3.13702e-09,0.000200001,3.417e-07,-9.7582e-07,3.417e-07,0.000199996,0
0.659538,0.179793,-1.66513,0.661174,0.187659,-1.65299,-0.000961748,-0.0323066,-0.0761316,8.11349,0.000200009,-3.08869e-09,-1.00032e-06,-3.08869e-09,0.000200001,3.27204e-07,-1.00032e-06,3.27204e-07,0.000199996,0
0.660327,0.184466,-1.64867,0.660259,0.19186,-1.64284,-0.000773392,-0.0305345,-0.0746687,7.77762,0.000200009,-2.95769e-09,-1.00277e-06,-2.95769e-09,0.000200001,3.08221e-07,-1.00277e-06,3.08221e-07,0.000199996,0
0.660879,0.188687,-1.63395,0.660091,0.193545,-1.63857,-0.000721346,-0.029313,-0.0759478,7.70823,0.00020001,-2.83438e-09,-1.02838e-06,-2.83438e-09,0.000200001,2.86047e-07,-1.02838e-06,2.86047e-07,0.000199996,0
0.661283,0.19225,-1.62223,0.660013,0.195031,-1.63539,-0.000816727,-0.0287502,-0.0792333,7.72149,0.00020001,-2.6745e-09,-1.02719e-06,-2.6745e-09,0.000200001,2.67292e-07,-1.02719e-06,2.67292e-07,0.000199996,0
0.661607,0.195289,-1.61176,0.659999,0.195271,-1.634,-0.000892722,-0.0287106,-0.0837583,7.75565,0.00020001,-2.57607e-09,-1.04952e-06,-2.57607e-09,0.000200001,2.53062e-07,-1.04952e-06,2.53062e-07,0.000199996,0
0.661799,0.197639,-1.60426,0.659869,0.195369,-1.63397,-0.00110099,-0.0293609,-0.0912609,7.75382,0.00020001,-2.42433e-09,-1.04764e-06,-2.42433e-09,0.000200001,2.36435e-07,-1.04764e-06,2.36435e-07,0.000199996,0
0.662924,0.200435,-1.5937,0.665003,0.199547,-1.57685,-0.000276146,-0.0295652,-0.087703,8.66705,0.00020001,-2.35271e-09,-1.05647e-06,-2.35271e-09,0.000200001,2.29876e-07,-1.05647e-06,2.29876e-07,0.000199996,0
0.663795,0.202716,-1.59026,0.664779,0.200495,-1.57521,0.000195355,-0.0302841,-0.0832594,8.69052,0.00020001,-2.29894e-09,-1.03845e-06,-2.29894e-09,0.000200001,2.30427e-07,-1.03845e-06,2.30427e-07,0.000199996,0
0.664515,0.20465,-1.58856,0.664917,0.200715,-1.57479,0.000515324,-0.03125,-0.0805641,8.49717,0.00020001,-2.2731e-09,-1.03729e-06,-2.2731e-09,0.000200001,2.30267e-07,-1.03729e-06,2.30267e-07,0.000199996,0
0.664989,0.206201,-1.5868,0.664545,0.201367,-1.57274,0.000589279,-0.0324988,-0.0767964,8.39545,0.00020001,-2.19604e-09,-1.01634e-06,-2.19604e-09,0.0002,2.25731e-07,-1.01634e-06,2.25731e-07,0.000199996,0
0.66536,0.20756,-1.58525,0.664455,0.201474,-1.57177,0.000559511,-0.03404,-0.0732515,8.44006,0.00020001,-2.1697e-09,-1.01835e-06,-2.1697e-09,0.0002,2.24208e-07,-1.01835e-06,2.24208e-07,0.000199996,0
0.665647,0.208597,-1.58419,0.664374,0.201701,-1.5723,0.000447403,-0.0358033,-0.0701861,8.47068,0.00020001,-2.13543e-09,-1.00441e-06,-2.13543e-09,0.0002,2.24144e-07,-1.00441e-06,2.24144e-07,0.000199996,0
0.667153,0.212111,-1.58727,0.670702,0.214775,-1.59231,0.00155253,-0.0351888,-0.0712743,8.65229,0.00020001,-2.11528e-09,-1.00751e-06,-2.11528e-09,0.0002,2.2218e-07,-1.00751e-06,2.2218e-07,0.000199996,0
0.668315,0.214765,-1.58958,0.670429,0.21447,-1.59182,0.00231461,-0.0353347,-0.0725826,8.58611,0.000200009,-2.0949e-09,-9.93919e-07,-2.0949e-09,0.0002,2.23442e-07,-9.93919e-07,2.23442e-07,0.000199996,0
0.669269,0.217028,-1.59145,0.670584,0.214584,-1.59159,0.0027693,-0.0359722,-0.0724474,8.64224,0.000200009,-2.10411e-09,-1.00377e-06,-2.10411e-09,0.0002,2.23767e-07,-1.00377e-06,2.23767e-07,0.000199996,0
0.670043,0.218699,-1.593,0.670635,0.214637,-1.59189,0.00314296,-0.037101,-0.071999,8.61103,0.000200009,-2.07829e-09,-9.86112e-07,-2.07829e-09,0.0002,2.24126e-07,-9.86112e-07,2.24126e-07,0.000199996,0
0.670644,0.220162,-1.59417,0.670522,0.214524,-1.59153,0.00334404,-0.0384381,-0.0711667,8.53678,0.000200009,-2.10025e-09,-9.98499e-07,-2.10025e-09,0.0002,2.25461e-07,-9.98499e-07,2.25461e-07,0.000199996,0
0.671112,0.221229,-1.5949,0.670522,0.214591,-1.59084,0.00331244,-0.0401713,-0.0699003,8.71526,0.000200009,-2.07918e-09,-9.87668e-07,-2.07918e-09,0.0002,2.24544e-07,-9.87668e-07,2.24544e-07,0.000199996,0
0.672208,0.226039,-1.59705,0.67402,0.233799,-1.59835,0.00400837,-0.0382613,-0.0710502,7.98465,0.000200009,-2.10596e-09,-9.99338e-07,-2.10596e-09,0.0002,2.26427e-07,-9.99338e-07,2.26427e-07,0.000199996,0
0.673049,0.229839,-1.59852,0.673903,0.234255,-1.59741,0.0043494,-0.0372606,-0.0705188,7.91107,0.000200009,-2.08445e-09,-9.8457e-07,-2.08445e-09,0.0002,2.26071e-07,-9.8457e-07,2.26071e-07,0.000199996,0
0.673704,0.233091,-1.59961,0.673788,0.234565,-1.59636,0.00460394,-0.0368093,-0.0696109,7.83664,0.000200009,-2.11043e-09,-9.98799e-07,-2.11043e-09,0.0002,2.27111e-07,-9.98799e-07,2.27111e-07,0.000199996,0
0.674199,0.235611,-1.60017,0.673611,0.234856,-1.59509,0.00469898,-0.0370886,-0.0681674,7.85845,0.000200009,-2.10719e-09,-9.85658e-07,-2.10719e-09,0.0002,2.29173e-07,-9.85658e-07,2.29173e-07,0.000199996,0
0.674586,0.237827,-1.60061,0.673602,0.235264,-1.59474,0.00458627,-0.0376731,-0.0666055,7.88632,0.000200009,-2.12643e-09,-9.95957e-07,-2.12643e-09,0.0002,2.29598e-07,-9.95957e-07,2.29598e-07,0.000199996,0
0.675623,0.242677,-1.60232,0.677214,0.251192,-1.6022,0.0052234,-0.0356234,-0.0663217,7.42501,0.000200009,-2.11305e-09,-9.85517e-07,-2.11305e-09,0.0002,2.29434e-07,-9.85517e-07,2.29434e-07,0.000199996,0
0.676406,0.246809,-1.60346,0.676962,0.251923,-1.60041,0.00550627,-0.0343911,-0.0664627,7.40506,0.000200009,-2.13528e-09,-9.95687e-07,-2.13528e-09,0.0002,2.30551e-07,-9.95687e-07,2.30551e-07,0.000199996,0
0.677021,0.250021,-1.60399,0.676922,0.252092,-1.59913,0.00562083,-0.0339792,-0.064993,7.39363,0.000200009,-2.11972e-09,-9.81706e-07,-2.11972e-09,0.0002,2.30922e-07,-9.81706e-07,2.30922e-07,0.000199996,0
0.676705,0.25287,-1.60429,0.676749,0.252781,-1.5982,0.00570532,-0.0339301,-0.0632944,7.28427,0.000200009,-1.33615e-09,-9.95764e-07,-1.33615e-09,0.0002,1.0788e-07,-9.95764e-07,1.0788e-07,0.000199996,0
0.675635,0.255134,-1.60415,0.676614,0.253113,-1.59688,0.00613499,-0.0343659,-0.0611454,7.36814,0.000200009,1.21901e-10,-9.92188e-07,1.21901e-10,0.0002,-9.7257e-08,-9.92188e-07,-9.7257e-08,0.000199996,0
0.674161,0.257163,-1.60408,0.676487,0.253582,-1.59653,0.00696072,-0.0350369,-0.0600838,7.16416,0.000200009,1.91186e-09,-1.01026e-06,1.91186e-09,0.000200001,-3.23175e-07,-1.01026e-06,-3.23175e-07,0.000199996,0
0.672693,0.261232,-1.6065,0.677,0.266136,-1.61135,0.00809268,-0.0337682,-0.0604982,6.97097,0.000200009,3.71337e-09,-1.01026e-06,3.71337e-09,0.000200002,-5.33115e-07,-1.01026e-06,-5.33115e-07,0.000199996,0
0.671367,0.264746,-1.60822,0.676899,0.266697,-1.61063,0.00976733,-0.0330541,-0.0612216,6.99199,0.00020001,5.32086e-09,-1.03394e-06,5.32086e-09,0.000200003,-6.87916e-07,-1.03394e-06,-6.87916e-07,0.000199996,0
0.670161,0.267563,-1.60894,0.676651,0.266967,-1.60894,0.0115608,-0.0330369,-0.0619436,6.9578,0.00020001,6.61236e-09,-1.04164e-06,6.61236e-09,0.000200005,-8.02098e-07,-1.04164e-06,-8.02098e-07,0.000199995,0
0.669097,0.270104,-1.60945,0.676501,0.267696,-1.60828,0.0135968,-0.033396,-0.0614525,6.89435,0.00020001,7.77582e-09,-1.06942e-06,7.77582e-09,0.000200006,-8.85907e-07,-1.06942e-06,-8.85907e-07,0.000199994,0
0.668162,0.272118,-1.60957,0.676208,0.268029,-1.60682,0.0157615,-0.0342816,-0.0605678,6.84741,0.000200011,8.59279e-09,-1.07391e-06,8.59279e-09,0.000200007,-9.43275e-07,-1.07391e-06,-9.43275e-07,0.000199994,0
0.667396,0.273893,-1.60943,0.676214,0.268314,-1.60569,0.0181963,-0.0355071,-0.0594332,6.85677,0.000200011,9.31276e-09,-1.09397e-06,9.31276e-09,0.000200008,-9.82669e-07,-1.09397e-06,-9.82669e-07,0.000199993,0
0.663592,0.278785,-1.6064,0.657654,0.286543,-1.59078,0.0168922,-0.0335145,-0.0554029,7.41116,0.000200011,9.06301e-09,-1.08126e-06,9.06301e-09,0.000200008,-9.22063e-07,-1.08126e-06,-9.22063e-07,0.000199993,0
0.661295,0.282935,-1.60413,0.657099,0.287512,-1.58872,0.0158947,-0.0322649,-0.0521349,7.44474,0.000200011,7.89338e-09,-1.07922e-06,7.89338e-09,0.000200006,-7.45981e-07,-1.07922e-06,-7.45981e-07,0.000199994,0
0.659955,0.28622,-1.60199,0.656607,0.288118,-1.58675,0.0152548,-0.0317805,-0.0479882,7.27805,0.00020001,6.1899e-09,-1.05207e-06,6.1899e-09,0.000200004,-5.37979e-07,-1.05207e-06,-5.37979e-07,0.000199994,0
0.659275,0.289107,-1.60011,0.656717,0.28909,-1.58562,0.0146754,-0.0316925,-0.0441073,7.17217,0.00020001,4.51997e-09,-1.04452e-06,4.51997e-09,0.000200002,-3.45691e-07,-1.04452e-06,-3.45691e-07,0.000199995,0
0.658864,0.291419,-1.5984,0.656402,0.289799,-1.58495,0.0141644,-0.0321815,-0.0414048,6.96068,0.00020001,3.01637e-09,-1.01658e-06,3.01637e-09,0.000200001,-1.91725e-07,-1.01658e-06,-1.91725e-07,0.000199995,0
0.657337,0.295979,-1.59852,0.649681,0.302883,-1.59205,0.0123374,-0.0304211,-0.0395213,7.53988,0.00020001,1.78024e-09,-1.0134e-06,1.78024e-09,0.000200001,-7.11918e-08,-1.0134e-06,-7.11918e-08,0.000199996,0
0.65611,0.299883,-1.59832,0.649302,0.304753,-1.59089,0.0107104,-0.029317,-0.0373191,7.36747,0.000200009,7.95696e-10,-9.92305e-07,7.95696e-10,0.0002,1.73185e-08,-9.92305e-07,1.73185e-08,0.000199996,0
0.655163,0.303411,-1.59808,0.649252,0.306142,-1.58987,0.00936335,-0.0285888,-0.0360816,7.20161,0.000200009,3.08724e-11,-9.99019e-07,3.08724e-11,0.0002,8.13524e-08,-9.99019e-07,8.13524e-08,0.000199996,0
0.654378,0.306302,-1.59743,0.648981,0.307176,-1.58851,0.00807846,-0.0283978,-0.0334297,7.15346,0.000200009,-5.35445e-10,-9.8109e-07,-5.35445e-10,0.0002,1.26625e-07,-9.8109e-07,1.26625e-07,0.000199996,0
0.653756,0.30882,-1.59689,0.648892,0.307563,-1.58776,0.00695565,-0.0286798,-0.0308866,7.0245,0.000200009,-9.80807e-10,-9.89967e-07,-9.80807e-10,0.0002,1.59411e-07,-9.89967e-07,1.59411e-07,0.000199996,0
0.653237,0.310727,-1.59636,0.648754,0.307612,-1.58761,0.00593682,-0.0295725,-0.0283603,7.01747,0.000200009,-1.2854e-09,-9.76939e-07,-1.2854e-09,0.0002,1.81351e-07,-9.76939e-07,1.81351e-07,0.000199996,0
0.653565,0.316287,-1.59801,0.652464,0.3272,-1.59766,0.00566515,-0.0268134,-0.0290138,6.60061,0.000200009,-1.51313e-09,-9.87394e-07,-1.51313e-09,0.0002,1.94048e-07,-9.87394e-07,1.94048e-07,0.000199996,0
0.653704,0.320807,-1.59883,0.651966,0.328203,-1.59575,0.00530401,-0.0249928,-0.0278277,6.60811,0.000200009,-1.62507e-09,-9.73655e-07,-1.62507e-09,0.0002,1.98726e-07,-9.73655e-07,1.98726e-07,0.000199997,0
0.653769,0.324596,-1.59951,0.651561,0.328485,-1.59496,0.00486913,-0.0240037,-0.0265101,6.55174,0.000200009,-1.76148e-09,-9.83341e-07,-1.76148e-09,0.0002,2.0774e-07,-9.83341e-07,2.0774e-07,0.000199997,0
0.653831,0.327548,-1.59978,0.651571,0.328674,-1.59452,0.00433134,-0.0237521,-0.0257795,6.60221,0.000200009,-1.84207e-09,-9.70743e-07,-1.84207e-09,0.0002,2.14803e-07,-9.70743e-07,2.14803e-07,0.000199997,0
0.653852,0.330008,-1.60009,0.651515,0.328528,-1.59437,0.0038522,-0.0240917,-0.0240915,6.55665,0.000200009,-1.9098e-09,-9.8316e-07,-1.9098e-09,0.0002,2.16695e-07,-9.8316e-07,2.16695e-07,0.000199997,0
0.653873,0.331301,-1.6001,0.651583,0.328819,-1.5941,0.00327275,-0.0249992,-0.0220978,6.57101,0.000200008,-1.7791e-09,-8.73692e-07,-1.7791e-09,0.0002,2.16018e-07,-8.73692e-07,2.16018e-07,0.000199997,0
0.654643,0.33415,-1.60365,0.655497,0.341634,-1.61181,0.00354256,-0.0229496,-0.0246456,8.64343,0.000200006,-1.47159e-09,-6.8468e-07,-1.47159e-09,0.0002,2.08516e-07,-6.8468e-07,2.08516e-07,0.000199997,0
0.655219,0.335789,-1.60602,0.655574,0.341774,-1.61169,0.00361899,-0.0214112,-0.0260158,8.69189,0.000200003,-1.07028e-09,-4.56532e-07,-1.07028e-09,0.0002,1.95365e-07,-4.56532e-07,1.95365e-07,0.000199998,0
0.655608,0.336676,-1.60812,0.655651,0.341293,-1.61242,0.00360795,-0.0203242,-0.0271206,8.65711,0.000200002,-6.9287e-10,-2.58081e-07,-6.9287e-10,0.0002,1.73178e-07,-2.58081e-07,1.73178e-07,0.000199999,0
0.655872,0.33741,-1.60963,0.655638,0.341409,-1.61218,0.00357247,-0.0192899,-0.0276292,8.67237,0.000200001,-4.31421e-10,-1.31239e-07,-4.31421e-10,0.0002,1.5211e-07,-1.31239e-07,1.5211e-07,0.000199999,0
0.656081,0.337795,-1.61093,0.655713,0.341299,-1.61231,0.00348079,-0.0184048,-0.0279264,8.65671,0.000200001,-2.31071e-10,-2.1156e-08,-2.31071e-10,0.0002,1.35722e-07,-2.1156e-08,1.35722e-07,0.000199999,0
0.656284,0.338094,-1.61177,0.655729,0.340992,-1.61227,0.00328415,-0.0177064,-0.0277661,8.6978,0.0002,-1.03515e-10,4.10447e-08,-1.03515e-10,0.0002,1.30616e-07,4.10447e-08,1.30616e-07,0.0002,0
0.656129,0.338514,-1.61252,0.654101,0.342169,-1.61298,0.00282932,-0.0167861,-0.0285164,9.42233,0.0002,-7.87719e-12,8.94583e-08,-7.87719e-12,0.0002,1.28652e-07,8.94583e-08,1.28652e-07,0.0002,0
0.65598,0.338951,-1.61325,0.653969,0.342569,-1.61303,0.00227966,-0.0159487,-0.0282542,9.31715,0.0002,5.60827e-11,1.17084e-07,5.60827e-11,0.0002,1.27483e-07,1.17084e-07,1.27483e-07,0.0002,0
0.655909,0.339241,-1.61385,0.65417,0.342433,-1.61339,0.00180919,-0.0151585,-0.0278532,9.33183,0.0002,1.05862e-10,1.39967e-07,1.05862e-10,0.0002,1.28175e-07,1.39967e-07,1.28175e-07,0.0002,0
0.655842,0.339549,-1.61409,0.654112,0.342702,-1.6128,0.0013421,-0.0143514,-0.0280871,9.33459,0.0002,1.38111e-10,1.51233e-07,1.38111e-10,0.0002,1.28737e-07,1.51233e-07,1.28737e-07,0.0002,0
0.655743,0.33969,-1.61464,0.653941,0.342229,-1.61302,0.000943113,-0.0137105,-0.0276353,9.33407,0.0002,1.59818e-10,1.60098e-07,1.59818e-10,0.0002,1.27283e-07,1.60098e-07,1.27283e-07,0.0002,0
0.65595,0.339665,-1.61438,0.655317,0.341491,-1.61115,0.000750472,-0.0132351,-0.0263824,7.80853,0.0002,1.75091e-10,1.64153e-07,1.75091e-10,0.0002,1.28118e-07,1.64153e-07,1.28118e-07,0.0002,0
0.656111,0.339559,-1.61454,0.655344,0.34111,-1.61135,0.000510649,-0.012941,-0.0255382,7.77569,0.0002,1.84948e-10,1.6838e-07,1.84948e-10,0.0002,1.26868e-07,1.6838e-07,1.26868e-07,0.0002,0
0.656226,0.339489,-1.61442,0.655381,0.341073,-1.61138,0.000325895,-0.012511,-0.0254154,7.78189,0.0002,1.85046e-10,1.67526e-07,1.85046e-10,0.0002,1.2283e-07,1.67526e-07,1.2283e-07,0.0002,0
0.656214,0.33945,-1.61438,0.654764,0.341376,-1.61105,-8.58609e-05,-0.0120499,-0.0243778,7.74091,0.0002,1.93367e-10,1.73933e-07,1.93367e-10,0.0002,1.2334e-07,1.73933e-07,1.2334e-07,0.0002,0
0.656332,0.339389,-1.61435,0.655287,0.341019,-1.6117,-0.000367635,-0.0116109,-0.0233493,7.81595,0.0002,1.98365e-10,1.71375e-07,1.98365e-10,0.0002,1.27381e-07,1.71375e-07,1.27381e-07,0.0002,0
0.656408,0.339331,-1.61445,0.655304,0.341073,-1.61169,-0.00059186,-0.0112692,-0.0224514,7.76136,0.0002,2.00605e-10,1.72993e-07,2.00605e-10,0.0002,1.26409e-07,1.72993e-07,1.26409e-07,0.0002,0
0.657329,0.339698,-1.61468,0.659536,0.340325,-1.61212,-7.12204e-05,-0.0109019,-0.0216831,6.51768,0.0002,1.28902e-10,8.38604e-08,1.28902e-10,0.0002,1.2809e-07,8.38604e-08,1.2809e-07,0.0002,0
0.658077,0.340706,-1.6154,0.659398,0.340549,-1.61191,0.000277058,-0.0110942,-0.0213994,6.53441,0.0002,-2.32929e-11,-8.01582e-08,-2.32929e-11,0.0002,1.35764e-07,-8.01582e-08,1.35764e-07,0.0002,0
0.658744,0.341935,-1.61598,0.659303,0.340024,-1.61196,0.00044379,-0.0115647,-0.0199811,6.52208,0.000200001,-2.54153e-10,-2.69614e-07,-2.54153e-10,0.0002,1.54899e-07,-2.69614e-07,1.54899e-07,0.0002,0
0.659332,0.343476,-1.61653,0.659422,0.340526,-1.61207,0.000531737,-0.0122243,-0.0185323,6.53093,0.000200002,-5.53838e-10,-4.63833e-07,-5.53838e-10,0.0002,1.72417e-07,-4.63833e-07,1.72417e-07,0.0002,0
0.659842,0.344647,-1.61683,0.659581,0.340491,-1.61166,0.000541941,-0.0134526,-0.0178277,6.50516,0.000200002,-8.02355e-10,-5.79517e-07,-8.02355e-10,0.0002,1.85063e-07,-5.79517e-07,1.85063e-07,0.000199999,0
0.660306,0.34599,-1.61716,0.659664,0.340503,-1.61215,0.000406438,-0.0147103,-0.0161633,6.5183,0.000200004,-1.11131e-09,-7.1796e-07,-1.11131e-09,0.0002,1.99716e-07,-7.1796e-07,1.99716e-07,0.000199999,0
0.661208,0.348817,-1.61973,0.66242,0.350231,-1.62362,0.000708054,-0.0144834,-0.0177259,9.46696,0.000200005,-1.29316e-09,-7.76103e-07,-1.29316e-09,0.0002,2.04343e-07,-7.76103e-07,2.04343e-07,0.000199998,0
0.661419,0.351422,-1.62146,0.659795,0.350676,-1.62204,0.000318747,-0.0145784,-0.0174579,9.38217,0.000200006,-1.49792e-09,-8.53903e-07,-1.49792e-09,0.0002,2.10177e-07,-8.53903e-07,2.10177e-07,0.000199998,0
0.66217,0.353266,-1.62321,0.662557,0.350076,-1.62418,0.000570008,-0.0154338,-0.0182099,9.44817,0.000200007,-1.65352e-09,-8.84603e-07,-1.65352e-09,0.0002,2.18623e-07,-8.84603e-07,2.18623e-07,0.000199998,0
0.662675,0.354844,-1.62461,0.662088,0.350003,-1.62387,0.000474517,-0.0166558,-0.0176127,9.36453,0.000200007,-1.79578e-09,-9.22878e-07,-1.79578e-09,0.0002,2.23958e-07,-9.22878e-07,2.23958e-07,0.000199997,0
0.663191,0.355975,-1.62564,0.662771,0.349769,-1.62402,0.00039102,-0.0182246,-0.0176384,9.42364,0.000200008,-1.85866e-09,-9.33864e-07,-1.85866e-09,0.0002,2.23666e-07,-9.33864e-07,2.23666e-07,0.000199997,0
0.66361,0.357044,-1.62651,0.662551,0.350067,-1.62427,0.000109804,-0.0199564,-0.0165074,9.47491,0.000200008,-1.97622e-09,-9.57418e-07,-1.97622e-09,0.0002,2.31584e-07,-9.57418e-07,2.31584e-07,0.000199997,0
0.663248,0.360314,-1.62874,0.659268,0.362677,-1.63136,-0.000852394,-0.0193855,-0.0177422,9.94067,0.000200008,-1.99325e-09,-9.55802e-07,-1.99325e-09,0.0002,2.29251e-07,-9.55802e-07,2.29251e-07,0.000199997,0
0.662946,0.363035,-1.63045,0.659059,0.362671,-1.63096,-0.00175427,-0.0194655,-0.0174509,9.99018,0.000200009,-2.05939e-09,-9.7137e-07,-2.05939e-09,0.0002,2.32934e-07,-9.7137e-07,2.32934e-07,0.000199997,0
0.662706,0.365078,-1.63176,0.659188,0.362432,-1.6313,-0.00259357,-0.0201216,-0.0177602,10.0135,0.000200009,-2.06507e-09,-9.67818e-07,-2.06507e-09,0.0002,2.31621e-07,-9.67818e-07,2.31621e-07,0.000199997,0
0.662467,0.366842,-1.63273,0.658867,0.362708,-1.6306,-0.00343331,-0.0211579,-0.0167316,9.99127,0.000200009,-2.10306e-09,-9.77212e-07,-2.10306e-09,0.000200001,2.33703e-07,-9.77212e-07,2.33703e-07,0.000199997,0
0.662241,0.368199,-1.63342,0.658766,0.362806,-1.63048,-0.00425925,-0.0226012,-0.0164206,10.0193,0.000200009,-2.09982e-09,-9.71368e-07,-2.09982e-09,0.000200001,2.32902e-07,-9.71368e-07,2.32902e-07,0.000199997,0
0.662242,0.372431,-1.63599,0.659596,0.378129,-1.6406,-0.00485802,-0.0210689,-0.0169937,12.4977,0.000200009,-2.12342e-09,-9.81156e-07,-2.12342e-09,0.000200001,2.33499e-07,-9.81156e-07,2.33499e-07,0.000199997,0
0.662317,0.375681,-1.63826,0.659983,0.377983,-1.641,-0.00538302,-0.0206193,-0.0182622,12.4669,0.000200009,-2.11403e-09,-9.70209e-07,-2.11403e-09,0.000200001,2.33727e-07,-9.70209e-07,2.33727e-07,0.000199997,0
0.662429,0.378473,-1.63999,0.660144,0.378474,-1.64091,-0.00587113,-0.0205272,-0.0179946,12.5615,0.000200009,-2.15114e-09,-9.78179e-07,-2.15114e-09,0.000200001,2.37375e-07,-9.78179e-07,2.37375e-07,0.000199997,0
0.662443,0.380579,-1.64116,0.659788,0.378266,-1.64046,-0.00645689,-0.0212206,-0.0181643,12.4711,0.000200009,-2.15641e-09,-9.69562e-07,-2.15641e-09,0.000200001,2.39313e-07,-9.69562e-07,2.39313e-07,0.000199997,0
0.662437,0.382396,-1.64225,0.65976,0.378385,-1.64059,-0.00716342,-0.0221041,-0.0172538,12.4361,0.000200009,-2.17544e-09,-9.81147e-07,-2.17544e-09,0.000200001,2.38836e-07,-9.81147e-07,2.38836e-07,0.000199997,0
0.662488,0.383639,-1.64314,0.659975,0.377978,-1.64067,-0.0077121,-0.0236614,-0.0171427,12.5186,0.000200009,-2.17208e-09,-9.67855e-07,-2.17208e-09,0.000200001,2.4083e-07,-9.67855e-07,2.4083e-07,0.000199997,0
0.663362,0.387383,-1.64582,0.664094,0.391158,-1.65081,-0.00753834,-0.0226167,-0.0178195,12.9478,0.000200009,-2.19797e-09,-9.78069e-07,-2.19797e-09,0.000200001,2.42064e-07,-9.78069e-07,2.42064e-07,0.000199997,0
0.663952,0.390348,-1.64804,0.663574,0.391539,-1.65059,-0.00754846,-0.0223516,-0.0190436,12.8556,0.000200009,-2.18904e-09,-9.67389e-07,-2.18904e-09,0.000200001,2.42567e-07,-9.67389e-07,2.42567e-07,0.000199997,0
0.664519,0.392944,-1.64966,0.663997,0.392127,-1.65043,-0.00758106,-0.0225565,-0.0186639,12.9872,0.000200009,-2.22104e-09,-9.77335e-07,-2.22104e-09,0.000200001,2.44932e-07,-9.77335e-07,2.44932e-07,0.000199997,0
0.664937,0.394797,-1.65099,0.663857,0.391655,-1.65058,-0.00786297,-0.0234025,-0.0189894,12.9295,0.000200009,-2.20657e-09,-9.63202e-07,-2.20657e-09,0.000200001,2.45388e-07,-9.63202e-07,2.45388e-07,0.000199997,0
0.665359,0.396445,-1.6521,0.664235,0.391842,-1.65084,-0.00804102,-0.0245553,-0.0181021,12.9246,0.000200009,-2.24037e-09,-9.7439e-07,-2.24037e-09,0.000200001,2.47792e-07,-9.7439e-07,2.47792e-07,0.000199997,0
0.665682,0.397627,-1.65288,0.664362,0.391733,-1.6506,-0.00831802,-0.0260735,-0.0178808,12.9243,0.000200009,-2.1977e-09,-9.63224e-07,-2.1977e-09,0.000200001,2.43068e-07,-9.63224e-07,2.43068e-07,0.000199997,0
0.667034,0.400222,-1.65513,0.669951,0.403874,-1.65839,-0.00756594,-0.0253783,-0.0191272,13.0688,0.000200007,-1.94044e-09,-8.31793e-07,-1.94044e-09,0.000200001,2.35062e-07,-8.31793e-07,2.35062e-07,0.000199997,0
0.667442,0.40188,-1.65658,0.66974,0.404453,-1.65763,-0.00715802,-0.0245204,-0.0185812,13.0835,0.000200005,-1.17741e-09,-6.62265e-07,-1.17741e-09,0.0002,1.29127e-07,-6.62265e-07,1.29127e-07,0.000199997,0
0.666843,0.402582,-1.65783,0.669469,0.404801,-1.6574,-0.0063567,-0.0240178,-0.0188257,13.0629,0.000200003,-2.53234e-10,-4.43003e-07,-2.53234e-10,0.0002,-7.79608e-08,-4.43003e-07,-7.79608e-08,0.000199998,0
0.665906,0.403107,-1.65878,0.670074,0.40537,-1.65753,-0.00529392,-0.0233934,-0.0187844,13.0814,0.000200002,2.81714e-10,-2.7861e-07,2.81714e-10,0.000200001,-3.03163e-07,-2.7861e-07,-3.03163e-07,0.000199999,0
0.664653,0.403395,-1.65968,0.669383,0.405456,-1.65724,-0.00414748,-0.0228054,-0.0176849,13.0487,0.000200001,4.07618e-10,-1.49908e-07,4.07618e-10,0.000200002,-5.05815e-07,-1.49908e-07,-5.05815e-07,0.000199999,0
0.6623,0.405397,-1.66153,0.663537,0.414848,-1.66412,-0.00379985,-0.0204032,-0.0185326,12.6504,0.000200001,2.35534e-10,-4.98319e-08,2.35534e-10,0.000200003,-6.64481e-07,-4.98319e-08,-6.64481e-07,0.000199999,0
0.660015,0.407188,-1.66301,0.662273,0.415827,-1.66284,-0.00328544,-0.0182117,-0.0190086,12.5398,0.0002,-3.13041e-11,1.46728e-08,-3.13041e-11,0.000200005,-7.9016e-07,1.46728e-08,-7.9016e-07,0.000199998,0
0.658215,0.408658,-1.66389,0.662651,0.416193,-1.66199,-0.00218492,-0.0162423,-0.0178922,12.6181,0.0002,-3.37988e-10,6.16158e-08,-3.37988e-10,0.000200006,-8.78066e-07,6.16158e-08,-8.78066e-07,0.000199998,0
0.656584,0.409972,-1.66439,0.662022,0.416962,-1.66095,-0.000815865,-0.0144282,-0.0173907,12.5782,0.0002,-6.24531e-10,9.37552e-08,-6.24531e-10,0.000200007,-9.44856e-07,9.37552e-08,-9.44856e-07,0.000199998,0
0.65511,0.411105,-1.66461,0.66128,0.417365,-1.66003,0.000709839,-0.0127948,-0.0166053,12.5922,0.0002,-8.56407e-10,1.13811e-07,-8.56407e-10,0.000200008,-9.91014e-07,1.13811e-07,-9.91014e-07,0.000199997,0
0.653823,0.411932,-1.66478,0.66087,0.417165,-1.66005,0.00252345,-0.0114682,-0.0147789,12.5021,0.0002,-1.08158e-09,1.33015e-07,-1.08158e-09,0.000200009,-1.0246e-06,1.33015e-07,-1.0246e-06,0.000199997,0
0.649392,0.412164,-1.66639,0.643855,0.414874,-1.66742,0.00109232,-0.0107363,-0.0153917,12.8584,0.0002,-1.22961e-09,1.4185e-07,-1.22961e-09,0.00020001,-1.04578e-06,1.4185e-07,-1.04578e-06,0.000199997,0
0.64569,0.413418,-1.66743,0.642768,0.41597,-1.66553,0.000389547,-0.00988244,-0.0144285,12.8141,0.0002,-3.87961e-10,1.09924e-08,-3.87961e-10,0.00020001,-1.04962e-06,1.09924e-08,-1.04962e-06,0.000199996,0
0.642615,0.414956,-1.66805,0.641902,0.416058,-1.66416,0.000214846,-0.00974411,-0.0140461,12.7723,0.0002,8.55477e-10,-1.55993e-07,8.55477e-10,0.00020001,-1.04212e-06,-1.55993e-07,-1.04212e-06,0.000199996,0
0.640076,0.417294,-1.66804,0.641144,0.416719,-1.66229,0.000475686,-0.00980618,-0.0120371,12.8154,0.000200001,2.84743e-09,-4.19158e-07,2.84743e-09,0.00020001,-1.02521e-06,-4.19158e-07,-1.02521e-06,0.000199996,0
0.637865,0.419525,-1.6679,0.64013,0.417739,-1.66133,0.00106544,-0.0102751,-0.0109025,12.7372,0.000200003,4.5099e-09,-6.12838e-07,4.5099e-09,0.00020001,-1.01015e-06,-6.12838e-07,-1.01015e-06,0.000199996,0
0.636025,0.42172,-1.66728,0.639733,0.418199,-1.66004,0.00202533,-0.0111796,-0.00928209,12.7742,0.000200005,6.07025e-09,-7.87767e-07,6.07025e-09,0.000200009,-9.99046e-07,-7.87767e-07,-9.99046e-07,0.000199995,0
0.631853,0.424673,-1.66976,0.626245,0.423777,-1.67559,0.000652762,-0.0113272,-0.0107614,15.0746,0.000200006,7.30606e-09,-9.09934e-07,7.30606e-09,0.000200009,-9.94636e-07,-9.09934e-07,-9.94636e-07,0.000199995,0
0.62933,0.426964,-1.67954,0.626556,0.423456,-1.67553,0.000130295,-0.012236,-0.00954396,15.1126,0.000200008,7.40832e-09,-9.91044e-07,7.40832e-09,0.000200008,-8.65426e-07,-9.91044e-07,-8.65426e-07,0.000199994,0
0.628071,0.428753,-1.68654,0.626751,0.42384,-1.67615,-0.000229375,-0.0134468,-0.00654222,15.0865,0.000200009,6.47473e-09,-1.023e-06,6.47473e-09,0.000200005,-6.67007e-07,-1.023e-06,-6.67007e-07,0.000199995,0
0.627598,0.430023,-1.68667,0.62663,0.423146,-1.6764,-0.000501881,-0.0151772,-0.00466688,15.0684,0.000200009,5.04835e-09,-1.03827e-06,5.04835e-09,0.000200003,-4.53207e-07,-1.03827e-06,-4.53207e-07,0.000199995,0
0.627557,0.430906,-1.68571,0.626587,0.423311,-1.67619,-0.000742624,-0.0170944,-0.00171076,15.1264,0.000200009,3.47892e-09,-1.02097e-06,3.47892e-09,0.000200002,-2.61747e-07,-1.02097e-06,-2.61747e-07,0.000199995,0
0.627654,0.431682,-1.685,0.626359,0.423432,-1.67583,-0.00114615,-0.0191181,-1.12089e-06,15.1033,0.000200009,2.1139e-09,-1.0169e-06,2.1139e-09,0.000200001,-1.11271e-07,-1.0169e-06,-1.11271e-07,0.000199996,0
0.626672,0.434051,-1.69031,0.620398,0.432811,-1.70683,-0.00262761,-0.0194492,-0.00331123,18.7485,0.000200009,9.83826e-10,-9.93603e-07,9.83826e-10,0.000200001,1.0698e-09,-9.93603e-07,1.0698e-09,0.000199996,0
0.625991,0.436129,-1.69467,0.62039,0.433163,-1.70673,-0.00400893,-0.0201708,-0.00666725,18.7055,0.000200009,3.88828e-11,-9.96925e-07,3.88828e-11,0.0002,9.08165e-08,-9.96925e-07,9.08165e-08,0.000199996,0
0.625447,0.437048,-1.69822,0.620721,0.433167,-1.70769,-0.00525335,-0.0214516,-0.00922023,18.7362,0.000200008,-4.84074e-10,-8.80061e-07,-4.84074e-10,0.0002,1.38287e-07,-8.80061e-07,1.38287e-07,0.000199997,0
0.624965,0.437068,-1.70115,0.620839,0.433196,-1.70813,-0.00623513,-0.022232,-0.0111512,18.7778,0.000200006,-6.35878e-10,-6.89792e-07,-6.35878e-10,0.0002,1.58062e-07,-6.89792e-07,1.58062e-07,0.000199997,0
0.624464,0.436375,-1.69784,0.620558,0.433216,-1.70685,-0.00713631,-0.0229246,-0.012844,18.7607,0.000200003,-5.38625e-10,-4.54525e-07,-5.38625e-10,0.0002,1.61108e-07,-4.54525e-07,1.61108e-07,0.000199998,0
0.624722,0.437598,-1.68848,0.6242,0.443985,-1.70692,-0.00737815,-0.0215025,-0.017483,20.0698,0.000200002,-3.54925e-10,-2.44172e-07,-3.54925e-10,0.0002,1.52607e-07,-2.44172e-07,1.52607e-07,0.000199999,0
0.62478,0.438776,-1.68063,0.623244,0.445004,-1.70513,-0.00772021,-0.0198243,-0.0236349,20.0719,0.000200001,-2.18647e-10,-1.09307e-07,-2.18647e-10,0.0002,1.54372e-07,-1.09307e-07,1.54372e-07,0.000199999,0
0.624791,0.440558,-1.67282,0.622549,0.446096,-1.70347,-0.00820861,-0.0182422,-0.0308183,20.112,0.000200001,-2.23544e-10,-1.22997e-07,-2.23544e-10,0.0002,1.7048e-07,-1.22997e-07,1.7048e-07,0.000199999,0
0.624604,0.442702,-1.66709,0.621378,0.446919,-1.70163,-0.0089961,-0.0173976,-0.0400857,20.1574,0.000200001,-3.43589e-10,-2.20685e-07,-3.43589e-10,0.0002,1.84789e-07,-2.20685e-07,1.84789e-07,0.000199999,0
0.624403,0.445401,-1.66104,0.620683,0.447595,-1.70007,-0.00979732,-0.0167988,-0.0490433,20.2107,0.000200001,-6.50576e-10,-4.19437e-07,-6.50576e-10,0.0002,2.03874e-07,-4.19437e-07,2.03874e-07,0.000199999,0
0.624136,0.447834,-1.65646,0.620323,0.448407,-1.69943,-0.0105638,-0.0167656,-0.0604634,20.2285,0.000200002,-9.1719e-10,-5.64588e-07,-9.1719e-10,0.0002,2.09024e-07,-5.64588e-07,2.09024e-07,0.000199999,0
0.62579,0.450105,-1.63846,0.629974,0.448555,-1.63214,-0.00940977,-0.0170951,-0.0584584,19.1046,0.000200004,-1.16327e-09,-7.02535e-07,-1.16327e-09,0.0002,2.06904e-07,-7.02535e-07,2.06904e-07,0.000199999,0
0.626807,0.452316,-1.62427,0.628621,0.450337,-1.62974,-0.00879293,-0.0176844,-0.060272,19.1166,0.000200005,-1.31657e-09,-7.97207e-07,-1.31657e-09,0.0002,1.98257e-07,-7.97207e-07,1.98257e-07,0.000199998,0
0.627586,0.454192,-1.61994,0.628338,0.450331,-1.62925,-0.00841387,-0.0186078,-0.0619359,19.1334,0.000200006,-1.4763e-09,-8.7482e-07,-1.4763e-09,0.0002,1.98476e-07,-8.7482e-07,1.98476e-07,0.000199998,0
0.628263,0.455588,-1.6218,0.628531,0.450384,-1.62955,-0.00813727,-0.020012,-0.0647965,19.0627,0.000200007,-1.59904e-09,-9.05381e-07,-1.59904e-09,0.0002,2.03618e-07,-9.05381e-07,2.03618e-07,0.000199998,0
0.628762,0.456734,-1.62418,0.628339,0.449945,-1.62924,-0.00803776,-0.021666,-0.065176,19.145,0.000200008,-1.71661e-09,-9.43486e-07,-1.71661e-09,0.0002,2.07237e-07,-9.43486e-07,2.07237e-07,0.000199997,0
0.629236,0.457612,-1.62635,0.628777,0.450338,-1.62965,-0.00796411,-0.0235875,-0.066352,19.1575,0.000200008,-1.7671e-09,-9.49072e-07,-1.7671e-09,0.0002,2.07784e-07,-9.49072e-07,2.07784e-07,0.000199997,0
0.63069,0.461678,-1.61152,0.634154,0.466597,-1.58803,-0.00691029,-0.0223221,-0.0605156,19.7468,0.000200008,-1.83371e-09,-9.70086e-07,-1.83371e-09,0.0002,2.09512e-07,-9.70086e-07,2.09512e-07,0.000199997,0
0.631289,0.464995,-1.59444,0.631548,0.467325,-1.58424,-0.00671081,-0.0218046,-0.0574405,19.554,0.000200009,-1.79478e-09,-9.71501e-07,-1.79478e-09,0.0002,1.99447e-07,-9.71501e-07,1.99447e-07,0.000199997,0
0.631617,0.467877,-1.57923,0.631027,0.467644,-1.5838,-0.00668278,-0.0218231,-0.0592321,19.5479,0.000200009,-1.71836e-09,-9.9914e-07,-1.71836e-09,0.0002,1.81449e-07,-9.9914e-07,1.81449e-07,0.000199997,0
0.631826,0.469419,-1.5678,0.630856,0.467267,-1.58337,-0.00667367,-0.0226814,-0.0628047,19.606,0.000200008,-1.51382e-09,-9.06961e-07,-1.51382e-09,0.0002,1.67037e-07,-9.06961e-07,1.67037e-07,0.000199997,0
0.631932,0.470044,-1.55825,0.630504,0.467511,-1.58258,-0.00696758,-0.0232565,-0.0692512,19.4759,0.000200006,-1.26453e-09,-7.43127e-07,-1.26453e-09,0.0002,1.60037e-07,-7.43127e-07,1.60037e-07,0.000199997,0
0.633725,0.470858,-1.541,0.639149,0.472487,-1.5291,-0.0055746,-0.0228418,-0.0659954,21.3324,0.000200004,-9.79474e-10,-5.28184e-07,-9.79474e-10,0.0002,1.5889e-07,-5.28184e-07,1.5889e-07,0.000199998,0
0.634944,0.47128,-1.52588,0.637937,0.473496,-1.5273,-0.00485605,-0.0224204,-0.0658762,21.0564,0.000200002,-7.00744e-10,-3.22034e-07,-7.00744e-10,0.0002,1.62034e-07,-3.22034e-07,1.62034e-07,0.000199998,0
0.635936,0.471652,-1.5205,0.638056,0.473812,-1.52695,-0.00436416,-0.0218478,-0.0685024,21.0969,0.000200001,-4.7938e-10,-1.85312e-07,-4.7938e-10,0.0002,1.62717e-07,-1.85312e-07,1.62717e-07,0.000199999,0
0.636728,0.471649,-1.5221,0.638151,0.473523,-1.52753,-0.00397175,-0.0214512,-0.0690982,21.1535,0.000200001,-2.71576e-10,-5.83553e-08,-2.71576e-10,0.0002,1.59976e-07,-5.83553e-08,1.59976e-07,0.000199999,0
0.637328,0.471736,-1.52351,0.638332,0.473456,-1.52758,-0.00377153,-0.0209643,-0.0705122,21.199,0.0002,-1.37669e-10,6.49064e-09,-1.37669e-10,0.0002,1.47096e-07,6.49064e-09,1.47096e-07,0.0002,0
0.637767,0.472498,-1.5252,0.638335,0.473578,-1.52817,-0.00363307,-0.0205017,-0.0712045,20.9812,0.0002,-1.42253e-10,-5.89327e-08,-1.42253e-10,0.0002,1.32101e-07,-5.89327e-08,1.32101e-07,0.0002,0
0.638741,0.473859,-1.5186,0.641413,0.475332,-1.48681,-0.00285897,-0.0204414,-0.0636049,21.0886,0.0002,-2.00486e-10,-1.63851e-07,-2.00486e-10,0.0002,1.24951e-07,-1.63851e-07,1.24951e-07,0.0002,0
0.639262,0.475931,-1.51307,0.640183,0.476094,-1.48487,-0.00253788,-0.0202692,-0.0560657,20.7939,0.000200001,-3.48704e-10,-3.64163e-07,-3.48704e-10,0.0002,1.19635e-07,-3.64163e-07,1.19635e-07,0.0002,0
0.639424,0.477852,-1.50838,0.63904,0.477039,-1.48329,-0.00257649,-0.0205479,-0.0503808,20.3366,0.000200002,-4.55959e-10,-5.04371e-07,-4.55959e-10,0.0002,1.1245e-07,-5.04371e-07,1.1245e-07,0.000199999,0
0.639376,0.47994,-1.50414,0.638208,0.478085,-1.48144,-0.00272429,-0.0209602,-0.0441352,20.2545,0.000200003,-5.64284e-10,-6.48835e-07,-5.64284e-10,0.0002,1.06614e-07,-6.48835e-07,1.06614e-07,0.000199999,0
0.639298,0.481111,-1.50051,0.637835,0.478663,-1.48092,-0.00300202,-0.0218894,-0.0395078,19.8969,0.000200003,-5.95023e-10,-6.42953e-07,-5.95023e-10,0.0002,1.07892e-07,-6.42953e-07,1.07892e-07,0.000199999,0
0.639187,0.481429,-1.49742,0.637396,0.479128,-1.4803,-0.00351341,-0.0223708,-0.0354175,19.9025,0.000200003,-5.52094e-10,-5.25476e-07,-5.52094e-10,0.0002,1.1404e-07,-5.25476e-07,1.1404e-07,0.000199999,0
0.639534,0.482607,-1.49787,0.641913,0.486964,-1.49587,-0.00296624,-0.0211929,-0.034871,22.1781,0.000200002,-2.5615e-10,-3.47666e-07,-2.5615e-10,0.0002,4.14506e-08,-3.47666e-07,4.14506e-08,0.000199999,0
0.639013,0.483174,-1.49866,0.641972,0.487253,-1.49577,-0.00218708,-0.0202258,-0.0336576,22.0781,0.000200001,2.80931e-11,-1.64899e-07,2.80931e-11,0.0002,-1.34836e-07,-1.64899e-07,-1.34836e-07,0.000199999,0
0.638009,0.48358,-1.49894,0.641801,0.487106,-1.4953,-0.00129103,-0.0191203,-0.0329405,21.8859,0.0002,4.63903e-11,-4.51262e-08,4.63903e-11,0.000200001,-3.36193e-07,-4.51262e-08,-3.36193e-07,0.000199999,0
0.636867,0.483636,-1.49936,0.641817,0.487171,-1.49563,-3.30318e-05,-0.0182641,-0.0323599,21.8792,0.0002,-2.78966e-10,7.6233e-08,-2.78966e-10,0.000200002,-5.19924e-07,7.6233e-08,-5.19924e-07,0.000199999,0
0.635739,0.484473,-1.49963,0.641723,0.487898,-1.49531,0.00143871,-0.0170268,-0.0306321,21.8037,0.0002,-2.71993e-10,5.01975e-08,-2.71993e-10,0.000200003,-6.68708e-07,5.01975e-08,-6.68708e-07,0.000199999,0
0.634541,0.485825,-1.49995,0.641431,0.487505,-1.49484,0.00324125,-0.0166751,-0.0299462,21.7151,0.0002,3.99047e-10,-8.85476e-08,3.99047e-10,0.000200005,-8.01423e-07,-8.85476e-08,-8.01423e-07,0.000199999,0
0.630676,0.488383,-1.49937,0.627386,0.491902,-1.49104,0.0023763,-0.0158168,-0.0273743,20.5714,0.000200001,1.64706e-09,-2.73604e-07,1.64706e-09,0.000200006,-9.01537e-07,-2.73604e-07,-9.01537e-07,0.000199998,0
0.627275,0.491135,-1.49845,0.626218,0.492645,-1.48902,0.00227513,-0.0152652,-0.0254474,20.4789,0.000200002,3.3518e-09,-4.81394e-07,3.3518e-09,0.000200008,-9.77147e-07,-4.81394e-07,-9.77147e-07,0.000199997,0
0.624328,0.493531,-1.49726,0.625312,0.493759,-1.48743,0.00252843,-0.0152688,-0.0222613,20.4563,0.000200003,4.77328e-09,-6.10064e-07,4.77328e-09,0.000200009,-1.03241e-06,-6.10064e-07,-1.03241e-06,0.000199996,0
0.621711,0.495932,-1.49563,0.624491,0.49431,-1.48594,0.0033113,-0.015468,-0.0206316,20.6063,0.000200004,6.38434e-09,-7.52087e-07,6.38434e-09,0.00020001,-1.08292e-06,-7.52087e-07,-1.08292e-06,0.000199996,0
0.619387,0.497794,-1.49401,0.623364,0.494733,-1.48402,0.00428723,-0.0163063,-0.0180074,20.4787,0.000200005,7.48553e-09,-8.20135e-07,7.48553e-09,0.000200011,-1.11585e-06,-8.20135e-07,-1.11585e-06,0.000199995,0
0.615615,0.501739,-1.49598,0.610107,0.505702,-1.49973,0.00321524,-0.0151609,-0.0189765,21.7511,0.000200007,7.91005e-09,-9.02621e-07,7.91005e-09,0.00020001,-1.02096e-06,-9.02621e-07,-1.02096e-06,0.000199994,0
0.613179,0.504809,-1.49738,0.609621,0.506294,-1.49887,0.00227916,-0.0148908,-0.0193791,21.7465,0.000200007,7.27027e-09,-9.23066e-07,7.27027e-09,0.000200008,-8.51273e-07,-9.23066e-07,-8.51273e-07,0.000199994,0
0.611607,0.507531,-1.49857,0.608977,0.506424,-1.49828,0.00160736,-0.0150692,-0.0195707,21.7445,0.000200008,6.3685e-09,-9.74734e-07,6.3685e-09,0.000200005,-6.61273e-07,-9.74734e-07,-6.61273e-07,0.000199995,0
0.610732,0.509562,-1.49939,0.608514,0.50675,-1.49729,0.00113183,-0.0158377,-0.0183902,21.7757,0.000200008,4.97573e-09,-9.74094e-07,4.97573e-09,0.000200004,-4.6343e-07,-9.74094e-07,-4.6343e-07,0.000199995,0
0.610087,0.511392,-1.49988,0.60825,0.507147,-1.49679,0.000687297,-0.0169078,-0.0178815,21.7923,0.000200009,3.82143e-09,-9.93698e-07,3.82143e-09,0.000200002,-3.19192e-07,-9.93698e-07,-3.19192e-07,0.000199996,0
0.609891,0.512644,-1.50054,0.609002,0.50661,-1.49779,0.000591166,-0.0184561,-0.0175394,21.8024,0.000200009,2.72867e-09,-9.89361e-07,2.72867e-09,0.000200001,-1.99906e-07,-9.89361e-07,-1.99906e-07,0.000199996,0
0.609315,0.516561,-1.50428,0.606473,0.520193,-1.51196,-8.54005e-05,-0.0174395,-0.0192801,23.9302,0.000200009,1.85957e-09,-1.01807e-06,1.85957e-09,0.000200001,-1.11676e-07,-1.01807e-06,-1.11676e-07,0.000199996,0
0.608753,0.519382,-1.50686,0.606016,0.519977,-1.51151,-0.000747279,-0.0174179,-0.0208649,23.8736,0.000200009,1.19308e-09,-9.93602e-07,1.19308e-09,0.000200001,-5.62497e-08,-9.93602e-07,-5.62497e-08,0.000199996,0
0.608411,0.521958,-1.50892,0.605942,0.520096,-1.51174,-0.00128853,-0.0177419,-0.0209167,23.8793,0.00020001,5.89534e-10,-1.02514e-06,5.89534e-10,0.0002,-7.15741e-10,-1.02514e-06,-7.15741e-10,0.000199996,0
0.608083,0.523722,-1.51048,0.605834,0.519959,-1.51165,-0.00181705,-0.0187778,-0.0214762,23.8903,0.000200009,1.79745e-10,-1.00228e-06,1.79745e-10,0.0002,2.96774e-08,-1.00228e-06,2.96774e-08,0.000199996,0
0.607829,0.525429,-1.51178,0.605815,0.520582,-1.51129,-0.00227126,-0.019971,-0.0217798,23.9443,0.00020001,-1.32939e-10,-1.01497e-06,-1.32939e-10,0.0002,5.15185e-08,-1.01497e-06,5.15185e-08,0.000199996,0
0.607077,0.526575,-1.51261,0.60578,0.520395,-1.51151,-0.00262279,-0.0215246,-0.0206131,23.8509,0.000200009,2.19876e-10,-9.94163e-07,2.19876e-10,0.0002,-2.10942e-08,-9.94163e-07,-2.10942e-08,0.000199996,0
0.606835,0.529367,-1.51648,0.611853,0.533734,-1.52683,-0.00116484,-0.020633,-0.0234796,23.0056,0.000200008,1.23077e-09,-8.53652e-07,1.23077e-09,0.0002,-2.06555e-07,-8.53652e-07,-2.06555e-07,0.000199997,0
0.606088,0.531114,-1.51939,0.611711,0.533869,-1.52654,0.000187722,-0.0196857,-0.0253859,22.9542,0.000200006,2.05125e-09,-6.8157e-07,2.05125e-09,0.000200001,-4.0864e-07,-6.8157e-07,-4.0864e-07,0.000199997,0
0.605208,0.531603,-1.52176,0.611686,0.533521,-1.52677,0.0018079,-0.0191971,-0.0267576,22.9517,0.000200003,2.09075e-09,-4.37113e-07,2.09075e-09,0.000200002,-5.81894e-07,-4.37113e-07,-5.81894e-07,0.000199998,0
0.604407,0.531821,-1.52376,0.611913,0.533525,-1.52665,0.00370715,-0.0186792,-0.027755,23.0584,0.000200002,1.71237e-09,-2.53139e-07,1.71237e-09,0.000200004,-7.15268e-07,-2.53139e-07,-7.15268e-07,0.000199998,0
0.603616,0.531712,-1.52529,0.611691,0.533345,-1.52663,0.00571569,-0.0181876,-0.0282855,23.0285,0.000200001,1.03212e-09,-9.60979e-08,1.03212e-09,0.000200005,-8.17582e-07,-9.60979e-08,-8.17582e-07,0.000199998,0
0.601551,0.531369,-1.53109,0.604828,0.532606,-1.54825,0.0065507,-0.0177313,-0.0320863,25.2046,0.000200001,2.65102e-10,2.4592e-08,2.65102e-10,0.000200006,-8.92484e-07,2.4592e-08,-8.92484e-07,0.000199998,0
0.599932,0.530843,-1.53565,0.605326,0.531525,-1.54914,0.00783175,-0.0174573,-0.0356496,25.8063,0.000200001,-4.27782e-10,1.07002e-07,-4.27782e-10,0.000200007,-9.50827e-07,1.07002e-07,-9.50827e-07,0.000199997,0
0.598669,0.530337,-1.53941,0.605434,0.531433,-1.54938,0.00946858,-0.0170633,-0.0384115,25.7523,0.0002,-1.04765e-09,1.69827e-07,-1.04765e-09,0.000200008,-9.8648e-07,1.69827e-07,-9.8648e-07,0.000199997,0
0.597711,0.529898,-1.54245,0.605871,0.531185,-1.54986,0.0115112,-0.0166021,-0.0394521,25.9558,0.0002,-1.51362e-09,2.07095e-07,-1.51362e-09,0.000200009,-1.01482e-06,2.07095e-07,-1.01482e-06,0.000199997,0
0.596943,0.529578,-1.54489,0.605862,0.531427,-1.54986,0.0137426,-0.0160217,-0.0408855,25.7557,0.000200001,-1.87722e-09,2.33181e-07,-1.87722e-09,0.000200009,-1.03316e-06,2.33181e-07,-1.03316e-06,0.000199997,0
0.596327,0.529203,-1.54703,0.605966,0.531028,-1.5502,0.0161273,-0.0154968,-0.042028,25.806,0.000200001,-2.19024e-09,2.5577e-07,-2.19024e-09,0.00020001,-1.0484e-06,2.5577e-07,-1.0484e-06,0.000199996,0
0.592532,0.528262,-1.55034,0.58931,0.527596,-1.55913,0.0152316,-0.0155379,-0.0443375,26.9942,0.000200001,-2.37051e-09,2.64269e-07,-2.37051e-09,0.00020001,-1.05336e-06,2.64269e-07,-1.05336e-06,0.000199996,0
0.589335,0.527439,-1.55311,0.588674,0.527391,-1.5588,0.0150355,-0.0153606,-0.0451101,27.3649,0.000200001,-2.53268e-09,2.73553e-07,-2.53268e-09,0.00020001,-1.06189e-06,2.73553e-07,-1.06189e-06,0.000199996,0
0.586817,0.526874,-1.55518,0.588714,0.527674,-1.55837,0.015417,-0.0150261,-0.0461787,27.0164,0.000200001,-2.59696e-09,2.73261e-07,-2.59696e-09,0.00020001,-1.06262e-06,2.73261e-07,-1.06262e-06,0.000199996,0
0.584693,0.525663,-1.55668,0.588315,0.528339,-1.55821,0.0162929,-0.0144368,-0.0466763,26.8979,0.000200001,-3.6441e-09,4.15365e-07,-3.6441e-09,0.000200011,-1.068e-06,4.15365e-07,-1.068e-06,0.000199996,0
0.583108,0.524109,-1.55805,0.588704,0.527896,-1.5588,0.0175084,-0.0131907,-0.0470537,26.9041,0.000200003,-5.00818e-09,5.85602e-07,-5.00818e-09,0.000200011,-1.06568e-06,5.85602e-07,-1.06568e-06,0.000199995,0
0.581818,0.521877,-1.55901,0.588971,0.5273,-1.55936,0.0192175,-0.0117234,-0.0470133,27.3315,0.000200005,-7.09892e-09,8.3383e-07,-7.09892e-09,0.000200011,-1.07648e-06,8.3383e-07,-1.07648e-06,0.000199995,0
0.577599,0.517735,-1.56235,0.573638,0.515675,-1.57095,0.0178993,-0.0119646,-0.0493543,29.4236,0.000200008,-8.89001e-09,9.99172e-07,-8.89001e-09,0.000200011,-1.10093e-06,9.99172e-07,-1.10093e-06,0.000199994,0
0.574122,0.514318,-1.5657,0.573468,0.515884,-1.57048,0.0175225,-0.0113818,-0.0506963,29.4396,0.00020001,-1.05177e-08,1.1271e-06,-1.05177e-08,0.000200012,-1.12862e-06,1.1271e-06,-1.12862e-06,0.000199993,0
0.571387,0.512129,-1.56842,0.573428,0.515814,-1.57075,0.0177872,-0.0100707,-0.0504232,29.4438,0.000200011,-1.10182e-08,1.11903e-06,-1.10182e-08,0.000200012,-1.13801e-06,1.11903e-06,-1.13801e-06,0.000199992,0
0.569482,0.510853,-1.57046,0.573912,0.515608,-1.57131,0.0190815,-0.00904713,-0.051461,29.4288,0.00020001,-1.0518e-08,1.03117e-06,-1.0518e-08,0.000200012,-1.1144e-06,1.03117e-06,-1.1144e-06,0.000199992,0
0.567781,0.51084,-1.57087,0.573632,0.516218,-1.5706,0.020381,-0.00746012,-0.0508708,29.4828,0.000200007,-9.17041e-09,8.33443e-07,-9.17041e-09,0.000200012,-1.11821e-06,8.33443e-07,-1.11821e-06,0.000199993,0
0.566503,0.511089,-1.57106,0.57346,0.516079,-1.57025,0.0222031,-0.00601094,-0.051065,29.516,0.000200005,-7.66579e-09,6.60833e-07,-7.66579e-09,0.000200011,-1.10197e-06,6.60833e-07,-1.10197e-06,0.000199993,0
0.561753,0.508218,-1.57259,0.55495,0.499609,-1.57905,0.0204526,-0.00798249,-0.0525912,29.0607,0.000200004,-6.28677e-09,5.16441e-07,-6.28677e-09,0.000200011,-1.09494e-06,5.16441e-07,-1.09494e-06,0.000199994,0
0.557839,0.506239,-1.57366,0.554326,0.500294,-1.57797,0.0195395,-0.00926128,-0.0536598,29.0086,0.000200003,-5.03283e-09,3.94482e-07,-5.03283e-09,0.000200011,-1.08884e-06,3.94482e-07,-1.08884e-06,0.000199994,0
0.554719,0.504747,-1.57427,0.554215,0.500479,-1.57767,0.0193192,-0.0102528,-0.054265,29.0261,0.000200002,-4.02648e-09,3.07613e-07,-4.02648e-09,0.000200011,-1.07986e-06,3.07613e-07,-1.07986e-06,0.000199995,0
0.55212,0.503673,-1.57483,0.5538,0.500651,-1.57677,0.0198196,-0.0108269,-0.0548258,29.0632,0.000200001,-3.19722e-09,2.38039e-07,-3.19722e-09,0.000200011,-1.07752e-06,2.38039e-07,-1.07752e-06,0.000199995,0
0.549958,0.502812,-1.57514,0.553605,0.500958,-1.5761,0.0205584,-0.0111885,-0.0551408,29.1573,0.000200001,-2.67148e-09,2.03478e-07,-2.67148e-09,0.000200011,-1.0829e-06,2.03478e-07,-1.0829e-06,0.000199995,0
0.545745,0.501178,-1.57795,0.540713,0.496778,-1.58541,0.0192445,-0.0123216,-0.0569526,32.5261,0.000200001,-2.40842e-09,1.99691e-07,-2.40842e-09,0.000200011,-1.07119e-06,1.99691e-07,-1.07119e-06,0.000199996,0
0.542271,0.500109,-1.58023,0.540464,0.496937,-1.58522,0.0186714,-0.0126906,-0.0582268,32.4829,0.0002,-2.00919e-09,1.63774e-07,-2.00919e-09,0.000200011,-1.07213e-06,1.63774e-07,-1.07213e-06,0.000199996,0
0.539607,0.498923,-1.58211,0.540729,0.496868,-1.5849,0.0190066,-0.0131767,-0.059111,32.8613,0.0002,-2.05664e-09,1.91002e-07,-2.05664e-09,0.000200011,-1.06316e-06,1.91002e-07,-1.06316e-06,0.000199996,0
0.537308,0.498119,-1.58343,0.540052,0.496997,-1.58429,0.0196083,-0.0132806,-0.0594332,32.5117,0.0002,-1.98399e-09,1.88967e-07,-1.98399e-09,0.000200011,-1.06244e-06,1.88967e-07,-1.06244e-06,0.000199996,0
0.535386,0.497446,-1.58446,0.539691,0.497213,-1.58383,0.0206857,-0.0131536,-0.0594635,32.5355,0.0002,-2.01688e-09,1.99016e-07,-2.01688e-09,0.000200011,-1.06394e-06,1.99016e-07,-1.06394e-06,0.000199996,0
0.533889,0.49697,-1.58521,0.53985,0.497568,-1.58376,0.0220895,-0.0128303,-0.0582104,32.5805,0.0002,-2.05634e-09,2.06809e-07,-2.05634e-09,0.000200011,-1.0633e-06,2.06809e-07,-1.0633e-06,0.000199996,0
0.529335,0.495746,-1.58775,0.523121,0.493144,-1.59316,0.0205345,-0.0132537,-0.059751,36.6187,0.0002,-2.05402e-09,2.0635e-07,-2.05402e-09,0.000200011,-1.06458e-06,2.0635e-07,-1.06458e-06,0.000199996,0
0.525562,0.494769,-1.58947,0.522432,0.493301,-1.59189,0.0196624,-0.0135309,-0.0604673,36.6389,0.0002,-2.07962e-09,2.10245e-07,-2.07962e-09,0.000200011,-1.06396e-06,2.10245e-07,-1.06396e-06,0.000199996,0
0.522421,0.49398,-1.59069,0.521867,0.493205,-1.59082,0.019521,-0.0135199,-0.0606886,36.6167,0.0002,-2.08559e-09,2.10316e-07,-2.08559e-09,0.000200011,-1.06538e-06,2.10316e-07,-1.06538e-06,0.000199996,0
0.520167,0.493366,-1.5979,0.523106,0.493363,-1.59308,0.0202667,-0.0133341,-0.059896,36.5901,0.0002,-2.07789e-09,2.08861e-07,-2.07789e-09,0.000200011,-1.06526e-06,2.08861e-07,-1.06526e-06,0.000199996,0
0.518747,0.492542,-1.61222,0.525347,0.491563,-1.59779,0.0218473,-0.0134583,-0.0562224,36.5675,0.0002,-2.01406e-09,1.97645e-07,-2.01406e-09,0.000200011,-1.07642e-06,1.97645e-07,-1.07642e-06,0.000199996,0
0.517926,0.491578,-1.62413,0.527038,0.489704,-1.60132,0.0241258,-0.0137222,-0.0501335,36.4714,0.0002,-1.878e-09,1.77936e-07,-1.878e-09,0.000200011,-1.08741e-06,1.77936e-07,-1.08741e-06,0.000199996,0
0.513938,0.491,-1.64359,0.510593,0.490408,-1.64427,0.0232377,-0.0137999,-0.0505907,40.5374,0.0002,-1.74702e-09,1.61234e-07,-1.74702e-09,0.000200011,-1.10032e-06,1.61234e-07,-1.10032e-06,0.000199996,0
0.511516,0.4908,-1.65712,0.514436,0.491389,-1.63916,0.023916,-0.0135003,-0.0461176,33.6281,0.0002,-1.54291e-09,1.36404e-07,-1.54291e-09,0.000200011,-1.10876e-06,1.36404e-07,-1.10876e-06,0.000199996,9
0.509732,0.490594,-1.66101,0.515139,0.491338,-1.64005,0.025332,-0.013206,-0.0410066,33.5785,0.0002,-1.44571e-09,1.29124e-07,-1.44571e-09,0.000200011,-1.1119e-06,1.29124e-07,-1.1119e-06,0.000199996,9
0.508139,0.490513,-1.65848,0.514155,0.491662,-1.63824,0.0267394,-0.0128873,-0.0354849,33.9403,0.0002,-1.37031e-09,1.24329e-07,-1.37031e-09,0.000200011,-1.10855e-06,1.24329e-07,-1.10855e-06,0.000199996,9
0.506199,0.489832,-1.65765,0.510791,0.488696,-1.64957,0.0278992,-0.0130677,-0.0336517,38.4098,0.0002,-1.36441e-09,1.28033e-07,-1.36441e-09,0.000200011,-1.10501e-06,1.28033e-07,-1.10501e-06,0.000199996,9
0.500952,0.490218,-1.6632,0.492116,0.493092,-1.68059,0.0256524,-0.0121823,-0.0381979,34.1571,0.0002,-1.3404e-09,1.27941e-07,-1.3404e-09,0.000200011,-1.09561e-06,1.27941e-07,-1.09561e-06,0.000199996,15
0.496152,0.49039,-1.6684,0.489127,0.492564,-1.68505,0.0239518,-0.0115096,-0.0423972,39.5097,0.0002,-1.35799e-09,1.32566e-07,-1.35799e-09,0.000200011,-1.09048e-06,1.32566e-07,-1.09048e-06,0.000199996,4
0.492203,0.490603,-1.67244,0.488462,0.492702,-1.68447,0.0229028,-0.0108974,-0.0454409,39.1941,0.0002,-1.30993e-09,1.27062e-07,-1.30993e-09,0.000200011,-1.0834e-06,1.27062e-07,-1.0834e-06,0.000199996,4
0.488906,0.490729,-1.6755,0.487786,0.492569,-1.68359,0.0227058,-0.0102711,-0.047498,39.8704,0.0002,-1.28588e-09,1.25367e-07,-1.28588e-09,0.000200011,-1.07938e-06,1.25367e-07,-1.07938e-06,0.000199996,4
0.487401,0.491346,-1.67582,0.493434,0.49508,-1.67295,0.0241009,-0.00915398,-0.0468183,30.345,0.0002,-1.23577e-09,1.19717e-07,-1.23577e-09,0.000200011,-1.07658e-06,1.19717e-07,-1.07658e-06,0.000199996,16
0.486097,0.491839,-1.67597,0.492947,0.495182,-1.67244,0.0258973,-0.00826105,-0.0459713,30.3267,0.0002,-1.22066e-09,1.19361e-07,-1.22066e-09,0.000200011,-1.07517e-06,1.19361e-07,-1.07517e-06,0.000199996,16
0.482204,0.491887,-1.67798,0.478632,0.493244,-1.68219,0.0249042,-0.00771297,-0.0469803,31.0387,0.0002,-1.17406e-09,1.1421e-07,-1.17406e-09,0.000200011,-1.07203e-06,1.1421e-07,-1.07203e-06,0.000199996,17
0.479237,0.491047,-1.6872,0.479817,0.493119,-1.68213,0.0250373,-0.00735328,-0.0451951,28.3826,0.0002,-2.08267e-09,2.41673e-07,-2.08267e-09,0.000200011,-1.08641e-06,2.41673e-07,-1.08641e-06,0.000199996,18
0.477051,0.489616,-1.69987,0.481103,0.49165,-1.68547,0.0259507,-0.00648352,-0.0418672,29.4775,0.000200001,-3.35459e-09,3.92897e-07,-3.35459e-09,0.000200011,-1.10992e-06,3.92897e-07,-1.10992e-06,0.000199996,18
0.475451,0.487324,-1.71285,0.482717,0.490531,-1.68953,0.0277509,-0.0057765,-0.0358479,30.055,0.000200003,-5.56749e-09,6.33816e-07,-5.56749e-09,0.000200012,-1.15783e-06,6.33816e-07,-1.15783e-06,0.000199995,18
0.473166,0.484579,-1.72528,0.477891,0.486594,-1.70326,0.0287661,-0.00522093,-0.0302786,19.0407,0.000200005,-7.55421e-09,8.08022e-07,-7.55421e-09,0.000200013,-1.19547e-06,8.08022e-07,-1.19547e-06,0.000199994,34
0.471414,0.481342,-1.73868,0.478833,0.482928,-1.71645,0.0306142,-0.00485812,-0.0246813,38.013,0.000200007,-9.61696e-09,9.67782e-07,-9.61696e-09,0.000200014,-1.23965e-06,9.67782e-07,-1.23965e-06,0.000199993,36
0.465688,0.479036,-1.75775,0.457414,0.484025,-1.76155,0.0284881,-0.00346418,-0.0257515,22.5295,0.000200009,-1.11978e-08,1.06666e-06,-1.11978e-08,0.000200014,-1.26883e-06,1.06666e-06,-1.26883e-06,0.000199992,39
0.461398,0.47684,-1.7746,0.459375,0.482946,-1.76604,0.0278981,-0.00196049,-0.0235973,22.3693,0.000200011,-1.26812e-08,1.14763e-06,-1.26812e-08,0.000200015,-1.30723e-06,1.14763e-06,-1.30723e-06,0.000199991,39
0.458337,0.474929,-1.78809,0.461076,0.481682,-1.7709,0.0285371,-0.000171182,-0.0200881,22.6608,0.000200012,-1.36167e-08,1.18189e-06,-1.36167e-08,0.000200016,-1.3281e-06,1.18189e-06,-1.3281e-06,0.00019999,39
0.455405,0.473844,-1.80288,0.458119,0.480104,-1.7855,0.0293046,0.00164446,-0.0158804,22.7247,0.000200011,-1.30799e-08,1.08193e-06,-1.30799e-08,0.000200016,-1.3222e-06,1.08193e-06,-1.3222e-06,0.00019999,40
0.453313,0.473592,-1.80838,0.458893,0.480029,-1.7872,0.0307128,0.00309192,-0.0103838,23.0973,0.000200009,-1.16385e-08,9.20351e-07,-1.16385e-08,0.000200016,-1.29885e-06,9.20351e-07,-1.29885e-06,0.000199991,40
0.451609,0.474317,-1.80522,0.457887,0.480753,-1.78428,0.0323093,0.00471661,-0.00421924,23.0892,0.000200006,-9.34854e-09,6.96086e-07,-9.34854e-09,0.000200015,-1.25328e-06,6.96086e-07,-1.25328e-06,0.000199991,40
0.444714,0.472851,-1.81128,0.429919,0.468834,-1.83043,0.0285145,0.00375081,-0.0092808,21.1467,0.000200004,-7.22839e-09,5.08698e-07,-7.22839e-09,0.000200014,-1.20927e-06,5.08698e-07,-1.20927e-06,0.000199992,44
0.439175,0.471839,-1.81577,0.429481,0.468796,-1.83056,0.0260754,0.00293891,-0.0127708,21.4216,0.000200003,-5.43242e-09,3.60874e-07,-5.43242e-09,0.000200013,-1.17164e-06,3.60874e-07,-1.17164e-06,0.000199993,44
0.434726,0.47124,-1.81928,0.42912,0.468794,-1.83015,0.0247262,0.00244025,-0.0162787,15.8943,0.000200002,-3.8546e-09,2.31472e-07,-3.8546e-09,0.000200013,-1.13943e-06,2.31472e-07,-1.13943e-06,0.000199994,46
0.43111,0.470793,-1.82206,0.428826,0.468931,-1.83001,0.0241097,0.00199286,-0.0180584,15.8787,0.000200001,-2.7044e-09,1.4729e-07,-2.7044e-09,0.000200012,-1.11882e-06,1.4729e-07,-1.11882e-06,0.000199995,47
0.428339,0.470453,-1.83017,0.429223,0.468653,-1.83088,0.0243391,0.00165316,-0.0181704,15.8631,0.000200001,-1.76063e-09,7.72627e-08,-1.76063e-09,0.000200012,-1.09883e-06,7.72627e-08,-1.09883e-06,0.000199995,46
0.424476,0.470011,-1.84968,0.421177,0.467333,-1.85696,0.0234763,0.00101063,-0.0196835,16.9213,0.0002,-9.6325e-10,1.50956e-08,-9.6325e-10,0.000200011,-1.09152e-06,1.50956e-08,-1.09152e-06,0.000199995,47
0.421758,0.469525,-1.86588,0.423164,0.466255,-1.86114,0.0238579,0.000224664,-0.0188761,17.8452,0.0002,-2.72906e-10,-4.06345e-08,-2.72906e-10,0.000200011,-1.09064e-06,-4.06345e-08,-1.09064e-06,0.000199996,47
0.41938,0.468945,-1.88131,0.422168,0.464925,-1.86785,0.0245795,-0.000755291,-0.0153141,17.4893,0.0002,3.32678e-10,-9.07267e-08,3.32678e-10,0.000200011,-1.09026e-06,-9.07267e-08,-1.09026e-06,0.000199996,44
0.417899,0.468302,-1.89364,0.424261,0.4639,-1.87155,0.0260992,-0.00189807,-0.0106435,17.9026,0.0002,8.14491e-10,-1.2846e-07,8.14491e-10,0.000200011,-1.08905e-06,-1.2846e-07,-1.08905e-06,0.000199996,44
0.417129,0.467635,-1.90526,0.426419,0.463,-1.87649,0.0284292,-0.00306452,-0.00325673,18.4811,0.0002,1.21106e-09,-1.58941e-07,1.21106e-09,0.000200011,-1.0905e-06,-1.58941e-07,-1.0905e-06,0.000199996,44
0.414739,0.46657,-1.91607,0.417523,0.460014,-1.88889,0.029139,-0.00473041,0.00392852,42.6764,0.0002,1.56526e-09,-1.87923e-07,1.56526e-09,0.000200011,-1.09045e-06,-1.87923e-07,-1.09045e-06,0.000199996,43
0.41245,0.466293,-1.93038,0.415426,0.462696,-1.95271,0.0298505,-0.0056072,-0.0023794,33.3086,0.0002,1.76091e-09,-1.98484e-07,1.76091e-09,0.000200011,-1.08623e-06,-1.98484e-07,-1.08623e-06,0.000199996,39
0.410925,0.465942,-1.93729,0.416759,0.462074,-1.95605,0.0313249,-0.00655831,-0.00628808,33.622,0.0002,1.87055e-09,-2.02676e-07,1.87055e-09,0.000200011,-1.07774e-06,-2.02676e-07,-1.07774e-06,0.000199996,39
0.409654,0.465493,-1.94267,0.416364,0.461262,-1.96074,0.0330544,-0.00760747,-0.0106723,19.6583,0.0002,1.92806e-09,-2.04064e-07,1.92806e-09,0.000200011,-1.06773e-06,-2.04064e-07,-1.06773e-06,0.000199996,45
0.40876,0.465128,-1.94702,0.416798,0.461202,-1.96187,0.0350603,-0.00847242,-0.0150176,19.8685,0.0002,1.96805e-09,-2.06623e-07,1.96805e-09,0.000200011,-1.05556e-06,-2.06623e-07,-1.05556e-06,0.000199996,45
0.408139,0.464804,-1.95094,0.4174,0.461068,-1.96345,0.0373391,-0.00939608,-0.0179373,19.4428,0.0002,1.99758e-09,-2.08025e-07,1.99758e-09,0.00020001,-1.05184e-06,-2.08025e-07,-1.05184e-06,0.000199996,45
0.407437,0.464307,-1.95643,0.416257,0.459825,-1.97587,0.0395371,-0.0103934,-0.0224282,22.1798,0.0002,2.01346e-09,-2.09072e-07,2.01346e-09,0.00020001,-1.04602e-06,-2.09072e-07,-1.04602e-06,0.000199996,49
0.401881,0.466126,-1.97057,0.391238,0.470793,-1.98333,0.0369808,-0.0091739,-0.0255739,14.778,0.0002,2.0815e-09,-2.18766e-07,2.0815e-09,0.00020001,-1.03973e-06,-2.18766e-07,-1.03973e-06,0.000199996,48
0.39802,0.467523,-1.98713,0.394291,0.470232,-1.98794,0.0360196,-0.00837699,-0.0261302,13.285,0.0002,2.2272e-09,-2.38054e-07,2.2272e-09,0.00020001,-1.03882e-06,-2.38054e-07,-1.03882e-06,0.000199996,45
0.395186,0.468611,-2.00282,0.395733,0.469879,-1.99192,0.0361862,-0.00808941,-0.0238209,13.3703,0.000200001,2.41427e-09,-2.60201e-07,2.41427e-09,0.00020001,-1.04252e-06,-2.60201e-07,-1.04252e-06,0.000199996,45
0.393263,0.469425,-2.01546,0.397355,0.46921,-1.99522,0.0371629,-0.00807539,-0.0184623,13.8246,0.000200001,2.64761e-09,-2.8842e-07,2.64761e-09,0.00020001,-1.04107e-06,-2.8842e-07,-1.04107e-06,0.000199996,45
0.390647,0.469727,-2.02936,0.392162,0.467314,-2.01036,0.0375473,-0.00867319,-0.0143613,26.1537,0.000200001,2.87236e-09,-3.11549e-07,2.87236e-09,0.00020001,-1.04606e-06,-3.11549e-07,-1.04606e-06,0.000199996,38
0.387243,0.470957,-2.05258,0.38525,0.471742,-2.07562,0.0370427,-0.00844348,-0.0195828,37.2636,0.000200001,3.07228e-09,-3.33365e-07,3.07228e-09,0.00020001,-1.04073e-06,-3.33365e-07,-1.04073e-06,0.000199996,56
0.385108,0.471994,-2.07331,0.388273,0.471886,-2.08129,0.0379081,-0.00840553,-0.0223099,28.5205,0.000200001,3.27575e-09,-3.55026e-07,3.27575e-09,0.00020001,-1.03855e-06,-3.55026e-07,-1.03855e-06,0.000199996,51
0.383858,0.472622,-2.08996,0.390447,0.470608,-2.08673,0.0395583,-0.0087783,-0.020963,29.3034,0.000200001,3.48541e-09,-3.79063e-07,3.48541e-09,0.00020001,-1.03263e-06,-3.79063e-07,-1.03263e-06,0.000199996,51
0.383027,0.473079,-2.09675,0.391288,0.470552,-2.08899,0.0416266,-0.00942104,-0.0197534,28.761,0.000200001,3.59237e-09,-3.86822e-07,3.59237e-09,0.00020001,-1.02983e-06,-3.86822e-07,-1.02983e-06,0.000199996,51
0.382227,0.473784,-2.09799,0.390248,0.472207,-2.09466,0.0436274,-0.00981637,-0.0189875,51.821,0.000200001,3.62606e-09,-3.89629e-07,3.62606e-09,0.00020001,-1.01749e-06,-3.89629e-07,-1.01749e-06,0.000199996,46
0.381529,0.474311,-2.09768,0.389963,0.472251,-2.0939,0.0457289,-0.0102891,-0.0176789,51.8608,0.000200001,3.59599e-09,-3.83762e-07,3.59599e-09,0.00020001,-1.01011e-06,-3.83762e-07,-1.01011e-06,0.000199996,46
0.37604,0.47688,-2.10695,0.36511,0.48287,-2.14242,0.0430398,-0.00862003,-0.0259461,27.4915,0.000200001,3.5317e-09,-3.75771e-07,3.5317e-09,0.000200009,-1.0019e-06,-3.75771e-07,-1.0019e-06,0.000199996,68
0.371906,0.478926,-2.1146,0.366301,0.482745,-2.14328,0.0417057,-0.00757438,-0.0335951,28.8492,0.000200001,3.49666e-09,-3.74566e-07,3.49666e-09,0.000200009,-9.93084e-07,-3.74566e-07,-9.93084e-07,0.000199996,63
0.368949,0.480619,-2.12745,0.368145,0.482558,-2.14775,0.0414487,-0.00688138,-0.0384504,29.6657,0.000200001,3.59817e-09,-3.93087e-07,3.59817e-09,0.000200009,-9.88743e-07,-3.93087e-07,-9.88743e-07,0.000199996,63
0.367322,0.481776,-2.14663,0.371506,0.481832,-2.15352,0.0426221,-0.00692361,-0.0406348,35.8529,0.000200001,3.62951e-09,-4.0261e-07,3.62951e-09,0.000200009,-9.72836e-07,-4.0261e-07,-9.72836e-07,0.000199996,57
0.366541,0.482754,-2.16312,0.374569,0.481288,-2.15951,0.0446409,-0.00714642,-0.0391185,36.2348,0.000200002,3.86567e-09,-4.36497e-07,3.86567e-09,0.000200009,-9.76116e-07,-4.36497e-07,-9.76116e-07,0.000199996,57
0.366445,0.483561,-2.17832,0.376975,0.481025,-2.16512,0.0473451,-0.00763933,-0.0363167,36.1623,0.000200002,4.11732e-09,-4.7274e-07,4.11732e-09,0.000200009,-9.69158e-07,-4.7274e-07,-9.69158e-07,0.000199996,57
0.362108,0.485049,-2.19513,0.355585,0.485471,-2.22049,0.0457083,-0.00745143,-0.0421298,43.3184,0.000200002,4.20444e-09,-4.78218e-07,4.20444e-09,0.000200009,-9.67218e-07,-4.78218e-07,-9.67218e-07,0.000199996,64
0.359194,0.487488,-2.20095,0.358088,0.491485,-2.21596,0.0454941,-0.00631228,-0.0459503,32.429,0.000200002,4.27888e-09,-4.88151e-07,4.27888e-09,0.000200009,-9.57741e-07,-4.88151e-07,-9.57741e-07,0.000199996,67
0.356843,0.489349,-2.20449,0.357972,0.491452,-2.21579,0.0458428,-0.00565148,-0.0494925,32.4526,0.000200002,4.24679e-09,-4.81384e-07,4.24679e-09,0.000200009,-9.51014e-07,-4.81384e-07,-9.51014e-07,0.000199996,67
0.355059,0.490841,-2.20696,0.358363,0.491512,-2.21523,0.046759,-0.00535945,-0.0509611,37.356,0.000200002,4.20081e-09,-4.76126e-07,4.20081e-09,0.000200008,-9.43421e-07,-4.76126e-07,-9.43421e-07,0.000199996,60
0.353637,0.49207,-2.20899,0.358253,0.491506,-2.2155,0.0479368,-0.00532982,-0.0529888,37.4965,0.000200002,4.18781e-09,-4.79061e-07,4.18781e-09,0.000200008,-9.341e-07,-4.79061e-07,-9.341e-07,0.000199996,60
0.352512,0.493002,-2.21061,0.358501,0.491493,-2.21552,0.0495117,-0.00559774,-0.0536146,37.4495,0.000200002,4.14956e-09,-4.7341e-07,4.14956e-09,0.000200008,-9.33866e-07,-4.7341e-07,-9.33866e-07,0.000199996,60
0.348682,0.495405,-2.22192,0.34353,0.499587,-2.23667,0.0482825,-0.00439488,-0.057922,21.8738,0.000200002,4.12717e-09,-4.76468e-07,4.12717e-09,0.000200008,-9.23023e-07,-4.76468e-07,-9.23023e-07,0.000199996,68
0.346075,0.497285,-2.24006,0.346184,0.499155,-2.24338,0.0483747,-0.00371455,-0.0590576,22.6463,0.000200002,4.21504e-09,-4.90982e-07,4.21504e-09,0.000200008,-9.25164e-07,-4.90982e-07,-9.25164e-07,0.000199996,68
0.344593,0.498906,-2.25546,0.349007,0.499358,-2.24941,0.0495926,-0.00349406,-0.057457,22.9676,0.000200002,4.34337e-09,-5.13835e-07,4.34337e-09,0.000200008,-9.19107e-07,-5.13835e-07,-9.19107e-07,0.000199996,68
0.343759,0.500554,-2.27008,0.350865,0.500873,-2.25521,0.0513585,-0.00324617,-0.0540801,26.2434,0.000200003,4.50821e-09,-5.38335e-07,4.50821e-09,0.000200008,-9.17018e-07,-5.38335e-07,-9.17018e-07,0.000199996,64
0.343445,0.501845,-2.2818,0.352427,0.500542,-2.25945,0.0537454,-0.00345469,-0.047801,26.6786,0.000200003,4.65023e-09,-5.61196e-07,4.65023e-09,0.000200008,-9.08168e-07,-5.61196e-07,-9.08168e-07,0.000199996,64
0.336799,0.501211,-2.28691,0.320475,0.492272,-2.27349,0.0496994,-0.00568899,-0.0449104,29.9541,0.000200003,4.73051e-09,-5.6924e-07,4.73051e-09,0.000200008,-9.06198e-07,-5.6924e-07,-9.06198e-07,0.000199996,71
0.331166,0.501007,-2.28476,0.318709,0.493812,-2.26928,0.0465655,-0.0072932,-0.0407635,29.7308,0.000200003,4.75514e-09,-5.7178e-07,4.75514e-09,0.000200008,-9.00317e-07,-5.7178e-07,-9.00317e-07,0.000199996,71
0.326272,0.501192,-2.28108,0.316698,0.495879,-2.26419,0.044272,-0.00860775,-0.0370805,28.9882,0.000200003,4.69911e-09,-5.62904e-07,4.69911e-09,0.000200008,-8.94162e-07,-5.62904e-07,-8.94162e-07,0.000199996,71
0.322911,0.50158,-2.28057,0.319444,0.497037,-2.27698,0.0434114,-0.00962016,-0.0355695,44.0276,0.000200003,4.64778e-09,-5.56e-07,4.64778e-09,0.000200007,-8.90977e-07,-5.56e-07,-8.90977e-07,0.000199996,64
0.320021,0.502053,-2.27969,0.318437,0.497941,-2.27491,0.0431212,-0.0106466,-0.0346861,44.0893,0.000200003,4.59181e-09,-5.48994e-07,4.59181e-09,0.000200007,-8.88873e-07,-5.48994e-07,-8.88873e-07,0.000199996,64
0.318745,0.503548,-2.28144,0.323436,0.50346,-2.28717,0.0443449,-0.0105518,-0.036439,49.5027,0.000200003,4.53264e-09,-5.44595e-07,4.53264e-09,0.000200007,-8.82898e-07,-5.44595e-07,-8.82898e-07,0.000199996,60
0.310149,0.504077,-2.27698,0.285714,0.500174,-2.25863,0.0382489,-0.0114227,-0.0309834,2.75254,0.000200003,4.5116e-09,-5.445e-07,4.5116e-09,0.000200007,-8.81345e-07,-5.445e-07,-8.81345e-07,0.000199996,77
0.30299,0.504947,-2.27281,0.284243,0.502592,-2.25462,0.0335903,-0.0119529,-0.0268126,2.60559,0.000200003,4.45596e-09,-5.38496e-07,4.45596e-09,0.000200007,-8.78397e-07,-5.38496e-07,-8.78397e-07,0.000199996,77
0.297076,0.506363,-2.26877,0.283406,0.506154,-2.25234,0.0301761,-0.0120374,-0.0227724,3.70592,0.000200003,4.43022e-09,-5.35438e-07,4.43022e-09,0.000200007,-8.79959e-07,-5.35438e-07,-8.79959e-07,0.000199996,75
0.291763,0.507346,-2.26518,0.282337,0.507877,-2.24957,0.027663,-0.0119536,-0.0191821,3.6748,0.000200002,4.13296e-09,-4.54697e-07,4.13296e-09,0.000200008,-9.4013e-07,-4.54697e-07,-9.4013e-07,0.000199996,75
0.286783,0.507696,-2.26175,0.281486,0.508936,-2.2474,0.0264827,-0.0115042,-0.0147532,3.70569,0.000200001,3.37572e-09,-2.99191e-07,3.37572e-09,0.00020001,-1.0688e-06,-2.99191e-07,-1.0688e-06,0.000199996,75
0.282518,0.507739,-2.2594,0.282052,0.509932,-2.24965,0.0263178,-0.0108614,-0.0123996,5.03165,0.000200001,2.16685e-09,-1.29162e-07,2.16685e-09,0.000200012,-1.21475e-06,-1.29162e-07,-1.21475e-06,0.000199996,72
0.275549,0.507811,-2.25769,0.266129,0.511843,-2.25016,0.0239491,-0.00988948,-0.0106851,3.43052,0.0002,5.70135e-10,3.50354e-08,5.70135e-10,0.000200015,-1.36804e-06,3.50354e-08,-1.36804e-06,0.000199995,76
0.269831,0.508274,-2.25609,0.265411,0.513081,-2.24838,0.0229313,-0.00852574,-0.00908787,3.41537,0.0002,-5.8306e-10,1.14459e-07,-5.8306e-10,0.000200018,-1.46615e-06,1.14459e-07,-1.46615e-06,0.000199994,76
0.264893,0.508571,-2.25444,0.265041,0.514019,-2.24714,0.0228929,-0.00722935,-0.00743597,3.29146,0.0002,-1.97933e-09,2.07284e-07,-1.97933e-09,0.000200021,-1.57545e-06,2.07284e-07,-1.57545e-06,0.000199993,76
0.260945,0.509205,-2.2529,0.264455,0.51515,-2.24546,0.0237447,-0.00559494,-0.00490486,3.246,0.000200001,-2.77385e-09,2.39112e-07,-2.77385e-09,0.000200023,-1.62633e-06,2.39112e-07,-1.62633e-06,0.000199992,76
0.257552,0.509577,-2.25151,0.264157,0.515492,-2.24494,0.0254518,-0.00422336,-0.00351149,5.72215,0.000200001,-3.76807e-09,2.92418e-07,-3.76807e-09,0.000200025,-1.68686e-06,2.92418e-07,-1.68686e-06,0.000199991,73
0.250193,0.509429,-2.25014,0.240387,0.512706,-2.24396,0.0229933,-0.003371,-0.00213822,7.15183,0.000200001,-4.29363e-09,3.08722e-07,-4.29363e-09,0.000200026,-1.708e-06,3.08722e-07,-1.708e-06,0.000199991,78
0.244052,0.509435,-2.2488,0.23974,0.513804,-2.24212,0.0218519,-0.00226532,-0.000800462,7.12242,0.000200001,-4.88013e-09,3.34168e-07,-4.88013e-09,0.000200027,-1.74165e-06,3.34168e-07,-1.74165e-06,0.00019999,78
0.239517,0.509855,-2.2476,0.239179,0.513371,-2.24151,0.0219171,-0.00124452,0.00139633,5.88381,0.000200001,-4.24897e-09,2.70285e-07,-4.24897e-09,0.000200026,-1.68458e-06,2.70285e-07,-1.68458e-06,0.00019999,78
0.236274,0.510768,-2.24658,0.238842,0.514128,-2.24055,0.022474,-0.000532211,0.00241952,5.94595,0.0002,-2.93337e-09,1.61614e-07,-2.93337e-09,0.000200024,-1.57555e-06,1.61614e-07,-1.57555e-06,0.00019999,78
0.234127,0.512057,-2.24552,0.238541,0.514609,-2.24,0.0235269,5.71727e-05,0.00347798,6.00906,0.0002,-1.23409e-09,1.83572e-08,-1.23409e-09,0.000200021,-1.42437e-06,1.83572e-08,-1.42437e-06,0.000199991,78
0.2326,0.513272,-2.24495,0.238155,0.51401,-2.24138,0.025,0.000272473,0.00504947,10.4353,0.0002,3.1602e-10,-1.21239e-07,3.1602e-10,0.000200018,-1.28465e-06,-1.21239e-07,-1.28465e-06,0.000199992,76
0.226805,0.51387,-2.24503,0.214773,0.511993,-2.24349,0.0219046,-0.000330009,0.00496614,4.98825,0.0002,1.36466e-09,-2.1468e-07,1.36466e-09,0.000200015,-1.17881e-06,-2.1468e-07,-1.17881e-06,0.000199993,78
0.227144,0.519046,-2.25594,0.238778,0.534109,-2.29847,0.0249441,0.00354612,-0.00593719,26.1971,0.000200001,2.26352e-09,-3.08715e-07,2.26352e-09,0.000200013,-1.08586e-06,-3.08715e-07,-1.08586e-06,0.000199994,59
0.227981,0.52343,-2.26576,0.241458,0.535325,-2.304,0.0282812,0.00663045,-0.014761,25.7567,0.000200001,2.85952e-09,-3.70347e-07,2.85952e-09,0.000200011,-1.02186e-06,-3.70347e-07,-1.02186e-06,0.000199995,59
0.229287,0.527283,-2.27494,0.244302,0.536727,-2.3103,0.0320869,0.00898266,-0.0239419,25.4531,0.000200001,3.30019e-09,-4.21077e-07,3.30019e-09,0.00020001,-9.70232e-07,-4.21077e-07,-9.70232e-07,0.000199995,59
0.225461,0.525933,-2.27136,0.219963,0.5147,-2.25646,0.030761,0.00633272,-0.0203563,8.97845,0.000200002,3.61605e-09,-4.58983e-07,3.61605e-09,0.000200009,-9.33316e-07,-4.58983e-07,-9.33316e-07,0.000199996,74
0.222253,0.524887,-2.26827,0.219178,0.514815,-2.25473,0.0299531,0.00378705,-0.017271,9.03808,0.000200002,3.83261e-09,-4.84773e-07,3.83261e-09,0.000200008,-9.08144e-07,-4.84773e-07,-9.08144e-07,0.000199996,74
0.216061,0.52432,-2.25849,0.200911,0.516166,-2.24741,0.0262609,0.00182038,-0.0134932,25.3933,0.000200002,3.95307e-09,-4.98495e-07,3.95307e-09,0.000200008,-8.8921e-07,-4.98495e-07,-8.8921e-07,0.000199996,45
0.211021,0.523968,-2.24306,0.200694,0.516173,-2.24714,0.0236215,-0.000131741,-0.0150627,25.4749,0.000200002,4.12516e-09,-5.1751e-07,4.12516e-09,0.000200008,-8.87355e-07,-5.1751e-07,-8.87355e-07,0.000199996,45
0.207032,0.523739,-2.23066,0.200619,0.516178,-2.24716,0.0221318,-0.00186106,-0.0186614,25.4953,0.000200003,4.25982e-09,-5.3582e-07,4.25982e-09,0.000200008,-8.7852e-07,-5.3582e-07,-8.7852e-07,0.000199996,45
0.203229,0.523965,-2.21982,0.197711,0.518077,-2.24634,0.0208291,-0.00323462,-0.0258179,3.85098,0.000200003,4.39358e-09,-5.50176e-07,4.39358e-09,0.000200007,-8.78982e-07,-5.50176e-07,-8.78982e-07,0.000199996,79
0.200179,0.524197,-2.21141,0.197648,0.518307,-2.24576,0.0202787,-0.00460313,-0.0334103,3.91965,0.000200003,4.48938e-09,-5.58814e-07,4.48938e-09,0.000200007,-8.79398e-07,-5.58814e-07,-8.79398e-07,0.000199996,79
0.197707,0.524474,-2.20409,0.19748,0.518577,-2.24533,0.0203074,-0.00592611,-0.0440916,3.87277,0.000200003,4.58775e-09,-5.68982e-07,4.58775e-09,0.000200007,-8.80313e-07,-5.68982e-07,-8.80313e-07,0.000199996,79
0.197716,0.529465,-2.20305,0.207292,0.542435,-2.2667,0.0228163,-0.00243496,-0.0600462,31.2667,0.000200003,4.63142e-09,-5.71396e-07,4.63142e-09,0.000200007,-8.79527e-07,-5.71396e-07,-8.79527e-07,0.000199996,57
0.197898,0.533513,-2.20198,0.208312,0.542726,-2.26874,0.0255985,0.000113311,-0.0769797,31.2309,0.000200003,4.67216e-09,-5.7154e-07,4.67216e-09,0.000200007,-8.84147e-07,-5.7154e-07,-8.84147e-07,0.000199996,57
0.194145,0.532856,-2.19309,0.188873,0.523438,-2.22525,0.0244451,-0.00194413,-0.0840941,30.3532,0.000200003,4.69429e-09,-5.7198e-07,4.69429e-09,0.000200007,-8.84772e-07,-5.7198e-07,-8.84772e-07,0.000199996,60
0.190988,0.532348,-2.1851,0.188158,0.523428,-2.22397,0.0238876,-0.00385218,-0.0940983,31.5514,0.000200003,4.72943e-09,-5.73899e-07,4.72943e-09,0.000200007,-8.88019e-07,-5.73899e-07,-8.88019e-07,0.000199996,59
0.188155,0.531727,-2.17852,0.186559,0.52263,-2.21988,0.0236551,-0.00587334,-0.10452,29.9151,0.000200003,4.69489e-09,-5.66162e-07,4.69489e-09,0.000200007,-8.87872e-07,-5.66162e-07,-8.87872e-07,0.000199996,60
0.191115,0.53824,-2.1701,0.212917,0.557643,-2.20768,0.029315,-0.00065983,-0.113103,29.4149,0.000200003,4.70022e-09,-5.62585e-07,4.70022e-09,0.000200007,-8.94922e-07,-5.62585e-07,-8.94922e-07,0.000199996,57
0.193523,0.543413,-2.1642,0.212902,0.557614,-2.20774,0.0344227,0.00321346,-0.124198,29.4011,0.000200003,4.64682e-09,-5.54618e-07,4.64682e-09,0.000200007,-8.92864e-07,-5.54618e-07,-8.92864e-07,0.000199996,57
0.195487,0.547526,-2.1589,0.213286,0.557392,-2.20807,0.0390868,0.00612618,-0.1369,29.4537,0.000200003,4.63893e-09,-5.51076e-07,4.63893e-09,0.000200008,-8.98551e-07,-5.51076e-07,-8.98551e-07,0.000199996,57
0.196869,0.550243,-2.15687,0.212251,0.554579,-2.2166,0.0431687,0.00774327,-0.151868,35.4669,0.000200003,4.60679e-09,-5.45442e-07,4.60679e-09,0.000200008,-9.00239e-07,-5.45442e-07,-9.00239e-07,0.000199996,51
0.198012,0.552438,-2.1548,0.212448,0.554691,-2.21694,0.0470125,0.0087381,-0.166797,35.4748,0.000200003,4.5787e-09,-5.40969e-07,4.5787e-09,0.000200008,-9.01832e-07,-5.40969e-07,-9.01832e-07,0.000199996,51
0.198946,0.553977,-2.15592,0.212435,0.553635,-2.22704,0.0507457,0.00927681,-0.184921,41.5784,0.000200003,4.53518e-09,-5.35913e-07,4.53518e-09,0.000200008,-9.00196e-07,-5.35913e-07,-9.00196e-07,0.000199996,42
0.198789,0.557845,-2.13649,0.208411,0.567222,-2.12915,0.0533892,0.0120449,-0.182488,29.2727,0.000200003,4.53331e-09,-5.33521e-07,4.53331e-09,0.000200008,-9.06685e-07,-5.33521e-07,-9.06685e-07,0.000199996,54
0.198495,0.561,-2.12112,0.207421,0.567602,-2.12657,0.0557951,0.0142997,-0.184119,29.2402,0.000200003,4.49431e-09,-5.27514e-07,4.49431e-09,0.000200008,-9.07299e-07,-5.27514e-07,-9.07299e-07,0.000199996,54
0.197907,0.562977,-2.10922,0.205765,0.564943,-2.13209,0.0580069,0.0152767,-0.190224,31.7454,0.000200003,4.44686e-09,-5.17732e-07,4.44686e-09,0.000200008,-9.13001e-07,-5.17732e-07,-9.13001e-07,0.000199996,52
0.197109,0.564582,-2.10012,0.204066,0.565267,-2.13067,0.0600093,0.0160821,-0.197121,30.8855,0.000200002,4.35858e-09,-5.03778e-07,4.35858e-09,0.000200008,-9.15037e-07,-5.03778e-07,-9.15037e-07,0.000199996,53
0.196254,0.565963,-2.09192,0.203215,0.565622,-2.12894,0.0620542,0.0165625,-0.206919,30.9466,0.000200002,4.33154e-09,-4.97244e-07,4.33154e-09,0.000200008,-9.24602e-07,-4.97244e-07,-9.24602e-07,0.000199996,53
0.196031,0.566821,-2.08838,0.205333,0.564493,-2.14151,0.0646308,0.0166212,-0.21938,36.0221,0.000200002,4.26194e-09,-4.87203e-07,4.26194e-09,0.000200008,-9.26077e-07,-4.87203e-07,-9.26077e-07,0.000199996,43
0.193957,0.570127,-2.06422,0.19621,0.578036,-2.03737,0.0653566,0.0192273,-0.213219,24.8498,0.000200002,4.2218e-09,-4.81012e-07,4.2218e-09,0.000200008,-9.3071e-07,-4.81012e-07,-9.3071e-07,0.000199996,54
0.192262,0.572354,-2.04624,0.195777,0.575813,-2.04256,0.066562,0.020754,-0.212242,25.0992,0.000200002,4.17439e-09,-4.77214e-07,4.17439e-09,0.000200008,-9.27602e-07,-4.77214e-07,-9.27602e-07,0.000199996,53
0.190663,0.573959,-2.03094,0.19538,0.575591,-2.04177,0.0678625,0.0216588,-0.214938,25.1919,0.000200002,4.06979e-09,-4.50055e-07,4.06979e-09,0.000200008,-9.52996e-07,-4.50055e-07,-9.52996e-07,0.000199996,53
0.189397,0.5754,-2.0193,0.194757,0.575845,-2.04004,0.0693966,0.0224996,-0.220301,25.1048,0.000200002,4.02339e-09,-4.4861e-07,4.02339e-09,0.000200008,-9.48086e-07,-4.4861e-07,-9.48086e-07,0.000199996,53
0.188282,0.576459,-2.00916,0.194375,0.575878,-2.03908,0.0711821,0.0229595,-0.227163,25.1623,0.000200002,3.89137e-09,-4.29679e-07,3.89137e-09,0.000200008,-9.49507e-07,-4.29679e-07,-9.49507e-07,0.000199996,53
0.184535,0.578903,-1.98158,0.180477,0.584453,-1.93787,0.0703349,0.0250028,-0.216576,25.6689,0.000200002,3.77469e-09,-4.12697e-07,3.77469e-09,0.000200008,-9.5621e-07,-4.12697e-07,-9.5621e-07,0.000199996,53
0.181401,0.580931,-1.95851,0.179775,0.584799,-1.93607,0.0701012,0.0265309,-0.210509,25.565,0.000200002,3.66584e-09,-3.98169e-07,3.66584e-09,0.000200009,-9.61659e-07,-3.98169e-07,-9.61659e-07,0.000199996,53
0.179044,0.58201,-1.94211,0.180578,0.582365,-1.94222,0.0706441,0.0272098,-0.211108,25.0905,0.000200001,3.50859e-09,-3.7576e-07,3.50859e-09,0.000200009,-9.68281e-07,-3.7576e-07,-9.68281e-07,0.000199996,52
0.177047,0.582961,-1.92792,0.180183,0.582799,-1.94103,0.0715466,0.0278611,-0.213924,25.061,0.000200001,3.38468e-09,-3.58615e-07,3.38468e-09,0.000200009,-9.78772e-07,-3.58615e-07,-9.78772e-07,0.000199996,52
0.175375,0.583706,-1.91692,0.179652,0.582893,-1.93955,0.0726753,0.028306,-0.219916,25.0151,0.000200001,3.23457e-09,-3.4055e-07,3.23457e-09,0.000200009,-9.80621e-07,-3.4055e-07,-9.80621e-07,0.000199996,52
0.174104,0.584108,-1.90908,0.180094,0.581914,-1.94696,0.0743944,0.028508,-0.229082,29.9399,0.000200001,3.11128e-09,-3.25957e-07,3.11128e-09,0.000200009,-9.86293e-07,-3.25957e-07,-9.86293e-07,0.000199996,46
0.170001,0.586308,-1.88197,0.164815,0.591953,-1.83983,0.0731612,0.0305075,-0.217966,26.5962,0.000200001,2.98811e-09,-3.11908e-07,2.98811e-09,0.000200009,-9.89607e-07,-3.11908e-07,-9.89607e-07,0.000199996,54
0.166561,0.588097,-1.8592,0.16407,0.592277,-1.83763,0.0726705,0.0321968,-0.213196,26.2094,0.000200001,2.83605e-09,-2.92875e-07,2.83605e-09,0.000200009,-9.94471e-07,-2.92875e-07,-9.94471e-07,0.000199996,54
0.164028,0.588972,-1.84339,0.165129,0.589564,-1.84617,0.0730083,0.0329715,-0.213385,26.0812,0.000200001,2.67626e-09,-2.73947e-07,2.67626e-09,0.000200009,-9.97444e-07,-2.73947e-07,-9.97444e-07,0.000199996,54
0.161949,0.58961,-1.8378,0.16492,0.589672,-1.8456,0.0738292,0.0336096,-0.215797,26.0882,0.000200001,2.48454e-09,-2.50705e-07,2.48454e-09,0.000200009,-1.00052e-06,-2.50705e-07,-1.00052e-06,0.000199996,54
0.160627,0.588536,-1.83694,0.166374,0.582053,-1.83639,0.0752973,0.0326358,-0.214937,40.2593,0.000200001,2.28892e-09,-2.30308e-07,2.28892e-09,0.000200009,-9.93434e-07,-2.30308e-07,-9.93434e-07,0.000199996,30
0.159572,0.587529,-1.83732,0.166464,0.581802,-1.83633,0.0770724,0.0317289,-0.215317,40.2253,0.0002,2.04816e-09,-2.02205e-07,2.04816e-09,0.000200009,-9.91264e-07,-2.02205e-07,-9.91264e-07,0.000199996,30
0.155991,0.588082,-1.82109,0.152827,0.588904,-1.753,0.076231,0.0324822,-0.19809,36.2536,0.0002,1.88756e-09,-1.87694e-07,1.88756e-09,0.000200009,-9.88947e-07,-1.87694e-07,-9.88947e-07,0.000199996,29
0.152322,0.590708,-1.80975,0.148651,0.600138,-1.76052,0.0753717,0.0353078,-0.185748,24.8845,0.0002,1.6752e-09,-1.64417e-07,1.6752e-09,0.000200009,-9.83454e-07,-1.64417e-07,-9.83454e-07,0.000199996,60
0.149316,0.592844,-1.80041,0.148364,0.600427,-1.75952,0.0750958,0.0376435,-0.175411,24.5555,0.0002,1.48486e-09,-1.44265e-07,1.48486e-09,0.000200009,-9.82479e-07,-1.44265e-07,-9.82479e-07,0.000199997,60
0.146882,0.594517,-1.79288,0.148221,0.600311,-1.75925,0.0754522,0.0395173,-0.166885,24.5791,0.0002,1.32226e-09,-1.2807e-07,1.32226e-09,0.000200009,-9.82204e-07,-1.2807e-07,-9.82204e-07,0.000199997,60
0.144742,0.595478,-1.78523,0.147196,0.598463,-1.75143,0.076032,0.0406779,-0.159233,24.6846,0.0002,1.19187e-09,-1.16299e-07,1.19187e-09,0.000200009,-9.80254e-07,-1.16299e-07,-9.80254e-07,0.000199997,57
0.143017,0.596217,-1.77912,0.147116,0.598529,-1.75117,0.0770873,0.0416165,-0.152123,24.7151,0.0002,1.04508e-09,-1.00752e-07,1.04508e-09,0.000200009,-9.78684e-07,-1.00752e-07,-9.78684e-07,0.000199997,57
0.138675,0.598023,-1.76957,0.132397,0.604634,-1.72781,0.075455,0.0436232,-0.141566,25.1686,0.0002,9.49718e-10,-9.26901e-08,9.49718e-10,0.000200009,-9.80457e-07,-9.26901e-08,-9.80457e-07,0.000199997,56
0.135197,0.599452,-1.76194,0.132273,0.604628,-1.7279,0.074757,0.0452517,-0.132936,25.2678,0.0002,8.53016e-10,-8.34704e-08,8.53016e-10,0.000200009,-9.78508e-07,-8.34704e-08,-9.78508e-07,0.000199997,56
0.132403,0.600644,-1.75566,0.132153,0.60488,-1.72733,0.0746728,0.0466436,-0.125656,25.4851,0.0002,7.7241e-10,-7.6209e-08,7.7241e-10,0.000200009,-9.75443e-07,-7.6209e-08,-9.75443e-07,0.000199997,57
0.131102,0.600234,-1.75106,0.136908,0.598242,-1.7292,0.0761522,0.0464341,-0.120061,37.3316,0.0002,6.70923e-10,-6.4693e-08,6.70923e-10,0.000200009,-9.7623e-07,-6.4693e-08,-9.7623e-07,0.000199997,26
0.130046,0.599924,-1.74751,0.136851,0.598191,-1.72952,0.0778056,0.0463243,-0.115514,37.4333,0.0002,6.19021e-10,-6.10615e-08,6.19021e-10,0.000200009,-9.77556e-07,-6.10615e-08,-9.77556e-07,0.000199997,26
0.125244,0.600849,-1.74547,0.117175,0.604036,-1.73409,0.0757842,0.0474495,-0.112468,24.8271,0.0002,5.79073e-10,-5.80309e-08,5.79073e-10,0.000200009,-9.81825e-07,-5.80309e-08,-9.81825e-07,0.000199997,56
0.121428,0.601586,-1.7438,0.117092,0.604068,-1.73395,0.0746884,0.0483858,-0.110801,24.9017,0.0002,5.35945e-10,-5.41741e-08,5.35945e-10,0.000200009,-9.77893e-07,-5.41741e-08,-9.77893e-07,0.000199997,56
0.118332,0.602181,-1.73416,0.116934,0.604105,-1.73338,0.0743723,0.0491812,-0.110163,24.7984,0.0002,4.69478e-10,-4.61416e-08,4.69478e-10,0.000200009,-9.77511e-07,-4.61416e-08,-9.77511e-07,0.000199997,56
0.11671,0.601767,-1.72203,0.121304,0.599283,-1.73448,0.07549,0.0488668,-0.113033,36.8204,0.0002,4.65745e-10,-4.81073e-08,4.65745e-10,0.000200009,-9.80692e-07,-4.81073e-08,-9.80692e-07,0.000199997,27
0.115357,0.601502,-1.71085,0.121257,0.599379,-1.73441,0.0769974,0.0487018,-0.118853,36.7551,0.0002,4.97887e-10,-5.39781e-08,4.97887e-10,0.000200009,-9.90246e-07,-5.39781e-08,-9.90246e-07,0.000199997,27
0.114251,0.601312,-1.70256,0.121215,0.599339,-1.73447,0.0787207,0.0486124,-0.126557,36.8113,0.0002,5.48506e-10,-6.1143e-08,5.48506e-10,0.000200009,-9.99119e-07,-6.1143e-08,-9.99119e-07,0.000199997,27
0.109195,0.601652,-1.69262,0.100509,0.601725,-1.72143,0.0765752,0.0491516,-0.133615,21.9586,0.0002,6.06276e-10,-6.80326e-08,6.06276e-10,0.000200009,-1.00951e-06,-6.80326e-08,-1.00951e-06,0.000199997,57
0.105107,0.601932,-1.68506,0.100191,0.601855,-1.72089,0.0753368,0.0495323,-0.143061,21.6893,0.0002,6.24558e-10,-6.86385e-08,6.24558e-10,0.000200009,-1.01303e-06,-6.86385e-08,-1.01303e-06,0.000199996,57
0.101853,0.602106,-1.68627,0.100144,0.601871,-1.72064,0.0749432,0.0500055,-0.151271,21.6904,0.0002,6.01606e-10,-6.39833e-08,6.01606e-10,0.000200009,-1.01072e-06,-6.39833e-08,-1.01072e-06,0.000199996,57
0.100315,0.600354,-1.69349,0.105341,0.592704,-1.7256,0.0761546,0.0485539,-0.159493,35.0181,0.0002,5.39453e-10,-5.47924e-08,5.39453e-10,0.000200009,-1.00497e-06,-5.47924e-08,-1.00497e-06,0.000199996,30
0.0990656,0.598946,-1.70042,0.105216,0.592802,-1.72533,0.0776956,0.0474461,-0.165424,34.9667,0.0002,4.75941e-10,-4.67605e-08,4.75941e-10,0.000200009,-1.00009e-06,-4.67605e-08,-1.00009e-06,0.000199996,30
0.098128,0.5978,-1.70616,0.105387,0.592841,-1.72534,0.079448,0.0466999,-0.170163,34.9249,0.0002,4.05405e-10,-3.84524e-08,4.05405e-10,0.000200009,-9.92485e-07,-3.84524e-08,-9.92485e-07,0.000199997,30
0.094497,0.597713,-1.69755,0.0909612,0.597448,-1.65959,0.078567,0.0470134,-0.160546,34.8036,0.0002,3.30539e-10,-2.9841e-08,3.30539e-10,0.000200009,-9.86569e-07,-2.9841e-08,-9.86569e-07,0.000199997,29
0.0916092,0.597613,-1.69068,0.0910313,0.597236,-1.65973,0.0783492,0.0474128,-0.15368,34.794,0.0002,2.7643e-10,-2.46773e-08,2.7643e-10,0.000200009,-9.82382e-07,-2.46773e-08,-9.82382e-07,0.000199997,29
0.0884132,0.598559,-1.6853,0.0865676,0.602578,-1.65933,0.0778832,0.048759,-0.147303,22.6509,0.0002,1.87796e-10,-1.37731e-08,1.87796e-10,0.000200009,-9.78658e-07,-1.37731e-08,-9.78658e-07,0.000199997,55
0.0858441,0.599367,-1.68062,0.0864447,0.602817,-1.65902,0.0779841,0.0499669,-0.141622,22.5032,0.0002,1.17142e-10,-6.269e-09,1.17142e-10,0.000200009,-9.74372e-07,-6.269e-09,-9.74372e-07,0.000199997,55
0.0838963,0.599531,-1.67764,0.0870864,0.600407,-1.66224,0.0787713,0.0505308,-0.137645,22.7822,0.0002,5.71403e-11,-2.68274e-10,5.71403e-11,0.000200009,-9.74996e-07,-2.68274e-10,-9.74996e-07,0.000199997,54
0.0792282,0.600875,-1.6728,0.0714307,0.606563,-1.64991,0.0767742,0.0522753,-0.131804,24.1845,0.0002,3.93926e-12,4.98416e-09,3.93926e-12,0.000200009,-9.71999e-07,4.98416e-09,-9.71999e-07,0.000199997,55
0.0754579,0.601932,-1.66902,0.0714137,0.606534,-1.65007,0.0757341,0.0537319,-0.127024,24.2604,0.0002,-5.3474e-11,1.11706e-08,-5.3474e-11,0.000200009,-9.75306e-07,1.11706e-08,-9.75306e-07,0.000199997,55
0.0731789,0.602351,-1.66637,0.0721242,0.604589,-1.65254,0.0755719,0.0545505,-0.123366,24.1491,0.0002,-1.29947e-10,2.2555e-08,-1.29947e-10,0.000200008,-8.82227e-07,2.2555e-08,-8.82227e-07,0.000199997,53
0.0722696,0.602606,-1.66426,0.0720911,0.604682,-1.65236,0.0754006,0.0552061,-0.120265,24.1369,0.0002,-2.25409e-10,4.64561e-08,-2.25409e-10,0.000200005,-6.75426e-07,4.64561e-08,-6.75426e-07,0.000199997,53
0.0721426,0.602813,-1.66229,0.0721436,0.60458,-1.65249,0.0753666,0.0556128,-0.118291,24.1644,0.0002,-2.17437e-10,5.89499e-08,-2.17437e-10,0.000200003,-4.48698e-07,5.89499e-08,-4.48698e-07,0.000199998,53
0.0722926,0.602989,-1.66062,0.0721101,0.604526,-1.65267,0.0752846,0.055989,-0.115621,24.1609,0.0002,-1.64567e-10,6.39474e-08,-1.64567e-10,0.000200002,-2.62239e-07,6.39474e-08,-2.62239e-07,0.000199999,53
0.0704192,0.602835,-1.66098,0.061875,0.603009,-1.66019,0.0731182,0.0560352,-0.115979,23.642,0.0002,-1.09965e-10,6.61834e-08,-1.09965e-10,0.000200001,-1.3424e-07,6.61834e-08,-1.3424e-07,0.000199999,55
0.0689781,0.602668,-1.66133,0.061865,0.603028,-1.66051,0.0713201,0.0560678,-0.115331,23.6155,0.0002,-6.30947e-11,7.53304e-08,-6.30947e-11,0.000200001,-4.27782e-08,7.53304e-08,-4.27782e-08,0.000199999,55
0.0678302,0.602498,-1.6616,0.0618996,0.602957,-1.66045,0.0698132,0.0560984,-0.1156,23.6027,0.0002,-2.14997e-11,8.4589e-08,-2.14997e-11,0.0002,1.54361e-08,8.4589e-08,1.54361e-08,0.0002,55
0.0669206,0.602393,-1.66183,0.0618849,0.603061,-1.66021,0.0685086,0.0562934,-0.114831,23.5889,0.0002,1.39077e-11,8.89902e-08,1.39077e-11,0.0002,5.45305e-08,8.89902e-08,5.45305e-08,0.0002,55
0.0661837,0.602294,-1.66201,0.0618488,0.603092,-1.6602,0.0674027,0.0563944,-0.114013,23.608,0.0002,4.28755e-11,9.52064e-08,4.28755e-11,0.0002,7.92314e-08,9.52064e-08,7.92314e-08,0.0002,55
0.0656019,0.602179,-1.66222,0.0618876,0.602912,-1.66051,0.0664207,0.0565792,-0.114221,23.7427,0.0002,6.51637e-11,9.91929e-08,6.51637e-11,0.0002,9.5033e-08,9.91929e-08,9.5033e-08,0.0002,55
0.0652425,0.602012,-1.66359,0.0623062,0.602443,-1.66714,0.0656877,0.0566118,-0.114586,23.233,0.0002,8.20193e-11,9.86697e-08,8.20193e-11,0.0002,1.08845e-07,9.86697e-08,1.08845e-07,0.0002,55
0.0649315,0.601867,-1.6648,0.0623047,0.602489,-1.6671,0.0649789,0.0567674,-0.115798,23.2405,0.0002,9.39948e-11,1.01479e-07,9.39948e-11,0.0002,1.13926e-07,1.01479e-07,1.13926e-07,0.0002,55
0.0646846,0.601751,-1.66564,0.0623155,0.602484,-1.66712,0.0643563,0.0568508,-0.115642,23.1872,0.0002,1.02587e-10,1.03324e-07,1.02587e-10,0.0002,1.17137e-07,1.03324e-07,1.17137e-07,0.0002,55
0.0644742,0.601664,-1.66634,0.0622036,0.602575,-1.66691,0.0637475,0.057064,-0.11634,23.2055,0.0002,1.11198e-10,1.06401e-07,1.11198e-10,0.0002,1.20688e-07,1.06401e-07,1.20688e-07,0.0002,55
0.0643364,0.60158,-1.66703,0.0624043,0.602445,-1.66726,0.0632364,0.0572801,-0.116032,23.271,0.0002,1.1496e-10,1.06549e-07,1.1496e-10,0.0002,1.21399e-07,1.06549e-07,1.21399e-07,0.0002,55
0.064216,0.601515,-1.66745,0.0622485,0.602464,-1.66722,0.062711,0.0574145,-0.11645,23.2306,0.0002,1.20108e-10,1.06996e-07,1.20108e-10,0.0002,1.25222e-07,1.06996e-07,1.25222e-07,0.0002,55
0.0644714,0.601086,-1.66833,0.0641143,0.600576,-1.66929,0.0625844,0.0572863,-0.116327,22.9715,0.0002,1.2123e-10,1.06978e-07,1.2123e-10,0.0002,1.24258e-07,1.06978e-07,1.24258e-07,0.0002,55
0.0646955,0.600752,-1.66909,0.0641556,0.60057,-1.66931,0.0624085,0.0571518,-0.116094,23.0072,0.0002,1.21901e-10,1.05483e-07,1.21901e-10,0.0002,1.25465e-07,1.05483e-07,1.25465e-07,0.0002,55
0.0648831,0.600515,-1.66958,0.0641978,0.600724,-1.6693,0.0622241,0.057215,-0.11658,22.8957,0.0002,1.22267e-10,1.04554e-07,1.22267e-10,0.0002,1.26215e-07,1.04554e-07,1.26215e-07,0.0002,55
0.0650313,0.600282,-1.67004,0.0642467,0.600554,-1.66935,0.0619793,0.0571818,-0.116041,22.9841,0.0002,1.22443e-10,1.0551e-07,1.22443e-10,0.0002,1.24812e-07,1.0551e-07,1.24812e-07,0.0002,55
0.0651539,0.600116,-1.6704,0.0641511,0.600563,-1.6693,0.0617359,0.0572162,-0.1154,22.9947,0.0002,1.22567e-10,1.03094e-07,1.22567e-10,0.0002,1.27622e-07,1.03094e-07,1.27622e-07,0.0002,55
0.0656038,0.599591,-1.67096,0.0660752,0.598639,-1.67095,0.0617968,0.0569912,-0.115955,22.8831,0.0002,1.20057e-10,1.02745e-07,1.20057e-10,0.0002,1.2416e-07,1.02745e-07,1.2416e-07,0.0002,55
0.0659379,0.599192,-1.67134,0.0659938,0.598688,-1.67097,0.0617739,0.0567925,-0.11534,22.859,0.0002,1.15566e-10,1.00677e-07,1.15566e-10,0.0002,1.20405e-07,1.00677e-07,1.20405e-07,0.0002,55
0.0662188,0.598852,-1.67174,0.0659675,0.598698,-1.6708,0.0616738,0.0567523,-0.11574,22.8133,0.0002,1.17061e-10,1.03106e-07,1.17061e-10,0.0002,1.21026e-07,1.03106e-07,1.21026e-07,0.0002,55
0.0664596,0.598566,-1.67213,0.0660478,0.598627,-1.67116,0.0615546,0.0566656,-0.115131,22.9645,0.0002,1.18389e-10,1.04678e-07,1.18389e-10,0.0002,1.21407e-07,1.04678e-07,1.21407e-07,0.0002,55
0.0666872,0.598337,-1.67238,0.0662123,0.598526,-1.67146,0.0614052,0.0567372,-0.115379,22.9072,0.0002,1.17004e-10,1.02308e-07,1.17004e-10,0.0002,1.21988e-07,1.02308e-07,1.21988e-07,0.0002,55
0.066828,0.598174,-1.67256,0.0660644,0.598673,-1.67106,0.061193,0.0567744,-0.114559,22.8552,0.0002,1.1585e-10,1.02326e-07,1.1585e-10,0.0002,1.20482e-07,1.02326e-07,1.20482e-07,0.0002,55
0.0672535,0.59758,-1.6732,0.0676409,0.596462,-1.67356,0.0612405,0.0564805,-0.115204,22.8184,0.0002,1.17376e-10,1.0573e-07,1.17376e-10,0.0002,1.19164e-07,1.0573e-07,1.19164e-07,0.0002,55
0.0675706,0.597145,-1.67372,0.0675033,0.596448,-1.67358,0.0612076,0.0562448,-0.114724,22.8395,0.0002,1.13803e-10,1.01165e-07,1.13803e-10,0.0002,1.18994e-07,1.01165e-07,1.18994e-07,0.0002,55
0.0678572,0.596756,-1.67419,0.0676786,0.596352,-1.67385,0.0611232,0.0561557,-0.115193,22.8713,0.0002,1.13372e-10,1.01651e-07,1.13372e-10,0.0002,1.18516e-07,1.01651e-07,1.18516e-07,0.0002,55
0.0680682,0.596507,-1.67444,0.0675296,0.596619,-1.6735,0.0609872,0.0561073,-0.114436,22.8172,0.0002,1.13164e-10,1.00462e-07,1.13164e-10,0.0002,1.20065e-07,1.00462e-07,1.20065e-07,0.0002,55
0.0682234,0.596284,-1.67464,0.0675785,0.596592,-1.67353,0.0607694,0.0561841,-0.114637,22.8264,0.0002,1.12923e-10,1.02744e-07,1.12923e-10,0.0002,1.17309e-07,1.02744e-07,1.17309e-07,0.0002,55
0.0684372,0.595933,-1.67496,0.0679101,0.595634,-1.67437,0.0606392,0.0560329,-0.113965,22.8141,0.0002,1.12902e-10,1.01181e-07,1.12902e-10,0.0002,1.19277e-07,1.01181e-07,1.19277e-07,0.0002,54
0.0690494,0.595464,-1.67634,0.0702243,0.594685,-1.67931,0.0608894,0.0558636,-0.114342,22.6706,0.0002,1.10389e-10,9.9847e-08,1.10389e-10,0.0002,1.17134e-07,9.9847e-08,1.17134e-07,0.0002,54
0.0695421,0.595124,-1.67744,0.0702988,0.594912,-1.67959,0.0610491,0.0557239,-0.115435,22.6599,0.0002,1.08351e-10,1.00558e-07,1.08351e-10,0.0002,1.13845e-07,1.00558e-07,1.13845e-07,0.0002,54
0.0699575,0.594856,-1.67825,0.0702414,0.594898,-1.67961,0.0611055,0.0556565,-0.116251,22.6407,0.0002,1.09394e-10,9.99059e-08,1.09394e-10,0.0002,1.1696e-07,9.99059e-08,1.1696e-07,0.0002,54
0.0702686,0.594661,-1.67893,0.0702884,0.594923,-1.67945,0.0610826,0.0557614,-0.115934,22.6288,0.0002,1.05422e-10,9.72861e-08,1.05422e-10,0.0002,1.14031e-07,9.72861e-08,1.14031e-07,0.0002,54
0.0705144,0.594495,-1.67942,0.0702264,0.594931,-1.67944,0.0609674,0.0557951,-0.116417,22.624,0.0002,1.04691e-10,9.75092e-08,1.04691e-10,0.0002,1.13643e-07,9.75092e-08,1.13643e-07,0.0002,54
0.0709018,0.59399,-1.6797,0.0711802,0.59307,-1.67891,0.0610138,0.05549,-0.115696,23.169,0.0002,1.04214e-10,9.76716e-08,1.04214e-10,0.0002,1.13377e-07,9.76716e-08,1.13377e-07,0.0002,55
0.071236,0.593607,-1.68009,0.0712549,0.593235,-1.67943,0.060986,0.0554071,-0.116088,23.2282,0.0002,1.06283e-10,9.96675e-08,1.06283e-10,0.0002,1.147e-07,9.96675e-08,1.147e-07,0.0002,55
0.0714939,0.593341,-1.68034,0.0712435,0.593273,-1.67946,0.0609139,0.0553412,-0.115343,23.1051,0.0002,1.03286e-10,9.56973e-08,1.03286e-10,0.0002,1.14403e-07,9.56973e-08,1.14403e-07,0.0002,55
0.0716523,0.59307,-1.68047,0.0710737,0.593134,-1.67877,0.0607223,0.05527,-0.115473,23.1707,0.0002,1.03109e-10,9.80572e-08,1.03109e-10,0.0002,1.1195e-07,9.80572e-08,1.1195e-07,0.0002,55
0.0718226,0.592851,-1.68063,0.0712805,0.593016,-1.67903,0.0605626,0.0553507,-0.114629,23.2065,0.0002,1.00772e-10,9.61899e-08,1.00772e-10,0.0002,1.1075e-07,9.61899e-08,1.1075e-07,0.0002,55
0.0719763,0.592658,-1.68072,0.0713207,0.592988,-1.67916,0.0603663,0.0553578,-0.114716,23.1696,0.0002,1.0128e-10,9.68765e-08,1.0128e-10,0.0002,1.11483e-07,9.68765e-08,1.11483e-07,0.0002,55
0.0723877,0.592184,-1.68113,0.0728697,0.591378,-1.6809,0.0604477,0.0550836,-0.114134,23.1028,0.0002,9.93289e-11,9.69445e-08,9.93289e-11,0.0002,1.08567e-07,9.69445e-08,1.08567e-07,0.0002,55
0.072753,0.591821,-1.68152,0.0728861,0.591428,-1.68084,0.060463,0.0549212,-0.114519,23.0141,0.0002,1.00328e-10,9.58802e-08,1.00328e-10,0.0002,1.11945e-07,9.58802e-08,1.11945e-07,0.0002,55
0.0730171,0.591537,-1.68177,0.0729105,0.591491,-1.68087,0.0603971,0.0549368,-0.11377,23.0627,0.0002,9.86693e-11,9.63367e-08,9.86693e-11,0.0002,1.08834e-07,9.63367e-08,1.08834e-07,0.0002,55
0.0732501,0.591307,-1.68213,0.0729018,0.591388,-1.68168,0.0602801,0.0549073,-0.114133,23.1859,0.0002,9.75554e-11,9.36345e-08,9.75554e-11,0.0002,1.10595e-07,9.36345e-08,1.10595e-07,0.0002,56
0.0734169,0.591095,-1.68254,0.0728157,0.59135,-1.68162,0.0601169,0.0548951,-0.113538,23.2216,0.0002,9.89275e-11,9.53085e-08,9.89275e-11,0.0002,1.11325e-07,9.53085e-08,1.11325e-07,0.0002,56
0.0735636,0.590963,-1.68267,0.0729294,0.591479,-1.68163,0.0599136,0.0549626,-0.112673,23.1244,0.0002,9.77592e-11,9.45052e-08,9.77592e-11,0.0002,1.10286e-07,9.45052e-08,1.10286e-07,0.0002,56
0.0739924,0.59055,-1.68353,0.0744885,0.589947,-1.68475,0.0600224,0.05485,-0.113532,23.4082,0.0002,9.68318e-11,9.40025e-08,9.68318e-11,0.0002,1.09611e-07,9.40025e-08,1.09611e-07,0.0002,56
0.0743155,0.590218,-1.68411,0.0743886,0.589939,-1.68483,0.0599955,0.0547182,-0.114109,23.4547,0.0002,9.61268e-11,9.37082e-08,9.61268e-11,0.0002,1.09156e-07,9.37082e-08,1.09156e-07,0.0002,56
0.0745802,0.589955,-1.68469,0.0744204,0.58995,-1.68478,0.0599402,0.0546548,-0.113688,23.4504,0.0002,9.5607e-11,9.35485e-08,9.5607e-11,0.0002,1.0884e-07,9.35485e-08,1.0884e-07,0.0002,56
0.0748083,0.58972,-1.68523,0.0744556,0.589887,-1.68488,0.0598283,0.0546197,-0.113235,23.4256,0.0002,9.75122e-11,9.53569e-08,9.75122e-11,0.0002,1.10111e-07,9.53569e-08,1.10111e-07,0.0002,56
0.0749541,0.589556,-1.68555,0.0743664,0.589892,-1.68489,0.0596541,0.0547561,-0.113547,23.47,0.0002,9.45027e-11,9.27588e-08,9.45027e-11,0.0002,1.07921e-07,9.27588e-08,1.07921e-07,0.0002,56
0.0751061,0.589419,-1.68586,0.0744963,0.58992,-1.68488,0.0594661,0.054819,-0.112857,23.4167,0.0002,9.43599e-11,9.29969e-08,9.43599e-11,0.0002,1.08001e-07,9.29969e-08,1.08001e-07,0.0002,56
0.0755188,0.588925,-1.68619,0.0759992,0.587942,-1.68623,0.0595688,0.0545252,-0.113185,23.2327,0.0002,9.20696e-11,9.12658e-08,9.20696e-11,0.0002,1.06555e-07,9.12658e-08,1.06555e-07,0.0002,56
0.0758653,0.588512,-1.68671,0.0759878,0.587967,-1.68627,0.0595753,0.0543116,-0.113709,23.2461,0.0002,9.47643e-11,9.39565e-08,9.47643e-11,0.0002,1.08596e-07,9.39565e-08,1.08596e-07,0.0002,56
0.0761179,0.588208,-1.68702,0.0758996,0.587937,-1.68605,0.0595179,0.0543076,-0.113022,23.2978,0.0002,9.25581e-11,9.04283e-08,9.25581e-11,0.0002,1.08789e-07,9.04283e-08,1.08789e-07,0.0002,56
0.0763236,0.587932,-1.68723,0.0759891,0.587929,-1.68617,0.0593836,0.0542324,-0.113232,23.3282,0.0002,9.28654e-11,9.30516e-08,9.28654e-11,0.0002,1.06622e-07,9.30516e-08,1.06622e-07,0.0002,56
0.0764966,0.58772,-1.68728,0.0760192,0.587862,-1.68618,0.0592466,0.0542199,-0.112277,23.2506,0.0002,9.101e-11,9.13523e-08,9.101e-11,0.0002,1.05629e-07,9.13523e-08,1.05629e-07,0.0002,56
0.0769661,0.587354,-1.68795,0.0776411,0.587048,-1.68842,0.0593861,0.0541538,-0.112949,23.4791,0.0002,9.38803e-11,9.55441e-08,9.38803e-11,0.0002,1.06078e-07,9.55441e-08,1.06078e-07,0.0002,56
0.077321,0.587097,-1.68851,0.0776192,0.587005,-1.68855,0.059441,0.0540971,-0.112513,23.5888,0.0002,8.9679e-11,9.10934e-08,8.9679e-11,0.0002,1.03761e-07,9.10934e-08,1.03761e-07,0.0002,56
0.0776412,0.586882,-1.68883,0.0777079,0.587075,-1.6885,0.0594312,0.0540819,-0.112827,23.5094,0.0002,9.07172e-11,9.20402e-08,9.07172e-11,0.0002,1.05244e-07,9.20402e-08,1.05244e-07,0.0002,56
0.0779009,0.586706,-1.68921,0.0777254,0.587054,-1.6885,0.0593809,0.0541056,-0.112206,23.5423,0.0002,9.16291e-11,9.26645e-08,9.16291e-11,0.0002,1.06177e-07,9.26645e-08,1.06177e-07,0.0002,56
0.0780717,0.586603,-1.68934,0.0776338,0.587129,-1.68829,0.0592217,0.0542032,-0.112341,23.4838,0.0002,8.79762e-11,8.92898e-08,8.79762e-11,0.0002,1.03791e-07,8.92898e-08,1.03791e-07,0.0002,56
0.0782305,0.586493,-1.68958,0.077652,0.587106,-1.68832,0.0590805,0.0542929,-0.111582,23.4337,0.0002,8.94385e-11,9.09242e-08,8.94385e-11,0.0002,1.0523e-07,9.09242e-08,1.0523e-07,0.0002,56
0.0786288,0.586058,-1.68976,0.0791145,0.585361,-1.68951,0.0591488,0.0541579,-0.111757,23.2599,0.0002,8.83784e-11,9.15631e-08,8.83784e-11,0.0002,1.02774e-07,9.15631e-08,1.02774e-07,0.0002,56
0.0789591,0.585717,-1.69019,0.0791604,0.58529,-1.68972,0.0591791,0.0540169,-0.111193,23.2904,0.0002,8.55253e-11,8.86103e-08,8.55253e-11,0.0002,1.01592e-07,8.86103e-08,1.01592e-07,0.0002,56
0.0792344,0.585434,-1.69043,0.0791816,0.585405,-1.68948,0.0591244,0.0539341,-0.111432,23.1379,0.0002,8.74573e-11,9.20053e-08,8.74573e-11,0.0002,1.01903e-07,9.20053e-08,1.01903e-07,0.0002,56
0.0794423,0.585218,-1.69062,0.0791544,0.58529,-1.68979,0.0590223,0.0539177,-0.11162,23.295,0.0002,8.49135e-11,8.89118e-08,8.49135e-11,0.0002,1.01019e-07,8.89118e-08,1.01019e-07,0.0002,56
0.0796353,0.585006,-1.69081,0.0792541,0.585263,-1.68968,0.0588953,0.0539063,-0.110814,23.28,0.0002,8.70393e-11,9.2214e-08,8.70393e-11,0.0002,1.01522e-07,9.2214e-08,1.01522e-07,0.0002,56
0.0797754,0.584858,-1.69105,0.0791573,0.585158,-1.69008,0.0587354,0.0540583,-0.111049,23.4519,0.0002,8.47459e-11,8.75771e-08,8.47459e-11,0.0002,1.02655e-07,8.75771e-08,1.02655e-07,0.0002,57
0.0802328,0.584453,-1.69238,0.0809118,0.583939,-1.69581,0.0588828,0.0538533,-0.111383,23.1809,0.0002,8.69651e-11,9.13756e-08,8.69651e-11,0.0002,1.02553e-07,9.13756e-08,1.02553e-07,0.0002,57
0.0805328,0.584175,-1.6932,0.0806631,0.583942,-1.69518,0.0588828,0.0537746,-0.112196,23.187,0.0002,8.24957e-11,8.66798e-08,8.24957e-11,0.0002,9.98966e-08,8.66798e-08,9.98966e-08,0.0002,57
0.0808801,0.583705,-1.69416,0.0811664,0.582873,-1.69578,0.0589201,0.0535048,-0.112157,23.0887,0.0002,8.30352e-11,8.89857e-08,8.30352e-11,0.0002,9.92293e-08,8.89857e-08,9.92293e-08,0.0002,55
0.0811826,0.583355,-1.69478,0.0812775,0.582898,-1.69569,0.0589326,0.0533549,-0.112781,23.03,0.0002,8.15942e-11,8.71124e-08,8.15942e-11,0.0002,9.91955e-08,8.71124e-08,9.91955e-08,0.0002,55
0.0814194,0.583036,-1.69529,0.0812651,0.582807,-1.69573,0.0588594,0.0532356,-0.112288,23.0008,0.0002,8.24374e-11,8.93129e-08,8.24374e-11,0.0002,9.87328e-08,8.93129e-08,9.87328e-08,0.0002,55
0.0818247,0.582654,-1.69577,0.0823778,0.58201,-1.69645,0.0589747,0.0530537,-0.112774,22.8772,0.0002,7.91492e-11,8.54591e-08,7.91492e-11,0.0002,9.73694e-08,8.54591e-08,9.73694e-08,0.0002,56
0.0821868,0.582313,-1.69633,0.0825806,0.581939,-1.69664,0.0590268,0.0530127,-0.113328,22.8651,0.0002,7.84844e-11,8.63913e-08,7.84844e-11,0.0002,9.60527e-08,8.63913e-08,9.60527e-08,0.0002,56
0.0824773,0.582059,-1.69676,0.0824661,0.581942,-1.69657,0.0590373,0.0529589,-0.112758,22.8901,0.0002,7.82855e-11,8.40579e-08,7.82855e-11,0.0002,9.89965e-08,8.40579e-08,9.89965e-08,0.0002,56
0.0827069,0.581864,-1.69709,0.0825715,0.582074,-1.69653,0.0589569,0.0529639,-0.113094,22.8739,0.0002,7.79531e-11,8.55277e-08,7.79531e-11,0.0002,9.70629e-08,8.55277e-08,9.70629e-08,0.0002,56
0.0828707,0.581718,-1.6972,0.0824584,0.58202,-1.69638,0.0588407,0.053018,-0.112205,22.841,0.0002,7.58129e-11,8.30982e-08,7.58129e-11,0.0002,9.62495e-08,8.30982e-08,9.62495e-08,0.0002,56
0.0829952,0.581597,-1.69741,0.0824397,0.582105,-1.69633,0.0586652,0.0530973,-0.112412,22.858,0.0002,7.60358e-11,8.49286e-08,7.60358e-11,0.0002,9.52905e-08,8.49286e-08,9.52905e-08,0.0002,56
0.0833208,0.58101,-1.6976,0.08351,0.579606,-1.69675,0.0587108,0.0527099,-0.111597,23.3402,0.0002,7.64038e-11,8.46319e-08,7.64038e-11,0.0002,9.65763e-08,8.46319e-08,9.65763e-08,0.0002,55
0.0835706,0.580538,-1.69783,0.0835165,0.579643,-1.69685,0.0586506,0.0524382,-0.111828,23.3801,0.0002,7.6586e-11,8.59233e-08,7.6586e-11,0.0002,9.54873e-08,8.59233e-08,9.54873e-08,0.0002,55
