EKF_x,EKF_y,EKF_theta,PM_x,PM_y,PM_theta,errorEKF_x,errorEKF_y,errorEKF_theta,errorPM,EKFCovXX,EKFCovXY,EKFCovXTheta,EKFCovYX,EKFCovYY,EKFCovYTheta,EKFCovThetaX,EKFCovThetaY,EKFCovThetaTheta
0.589256,0.393394,-1.58802,0.589256,0.393394,-1.58802,-0.0104439,-0.00590604,-0.017016,13.8538,0.000999999,8.71214e-23,-1.32896e-14,1.09208e-22,0.000999999,1.32912e-14,-1.32876e-14,1.32917e-14,0.000999999
0.58935,0.393372,-1.58817,0.589452,0.393364,-1.58823,-0.01035,-0.00592772,-0.0161651,13.8807,0.000512195,-2.15284e-14,3.10828e-09,-2.15284e-14,0.000512195,-3.21772e-09,3.10828e-09,-3.21772e-09,0.000512195
0.589331,0.393266,-1.58826,0.589297,0.393028,-1.58842,-0.0104687,-0.00603448,-0.0162571,13.8467,0.000359875,1.6025e-14,-4.30593e-09,1.6025e-14,0.000359875,-1.22157e-09,-4.30593e-09,-1.22157e-09,0.000359875
0.589333,0.39323,-1.58826,0.589337,0.393145,-1.58826,-0.0104671,-0.00606964,-0.0162588,13.8538,0.000290717,6.18499e-15,-2.16624e-09,6.18499e-15,0.000290717,-6.14551e-10,-2.16624e-09,-6.14551e-10,0.000290717
0.589291,0.393205,-1.58829,0.589169,0.39313,-1.58838,-0.0105088,-0.00609505,-0.0162895,13.8554,0.000254131,2.88845e-15,-1.20512e-09,2.88845e-15,0.000254131,-3.41888e-10,-1.20512e-09,-3.41888e-10,0.000254131
0.5893,0.393187,-1.58831,0.589331,0.393126,-1.58838,-0.0104996,-0.00611335,-0.0163117,13.8602,0.000233206,1.51257e-15,-7.08581e-10,1.51257e-15,0.000233206,-2.01021e-10,-7.08581e-10,-2.01021e-10,0.000233206
0.589366,0.39314,-1.58841,0.589597,0.392973,-1.58874,-0.0104342,-0.00616042,-0.0164067,13.8756,0.000220702,8.5118e-16,-4.30325e-10,8.5118e-16,0.000220702,-1.22081e-10,-4.30325e-10,-1.22081e-10,0.000220702
0.589368,0.393101,-1.58842,0.589378,0.392959,-1.58848,-0.0104317,-0.00619881,-0.0174216,13.8519,0.000213033,5.01545e-16,-2.66508e-10,5.01545e-16,0.000213033,-7.5607e-11,-2.66508e-10,-7.5607e-11,0.000213033
0.589363,0.393034,-1.58845,0.589341,0.392778,-1.58857,-0.0104375,-0.00626611,-0.0174534,13.8499,0.000208255,3.04398e-16,-1.67063e-10,3.04398e-16,0.000208255,-4.7395e-11,-1.67063e-10,-4.7395e-11,0.000208255
0.589375,0.393045,-1.5885,0.589423,0.39309,-1.5887,-0.0104251,-0.00625457,-0.0175044,13.8479,0.000205249,1.88292e-16,-1.05522e-10,1.88292e-16,0.000205249,-2.99361e-11,-1.05522e-10,-2.99361e-11,0.000205249
0.589355,0.393106,-1.58844,0.589279,0.393342,-1.5882,-0.0104446,-0.00619433,-0.0174418,13.8667,0.000203345,1.17904e-16,-6.69704e-11,1.17904e-16,0.000203345,-1.89992e-11,-6.69704e-11,-1.89992e-11,0.000203345
0.589362,0.393055,-1.58856,0.589337,0.392906,-1.58872,-0.0104379,-0.0062454,-0.0175611,13.8342,0.000202135,1.8626e-14,1.70853e-09,1.8626e-14,0.000202135,1.67807e-09,1.70853e-09,1.67807e-09,0.000202135
0.589434,0.393042,-1.58853,0.589666,0.39294,-1.58874,-0.0103658,-0.00625796,-0.017534,13.8609,0.000201364,-8.03428e-15,-5.93688e-10,-8.03428e-15,0.000201364,2.81435e-09,-5.93688e-10,2.81435e-09,0.000201364
0.589469,0.393052,-1.58848,0.589609,0.393094,-1.58829,-0.0103307,-0.00624757,-0.0174843,13.8658,0.000200872,-4.27806e-15,-3.79132e-10,-4.27806e-15,0.000200872,1.79726e-09,-3.79132e-10,1.79726e-09,0.000200872
0.589435,0.393049,-1.58847,0.589297,0.393036,-1.58843,-0.0103653,-0.00625089,-0.0174741,13.8437,0.000200558,-2.38599e-15,-2.42306e-10,-2.38599e-15,0.000200558,1.14864e-09,-2.42306e-10,1.14864e-09,0.000200558
0.589442,0.393096,-1.5884,0.589525,0.393336,-1.58844,-0.0103581,-0.00620391,-0.0174036,13.8361,0.000200357,-1.059e-14,1.51972e-09,-1.059e-14,0.000200357,-1.00018e-09,1.51972e-09,-1.00018e-09,0.000200357
0.589473,0.393063,-1.58846,0.589596,0.392929,-1.58866,-0.0103272,-0.00623742,-0.0174555,13.8698,0.000200228,-5.99614e-15,9.72063e-10,-5.99614e-15,0.000200228,-6.39752e-10,9.72063e-10,-6.39752e-10,0.000200228
0.589463,0.393109,-1.58847,0.589421,0.393295,-1.58854,-0.0103375,-0.00619098,-0.0174716,13.8612,0.000200146,-3.5179e-15,6.21893e-10,-3.5179e-15,0.000200146,-4.09292e-10,6.21893e-10,-4.09292e-10,0.000200146
0.589434,0.393104,-1.5885,0.589373,0.393028,-1.58832,-0.0103659,-0.00619644,-0.0175048,13.8347,0.000200093,1.54901e-14,-1.33458e-09,1.54901e-14,0.000200093,-1.93393e-09,-1.33458e-09,-1.93393e-09,0.000200093
0.589489,0.393127,-1.58858,0.589707,0.393219,-1.5889,-0.0103113,-0.00617335,-0.0175833,13.8269,0.00020006,8.59104e-15,-8.54004e-10,8.59104e-15,0.00020006,-1.23753e-09,-8.54004e-10,-1.23753e-09,0.00020006
0.589502,0.39309,-1.5886,0.589554,0.392945,-1.58865,-0.0102982,-0.00620975,-0.0175976,13.8386,0.000200038,4.95671e-15,-5.4651e-10,4.95671e-15,0.000200038,-7.91944e-10,-5.4651e-10,-7.91944e-10,0.000200038
0.589486,0.393056,-1.58861,0.58942,0.39292,-1.58867,-0.0103144,-0.00624372,-0.0176125,13.8585,0.000200025,2.95052e-15,-3.49745e-10,2.95052e-15,0.000200025,-5.06813e-10,-3.49745e-10,-5.06813e-10,0.000200025
0.589497,0.393045,-1.5886,0.589543,0.392997,-1.58857,-0.010303,-0.00625549,-0.0176034,13.8654,0.000200016,1.79751e-15,-2.23828e-10,1.79751e-15,0.000200016,-3.24348e-10,-2.23828e-10,-3.24348e-10,0.000200016
0.589501,0.393016,-1.58859,0.589518,0.392904,-1.58854,-0.0102987,-0.00628353,-0.0175911,13.8564,0.00020001,1.11321e-15,-1.43246e-10,1.11321e-15,0.00020001,-2.07577e-10,-1.43246e-10,-2.07577e-10,0.00020001
0.589484,0.393031,-1.58865,0.589413,0.393087,-1.5889,-0.0103164,-0.00626935,-0.0176527,13.8502,0.000200006,6.97219e-16,-9.16762e-11,6.97219e-16,0.000200006,-1.32847e-10,-9.16762e-11,-1.32847e-10,0.000200006
0.589476,0.39311,-1.58858,0.589443,0.393429,-1.58827,-0.0103245,-0.00618958,-0.0175763,13.8606,0.000200004,4.3998e-16,-5.86722e-11,4.3998e-16,0.000200004,-8.50214e-11,-5.86722e-11,-8.50214e-11,0.000200004
0.589438,0.393114,-1.58857,0.589234,0.393184,-1.58824,-0.0103624,-0.00618574,-0.0175719,13.8162,0.000200003,1.82404e-14,1.69429e-09,1.82404e-14,0.000200003,1.61665e-09,1.69429e-09,1.61665e-09,0.000200003
0.589381,0.393102,-1.58862,0.589153,0.393055,-1.58881,-0.0104193,-0.00619763,-0.0176192,13.7838,0.000200002,1.02714e-14,1.08434e-09,1.02714e-14,0.000200002,1.03465e-09,1.08434e-09,1.03465e-09,0.000200002
0.589397,0.393072,-1.5885,0.589515,0.393002,-1.58833,-0.0104032,-0.00622823,-0.0174974,13.8822,0.000200001,-1.36161e-14,2.36522e-09,-1.36161e-14,0.000200001,-1.06946e-09,2.36522e-09,-1.06946e-09,0.000200001
0.589459,0.393066,-1.58851,0.589708,0.393043,-1.58856,-0.010341,-0.00623408,-0.0175103,13.8784,0.000200001,-7.4192e-15,1.51374e-09,-7.4192e-15,0.000200001,-6.84451e-10,1.51374e-09,-6.84451e-10,0.000200001
0.589464,0.393046,-1.58851,0.589484,0.392965,-1.58849,-0.0103361,-0.00625424,-0.0175066,13.8896,0.0002,-4.21781e-15,9.68792e-10,-4.21781e-15,0.0002,-4.38048e-10,9.68792e-10,-4.38048e-10,0.0002
0.589483,0.393017,-1.58843,0.589559,0.392903,-1.58813,-0.0103172,-0.00628273,-0.0174311,13.8735,0.0002,-2.48212e-15,6.20026e-10,-2.48212e-15,0.0002,-2.80351e-10,6.20026e-10,-2.80351e-10,0.0002
0.589471,0.39305,-1.58837,0.589425,0.393181,-1.58813,-0.0103287,-0.00624995,-0.0173709,13.8511,0.0002,-1.49956e-15,3.96817e-10,-1.49956e-15,0.0002,-1.79424e-10,3.96817e-10,-1.79424e-10,0.0002
0.589451,0.393015,-1.58834,0.589372,0.392874,-1.58822,-0.0103486,-0.00628519,-0.0173416,13.8929,0.0002,-9.23262e-16,2.53963e-10,-9.23262e-16,0.0002,-1.14832e-10,2.53963e-10,-1.14832e-10,0.0002
0.589473,0.393013,-1.58836,0.589557,0.393004,-1.58843,-0.0103274,-0.00628739,-0.0173589,13.8717,0.0002,-5.75956e-16,1.62536e-10,-5.75956e-16,0.0002,-7.34922e-11,1.62536e-10,-7.34922e-11,0.0002
0.589508,0.392969,-1.58836,0.589651,0.392793,-1.58834,-0.0102918,-0.00633134,-0.017356,13.9087,0.0002,-3.62496e-16,1.04023e-10,-3.62496e-16,0.0002,-4.7035e-11,1.04023e-10,-4.7035e-11,0.0002
0.589517,0.393011,-1.58846,0.58955,0.393179,-1.58888,-0.0102834,-0.00628934,-0.0174611,13.9264,0.0002,-2.29492e-16,6.65747e-11,-2.29492e-16,0.0002,-3.01024e-11,6.65747e-11,-3.01024e-11,0.0002
0.589471,0.393015,-1.58843,0.589339,0.392976,-1.58864,-0.0103294,-0.0062855,-0.0174339,13.834,0.0002,1.85974e-14,-1.68875e-09,1.85974e-14,0.0002,-1.69078e-09,-1.68875e-09,-1.69078e-09,0.0002
0.589479,0.393043,-1.58848,0.589513,0.393158,-1.58865,-0.0103209,-0.00625689,-0.0174766,13.845,0.0002,1.04404e-14,-1.0808e-09,1.04404e-14,0.0002,-1.0821e-09,-1.0808e-09,-1.0821e-09,0.0002
0.58947,0.393035,-1.58851,0.589383,0.393055,-1.58834,-0.0103296,-0.0062654,-0.0175127,13.8684,0.0002,9.61837e-15,1.03994e-09,9.61837e-15,0.0002,9.78666e-10,1.03994e-09,9.78666e-10,0.0002
0.589478,0.393049,-1.58855,0.589507,0.393107,-1.58871,-0.0103222,-0.00625087,-0.0175519,13.8723,0.0002,5.63467e-15,6.65559e-10,5.63467e-15,0.0002,6.26346e-10,6.65559e-10,6.26346e-10,0.0002
0.589444,0.39311,-1.58867,0.58936,0.393301,-1.58884,-0.0103563,-0.0061897,-0.0176728,13.9219,0.0002,1.31572e-14,-1.30582e-09,1.31572e-14,0.0002,-1.27022e-09,-1.30582e-09,-1.27022e-09,0.0002
0.589459,0.393032,-1.58866,0.589519,0.392721,-1.58862,-0.0103412,-0.00626759,-0.0176616,13.8479,0.0002,7.57137e-15,-8.35722e-10,7.57137e-15,0.0002,-8.12938e-10,-8.35722e-10,-8.12938e-10,0.0002
0.589475,0.393024,-1.58864,0.589542,0.392988,-1.58854,-0.0103246,-0.00617642,-0.0176382,13.8551,0.0002,4.49783e-15,-5.34862e-10,4.49783e-15,0.0002,-5.2028e-10,-5.34862e-10,-5.2028e-10,0.0002
0.589487,0.393055,-1.58854,0.589535,0.39318,-1.58815,-0.0103127,-0.00614504,-0.0175399,13.8621,0.0002,2.73613e-15,-3.42312e-10,2.73613e-15,0.0002,-3.32979e-10,-3.42312e-10,-3.32979e-10,0.0002
0.589514,0.393038,-1.58856,0.589621,0.392969,-1.58862,-0.0102859,-0.00626215,-0.0175564,13.8742,0.0002,1.69277e-15,-2.19079e-10,1.69277e-15,0.0002,-2.13107e-10,-2.19079e-10,-2.13107e-10,0.0002
0.589527,0.393042,-1.58853,0.589577,0.393059,-1.58843,-0.0102732,-0.00615786,-0.017532,13.9837,0.0002,1.05947e-15,-1.40211e-10,1.05947e-15,0.0002,-1.36388e-10,-1.40211e-10,-1.36388e-10,0.0002
0.589524,0.393049,-1.58848,0.589514,0.393077,-1.58828,-0.0102758,-0.00615082,-0.0174825,13.8755,0.0002,6.68268e-16,-8.9735e-11,6.68268e-16,0.0002,-8.72886e-11,-8.9735e-11,-8.72886e-11,0.0002
0.589492,0.392973,-1.58855,0.589364,0.392666,-1.58884,-0.0103078,-0.00622743,-0.0175532,13.8541,0.0002,4.23681e-16,-5.74304e-11,4.23681e-16,0.0002,-5.58647e-11,-5.74304e-11,-5.58647e-11,0.0002
0.589525,0.392944,-1.58861,0.589655,0.392831,-1.58882,-0.0102752,-0.0062557,-0.0176057,13.8939,0.0002,2.69513e-16,-3.67554e-11,2.69513e-16,0.0002,-3.57534e-11,-3.67554e-11,-3.57534e-11,0.0002
0.589527,0.392897,-1.58862,0.589535,0.39271,-1.58869,-0.0102731,-0.00630251,-0.0176218,13.8854,0.0002,1.71816e-16,-2.35235e-11,1.71816e-16,0.0002,-2.28822e-11,-2.35235e-11,-2.28822e-11,0.0002
0.589501,0.392821,-1.58869,0.589396,0.392514,-1.58898,-0.0102994,-0.00637921,-0.0176931,13.8609,0.0002,1.09686e-16,-1.5055e-11,1.09686e-16,0.0002,-1.46446e-11,-1.5055e-11,-1.46446e-11,0.0002
0.589527,0.392804,-1.58868,0.589631,0.392735,-1.58864,-0.0102733,-0.00639634,-0.0176819,13.9061,0.0002,7.00864e-17,-9.63522e-12,7.00864e-17,0.0002,-9.37254e-12,-9.63522e-12,-9.37254e-12,0.0002
0.589494,0.392867,-1.58864,0.589365,0.393119,-1.58845,-0.0103056,-0.00633325,-0.0176361,13.8688,0.0002,4.4809e-17,-6.16654e-12,4.4809e-17,0.0002,-5.99842e-12,-6.16654e-12,-5.99842e-12,0.0002
0.589517,0.39288,-1.58857,0.589555,0.392985,-1.58861,-0.010283,-0.00632043,-0.0175682,13.9397,0.0002,1.89332e-14,1.7277e-09,1.89332e-14,0.0002,1.66737e-09,1.7277e-09,1.66737e-09,0.0002
0.589504,0.39286,-1.58864,0.589504,0.392729,-1.58861,-0.0102961,-0.00633982,-0.0176399,13.8591,0.0002,5.38031e-15,-6.26071e-10,5.38031e-15,0.0002,-6.03934e-10,-6.26071e-10,-6.03934e-10,0.0002
0.589553,0.392854,-1.58865,0.589749,0.392831,-1.58867,-0.010247,-0.0063457,-0.0176466,13.8759,0.0002,3.24981e-15,-4.00686e-10,3.24981e-15,0.0002,-3.86518e-10,-4.00686e-10,-3.86518e-10,0.0002
0.589562,0.392851,-1.58862,0.589599,0.392839,-1.58851,-0.0102378,-0.00634886,-0.0176194,13.9121,0.0002,2.00058e-15,-2.56439e-10,2.00058e-15,0.0002,-2.47371e-10,-2.56439e-10,-2.47371e-10,0.0002
0.589565,0.392821,-1.58859,0.589578,0.392703,-1.58845,-0.0102347,-0.00637851,-0.0175853,13.9124,0.0002,1.24789e-15,-1.64121e-10,1.24789e-15,0.0002,-1.58318e-10,-1.64121e-10,-1.58318e-10,0.0002
0.589589,0.392863,-1.58857,0.589576,0.393031,-1.58851,-0.0102113,-0.00633697,-0.0175705,13.865,0.0002,-2.48591e-16,-4.44975e-11,-2.48591e-16,0.0002,3.30153e-09,-4.44975e-11,3.30153e-09,0.0002
0.589552,0.392869,-1.58842,0.589457,0.392943,-1.58815,-0.0102485,-0.00633141,-0.0174225,13.8741,0.0002,4.42338e-15,1.64284e-09,4.42338e-15,0.0002,3.8144e-10,1.64284e-09,3.8144e-10,0.0002
0.58953,0.392916,-1.58842,0.589444,0.393105,-1.58841,-0.0102699,-0.0062842,-0.0174195,13.8992,0.0002,2.51012e-15,1.05142e-09,2.51012e-15,0.0002,2.44122e-10,1.05142e-09,2.44122e-10,0.0002
0.589525,0.392859,-1.58845,0.589505,0.39263,-1.58857,-0.010275,-0.00634139,-0.0174498,13.8955,0.0002,1.47506e-15,6.72908e-10,1.47506e-15,0.0002,1.56238e-10,6.72908e-10,1.56238e-10,0.0002
0.589544,0.392898,-1.58843,0.58962,0.393055,-1.58833,-0.010256,-0.0063022,-0.0174256,13.8711,0.0002,8.90209e-16,4.30661e-10,8.90209e-16,0.0002,9.99922e-11,4.30661e-10,9.99922e-11,0.0002
0.589592,0.392848,-1.58856,0.589785,0.392646,-1.58911,-0.0102078,-0.00635249,-0.0175628,13.8801,0.0002,5.47686e-16,2.75623e-10,5.47686e-16,0.0002,6.3995e-11,2.75623e-10,6.3995e-11,0.0002
0.589618,0.39286,-1.58859,0.589721,0.392912,-1.5887,-0.010182,-0.0063395,-0.0175911,13.8581,0.0002,3.41488e-16,1.76399e-10,3.41488e-16,0.0002,4.09568e-11,1.76399e-10,4.09568e-11,0.0002
0.589673,0.392892,-1.58858,0.589896,0.393017,-1.58854,-0.0101265,-0.00630816,-0.0175806,13.8918,0.0002,2.14853e-16,1.12895e-10,2.14853e-16,0.0002,2.62124e-11,1.12895e-10,2.62124e-11,0.0002
0.589669,0.392934,-1.58857,0.589653,0.393102,-1.58855,-0.0101307,-0.00626618,-0.0175745,13.8795,0.0002,1.35991e-16,7.22529e-11,1.35991e-16,0.0002,1.67759e-11,7.22529e-11,1.67759e-11,0.0002
0.589632,0.392952,-1.5886,0.589481,0.393023,-1.58869,-0.0101684,-0.00624835,-0.0175979,13.8763,0.0002,8.64136e-17,4.62419e-11,8.64136e-17,0.0002,1.07366e-11,4.62419e-11,1.07366e-11,0.0002
0.589612,0.392946,-1.58853,0.589535,0.392923,-1.58825,-0.0101877,-0.00625406,-0.0175288,13.8673,0.0002,5.50505e-17,2.95948e-11,5.50505e-17,0.0002,6.87141e-12,2.95948e-11,6.87141e-12,0.0002
0.589548,0.392873,-1.58858,0.58929,0.392581,-1.5888,-0.0102521,-0.00632705,-0.0175823,13.8475,0.0002,3.51282e-17,1.89407e-11,3.51282e-17,0.0002,4.3977e-12,1.89407e-11,4.3977e-12,0.0002
0.589574,0.392912,-1.58861,0.589676,0.39307,-1.58872,-0.0102264,-0.00628765,-0.0176089,13.8665,0.0002,2.24394e-17,1.2122e-11,2.24394e-17,0.0002,2.81453e-12,1.2122e-11,2.81453e-12,0.0002
0.589621,0.392854,-1.58863,0.589813,0.392728,-1.58869,-0.010179,-0.00634587,-0.0176254,13.8896,0.0002,-1.30224e-15,3.41061e-09,-1.30224e-15,0.0002,-5.88187e-11,3.41061e-09,-5.88187e-11,0.0002
0.589585,0.392855,-1.58875,0.589439,0.392754,-1.5886,-0.0102149,-0.00634468,-0.0177475,13.8509,0.0002,-3.80221e-16,-1.22005e-09,-3.80221e-16,0.0002,2.35724e-11,-1.22005e-09,2.35724e-11,0.0002
0.589606,0.39292,-1.58868,0.589689,0.393181,-1.5884,-0.010194,-0.00627955,-0.0176776,13.8836,0.0002,-2.28617e-16,-7.80833e-10,-2.28617e-16,0.0002,1.50863e-11,-7.80833e-10,1.50863e-11,0.0002
0.589607,0.392888,-1.58867,0.589613,0.392759,-1.58864,-0.0101926,-0.00631177,-0.0176699,13.865,0.0002,-1.40283e-16,-4.99733e-10,-1.40283e-16,0.0002,9.65526e-12,-4.99733e-10,9.65526e-12,0.0002
0.589598,0.392913,-1.58853,0.589615,0.393067,-1.58829,-0.0102019,-0.00628654,-0.0175305,13.8863,0.0002,-1.53764e-14,1.35132e-09,-1.53764e-14,0.0002,-1.72553e-09,1.35132e-09,-1.72553e-09,0.0002
0.589586,0.392916,-1.58849,0.589538,0.392924,-1.58834,-0.010214,-0.00628444,-0.0174916,13.8845,0.0002,-8.64702e-15,8.64844e-10,-8.64702e-15,0.0002,-1.10434e-09,8.64844e-10,-1.10434e-09,0.0002
0.589597,0.392921,-1.5885,0.589639,0.392942,-1.58855,-0.0102033,-0.0062792,-0.0175037,13.8695,0.0002,-5.04509e-15,5.535e-10,-5.04509e-15,0.0002,-7.06775e-10,5.535e-10,-7.06775e-10,0.0002
0.589552,0.392882,-1.58842,0.589319,0.392783,-1.5884,-0.0102484,-0.0063176,-0.0174185,13.8375,0.0002,1.4709e-14,2.08567e-09,1.4709e-14,0.0002,1.2191e-09,2.08567e-09,1.2191e-09,0.0002
0.58951,0.392922,-1.5885,0.589398,0.393025,-1.58853,-0.0102896,-0.0062783,-0.0175037,13.8467,0.0002,3.59728e-15,-3.96723e-10,3.59728e-15,0.0002,-8.91085e-10,-3.96723e-10,-8.91085e-10,0.0002
0.58953,0.392934,-1.58852,0.589611,0.392985,-1.5886,-0.0102696,-0.00626563,-0.0175238,13.9386,0.0002,2.12126e-15,-2.53903e-10,2.12126e-15,0.0002,-5.70294e-10,-2.53903e-10,-5.70294e-10,0.0002
0.589528,0.392952,-1.58849,0.589517,0.393023,-1.58835,-0.0102723,-0.00624796,-0.0174884,13.8795,0.0002,1.28347e-15,-1.62498e-10,1.28347e-15,0.0002,-3.64988e-10,-1.62498e-10,-3.64988e-10,0.0002
0.589541,0.392929,-1.58857,0.589596,0.392837,-1.58891,-0.0102586,-0.00627088,-0.0175735,13.8666,0.0002,7.91054e-16,-1.03999e-10,7.91054e-16,0.0002,-2.33593e-10,-1.03999e-10,-2.33593e-10,0.0002
0.589555,0.392935,-1.58858,0.589608,0.39296,-1.58863,-0.0102452,-0.00626467,-0.0175846,13.8721,0.0002,4.93836e-16,-6.65591e-11,4.93836e-16,0.0002,-1.49499e-10,-6.65591e-11,-1.49499e-10,0.0002
0.589561,0.392922,-1.5886,0.589585,0.392869,-1.58864,-0.0102391,-0.00627784,-0.0175955,13.9535,0.0002,3.1096e-16,-4.25978e-11,3.1096e-16,0.0002,-9.56795e-11,-4.25978e-11,-9.56795e-11,0.0002
0.589552,0.392956,-1.5885,0.589518,0.393093,-1.58812,-0.0102478,-0.00624376,-0.0175013,13.8899,0.0002,1.96928e-16,-2.72626e-11,1.96928e-16,0.0002,-6.12349e-11,-2.72626e-11,-6.12349e-11,0.0002
0.58958,0.392936,-1.58851,0.589693,0.392854,-1.58853,-0.0102197,-0.0062643,-0.0175065,13.8804,0.0002,1.25179e-16,-1.74481e-11,1.25179e-16,0.0002,-3.91903e-11,-1.74481e-11,-3.91903e-11,0.0002
0.589575,0.392965,-1.58847,0.589552,0.39308,-1.58834,-0.0102254,-0.00623536,-0.0174741,13.8789,0.0002,7.97645e-17,-1.11668e-11,7.97645e-17,0.0002,-2.50818e-11,-1.11668e-11,-2.50818e-11,0.0002
0.589542,0.392971,-1.58844,0.589409,0.392997,-1.5883,-0.0102585,-0.00622897,-0.017439,13.8703,0.0002,5.09059e-17,-7.14673e-12,5.09059e-17,0.0002,-1.60524e-11,-7.14673e-12,-1.60524e-11,0.0002
0.589594,0.392903,-1.5885,0.589804,0.39263,-1.58873,-0.0102061,-0.00629722,-0.0174982,13.899,0.0002,3.2521e-17,-4.57391e-12,3.2521e-17,0.0002,-1.02735e-11,-4.57391e-12,-1.02735e-11,0.0002
0.58959,0.392886,-1.58865,0.589522,0.392875,-1.58893,-0.01021,-0.00631361,-0.0176472,13.9167,0.0002,1.89054e-14,1.72876e-09,1.89054e-14,0.0002,1.6646e-09,1.72876e-09,1.6646e-09,0.0002
0.589592,0.392868,-1.58866,0.589599,0.392793,-1.58872,-0.0102082,-0.00633238,-0.0176621,13.8545,0.0002,1.06261e-14,1.1064e-09,1.06261e-14,0.0002,1.06534e-09,1.1064e-09,1.06534e-09,0.0002
0.589613,0.392908,-1.5886,0.5897,0.39307,-1.58836,-0.0101866,-0.00629181,-0.0176027,13.8687,0.0002,6.19722e-15,7.08099e-10,6.19722e-15,0.0002,6.81818e-10,7.08099e-10,6.81818e-10,0.0002
0.589572,0.392925,-1.58869,0.58946,0.392938,-1.58874,-0.0102277,-0.00627507,-0.0176935,13.8515,0.0002,1.27814e-14,-1.27868e-09,1.27814e-14,0.0002,-1.23463e-09,-1.27868e-09,-1.23463e-09,0.0002
0.589538,0.392894,-1.58872,0.589398,0.392769,-1.58883,-0.0102625,-0.00630632,-0.0177203,13.8633,0.0002,7.37181e-15,-8.18352e-10,7.37181e-15,0.0002,-7.9016e-10,-8.18352e-10,-7.9016e-10,0.0002
0.58952,0.392895,-1.5887,0.589451,0.392898,-1.58862,-0.0102799,-0.0063054,-0.017701,13.8618,0.0002,4.38688e-15,-5.23745e-10,4.38688e-15,0.0002,-5.05703e-10,-5.23745e-10,-5.05703e-10,0.0002
0.589539,0.392847,-1.58865,0.589565,0.392713,-1.58875,-0.0102605,-0.00635263,-0.0176472,13.8812,0.0002,1.43093e-14,1.39656e-09,1.43093e-14,0.0002,1.34744e-09,1.39656e-09,1.34744e-09,0.0002
0.5895,0.392839,-1.5886,0.589446,0.392803,-1.58841,-0.0103004,-0.00636118,-0.0176003,13.869,0.0002,-1.07523e-14,8.33048e-10,-1.07523e-14,0.0002,-2.54049e-09,8.33048e-10,-2.54049e-09,0.0002
0.589507,0.392758,-1.58865,0.589535,0.392437,-1.58886,-0.0102933,-0.00644163,-0.0176514,13.847,0.0002,-5.7979e-15,5.33151e-10,-5.7979e-15,0.0002,-1.62591e-09,5.33151e-10,-1.62591e-09,0.0002
0.589532,0.392797,-1.58863,0.589635,0.39295,-1.58852,-0.0102675,-0.00640339,-0.0176257,13.8955,0.0002,-3.26683e-15,3.41217e-10,-3.26683e-15,0.0002,-1.04058e-09,3.41217e-10,-1.04058e-09,0.0002
0.589569,0.392807,-1.5886,0.589715,0.392847,-1.58847,-0.0102311,-0.00639333,-0.0175955,13.8834,0.0002,-1.90898e-15,2.18379e-10,-1.90898e-15,0.0002,-6.65973e-10,2.18379e-10,-6.65973e-10,0.0002
0.589578,0.392852,-1.58849,0.589561,0.392982,-1.58841,-0.0102219,-0.00634779,-0.017495,13.8674,0.0002,-1.38759e-14,-1.53151e-09,-1.38759e-14,0.0002,1.30536e-09,-1.53151e-09,1.30536e-09,0.0002
0.58962,0.392864,-1.58859,0.589786,0.39291,-1.58897,-0.0101803,-0.00633625,-0.0175897,13.9209,0.0002,-7.85703e-15,-9.80169e-10,-7.85703e-15,0.0002,8.35429e-10,-9.80169e-10,8.35429e-10,0.0002
0.589534,0.392832,-1.58861,0.589191,0.392706,-1.58871,-0.0102659,-0.00636786,-0.0176142,13.8186,0.0002,-4.60924e-15,-6.27308e-10,-4.60924e-15,0.0002,5.34675e-10,-6.27308e-10,5.34675e-10,0.0002
0.589656,0.392869,-1.5886,0.590144,0.393016,-1.58852,-0.010144,-0.00633111,-0.0175952,13.9166,0.0002,-2.77819e-15,-4.01477e-10,-2.77819e-15,0.0002,3.42192e-10,-4.01477e-10,3.42192e-10,0.0002
0.589643,0.392865,-1.58861,0.589594,0.392848,-1.58869,-0.0101565,-0.00633529,-0.0176138,13.9058,0.0002,-1.7077e-15,-2.56945e-10,-1.7077e-15,0.0002,2.19003e-10,-2.56945e-10,2.19003e-10,0.0002
0.589624,0.392866,-1.58862,0.589545,0.392869,-1.58865,-0.0101762,-0.00633441,-0.0176213,13.8831,0.0002,-1.06412e-15,-1.64445e-10,-1.06412e-15,0.0002,1.40162e-10,-1.64445e-10,1.40162e-10,0.0002
0.589624,0.39285,-1.58864,0.589626,0.392788,-1.58869,-0.0101758,-0.00634993,-0.0176359,13.853,0.0002,-6.69233e-16,-1.05245e-10,-6.69233e-16,0.0002,8.97035e-11,-1.05245e-10,8.97035e-11,0.0002
0.589614,0.392841,-1.58857,0.589574,0.392805,-1.58831,-0.0101858,-0.00635887,-0.0175698,13.9018,0.0002,-4.23476e-16,-6.73567e-11,-4.23476e-16,0.0002,5.74103e-11,-6.73567e-11,5.74103e-11,0.0002
0.589633,0.392852,-1.58859,0.589706,0.392894,-1.58866,-0.0101675,-0.00634837,-0.0175883,13.8805,0.0002,-2.69044e-16,-4.31083e-11,-2.69044e-16,0.0002,3.67426e-11,-4.31083e-11,3.67426e-11,0.0002
0.589623,0.392874,-1.5886,0.589583,0.392963,-1.58865,-0.0101773,-0.00632618,-0.0175997,13.8442,0.0002,-1.71377e-16,-2.75893e-11,-1.71377e-16,0.0002,2.35152e-11,-2.75893e-11,2.35152e-11,0.0002
0.58958,0.392926,-1.58859,0.589409,0.393133,-1.58856,-0.0102201,-0.00627429,-0.0175924,13.8853,0.0002,-1.09349e-16,-1.76572e-11,-1.09349e-16,0.0002,1.50498e-11,-1.76572e-11,1.50498e-11,0.0002
0.58954,0.392895,-1.58861,0.589379,0.392774,-1.5887,-0.0102602,-0.00630464,-0.0176136,13.8337,0.0002,-6.98476e-17,-1.13006e-11,-6.98476e-17,0.0002,9.63184e-12,-1.13006e-11,9.63184e-12,0.0002
0.58953,0.392884,-1.5887,0.589489,0.392837,-1.58905,-0.0102704,-0.0063163,-0.0177008,13.8537,0.0002,-4.46467e-17,-7.23237e-12,-4.46467e-17,0.0002,6.16438e-12,-7.23237e-12,6.16438e-12,0.0002
0.589513,0.39287,-1.58875,0.589446,0.392816,-1.58894,-0.0102871,-0.00632994,-0.0177478,13.8813,0.0002,-2.85511e-17,-4.62872e-12,-2.85511e-17,0.0002,3.9452e-12,-4.62872e-12,3.9452e-12,0.0002
0.589503,0.392983,-1.58864,0.589464,0.393437,-1.58821,-0.0102969,-0.00621665,-0.0176411,13.9512,0.0002,-1.82633e-17,-2.96238e-12,-1.82633e-17,0.0002,2.52493e-12,-2.96238e-12,2.52493e-12,0.0002
0.58948,0.393006,-1.58875,0.589389,0.393096,-1.58853,-0.0103197,-0.0061942,-0.0177459,13.8686,0.0002,-1.16847e-17,-1.89592e-12,-1.16847e-17,0.0002,1.61596e-12,-1.89592e-12,1.61596e-12,0.0002
0.589513,0.393007,-1.58871,0.589644,0.39301,-1.58857,-0.0102869,-0.00619341,-0.01771,13.884,0.0002,-7.47664e-18,-1.21339e-12,-7.47664e-18,0.0002,1.03421e-12,-1.21339e-12,1.03421e-12,0.0002
0.589479,0.392992,-1.5886,0.589395,0.392988,-1.58848,-0.0103214,-0.00620756,-0.0176009,13.873,0.0002,-1.89801e-14,1.6703e-09,-1.89801e-14,0.0002,-1.73111e-09,1.6703e-09,-1.73111e-09,0.0002
0.589489,0.392982,-1.5886,0.589529,0.392939,-1.58859,-0.0103114,-0.00621832,-0.0175978,13.8553,0.0002,-1.06668e-14,1.06899e-09,-1.06668e-14,0.0002,-1.10791e-09,1.06899e-09,-1.10791e-09,0.0002
0.58944,0.392959,-1.58858,0.589243,0.392867,-1.58852,-0.0103605,-0.00624127,-0.0175825,13.8374,0.0002,-6.22038e-15,6.84156e-10,-6.22038e-15,0.0002,-7.09063e-10,6.84156e-10,-7.09063e-10,0.0002
0.589457,0.392976,-1.58855,0.589528,0.393047,-1.58843,-0.0103429,-0.00622362,-0.0175522,13.8367,0.0002,-3.73267e-15,4.3786e-10,-3.73267e-15,0.0002,-4.538e-10,4.3786e-10,-4.538e-10,0.0002
0.589431,0.393066,-1.58847,0.589329,0.393425,-1.58812,-0.0103686,-0.00613384,-0.0174661,13.9628,0.0002,-2.28717e-15,2.8023e-10,-2.28717e-15,0.0002,-2.90432e-10,2.8023e-10,-2.90432e-10,0.0002
0.589421,0.393062,-1.5884,0.589378,0.393044,-1.58812,-0.0103793,-0.00613825,-0.0173975,13.865,0.0002,-1.42212e-15,1.79347e-10,-1.42212e-15,0.0002,-1.85877e-10,1.79347e-10,-1.85877e-10,0.0002
0.589423,0.392959,-1.58841,0.589434,0.392547,-1.58844,-0.0103766,-0.00624124,-0.0174064,13.9129,0.0002,-8.93089e-16,1.14782e-10,-8.93089e-16,0.0002,-1.18961e-10,1.14782e-10,-1.18961e-10,0.0002
0.589477,0.392918,-1.58845,0.589691,0.392756,-1.58864,-0.0103231,-0.00628171,-0.017453,13.8951,0.0002,-5.64586e-16,7.34607e-11,-5.64586e-16,0.0002,-7.6135e-11,7.34607e-11,-7.6135e-11,0.0002
0.589458,0.392898,-1.58839,0.58938,0.392819,-1.58813,-0.0103424,-0.00630161,-0.0173887,13.8926,0.0002,-3.58471e-16,4.70148e-11,-3.58471e-16,0.0002,-4.87264e-11,4.70148e-11,-4.87264e-11,0.0002
0.589483,0.392927,-1.58841,0.589587,0.393042,-1.5885,-0.0103165,-0.00627279,-0.0174105,13.9047,0.0002,-2.28249e-16,3.00895e-11,-2.28249e-16,0.0002,-3.11849e-11,3.00895e-11,-3.11849e-11,0.0002
0.589492,0.392855,-1.58848,0.589526,0.392566,-1.58875,-0.0103081,-0.00634495,-0.0174785,13.8991,0.0002,-1.45599e-16,1.92573e-11,-1.45599e-16,0.0002,-1.99583e-11,1.92573e-11,-1.99583e-11,0.0002
0.589511,0.392924,-1.58845,0.589588,0.393198,-1.58834,-0.0102888,-0.00627629,-0.0174516,13.8993,0.0002,-9.29864e-17,1.23247e-11,-9.29864e-17,0.0002,-1.27733e-11,1.23247e-11,-1.27733e-11,0.0002
0.5895,0.392936,-1.58848,0.589457,0.392984,-1.58858,-0.0102997,-0.0062642,-0.0174773,13.8746,0.0002,-5.94307e-17,7.88778e-12,-5.94307e-17,0.0002,-8.17494e-12,7.88778e-12,-8.17494e-12,0.0002
0.5895,0.392868,-1.58852,0.589501,0.392595,-1.58867,-0.0102996,-0.00633232,-0.0175158,13.8733,0.0002,-3.80026e-17,5.04818e-12,-3.80026e-17,0.0002,-5.23196e-12,5.04818e-12,-5.23196e-12,0.0002
0.589525,0.392903,-1.58844,0.589624,0.393044,-1.58815,-0.0102748,-0.00629696,-0.0174436,13.8946,0.0002,-2.43082e-17,3.23083e-12,-2.43082e-17,0.0002,-3.34845e-12,3.23083e-12,-3.34845e-12,0.0002
0.589565,0.392874,-1.5884,0.589725,0.392758,-1.58822,-0.0102348,-0.00632602,-0.0173996,13.9036,0.0002,-1.55517e-17,2.06773e-12,-1.55517e-17,0.0002,-2.14301e-12,2.06773e-12,-2.14301e-12,0.0002
0.589541,0.392807,-1.58848,0.589444,0.392539,-1.58879,-0.010259,-0.00639304,-0.0174775,13.8562,0.0002,-9.95081e-18,1.32335e-12,-9.95081e-18,0.0002,-1.37153e-12,1.32335e-12,-1.37153e-12,0.0002
0.589563,0.392822,-1.58858,0.589653,0.392882,-1.58897,-0.0102366,-0.00637805,-0.017575,13.84,0.0002,-6.36759e-18,8.46944e-13,-6.36759e-18,0.0002,-8.77777e-13,8.46944e-13,-8.77777e-13,0.0002
0.589574,0.392878,-1.58852,0.589615,0.393101,-1.58832,-0.0102263,-0.00632216,-0.0175231,13.8489,0.0002,-4.07488e-18,5.42044e-13,-4.07488e-18,0.0002,-5.61777e-13,5.42044e-13,-5.61777e-13,0.0002
0.589568,0.392893,-1.58851,0.589547,0.392955,-1.58845,-0.0103317,-0.00630669,-0.0175083,13.8818,0.0002,-2.60776e-18,3.46908e-13,-2.60776e-18,0.0002,-3.59538e-13,3.46908e-13,-3.59538e-13,0.0002
0.589591,0.392881,-1.58859,0.589681,0.392833,-1.58892,-0.0103093,-0.00631879,-0.0175914,13.832,0.0002,-1.66891e-18,2.22021e-13,-1.66891e-18,0.0002,-2.30104e-13,2.22021e-13,-2.30104e-13,0.0002
0.589547,0.392848,-1.58862,0.58937,0.392713,-1.58874,-0.0103534,-0.00635237,-0.0176214,13.8279,0.0002,-1.06807e-18,1.42094e-13,-1.06807e-18,0.0002,-1.47267e-13,1.42094e-13,-1.47267e-13,0.0002
0.58954,0.392872,-1.5886,0.589512,0.392969,-1.58851,-0.0103604,-0.00632819,-0.0175992,13.8676,0.0002,-6.83556e-19,9.09399e-14,-6.83556e-19,0.0002,-9.42506e-14,9.09399e-14,-9.42506e-14,0.0002
0.589542,0.392915,-1.58848,0.589604,0.393138,-1.58832,-0.0103584,-0.0062853,-0.0174802,13.8925,0.0002,-1.89933e-14,1.67133e-09,-1.89933e-14,0.0002,-1.73165e-09,1.67133e-09,-1.73165e-09,0.0002
0.589551,0.392867,-1.5885,0.589591,0.392677,-1.58859,-0.0103485,-0.0063329,-0.0175017,13.8583,0.0002,-1.06739e-14,1.06965e-09,-1.06739e-14,0.0002,-1.10825e-09,1.06965e-09,-1.10825e-09,0.0002
0.58959,0.392823,-1.58857,0.589746,0.392647,-1.58882,-0.0103097,-0.00637686,-0.0175651,13.8883,0.0002,-6.22436e-15,6.84576e-10,-6.22436e-15,0.0002,-7.09283e-10,6.84576e-10,-7.09283e-10,0.0002
0.589581,0.392845,-1.58854,0.589544,0.392932,-1.58845,-0.010319,-0.00635503,-0.0175425,13.8674,0.0002,-3.73498e-15,4.38129e-10,-3.73498e-15,0.0002,-4.53941e-10,4.38129e-10,-4.53941e-10,0.0002
0.589561,0.392861,-1.58852,0.589481,0.392926,-1.58844,-0.0103389,-0.00633875,-0.017521,13.8722,0.0002,-2.28856e-15,2.80402e-10,-2.28856e-15,0.0002,-2.90522e-10,2.80402e-10,-2.90522e-10,0.0002
0.589557,0.392858,-1.58862,0.58949,0.392901,-1.58872,-0.0103428,-0.00634153,-0.0176245,13.8499,0.0002,1.74235e-14,1.91118e-09,1.74235e-14,0.0002,1.4852e-09,1.91118e-09,1.4852e-09,0.0002
0.589555,0.3929,-1.58858,0.58965,0.392959,-1.58838,-0.0103452,-0.0061997,-0.0175762,13.8864,0.0002,3.7231e-14,-2.24037e-09,3.7231e-14,0.0002,-2.39165e-09,-2.24037e-09,-2.39165e-09,0.0002
0.589572,0.392828,-1.58866,0.589591,0.392593,-1.58866,-0.0103275,-0.00627199,-0.017657,13.8602,0.0002,6.95616e-15,2.97978e-10,6.95616e-15,0.0002,1.40378e-10,2.97978e-10,1.40378e-10,0.0002
0.589571,0.392839,-1.58866,0.589564,0.392882,-1.58865,-0.0103293,-0.00626122,-0.0176557,13.8534,0.0002,4.43053e-15,1.90706e-10,4.43053e-15,0.0002,8.98418e-11,1.90706e-10,8.98418e-11,0.0002
0.589594,0.392872,-1.58864,0.589685,0.393003,-1.58858,-0.0103065,-0.00622833,-0.0176405,13.9646,0.0002,2.82676e-15,1.22052e-10,2.82676e-15,0.0002,5.74987e-11,1.22052e-10,5.74987e-11,0.0002
0.589622,0.392853,-1.58866,0.589738,0.392778,-1.58872,-0.0102777,-0.00624705,-0.0176557,13.8789,0.0002,1.80554e-15,7.8113e-11,1.80554e-15,0.0002,3.67992e-11,7.8113e-11,3.67992e-11,0.0002
0.589613,0.392841,-1.58856,0.589578,0.392795,-1.58816,-0.0102865,-0.00625856,-0.0175567,13.9255,0.0002,1.15407e-15,4.99923e-11,1.15407e-15,0.0002,2.35515e-11,4.99923e-11,2.35515e-11,0.0002
0.589572,0.392789,-1.58856,0.589408,0.392577,-1.58859,-0.0103276,-0.00631145,-0.0175643,13.8766,0.0002,7.38003e-16,3.19951e-11,7.38003e-16,0.0002,1.50729e-11,3.19951e-11,1.50729e-11,0.0002
0.589536,0.392785,-1.58852,0.589389,0.392773,-1.58836,-0.0103642,-0.00631465,-0.0175225,13.8526,0.0002,4.72075e-16,2.04769e-11,4.72075e-16,0.0002,9.64669e-12,2.04769e-11,9.64669e-12,0.0002
0.589563,0.392804,-1.5886,0.589674,0.39288,-1.58892,-0.0103365,-0.00629573,-0.0176018,13.8311,0.0002,3.02027e-16,1.31052e-11,3.02027e-16,0.0002,6.17388e-12,1.31052e-11,6.17388e-12,0.0002
0.589565,0.392764,-1.58863,0.589573,0.392601,-1.58875,-0.0103346,-0.00633641,-0.0176317,13.8766,0.0002,1.93256e-16,8.38732e-12,1.93256e-16,0.0002,3.95128e-12,8.38732e-12,3.95128e-12,0.0002
0.589623,0.392779,-1.58872,0.589851,0.39284,-1.58908,-0.0102774,-0.00632107,-0.0177207,13.9465,0.0002,1.23667e-16,5.36789e-12,1.23667e-16,0.0002,2.52882e-12,5.36789e-12,2.52882e-12,0.0002
0.589604,0.392805,-1.58867,0.589531,0.392908,-1.58847,-0.0102957,-0.00629527,-0.01767,13.8917,0.0002,7.91397e-17,3.43545e-12,7.91397e-17,0.0002,1.61845e-12,3.43545e-12,1.61845e-12,0.0002
0.589643,0.392846,-1.58865,0.589796,0.393013,-1.58856,-0.0102573,-0.00625369,-0.0176482,13.8936,0.0002,5.06466e-17,2.19869e-12,5.06466e-17,0.0002,1.03581e-12,2.19869e-12,1.03581e-12,0.0002
0.589682,0.392807,-1.58869,0.589841,0.39265,-1.58885,-0.0102177,-0.00629295,-0.0176896,13.965,0.0002,3.24126e-17,1.40716e-12,3.24126e-17,0.0002,6.62915e-13,1.40716e-12,6.62915e-13,0.0002
0.589613,0.392782,-1.58871,0.589333,0.392681,-1.5888,-0.0102875,-0.00631824,-0.017711,13.8589,0.0002,2.07436e-17,9.00582e-13,2.07436e-17,0.0002,4.24266e-13,9.00582e-13,4.24266e-13,0.0002
0.589563,0.392753,-1.58865,0.589364,0.39264,-1.58843,-0.0103371,-0.00634664,-0.0176549,13.8844,0.0002,1.32757e-17,5.76372e-13,1.32757e-17,0.0002,2.7153e-13,5.76372e-13,2.7153e-13,0.0002
0.589548,0.392696,-1.58863,0.58949,0.392465,-1.58855,-0.0103517,-0.00640437,-0.0176345,13.9052,0.0002,8.49638e-18,3.68878e-13,8.49638e-18,0.0002,1.73779e-13,3.68878e-13,1.73779e-13,0.0002
0.589564,0.392769,-1.58859,0.589628,0.393062,-1.58843,-0.0103357,-0.00633103,-0.0175941,13.9064,0.0002,5.43765e-18,2.36082e-13,5.43765e-18,0.0002,1.11219e-13,2.36082e-13,1.11219e-13,0.0002
0.589565,0.392737,-1.5886,0.589567,0.392607,-1.58861,-0.0103352,-0.00636349,-0.0175978,13.877,0.0002,3.48008e-18,1.51093e-13,3.48008e-18,0.0002,7.118e-14,1.51093e-13,7.118e-14,0.0002
0.589537,0.392772,-1.58857,0.589426,0.392915,-1.58848,-0.0103629,-0.00632778,-0.017574,13.878,0.0002,2.22725e-18,9.66993e-14,2.22725e-18,0.0002,4.55552e-14,9.66993e-14,4.55552e-14,0.0002
0.589518,0.392762,-1.58859,0.589442,0.392722,-1.58867,-0.010382,-0.00633786,-0.0175938,13.8453,0.0002,1.42544e-18,6.18875e-14,1.42544e-18,0.0002,2.91553e-14,6.18875e-14,2.91553e-14,0.0002
0.589572,0.392811,-1.58865,0.58979,0.393007,-1.58888,-0.0103275,-0.00628893,-0.0176508,13.859,0.0002,9.12278e-19,3.9608e-14,9.12278e-19,0.0002,1.86594e-14,3.9608e-14,1.86594e-14,0.0002
0.589621,0.392808,-1.58871,0.589816,0.392796,-1.58894,-0.0102788,-0.00629189,-0.017708,13.8917,0.0002,5.83858e-19,2.53491e-14,5.83858e-19,0.0002,1.1942e-14,2.53491e-14,1.1942e-14,0.0002
0.589637,0.392826,-1.5887,0.589698,0.392899,-1.58867,-0.0102634,-0.00627363,-0.0177,13.967,0.0002,3.73669e-19,1.62234e-14,3.73669e-19,0.0002,7.64289e-15,1.62234e-14,7.64289e-15,0.0002
0.589653,0.392771,-1.58873,0.589717,0.392551,-1.58883,-0.0102473,-0.00632869,-0.0177268,13.8633,0.0002,2.39148e-19,1.0383e-14,2.39148e-19,0.0002,4.89145e-15,1.0383e-14,4.89145e-15,0.0002
0.589644,0.392804,-1.58868,0.589612,0.392936,-1.58849,-0.0102555,-0.00629573,-0.0176789,13.9088,0.0002,1.53055e-19,6.64512e-15,1.53055e-19,0.0002,3.13053e-15,6.64512e-15,3.13053e-15,0.0002
0.589664,0.392786,-1.58869,0.589743,0.392715,-1.58874,-0.0102359,-0.00631363,-0.0176911,13.9067,0.0002,9.79549e-20,4.25288e-15,9.79549e-20,0.0002,2.00354e-15,4.25288e-15,2.00354e-15,0.0002
0.589682,0.392825,-1.58868,0.589754,0.392978,-1.58862,-0.0102178,-0.00627522,-0.017676,13.8571,0.0002,6.26912e-20,2.72184e-15,6.26912e-20,0.0002,1.28226e-15,2.72184e-15,1.28226e-15,0.0002
0.589717,0.392851,-1.5887,0.589804,0.393012,-1.5885,-0.0101829,-0.00624856,-0.0177042,13.984,0.0002,1.89913e-14,1.73198e-09,1.89913e-14,0.0002,1.67086e-09,1.73198e-09,1.67086e-09,0.0002
0.589705,0.392843,-1.58871,0.589659,0.39281,-1.58873,-0.0101946,-0.00625689,-0.0177094,13.9456,0.0002,1.06728e-14,1.10847e-09,1.06728e-14,0.0002,1.06935e-09,1.10847e-09,1.06935e-09,0.0002
0.589719,0.392858,-1.58869,0.589774,0.39292,-1.58861,-0.0101808,-0.00624159,-0.0176888,13.8907,0.0002,6.22366e-15,7.0942e-10,6.22366e-15,0.0002,6.84386e-10,7.0942e-10,6.84386e-10,0.0002
0.58973,0.392823,-1.58872,0.589771,0.392679,-1.58884,-0.0101705,-0.0062774,-0.0177185,13.8934,0.0002,3.73456e-15,4.54029e-10,3.73456e-15,0.0002,4.38007e-10,4.54029e-10,4.38007e-10,0.0002
0.589717,0.39285,-1.58864,0.589717,0.392904,-1.58863,-0.0101833,-0.00625028,-0.017637,13.8945,0.0002,1.49073e-14,-1.44121e-09,1.49073e-14,0.0002,-1.39074e-09,-1.44121e-09,-1.39074e-09,0.0002
0.589701,0.392856,-1.58868,0.589637,0.392883,-1.58884,-0.0101992,-0.00624362,-0.0176778,13.9293,0.0002,8.51442e-15,-9.22373e-10,8.51442e-15,0.0002,-8.90073e-10,-9.22373e-10,-8.90073e-10,0.0002
0.589638,0.392815,-1.58864,0.589385,0.392652,-1.58851,-0.0102623,-0.00628455,-0.0176438,13.8837,0.0002,5.02889e-15,-5.90319e-10,5.02889e-15,0.0002,-5.69647e-10,-5.90319e-10,-5.69647e-10,0.0002
0.589678,0.392767,-1.5887,0.589839,0.392572,-1.58895,-0.0102221,-0.00633315,-0.0177047,13.8678,0.0002,3.04632e-15,-3.77804e-10,3.04632e-15,0.0002,-3.64574e-10,-3.77804e-10,-3.64574e-10,0.0002
0.589674,0.392714,-1.58877,0.589607,0.392556,-1.58873,-0.0102259,-0.00638607,-0.0177739,13.8702,0.0002,1.5567e-14,1.49023e-09,1.5567e-14,0.0002,1.43749e-09,1.49023e-09,1.43749e-09,0.0002
0.589674,0.392753,-1.58875,0.589672,0.392912,-1.58867,-0.0102264,-0.00634651,-0.0177525,13.8497,0.0002,8.86608e-15,9.5375e-10,8.86608e-15,0.0002,9.19991e-10,9.5375e-10,9.19991e-10,0.0002
0.589669,0.392744,-1.58868,0.589704,0.392652,-1.58873,-0.0102307,-0.006356,-0.017684,13.8535,0.0002,1.0831e-14,-1.12144e-09,1.0831e-14,0.0002,-1.08221e-09,-1.12144e-09,-1.08221e-09,0.0002
0.58972,0.392699,-1.58879,0.58987,0.392575,-1.58889,-0.0101802,-0.00640072,-0.0177896,13.8595,0.0002,9.55945e-15,1.01427e-09,9.55945e-15,0.0002,9.78234e-10,1.01427e-09,9.78234e-10,0.0002
0.589693,0.392751,-1.58875,0.589583,0.392958,-1.58861,-0.0102075,-0.00634898,-0.0177529,13.9567,0.0002,5.61005e-15,6.49133e-10,5.61005e-15,0.0002,6.2607e-10,6.49133e-10,6.2607e-10,0.0002
0.589679,0.392759,-1.58873,0.589625,0.392792,-1.58863,-0.0102209,-0.00634072,-0.0177275,13.8683,0.0002,3.38235e-15,4.15445e-10,3.38235e-15,0.0002,4.00684e-10,4.15445e-10,4.00684e-10,0.0002
0.589664,0.392783,-1.58864,0.589659,0.392928,-1.5886,-0.0102357,-0.00631742,-0.0176391,13.8644,0.0002,-1.71215e-14,1.93693e-09,-1.71215e-14,0.0002,-1.47536e-09,1.93693e-09,-1.47536e-09,0.0002
0.589684,0.392798,-1.58868,0.589765,0.392858,-1.58883,-0.0102156,-0.00630242,-0.0176764,13.9762,0.0002,-9.49463e-15,1.23964e-09,-9.49463e-15,0.0002,-9.44233e-10,1.23964e-09,-9.44233e-10,0.0002
0.589722,0.392864,-1.58864,0.589871,0.393128,-1.58849,-0.0101784,-0.00623636,-0.0176382,13.8991,0.0002,-5.47726e-15,7.93368e-10,-5.47726e-15,0.0002,-6.04309e-10,7.93368e-10,-6.04309e-10,0.0002
0.589702,0.392872,-1.58868,0.589621,0.392906,-1.58886,-0.0101984,-0.00622785,-0.0176817,13.9274,0.0002,-3.25998e-15,5.07755e-10,-3.25998e-15,0.0002,-3.86758e-10,5.07755e-10,-3.86758e-10,0.0002
0.589671,0.392836,-1.5887,0.58955,0.392694,-1.58877,-0.0102286,-0.0062635,-0.0176993,13.8721,0.0002,-1.98584e-15,3.24963e-10,-1.98584e-15,0.0002,-2.47525e-10,3.24963e-10,-2.47525e-10,0.0002
0.589689,0.392878,-1.58862,0.589761,0.393044,-1.58833,-0.0102107,-0.00622207,-0.0176248,13.8802,0.0002,-1.22975e-15,2.07977e-10,-1.22975e-15,0.0002,-1.58416e-10,2.07977e-10,-1.58416e-10,0.0002
0.5897,0.392881,-1.58867,0.589743,0.392894,-1.58883,-0.0101999,-0.00621878,-0.0176662,13.8575,0.0002,-7.70173e-16,1.33105e-10,-7.70173e-16,0.0002,-1.01386e-10,1.33105e-10,-1.01386e-10,0.0002
0.589678,0.392916,-1.58875,0.589643,0.393002,-1.58878,-0.0102217,-0.00618386,-0.0177523,13.862,0.0002,1.83087e-14,-1.64678e-09,1.83087e-14,0.0002,-1.73577e-09,-1.64678e-09,-1.73577e-09,0.0002
0.589704,0.39288,-1.58866,0.589752,0.392788,-1.58862,-0.0101965,-0.00622039,-0.0176626,13.8785,0.0002,5.06241e-15,6.77906e-10,5.06241e-15,0.0002,5.60115e-10,6.77906e-10,5.60115e-10,0.0002
0.589672,0.392926,-1.58857,0.589545,0.393109,-1.5882,-0.0102282,-0.00617444,-0.0175705,13.8875,0.0002,3.04553e-15,4.3386e-10,3.04553e-15,0.0002,3.58473e-10,4.3386e-10,3.58473e-10,0.0002
0.589633,0.392945,-1.5886,0.58953,0.392971,-1.58839,-0.0102671,-0.00615452,-0.0175974,13.8768,0.0002,1.52085e-14,-1.45413e-09,1.52085e-14,0.0002,-1.44162e-09,-1.45413e-09,-1.44162e-09,0.0002
0.589601,0.392895,-1.58863,0.589475,0.392694,-1.58875,-0.0102986,-0.00620491,-0.0176287,13.8512,0.0002,8.66013e-15,-9.30646e-10,8.66013e-15,0.0002,-9.22638e-10,-9.30646e-10,-9.22638e-10,0.0002
0.589588,0.392842,-1.58866,0.589481,0.392685,-1.58848,-0.0103122,-0.00625772,-0.0176634,13.8902,0.0002,1.08516e-14,1.13629e-09,1.08516e-14,0.0002,1.08046e-09,1.13629e-09,1.08046e-09,0.0002
0.589574,0.392807,-1.58863,0.589519,0.392666,-1.58848,-0.010326,-0.00629299,-0.0176262,13.8917,0.0002,6.31647e-15,7.27225e-10,6.31647e-15,0.0002,6.91492e-10,7.27225e-10,6.91492e-10,0.0002
0.589633,0.39282,-1.58858,0.589817,0.392928,-1.5887,-0.0102669,-0.00627956,-0.0175776,13.8976,0.0002,3.29102e-14,2.19706e-09,3.29102e-14,0.0002,2.11378e-09,2.19706e-09,2.11378e-09,0.0002
0.589584,0.392823,-1.58856,0.589388,0.392833,-1.58848,-0.010316,-0.00627696,-0.0175586,13.8744,0.0002,1.86847e-14,1.40612e-09,1.86847e-14,0.0002,1.35282e-09,1.40612e-09,1.35282e-09,0.0002
0.589561,0.392801,-1.58855,0.589522,0.392657,-1.58882,-0.0103387,-0.00629935,-0.0175465,13.843,0.0002,1.02673e-14,-8.31605e-10,1.02673e-14,0.0002,-8.05537e-10,-8.31605e-10,-8.05537e-10,0.0002
0.5896,0.392773,-1.58859,0.589753,0.392664,-1.58878,-0.0103005,-0.00632672,-0.0175938,13.8619,0.0002,6.22808e-15,-5.32227e-10,6.22808e-15,0.0002,-5.15544e-10,-5.32227e-10,-5.15544e-10,0.0002
0.589573,0.392777,-1.58869,0.589519,0.392738,-1.58876,-0.0103271,-0.00632291,-0.017691,13.86,0.0002,3.0322e-14,-2.07247e-09,3.0322e-14,0.0002,-2.00095e-09,-2.07247e-09,-2.00095e-09,0.0002
0.58959,0.39275,-1.58876,0.589609,0.392694,-1.58871,-0.0103095,-0.00635034,-0.0177584,13.8663,0.0002,7.17474e-15,4.05626e-10,7.17474e-15,0.0002,3.90227e-10,4.05626e-10,3.90227e-10,0.0002
0.589636,0.392788,-1.58862,0.589817,0.392941,-1.58869,-0.0102642,-0.00631211,-0.017618,13.8937,0.0002,4.51079e-15,2.596e-10,4.51079e-15,0.0002,2.49745e-10,2.596e-10,2.49745e-10,0.0002
0.58959,0.392838,-1.58872,0.589408,0.393037,-1.5885,-0.0103098,-0.00626227,-0.0177221,13.8442,0.0002,2.85371e-15,1.66144e-10,2.85371e-15,0.0002,1.59837e-10,1.66144e-10,1.59837e-10,0.0002
0.589566,0.392864,-1.58859,0.589418,0.393021,-1.58838,-0.0103339,-0.00623635,-0.0175897,13.8621,0.0002,2.31328e-14,1.83812e-09,2.31328e-14,0.0002,1.77335e-09,1.83812e-09,1.77335e-09,0.0002
0.589563,0.392851,-1.58867,0.589604,0.392744,-1.58865,-0.0103368,-0.00624948,-0.0176662,13.8736,0.0002,6.32813e-15,-5.55437e-10,6.32813e-15,0.0002,-5.36066e-10,-5.55437e-10,-5.36066e-10,0.0002
0.58954,0.392839,-1.58861,0.589449,0.392795,-1.5884,-0.0103597,-0.00626056,-0.0176129,13.8755,0.0002,3.89755e-15,-3.55479e-10,3.89755e-15,0.0002,-3.43082e-10,-3.55479e-10,-3.43082e-10,0.0002
0.589584,0.392789,-1.58864,0.58976,0.392587,-1.58874,-0.0103157,-0.00631106,-0.0176379,13.8749,0.0002,2.43199e-15,-2.27507e-10,2.43199e-15,0.0002,-2.19573e-10,-2.27507e-10,-2.19573e-10,0.0002
0.589562,0.392755,-1.5886,0.589472,0.392619,-1.58846,-0.0103382,-0.00634497,-0.0176031,13.8686,0.0002,1.5309e-15,-1.45604e-10,1.5309e-15,0.0002,-1.40526e-10,-1.45604e-10,-1.40526e-10,0.0002
0.589566,0.392747,-1.58862,0.589585,0.392717,-1.58866,-0.0103335,-0.00635251,-0.0176153,13.8656,0.0002,9.69298e-16,-9.31868e-11,9.69298e-16,0.0002,-8.99369e-11,-9.31868e-11,-8.99369e-11,0.0002
0.589554,0.392789,-1.58859,0.589502,0.392957,-1.58848,-0.0103463,-0.00631055,-0.0175879,13.8575,0.0002,6.1606e-16,-5.96396e-11,6.1606e-16,0.0002,-5.75596e-11,-5.96396e-11,-5.75596e-11,0.0002
0.589605,0.392802,-1.58863,0.589811,0.392851,-1.58881,-0.0102949,-0.00629831,-0.0176317,13.8934,0.0002,3.92521e-16,-3.81693e-11,3.92521e-16,0.0002,-3.68382e-11,-3.81693e-11,-3.68382e-11,0.0002
0.58962,0.392872,-1.58857,0.589629,0.393208,-1.58864,-0.0102796,-0.00622796,-0.0175697,13.9403,0.0002,1.87062e-14,1.70721e-09,1.87062e-14,0.0002,1.64764e-09,1.70721e-09,1.64764e-09,0.0002
0.589641,0.392954,-1.58854,0.589724,0.39328,-1.58844,-0.0102588,-0.00614631,-0.0175443,13.8732,0.0002,1.05318e-14,1.09262e-09,1.05318e-14,0.0002,1.05449e-09,1.09262e-09,1.05449e-09,0.0002
0.589648,0.392985,-1.5886,0.589728,0.393057,-1.58849,-0.0102519,-0.00611476,-0.0175968,13.8901,0.0002,9.80351e-15,-1.03249e-09,9.80351e-15,0.0002,-9.96218e-10,-1.03249e-09,-9.96218e-10,0.0002
0.589652,0.392947,-1.58854,0.589617,0.392849,-1.58863,-0.0102477,-0.00615279,-0.0175405,13.8702,0.0002,1.02466e-14,1.07079e-09,1.02466e-14,0.0002,1.03369e-09,1.07079e-09,1.03369e-09,0.0002
0.589604,0.392964,-1.58847,0.589467,0.393086,-1.5885,-0.0102956,-0.00613555,-0.0174696,13.8864,0.0002,-1.35313e-14,2.35668e-09,-1.35313e-14,0.0002,-1.06992e-09,2.35668e-09,-1.06992e-09,0.0002
0.589602,0.392976,-1.5886,0.589645,0.392968,-1.58883,-0.0102979,-0.00612399,-0.0176044,13.8674,0.0002,2.86208e-15,-2.23361e-10,2.86208e-15,0.0002,-2.35597e-09,-2.23361e-10,-2.35597e-09,0.0002
0.589578,0.392963,-1.58857,0.589483,0.39291,-1.58843,-0.0103217,-0.00613727,-0.0175685,13.8387,0.0002,1.5623e-15,-1.42951e-10,1.5623e-15,0.0002,-1.50782e-09,-1.42951e-10,-1.50782e-09,0.0002
0.589554,0.392896,-1.58855,0.589455,0.392632,-1.5885,-0.0103463,-0.00620351,-0.0175538,13.8656,0.0002,8.89514e-16,-9.14888e-11,8.89514e-16,0.0002,-9.65006e-10,-9.14888e-11,-9.65006e-10,0.0002
0.589608,0.39288,-1.58862,0.589824,0.392815,-1.58888,-0.0102923,-0.00621976,-0.0176192,13.8817,0.0002,5.24086e-16,-5.85528e-11,5.24086e-16,0.0002,-6.17604e-10,-5.85528e-11,-6.17604e-10,0.0002
0.589605,0.392816,-1.58869,0.589539,0.392508,-1.58864,-0.0102952,-0.00628382,-0.0176872,13.8766,0.0002,-1.4766e-14,-1.70843e-09,-1.4766e-14,0.0002,1.33662e-09,-1.70843e-09,1.33662e-09,0.0002
0.589612,0.392816,-1.58866,0.589642,0.392817,-1.58857,-0.0102878,-0.00628361,-0.0176634,13.86,0.0002,-8.28104e-15,-1.0934e-09,-8.28104e-15,0.0002,8.55436e-10,-1.0934e-09,8.55436e-10,0.0002
0.589578,0.392856,-1.58858,0.589496,0.393067,-1.58855,-0.0103219,-0.00624392,-0.0175778,13.8721,0.0002,-9.85583e-15,9.71384e-10,-9.85583e-15,0.0002,-1.18422e-09,9.71384e-10,-1.18422e-09,0.0002
0.589675,0.392836,-1.58866,0.590063,0.392755,-1.58898,-0.010225,-0.0062642,-0.0176583,13.9056,0.0002,-5.71876e-15,6.21686e-10,-5.71876e-15,0.0002,-7.57898e-10,6.21686e-10,-7.57898e-10,0.0002
0.589657,0.392874,-1.58871,0.589529,0.392974,-1.58859,-0.0102433,-0.00622613,-0.0177073,13.8695,0.0002,-1.2569e-14,-1.27301e-09,-1.2569e-14,0.0002,1.2469e-09,-1.27301e-09,1.2469e-09,0.0002
0.589643,0.392844,-1.58871,0.58959,0.392725,-1.58871,-0.0102566,-0.0062559,-0.017708,13.8548,0.0002,-7.23147e-15,-8.14729e-10,-7.23147e-15,0.0002,7.98014e-10,-8.14729e-10,7.98014e-10,0.0002
0.589624,0.392793,-1.58864,0.589599,0.39264,-1.58866,-0.0102763,-0.00630714,-0.0176353,13.8733,0.0002,-1.17599e-14,1.14966e-09,-1.17599e-14,0.0002,-1.22104e-09,1.14966e-09,-1.22104e-09,0.0002
0.58967,0.392793,-1.5887,0.589856,0.392796,-1.58897,-0.0102298,-0.00630658,-0.0177025,13.9736,0.0002,-6.80759e-15,7.35779e-10,-6.80759e-15,0.0002,-7.81466e-10,7.35779e-10,-7.81466e-10,0.0002
0.589628,0.392772,-1.58872,0.589459,0.392687,-1.58877,-0.0102719,-0.00632788,-0.0177166,13.8722,0.0002,-4.06247e-15,4.70899e-10,-4.06247e-15,0.0002,-5.00138e-10,4.70899e-10,-5.00138e-10,0.0002
0.589616,0.392806,-1.58867,0.589569,0.392941,-1.5885,-0.0102838,-0.00629414,-0.0176731,13.8454,0.0002,-2.4794e-15,3.01375e-10,-2.4794e-15,0.0002,-3.20088e-10,3.01375e-10,-3.20088e-10,0.0002
0.589549,0.392762,-1.58869,0.589281,0.392589,-1.58876,-0.0103508,-0.00633756,-0.0176906,13.8446,0.0002,-1.53742e-15,1.9288e-10,-1.53742e-15,0.0002,-2.04857e-10,1.9288e-10,-2.04857e-10,0.0002
0.589548,0.392762,-1.58868,0.589544,0.392761,-1.58866,-0.0103518,-0.00633776,-0.0176835,13.8511,0.0002,-9.6372e-16,1.23443e-10,-9.6372e-16,0.0002,-1.31108e-10,1.23443e-10,-1.31108e-10,0.0002
0.589596,0.39276,-1.58876,0.589733,0.392808,-1.58877,-0.0103044,-0.00633951,-0.0177645,13.8839,0.0002,1.82953e-14,1.811e-09,1.82953e-14,0.0002,1.58694e-09,1.811e-09,1.58694e-09,0.0002
0.589588,0.392831,-1.58865,0.589559,0.393113,-1.58821,-0.0103118,-0.00626893,-0.0176529,13.9,0.0002,1.02375e-14,1.15904e-09,1.02375e-14,0.0002,1.01564e-09,1.15904e-09,1.01564e-09,0.0002
0.589572,0.392809,-1.58859,0.589505,0.392721,-1.58834,-0.0103284,-0.00629099,-0.0175903,13.8879,0.0002,5.9493e-15,7.41784e-10,5.9493e-15,0.0002,6.50011e-10,7.41784e-10,6.50011e-10,0.0002
0.58955,0.392864,-1.58852,0.589464,0.393083,-1.58826,-0.0103499,-0.00623626,-0.0175237,13.8761,0.0002,3.56068e-15,4.74742e-10,3.56068e-15,0.0002,4.16007e-10,4.74742e-10,4.16007e-10,0.0002
0.589564,0.392756,-1.58854,0.589618,0.392326,-1.58862,-0.0103363,-0.00634387,-0.0175423,13.9007,0.0002,2.17772e-15,3.03835e-10,2.17772e-15,0.0002,2.66244e-10,3.03835e-10,2.66244e-10,0.0002
0.589574,0.392754,-1.58856,0.589614,0.392745,-1.58865,-0.0103262,-0.00634612,-0.0165637,13.8838,0.0002,1.35232e-15,1.94454e-10,1.35232e-15,0.0002,1.70396e-10,1.94454e-10,1.70396e-10,0.0002
0.589622,0.392787,-1.58863,0.589813,0.39292,-1.58888,-0.0102784,-0.00631289,-0.016627,13.8751,0.0002,8.48521e-16,1.24451e-10,8.48521e-16,0.0002,1.09054e-10,1.24451e-10,1.09054e-10,0.0002
0.589588,0.392839,-1.58857,0.589452,0.393048,-1.58833,-0.0103122,-0.00626067,-0.0165676,13.8599,0.0002,5.36105e-16,7.96485e-11,5.36105e-16,0.0002,6.97944e-11,7.96485e-11,6.97944e-11,0.0002
0.589546,0.392829,-1.58861,0.589378,0.392788,-1.58878,-0.0103542,-0.00627097,-0.01661,13.8751,0.0002,3.40261e-16,5.0975e-11,3.40261e-16,0.0002,4.46684e-11,5.0975e-11,4.46684e-11,0.0002
0.589526,0.392826,-1.5885,0.589393,0.392759,-1.58836,-0.010374,-0.00627449,-0.0164975,13.8796,0.0002,-1.87177e-14,-1.63863e-09,-1.87177e-14,0.0002,1.76019e-09,-1.63863e-09,1.76019e-09,0.0002
0.589507,0.392801,-1.58847,0.589433,0.392702,-1.58838,-0.0103927,-0.0062992,-0.0174748,13.8855,0.0002,-1.05026e-14,-1.04872e-09,-1.05026e-14,0.0002,1.12652e-09,-1.04872e-09,1.12652e-09,0.0002
0.589539,0.392783,-1.58844,0.589664,0.392714,-1.5883,-0.0103613,-0.0063165,-0.0174389,13.8957,0.0002,-6.11678e-15,-6.71182e-10,-6.11678e-15,0.0002,7.20975e-10,-6.71182e-10,7.20975e-10,0.0002
0.589533,0.392713,-1.58855,0.589509,0.392431,-1.589,-0.0103673,-0.00638701,-0.0175513,13.8582,0.0002,-3.66698e-15,-4.29556e-10,-3.66698e-15,0.0002,4.61424e-10,-4.29556e-10,4.61424e-10,0.0002
0.589516,0.392673,-1.58852,0.589447,0.392514,-1.58838,-0.0103843,-0.00642683,-0.0175176,13.8854,0.0002,-2.24538e-15,-2.74916e-10,-2.24538e-15,0.0002,2.95311e-10,-2.74916e-10,2.95311e-10,0.0002
0.589519,0.392736,-1.58854,0.589533,0.39299,-1.58865,-0.0103809,-0.00636351,-0.0165441,13.8776,0.0002,-1.39548e-15,-1.75946e-10,-1.39548e-15,0.0002,1.88999e-10,-1.75946e-10,1.88999e-10,0.0002
0.589532,0.392818,-1.58852,0.589636,0.393089,-1.58874,-0.0103679,-0.00628217,-0.0165203,13.9456,0.0002,1.79762e-14,-1.8441e-09,1.79762e-14,0.0002,-1.55041e-09,-1.8441e-09,-1.55041e-09,0.0002
0.589554,0.392834,-1.58859,0.589591,0.392954,-1.58854,-0.0103457,-0.00626568,-0.0165872,13.9014,0.0002,4.81259e-15,5.51496e-10,4.81259e-15,0.0002,6.78872e-10,5.51496e-10,6.78872e-10,0.0002
0.589526,0.392824,-1.58863,0.589411,0.392783,-1.5888,-0.0103743,-0.00627602,-0.0166295,13.8701,0.0002,2.88837e-15,3.52957e-10,2.88837e-15,0.0002,4.34478e-10,3.52957e-10,4.34478e-10,0.0002
0.589501,0.392837,-1.58856,0.589403,0.392888,-1.58827,-0.0103988,-0.00626323,-0.0165567,13.8683,0.0002,1.77004e-15,2.25893e-10,1.77004e-15,0.0002,2.78066e-10,2.25893e-10,2.78066e-10,0.0002
0.589505,0.392817,-1.58848,0.589522,0.392737,-1.58819,-0.0103946,-0.00628311,-0.0164841,13.8956,0.0002,1.10066e-15,1.44571e-10,1.10066e-15,0.0002,1.77962e-10,1.44571e-10,1.77962e-10,0.0002
0.589481,0.392794,-1.58845,0.589385,0.392704,-1.5883,-0.0104187,-0.00630569,-0.0164482,13.8855,0.0002,6.91252e-16,9.25257e-11,6.91252e-16,0.0002,1.13896e-10,9.25257e-11,1.13896e-10,0.0002
0.589452,0.392801,-1.58842,0.589333,0.392826,-1.58832,-0.0104484,-0.00629935,-0.016422,13.9006,0.0002,4.37006e-16,5.92164e-11,4.37006e-16,0.0002,7.28933e-11,5.92164e-11,7.28933e-11,0.0002
0.589402,0.392849,-1.5884,0.589202,0.393044,-1.58833,-0.0104983,-0.00625068,-0.0164039,13.851,0.0002,2.77474e-16,3.78985e-11,2.77474e-16,0.0002,4.66517e-11,3.78985e-11,4.66517e-11,0.0002
0.589429,0.392797,-1.58845,0.58954,0.392586,-1.58865,-0.0104706,-0.00630343,-0.0164534,13.8689,0.0002,1.76678e-16,2.42551e-11,1.76678e-16,0.0002,2.98571e-11,2.42551e-11,2.98571e-11,0.0002
0.589426,0.392772,-1.58844,0.589412,0.392671,-1.58838,-0.010474,-0.0063285,-0.0164377,13.8841,0.0002,1.12703e-16,1.55232e-11,1.12703e-16,0.0002,1.91086e-11,1.55232e-11,1.91086e-11,0.0002
0.589487,0.392831,-1.58851,0.589731,0.393069,-1.58878,-0.010313,-0.00626907,-0.0165069,13.8877,0.0002,7.19781e-17,9.93487e-12,7.19781e-17,0.0002,1.22295e-11,9.93487e-12,1.22295e-11,0.0002
0.589445,0.392842,-1.58858,0.589225,0.392941,-1.58853,-0.0104549,-0.0062578,-0.0165756,13.8448,0.0002,1.91961e-14,1.73806e-09,1.91961e-14,0.0002,1.67898e-09,1.73806e-09,1.67898e-09,0.0002
0.589426,0.392859,-1.58861,0.589352,0.392924,-1.58873,-0.0104735,-0.0062414,-0.0166064,13.888,0.0002,1.07914e-14,1.11236e-09,1.07914e-14,0.0002,1.07455e-09,1.11236e-09,1.07455e-09,0.0002
0.589399,0.3929,-1.58858,0.589291,0.393067,-1.58848,-0.0105007,-0.00619962,-0.0165806,13.8316,0.0002,6.29453e-15,7.11908e-10,6.29453e-15,0.0002,6.87711e-10,7.11908e-10,6.87711e-10,0.0002
0.589418,0.39296,-1.58858,0.589547,0.393144,-1.58828,-0.0103816,-0.00614015,-0.0165844,13.8928,0.0002,1.27706e-14,-1.2762e-09,1.27706e-14,0.0002,-1.23089e-09,-1.2762e-09,-1.23089e-09,0.0002
0.589443,0.39294,-1.5886,0.58954,0.392858,-1.58865,-0.0103573,-0.00616043,-0.0165966,13.8585,0.0002,7.36892e-15,-8.16768e-10,7.36892e-15,0.0002,-7.87771e-10,-8.16768e-10,-7.87771e-10,0.0002
0.58942,0.392971,-1.58846,0.589279,0.393151,-1.58821,-0.0104796,-0.00612894,-0.0164551,13.8873,0.0002,1.19159e-14,1.20885e-09,1.19159e-14,0.0002,1.1671e-09,1.20885e-09,1.1671e-09,0.0002
0.589381,0.392969,-1.58843,0.589278,0.393012,-1.58865,-0.0105188,-0.00613123,-0.0164298,13.8365,0.0002,-1.26848e-14,2.44518e-09,-1.26848e-14,0.0002,-9.84402e-10,2.44518e-09,-9.84402e-10,0.0002
0.589382,0.392936,-1.58851,0.589439,0.392749,-1.58851,-0.0105176,-0.00616444,-0.0165101,13.8678,0.0002,2.10109e-15,-1.66651e-10,2.10109e-15,0.0002,-2.30131e-09,-1.66651e-10,-2.30131e-09,0.0002
0.58944,0.392902,-1.58853,0.589668,0.392766,-1.5886,-0.0104604,-0.00619826,-0.0165277,13.8744,0.0002,1.14834e-15,-1.06657e-10,1.14834e-15,0.0002,-1.47284e-09,-1.06657e-10,-1.47284e-09,0.0002
0.589465,0.392935,-1.58852,0.589567,0.393069,-1.58848,-0.0104349,-0.00616485,-0.0165175,13.8581,0.0002,6.54507e-16,-6.82604e-11,6.54507e-16,0.0002,-9.42615e-10,-6.82604e-11,-9.42615e-10,0.0002
0.589435,0.392918,-1.58858,0.589313,0.392848,-1.58881,-0.0104654,-0.0061823,-0.0165751,13.8621,0.0002,3.8594e-16,-4.36866e-11,3.8594e-16,0.0002,-6.03273e-10,-4.36866e-11,-6.03273e-10,0.0002
0.589423,0.392893,-1.58864,0.589377,0.392792,-1.58889,-0.0104769,-0.00620747,-0.0166372,13.8467,0.0002,2.33508e-16,-2.79595e-11,2.33508e-16,0.0002,-3.86095e-10,-2.79595e-11,-3.86095e-10,0.0002
0.589438,0.392891,-1.58866,0.589496,0.392886,-1.58875,-0.0104624,-0.00620883,-0.0166601,13.8417,0.0002,1.43918e-16,-1.78941e-11,1.43918e-16,0.0002,-2.47101e-10,-1.78941e-11,-2.47101e-10,0.0002
0.589448,0.39293,-1.5886,0.589489,0.393085,-1.58837,-0.0104521,-0.00617009,-0.0166029,13.8934,0.0002,8.98437e-17,-1.14522e-11,8.98437e-17,0.0002,-1.58145e-10,-1.14522e-11,-1.58145e-10,0.0002
0.589489,0.392892,-1.58863,0.589651,0.392743,-1.58871,-0.0104115,-0.00620751,-0.0166253,13.8743,0.0002,5.65727e-17,-7.3294e-12,5.65727e-17,0.0002,-1.01212e-10,-7.3294e-12,-1.01212e-10,0.0002
0.589492,0.392925,-1.58863,0.589504,0.393057,-1.58865,-0.0103083,-0.00617468,-0.0166309,13.8899,0.0002,3.58267e-17,-4.69082e-12,3.58267e-17,0.0002,-6.4776e-11,-4.69082e-12,-6.4776e-11,0.0002
0.589484,0.392876,-1.58858,0.589453,0.392679,-1.58839,-0.0103161,-0.00622401,-0.016582,13.872,0.0002,2.27735e-17,-3.00212e-12,2.27735e-17,0.0002,-4.14566e-11,-3.00212e-12,-4.14566e-11,0.0002
0.589473,0.392806,-1.58857,0.589428,0.392525,-1.58851,-0.0104272,-0.00629421,-0.0165685,13.9123,0.0002,1.45113e-17,-1.92136e-12,1.45113e-17,0.0002,-2.65322e-11,-1.92136e-12,-2.65322e-11,0.0002
0.58941,0.392752,-1.58854,0.589215,0.392591,-1.58874,-0.0104896,-0.00634753,-0.0165387,13.8486,0.0002,-1.91546e-14,1.67009e-09,-1.91546e-14,0.0002,-1.74852e-09,1.67009e-09,-1.74852e-09,0.0002
0.589462,0.392803,-1.58859,0.589668,0.393005,-1.5888,-0.0104381,-0.0061971,-0.0165905,13.8493,0.0002,-1.07638e-14,1.06886e-09,-1.07638e-14,0.0002,-1.11905e-09,1.06886e-09,-1.11905e-09,0.0002
0.589432,0.392823,-1.58857,0.589312,0.392904,-1.58849,-0.0103681,-0.00617696,-0.0165705,13.873,0.0002,-6.27643e-15,6.8407e-10,-6.27643e-15,0.0002,-7.16192e-10,6.8407e-10,-7.16192e-10,0.0002
0.589435,0.392811,-1.58854,0.589449,0.392761,-1.58843,-0.0103648,-0.00618941,-0.0165414,13.8749,0.0002,-3.76607e-15,4.37805e-10,-3.76607e-15,0.0002,-4.58363e-10,4.37805e-10,-4.58363e-10,0.0002
0.589427,0.392804,-1.58861,0.589396,0.392779,-1.58886,-0.0103726,-0.00619582,-0.016606,13.844,0.0002,-2.30754e-15,2.80195e-10,-2.30754e-15,0.0002,-2.93352e-10,2.80195e-10,-2.93352e-10,0.0002
0.589402,0.392782,-1.58857,0.589245,0.392641,-1.58874,-0.0103982,-0.00621809,-0.0165699,13.8402,0.0002,-1.63294e-14,-1.49193e-09,-1.63294e-14,0.0002,1.54385e-09,-1.49193e-09,1.54385e-09,0.0002
0.589361,0.392745,-1.58864,0.589249,0.392652,-1.58861,-0.0104395,-0.00625461,-0.0166406,13.8638,0.0002,-6.57581e-15,7.16209e-10,-6.57581e-15,0.0002,-7.43738e-10,7.16209e-10,-7.43738e-10,0.0002
0.589391,0.392797,-1.58856,0.589457,0.392951,-1.58858,-0.0104094,-0.00620298,-0.0165643,13.8565,0.0002,-1.2498e-14,-1.21283e-09,-1.2498e-14,0.0002,1.25566e-09,-1.21283e-09,1.25566e-09,0.0002
0.5894,0.392793,-1.5886,0.589435,0.392779,-1.58873,-0.0104005,-0.00620667,-0.0165965,13.8757,0.0002,-7.219e-15,-7.76208e-10,-7.219e-15,0.0002,8.03625e-10,-7.76208e-10,8.03625e-10,0.0002
0.589447,0.392799,-1.58866,0.589637,0.392824,-1.58892,-0.010353,-0.00620054,-0.0166604,13.8555,0.0002,-4.30079e-15,-4.96773e-10,-4.30079e-15,0.0002,5.1432e-10,-4.96773e-10,5.1432e-10,0.0002
0.589399,0.392771,-1.58868,0.589259,0.392708,-1.58843,-0.0104013,-0.00622929,-0.0166771,13.8588,0.0002,-1.43899e-14,1.35295e-09,-1.43899e-14,0.0002,-1.40279e-09,1.35295e-09,-1.40279e-09,0.0002
0.589402,0.392817,-1.58861,0.589415,0.393,-1.58836,-0.010398,-0.00618348,-0.016614,13.8371,0.0002,-8.23783e-15,8.65891e-10,-8.23783e-15,0.0002,-8.97785e-10,8.65891e-10,-8.97785e-10,0.0002
0.589462,0.392826,-1.58863,0.589702,0.392864,-1.58871,-0.0103379,-0.00617401,-0.0166322,13.87,0.0002,-4.87419e-15,5.5417e-10,-4.87419e-15,0.0002,-5.74583e-10,5.5417e-10,-5.74583e-10,0.0002
0.589463,0.392797,-1.58863,0.589465,0.392681,-1.58862,-0.0103374,-0.00620305,-0.016629,13.8561,0.0002,-2.95645e-15,3.54669e-10,-2.95645e-15,0.0002,-3.67733e-10,3.54669e-10,-3.67733e-10,0.0002
0.589425,0.392734,-1.58855,0.589273,0.392481,-1.58825,-0.0103754,-0.0062662,-0.0165523,13.8825,0.0002,-1.82535e-15,2.26988e-10,-1.82535e-15,0.0002,-2.35349e-10,2.26988e-10,-2.35349e-10,0.0002
0.589395,0.39274,-1.58859,0.589274,0.392766,-1.58874,-0.0104055,-0.00625978,-0.0165892,13.8374,0.0002,-1.14087e-15,1.45272e-10,-1.14087e-15,0.0002,-1.50623e-10,1.45272e-10,-1.50623e-10,0.0002
0.589362,0.392773,-1.58863,0.589234,0.392906,-1.58879,-0.0104376,-0.00622666,-0.0166291,13.8485,0.0002,-7.18956e-16,9.29743e-11,-7.18956e-16,0.0002,-9.6399e-11,9.29743e-11,-9.6399e-11,0.0002
0.589402,0.39276,-1.58864,0.589559,0.392708,-1.5887,-0.0103983,-0.00623975,-0.0166427,13.8762,0.0002,-4.55543e-16,5.95036e-11,-4.55543e-16,0.0002,-6.16953e-11,5.95036e-11,-6.16953e-11,0.0002
0.589388,0.392778,-1.58859,0.589334,0.39285,-1.58835,-0.0104119,-0.00622184,-0.0165851,13.8697,0.0002,-2.89668e-16,3.80823e-11,-2.89668e-16,0.0002,-3.9485e-11,3.80823e-11,-3.9485e-11,0.0002
0.58939,0.392834,-1.58856,0.589396,0.393057,-1.58846,-0.0104104,-0.00616603,-0.0165596,13.8697,0.0002,-1.84618e-16,2.43727e-11,-1.84618e-16,0.0002,-2.52704e-11,2.43727e-11,-2.52704e-11,0.0002
0.58939,0.392861,-1.5886,0.589392,0.392969,-1.58874,-0.01041,-0.00623904,-0.0165954,13.8746,0.0002,-1.1784e-16,1.55985e-11,-1.1784e-16,0.0002,-1.61731e-11,1.55985e-11,-1.61731e-11,0.0002
0.5894,0.392879,-1.58857,0.589438,0.392951,-1.58849,-0.0104005,-0.00622095,-0.016574,13.8721,0.0002,-7.52884e-17,9.98304e-12,-7.52884e-17,0.0002,-1.03508e-11,9.98304e-12,-1.03508e-11,0.0002
0.589421,0.392897,-1.58861,0.589509,0.392967,-1.58814,-0.0103786,-0.00620338,-0.0166141,13.9199,0.0002,-4.81317e-17,6.38915e-12,-4.81317e-17,0.0002,-6.62449e-12,6.38915e-12,-6.62449e-12,0.0002
0.589345,0.39279,-1.58859,0.58904,0.392362,-1.58848,-0.010455,-0.00631033,-0.0165876,13.8747,0.0002,-3.07826e-17,4.08905e-12,-3.07826e-17,0.0002,-4.23967e-12,4.08905e-12,-4.23967e-12,0.0002
0.589363,0.392754,-1.5886,0.589436,0.392611,-1.58867,-0.0104367,-0.00634611,-0.0166033,13.8704,0.0002,-1.9692e-17,2.61699e-12,-1.9692e-17,0.0002,-2.71339e-12,2.61699e-12,-2.71339e-12,0.0002
0.589366,0.392785,-1.58863,0.589379,0.392912,-1.58871,-0.0104336,-0.00631453,-0.0166253,13.8662,0.0002,-1.25992e-17,1.67488e-12,-1.25992e-17,0.0002,-1.73657e-12,1.67488e-12,-1.73657e-12,0.0002
0.589312,0.392848,-1.58853,0.589096,0.393096,-1.58815,-0.0104876,-0.00625239,-0.0165294,13.8583,0.0002,-8.06202e-18,1.07192e-12,-8.06202e-18,0.0002,-1.1114e-12,1.07192e-12,-1.1114e-12,0.0002
0.589296,0.392898,-1.58851,0.589232,0.393098,-1.58842,-0.0105037,-0.00620224,-0.0165082,13.8625,0.0002,-5.15908e-18,6.8603e-13,-5.15908e-18,0.0002,-7.11299e-13,6.8603e-13,-7.11299e-13,0.0002
0.589311,0.392932,-1.58844,0.589314,0.393017,-1.58849,-0.0104893,-0.00616788,-0.0164418,13.8361,0.0002,-1.8985e-14,-1.67099e-09,-1.8985e-14,0.0002,1.73098e-09,-1.67099e-09,1.73098e-09,0.0002
0.589295,0.392901,-1.58848,0.589284,0.392831,-1.58894,-0.0105054,-0.00619864,-0.0164771,13.823,0.0002,-5.35821e-15,6.0211e-10,-5.35821e-15,0.0002,-6.23497e-10,6.0211e-10,-6.23497e-10,0.0002
0.58937,0.392815,-1.58857,0.589671,0.39247,-1.58897,-0.0104301,-0.0061849,-0.016575,13.8601,0.0002,-3.23704e-15,3.8535e-10,-3.23704e-15,0.0002,-3.99038e-10,3.8535e-10,-3.99038e-10,0.0002
0.589434,0.392875,-1.58853,0.58969,0.393115,-1.58833,-0.0103661,-0.006125,-0.0165258,13.9047,0.0002,-1.99298e-15,2.46624e-10,-1.99298e-15,0.0002,-2.55384e-10,2.46624e-10,-2.55384e-10,0.0002
0.589415,0.392889,-1.58855,0.589339,0.392946,-1.58866,-0.010385,-0.00611088,-0.0165525,13.8579,0.0002,-1.24326e-15,1.57839e-10,-1.24326e-15,0.0002,-1.63446e-10,1.57839e-10,-1.63446e-10,0.0002
0.5894,0.392903,-1.58853,0.589341,0.392959,-1.58846,-0.0103997,-0.00609696,-0.0165348,13.8509,0.0002,-7.82477e-16,1.01017e-10,-7.82477e-16,0.0002,-1.04605e-10,1.01017e-10,-1.04605e-10,0.0002
0.589374,0.392904,-1.58853,0.589269,0.392906,-1.58852,-0.010426,-0.0060964,-0.016531,13.8542,0.0002,-4.95375e-16,6.46511e-11,-4.95375e-16,0.0002,-6.69475e-11,6.46511e-11,-6.69475e-11,0.0002
0.589357,0.392903,-1.58843,0.589289,0.392903,-1.58802,-0.010443,-0.00609654,-0.0164292,13.8729,0.0002,-3.14824e-16,4.13767e-11,-3.14824e-16,0.0002,-4.28464e-11,4.13767e-11,-4.28464e-11,0.0002
0.589327,0.3929,-1.58842,0.589209,0.392887,-1.58838,-0.0104727,-0.00609986,-0.0164189,13.8473,0.0002,-2.0058e-16,2.64811e-11,-2.0058e-16,0.0002,-2.74217e-11,2.64811e-11,-2.74217e-11,0.0002
0.589351,0.392822,-1.58864,0.589395,0.392564,-1.58921,-0.0104486,-0.00617793,-0.0166416,13.8181,0.0002,1.885e-14,1.7485e-09,1.885e-14,0.0002,1.65376e-09,1.7485e-09,1.65376e-09,0.0002
0.58931,0.392816,-1.58859,0.589247,0.392685,-1.58838,-0.0104903,-0.00628377,-0.0165883,13.871,0.0002,3.79483e-14,-2.34454e-09,3.79483e-14,0.0002,-2.28371e-09,-2.34454e-09,-2.28371e-09,0.0002
0.589314,0.392849,-1.58865,0.589281,0.393034,-1.58859,-0.0104856,-0.00615108,-0.0166514,13.8299,0.0002,7.4712e-15,2.31328e-10,7.4712e-15,0.0002,2.09437e-10,2.31328e-10,2.09437e-10,0.0002
0.589359,0.392864,-1.58864,0.589539,0.392925,-1.5886,-0.0104406,-0.00613591,-0.0166415,13.8777,0.0002,4.75676e-15,1.4805e-10,4.75676e-15,0.0002,1.3404e-10,1.4805e-10,1.3404e-10,0.0002
0.589377,0.392889,-1.58859,0.589446,0.39299,-1.58841,-0.0104232,-0.00611069,-0.0165946,13.8746,0.0002,3.03417e-15,9.47518e-11,3.03417e-15,0.0002,8.57855e-11,9.47518e-11,8.57855e-11,0.0002
0.589381,0.392856,-1.58857,0.589397,0.392722,-1.58846,-0.0104192,-0.00614421,-0.0165674,13.8982,0.0002,1.93771e-15,6.06411e-11,1.93771e-15,0.0002,5.49027e-11,6.06411e-11,5.49027e-11,0.0002
0.589386,0.392864,-1.58861,0.589409,0.392899,-1.5888,-0.0104136,-0.00613566,-0.0166137,13.8465,0.0002,1.23843e-15,3.88103e-11,1.23843e-15,0.0002,3.51377e-11,3.88103e-11,3.51377e-11,0.0002
0.589379,0.392857,-1.58863,0.589349,0.39283,-1.5887,-0.010421,-0.00614257,-0.0166313,13.8542,0.0002,7.91895e-16,2.48386e-11,7.91895e-16,0.0002,2.24882e-11,2.48386e-11,2.24882e-11,0.0002
0.589359,0.392796,-1.58862,0.589277,0.392549,-1.58856,-0.0104414,-0.00620428,-0.0166179,13.8612,0.0002,5.06527e-16,1.58967e-11,5.06527e-16,0.0002,1.43924e-11,1.58967e-11,1.43924e-11,0.0002
0.589352,0.392812,-1.58855,0.589326,0.392878,-1.58827,-0.0104479,-0.00618775,-0.0165476,13.8762,0.0002,3.2406e-16,1.01739e-11,3.2406e-16,0.0002,9.21115e-12,1.01739e-11,9.21115e-12,0.0002
0.589298,0.392843,-1.58862,0.589135,0.392912,-1.58857,-0.0105017,-0.00615691,-0.0166155,13.8542,0.0002,1.90604e-14,-1.72525e-09,1.90604e-14,0.0002,-1.66519e-09,-1.72525e-09,-1.66519e-09,0.0002
0.589351,0.392836,-1.58864,0.589506,0.392757,-1.58904,-0.0104493,-0.00616374,-0.0166376,13.8595,0.0002,-9.12289e-15,-2.77541e-09,-9.12289e-15,0.0002,6.65893e-10,-2.77541e-09,6.65893e-10,0.0002
0.589315,0.392779,-1.58867,0.589283,0.392654,-1.58881,-0.0104846,-0.00622114,-0.0166722,13.8266,0.0002,-3.11371e-14,1.56587e-09,-3.11371e-14,0.0002,-3.0374e-09,1.56587e-09,-3.0374e-09,0.0002
0.589305,0.392803,-1.58879,0.589209,0.392953,-1.58897,-0.0104953,-0.00619715,-0.0167946,13.9131,0.0002,-9.60749e-15,2.73413e-09,-9.60749e-15,0.0002,-2.73065e-10,2.73413e-09,-2.73065e-10,0.0002
0.589263,0.392897,-1.58856,0.589094,0.393165,-1.58828,-0.0105372,-0.00610336,-0.0165638,13.823,0.0002,-2.5225e-15,-1.65301e-09,-2.5225e-15,0.0002,-1.1405e-10,-1.65301e-09,-1.1405e-10,0.0002
0.589259,0.39285,-1.58853,0.589247,0.392771,-1.58837,-0.0105406,-0.00614985,-0.0165259,13.8577,0.0002,-4.27141e-15,2.34493e-09,-4.27141e-15,0.0002,-1.33458e-10,2.34493e-09,-1.33458e-10,0.0002
0.589275,0.392864,-1.58859,0.589338,0.392815,-1.58884,-0.0105245,-0.00613571,-0.0165889,13.8801,0.0002,-1.41926e-15,-1.9021e-09,-1.41926e-15,0.0002,-2.50756e-11,-1.9021e-09,-2.50756e-11,0.0002
0.589277,0.392854,-1.58863,0.589232,0.392865,-1.58849,-0.0105228,-0.00614648,-0.0166326,13.8404,0.0002,4.52678e-15,5.14491e-10,4.52678e-15,0.0002,1.65496e-09,5.14491e-10,1.65496e-09,0.0002
0.58928,0.392872,-1.58864,0.589345,0.392999,-1.58835,-0.01052,-0.00612774,-0.016639,13.8539,0.0002,-8.65807e-15,2.00021e-09,-8.65807e-15,0.0002,-6.72731e-10,2.00021e-09,-6.72731e-10,0.0002
0.589308,0.392898,-1.58857,0.589368,0.392949,-1.58862,-0.0104916,-0.00610195,-0.0165724,13.815,0.0002,-4.57435e-15,-3.91066e-10,-4.57435e-15,0.0002,1.30111e-09,-3.91066e-10,1.30111e-09,0.0002
0.589285,0.392913,-1.58874,0.589189,0.392974,-1.58879,-0.0105154,-0.00608679,-0.0167436,13.8534,0.0002,-2.66707e-15,-2.50282e-10,-2.66707e-15,0.0002,8.32708e-10,-2.50282e-10,8.32708e-10,0.0002
0.589276,0.392887,-1.5887,0.589296,0.392836,-1.58885,-0.0105239,-0.0061127,-0.016702,13.8343,0.0002,-1.29269e-14,1.51084e-09,-1.29269e-14,0.0002,-1.1989e-09,1.51084e-09,-1.1989e-09,0.0002
0.589288,0.392959,-1.58852,0.589283,0.393195,-1.58812,-0.0105116,-0.00604067,-0.016523,13.8539,0.0002,-6.93376e-15,-7.04155e-10,-6.93376e-15,0.0002,9.64466e-10,-7.04155e-10,9.64466e-10,0.0002
0.58936,0.392878,-1.58856,0.589645,0.392551,-1.58871,-0.0104403,-0.00612224,-0.0165597,13.8916,0.0002,-4.08989e-15,-4.50659e-10,-4.08989e-15,0.0002,6.17258e-10,-4.50659e-10,6.17258e-10,0.0002
0.589339,0.392822,-1.5885,0.589258,0.3926,-1.58827,-0.0104606,-0.0061778,-0.0165018,13.8197,0.0002,-2.4751e-15,-2.88422e-10,-2.4751e-15,0.0002,3.95045e-10,-2.88422e-10,3.95045e-10,0.0002
0.589309,0.392869,-1.58855,0.589242,0.393108,-1.58841,-0.0104909,-0.00613118,-0.0165468,13.8321,0.0002,-1.56467e-14,1.48657e-09,-1.56467e-14,0.0002,-1.47886e-09,1.48657e-09,-1.47886e-09,0.0002
0.58934,0.392887,-1.58859,0.589462,0.392958,-1.58878,-0.0104604,-0.00611336,-0.0165925,13.8465,0.0002,-8.88829e-15,9.51407e-10,-8.88829e-15,0.0002,-9.46471e-10,9.51407e-10,-9.46471e-10,0.0002
0.589353,0.39297,-1.58855,0.589406,0.393303,-1.5884,-0.0104471,-0.00603016,-0.0165543,13.8652,0.0002,-5.22746e-15,6.08901e-10,-5.22746e-15,0.0002,-6.05741e-10,6.08901e-10,-6.05741e-10,0.0002
0.589334,0.392914,-1.5886,0.589259,0.392688,-1.58877,-0.0104658,-0.00608646,-0.0165972,13.8579,0.0002,-3.15673e-15,3.89697e-10,-3.15673e-15,0.0002,-3.87674e-10,3.89697e-10,-3.87674e-10,0.0002
0.589318,0.392898,-1.58861,0.589253,0.392834,-1.58868,-0.0104821,-0.00610234,-0.0166131,13.852,0.0002,-1.94296e-15,2.49406e-10,-1.94296e-15,0.0002,-2.48112e-10,2.49406e-10,-2.48112e-10,0.0002
0.589358,0.392921,-1.58859,0.589408,0.392908,-1.58851,-0.0104423,-0.00617937,-0.0165929,13.8242,0.0002,-7.00667e-14,-3.1826e-09,-7.00667e-14,0.0002,3.30469e-09,-3.1826e-09,3.30469e-09,0.0002
0.589325,0.392907,-1.58868,0.589247,0.392905,-1.58871,-0.0104753,-0.00609301,-0.0166804,13.865,0.0002,-1.21066e-14,-3.65856e-10,-1.21066e-14,0.0002,3.83163e-10,-3.65856e-10,3.83163e-10,0.0002
0.589332,0.392879,-1.58872,0.589359,0.392765,-1.58889,-0.0104684,-0.00622139,-0.0167214,13.8488,0.0002,-7.67643e-15,-2.34148e-10,-7.67643e-15,0.0002,2.45224e-10,-2.34148e-10,2.45224e-10,0.0002
0.58934,0.392892,-1.58876,0.589371,0.392948,-1.5889,-0.0104605,-0.00620753,-0.0167563,13.853,0.0002,-4.88352e-15,-1.49855e-10,-4.88352e-15,0.0002,1.56943e-10,-1.49855e-10,1.56943e-10,0.0002
0.589346,0.392923,-1.58873,0.58937,0.393045,-1.58861,-0.0104545,-0.006077,-0.0167268,13.8565,0.0002,-3.11341e-15,-9.5907e-11,-3.11341e-15,0.0002,1.00444e-10,-9.5907e-11,1.00444e-10,0.0002
0.589354,0.392966,-1.58864,0.589388,0.393136,-1.58831,-0.0104459,-0.00603436,-0.0166435,13.8798,0.0002,-1.98765e-15,-6.13805e-11,-1.98765e-15,0.0002,6.4284e-11,-6.13805e-11,6.4284e-11,0.0002
0.589335,0.393021,-1.58855,0.589259,0.393241,-1.58815,-0.0104649,-0.00607921,-0.0165452,13.8935,0.0002,-1.27008e-15,-3.92835e-11,-1.27008e-15,0.0002,4.11418e-11,-3.92835e-11,4.11418e-11,0.0002
0.589344,0.393027,-1.58853,0.589378,0.393052,-1.58848,-0.0104564,-0.00597297,-0.0165315,13.8688,0.0002,-8.12021e-16,-2.51415e-11,-8.12021e-16,0.0002,2.63307e-11,-2.51415e-11,2.63307e-11,0.0002
0.589338,0.39302,-1.58861,0.589317,0.392994,-1.58892,-0.0104618,-0.00597963,-0.01661,13.8417,0.0002,-5.19354e-16,-1.60905e-11,-5.19354e-16,0.0002,1.68517e-11,-1.60905e-11,1.68517e-11,0.0002
0.589317,0.393035,-1.58855,0.589233,0.393092,-1.58832,-0.0104828,-0.00596536,-0.0165511,13.7629,0.0002,-3.32248e-16,-1.02979e-11,-3.32248e-16,0.0002,1.07851e-11,-1.02979e-11,1.07851e-11,0.0002
0.589318,0.393013,-1.58858,0.58932,0.392924,-1.58871,-0.0104822,-0.00598741,-0.0165828,13.8501,0.0002,-2.12582e-16,-6.59068e-12,-2.12582e-16,0.0002,6.90244e-12,-6.59068e-12,6.90244e-12,0.0002
0.589286,0.393012,-1.58854,0.58916,0.393007,-1.58838,-0.0104137,-0.00598846,-0.0165415,13.8644,0.0002,-1.36029e-16,-4.21804e-12,-1.36029e-16,0.0002,4.41756e-12,-4.21804e-12,4.41756e-12,0.0002
0.589256,0.393003,-1.58857,0.589188,0.39302,-1.58839,-0.0104442,-0.00599723,-0.0165744,13.843,0.0002,-1.90168e-14,1.6684e-09,-1.90168e-14,0.0002,-1.72893e-09,1.6684e-09,-1.72893e-09,0.0002
0.589278,0.392945,-1.58849,0.589311,0.392661,-1.58846,-0.0104224,-0.00605519,-0.0164886,13.7932,0.0002,-5.4158e-15,-6.0354e-10,-5.4158e-15,0.0002,6.25031e-10,-6.0354e-10,6.25031e-10,0.0002
0.589287,0.392918,-1.58858,0.589325,0.392809,-1.58895,-0.010413,-0.00608227,-0.0165812,13.8463,0.0002,-3.27297e-15,-3.86266e-10,-3.27297e-15,0.0002,4.0002e-10,-3.86266e-10,4.0002e-10,0.0002
0.589251,0.392955,-1.58852,0.589108,0.393104,-1.58826,-0.0104489,-0.00604507,-0.0165166,13.844,0.0002,-2.01559e-15,-2.4721e-10,-2.01559e-15,0.0002,2.56013e-10,-2.4721e-10,2.56013e-10,0.0002
0.589274,0.392927,-1.5886,0.589363,0.392814,-1.58895,-0.0104265,-0.00607317,-0.0166039,13.8481,0.0002,-1.25757e-15,-1.58214e-10,-1.25757e-15,0.0002,1.63848e-10,-1.58214e-10,1.63848e-10,0.0002
0.58927,0.392905,-1.58866,0.589258,0.392818,-1.58888,-0.0104296,-0.00609491,-0.0166593,13.8448,0.0002,-7.91574e-16,-1.01257e-10,-7.91574e-16,0.0002,1.04863e-10,-1.01257e-10,1.04863e-10,0.0002
0.589266,0.392927,-1.58861,0.58925,0.393015,-1.58843,-0.0104338,-0.00607295,-0.0166126,13.8272,0.0002,-5.01171e-16,-6.48046e-11,-5.01171e-16,0.0002,6.71122e-11,-6.48046e-11,6.71122e-11,0.0002
0.589215,0.392948,-1.58861,0.589012,0.393032,-1.58859,-0.0104845,-0.00605189,-0.0166085,13.8325,0.0002,-3.18523e-16,-4.14749e-11,-3.18523e-16,0.0002,4.29518e-11,-4.14749e-11,4.29518e-11,0.0002
0.589204,0.392941,-1.58862,0.58916,0.392911,-1.58864,-0.0104957,-0.00605937,-0.0166155,13.8398,0.0002,-2.02942e-16,-2.6544e-11,-2.02942e-16,0.0002,2.74892e-11,-2.6544e-11,2.74892e-11,0.0002
0.589173,0.392929,-1.58863,0.589047,0.392884,-1.58871,-0.0105272,-0.00607063,-0.0166339,13.8389,0.0002,-1.29509e-16,-1.69881e-11,-1.29509e-16,0.0002,1.75931e-11,-1.69881e-11,1.75931e-11,0.0002
0.589229,0.392945,-1.58861,0.589452,0.39301,-1.58849,-0.0104714,-0.00615457,-0.0166057,13.8489,0.0002,-8.27331e-17,-1.08724e-11,-8.27331e-17,0.0002,1.12596e-11,-1.08724e-11,1.12596e-11,0.0002
0.5892,0.393013,-1.58866,0.589085,0.393285,-1.58886,-0.0105001,-0.0060866,-0.016657,13.8055,0.0002,-5.28865e-17,-6.95834e-12,-5.28865e-17,0.0002,7.20612e-12,-6.95834e-12,7.20612e-12,0.0002
0.589219,0.393006,-1.5886,0.589297,0.392975,-1.58839,-0.0104807,-0.00609434,-0.0166042,13.8368,0.0002,-3.38217e-17,-4.45334e-12,-3.38217e-17,0.0002,4.61192e-12,-4.45334e-12,4.61192e-12,0.0002
0.589176,0.393024,-1.58865,0.589003,0.393097,-1.58882,-0.0105239,-0.00597598,-0.0166473,13.8004,0.0002,-2.16354e-17,-2.85014e-12,-2.16354e-17,0.0002,2.95163e-12,-2.85014e-12,2.95163e-12,0.0002
0.589143,0.39303,-1.58869,0.589063,0.393104,-1.58855,-0.0105574,-0.00607049,-0.0166916,13.8388,0.0002,-1.89637e-14,1.66909e-09,-1.89637e-14,0.0002,-1.73004e-09,1.66909e-09,-1.73004e-09,0.0002
0.589113,0.393047,-1.58864,0.588993,0.393009,-1.58845,-0.0105869,-0.00605339,-0.0166439,13.841,0.0002,1.31343e-14,-2.33463e-09,1.31343e-14,0.0002,-1.04633e-09,-2.33463e-09,-1.04633e-09,0.0002
0.589137,0.39303,-1.58854,0.589181,0.393019,-1.58846,-0.0105629,-0.00606981,-0.0165446,13.8381,0.0002,2.15005e-15,2.37498e-10,2.15005e-15,0.0002,1.00154e-09,2.37498e-10,1.00154e-09,0.0002
0.589146,0.39308,-1.5886,0.58918,0.393277,-1.58882,-0.0105543,-0.00602039,-0.0165989,13.8181,0.0002,1.25425e-15,1.51999e-10,1.25425e-15,0.0002,6.40988e-10,1.51999e-10,6.40988e-10,0.0002
0.589112,0.393041,-1.58848,0.588978,0.392887,-1.58802,-0.0105879,-0.00605888,-0.0164829,13.8087,0.0002,7.52834e-16,9.72793e-11,7.52834e-16,0.0002,4.10232e-10,9.72793e-11,4.10232e-10,0.0002
0.589088,0.393074,-1.58839,0.58899,0.393205,-1.588,-0.0106123,-0.00602616,-0.0163862,13.7825,0.0002,4.61382e-16,6.22587e-11,4.61382e-16,0.0002,2.62549e-10,6.22587e-11,2.62549e-10,0.0002
0.589101,0.393099,-1.58833,0.589156,0.393201,-1.58811,-0.0105987,-0.00600065,-0.0163308,13.7929,0.0002,2.86915e-16,3.98456e-11,2.86915e-16,0.0002,1.68031e-10,3.98456e-11,1.68031e-10,0.0002
0.589059,0.393109,-1.5883,0.588891,0.39315,-1.58819,-0.0106407,-0.00589056,-0.0163017,13.8621,0.0002,1.80198e-16,2.55012e-11,1.80198e-16,0.0002,1.0754e-10,2.55012e-11,1.0754e-10,0.0002
0.589033,0.393101,-1.58838,0.588982,0.393014,-1.58838,-0.0106667,-0.00599892,-0.0163806,13.8251,0.0002,1.81446e-14,-1.71503e-09,1.81446e-14,0.0002,-1.60269e-09,-1.71503e-09,-1.60269e-09,0.0002
0.589053,0.393094,-1.58824,0.589078,0.393118,-1.58799,-0.0106473,-0.00600633,-0.016239,13.8845,0.0002,5.50263e-15,6.336e-10,5.50263e-15,0.0002,6.4593e-10,6.336e-10,6.4593e-10,0.0002
0.58914,0.392987,-1.5884,0.589487,0.392561,-1.58906,-0.0105605,-0.00611292,-0.0164026,13.8465,0.0002,3.31214e-15,4.05504e-10,3.31214e-15,0.0002,4.13395e-10,4.05504e-10,4.13395e-10,0.0002
0.589137,0.393097,-1.58837,0.589125,0.393537,-1.58826,-0.0105634,-0.00600293,-0.0163735,13.8019,0.0002,2.03394e-15,2.59523e-10,2.03394e-15,0.0002,2.64573e-10,2.59523e-10,2.64573e-10,0.0002
0.589133,0.393107,-1.58835,0.589118,0.393149,-1.58827,-0.0105671,-0.00599259,-0.0163526,13.8565,0.0002,1.26657e-15,1.66094e-10,1.26657e-15,0.0002,1.69327e-10,1.66094e-10,1.69327e-10,0.0002
0.589139,0.393048,-1.58834,0.589165,0.392811,-1.58827,-0.0105607,-0.00605184,-0.0163354,13.7832,0.0002,7.96204e-16,1.063e-10,7.96204e-16,0.0002,1.08369e-10,1.063e-10,1.08369e-10,0.0002
0.589155,0.392957,-1.5885,0.589216,0.392593,-1.58915,-0.0105454,-0.00614285,-0.0164991,13.8467,0.0002,5.03672e-16,6.80323e-11,5.03672e-16,0.0002,6.93562e-11,6.80323e-11,6.93562e-11,0.0002
0.589157,0.392988,-1.58855,0.589221,0.393056,-1.58845,-0.0105426,-0.00611224,-0.0165525,13.8551,0.0002,1.83295e-14,-1.68814e-09,1.83295e-14,0.0002,-1.62678e-09,-1.68814e-09,-1.62678e-09,0.0002
0.589182,0.393013,-1.58846,0.589228,0.393169,-1.58842,-0.010518,-0.00608691,-0.0164616,13.9121,0.0002,5.63566e-15,6.51097e-10,5.63566e-15,0.0002,6.30211e-10,6.51097e-10,6.30211e-10,0.0002
0.589147,0.3931,-1.58837,0.589061,0.393396,-1.58767,-0.0105527,-0.00599952,-0.0163677,13.8212,0.0002,1.32347e-14,-1.31492e-09,1.32347e-14,0.0002,-1.2679e-09,-1.31492e-09,-1.2679e-09,0.0002
0.589081,0.39307,-1.58843,0.588765,0.393,-1.58838,-0.0106188,-0.00603035,-0.0164335,13.8486,0.0002,8.15732e-15,8.89916e-10,8.15732e-15,0.0002,8.59941e-10,8.89916e-10,8.59941e-10,0.0002
0.588994,0.393151,-1.58828,0.5887,0.39353,-1.58799,-0.0107059,-0.00594864,-0.0162814,13.8427,0.0002,-1.45967e-14,2.2411e-09,-1.45967e-14,0.0002,-1.18095e-09,2.2411e-09,-1.18095e-09,0.0002
0.588944,0.393157,-1.58822,0.588741,0.39318,-1.58795,-0.0107564,-0.00594291,-0.0162155,13.7986,0.0002,-7.9868e-15,1.43431e-09,-7.9868e-15,0.0002,-7.55807e-10,1.43431e-09,-7.55807e-10,0.0002
0.588889,0.393262,-1.58817,0.588672,0.393681,-1.588,-0.0108107,-0.00583814,-0.0161724,13.8122,0.0002,-4.55652e-15,9.17956e-10,-4.55652e-15,0.0002,-4.83716e-10,9.17956e-10,-4.83716e-10,0.0002
0.588872,0.393253,-1.58813,0.5888,0.393217,-1.58795,-0.0108284,-0.00574703,-0.0161284,13.786,0.0002,-2.68883e-15,5.87492e-10,-2.68883e-15,0.0002,-3.09578e-10,5.87492e-10,-3.09578e-10,0.0002
0.588838,0.393244,-1.58807,0.588706,0.393208,-1.58782,-0.0108616,-0.0058561,-0.0160676,13.7698,0.0002,-1.62773e-15,3.75995e-10,-1.62773e-15,0.0002,-1.9813e-10,3.75995e-10,-1.9813e-10,0.0002
0.588773,0.393234,-1.58801,0.58851,0.393193,-1.58775,-0.0109273,-0.00586637,-0.016005,13.7541,0.0002,-1.00361e-15,2.40637e-10,-1.00361e-15,0.0002,-1.26803e-10,2.40637e-10,-1.26803e-10,0.0002
0.588762,0.393213,-1.58804,0.588718,0.393129,-1.58819,-0.0109383,-0.00588737,-0.0160413,13.7601,0.0002,-6.26684e-16,1.54007e-10,-6.26684e-16,0.0002,-8.11541e-11,1.54007e-10,-8.11541e-11,0.0002
0.588757,0.393187,-1.58799,0.588737,0.393085,-1.58777,-0.0109432,-0.00591285,-0.015988,13.792,0.0002,-3.94679e-16,9.85648e-11,-3.94679e-16,0.0002,-5.19386e-11,9.85648e-11,-5.19386e-11,0.0002
0.588815,0.393221,-1.58782,0.588995,0.393306,-1.58749,-0.0108848,-0.00587865,-0.0158249,13.8509,0.0002,-1.81611e-14,-1.60925e-09,-1.81611e-14,0.0002,1.69732e-09,-1.60925e-09,1.69732e-09,0.0002
0.588801,0.393159,-1.58787,0.588798,0.39296,-1.58773,-0.010899,-0.00584139,-0.01587,13.8119,0.0002,-5.59875e-15,6.42418e-10,-5.59875e-15,0.0002,-6.4427e-10,6.42418e-10,-6.4427e-10,0.0002
0.588762,0.39319,-1.58784,0.588608,0.393316,-1.58774,-0.0109376,-0.00580982,-0.0158448,13.8164,0.0002,-3.37129e-15,4.11147e-10,-3.37129e-15,0.0002,-4.12333e-10,4.11147e-10,-4.12333e-10,0.0002
0.588792,0.393211,-1.58786,0.588912,0.3934,-1.58792,-0.010908,-0.00578917,-0.01586,13.8721,0.0002,-9.35982e-15,3.66603e-09,-9.35982e-15,0.0002,-3.21913e-10,3.66603e-09,-3.21913e-10,0.0002
0.588827,0.393207,-1.58785,0.588858,0.393085,-1.58783,-0.0108733,-0.00579342,-0.0158549,13.8084,0.0002,-2.35437e-14,-9.98565e-10,-2.35437e-14,0.0002,3.25494e-09,-9.98565e-10,3.25494e-09,0.0002
0.588812,0.393197,-1.58773,0.588809,0.393211,-1.58755,-0.0108877,-0.00580306,-0.0157298,13.8141,0.0002,-2.27422e-15,1.03348e-09,-2.27422e-15,0.0002,3.52821e-10,1.03348e-09,3.52821e-10,0.0002
0.588863,0.393183,-1.58794,0.589068,0.393126,-1.58817,-0.0108366,-0.00581731,-0.0159441,13.782,0.0002,-1.64219e-15,6.61425e-10,-1.64219e-15,0.0002,2.25806e-10,6.61425e-10,2.25806e-10,0.0002
0.588827,0.393162,-1.58779,0.588681,0.393077,-1.58782,-0.0108731,-0.00583841,-0.0157927,13.7899,0.0002,-1.12747e-15,4.23312e-10,-1.12747e-15,0.0002,1.44516e-10,4.23312e-10,1.44516e-10,0.0002
0.588806,0.39317,-1.58795,0.588775,0.393256,-1.58825,-0.0108943,-0.00582996,-0.0159472,13.7929,0.0002,-2.18069e-14,1.94331e-09,-2.18069e-14,0.0002,-1.63801e-09,1.94331e-09,-1.63801e-09,0.0002
0.588805,0.393277,-1.58788,0.588803,0.393704,-1.5876,-0.0108949,-0.00582313,-0.0158787,13.8322,0.0002,-1.23266e-14,1.24372e-09,-1.23266e-14,0.0002,-1.04833e-09,1.24372e-09,-1.04833e-09,0.0002
0.588779,0.393293,-1.58784,0.588671,0.39325,-1.58768,-0.0109213,-0.00580716,-0.0158387,13.7948,0.0002,6.76683e-15,-2.60692e-09,6.76683e-15,0.0002,-6.12796e-10,-2.60692e-09,-6.12796e-10,0.0002
0.58881,0.393261,-1.58774,0.588882,0.393187,-1.58766,-0.0108903,-0.00583906,-0.0157399,13.827,0.0002,-2.61208e-16,6.18901e-11,-2.61208e-16,0.0002,1.2804e-09,6.18901e-11,1.2804e-09,0.0002
0.588789,0.393276,-1.58774,0.588706,0.393336,-1.58774,-0.0109111,-0.00582403,-0.0157406,13.767,0.0002,-2.07746e-16,3.96097e-11,-2.07746e-16,0.0002,8.19454e-10,3.96097e-11,8.19454e-10,0.0002
0.588817,0.393249,-1.58783,0.588932,0.393142,-1.58817,-0.0108826,-0.0058508,-0.0158258,13.7838,0.0002,-1.49576e-16,2.53502e-11,-1.49576e-16,0.0002,5.24451e-10,2.53502e-11,5.24451e-10,0.0002
0.588794,0.393252,-1.58782,0.588698,0.393264,-1.58779,-0.0109064,-0.00584782,-0.0158179,13.7975,0.0002,-1.02536e-16,1.62241e-11,-1.02536e-16,0.0002,3.35649e-10,1.62241e-11,3.35649e-10,0.0002
0.588772,0.393318,-1.58791,0.588737,0.393525,-1.58797,-0.0109282,-0.00578246,-0.0159125,13.8579,0.0002,1.63704e-14,-1.72016e-09,1.63704e-14,0.0002,-1.45753e-09,-1.72016e-09,-1.45753e-09,0.0002
0.588788,0.393264,-1.58793,0.588853,0.393048,-1.588,-0.0109119,-0.0058364,-0.0159303,13.8285,0.0002,9.19338e-15,-1.1009e-09,9.19338e-15,0.0002,-9.32821e-10,-1.1009e-09,-9.32821e-10,0.0002
0.588809,0.393264,-1.58794,0.588894,0.393267,-1.58795,-0.0108907,-0.00583579,-0.0159352,13.8035,0.0002,5.35797e-15,-7.04579e-10,5.35797e-15,0.0002,-5.97005e-10,-7.04579e-10,-5.97005e-10,0.0002
0.588799,0.393265,-1.58794,0.58876,0.393266,-1.58796,-0.0109006,-0.00573546,-0.0159395,13.769,0.0002,3.21373e-15,-4.5093e-10,3.21373e-15,0.0002,-3.82083e-10,-4.5093e-10,-3.82083e-10,0.0002
0.588802,0.393233,-1.58792,0.588812,0.393105,-1.58786,-0.0108982,-0.00576727,-0.0159234,13.7708,0.0002,1.96857e-15,-2.88595e-10,1.96857e-15,0.0002,-2.44533e-10,-2.88595e-10,-2.44533e-10,0.0002
0.588765,0.393185,-1.58789,0.588619,0.392995,-1.58777,-0.0109347,-0.00591487,-0.0158933,13.7909,0.0002,1.22376e-15,-1.84701e-10,1.22376e-15,0.0002,-1.56501e-10,-1.84701e-10,-1.56501e-10,0.0002
0.588741,0.393164,-1.58791,0.588644,0.393082,-1.58798,-0.010959,-0.0058355,-0.0159108,13.7906,0.0002,7.68404e-16,-1.18209e-10,7.68404e-16,0.0002,-1.00161e-10,-1.18209e-10,-1.00161e-10,0.0002
0.588768,0.393177,-1.58786,0.588878,0.393225,-1.58767,-0.0109316,-0.00582338,-0.0158629,13.837,0.0002,4.85716e-16,-7.56536e-11,4.85716e-16,0.0002,-6.4103e-11,-7.56536e-11,-6.4103e-11,0.0002
0.588715,0.3932,-1.58788,0.588502,0.393292,-1.58795,-0.010985,-0.00580028,-0.0158802,13.742,0.0002,3.08375e-16,-4.84183e-11,3.08375e-16,0.0002,-4.10259e-11,-4.84183e-11,-4.10259e-11,0.0002
0.588676,0.393205,-1.58788,0.588519,0.393227,-1.58788,-0.0110242,-0.00579487,-0.0158797,13.7617,0.0002,1.96343e-16,-3.09877e-11,1.96343e-16,0.0002,-2.62566e-11,-3.09877e-11,-2.62566e-11,0.0002
0.588714,0.393241,-1.58793,0.588817,0.393438,-1.5878,-0.0109856,-0.00575908,-0.015927,13.792,0.0002,1.8709e-14,1.71082e-09,1.8709e-14,0.0002,1.65544e-09,1.71082e-09,1.65544e-09,0.0002
0.588664,0.393271,-1.58782,0.588465,0.393393,-1.58741,-0.0110356,-0.00572861,-0.0158228,13.7713,0.0002,1.05237e-14,1.09492e-09,1.05237e-14,0.0002,1.05948e-09,1.09492e-09,1.05948e-09,0.0002
0.588662,0.393319,-1.5878,0.588652,0.393509,-1.58772,-0.011038,-0.00568104,-0.0158022,13.7935,0.0002,6.14124e-15,7.00751e-10,6.14124e-15,0.0002,6.78067e-10,7.00751e-10,6.78067e-10,0.0002
0.588652,0.393317,-1.58779,0.588612,0.393307,-1.58772,-0.011048,-0.00568344,-0.0157861,13.7868,0.0002,3.68711e-15,4.48481e-10,3.68711e-15,0.0002,4.33963e-10,4.48481e-10,4.33963e-10,0.0002
0.588664,0.39332,-1.58777,0.588712,0.393331,-1.58773,-0.0110361,-0.00568048,-0.0157745,13.7768,0.0002,2.26011e-15,2.87028e-10,2.26011e-15,0.0002,2.77736e-10,2.87028e-10,2.77736e-10,0.0002
0.588678,0.39332,-1.58781,0.588737,0.393321,-1.58793,-0.0110216,-0.00568016,-0.0158061,13.7773,0.0002,1.40565e-15,1.83698e-10,1.40565e-15,0.0002,1.77751e-10,1.83698e-10,1.77751e-10,0.0002
0.588663,0.393323,-1.58776,0.588599,0.393335,-1.58756,-0.0110374,-0.00567716,-0.015757,13.7694,0.0002,8.82899e-16,1.17566e-10,8.82899e-16,0.0002,1.13761e-10,1.17566e-10,1.13761e-10,0.0002
0.588685,0.393317,-1.5878,0.588774,0.393294,-1.58795,-0.0110152,-0.00568295,-0.0157962,13.7982,0.0002,5.58208e-16,7.52426e-11,5.58208e-16,0.0002,7.28069e-11,7.52426e-11,7.28069e-11,0.0002
0.588675,0.393269,-1.58777,0.588634,0.393078,-1.58769,-0.0110254,-0.00573071,-0.0157744,13.8054,0.0002,3.54448e-16,4.81552e-11,3.54448e-16,0.0002,4.65964e-11,4.81552e-11,4.65964e-11,0.0002
0.588742,0.393307,-1.58778,0.589013,0.393457,-1.58782,-0.0109577,-0.00569321,-0.0157838,13.7848,0.0002,2.25698e-16,3.08194e-11,2.25698e-16,0.0002,2.98217e-11,3.08194e-11,2.98217e-11,0.0002
0.588745,0.393243,-1.58791,0.588701,0.392938,-1.5881,-0.0109552,-0.0057566,-0.0159107,13.7781,0.0002,-1.88339e-14,-1.65268e-09,-1.88339e-14,0.0002,1.74958e-09,-1.65268e-09,1.74958e-09,0.0002
0.588745,0.393276,-1.58784,0.588693,0.393461,-1.58788,-0.0109552,-0.00572385,-0.0158401,13.7534,0.0002,9.52581e-15,6.72719e-10,9.52581e-15,0.0002,2.79219e-09,6.72719e-10,2.79219e-09,0.0002
0.588713,0.393252,-1.58788,0.588641,0.393206,-1.58772,-0.0109867,-0.00574844,-0.0158786,13.7906,0.0002,8.64336e-16,2.10285e-09,8.64336e-16,0.0002,5.64184e-11,2.10285e-09,5.64184e-11,0.0002
0.588673,0.393284,-1.5879,0.588513,0.393416,-1.58798,-0.0110268,-0.00571556,-0.0158992,13.8373,0.0002,4.92432e-16,1.34582e-09,4.92432e-16,0.0002,3.61078e-11,1.34582e-09,3.61078e-11,0.0002
0.588648,0.393292,-1.58789,0.588546,0.393322,-1.58785,-0.0110521,-0.00570814,-0.0158895,13.7546,0.0002,2.90276e-16,8.61327e-10,2.90276e-16,0.0002,2.3109e-11,8.61327e-10,2.3109e-11,0.0002
0.588625,0.393271,-1.58788,0.588642,0.393183,-1.58783,-0.0110745,-0.00572947,-0.0158767,13.7948,0.0002,-1.08412e-14,4.93078e-10,-1.08412e-14,0.0002,-3.38811e-09,4.93078e-10,-3.38811e-09,0.0002
0.588599,0.393256,-1.58776,0.588493,0.393197,-1.58728,-0.0111009,-0.00574425,-0.0157572,13.7952,0.0002,-6.08304e-15,3.1557e-10,-6.08304e-15,0.0002,-2.16839e-09,3.1557e-10,-2.16839e-09,0.0002
0.588618,0.393305,-1.58774,0.588638,0.393449,-1.58801,-0.0110823,-0.00569523,-0.0157446,13.7522,0.0002,-5.00837e-15,-1.47076e-09,-5.00837e-15,0.0002,3.42412e-10,-1.47076e-09,3.42412e-10,0.0002
0.588583,0.39332,-1.5877,0.588444,0.393381,-1.58752,-0.0111172,-0.00567994,-0.0157001,13.7754,0.0002,-2.94751e-15,-9.41288e-10,-2.94751e-15,0.0002,2.19143e-10,-9.41288e-10,2.19143e-10,0.0002
0.588577,0.393306,-1.58771,0.588556,0.393248,-1.58776,-0.0111226,-0.00569442,-0.015712,13.767,0.0002,-1.78079e-15,-6.02425e-10,-1.78079e-15,0.0002,1.40252e-10,-6.02425e-10,1.40252e-10,0.0002
0.588574,0.393343,-1.58763,0.588562,0.393491,-1.58728,-0.0111256,-0.0056573,-0.0156261,13.786,0.0002,-1.09645e-15,-3.85552e-10,-1.09645e-15,0.0002,8.97611e-11,-3.85552e-10,8.97611e-11,0.0002
0.588576,0.393316,-1.58763,0.588582,0.393211,-1.58764,-0.0111241,-0.00568358,-0.015628,13.7717,0.0002,-6.84008e-16,-2.46753e-10,-6.84008e-16,0.0002,5.74471e-11,-2.46753e-10,5.74471e-11,0.0002
0.588576,0.393342,-1.58767,0.588577,0.393445,-1.58782,-0.0111238,-0.00565791,-0.0156663,13.7745,0.0002,-4.30507e-16,-1.57922e-10,-4.30507e-16,0.0002,3.67662e-11,-1.57922e-10,3.67662e-11,0.0002
0.588597,0.393325,-1.58767,0.58868,0.393258,-1.58771,-0.0111031,-0.00567471,-0.0156743,13.7926,0.0002,-2.72552e-16,-1.0107e-10,-2.72552e-16,0.0002,2.35303e-11,-1.0107e-10,2.35303e-11,0.0002
0.588581,0.393301,-1.58774,0.588515,0.393206,-1.58802,-0.0111194,-0.0056986,-0.0157426,13.7448,0.0002,-1.73216e-16,-6.46848e-11,-1.73216e-16,0.0002,1.50594e-11,-6.46848e-11,1.50594e-11,0.0002
0.588598,0.39328,-1.58767,0.58872,0.393247,-1.58772,-0.0111023,-0.00572,-0.0156748,13.7662,0.0002,-1.85272e-14,1.63135e-09,-1.85272e-14,0.0002,-1.72052e-09,1.63135e-09,-1.72052e-09,0.0002
0.588608,0.39328,-1.58772,0.588648,0.393279,-1.58791,-0.0110923,-0.00572015,-0.0157211,13.7395,0.0002,-1.04203e-14,1.04407e-09,-1.04203e-14,0.0002,-1.10113e-09,1.04407e-09,-1.10113e-09,0.0002
0.58855,0.393272,-1.58767,0.58832,0.393242,-1.58748,-0.0111499,-0.00572765,-0.0156731,13.787,0.0002,-6.08039e-15,6.68203e-10,-6.08039e-15,0.0002,-7.04724e-10,6.68203e-10,-7.04724e-10,0.0002
0.588603,0.393329,-1.58776,0.588758,0.393502,-1.58781,-0.0110975,-0.00567132,-0.0157633,13.7489,0.0002,-1.28363e-14,-1.24495e-09,-1.28363e-14,0.0002,1.27928e-09,-1.24495e-09,1.27928e-09,0.0002
0.588668,0.393235,-1.58777,0.588878,0.392914,-1.58749,-0.0110319,-0.00576511,-0.0157714,13.8302,0.0002,1.21455e-14,9.33688e-10,1.21455e-14,0.0002,2.49118e-09,9.33688e-10,2.49118e-09,0.0002
0.588641,0.393279,-1.58768,0.588584,0.393402,-1.58764,-0.0110591,-0.00572078,-0.0156815,13.7875,0.0002,9.12323e-16,-1.13264e-09,9.12323e-16,0.0002,-7.83465e-11,-1.13264e-09,-7.83465e-11,0.0002
0.58863,0.393279,-1.58775,0.588584,0.39328,-1.58805,-0.0111705,-0.00572064,-0.0157542,13.8477,0.0002,5.38452e-16,-7.24891e-10,5.38452e-16,0.0002,-5.01417e-11,-7.24891e-10,-5.01417e-11,0.0002
0.588678,0.393292,-1.58777,0.588872,0.393451,-1.58784,-0.0111223,-0.00570764,-0.0157715,13.7774,0.0002,-1.50372e-15,2.93897e-09,-1.50372e-15,0.0002,-8.98023e-11,2.93897e-09,-8.98023e-11,0.0002
0.588635,0.393309,-1.5877,0.588517,0.39332,-1.58774,-0.0111649,-0.00569126,-0.0157007,13.7635,0.0002,-1.82935e-15,1.50739e-10,-1.82935e-15,0.0002,-1.73018e-09,1.50739e-10,-1.73018e-09,0.0002
0.588663,0.393288,-1.58777,0.588721,0.393258,-1.58774,-0.0111373,-0.00571216,-0.0157713,13.792,0.0002,6.44016e-15,1.82682e-09,6.44016e-15,0.0002,5.65238e-10,1.82682e-09,5.65238e-10,0.0002
0.588652,0.393311,-1.58779,0.588608,0.393404,-1.58787,-0.0111481,-0.00568897,-0.015791,13.7659,0.0002,3.59302e-15,1.16917e-09,3.59302e-15,0.0002,3.61752e-10,1.16917e-09,3.61752e-10,0.0002
0.588635,0.3933,-1.5878,0.588569,0.393255,-1.58784,-0.0111648,-0.00570013,-0.0158007,13.7981,0.0002,2.08298e-15,7.48267e-10,2.08298e-15,0.0002,2.31521e-10,7.48267e-10,2.31521e-10,0.0002
0.588663,0.393306,-1.5878,0.588773,0.393332,-1.58781,-0.0111373,-0.00569361,-0.0158021,13.7709,0.0002,1.24441e-15,4.78891e-10,1.24441e-15,0.0002,1.48174e-10,4.78891e-10,1.48174e-10,0.0002
0.588681,0.393344,-1.58782,0.588753,0.393494,-1.58789,-0.0111192,-0.00565612,-0.0158204,13.7801,0.0002,7.60091e-16,3.0649e-10,7.60091e-16,0.0002,9.48312e-11,3.0649e-10,9.48312e-11,0.0002
0.588641,0.393331,-1.58784,0.588483,0.393282,-1.58794,-0.0111588,-0.00566856,-0.0158446,13.759,0.0002,4.71577e-16,1.96154e-10,4.71577e-16,0.0002,6.0692e-11,1.96154e-10,6.0692e-11,0.0002
0.588591,0.393302,-1.58777,0.58839,0.393182,-1.58749,-0.0112092,-0.00569835,-0.0157742,13.7689,0.0002,2.95714e-16,1.25538e-10,2.95714e-16,0.0002,3.88428e-11,1.25538e-10,3.88428e-11,0.0002
0.588655,0.39338,-1.58775,0.588911,0.393695,-1.58764,-0.0111452,-0.00561976,-0.015748,13.867,0.0002,1.8676e-16,8.03445e-11,1.8676e-16,0.0002,2.48594e-11,8.03445e-11,2.48594e-11,0.0002
0.588602,0.393329,-1.58779,0.588442,0.393069,-1.58766,-0.0111983,-0.00567123,-0.0157941,13.7793,0.0002,1.83659e-14,-1.67901e-09,1.83659e-14,0.0002,-1.65656e-09,-1.67901e-09,-1.65656e-09,0.0002
0.588563,0.393286,-1.58774,0.588408,0.393115,-1.58754,-0.0112369,-0.00571398,-0.0157438,13.7788,0.0002,1.03301e-14,-1.07457e-09,1.03301e-14,0.0002,-1.0602e-09,-1.07457e-09,-1.0602e-09,0.0002
0.588557,0.3933,-1.58777,0.588532,0.393354,-1.58786,-0.0112432,-0.00570034,-0.0157678,13.7591,0.0002,6.02798e-15,-6.87722e-10,6.02798e-15,0.0002,-6.78527e-10,-6.87722e-10,-6.78527e-10,0.0002
0.588586,0.393308,-1.5876,0.588651,0.393396,-1.58724,-0.0112139,-0.00569193,-0.0155996,13.8053,0.0002,1.28494e-14,1.29005e-09,1.28494e-14,0.0002,1.23845e-09,1.29005e-09,1.23845e-09,0.0002
0.588555,0.393334,-1.58762,0.588481,0.393384,-1.58737,-0.0112453,-0.00566588,-0.0156174,13.7829,0.0002,8.3355e-15,-9.04546e-10,8.3355e-15,0.0002,-8.80116e-10,-9.04546e-10,-8.80116e-10,0.0002
0.58854,0.393325,-1.58758,0.588426,0.393341,-1.58774,-0.0112605,-0.00567524,-0.0155789,13.7606,0.0002,1.11695e-14,1.15104e-09,1.11695e-14,0.0002,1.1097e-09,1.15104e-09,1.1097e-09,0.0002
0.588556,0.393311,-1.5876,0.588622,0.393255,-1.58769,-0.0112441,-0.00558928,-0.0156006,13.7959,0.0002,6.49448e-15,7.36663e-10,6.49448e-15,0.0002,7.10205e-10,7.36663e-10,7.10205e-10,0.0002
0.588634,0.393301,-1.58777,0.589001,0.393206,-1.58812,-0.0111655,-0.00559942,-0.0157672,13.8455,0.0002,1.2545e-14,-1.25872e-09,1.2545e-14,0.0002,-1.21819e-09,-1.25872e-09,-1.21819e-09,0.0002
0.588655,0.393248,-1.58775,0.588791,0.39309,-1.58802,-0.011145,-0.00565189,-0.0157545,13.7599,0.0002,-1.11603e-14,8.6713e-10,-1.11603e-14,0.0002,-2.50984e-09,8.6713e-10,-2.50984e-09,0.0002
0.588687,0.393228,-1.58781,0.588813,0.393146,-1.58804,-0.0111134,-0.00567234,-0.0158108,13.8258,0.0002,-6.02831e-15,5.54963e-10,-6.02831e-15,0.0002,-1.6063e-09,5.54963e-10,-1.6063e-09,0.0002
0.588709,0.393118,-1.58794,0.588799,0.392678,-1.58847,-0.0110909,-0.00578218,-0.0159434,13.7609,0.0002,-3.40171e-15,3.55177e-10,-3.40171e-15,0.0002,-1.02803e-09,3.55177e-10,-1.02803e-09,0.0002
0.588744,0.393119,-1.58805,0.588829,0.393178,-1.58817,-0.0110565,-0.00578089,-0.0160523,13.8414,0.0002,1.20235e-14,1.95807e-09,1.20235e-14,0.0002,1.01419e-09,1.95807e-09,1.01419e-09,0.0002
0.588823,0.393099,-1.58812,0.589141,0.39302,-1.58841,-0.0109769,-0.00580062,-0.016124,13.8584,0.0002,6.67829e-15,1.25316e-09,6.67829e-15,0.0002,6.49082e-10,1.25316e-09,6.49082e-10,0.0002
0.588836,0.393185,-1.58808,0.588887,0.393526,-1.58792,-0.0109641,-0.00571528,-0.0160841,13.8442,0.0002,3.85764e-15,8.02025e-10,3.85764e-15,0.0002,4.15413e-10,8.02025e-10,4.15413e-10,0.0002
0.58883,0.393119,-1.58806,0.588805,0.392858,-1.58798,-0.0109703,-0.00578068,-0.0160629,13.7969,0.0002,2.29831e-15,5.13296e-10,2.29831e-15,0.0002,2.65864e-10,5.13296e-10,2.65864e-10,0.0002
0.588837,0.393106,-1.58808,0.588865,0.393053,-1.58816,-0.0109633,-0.00579396,-0.0160832,13.8904,0.0002,1.40105e-15,3.2851e-10,1.40105e-15,0.0002,1.70153e-10,3.2851e-10,1.70153e-10,0.0002
0.588843,0.393119,-1.5881,0.588868,0.393171,-1.58819,-0.0109572,-0.00578103,-0.0161039,13.7668,0.0002,8.6805e-16,2.10246e-10,8.6805e-16,0.0002,1.08898e-10,2.10246e-10,1.08898e-10,0.0002
0.588798,0.393129,-1.58801,0.58862,0.393168,-1.58764,-0.0110018,-0.00577114,-0.0160115,13.7723,0.0002,5.4383e-16,1.34558e-10,5.4383e-16,0.0002,6.96947e-11,1.34558e-10,6.96947e-11,0.0002
0.588809,0.393126,-1.58802,0.58885,0.393115,-1.58804,-0.0109914,-0.00577385,-0.0160162,13.7864,0.0002,3.43249e-16,8.61168e-11,3.43249e-16,0.0002,4.46046e-11,8.61168e-11,4.46046e-11,0.0002
0.588764,0.393148,-1.588,0.588587,0.393237,-1.58795,-0.0110357,-0.00575174,-0.016003,13.7629,0.0002,2.17713e-16,5.51148e-11,2.17713e-16,0.0002,2.8547e-11,5.51148e-11,2.8547e-11,0.0002
0.588732,0.393154,-1.58801,0.588602,0.393179,-1.58802,-0.0110682,-0.00574569,-0.0160063,13.7523,0.0002,1.38531e-16,3.52734e-11,1.38531e-16,0.0002,1.827e-11,3.52734e-11,1.827e-11,0.0002
0.58872,0.393133,-1.58798,0.588672,0.393048,-1.58788,-0.0110802,-0.00576696,-0.0159817,13.7946,0.0002,8.83297e-17,2.2575e-11,8.83297e-17,0.0002,1.16928e-11,2.2575e-11,1.16928e-11,0.0002
0.588729,0.393158,-1.58794,0.588711,0.393206,-1.58809,-0.0110711,-0.00574185,-0.0159395,13.8411,0.0002,-1.8854e-14,-1.65789e-09,-1.8854e-14,0.0002,1.73804e-09,-1.65789e-09,1.73804e-09,0.0002
0.588721,0.393183,-1.58791,0.588687,0.393282,-1.58781,-0.0110794,-0.00571709,-0.0159127,13.7728,0.0002,-1.05913e-14,-1.06105e-09,-1.05913e-14,0.0002,1.11234e-09,-1.06105e-09,1.11234e-09,0.0002
0.588665,0.393167,-1.58801,0.588497,0.393156,-1.58807,-0.0111349,-0.00573292,-0.0160081,13.7492,0.0002,-9.64144e-15,9.93112e-10,-9.64144e-15,0.0002,-1.0188e-09,9.93112e-10,-1.0188e-09,0.0002
0.588648,0.393211,-1.58788,0.588525,0.393332,-1.58767,-0.011152,-0.00568941,-0.0158775,13.7747,0.0002,-1.02707e-14,-1.0367e-09,-1.02707e-14,0.0002,1.07856e-09,-1.0367e-09,1.07856e-09,0.0002
0.588647,0.393192,-1.58789,0.588645,0.39312,-1.58792,-0.0111526,-0.00570754,-0.0158851,13.7948,0.0002,-6.00073e-15,-6.63489e-10,-6.00073e-15,0.0002,6.90281e-10,-6.63489e-10,6.90281e-10,0.0002
0.588658,0.393204,-1.58784,0.5887,0.393252,-1.58768,-0.0111422,-0.00569555,-0.0158448,13.8012,0.0002,-3.60597e-15,-4.24633e-10,-3.60597e-15,0.0002,4.4178e-10,-4.24633e-10,4.4178e-10,0.0002
0.588658,0.393194,-1.58788,0.588661,0.393152,-1.58804,-0.0111416,-0.00570604,-0.0158831,13.7579,0.0002,-2.21178e-15,-2.71765e-10,-2.21178e-15,0.0002,2.82739e-10,-2.71765e-10,2.82739e-10,0.0002
0.588644,0.3932,-1.5878,0.588642,0.393276,-1.58779,-0.0111557,-0.00570014,-0.015802,13.7895,0.0002,-1.64075e-14,1.49858e-09,-1.64075e-14,0.0002,-1.54944e-09,1.49858e-09,-1.54944e-09,0.0002
0.588647,0.393194,-1.58782,0.588657,0.393172,-1.58791,-0.0111532,-0.00570571,-0.0158238,13.7891,0.0002,-9.31195e-15,9.59091e-10,-9.31195e-15,0.0002,-9.9164e-10,9.59091e-10,-9.9164e-10,0.0002
0.588712,0.393201,-1.58786,0.588922,0.393284,-1.58769,-0.0110876,-0.00569867,-0.0158597,13.8079,0.0002,1.30486e-14,2.34437e-09,1.30486e-14,0.0002,1.03769e-09,2.34437e-09,1.03769e-09,0.0002
0.588699,0.393214,-1.58783,0.588644,0.393262,-1.58771,-0.0111012,-0.00568648,-0.0158297,13.7975,0.0002,7.10553e-15,1.5004e-09,7.10553e-15,0.0002,6.64121e-10,1.5004e-09,6.64121e-10,0.0002
0.588673,0.393148,-1.58782,0.58857,0.392887,-1.5878,-0.011127,-0.00575187,-0.015823,13.7821,0.0002,4.03736e-15,9.60256e-10,4.03736e-15,0.0002,4.25037e-10,9.60256e-10,4.25037e-10,0.0002
0.588712,0.393194,-1.58782,0.588923,0.393324,-1.58814,-0.0110875,-0.00570589,-0.0158233,13.8607,0.0002,1.15329e-14,-1.11573e-09,1.15329e-14,0.0002,-1.40059e-09,-1.11573e-09,-1.40059e-09,0.0002
0.588725,0.393205,-1.58783,0.588777,0.393251,-1.58787,-0.0110747,-0.00569457,-0.0158325,13.7939,0.0002,6.58097e-15,-7.14064e-10,6.58097e-15,0.0002,-8.96378e-10,-7.14064e-10,-8.96378e-10,0.0002
0.588807,0.393166,-1.5879,0.589134,0.39301,-1.58819,-0.0109929,-0.00583375,-0.0159049,13.8249,0.0002,3.8841e-15,-4.57001e-10,3.8841e-15,0.0002,-5.73682e-10,-4.57001e-10,-5.73682e-10,0.0002
0.58877,0.393199,-1.58787,0.588621,0.39333,-1.58772,-0.0110302,-0.00580093,-0.0158685,13.7542,0.0002,2.35159e-15,-2.92481e-10,2.35159e-15,0.0002,-3.67156e-10,-2.92481e-10,-3.67156e-10,0.0002
0.58879,0.393228,-1.5879,0.588818,0.393292,-1.58772,-0.0110098,-0.00577197,-0.0159016,13.7891,0.0002,-1.70895e-14,-1.85945e-09,-1.70895e-14,0.0002,1.49565e-09,-1.85945e-09,1.49565e-09,0.0002
0.588781,0.393145,-1.58785,0.5888,0.392866,-1.58795,-0.0110186,-0.00585486,-0.0158484,13.7886,0.0002,-4.48573e-15,4.82431e-10,-4.48573e-15,0.0002,-7.73204e-10,4.82431e-10,-7.73204e-10,0.0002
0.588839,0.393138,-1.58803,0.589069,0.393108,-1.58814,-0.0109611,-0.00586234,-0.0160341,13.8677,0.0002,-2.67988e-15,3.08756e-10,-2.67988e-15,0.0002,-4.94851e-10,3.08756e-10,-4.94851e-10,0.0002
0.588867,0.393189,-1.58792,0.588981,0.393395,-1.58809,-0.0109328,-0.00581089,-0.0159184,13.7717,0.0002,-1.6369e-15,1.97604e-10,-1.6369e-15,0.0002,-3.16704e-10,1.97604e-10,-3.16704e-10,0.0002
0.588945,0.393175,-1.58812,0.589258,0.39312,-1.58829,-0.0108547,-0.00582479,-0.0161198,13.8616,0.0002,-1.01557e-15,1.26466e-10,-1.01557e-15,0.0002,-2.02691e-10,1.26466e-10,-2.02691e-10,0.0002
0.588989,0.393108,-1.5881,0.589166,0.39284,-1.58867,-0.0108106,-0.00589174,-0.0161029,13.8565,0.0002,-6.36842e-16,8.09385e-11,-6.36842e-16,0.0002,-1.29722e-10,8.09385e-11,-1.29722e-10,0.0002
0.589014,0.393063,-1.58827,0.589056,0.39283,-1.58862,-0.0107865,-0.0059369,-0.0162691,13.8374,0.0002,-1.78949e-14,-1.62005e-09,-1.78949e-14,0.0002,1.648e-09,-1.62005e-09,1.648e-09,0.0002
0.588997,0.393088,-1.58823,0.588933,0.393188,-1.58808,-0.0108026,-0.00591194,-0.0162316,13.8402,0.0002,-1.00858e-14,-1.03683e-09,-1.00858e-14,0.0002,1.05472e-09,-1.03683e-09,1.05472e-09,0.0002
0.588992,0.393026,-1.58836,0.589024,0.392828,-1.58857,-0.010808,-0.00597443,-0.0163629,13.7983,0.0002,-9.94273e-15,1.00806e-09,-9.94273e-15,0.0002,-1.05622e-09,1.00806e-09,-1.05622e-09,0.0002
0.589018,0.392988,-1.58824,0.589069,0.392788,-1.58808,-0.0107819,-0.00601159,-0.0162428,13.8275,0.0002,-1.00647e-14,-1.02652e-09,-1.00647e-14,0.0002,1.05521e-09,-1.02652e-09,1.05521e-09,0.0002
0.589014,0.392981,-1.5882,0.588995,0.392953,-1.58805,-0.0107865,-0.00601858,-0.0162043,13.7829,0.0002,-5.88682e-15,-6.56974e-10,-5.88682e-15,0.0002,6.75337e-10,-6.56974e-10,6.75337e-10,0.0002
0.589044,0.393063,-1.58833,0.589218,0.393441,-1.58854,-0.0107564,-0.0059371,-0.0163346,13.8257,0.0002,-1.30138e-14,1.25122e-09,-1.30138e-14,0.0002,-1.29898e-09,1.25122e-09,-1.29898e-09,0.0002
0.589033,0.39303,-1.58828,0.588992,0.392896,-1.58805,-0.0107667,-0.00597048,-0.0162779,13.8121,0.0002,-7.4967e-15,8.00778e-10,-7.4967e-15,0.0002,-8.31345e-10,8.00778e-10,-8.31345e-10,0.0002
0.589001,0.392975,-1.58823,0.588927,0.392811,-1.58833,-0.0107989,-0.00602471,-0.0162258,13.7927,0.0002,-3.51084e-14,2.18432e-09,-3.51084e-14,0.0002,-2.26311e-09,2.18432e-09,-2.26311e-09,0.0002
0.588998,0.392939,-1.58815,0.588987,0.392795,-1.58787,-0.0108017,-0.00606071,-0.0161547,13.8138,0.0002,-1.99384e-14,1.39797e-09,-1.99384e-14,0.0002,-1.44839e-09,1.39797e-09,-1.44839e-09,0.0002
0.588995,0.392944,-1.58805,0.588929,0.393015,-1.58794,-0.010805,-0.00605629,-0.016049,13.7837,0.0002,6.55645e-15,2.62554e-09,6.55645e-15,0.0002,7.45069e-10,2.62554e-09,7.45069e-10,0.0002
0.589044,0.393031,-1.58808,0.589134,0.393275,-1.58823,-0.0107557,-0.0059692,-0.0160849,13.7826,0.0002,-4.5067e-14,-1.66382e-09,-4.5067e-14,0.0002,3.93844e-09,-1.66382e-09,3.93844e-09,0.0002
0.588984,0.393051,-1.5881,0.588743,0.39313,-1.58816,-0.0108159,-0.00594935,-0.0161008,13.7561,0.0002,-2.54878e-14,-1.06485e-09,-2.54878e-14,0.0002,2.5206e-09,-1.06485e-09,2.5206e-09,0.0002
0.588941,0.393144,-1.58808,0.588874,0.393517,-1.58801,-0.0108592,-0.00585578,-0.0160823,13.8288,0.0002,9.72613e-16,-7.40393e-10,9.72613e-16,0.0002,-1.7897e-09,-7.40393e-10,-1.7897e-09,0.0002
0.588906,0.39313,-1.58802,0.588769,0.393075,-1.58779,-0.0108936,-0.00586957,-0.0160231,13.8063,0.0002,-5.59675e-17,-4.73852e-10,-5.59675e-17,0.0002,-1.14541e-09,-4.73852e-10,-1.14541e-09,0.0002
0.588845,0.393125,-1.58801,0.588599,0.393103,-1.58797,-0.0109551,-0.00587513,-0.0160119,13.7717,0.0002,-3.13708e-16,-3.03265e-10,-3.13708e-16,0.0002,-7.33059e-10,-3.03265e-10,-7.33059e-10,0.0002
0.588871,0.393126,-1.58793,0.588977,0.393132,-1.58762,-0.0109287,-0.0058738,-0.0159334,13.7949,0.0002,-3.14597e-16,-1.9409e-10,-3.14597e-16,0.0002,-4.69158e-10,-1.9409e-10,-4.69158e-10,0.0002
0.588916,0.393142,-1.58803,0.589041,0.39326,-1.58808,-0.0108842,-0.00585783,-0.0160268,13.7916,0.0002,1.39708e-14,1.60652e-09,1.39708e-14,0.0002,1.37189e-09,1.60652e-09,1.37189e-09,0.0002
0.588891,0.393173,-1.58797,0.588846,0.393241,-1.58807,-0.0109086,-0.00582731,-0.015972,13.8656,0.0002,5.55002e-15,-7.02456e-10,5.55002e-15,0.0002,-7.94253e-10,-7.02456e-10,-7.94253e-10,0.0002
0.588901,0.393149,-1.58806,0.588937,0.393056,-1.58843,-0.0108994,-0.00585063,-0.0160629,13.7579,0.0002,3.26636e-15,-4.49572e-10,3.26636e-15,0.0002,-5.08322e-10,-4.49572e-10,-5.08322e-10,0.0002
0.588928,0.393131,-1.58804,0.589037,0.393055,-1.58794,-0.0108722,-0.00586942,-0.0160385,13.8022,0.0002,1.97346e-15,-2.87726e-10,1.97346e-15,0.0002,-3.25326e-10,-2.87726e-10,-3.25326e-10,0.0002
0.588931,0.393096,-1.58803,0.588945,0.392955,-1.588,-0.0109689,-0.00590446,-0.0160302,13.8108,0.0002,1.21509e-15,-1.84145e-10,1.21509e-15,0.0002,-2.08209e-10,-1.84145e-10,-2.08209e-10,0.0002
0.588888,0.393106,-1.58806,0.588715,0.393146,-1.58816,-0.0110121,-0.00589438,-0.0160555,13.7559,0.0002,7.58027e-16,-1.17853e-10,7.58027e-16,0.0002,-1.33254e-10,-1.17853e-10,-1.33254e-10,0.0002
0.588868,0.393129,-1.58805,0.588788,0.393221,-1.58801,-0.011032,-0.00587128,-0.0160463,13.7786,0.0002,4.77097e-16,-7.54257e-11,4.77097e-16,0.0002,-8.52823e-11,-7.54257e-11,-8.52823e-11,0.0002
0.588851,0.393099,-1.58797,0.588785,0.392978,-1.58766,-0.0110487,-0.00590144,-0.0159687,13.7958,0.0002,3.02049e-16,-4.82724e-11,3.02049e-16,0.0002,-5.45807e-11,-4.82724e-11,-5.45807e-11,0.0002
0.588869,0.393126,-1.58801,0.588886,0.39329,-1.58787,-0.0110313,-0.00587405,-0.0160123,13.7934,0.0002,1.84484e-14,1.6999e-09,1.84484e-14,0.0002,1.63716e-09,1.6999e-09,1.63716e-09,0.0002
0.588909,0.393134,-1.5881,0.589124,0.393218,-1.58812,-0.0109911,-0.00586615,-0.0160974,13.781,0.0002,-9.47095e-15,2.75995e-09,-9.47095e-15,0.0002,-6.83092e-10,2.75995e-09,-6.83092e-10,0.0002
0.588935,0.393125,-1.58813,0.58904,0.393091,-1.58826,-0.0109649,-0.00587475,-0.0161303,13.8163,0.0002,-5.09613e-15,1.76637e-09,-5.09613e-15,0.0002,-4.37179e-10,1.76637e-09,-4.37179e-10,0.0002
0.588943,0.393056,-1.58823,0.588977,0.392779,-1.58864,-0.0109565,-0.00584406,-0.0162323,13.8178,0.0002,-2.86615e-15,1.13048e-09,-2.86615e-15,0.0002,-2.79795e-10,1.13048e-09,-2.79795e-10,0.0002
0.588965,0.39299,-1.58824,0.589049,0.392729,-1.58829,-0.0109355,-0.00600952,-0.0162442,13.7998,0.0002,-1.67239e-15,7.23504e-10,-1.67239e-15,0.0002,-1.79068e-10,7.23504e-10,-1.79068e-10,0.0002
0.588994,0.392991,-1.58834,0.589057,0.392938,-1.58903,-0.0109061,-0.00600949,-0.0163388,13.7731,0.0002,-1.34786e-14,-1.20884e-09,-1.34786e-14,0.0002,1.61639e-09,-1.20884e-09,1.61639e-09,0.0002
0.589005,0.392932,-1.58838,0.589051,0.392697,-1.58855,-0.0108947,-0.00606809,-0.0163813,13.8185,0.0002,-7.62588e-15,-7.73659e-10,-7.62588e-15,0.0002,1.03449e-09,-7.73659e-10,1.03449e-09,0.0002
0.589052,0.392896,-1.58841,0.589238,0.392752,-1.58855,-0.0108482,-0.00610402,-0.0164148,13.857,0.0002,-4.47079e-15,-4.95142e-10,-4.47079e-15,0.0002,6.62073e-10,-4.95142e-10,6.62073e-10,0.0002
0.588995,0.392855,-1.58836,0.588767,0.392692,-1.58817,-0.0109052,-0.00614484,-0.0163649,13.7646,0.0002,-2.69346e-15,-3.16891e-10,-2.69346e-15,0.0002,4.23727e-10,-3.16891e-10,4.23727e-10,0.0002
0.588991,0.392876,-1.58828,0.588976,0.392958,-1.58796,-0.0109089,-0.00612426,-0.0162831,13.7864,0.0002,-1.65507e-15,-2.0281e-10,-1.65507e-15,0.0002,2.71185e-10,-2.0281e-10,2.71185e-10,0.0002
0.588999,0.392903,-1.58833,0.589029,0.393013,-1.5885,-0.0109014,-0.00609679,-0.0163259,13.8481,0.0002,-1.03108e-15,-1.29798e-10,-1.03108e-15,0.0002,1.73559e-10,-1.29798e-10,1.73559e-10,0.0002
0.588956,0.392928,-1.58833,0.588787,0.393027,-1.58835,-0.0109436,-0.00607196,-0.0163305,13.7713,0.0002,-6.48359e-16,-8.3071e-11,-6.48359e-16,0.0002,1.11077e-10,-8.3071e-11,1.11077e-10,0.0002
0.58895,0.392925,-1.58835,0.588924,0.392912,-1.58845,-0.0109502,-0.00607524,-0.0163547,13.7584,0.0002,-4.10225e-16,-5.31654e-11,-4.10225e-16,0.0002,7.10896e-11,-5.31654e-11,7.10896e-11,0.0002
0.589008,0.392969,-1.5883,0.589242,0.393145,-1.58809,-0.0108917,-0.00603113,-0.0163026,13.7888,0.0002,-2.60609e-16,-3.40259e-11,-2.60609e-16,0.0002,4.54973e-11,-3.40259e-11,4.54973e-11,0.0002
0.589043,0.393026,-1.58835,0.589237,0.393305,-1.58821,-0.0108569,-0.00597434,-0.0163483,13.8309,0.0002,-1.85909e-14,1.64973e-09,-1.85909e-14,0.0002,-1.70224e-09,1.64973e-09,-1.70224e-09,0.0002
0.589131,0.39304,-1.58831,0.58943,0.393046,-1.5885,-0.0107687,-0.00585986,-0.0163142,13.8419,0.0002,-5.50551e-15,-6.15876e-10,-5.50551e-15,0.0002,6.41735e-10,-6.15876e-10,6.41735e-10,0.0002
0.589115,0.393001,-1.58847,0.589103,0.392895,-1.58875,-0.0107851,-0.00589942,-0.0164655,13.8272,0.0002,-1.33292e-14,1.27733e-09,-1.33292e-14,0.0002,-1.32067e-09,1.27733e-09,-1.32067e-09,0.0002
0.589123,0.392965,-1.58852,0.589153,0.392823,-1.58875,-0.0107774,-0.00593499,-0.0165221,13.8218,0.0002,-7.667e-15,8.1749e-10,-7.667e-15,0.0002,-8.45226e-10,8.1749e-10,-8.45226e-10,0.0002
0.589185,0.392967,-1.58847,0.589378,0.392925,-1.58859,-0.0107154,-0.0059325,-0.0164724,13.8554,0.0002,-1.16665e-14,-1.14821e-09,-1.16665e-14,0.0002,1.19051e-09,-1.14821e-09,1.19051e-09,0.0002
0.589133,0.392917,-1.5885,0.588925,0.392716,-1.58859,-0.0107673,-0.0059828,-0.0164955,13.792,0.0002,-6.76666e-15,-7.34855e-10,-6.76666e-15,0.0002,7.61929e-10,-7.34855e-10,7.61929e-10,0.0002
0.589186,0.393026,-1.58848,0.589401,0.393462,-1.58841,-0.0107136,-0.00587387,-0.0164791,13.8353,0.0002,-4.04399e-15,-4.70307e-10,-4.04399e-15,0.0002,4.87634e-10,-4.70307e-10,4.87634e-10,0.0002
0.589167,0.393089,-1.58856,0.589089,0.39334,-1.58887,-0.0107331,-0.00581111,-0.016557,13.7773,0.0002,-2.47073e-15,-3.00996e-10,-2.47073e-15,0.0002,3.12086e-10,-3.00996e-10,3.12086e-10,0.0002
0.589169,0.39305,-1.58855,0.589123,0.39295,-1.58819,-0.0107315,-0.00584981,-0.0165476,13.8342,0.0002,1.76156e-14,1.53914e-09,1.76156e-14,0.0002,1.8708e-09,1.53914e-09,1.8708e-09,0.0002
0.58909,0.393049,-1.58859,0.588828,0.393095,-1.58846,-0.0108105,-0.00585122,-0.0165943,13.826,0.0002,-7.25617e-15,2.65614e-09,-7.25617e-15,0.0002,-5.34452e-10,2.65614e-09,-5.34452e-10,0.0002
0.58902,0.393087,-1.58844,0.588687,0.393186,-1.58812,-0.0108802,-0.0058134,-0.016436,13.7559,0.0002,1.59942e-16,2.86489e-11,1.59942e-16,0.0002,1.38953e-09,2.86489e-11,1.38953e-09,0.0002
0.589043,0.393089,-1.58835,0.589134,0.393097,-1.58798,-0.0108573,-0.00581131,-0.0163455,13.8237,0.0002,8.19812e-17,1.83353e-11,8.19812e-17,0.0002,8.89299e-10,1.83353e-11,8.89299e-10,0.0002
0.589031,0.393029,-1.58828,0.588984,0.392793,-1.58801,-0.010869,-0.00587053,-0.0162784,13.8351,0.0002,4.41195e-17,1.17346e-11,4.41195e-17,0.0002,5.69151e-10,1.17346e-11,5.69151e-10,0.0002
0.589022,0.393026,-1.58823,0.588987,0.39301,-1.58803,-0.0108778,-0.00597436,-0.0162294,13.784,0.0002,2.4817e-17,7.51014e-12,2.4817e-17,0.0002,3.64257e-10,7.51014e-12,3.64257e-10,0.0002
0.589005,0.392999,-1.58823,0.588938,0.39289,-1.58826,-0.0108947,-0.00600139,-0.0162347,13.7717,0.0002,1.44822e-17,4.80649e-12,1.44822e-17,0.0002,2.33124e-10,4.80649e-12,2.33124e-10,0.0002
0.589011,0.393043,-1.5882,0.589034,0.393223,-1.58807,-0.010889,-0.0059565,-0.0162016,13.8645,0.0002,8.69493e-18,3.07615e-12,8.69493e-18,0.0002,1.492e-10,3.07615e-12,1.492e-10,0.0002
0.588995,0.393046,-1.58808,0.589036,0.393053,-1.58758,-0.0109052,-0.00585415,-0.016077,13.8401,0.0002,1.24703e-15,-5.72653e-11,1.24703e-15,0.0002,-3.30739e-09,-5.72653e-11,-3.30739e-09,0.0002
0.588987,0.393117,-1.58815,0.588958,0.393399,-1.58845,-0.0109126,-0.0057835,-0.0161513,13.8315,0.0002,7.01124e-16,-3.66498e-11,7.01124e-16,0.0002,-2.11673e-09,-3.66498e-11,-2.11673e-09,0.0002
0.58896,0.393083,-1.58812,0.588849,0.39295,-1.58801,-0.0109402,-0.00581675,-0.0161222,13.787,0.0002,4.09e-16,-2.34559e-11,4.09e-16,0.0002,-1.35471e-09,-2.34559e-11,-1.35471e-09,0.0002
0.588941,0.393055,-1.58808,0.588868,0.392942,-1.58791,-0.0109585,-0.005945,-0.0160793,13.7679,0.0002,2.4549e-16,-1.50118e-11,2.4549e-16,0.0002,-8.67012e-10,-1.50118e-11,-8.67012e-10,0.0002
0.588978,0.393081,-1.58807,0.589123,0.393185,-1.58803,-0.0109223,-0.00581901,-0.016069,13.7706,0.0002,1.5045e-16,-9.60753e-12,1.5045e-16,0.0002,-5.54888e-10,-9.60753e-12,-5.54888e-10,0.0002
0.58899,0.393076,-1.58818,0.588988,0.393108,-1.58831,-0.0109098,-0.00592435,-0.0161808,13.8617,0.0002,1.49841e-14,1.72482e-09,1.49841e-14,0.0002,1.31679e-09,1.72482e-09,1.31679e-09,0.0002
0.588944,0.39315,-1.58797,0.588814,0.393391,-1.58743,-0.0109556,-0.0058505,-0.015967,13.7982,0.0002,5.73406e-15,-6.27005e-10,5.73406e-15,0.0002,-8.29252e-10,-6.27005e-10,-8.29252e-10,0.0002
0.588944,0.393161,-1.58795,0.588941,0.393209,-1.58791,-0.0109563,-0.0058385,-0.015955,13.786,0.0002,3.40359e-15,-4.01283e-10,3.40359e-15,0.0002,-5.30721e-10,-4.01283e-10,-5.30721e-10,0.0002
0.588912,0.393127,-1.58798,0.588786,0.392992,-1.58808,-0.0109879,-0.0057725,-0.0159803,13.8521,0.0002,2.06925e-15,-2.56821e-10,2.06925e-15,0.0002,-3.39662e-10,-2.56821e-10,-3.39662e-10,0.0002
0.588904,0.393148,-1.58795,0.588871,0.393228,-1.58784,-0.0109962,-0.00585236,-0.0159526,13.803,0.0002,1.27966e-15,-1.64366e-10,1.27966e-15,0.0002,-2.17383e-10,-1.64366e-10,-2.17383e-10,0.0002
0.588889,0.393112,-1.58793,0.588828,0.39297,-1.58786,-0.0109113,-0.00588795,-0.0159345,13.8082,0.0002,8.00688e-16,-1.05194e-10,8.00688e-16,0.0002,-1.39125e-10,-1.05194e-10,-1.39125e-10,0.0002
0.588818,0.393155,-1.58791,0.588537,0.393325,-1.58783,-0.0110815,-0.00574544,-0.0159131,13.7568,0.0002,5.04947e-16,-6.73241e-11,5.04947e-16,0.0002,-8.90403e-11,-6.73241e-11,-8.90403e-11,0.0002
0.58877,0.393154,-1.58795,0.588574,0.393152,-1.58809,-0.0111303,-0.00574589,-0.0159484,13.7309,0.0002,3.20097e-16,-4.30874e-11,3.20097e-16,0.0002,-5.69858e-11,-4.30874e-11,-5.69858e-11,0.0002
0.5887,0.393179,-1.58789,0.58842,0.393277,-1.58765,-0.0112003,-0.00572141,-0.0158892,13.7632,0.0002,2.03605e-16,-2.7576e-11,2.03605e-16,0.0002,-3.64709e-11,-2.7576e-11,-3.64709e-11,0.0002
0.588714,0.3932,-1.58787,0.588773,0.393284,-1.5878,-0.0111856,-0.00570027,-0.0158704,13.7771,0.0002,1.29792e-16,-1.76486e-11,1.29792e-16,0.0002,-2.33414e-11,-1.76486e-11,-2.33414e-11,0.0002
0.588672,0.393165,-1.58783,0.588502,0.393027,-1.58769,-0.0112281,-0.00573491,-0.0158335,13.7994,0.0002,8.28561e-17,-1.12951e-11,8.28561e-17,0.0002,-1.49385e-11,-1.12951e-11,-1.49385e-11,0.0002
0.588693,0.393154,-1.58776,0.588778,0.39311,-1.58748,-0.0112069,-0.00574595,-0.0157623,13.8032,0.0002,5.29415e-17,-7.22887e-12,5.29415e-17,0.0002,-9.56063e-12,-7.22887e-12,-9.56063e-12,0.0002
0.58876,0.393144,-1.58772,0.589027,0.393103,-1.58757,-0.01114,-0.00575622,-0.0157242,13.8488,0.0002,3.38472e-17,-4.62648e-12,3.38472e-17,0.0002,-6.1188e-12,-4.62648e-12,-6.1188e-12,0.0002
0.588709,0.393119,-1.58775,0.588505,0.39302,-1.58786,-0.011191,-0.00578101,-0.0157515,13.7348,0.0002,2.16477e-17,-2.96095e-12,2.16477e-17,0.0002,-3.91603e-12,-2.96095e-12,-3.91603e-12,0.0002
0.588728,0.393108,-1.58775,0.588804,0.393066,-1.58773,-0.0111721,-0.00579162,-0.0157464,13.7861,0.0002,1.38486e-17,-1.89501e-12,1.38486e-17,0.0002,-2.50626e-12,-1.89501e-12,-2.50626e-12,0.0002
0.5887,0.393139,-1.58775,0.58859,0.393261,-1.58779,-0.0111996,-0.00576112,-0.0157543,13.7618,0.0002,8.86067e-18,-1.2128e-12,8.86067e-18,0.0002,-1.60401e-12,-1.2128e-12,-1.60401e-12,0.0002
0.588739,0.39313,-1.58777,0.588841,0.393148,-1.5875,-0.011161,-0.00577005,-0.0147667,13.8321,0.0002,1.89779e-14,1.72966e-09,1.89779e-14,0.0002,1.67143e-09,1.72966e-09,1.67143e-09,0.0002
0.588773,0.393169,-1.58782,0.58891,0.393324,-1.58802,-0.0111269,-0.00573114,-0.0148169,13.7494,0.0002,1.06657e-14,1.10698e-09,1.06657e-14,0.0002,1.06972e-09,1.10698e-09,1.06972e-09,0.0002
0.58878,0.393182,-1.58781,0.58881,0.393235,-1.58777,-0.0111195,-0.00571786,-0.0148075,13.7718,0.0002,6.21975e-15,7.0847e-10,6.21975e-15,0.0002,6.84618e-10,7.0847e-10,6.84618e-10,0.0002
0.588831,0.393239,-1.58783,0.589033,0.393469,-1.58793,-0.011069,-0.00566051,-0.0158313,13.7807,0.0002,3.7323e-15,4.53421e-10,3.7323e-15,0.0002,4.38156e-10,4.53421e-10,4.38156e-10,0.0002
0.588831,0.393249,-1.58784,0.588833,0.393286,-1.5879,-0.0110687,-0.00565117,-0.0158443,13.7815,0.0002,2.28696e-15,2.90189e-10,2.28696e-15,0.0002,2.8042e-10,2.90189e-10,2.8042e-10,0.0002
0.58884,0.393219,-1.58788,0.588874,0.3931,-1.58801,-0.0110602,-0.00568085,-0.0158765,13.8083,0.0002,1.42199e-15,1.85721e-10,1.42199e-15,0.0002,1.79469e-10,1.85721e-10,1.79469e-10,0.0002
0.588797,0.393275,-1.58782,0.588679,0.393552,-1.58792,-0.0111032,-0.00562474,-0.0158208,13.7474,0.0002,-1.81885e-14,1.79138e-09,-1.81885e-14,0.0002,-1.61552e-09,1.79138e-09,-1.61552e-09,0.0002
0.588806,0.393319,-1.58775,0.588841,0.393386,-1.58748,-0.011094,-0.00558141,-0.0157524,13.8148,0.0002,1.20724e-14,-2.25641e-09,1.20724e-14,0.0002,-9.75994e-10,-2.25641e-09,-9.75994e-10,0.0002
0.588826,0.393293,-1.58777,0.588904,0.393191,-1.58787,-0.0110744,-0.00560691,-0.0157749,13.7992,0.0002,6.59879e-15,-1.4441e-09,6.59879e-15,0.0002,-6.24636e-10,-1.4441e-09,-6.24636e-10,0.0002
0.588802,0.393268,-1.58775,0.588654,0.393223,-1.58796,-0.0110982,-0.00563172,-0.0157492,13.7492,0.0002,8.06955e-15,8.05982e-10,8.06955e-15,0.0002,1.27293e-09,8.05982e-10,1.27293e-09,0.0002
0.588792,0.393275,-1.58782,0.588806,0.393248,-1.58781,-0.0111079,-0.00562495,-0.0158241,13.7608,0.0002,8.71876e-15,-1.2146e-09,8.71876e-15,0.0002,-8.57792e-10,-1.2146e-09,-8.57792e-10,0.0002
0.588764,0.393262,-1.5878,0.588651,0.393212,-1.58772,-0.011136,-0.0056375,-0.015803,13.7943,0.0002,5.04657e-15,-7.77346e-10,5.04657e-15,0.0002,-5.48987e-10,-7.77346e-10,-5.48987e-10,0.0002
0.588768,0.393228,-1.58788,0.588733,0.393142,-1.58788,-0.0111319,-0.00567247,-0.0158822,13.7772,0.0002,1.25535e-14,1.23302e-09,1.25535e-14,0.0002,1.32102e-09,1.23302e-09,1.32102e-09,0.0002
0.58876,0.393211,-1.58788,0.588729,0.393144,-1.58786,-0.0111396,-0.00568908,-0.0158768,13.7495,0.0002,7.20027e-15,7.89133e-10,7.20027e-15,0.0002,8.45454e-10,7.89133e-10,8.45454e-10,0.0002
0.588798,0.393274,-1.58783,0.588951,0.393526,-1.58765,-0.0111015,-0.00562601,-0.0148313,13.7926,0.0002,4.26658e-15,5.05045e-10,4.26658e-15,0.0002,5.41091e-10,5.05045e-10,5.41091e-10,0.0002
0.588794,0.39322,-1.58789,0.588774,0.393002,-1.58811,-0.0111065,-0.0056805,-0.015887,13.7555,0.0002,2.59069e-15,3.23229e-10,2.59069e-15,0.0002,3.46298e-10,3.23229e-10,3.46298e-10,0.0002
0.588739,0.393239,-1.58783,0.58852,0.393317,-1.5876,-0.0111612,-0.005661,-0.0148302,13.7453,0.0002,1.60073e-15,2.06866e-10,1.60073e-15,0.0002,2.21631e-10,2.06866e-10,2.21631e-10,0.0002
0.588768,0.393179,-1.58781,0.588883,0.392937,-1.58771,-0.0111324,-0.0057215,-0.0148052,13.8108,0.0002,1.001e-15,1.32395e-10,1.001e-15,0.0002,1.41844e-10,1.32395e-10,1.41844e-10,0.0002
0.588748,0.393189,-1.58783,0.588671,0.39323,-1.58794,-0.0111517,-0.00571113,-0.0148327,13.8486,0.0002,6.31022e-16,8.47325e-11,6.31022e-16,0.0002,9.078e-11,8.47325e-11,9.078e-11,0.0002
0.588771,0.393302,-1.58776,0.588862,0.393756,-1.58749,-0.011129,-0.00559769,-0.0147635,13.7758,0.0002,3.99916e-16,5.42288e-11,3.99916e-16,0.0002,5.80992e-11,5.42288e-11,5.80992e-11,0.0002
0.588821,0.393294,-1.5878,0.589023,0.39326,-1.58792,-0.0110786,-0.00560618,-0.0147954,13.8064,0.0002,2.54333e-16,3.47064e-11,2.54333e-16,0.0002,3.71835e-11,3.47064e-11,3.71835e-11,0.0002
0.588777,0.393282,-1.58769,0.588654,0.393287,-1.5876,-0.0111228,-0.00561802,-0.014692,13.7814,0.0002,-1.88215e-14,1.69487e-09,-1.88215e-14,0.0002,-1.70645e-09,1.69487e-09,-1.70645e-09,0.0002
0.588767,0.393283,-1.58769,0.588725,0.393286,-1.58766,-0.0111333,-0.0056172,-0.0156855,13.8011,0.0002,-1.05649e-14,1.08472e-09,-1.05649e-14,0.0002,-1.09213e-09,1.08472e-09,-1.09213e-09,0.0002
0.588743,0.393219,-1.58772,0.588646,0.392962,-1.58788,-0.0111574,-0.00568131,-0.0157235,13.7683,0.0002,-6.15502e-15,6.9422e-10,-6.15502e-15,0.0002,-6.9896e-10,6.9422e-10,-6.9896e-10,0.0002
0.588721,0.393217,-1.58773,0.588632,0.393208,-1.58775,-0.0111795,-0.00568348,-0.0157286,13.7893,0.0002,-3.69077e-15,4.44301e-10,-3.69077e-15,0.0002,-4.47335e-10,4.44301e-10,-4.47335e-10,0.0002
0.588708,0.393253,-1.58774,0.588656,0.393397,-1.58779,-0.0111924,-0.00564738,-0.0157415,13.7626,0.0002,-2.26034e-15,2.84353e-10,-2.26034e-15,0.0002,-2.86294e-10,2.84353e-10,-2.86294e-10,0.0002
0.588805,0.393293,-1.58781,0.589138,0.3934,-1.58775,-0.0110954,-0.0056075,-0.0158069,13.8228,0.0002,-1.63197e-14,-1.49049e-09,-1.63197e-14,0.0002,1.54719e-09,-1.49049e-09,1.54719e-09,0.0002
0.588864,0.393308,-1.58782,0.589099,0.393372,-1.58788,-0.0110365,-0.00559153,-0.0158215,13.7938,0.0002,-9.26393e-15,-9.53917e-10,-9.26393e-15,0.0002,9.90202e-10,-9.53917e-10,9.90202e-10,0.0002
0.588839,0.393323,-1.58773,0.58874,0.393379,-1.58737,-0.0110612,-0.00557743,-0.0147319,13.7989,0.0002,-5.44529e-15,-6.10507e-10,-5.44529e-15,0.0002,6.33729e-10,-6.10507e-10,6.33729e-10,0.0002
0.588829,0.393243,-1.58775,0.588788,0.392923,-1.58782,-0.0110714,-0.00565737,-0.0147501,13.7703,0.0002,-3.2869e-15,-3.90724e-10,-3.2869e-15,0.0002,4.05587e-10,-3.90724e-10,4.05587e-10,0.0002
0.588788,0.393243,-1.58776,0.588624,0.393247,-1.58782,-0.0111123,-0.00565651,-0.0147631,13.7465,0.0002,-2.02248e-15,-2.50063e-10,-2.02248e-15,0.0002,2.59575e-10,-2.50063e-10,2.59575e-10,0.0002
0.588786,0.39326,-1.58778,0.588781,0.393326,-1.58783,-0.0111137,-0.00564005,-0.0147771,13.762,0.0002,-1.26115e-15,-1.60041e-10,-1.26115e-15,0.0002,1.66128e-10,-1.60041e-10,1.66128e-10,0.0002
0.58877,0.393295,-1.58768,0.588757,0.393486,-1.58761,-0.0111303,-0.00560531,-0.0146801,13.783,0.0002,-1.74561e-14,1.57027e-09,-1.74561e-14,0.0002,-1.62389e-09,1.57027e-09,-1.62389e-09,0.0002
0.588722,0.39324,-1.58768,0.588533,0.393022,-1.58768,-0.0111777,-0.00565989,-0.0146808,13.7566,0.0002,-9.8663e-15,1.00497e-09,-9.8663e-15,0.0002,-1.03929e-09,1.00497e-09,-1.03929e-09,0.0002
0.588767,0.393306,-1.58773,0.588893,0.393517,-1.5876,-0.0111327,-0.00559414,-0.0147284,13.7919,0.0002,-1.01679e-14,-1.0294e-09,-1.01679e-14,0.0002,1.06517e-09,-1.0294e-09,1.06517e-09,0.0002
0.588789,0.39328,-1.58774,0.58893,0.393227,-1.58808,-0.011111,-0.00562043,-0.014736,13.755,0.0002,-9.97499e-15,1.01396e-09,-9.97499e-15,0.0002,-1.04842e-09,1.01396e-09,-1.04842e-09,0.0002
0.588856,0.393316,-1.5878,0.589019,0.393466,-1.58744,-0.0110436,-0.00558355,-0.0148037,13.8202,0.0002,9.69519e-15,7.07124e-10,9.69519e-15,0.0002,2.7319e-09,7.07124e-10,2.7319e-09,0.0002
0.588823,0.393382,-1.58778,0.58885,0.39359,-1.58799,-0.0110766,-0.00551759,-0.014777,13.748,0.0002,2.91787e-14,-1.33531e-09,2.91787e-14,0.0002,-3.32713e-09,-1.33531e-09,-3.32713e-09,0.0002
0.588836,0.393358,-1.5878,0.588886,0.393259,-1.5879,-0.011064,-0.00554224,-0.0148017,13.7807,0.0002,1.63997e-14,-8.54597e-10,1.63997e-14,0.0002,-2.12936e-09,-8.54597e-10,-2.12936e-09,0.0002
0.588798,0.393288,-1.58784,0.588544,0.393117,-1.58799,-0.0111015,-0.00561204,-0.0148392,13.7205,0.0002,4.25769e-14,2.91383e-09,4.25769e-14,0.0002,1.98223e-09,2.91383e-09,1.98223e-09,0.0002
0.5888,0.393326,-1.58799,0.588857,0.393426,-1.58829,-0.0111002,-0.00557369,-0.0149931,13.8248,0.0002,8.41065e-15,1.3427e-10,8.41065e-15,0.0002,-4.03682e-10,1.3427e-10,-4.03682e-10,0.0002
0.588827,0.393311,-1.58799,0.588933,0.39325,-1.588,-0.0110735,-0.00558898,-0.0149947,13.7504,0.0002,5.41057e-15,8.59327e-11,5.41057e-15,0.0002,-2.58356e-10,8.59327e-11,-2.58356e-10,0.0002
0.588839,0.393318,-1.58798,0.58889,0.393345,-1.58792,-0.0110609,-0.00558226,-0.01498,13.7723,0.0002,3.47413e-15,5.49969e-11,3.47413e-15,0.0002,-1.65348e-10,5.49969e-11,-1.65348e-10,0.0002
0.588826,0.393356,-1.588,0.588774,0.393507,-1.58809,-0.011074,-0.00554447,-0.0150011,13.7285,0.0002,2.2281e-15,3.5198e-11,2.2281e-15,0.0002,-1.05823e-10,3.5198e-11,-1.05823e-10,0.0002
0.588807,0.393398,-1.58789,0.588677,0.393622,-1.58774,-0.0110933,-0.00550197,-0.0148856,13.7462,0.0002,1.98983e-14,1.75311e-09,1.98983e-14,0.0002,1.60458e-09,1.75311e-09,1.60458e-09,0.0002
0.588801,0.393374,-1.58791,0.588777,0.393278,-1.588,-0.0110992,-0.00552599,-0.0149085,13.7816,0.0002,1.12946e-14,1.12199e-09,1.12946e-14,0.0002,1.02693e-09,1.12199e-09,1.02693e-09,0.0002
0.588788,0.393345,-1.58791,0.588735,0.393229,-1.58789,-0.0111124,-0.005555,-0.0149056,13.7547,0.0002,6.63864e-15,7.18076e-10,6.63864e-15,0.0002,6.57236e-10,7.18076e-10,6.57236e-10,0.0002
0.58878,0.393367,-1.58793,0.588752,0.393455,-1.588,-0.0111195,-0.00553295,-0.014925,13.7428,0.0002,4.00709e-15,4.59568e-10,4.00709e-15,0.0002,4.20631e-10,4.59568e-10,4.20631e-10,0.0002
0.588764,0.393373,-1.58785,0.5887,0.393396,-1.58755,-0.0111356,-0.00552716,-0.0148507,13.7968,0.0002,2.46557e-15,2.94124e-10,2.46557e-15,0.0002,2.69204e-10,2.94124e-10,2.69204e-10,0.0002
0.588773,0.393359,-1.58783,0.588808,0.393305,-1.58777,-0.0111268,-0.0055407,-0.0148341,13.7852,0.0002,1.53742e-15,1.88239e-10,1.53742e-15,0.0002,1.7229e-10,1.88239e-10,1.7229e-10,0.0002
0.588743,0.393247,-1.58789,0.588621,0.392797,-1.58811,-0.0111572,-0.00565309,-0.0148893,13.7638,0.0002,9.67345e-16,1.20473e-10,9.67345e-16,0.0002,1.10266e-10,1.20473e-10,1.10266e-10,0.0002
0.588717,0.393213,-1.58785,0.588612,0.393079,-1.5877,-0.0111833,-0.00568672,-0.0148508,13.7589,0.0002,6.12299e-16,7.71028e-11,6.12299e-16,0.0002,7.05701e-11,7.71028e-11,7.05701e-11,0.0002
0.588745,0.393249,-1.58778,0.588856,0.393393,-1.58751,-0.0111553,-0.00565075,-0.0157823,13.7761,0.0002,3.89086e-16,4.93458e-11,3.89086e-16,0.0002,4.51649e-11,4.93458e-11,4.51649e-11,0.0002
0.588691,0.393259,-1.58776,0.588477,0.3933,-1.58767,-0.0112088,-0.00564066,-0.0147596,13.7684,0.0002,2.47874e-16,3.15813e-11,2.47874e-16,0.0002,2.89055e-11,3.15813e-11,2.89055e-11,0.0002
0.588733,0.39329,-1.58778,0.588902,0.393412,-1.58787,-0.0111666,-0.00561022,-0.0147826,13.7807,0.0002,1.58172e-16,2.0212e-11,1.58172e-16,0.0002,1.84995e-11,2.0212e-11,1.84995e-11,0.0002
0.588772,0.393275,-1.58779,0.588926,0.393214,-1.58783,-0.0111281,-0.00562536,-0.0147912,13.8139,0.0002,1.01039e-16,1.29357e-11,1.01039e-16,0.0002,1.18397e-11,1.29357e-11,1.18397e-11,0.0002
0.588758,0.393278,-1.58792,0.588756,0.393238,-1.58812,-0.0111416,-0.00562189,-0.0149209,13.7879,0.0002,1.88801e-14,-1.72222e-09,1.88801e-14,0.0002,-1.66482e-09,-1.72222e-09,-1.66482e-09,0.0002
0.588768,0.393319,-1.58771,0.588753,0.393432,-1.58718,-0.011132,-0.00558058,-0.0147097,13.8312,0.0002,-9.20002e-15,-2.77467e-09,-9.20002e-15,0.0002,6.6497e-10,-2.77467e-09,6.6497e-10,0.0002
0.588736,0.393261,-1.58766,0.588612,0.393134,-1.58744,-0.0111636,-0.00563901,-0.0146553,13.7747,0.0002,3.94593e-15,1.62712e-09,3.94593e-15,0.0002,3.68021e-10,1.62712e-09,3.68021e-10,0.0002
0.588742,0.393172,-1.58772,0.588764,0.392815,-1.58796,-0.011158,-0.00572814,-0.014716,13.8083,0.0002,2.2188e-15,1.04136e-09,2.2188e-15,0.0002,2.35533e-10,1.04136e-09,2.35533e-10,0.0002
0.588777,0.393232,-1.58768,0.588915,0.393367,-1.58752,-0.011123,-0.00566775,-0.0146777,13.8164,0.0002,-3.10588e-15,-2.73644e-09,-3.10588e-15,0.0002,2.08323e-10,-2.73644e-09,2.08323e-10,0.0002
0.588737,0.39315,-1.58768,0.58858,0.392926,-1.58767,-0.0111629,-0.00575032,-0.0146759,13.7946,0.0002,6.58818e-16,1.65159e-09,6.58818e-16,0.0002,7.58755e-11,1.65159e-09,7.58755e-11,0.0002
0.58872,0.393104,-1.58764,0.58865,0.392921,-1.5875,-0.0111802,-0.0057961,-0.0146404,13.8351,0.0002,3.57482e-16,1.05702e-09,3.57482e-16,0.0002,4.85603e-11,1.05702e-09,4.85603e-11,0.0002
0.588653,0.393149,-1.58771,0.58844,0.393276,-1.58765,-0.0112466,-0.0057509,-0.014705,13.7537,0.0002,1.14165e-14,-1.05376e-09,1.14165e-14,0.0002,-1.64158e-09,-1.05376e-09,-1.64158e-09,0.0002
0.588738,0.393178,-1.5877,0.589077,0.393293,-1.58766,-0.0111618,-0.00572217,-0.0146968,13.8391,0.0002,6.4209e-15,-6.74406e-10,6.4209e-15,0.0002,-1.05061e-09,-6.74406e-10,-1.05061e-09,0.0002
0.588745,0.393227,-1.58771,0.588774,0.393422,-1.58778,-0.0111545,-0.00567337,-0.0147129,13.7682,0.0002,3.74661e-15,-4.3162e-10,3.74661e-15,0.0002,-6.7239e-10,-4.3162e-10,-6.7239e-10,0.0002
0.588724,0.393249,-1.5877,0.588639,0.393339,-1.58766,-0.0111758,-0.00565081,-0.0147032,13.7508,0.0002,2.24924e-15,-2.76237e-10,2.24924e-15,0.0002,-4.30329e-10,-2.76237e-10,-4.30329e-10,0.0002
0.588647,0.393236,-1.58763,0.588336,0.393181,-1.58734,-0.0112535,-0.00566444,-0.014631,13.7837,0.0002,1.37865e-15,-1.76791e-10,1.37865e-15,0.0002,-2.75411e-10,-1.76791e-10,-2.75411e-10,0.0002
0.588678,0.39324,-1.58762,0.588749,0.393311,-1.58792,-0.0112225,-0.00566024,-0.0146246,13.7629,0.0002,1.66069e-14,1.61682e-09,1.66069e-14,0.0002,1.49668e-09,1.61682e-09,1.49668e-09,0.0002
0.588677,0.393271,-1.58769,0.588674,0.393395,-1.58797,-0.0112231,-0.0056291,-0.0146928,13.7749,0.0002,9.38946e-15,1.03477e-09,9.38946e-15,0.0002,9.57877e-10,1.03477e-09,9.57877e-10,0.0002
0.58863,0.393208,-1.58767,0.588441,0.392955,-1.58759,-0.0112704,-0.00569226,-0.0146721,13.7926,0.0002,5.50177e-15,6.6225e-10,5.50177e-15,0.0002,6.13041e-10,6.6225e-10,6.13041e-10,0.0002
0.58865,0.393193,-1.58772,0.588733,0.393134,-1.58792,-0.0112497,-0.00570692,-0.014722,13.7779,0.0002,3.31327e-15,4.2384e-10,3.31327e-15,0.0002,3.92347e-10,4.2384e-10,3.92347e-10,0.0002
0.588659,0.393201,-1.58779,0.588694,0.393232,-1.58807,-0.0112408,-0.00569915,-0.0147909,13.7694,0.0002,2.03535e-15,2.71258e-10,2.03535e-15,0.0002,2.51102e-10,2.71258e-10,2.51102e-10,0.0002
0.588694,0.393219,-1.58777,0.588833,0.393292,-1.58766,-0.011206,-0.00558097,-0.0147655,13.7806,0.0002,1.26775e-15,1.73605e-10,1.26775e-15,0.0002,1.60705e-10,1.73605e-10,1.60705e-10,0.0002
0.588697,0.393233,-1.58779,0.588709,0.39329,-1.58786,-0.0113031,-0.00556676,-0.014785,13.7601,0.0002,7.97075e-16,1.11107e-10,7.97075e-16,0.0002,1.02851e-10,1.11107e-10,1.02851e-10,0.0002
0.588649,0.39319,-1.58775,0.588456,0.393019,-1.58761,-0.0112514,-0.00560963,-0.0147499,13.7815,0.0002,5.04277e-16,7.11086e-11,5.04277e-16,0.0002,6.58248e-11,7.11086e-11,6.58248e-11,0.0002
0.588696,0.39324,-1.58772,0.588886,0.39344,-1.5876,-0.0112038,-0.00555963,-0.0147201,13.7882,0.0002,3.20341e-16,4.55095e-11,3.20341e-16,0.0002,4.21279e-11,4.55095e-11,4.21279e-11,0.0002
0.588641,0.39327,-1.58769,0.588423,0.393388,-1.58755,-0.0112585,-0.00553018,-0.0146858,13.7861,0.0002,2.04037e-16,2.91261e-11,2.04037e-16,0.0002,2.69618e-11,2.91261e-11,2.69618e-11,0.0002
0.588645,0.393346,-1.5877,0.588657,0.393651,-1.58775,-0.0112554,-0.00545388,-0.0146988,13.7369,0.0002,1.30181e-16,1.86407e-11,1.30181e-16,0.0002,1.72556e-11,1.86407e-11,1.72556e-11,0.0002
0.588696,0.393338,-1.58771,0.588898,0.393199,-1.58775,-0.0112044,-0.00546197,-0.0147087,13.7901,0.0002,-1.44354e-15,-3.39098e-09,-1.44354e-15,0.0002,6.85664e-11,-3.39098e-09,6.85664e-11,0.0002
0.5887,0.393369,-1.58769,0.588665,0.393546,-1.58794,-0.0112,-0.00543128,-0.0146919,13.821,0.0002,-5.13822e-15,-4.40126e-10,-5.13822e-15,0.0002,1.71669e-09,-4.40126e-10,1.71669e-09,0.0002
0.58874,0.393297,-1.58769,0.5889,0.393009,-1.58768,-0.0111601,-0.00560314,-0.0146891,13.788,0.0002,-2.90161e-15,-2.81681e-10,-2.90161e-15,0.0002,1.09868e-09,-2.81681e-10,1.09868e-09,0.0002
0.588706,0.393314,-1.58777,0.588624,0.393328,-1.58776,-0.0111937,-0.00558605,-0.0147673,13.7617,0.0002,1.12881e-14,-1.91061e-09,1.12881e-14,0.0002,-9.69413e-10,-1.91061e-09,-9.69413e-10,0.0002
0.588686,0.393288,-1.58776,0.588606,0.393184,-1.58773,-0.0112138,-0.005612,-0.0147602,13.7824,0.0002,6.2761e-15,-1.22279e-09,6.2761e-15,0.0002,-6.20424e-10,-1.22279e-09,-6.20424e-10,0.0002
0.588647,0.393244,-1.58771,0.588488,0.393069,-1.58749,-0.0112534,-0.00565581,-0.0147057,13.7824,0.0002,3.62828e-15,-7.82585e-10,3.62828e-15,0.0002,-3.97072e-10,-7.82585e-10,-3.97072e-10,0.0002
0.588629,0.39321,-1.58766,0.588557,0.393075,-1.58747,-0.0112712,-0.00568962,-0.0146584,13.7855,0.0002,2.163e-15,-5.00854e-10,2.163e-15,0.0002,-2.54126e-10,-5.00854e-10,-2.54126e-10,0.0002
0.588578,0.393221,-1.58753,0.588324,0.393316,-1.58735,-0.0113218,-0.00567937,-0.0145339,13.7673,0.0002,1.49464e-14,1.40947e-09,1.49464e-14,0.0002,1.51026e-09,1.40947e-09,1.51026e-09,0.0002
0.588563,0.393225,-1.58763,0.5885,0.393245,-1.58801,-0.0113374,-0.00567452,-0.0146295,13.7423,0.0002,8.47579e-15,9.02059e-10,8.47579e-15,0.0002,9.66565e-10,9.02059e-10,9.66565e-10,0.0002
0.588531,0.393234,-1.58766,0.588406,0.393268,-1.58778,-0.0113688,-0.00566606,-0.0146602,13.737,0.0002,4.97809e-15,5.77318e-10,4.97809e-15,0.0002,6.18602e-10,5.77318e-10,6.18602e-10,0.0002
0.588534,0.39322,-1.58768,0.588545,0.393163,-1.58774,-0.0114662,-0.0056803,-0.0146767,13.7841,0.0002,3.00313e-15,3.69483e-10,3.00313e-15,0.0002,3.95905e-10,3.69483e-10,3.95905e-10,0.0002
0.588482,0.393232,-1.58761,0.588277,0.393281,-1.58734,-0.0114176,-0.00566801,-0.0146096,13.792,0.0002,1.84711e-15,2.36469e-10,1.84711e-15,0.0002,2.53379e-10,2.36469e-10,2.53379e-10,0.0002
0.588504,0.393183,-1.58766,0.58859,0.392985,-1.58786,-0.0114961,-0.00561741,-0.0146606,13.8063,0.0002,1.15147e-15,1.5134e-10,1.15147e-15,0.0002,1.62163e-10,1.5134e-10,1.62163e-10,0.0002
0.588577,0.393156,-1.58767,0.588869,0.393047,-1.58769,-0.0114231,-0.00564444,-0.0146675,13.8012,0.0002,7.24376e-16,9.68579e-11,7.24376e-16,0.0002,1.03784e-10,9.68579e-11,1.03784e-10,0.0002
0.588571,0.393178,-1.58767,0.588548,0.393266,-1.58766,-0.0114289,-0.00562235,-0.0146652,13.7761,0.0002,4.58454e-16,6.1989e-11,4.58454e-16,0.0002,6.64219e-11,6.1989e-11,6.64219e-11,0.0002
0.588566,0.393201,-1.58766,0.588543,0.393296,-1.58765,-0.0114344,-0.00559868,-0.0146621,13.778,0.0002,2.91303e-16,3.9673e-11,2.91303e-16,0.0002,4.251e-11,3.9673e-11,4.251e-11,0.0002
0.588581,0.393184,-1.58772,0.588643,0.393114,-1.58796,-0.0113189,-0.00561622,-0.0147224,13.7686,0.0002,1.8557e-16,2.53907e-11,1.8557e-16,0.0002,2.72064e-11,2.53907e-11,2.72064e-11,0.0002
0.58858,0.393195,-1.58771,0.588679,0.39324,-1.58767,-0.0113205,-0.00560468,-0.0147128,13.789,0.0002,1.03531e-15,-4.13533e-11,1.03531e-15,0.0002,-3.38549e-09,-4.13533e-11,-3.38549e-09,0.0002
0.588618,0.393252,-1.58763,0.588722,0.393531,-1.58761,-0.0112815,-0.0055483,-0.0146294,13.7499,0.0002,-5.30739e-15,1.70364e-09,-5.30739e-15,0.0002,-4.93911e-10,1.70364e-09,-4.93911e-10,0.0002
0.588611,0.393243,-1.58773,0.588631,0.393154,-1.58782,-0.0112894,-0.00555702,-0.0147306,13.7773,0.0002,7.64748e-15,-6.39902e-10,7.64748e-15,0.0002,-1.98878e-09,-6.39902e-10,-1.98878e-09,0.0002
0.58864,0.393239,-1.58769,0.588705,0.393279,-1.58783,-0.0112601,-0.00556068,-0.0146862,13.767,0.0002,4.28819e-15,1.3206e-09,4.28819e-15,0.0002,3.99956e-10,1.3206e-09,3.99956e-10,0.0002
0.588631,0.39321,-1.58768,0.588598,0.393093,-1.58766,-0.0112686,-0.00558997,-0.01468,13.7787,0.0002,2.47401e-15,8.45182e-10,2.47401e-15,0.0002,2.55972e-10,8.45182e-10,2.55972e-10,0.0002
0.588606,0.393206,-1.58767,0.588505,0.393191,-1.58761,-0.0112938,-0.00559369,-0.0146663,13.7834,0.0002,1.4726e-15,5.40917e-10,1.4726e-15,0.0002,1.63822e-10,5.40917e-10,1.63822e-10,0.0002
0.588588,0.393123,-1.58769,0.588513,0.392788,-1.58778,-0.0113124,-0.00567733,-0.0146889,13.7963,0.0002,8.97093e-16,3.46187e-10,8.97093e-16,0.0002,1.04846e-10,3.46187e-10,1.04846e-10,0.0002
0.588593,0.393174,-1.58772,0.588617,0.393381,-1.58786,-0.0113066,-0.00562576,-0.0147235,13.7369,0.0002,5.55556e-16,2.2156e-10,5.55556e-16,0.0002,6.71016e-11,2.2156e-10,6.71016e-11,0.0002
0.588616,0.393228,-1.58764,0.588704,0.393444,-1.58732,-0.0112845,-0.00557179,-0.0146436,13.8096,0.0002,3.47944e-16,1.41798e-10,3.47944e-16,0.0002,4.2945e-11,1.41798e-10,4.2945e-11,0.0002
0.588657,0.393262,-1.58762,0.588825,0.393398,-1.58754,-0.0112425,-0.00553774,-0.0146223,13.8348,0.0002,2.19566e-16,9.07508e-11,2.19566e-16,0.0002,2.74848e-11,9.07508e-11,2.74848e-11,0.0002
0.588676,0.393267,-1.58769,0.588752,0.393285,-1.58795,-0.0112236,-0.00553309,-0.0156887,13.7577,0.0002,1.39245e-16,5.80805e-11,1.39245e-16,0.0002,1.75903e-11,5.80805e-11,1.75903e-11,0.0002
0.588635,0.393233,-1.58769,0.58847,0.393095,-1.58769,-0.011265,-0.0055674,-0.015688,13.7939,0.0002,8.85939e-17,3.71715e-11,8.85939e-17,0.0002,1.12578e-11,3.71715e-11,1.12578e-11,0.0002
0.588653,0.393202,-1.58768,0.588727,0.393079,-1.58763,-0.0112466,-0.00559815,-0.0146761,13.7999,0.0002,5.64859e-17,2.37898e-11,5.64859e-17,0.0002,7.20497e-12,2.37898e-11,7.20497e-12,0.0002
0.588677,0.393279,-1.58772,0.588772,0.393586,-1.58788,-0.011223,-0.00552136,-0.0147175,13.7265,0.0002,3.60632e-17,1.52255e-11,3.60632e-17,0.0002,4.61118e-12,1.52255e-11,4.61118e-12,0.0002
0.588679,0.393251,-1.58778,0.588687,0.393142,-1.58803,-0.0112209,-0.00554872,-0.0147806,13.7684,0.0002,2.30445e-17,9.74429e-12,2.30445e-17,0.0002,2.95116e-12,9.74429e-12,2.95116e-12,0.0002
0.588712,0.393223,-1.58777,0.588842,0.393108,-1.58774,-0.0111884,-0.00557729,-0.0147721,13.7756,0.0002,1.47338e-17,6.23635e-12,1.47338e-17,0.0002,1.88874e-12,6.23635e-12,1.88874e-12,0.0002
0.588728,0.393223,-1.58775,0.588792,0.393226,-1.58767,-0.0111724,-0.00557671,-0.0147515,13.7975,0.0002,9.42357e-18,3.99126e-12,9.42357e-18,0.0002,1.20879e-12,3.99126e-12,1.20879e-12,0.0002
0.588749,0.393154,-1.58776,0.588833,0.392877,-1.58778,-0.0111513,-0.00564596,-0.0147571,13.7988,0.0002,6.02862e-18,2.55441e-12,6.02862e-18,0.0002,7.73628e-13,2.55441e-12,7.73628e-13,0.0002
0.588786,0.393172,-1.5878,0.588935,0.393244,-1.58796,-0.011114,-0.00562799,-0.0147981,13.7531,0.0002,3.8573e-18,1.63482e-12,3.8573e-18,0.0002,4.95122e-13,1.63482e-12,4.95122e-13,0.0002
0.588785,0.39317,-1.58779,0.588779,0.393163,-1.58775,-0.0111154,-0.00562983,-0.0147881,13.774,0.0002,2.46826e-18,1.04629e-12,2.46826e-18,0.0002,3.16878e-13,1.04629e-12,3.16878e-13,0.0002
0.588788,0.393178,-1.58781,0.588803,0.393209,-1.58792,-0.0111117,-0.00562211,-0.0148139,13.7728,0.0002,1.57952e-18,6.69623e-13,1.57952e-18,0.0002,2.02802e-13,6.69623e-13,2.02802e-13,0.0002
0.588746,0.393188,-1.58782,0.588575,0.393229,-1.58782,-0.0111543,-0.00561197,-0.014816,13.771,0.0002,1.01082e-18,4.28558e-13,1.01082e-18,0.0002,1.29793e-13,4.28558e-13,1.29793e-13,0.0002
0.588705,0.393133,-1.58783,0.588541,0.392914,-1.58788,-0.0111952,-0.00566676,-0.0148288,13.8004,0.0002,6.46897e-19,2.74277e-13,6.46897e-19,0.0002,8.30677e-14,2.74277e-13,8.30677e-14,0.0002
0.588673,0.393129,-1.58772,0.588545,0.393111,-1.58729,-0.0112272,-0.00567124,-0.0147207,13.8081,0.0002,4.14002e-19,1.75538e-13,4.14002e-19,0.0002,5.31633e-14,1.75538e-13,5.31633e-14,0.0002
0.588686,0.393118,-1.58778,0.58874,0.393077,-1.58803,-0.0112139,-0.00568154,-0.0147816,13.7757,0.0002,2.64957e-19,1.12344e-13,2.64957e-19,0.0002,3.40245e-14,1.12344e-13,3.40245e-14,0.0002
0.588655,0.393142,-1.58779,0.588532,0.393234,-1.58783,-0.0112447,-0.00565836,-0.0147911,13.7703,0.0002,1.6957e-19,7.19002e-14,1.6957e-19,0.0002,2.17757e-14,7.19002e-14,2.17757e-14,0.0002
0.588634,0.393175,-1.58779,0.588547,0.393309,-1.58779,-0.0112664,-0.00562485,-0.0147913,13.7647,0.0002,1.08524e-19,4.60161e-14,1.08524e-19,0.0002,1.39364e-14,4.60161e-14,1.39364e-14,0.0002
0.588672,0.393205,-1.58789,0.588876,0.39327,-1.58798,-0.0112284,-0.00559501,-0.0148924,13.7527,0.0002,1.89921e-14,-1.73047e-09,1.89921e-14,0.0002,-1.67239e-09,-1.73047e-09,-1.67239e-09,0.0002
0.588693,0.393155,-1.58781,0.588833,0.393009,-1.58779,-0.011207,-0.00564467,-0.014808,13.7988,0.0002,-7.49037e-15,5.64991e-10,-7.49037e-15,0.0002,-2.80073e-09,5.64991e-10,-2.80073e-09,0.0002
0.588698,0.393096,-1.58774,0.588717,0.392857,-1.58748,-0.0112023,-0.00570444,-0.0147427,13.8459,0.0002,-3.98365e-15,3.61594e-10,-3.98365e-15,0.0002,-1.79247e-09,3.61594e-10,-1.79247e-09,0.0002
0.588729,0.393137,-1.58776,0.588804,0.393357,-1.5875,-0.0111706,-0.00566293,-0.0147583,13.8147,0.0002,6.28753e-15,1.96184e-09,6.28753e-15,0.0002,5.25298e-10,1.96184e-09,5.25298e-10,0.0002
0.588684,0.393158,-1.58774,0.588504,0.393241,-1.58765,-0.0112157,-0.00564218,-0.014736,13.8069,0.0002,3.49637e-15,1.25558e-09,3.49637e-15,0.0002,3.36191e-10,1.25558e-09,3.36191e-10,0.0002
0.588662,0.393105,-1.58779,0.588573,0.392894,-1.58798,-0.011238,-0.00569489,-0.0147854,13.7509,0.0002,2.02156e-15,8.0357e-10,2.02156e-15,0.0002,2.15162e-10,8.0357e-10,2.15162e-10,0.0002
0.588655,0.39314,-1.58776,0.588629,0.393282,-1.58765,-0.0112447,-0.00565959,-0.0147586,13.7856,0.0002,1.20527e-15,5.14285e-10,1.20527e-15,0.0002,1.37704e-10,5.14285e-10,1.37704e-10,0.0002
0.588658,0.393104,-1.58774,0.588671,0.39296,-1.58766,-0.0112416,-0.00569562,-0.0147385,13.7971,0.0002,7.35115e-16,3.29142e-10,7.35115e-16,0.0002,8.81304e-11,3.29142e-10,8.81304e-11,0.0002
0.58863,0.39307,-1.58777,0.588514,0.392934,-1.58792,-0.0112704,-0.00572976,-0.014774,13.7979,0.0002,4.55622e-16,2.10651e-10,4.55622e-16,0.0002,5.64035e-11,2.10651e-10,5.64035e-11,0.0002
0.58866,0.393126,-1.58777,0.588779,0.393351,-1.58777,-0.0112405,-0.00567357,-0.0147741,13.805,0.0002,2.85515e-16,1.34817e-10,2.85515e-16,0.0002,3.60982e-11,1.34817e-10,3.60982e-11,0.0002
0.588636,0.39319,-1.58782,0.588541,0.393445,-1.588,-0.0112642,-0.00560984,-0.0148198,13.7404,0.0002,1.80238e-16,8.62827e-11,1.80238e-16,0.0002,2.31029e-11,8.62827e-11,2.31029e-11,0.0002
0.588655,0.393141,-1.58779,0.588731,0.392943,-1.58768,-0.0112451,-0.00565929,-0.0147927,13.7931,0.0002,1.14332e-16,5.52209e-11,1.14332e-16,0.0002,1.47858e-11,5.52209e-11,1.47858e-11,0.0002
0.588718,0.393179,-1.58785,0.58897,0.393334,-1.5881,-0.0111822,-0.0056207,-0.0148536,13.7626,0.0002,7.27542e-17,3.53414e-11,7.27542e-17,0.0002,9.46293e-12,3.53414e-11,9.46293e-12,0.0002
0.588728,0.393193,-1.58785,0.58877,0.393249,-1.58781,-0.0111717,-0.00560684,-0.014845,13.7804,0.0002,4.63914e-17,2.26185e-11,4.63914e-17,0.0002,6.05628e-12,2.26185e-11,6.05628e-12,0.0002
0.588725,0.393257,-1.58788,0.588712,0.39351,-1.58803,-0.011175,-0.00554345,-0.0148828,13.7564,0.0002,2.96204e-17,1.44758e-11,2.96204e-17,0.0002,3.87602e-12,1.44758e-11,3.87602e-12,0.0002
0.588687,0.393265,-1.58792,0.588536,0.393298,-1.58808,-0.0112128,-0.00553515,-0.0149219,13.7295,0.0002,1.89283e-17,9.26453e-12,1.89283e-17,0.0002,2.48065e-12,9.26453e-12,2.48065e-12,0.0002
0.588708,0.393232,-1.58781,0.58879,0.393102,-1.58737,-0.0111922,-0.00556766,-0.0148123,13.7382,0.0002,1.21024e-17,5.9293e-12,1.21024e-17,0.0002,1.58762e-12,5.9293e-12,1.58762e-12,0.0002
0.588725,0.393279,-1.5878,0.588796,0.393466,-1.58777,-0.0111746,-0.005521,-0.0148039,13.7579,0.0002,7.74069e-18,3.79475e-12,7.74069e-18,0.0002,1.01607e-12,3.79475e-12,1.01607e-12,0.0002
0.58873,0.39324,-1.58796,0.588799,0.393028,-1.58825,-0.0111703,-0.00556034,-0.0149564,13.7892,0.0002,1.89633e-14,-1.72809e-09,1.89633e-14,0.0002,-1.67172e-09,-1.72809e-09,-1.67172e-09,0.0002
0.588761,0.393209,-1.58789,0.588832,0.393142,-1.58792,-0.0111394,-0.00559073,-0.0148856,13.7898,0.0002,5.36132e-15,6.24532e-10,5.36132e-15,0.0002,6.02481e-10,6.24532e-10,6.02481e-10,0.0002
0.588709,0.39326,-1.58786,0.588499,0.393354,-1.58773,-0.0111913,-0.00554045,-0.0148551,13.7575,0.0002,-6.51838e-15,-3.00319e-09,-6.51838e-15,0.0002,4.43747e-10,-3.00319e-09,4.43747e-10,0.0002
0.588714,0.393235,-1.58783,0.588734,0.393137,-1.58775,-0.0111863,-0.00556497,-0.0148336,13.7896,0.0002,-3.48944e-15,-1.92204e-09,-3.48944e-15,0.0002,2.83998e-10,-1.92204e-09,2.83998e-10,0.0002
0.588726,0.393239,-1.58783,0.588777,0.393254,-1.5878,-0.0111737,-0.00556114,-0.0148271,13.7673,0.0002,-1.95376e-15,-1.23011e-09,-1.95376e-15,0.0002,1.81759e-10,-1.23011e-09,1.81759e-10,0.0002
0.588686,0.393237,-1.58782,0.588525,0.39323,-1.58781,-0.011214,-0.00556293,-0.0148236,13.7638,0.0002,-1.13593e-15,-7.87269e-10,-1.13593e-15,0.0002,1.16326e-10,-7.87269e-10,1.16326e-10,0.0002
0.588687,0.39327,-1.58782,0.588694,0.393508,-1.58781,-0.0112129,-0.00553004,-0.014821,13.769,0.0002,-1.20017e-16,2.89905e-09,-1.20017e-16,0.0002,1.65008e-11,2.89905e-09,1.65008e-11,0.0002
0.588664,0.393259,-1.58786,0.588574,0.393214,-1.58799,-0.0112356,-0.00554123,-0.014855,13.7601,0.0002,-1.01303e-16,1.85539e-09,-1.01303e-16,0.0002,1.05605e-11,1.85539e-09,1.05605e-11,0.0002
0.588649,0.393323,-1.58785,0.588589,0.39358,-1.58781,-0.0112506,-0.00547705,-0.0148454,13.744,0.0002,-7.48661e-17,1.18745e-09,-7.48661e-17,0.0002,6.75871e-12,1.18745e-09,6.75871e-12,0.0002
0.588641,0.393321,-1.58779,0.588609,0.393313,-1.58755,-0.0112588,-0.00547896,-0.0147862,13.7971,0.0002,-5.20234e-17,7.59968e-10,-5.20234e-17,0.0002,4.32557e-12,7.59968e-10,4.32557e-12,0.0002
0.588633,0.3933,-1.58775,0.588599,0.393213,-1.5876,-0.0112672,-0.00550049,-0.0147495,13.7856,0.0002,-3.49781e-17,4.86379e-10,-3.49781e-17,0.0002,2.76837e-12,4.86379e-10,2.76837e-12,0.0002
0.588621,0.393297,-1.58779,0.588574,0.393288,-1.58796,-0.011279,-0.00550289,-0.0147913,13.7479,0.0002,-2.30754e-17,3.11283e-10,-2.30754e-17,0.0002,1.77175e-12,3.11283e-10,1.77175e-12,0.0002
0.588587,0.393299,-1.58777,0.588453,0.393307,-1.58768,-0.0113126,-0.00550088,-0.0147685,13.7426,0.0002,-1.50506e-17,1.99221e-10,-1.50506e-17,0.0002,1.13392e-12,1.99221e-10,1.13392e-12,0.0002
0.588585,0.393257,-1.58788,0.588629,0.393033,-1.58798,-0.0113148,-0.00554338,-0.0148751,13.7579,0.0002,1.75751e-14,-1.60296e-09,1.75751e-14,0.0002,-1.67171e-09,-1.60296e-09,-1.67171e-09,0.0002
0.588602,0.393224,-1.58789,0.588671,0.393094,-1.58794,-0.0112977,-0.00557595,-0.0148881,13.7844,0.0002,9.87605e-15,-1.0259e-09,9.87605e-15,0.0002,-1.06989e-09,-1.0259e-09,-1.06989e-09,0.0002
0.588549,0.393321,-1.58259,0.588338,0.393709,-1.58678,-0.0113506,-0.00547895,-0.0155868,13.8242,0.0002,5.7587e-15,-6.56573e-10,5.7587e-15,0.0002,-6.84731e-10,-6.56573e-10,-6.84731e-10,0.0002
0.588208,0.393451,-1.56955,0.586948,0.393967,-1.579,-0.0116922,-0.00534941,-0.0185515,13.9702,0.0002,1.2531e-14,-4.0793e-10,1.2531e-14,0.0002,-3.8416e-09,-4.0793e-10,-3.8416e-09,0.0002
0.587747,0.393674,-1.55897,0.585904,0.394568,-1.57762,-0.012153,-0.00512593,-0.0229736,13.9364,0.0002,7.21751e-15,-2.61075e-10,7.21751e-15,0.0002,-2.45862e-09,-2.61075e-10,-2.45862e-09,0.0002
0.587266,0.393964,-1.54907,0.585393,0.395069,-1.57647,-0.0126344,-0.00483631,-0.0290744,13.9802,0.0002,4.22445e-14,-1.81948e-09,4.22445e-14,0.0002,-3.32313e-09,-1.81948e-09,-3.32313e-09,0.0002
0.586834,0.394104,-1.54199,0.585054,0.394717,-1.57555,-0.0130659,-0.00469605,-0.0379877,14.0207,0.0002,6.56187e-15,4.72765e-10,6.56187e-15,0.0002,-3.62998e-10,4.72765e-10,-3.62998e-10,0.0002
0.58639,0.394295,-1.53527,0.584669,0.395005,-1.57536,-0.0135098,-0.00450536,-0.0472654,13.9648,0.0002,2.21564e-14,-1.31987e-09,2.21564e-14,0.0002,-2.00974e-09,-1.31987e-09,-2.00974e-09,0.0002
0.586029,0.394492,-1.53069,0.584583,0.395283,-1.57462,-0.0138712,-0.00430757,-0.0586906,14.0233,0.0002,1.2822e-14,-8.44714e-10,1.2822e-14,0.0002,-1.28624e-09,-8.44714e-10,-1.28624e-09,0.0002
0.587724,0.392637,-1.51379,0.594501,0.38532,-1.51287,-0.0121758,-0.00616336,-0.0587915,13.6642,0.0002,-7.08522e-15,2.85729e-09,-7.08522e-15,0.0002,-6.30073e-10,2.85729e-09,-6.30073e-10,0.0002
0.588945,0.391234,-1.50099,0.593878,0.385677,-1.51167,-0.0109552,-0.00756643,-0.0609855,13.697,0.0002,-4.61234e-14,3.64913e-09,-4.61234e-14,0.0002,-1.97724e-09,3.64913e-09,-1.97724e-09,0.0002
0.58992,0.390077,-1.48975,0.593764,0.385499,-1.51178,-0.00998007,-0.0087232,-0.0667463,13.6867,0.0002,8.27549e-15,3.88366e-09,8.27549e-15,0.0002,5.77003e-10,3.88366e-09,5.77003e-10,0.0002
0.5906,0.389251,-1.48159,0.593378,0.385899,-1.51089,-0.0092999,-0.00954904,-0.073593,13.725,0.0002,-1.12107e-14,9.55771e-10,-1.12107e-14,0.0002,-1.4885e-09,9.55771e-10,-1.4885e-09,0.0002
0.591205,0.388681,-1.47422,0.593569,0.386449,-1.51108,-0.00869476,-0.0101192,-0.0832196,13.6732,0.0002,1.01917e-14,2.12419e-09,1.01917e-14,0.0002,9.19234e-10,2.12419e-09,9.19234e-10,0.0002
0.592274,0.38736,-1.45282,0.596609,0.382028,-1.42914,-0.00762555,-0.0114402,-0.0768222,15.3555,0.0002,1.47297e-15,-1.41262e-10,1.47297e-15,0.0002,-1.293e-09,-1.41262e-10,-1.293e-09,0.0002
0.592928,0.386378,-1.43435,0.595528,0.382557,-1.42715,-0.00697231,-0.0124219,-0.0743541,15.2609,0.0002,-7.6256e-15,3.28218e-09,-7.6256e-15,0.0002,-3.70663e-10,3.28218e-09,-3.70663e-10,0.0002
0.593315,0.385887,-1.42044,0.594922,0.383876,-1.42603,-0.00658546,-0.0129132,-0.0764351,15.1538,0.0002,-1.06394e-14,6.75719e-10,-1.06394e-14,0.0002,-2.17662e-09,6.75719e-10,-2.17662e-09,0.0002
0.593597,0.385554,-1.40803,0.594619,0.384209,-1.42509,-0.00630346,-0.0132456,-0.0800315,15.0911,0.0002,-3.8207e-15,-1.33365e-10,-3.8207e-15,0.0002,1.96299e-09,-1.33365e-10,1.96299e-09,0.0002
0.593658,0.385373,-1.399,0.593948,0.384709,-1.42417,-0.00624195,-0.0134268,-0.0870048,14.9233,0.0002,-3.05967e-15,1.89087e-09,-3.05967e-15,0.0002,-1.17026e-10,1.89087e-09,-1.17026e-10,0.0002
0.593648,0.385301,-1.39076,0.59361,0.385011,-1.42382,-0.00625162,-0.0134993,-0.0947604,14.6251,0.0002,-1.84489e-15,1.21016e-09,-1.84489e-15,0.0002,-7.48968e-11,1.21016e-09,-7.48968e-11,0.0002
0.594082,0.385014,-1.36655,0.595818,0.38387,-1.33196,-0.00581768,-0.0137855,-0.0855549,14.8252,0.0002,-1.13432e-15,7.74502e-10,-1.13432e-15,0.0002,-4.7934e-11,7.74502e-10,-4.7934e-11,0.0002
0.594049,0.385116,-1.34581,0.594017,0.385543,-1.32825,-0.00585147,-0.0135842,-0.0818145,14.3006,0.0002,-2.78889e-14,1.24037e-09,-2.78889e-14,0.0002,-3.3516e-09,1.24037e-09,-3.3516e-09,0.0002
0.593702,0.385611,-1.32927,0.592213,0.387567,-1.32466,-0.0061978,-0.0130892,-0.080266,14.1096,0.0002,-4.67082e-15,-1.64149e-11,-4.67082e-15,0.0002,1.16051e-09,-1.64149e-11,1.16051e-09,0.0002
0.593205,0.386095,-1.32317,0.59132,0.388056,-1.32354,-0.00669493,-0.0126052,-0.0801688,14.1397,0.0002,-1.67539e-14,8.23991e-10,-1.67539e-14,0.0002,-2.55677e-09,8.23991e-10,-2.55677e-09,0.0002
0.592807,0.386447,-1.32319,0.591215,0.387857,-1.32329,-0.00709304,-0.0122528,-0.0801932,14.1764,0.0002,-9.64386e-15,5.27354e-10,-9.64386e-15,0.0002,-1.63633e-09,5.27354e-10,-1.63633e-09,0.0002
0.592489,0.386809,-1.32323,0.591154,0.388296,-1.32305,-0.00741065,-0.0118908,-0.0802271,14.1738,0.0002,7.09612e-15,1.57042e-09,7.09612e-15,0.0002,1.0195e-09,1.57042e-09,1.0195e-09,0.0002
0.59349,0.386645,-1.31315,0.597491,0.385988,-1.27283,-0.00641029,-0.012155,-0.0701479,14.4929,0.0002,3.72178e-15,1.00507e-09,3.72178e-15,0.0002,6.52481e-10,1.00507e-09,6.52481e-10,0.0002
0.594282,0.386506,-1.31245,0.597451,0.385951,-1.27282,-0.00561791,-0.0122937,-0.0604472,14.4956,0.0002,2.04618e-15,6.43242e-10,2.04618e-15,0.0002,4.17588e-10,6.43242e-10,4.17588e-10,0.0002
0.59522,0.386311,-1.31627,0.598932,0.385464,-1.27411,-0.0046804,-0.012489,-0.0502732,14.6476,0.0002,-1.58801e-14,-1.6507e-09,-1.58801e-14,0.0002,1.50748e-09,-1.6507e-09,1.50748e-09,0.0002
0.596012,0.385848,-1.3216,0.59918,0.383998,-1.27559,-0.00388833,-0.0129516,-0.0385981,14.7486,0.0002,-8.88918e-15,-1.05645e-09,-8.88918e-15,0.0002,9.64784e-10,-1.05645e-09,9.64784e-10,0.0002
0.596795,0.385403,-1.3253,0.599958,0.383518,-1.27726,-0.00310464,-0.0133971,-0.0263018,15.0696,0.0002,2.01996e-15,-3.98717e-09,2.01996e-15,0.0002,-1.69972e-10,-3.98717e-09,-1.69972e-10,0.0002
0.597717,0.384995,-1.32951,0.601444,0.383429,-1.27807,-0.00218264,-0.0138049,-0.0145068,15.1967,0.0002,3.73641e-15,-5.08953e-10,3.73641e-15,0.0002,-1.38093e-09,-5.08953e-10,-1.38093e-09,0.0002
0.596798,0.385663,-1.34187,0.593119,0.388336,-1.32781,-0.00310242,-0.0131368,-0.0108676,14.2461,0.0002,2.03146e-15,-3.2573e-10,2.03146e-15,0.0002,-8.83793e-10,-3.2573e-10,-8.83793e-10,0.0002
0.596282,0.385829,-1.35309,0.594154,0.386529,-1.33037,-0.0036184,-0.0129715,-0.00509219,14.2541,0.0002,1.08614e-14,1.09702e-09,1.08614e-14,0.0002,1.45606e-09,1.09702e-09,1.45606e-09,0.0002
0.596094,0.385791,-1.36156,0.595405,0.3856,-1.33224,-0.00380647,-0.0130091,0.00244202,14.2732,0.0002,6.24653e-15,-6.23774e-10,6.24653e-15,0.0002,-1.0765e-09,-6.23774e-10,-1.0765e-09,0.0002
0.596184,0.385451,-1.3697,0.596484,0.384134,-1.33463,-0.00371582,-0.0133486,0.0113026,14.6077,0.0002,9.95924e-15,9.45826e-10,9.95924e-15,0.0002,1.30663e-09,9.45826e-10,1.30663e-09,0.0002
0.596439,0.385008,-1.37563,0.597434,0.383338,-1.33652,-0.00346148,-0.0137921,0.0203668,14.7727,0.0002,4.03616e-14,3.95041e-09,4.03616e-14,0.0002,1.46357e-09,3.95041e-09,1.46357e-09,0.0002
0.595078,0.386708,-1.39672,0.589658,0.393403,-1.41314,-0.00482175,-0.0120923,0.0162781,14.6728,0.0002,5.53271e-15,-8.21251e-10,5.53271e-15,0.0002,3.33479e-10,-8.21251e-10,3.33479e-10,0.0002
0.594225,0.387924,-1.41304,0.590792,0.392892,-1.41544,-0.00567536,-0.0108764,0.0159621,14.5954,0.0002,1.83744e-14,2.83521e-09,1.83744e-14,0.0002,7.50135e-10,2.83521e-09,7.50135e-10,0.0002
0.593785,0.388795,-1.42742,0.592024,0.392279,-1.41764,-0.00611545,-0.0100053,0.0185804,14.6206,0.0002,1.06707e-14,1.81453e-09,1.06707e-14,0.0002,4.80087e-10,1.81453e-09,4.80087e-10,0.0002
0.593716,0.389236,-1.43852,0.593384,0.391047,-1.41974,-0.00618354,-0.00956372,0.0224799,14.6073,0.0002,4.22515e-14,2.63265e-09,4.22515e-14,0.0002,2.21164e-09,2.63265e-09,2.21164e-09,0.0002
0.593927,0.38936,-1.44878,0.594768,0.389857,-1.42251,-0.00597315,-0.00943963,0.0292206,14.6069,0.0002,2.40599e-14,1.68489e-09,2.40599e-14,0.0002,1.41545e-09,1.68489e-09,1.41545e-09,0.0002
0.594387,0.389217,-1.45659,0.596243,0.388539,-1.42499,-0.00551261,-0.00958284,0.0374071,14.5672,0.0002,-4.77005e-16,-2.30585e-09,-4.77005e-16,0.0002,5.44782e-10,-2.30585e-09,5.44782e-10,0.0002
0.593347,0.390392,-1.47918,0.589187,0.395093,-1.50225,-0.00655262,-0.00840773,0.0308152,15.0287,0.0002,3.37883e-16,-1.47574e-09,3.37883e-16,0.0002,3.4866e-10,-1.47574e-09,3.4866e-10,0.0002
0.592695,0.391115,-1.49684,0.59019,0.394016,-1.50461,-0.00720529,-0.0076848,0.0291575,14.9629,0.0002,1.61444e-14,-6.86419e-10,1.61444e-14,0.0002,-3.17045e-09,-6.86419e-10,-3.17045e-09,0.0002
0.592426,0.391481,-1.51241,0.59141,0.392896,-1.50707,-0.00747355,-0.00731881,0.0305865,14.9422,0.0002,5.46065e-14,-2.04121e-09,5.46065e-14,0.0002,-3.82504e-09,-2.04121e-09,-3.82504e-09,0.0002
0.592513,0.391592,-1.52434,0.592809,0.391981,-1.50951,-0.00738704,-0.00720771,0.0336578,14.9875,0.0002,2.65459e-14,-3.07924e-09,2.65459e-14,0.0002,-8.20606e-10,-3.07924e-09,-8.20606e-10,0.0002
0.592947,0.391438,-1.53528,0.594791,0.390826,-1.51237,-0.00695269,-0.00736207,0.0397188,14.993,0.0002,5.70793e-14,-1.86935e-09,5.70793e-14,0.0002,-3.92707e-09,-1.86935e-09,-3.92707e-09,0.0002
0.593583,0.390955,-1.54361,0.596125,0.389024,-1.51469,-0.00631722,-0.00784489,0.0463915,15.1742,0.0002,3.27721e-14,-1.19638e-09,3.27721e-14,0.0002,-2.51332e-09,-1.19638e-09,-2.51332e-09,0.0002
0.59241,0.391785,-1.56731,0.587613,0.395103,-1.59543,-0.00748988,-0.0070148,0.0396926,15.1363,0.0002,1.91246e-15,-8.0149e-10,1.91246e-15,0.0002,1.79468e-09,-8.0149e-10,1.79468e-09,0.0002
0.591725,0.392231,-1.58597,0.588986,0.394014,-1.59837,-0.0081746,-0.00656908,0.0360345,15.0988,0.0002,1.96045e-15,-5.12953e-10,1.96045e-15,0.0002,1.14859e-09,-5.12953e-10,1.14859e-09,0.0002
0.591632,0.392253,-1.60263,0.591311,0.392396,-1.60228,-0.00826835,-0.00654663,0.0363744,15.1203,0.0002,-5.68419e-15,1.31824e-09,-5.68419e-15,0.0002,-1.02003e-09,1.31824e-09,-1.02003e-09,0.0002
0.591692,0.392105,-1.61548,0.592092,0.391451,-1.60437,-0.00810789,-0.00669546,0.0395171,15.1057,0.0002,4.15434e-14,-1.09833e-09,4.15434e-14,0.0002,-5.67142e-09,-1.09833e-09,-5.67142e-09,0.0002
0.592199,0.391839,-1.62717,0.59428,0.390829,-1.60695,-0.00760147,-0.00696092,0.0438265,15.3816,0.0002,-2.51139e-14,8.91078e-10,-2.51139e-14,0.0002,-5.43267e-09,8.91078e-10,-5.43267e-09,0.0002
0.591163,0.392664,-1.65162,0.587021,0.395963,-1.68718,-0.00863694,-0.00613608,0.0353797,14.9549,0.0002,-1.35944e-14,5.7029e-10,-1.35944e-14,0.0002,-3.47691e-09,5.7029e-10,-3.47691e-09,0.0002
0.590581,0.393201,-1.67234,0.588206,0.395404,-1.68889,-0.0092187,-0.00559945,0.0306554,14.9645,0.0002,-1.253e-14,2.22412e-09,-1.253e-14,0.0002,-6.97097e-10,2.22412e-09,-6.97097e-10,0.0002
0.59035,0.393483,-1.68857,0.589474,0.394553,-1.69155,-0.00944965,-0.00531727,0.0304323,14.9127,0.0002,2.85855e-15,-4.65309e-10,2.85855e-15,0.0002,-1.93751e-09,-4.65309e-10,-1.93751e-09,0.0002
0.590483,0.393394,-1.70307,0.590968,0.393097,-1.69475,-0.00931684,-0.00540618,0.0319255,14.9727,0.0002,1.26141e-15,1.61651e-09,1.26141e-15,0.0002,2.184e-10,1.61651e-09,2.184e-10,0.0002
0.590886,0.393123,-1.71421,0.592601,0.392025,-1.69717,-0.00891441,-0.00567727,0.036789,14.944,0.0002,-1.16252e-14,5.33794e-10,-1.16252e-14,0.0002,-3.22657e-09,5.33794e-10,-3.22657e-09,0.0002
0.591541,0.392689,-1.72486,0.594221,0.390998,-1.70045,-0.00825942,-0.00611125,0.0421439,14.9799,0.0002,-4.80577e-14,1.75016e-09,-4.80577e-14,0.0002,-4.01631e-09,1.75016e-09,-4.01631e-09,0.0002
0.591024,0.392526,-1.74882,0.589063,0.391856,-1.78308,-0.00877603,-0.00627432,0.0341801,15.1742,0.0002,-2.94989e-14,5.4613e-10,-2.94989e-14,0.0002,-5.92508e-09,5.4613e-10,-5.92508e-09,0.0002
0.590892,0.392255,-1.76932,0.590364,0.391173,-1.7853,-0.00890808,-0.00654483,0.0296763,15.274,0.0002,-1.72225e-14,3.49523e-10,-1.72225e-14,0.0002,-3.79205e-09,3.49523e-10,-3.79205e-09,0.0002
0.591063,0.391898,-1.78538,0.591642,0.390492,-1.78803,-0.00863725,-0.00690161,0.028617,15.2295,0.0002,-1.1993e-15,9.46225e-10,-1.1993e-15,0.0002,8.989e-10,9.46225e-10,8.989e-10,0.0002
0.591344,0.391343,-1.79972,0.592575,0.389098,-1.79042,-0.00835557,-0.00745718,0.0312751,15.2831,0.0002,-3.55047e-16,-1.74469e-10,-3.55047e-16,0.0002,-2.7375e-09,-1.74469e-10,-2.7375e-09,0.0002
0.591897,0.390717,-1.81058,0.594066,0.388276,-1.79274,-0.00780329,-0.00808333,0.0354175,15.3068,0.0002,-8.31521e-15,1.95104e-09,-8.31521e-15,0.0002,-5.12323e-10,1.95104e-09,-5.12323e-10,0.0002
0.592785,0.389943,-1.82083,0.59634,0.386848,-1.79576,-0.00691465,-0.00885708,0.0421749,15.6421,0.0002,-4.80996e-15,1.24867e-09,-4.80996e-15,0.0002,-3.27887e-10,1.24867e-09,-3.27887e-10,0.0002
0.591852,0.388913,-1.84322,0.588147,0.384897,-1.87119,-0.00784781,-0.0098869,0.034784,14.936,0.0002,-3.13154e-14,4.08335e-09,-3.13154e-14,0.0002,-1.10263e-09,4.08335e-09,-1.10263e-09,0.0002
0.591545,0.387809,-1.86273,0.590381,0.383429,-1.87506,-0.00815512,-0.0109911,0.0312721,15.4636,0.0002,-7.52539e-14,3.75982e-09,-7.52539e-14,0.0002,-2.82161e-09,3.75982e-09,-2.82161e-09,0.0002
0.591595,0.386721,-1.87812,0.591767,0.382269,-1.87811,-0.00810466,-0.0120786,0.0318775,15.6705,0.0002,-9.94746e-15,-8.37642e-10,-9.94746e-15,0.0002,-7.76254e-10,-8.37642e-10,-7.76254e-10,0.0002
0.592025,0.385645,-1.89197,0.593742,0.381341,-1.88131,-0.00767539,-0.0131546,0.034033,16.0724,0.0002,-6.69929e-15,-5.36091e-10,-6.69929e-15,0.0002,-4.96803e-10,-5.36091e-10,-4.96803e-10,0.0002
0.592626,0.384628,-1.90251,0.595031,0.380559,-1.88371,-0.00707407,-0.0141718,0.0384926,15.915,0.0002,-4.42391e-15,-3.43098e-10,-4.42391e-15,0.0002,-3.17954e-10,-3.43098e-10,-3.17954e-10,0.0002
0.593477,0.383571,-1.9125,0.596947,0.379374,-1.88674,-0.00622333,-0.0152293,0.0445031,16.26,0.0002,-1.56865e-14,7.99492e-10,-1.56865e-14,0.0002,-2.38363e-09,7.99492e-10,-2.38363e-09,0.0002
0.592444,0.382387,-1.93515,0.588313,0.377653,-1.96483,-0.00725609,-0.0164128,0.0378462,16.5751,0.0002,-9.06365e-15,5.11675e-10,-9.06365e-15,0.0002,-1.52553e-09,5.11675e-10,-1.52553e-09,0.0002
0.59202,0.381108,-1.95501,0.590325,0.375991,-1.9684,-0.00767996,-0.0176921,0.0339896,16.8368,0.0002,-5.40108e-15,3.27472e-10,-5.40108e-15,0.0002,-9.76337e-10,3.27472e-10,-9.76337e-10,0.0002
0.591943,0.379894,-1.97047,0.591635,0.375037,-1.97137,-0.00775694,-0.0189063,0.0335261,17.0957,0.0002,-3.293e-15,2.09582e-10,-3.293e-15,0.0002,-6.24855e-10,2.09582e-10,-6.24855e-10,0.0002
0.592076,0.378636,-1.98434,0.592607,0.373603,-1.97379,-0.00762406,-0.0201644,0.0366551,17.036,0.0002,-2.04047e-15,1.34132e-10,-2.04047e-15,0.0002,-3.99907e-10,1.34132e-10,-3.99907e-10,0.0002
0.592478,0.377418,-1.99482,0.594128,0.372645,-1.97642,-0.00722207,-0.021382,0.0411766,17.2934,0.0002,-3.60098e-14,3.18135e-09,-3.60098e-14,0.0002,-1.67047e-09,3.18135e-09,-1.67047e-09,0.0002
0.592002,0.377068,-2.01747,0.590072,0.375739,-2.04235,-0.00769798,-0.0217319,0.0345267,17.529,0.0002,-1.32472e-14,4.30087e-09,-1.32472e-14,0.0002,-2.55344e-10,4.30087e-09,-2.55344e-10,0.0002
0.591991,0.376502,-2.035,0.592017,0.374264,-2.04447,-0.00770926,-0.0222978,0.0319987,17.7819,0.0002,-6.14091e-14,3.51771e-09,-6.14091e-14,0.0002,-2.4451e-09,3.51771e-09,-2.4451e-09,0.0002
0.592275,0.37585,-2.05028,0.593364,0.373144,-2.04597,-0.00742519,-0.0229503,0.0327247,17.7183,0.0002,-1.18205e-14,-7.66583e-10,-1.18205e-14,0.0002,8.42558e-12,-7.66583e-10,8.42558e-12,0.0002
0.592856,0.375087,-2.06182,0.595227,0.372132,-2.04768,-0.00684446,-0.0237127,0.0361799,18.1368,0.0002,-3.40112e-14,2.50498e-09,-3.40112e-14,0.0002,-1.61001e-09,2.50498e-09,-1.61001e-09,0.0002
0.593374,0.374466,-2.07214,0.595354,0.372031,-2.04802,-0.00632584,-0.0243339,0.0428595,17.9619,0.0002,3.26928e-14,3.25684e-09,3.26928e-14,0.0002,1.94424e-09,3.25684e-09,1.94424e-09,0.0002
0.593943,0.37379,-2.07963,0.596309,0.371034,-2.04928,-0.00575748,-0.0250101,0.0503681,18.1739,0.0002,-3.88534e-15,4.0387e-10,-3.88534e-15,0.0002,-1.71524e-09,4.0387e-10,-1.71524e-09,0.0002
0.594923,0.375261,-2.10118,0.598823,0.381219,-2.12228,-0.00477727,-0.0235387,0.0448212,21.4322,0.0002,-8.3822e-15,2.58397e-09,-8.3822e-15,0.0002,-4.78397e-10,2.58397e-09,-4.78397e-10,0.0002
0.595725,0.376399,-2.11765,0.598953,0.380879,-2.1229,-0.00397498,-0.0224005,0.0433484,21.5706,0.0002,2.53128e-15,-6.83924e-10,2.53128e-15,0.0002,-8.77883e-10,-6.83924e-10,-8.77883e-10,0.0002
0.596394,0.377255,-2.13184,0.599161,0.380621,-2.1232,-0.00330601,-0.0215451,0.0451585,21.5738,0.0002,5.05941e-14,-2.25478e-09,5.05941e-14,0.0002,-3.43958e-09,-2.25478e-09,-3.43958e-09,0.0002
0.596969,0.377921,-2.1423,0.599194,0.380566,-2.1235,-0.00263134,-0.0208795,0.0496998,21.7084,0.0002,5.61492e-15,-1.94283e-09,5.61492e-15,0.0002,1.52766e-10,-1.94283e-09,1.52766e-10,0.0002
0.597409,0.378371,-2.15166,0.599242,0.380191,-2.124,-0.00219142,-0.0204286,0.0563434,21.8496,0.0002,1.59867e-14,-7.70909e-10,1.59867e-14,0.0002,-2.26195e-09,-7.70909e-10,-2.26195e-09,0.0002
0.597804,0.378674,-2.15835,0.599386,0.379885,-2.12417,-0.00179596,-0.0201259,0.0646485,21.9765,0.0002,9.3387e-15,-4.93382e-10,9.3387e-15,0.0002,-1.44765e-09,-4.93382e-10,-1.44765e-09,0.0002
0.598347,0.379396,-2.18194,0.60052,0.382285,-2.21152,-0.00125282,-0.0194037,0.0570613,23.6954,0.0002,5.61107e-15,-3.15764e-10,5.61107e-15,0.0002,-9.26495e-10,-3.15764e-10,-9.26495e-10,0.0002
0.598759,0.379963,-2.20004,0.60048,0.382243,-2.21182,-0.000841172,-0.0188369,0.053957,23.8116,0.0002,-8.36236e-16,1.79172e-10,-8.36236e-16,0.0002,-2.96913e-09,1.79172e-10,-2.96913e-09,0.0002
0.599147,0.380383,-2.21533,0.600712,0.38199,-2.21202,-0.000452873,-0.0184167,0.0556709,24.0504,0.0002,3.44544e-14,-2.26833e-09,3.44544e-14,0.0002,-2.23615e-09,-2.26833e-09,-2.23615e-09,0.0002
0.599529,0.380563,-2.22676,0.601044,0.381356,-2.21246,-7.13364e-05,-0.0182371,0.0592432,24.0067,0.0002,-1.11424e-15,9.35792e-10,-1.11424e-15,0.0002,-1.12904e-09,9.35792e-10,-1.12904e-09,0.0002
0.599835,0.38066,-2.23705,0.601136,0.381057,-2.21313,0.000235299,-0.0181403,0.0649518,24.2243,0.0002,-1.51234e-14,8.70669e-10,-1.51234e-14,0.0002,-3.11375e-09,8.70669e-10,-3.11375e-09,0.0002
0.600184,0.381027,-2.26185,0.601514,0.38241,-2.30073,0.0005842,-0.0177735,0.0551513,23.8412,0.0002,-3.06764e-15,-2.0863e-09,-3.06764e-15,0.0002,1.50752e-10,-2.0863e-09,1.50752e-10,0.0002
0.600467,0.3813,-2.28266,0.601597,0.382393,-2.30111,0.000866778,-0.0175003,0.0503449,23.7944,0.0002,-1.80226e-15,-1.33523e-09,-1.80226e-15,0.0002,9.64813e-11,-1.33523e-09,9.64813e-11,0.0002
0.600703,0.381493,-2.29851,0.601727,0.382194,-2.30162,0.00110277,-0.0173074,0.0494869,23.6871,0.0002,5.00049e-14,-3.1164e-09,5.00049e-14,0.0002,-2.48131e-09,-3.1164e-09,-2.48131e-09,0.0002
0.60098,0.381598,-2.31202,0.602091,0.382021,-2.3013,0.00138044,-0.0173018,0.0519773,23.7992,0.0002,2.8044e-14,-1.99449e-09,2.8044e-14,0.0002,-1.58804e-09,-1.99449e-09,-1.58804e-09,0.0002
0.601202,0.381633,-2.32198,0.602093,0.381696,-2.30181,0.00160212,-0.0172673,0.0570198,24.0353,0.0002,3.40669e-14,-3.68201e-09,3.40669e-14,0.0002,-1.08653e-09,-3.68201e-09,-1.08653e-09,0.0002
0.601415,0.381558,-2.33094,0.602262,0.381334,-2.30233,0.00181455,-0.017342,0.0640593,23.9702,0.0002,8.78825e-15,4.96788e-11,8.78825e-15,0.0002,-6.51821e-10,4.96788e-11,-6.51821e-10,0.0002
0.601641,0.381766,-2.35503,0.602626,0.382523,-2.39105,0.00204148,-0.0171342,0.0549725,21.7639,0.0002,4.96539e-14,-2.35016e-09,4.96539e-14,0.0002,-2.84808e-09,-2.35016e-09,-2.84808e-09,0.0002
0.601846,0.381844,-2.37513,0.602738,0.382231,-2.39141,0.00224576,-0.0170561,0.0508706,21.637,0.0002,-1.38899e-14,8.66419e-10,-1.38899e-14,0.0002,-4.26484e-09,8.66419e-10,-4.26484e-09,0.0002
0.602036,0.381961,-2.39034,0.602799,0.382428,-2.39152,0.00243645,-0.0169393,0.0506553,21.6781,0.0002,-6.99764e-15,5.54508e-10,-6.99764e-15,0.0002,-2.7295e-09,5.54508e-10,-2.7295e-09,0.0002
0.602237,0.381912,-2.40366,0.603037,0.381716,-2.39215,0.00273656,-0.0169882,0.0533404,22.156,0.0002,-3.70356e-15,3.54885e-10,-3.70356e-15,0.0002,-1.74688e-09,3.54885e-10,-1.74688e-09,0.0002
0.602412,0.381794,-2.4133,0.603187,0.381319,-2.39249,0.0029117,-0.0171061,0.0576998,22.239,0.0002,-2.17152e-15,7.72772e-11,-2.17152e-15,0.0002,-3.5199e-09,7.72772e-11,-3.5199e-09,0.0002
0.602558,0.381715,-2.42206,0.603145,0.381399,-2.39299,0.00305835,-0.0171853,0.0649359,21.998,0.0002,-1.2505e-15,4.94574e-11,-1.2505e-15,0.0002,-2.25273e-09,4.94574e-11,-2.25273e-09,0.0002
0.602928,0.381542,-2.44634,0.60441,0.380923,-2.48344,0.0034276,-0.0173584,0.05566,22.3948,0.0002,-2.65391e-14,2.43035e-09,-2.65391e-14,0.0002,-1.63616e-09,2.43035e-09,-1.63616e-09,0.0002
0.603273,0.381382,-2.46666,0.604732,0.380737,-2.48412,0.0037735,-0.0175179,0.0513419,22.1973,0.0002,-3.36222e-14,1.30057e-09,-3.36222e-14,0.0002,-3.44017e-09,1.30057e-09,-3.44017e-09,0.0002
0.603608,0.381153,-2.4822,0.604872,0.380247,-2.48436,0.00410819,-0.0177466,0.0507997,22.6089,0.0002,-5.81775e-15,1.13351e-09,-5.81775e-15,0.0002,1.85937e-10,1.13351e-09,1.85937e-10,0.0002
0.603893,0.380881,-2.49556,0.605031,0.379792,-2.48485,0.00439267,-0.0180188,0.0534439,22.6356,0.0002,-3.83127e-15,7.25447e-10,-3.83127e-15,0.0002,1.18999e-10,7.25447e-10,1.18999e-10,0.0002
0.604138,0.38065,-2.50537,0.605127,0.379798,-2.48526,0.00463757,-0.0182504,0.0586289,22.7379,0.0002,-8.20227e-15,2.84229e-09,-8.20227e-15,0.0002,-2.93472e-10,2.84229e-09,-2.93472e-10,0.0002
0.604378,0.380432,-2.51421,0.605404,0.379477,-2.48542,0.00487818,-0.0184679,0.0657939,22.8624,0.0002,1.09296e-14,-9.50507e-10,1.09296e-14,0.0002,-2.16584e-09,-9.50507e-10,-2.16584e-09,0.0002
0.604774,0.380364,-2.53798,0.606282,0.380104,-2.57372,0.00527381,-0.018536,0.0570179,20.9961,0.0002,-8.4882e-16,-1.9441e-10,-8.4882e-16,0.0002,9.84564e-10,-1.9441e-10,9.84564e-10,0.0002
0.605159,0.380314,-2.55784,0.606698,0.380117,-2.57378,0.00565874,-0.0185855,0.0521588,20.7897,0.0002,-4.45243e-16,-1.24422e-10,-4.45243e-16,0.0002,6.30121e-10,-1.24422e-10,6.30121e-10,0.0002
0.605477,0.380195,-2.57306,0.606735,0.379645,-2.57459,0.00597694,-0.0187047,0.0519361,21.0329,0.0002,-1.47087e-14,-2.43002e-09,-1.47087e-14,0.0002,9.20211e-10,-2.43002e-09,9.20211e-10,0.0002
0.605813,0.379945,-2.58642,0.607083,0.37896,-2.57539,0.0063128,-0.0189549,0.0545803,21.1722,0.0002,-2.14812e-14,-9.99585e-10,-2.14812e-14,0.0002,2.93048e-09,-9.99585e-10,2.93048e-09,0.0002
0.60606,0.379693,-2.59612,0.607194,0.378652,-2.57586,0.00655963,-0.0192067,0.0598817,21.1973,0.0002,2.87594e-14,-1.80713e-09,2.87594e-14,0.0002,-2.7939e-09,-1.80713e-09,-2.7939e-09,0.0002
0.606456,0.37988,-2.62175,0.608042,0.380626,-2.66076,0.00695613,-0.0190201,0.0502537,17.5483,0.0002,1.58209e-14,-1.15656e-09,1.58209e-14,0.0002,-1.7881e-09,-1.15656e-09,-1.7881e-09,0.0002
0.606884,0.37985,-2.64153,0.608543,0.379823,-2.66161,0.00738392,-0.01905,0.0444699,17.4828,0.0002,1.08879e-14,2.23822e-09,1.08879e-14,0.0002,5.02454e-10,2.23822e-09,5.02454e-10,0.0002
0.607291,0.37977,-2.65839,0.60892,0.379453,-2.66233,0.00779117,-0.0191295,0.0436117,17.6606,0.0002,6.39243e-15,1.43246e-09,6.39243e-15,0.0002,3.21571e-10,1.43246e-09,3.21571e-10,0.0002
0.607597,0.379618,-2.67118,0.608819,0.379007,-2.66268,0.00809676,-0.0192821,0.0458151,17.6784,0.0002,3.85531e-15,9.16776e-10,3.85531e-15,0.0002,2.05805e-10,9.16776e-10,2.05805e-10,0.0002
0.607917,0.379489,-2.68227,0.609198,0.378974,-2.66312,0.00841712,-0.0194109,0.050729,17.6538,0.0002,2.3708e-15,5.86737e-10,2.3708e-15,0.0002,1.31715e-10,5.86737e-10,1.31715e-10,0.0002
0.608214,0.379339,-2.6904,0.609377,0.378667,-2.66356,0.00871393,-0.0195611,0.0565984,17.7615,0.0002,-9.77048e-15,-1.89255e-09,-9.77048e-15,0.0002,8.88939e-10,-1.89255e-09,8.88939e-10,0.0002
0.609105,0.379516,-2.71471,0.612671,0.380223,-2.74844,0.0096053,-0.0193843,0.0482922,13.4838,0.0002,-5.39174e-15,-1.21123e-09,-5.39174e-15,0.0002,5.68921e-10,-1.21123e-09,5.68921e-10,0.0002
0.609886,0.379513,-2.73331,0.613007,0.379503,-2.74929,0.0103856,-0.0193869,0.0446927,13.5403,0.0002,-3.0979e-15,-7.75187e-10,-3.0979e-15,0.0002,3.64109e-10,-7.75187e-10,3.64109e-10,0.0002
0.610543,0.37949,-2.74927,0.613175,0.379398,-2.74963,0.0110435,-0.0194098,0.0447287,13.4842,0.0002,-1.83814e-15,-4.9612e-10,-1.83814e-15,0.0002,2.3303e-10,-4.9612e-10,2.3303e-10,0.0002
0.611102,0.379461,-2.76125,0.613378,0.379244,-2.75013,0.0116023,-0.0194394,0.046747,13.5514,0.0002,2.44497e-14,-3.4812e-09,2.44497e-14,0.0002,-1.10553e-09,-3.4812e-09,-1.10553e-09,0.0002
0.611594,0.379235,-2.7719,0.613562,0.378334,-2.75098,0.0120941,-0.0196647,0.0521016,13.6128,0.0002,1.36774e-14,-2.22797e-09,1.36774e-14,0.0002,-7.07538e-10,-2.22797e-09,-7.07538e-10,0.0002
0.611967,0.379084,-2.77961,0.613528,0.378448,-2.75107,0.012467,-0.0199161,0.059394,13.7018,0.0002,4.58105e-14,-2.43032e-09,4.58105e-14,0.0002,-2.63976e-09,-2.43032e-09,-2.63976e-09,0.0002
0.61198,0.379542,-2.8035,0.612099,0.381345,-2.83591,0.0124798,-0.0194576,0.0504966,17.9133,0.0002,7.42402e-14,-2.57872e-09,7.42402e-14,0.0002,-3.8676e-09,-2.57872e-09,-3.8676e-09,0.0002
0.612045,0.379733,-2.82189,0.612307,0.380496,-2.837,0.0125452,-0.0192669,0.0471148,18.1037,0.0002,4.24073e-14,-1.65038e-09,4.24073e-14,0.0002,-2.47526e-09,-1.65038e-09,-2.47526e-09,0.0002
0.612133,0.379962,-2.83759,0.612485,0.380879,-2.8369,0.0126331,-0.0190377,0.0474126,18.208,0.0002,2.50491e-14,-1.05625e-09,2.50491e-14,0.0002,-1.58417e-09,-1.05625e-09,-1.58417e-09,0.0002
0.612195,0.380006,-2.84928,0.612444,0.380181,-2.83765,0.0126953,-0.0189939,0.049716,18.0245,0.0002,1.51747e-14,-6.75997e-10,1.51747e-14,0.0002,-1.01387e-09,-6.75997e-10,-1.01387e-09,0.0002
0.612258,0.380042,-2.85956,0.612511,0.380187,-2.83779,0.0127584,-0.0189578,0.0554431,18.2204,0.0002,9.3609e-15,-4.32638e-10,9.3609e-15,0.0002,-6.48875e-10,-4.32638e-10,-6.48875e-10,0.0002
0.611167,0.380781,-2.88187,0.606733,0.383775,-2.91239,0.0116665,-0.0182186,0.04813,18.9264,0.0002,1.51514e-14,9.14801e-10,1.51514e-14,0.0002,1.67551e-09,9.14801e-10,1.67551e-09,0.0002
0.610478,0.381274,-2.90077,0.607791,0.383209,-2.91321,0.0109784,-0.0177256,0.0442253,19.2577,0.0002,9.04651e-15,-6.54861e-10,9.04651e-15,0.0002,-9.89979e-10,-6.54861e-10,-9.89979e-10,0.0002
0.610107,0.381588,-2.9152,0.608622,0.38284,-2.91386,0.0106071,-0.0174124,0.0447976,19.385,0.0002,5.45784e-15,-4.19111e-10,5.45784e-15,0.0002,-6.33587e-10,-4.19111e-10,-6.33587e-10,0.0002
0.609736,0.381722,-2.92762,0.608254,0.38226,-2.91444,0.0102364,-0.0172779,0.0483777,19.3663,0.0002,3.35706e-15,-2.68231e-10,3.35706e-15,0.0002,-4.05496e-10,-2.68231e-10,-4.05496e-10,0.0002
0.609534,0.381883,-2.93666,0.608726,0.382525,-2.91439,0.0100343,-0.0171174,0.05334,19.354,0.0002,2.09283e-15,-1.71668e-10,2.09283e-15,0.0002,-2.59517e-10,-1.71668e-10,-2.59517e-10,0.0002
0.609413,0.38189,-2.94499,0.608862,0.381963,-2.91513,0.0099125,-0.0171096,0.0610112,19.4839,0.0002,1.60679e-14,1.24154e-09,1.60679e-14,0.0002,1.8252e-09,1.24154e-09,1.8252e-09,0.0002
0.609176,0.381999,-2.96842,0.608292,0.382391,-3.00343,0.00967596,-0.0170011,0.0515768,19.9287,0.0002,6.08069e-15,-5.71159e-10,6.08069e-15,0.0002,-8.13357e-10,-5.71159e-10,-8.13357e-10,0.0002
0.60903,0.38208,-2.98802,0.608487,0.382466,-3.00385,0.00952957,-0.0169199,0.047983,19.8985,0.0002,-1.76762e-14,1.58205e-09,-1.76762e-14,0.0002,-1.93421e-09,1.58205e-09,-1.93421e-09,0.0002
0.609,0.38208,-3.00288,0.608927,0.382142,-3.00423,0.0095001,-0.0169196,0.0481208,19.8214,0.0002,-5.32568e-14,2.93364e-09,-5.32568e-14,0.0002,-2.6873e-09,2.93364e-09,-2.6873e-09,0.0002
0.609024,0.382008,-3.0158,0.609105,0.381822,-3.00463,0.00952416,-0.0169923,0.0501979,19.9873,0.0002,-5.37703e-14,5.25521e-09,-5.37703e-14,0.0002,-1.30232e-09,5.25521e-09,-1.30232e-09,0.0002
0.60904,0.381885,-3.02534,0.609102,0.381396,-3.0051,0.00953988,-0.0171147,0.0556558,19.8859,0.0002,-3.09089e-14,3.36334e-09,-3.09089e-14,0.0002,-8.33483e-10,3.36334e-09,-8.33483e-10,0.0002
0.609149,0.38186,-3.03373,0.609584,0.381756,-3.00503,0.00964873,-0.0170405,0.0622739,19.9015,0.0002,-1.83464e-14,2.15253e-09,-1.83464e-14,0.0002,-5.33429e-10,2.15253e-09,-5.33429e-10,0.0002
0.608928,0.38205,-3.05693,0.608035,0.382915,-3.09071,0.00942817,-0.0169505,0.0540669,20.1556,0.0002,-8.84884e-15,4.76627e-09,-8.84884e-15,0.0002,-2.49837e-11,4.76627e-09,-2.49837e-11,0.0002
0.608846,0.382093,-3.07635,0.608574,0.382219,-3.0915,0.00934579,-0.0169068,0.0496453,20.3893,0.0002,-2.29472e-14,1.47014e-09,-2.29472e-14,0.0002,-1.831e-09,1.47014e-09,-1.831e-09,0.0002
0.608826,0.382151,-3.09104,0.608689,0.382434,-3.09169,0.00932571,-0.0168485,0.0499594,20.1706,0.0002,4.21798e-15,2.55413e-09,4.21798e-15,0.0002,6.13931e-10,2.55413e-09,6.13931e-10,0.0002
0.608859,0.382129,-3.09541,0.608997,0.381935,-3.09196,0.00935883,-0.0168706,0.0507708,20.3409,0.0002,-5.08407e-15,-1.76525e-09,-5.08407e-15,0.0002,2.38749e-10,-1.76525e-09,2.38749e-10,0.0002
0.608818,0.382133,-3.09461,0.608599,0.382198,-3.09168,0.00931797,-0.016867,0.0515802,20.1026,0.0002,4.32345e-15,4.91426e-10,4.32345e-15,0.0002,1.93136e-09,4.91426e-10,1.93136e-09,0.0002
0.608792,0.382187,-3.09397,0.608738,0.382461,-3.09174,0.00929195,-0.0168126,0.0522177,20.0515,0.0002,-5.54357e-15,2.09439e-09,-5.54357e-15,0.0002,-3.83675e-10,2.09439e-09,-3.83675e-10,0.0002
0.60552,0.384135,-3.1036,0.592434,0.391927,3.14108,0.00602039,-0.0148648,0.0425892,15.5396,0.0002,-3.13646e-15,1.34041e-09,-3.13646e-15,0.0002,-2.45552e-10,1.34041e-09,-2.45552e-10,0.0002
0.602941,0.385677,-3.11101,0.592626,0.391842,3.14123,0.00344141,-0.0133234,0.0351704,15.5825,0.0002,-1.83881e-15,8.57861e-10,-1.83881e-15,0.0002,-1.57153e-10,8.57861e-10,-1.57153e-10,0.0002
0.600948,0.386921,-3.11725,0.592976,0.391898,3.14101,0.00144824,-0.0120791,0.028938,15.54,0.0002,-1.10782e-15,5.49031e-10,-1.10782e-15,0.0002,-1.00578e-10,5.49031e-10,-1.00578e-10,0.0002
0.599359,0.387774,-3.1223,0.593055,0.391135,3.14035,-0.000141301,-0.011126,0.0228843,15.5219,0.0002,1.49825e-14,-1.30825e-09,1.49825e-14,0.0002,-1.80712e-09,-1.30825e-09,-1.80712e-09,0.0002
0.598073,0.388522,-3.12619,0.592929,0.391618,3.14079,-0.00142683,-0.0103784,0.0189914,15.5226,0.0002,-1.63337e-14,2.56547e-09,-1.63337e-14,0.0002,-1.09036e-09,2.56547e-09,-1.09036e-09,0.0002
0.595722,0.389771,-3.13388,0.586267,0.394716,3.11825,-0.00377763,-0.00912885,0.011307,14.8111,0.0002,-2.05339e-15,-8.59302e-11,-2.05339e-15,0.0002,9.77322e-10,-8.59302e-11,9.77322e-10,0.0002
0.593909,0.390661,-3.14018,0.586656,0.394219,3.11717,-0.00559097,-0.00823938,0.00500572,14.7916,0.0002,-1.27117e-15,-5.49954e-11,-1.27117e-15,0.0002,6.25486e-10,-5.49954e-11,6.25486e-10,0.0002
0.592436,0.391408,3.13793,0.586596,0.39445,3.1173,-0.00706419,-0.00749214,-7.11936e-05,14.7973,0.0002,-1.49298e-14,1.66904e-09,-1.49298e-14,0.0002,-1.29884e-09,1.66904e-09,-1.29884e-09,0.0002
0.591296,0.391974,3.13387,0.586681,0.394185,3.1173,-0.00820445,-0.00692608,-0.00413355,14.8184,0.0002,-6.22698e-15,-6.27402e-10,-6.22698e-15,0.0002,8.76525e-10,-6.27402e-10,8.76525e-10,0.0002
0.590376,0.392454,3.13073,0.586752,0.394428,3.11725,-0.00912384,-0.00644576,-0.007267,14.7928,0.0002,-1.19699e-14,1.28737e-09,-1.19699e-14,0.0002,-1.15341e-09,1.28737e-09,-1.15341e-09,0.0002
0.589645,0.392818,3.12797,0.586721,0.394272,3.11689,-0.00985485,-0.00608227,-0.0100349,14.7471,0.0002,-6.90051e-15,8.23916e-10,-6.90051e-15,0.0002,-7.38185e-10,8.23916e-10,-7.38185e-10,0.0002
0.58944,0.392949,3.12546,0.588565,0.393527,3.11514,-0.0100604,-0.00595112,-0.0125364,14.2758,0.0002,1.5353e-14,2.2519e-09,1.5353e-14,0.0002,1.20605e-09,2.2519e-09,1.20605e-09,0.0002
0.58928,0.393069,3.12345,0.58864,0.393445,3.11478,-0.0102199,-0.00583064,-0.0155468,14.2544,0.0002,-9.50166e-15,-1.96174e-09,-9.50166e-15,0.0002,8.26221e-10,-1.96174e-09,8.26221e-10,0.0002
0.589362,0.393002,3.11459,0.589742,0.392785,3.11312,-0.0101384,-0.00589791,-0.0154067,14.2328,0.0002,-4.09277e-15,4.00264e-10,-4.09277e-15,0.0002,-1.21763e-09,4.00264e-10,-1.21763e-09,0.0002
0.589719,0.392711,3.10335,0.59115,0.391545,3.11045,-0.00978065,-0.00618941,-0.0136483,14.292,0.0002,-2.36984e-15,2.56169e-10,-2.36984e-15,0.0002,-7.7928e-10,2.56169e-10,-7.7928e-10,0.0002
0.590328,0.392218,3.09176,0.592812,0.390192,3.1073,-0.00917246,-0.00668208,-0.0102412,14.3392,0.0002,2.16101e-14,-1.62666e-09,2.16101e-14,0.0002,-2.10661e-09,-1.62666e-09,-2.10661e-09,0.0002
0.590939,0.391729,3.08888,0.593443,0.389826,3.10627,-0.0085606,-0.00717056,-0.00611706,14.3225,0.0002,-8.70703e-15,5.60823e-10,-8.70703e-15,0.0002,-3.1442e-09,5.60823e-10,-3.1442e-09,0.0002
0.592351,0.390897,3.09069,0.597893,0.387573,3.09726,-0.00714865,-0.00800301,-0.00431387,13.9375,0.0002,4.96231e-15,5.37696e-10,4.96231e-15,0.0002,1.38641e-09,5.37696e-10,1.38641e-09,0.0002
0.593406,0.390199,3.09207,0.597675,0.387353,3.09729,-0.00609408,-0.00870074,-0.00292871,13.9507,0.0002,7.65737e-15,-1.44183e-09,7.65737e-15,0.0002,-7.25743e-10,-1.44183e-09,-7.25743e-10,0.0002
0.594239,0.389693,3.09321,0.597627,0.387719,3.09744,-0.00526102,-0.00920693,-0.00179104,13.905,0.0002,-8.66836e-15,6.92746e-10,-8.66836e-15,0.0002,-2.24819e-09,6.92746e-10,-2.24819e-09,0.0002
0.594917,0.389327,3.09423,0.597525,0.387866,3.09766,-0.00458266,-0.00957329,-0.000774126,13.941,0.0002,7.25134e-15,6.07422e-10,7.25134e-15,0.0002,1.96059e-09,6.07422e-10,1.96059e-09,0.0002
0.595495,0.389022,3.09487,0.597808,0.387803,3.09743,-0.00400457,-0.00987811,-0.00013316,13.9635,0.0002,4.03111e-15,3.8875e-10,4.03111e-15,0.0002,1.25478e-09,3.8875e-10,1.25478e-09,0.0002
0.594076,0.389941,3.09053,0.588393,0.393512,3.07252,-0.00542398,-0.00895893,-0.0044746,13.5656,0.0002,-1.88625e-14,-3.1509e-09,-1.88625e-14,0.0002,9.61487e-10,-3.1509e-09,9.61487e-10,0.0002
0.592978,0.390544,3.08705,0.588592,0.393063,3.0725,-0.0065219,-0.00835574,-0.00795268,13.6368,0.0002,1.63392e-15,1.38241e-09,1.63392e-15,0.0002,4.42165e-10,1.38241e-09,4.42165e-10,0.0002
0.59209,0.391026,3.08413,0.588537,0.392953,3.07244,-0.00741018,-0.00787407,-0.0108735,13.5938,0.0002,7.32749e-16,8.84739e-10,7.32749e-16,0.0002,2.82986e-10,8.84739e-10,2.82986e-10,0.0002
0.591415,0.391491,3.08194,0.588766,0.393295,3.07222,-0.00808503,-0.00740903,-0.0130639,13.6019,0.0002,1.11337e-14,-1.23001e-09,1.11337e-14,0.0002,-1.42047e-09,-1.23001e-09,-1.42047e-09,0.0002
0.590833,0.39178,3.08007,0.588457,0.392991,3.07229,-0.00866663,-0.00712037,-0.015929,13.6235,0.0002,6.10903e-15,1.01279e-09,6.10903e-15,0.0002,6.88255e-10,1.01279e-09,6.88255e-10,0.0002
0.590362,0.392065,3.07856,0.588526,0.393149,3.07222,-0.00913806,-0.00683521,-0.0174362,13.599,0.0002,1.04208e-14,-1.15479e-09,1.04208e-14,0.0002,-1.15351e-09,-1.15479e-09,-1.15351e-09,0.0002
0.590051,0.392288,3.07737,0.588866,0.393232,3.07226,-0.00944858,-0.00661169,-0.0186327,13.7026,0.0002,-1.18188e-14,8.52211e-10,-1.18188e-14,0.0002,-2.54362e-09,8.52211e-10,-2.54362e-09,0.0002
0.589825,0.392392,3.07639,0.588811,0.392815,3.07185,-0.00967541,-0.00650769,-0.0196088,13.6799,0.0002,8.23137e-15,7.6331e-10,8.23137e-15,0.0002,1.76849e-09,7.6331e-10,1.76849e-09,0.0002
0.589599,0.392513,3.07567,0.588748,0.392938,3.07246,-0.00990057,-0.0063872,-0.0203317,13.6293,0.0002,4.8952e-15,-1.32031e-09,4.8952e-15,0.0002,-4.55515e-10,-1.32031e-09,-4.55515e-10,0.0002
0.589459,0.392585,3.07517,0.588906,0.39298,3.07255,-0.0100407,-0.00631502,-0.020829,13.6714,0.0002,-7.41658e-15,2.55104e-09,-7.41658e-15,0.0002,-5.15194e-10,2.55104e-09,-5.15194e-10,0.0002
0.589301,0.39267,3.07466,0.588715,0.392955,3.07229,-0.0101995,-0.00622979,-0.0213418,13.7164,0.0002,1.69716e-15,-1.78101e-10,1.69716e-15,0.0002,-1.91487e-09,-1.78101e-10,-1.91487e-09,0.0002
0.589243,0.392757,3.07423,0.588956,0.393056,3.07221,-0.010257,-0.0061427,-0.0217671,13.7333,0.0002,-6.53648e-15,-1.6982e-09,-6.53648e-15,0.0002,5.86063e-10,-1.6982e-09,5.86063e-10,0.0002
0.589455,0.392633,3.07348,0.590361,0.392184,3.06949,-0.0100446,-0.00626717,-0.0235247,15.2239,0.0002,-5.68404e-15,4.96883e-10,-5.68404e-15,0.0002,-1.43692e-09,4.96883e-10,-1.43692e-09,0.0002
0.589686,0.392463,3.07244,0.590607,0.391784,3.06832,-0.00981428,-0.00643683,-0.0245556,15.2525,0.0002,-3.27223e-15,3.18005e-10,-3.27223e-15,0.0002,-9.19628e-10,3.18005e-10,-9.19628e-10,0.0002
0.589934,0.392368,3.07194,0.59088,0.392047,3.06895,-0.0095656,-0.00653151,-0.0250638,15.3414,0.0002,1.19801e-14,2.01835e-09,1.19801e-14,0.0002,9.91924e-10,2.01835e-09,9.91924e-10,0.0002
0.590132,0.392303,3.07122,0.590922,0.392042,3.06835,-0.00936807,-0.00659672,-0.0257814,15.2556,0.0002,6.64219e-15,1.29175e-09,6.64219e-15,0.0002,6.34831e-10,1.29175e-09,6.34831e-10,0.0002
0.590349,0.392221,3.07067,0.591211,0.391785,3.06783,-0.00915081,-0.0066792,-0.0263321,15.2772,0.0002,-9.24532e-15,-2.56829e-09,-9.24532e-15,0.0002,6.45066e-10,-2.56829e-09,6.45066e-10,0.0002
0.590515,0.392084,3.07011,0.591129,0.391592,3.06758,-0.00898497,-0.00681638,-0.0268863,15.2531,0.0002,1.65894e-15,1.74179e-10,1.65894e-15,0.0002,1.98981e-09,1.74179e-10,1.98981e-09,0.0002
0.590505,0.392076,3.07044,0.590524,0.392095,3.07142,-0.00899451,-0.00682391,-0.0265625,15.3002,0.0002,-6.08564e-15,1.68744e-09,-6.08564e-15,0.0002,-5.45277e-10,1.68744e-09,-5.45277e-10,0.0002
0.590499,0.392085,3.07083,0.590417,0.392073,3.07145,-0.00900091,-0.0068146,-0.0261691,15.2875,0.0002,-5.74057e-15,-4.9688e-10,-5.74057e-15,0.0002,1.46902e-09,-4.9688e-10,1.46902e-09,0.0002
0.590504,0.392076,3.07093,0.590524,0.39204,3.07132,-0.00899597,-0.0068236,-0.0270709,15.1972,0.0002,-3.30024e-15,-3.18003e-10,-3.30024e-15,0.0002,9.40172e-10,-3.18003e-10,9.40172e-10,0.0002
0.590519,0.392074,3.07104,0.590629,0.392008,3.07117,-0.00898089,-0.00682591,-0.0269592,15.2146,0.0002,1.17855e-14,-2.02099e-09,1.17855e-14,0.0002,-9.75735e-10,-2.02099e-09,-9.75735e-10,0.0002
0.590502,0.392031,3.07116,0.590383,0.391915,3.07131,-0.00899821,-0.00686911,-0.0268425,15.2113,0.0002,4.50935e-15,5.2386e-10,4.50935e-15,0.0002,9.53178e-10,5.2386e-10,9.53178e-10,0.0002
0.590515,0.391995,3.07133,0.590674,0.391843,3.07137,-0.00898507,-0.00690519,-0.0266723,15.3417,0.0002,-4.71678e-16,9.62887e-11,-4.71678e-16,0.0002,-2.78496e-09,9.62887e-11,-2.78496e-09,0.0002
0.590524,0.391998,3.07149,0.590453,0.392018,3.07151,-0.00897628,-0.00690211,-0.0265082,15.3275,0.0002,3.73146e-15,3.00028e-10,3.73146e-15,0.0002,1.61266e-09,3.00028e-10,1.61266e-09,0.0002
0.590507,0.392027,3.07153,0.59044,0.392143,3.07168,-0.00899311,-0.00687302,-0.02647,15.341,0.0002,2.14041e-15,1.92018e-10,2.14041e-15,0.0002,1.0321e-09,1.92018e-10,1.0321e-09,0.0002
0.590542,0.391972,3.0717,0.590737,0.391802,3.07142,-0.00895839,-0.00692794,-0.0263015,15.3453,0.0002,-1.21709e-14,1.70172e-09,-1.21709e-14,0.0002,-1.15573e-09,1.70172e-09,-1.15573e-09,0.0002
0.590557,0.391959,3.07168,0.590618,0.391904,3.0716,-0.00894318,-0.0069415,-0.0263214,15.3564,0.0002,-6.78244e-15,1.0891e-09,-6.78244e-15,0.0002,-7.39666e-10,1.0891e-09,-7.39666e-10,0.0002
0.590566,0.391938,3.07172,0.590653,0.391799,3.07159,-0.00893373,-0.006962,-0.0262756,15.3462,0.0002,1.33108e-14,-1.11927e-09,1.33108e-14,0.0002,-2.05219e-09,-1.11927e-09,-2.05219e-09,0.0002
0.590591,0.391865,3.07195,0.59064,0.39163,3.07192,-0.00890909,-0.00703493,-0.0260452,15.3796,0.0002,3.0866e-15,1.09964e-09,3.0866e-15,0.0002,2.65775e-10,1.09964e-09,2.65775e-10,0.0002
0.590594,0.391859,3.07187,0.590605,0.391836,3.07154,-0.00890618,-0.0070407,-0.0271287,15.3564,0.0002,1.82579e-15,7.03767e-10,1.82579e-15,0.0002,1.70096e-10,7.03767e-10,1.70096e-10,0.0002
0.590603,0.391831,3.07196,0.590639,0.391716,3.07168,-0.00889708,-0.00706941,-0.0270402,15.3961,0.0002,1.10721e-15,4.50411e-10,1.10721e-15,0.0002,1.08861e-10,4.50411e-10,1.08861e-10,0.0002
0.590636,0.391795,3.07192,0.590711,0.391606,3.07145,-0.00886418,-0.00710454,-0.0270781,15.3899,0.0002,-1.54234e-14,-1.29106e-09,-1.54234e-14,0.0002,1.88552e-09,-1.29106e-09,1.88552e-09,0.0002
0.590659,0.391815,3.072,0.59086,0.391887,3.0717,-0.00884061,-0.00708481,-0.0269952,15.4095,0.0002,1.31804e-14,-1.06266e-09,1.31804e-14,0.0002,-2.18844e-09,-1.06266e-09,-2.18844e-09,0.0002
0.590617,0.391832,3.07208,0.590399,0.391955,3.07204,-0.00888277,-0.00706817,-0.0269245,15.3642,0.0002,2.32614e-15,1.13567e-09,2.32614e-15,0.0002,1.78797e-10,1.13567e-09,1.78797e-10,0.0002
0.590655,0.392161,3.07299,0.590854,0.39342,3.07632,-0.00884529,-0.00673924,-0.0260113,14.5876,0.0002,1.13078e-14,-1.08883e-09,1.13078e-14,0.0002,-1.4651e-09,-1.08883e-09,-1.4651e-09,0.0002
0.590697,0.392414,3.07382,0.590818,0.393482,3.07681,-0.00880271,-0.00648642,-0.025183,14.4922,0.0002,6.85095e-15,1.11737e-09,6.85095e-15,0.0002,6.43523e-10,1.11737e-09,6.43523e-10,0.0002
0.590641,0.392564,3.07455,0.590416,0.393164,3.07684,-0.00885901,-0.00633635,-0.0244508,14.5278,0.0002,4.01645e-15,7.15114e-10,4.01645e-15,0.0002,4.11854e-10,7.15114e-10,4.11854e-10,0.0002
0.590601,0.392701,3.07512,0.590443,0.393251,3.07676,-0.00889854,-0.0061988,-0.0248818,14.5093,0.0002,2.41973e-15,4.57673e-10,2.41973e-15,0.0002,2.63587e-10,4.57673e-10,2.63587e-10,0.0002
0.59054,0.392891,3.07546,0.590293,0.393652,3.07685,-0.00896029,-0.00600873,-0.0245358,14.5833,0.0002,1.48686e-15,2.92911e-10,1.48686e-15,0.0002,1.68696e-10,2.92911e-10,1.68696e-10,0.0002
0.590256,0.393027,3.07633,0.589121,0.39357,3.07916,-0.00924396,-0.00587288,-0.0236692,13.8165,0.0002,9.26294e-16,1.87463e-10,9.26294e-16,0.0002,1.07965e-10,1.87463e-10,1.07965e-10,0.0002
0.590111,0.393224,3.07698,0.589532,0.394012,3.07893,-0.00938877,-0.00567596,-0.0230229,13.7685,0.0002,5.82465e-16,1.19976e-10,5.82465e-16,0.0002,6.90977e-11,1.19976e-10,6.90977e-11,0.0002
0.589851,0.393352,3.07749,0.588812,0.393861,3.07953,-0.00964868,-0.00554849,-0.0225127,13.7267,0.0002,3.68533e-16,7.67848e-11,3.68533e-16,0.0002,4.42225e-11,7.67848e-11,4.42225e-11,0.0002
0.589741,0.393458,3.07803,0.5893,0.393886,3.07957,-0.00975901,-0.00544161,-0.0219688,13.7322,0.0002,2.34123e-16,4.91423e-11,2.34123e-16,0.0002,2.83024e-11,4.91423e-11,2.83024e-11,0.0002
0.589541,0.393545,3.07854,0.588741,0.393891,3.07994,-0.00995909,-0.00535514,-0.0214605,13.7059,0.0002,1.49126e-16,3.14511e-11,1.49126e-16,0.0002,1.81136e-11,3.14511e-11,1.81136e-11,0.0002
0.589305,0.393656,3.07889,0.58836,0.3941,3.08031,-0.0101952,-0.0052442,-0.0211068,13.7054,0.0002,9.51492e-17,2.01287e-11,9.51492e-17,0.0002,1.15927e-11,2.01287e-11,1.15927e-11,0.0002
0.589066,0.393683,3.07906,0.588108,0.393792,3.07972,-0.0104345,-0.00521703,-0.0209415,14.4163,0.0002,6.0776e-17,1.28824e-11,6.0776e-17,0.0002,7.41931e-12,1.28824e-11,7.41931e-12,0.0002
0.588843,0.393682,3.07953,0.587952,0.393676,3.08015,-0.0106573,-0.00521843,-0.0204688,14.3803,0.0002,3.88477e-17,8.24471e-12,3.88477e-17,0.0002,4.74836e-12,8.24471e-12,4.74836e-12,0.0002
0.588572,0.393741,3.0797,0.587487,0.393979,3.08036,-0.0109284,-0.00515897,-0.0203028,14.3529,0.0002,2.48425e-17,5.27661e-12,2.48425e-17,0.0002,3.03895e-12,5.27661e-12,3.03895e-12,0.0002
0.588372,0.393707,3.07999,0.587573,0.393571,3.08051,-0.0111282,-0.00519297,-0.0210134,14.3746,0.0002,1.5891e-17,3.37703e-12,1.5891e-17,0.0002,1.94493e-12,3.37703e-12,1.94493e-12,0.0002
0.588269,0.393772,3.08009,0.587859,0.394033,3.08049,-0.0112308,-0.00512781,-0.0209121,14.3397,0.0002,1.01669e-17,2.1613e-12,1.01669e-17,0.0002,1.24475e-12,2.1613e-12,1.24475e-12,0.0002
0.588133,0.393843,3.08038,0.587536,0.394181,3.08062,-0.0113674,-0.00505728,-0.0206151,14.4443,0.0002,1.88914e-14,1.80408e-09,1.88914e-14,0.0002,1.59511e-09,1.80408e-09,1.59511e-09,0.0002
0.588263,0.39389,3.08001,0.588837,0.394023,3.07819,-0.0112365,-0.00500989,-0.0209905,15.0366,0.0002,5.32097e-15,-6.47865e-10,5.32097e-15,0.0002,-5.73691e-10,-6.47865e-10,-5.73691e-10,0.0002
0.588415,0.393772,3.07965,0.588971,0.393358,3.07789,-0.011085,-0.00512757,-0.0213515,15.0768,0.0002,1.33935e-14,1.38844e-09,1.33935e-14,0.0002,1.22672e-09,1.38844e-09,1.22672e-09,0.0002
0.588493,0.393707,3.07936,0.588855,0.393388,3.07789,-0.0110071,-0.00519308,-0.0216398,15.0637,0.0002,7.97433e-15,-9.15047e-10,7.97433e-15,0.0002,-8.08131e-10,-9.15047e-10,-8.08131e-10,0.0002
0.588636,0.393664,3.07907,0.589152,0.393441,3.07759,-0.0108639,-0.00523637,-0.0219302,15.0847,0.0002,-1.56595e-14,-2.17834e-09,-1.56595e-14,0.0002,1.2869e-09,-2.17834e-09,1.2869e-09,0.0002
0.588718,0.393572,3.07897,0.5891,0.393253,3.07763,-0.0107824,-0.00532848,-0.0220268,15.003,0.0002,-2.32794e-15,1.98336e-10,-2.32794e-15,0.0002,-9.80699e-10,1.98336e-10,-9.80699e-10,0.0002
0.58875,0.393558,3.07878,0.588878,0.393505,3.07801,-0.0107504,-0.00534169,-0.0222195,14.9654,0.0002,-1.39029e-15,1.26935e-10,-1.39029e-15,0.0002,-6.27647e-10,1.26935e-10,-6.27647e-10,0.0002
0.588826,0.393487,3.07866,0.589074,0.39315,3.07786,-0.0106742,-0.00541335,-0.0223397,15.1336,0.0002,-1.4545e-14,-1.51043e-09,-1.4545e-14,0.0002,1.40334e-09,-1.51043e-09,1.40334e-09,0.0002
0.588883,0.393372,3.07861,0.589171,0.392966,3.07745,-0.0106165,-0.00552752,-0.0233903,15.0134,0.0002,-6.24574e-15,6.25062e-10,-6.24574e-15,0.0002,-9.06834e-10,6.25062e-10,-9.06834e-10,0.0002
0.588948,0.393373,3.0784,0.589207,0.393374,3.07756,-0.0105519,-0.00552719,-0.0236011,15.1661,0.0002,-3.70706e-15,4.0004e-10,-3.70706e-15,0.0002,-5.80374e-10,4.0004e-10,-5.80374e-10,0.0002
0.589788,0.393239,3.07861,0.58927,0.392897,3.07724,-0.010412,-0.00566104,-0.0233881,15.0959,0.0002,5.14061e-12,6.33373e-09,5.14061e-12,0.0002,1.23715e-07,6.33373e-09,1.23715e-07,0.0002
0.590956,0.393127,3.07888,0.589528,0.393123,3.07709,-0.0110439,-0.00567252,-0.0241214,15.168,0.0002,3.30673e-11,1.79293e-08,3.30673e-11,0.000200001,2.74387e-07,1.79293e-08,2.74387e-07,0.0002
0.59285,0.392893,3.07913,0.589916,0.392625,3.07631,-0.0116503,-0.00580675,-0.0248725,15.2938,0.0002,1.13831e-10,3.22712e-08,1.13831e-10,0.000200002,5.119e-07,3.22712e-08,5.119e-07,0.0002
0.594602,0.392692,3.07923,0.590571,0.392594,3.07584,-0.0126984,-0.00590758,-0.0257686,15.259,0.0002,2.09504e-10,4.24122e-08,2.09504e-10,0.000200003,6.80896e-07,4.24122e-08,6.80896e-07,0.000199999
0.596481,0.392308,3.07897,0.591156,0.391599,3.0741,-0.014019,-0.00619183,-0.0270333,15.2248,0.0002,3.32958e-10,5.24163e-08,3.32958e-10,0.000200005,8.46801e-07,5.24163e-08,8.46801e-07,0.000199999
0.598041,0.392005,3.07867,0.591441,0.391629,3.07366,-0.0157587,-0.00629473,-0.0283336,15.247,0.0002,4.39586e-10,5.89275e-08,4.39586e-10,0.000200007,9.5297e-07,5.89275e-08,9.5297e-07,0.000199998
0.599563,0.391632,3.07824,0.591855,0.391046,3.07275,-0.0176365,-0.00656766,-0.0297557,15.2134,0.0002,5.50955e-10,6.51149e-08,5.50955e-10,0.000200009,1.05148e-06,6.51149e-08,1.05148e-06,0.000199997
0.600782,0.391313,3.07771,0.592287,0.390923,3.07179,-0.0198176,-0.00678745,-0.0312869,15.1762,0.0002,6.27788e-10,6.84122e-08,6.27788e-10,0.00020001,1.10092e-06,6.84122e-08,1.10092e-06,0.000199997
0.60348,0.390994,3.07827,0.600212,0.390685,3.07637,-0.0206197,-0.00700627,-0.0317306,14.0966,0.0002,7.19955e-10,7.38033e-08,7.19955e-10,0.000200011,1.15452e-06,7.38033e-08,1.15452e-06,0.000199996
0.605661,0.390678,3.07851,0.600799,0.390297,3.07566,-0.021839,-0.00722216,-0.0324919,14.1057,0.0002,7.61047e-10,7.43859e-08,7.61047e-10,0.000200012,1.17366e-06,7.43859e-08,1.17366e-06,0.000199996
0.607785,0.390305,3.07841,0.602059,0.389745,3.07422,-0.0232151,-0.00749472,-0.0325887,14.1065,0.0002,8.08736e-10,7.59228e-08,8.08736e-10,0.000200013,1.20629e-06,7.59228e-08,1.20629e-06,0.000199996
0.608719,0.39001,3.07836,0.602004,0.389575,3.07403,-0.0251813,-0.00768966,-0.0346412,14.1061,0.0002,7.40872e-10,7.1109e-08,7.40872e-10,0.000200012,1.10649e-06,7.1109e-08,1.10649e-06,0.000199996
0.608828,0.389828,3.07853,0.602311,0.389511,3.0738,-0.026672,-0.00777242,-0.0354748,14.1026,0.0002,5.74184e-10,5.75972e-08,5.74184e-10,0.000200009,9.30741e-07,5.75972e-08,9.30741e-07,0.000199996
0.608028,0.389711,3.07844,0.601654,0.389571,3.07365,-0.0281716,-0.00788931,-0.0365608,14.0533,0.0002,4.09105e-10,4.65805e-08,4.09105e-10,0.000200006,6.97364e-07,4.65805e-08,6.97364e-07,0.000199997
0.609828,0.390154,3.08084,0.616119,0.391913,3.08696,-0.0266722,-0.00744601,-0.0351563,14.3081,0.0002,2.51182e-10,2.99136e-08,2.51182e-10,0.000200004,4.7529e-07,2.99136e-08,4.7529e-07,0.000199998
0.6111,0.390561,3.08272,0.615603,0.392161,3.08739,-0.0253996,-0.00703929,-0.034275,14.3146,0.0002,1.54617e-10,1.85691e-08,1.54617e-10,0.000200002,3.22972e-07,1.85691e-08,3.22972e-07,0.000199998
0.611967,0.390901,3.08392,0.615596,0.392303,3.08775,-0.0246329,-0.00669853,-0.0330789,14.2813,0.0002,9.73299e-11,1.32839e-08,9.73299e-11,0.000200002,2.01506e-07,1.32839e-08,2.01506e-07,0.000199999
0.61277,0.391198,3.0847,0.615979,0.392379,3.08781,-0.0238304,-0.00640249,-0.0323014,14.3512,0.0002,6.09205e-11,8.50166e-09,6.09205e-11,0.000200001,1.28964e-07,8.50166e-09,1.28964e-07,0.000199999
0.613316,0.391351,3.08545,0.615447,0.391911,3.08753,-0.0231837,-0.00624949,-0.0315453,14.3169,0.0002,3.76049e-11,3.83846e-09,3.76049e-11,0.000200001,8.43321e-08,3.83846e-09,8.43321e-08,0.0002
0.615906,0.391297,3.08718,0.626372,0.391076,3.09407,-0.0205938,-0.00630272,-0.029823,13.0862,0.0002,2.37832e-11,2.26566e-09,2.37832e-11,0.0002,5.05745e-08,2.26566e-09,5.05745e-08,0.0002
0.618807,0.391204,3.08889,0.626374,0.391048,3.09382,-0.018493,-0.00639559,-0.0281142,13.138,0.0002,2.37817e-11,8.42255e-09,2.37817e-11,0.0002,1.61508e-07,8.42255e-09,1.61508e-07,0.0002
0.621572,0.391109,3.09036,0.62658,0.391039,3.09371,-0.0174276,-0.00639123,-0.0276421,13.069,0.0002,4.1063e-11,1.54874e-08,4.1063e-11,0.000200001,2.97095e-07,1.54874e-08,2.97095e-07,0.0002
0.62465,0.390968,3.09174,0.62655,0.390935,3.09347,-0.0169502,-0.00653162,-0.0272569,13.1432,0.0002,1.03156e-10,2.66756e-08,1.03156e-10,0.000200002,5.2325e-07,2.66756e-08,5.2325e-07,0.000199999
0.627297,0.390776,3.0927,0.626838,0.39056,3.09271,-0.0171032,-0.00662361,-0.0273012,13.0928,0.0002,1.76639e-10,3.43726e-08,1.76639e-10,0.000200004,6.88406e-07,3.43726e-08,6.88406e-07,0.000199999
0.62992,0.390525,3.09311,0.627717,0.390097,3.09125,-0.0175798,-0.00687504,-0.0278939,13.0735,0.0002,2.58647e-10,3.98212e-08,2.58647e-10,0.000200005,8.46891e-07,3.98212e-08,8.46891e-07,0.000199999
0.632294,0.390032,3.09287,0.629097,0.388756,3.08844,-0.0185063,-0.00726798,-0.0291299,13.0788,0.0002,3.4722e-10,4.65422e-08,3.4722e-10,0.000200007,9.48163e-07,4.65422e-08,9.48163e-07,0.000199998
0.633694,0.389665,3.09279,0.630054,0.388673,3.08804,-0.0196061,-0.00753535,-0.0302077,13.1012,0.0002,3.40908e-10,4.38787e-08,3.40908e-10,0.000200007,9.02575e-07,4.38787e-08,9.02575e-07,0.000199998
0.63429,0.389294,3.09254,0.630251,0.388206,3.08739,-0.02041,-0.0079056,-0.0314649,13.1213,0.0002,2.95063e-10,3.96138e-08,2.95063e-10,0.000200006,7.8323e-07,3.96138e-08,7.8323e-07,0.000199998
0.633855,0.389115,3.09242,0.629885,0.388522,3.08753,-0.0214451,-0.0080854,-0.0325772,13.102,0.0002,1.97705e-10,2.87782e-08,1.97705e-10,0.000200004,5.72654e-07,2.87782e-08,5.72654e-07,0.000199998
0.633263,0.388953,3.09214,0.629939,0.388364,3.08783,-0.0222372,-0.00824711,-0.0338613,13.1156,0.0002,1.25651e-10,1.98992e-08,1.25651e-10,0.000200003,3.97092e-07,1.98992e-08,3.97092e-07,0.000199999
0.632561,0.388859,3.09168,0.62965,0.388493,3.08793,-0.0229385,-0.00834135,-0.0343227,13.1164,0.0002,7.69363e-11,1.29021e-08,7.69363e-11,0.000200002,2.57538e-07,1.29021e-08,2.57538e-07,0.000199999
0.634593,0.389366,3.09377,0.642826,0.39138,3.1015,-0.0209069,-0.00783438,-0.0322307,13.6756,0.0002,4.71744e-11,8.08807e-09,4.71744e-11,0.000200001,1.61425e-07,8.08807e-09,1.61425e-07,0.000199999
0.636161,0.389813,3.09538,0.642432,0.391599,3.10184,-0.019339,-0.00738679,-0.0306164,13.661,0.0002,2.95231e-11,5.17636e-09,2.95231e-11,0.000200001,1.03312e-07,5.17636e-09,1.03312e-07,0.0002
0.637354,0.390107,3.09664,0.642124,0.391282,3.10168,-0.0181463,-0.00709258,-0.0293567,13.6481,0.0002,1.8621e-11,3.31287e-09,1.8621e-11,0.0002,6.61197e-08,3.31287e-09,6.61197e-08,0.0002
0.638295,0.390408,3.09794,0.642109,0.391554,3.10219,-0.0172055,-0.00679186,-0.0280576,13.6649,0.0002,1.13084e-11,3.44186e-10,1.13084e-11,0.0002,4.06927e-08,3.44186e-10,4.06927e-08,0.0002
0.639068,0.390611,3.09884,0.642111,0.39148,3.10211,-0.0164321,-0.0065885,-0.0271596,13.6864,0.0002,7.5547e-12,1.99448e-09,7.5547e-12,0.0002,2.76693e-08,1.99448e-09,2.76693e-08,0.0002
0.639651,0.390819,3.09961,0.642035,0.391594,3.10235,-0.0158488,-0.00638088,-0.0273948,13.6459,0.0002,4.60604e-12,-4.96273e-10,4.60604e-12,0.0002,1.60808e-08,-4.96273e-10,1.60808e-08,0.0002
0.640518,0.390734,3.10088,0.644041,0.390442,3.10567,-0.0149819,-0.00646636,-0.0261187,12.4096,0.0002,3.04672e-12,1.31129e-09,3.04672e-12,0.0002,8.52021e-09,1.31129e-09,8.52021e-09,0.0002
0.641232,0.390747,3.10201,0.644088,0.3908,3.10588,-0.014268,-0.00645296,-0.0249914,12.4513,0.0002,1.94418e-12,8.39227e-10,1.94418e-12,0.0002,5.45293e-09,8.39227e-10,5.45293e-09,0.0002
0.641806,0.390256,3.10309,0.644256,0.390895,3.10583,-0.0135942,-0.00644377,-0.023909,12.4294,0.0002,4.17352e-13,8.37895e-08,4.17352e-13,0.0002,-1.47723e-09,8.37895e-08,-1.47723e-09,0.0002
0.642225,0.389032,3.10417,0.644318,0.390772,3.10497,-0.0131745,-0.00586782,-0.0238338,12.3918,0.0002,-2.38607e-11,2.65994e-07,-2.38607e-11,0.0002,-1.4049e-08,2.65994e-07,-1.4049e-08,0.0002
0.642567,0.387444,3.10504,0.644449,0.390598,3.10503,-0.0127328,-0.00505594,-0.0239607,12.4303,0.000200002,-8.1852e-11,4.74449e-07,-8.1852e-11,0.0002,-2.52248e-08,4.74449e-07,-2.52248e-08,0.0002
0.643049,0.385621,3.10541,0.645673,0.389746,3.10276,-0.0121505,-0.00407862,-0.0245894,12.3778,0.000200003,-1.79335e-10,6.68976e-07,-1.79335e-10,0.0002,-3.76402e-08,6.68976e-07,-3.76402e-08,0.000199999
0.643507,0.383901,3.10534,0.646065,0.389286,3.10155,-0.0115933,-0.0026988,-0.0256617,12.3346,0.000200005,-2.84471e-10,8.20685e-07,-2.84471e-10,0.0002,-4.64693e-08,8.20685e-07,-4.64693e-08,0.000199999
0.644007,0.382365,3.10512,0.646772,0.389229,3.10076,-0.0109929,-0.000935083,-0.026876,12.3474,0.000200007,-3.87465e-10,9.41582e-07,-3.87465e-10,0.0002,-5.29909e-08,9.41582e-07,-5.29909e-08,0.000199998
0.644455,0.380964,3.10483,0.646921,0.388691,3.10015,-0.0104452,0.000963825,-0.0281692,12.3392,0.000200009,-4.54524e-10,1.02927e-06,-4.54524e-10,0.0002,-5.42159e-08,1.02927e-06,-5.42159e-08,0.000199997
0.644873,0.37969,3.10438,0.647241,0.388246,3.0991,-0.0100274,0.00309027,-0.0296152,12.3292,0.00020001,-5.11302e-10,1.09559e-06,-5.11302e-10,0.0002,-5.54912e-08,1.09559e-06,-5.54912e-08,0.000199997
0.64527,0.378596,3.10404,0.647569,0.387866,3.09853,-0.00952963,0.00539563,-0.0309585,12.3257,0.000200011,-5.54149e-10,1.13802e-06,-5.54149e-10,0.0002,-5.64328e-08,1.13802e-06,-5.64328e-08,0.000199996
0.646138,0.375385,3.10313,0.650342,0.376404,3.09595,-0.00856191,0.0056851,-0.0318723,11.7698,0.000200012,-5.91421e-10,1.17197e-06,-5.91421e-10,0.0002,-5.75042e-08,1.17197e-06,-5.75042e-08,0.000199996
0.647028,0.37283,3.10207,0.651494,0.37641,3.09462,-0.0075719,0.00652995,-0.0339316,11.7861,0.000200013,-6.60808e-10,1.19178e-06,-6.60808e-10,0.0002,-6.36676e-08,1.19178e-06,-6.36676e-08,0.000199996
0.647958,0.370679,3.10129,0.652497,0.375985,3.0937,-0.00664204,0.00797892,-0.0357094,11.7809,0.000200013,-6.92774e-10,1.20797e-06,-6.92774e-10,0.0002,-6.46698e-08,1.20797e-06,-6.46698e-08,0.000199995
0.648856,0.368769,3.10019,0.653335,0.374984,3.09226,-0.00564354,0.00946913,-0.037811,11.7606,0.000200013,-7.31466e-10,1.21653e-06,-7.31466e-10,0.0002,-6.73966e-08,1.21653e-06,-6.73966e-08,0.000199995
0.649685,0.367154,3.09915,0.653845,0.374496,3.09118,-0.00471499,0.011354,-0.0398458,11.7676,0.000200014,-7.48971e-10,1.22036e-06,-7.48971e-10,0.0002,-6.7826e-08,1.22036e-06,-6.7826e-08,0.000199995
0.650486,0.365712,3.09794,0.6545,0.373799,3.08957,-0.00391436,0.0133116,-0.0420579,11.7614,0.000200014,-7.52607e-10,1.22455e-06,-7.52607e-10,0.0002,-6.69635e-08,1.22455e-06,-6.69635e-08,0.000199995
0.650974,0.361352,3.09979,0.653768,0.357771,3.10365,-0.00332618,0.0124522,-0.0412129,9.99272,0.000200014,-7.85771e-10,1.22706e-06,-7.85771e-10,0.0002,-7.03492e-08,1.22706e-06,-7.03492e-08,0.000199995
0.651513,0.357776,3.10097,0.654448,0.35728,3.1025,-0.00278704,0.0123765,-0.0402158,9.95125,0.000200014,-7.90065e-10,1.22708e-06,-7.90065e-10,0.0002,-6.99632e-08,1.22708e-06,-6.99632e-08,0.000199995
0.65209,0.354818,3.10195,0.65523,0.356839,3.10174,-0.00210979,0.0129176,-0.0402313,9.97248,0.000200014,-8.02298e-10,1.22876e-06,-8.02298e-10,0.0002,-7.08563e-08,1.22876e-06,-7.08563e-08,0.000199995
0.652782,0.352344,3.1025,0.656324,0.356255,3.10085,-0.00141763,0.0138438,-0.0406851,10.0209,0.000200014,-7.93126e-10,1.22823e-06,-7.93126e-10,0.0002,-6.92602e-08,1.22823e-06,-6.92602e-08,0.000199995
0.653572,0.350279,3.10259,0.657452,0.355776,3.09944,-0.000528098,0.0152793,-0.0415938,9.98836,0.000200014,-7.68668e-10,1.22626e-06,-7.68668e-10,0.0002,-6.62671e-08,1.22626e-06,-6.62671e-08,0.000199995
0.654685,0.344336,3.10211,0.659878,0.334316,3.09602,0.000584681,0.0127359,-0.0430748,6.64737,0.000200014,-7.48367e-10,1.22501e-06,-7.48367e-10,0.0002,-6.42415e-08,1.22501e-06,-6.42415e-08,0.000199995
0.655646,0.339392,3.10128,0.660359,0.333471,3.09441,0.0015464,0.0112919,-0.0449081,6.62365,0.000200014,-7.64893e-10,1.22746e-06,-7.64893e-10,0.0002,-6.67588e-08,1.22746e-06,-6.67588e-08,0.000199995
0.656551,0.335463,3.10022,0.660938,0.333498,3.09309,0.00255096,0.0107626,-0.0469668,6.67873,0.000200014,-7.52383e-10,1.22574e-06,-7.52383e-10,0.0002,-6.52744e-08,1.22574e-06,-6.52744e-08,0.000199995
0.657318,0.332099,3.09932,0.661282,0.332393,3.09158,0.0033184,0.0108992,-0.0488628,6.70123,0.000200014,-7.72342e-10,1.22448e-06,-7.72342e-10,0.0002,-6.80512e-08,1.22448e-06,-6.80512e-08,0.000199995
0.657992,0.32928,3.09839,0.661488,0.331753,3.09048,0.00399197,0.0114797,-0.0508003,6.65344,0.000200014,-7.64321e-10,1.22379e-06,-7.64321e-10,0.0002,-6.68222e-08,1.22379e-06,-6.68222e-08,0.000199995
0.658563,0.326889,3.09718,0.661714,0.331022,3.08918,0.00456321,0.0124893,-0.0530014,6.84848,0.000200014,-7.74061e-10,1.22155e-06,-7.74061e-10,0.0002,-6.8181e-08,1.22155e-06,-6.8181e-08,0.000199995
0.658845,0.321481,3.09828,0.660738,0.313494,3.09852,0.00494527,0.0104809,-0.0529044,6.16466,0.000200014,-7.70227e-10,1.21847e-06,-7.70227e-10,0.0002,-6.7699e-08,1.21847e-06,-6.7699e-08,0.000199995
0.659097,0.317054,3.09883,0.660917,0.313042,3.09784,0.00519693,0.00955362,-0.0533543,6.17835,0.000200014,-7.78885e-10,1.21815e-06,-7.78885e-10,0.0002,-6.87878e-08,1.21815e-06,-6.87878e-08,0.000199995
0.659345,0.313372,3.09907,0.661207,0.312285,3.09652,0.00544512,0.00927164,-0.0541158,6.15698,0.000200014,-7.95727e-10,1.21618e-06,-7.95727e-10,0.0002,-7.08376e-08,1.21618e-06,-7.08376e-08,0.000199995
0.65959,0.310349,3.09915,0.661335,0.311905,3.09599,0.00569025,0.00964914,-0.0540309,6.37243,0.000200014,-7.8096e-10,1.21507e-06,-7.8096e-10,0.0002,-6.8645e-08,1.21507e-06,-6.8645e-08,0.000199995
0.659831,0.307937,3.09901,0.661613,0.311881,3.09526,0.00593107,0.0106373,-0.0551722,6.22109,0.000200014,-7.8095e-10,1.21259e-06,-7.8095e-10,0.0002,-6.88687e-08,1.21259e-06,-6.88687e-08,0.000199995
0.66005,0.305934,3.09876,0.66175,0.311509,3.09454,0.00615008,0.0120337,-0.0564295,6.28327,0.000200014,-7.81527e-10,1.211e-06,-7.81527e-10,0.0002,-6.90733e-08,1.211e-06,-6.90733e-08,0.000199995
0.659894,0.300442,3.09952,0.660014,0.292015,3.09906,0.00599411,0.00994169,-0.056669,6.12409,0.000200014,-7.67855e-10,1.20835e-06,-7.67855e-10,0.0002,-6.75101e-08,1.20835e-06,-6.75101e-08,0.000199995
0.659806,0.29586,3.09972,0.660261,0.291233,3.09735,0.00590594,0.00886047,-0.0574662,6.17492,0.000200014,-7.72113e-10,1.2117e-06,-7.72113e-10,0.0002,-6.81254e-08,1.2117e-06,-6.81254e-08,0.000199995
0.659776,0.292212,3.09984,0.660407,0.29116,3.09681,0.00587627,0.00851229,-0.0583493,6.18134,0.000200014,-7.57436e-10,1.20882e-06,-7.57436e-10,0.0002,-6.64861e-08,1.20882e-06,-6.64861e-08,0.000199995
0.659783,0.289172,3.09978,0.660567,0.290657,3.09604,0.0058828,0.00897188,-0.0594096,6.33388,0.000200014,-7.48061e-10,1.21038e-06,-7.48061e-10,0.0002,-6.55253e-08,1.21038e-06,-6.55253e-08,0.000199995
0.659797,0.286597,3.09955,0.660719,0.289831,3.09517,0.00589697,0.00969657,-0.0596316,6.39405,0.000200014,-7.65542e-10,1.20784e-06,-7.65542e-10,0.0002,-6.81979e-08,1.20784e-06,-6.81979e-08,0.000199995
0.659865,0.284465,3.09908,0.660908,0.28948,3.09367,0.00596519,0.0109654,-0.0611079,6.3898,0.000200014,-7.53646e-10,1.20634e-06,-7.53646e-10,0.0002,-6.66041e-08,1.20634e-06,-6.66041e-08,0.000199995
0.660105,0.278409,3.09625,0.66196,0.267665,3.08176,0.00620497,0.0083093,-0.0649328,6.38972,0.000200014,-7.58028e-10,1.2036e-06,-7.58028e-10,0.0002,-6.74541e-08,1.2036e-06,-6.74541e-08,0.000199995
0.660358,0.273332,3.09349,0.662358,0.266549,3.07893,0.00645759,0.00663165,-0.0686947,6.45302,0.000200014,-7.85731e-10,1.20341e-06,-7.85731e-10,0.0002,-7.09584e-08,1.20341e-06,-7.09584e-08,0.000199995
0.660625,0.269121,3.09071,0.662665,0.265752,3.07638,0.00662519,0.0058208,-0.0724783,6.53686,0.000200014,-8.02508e-10,1.20158e-06,-8.02508e-10,0.0002,-7.26515e-08,1.20158e-06,-7.26515e-08,0.000199995
0.660933,0.265431,3.08798,0.663068,0.264259,3.07387,0.00693282,0.0055315,-0.0762067,6.59925,0.000200014,-8.00796e-10,1.2039e-06,-8.00796e-10,0.0002,-7.17072e-08,1.2039e-06,-7.17072e-08,0.000199995
0.661222,0.262409,3.08551,0.66341,0.263684,3.07183,0.00722176,0.0058092,-0.0786713,6.56617,0.000200013,-8.2813e-10,1.19834e-06,-8.2813e-10,0.0002,-7.52605e-08,1.19834e-06,-7.52605e-08,0.000199995
0.661185,0.256127,3.08393,0.662031,0.244525,3.07407,0.00708508,0.00302721,-0.0812593,7.04787,0.000200013,-8.49359e-10,1.1999e-06,-8.49359e-10,0.0002,-7.72057e-08,1.1999e-06,-7.72057e-08,0.000199995
0.661251,0.25096,3.08207,0.662533,0.24371,3.07114,0.00715129,0.00116035,-0.084116,6.99766,0.000200013,-8.67529e-10,1.19746e-06,-8.67529e-10,0.0002,-7.89449e-08,1.19746e-06,-7.89449e-08,0.000199995
0.661313,0.246562,3.08013,0.662657,0.242436,3.06921,0.00711302,0.000162425,-0.0870513,7.22896,0.000200013,-9.02501e-10,1.19743e-06,-9.02501e-10,0.0002,-8.26881e-08,1.19743e-06,-8.26881e-08,0.000199995
0.661422,0.242912,3.07824,0.662972,0.241668,3.06748,0.00722166,-0.00018776,-0.0899449,7.28319,0.000200013,-9.3235e-10,1.19396e-06,-9.3235e-10,0.0002,-8.57116e-08,1.19396e-06,-8.57116e-08,0.000199995
0.661566,0.239896,3.07639,0.663235,0.241242,3.0655,0.0072659,0.000195917,-0.0927932,7.31949,0.000200013,-9.49313e-10,1.19348e-06,-9.49313e-10,0.0002,-8.68303e-08,1.19348e-06,-8.68303e-08,0.000199995
0.661714,0.237261,3.07446,0.663421,0.240132,3.06386,0.00741395,0.000861291,-0.0947252,7.39516,0.000200013,-9.68169e-10,1.1931e-06,-9.68169e-10,0.0002,-8.84079e-08,1.1931e-06,-8.84079e-08,0.000199995
0.66131,0.231639,3.07545,0.660804,0.222504,3.0756,0.00691004,-0.00136146,-0.094735,7.04543,0.000200013,-9.99062e-10,1.191e-06,-9.99062e-10,0.0002,-9.17301e-08,1.191e-06,-9.17301e-08,0.000199995
0.661042,0.226938,3.07573,0.661021,0.221444,3.07401,0.00664151,-0.00276184,-0.0954505,7.13906,0.000200013,-1.00498e-09,1.18809e-06,-1.00498e-09,0.0002,-9.17255e-08,1.18809e-06,-9.17255e-08,0.000199995
0.660838,0.223097,3.07573,0.661143,0.22109,3.07253,0.00633823,-0.00320257,-0.0964549,7.12599,0.000200013,-1.02235e-09,1.18783e-06,-1.02235e-09,0.0002,-9.33763e-08,1.18783e-06,-9.33763e-08,0.000199995
0.660739,0.219875,3.07541,0.661408,0.220292,3.07129,0.0062386,-0.00312488,-0.0977716,7.25926,0.000200013,-1.02062e-09,1.18607e-06,-1.02062e-09,0.0002,-9.26598e-08,1.18607e-06,-9.26598e-08,0.000199995
0.660654,0.217253,3.07531,0.661447,0.220119,3.07107,0.00605428,-0.00234702,-0.0978776,7.29568,0.000200013,-1.03381e-09,1.18653e-06,-1.03381e-09,0.0002,-9.40436e-08,1.18653e-06,-9.40436e-08,0.000199995
0.660603,0.215117,3.07482,0.661526,0.21982,3.06971,0.00600254,-0.00118318,-0.0993607,7.32578,0.000200013,-1.04097e-09,1.18342e-06,-1.04097e-09,0.0002,-9.48197e-08,1.18342e-06,-9.48197e-08,0.000199995
0.659945,0.209453,3.07555,0.658316,0.200162,3.07531,0.00524488,-0.00354679,-0.0996304,6.98177,0.000200013,-1.02534e-09,1.18504e-06,-1.02534e-09,0.0002,-9.23498e-08,1.18504e-06,-9.23498e-08,0.000199995
0.65941,0.204811,3.07589,0.658374,0.199495,3.07408,0.00471006,-0.00488858,-0.100292,7.0731,0.000200013,-1.0326e-09,1.18247e-06,-1.0326e-09,0.0002,-9.36308e-08,1.18247e-06,-9.36308e-08,0.000199995
0.659014,0.200996,3.0759,0.658539,0.198985,3.07274,0.00421421,-0.00530385,-0.100288,7.22955,0.000200013,-1.0374e-09,1.18084e-06,-1.0374e-09,0.0002,-9.43072e-08,1.18084e-06,-9.43072e-08,0.000199995
0.658722,0.197907,3.0757,0.65861,0.19875,3.07207,0.00382232,-0.00509313,-0.101482,7.17512,0.000200013,-1.02639e-09,1.17821e-06,-1.02639e-09,0.0002,-9.29635e-08,1.17821e-06,-9.29635e-08,0.000199995
0.658487,0.195394,3.0754,0.658666,0.19859,3.07101,0.00358704,-0.00430639,-0.102786,7.21557,0.000200013,-1.03285e-09,1.17811e-06,-1.03285e-09,0.0002,-9.39607e-08,1.17811e-06,-9.39607e-08,0.000199995
0.657982,0.190108,3.07724,0.657071,0.182162,3.08173,0.00298223,-0.00629217,-0.101949,6.81732,0.000200013,-1.05051e-09,1.17622e-06,-1.05051e-09,0.0002,-9.6348e-08,1.17622e-06,-9.6348e-08,0.000199995
0.65761,0.185761,3.07851,0.657118,0.181577,3.08013,0.00250965,-0.00733922,-0.101672,6.81982,0.000200013,-1.03191e-09,1.1753e-06,-1.03191e-09,0.0002,-9.36368e-08,1.1753e-06,-9.36368e-08,0.000199995
0.657311,0.182218,3.07927,0.657107,0.181253,3.07945,0.00211057,-0.0075817,-0.100913,6.87278,0.000200013,-1.01312e-09,1.17475e-06,-1.01312e-09,0.0002,-9.14292e-08,1.17475e-06,-9.14292e-08,0.000199995
0.657059,0.179286,3.0799,0.6571,0.180814,3.07922,0.00175936,-0.00711357,-0.101288,6.90755,0.000200013,-1.0106e-09,1.17602e-06,-1.0106e-09,0.0002,-9.14649e-08,1.17602e-06,-9.14649e-08,0.000199995
0.656925,0.176901,3.08007,0.657325,0.180513,3.07758,0.00152503,-0.00629921,-0.102117,6.91014,0.000200013,-9.7744e-10,1.17366e-06,-9.7744e-10,0.0002,-8.76186e-08,1.17366e-06,-8.76186e-08,0.000199995
0.656768,0.17497,3.08023,0.65719,0.180502,3.07768,0.00126832,-0.00483001,-0.102959,6.95699,0.000200013,-9.80576e-10,1.17534e-06,-9.80576e-10,0.0002,-8.86886e-08,1.17534e-06,-8.86886e-08,0.000199995
0.656417,0.16961,3.08061,0.655988,0.161376,3.07992,0.000817059,-0.00699004,-0.102575,7.08198,0.000200013,-9.69434e-10,1.17482e-06,-9.69434e-10,0.0002,-8.76056e-08,1.17482e-06,-8.76056e-08,0.000199995
0.656166,0.165274,3.08086,0.656087,0.161085,3.07869,0.000465966,-0.00792617,-0.103323,7.17922,0.000200013,-9.44202e-10,1.17291e-06,-9.44202e-10,0.0002,-8.48486e-08,1.17291e-06,-8.48486e-08,0.000199995
0.655924,0.161761,3.08086,0.656038,0.160803,3.07799,0.000123642,-0.00823887,-0.104327,7.22782,0.000200013,-9.61375e-10,1.16969e-06,-9.61375e-10,0.0002,-8.80053e-08,1.16969e-06,-8.80053e-08,0.000199995
0.655758,0.158793,3.08071,0.656087,0.160123,3.07662,-0.000142322,-0.00780742,-0.105475,7.21512,0.000200013,-9.52796e-10,1.17124e-06,-9.52796e-10,0.0002,-8.67667e-08,1.17124e-06,-8.67667e-08,0.000199995
0.655628,0.156437,3.0805,0.656144,0.160058,3.07649,-0.000272469,-0.00696291,-0.105684,7.28984,0.000200013,-9.54441e-10,1.16702e-06,-9.54441e-10,0.0002,-8.74625e-08,1.16702e-06,-8.74625e-08,0.000199995
0.655537,0.154469,3.08014,0.656176,0.159801,3.07585,-0.000562573,-0.00563112,-0.107042,7.24694,0.000200013,-9.49165e-10,1.16951e-06,-9.49165e-10,0.0002,-8.66377e-08,1.16951e-06,-8.66377e-08,0.000199995
0.655237,0.149329,3.08076,0.654955,0.141819,3.07942,-0.000962994,-0.0074711,-0.107425,7.41563,0.000200013,-9.27231e-10,1.16611e-06,-9.27231e-10,0.0002,-8.41533e-08,1.16611e-06,-8.41533e-08,0.000199995
0.65498,0.145128,3.08092,0.655033,0.141418,3.0787,-0.00131988,-0.00837194,-0.108265,7.58987,0.000200013,-9.4936e-10,1.16533e-06,-9.4936e-10,0.0002,-8.76027e-08,1.16533e-06,-8.76027e-08,0.000199995
0.65482,0.141723,3.08084,0.655098,0.141153,3.07799,-0.0015804,-0.00857698,-0.108342,7.59151,0.000200013,-9.26694e-10,1.16345e-06,-9.26694e-10,0.0002,-8.45787e-08,1.16345e-06,-8.45787e-08,0.000199995
0.654668,0.138899,3.08075,0.655092,0.140646,3.07719,-0.00183247,-0.00810104,-0.109437,7.61419,0.000200013,-9.34085e-10,1.16204e-06,-9.34085e-10,0.0002,-8.60068e-08,1.16204e-06,-8.60068e-08,0.000199995
0.654573,0.136633,3.08054,0.655168,0.140456,3.07685,-0.00202664,-0.00716691,-0.110645,7.61969,0.000200013,-9.22825e-10,1.15614e-06,-9.22825e-10,0.0002,-8.4988e-08,1.15614e-06,-8.4988e-08,0.000199995
0.654484,0.134752,3.08021,0.655169,0.140271,3.07573,-0.00221603,-0.00574766,-0.111973,7.7017,0.000200013,-9.32376e-10,1.15735e-06,-9.32376e-10,0.0002,-8.63951e-08,1.15735e-06,-8.63951e-08,0.000199995
0.654153,0.131111,3.08725,0.653603,0.129554,3.11254,-0.00264734,-0.00608896,-0.104937,5.38356,0.000200013,-9.26925e-10,1.15652e-06,-9.26925e-10,0.0002,-8.56637e-08,1.15652e-06,-8.56637e-08,0.000199995
0.653904,0.128252,3.0931,0.653687,0.129875,3.11335,-0.00309587,-0.00574842,-0.100083,5.37837,0.000200013,-9.14654e-10,1.1578e-06,-9.14654e-10,0.0002,-8.40266e-08,1.1578e-06,-8.40266e-08,0.000199995
0.653719,0.126042,3.09784,0.653593,0.130168,3.11425,-0.00338144,-0.00465776,-0.0963461,5.39565,0.000200012,-8.58268e-10,1.15555e-06,-8.58268e-10,0.0002,-7.70375e-08,1.15555e-06,-7.70375e-08,0.000199995
0.653571,0.124279,3.10182,0.65362,0.130243,3.11425,-0.00362909,-0.00322055,-0.0933657,5.33301,0.000200012,-8.12655e-10,1.15584e-06,-8.12655e-10,0.0002,-7.2275e-08,1.15584e-06,-7.2275e-08,0.000199995
0.653473,0.122887,3.1048,0.65369,0.130333,3.1145,-0.00392676,-0.00131305,-0.0903853,5.38844,0.000200012,-7.66437e-10,1.15611e-06,-7.66437e-10,0.0002,-6.7702e-08,1.15611e-06,-6.7702e-08,0.000199995
0.653448,0.119379,3.11323,0.653764,0.118375,-3.13909,-0.00405178,-0.00162063,-0.0829537,2.80419,0.000200012,-7.2169e-10,1.15635e-06,-7.2169e-10,0.0002,-6.34681e-08,1.15635e-06,-6.34681e-08,0.000199995
0.653444,0.116635,3.12021,0.653771,0.118577,-3.1379,-0.00415631,-0.00116531,-0.0769705,2.80014,0.000200012,-6.59578e-10,1.15325e-06,-6.59578e-10,0.0002,-5.71524e-08,1.15325e-06,-5.71524e-08,0.000199995
0.653439,0.114523,3.12582,0.653767,0.119051,-3.13747,-0.00436093,2.30436e-05,-0.0713617,2.73325,0.000200012,-6.0465e-10,1.15304e-06,-6.0465e-10,0.0002,-5.19939e-08,1.15304e-06,-5.19939e-08,0.000199995
0.653477,0.112805,3.13045,0.653771,0.118857,-3.13706,-0.00442337,0.00150514,-0.0677307,2.75506,0.000200012,-5.06451e-10,1.15136e-06,-5.06451e-10,0.0002,-4.12019e-08,1.15136e-06,-4.12019e-08,0.000199995
0.653494,0.111498,3.13429,0.653729,0.119245,-3.13674,-0.00460557,0.00349794,-0.0648967,2.70295,0.000200012,-4.29876e-10,1.15201e-06,-4.29876e-10,0.0002,-3.40668e-08,1.15201e-06,-3.40668e-08,0.000199995
0.653516,0.110509,3.13737,0.65379,0.119477,-3.13637,-0.0046836,0.00570916,-0.0628189,2.72675,0.000200012,-3.7331e-10,1.15073e-06,-3.7331e-10,0.0002,-2.96321e-08,1.15073e-06,-2.96321e-08,0.000199995
0.653682,0.10674,-3.13818,0.654408,0.104642,-3.11014,-0.00471842,0.00513979,-0.0551751,0.700765,0.000200012,-3.3584e-10,1.15163e-06,-3.3584e-10,0.0002,-2.72618e-08,1.15163e-06,-2.72618e-08,0.000199995
0.653832,0.103801,-3.13187,0.654387,0.104867,-3.1095,-0.00466834,0.00543141,-0.0498685,0.700765,0.000200012,-2.71494e-10,1.14715e-06,-2.71494e-10,0.0002,-2.08577e-08,1.14715e-06,-2.08577e-08,0.000199995
0.654028,0.101469,-3.12671,0.654558,0.105114,-3.1086,-0.00467185,0.0063487,-0.0457068,0.700765,0.000200012,-1.65432e-10,1.14934e-06,-1.65432e-10,0.0002,-9.04767e-09,1.14934e-06,-9.04767e-09,0.000199995
0.654128,0.0996417,-3.12273,0.65445,0.105205,-3.10874,-0.00477169,0.0077117,-0.0417327,0.681626,0.000200012,-1.19816e-10,1.14742e-06,-1.19816e-10,0.0002,-6.27031e-09,1.14742e-06,-6.27031e-09,0.000199995
0.654248,0.0981643,-3.11925,0.65451,0.10523,-3.10849,-0.00475227,0.00948427,-0.0392492,0.672056,0.000200012,-4.80443e-11,1.14953e-06,-4.80443e-11,0.0002,7.44179e-10,1.14953e-06,7.44179e-10,0.000199995
0.654314,0.0970014,-3.11665,0.654394,0.105166,-3.10849,-0.00488586,0.0115014,-0.0366527,0.676841,0.000200012,2.32761e-12,1.14579e-06,2.32761e-12,0.0002,4.76273e-09,1.14579e-06,4.76273e-09,0.000199995
0.654515,0.092693,-3.11119,0.655014,0.0883806,-3.09158,-0.0048853,0.010443,-0.0321926,0.236111,0.000200012,4.78938e-11,1.14679e-06,4.78938e-11,0.0002,8.48614e-09,1.14679e-06,8.48614e-09,0.000199995
0.654694,0.0892502,-3.10665,0.655073,0.0882925,-3.09132,-0.00480571,0.0101802,-0.0286464,0.231818,0.000200012,9.77585e-11,1.14399e-06,9.77585e-11,0.0002,1.30865e-08,1.14399e-06,1.30865e-08,0.000199995
0.65476,0.0864711,-3.10295,0.654701,0.0882221,-3.09132,-0.00494044,0.0106411,-0.0259472,0.231818,0.000200012,1.36932e-10,1.14392e-06,1.36932e-10,0.0002,1.62875e-08,1.14392e-06,1.62875e-08,0.000199995
0.654944,0.084305,-3.09992,0.655172,0.0884476,-3.09069,-0.00495629,0.011635,-0.0229246,0.232268,0.000200012,2.14326e-10,1.14195e-06,2.14326e-10,0.0002,2.48607e-08,1.14195e-06,2.48607e-08,0.000199995
0.65504,0.0825655,-3.0975,0.655,0.0884179,-3.09065,-0.00496039,0.0131355,-0.0214976,0.218182,0.000200012,2.57337e-10,1.14078e-06,2.57337e-10,0.0002,2.8186e-08,1.14078e-06,2.8186e-08,0.000199995
0.655082,0.0811757,-3.09564,0.654868,0.0883749,-3.09077,-0.00511771,0.0149157,-0.0206436,0.233161,0.000200012,2.82193e-10,1.13838e-06,2.82193e-10,0.0002,2.95005e-08,1.13838e-06,2.95005e-08,0.000199995
0.655392,0.0770155,-3.0926,0.656137,0.0731826,-3.0833,-0.00500769,0.0139755,-0.0176015,0.145455,0.000200012,3.19017e-10,1.13844e-06,3.19017e-10,0.0002,3.29103e-08,1.13844e-06,3.29103e-08,0.000199995
0.655661,0.0735982,-3.09034,0.656221,0.0727357,-3.08413,-0.0048394,0.0137182,-0.0163352,0.141553,0.000200012,3.55774e-10,1.13844e-06,3.55774e-10,0.0002,3.63393e-08,1.13844e-06,3.63393e-08,0.000199995
0.655854,0.0707781,-3.08856,0.656152,0.0723599,-3.08464,-0.00484617,0.0141181,-0.01556,0.140909,0.000200012,3.78784e-10,1.14018e-06,3.78784e-10,0.0002,3.78844e-08,1.14018e-06,3.78844e-08,0.000199995
0.656015,0.0684873,-3.0874,0.656127,0.0720238,-3.085,-0.00488531,0.0149673,-0.0144027,0.13674,0.000200012,4.09372e-10,1.13609e-06,4.09372e-10,0.0002,4.09316e-08,1.13609e-06,4.09316e-08,0.000199995
0.656114,0.0665799,-3.08656,0.656027,0.0717057,-3.08571,-0.00498591,0.0162799,-0.0145563,0.15,0.000200012,4.24448e-10,1.13524e-06,4.24448e-10,0.0002,4.17785e-08,1.13524e-06,4.17785e-08,0.000199996
0.65629,0.0618303,-3.08384,0.656345,0.0554724,-3.0755,-0.00501004,0.0146703,-0.0128384,0.155251,0.000200012,4.60401e-10,1.1311e-06,4.60401e-10,0.0002,4.58747e-08,1.1311e-06,4.58747e-08,0.000199996
0.656488,0.0579983,-3.08189,0.656663,0.0554728,-3.07693,-0.00491234,0.0140583,-0.0108854,0.146789,0.000200012,4.8739e-10,1.13359e-06,4.8739e-10,0.0002,4.82273e-08,1.13359e-06,4.82273e-08,0.000199996
0.656676,0.0548107,-3.08051,0.656758,0.0546994,-3.07755,-0.00492423,0.0140107,-0.010511,0.155963,0.000200012,5.2178e-10,1.12995e-06,5.2178e-10,0.0002,5.18912e-08,1.12995e-06,5.18912e-08,0.000199996
0.656665,0.052217,-3.0793,0.655994,0.0545373,-3.0773,-0.00513451,0.014617,-0.0102987,0.16895,0.000200012,5.40842e-10,1.12939e-06,5.40842e-10,0.0002,5.32308e-08,1.12939e-06,5.32308e-08,0.000199996
0.656692,0.0500983,-3.07841,0.656159,0.0543179,-3.07772,-0.00530838,0.0156383,-0.00941167,0.16895,0.000200012,5.5816e-10,1.12901e-06,5.5816e-10,0.0002,5.45806e-08,1.12901e-06,5.45806e-08,0.000199996
0.656679,0.0483508,-3.07777,0.656096,0.0540617,-3.07805,-0.00552057,0.0171008,-0.00976898,0.173516,0.000200012,5.48322e-10,1.12896e-06,5.48322e-10,0.0002,5.24084e-08,1.12896e-06,5.24084e-08,0.000199996
0.656877,0.0439152,-3.0758,0.656928,0.0388083,-3.07049,-0.00552316,0.0157952,-0.00880458,0.138249,0.000200012,5.77447e-10,1.12689e-06,5.77447e-10,0.0002,5.62318e-08,1.12689e-06,5.62318e-08,0.000199996
0.657047,0.0403293,-3.07432,0.656972,0.0387267,-3.0709,-0.00555267,0.0154093,-0.00731648,0.147465,0.000200012,6.09082e-10,1.12892e-06,6.09082e-10,0.0002,5.9699e-08,1.12892e-06,5.9699e-08,0.000199996
0.657117,0.0373466,-3.07335,0.656641,0.03805,-3.07204,-0.00568323,0.0155466,-0.00735451,0.142857,0.000200012,6.34789e-10,1.12679e-06,6.34789e-10,0.0002,6.22937e-08,1.12679e-06,6.22937e-08,0.000199996
0.65716,0.0348749,-3.07268,0.656577,0.037622,-3.0725,-0.00583952,0.0162549,-0.0076764,0.147465,0.000200012,6.56862e-10,1.1254e-06,6.56862e-10,0.0002,6.43432e-08,1.1254e-06,6.43432e-08,0.000199996
0.65726,0.0328194,-3.07232,0.656853,0.0371752,-3.07377,-0.00594,0.0173194,-0.00732359,0.152074,0.000200012,6.8629e-10,1.12268e-06,6.8629e-10,0.0002,6.75402e-08,1.12268e-06,6.75402e-08,0.000199996
0.657344,0.0310369,-3.07241,0.656978,0.0365978,-3.07497,-0.00615599,0.0187269,-0.00840841,0.156682,0.000200012,6.87407e-10,1.12456e-06,6.87407e-10,0.0002,6.65069e-08,1.12456e-06,6.65069e-08,0.000199996
0.657522,0.0265395,-3.07079,0.657553,0.0210834,-3.06687,-0.00617771,0.0173525,-0.00779271,0.16129,0.000200012,6.69803e-10,1.1208e-06,6.69803e-10,0.0002,6.37896e-08,1.1208e-06,6.37896e-08,0.000199996
0.657719,0.0228967,-3.06959,0.657758,0.0209072,-3.06763,-0.00618126,0.0168967,-0.00658966,0.152074,0.000200012,6.74303e-10,1.11992e-06,6.74303e-10,0.0002,6.45494e-08,1.11992e-06,6.45494e-08,0.000199996
0.65794,0.0198745,-3.06906,0.658022,0.0204175,-3.06946,-0.00616031,0.0169875,-0.00705521,0.156682,0.000200012,6.95354e-10,1.12091e-06,6.95354e-10,0.0002,6.73086e-08,1.12091e-06,6.73086e-08,0.000199996
0.658187,0.0173477,-3.0689,0.658377,0.0198718,-3.07084,-0.00611331,0.0176386,-0.00790384,0.16129,0.000200012,7.13587e-10,1.12153e-06,7.13587e-10,0.0002,6.92906e-08,1.12153e-06,6.92906e-08,0.000199996
0.658357,0.0152339,-3.06894,0.658311,0.0192557,-3.07194,-0.00614297,0.0186279,-0.00793933,0.156682,0.000200012,7.10725e-10,1.11695e-06,7.10725e-10,0.0002,6.85808e-08,1.11695e-06,6.85808e-08,0.000199996
0.658884,0.0104757,-3.06688,0.660087,0.00401391,-3.06088,-0.0058163,0.0170397,-0.00688141,0.119816,0.000200012,7.35356e-10,1.11718e-06,7.35356e-10,0.0002,7.16921e-08,1.11718e-06,7.16921e-08,0.000199996
0.659323,0.00678816,-3.06521,0.660326,0.00456708,-3.06106,-0.00567715,0.0164462,-0.0062082,0.115207,0.000200012,7.2203e-10,1.11594e-06,7.2203e-10,0.0002,6.93246e-08,1.11594e-06,6.93246e-08,0.000199996
0.659707,0.00373551,-3.06401,0.660426,0.00410267,-3.06206,-0.0054932,0.0165555,-0.00500569,0.124424,0.000200012,7.30013e-10,1.11668e-06,7.30013e-10,0.0002,7.03398e-08,1.11668e-06,7.03398e-08,0.000199996
0.660025,0.00111296,-3.06349,0.660429,0.00314316,-3.06332,-0.00537511,0.017023,-0.00548728,0.119816,0.000200012,7.49735e-10,1.1153e-06,7.49735e-10,0.0002,7.29414e-08,1.1153e-06,7.29414e-08,0.000199996
0.660298,-0.00101326,-3.06285,0.660577,0.00295318,-3.06315,-0.00530181,0.0180567,-0.00584832,0.119816,0.000200012,7.53207e-10,1.11283e-06,7.53207e-10,0.0002,7.30791e-08,1.11283e-06,7.30791e-08,0.000199996
0.660479,-0.00282404,-3.06266,0.660286,0.00239612,-3.06476,-0.00542124,0.019336,-0.00565801,0.138249,0.000200012,7.81856e-10,1.11096e-06,7.81856e-10,0.0002,7.68148e-08,1.11096e-06,7.68148e-08,0.000199996
0.660639,-0.0077352,-3.06107,0.660366,-0.0148627,-3.05663,-0.00546092,0.0175848,-0.0050723,0.124424,0.000200012,7.9358e-10,1.1116e-06,7.9358e-10,0.0002,7.76253e-08,1.1116e-06,7.76253e-08,0.000199996
0.660794,-0.0116388,-3.05976,0.660549,-0.0147857,-3.05675,-0.00560556,0.0167612,-0.00376381,0.129032,0.000200012,7.92711e-10,1.1104e-06,7.92711e-10,0.0002,7.69771e-08,1.1104e-06,7.69771e-08,0.000199996
0.660939,-0.014912,-3.05916,0.660592,-0.0154884,-3.05864,-0.00566134,0.016648,-0.00415805,0.129032,0.000200012,8.09074e-10,1.11116e-06,8.09074e-10,0.0002,7.88884e-08,1.11116e-06,7.88884e-08,0.000199996
0.661111,-0.0176441,-3.05894,0.660784,-0.0161706,-3.05995,-0.00568881,0.0169959,-0.00393637,0.138249,0.000200011,8.44173e-10,1.10795e-06,8.44173e-10,0.0002,8.3464e-08,1.10795e-06,8.3464e-08,0.000199996
0.661232,-0.0199433,-3.05885,0.660907,-0.0166143,-3.06102,-0.0058678,0.0178467,-0.00484544,0.138249,0.000200012,8.27346e-10,1.10984e-06,8.27346e-10,0.0002,8.00434e-08,1.10984e-06,8.00434e-08,0.000199996
0.661332,-0.021883,-3.05901,0.660832,-0.0172301,-3.06222,-0.00596776,0.018977,-0.00501221,0.142857,0.000200011,8.33867e-10,1.10737e-06,8.33867e-10,0.0002,8.09988e-08,1.10737e-06,8.09988e-08,0.000199996
0.661401,-0.0260332,-3.05789,0.660744,-0.0302253,-3.05591,-0.00619869,0.0179768,-0.00488542,0.101852,0.000200011,8.38407e-10,1.1058e-06,8.38407e-10,0.0002,8.1544e-08,1.1058e-06,8.1544e-08,0.000199996
0.661453,-0.0293683,-3.05716,0.660767,-0.0302424,-3.05645,-0.00634736,0.0177117,-0.00515587,0.101852,0.000200011,8.345e-10,1.1066e-06,8.345e-10,0.0002,8.07564e-08,1.1066e-06,8.07564e-08,0.000199996
0.661538,-0.0322077,-3.05688,0.660992,-0.0310991,-3.05797,-0.00646205,0.0180023,-0.00487547,0.106481,0.000200011,8.33292e-10,1.10709e-06,8.33292e-10,0.0002,8.05433e-08,1.10709e-06,8.05433e-08,0.000199996
0.661609,-0.0345668,-3.05686,0.661078,-0.0316908,-3.05934,-0.00669098,0.0187132,-0.00586045,0.115741,0.000200011,8.15332e-10,1.10246e-06,8.15332e-10,0.0002,7.84199e-08,1.10246e-06,7.84199e-08,0.000199996
0.66168,-0.0365996,-3.0571,0.661093,-0.0322633,-3.0609,-0.00681961,0.0198004,-0.00709754,0.111111,0.000200011,8.19404e-10,1.10443e-06,8.19404e-10,0.0002,7.92292e-08,1.10443e-06,7.92292e-08,0.000199996
0.661734,-0.0383248,-3.05777,0.661043,-0.0329212,-3.06235,-0.00706631,0.0211352,-0.0077672,0.115741,0.000200011,8.28087e-10,1.10047e-06,8.28087e-10,0.0002,8.08198e-08,1.10047e-06,8.08198e-08,0.000199996
0.661979,-0.0428799,-3.05681,0.662014,-0.0486921,-3.05553,-0.0070214,0.0197001,-0.00781199,0.81448,0.000200011,8.37488e-10,1.10135e-06,8.37488e-10,0.0002,8.19238e-08,1.10135e-06,8.19238e-08,0.000199996
0.662237,-0.0463802,-3.05598,0.66238,-0.0481286,-3.0549,-0.00706337,0.0192498,-0.00698438,0.809955,0.000200011,8.2927e-10,1.09694e-06,8.2927e-10,0.0002,8.08475e-08,1.09694e-06,8.08475e-08,0.000199996
0.662469,-0.0493863,-3.05557,0.662445,-0.0490031,-3.05645,-0.00703123,0.0193537,-0.00756927,0.800905,0.000200011,8.4305e-10,1.09903e-06,8.4305e-10,0.0002,8.26494e-08,1.09903e-06,8.26494e-08,0.000199996
0.66267,-0.0519247,-3.05556,0.662584,-0.0497186,-3.05776,-0.00713004,0.0198653,-0.00856208,0.800905,0.000200011,8.40863e-10,1.09881e-06,8.40863e-10,0.0002,8.20934e-08,1.09881e-06,8.20934e-08,0.000199996
0.662833,-0.0541215,-3.05568,0.662541,-0.0505005,-3.05867,-0.00716731,0.0207785,-0.00867561,0.80543,0.000200011,8.53215e-10,1.10022e-06,8.53215e-10,0.0002,8.36144e-08,1.10022e-06,8.36144e-08,0.000199996
0.660008,-0.0595973,-3.05434,0.647847,-0.0692982,-3.05084,-0.0102924,0.0183527,-0.00834438,7.90995,0.000200011,8.29974e-10,1.09464e-06,8.29974e-10,0.0002,8.05018e-08,1.09464e-06,8.05018e-08,0.000199996
0.657792,-0.0637077,-3.05284,0.64793,-0.0677453,-3.04929,-0.0127076,0.0173523,-0.00683885,7.90995,0.000200011,8.47576e-10,1.09751e-06,8.47576e-10,0.0002,8.30791e-08,1.09751e-06,8.30791e-08,0.000199996
0.655947,-0.0664853,-3.05179,0.647821,-0.0681589,-3.05007,-0.0148531,0.0170647,-0.00678821,7.93409,0.00020001,7.57018e-10,1.00438e-06,7.57018e-10,0.0002,7.68196e-08,1.00438e-06,7.68196e-08,0.000199996
0.654404,-0.0678968,-3.05099,0.647838,-0.0686124,-3.04999,-0.0163959,0.0167732,-0.00699023,7.93376,0.000200007,5.62008e-10,8.00564e-07,5.62008e-10,0.0002,6.17499e-08,8.00564e-07,6.17499e-08,0.000199997
0.653069,-0.068347,-3.05032,0.647804,-0.0686457,-3.05015,-0.0177313,0.016703,-0.00631833,7.92781,0.000200005,3.37875e-10,5.60428e-07,3.37875e-10,0.0002,3.70826e-08,5.60428e-07,3.70826e-08,0.000199997
0.651983,-0.0686371,-3.05747,0.647697,-0.0699522,-3.05207,-0.0188169,0.0163629,-0.00546521,7.93409,0.000200003,1.99912e-10,3.53726e-07,1.99912e-10,0.0002,2.16148e-08,3.53726e-07,2.16148e-08,0.000199998
0.651555,-0.0716882,-3.06695,0.649992,-0.0846264,-3.05026,-0.0192445,0.0131318,-0.00094705,5.58954,0.000200002,1.1514e-10,2.0286e-07,1.1514e-10,0.0002,8.76097e-09,2.0286e-07,8.76097e-09,0.000199999
0.651215,-0.0744993,-3.07678,0.649976,-0.0868539,-3.05293,-0.0194848,0.0100407,0.00522018,5.61504,0.000200001,6.91198e-11,9.42569e-08,6.91198e-11,0.0002,1.80643e-09,9.42569e-08,1.80643e-09,0.000199999
0.650959,-0.0770075,-3.08474,0.650177,-0.0883557,-3.05722,-0.0197408,0.00721246,0.0112578,5.64159,0.000200001,4.29715e-11,1.80903e-08,4.29715e-11,0.0002,-6.06756e-09,1.80903e-08,-6.06756e-09,0.0002
0.650724,-0.0788475,-3.08395,0.650031,-0.0876298,-3.05695,-0.0198758,0.00501251,0.018054,5.59735,0.0002,3.03822e-11,-3.40487e-08,3.03822e-11,0.0002,-1.13192e-08,-3.40487e-08,-1.13192e-08,0.0002
0.650569,-0.0800454,-3.07831,0.650061,-0.0857349,-3.05479,-0.020031,0.00358462,0.0246947,5.61947,0.0002,2.17304e-11,-5.05746e-08,2.17304e-11,0.0002,-1.0603e-08,-5.05746e-08,-1.0603e-08,0.0002
0.650403,-0.08067,-3.07287,0.649836,-0.0837476,-3.05272,-0.020197,0.00282002,0.0291294,5.57965,0.0002,1.54259e-11,-5.09402e-08,1.54259e-11,0.0002,-9.67547e-09,-5.09402e-08,-9.67547e-09,0.0002
0.651528,-0.081978,-3.07195,0.656003,-0.0852927,-3.07018,-0.0190718,0.00186202,0.0300483,2.76686,0.0002,7.28576e-12,2.8748e-08,7.28576e-12,0.0002,-5.35177e-09,2.8748e-08,-5.35177e-09,0.0002
0.65258,-0.0837861,-3.07099,0.656387,-0.0852892,-3.0697,-0.0181199,0.00159394,0.0300074,2.81292,0.0002,1.77049e-11,2.01728e-07,1.77049e-11,0.0002,9.47977e-09,2.01728e-07,9.47977e-09,0.0002
0.65344,-0.0857462,-3.07035,0.656343,-0.0852547,-3.07001,-0.0172599,0.00168385,0.0306493,2.80811,0.000200001,6.58854e-11,3.95717e-07,6.58854e-11,0.0002,2.3364e-08,3.95717e-07,2.3364e-08,0.0002
0.6541,-0.0876379,-3.06968,0.656189,-0.0852743,-3.06987,-0.0167004,0.00232212,0.0303184,2.78479,0.000200002,1.35264e-10,5.71017e-07,1.35264e-10,0.0002,3.27389e-08,5.71017e-07,3.27389e-08,0.000199999
0.654678,-0.0893588,-3.06929,0.656263,-0.0853653,-3.06995,-0.0162224,0.00329117,0.0297109,2.81109,0.000200004,2.35174e-10,7.13502e-07,2.35174e-10,0.0002,4.45131e-08,7.13502e-07,4.45131e-08,0.000199999
0.653747,-0.0907769,-3.0746,0.649419,-0.0849776,-3.09775,-0.0172531,0.00478309,0.0243953,6.70742,0.000200005,3.28927e-10,8.23476e-07,3.28927e-10,0.0002,5.18214e-08,8.23476e-07,5.18214e-08,0.000199999
0.653,-0.091969,-3.07882,0.649439,-0.0849445,-3.0982,-0.0180998,0.006501,0.0191811,6.6829,0.000200007,4.02064e-10,9.04158e-07,4.02064e-10,0.0002,5.52964e-08,9.04158e-07,5.52964e-08,0.000199998
0.652333,-0.0922299,-3.08237,0.64935,-0.0851948,-3.09849,-0.0188665,0.00847012,0.0156261,6.69476,0.000200006,3.62869e-10,8.37009e-07,3.62869e-10,0.0002,4.83419e-08,8.37009e-07,4.83419e-08,0.000199998
0.651774,-0.0917003,-3.08502,0.649437,-0.0852199,-3.09816,-0.0194265,0.00999968,0.0119761,6.69574,0.000200005,2.61771e-10,6.75174e-07,2.61771e-10,0.0002,3.58882e-08,6.75174e-07,3.58882e-08,0.000199998
0.65129,-0.0906791,-3.0872,0.649471,-0.0852566,-3.09812,-0.0199102,0.0113209,0.00980024,6.69869,0.000200003,1.53259e-10,4.74875e-07,1.53259e-10,0.0002,2.03006e-08,4.74875e-07,2.03006e-08,0.000199998
0.650906,-0.0895326,-3.08927,0.649449,-0.085102,-3.09848,-0.0201942,0.0123674,0.00673407,6.68727,0.000200002,8.88429e-11,2.98915e-07,8.88429e-11,0.0002,1.10144e-08,2.98915e-07,1.10144e-08,0.000199999
0.650622,-0.0916812,-3.09047,0.649556,-0.100432,-3.09562,-0.0204776,0.0102188,0.00552551,7.17359,0.000200001,5.25374e-11,1.86297e-07,5.25374e-11,0.0002,5.08247e-09,1.86297e-07,5.08247e-09,0.000199999
0.650404,-0.0940529,-3.09652,0.649409,-0.101203,-3.09658,-0.0206963,0.00824708,0.00547889,7.14329,0.000200001,3.90328e-11,1.94028e-07,3.90328e-11,0.0002,6.62742e-09,1.94028e-07,6.62742e-09,0.000199999
0.650254,-0.0973559,-3.10891,0.649281,-0.10393,-3.09911,-0.0209462,0.00674412,0.00808728,7.17024,0.000200001,4.82056e-11,3.3674e-07,4.82056e-11,0.0002,1.23716e-08,3.3674e-07,1.23716e-08,0.0002
0.650138,-0.101027,-3.1193,0.649251,-0.106202,-3.10145,-0.0211624,0.00537283,0.0127048,7.14885,0.000200002,6.88902e-11,5.20037e-07,6.88902e-11,0.0002,1.50523e-08,5.20037e-07,1.50523e-08,0.000199999
0.650013,-0.105049,-3.13008,0.64916,-0.109868,-3.10593,-0.0212867,0.0041509,0.0191007,7.14388,0.000200004,7.18719e-11,6.93574e-07,7.18719e-11,0.0002,1.16071e-08,6.93574e-07,1.16071e-08,0.000199999
0.649961,-0.109077,-3.13978,0.649361,-0.113492,-3.11061,-0.0213392,0.00302321,0.025407,7.15922,0.000200005,6.73918e-11,8.18267e-07,6.73918e-11,0.0002,8.78135e-09,8.18267e-07,8.78135e-09,0.000199999
0.651919,-0.111171,3.14103,0.659572,-0.111518,-3.11962,-0.0192814,0.00312912,0.0320339,4.14504,0.000200005,4.94821e-11,7.80646e-07,4.94821e-11,0.0002,5.72805e-09,7.80646e-07,5.72805e-09,0.000199998
0.653534,-0.112027,-3.13831,0.659867,-0.11104,-3.11882,-0.017666,0.00327268,0.0368799,4.1394,0.000200004,3.89888e-11,6.40853e-07,3.89888e-11,0.0002,5.14296e-09,6.40853e-07,5.14296e-09,0.000199998
0.654849,-0.111935,-3.13379,0.660056,-0.110397,-3.117,-0.0163513,0.00366479,0.0403984,4.14461,0.000200003,2.44703e-11,4.47582e-07,2.44703e-11,0.0002,3.42644e-09,4.47582e-07,3.42644e-09,0.000199999
0.655943,-0.11151,-3.13011,0.660296,-0.109917,-3.11605,-0.0152571,0.00408983,0.0440748,4.14927,0.000200002,1.47764e-11,2.83049e-07,1.47764e-11,0.0002,2.16581e-09,2.83049e-07,2.16581e-09,0.000199999
0.656896,-0.111047,-3.12695,0.660698,-0.109408,-3.11494,-0.0143039,0.00445292,0.0472366,4.15337,0.000200001,8.99046e-12,1.74345e-07,8.99046e-12,0.0002,1.30688e-09,1.74345e-07,1.30688e-09,0.000199999
0.657724,-0.110509,-3.12418,0.661034,-0.108676,-3.11376,-0.0134759,0.00489102,0.0500021,4.14781,0.000200001,5.48065e-12,1.01372e-07,5.48065e-12,0.0002,6.85272e-10,1.01372e-07,6.85272e-10,0.0002
0.656339,-0.112295,-3.13889,0.650871,-0.116037,3.11911,-0.0148614,0.0038046,0.0432929,5.89744,0.000200001,1.02122e-12,1.73812e-07,1.02122e-12,0.0002,-1.98492e-09,1.73812e-07,-1.98492e-09,0.0002
0.655229,-0.114375,3.12818,0.650845,-0.115938,3.11867,-0.0158709,0.00342538,0.0411819,5.88889,0.000200001,-9.74701e-12,3.27323e-07,-9.74701e-12,0.0002,-5.35581e-09,3.27323e-07,-5.35581e-09,0.0002
0.654317,-0.116706,3.11326,0.650732,-0.116302,3.11739,-0.0165831,0.00359351,0.0422577,5.87438,0.000200002,-3.77791e-11,5.20811e-07,-3.77791e-11,0.0002,-1.08697e-08,5.20811e-07,-1.08697e-08,0.000199999
0.653491,-0.1193,3.10655,0.650361,-0.118508,3.11531,-0.0172087,0.00369978,0.0445543,5.87179,0.000200004,-8.24451e-11,6.90551e-07,-8.24451e-11,0.0002,-1.68548e-08,6.90551e-07,-1.68548e-08,0.000199999
0.652809,-0.121669,3.1075,0.65034,-0.119661,3.11446,-0.0176911,0.00433089,0.0464988,5.86805,0.000200005,-1.24694e-10,8.09398e-07,-1.24694e-10,0.0002,-2.05536e-08,8.09398e-07,-2.05536e-08,0.000199999
0.653473,-0.1239,3.10544,0.656643,-0.120974,3.0956,-0.0168268,0.00500022,0.0434407,6.19474,0.000200006,-1.89311e-10,8.97212e-07,-1.89311e-10,0.0002,-2.76396e-08,8.97212e-07,-2.76396e-08,0.000199998
0.653967,-0.125892,3.10392,0.656484,-0.121907,3.09494,-0.0160325,0.00600806,0.0409152,6.20863,0.000200008,-2.48728e-10,9.56785e-07,-2.48728e-10,0.0002,-3.29551e-08,9.56785e-07,-3.29551e-08,0.000199998
0.654271,-0.127707,3.10225,0.656052,-0.122802,3.09337,-0.015529,0.00719295,0.0392519,6.19269,0.000200008,-3.03181e-10,1.00169e-06,-3.03181e-10,0.0002,-3.72539e-08,1.00169e-06,-3.72539e-08,0.000199997
0.654472,-0.129319,3.10087,0.655916,-0.123553,3.09282,-0.0150278,0.00858081,0.0368744,6.17114,0.000200009,-3.61707e-10,1.03203e-06,-3.61707e-10,0.0002,-4.2388e-08,1.03203e-06,-4.2388e-08,0.000199997
0.654585,-0.130709,3.09957,0.655742,-0.124111,3.0921,-0.0147147,0.0102906,0.0355655,6.18383,0.00020001,-4.21292e-10,1.04965e-06,-4.21292e-10,0.0002,-4.78753e-08,1.04965e-06,-4.78753e-08,0.000199997
0.65461,-0.131948,3.09847,0.655325,-0.124633,3.09121,-0.0143903,0.0120521,0.0334666,6.15948,0.00020001,-4.4814e-10,1.06445e-06,-4.4814e-10,0.0002,-4.85748e-08,1.06445e-06,-4.85748e-08,0.000199996
0.653093,-0.134782,3.09342,0.64781,-0.133909,3.07072,-0.0156074,0.0123184,0.0274178,7.95942,0.00020001,-4.80978e-10,1.07212e-06,-4.80978e-10,0.0002,-5.11129e-08,1.07212e-06,-5.11129e-08,0.000199996
0.651894,-0.137086,3.08942,0.647918,-0.134099,3.0709,-0.0166063,0.0130138,0.0234157,7.9739,0.000200011,-5.19131e-10,1.07692e-06,-5.19131e-10,0.0002,-5.47105e-08,1.07692e-06,-5.47105e-08,0.000199996
0.650899,-0.139018,3.08613,0.647768,-0.134647,3.06982,-0.0173012,0.0141824,0.0191266,7.99687,0.000200011,-5.55858e-10,1.07651e-06,-5.55858e-10,0.0002,-5.83398e-08,1.07651e-06,-5.83398e-08,0.000199996
0.650096,-0.140905,3.08315,0.647666,-0.136141,3.0687,-0.0179041,0.015295,0.0151466,7.99372,0.000200011,-5.73971e-10,1.08315e-06,-5.73971e-10,0.0002,-5.89726e-08,1.08315e-06,-5.89726e-08,0.000199996
0.649436,-0.142632,3.08063,0.647701,-0.137343,3.06803,-0.0182642,0.0166676,0.0126288,8.00202,0.000200011,-6.16358e-10,1.08374e-06,-6.16358e-10,0.0002,-6.37531e-08,1.08374e-06,-6.37531e-08,0.000199996
0.648863,-0.144311,3.07832,0.647503,-0.138828,3.06656,-0.0186369,0.0179892,0.00932053,8.01182,0.000200011,-6.55686e-10,1.08404e-06,-6.55686e-10,0.0002,-6.77958e-08,1.08404e-06,-6.77958e-08,0.000199996
0.64814,-0.148071,3.07795,0.646203,-0.15097,3.07426,-0.0190598,0.0172291,0.00794968,9.41996,0.000200011,-7.0233e-10,1.08237e-06,-7.0233e-10,0.0002,-7.29069e-08,1.08237e-06,-7.29069e-08,0.000199996
0.647562,-0.151102,3.07776,0.646157,-0.15103,3.07447,-0.0194377,0.0172977,0.00775939,9.46104,0.000200011,-7.27936e-10,1.0831e-06,-7.27936e-10,0.0002,-7.47001e-08,1.0831e-06,-7.47001e-08,0.000199996
0.647123,-0.153488,3.07764,0.646213,-0.150989,3.07433,-0.0196766,0.017912,0.00664344,9.4106,0.000200011,-7.2985e-10,1.07857e-06,-7.2985e-10,0.0002,-7.38708e-08,1.07857e-06,-7.38708e-08,0.000199996
0.646757,-0.155496,3.07757,0.646211,-0.151224,3.07409,-0.0197427,0.0190041,0.00556578,9.44222,0.000200011,-7.49905e-10,1.08406e-06,-7.49905e-10,0.0002,-7.55894e-08,1.08406e-06,-7.55894e-08,0.000199996
0.646464,-0.15712,3.08307,0.646177,-0.151577,3.07366,-0.0198365,0.02038,0.00407034,9.46678,0.000200011,-7.26031e-10,1.07936e-06,-7.26031e-10,0.0002,-7.17609e-08,1.07936e-06,-7.17609e-08,0.000199996
0.645601,-0.162095,3.09756,0.643173,-0.169695,3.08443,-0.0204992,0.0185054,0.000562062,12.3274,0.000200011,-7.06723e-10,1.08496e-06,-7.06723e-10,0.0002,-6.88077e-08,1.08496e-06,-6.88077e-08,0.000199996
0.644962,-0.166078,3.10936,0.643275,-0.169754,3.08448,-0.0209383,0.0175223,-0.00564306,12.3321,0.000200011,-6.36955e-10,1.08718e-06,-6.36955e-10,0.0002,-5.93639e-08,1.08718e-06,-5.93639e-08,0.000199996
0.644419,-0.169287,3.11151,0.643098,-0.16976,3.08427,-0.0213812,0.0174125,-0.012487,12.3243,0.000200011,-6.0044e-10,1.09197e-06,-6.0044e-10,0.0002,-5.57224e-08,1.09197e-06,-5.57224e-08,0.000199996
0.644005,-0.171795,3.1079,0.643196,-0.169616,3.08456,-0.021695,0.0180052,-0.0181008,12.3357,0.000200011,-5.95577e-10,1.08979e-06,-5.95577e-10,0.0002,-5.67692e-08,1.08979e-06,-5.67692e-08,0.000199996
0.643731,-0.173796,3.10377,0.64323,-0.16964,3.08438,-0.0218691,0.0191037,-0.0232347,12.3653,0.000200011,-5.46116e-10,1.08687e-06,-5.46116e-10,0.0002,-5.08814e-08,1.08687e-06,-5.08814e-08,0.000199996
0.643435,-0.175612,3.1002,0.643088,-0.170723,3.08372,-0.0220653,0.0202877,-0.0278003,12.2926,0.000200011,-5.68233e-10,1.08468e-06,-5.68233e-10,0.0002,-5.55866e-08,1.08468e-06,-5.55866e-08,0.000199996
0.642903,-0.181093,3.10455,0.641237,-0.190847,3.11911,-0.0224965,0.0178068,-0.0234479,12.2318,0.000200011,-5.4845e-10,1.08347e-06,-5.4845e-10,0.0002,-5.31224e-08,1.08347e-06,-5.31224e-08,0.000199996
0.642509,-0.184871,3.10839,0.641398,-0.187864,3.12182,-0.0228906,0.0170294,-0.0206149,12.2122,0.000200011,-5.32759e-10,1.081e-06,-5.32759e-10,0.0002,-5.15819e-08,1.081e-06,-5.15819e-08,0.000199996
0.642245,-0.187947,3.11145,0.641577,-0.18808,3.12152,-0.023055,0.017053,-0.0175454,12.2358,0.000200011,-4.99117e-10,1.08125e-06,-4.99117e-10,0.0002,-4.74342e-08,1.08125e-06,-4.74342e-08,0.000199996
0.64199,-0.190592,3.11356,0.641339,-0.189104,3.12042,-0.0232104,0.0174084,-0.0164356,12.221,0.000200011,-4.63383e-10,1.07804e-06,-4.63383e-10,0.0002,-4.3545e-08,1.07804e-06,-4.3545e-08,0.000199996
0.641756,-0.192984,3.11509,0.641238,-0.190437,3.11928,-0.0234442,0.0181157,-0.0149132,12.2438,0.000200011,-4.43092e-10,1.07767e-06,-4.43092e-10,0.0002,-4.19586e-08,1.07767e-06,-4.19586e-08,0.000199996
0.641566,-0.195033,3.11631,0.641267,-0.191166,3.11897,-0.0235342,0.0189667,-0.0146932,12.2087,0.000200011,-4.35233e-10,1.07572e-06,-4.35233e-10,0.0002,-4.19792e-08,1.07572e-06,-4.19792e-08,0.000199996
0.641902,-0.199789,3.12053,0.643506,-0.206847,3.13518,-0.0231976,0.0173113,-0.0104714,10.6412,0.000200011,-4.01415e-10,1.07116e-06,-4.01415e-10,0.0002,-3.8035e-08,1.07116e-06,-3.8035e-08,0.000199996
0.642227,-0.202939,3.12427,0.643796,-0.203526,3.13732,-0.0227732,0.0170607,-0.00772928,10.6011,0.000200011,-3.76937e-10,1.06996e-06,-3.76937e-10,0.0002,-3.56616e-08,1.06996e-06,-3.56616e-08,0.000199996
0.642461,-0.205631,3.12725,0.643704,-0.20433,3.13695,-0.0224385,0.0174688,-0.00474653,10.5795,0.000200011,-3.60923e-10,1.0709e-06,-3.60923e-10,0.0002,-3.44035e-08,1.0709e-06,-3.44035e-08,0.000199996
0.642663,-0.207967,3.12943,0.643595,-0.205293,3.13623,-0.0222373,0.0181327,-0.00356817,10.6049,0.000200011,-3.05121e-10,1.0699e-06,-3.05121e-10,0.0002,-2.73491e-08,1.0699e-06,-2.73491e-08,0.000199996
0.64281,-0.210077,3.13107,0.643572,-0.206445,3.13539,-0.0219895,0.0190231,-0.00193065,10.653,0.000200011,-2.68124e-10,1.07096e-06,-2.68124e-10,0.0002,-2.36874e-08,1.07096e-06,-2.36874e-08,0.000199996
0.642892,-0.211982,3.13223,0.643379,-0.207638,3.13462,-0.0219084,0.020118,-0.00177463,10.6345,0.000200011,-2.35379e-10,1.06824e-06,-2.35379e-10,0.0002,-2.06776e-08,1.06824e-06,-2.06776e-08,0.000199996
0.642837,-0.216392,3.13365,0.642818,-0.222016,3.13681,-0.0219628,0.0187077,-0.000349741,10.5557,0.000200011,-2.20125e-10,1.06819e-06,-2.20125e-10,0.0002,-1.99948e-08,1.06819e-06,-1.99948e-08,0.000199996
0.642853,-0.219711,3.13497,0.643045,-0.220914,3.138,-0.0218469,0.0183891,-3.45507e-05,10.5608,0.000200011,-1.94362e-10,1.06989e-06,-1.94362e-10,0.0002,-1.73514e-08,1.06989e-06,-1.73514e-08,0.000199996
0.642821,-0.222552,3.13574,0.642869,-0.221901,3.13695,-0.0218793,0.0185476,0.000742633,10.5446,0.000200011,-1.8339e-10,1.06926e-06,-1.8339e-10,0.0002,-1.68735e-08,1.06926e-06,-1.68735e-08,0.000199996
0.642758,-0.225039,3.13617,0.642685,-0.223076,3.13596,-0.0218419,0.0190606,0.000166031,10.5756,0.000200011,-1.73261e-10,1.06547e-06,-1.73261e-10,0.0002,-1.62505e-08,1.06547e-06,-1.62505e-08,0.000199996
0.642672,-0.227296,3.13641,0.64251,-0.224303,3.13483,-0.0219279,0.0198045,0.000406593,10.5654,0.000200011,-1.64983e-10,1.06644e-06,-1.64983e-10,0.0002,-1.56462e-08,1.06644e-06,-1.56462e-08,0.000199996
0.64254,-0.232197,3.13725,0.642113,-0.239837,3.13902,-0.0219604,0.0179032,0.0002471,11.5659,0.000200011,-1.46922e-10,1.06537e-06,-1.46922e-10,0.0002,-1.35487e-08,1.06537e-06,-1.35487e-08,0.000199996
0.642505,-0.235755,3.13839,0.642509,-0.237969,3.1404,-0.0219954,0.0173452,0.00138554,11.558,0.000200011,-1.42326e-10,1.06639e-06,-1.42326e-10,0.0002,-1.35013e-08,1.06639e-06,-1.35013e-08,0.000199996
0.642455,-0.238588,3.13916,0.642392,-0.238011,3.14034,-0.0220452,0.0175118,0.00115764,11.5739,0.000200011,-1.36352e-10,1.06364e-06,-1.36352e-10,0.0002,-1.3085e-08,1.06364e-06,-1.3085e-08,0.000199996
0.642431,-0.241102,3.13987,0.642468,-0.239139,3.1402,-0.0219694,0.017998,0.000874991,11.5764,0.000200011,-1.29906e-10,1.06529e-06,-1.29906e-10,0.0002,-1.24698e-08,1.06529e-06,-1.24698e-08,0.000199996
0.642354,-0.243341,3.14016,0.642236,-0.240439,3.13907,-0.0220458,0.0186588,0.00115881,11.5855,0.000200011,-1.34836e-10,1.06124e-06,-1.34836e-10,0.0002,-1.35265e-08,1.06124e-06,-1.35265e-08,0.000199996
0.642266,-0.245448,3.14005,0.641998,-0.241909,3.13802,-0.0220338,0.0196522,4.71933e-05,11.5934,0.000200011,-1.15324e-10,1.06205e-06,-1.15324e-10,0.0002,-1.07555e-08,1.06205e-06,-1.07555e-08,0.000199996
0.642047,-0.249647,3.14024,0.641413,-0.25453,3.13849,-0.022253,0.0183534,0.000242772,11.6246,0.000200011,-1.34981e-10,1.06087e-06,-1.34981e-10,0.0002,-1.40371e-08,1.06087e-06,-1.40371e-08,0.000199996
0.641896,-0.25301,3.14033,0.641376,-0.254499,3.13848,-0.0224035,0.0179899,-0.000665176,11.6207,0.000200011,-1.15312e-10,1.06182e-06,-1.15312e-10,0.0002,-1.09894e-08,1.06182e-06,-1.09894e-08,0.000199996
0.641773,-0.255687,3.14036,0.641413,-0.254483,3.13856,-0.0225269,0.0183131,-0.000638816,11.6417,0.000200011,-1.11183e-10,1.06072e-06,-1.11183e-10,0.0002,-1.07344e-08,1.06072e-06,-1.07344e-08,0.000199996
0.641683,-0.257841,3.14039,0.641407,-0.254601,3.13829,-0.0225166,0.0191586,-0.0017948,11.6443,0.00020001,-9.60346e-11,1.05832e-06,-9.60346e-11,0.0002,-8.82803e-09,1.05832e-06,-8.82803e-09,0.000199996
0.641515,-0.259782,3.14013,0.640984,-0.255633,3.13718,-0.0226846,0.020118,-0.00205605,11.6339,0.00020001,-9.63739e-11,1.05849e-06,-9.63739e-11,0.0002,-9.32987e-09,1.05849e-06,-9.32987e-09,0.000199996
0.641407,-0.261603,3.13984,0.641065,-0.25692,3.13647,-0.0227932,0.0212974,-0.00334482,11.6402,0.00020001,-8.58847e-11,1.06029e-06,-8.58847e-11,0.0002,-8.02026e-09,1.06029e-06,-8.02026e-09,0.000199996
0.641268,-0.265838,3.14019,0.64095,-0.270974,3.13969,-0.0229319,0.0200621,-0.00299481,13.0479,0.00020001,-1.13864e-10,1.05634e-06,-1.13864e-10,0.0002,-1.24215e-08,1.05634e-06,-1.24215e-08,0.000199996
0.641232,-0.269221,3.14051,0.641113,-0.270844,3.13924,-0.0228678,0.0196786,-0.00367768,13.0628,0.00020001,-8.80691e-11,1.05722e-06,-8.80691e-11,0.0002,-8.24211e-09,1.05722e-06,-8.24211e-09,0.000199996
0.641176,-0.271931,3.14076,0.64113,-0.270911,3.13953,-0.0229243,0.019869,-0.00342838,13.0932,0.00020001,-1.01811e-10,1.05608e-06,-1.01811e-10,0.0002,-1.05807e-08,1.05608e-06,-1.05807e-08,0.000199996
0.641063,-0.2741,3.14074,0.640743,-0.270864,3.13877,-0.0230368,0.0207001,-0.00444464,13.0513,0.00020001,-1.00936e-10,1.05705e-06,-1.00936e-10,0.0002,-1.03119e-08,1.05705e-06,-1.03119e-08,0.000199996
0.640971,-0.275817,3.14058,0.64068,-0.270932,3.13836,-0.0231291,0.0219832,-0.00460404,13.0513,0.00020001,-8.82418e-11,1.05257e-06,-8.82418e-11,0.0002,-8.47237e-09,1.05257e-06,-8.47237e-09,0.000199996
0.640922,-0.281606,3.14148,0.640833,-0.292853,-3.14,-0.023178,0.0191936,-0.00470164,13.9359,0.00020001,-9.04427e-11,1.0548e-06,-9.04427e-11,0.0002,-9.02954e-09,1.0548e-06,-9.02954e-09,0.000199996
0.640782,-0.285248,3.14143,0.640344,-0.287903,3.13932,-0.023318,0.018452,-0.00475359,13.9406,0.00020001,-9.00824e-11,1.05624e-06,-9.00824e-11,0.0002,-9.04216e-09,1.05624e-06,-9.04216e-09,0.000199996
0.640639,-0.287364,3.1413,0.640189,-0.287956,3.13885,-0.0233608,0.0184364,-0.00588864,13.9588,0.000200009,-8.25662e-11,9.27832e-07,-8.25662e-11,0.0002,-9.11084e-09,9.27832e-07,-9.11084e-09,0.000199996
0.640561,-0.288303,3.14113,0.64042,-0.287966,3.13888,-0.0234388,0.018497,-0.00605515,13.9368,0.000200006,-7.77485e-11,7.24838e-07,-7.77485e-11,0.0002,-1.09227e-08,7.24838e-07,-1.09227e-08,0.000199997
0.640472,-0.288421,3.14094,0.640231,-0.288043,3.1383,-0.0235278,0.0185789,-0.00724105,13.944,0.000200004,-5.79222e-11,4.91122e-07,-5.79222e-11,0.0002,-1.03935e-08,4.91122e-07,-1.03935e-08,0.000199998
0.640339,-0.28824,3.13551,0.639801,-0.288154,3.13791,-0.0236611,0.01856,-0.00667432,13.9483,0.000200002,-3.33021e-11,2.93898e-07,-3.33021e-11,0.0002,-6.5154e-09,2.93898e-07,-6.5154e-09,0.000199998
0.640057,-0.292972,3.12164,0.638974,-0.313017,3.12488,-0.0239428,0.0135279,-0.00536233,13.9347,0.000200001,-2.03133e-11,1.52332e-07,-2.03133e-11,0.0002,-5.12918e-09,1.52332e-07,-5.12918e-09,0.000199999
0.639677,-0.296881,3.10953,0.638277,-0.31417,3.12046,-0.0242235,0.00921852,-0.00347111,13.9275,0.000200001,-1.24169e-11,4.45942e-08,-1.24169e-11,0.0002,-6.54939e-09,4.45942e-08,-6.54939e-09,0.000199999
0.639366,-0.300309,3.0977,0.638121,-0.31588,3.11485,-0.0245339,0.00539124,0.000703575,13.9618,0.000200001,-6.39654e-12,-3.10317e-08,-6.39654e-12,0.0002,-3.02312e-09,-3.10317e-08,-3.02312e-09,0.0002
0.639022,-0.30332,3.08829,0.637733,-0.317229,3.11127,-0.0248783,0.00188032,0.00628939,13.9768,0.0002,-2.55686e-12,-7.9617e-08,-2.55686e-12,0.0002,-3.51612e-09,-7.9617e-08,-3.51612e-09,0.0002
0.638781,-0.305994,3.07923,0.637837,-0.318717,3.10776,-0.0251192,-0.00129443,0.0142299,14.0206,0.0002,-1.65503e-12,-1.15699e-07,-1.65503e-12,0.0002,-1.15527e-09,-1.15699e-07,-1.15527e-09,0.0002
0.638613,-0.308364,3.07245,0.637945,-0.319975,3.10565,-0.025387,-0.0041645,0.0224504,14.0262,0.0002,-2.54457e-12,-1.42175e-07,-2.54457e-12,0.0002,1.13355e-09,-1.42175e-07,1.13355e-09,0.0002
0.640859,-0.310142,3.06137,0.649877,-0.319331,3.08212,-0.0231414,-0.00654181,0.0273653,13.9375,0.0002,-2.45759e-12,-1.57551e-07,-2.45759e-12,0.0002,1.30064e-09,-1.57551e-07,1.30064e-09,0.0002
0.642533,-0.311683,3.05323,0.649246,-0.320036,3.08072,-0.0214667,-0.00858331,0.0342345,13.9219,0.0002,-3.58934e-12,-1.70772e-07,-3.58934e-12,0.0002,2.38445e-09,-1.70772e-07,2.38445e-09,0.0002
0.643725,-0.313115,3.04546,0.648446,-0.320971,3.0785,-0.0202751,-0.0105149,0.0424608,13.8921,0.0002,-7.08558e-12,-1.77346e-07,-7.08558e-12,0.0002,5.23395e-09,-1.77346e-07,5.23395e-09,0.0002
0.64461,-0.314387,3.03964,0.648037,-0.321651,3.077,-0.01949,-0.0123866,0.051639,13.9101,0.0002,-1.28638e-11,-1.83028e-07,-1.28638e-11,0.0002,9.4073e-09,-1.83028e-07,9.4073e-09,0.0002
0.645159,-0.315633,3.03383,0.647351,-0.322702,3.07505,-0.0189407,-0.0141334,0.0618312,14.7322,0.0002,-1.32905e-11,-1.83643e-07,-1.32905e-11,0.0002,8.76849e-09,-1.83643e-07,8.76849e-09,0.0002
0.645512,-0.316762,3.02971,0.646908,-0.32336,3.07326,-0.0186881,-0.0157625,0.072715,15.2182,0.0002,-1.38258e-11,-1.84023e-07,-1.38258e-11,0.0002,8.67198e-09,-1.84023e-07,8.67198e-09,0.0002
0.647859,-0.315082,3.01274,0.65711,-0.310488,3.00897,-0.0164413,-0.0145824,0.0717377,11.517,0.0002,-1.69747e-11,-1.85721e-07,-1.69747e-11,0.0002,1.08573e-08,-1.85721e-07,1.08573e-08,0.0002
0.649499,-0.313971,2.99923,0.655916,-0.311542,3.00618,-0.0148006,-0.0139706,0.0732343,11.5131,0.0002,-1.98917e-11,-1.83344e-07,-1.98917e-11,0.0002,1.28661e-08,-1.83344e-07,1.28661e-08,0.0002
0.650545,-0.313327,2.98713,0.654668,-0.312782,3.00286,-0.0138552,-0.0139266,0.0771332,11.5,0.0002,-1.91916e-11,-1.82269e-07,-1.91916e-11,0.0002,1.17122e-08,-1.82269e-07,1.17122e-08,0.0002
0.651204,-0.312998,2.97779,0.653705,-0.313761,3.00044,-0.0132959,-0.0139984,0.0827936,11.5029,0.0002,-2.18456e-11,-1.82928e-07,-2.18456e-11,0.0002,1.36565e-08,-1.82928e-07,1.36565e-08,0.0002
0.651535,-0.312976,2.96897,0.652607,-0.314943,2.99751,-0.0130647,-0.0144756,0.089973,11.4972,0.0002,-2.86819e-11,-1.82675e-07,-2.86819e-11,0.0002,1.89312e-08,-1.82675e-07,1.89312e-08,0.0002
0.653382,-0.310755,2.94893,0.660502,-0.30388,2.92843,-0.0113182,-0.0127553,0.0849258,12.8953,0.0002,-3.20409e-11,-1.81077e-07,-3.20409e-11,0.0002,2.08286e-08,-1.81077e-07,2.08286e-08,0.0002
0.654482,-0.309339,2.93092,0.658591,-0.305677,2.92368,-0.0103183,-0.011839,0.082922,12.8481,0.0002,-3.60661e-11,-1.79854e-07,-3.60661e-11,0.0002,2.34086e-08,-1.79854e-07,2.34086e-08,0.0002
0.65502,-0.308511,2.91681,0.656921,-0.307157,2.91974,-0.00997997,-0.0115111,0.0838106,12.8421,0.0002,-3.76831e-11,-1.77617e-07,-3.76831e-11,0.0002,2.40845e-08,-1.77617e-07,2.40845e-08,0.0002
0.655145,-0.308163,2.90364,0.655246,-0.308805,2.91539,-0.00995525,-0.0116627,0.0866373,12.8607,0.0002,-4.51013e-11,-1.7853e-07,-4.51013e-11,0.0002,2.95946e-08,-1.7853e-07,2.95946e-08,0.0002
0.65504,-0.308166,2.89356,0.654228,-0.310109,2.91262,-0.0101604,-0.0121664,0.0905595,12.8336,0.0002,-5.0043e-11,-1.75647e-07,-5.0043e-11,0.0002,3.30407e-08,-1.75647e-07,3.30407e-08,0.0002
0.654648,-0.308403,2.88387,0.652756,-0.311403,2.90893,-0.0107519,-0.0129027,0.0968718,12.8302,0.0002,-5.2588e-11,-1.77813e-07,-5.2588e-11,0.0002,3.35348e-08,-1.77813e-07,3.35348e-08,0.0002
0.656191,-0.306304,2.8634,0.661961,-0.299951,2.84087,-0.00930934,-0.0113042,0.0913969,11.8141,0.0002,-5.50182e-11,-1.79091e-07,-5.50182e-11,0.0002,3.44114e-08,-1.79091e-07,3.44114e-08,0.0002
0.657157,-0.304956,2.8451,0.660492,-0.301571,2.83637,-0.00854339,-0.0104562,0.0891015,11.7797,0.0002,-6.19648e-11,-1.78624e-07,-6.19648e-11,0.0002,3.96461e-08,-1.78624e-07,3.96461e-08,0.0002
0.657631,-0.304161,2.83077,0.659107,-0.302911,2.83283,-0.00826928,-0.0101614,0.0897738,11.7461,0.0002,-6.29189e-11,-1.75819e-07,-6.29189e-11,0.0002,3.98011e-08,-1.75819e-07,3.98011e-08,0.0002
0.657743,-0.303842,2.81756,0.657752,-0.304489,2.82854,-0.00825748,-0.010242,0.0925634,11.672,0.0002,-6.44632e-11,-1.73794e-07,-6.44632e-11,0.0002,4.0848e-08,-1.73794e-07,4.0848e-08,0.0002
0.657504,-0.303894,2.8072,0.656028,-0.306056,2.82478,-0.00869568,-0.010794,0.0961975,11.6454,0.0002,-6.90756e-11,-1.73348e-07,-6.90756e-11,0.0002,4.44239e-08,-1.73348e-07,4.44239e-08,0.0002
0.657069,-0.304221,2.79721,0.65486,-0.307448,2.82105,-0.00933074,-0.0116213,0.102206,11.6439,0.0002,-7.05884e-11,-1.71833e-07,-7.05884e-11,0.0002,4.52467e-08,-1.71833e-07,4.52467e-08,0.0002
0.658324,-0.302282,2.77692,0.662775,-0.296356,2.75481,-0.00827576,-0.0100819,0.0969162,15.2208,0.0002,-7.26111e-11,-1.68521e-07,-7.26111e-11,0.0002,4.73035e-08,-1.68521e-07,4.73035e-08,0.0002
0.659114,-0.300957,2.75909,0.661614,-0.297514,2.75158,-0.00768576,-0.00925745,0.0950853,15.1993,0.0002,-7.80244e-11,-1.66942e-07,-7.80244e-11,0.0002,5.20853e-08,-1.66942e-07,5.20853e-08,0.0002
0.65949,-0.300159,2.74497,0.660309,-0.298811,2.74786,-0.00751038,-0.00885897,0.0959662,15.195,0.0002,-8.30955e-11,-1.65559e-07,-8.30955e-11,0.0002,5.61305e-08,-1.65559e-07,5.61305e-08,0.0002
0.659522,-0.299728,2.7322,0.658981,-0.299912,2.74462,-0.00767809,-0.00892773,0.0981969,15.1328,0.0002,-8.76393e-11,-1.66562e-07,-8.76393e-11,0.0002,5.87297e-08,-1.66562e-07,5.87297e-08,0.0002
0.659303,-0.299698,2.72216,0.657781,-0.301385,2.74108,-0.00819717,-0.00929798,0.103163,15.1384,0.0002,-8.89702e-11,-1.63833e-07,-8.89702e-11,0.0002,5.96974e-08,-1.63833e-07,5.96974e-08,0.0002
0.660036,-0.298191,2.69794,0.66228,-0.294014,2.66485,-0.0076638,-0.00819128,0.0949365,12.7715,0.0002,-9.03987e-11,-1.64095e-07,-9.03987e-11,0.0002,6.01325e-08,-1.64095e-07,6.01325e-08,0.0002
0.660568,-0.297096,2.67928,0.661885,-0.294507,2.66339,-0.00733152,-0.00759566,0.0912796,12.7616,0.0002,-9.52894e-11,-1.62238e-07,-9.52894e-11,0.0002,6.48172e-08,-1.62238e-07,6.48172e-08,0.0002
0.660635,-0.296538,2.66249,0.660233,-0.296117,2.65884,-0.00746522,-0.00743849,0.0904916,12.6865,0.0002,-9.47118e-11,-1.61354e-07,-9.47118e-11,0.0002,6.36302e-08,-1.61354e-07,6.36302e-08,0.0002
0.660411,-0.296416,2.64908,0.658732,-0.297678,2.65446,-0.00798924,-0.00771627,0.0910762,12.619,0.0002,-9.7349e-11,-1.58821e-07,-9.7349e-11,0.0002,6.67663e-08,-1.58821e-07,6.67663e-08,0.0002
0.659923,-0.296622,2.63666,0.657268,-0.299236,2.6505,-0.00867705,-0.00832158,0.0946611,12.5808,0.0002,-9.76379e-11,-1.58472e-07,-9.76379e-11,0.0002,6.66046e-08,-1.58472e-07,6.66046e-08,0.0002
0.659314,-0.297075,2.62692,0.656063,-0.300623,2.64701,-0.00958626,-0.00917466,0.0999208,12.5561,0.0002,-1.00604e-10,-1.56285e-07,-1.00604e-10,0.0002,7.0096e-08,-1.56285e-07,7.0096e-08,0.0002
0.660417,-0.296552,2.60408,0.663952,-0.296165,2.57559,-0.00868323,-0.0091516,0.092082,13.3581,0.0002,-1.03303e-10,-1.54588e-07,-1.03303e-10,0.0002,7.29156e-08,-1.54588e-07,7.29156e-08,0.0002
0.660672,-0.297035,2.58574,0.662322,-0.298106,2.57143,-0.00832799,-0.00953478,0.0887414,13.2904,0.0002,-4.2245e-11,-7.17478e-08,-4.2245e-11,0.0002,2.59136e-08,-7.17478e-08,2.59136e-08,0.0002
0.659906,-0.298932,2.56876,0.659835,-0.301807,2.56467,-0.00819428,-0.0102319,0.0877644,13.2509,0.0002,-7.64241e-11,1.03415e-07,-7.64241e-11,0.0002,-8.1538e-08,1.03415e-07,-8.1538e-08,0.0002
0.658577,-0.301623,2.55507,0.658155,-0.304786,2.55936,-0.00822273,-0.0112232,0.0890746,13.1651,0.000200001,-4.50093e-10,3.06954e-07,-4.50093e-10,0.0002,-2.12553e-07,3.06954e-07,-2.12553e-07,0.0002
0.656925,-0.304679,2.5419,0.656209,-0.307854,2.55429,-0.0081749,-0.0121785,0.091902,14.8757,0.000200002,-1.12457e-09,4.81976e-07,-1.12457e-09,0.000200001,-3.30478e-07,4.81976e-07,-3.30478e-07,0.000199999
0.655226,-0.307892,2.53028,0.654632,-0.311327,2.54984,-0.00807374,-0.0131917,0.0962846,18.4972,0.000200003,-1.86609e-09,6.04837e-07,-1.86609e-09,0.000200001,-4.17223e-07,6.04837e-07,-4.17223e-07,0.000199999
0.654164,-0.308012,2.50593,0.656856,-0.298744,2.47931,-0.00723579,-0.0110116,0.0899268,13.5097,0.000200004,-2.63447e-09,6.97693e-07,-2.63447e-09,0.000200002,-4.90908e-07,6.97693e-07,-4.90908e-07,0.000199998
0.653156,-0.308255,2.48633,0.654418,-0.301637,2.47272,-0.00654408,-0.00935532,0.0863291,13.5184,0.000200004,-2.78326e-09,6.88095e-07,-2.78326e-09,0.000200002,-4.8569e-07,6.88095e-07,-4.8569e-07,0.000199998
0.652365,-0.308184,2.46976,0.652375,-0.303695,2.46795,-0.00653471,-0.00838362,0.0857622,13.5143,0.000200003,-2.27069e-09,5.7334e-07,-2.27069e-09,0.000200002,-4.14304e-07,5.7334e-07,-4.14304e-07,0.000199998
0.651844,-0.308009,2.45693,0.651102,-0.305323,2.46433,-0.0066563,-0.00770883,0.0879278,13.4895,0.000200002,-1.56596e-09,4.29401e-07,-1.56596e-09,0.000200001,-3.09742e-07,4.29401e-07,-3.09742e-07,0.000199998
0.651398,-0.307896,2.44526,0.649905,-0.306864,2.46146,-0.00700228,-0.00749639,0.0922607,15.2578,0.000200001,-9.77555e-10,2.92623e-07,-9.77555e-10,0.000200001,-2.08794e-07,2.92623e-07,-2.08794e-07,0.000199999
0.65093,-0.307901,2.43631,0.648899,-0.308066,2.45893,-0.00746956,-0.0075014,0.09731,16.8245,0.000200001,-5.84521e-10,1.82121e-07,-5.84521e-10,0.0002,-1.29186e-07,1.82121e-07,-1.29186e-07,0.000199999
0.651593,-0.30726,2.41505,0.65363,-0.305359,2.39253,-0.00700695,-0.00696036,0.0920454,14.0427,0.0002,-3.38037e-10,9.59492e-08,-3.38037e-10,0.0002,-6.23057e-08,9.59492e-08,-6.23057e-08,0.000199999
0.651798,-0.307141,2.39779,0.651774,-0.307694,2.38752,-0.00700248,-0.00714121,0.0887929,14.0114,0.0002,-1.99564e-10,2.88777e-08,-1.99564e-10,0.0002,-1.24065e-08,2.88777e-08,-1.24065e-08,0.0002
0.651694,-0.307373,2.38242,0.650352,-0.309469,2.38381,-0.00740564,-0.00757326,0.0894239,13.9829,0.0002,-1.29282e-10,-1.84142e-08,-1.29282e-10,0.0002,2.24004e-08,-1.84142e-08,2.24004e-08,0.0002
0.651324,-0.307946,2.3703,0.648827,-0.311471,2.37956,-0.00807561,-0.00844612,0.0912953,13.949,0.0002,-9.72435e-11,-5.06844e-08,-9.72435e-11,0.0002,4.7572e-08,-5.06844e-08,4.7572e-08,0.0002
0.650706,-0.308765,2.35876,0.647131,-0.31334,2.3755,-0.00899385,-0.00956455,0.0957641,13.894,0.0002,-8.6558e-11,-7.32912e-08,-8.6558e-11,0.0002,6.66105e-08,-7.32912e-08,6.66105e-08,0.0002
0.651164,-0.308086,2.33633,0.651704,-0.306635,2.30437,-0.00883566,-0.00918565,0.0873282,15.5008,0.0002,-8.79295e-11,-8.73291e-08,-8.79295e-11,0.0002,8.40252e-08,-8.73291e-08,8.40252e-08,0.0002
0.650506,-0.308646,2.31623,0.649553,-0.309491,2.29837,-0.0091942,-0.00954578,0.083227,15.4222,0.0002,-3.27337e-11,-1.20741e-08,-3.27337e-11,0.0002,-7.57845e-10,-1.20741e-08,-7.57845e-10,0.0002
0.649085,-0.310175,2.29984,0.64786,-0.31226,2.29301,-0.0094147,-0.0101748,0.0818375,15.2878,0.0002,-1.344e-10,1.19346e-07,-1.344e-10,0.0002,-1.44816e-07,1.19346e-07,-1.44816e-07,0.0002
0.647051,-0.312484,2.28466,0.645736,-0.315546,2.28712,-0.009549,-0.0110835,0.0826595,15.2416,0.000200001,-5.88027e-10,2.70287e-07,-5.88027e-10,0.000200001,-3.14201e-07,2.70287e-07,-3.14201e-07,0.0002
0.644869,-0.314988,2.27178,0.644163,-0.317862,2.28249,-0.00963129,-0.0119881,0.0847813,16.3454,0.000200001,-1.30746e-09,3.96589e-07,-1.30746e-09,0.000200002,-4.62182e-07,3.96589e-07,-4.62182e-07,0.000199999
0.642634,-0.317577,2.25919,0.642416,-0.32046,2.27737,-0.00946636,-0.0128774,0.0891865,19.8715,0.000200002,-2.10248e-09,4.86033e-07,-2.10248e-09,0.000200003,-5.80712e-07,4.86033e-07,-5.80712e-07,0.000199999
0.641898,-0.3172,2.24329,0.647942,-0.308201,2.2178,-0.00780226,-0.0109004,0.0832864,14.1179,0.000200002,-2.82625e-09,5.51427e-07,-2.82625e-09,0.000200003,-6.58745e-07,5.51427e-07,-6.58745e-07,0.000199998
0.641084,-0.317011,2.23768,0.647234,-0.308856,2.21623,-0.00611635,-0.0090113,0.0776824,14.0877,0.000200003,-3.44723e-09,5.92677e-07,-3.44723e-09,0.000200004,-7.20104e-07,5.92677e-07,-7.20104e-07,0.000199998
0.640757,-0.316591,2.23363,0.646705,-0.309333,2.21491,-0.00444259,-0.00719087,0.0726335,14.0952,0.000200003,-3.3812e-09,5.60496e-07,-3.3812e-09,0.000200004,-6.90727e-07,5.60496e-07,-6.90727e-07,0.000199998
0.641223,-0.31568,2.23085,0.646747,-0.309201,2.21498,-0.00317654,-0.00577969,0.0688539,14.0764,0.000200002,-2.5765e-09,4.51295e-07,-2.5765e-09,0.000200003,-5.57603e-07,4.51295e-07,-5.57603e-07,0.000199998
0.642092,-0.314489,2.22853,0.646665,-0.309063,2.2148,-0.00200824,-0.00438925,0.0655309,14.0575,0.000200001,-1.64266e-09,3.11219e-07,-1.64266e-09,0.000200002,-3.91189e-07,3.11219e-07,-3.91189e-07,0.000199998
0.642847,-0.313508,2.21882,0.645699,-0.309799,2.21267,-0.0013527,-0.00340848,0.0638188,14.0122,0.000200001,-9.71016e-10,1.92679e-07,-9.71016e-10,0.000200001,-2.44614e-07,1.92679e-07,-2.44614e-07,0.000199999
0.640542,-0.312574,2.19768,0.630664,-0.309378,2.1652,-0.00375812,-0.00267412,0.0556801,13.7468,0.0002,-5.6531e-10,1.07164e-07,-5.6531e-10,0.000200001,-1.34633e-07,1.07164e-07,-1.34633e-07,0.000199999
0.63873,-0.31177,2.17879,0.630443,-0.30938,2.1645,-0.00586966,-0.00196973,0.051789,13.7331,0.0002,-3.3031e-10,4.2766e-08,-3.3031e-10,0.0002,-5.23109e-08,4.2766e-08,-5.23109e-08,0.000199999
0.637269,-0.311121,2.16431,0.630187,-0.309448,2.16383,-0.00763129,-0.0015205,0.0523051,13.6973,0.0002,-2.04309e-10,-1.64474e-09,-2.04309e-10,0.0002,6.47543e-09,-1.64474e-09,6.47543e-09,0.0002
0.635967,-0.310626,2.15123,0.629412,-0.309691,2.16116,-0.00933288,-0.00132613,0.054231,13.6994,0.0002,-1.41301e-10,-3.36521e-08,-1.41301e-10,0.0002,4.78949e-08,-3.36521e-08,4.78949e-08,0.0002
0.634766,-0.310311,2.14121,0.628634,-0.309932,2.15828,-0.0108338,-0.00121081,0.0582117,13.7041,0.0002,-1.08948e-10,-4.89202e-08,-1.08948e-10,0.0002,7.37382e-08,-4.89202e-08,7.37382e-08,0.0002
0.632751,-0.310514,2.12844,0.623212,-0.31247,2.13926,-0.0132494,-0.00161356,0.0614399,14.7643,0.0002,-1.00026e-10,-6.70292e-08,-1.00026e-10,0.0002,9.51241e-08,-6.70292e-08,9.51241e-08,0.0002
0.631023,-0.311191,2.11798,0.622584,-0.314868,2.13393,-0.0153774,-0.00259096,0.0649813,14.8205,0.0002,-9.63642e-11,-7.28039e-08,-9.63642e-11,0.0002,1.10409e-07,-7.28039e-08,1.10409e-07,0.0002
0.62954,-0.312134,2.10755,0.622203,-0.31697,2.12835,-0.0172602,-0.00373395,0.0705462,14.8818,0.0002,-9.66902e-11,-7.94589e-08,-9.66902e-11,0.0002,1.16482e-07,-7.94589e-08,1.16482e-07,0.0002
0.62831,-0.31324,2.09947,0.621886,-0.318773,2.12463,-0.0188901,-0.00504004,0.0764693,14.8893,0.0002,-1.01215e-10,-8.49949e-08,-1.01215e-10,0.0002,1.23617e-07,-8.49949e-08,1.23617e-07,0.0002
0.627249,-0.314423,2.09117,0.621441,-0.320164,2.1199,-0.0203509,-0.00652312,0.0831739,14.9428,0.0002,-1.03867e-10,-8.51207e-08,-1.03867e-10,0.0002,1.30166e-07,-8.51207e-08,1.30166e-07,0.0002
0.626363,-0.315648,2.08479,0.621249,-0.321546,2.11671,-0.0216367,-0.00794807,0.0917875,14.9246,0.0002,-1.05942e-10,-8.48336e-08,-1.05942e-10,0.0002,1.34577e-07,-8.48336e-08,1.34577e-07,0.0002
0.626314,-0.314499,2.06826,0.624571,-0.310953,2.06403,-0.0220862,-0.00699894,0.090255,14.5965,0.0002,-1.09143e-10,-8.72538e-08,-1.09143e-10,0.0002,1.35999e-07,-8.72538e-08,1.35999e-07,0.0002
0.626242,-0.31362,2.0558,0.624445,-0.310993,2.06344,-0.0225575,-0.00631965,0.0918005,14.6345,0.0002,-1.06333e-10,-8.3435e-08,-1.06333e-10,0.0002,1.35979e-07,-8.3435e-08,1.35979e-07,0.0002
0.626097,-0.312883,2.04463,0.623953,-0.310962,2.06188,-0.0231027,-0.00578329,0.0966347,14.5618,0.0002,-1.0854e-10,-8.48995e-08,-1.0854e-10,0.0002,1.3783e-07,-8.48995e-08,1.3783e-07,0.0002
0.625883,-0.312423,2.03618,0.623503,-0.311451,2.05985,-0.0237165,-0.00552321,0.102185,14.5534,0.0002,-1.05051e-10,-8.07646e-08,-1.05051e-10,0.0002,1.37789e-07,-8.07646e-08,1.37789e-07,0.0002
0.625584,-0.312305,2.0281,0.622881,-0.31286,2.05733,-0.024516,-0.00560524,0.109096,14.556,0.0002,-1.06405e-10,-8.29841e-08,-1.06405e-10,0.0002,1.37322e-07,-8.29841e-08,1.37322e-07,0.0002
0.625216,-0.312504,2.02185,0.622281,-0.314173,2.05467,-0.0252839,-0.00590387,0.117854,14.5775,0.0002,-1.02411e-10,-7.95196e-08,-1.02411e-10,0.0002,1.35629e-07,-7.95196e-08,1.35629e-07,0.0002
0.626005,-0.311738,2.00083,0.627473,-0.309586,1.97833,-0.0248949,-0.00533815,0.111832,13.9506,0.0002,-1.04849e-10,-7.98307e-08,-1.04849e-10,0.0002,1.40905e-07,-7.98307e-08,1.40905e-07,0.0002
0.626499,-0.311141,1.9847,0.626942,-0.309624,1.97764,-0.0248011,-0.0049413,0.109701,13.9693,0.0002,-1.02911e-10,-7.8438e-08,-1.02911e-10,0.0002,1.39492e-07,-7.8438e-08,1.39492e-07,0.0002
0.626849,-0.310688,1.97075,0.626736,-0.309662,1.97654,-0.0248512,-0.00458808,0.11175,13.9718,0.0002,-9.83594e-11,-7.44676e-08,-9.83594e-11,0.0002,1.38141e-07,-7.44676e-08,1.38141e-07,0.0002
0.627116,-0.310306,1.96023,0.62657,-0.309595,1.9753,-0.0249836,-0.00440646,0.11523,13.9484,0.0002,-9.70634e-11,-7.25774e-08,-9.70634e-11,0.0002,1.40738e-07,-7.25774e-08,1.40738e-07,0.0002
0.627486,-0.311026,1.95006,0.625699,-0.31061,1.97128,-0.0253137,-0.00442581,0.120059,13.9255,0.0002,4.81455e-11,6.13479e-08,4.81455e-11,0.0002,1.92699e-07,6.13479e-08,1.92699e-07,0.0002
0.627869,-0.312421,1.94202,0.625094,-0.31236,1.96795,-0.0258311,-0.00412096,0.127017,13.9331,0.0002,3.69647e-10,2.23096e-07,3.69647e-10,0.000200001,2.57272e-07,2.23096e-07,2.57272e-07,0.0002
0.629417,-0.313631,1.91828,0.629979,-0.308422,1.88874,-0.0252834,-0.00273127,0.119284,13.4516,0.000200001,1.09805e-09,4.65331e-07,1.09805e-09,0.000200001,3.42249e-07,4.65331e-07,3.42249e-07,0.000199999
0.630453,-0.314767,1.89963,0.629291,-0.308553,1.88788,-0.0253467,-0.000967133,0.116634,13.3891,0.000200003,1.81982e-09,6.4379e-07,1.81982e-09,0.000200001,3.85026e-07,6.4379e-07,3.85026e-07,0.000199999
0.631347,-0.31609,1.88278,0.629009,-0.309353,1.88458,-0.025453,0.00081021,0.116781,13.3925,0.000200005,2.62266e-09,8.00272e-07,2.62266e-09,0.000200001,4.28647e-07,8.00272e-07,4.28647e-07,0.000199998
0.631701,-0.317656,1.86855,0.627328,-0.311884,1.87798,-0.0261993,0.00244405,0.119549,13.3778,0.000200006,3.25045e-09,9.01185e-07,3.25045e-09,0.000200002,4.51406e-07,9.01185e-07,4.51406e-07,0.000199998
0.631804,-0.319504,1.8549,0.626163,-0.314254,1.87114,-0.0271964,0.00389575,0.122904,13.412,0.000200008,3.83434e-09,9.86179e-07,3.83434e-09,0.000200002,4.72166e-07,9.86179e-07,4.72166e-07,0.000199997
0.633382,-0.321784,1.82949,0.634232,-0.318332,1.79479,-0.0266176,0.00491636,0.114487,13.5254,0.000200009,4.20133e-09,1.03302e-06,4.20133e-09,0.000200002,4.77543e-07,1.03302e-06,4.77543e-07,0.000199996
0.63454,-0.32372,1.80829,0.633757,-0.318302,1.79431,-0.0264602,0.00638041,0.111293,13.5236,0.00020001,4.485e-09,1.084e-06,4.485e-09,0.000200002,4.74388e-07,1.084e-06,4.74388e-07,0.000199996
0.635221,-0.324587,1.79217,0.633501,-0.318297,1.79243,-0.0265793,0.0083135,0.111169,13.4857,0.000200009,4.14053e-09,1.00827e-06,4.14053e-09,0.000200002,4.40647e-07,1.00827e-06,4.40647e-07,0.000199996
0.635541,-0.324732,1.77895,0.63324,-0.318392,1.78893,-0.0268595,0.00986789,0.11295,13.4446,0.000200008,3.4607e-09,8.69319e-07,3.4607e-09,0.000200002,3.91324e-07,8.69319e-07,3.91324e-07,0.000199996
0.635556,-0.324172,1.77466,0.632961,-0.318379,1.78737,-0.0274438,0.0113276,0.116665,13.4524,0.000200005,2.59348e-09,6.71557e-07,2.59348e-09,0.000200001,3.32922e-07,6.71557e-07,3.32922e-07,0.000199997
0.635452,-0.323309,1.77783,0.63318,-0.318404,1.78861,-0.0279479,0.0126911,0.119834,13.4701,0.000200004,1.79376e-09,4.76779e-07,1.79376e-09,0.000200001,2.71466e-07,4.76779e-07,2.71466e-07,0.000199998
0.637083,-0.326018,1.76227,0.642146,-0.335902,1.69749,-0.0267174,0.0101822,0.103273,13.3292,0.000200002,1.22446e-09,3.32648e-07,1.22446e-09,0.000200001,2.24749e-07,3.32648e-07,2.24749e-07,0.000199998
0.638203,-0.327969,1.75006,0.641978,-0.335922,1.69709,-0.0257973,0.008231,0.0900622,13.3292,0.000200001,7.72674e-10,2.06341e-07,7.72674e-10,0.0002,1.68568e-07,2.06341e-07,1.68568e-07,0.000199999
0.63893,-0.329591,1.74012,0.641107,-0.335966,1.69718,-0.0252696,0.00660908,0.0791196,13.3284,0.000200001,5.00185e-10,1.34488e-07,5.00185e-10,0.0002,1.32541e-07,1.34488e-07,1.32541e-07,0.000199999
0.639272,-0.330818,1.73215,0.640043,-0.335914,1.69709,-0.0250284,0.00538245,0.0701488,13.3005,0.000200001,3.17368e-10,7.92611e-08,3.17368e-10,0.0002,1.04375e-07,7.92611e-08,1.04375e-07,0.000199999
0.639503,-0.331842,1.72559,0.640017,-0.335994,1.6968,-0.024897,0.00435801,0.0635874,13.3109,0.0002,2.02196e-10,4.85315e-08,2.02196e-10,0.0002,8.02356e-08,4.85315e-08,8.02356e-08,0.0002
0.639755,-0.332645,1.72019,0.64024,-0.335929,1.69669,-0.0248454,0.00345496,0.0571893,13.3167,0.0002,1.29662e-10,2.84286e-08,1.29662e-10,0.0002,6.8163e-08,2.84286e-08,6.8163e-08,0.0002
0.640646,-0.333535,1.70905,0.643749,-0.337202,1.66163,-0.0240543,0.00256493,0.0450483,13.5857,0.0002,8.22435e-11,1.42214e-08,8.22435e-11,0.0002,5.85129e-08,1.42214e-08,5.85129e-08,0.0002
0.641287,-0.334269,1.69996,0.643444,-0.337354,1.66108,-0.0235134,0.00183139,0.0359624,13.636,0.0002,5.12467e-11,3.84642e-09,5.12467e-11,0.0002,5.04595e-08,3.84642e-09,5.04595e-08,0.0002
0.64178,-0.334911,1.69253,0.643271,-0.33748,1.66056,-0.0231203,0.0011889,0.0275254,13.613,0.0002,3.28554e-11,2.16795e-09,3.28554e-11,0.0002,4.77008e-08,2.16795e-09,4.77008e-08,0.0002
0.642124,-0.335422,1.68656,0.642984,-0.337629,1.66014,-0.0228762,0.000677699,0.0205552,13.6114,0.0002,1.94419e-11,-4.06753e-09,1.94419e-11,0.0002,4.70028e-08,-4.06753e-09,4.70028e-08,0.0002
0.642377,-0.335869,1.68173,0.642968,-0.337697,1.65988,-0.0227227,0.000231373,0.0157271,13.6151,0.0002,1.18573e-11,-4.18418e-09,1.18573e-11,0.0002,4.36033e-08,-4.18418e-09,4.36033e-08,0.0002
0.642893,-0.336216,1.67149,0.644335,-0.33778,1.66295,-0.0224067,-0.000216223,0.0134943,14.2324,0.0002,5.60926e-12,-8.15951e-09,5.60926e-12,0.0002,4.78692e-08,-8.15951e-09,4.78692e-08,0.0002
0.643219,-0.336641,1.65909,0.643475,-0.338556,1.66092,-0.0222808,-0.000641414,0.0140928,14.231,0.0002,-4.96674e-14,-1.15981e-08,-4.96674e-14,0.0002,6.42404e-08,-1.15981e-08,6.42404e-08,0.0002
0.643283,-0.3374,1.64641,0.642275,-0.340656,1.65599,-0.0226174,-0.00149959,0.0164071,14.2389,0.0002,-5.03958e-12,-1.38046e-08,-5.03958e-12,0.0002,8.15962e-08,-1.38046e-08,8.15962e-08,0.0002
0.64319,-0.338368,1.6364,0.641351,-0.342577,1.65223,-0.0230103,-0.00246825,0.0203963,14.2588,0.0002,-1.17254e-11,-1.8564e-08,-1.17254e-11,0.0002,9.93592e-08,-1.8564e-08,9.93592e-08,0.0002
0.643145,-0.339137,1.6356,0.641595,-0.342419,1.65272,-0.0234551,-0.00333676,0.0245967,14.2377,0.0002,-1.42735e-11,-1.79541e-08,-1.42735e-11,0.0002,1.07547e-07,-1.79541e-08,1.07547e-07,0.0002
0.643127,-0.339728,1.63938,0.642164,-0.342317,1.65227,-0.0236732,-0.00392773,0.0273762,14.2841,0.0002,-1.47602e-11,-1.84742e-08,-1.47602e-11,0.0002,9.73638e-08,-1.84742e-08,9.73638e-08,0.0002
0.64332,-0.339435,1.64086,0.643462,-0.338414,1.64364,-0.0236805,-0.00373471,0.0278644,13.7612,0.0002,-1.26908e-11,-1.66342e-08,-1.26908e-11,0.0002,8.24481e-08,-1.66342e-08,8.24481e-08,0.0002
0.643431,-0.339219,1.64193,0.643347,-0.338396,1.64366,-0.0236689,-0.00351944,0.0289313,13.7719,0.0002,-9.15601e-12,-1.1848e-08,-9.15601e-12,0.0002,6.97413e-08,-1.1848e-08,6.97413e-08,0.0002
0.643564,-0.339033,1.64292,0.643623,-0.338375,1.64463,-0.0236357,-0.00333306,0.028915,13.7396,0.0002,-7.28727e-12,-1.03771e-08,-7.28727e-12,0.0002,5.97884e-08,-1.03771e-08,5.97884e-08,0.0002
0.643715,-0.338886,1.64384,0.643893,-0.338327,1.64498,-0.0235852,-0.00318568,0.0298355,13.7328,0.0002,-5.27462e-12,-7.63089e-09,-5.27462e-12,0.0002,5.18421e-08,-7.63089e-09,5.18421e-08,0.0002
0.643863,-0.338742,1.6445,0.64398,-0.338258,1.64493,-0.0235375,-0.00304249,0.0294989,13.7526,0.0002,-4.55409e-12,-7.70696e-09,-4.55409e-12,0.0002,4.83277e-08,-7.70696e-09,4.83277e-08,0.0002
0.643891,-0.338619,1.64518,0.643639,-0.338208,1.64569,-0.0236087,-0.00291949,0.0301816,13.7496,0.0002,-3.82723e-12,-7.5132e-09,-3.82723e-12,0.0002,4.26825e-08,-7.5132e-09,4.26825e-08,0.0002
0.644735,-0.338122,1.64,0.647634,-0.336217,1.61706,-0.0228652,-0.00242242,0.0240011,13.9551,0.0002,-3.55552e-12,-7.65204e-09,-3.55552e-12,0.0002,4.24617e-08,-7.65204e-09,4.24617e-08,0.0002
0.645345,-0.337744,1.63577,0.647415,-0.336303,1.61663,-0.0223555,-0.00204364,0.0197709,13.9298,0.0002,-3.13323e-12,-7.42516e-09,-3.13323e-12,0.0002,3.89397e-08,-7.42516e-09,3.89397e-08,0.0002
0.645846,-0.33744,1.6324,0.647481,-0.336301,1.61668,-0.0219544,-0.00184029,0.0153975,13.9377,0.0002,-2.82121e-12,-7.23018e-09,-2.82121e-12,0.0002,3.66963e-08,-7.23018e-09,3.66963e-08,0.0002
0.646202,-0.337227,1.62953,0.6472,-0.336397,1.61615,-0.0216984,-0.00162701,0.0115295,13.9238,0.0002,-2.28781e-12,-5.47187e-09,-2.28781e-12,0.0002,3.7073e-08,-5.47187e-09,3.7073e-08,0.0002
0.646477,-0.337068,1.62733,0.647154,-0.336456,1.616,-0.0215229,-0.00146838,0.00933254,13.9593,0.0002,-1.87045e-12,-4.30973e-09,-1.87045e-12,0.0002,3.73163e-08,-4.30973e-09,3.73163e-08,0.0002
0.646724,-0.336923,1.62555,0.647342,-0.336412,1.61618,-0.0213761,-0.00132275,0.00654645,13.9279,0.0002,-1.88517e-12,-5.13685e-09,-1.88517e-12,0.0002,3.56778e-08,-5.13685e-09,3.56778e-08,0.0002
0.647272,-0.336738,1.62528,0.649046,-0.336128,1.62229,-0.0210278,-0.00113807,0.00627675,13.9291,0.0002,-2.38874e-12,-7.43723e-09,-2.38874e-12,0.0002,3.62387e-08,-7.43723e-09,3.62387e-08,0.0002
0.64775,-0.336616,1.62513,0.649181,-0.336102,1.62234,-0.0205499,-0.00101633,0.00513442,13.9509,0.0002,-1.65452e-12,-3.90318e-09,-1.65452e-12,0.0002,3.85785e-08,-3.90318e-09,3.85785e-08,0.0002
0.648081,-0.336513,1.62504,0.649086,-0.336117,1.62277,-0.0203191,-0.000913144,0.00504232,13.9394,0.0002,-1.27698e-12,-3.05742e-09,-1.27698e-12,0.0002,3.48851e-08,-3.05742e-09,3.48851e-08,0.0002
0.648296,-0.336403,1.62483,0.648737,-0.336092,1.62207,-0.0202041,-0.000803282,0.0038283,13.9395,0.0002,-1.90633e-12,-6.09964e-09,-1.90633e-12,0.0002,3.57335e-08,-6.09964e-09,3.57335e-08,0.0002
0.648627,-0.337114,1.62518,0.649158,-0.33611,1.62244,-0.0200733,-0.000813697,0.00317631,13.9691,0.0002,3.73043e-11,1.19102e-07,3.73043e-11,0.0002,4.83965e-08,1.19102e-07,4.83965e-08,0.0002
0.648821,-0.338298,1.62495,0.64827,-0.337088,1.61929,-0.0201795,-0.000298189,0.00195073,12.9594,0.0002,1.347e-10,2.66424e-07,1.347e-10,0.0002,7.39363e-08,2.66424e-07,7.39363e-08,0.0002
0.649032,-0.340152,1.6247,0.648214,-0.337166,1.61895,-0.0204679,0.000347515,0.000702939,12.934,0.000200002,3.58534e-10,5.03254e-07,3.58534e-10,0.0002,1.01544e-07,5.03254e-07,1.01544e-07,0.0002
0.649171,-0.341778,1.62451,0.647837,-0.337459,1.61834,-0.0207291,0.00152235,-0.00149054,12.9445,0.000200003,6.21531e-10,6.68045e-07,6.21531e-10,0.0002,1.26731e-07,6.68045e-07,1.26731e-07,0.000199999
0.649253,-0.343517,1.62414,0.647606,-0.337848,1.61728,-0.0212471,0.00288298,-0.0028585,12.9374,0.000200005,9.2317e-10,8.3129e-07,9.2317e-10,0.0002,1.45967e-07,8.3129e-07,1.45967e-07,0.000199999
0.649401,-0.344413,1.62353,0.648088,-0.338453,1.61566,-0.0215989,0.00458718,-0.0044748,12.9732,0.000200006,1.06021e-09,8.37053e-07,1.06021e-09,0.0002,1.56133e-07,8.37053e-07,1.56133e-07,0.000199998
0.649499,-0.344443,1.62332,0.648103,-0.338261,1.61616,-0.0219005,0.0059573,-0.00667771,12.9441,0.000200005,1.02737e-09,7.37024e-07,1.02737e-09,0.0002,1.58587e-07,7.37024e-07,1.58587e-07,0.000199998
0.64951,-0.345191,1.62393,0.648032,-0.345388,1.62128,-0.0222895,0.00590872,-0.0070722,13.2122,0.000200004,8.38065e-10,5.61072e-07,8.38065e-10,0.0002,1.50616e-07,5.61072e-07,1.50616e-07,0.000199998
0.649478,-0.345429,1.62383,0.648187,-0.345428,1.62122,-0.0226218,0.005971,-0.00816904,13.2236,0.000200002,6.07939e-10,3.89453e-07,6.07939e-10,0.0002,1.33813e-07,3.89453e-07,1.33813e-07,0.000199999
0.649368,-0.345569,1.62367,0.648042,-0.345428,1.6211,-0.022932,0.00583118,-0.0083344,13.2202,0.000200001,4.25677e-10,2.71583e-07,4.25677e-10,0.0002,1.14102e-07,2.71583e-07,1.14102e-07,0.000199999
0.649254,-0.345488,1.62382,0.648067,-0.345416,1.62127,-0.0232462,0.00601182,-0.00917783,13.2159,0.000200001,2.78175e-10,1.65738e-07,2.78175e-10,0.0002,9.64498e-08,1.65738e-07,9.64498e-08,0.000199999
0.649137,-0.345504,1.62365,0.648241,-0.345481,1.62104,-0.0234629,0.0058963,-0.0103533,13.2092,0.000200001,1.8076e-10,1.08743e-07,1.8076e-10,0.0002,7.55039e-08,1.08743e-07,7.55039e-08,0.0002
0.64899,-0.345458,1.62364,0.647982,-0.345404,1.6211,-0.0237103,0.00594186,-0.0103552,13.2192,0.0002,1.15936e-10,6.54692e-08,1.15936e-10,0.0002,6.17346e-08,6.54692e-08,6.17346e-08,0.0002
0.649357,-0.347755,1.62392,0.652793,-0.35689,1.62216,-0.0229433,0.00364541,-0.01108,13.762,0.0002,5.45595e-11,4.35719e-08,5.45595e-11,0.0002,-2.34533e-08,4.35719e-08,-2.34533e-08,0.0002
0.648741,-0.349328,1.62529,0.652124,-0.355417,1.62568,-0.0220592,0.00217193,-0.0107113,13.7247,0.0002,-7.78762e-12,3.46644e-08,-7.78762e-12,0.0002,-2.02105e-07,3.46644e-08,-2.02105e-07,0.0002
0.647778,-0.350496,1.62646,0.652272,-0.354873,1.6264,-0.020922,0.00110391,-0.0105352,13.7181,0.0002,-6.56938e-11,3.19569e-08,-6.56938e-11,0.000200001,-3.96383e-07,3.19569e-08,-3.96383e-07,0.0002
0.646673,-0.351377,1.62769,0.652408,-0.354602,1.62716,-0.0195271,0.000323179,-0.0113133,13.7205,0.0002,-1.17256e-10,3.04798e-08,-1.17256e-10,0.000200002,-5.78663e-07,3.04798e-08,-5.78663e-07,0.000199999
0.645673,-0.352128,1.62867,0.652622,-0.354731,1.62688,-0.0177272,-0.000328099,-0.0113301,13.7319,0.0002,-1.75359e-10,3.31438e-08,-1.75359e-10,0.000200004,-7.20691e-07,3.31438e-08,-7.20691e-07,0.000199999
0.644594,-0.352501,1.63085,0.651921,-0.353569,1.63415,-0.0159058,-0.000501285,-0.0101534,13.4174,0.0002,-2.26072e-10,3.47759e-08,-2.26072e-10,0.000200005,-8.33757e-07,3.47759e-08,-8.33757e-07,0.000199998
0.643645,-0.352833,1.63245,0.651751,-0.353648,1.63375,-0.0139549,-0.000732572,-0.0105549,13.4139,0.0002,-2.84883e-10,3.88216e-08,-2.84883e-10,0.000200007,-9.14475e-07,3.88216e-08,-9.14475e-07,0.000199998
0.64286,-0.353119,1.63379,0.651782,-0.353785,1.63377,-0.0116404,-0.000818633,-0.01021,13.4379,0.0002,-3.27981e-10,4.06728e-08,-3.27981e-10,0.000200008,-9.71307e-07,4.06728e-08,-9.71307e-07,0.000199998
0.64216,-0.35334,1.63482,0.65169,-0.353669,1.63386,-0.00933968,-0.000940416,-0.0101793,13.4275,0.0002,-3.80812e-10,4.45906e-08,-3.80812e-10,0.000200009,-1.01604e-06,4.45906e-08,-1.01604e-06,0.000199997
0.641582,-0.353566,1.63557,0.651593,-0.353903,1.63349,-0.00681831,-0.000965711,-0.0114282,13.4168,0.0002,-4.24412e-10,4.75045e-08,-4.24412e-10,0.000200009,-1.04465e-06,4.75045e-08,-1.04465e-06,0.000199997
0.641116,-0.353721,1.63618,0.651579,-0.353773,1.63355,-0.00418402,-0.000920907,-0.0118162,13.4294,0.0002,-4.59271e-10,4.96655e-08,-4.59271e-10,0.00020001,-1.06294e-06,4.96655e-08,-1.06294e-06,0.000199997
0.638081,-0.354016,1.63796,0.63838,-0.354689,1.63998,-0.00411876,-0.00101612,-0.0110407,13.2423,0.0002,-4.6551e-10,4.81207e-08,-4.6551e-10,0.00020001,-1.07825e-06,4.81207e-08,-1.07825e-06,0.000199996
0.635749,-0.354336,1.63922,0.638697,-0.355061,1.63887,-0.00335055,-0.00123639,-0.0107774,13.2819,0.0002,-4.81641e-10,4.92185e-08,-4.81641e-10,0.000200011,-1.08282e-06,4.92185e-08,-1.08282e-06,0.000199996
0.633752,-0.354638,1.64021,0.63824,-0.355159,1.63874,-0.00224834,-0.00133791,-0.0117927,13.2566,0.0002,-5.2684e-10,5.42867e-08,-5.2684e-10,0.000200011,-1.09226e-06,5.42867e-08,-1.09226e-06,0.000199996
0.632162,-0.354852,1.64097,0.638127,-0.355079,1.63895,-0.000737875,-0.00135216,-0.0120281,13.2374,0.0002,-5.48041e-10,5.58338e-08,-5.48041e-10,0.000200011,-1.09332e-06,5.58338e-08,-1.09332e-06,0.000199996
0.630919,-0.355173,1.64117,0.638386,-0.355933,1.63685,0.00111947,-0.00147331,-0.0128343,13.2651,0.0002,-5.44188e-10,5.39737e-08,-5.44188e-10,0.000200011,-1.09761e-06,5.39737e-08,-1.09761e-06,0.000199996
0.629885,-0.355412,1.64141,0.638071,-0.355738,1.63733,0.00308515,-0.00151179,-0.0145852,13.2341,0.0002,-5.61838e-10,5.60114e-08,-5.61838e-10,0.000200011,-1.09672e-06,5.60114e-08,-1.09672e-06,0.000199996
0.625615,-0.355482,1.64405,0.620962,-0.355063,1.64887,0.00201541,-0.00138178,-0.0129526,13.714,0.0002,-5.7951e-10,5.77212e-08,-5.7951e-10,0.000200011,-1.09954e-06,5.77212e-08,-1.09954e-06,0.000199996
0.622147,-0.355546,1.64585,0.620545,-0.355153,1.6483,0.00154731,-0.00114606,-0.0121497,13.7321,0.0002,-5.82863e-10,5.7691e-08,-5.82863e-10,0.000200011,-1.09632e-06,5.7691e-08,-1.09632e-06,0.000199996
0.619329,-0.355658,1.64735,0.620423,-0.355331,1.64797,0.0018289,-0.00105786,-0.0116466,13.7198,0.0002,-6.17816e-10,6.20949e-08,-6.17816e-10,0.000200011,-1.09735e-06,6.20949e-08,-1.09735e-06,0.000199996
0.617068,-0.355736,1.64839,0.620401,-0.355371,1.64776,0.00266844,-0.000936125,-0.0126137,13.7022,0.0002,-6.24586e-10,6.20524e-08,-6.24586e-10,0.000200011,-1.09824e-06,6.20524e-08,-1.09824e-06,0.000199996
0.615221,-0.355875,1.64907,0.620198,-0.355641,1.64704,0.00392114,-0.000874652,-0.0129306,13.7149,0.0002,-6.56217e-10,6.58269e-08,-6.56217e-10,0.000200011,-1.09852e-06,6.58269e-08,-1.09852e-06,0.000199996
0.613699,-0.355993,1.6494,0.619938,-0.35584,1.64629,0.00549944,-0.000792679,-0.0135976,13.7147,0.0002,-6.44145e-10,6.32575e-08,-6.44145e-10,0.000200011,-1.09739e-06,6.32575e-08,-1.09739e-06,0.000199996
0.610381,-0.35638,1.65118,0.609478,-0.357211,1.65287,0.00528059,-0.00088033,-0.0128245,14.6077,0.0002,-6.48999e-10,6.36705e-08,-6.48999e-10,0.000200011,-1.09822e-06,6.36705e-08,-1.09822e-06,0.000199996
0.607541,-0.356753,1.65233,0.608497,-0.35747,1.65185,0.00544096,-0.00105332,-0.0136727,14.6325,0.0002,-6.67863e-10,6.61625e-08,-6.67863e-10,0.000200011,-1.09687e-06,6.61625e-08,-1.09687e-06,0.000199996
0.604844,-0.356958,1.65341,0.606369,-0.356985,1.65331,0.00584391,-0.00105812,-0.0135864,14.5599,0.0002,-6.85364e-10,6.81487e-08,-6.85364e-10,0.000200011,-1.09599e-06,6.81487e-08,-1.09599e-06,0.000199996
0.602695,-0.35721,1.65415,0.606414,-0.357424,1.652,0.0067951,-0.00100965,-0.0138535,14.579,0.0002,-7.02181e-10,6.99103e-08,-7.02181e-10,0.000200011,-1.09539e-06,6.99103e-08,-1.09539e-06,0.000199996
0.600868,-0.357414,1.65478,0.605872,-0.357435,1.65224,0.00806777,-0.00101425,-0.0142184,14.5858,0.0002,-7.16892e-10,7.13265e-08,-7.16892e-10,0.000200011,-1.09498e-06,7.13265e-08,-1.09498e-06,0.000199996
0.598342,-0.358276,1.65525,0.600497,-0.360873,1.65236,0.00854247,-0.00157632,-0.0147455,15.1637,0.0002,-7.39638e-10,7.40025e-08,-7.39638e-10,0.000200011,-1.09287e-06,7.40025e-08,-1.09287e-06,0.000199996
0.595867,-0.359317,1.64633,0.598274,-0.362641,1.64746,0.00916659,-0.00241668,-0.014666,15.206,0.0002,-7.18769e-10,7.02535e-08,-7.18769e-10,0.000200011,-1.09361e-06,7.02535e-08,-1.09361e-06,0.000199996
0.59333,-0.360621,1.6329,0.59549,-0.364961,1.64074,0.00972989,-0.00342136,-0.0130966,15.5203,0.0002,-6.82997e-10,6.52924e-08,-6.82997e-10,0.000200011,-1.09417e-06,6.52924e-08,-1.09417e-06,0.000199996
0.590715,-0.362154,1.61922,0.592556,-0.367304,1.63494,0.010215,-0.00475385,-0.00977852,15.5153,0.0002,-6.59178e-10,6.27433e-08,-6.59178e-10,0.000200011,-1.0945e-06,6.27433e-08,-1.0945e-06,0.000199996
0.588347,-0.363537,1.61413,0.59103,-0.368305,1.63214,0.0108471,-0.00593723,-0.00487123,15.4949,0.0002,-6.0963e-10,5.69796e-08,-6.0963e-10,0.000200011,-1.08979e-06,5.69796e-08,-1.08979e-06,0.000199996
0.586435,-0.364616,1.61736,0.591105,-0.368188,1.63214,0.0120354,-0.00691568,-0.00164485,15.5482,0.0002,-5.98265e-10,5.67803e-08,-5.98265e-10,0.000200011,-1.09173e-06,5.67803e-08,-1.09173e-06,0.000199996
0.581133,-0.364591,1.62127,0.572197,-0.363998,1.63344,0.0097328,-0.00669111,0.00226888,16.0563,0.0002,-5.41826e-10,4.98773e-08,-5.41826e-10,0.000200011,-1.09158e-06,4.98773e-08,-1.09158e-06,0.000199996
0.576898,-0.364634,1.62469,0.572178,-0.364236,1.63329,0.00859813,-0.00663404,0.00368872,16.0689,0.0002,-5.21249e-10,4.87642e-08,-5.21249e-10,0.000200011,-1.08963e-06,4.87642e-08,-1.08963e-06,0.000199996
0.573446,-0.364739,1.62719,0.571797,-0.364522,1.63245,0.00814555,-0.00663929,0.00519387,16.072,0.0002,-5.26961e-10,5.09633e-08,-5.26961e-10,0.000200011,-1.08654e-06,5.09633e-08,-1.08654e-06,0.000199996
0.570579,-0.364813,1.62901,0.571337,-0.364613,1.63184,0.00837924,-0.0066133,0.00601181,16.0622,0.0002,-5.04566e-10,4.83161e-08,-5.04566e-10,0.000200011,-1.0865e-06,4.83161e-08,-1.0865e-06,0.000199996
0.568248,-0.364973,1.63045,0.571139,-0.365004,1.6311,0.0090479,-0.00667347,0.00644507,16.059,0.0002,-5.17013e-10,5.07923e-08,-5.17013e-10,0.000200011,-1.08624e-06,5.07923e-08,-1.08624e-06,0.000199996
0.566334,-0.365125,1.63144,0.570905,-0.365328,1.63036,0.0102336,-0.00672502,0.00644364,16.059,0.0002,-4.83337e-10,4.61432e-08,-4.83337e-10,0.000200011,-1.08646e-06,4.61432e-08,-1.08646e-06,0.000199996
0.5637,-0.364796,1.62702,0.565338,-0.363052,1.60456,0.0106001,-0.00619569,1.7765e-05,17.0821,0.0002,-4.94241e-10,4.85176e-08,-4.94241e-10,0.000200011,-1.08457e-06,4.85176e-08,-1.08457e-06,0.000199996
0.561488,-0.364562,1.62334,0.564867,-0.363285,1.60357,0.0114877,-0.00586163,-0.00465654,17.0603,0.0002,-4.80839e-10,4.6744e-08,-4.80839e-10,0.000200011,-1.08524e-06,4.6744e-08,-1.08524e-06,0.000199996
0.559643,-0.364479,1.62008,0.564388,-0.363848,1.60195,0.012643,-0.00567934,-0.00892068,17.0783,0.0002,-4.57851e-10,4.39887e-08,-4.57851e-10,0.000200011,-1.08233e-06,4.39887e-08,-1.08233e-06,0.000199996
0.558078,-0.364494,1.61722,0.564101,-0.364215,1.60101,0.0141782,-0.00559366,-0.013783,17.1093,0.0002,-4.46183e-10,4.28857e-08,-4.46183e-10,0.000200011,-1.08552e-06,4.28857e-08,-1.08552e-06,0.000199996
0.556763,-0.364531,1.61468,0.563578,-0.364486,1.59976,0.0158634,-0.0054308,-0.017322,17.2085,0.0002,-4.01417e-10,3.7332e-08,-4.01417e-10,0.000200011,-1.08096e-06,3.7332e-08,-1.08096e-06,0.000199996
0.551508,-0.364923,1.61223,0.54261,-0.366271,1.59736,0.0137076,-0.00572261,-0.0207673,19.2376,0.0002,-3.72964e-10,3.46043e-08,-3.72964e-10,0.000200011,-1.0797e-06,3.46043e-08,-1.0797e-06,0.000199996
0.54703,-0.365428,1.60943,0.541296,-0.367206,1.5941,0.0122299,-0.00612767,-0.0245662,19.1901,0.0002,-3.5733e-10,3.359e-08,-3.5733e-10,0.000200011,-1.08054e-06,3.359e-08,-1.08054e-06,0.000199996
0.54314,-0.365985,1.60671,0.539707,-0.368067,1.5907,0.0113399,-0.0064852,-0.0282945,19.1542,0.0002,-3.26312e-10,3.01752e-08,-3.26312e-10,0.000200011,-1.07948e-06,3.01752e-08,-1.07948e-06,0.000199996
0.539543,-0.366758,1.59747,0.537283,-0.369711,1.58466,0.0107432,-0.00715759,-0.0315253,20.0417,0.0002,-2.75223e-10,2.40982e-08,-2.75223e-10,0.000200011,-1.07886e-06,2.40982e-08,-1.07886e-06,0.000199996
0.53599,-0.367843,1.58035,0.533898,-0.371992,1.5766,0.0102896,-0.00804294,-0.0326469,21.513,0.0002,-2.06809e-10,1.60881e-08,-2.06809e-10,0.000200011,-1.07845e-06,1.60881e-08,-1.07845e-06,0.000199996
0.532589,-0.369067,1.56496,0.531111,-0.373811,1.57004,0.00988901,-0.00916668,-0.0320372,22.9706,0.0002,-1.30167e-10,7.53732e-09,-1.30167e-10,0.000200011,-1.07817e-06,7.53732e-09,-1.07817e-06,0.000199996
0.525991,-0.370317,1.55149,0.511777,-0.375112,1.56898,0.006291,-0.0104171,-0.0275149,23.8744,0.0002,-6.2233e-11,6.9599e-10,-6.2233e-11,0.000200011,-1.07971e-06,6.9599e-10,-1.07971e-06,0.000199996
0.520294,-0.37154,1.54042,0.509576,-0.376455,1.56377,0.0035937,-0.0115401,-0.0215762,24.9391,0.0002,4.62731e-11,-1.18408e-08,4.62731e-11,0.000200011,-1.07709e-06,-1.18408e-08,-1.07709e-06,0.000199996
0.515284,-0.372783,1.52981,0.507426,-0.377774,1.5581,0.00168404,-0.0127832,-0.0141933,26.2015,0.0002,1.38926e-10,-2.12044e-08,1.38926e-10,0.000200011,-1.0788e-06,-2.12044e-08,-1.0788e-06,0.000199996
0.511033,-0.373892,1.52722,0.506046,-0.378529,1.55496,0.000432954,-0.0139924,-0.0077757,26.7281,0.0002,2.244e-10,-2.95898e-08,2.244e-10,0.000200011,-1.07468e-06,-2.95898e-08,-1.07468e-06,0.000199996
0.507649,-0.374726,1.53261,0.506286,-0.378383,1.55569,4.87935e-05,-0.0149262,-0.00139432,26.7076,0.0002,2.84787e-10,-3.43655e-08,2.84787e-10,0.000200011,-1.07716e-06,-3.43655e-08,-1.07716e-06,0.000199996
0.505005,-0.375358,1.53795,0.506547,-0.378331,1.55611,0.000405142,-0.0156579,0.00294587,26.7684,0.0002,3.45809e-10,-3.99004e-08,3.45809e-10,0.000200011,-1.07695e-06,-3.99004e-08,-1.07695e-06,0.000199996
0.500406,-0.37361,1.53422,0.494066,-0.367202,1.51397,-0.00109423,-0.0141095,-0.00277753,20.053,0.0002,3.61861e-10,-3.94029e-08,3.61861e-10,0.000200011,-1.07527e-06,-3.94029e-08,-1.07527e-06,0.000199996
0.496588,-0.372292,1.53062,0.493315,-0.367801,1.5118,-0.00201182,-0.012892,-0.00737966,20.0773,0.0002,4.17275e-10,-4.5655e-08,4.17275e-10,0.000200011,-1.07225e-06,-4.5655e-08,-1.07225e-06,0.000199996
0.493275,-0.371369,1.52737,0.492017,-0.368498,1.50868,-0.00222487,-0.0120691,-0.0116279,20.0497,0.0002,4.68034e-10,-5.09178e-08,4.68034e-10,0.000200011,-1.07026e-06,-5.09178e-08,-1.07026e-06,0.000199996
0.490531,-0.370719,1.52439,0.491494,-0.368915,1.50707,-0.00196938,-0.0116195,-0.0166109,20.0466,0.0002,5.01921e-10,-5.3792e-08,5.01921e-10,0.000200011,-1.06727e-06,-5.3792e-08,-1.06727e-06,0.000199996
0.488197,-0.370259,1.52159,0.490902,-0.36935,1.50562,-0.0013032,-0.0112591,-0.0204127,20.0695,0.0002,5.60968e-10,-6.03862e-08,5.60968e-10,0.000200011,-1.06854e-06,-6.03862e-08,-1.06854e-06,0.000199996
0.486298,-0.369971,1.51912,0.490641,-0.369666,1.50448,-0.000201807,-0.0111715,-0.0238816,20.0758,0.0002,5.87157e-10,-6.21236e-08,5.87157e-10,0.000200011,-1.06604e-06,-6.21236e-08,-1.06604e-06,0.000199996
0.483555,-0.369644,1.51408,0.484564,-0.369335,1.48885,5.51549e-05,-0.0109439,-0.0299199,22.9502,0.0002,6.25113e-10,-6.5934e-08,6.25113e-10,0.000200011,-1.066e-06,-6.5934e-08,-1.066e-06,0.000199996
0.481193,-0.369477,1.50967,0.483667,-0.369905,1.48661,0.000693446,-0.0108767,-0.0363339,23.2896,0.0002,6.77091e-10,-7.18801e-08,6.77091e-10,0.000200011,-1.06405e-06,-7.18801e-08,-1.06405e-06,0.000199996
0.479084,-0.369464,1.50545,0.482675,-0.370456,1.4838,0.00158388,-0.0110644,-0.0415527,23.7637,0.0002,7.08063e-10,-7.42379e-08,7.08063e-10,0.000200011,-1.06626e-06,-7.42379e-08,-1.06626e-06,0.000199996
0.477289,-0.369486,1.50196,0.48213,-0.370756,1.48261,0.00278937,-0.0111861,-0.0460398,24.0438,0.0002,7.65173e-10,-8.07071e-08,7.65173e-10,0.000200011,-1.06734e-06,-8.07071e-08,-1.06734e-06,0.000199996
0.47571,-0.369601,1.49873,0.481299,-0.371269,1.48042,0.0042096,-0.0114007,-0.0502672,24.4359,0.0002,8.14572e-10,-8.596e-08,8.14572e-10,0.000200011,-1.06451e-06,-8.596e-08,-1.06451e-06,0.000199996
0.470993,-0.369415,1.49684,0.464091,-0.369829,1.48482,0.00239287,-0.0113148,-0.0541585,26.055,0.0002,8.50662e-10,-8.90667e-08,8.50662e-10,0.000200011,-1.0644e-06,-8.90667e-08,-1.0644e-06,0.000199996
0.467118,-0.36934,1.4951,0.463534,-0.370168,1.48274,0.00161841,-0.0113404,-0.0568975,26.3443,0.0002,8.67799e-10,-8.98677e-08,8.67799e-10,0.000200011,-1.0627e-06,-8.98677e-08,-1.0627e-06,0.000199996
0.463875,-0.369374,1.49312,0.462811,-0.370659,1.48041,0.00127453,-0.0114745,-0.0598812,26.7832,0.0002,8.84464e-10,-9.11042e-08,8.84464e-10,0.000200011,-1.06155e-06,-9.11042e-08,-1.06155e-06,0.000199996
0.461155,-0.369423,1.49129,0.462176,-0.37089,1.47919,0.00165455,-0.0116229,-0.0627123,26.8706,0.0002,9.25013e-10,-9.60456e-08,9.25013e-10,0.000200011,-1.06049e-06,-9.60456e-08,-1.06049e-06,0.000199996
0.458721,-0.369631,1.4833,0.460839,-0.371673,1.47548,0.00212086,-0.0119309,-0.0646968,27.5376,0.0002,9.65993e-10,-1.00816e-07,9.65993e-10,0.00020001,-1.0579e-06,-1.00816e-07,-1.0579e-06,0.000199996
0.456372,-0.37003,1.46782,0.458893,-0.372707,1.4703,0.00277211,-0.0124298,-0.0641847,28.5348,0.0002,1.0114e-09,-1.05811e-07,1.0114e-09,0.00020001,-1.05769e-06,-1.05811e-07,-1.05769e-06,0.000199996
0.450899,-0.370109,1.4554,0.440876,-0.371434,1.4724,0.000198688,-0.0127093,-0.0605984,30.4229,0.0002,1.05018e-09,-1.09837e-07,1.05018e-09,0.00020001,-1.05576e-06,-1.09837e-07,-1.05576e-06,0.000199996
0.446187,-0.370289,1.44372,0.439295,-0.372232,1.46744,-0.00141326,-0.0129885,-0.0542838,31.1511,0.0002,1.14233e-09,-1.21298e-07,1.14233e-09,0.00020001,-1.05686e-06,-1.21298e-07,-1.05686e-06,0.000199996
0.442248,-0.370533,1.44037,0.438353,-0.372646,1.46505,-0.0024524,-0.0134329,-0.0486333,31.3989,0.0002,1.17098e-09,-1.22794e-07,1.17098e-09,0.00020001,-1.05493e-06,-1.22794e-07,-1.05493e-06,0.000199996
0.439119,-0.370633,1.44513,0.438476,-0.372505,1.46578,-0.00258138,-0.0138328,-0.0428664,31.3972,0.0002,1.23609e-09,-1.30222e-07,1.23609e-09,0.00020001,-1.05452e-06,-1.30222e-07,-1.05452e-06,0.000199996
0.436697,-0.370725,1.45012,0.438842,-0.37248,1.46626,-0.00200286,-0.0141248,-0.0388777,31.1497,0.0002,1.25531e-09,-1.30754e-07,1.25531e-09,0.00020001,-1.0531e-06,-1.30754e-07,-1.0531e-06,0.000199996
0.434809,-0.370741,1.45458,0.439125,-0.372323,1.467,-0.000891076,-0.0144411,-0.0364205,31.2731,0.0002,1.29149e-09,-1.34328e-07,1.29149e-09,0.00020001,-1.05351e-06,-1.34328e-07,-1.05351e-06,0.000199996
0.429811,-0.369417,1.44996,0.421514,-0.365751,1.42642,-0.00298895,-0.0134173,-0.0420403,27.2616,0.0002,1.28718e-09,-1.32677e-07,1.28718e-09,0.00020001,-1.04912e-06,-1.32677e-07,-1.04912e-06,0.000199996
0.425677,-0.368393,1.44587,0.420924,-0.366084,1.42442,-0.0041226,-0.0125932,-0.0471342,27.4708,0.0002,1.32251e-09,-1.37137e-07,1.32251e-09,0.00020001,-1.04907e-06,-1.37137e-07,-1.04907e-06,0.000199996
0.422247,-0.367639,1.44225,0.420195,-0.366434,1.42209,-0.00465289,-0.0121385,-0.0517467,27.8519,0.0002,1.35381e-09,-1.41058e-07,1.35381e-09,0.00020001,-1.04545e-06,-1.41058e-07,-1.04545e-06,0.000199996
0.419363,-0.367083,1.43883,0.419593,-0.366721,1.42004,-0.00453747,-0.0118829,-0.0571737,28.1317,0.0002,1.39298e-09,-1.45409e-07,1.39298e-09,0.00020001,-1.0463e-06,-1.45409e-07,-1.0463e-06,0.000199996
0.416961,-0.366684,1.43576,0.419072,-0.366917,1.41871,-0.0040394,-0.0117837,-0.0612437,28.3085,0.0002,1.41712e-09,-1.47608e-07,1.41712e-09,0.00020001,-1.04519e-06,-1.47608e-07,-1.04519e-06,0.000199996
0.413204,-0.36626,1.43146,0.409824,-0.366513,1.40855,-0.0047962,-0.0115597,-0.0665404,31.6185,0.0002,1.44992e-09,-1.51538e-07,1.44992e-09,0.00020001,-1.0424e-06,-1.51538e-07,-1.0424e-06,0.000199996
0.410071,-0.365998,1.42731,0.40924,-0.366897,1.40592,-0.0050291,-0.0115983,-0.0716947,32.0872,0.0002,1.47785e-09,-1.54295e-07,1.47785e-09,0.00020001,-1.04228e-06,-1.54295e-07,-1.04228e-06,0.000199996
0.407432,-0.365835,1.42353,0.408511,-0.367208,1.40396,-0.00466802,-0.0116351,-0.0774738,32.366,0.0002,1.51704e-09,-1.5909e-07,1.51704e-09,0.00020001,-1.04003e-06,-1.5909e-07,-1.04003e-06,0.000199996
0.405209,-0.365741,1.42032,0.408052,-0.367439,1.4024,-0.00399064,-0.0118409,-0.0816806,32.4596,0.0002,1.56265e-09,-1.64004e-07,1.56265e-09,0.00020001,-1.04174e-06,-1.64004e-07,-1.04174e-06,0.000199996
0.403537,-0.365588,1.42629,0.408466,-0.367103,1.4038,-0.00266279,-0.0118881,-0.0867123,32.2289,0.0002,1.57259e-09,-1.64002e-07,1.57259e-09,0.00020001,-1.03989e-06,-1.64002e-07,-1.03989e-06,0.000199996
0.402366,-0.365388,1.43642,0.409407,-0.366704,1.40708,-0.00093439,-0.0118878,-0.0945849,31.8908,0.0002,1.55568e-09,-1.60008e-07,1.55568e-09,0.00020001,-1.04276e-06,-1.60008e-07,-1.04276e-06,0.000199996
0.3987,-0.364719,1.43992,0.395896,-0.36402,1.41646,-0.00160004,-0.0114194,-0.100084,32.8812,0.0002,1.54234e-09,-1.5711e-07,1.54234e-09,0.00020001,-1.04808e-06,-1.5711e-07,-1.04808e-06,0.000199996
0.395702,-0.364212,1.43711,0.395454,-0.364198,1.41508,-0.00159846,-0.0111121,-0.105893,33.1185,0.0002,1.55595e-09,-1.59401e-07,1.55595e-09,0.00020001,-1.0475e-06,-1.59401e-07,-1.0475e-06,0.000199996
0.393191,-0.363876,1.4333,0.394846,-0.364509,1.41269,-0.00110896,-0.0108757,-0.110696,33.3762,0.0002,1.56278e-09,-1.60521e-07,1.56278e-09,0.00020001,-1.04542e-06,-1.60521e-07,-1.04542e-06,0.000199996
0.391118,-0.363638,1.42981,0.394516,-0.3647,1.41109,-0.000282265,-0.0108384,-0.116186,33.6284,0.0002,1.5779e-09,-1.62724e-07,1.5779e-09,0.00020001,-1.04385e-06,-1.62724e-07,-1.04385e-06,0.000199996
0.389383,-0.363474,1.42682,0.394088,-0.364794,1.41037,0.000983349,-0.0107742,-0.120185,33.6365,0.0002,1.58381e-09,-1.63549e-07,1.58381e-09,0.00020001,-1.04119e-06,-1.63549e-07,-1.04119e-06,0.000199996
0.387927,-0.363369,1.42414,0.393741,-0.364951,1.40898,0.00242745,-0.0107691,-0.123862,33.8039,0.0002,1.59545e-09,-1.65195e-07,1.59545e-09,0.00020001,-1.0393e-06,-1.65195e-07,-1.0393e-06,0.000199996
0.383023,-0.363088,1.42792,0.375082,-0.363723,1.43862,0.000523455,-0.0105876,-0.121075,36.4568,0.0002,1.58849e-09,-1.6388e-07,1.58849e-09,0.00020001,-1.03842e-06,-1.6388e-07,-1.03842e-06,0.000199996
0.379106,-0.362828,1.43097,0.375097,-0.363629,1.43871,-0.000494414,-0.0104277,-0.119026,36.6086,0.0002,1.59556e-09,-1.64994e-07,1.59556e-09,0.00020001,-1.0376e-06,-1.64994e-07,-1.0376e-06,0.000199996
0.375933,-0.362642,1.43343,0.374865,-0.36366,1.43847,-0.000666559,-0.0103415,-0.117574,36.5919,0.0002,1.57874e-09,-1.62619e-07,1.57874e-09,0.00020001,-1.03581e-06,-1.62619e-07,-1.03581e-06,0.000199996
0.373413,-0.362496,1.43523,0.374954,-0.363661,1.4383,-0.000287074,-0.0102959,-0.116773,36.4442,0.0002,1.5596e-09,-1.60246e-07,1.5596e-09,0.00020001,-1.03479e-06,-1.60246e-07,-1.03479e-06,0.000199996
0.371417,-0.362373,1.43689,0.375058,-0.363614,1.43876,0.000616898,-0.0102727,-0.116112,36.49,0.0002,1.5399e-09,-1.57998e-07,1.5399e-09,0.00020001,-1.03425e-06,-1.57998e-07,-1.03425e-06,0.000199996
0.369824,-0.362275,1.43793,0.375062,-0.363715,1.43794,0.00192365,-0.0102748,-0.117074,36.6052,0.0002,1.54361e-09,-1.59374e-07,1.54361e-09,0.00020001,-1.03353e-06,-1.59374e-07,-1.03353e-06,0.000199996
0.365975,-0.361773,1.44147,0.362171,-0.361361,1.45059,0.00107494,-0.00987277,-0.114526,36.9892,0.0002,1.50729e-09,-1.54497e-07,1.50729e-09,0.00020001,-1.03213e-06,-1.54497e-07,-1.03213e-06,0.000199996
0.362889,-0.361339,1.44412,0.362174,-0.361341,1.45058,0.000889463,-0.00953887,-0.112879,37.1156,0.0002,1.5075e-09,-1.55428e-07,1.5075e-09,0.00020001,-1.03244e-06,-1.55428e-07,-1.03244e-06,0.000199996
0.360386,-0.361017,1.4463,0.362118,-0.36136,1.45027,0.00138576,-0.00931696,-0.111697,37.0927,0.0002,1.48552e-09,-1.52031e-07,1.48552e-09,0.00020001,-1.0366e-06,-1.52031e-07,-1.0366e-06,0.000199996
0.358428,-0.360749,1.44823,0.362079,-0.361305,1.45151,0.00232844,-0.00914865,-0.110766,36.9826,0.0002,1.45908e-09,-1.49707e-07,1.45908e-09,0.00020001,-1.03072e-06,-1.49707e-07,-1.03072e-06,0.000199996
0.35688,-0.360559,1.44975,0.362438,-0.361398,1.45103,0.00378004,-0.00905865,-0.110254,36.9868,0.0002,1.43798e-09,-1.46823e-07,1.43798e-09,0.00020001,-1.03571e-06,-1.46823e-07,-1.03571e-06,0.000199996
0.352479,-0.360017,1.45199,0.346422,-0.359384,1.45681,0.00227936,-0.00851692,-0.109015,37.8826,0.0002,1.4068e-09,-1.43653e-07,1.4068e-09,0.00020001,-1.03222e-06,-1.43653e-07,-1.03222e-06,0.000199996
0.348949,-0.359567,1.4538,0.34647,-0.359409,1.45631,0.00164937,-0.00816713,-0.108197,37.8632,0.0002,1.40564e-09,-1.44517e-07,1.40564e-09,0.00020001,-1.03308e-06,-1.44517e-07,-1.03308e-06,0.000199996
0.346138,-0.359249,1.45525,0.346502,-0.35944,1.45659,0.00173838,-0.00794928,-0.10775,38.0185,0.0002,1.36487e-09,-1.39155e-07,1.36487e-09,0.00020001,-1.03262e-06,-1.39155e-07,-1.03262e-06,0.000199996
0.343892,-0.358967,1.45634,0.346609,-0.359413,1.45626,0.00249209,-0.00766737,-0.108659,37.8744,0.0002,1.35788e-09,-1.38956e-07,1.35788e-09,0.00020001,-1.03539e-06,-1.38956e-07,-1.03539e-06,0.000199996
0.342138,-0.358753,1.45725,0.346613,-0.359434,1.45643,0.0036379,-0.00755262,-0.108751,38.0343,0.0002,1.33949e-09,-1.3765e-07,1.33949e-09,0.00020001,-1.03045e-06,-1.3765e-07,-1.03045e-06,0.000199996
0.340684,-0.358587,1.45803,0.346525,-0.359426,1.4564,0.00508387,-0.0074871,-0.108968,37.8817,0.0002,1.32047e-09,-1.35333e-07,1.32047e-09,0.00020001,-1.0326e-06,-1.35333e-07,-1.0326e-06,0.000199996
0.335962,-0.357874,1.46123,0.32868,-0.356497,1.4696,0.00326156,-0.00677435,-0.106766,36.9535,0.0002,1.31293e-09,-1.35088e-07,1.31293e-09,0.00020001,-1.03213e-06,-1.35088e-07,-1.03213e-06,0.000199996
0.332198,-0.357332,1.46372,0.328705,-0.356555,1.46952,0.0024976,-0.00633163,-0.105284,37.1217,0.0002,1.28606e-09,-1.31896e-07,1.28606e-09,0.00020001,-1.03047e-06,-1.31896e-07,-1.03047e-06,0.000199996
0.329192,-0.356887,1.46586,0.328734,-0.356485,1.4703,0.00239179,-0.00588734,-0.104141,36.9884,0.0002,1.25928e-09,-1.28935e-07,1.25928e-09,0.00020001,-1.02952e-06,-1.28935e-07,-1.02952e-06,0.000199996
0.326834,-0.35652,1.46758,0.329017,-0.356474,1.47004,0.00293395,-0.00562047,-0.103416,37.0099,0.0002,1.24741e-09,-1.28086e-07,1.24741e-09,0.00020001,-1.03053e-06,-1.28086e-07,-1.03053e-06,0.000199996
0.32488,-0.356261,1.46879,0.328585,-0.356516,1.46981,0.00388002,-0.00536084,-0.103209,37.0872,0.0002,1.20746e-09,-1.23228e-07,1.20746e-09,0.00020001,-1.02821e-06,-1.23228e-07,-1.02821e-06,0.000199996
0.32334,-0.356004,1.46992,0.328787,-0.356486,1.47,0.00524014,-0.0051043,-0.103078,36.9892,0.0002,1.22351e-09,-1.2673e-07,1.22351e-09,0.00020001,-1.02948e-06,-1.2673e-07,-1.02948e-06,0.000199996
0.318839,-0.355498,1.47401,0.312311,-0.354713,1.48625,0.00363945,-0.00469761,-0.0999876,36.9041,0.0002,1.19351e-09,-1.22992e-07,1.19351e-09,0.00020001,-1.02577e-06,-1.22992e-07,-1.02577e-06,0.000199996
0.315221,-0.355102,1.47733,0.312387,-0.354697,1.48615,0.00292084,-0.00430162,-0.0976718,37.0177,0.0002,1.1559e-09,-1.17864e-07,1.1559e-09,0.00020001,-1.02881e-06,-1.17864e-07,-1.02881e-06,0.000199996
0.312349,-0.354774,1.47989,0.31234,-0.35466,1.48603,0.00294893,-0.00397395,-0.0961064,37.01,0.0002,1.1231e-09,-1.14599e-07,1.1231e-09,0.00020001,-1.02564e-06,-1.14599e-07,-1.02564e-06,0.000199996
0.310054,-0.354495,1.48203,0.312511,-0.354621,1.48676,0.00355443,-0.00379467,-0.0949706,36.8892,0.0002,1.11054e-09,-1.13751e-07,1.11054e-09,0.00020001,-1.02864e-06,-1.13751e-07,-1.02864e-06,0.000199996
0.308242,-0.354294,1.48375,0.312474,-0.354655,1.48649,0.00464187,-0.00359379,-0.094253,36.7644,0.0002,1.07839e-09,-1.1024e-07,1.07839e-09,0.00020001,-1.02572e-06,-1.1024e-07,-1.02572e-06,0.000199996
0.303325,-0.353804,1.48772,0.295255,-0.352939,1.49946,0.00272528,-0.00310366,-0.0922844,36.1297,0.0002,1.05411e-09,-1.07655e-07,1.05411e-09,0.00020001,-1.0273e-06,-1.07655e-07,-1.0273e-06,0.000199996
0.299398,-0.353398,1.49101,0.295181,-0.352836,1.50004,0.00159786,-0.00269838,-0.0899935,36.2328,0.0002,1.02202e-09,-1.0425e-07,1.02202e-09,0.00020001,-1.02506e-06,-1.0425e-07,-1.02506e-06,0.000199996
0.296248,-0.353074,1.49362,0.295247,-0.352824,1.49997,0.00134768,-0.00237422,-0.0883755,36.1279,0.0002,9.93804e-10,-1.01128e-07,9.93804e-10,0.00020001,-1.02714e-06,-1.01128e-07,-1.02714e-06,0.000199996
0.293749,-0.352821,1.49563,0.295249,-0.352831,1.49952,0.00174884,-0.00212073,-0.0873711,35.975,0.0002,9.62283e-10,-9.78995e-08,9.62283e-10,0.00020001,-1.02516e-06,-9.78995e-08,-1.02516e-06,0.000199996
0.291742,-0.352627,1.49714,0.295315,-0.352869,1.49968,0.00264154,-0.00192694,-0.086863,36.1375,0.0002,9.37942e-10,-9.5407e-08,9.37942e-10,0.00020001,-1.02735e-06,-9.5407e-08,-1.02735e-06,0.000199996
0.290148,-0.352475,1.49837,0.295328,-0.352821,1.49949,0.00394794,-0.00177545,-0.0866296,36.0986,0.0002,9.02796e-10,-9.14017e-08,9.02796e-10,0.00020001,-1.02723e-06,-9.14017e-08,-1.02723e-06,0.000199996
0.285824,-0.352119,1.50277,0.280034,-0.351603,1.5156,0.00252411,-0.00141851,-0.0832312,35.8515,0.0002,8.8209e-10,-8.98705e-08,8.8209e-10,0.00020001,-1.02538e-06,-8.98705e-08,-1.02538e-06,0.000199996
0.282376,-0.351842,1.50623,0.280139,-0.351678,1.51564,0.00197572,-0.00114237,-0.0807673,35.9811,0.0002,8.69616e-10,-8.91127e-08,8.69616e-10,0.00020001,-1.02591e-06,-8.91127e-08,-1.02591e-06,0.000199996
0.279633,-0.351611,1.50897,0.280169,-0.351544,1.5158,0.00213251,-0.000910727,-0.079029,35.8514,0.0002,8.39473e-10,-8.557e-08,8.39473e-10,0.00020001,-1.02477e-06,-8.557e-08,-1.02477e-06,0.000199996
0.277471,-0.351446,1.51107,0.280337,-0.351628,1.51596,0.0027713,-0.000745984,-0.0779326,35.8737,0.0002,8.10133e-10,-8.23529e-08,8.10133e-10,0.00020001,-1.0241e-06,-8.23529e-08,-1.0241e-06,0.000199996
0.275731,-0.351315,1.51291,0.280281,-0.351618,1.51617,0.00393099,-0.0006149,-0.0770876,35.8865,0.0002,7.8247e-10,-7.94634e-08,7.8247e-10,0.00020001,-1.02374e-06,-7.94634e-08,-1.02374e-06,0.000199996
0.274337,-0.351204,1.51417,0.280274,-0.351579,1.51569,0.0054373,-0.000504217,-0.0768339,36.0179,0.0002,7.57636e-10,-7.6993e-08,7.57636e-10,0.00020001,-1.02356e-06,-7.6993e-08,-1.02356e-06,0.000199996
0.269831,-0.350871,1.51765,0.26332,-0.35029,1.52745,0.00383058,-7.13772e-05,-0.0743512,36.1196,0.0002,7.35726e-10,-7.48917e-08,7.35726e-10,0.00020001,-1.02347e-06,-7.48917e-08,-1.02347e-06,0.000199996
0.266226,-0.350602,1.52045,0.263272,-0.350301,1.52787,0.00312635,0.00019783,-0.072546,35.8911,0.0002,7.21116e-10,-7.39034e-08,7.21116e-10,0.00020001,-1.02172e-06,-7.39034e-08,-1.02172e-06,0.000199996
0.263342,-0.350403,1.52273,0.263323,-0.350313,1.5277,0.0031419,0.000397234,-0.0712707,36.0265,0.0002,6.9359e-10,-7.05974e-08,6.9359e-10,0.00020001,-1.02245e-06,-7.05974e-08,-1.02245e-06,0.000199996
0.261026,-0.350266,1.52448,0.263126,-0.35035,1.52769,0.00362615,0.000534382,-0.0705162,36.1609,0.0002,6.52029e-10,-6.5732e-08,6.52029e-10,0.00020001,-1.01795e-06,-6.5732e-08,-1.01795e-06,0.000199996
0.259178,-0.350154,1.52592,0.263361,-0.350336,1.52786,0.00467788,0.000746455,-0.0700798,36.0255,0.0002,6.20911e-10,-6.22888e-08,6.20911e-10,0.00020001,-1.02191e-06,-6.22888e-08,-1.02191e-06,0.000199996
0.257731,-0.350055,1.52703,0.26336,-0.350331,1.52736,0.00603134,0.00084501,-0.0699673,36.0217,0.0002,6.01733e-10,-6.1e-08,6.01733e-10,0.00020001,-1.01929e-06,-6.1e-08,-1.01929e-06,0.000199996
0.253633,-0.349869,1.53018,0.248766,-0.349734,1.53862,0.00483329,0.00113127,-0.0678232,35.4153,0.0002,5.8761e-10,-5.99142e-08,5.8761e-10,0.00020001,-1.02104e-06,-5.99142e-08,-1.02104e-06,0.000199996
0.250392,-0.349733,1.53249,0.248904,-0.349722,1.53855,0.00449249,0.00126737,-0.0655136,35.3005,0.0002,5.57925e-10,-5.63797e-08,5.57925e-10,0.00020001,-1.02059e-06,-5.63797e-08,-1.02059e-06,0.000199996
0.247767,-0.349599,1.53452,0.248736,-0.349688,1.53882,0.00476686,0.00140138,-0.064485,35.2996,0.0002,5.51977e-10,-5.66123e-08,5.51977e-10,0.00020001,-1.02022e-06,-5.66123e-08,-1.02022e-06,0.000199996
0.245684,-0.349522,1.53625,0.248827,-0.349724,1.53876,0.00548367,0.00157764,-0.0637477,35.2838,0.0002,5.203e-10,-5.2557e-08,5.203e-10,0.00020001,-1.02014e-06,-5.2557e-08,-1.02014e-06,0.000199996
0.244007,-0.349453,1.53754,0.248775,-0.349775,1.53886,0.00670735,0.00164727,-0.063464,35.2781,0.0002,5.14748e-10,-5.27834e-08,5.14748e-10,0.00020001,-1.02001e-06,-5.27834e-08,-1.02001e-06,0.000199996
0.239514,-0.349289,1.53979,0.232912,-0.349088,1.54501,0.00511386,0.00191056,-0.0622067,37.0185,0.0002,4.8371e-10,-4.89455e-08,4.8371e-10,0.00020001,-1.01665e-06,-4.89455e-08,-1.01665e-06,0.000199996
0.235868,-0.349156,1.54168,0.232816,-0.349115,1.54509,0.00436829,0.00204447,-0.0613217,36.9956,0.0002,4.68123e-10,-4.74929e-08,4.68123e-10,0.00020001,-1.01959e-06,-4.74929e-08,-1.01959e-06,0.000199996
0.232953,-0.349051,1.54299,0.232825,-0.349117,1.54473,0.00425348,0.00224895,-0.0610137,36.9876,0.0002,4.52519e-10,-4.59264e-08,4.52519e-10,0.00020001,-1.0215e-06,-4.59264e-08,-1.0215e-06,0.000199996
0.230646,-0.348963,1.54411,0.232839,-0.349084,1.54514,0.00484559,0.00243661,-0.0608851,37.1382,0.0002,4.36164e-10,-4.43495e-08,4.36164e-10,0.00020001,-1.01934e-06,-4.43495e-08,-1.01934e-06,0.000199996
0.228792,-0.348904,1.54505,0.232802,-0.349131,1.54467,0.00579191,0.00249647,-0.060949,37.1237,0.0002,4.20874e-10,-4.28697e-08,4.20874e-10,0.00020001,-1.01797e-06,-4.28697e-08,-1.01797e-06,0.000199996
0.227317,-0.34887,1.54578,0.232844,-0.349092,1.54456,0.00721666,0.00262973,-0.0612221,36.9622,0.0002,3.84567e-10,-3.81781e-08,3.84567e-10,0.00020001,-1.0172e-06,-3.81781e-08,-1.0172e-06,0.000199996
0.222724,-0.348576,1.54637,0.215775,-0.347955,1.54524,0.0054237,0.00292449,-0.0616307,38.5649,0.0002,4.00522e-10,-4.17723e-08,4.00522e-10,0.00020001,-1.01654e-06,-4.17723e-08,-1.01654e-06,0.000199996
0.219066,-0.348357,1.54679,0.215863,-0.347932,1.54498,0.0046664,0.00324332,-0.0622114,38.5899,0.0002,3.90239e-10,-4.04541e-08,3.90239e-10,0.00020001,-1.01621e-06,-4.04541e-08,-1.01621e-06,0.000199996
0.216109,-0.348166,1.54726,0.215652,-0.347904,1.5447,0.00460926,0.00353431,-0.0627403,38.5819,0.0002,3.91323e-10,-4.10323e-08,3.91323e-10,0.00020001,-1.01427e-06,-4.10323e-08,-1.01427e-06,0.000199996
0.21368,-0.348018,1.54734,0.215389,-0.347876,1.54416,0.0049801,0.00368209,-0.0636626,38.5506,0.0002,3.81353e-10,-3.96549e-08,3.81353e-10,0.00020001,-1.01477e-06,-3.96549e-08,-1.01477e-06,0.000199996
0.211772,-0.347904,1.54747,0.215511,-0.347951,1.54418,0.00597196,0.00389556,-0.0645323,38.5881,0.0002,3.83825e-10,-4.03789e-08,3.83825e-10,0.00020001,-1.01336e-06,-4.03789e-08,-1.01336e-06,0.000199996
0.210197,-0.347827,1.54741,0.215375,-0.347911,1.544,0.00719658,0.00407346,-0.0655912,38.5719,0.0002,3.64905e-10,-3.75268e-08,3.64905e-10,0.00020001,-1.01593e-06,-3.75268e-08,-1.01593e-06,0.000199996
0.205956,-0.347755,1.55014,0.200316,-0.347848,1.55694,0.00585615,0.00424545,-0.0638584,38.1386,0.0002,3.58856e-10,-3.72228e-08,3.58856e-10,0.00020001,-1.01244e-06,-3.72228e-08,-1.01244e-06,0.000199996
0.202506,-0.34768,1.55219,0.200187,-0.347806,1.55658,0.00520625,0.00441956,-0.0628092,38.1463,0.0002,3.61395e-10,-3.78689e-08,3.61395e-10,0.00020001,-1.0153e-06,-3.78689e-08,-1.0153e-06,0.000199996
0.199801,-0.34766,1.55385,0.200357,-0.34777,1.55731,0.00540066,0.00453952,-0.0611512,38.179,0.0002,3.12671e-10,-3.07218e-08,3.12671e-10,0.00020001,-1.01388e-06,-3.07218e-08,-1.01388e-06,0.000199996
0.197601,-0.347605,1.55521,0.200232,-0.347832,1.55716,0.00600142,0.00469465,-0.0607895,38.0243,0.0002,3.27139e-10,-3.40495e-08,3.27139e-10,0.00020001,-1.01455e-06,-3.40495e-08,-1.01455e-06,0.000199996
0.195879,-0.347588,1.55651,0.200312,-0.347848,1.55756,0.00707891,0.00471201,-0.0604933,38.0494,0.0002,3.12408e-10,-3.21708e-08,3.12408e-10,0.00020001,-1.01165e-06,-3.21708e-08,-1.01165e-06,0.000199996
0.191029,-0.347434,1.55804,0.183061,-0.347017,1.56067,0.00512897,0.00506614,-0.0599633,38.5391,0.0002,2.76655e-10,-2.7199e-08,2.76655e-10,0.00020001,-1.01325e-06,-2.7199e-08,-1.01325e-06,0.000199996
0.187155,-0.347313,1.55931,0.183039,-0.347072,1.5606,0.00405534,0.00528716,-0.0596888,38.5292,0.0002,2.55724e-10,-2.51098e-08,2.55724e-10,0.00020001,-1.01256e-06,-2.51098e-08,-1.01256e-06,0.000199996
0.184033,-0.347184,1.56034,0.182923,-0.347012,1.56064,0.0038334,0.00551556,-0.0596617,38.401,0.0002,2.59721e-10,-2.67118e-08,2.59721e-10,0.00020001,-1.01209e-06,-2.67118e-08,-1.01209e-06,0.000199996
0.181563,-0.347099,1.56096,0.182955,-0.346987,1.56028,0.00416342,0.00570072,-0.0600383,38.3915,0.0002,2.3844e-10,-2.39849e-08,2.3844e-10,0.00020001,-1.00843e-06,-2.39849e-08,-1.00843e-06,0.000199996
0.179549,-0.347029,1.56164,0.18292,-0.347028,1.56023,0.0050485,0.00587123,-0.06036,38.5086,0.0002,2.32313e-10,-2.36754e-08,2.32313e-10,0.00020001,-1.01119e-06,-2.36754e-08,-1.01119e-06,0.000199996
0.17799,-0.346988,1.56207,0.182976,-0.34699,1.56031,0.00629008,0.00601242,-0.0609273,38.5453,0.0002,2.02996e-10,-1.98278e-08,2.02996e-10,0.000200009,-1.00618e-06,-1.98278e-08,-1.00618e-06,0.000199996
0.173266,-0.346919,1.5641,0.165751,-0.34693,1.5684,0.00436649,0.00618095,-0.0598999,37.8017,0.0002,2.1377e-10,-2.23259e-08,2.1377e-10,0.000200009,-1.00804e-06,-2.23259e-08,-1.00804e-06,0.000199996
0.16954,-0.346955,1.56653,0.165907,-0.347238,1.57306,0.00343981,0.00624534,-0.0574734,37.2448,0.0002,1.95635e-10,-1.9821e-08,1.95635e-10,0.000200009,-1.00586e-06,-1.9821e-08,-1.00586e-06,0.000199996
0.166505,-0.346906,1.56756,0.165692,-0.346916,1.5682,0.00330501,0.00649392,-0.057441,37.8003,0.0002,1.87008e-10,-1.90214e-08,1.87008e-10,0.000200009,-1.00618e-06,-1.90214e-08,-1.00618e-06,0.000199996
0.164058,-0.346868,1.56845,0.165651,-0.346859,1.5682,0.00365835,0.00663231,-0.0575509,37.7841,0.0002,1.66997e-10,-1.64089e-08,1.66997e-10,0.000200009,-1.00809e-06,-1.64089e-08,-1.00809e-06,0.000199996
0.162151,-0.34697,1.57048,0.165847,-0.347429,1.57509,0.0046507,0.00663024,-0.0565233,36.8527,0.0002,1.38172e-10,-1.27375e-08,1.38172e-10,0.000200009,-1.00762e-06,-1.27375e-08,-1.00762e-06,0.000199996
0.160602,-0.346932,1.57068,0.165682,-0.346908,1.56831,0.0058022,0.00686756,-0.0573212,37.812,0.0002,1.22489e-10,-1.13842e-08,1.22489e-10,0.000200009,-1.00562e-06,-1.13842e-08,-1.00562e-06,0.000199996
0.156226,-0.346995,1.57293,0.150099,-0.347319,1.57812,0.00432553,0.00690529,-0.0560698,38.1231,0.0002,1.1044e-10,-1.03851e-08,1.1044e-10,0.000200009,-1.00775e-06,-1.03851e-08,-1.00775e-06,0.000199996
0.152738,-0.347086,1.57524,0.150064,-0.347498,1.58069,0.00363829,0.00691424,-0.0547553,37.4393,0.0002,9.61718e-11,-8.93629e-09,9.61718e-11,0.000200009,-1.00571e-06,-8.93629e-09,-1.00571e-06,0.000199996
0.149888,-0.347045,1.57596,0.149816,-0.346993,1.57534,0.0036883,0.00715549,-0.0550377,38.4152,0.0002,9.1524e-11,-8.89529e-09,9.1524e-11,0.000200009,-1.00612e-06,-8.89529e-09,-1.00612e-06,0.000199996
0.147609,-0.347046,1.57645,0.149767,-0.34711,1.5752,0.0041093,0.00725367,-0.0555549,38.3864,0.0002,7.57344e-11,-6.94623e-09,7.57344e-11,0.000200009,-1.00468e-06,-6.94623e-09,-1.00468e-06,0.000199996
0.145799,-0.347019,1.57688,0.149884,-0.347016,1.57513,0.00519878,0.00738105,-0.0551197,38.3993,0.0002,7.35581e-11,-7.18654e-09,7.35581e-11,0.000200009,-1.00546e-06,-7.18654e-09,-1.00546e-06,0.000199996
0.144393,-0.347076,1.57793,0.150045,-0.347337,1.57896,0.00659328,0.00752369,-0.0550695,37.9428,0.0002,6.03437e-11,-5.52145e-09,6.03437e-11,0.000200009,-1.00426e-06,-5.52145e-09,-1.00426e-06,0.000199996
0.140046,-0.347183,1.58089,0.133984,-0.34763,1.58987,0.00504585,0.00751748,-0.0531097,37.9162,0.0002,5.90961e-11,-5.7938e-09,5.90961e-11,0.000200009,-1.0052e-06,-5.7938e-09,-1.0052e-06,0.000199996
0.136564,-0.347279,1.58341,0.133964,-0.347671,1.58997,0.00436379,0.00762063,-0.0515943,37.8174,0.0002,5.1117e-11,-4.8377e-09,5.1117e-11,0.000200009,-1.00581e-06,-4.8377e-09,-1.00581e-06,0.000199996
0.133793,-0.347354,1.58536,0.134037,-0.347641,1.58966,0.00449288,0.00764624,-0.0506437,38.0708,0.0002,3.90275e-11,-3.31401e-09,3.90275e-11,0.000200009,-1.0062e-06,-3.31401e-09,-1.0062e-06,0.000199996
0.131577,-0.347422,1.58686,0.133986,-0.347618,1.5897,0.00507678,0.00777836,-0.0501408,37.792,0.0002,1.42094e-11,1.47803e-11,1.42094e-11,0.000200009,-1.00472e-06,1.47803e-11,-1.00472e-06,0.000199996
0.129789,-0.347474,1.58815,0.133967,-0.347651,1.58982,0.00608926,0.00782598,-0.04885,37.7908,0.0002,2.25615e-12,1.04343e-09,2.25615e-12,0.000200009,-1.0055e-06,1.04343e-09,-1.0055e-06,0.000199996
0.125089,-0.347419,1.58941,0.117507,-0.347155,1.59096,0.00418852,0.00808088,-0.0485895,40.5956,0.0002,-9.06613e-12,2.10761e-09,-9.06613e-12,0.000200009,-1.0026e-06,2.10761e-09,-1.0026e-06,0.000199996
0.121308,-0.347374,1.5904,0.117515,-0.347139,1.59089,0.00330815,0.00822603,-0.0485961,40.4561,0.0002,-2.08371e-11,3.30764e-09,-2.08371e-11,0.000200009,-1.00414e-06,3.30764e-09,-1.00414e-06,0.000199996
0.118294,-0.347351,1.59113,0.117511,-0.347144,1.59085,0.00299399,0.00844946,-0.0488724,40.168,0.0002,-4.27009e-11,6.07355e-09,-4.27009e-11,0.000200009,-1.00339e-06,6.07355e-09,-1.00339e-06,0.000199997
0.115879,-0.347303,1.59143,0.117437,-0.346953,1.58917,0.0034786,0.00869691,-0.0495667,41.0254,0.0002,-7.22067e-11,9.7986e-09,-7.22067e-11,0.000200009,-1.00117e-06,9.7986e-09,-1.00117e-06,0.000199997
0.11397,-0.347171,1.591,0.117502,-0.346548,1.58608,0.00426975,0.00892916,-0.0510021,41.3711,0.0002,-8.37663e-11,1.05261e-08,-8.37663e-11,0.000200009,-9.98078e-07,1.05261e-08,-9.98078e-07,0.000199997
0.112417,-0.34719,1.59159,0.117479,-0.34715,1.59079,0.00561685,0.00911007,-0.0504084,40.605,0.0002,-9.15384e-11,1.09076e-08,-9.15384e-11,0.000200009,-9.99506e-07,1.09076e-08,-9.99506e-07,0.000199997
0.108072,-0.347325,1.59384,0.101911,-0.347648,1.59936,0.00407185,0.00917546,-0.0491567,40.7104,0.0002,-1.09285e-10,1.3059e-08,-1.09285e-10,0.000200009,-9.98679e-07,1.3059e-08,-9.98679e-07,0.000199997
0.104592,-0.347415,1.59554,0.101944,-0.347601,1.59913,0.00339165,0.00928491,-0.0484636,40.8366,0.0002,-1.17154e-10,1.3555e-08,-1.17154e-10,0.000200009,-9.99878e-07,1.3555e-08,-9.99878e-07,0.000199997
0.101854,-0.347467,1.59678,0.10202,-0.347545,1.59889,0.00340441,0.00933324,-0.0482216,40.7047,0.0002,-1.14085e-10,1.26236e-08,-1.14085e-10,0.000200009,-9.95576e-07,1.26236e-08,-9.95576e-07,0.000199997
0.0996319,-0.34752,1.59782,0.102015,-0.347541,1.5988,0.00401195,0.00947981,-0.048183,41.1271,0.0002,-1.26673e-10,1.43352e-08,-1.26673e-10,0.000200009,-9.97875e-07,1.43352e-08,-9.97875e-07,0.000199997
0.0978115,-0.347566,1.59872,0.101802,-0.34755,1.59914,0.00496152,0.00963362,-0.0472825,40.8356,0.0002,-1.3895e-10,1.58052e-08,-1.3895e-10,0.000200009,-9.9934e-07,1.58052e-08,-9.9934e-07,0.000199997
0.0963515,-0.347608,1.59943,0.101784,-0.347568,1.59912,0.0063415,0.00979195,-0.0475679,40.6891,0.0002,-1.50444e-10,1.70708e-08,-1.50444e-10,0.000200009,-1.00027e-06,1.70708e-08,-1.00027e-06,0.000199997
0.0920698,-0.34769,1.60103,0.0860571,-0.347841,1.60391,0.00481984,0.00981012,-0.046974,43.1298,0.0002,-1.48267e-10,1.63156e-08,-1.48267e-10,0.000200009,-9.95809e-07,1.63156e-08,-9.95809e-07,0.000199997
0.0886212,-0.347748,1.60213,0.0860983,-0.347738,1.60335,0.0042012,0.00995204,-0.0468743,43.4341,0.0002,-1.62297e-10,1.82302e-08,-1.62297e-10,0.000200009,-9.97994e-07,1.82302e-08,-9.97994e-07,0.000199997
0.0859326,-0.347717,1.60252,0.0863986,-0.347408,1.60122,0.00427263,0.0101833,-0.0474838,43.6411,0.0002,-1.63956e-10,1.80681e-08,-1.63956e-10,0.000200009,-9.97738e-07,1.80681e-08,-9.97738e-07,0.000199997
0.08372,-0.347772,1.60333,0.0860344,-0.347747,1.60339,0.00487996,0.0103276,-0.0476748,42.9811,0.0002,-1.765e-10,1.97786e-08,-1.765e-10,0.000200009,-9.95815e-07,1.97786e-08,-9.95815e-07,0.000199997
0.0819329,-0.34783,1.60411,0.0860045,-0.347857,1.60376,0.0058429,0.0104701,-0.0468901,42.6758,0.0002,-1.7774e-10,1.95468e-08,-1.7774e-10,0.000200009,-9.96335e-07,1.95468e-08,-9.96335e-07,0.000199997
0.0805266,-0.347853,1.60469,0.0860148,-0.34774,1.60354,0.00724658,0.0106474,-0.0473055,43.0844,0.0002,-1.78957e-10,1.95638e-08,-1.78957e-10,0.000200009,-9.93261e-07,1.95638e-08,-9.93261e-07,0.000199997
0.0764988,-0.347739,1.6046,0.0715527,-0.347029,1.60169,0.00596882,0.0109614,-0.0483988,45.7431,0.0002,-1.92171e-10,2.14573e-08,-1.92171e-10,0.000200009,-9.92933e-07,2.14573e-08,-9.92933e-07,0.000199997
0.0732371,-0.347766,1.60548,0.0714096,-0.347657,1.60549,0.00553707,0.0110337,-0.0485218,45.009,0.0002,-1.92382e-10,2.10793e-08,-1.92382e-10,0.000200009,-9.94481e-07,2.10793e-08,-9.94481e-07,0.000199997
0.0706134,-0.347801,1.60636,0.0712868,-0.347762,1.60673,0.00566341,0.0111992,-0.048636,44.3022,0.0002,-1.82328e-10,1.93627e-08,-1.82328e-10,0.000200009,-9.93826e-07,1.93627e-08,-9.93826e-07,0.000199997
0.068549,-0.347815,1.60679,0.0714555,-0.347588,1.6053,0.00640896,0.0113854,-0.0482147,44.8638,0.0002,-1.98399e-10,2.19817e-08,-1.98399e-10,0.000200009,-9.93277e-07,2.19817e-08,-9.93277e-07,0.000199997
0.0669191,-0.348491,1.60723,0.0714019,-0.347875,1.60678,0.00748913,0.0115093,-0.0487719,44.4845,0.0002,-8.38751e-10,1.20591e-07,-8.38751e-10,0.000200009,-9.8768e-07,1.20591e-07,-9.8768e-07,0.000199997
0.0616827,-0.350297,1.61089,0.0516144,-0.349924,1.62238,0.00490265,0.0118029,-0.0461113,43.7027,0.000200001,-2.20454e-09,3.18341e-07,-2.20454e-09,0.000200009,-9.80722e-07,3.18341e-07,-9.80722e-07,0.000199996
0.057453,-0.352384,1.61373,0.0513036,-0.349972,1.62289,0.00320303,0.0126159,-0.0432738,43.6859,0.000200002,-3.90155e-09,5.46475e-07,-3.90155e-09,0.000200009,-9.7306e-07,5.46475e-07,-9.7306e-07,0.000199996
0.0537945,-0.3546,1.61642,0.0502136,-0.350321,1.62502,0.00222447,0.0136998,-0.0415788,43.1466,0.000200004,-5.72766e-09,7.68848e-07,-5.72766e-09,0.000200009,-9.77525e-07,7.68848e-07,-9.77525e-07,0.000199996
0.0503066,-0.356135,1.62052,0.0476955,-0.352135,1.63471,0.00141662,0.0151653,-0.0374836,42.2921,0.000200005,-6.55146e-09,8.13842e-07,-6.55146e-09,0.000200009,-9.90606e-07,8.13842e-07,-9.90606e-07,0.000199995
0.0476583,-0.357104,1.62471,0.0481588,-0.352942,1.63803,0.00153834,0.0159961,-0.0342863,42.4168,0.000200005,-6.65722e-09,7.7575e-07,-6.65722e-09,0.000200009,-9.90799e-07,7.7575e-07,-9.90799e-07,0.000199995
0.0455523,-0.357172,1.6282,0.0483057,-0.353102,1.63867,0.00215229,0.0171276,-0.0318,42.4561,0.000200004,-5.93086e-09,6.33745e-07,-5.93086e-09,0.000200009,-9.92975e-07,6.33745e-07,-9.92975e-07,0.000199995
0.0406339,-0.359402,1.63098,0.0320628,-0.365394,1.63889,2.3921e-05,0.0157981,-0.0300242,44.6218,0.000200003,-5.02182e-09,4.97922e-07,-5.02182e-09,0.000200009,-9.91477e-07,4.97922e-07,-9.91477e-07,0.000199995
0.0367842,-0.361148,1.63366,0.0324114,-0.365715,1.64121,-0.00110582,0.0146522,-0.0283399,44.7297,0.000200002,-4.1937e-09,3.94793e-07,-4.1937e-09,0.000200009,-9.87901e-07,3.94793e-07,-9.87901e-07,0.000199996
0.0336873,-0.362312,1.62741,0.0324438,-0.365705,1.64079,-0.00140274,0.0138877,-0.0245936,44.7095,0.000200001,-3.30095e-09,2.87071e-07,-3.30095e-09,0.000200009,-9.89973e-07,2.87071e-07,-9.89973e-07,0.000199996
0.0312484,-0.363019,1.61653,0.0325754,-0.364358,1.63462,-0.00110155,0.013581,-0.0204676,44.4273,0.000200001,-2.6466e-09,2.22249e-07,-2.6466e-09,0.000200009,-9.89638e-07,2.22249e-07,-9.89638e-07,0.000199996
0.0299733,-0.363126,1.60465,0.0363209,-0.362785,1.62633,0.000503265,0.0136743,-0.0153493,44.6324,0.000200001,-2.01502e-09,1.56088e-07,-2.01502e-09,0.000200009,-1.00067e-06,1.56088e-07,-1.00067e-06,0.000199996
0.0293951,-0.363021,1.59461,0.0385406,-0.361941,1.6211,0.0027551,0.0138789,-0.00839425,45.2123,0.0002,-1.51481e-09,1.09615e-07,-1.51481e-09,0.000200009,-1.00787e-06,1.09615e-07,-1.00787e-06,0.000199996
0.0259335,-0.364453,1.58555,0.0236065,-0.369641,1.6188,0.00221346,0.0125471,-0.000454473,47.9261,0.0002,-1.11002e-09,7.42271e-08,-1.11002e-09,0.00020001,-1.01427e-06,7.42271e-08,-1.01427e-06,0.000199996
0.0231295,-0.365567,1.58451,0.0234922,-0.369532,1.61847,0.00226946,0.0115325,0.00851488,47.9403,0.0002,-8.23258e-10,5.28459e-08,-8.23258e-10,0.00020001,-1.02006e-06,5.28459e-08,-1.02006e-06,0.000199996
0.0210538,-0.366495,1.59101,0.0240713,-0.369919,1.61983,0.00306385,0.0106052,0.0150107,47.616,0.0002,-5.99793e-10,3.68325e-08,-5.99793e-10,0.00020001,-1.01528e-06,3.68325e-08,-1.01528e-06,0.000199996
0.0194497,-0.367275,1.59735,0.024248,-0.370076,1.62045,0.00424966,0.00982501,0.0213474,47.7656,0.0002,-4.58358e-10,2.9328e-08,-4.58358e-10,0.00020001,-1.00878e-06,2.9328e-08,-1.00878e-06,0.000199996
0.0181853,-0.367877,1.60271,0.024346,-0.370033,1.62066,0.00581529,0.00922314,0.0257112,47.5963,0.0002,-3.53694e-10,2.35119e-08,-3.53694e-10,0.000200009,-1.00467e-06,2.35119e-08,-1.00467e-06,0.000199996
0.0126392,-0.368769,1.59681,0.00157193,-0.372308,1.57032,0.00302517,0.0082308,0.0188078,45.3066,0.0002,-2.91984e-10,2.15475e-08,-2.91984e-10,0.000200009,-9.98602e-07,2.15475e-08,-9.98602e-07,0.000199996
0.00819003,-0.369456,1.5922,0.00156262,-0.372159,1.56996,0.00139203,0.00754371,0.0132035,45.1473,0.0002,-2.48941e-10,2.00224e-08,-2.48941e-10,0.000200009,-9.96408e-07,2.00224e-08,-9.96408e-07,0.000199997
0.00460243,-0.369966,1.58821,0.00131666,-0.372097,1.56967,0.000546429,0.00703378,0.00920686,45.1335,0.0002,-1.85359e-10,1.38102e-08,-1.85359e-10,0.000200009,-9.91703e-07,1.38102e-08,-9.91703e-07,0.000199997
0.00175119,-0.370371,1.58531,0.00146252,-0.372053,1.5696,0.000496186,0.00662895,0.00531378,45.3214,0.0002,-1.417e-10,1.02929e-08,-1.417e-10,0.000200009,-9.90363e-07,1.02929e-08,-9.90363e-07,0.000199997
-0.000554251,-0.370648,1.58258,0.00128738,-0.371893,1.56909,0.000922749,0.00635172,0.00157786,45.2931,0.0002,-9.14178e-11,5.14441e-09,-9.14178e-11,0.000200009,-9.87833e-07,5.14441e-09,-9.87833e-07,0.000199997
-0.00240262,-0.370843,1.58051,0.00131942,-0.371725,1.56874,0.00187138,0.00605652,-0.0014902,45.2856,0.0002,-5.96734e-11,2.68824e-09,-5.96734e-11,0.000200009,-9.87889e-07,2.68824e-09,-9.87889e-07,0.000199997
-0.00680343,-0.371408,1.58094,-0.0133968,-0.373833,1.57978,0.000205571,0.00549171,-0.00206244,45.1307,0.0002,-9.56986e-12,-3.11435e-09,-9.56986e-12,0.000200009,-9.84555e-07,-3.11435e-09,-9.84555e-07,0.000199997
-0.0103443,-0.371854,1.58137,-0.0133928,-0.373694,1.57957,-0.000538339,0.00504608,-0.00263446,45.1203,0.0002,4.6406e-12,-3.18074e-09,4.6406e-12,0.000200009,-9.8579e-07,-3.18074e-09,-9.8579e-07,0.000199997
-0.0131587,-0.372207,1.5817,-0.0134074,-0.373674,1.57953,-0.000618726,0.00469337,-0.00230087,45.1323,0.0002,1.30022e-11,-3.10993e-09,1.30022e-11,0.000200009,-9.83178e-07,-3.10993e-09,-9.83178e-07,0.000199997
-0.0154365,-0.372513,1.58186,-0.0134336,-0.373683,1.57965,-0.000106531,0.00438713,-0.00313804,45.1125,0.0002,-4.30451e-12,4.39612e-10,-4.30451e-12,0.000200009,-9.84869e-07,4.39612e-10,-9.84869e-07,0.000199997
-0.0172236,-0.372705,1.58198,-0.0133616,-0.373632,1.57957,0.000836449,0.00419503,-0.00402305,45.1582,0.0002,2.4922e-11,-4.07703e-09,2.4922e-11,0.000200009,-9.82629e-07,-4.07703e-09,-9.82629e-07,0.000199997
-0.0186858,-0.372921,1.58215,-0.0134733,-0.373785,1.57967,0.00217421,0.00397869,-0.00484896,45.1362,0.0002,1.45736e-11,-1.77421e-09,1.45736e-11,0.000200009,-9.82836e-07,-1.77421e-09,-9.82836e-07,0.000199997
-0.0228723,-0.373133,1.58334,-0.0286096,-0.374003,1.58523,0.000707651,0.00376686,-0.00366026,45.3548,0.0002,1.65555e-11,-1.98895e-09,1.65555e-11,0.000200009,-9.81288e-07,-1.98895e-09,-9.81288e-07,0.000199997
-0.0262254,-0.373324,1.58452,-0.028521,-0.374206,1.58575,0.000144581,0.00357606,-0.0034791,45.3875,0.0002,3.66882e-11,-5.00906e-09,3.66882e-11,0.000200009,-9.83746e-07,-5.00906e-09,-9.83746e-07,0.000199997
-0.0289039,-0.373474,1.58525,-0.0286087,-0.374081,1.58533,0.000196124,0.00342616,-0.00374598,45.3913,0.0002,2.84886e-11,-3.22438e-09,2.84886e-11,0.000200009,-9.81871e-07,-3.22438e-09,-9.81871e-07,0.000199997
-0.0310586,-0.373586,1.58597,-0.0286685,-0.374039,1.58532,0.000821401,0.00331404,-0.0040346,45.3508,0.0002,1.94801e-11,-1.76801e-09,1.94801e-11,0.000200009,-9.80671e-07,-1.76801e-09,-9.80671e-07,0.000199997
-0.0327668,-0.373688,1.58656,-0.0285905,-0.374095,1.58544,0.00184323,0.00321219,-0.00344119,45.363,0.0002,1.0683e-11,-5.85334e-10,1.0683e-11,0.000200009,-9.79903e-07,-5.85334e-10,-9.79903e-07,0.000199997
-0.0341394,-0.373742,1.58702,-0.0286195,-0.374062,1.58537,0.00326056,0.00315786,-0.00398015,45.3551,0.0002,2.44282e-11,-3.02223e-09,2.44282e-11,0.000200009,-9.79468e-07,-3.02223e-09,-9.79468e-07,0.000199997
-0.0385036,-0.373627,1.58768,-0.0448988,-0.373092,1.58779,0.00160642,0.00337314,-0.0043195,46.9556,0.0002,2.10847e-12,6.29651e-10,2.10847e-12,0.000200009,-9.80805e-07,6.29651e-10,-9.80805e-07,0.000199997
-0.0419894,-0.373519,1.58833,-0.0448698,-0.373119,1.58774,0.000910565,0.00348056,-0.00467387,47.01,0.0002,4.26577e-12,-1.45922e-10,4.26577e-12,0.000200009,-9.81719e-07,-1.45922e-10,-9.81719e-07,0.000199997
-0.0447675,-0.373401,1.58874,-0.0449229,-0.372956,1.58725,0.000852529,0.00359922,-0.0052551,47.0062,0.0002,5.33013e-12,-4.76086e-10,5.33013e-12,0.000200009,-9.78901e-07,-4.76086e-10,-9.78901e-07,0.000199997
-0.0470234,-0.3733,1.58899,-0.0450384,-0.372868,1.58713,0.00138655,0.00370039,-0.00500717,46.994,0.0002,-5.56145e-12,1.16472e-09,-5.56145e-12,0.000200009,-9.78767e-07,1.16472e-09,-9.78767e-07,0.000199997
-0.0488405,-0.37318,1.58902,-0.0451519,-0.372732,1.58657,0.00228951,0.00381953,-0.00598483,46.9703,0.0002,-3.37888e-12,5.40815e-10,-3.37888e-12,0.000200009,-9.77012e-07,5.40815e-10,-9.77012e-07,0.000199997
-0.0534503,-0.373092,1.59013,-0.0608806,-0.372693,1.59109,0.000459708,0.00400761,-0.00587284,47.4383,0.0002,-1.30885e-11,1.96666e-09,-1.30885e-11,0.000200009,-9.77558e-07,1.96666e-09,-9.77558e-07,0.000199997
-0.0571622,-0.373005,1.59082,-0.0610008,-0.372605,1.59073,-0.00053217,0.00409452,-0.00518159,47.4147,0.0002,-2.28572e-11,3.21501e-09,-2.28572e-11,0.000200009,-9.77906e-07,3.21501e-09,-9.77906e-07,0.000199997
-0.0601213,-0.372916,1.59135,-0.0609469,-0.372607,1.59063,-0.000711312,0.00418422,-0.00564782,47.463,0.0002,-1.00556e-11,8.54868e-10,-1.00556e-11,0.000200009,-9.78197e-07,8.54868e-10,-9.78197e-07,0.000199997
-0.062495,-0.37285,1.59172,-0.0609829,-0.372424,1.59033,-0.000384954,0.00424976,-0.00628178,47.4233,0.0002,-4.44456e-11,6.33755e-09,-4.44456e-11,0.000200009,-9.7824e-07,6.33755e-09,-9.7824e-07,0.000199997
-0.06439,-0.37276,1.59204,-0.0610134,-0.372395,1.59017,0.000490011,0.00443989,-0.00695656,47.4389,0.0002,-3.97731e-11,4.86259e-09,-3.97731e-11,0.000200009,-9.76674e-07,4.86259e-09,-9.76674e-07,0.000199997
-0.0659014,-0.37271,1.59227,-0.0610447,-0.372448,1.59031,0.00167856,0.00449022,-0.00673163,47.4303,0.0002,-4.64891e-11,5.6687e-09,-4.64891e-11,0.000200009,-9.73933e-07,5.6687e-09,-9.73933e-07,0.000199997
-0.0701302,-0.372748,1.5936,-0.0760365,-0.372808,1.59607,0.000219831,0.00455221,-0.00639898,48.0248,0.0002,-5.26677e-11,6.33858e-09,-5.26677e-11,0.000200009,-9.75581e-07,6.33858e-09,-9.75581e-07,0.000199997
-0.0735072,-0.372776,1.59464,-0.076113,-0.372793,1.59592,-0.000447183,0.00452385,-0.0063637,47.9943,0.0002,-5.96284e-11,7.15671e-09,-5.96284e-11,0.000200009,-9.73229e-07,7.15671e-09,-9.73229e-07,0.000199997
-0.0762395,-0.372783,1.59543,-0.07616,-0.372705,1.59573,-0.000409451,0.0045172,-0.00557367,47.9881,0.0002,-6.78686e-11,8.12504e-09,-6.78686e-11,0.000200009,-9.75123e-07,8.12504e-09,-9.75123e-07,0.000199997
-0.0784041,-0.37278,1.59591,-0.0761604,-0.37266,1.59564,0.000135926,0.00462022,-0.00608723,48.0081,0.0002,-7.479e-11,8.88143e-09,-7.479e-11,0.000200009,-9.7293e-07,8.88143e-09,-9.7293e-07,0.000199997
-0.080179,-0.372802,1.59642,-0.0762727,-0.37267,1.59558,0.00113104,0.00459846,-0.00658302,47.9577,0.0002,-1.03898e-10,1.30807e-08,-1.03898e-10,0.000200009,-9.74839e-07,1.30807e-08,-9.74839e-07,0.000199997
-0.0815664,-0.372775,1.59677,-0.076214,-0.372559,1.59532,0.00245361,0.00472475,-0.00623013,47.9855,0.0002,-1.05192e-10,1.2454e-08,-1.05192e-10,0.000200009,-9.72744e-07,1.2454e-08,-9.72744e-07,0.000199997
-0.0858827,-0.37263,1.59742,-0.0921398,-0.371923,1.59715,0.000907261,0.00487035,-0.00658448,48.258,0.0002,-1.0703e-10,1.22668e-08,-1.0703e-10,0.000200009,-9.74804e-07,1.22668e-08,-9.74804e-07,0.000199997
-0.0893273,-0.372487,1.59791,-0.0922034,-0.371791,1.59703,0.000162734,0.00511301,-0.00709186,48.2446,0.0002,-1.08634e-10,1.22815e-08,-1.08634e-10,0.000200009,-9.72718e-07,1.22815e-08,-9.72718e-07,0.000199997
-0.0920752,-0.372331,1.5983,-0.0921102,-0.371633,1.5967,0.00018485,0.00526888,-0.00769853,48.2404,0.0002,-1.00504e-10,1.08369e-08,-1.00504e-10,0.000200009,-9.73128e-07,1.08369e-08,-9.73128e-07,0.000199997
-0.0942804,-0.372209,1.59845,-0.0922513,-0.371646,1.59648,0.000689585,0.0054912,-0.00755462,48.2713,0.0002,-9.35883e-11,9.8988e-09,-9.35883e-11,0.000200009,-9.69988e-07,9.8988e-09,-9.69988e-07,0.000199997
-0.0960768,-0.372077,1.59851,-0.0922539,-0.371423,1.59593,0.00165324,0.00562263,-0.00848771,48.3096,0.0002,-1.00829e-10,1.12217e-08,-1.00829e-10,0.000200009,-9.73033e-07,1.12217e-08,-9.73033e-07,0.000199997
-0.100575,-0.37203,1.59954,-0.107669,-0.37169,1.6008,-0.000175444,0.00577008,-0.00845886,47.5574,0.0002,-1.06071e-10,1.19952e-08,-1.06071e-10,0.000200009,-9.71579e-07,1.19952e-08,-9.71579e-07,0.000199997
-0.104178,-0.37197,1.60027,-0.10758,-0.371571,1.60032,-0.000977867,0.00593044,-0.00773209,47.6026,0.0002,-1.13368e-10,1.29494e-08,-1.13368e-10,0.000200009,-9.74045e-07,1.29494e-08,-9.74045e-07,0.000199997
-0.107086,-0.371911,1.60089,-0.107818,-0.371517,1.60053,-0.00118623,0.00598905,-0.00810903,47.4834,0.0002,-1.19687e-10,1.37133e-08,-1.19687e-10,0.000200009,-9.72218e-07,1.37133e-08,-9.72218e-07,0.000199997
-0.109373,-0.371865,1.60135,-0.107617,-0.371519,1.60035,-0.000672625,0.00613491,-0.00864712,47.5752,0.0002,-1.25826e-10,1.44196e-08,-1.25826e-10,0.000200009,-9.71045e-07,1.44196e-08,-9.71045e-07,0.000199997
-0.111222,-0.371822,1.60175,-0.10777,-0.371435,1.60018,7.8499e-05,0.00627775,-0.00924781,47.5479,0.0002,-1.41919e-10,1.67079e-08,-1.41919e-10,0.000200009,-9.68537e-07,1.67079e-08,-9.68537e-07,0.000199997
-0.112706,-0.372626,1.60188,-0.107768,-0.371311,1.60016,0.00139435,0.0063742,-0.00912271,47.5342,0.0002,-1.03072e-09,1.56155e-07,-1.03072e-09,0.000200009,-9.6769e-07,1.56155e-07,-9.6769e-07,0.000199997
-0.116851,-0.374066,1.60307,-0.122807,-0.372671,1.60597,-0.000151086,0.00693351,-0.0089275,45.6055,0.000200001,-2.24502e-09,3.28595e-07,-2.24502e-09,0.000200009,-9.59408e-07,3.28595e-07,-9.59408e-07,0.000199997
-0.120186,-0.376159,1.60411,-0.122736,-0.372889,1.60637,-0.000786062,0.00774061,-0.00789298,45.622,0.000200002,-4.09571e-09,5.82558e-07,-4.09571e-09,0.000200009,-9.59355e-07,5.82558e-07,-9.59355e-07,0.000199996
-0.122911,-0.377944,1.6048,-0.122625,-0.372889,1.60635,-0.000810964,0.00905578,-0.00719539,45.647,0.000200004,-5.69914e-09,7.62857e-07,-5.69914e-09,0.000200009,-9.72026e-07,7.62857e-07,-9.72026e-07,0.000199996
-0.125118,-0.378861,1.60569,-0.122728,-0.372935,1.60641,-0.00011779,0.0107395,-0.00730839,45.6347,0.000200005,-6.39383e-09,7.95247e-07,-6.39383e-09,0.000200009,-9.809e-07,7.95247e-07,-9.809e-07,0.000199995
-0.126871,-0.379125,1.60636,-0.122754,-0.372879,1.6065,0.000828691,0.0121745,-0.00764164,45.5787,0.000200005,-6.39279e-09,7.4296e-07,-6.39279e-09,0.000200009,-9.83829e-07,7.4296e-07,-9.83829e-07,0.000199995
-0.128277,-0.378585,1.60693,-0.122747,-0.372735,1.60605,0.00222291,0.0137145,-0.00807168,45.6149,0.000200004,-5.59741e-09,5.94032e-07,-5.59741e-09,0.000200009,-9.86317e-07,5.94032e-07,-9.86317e-07,0.000199995
-0.132613,-0.380089,1.60739,-0.139032,-0.383432,1.60572,0.00058735,0.0129106,-0.00761429,43.7167,0.000200003,-4.70817e-09,4.66328e-07,-4.70817e-09,0.000200009,-9.80527e-07,4.66328e-07,-9.80527e-07,0.000199995
-0.136085,-0.381128,1.60778,-0.138959,-0.383719,1.60615,-8.47864e-05,0.0122719,-0.00822449,43.6395,0.000200002,-3.79471e-09,3.49085e-07,-3.79471e-09,0.000200009,-9.79827e-07,3.49085e-07,-9.79827e-07,0.000199996
-0.138853,-0.381804,1.60786,-0.13905,-0.38353,1.60597,-0.000152991,0.0118962,-0.00913916,43.6456,0.000200001,-2.96697e-09,2.55207e-07,-2.96697e-09,0.000200009,-9.74973e-07,2.55207e-07,-9.74973e-07,0.000199996
-0.141082,-0.382275,1.60798,-0.13906,-0.383447,1.60591,0.000318004,0.0115251,-0.0100197,43.6289,0.000200001,-2.29615e-09,1.86745e-07,-2.29615e-09,0.000200009,-9.73883e-07,1.86745e-07,-9.73883e-07,0.000199996
-0.142854,-0.382616,1.60817,-0.139045,-0.383642,1.60607,0.00124592,0.0113838,-0.00982801,43.621,0.0002,-1.72333e-09,1.31032e-07,-1.72333e-09,0.000200009,-9.71932e-07,1.31032e-07,-9.71932e-07,0.000199996
-0.144257,-0.3829,1.60835,-0.138974,-0.383589,1.60621,0.00264334,0.0111998,-0.0106477,43.6767,0.0002,-1.32496e-09,9.88435e-08,-1.32496e-09,0.000200009,-9.70552e-07,9.88435e-08,-9.70552e-07,0.000199996
-0.148006,-0.38442,1.61066,-0.152163,-0.390161,1.61669,0.00159377,0.00978015,-0.00933851,39.5539,0.0002,-1.00587e-09,7.31674e-08,-1.00587e-09,0.000200009,-9.6816e-07,7.31674e-08,-9.6816e-07,0.000199997
-0.151025,-0.385657,1.6125,-0.152095,-0.390298,1.61698,0.00127517,0.00864321,-0.00749847,39.5348,0.0002,-7.74304e-10,5.60156e-08,-7.74304e-10,0.000200009,-9.71777e-07,5.60156e-08,-9.71777e-07,0.000199997
-0.153373,-0.386678,1.61395,-0.15203,-0.3904,1.61716,0.00162687,0.00772234,-0.00705363,39.5509,0.0002,-6.19154e-10,4.69986e-08,-6.19154e-10,0.000200009,-9.65502e-07,4.69986e-08,-9.65502e-07,0.000199997
-0.155319,-0.387488,1.61524,-0.152147,-0.390458,1.6172,0.0024814,0.00701181,-0.00676473,39.5107,0.0002,-4.9686e-10,3.86777e-08,-4.9686e-10,0.000200009,-9.68417e-07,3.86777e-08,-9.68417e-07,0.000199997
-0.156824,-0.388156,1.61621,-0.152001,-0.390549,1.61757,0.00357558,0.006444,-0.00578713,39.556,0.0002,-4.11298e-10,3.35952e-08,-4.11298e-10,0.000200009,-9.66873e-07,3.35952e-08,-9.66873e-07,0.000199997
-0.161118,-0.388943,1.61786,-0.167391,-0.391833,1.62221,0.00208203,0.00575749,-0.00513902,38.3841,0.0002,-3.43653e-10,2.90326e-08,-3.43653e-10,0.000200009,-9.67655e-07,2.90326e-08,-9.67655e-07,0.000199997
-0.164534,-0.389597,1.61927,-0.167354,-0.391899,1.62235,0.00136567,0.00510292,-0.0047299,38.4057,0.0002,-3.09726e-10,2.83338e-08,-3.09726e-10,0.000200009,-9.66361e-07,2.83338e-08,-9.66361e-07,0.000199997
-0.167231,-0.390974,1.6204,-0.167381,-0.391908,1.62237,0.00136882,0.0047258,-0.00360017,38.4161,0.0002,-1.14474e-09,1.64344e-07,-1.14474e-09,0.000200009,-9.58837e-07,1.64344e-07,-9.58837e-07,0.000199997
-0.169323,-0.39264,1.62122,-0.1673,-0.391962,1.62258,0.00177742,0.00506039,-0.00378402,38.3735,0.000200001,-2.33883e-09,3.39926e-07,-2.33883e-09,0.000200008,-9.46049e-07,3.39926e-07,-9.46049e-07,0.000199997
-0.171018,-0.394907,1.62192,-0.167217,-0.39215,1.62285,0.00278221,0.00569272,-0.00307631,38.3975,0.000200002,-4.16013e-09,5.96013e-07,-4.16013e-09,0.000200008,-9.43996e-07,5.96013e-07,-9.43996e-07,0.000199996
-0.172447,-0.39676,1.62221,-0.167235,-0.391947,1.62243,0.00405304,0.00694044,-0.00378578,38.4161,0.000200004,-5.69785e-09,7.72572e-07,-5.69785e-09,0.000200008,-9.53785e-07,7.72572e-07,-9.53785e-07,0.000199996
-0.176891,-0.399226,1.62274,-0.183444,-0.395412,1.62301,0.00240917,0.00797433,-0.00325807,38.8376,0.000200007,-7.21917e-09,9.32249e-07,-7.21917e-09,0.000200009,-9.69352e-07,9.32249e-07,-9.69352e-07,0.000199995
-0.180474,-0.401143,1.62314,-0.183422,-0.395179,1.62256,0.00162644,0.00945688,-0.00386089,38.9026,0.000200008,-8.40229e-09,1.03322e-06,-8.40229e-09,0.000200009,-9.84232e-07,1.03322e-06,-9.84232e-07,0.000199994
-0.183393,-0.402003,1.62355,-0.183568,-0.395153,1.62268,0.00160734,0.0113972,-0.00345353,38.864,0.000200008,-8.60996e-09,9.90876e-07,-8.60996e-09,0.000200009,-9.97524e-07,9.90876e-07,-9.97524e-07,0.000199994
-0.185669,-0.402198,1.62393,-0.183515,-0.395202,1.62265,0.00213117,0.0130024,-0.00406684,38.8641,0.000200007,-8.13508e-09,8.83455e-07,-8.13508e-09,0.000200009,-9.98251e-07,8.83455e-07,-9.98251e-07,0.000199994
-0.187485,-0.401593,1.62427,-0.183672,-0.395084,1.62245,0.00311469,0.0146066,-0.00473293,38.8381,0.000200005,-6.92658e-09,6.96992e-07,-6.92658e-09,0.000200009,-9.93038e-07,6.96992e-07,-9.93038e-07,0.000199994
-0.188867,-0.400899,1.62447,-0.183455,-0.395419,1.62274,0.00443323,0.0160006,-0.0045327,38.8372,0.000200004,-5.66566e-09,5.33175e-07,-5.66566e-09,0.000200009,-9.85278e-07,5.33175e-07,-9.85278e-07,0.000199995
-0.193516,-0.402333,1.62363,-0.201173,-0.406293,1.61744,0.00248366,0.0150671,-0.00636516,41.1279,0.000200003,-4.51442e-09,3.99455e-07,-4.51442e-09,0.000200009,-9.80162e-07,3.99455e-07,-9.80162e-07,0.000199995
-0.197195,-0.403379,1.62307,-0.201097,-0.406491,1.61761,0.00150451,0.0143214,-0.00793317,41.1287,0.000200002,-3.4961e-09,2.91248e-07,-3.4961e-09,0.000200009,-9.73022e-07,2.91248e-07,-9.73022e-07,0.000199996
-0.200171,-0.4041,1.62241,-0.201198,-0.406076,1.61691,0.00122911,0.0138004,-0.00959053,41.1163,0.000200001,-2.71115e-09,2.16765e-07,-2.71115e-09,0.000200009,-9.70446e-07,2.16765e-07,-9.70446e-07,0.000199996
-0.202591,-0.404449,1.61579,-0.201486,-0.405344,1.61567,0.00150929,0.0136509,-0.00920759,41.1343,0.000200001,-2.02947e-09,1.52576e-07,-2.02947e-09,0.000200009,-9.66241e-07,1.52576e-07,-9.66241e-07,0.000199996
-0.2047,-0.404505,1.60228,-0.202093,-0.404164,1.613,0.0022003,0.0136953,-0.00672,41.0557,0.0002,-1.51513e-09,1.07841e-07,-1.51513e-09,0.000200009,-9.72186e-07,1.07841e-07,-9.72186e-07,0.000199996
-0.208821,-0.403294,1.58652,-0.214252,-0.398085,1.58957,0.000778957,0.015006,-0.00647634,41.391,0.0002,-1.11024e-09,7.43171e-08,-1.11024e-09,0.000200009,-9.76097e-07,7.43171e-08,-9.76097e-07,0.000199996
-0.212228,-0.401895,1.57246,-0.214375,-0.396042,1.58479,0.000271891,0.0164052,-0.00354494,41.5683,0.0002,-7.84741e-10,4.70414e-08,-7.84741e-10,0.000200009,-9.92253e-07,4.70414e-08,-9.92253e-07,0.000199997
-0.215047,-0.400443,1.56095,-0.215001,-0.394329,1.58133,0.000252789,0.0178574,0.00195167,41.5316,0.0002,-5.47942e-10,2.97992e-08,-5.47942e-10,0.000200009,-9.97524e-07,2.97992e-08,-9.97524e-07,0.000199997
-0.217445,-0.398923,1.55062,-0.215551,-0.392889,1.57856,0.000755284,0.019377,0.00862388,41.7324,0.0002,-2.93128e-10,5.692e-09,-2.93128e-10,0.000200009,-1.00574e-06,5.692e-09,-1.00574e-06,0.000199997
-0.219397,-0.397616,1.54833,-0.215824,-0.392329,1.57729,0.00160329,0.020584,0.0163316,41.7688,0.0002,-1.44361e-10,-3.7682e-09,-1.44361e-10,0.000200009,-1.00776e-06,-3.7682e-09,-1.00776e-06,0.000199996
-0.220879,-0.396547,1.55343,-0.215644,-0.392479,1.57765,0.00292092,0.0215527,0.0224279,41.7268,0.0002,-1.12762e-11,-1.41815e-08,-1.12762e-11,0.000200009,-1.00213e-06,-1.41815e-08,-1.00213e-06,0.000199997
-0.225635,-0.398519,1.54732,-0.233767,-0.406915,1.52123,0.00086456,0.019381,0.0153167,41.7749,0.0002,7.79063e-11,-2.01005e-08,7.79063e-11,0.000200009,-9.90059e-07,-2.01005e-08,-9.90059e-07,0.000199997
-0.22955,-0.399936,1.54242,-0.234269,-0.406315,1.52025,-0.000250114,0.0178642,0.0104204,42.222,0.0002,1.86842e-10,-3.10788e-08,1.86842e-10,0.000200009,-9.83848e-07,-3.10788e-08,-9.83848e-07,0.000199997
-0.232663,-0.400972,1.53823,-0.234337,-0.405803,1.51923,-0.000763157,0.0166282,0.00523184,42.2297,0.0002,2.64835e-10,-3.80043e-08,2.64835e-10,0.000200009,-9.74723e-07,-3.80043e-08,-9.74723e-07,0.000199997
-0.235207,-0.401688,1.53481,-0.234608,-0.40527,1.51825,-0.000607382,0.015712,0.000811815,42.4798,0.0002,3.29601e-10,-4.38269e-08,3.29601e-10,0.000200009,-9.68807e-07,-4.38269e-08,-9.68807e-07,0.000199997
-0.237304,-0.402173,1.5319,-0.235023,-0.40485,1.51736,-4.07469e-06,0.015127,-0.00210496,42.7212,0.0002,3.81835e-10,-4.86131e-08,3.81835e-10,0.000200009,-9.61551e-07,-4.86131e-08,-9.61551e-07,0.000199997
-0.23901,-0.402486,1.52944,-0.235059,-0.404498,1.51677,0.000990496,0.0146143,-0.00555595,42.4541,0.0002,4.27537e-10,-5.28022e-08,4.27537e-10,0.000200009,-9.60246e-07,-5.28022e-08,-9.60246e-07,0.000199997
-0.243176,-0.403168,1.52881,-0.249175,-0.406635,1.5234,-0.000475959,0.0137324,-0.00718867,43.3322,0.0002,4.63885e-10,-5.61901e-08,4.63885e-10,0.000200009,-9.55957e-07,-5.61901e-08,-9.55957e-07,0.000199997
-0.246555,-0.403704,1.52825,-0.249298,-0.4066,1.52313,-0.00115494,0.0130959,-0.0077502,43.3668,0.0002,4.93594e-10,-5.87147e-08,4.93594e-10,0.000200009,-9.56598e-07,-5.87147e-08,-9.56598e-07,0.000199997
-0.24927,-0.404032,1.5278,-0.249419,-0.406255,1.52279,-0.00127013,0.0125681,-0.00920499,43.3617,0.0002,5.46875e-10,-6.55263e-08,5.46875e-10,0.000200009,-9.55084e-07,-6.55263e-08,-9.55084e-07,0.000199997
-0.251437,-0.404294,1.52731,-0.249386,-0.406044,1.5222,-0.000737395,0.0121065,-0.0106872,43.308,0.0002,5.45828e-10,-6.32409e-08,5.45828e-10,0.000200009,-9.5439e-07,-6.32409e-08,-9.5439e-07,0.000199997
-0.253232,-0.40442,1.52648,-0.249743,-0.405686,1.52153,0.000168484,0.0118798,-0.0125246,43.308,0.0002,5.54266e-10,-6.37068e-08,5.54266e-10,0.000200008,-9.52153e-07,-6.37068e-08,-9.52153e-07,0.000199997
-0.254667,-0.404431,1.52613,-0.249642,-0.405354,1.52124,0.00143313,0.011669,-0.0128723,43.308,0.0002,5.84307e-10,-6.76761e-08,5.84307e-10,0.000200009,-9.53966e-07,-6.76761e-08,-9.53966e-07,0.000199997
-0.258468,-0.405117,1.52806,-0.263059,-0.408618,1.53388,0.000232155,0.0107834,-0.0119355,45.8901,0.0002,5.94755e-10,-6.85475e-08,5.94755e-10,0.000200008,-9.50081e-07,-6.85475e-08,-9.50081e-07,0.000199997
-0.26156,-0.405691,1.52988,-0.263154,-0.408687,1.53426,-0.000160189,0.0101094,-0.0111214,45.8028,0.0002,5.90444e-10,-6.68809e-08,5.90444e-10,0.000200008,-9.52821e-07,-6.68809e-08,-9.52821e-07,0.000199997
-0.264018,-0.406116,1.53131,-0.263183,-0.408612,1.53414,8.20879e-05,0.00948355,-0.00969429,45.7954,0.0002,6.01211e-10,-6.84526e-08,6.01211e-10,0.000200008,-9.51078e-07,-6.84526e-08,-9.51078e-07,0.000199997
-0.265942,-0.406498,1.53242,-0.262915,-0.408753,1.5343,0.000858333,0.0090025,-0.00958496,45.8915,0.0002,5.97201e-10,-6.73642e-08,5.97201e-10,0.000200008,-9.51763e-07,-6.73642e-08,-9.51763e-07,0.000199997
-0.267504,-0.406846,1.5334,-0.263131,-0.408853,1.53481,0.00189634,0.00845377,-0.00959694,45.714,0.0002,5.6787e-10,-6.27577e-08,5.6787e-10,0.000200008,-9.48955e-07,-6.27577e-08,-9.48955e-07,0.000199997
-0.272281,-0.405325,1.53297,-0.280676,-0.400097,1.52807,-0.000181418,0.00987475,-0.0100343,49.296,0.0002,5.86642e-10,-6.63464e-08,5.86642e-10,0.000200008,-9.50333e-07,-6.63464e-08,-9.50333e-07,0.000199997
-0.276162,-0.403924,1.53206,-0.281017,-0.399026,1.52624,-0.00136219,0.0110756,-0.0119395,49.2808,0.0002,5.70753e-10,-6.37101e-08,5.70753e-10,0.000200008,-9.49686e-07,-6.37101e-08,-9.49686e-07,0.000199997
-0.279344,-0.402607,1.53124,-0.281349,-0.398002,1.52483,-0.00184421,0.0122934,-0.0137563,49.4786,0.0002,5.49973e-10,-6.06147e-08,5.49973e-10,0.000200008,-9.51023e-07,-6.06147e-08,-9.51023e-07,0.000199997
-0.281926,-0.401357,1.53034,-0.281643,-0.397136,1.52355,-0.00182647,0.0133434,-0.0146643,50.3364,0.0002,5.54511e-10,-6.2183e-08,5.54511e-10,0.000200008,-9.4833e-07,-6.2183e-08,-9.4833e-07,0.000199997
-0.284097,-0.400112,1.52905,-0.282064,-0.395934,1.52141,-0.00129733,0.0144878,-0.0169464,52.1083,0.0002,5.63213e-10,-6.36845e-08,5.63213e-10,0.000200008,-9.49981e-07,-6.36845e-08,-9.49981e-07,0.000199997
-0.285873,-0.398952,1.52768,-0.282367,-0.39512,1.52029,-0.000473252,0.0154476,-0.0193239,52.4953,0.0002,5.71071e-10,-6.49993e-08,5.71071e-10,0.000200008,-9.47603e-07,-6.49993e-08,-9.47603e-07,0.000199997
-0.290166,-0.398686,1.52909,-0.296619,-0.398382,1.53218,-0.00206637,0.0156144,-0.017914,51.6669,0.0002,5.8211e-10,-6.63992e-08,5.8211e-10,0.000200008,-9.49452e-07,-6.63992e-08,-9.49452e-07,0.000199997
-0.293582,-0.398403,1.53023,-0.296632,-0.398026,1.53163,-0.00278227,0.015797,-0.0177702,51.6461,0.0002,5.84946e-10,-6.66178e-08,5.84946e-10,0.000200008,-9.47273e-07,-6.66178e-08,-9.47273e-07,0.000199997
-0.296339,-0.398181,1.53095,-0.296697,-0.397988,1.53161,-0.00283914,0.015819,-0.0170499,51.6521,0.0002,5.75541e-10,-6.48179e-08,5.75541e-10,0.000200008,-9.47669e-07,-6.48179e-08,-9.47669e-07,0.000199997
-0.298573,-0.39795,1.53157,-0.296838,-0.397721,1.53119,-0.00247285,0.0159498,-0.0174303,51.6405,0.0002,5.65978e-10,-6.33659e-08,5.65978e-10,0.000200008,-9.47941e-07,-6.33659e-08,-9.47941e-07,0.000199997
-0.300377,-0.397673,1.53182,-0.296978,-0.397311,1.5303,-0.00157672,0.0161267,-0.0181775,51.6102,0.0002,5.66785e-10,-6.38869e-08,5.66785e-10,0.000200008,-9.46361e-07,-6.38869e-08,-9.46361e-07,0.000199997
-0.301832,-0.397418,1.53195,-0.297089,-0.397083,1.53023,-0.000431851,0.0161824,-0.0180516,51.6031,0.0002,5.557e-10,-6.23956e-08,5.557e-10,0.000200008,-9.43719e-07,-6.23956e-08,-9.43719e-07,0.000199997
-0.305741,-0.397428,1.53364,-0.310759,-0.398179,1.53723,-0.00164061,0.0160722,-0.0173588,51.2671,0.0002,5.5789e-10,-6.30833e-08,5.5789e-10,0.000200008,-9.43672e-07,-6.30833e-08,-9.43672e-07,0.000199997
-0.308892,-0.397445,1.53492,-0.310826,-0.398161,1.53717,-0.00219222,0.0159555,-0.0170812,50.9247,0.0002,5.47119e-10,-6.13368e-08,5.47119e-10,0.000200008,-9.45441e-07,-6.13368e-08,-9.45441e-07,0.000199997
-0.311416,-0.397469,1.53592,-0.310786,-0.398263,1.53737,-0.00201577,0.0158308,-0.0170811,52.2121,0.0002,5.47733e-10,-6.15704e-08,5.47733e-10,0.000200008,-9.48239e-07,-6.15704e-08,-9.48239e-07,0.000199997
-0.313424,-0.397469,1.53672,-0.31089,-0.398101,1.53707,-0.00132406,0.015731,-0.0162797,50.9444,0.0002,5.32564e-10,-5.94744e-08,5.32564e-10,0.000200008,-9.45009e-07,-5.94744e-08,-9.45009e-07,0.000199997
-0.315064,-0.397336,1.53716,-0.310899,-0.397493,1.53637,-0.000263939,0.0156641,-0.0168417,52.2134,0.0002,5.32777e-10,-5.97603e-08,5.32777e-10,0.000200008,-9.48002e-07,-5.97603e-08,-9.48002e-07,0.000199997
-0.319437,-0.397414,1.53877,-0.326305,-0.398273,1.54268,-0.00203695,0.0154861,-0.0152283,49.7763,0.0002,5.09316e-10,-5.62791e-08,5.09316e-10,0.000200008,-9.46638e-07,-5.62791e-08,-9.46638e-07,0.000199997
-0.322922,-0.397434,1.53997,-0.326243,-0.398156,1.54286,-0.00282245,0.0153661,-0.0150286,49.4366,0.0002,5.08969e-10,-5.69583e-08,5.08969e-10,0.000200008,-9.45683e-07,-5.69583e-08,-9.45683e-07,0.000199997
-0.32573,-0.397482,1.54102,-0.326333,-0.398207,1.54267,-0.00302952,0.0152177,-0.0149799,49.4364,0.0002,4.85416e-10,-5.35296e-08,4.85416e-10,0.000200008,-9.45203e-07,-5.35296e-08,-9.45203e-07,0.000199997
-0.328045,-0.397355,1.54171,-0.326631,-0.397428,1.54163,-0.0026451,0.0152454,-0.0142855,50.5949,0.0002,4.76138e-10,-5.2702e-08,4.76138e-10,0.000200008,-9.46566e-07,-5.2702e-08,-9.46566e-07,0.000199997
-0.329815,-0.397296,1.54221,-0.326327,-0.397742,1.54199,-0.00181487,0.0152041,-0.0147863,49.4851,0.0002,4.87627e-10,-5.52943e-08,4.87627e-10,0.000200008,-9.4395e-07,-5.52943e-08,-9.4395e-07,0.000199997
-0.331305,-0.397221,1.54277,-0.326533,-0.397445,1.54182,-0.000604649,0.0151793,-0.0152302,50.9216,0.0002,4.66808e-10,-5.17428e-08,4.66808e-10,0.000200008,-9.47536e-07,-5.17428e-08,-9.47536e-07,0.000199997
-0.335494,-0.397343,1.54433,-0.341735,-0.398425,1.54801,-0.00219416,0.0149569,-0.0136731,49.493,0.0002,4.67047e-10,-5.25491e-08,4.67047e-10,0.000200008,-9.4294e-07,-5.25491e-08,-9.4294e-07,0.000199997
-0.33887,-0.397378,1.54558,-0.341748,-0.398108,1.54743,-0.0028698,0.0148217,-0.013417,49.5267,0.0002,4.65858e-10,-5.2575e-08,4.65858e-10,0.000200008,-9.43434e-07,-5.2575e-08,-9.43434e-07,0.000199997
-0.341606,-0.397421,1.54641,-0.341976,-0.39812,1.54751,-0.00290553,0.0146785,-0.013586,49.4501,0.0002,4.51666e-10,-5.05024e-08,4.51666e-10,0.000200008,-9.4211e-07,-5.05024e-08,-9.4211e-07,0.000199997
-0.343817,-0.397362,1.54722,-0.341984,-0.397651,1.54697,-0.00251707,0.0146382,-0.0127753,49.4858,0.0002,4.3977e-10,-4.88674e-08,4.3977e-10,0.000200008,-9.44684e-07,-4.88674e-08,-9.44684e-07,0.000199997
-0.345603,-0.397317,1.54762,-0.342176,-0.397657,1.54698,-0.00160336,0.014583,-0.0133789,49.4987,0.0002,4.2812e-10,-4.75741e-08,4.2812e-10,0.000200008,-9.42937e-07,-4.75741e-08,-9.42937e-07,0.000199997
-0.347031,-0.397242,1.54795,-0.342009,-0.397515,1.54673,-0.000330711,0.0145585,-0.0140497,49.5144,0.0002,4.31218e-10,-4.84017e-08,4.31218e-10,0.000200008,-9.46892e-07,-4.84017e-08,-9.46892e-07,0.000199997
-0.351414,-0.396957,1.54871,-0.358374,-0.39632,1.55019,-0.00211407,0.0147426,-0.013285,50.8668,0.0002,4.21121e-10,-4.70843e-08,4.21121e-10,0.000200008,-9.44359e-07,-4.70843e-08,-9.44359e-07,0.000199997
-0.354923,-0.396715,1.54951,-0.358332,-0.39619,1.55015,-0.00292339,0.0148849,-0.0134907,51.4781,0.0002,4.01426e-10,-4.42371e-08,4.01426e-10,0.000200008,-9.44492e-07,-4.42371e-08,-9.44492e-07,0.000199997
-0.357711,-0.396651,1.55043,-0.35834,-0.396929,1.55155,-0.00311075,0.0148493,-0.0135739,50.9184,0.0002,4.04084e-10,-4.5477e-08,4.04084e-10,0.000200008,-9.41115e-07,-4.5477e-08,-9.41115e-07,0.000199997
-0.36003,-0.396387,1.5508,-0.358572,-0.395876,1.54975,-0.00272955,0.0150132,-0.0132022,51.1133,0.0002,4.07763e-10,-4.60962e-08,4.07763e-10,0.000200008,-9.45775e-07,-4.60962e-08,-9.45775e-07,0.000199997
-0.361863,-0.396214,1.55126,-0.358619,-0.395899,1.55025,-0.00196288,0.0150861,-0.0137405,51.3733,0.0002,3.76229e-10,-4.11352e-08,3.76229e-10,0.000200008,-9.43759e-07,-4.11352e-08,-9.43759e-07,0.000199997
-0.363322,-0.396146,1.55141,-0.358531,-0.396411,1.55011,-0.000721999,0.0151536,-0.0135884,50.3148,0.0002,3.83096e-10,-4.30209e-08,3.83096e-10,0.000200008,-9.44076e-07,-4.30209e-08,-9.44076e-07,0.000199997
-0.368119,-0.39584,1.55188,-0.376785,-0.395029,1.55187,-0.00291933,0.0153605,-0.0141162,51.6411,0.0002,3.66592e-10,-4.0709e-08,3.66592e-10,0.000200008,-9.40943e-07,-4.0709e-08,-9.40943e-07,0.000199997
-0.371984,-0.395629,1.55265,-0.376814,-0.39531,1.55252,-0.00408376,0.0154706,-0.0133539,51.6928,0.0002,3.74411e-10,-4.24279e-08,3.74411e-10,0.000200008,-9.42289e-07,-4.24279e-08,-9.42289e-07,0.000199997
-0.375087,-0.395511,1.5531,-0.37682,-0.395499,1.5527,-0.00458744,0.0154891,-0.0138978,50.4887,0.0002,3.70132e-10,-4.16782e-08,3.70132e-10,0.000200008,-9.4489e-07,-4.16782e-08,-9.4489e-07,0.000199997
-0.377546,-0.395299,1.55332,-0.376803,-0.39491,1.55196,-0.00434571,0.0156015,-0.0146823,52.338,0.0002,3.64538e-10,-4.09842e-08,3.64538e-10,0.000200008,-9.43159e-07,-4.09842e-08,-9.43159e-07,0.000199997
-0.379543,-0.395125,1.55352,-0.377063,-0.394888,1.55213,-0.00374304,0.0157751,-0.0144758,51.9277,0.0002,3.58531e-10,-4.04095e-08,3.58531e-10,0.000200008,-9.38651e-07,-4.04095e-08,-9.38651e-07,0.000199997
-0.384806,-0.394584,1.55388,-0.395173,-0.392875,1.55307,-0.00630558,0.0162162,-0.015123,55.025,0.0002,3.56045e-10,-4.00863e-08,3.56045e-10,0.000200008,-9.42575e-07,-4.00863e-08,-9.42575e-07,0.000199997
-0.389017,-0.394126,1.55413,-0.395289,-0.392747,1.55294,-0.00791747,0.0165739,-0.0148677,56.1686,0.0002,3.52321e-10,-3.97032e-08,3.52321e-10,0.000200008,-9.41688e-07,-3.97032e-08,-9.41688e-07,0.000199997
-0.392416,-0.393702,1.55425,-0.395381,-0.39241,1.55217,-0.00861626,0.0168976,-0.0157531,55.7905,0.0002,3.38932e-10,-3.76705e-08,3.38932e-10,0.000200008,-9.42854e-07,-3.76705e-08,-9.42854e-07,0.000199997
-0.395178,-0.393198,1.55395,-0.395652,-0.391635,1.5512,-0.0087785,0.0174024,-0.0160464,58.834,0.0002,3.3867e-10,-3.80856e-08,3.3867e-10,0.000200008,-9.4187e-07,-3.80856e-08,-9.4187e-07,0.000199997
-0.397486,-0.392721,1.5538,-0.396088,-0.391225,1.55064,-0.00838641,0.0177791,-0.0172031,60.0207,0.0002,3.29046e-10,-3.66961e-08,3.29046e-10,0.000200008,-9.42968e-07,-3.66961e-08,-9.42968e-07,0.000199997
-0.399335,-0.392117,1.5535,-0.396154,-0.390169,1.54946,-0.00763502,0.0183834,-0.018502,60.8509,0.0002,3.3171e-10,-3.75068e-08,3.3171e-10,0.000200008,-9.41941e-07,-3.75068e-08,-9.41941e-07,0.000199997
-0.403597,-0.391502,1.55389,-0.409961,-0.389499,1.55324,-0.00919663,0.0188978,-0.0181115,59.5084,0.0002,3.36296e-10,-3.82376e-08,3.36296e-10,0.000200008,-9.4468e-07,-3.82376e-08,-9.4468e-07,0.000199997
-0.40701,-0.390874,1.55394,-0.41014,-0.388763,1.55228,-0.01001,0.0195259,-0.0190554,59.952,0.0002,3.27063e-10,-3.68136e-08,3.27063e-10,0.000200008,-9.41361e-07,-3.68136e-08,-9.41361e-07,0.000199997
-0.409835,-0.390211,1.55393,-0.410507,-0.387967,1.55137,-0.0101354,0.0200887,-0.0190657,59.8375,0.0002,3.20416e-10,-3.58851e-08,3.20416e-10,0.000200008,-9.42642e-07,-3.58851e-08,-9.42642e-07,0.000199997
-0.412122,-0.389567,1.55367,-0.410747,-0.387398,1.55073,-0.00982239,0.0207328,-0.0203275,60.6896,0.0002,3.14547e-10,-3.52926e-08,3.14547e-10,0.000200008,-9.40058e-07,-3.52926e-08,-9.40058e-07,0.000199997
-0.414021,-0.388934,1.55343,-0.410985,-0.386815,1.54995,-0.00902083,0.0212664,-0.0215675,61.0853,0.0002,3.11493e-10,-3.50042e-08,3.11493e-10,0.000200008,-9.41805e-07,-3.50042e-08,-9.41805e-07,0.000199997
-0.415531,-0.388323,1.55306,-0.411102,-0.386351,1.54936,-0.00793091,0.0218769,-0.0219392,61.4815,0.0002,3.18762e-10,-3.65439e-08,3.18762e-10,0.000200008,-9.37786e-07,-3.65439e-08,-9.37786e-07,0.000199997
-0.419209,-0.387558,1.55337,-0.42329,-0.384905,1.5521,-0.00890877,0.0225424,-0.0226257,59.6478,0.0002,3.16582e-10,-3.60131e-08,3.16582e-10,0.000200008,-9.40344e-07,-3.60131e-08,-9.40344e-07,0.000199997
-0.422209,-0.386719,1.55321,-0.423634,-0.38383,1.55099,-0.00930894,0.0233807,-0.022789,59.5498,0.0002,3.24529e-10,-3.73202e-08,3.24529e-10,0.000200008,-9.40251e-07,-3.73202e-08,-9.40251e-07,0.000199997
-0.424662,-0.385855,1.55297,-0.423901,-0.382869,1.5498,-0.00906243,0.0241448,-0.0240296,59.5293,0.0002,3.30849e-10,-3.81583e-08,3.30849e-10,0.000200008,-9.40191e-07,-3.81583e-08,-9.40191e-07,0.000199997
-0.426645,-0.384962,1.55245,-0.424052,-0.381812,1.54846,-0.00844489,0.0250383,-0.0245537,59.4454,0.0002,3.2526e-10,-3.7072e-08,3.2526e-10,0.000200008,-9.38477e-07,-3.7072e-08,-9.38477e-07,0.000199997
-0.428347,-0.384111,1.55203,-0.424525,-0.38114,1.54783,-0.00744674,0.0258891,-0.0259729,59.3966,0.0002,3.22554e-10,-3.65601e-08,3.22554e-10,0.000200008,-9.40778e-07,-3.65601e-08,-9.40778e-07,0.000199997
-0.431956,-0.384,1.55307,-0.435872,-0.384066,1.5547,-0.00845618,0.0258996,-0.0259306,54.7184,0.0002,3.41055e-10,-3.97162e-08,3.41055e-10,0.000200008,-9.38781e-07,-3.97162e-08,-9.38781e-07,0.000199997
-0.434884,-0.383887,1.55368,-0.435962,-0.383724,1.55424,-0.0086838,0.0260132,-0.025315,55.0808,0.0002,3.13206e-10,-3.46916e-08,3.13206e-10,0.000200008,-9.41037e-07,-3.46916e-08,-9.41037e-07,0.000199997
-0.43725,-0.38372,1.55423,-0.436192,-0.383555,1.55388,-0.00844994,0.0261798,-0.0257685,55.0808,0.0002,3.2991e-10,-3.79621e-08,3.2991e-10,0.000200008,-9.38973e-07,-3.79621e-08,-9.38973e-07,0.000199997
-0.439188,-0.383502,1.55451,-0.436364,-0.383079,1.5534,-0.00768809,0.0262976,-0.0254915,55.0377,0.0002,3.32719e-10,-3.82238e-08,3.32719e-10,0.000200008,-9.39388e-07,-3.82238e-08,-9.39388e-07,0.000199997
-0.440753,-0.383196,1.55451,-0.436488,-0.382368,1.55263,-0.00665288,0.0266036,-0.0264875,55.0163,0.0002,3.23307e-10,-3.65959e-08,3.23307e-10,0.000200008,-9.37982e-07,-3.65959e-08,-9.37982e-07,0.000199997
-0.442073,-0.382911,1.55455,-0.436722,-0.382169,1.55217,-0.00537269,0.026889,-0.0264499,54.9306,0.0002,3.16503e-10,-3.55526e-08,3.16503e-10,0.000200008,-9.40487e-07,-3.55526e-08,-9.40487e-07,0.000199997
-0.445808,-0.382759,1.55514,-0.450277,-0.382586,1.55526,-0.00640761,0.026941,-0.0268644,50.1218,0.0002,3.20123e-10,-3.65204e-08,3.20123e-10,0.000200008,-9.36958e-07,-3.65204e-08,-9.36958e-07,0.000199997
-0.448856,-0.382561,1.55555,-0.450419,-0.382155,1.55467,-0.00685609,0.0271387,-0.0264502,49.7494,0.0002,3.13056e-10,-3.52923e-08,3.13056e-10,0.000200008,-9.39839e-07,-3.52923e-08,-9.39839e-07,0.000199997
-0.45128,-0.382315,1.55563,-0.450559,-0.381819,1.55406,-0.00667991,0.0273846,-0.027368,50.0993,0.0002,3.25634e-10,-3.77218e-08,3.25634e-10,0.000200008,-9.3483e-07,-3.77218e-08,-9.3483e-07,0.000199997
-0.453306,-0.382079,1.55573,-0.450779,-0.38152,1.55356,-0.00600581,0.027521,-0.0272745,50.0645,0.0002,3.16618e-10,-3.58923e-08,3.16618e-10,0.000200008,-9.38483e-07,-3.58923e-08,-9.38483e-07,0.000199997
-0.454934,-0.381733,1.55552,-0.450921,-0.380738,1.55279,-0.00503373,0.0278666,-0.0284822,50.0635,0.0002,3.08278e-10,-3.46939e-08,3.08278e-10,0.000200008,-9.37417e-07,-3.46939e-08,-9.37417e-07,0.000199997
-0.456272,-0.38134,1.55521,-0.451102,-0.380156,1.55208,-0.00367211,0.0282605,-0.0287898,50.0075,0.0002,3.02218e-10,-3.39969e-08,3.02218e-10,0.000200008,-9.36733e-07,-3.39969e-08,-9.36733e-07,0.000199997
-0.459888,-0.381518,1.55625,-0.463776,-0.382646,1.5588,-0.00468833,0.0280824,-0.0287536,44.5805,0.0002,3.09468e-10,-3.54085e-08,3.09468e-10,0.000200008,-9.37966e-07,-3.54085e-08,-9.37966e-07,0.000199997
-0.462782,-0.381627,1.55715,-0.463777,-0.382476,1.55855,-0.00498155,0.027873,-0.0278478,44.239,0.0002,3.12998e-10,-3.59075e-08,3.12998e-10,0.000200008,-9.38771e-07,-3.59075e-08,-9.38771e-07,0.000199997
-0.465109,-0.381691,1.55785,-0.463891,-0.382193,1.55812,-0.00460875,0.0278095,-0.0281462,44.9189,0.0002,2.81772e-10,-3.07666e-08,2.81772e-10,0.000200008,-9.37664e-07,-3.07666e-08,-9.37664e-07,0.000199997
-0.466974,-0.381733,1.55844,-0.463911,-0.382358,1.55822,-0.00387408,0.0277673,-0.0285649,44.914,0.0002,2.97346e-10,-3.40463e-08,2.97346e-10,0.000200008,-9.36877e-07,-3.40463e-08,-9.36877e-07,0.000199997
-0.468475,-0.381699,1.5587,-0.463955,-0.38191,1.55784,-0.00277532,0.0278015,-0.0283027,45.194,0.0002,2.88568e-10,-3.25999e-08,2.88568e-10,0.000200008,-9.3642e-07,-3.25999e-08,-9.3642e-07,0.000199997
-0.469642,-0.381668,1.5591,-0.463833,-0.381841,1.55784,-0.00124157,0.0278317,-0.0289028,44.8368,0.0002,2.69648e-10,-2.97848e-08,2.69648e-10,0.000200008,-9.34451e-07,-2.97848e-08,-9.34451e-07,0.000199997
-0.473753,-0.380452,1.55882,-0.479674,-0.376045,1.55582,-0.00275297,0.0290483,-0.0291818,42.0626,0.0002,2.86287e-10,-3.30526e-08,2.86287e-10,0.000200008,-9.34836e-07,-3.30526e-08,-9.34836e-07,0.000199997
-0.47712,-0.379198,1.55834,-0.480115,-0.374601,1.55424,-0.00351953,0.0303016,-0.0306591,41.9821,0.0002,2.89492e-10,-3.34903e-08,2.89492e-10,0.000200008,-9.33398e-07,-3.34903e-08,-9.33398e-07,0.000199997
-0.479863,-0.377992,1.55758,-0.480312,-0.373538,1.55268,-0.00366294,0.0315082,-0.0314152,41.976,0.0002,2.83117e-10,-3.22758e-08,2.83117e-10,0.000200008,-9.34192e-07,-3.22758e-08,-9.34192e-07,0.000199997
-0.482148,-0.376762,1.55688,-0.480712,-0.372177,1.55123,-0.00324834,0.0326377,-0.0331192,41.8547,0.0002,2.69024e-10,-2.99927e-08,2.69024e-10,0.000200008,-9.36418e-07,-2.99927e-08,-9.36418e-07,0.000199997
-0.483995,-0.375598,1.55593,-0.480911,-0.371388,1.54993,-0.00249489,0.0338019,-0.0340691,41.8822,0.0002,2.79635e-10,-3.21812e-08,2.79635e-10,0.000200008,-9.34386e-07,-3.21812e-08,-9.34386e-07,0.000199997
-0.488219,-0.374978,1.55624,-0.494593,-0.372873,1.55559,-0.00401948,0.0344216,-0.034758,41.4563,0.0002,2.80585e-10,-3.22497e-08,2.80585e-10,0.000200008,-9.34797e-07,-3.22497e-08,-9.34797e-07,0.000199997
-0.491615,-0.374384,1.55633,-0.494671,-0.372382,1.55479,-0.00481471,0.0350159,-0.0346704,41.4202,0.0002,2.80628e-10,-3.21887e-08,2.80628e-10,0.000200008,-9.35065e-07,-3.21887e-08,-9.35065e-07,0.000199997
-0.494361,-0.373745,1.55623,-0.494821,-0.371569,1.55393,-0.0049609,0.0356546,-0.0357718,41.3523,0.0002,2.80427e-10,-3.21202e-08,2.80427e-10,0.000200008,-9.35237e-07,-3.21202e-08,-9.35237e-07,0.000199997
-0.496596,-0.373083,1.55595,-0.495011,-0.370816,1.55292,-0.00459583,0.0363173,-0.0360544,41.3309,0.0002,2.80448e-10,-3.21105e-08,2.80448e-10,0.000200008,-9.35345e-07,-3.21105e-08,-9.35345e-07,0.000199997
-0.498412,-0.372388,1.55553,-0.495154,-0.369999,1.55199,-0.00371235,0.0370121,-0.0374675,41.3236,0.0002,2.8104e-10,-3.21995e-08,2.8104e-10,0.000200008,-9.35412e-07,-3.21995e-08,-9.35412e-07,0.000199997
-0.499903,-0.371683,1.5551,-0.495393,-0.369206,1.55117,-0.00260286,0.0378171,-0.0388994,41.2662,0.0002,2.71257e-10,-3.06424e-08,2.71257e-10,0.000200008,-9.33774e-07,-3.06424e-08,-9.33774e-07,0.000199997
-0.503826,-0.370761,1.55529,-0.508992,-0.367463,1.55353,-0.00392557,0.0387388,-0.0387087,40.5045,0.0002,2.75148e-10,-3.1491e-08,2.75148e-10,0.000200008,-9.34398e-07,-3.1491e-08,-9.34398e-07,0.000199997
-0.50697,-0.3698,1.555,-0.50908,-0.366402,1.55225,-0.00447042,0.0396996,-0.0400024,40.403,0.0002,2.88449e-10,-3.37259e-08,2.88449e-10,0.000200008,-9.3307e-07,-3.37259e-08,-9.3307e-07,0.000199997
-0.509548,-0.368949,1.55468,-0.509228,-0.365835,1.55152,-0.00434839,0.0405513,-0.04032,40.4336,0.0002,2.69702e-10,-3.02018e-08,2.69702e-10,0.000200008,-9.37399e-07,-3.02018e-08,-9.37399e-07,0.000199997
-0.511597,-0.368124,1.55433,-0.509322,-0.365283,1.55072,-0.00379698,0.0413757,-0.0406713,40.4001,0.0002,2.8482e-10,-3.30524e-08,2.8482e-10,0.000200008,-9.34984e-07,-3.30524e-08,-9.34984e-07,0.000199997
-0.513272,-0.367316,1.55376,-0.509448,-0.364493,1.54961,-0.00277191,0.042184,-0.0422381,40.4216,0.0002,2.88046e-10,-3.33469e-08,2.88046e-10,0.000200008,-9.35161e-07,-3.33469e-08,-9.35161e-07,0.000199997
-0.514645,-0.366448,1.55298,-0.509665,-0.363341,1.54827,-0.00154473,0.0430521,-0.0430225,40.2831,0.0002,2.80757e-10,-3.20232e-08,2.80757e-10,0.000200008,-9.33594e-07,-3.20232e-08,-9.33594e-07,0.000199997
-0.518785,-0.364284,1.55179,-0.524826,-0.356066,1.5452,-0.00308548,0.0452162,-0.0452071,38.6014,0.0002,2.8722e-10,-3.31432e-08,2.8722e-10,0.000200008,-9.34255e-07,-3.31432e-08,-9.34255e-07,0.000199997
-0.522157,-0.362176,1.55044,-0.525178,-0.354252,1.54287,-0.00385748,0.0474245,-0.0465564,38.5156,0.0002,3.04544e-10,-3.59022e-08,3.04544e-10,0.000200008,-9.32931e-07,-3.59022e-08,-9.32931e-07,0.000199997
-0.524929,-0.360204,1.54897,-0.525492,-0.352791,1.54119,-0.00392865,0.049396,-0.0490345,38.7471,0.0002,3.11274e-10,-3.6479e-08,3.11274e-10,0.000200008,-9.33797e-07,-3.6479e-08,-9.33797e-07,0.000199997
-0.527201,-0.358267,1.54736,-0.525878,-0.351008,1.53906,-0.00360119,0.0513329,-0.050644,38.6772,0.0002,3.17924e-10,-3.72733e-08,3.17924e-10,0.000200008,-9.30929e-07,-3.72733e-08,-9.30929e-07,0.000199997
-0.529125,-0.356288,1.54553,-0.526249,-0.348936,1.53668,-0.00292501,0.0533123,-0.0534699,38.6113,0.0002,3.38649e-10,-4.01632e-08,3.38649e-10,0.000200008,-9.34134e-07,-4.01632e-08,-9.34134e-07,0.000199997
-0.533245,-0.354519,1.54485,-0.539257,-0.347895,1.53995,-0.00444482,0.0550813,-0.0541489,38.1821,0.0002,3.35984e-10,-3.90905e-08,3.35984e-10,0.000200008,-9.32839e-07,-3.90905e-08,-9.32839e-07,0.000199997
-0.536675,-0.352738,1.54385,-0.539878,-0.346138,1.53796,-0.00517513,0.0569615,-0.0561542,38.0874,0.0002,3.45895e-10,-4.04025e-08,3.45895e-10,0.000200008,-9.33658e-07,-4.04025e-08,-9.33658e-07,0.000199997
-0.53951,-0.350967,1.54271,-0.540334,-0.344415,1.53628,-0.00541043,0.058733,-0.0572936,38.0081,0.0002,3.55573e-10,-4.15805e-08,3.55573e-10,0.000200008,-9.34166e-07,-4.15805e-08,-9.34166e-07,0.000199997
-0.54177,-0.349174,1.54134,-0.540292,-0.342553,1.53399,-0.00507026,0.0605261,-0.0596634,37.8677,0.0002,3.65239e-10,-4.2718e-08,3.65239e-10,0.000200008,-9.34473e-07,-4.2718e-08,-9.34473e-07,0.000199997
-0.543674,-0.347479,1.54004,-0.540931,-0.34121,1.53268,-0.00437406,0.0623205,-0.0609575,37.9522,0.0002,3.6243e-10,-4.20319e-08,3.6243e-10,0.000200008,-9.29595e-07,-4.20319e-08,-9.29595e-07,0.000199997
-0.54536,-0.34574,1.53861,-0.541587,-0.339362,1.53101,-0.00335973,0.0640602,-0.0633906,37.8241,0.0002,3.75308e-10,-4.39036e-08,3.75308e-10,0.000200008,-9.31504e-07,-4.39036e-08,-9.31504e-07,0.000199997
-0.549015,-0.343642,1.53767,-0.553227,-0.33583,1.53269,-0.00441499,0.0661576,-0.0643297,38.1873,0.0002,3.86989e-10,-4.55287e-08,3.86989e-10,0.000200008,-9.29297e-07,-4.55287e-08,-9.29297e-07,0.000199997
-0.552179,-0.341529,1.53659,-0.554318,-0.333671,1.5304,-0.00497853,0.0682715,-0.0664116,38.0961,0.0002,3.99157e-10,-4.69398e-08,3.99157e-10,0.000200008,-9.31272e-07,-4.69398e-08,-9.31272e-07,0.000199997
-0.554855,-0.339391,1.53537,-0.555102,-0.331508,1.52831,-0.00505493,0.0705088,-0.0676319,38.1179,0.0002,4.19909e-10,-4.98238e-08,4.19909e-10,0.000200008,-9.3076e-07,-4.98238e-08,-9.3076e-07,0.000199997
-0.557082,-0.337247,1.53376,-0.55553,-0.329248,1.52579,-0.00458225,0.0726528,-0.0692402,38.3123,0.0002,4.1792e-10,-4.87298e-08,4.1792e-10,0.000200008,-9.30524e-07,-4.87298e-08,-9.30524e-07,0.000199997
-0.559054,-0.335123,1.53222,-0.556481,-0.327222,1.5239,-0.00405418,0.074777,-0.0717769,38.1798,0.0002,4.18575e-10,-4.85151e-08,4.18575e-10,0.000200008,-9.30348e-07,-4.85151e-08,-9.30348e-07,0.000199997
-0.560712,-0.332945,1.5304,-0.556883,-0.324848,1.52158,-0.00301182,0.077055,-0.074598,38.0982,0.0002,4.22242e-10,-4.89453e-08,4.22242e-10,0.000200008,-9.30205e-07,-4.89453e-08,-9.30205e-07,0.000199997
-0.565019,-0.329232,1.52852,-0.571789,-0.315021,1.51886,-0.00471893,0.0807677,-0.0764788,36.5492,0.0002,4.28368e-10,-4.97771e-08,4.28368e-10,0.000200008,-9.30084e-07,-4.97771e-08,-9.30084e-07,0.000199997
-0.568703,-0.325471,1.52623,-0.573032,-0.311038,1.51525,-0.00580259,0.0846288,-0.0787696,36.7097,0.0002,4.25713e-10,-4.91944e-08,4.25713e-10,0.000200008,-9.2834e-07,-4.91944e-08,-9.2834e-07,0.000199997
-0.571825,-0.321651,1.52361,-0.573973,-0.307167,1.51162,-0.00632533,0.0884492,-0.0823902,36.6442,0.0002,4.58067e-10,-5.46357e-08,4.58067e-10,0.000200008,-9.25257e-07,-5.46357e-08,-9.25257e-07,0.000199997
-0.574674,-0.31743,1.51219,-0.575614,-0.301234,1.50628,-0.00647394,0.0927702,-0.083812,36.3488,0.0002,4.91346e-10,-5.91969e-08,4.91346e-10,0.000200008,-9.26549e-07,-5.91969e-08,-9.26549e-07,0.000199997
-0.577315,-0.312748,1.49729,-0.577212,-0.294684,1.50035,-0.00651521,0.0974519,-0.0827102,36.2654,0.0002,5.37053e-10,-6.49534e-08,5.37053e-10,0.000200008,-9.33951e-07,-6.49534e-08,-9.33951e-07,0.000199997
-0.579881,-0.307574,1.48312,-0.579109,-0.287627,1.49389,-0.00638109,0.102626,-0.0808754,36.1594,0.0002,6.07928e-10,-7.34993e-08,6.07928e-10,0.000200008,-9.50225e-07,-7.34993e-08,-9.50225e-07,0.000199997
-0.583901,-0.301803,1.46801,-0.588952,-0.27955,1.4731,-0.00760124,0.108397,-0.0789863,35.1188,0.0002,6.72423e-10,-8.04059e-08,6.72423e-10,0.000200008,-9.60524e-07,-8.04059e-08,-9.60524e-07,0.000199997
-0.587641,-0.295904,1.45404,-0.591215,-0.273353,1.46656,-0.00854114,0.114196,-0.0759559,34.9978,0.0002,7.83489e-10,-9.35119e-08,7.83489e-10,0.000200009,-9.78165e-07,-9.35119e-08,-9.78165e-07,0.000199997
-0.590965,-0.290268,1.44219,-0.5931,-0.268865,1.46125,-0.00906548,0.119732,-0.0718124,34.9168,0.0002,8.91239e-10,-1.05895e-07,8.91239e-10,0.000200009,-9.82108e-07,-1.05895e-07,-9.82108e-07,0.000199997
-0.593745,-0.285153,1.43914,-0.593929,-0.265938,1.45785,-0.00904549,0.124747,-0.0668621,34.9535,0.0002,9.68767e-10,-1.13951e-07,9.68767e-10,0.000200009,-9.7775e-07,-1.13951e-07,-9.7775e-07,0.000199997
-0.596032,-0.280774,1.44174,-0.59447,-0.26464,1.45635,-0.00863158,0.128926,-0.0632646,34.9777,0.0002,1.02774e-09,-1.20316e-07,1.02774e-09,0.000200009,-9.67929e-07,-1.20316e-07,-9.67929e-07,0.000199997
-0.60084,-0.279847,1.43236,-0.609509,-0.277801,1.39327,-0.0108396,0.129653,-0.0726407,34.5052,0.0002,1.05608e-09,-1.22575e-07,1.05608e-09,0.000200009,-9.58456e-07,-1.22575e-07,-9.58456e-07,0.000199997
-0.60481,-0.278568,1.42428,-0.610306,-0.275211,1.39069,-0.0121103,0.130732,-0.0817241,34.5031,0.0002,1.09644e-09,-1.28207e-07,1.09644e-09,0.000200008,-9.46657e-07,-1.28207e-07,-9.46657e-07,0.000199997
-0.608062,-0.277087,1.41769,-0.610692,-0.272976,1.38882,-0.0127619,0.132013,-0.088311,34.4387,0.0002,1.14128e-09,-1.34398e-07,1.14128e-09,0.000200008,-9.3871e-07,-1.34398e-07,-9.3871e-07,0.000199997
-0.610773,-0.275516,1.41192,-0.611207,-0.271148,1.38663,-0.0128732,0.133384,-0.0950835,34.5318,0.0002,1.20091e-09,-1.42518e-07,1.20091e-09,0.000200008,-9.3469e-07,-1.42518e-07,-9.3469e-07,0.000199997
-0.613014,-0.273931,1.40701,-0.61168,-0.269532,1.38517,-0.0125143,0.134769,-0.100993,34.5226,0.0002,1.25078e-09,-1.49105e-07,1.25078e-09,0.000200008,-9.28426e-07,-1.49105e-07,-9.28426e-07,0.000199997
-0.614873,-0.272361,1.4027,-0.612138,-0.268143,1.38392,-0.0117729,0.136139,-0.105298,34.5367,0.0002,1.31045e-09,-1.57798e-07,1.31045e-09,0.000200008,-9.20207e-07,-1.57798e-07,-9.20207e-07,0.000199997
-0.619182,-0.271313,1.40042,-0.62613,-0.269096,1.38907,-0.0134824,0.136987,-0.108581,32.072,0.0002,1.35018e-09,-1.61925e-07,1.35018e-09,0.000200008,-9.18609e-07,-1.61925e-07,-9.18609e-07,0.000199997
-0.622725,-0.270138,1.39819,-0.626651,-0.267373,1.38739,-0.0144247,0.137962,-0.110808,32.1221,0.0002,1.37031e-09,-1.63379e-07,1.37031e-09,0.000200008,-9.16052e-07,-1.63379e-07,-9.16052e-07,0.000199997
-0.625605,-0.268915,1.39632,-0.626906,-0.266082,1.38629,-0.014705,0.138885,-0.113683,32.15,0.0002,1.4075e-09,-1.68342e-07,1.4075e-09,0.000200008,-9.13709e-07,-1.68342e-07,-9.13709e-07,0.000199997
-0.628005,-0.267706,1.39443,-0.627432,-0.264879,1.38531,-0.0145054,0.139894,-0.115571,32.244,0.0002,1.42602e-09,-1.70239e-07,1.42602e-09,0.000200008,-9.10693e-07,-1.70239e-07,-9.10693e-07,0.000199997
-0.629944,-0.266558,1.39289,-0.627484,-0.264051,1.38421,-0.013844,0.140842,-0.118109,32.2023,0.0002,1.45549e-09,-1.73964e-07,1.45549e-09,0.000200008,-9.10037e-07,-1.73964e-07,-9.10037e-07,0.000199997
-0.631514,-0.265673,1.3974,-0.627525,-0.264216,1.38463,-0.0128139,0.141527,-0.120604,32.2152,0.0002,1.46115e-09,-1.7315e-07,1.46115e-09,0.000200008,-9.11937e-07,-1.7315e-07,-9.11937e-07,0.000199997
-0.635376,-0.265896,1.41005,-0.640196,-0.268966,1.39335,-0.0139765,0.141104,-0.124948,31.0508,0.0002,1.47247e-09,-1.7167e-07,1.47247e-09,0.000200008,-9.25465e-07,-1.7167e-07,-9.25465e-07,0.000199997
-0.63843,-0.266427,1.42028,-0.639785,-0.270683,1.39452,-0.0142297,0.140473,-0.131716,31.022,0.0002,1.46854e-09,-1.67423e-07,1.46854e-09,0.000200008,-9.41593e-07,-1.67423e-07,-9.41593e-07,0.000199997
-0.64086,-0.267134,1.42972,-0.639323,-0.272306,1.39634,-0.0138599,0.139666,-0.139275,30.9993,0.0002,1.50763e-09,-1.69287e-07,1.50763e-09,0.000200008,-9.65137e-07,-1.69287e-07,-9.65137e-07,0.000199997
-0.642735,-0.267814,1.43118,-0.63914,-0.272541,1.39633,-0.0129352,0.138886,-0.148822,30.9079,0.0002,1.47921e-09,-1.62183e-07,1.47921e-09,0.000200009,-9.74458e-07,-1.62183e-07,-9.74458e-07,0.000199997
-0.644238,-0.268151,1.42556,-0.639474,-0.27152,1.39545,-0.0116377,0.138549,-0.15644,31.0089,0.0002,1.47184e-09,-1.62031e-07,1.47184e-09,0.000200009,-9.69468e-07,-1.62031e-07,-9.69468e-07,0.000199997
-0.648885,-0.265787,1.43251,-0.656807,-0.25801,1.45749,-0.0135852,0.140913,-0.14949,28.7626,0.0002,1.46022e-09,-1.61868e-07,1.46022e-09,0.000200009,-9.61063e-07,-1.61868e-07,-9.61063e-07,0.000199997
-0.652624,-0.263769,1.43777,-0.657057,-0.257259,1.45695,-0.0146242,0.142831,-0.145227,28.9586,0.0002,1.41738e-09,-1.5709e-07,1.41738e-09,0.000200008,-9.51245e-07,-1.5709e-07,-9.51245e-07,0.000199997
-0.65563,-0.262068,1.4418,-0.657276,-0.256728,1.45634,-0.0150298,0.144532,-0.141203,28.9004,0.0002,1.35421e-09,-1.49926e-07,1.35421e-09,0.000200008,-9.40398e-07,-1.49926e-07,-9.40398e-07,0.000199997
-0.658037,-0.260678,1.44506,-0.65724,-0.256616,1.45622,-0.0148368,0.145922,-0.138943,28.9076,0.0002,1.3108e-09,-1.45886e-07,1.3108e-09,0.000200008,-9.35127e-07,-1.45886e-07,-9.35127e-07,0.000199997
-0.659952,-0.25947,1.44756,-0.657395,-0.256099,1.45567,-0.0141517,0.14713,-0.136444,28.9194,0.0002,1.26064e-09,-1.41364e-07,1.26064e-09,0.000200008,-9.25161e-07,-1.41364e-07,-9.25161e-07,0.000199997
-0.661477,-0.258731,1.45805,-0.657144,-0.257181,1.45684,-0.0130773,0.147869,-0.136954,28.9085,0.0002,1.18884e-09,-1.3166e-07,1.18884e-09,0.000200008,-9.26516e-07,-1.3166e-07,-9.26516e-07,0.000199997
-0.665858,-0.258912,1.47257,-0.672734,-0.261091,1.46653,-0.0147577,0.147688,-0.138426,28.589,0.0002,1.13232e-09,-1.2423e-07,1.13232e-09,0.000200008,-9.34437e-07,-1.2423e-07,-9.34437e-07,0.000199997
-0.669413,-0.259373,1.48562,-0.672567,-0.262735,1.46795,-0.0155135,0.147327,-0.142378,28.5395,0.0002,1.09471e-09,-1.18512e-07,1.09471e-09,0.000200008,-9.53394e-07,-1.18512e-07,-9.53394e-07,0.000199997
-0.672219,-0.259982,1.49012,-0.672403,-0.263758,1.46842,-0.0155187,0.146818,-0.147877,28.6099,0.0002,1.04183e-09,-1.11069e-07,1.04183e-09,0.000200009,-9.64167e-07,-1.11069e-07,-9.64167e-07,0.000199997
-0.674507,-0.260361,1.48722,-0.672675,-0.263202,1.46795,-0.0151072,0.146539,-0.152783,28.5916,0.0002,1.01802e-09,-1.09113e-07,1.01802e-09,0.000200009,-9.69105e-07,-1.09113e-07,-9.69105e-07,0.000199997
-0.676251,-0.260468,1.48367,-0.672712,-0.262144,1.46726,-0.0141507,0.146532,-0.157328,28.6627,0.0002,9.81333e-10,-1.06392e-07,9.81333e-10,0.000200009,-9.56979e-07,-1.06392e-07,-9.56979e-07,0.000199997
-0.677642,-0.260512,1.48072,-0.672628,-0.2618,1.46701,-0.0129416,0.146688,-0.160279,28.5444,0.0002,9.32315e-10,-1.00933e-07,9.32315e-10,0.000200008,-9.51221e-07,-1.00933e-07,-9.51221e-07,0.000199997
-0.681601,-0.258579,1.48807,-0.687011,-0.251893,1.51589,-0.0143009,0.148721,-0.152934,26.8864,0.0002,9.26695e-10,-1.03093e-07,9.26695e-10,0.000200008,-9.41894e-07,-1.03093e-07,-9.41894e-07,0.000199997
-0.684003,-0.257142,1.49384,-0.687153,-0.252028,1.5157,-0.0149034,0.150258,-0.148158,26.9907,0.0002,7.59477e-10,-8.98525e-08,7.59477e-10,0.000200007,-8.09146e-07,-8.98525e-08,-8.09146e-07,0.000199997
-0.685202,-0.256084,1.49848,-0.687345,-0.252098,1.51578,-0.0155018,0.151316,-0.143519,26.9652,0.0002,5.19924e-10,-6.74128e-08,5.19924e-10,0.000200005,-6.02424e-07,-6.74128e-08,-6.02424e-07,0.000199998
-0.685576,-0.255326,1.50199,-0.68718,-0.252362,1.51605,-0.0159755,0.151974,-0.140006,26.9431,0.0002,3.18818e-10,-4.62927e-08,3.18818e-10,0.000200003,-3.81911e-07,-4.62927e-08,-3.81911e-07,0.000199998
-0.685637,-0.254766,1.50505,-0.687104,-0.252481,1.51633,-0.0162369,0.152534,-0.136948,26.961,0.0002,1.86051e-10,-2.86436e-08,1.86051e-10,0.000200002,-2.05259e-07,-2.86436e-08,-2.05259e-07,0.000199999
-0.68558,-0.253387,1.50761,-0.687203,-0.251794,1.51596,-0.0165801,0.153113,-0.135386,26.9102,0.0002,1.68315e-10,-1.44055e-07,1.68315e-10,0.000200001,-7.1989e-08,-1.44055e-07,-7.1989e-08,0.000199999
-0.686634,-0.251809,1.50978,-0.693617,-0.251559,1.51623,-0.0181336,0.152891,-0.133217,25.8101,0.000200001,-5.85119e-12,-2.8611e-07,-5.85119e-12,0.000200001,4.28137e-08,-2.8611e-07,4.28137e-08,0.000199999
-0.687388,-0.249496,1.51135,-0.693964,-0.250737,1.51536,-0.0193881,0.152604,-0.132653,25.9473,0.000200002,-4.4633e-10,-5.18869e-07,-4.4633e-10,0.0002,1.41489e-07,-5.18869e-07,1.41489e-07,0.000199999
-0.687939,-0.247277,1.51225,-0.693937,-0.249523,1.51426,-0.0205386,0.151823,-0.131748,25.8873,0.000200003,-1.00864e-09,-6.87976e-07,-1.00864e-09,0.000200001,2.12169e-07,-6.87976e-07,2.12169e-07,0.000199999
-0.688389,-0.245113,1.51279,-0.694179,-0.24917,1.51333,-0.0215885,0.150787,-0.13221,25.9188,0.000200005,-1.64292e-09,-8.47078e-07,-1.64292e-09,0.000200001,2.63445e-07,-8.47078e-07,2.63445e-07,0.000199998
-0.688758,-0.243252,1.51314,-0.694335,-0.248619,1.51292,-0.0225577,0.149248,-0.131862,26.0189,0.000200007,-2.20969e-09,-9.5217e-07,-2.20969e-09,0.000200001,2.99635e-07,-9.5217e-07,2.99635e-07,0.000199998
-0.687909,-0.240285,1.51463,-0.688745,-0.242187,1.51838,-0.0223088,0.148715,-0.130368,24.2297,0.000200009,-2.75928e-09,-1.04988e-06,-2.75928e-09,0.000200001,3.27733e-07,-1.04988e-06,3.27733e-07,0.000199997
-0.687247,-0.23786,1.51538,-0.688852,-0.241455,1.5171,-0.0222472,0.14764,-0.130619,24.1825,0.00020001,-3.15628e-09,-1.09719e-06,-3.15628e-09,0.000200001,3.46006e-07,-1.09719e-06,3.46006e-07,0.000199996
-0.6868,-0.235523,1.51587,-0.689154,-0.240378,1.51624,-0.0224004,0.146377,-0.130129,24.2281,0.000200011,-3.4913e-09,-1.15675e-06,-3.4913e-09,0.000200001,3.53841e-07,-1.15675e-06,3.53841e-07,0.000199996
-0.68645,-0.233564,1.51604,-0.689311,-0.239235,1.51545,-0.02265,0.144836,-0.130957,24.2611,0.000200012,-3.71453e-09,-1.17255e-06,-3.71453e-09,0.000200001,3.62558e-07,-1.17255e-06,3.62558e-07,0.000199995
-0.686211,-0.231632,1.51607,-0.689514,-0.238207,1.51457,-0.0230115,0.143068,-0.130932,24.2651,0.000200013,-3.9327e-09,-1.20827e-06,-3.9327e-09,0.000200001,3.67715e-07,-1.20827e-06,3.67715e-07,0.000199995
-0.686077,-0.230089,1.51601,-0.689755,-0.237478,1.51416,-0.0233765,0.141111,-0.130993,24.2824,0.000200013,-4.02453e-09,-1.20735e-06,-4.02453e-09,0.000200001,3.69711e-07,-1.20735e-06,3.69711e-07,0.000199995
-0.684546,-0.226552,1.51747,-0.68258,-0.226671,1.52208,-0.0224461,0.141048,-0.130528,21.413,0.000200014,-4.13581e-09,-1.22892e-06,-4.13581e-09,0.000200001,3.70554e-07,-1.22892e-06,3.70554e-07,0.000199995
-0.683393,-0.223557,1.5184,-0.682896,-0.225209,1.52086,-0.0218927,0.140443,-0.129598,21.4864,0.000200014,-4.15294e-09,-1.22253e-06,-4.15294e-09,0.000200001,3.69342e-07,-1.22253e-06,3.69342e-07,0.000199995
-0.682493,-0.220838,1.51891,-0.683143,-0.224117,1.51968,-0.0215926,0.139562,-0.129088,21.617,0.000200014,-4.23252e-09,-1.23538e-06,-4.23252e-09,0.000200001,3.72446e-07,-1.23538e-06,3.72446e-07,0.000199994
-0.681807,-0.218572,1.51923,-0.683129,-0.223087,1.51892,-0.0215074,0.138328,-0.129768,21.5938,0.000200014,-4.19633e-09,-1.22525e-06,-4.19633e-09,0.000200001,3.68104e-07,-1.22525e-06,3.68104e-07,0.000199994
-0.681321,-0.216475,1.51923,-0.683633,-0.222245,1.51794,-0.0215215,0.136825,-0.129773,21.6538,0.000200014,-4.25697e-09,-1.23723e-06,-4.25697e-09,0.000200001,3.71277e-07,-1.23723e-06,3.71277e-07,0.000199994
-0.680977,-0.214726,1.51908,-0.683613,-0.221257,1.51721,-0.0217769,0.134974,-0.12992,21.6517,0.000200014,-4.19224e-09,-1.22485e-06,-4.19224e-09,0.000200001,3.65466e-07,-1.22485e-06,3.65466e-07,0.000199994
-0.679196,-0.211089,1.52108,-0.676221,-0.21077,1.5275,-0.0205962,0.135011,-0.128924,19.0254,0.000200014,-4.24231e-09,-1.23875e-06,-4.24231e-09,0.000200001,3.6801e-07,-1.23875e-06,3.6801e-07,0.000199994
-0.677865,-0.20787,1.51648,-0.676439,-0.208444,1.52541,-0.0197645,0.13473,-0.12652,19.0427,0.000200014,-4.18661e-09,-1.22175e-06,-4.18661e-09,0.000200001,3.65474e-07,-1.22175e-06,3.65474e-07,0.000199994
-0.676975,-0.204348,1.50405,-0.677199,-0.204628,1.52197,-0.019475,0.134652,-0.121946,19.1977,0.000200014,-4.2334e-09,-1.23813e-06,-4.2334e-09,0.000200001,3.67099e-07,-1.23813e-06,3.67099e-07,0.000199994
-0.676369,-0.201223,1.4996,-0.677683,-0.202367,1.51987,-0.019369,0.134277,-0.117401,19.2519,0.000200014,-4.18152e-09,-1.22627e-06,-4.18152e-09,0.000200001,3.63663e-07,-1.22627e-06,3.63663e-07,0.000199994
-0.675894,-0.198412,1.50244,-0.677864,-0.20142,1.5189,-0.0195936,0.133488,-0.112555,19.321,0.000200014,-4.1881e-09,-1.23953e-06,-4.1881e-09,0.000200001,3.61293e-07,-1.23953e-06,3.61293e-07,0.000199994
-0.67377,-0.195915,1.5019,-0.669317,-0.199504,1.49911,-0.0180696,0.132385,-0.113103,18.5095,0.000200014,-4.1471e-09,-1.22795e-06,-4.1471e-09,0.000200001,3.59836e-07,-1.22795e-06,3.59836e-07,0.000199994
-0.672078,-0.193588,1.50143,-0.669559,-0.198319,1.49803,-0.0169779,0.131212,-0.114566,18.4843,0.000200014,-4.20095e-09,-1.23544e-06,-4.20095e-09,0.000200001,3.65178e-07,-1.23544e-06,3.65178e-07,0.000199994
-0.670803,-0.191513,1.50089,-0.66986,-0.196562,1.49682,-0.0164027,0.129787,-0.115112,18.5886,0.000200014,-4.1674e-09,-1.21822e-06,-4.1674e-09,0.000200001,3.6555e-07,-1.21822e-06,3.6555e-07,0.000199994
-0.669782,-0.189472,1.50015,-0.66997,-0.19534,1.49564,-0.0159822,0.128228,-0.116846,18.6172,0.000200014,-4.22078e-09,-1.22907e-06,-4.22078e-09,0.000200001,3.69289e-07,-1.22907e-06,3.69289e-07,0.000199994
-0.668997,-0.187796,1.49938,-0.670092,-0.194487,1.49472,-0.0158971,0.126404,-0.117616,18.5908,0.000200014,-4.20506e-09,-1.21555e-06,-4.20506e-09,0.000200001,3.70579e-07,-1.21555e-06,3.70579e-07,0.000199994
-0.668409,-0.186167,1.49851,-0.670293,-0.193628,1.49375,-0.0159091,0.124533,-0.118489,18.8633,0.000200014,-4.23694e-09,-1.22557e-06,-4.23694e-09,0.000200001,3.71401e-07,-1.22557e-06,3.71401e-07,0.000199994
-0.666423,-0.183578,1.50003,-0.662763,-0.186517,1.50455,-0.0146225,0.123622,-0.11797,19.1033,0.000200014,-4.23774e-09,-1.20945e-06,-4.23774e-09,0.000200001,3.75785e-07,-1.20945e-06,3.75785e-07,0.000199994
-0.664894,-0.181158,1.50106,-0.663003,-0.185415,1.50362,-0.0136945,0.122542,-0.116939,19.091,0.000200014,-4.26795e-09,-1.21995e-06,-4.26795e-09,0.000200001,3.75986e-07,-1.21995e-06,3.75986e-07,0.000199994
-0.663712,-0.179017,1.50162,-0.663105,-0.183816,1.50258,-0.0132116,0.121183,-0.116384,19.0814,0.000200014,-4.21888e-09,-1.20824e-06,-4.21888e-09,0.000200001,3.72694e-07,-1.20824e-06,3.72694e-07,0.000199994
-0.662813,-0.176996,1.50183,-0.663384,-0.182802,1.5014,-0.0129133,0.119704,-0.117175,18.9491,0.000200014,-4.22829e-09,-1.2178e-06,-4.22829e-09,0.000200001,3.71521e-07,-1.2178e-06,3.71521e-07,0.000199994
-0.662092,-0.175331,1.50187,-0.66339,-0.18197,1.50049,-0.0127924,0.117869,-0.117126,19.1282,0.000200014,-4.19301e-09,-1.20516e-06,-4.19301e-09,0.000200001,3.71057e-07,-1.20516e-06,3.71057e-07,0.000199994
-0.661558,-0.173716,1.50178,-0.663543,-0.181203,1.49982,-0.0128579,0.115984,-0.11822,19.1587,0.000200014,-4.19924e-09,-1.21768e-06,-4.19924e-09,0.000200001,3.68743e-07,-1.21768e-06,3.68743e-07,0.000199994
-0.659685,-0.170985,1.50403,-0.656195,-0.173284,1.51146,-0.0116848,0.115215,-0.115974,19.0929,0.000200014,-4.13499e-09,-1.20192e-06,-4.13499e-09,0.000200001,3.6567e-07,-1.20192e-06,3.6567e-07,0.000199994
-0.658217,-0.168361,1.50556,-0.656332,-0.171784,1.51045,-0.0108173,0.114339,-0.114439,19.1375,0.000200014,-4.1292e-09,-1.2143e-06,-4.1292e-09,0.000200001,3.62558e-07,-1.2143e-06,3.62558e-07,0.000199994
-0.657066,-0.16619,1.50656,-0.656498,-0.170675,1.50929,-0.010266,0.11301,-0.114443,18.9619,0.000200014,-4.07885e-09,-1.19842e-06,-4.07885e-09,0.000200001,3.61734e-07,-1.19842e-06,3.61734e-07,0.000199994
-0.656163,-0.164083,1.50734,-0.656633,-0.169572,1.5086,-0.00996279,0.111617,-0.113655,19.0239,0.000200014,-4.10488e-09,-1.21219e-06,-4.10488e-09,0.000200001,3.62238e-07,-1.21219e-06,3.62238e-07,0.000199994
-0.655494,-0.162361,1.50767,-0.6567,-0.168704,1.50737,-0.00989422,0.109939,-0.113333,19.25,0.000200013,-4.02209e-09,-1.19933e-06,-4.02209e-09,0.000200001,3.55757e-07,-1.19933e-06,3.55757e-07,0.000199995
-0.655053,-0.160288,1.49919,-0.65716,-0.165881,1.50496,-0.0100534,0.108512,-0.112811,19.2207,0.000200014,-4.04674e-09,-1.21021e-06,-4.04674e-09,0.000200001,3.57327e-07,-1.21021e-06,3.57327e-07,0.000199994
-0.653354,-0.15627,1.48925,-0.650209,-0.153521,1.51301,-0.00895381,0.10903,-0.106749,18.3614,0.000200013,-4.01837e-09,-1.19706e-06,-4.01837e-09,0.000200001,3.57985e-07,-1.19706e-06,3.57985e-07,0.000199995
-0.652112,-0.152159,1.4791,-0.650685,-0.149934,1.50932,-0.00831187,0.109641,-0.0988961,18.446,0.000200014,-4.05719e-09,-1.21671e-06,-4.05719e-09,0.000200001,3.57767e-07,-1.21671e-06,3.57767e-07,0.000199994
-0.651249,-0.148297,1.47085,-0.651177,-0.146421,1.50611,-0.00804928,0.110003,-0.0901465,18.4837,0.000200014,-4.00265e-09,-1.20849e-06,-4.00265e-09,0.000200001,3.52925e-07,-1.20849e-06,3.52925e-07,0.000199994
-0.650564,-0.144811,1.47118,-0.651386,-0.145039,1.50456,-0.00806395,0.109989,-0.081818,18.5336,0.000200014,-4.02097e-09,-1.22363e-06,-4.02097e-09,0.000200001,3.51684e-07,-1.22363e-06,3.51684e-07,0.000199994
-0.649977,-0.142028,1.47686,-0.651475,-0.144179,1.5037,-0.00817713,0.109272,-0.0751388,18.6025,0.000200014,-4.00641e-09,-1.20611e-06,-4.00641e-09,0.000200001,3.55016e-07,-1.20611e-06,3.55016e-07,0.000199994
-0.647686,-0.141328,1.47354,-0.642697,-0.152218,1.45967,-0.00658607,0.106572,-0.078463,17.7916,0.000200014,-4.03372e-09,-1.21087e-06,-4.03372e-09,0.000200001,3.57368e-07,-1.21087e-06,3.57368e-07,0.000199994
-0.645847,-0.140794,1.47101,-0.642688,-0.151746,1.45939,-0.00554661,0.103706,-0.0819851,17.7214,0.000200013,-4.02031e-09,-1.19472e-06,-4.02031e-09,0.000200001,3.60111e-07,-1.19472e-06,3.60111e-07,0.000199995
-0.64436,-0.140081,1.46876,-0.642855,-0.150878,1.45851,-0.00486048,0.100919,-0.08424,17.7455,0.000200014,-4.11448e-09,-1.20215e-06,-4.11448e-09,0.000200001,3.69896e-07,-1.20215e-06,3.69896e-07,0.000199995
-0.643211,-0.139587,1.46691,-0.642939,-0.150465,1.45796,-0.00451125,0.0981131,-0.0860874,17.7938,0.000200013,-4.10086e-09,-1.18139e-06,-4.10086e-09,0.000200001,3.72828e-07,-1.18139e-06,3.72828e-07,0.000199995
-0.642253,-0.138917,1.46535,-0.64284,-0.149828,1.45752,-0.00435342,0.0952827,-0.088653,17.7493,0.000200013,-4.17035e-09,-1.19154e-06,-4.17035e-09,0.000200001,3.77926e-07,-1.19154e-06,3.77926e-07,0.000199995
-0.641502,-0.138506,1.46408,-0.642909,-0.149751,1.45713,-0.00440223,0.0923941,-0.0899192,17.7664,0.000200013,-4.16921e-09,-1.17566e-06,-4.16921e-09,0.000200001,3.8121e-07,-1.17566e-06,3.8121e-07,0.000199995
-0.639656,-0.13609,1.46473,-0.636695,-0.139859,1.4661,-0.00335597,0.0914103,-0.0902684,18.3168,0.000200013,-4.22662e-09,-1.18221e-06,-4.22662e-09,0.000200001,3.85708e-07,-1.18221e-06,3.85708e-07,0.000199995
-0.63822,-0.13402,1.46517,-0.636844,-0.138647,1.46505,-0.00271954,0.0900796,-0.0898273,18.2881,0.000200013,-4.21209e-09,-1.1696e-06,-4.21209e-09,0.000200001,3.86445e-07,-1.1696e-06,3.86445e-07,0.000199995
-0.637082,-0.13206,1.46524,-0.636915,-0.137707,1.46394,-0.00238235,0.0886405,-0.0897586,18.3431,0.000200013,-4.24754e-09,-1.18037e-06,-4.24754e-09,0.000200001,3.87041e-07,-1.18037e-06,3.87041e-07,0.000199995
-0.636216,-0.130453,1.46525,-0.637114,-0.136823,1.46338,-0.00231585,0.0869471,-0.0907522,18.3545,0.000200013,-4.21351e-09,-1.16511e-06,-4.21351e-09,0.000200001,3.8673e-07,-1.16511e-06,3.8673e-07,0.000199995
-0.635526,-0.128816,1.46496,-0.637158,-0.135754,1.46224,-0.00232601,0.0851843,-0.0910374,18.3206,0.000200013,-4.24682e-09,-1.17751e-06,-4.24682e-09,0.000200001,3.87191e-07,-1.17751e-06,3.87191e-07,0.000199995
-0.635009,-0.12751,1.46454,-0.637263,-0.135032,1.46125,-0.00260936,0.0830899,-0.0924633,18.38,0.000200013,-4.19499e-09,-1.16171e-06,-4.19499e-09,0.000200001,3.85102e-07,-1.16171e-06,3.85102e-07,0.000199995
-0.633124,-0.12436,1.46653,-0.629862,-0.125216,1.47261,-0.00152431,0.0828404,-0.0904734,17.9619,0.000200013,-4.21529e-09,-1.17373e-06,-4.21529e-09,0.000200001,3.8455e-07,-1.17373e-06,3.8455e-07,0.000199995
-0.631641,-0.121762,1.46785,-0.629958,-0.12414,1.47159,-0.000841244,0.0821379,-0.0891462,18.1178,0.000200013,-4.16613e-09,-1.15951e-06,-4.16613e-09,0.000200001,3.82773e-07,-1.15951e-06,3.82773e-07,0.000199995
-0.631251,-0.119277,1.46876,-0.630146,-0.123193,1.47051,-0.000350934,0.0812226,-0.0892371,18.1063,0.000200013,-3.26664e-09,-1.18531e-06,-3.26664e-09,0.000200001,2.59757e-07,-1.18531e-06,2.59757e-07,0.000199995
-0.631731,-0.117074,1.46927,-0.630168,-0.121715,1.4691,0.000368542,0.0801258,-0.0887276,18.0519,0.000200013,-1.53004e-09,-1.18903e-06,-1.53004e-09,0.0002,5.44226e-08,-1.18903e-06,5.44226e-08,0.000199995
-0.632746,-0.114866,1.46932,-0.630329,-0.120541,1.46792,0.00135388,0.0789337,-0.0896826,18.0619,0.000200014,6.18117e-10,-1.22504e-06,6.18117e-10,0.0002,-1.72927e-07,-1.22504e-06,-1.72927e-07,0.000199995
-0.633638,-0.111709,1.47219,-0.628399,-0.113092,1.48247,0.00286216,0.0786912,-0.0868061,17.9825,0.000200014,2.87428e-09,-1.23312e-06,2.87428e-09,0.000200001,-3.90056e-07,-1.23312e-06,-3.90056e-07,0.000199995
-0.63453,-0.108797,1.47444,-0.628553,-0.111908,1.48122,0.00476992,0.0782025,-0.0855643,17.9351,0.000200015,4.88553e-09,-1.26194e-06,4.88553e-09,0.000200002,-5.53649e-07,-1.26194e-06,-5.53649e-07,0.000199994
-0.63545,-0.106369,1.47584,-0.628699,-0.110678,1.48024,0.00675002,0.0773308,-0.0841564,17.8949,0.000200015,6.55859e-09,-1.2568e-06,6.55859e-09,0.000200004,-6.87146e-07,-1.2568e-06,-6.87146e-07,0.000199994
-0.635523,-0.103888,1.46861,-0.628855,-0.108525,1.47748,0.008777,0.076312,-0.0823922,17.9102,0.000200015,6.91496e-09,-1.27353e-06,6.91496e-09,0.000200004,-6.558e-07,-1.27353e-06,-6.558e-07,0.000199993
-0.634895,-0.101452,1.45756,-0.629154,-0.105232,1.47437,0.0104048,0.0753476,-0.0784383,17.8616,0.000200015,5.95782e-09,-1.25088e-06,5.95782e-09,0.000200003,-5.12215e-07,-1.25088e-06,-5.12215e-07,0.000199993
-0.633815,-0.0988182,1.44583,-0.629333,-0.102196,1.471,0.0116853,0.0745818,-0.0711698,17.9328,0.000200015,4.3707e-09,-1.24731e-06,4.3707e-09,0.000200002,-3.1861e-07,-1.24731e-06,-3.1861e-07,0.000199994
-0.633911,-0.0944685,1.43414,-0.635975,-0.0901089,1.45719,0.0114893,0.0756315,-0.0658644,16.7091,0.000200014,2.62006e-09,-1.21503e-06,2.62006e-09,0.000200001,-1.37267e-07,-1.21503e-06,-1.37267e-07,0.000199994
-0.633903,-0.0899844,1.42287,-0.63642,-0.085571,1.4524,0.0108972,0.0767156,-0.0581292,16.7443,0.000200014,1.07247e-09,-1.20855e-06,1.07247e-09,0.0002,8.90624e-09,-1.20855e-06,8.90624e-09,0.000199994
-0.633853,-0.0860169,1.42001,-0.636834,-0.0828884,1.44979,0.0103473,0.0773831,-0.0509949,16.7356,0.000200013,-1.97998e-10,-1.17933e-06,-1.97998e-10,0.0002,1.18717e-07,-1.17933e-06,1.18717e-07,0.000199995
-0.633701,-0.0825761,1.4248,-0.636824,-0.0821805,1.44874,0.00959935,0.0775239,-0.0451966,16.7536,0.000200013,-1.24151e-09,-1.18138e-06,-1.24151e-09,0.0002,2.01574e-07,-1.18138e-06,2.01574e-07,0.000199995
-0.633565,-0.0799416,1.42963,-0.637073,-0.0818259,1.44829,0.00883527,0.0769584,-0.0403683,16.7368,0.000200013,-2.02136e-09,-1.15262e-06,-2.02136e-09,0.000200001,2.62925e-07,-1.15262e-06,2.62925e-07,0.000199995
-0.633393,-0.0775023,1.4336,-0.637062,-0.0809966,1.44752,0.008007,0.0760977,-0.0364048,16.7321,0.000200013,-2.69102e-09,-1.1609e-06,-2.69102e-09,0.000200001,3.10704e-07,-1.1609e-06,3.10704e-07,0.000199995
-0.632429,-0.076362,1.42757,-0.633212,-0.084176,1.40187,0.00807069,0.074038,-0.0434338,17.6896,0.000200012,-3.12248e-09,-1.14076e-06,-3.12248e-09,0.000200001,3.41213e-07,-1.14076e-06,3.41213e-07,0.000199995
-0.631683,-0.0751022,1.42274,-0.633412,-0.0830026,1.4009,0.00771731,0.0720978,-0.0482601,17.6296,0.000200012,-3.49005e-09,-1.14582e-06,-3.49005e-09,0.000200001,3.64015e-07,-1.14582e-06,3.64015e-07,0.000199995
-0.631084,-0.0739633,1.41839,-0.633517,-0.0817276,1.3994,0.0073161,0.0700367,-0.05361,17.5788,0.000200012,-3.73681e-09,-1.12904e-06,-3.73681e-09,0.000200001,3.83007e-07,-1.12904e-06,3.83007e-07,0.000199995
-0.630605,-0.0727949,1.41486,-0.63365,-0.0810556,1.39852,0.00679504,0.0679051,-0.0571401,17.6139,0.000200012,-3.99403e-09,-1.13786e-06,-3.99403e-09,0.000200001,3.99908e-07,-1.13786e-06,3.99908e-07,0.000199995
-0.630254,-0.0718462,1.41174,-0.633636,-0.08036,1.39769,0.00614578,0.0656538,-0.0612555,17.6538,0.000200012,-4.09096e-09,-1.12328e-06,-4.09096e-09,0.000200001,4.0573e-07,-1.12328e-06,4.0573e-07,0.000199995
-0.62996,-0.0707191,1.40916,-0.633851,-0.0790591,1.39629,0.00543964,0.0635809,-0.0638378,17.6434,0.000200012,-4.26724e-09,-1.1312e-06,-4.26724e-09,0.000200002,4.18586e-07,-1.1312e-06,4.18586e-07,0.000199995
-0.628176,-0.0679178,1.40931,-0.625847,-0.0689652,1.40802,0.00622417,0.0631822,-0.0646891,18.5816,0.000200012,-4.30203e-09,-1.11622e-06,-4.30203e-09,0.000200002,4.21307e-07,-1.11622e-06,4.21307e-07,0.000199995
-0.626753,-0.0654192,1.40922,-0.625978,-0.0683054,1.40694,0.00654711,0.0623808,-0.0647842,18.64,0.000200012,-4.40058e-09,-1.12681e-06,-4.40058e-09,0.000200002,4.26264e-07,-1.12681e-06,4.26264e-07,0.000199995
-0.625647,-0.0633979,1.40888,-0.626085,-0.0675005,1.40598,0.00665344,0.0613021,-0.0661158,18.6169,0.000200012,-4.39856e-09,-1.11145e-06,-4.39856e-09,0.000200002,4.27637e-07,-1.11145e-06,4.27637e-07,0.000199995
-0.624735,-0.0615147,1.40848,-0.626063,-0.0667971,1.40528,0.00656477,0.0598853,-0.0665193,18.584,0.000200012,-4.47376e-09,-1.12173e-06,-4.47376e-09,0.000200002,4.3193e-07,-1.12173e-06,4.3193e-07,0.000199995
-0.624073,-0.0599877,1.40804,-0.626197,-0.0660796,1.40468,0.00622652,0.0583123,-0.067962,18.569,0.000200012,-4.42811e-09,-1.10863e-06,-4.42811e-09,0.000200002,4.28192e-07,-1.10863e-06,4.28192e-07,0.000199995
-0.622151,-0.0557698,1.40886,-0.619351,-0.0516778,1.41025,0.00714907,0.0592302,-0.0671412,18.8691,0.000200012,-4.4757e-09,-1.1184e-06,-4.4757e-09,0.000200002,4.30645e-07,-1.1184e-06,4.30645e-07,0.000199995
-0.620652,-0.0523449,1.40917,-0.619403,-0.0508552,1.40883,0.00764778,0.0595551,-0.0678298,18.8992,0.000200012,-4.42568e-09,-1.10656e-06,-4.42568e-09,0.000200002,4.27222e-07,-1.10656e-06,4.27222e-07,0.000199995
-0.619407,-0.0495049,1.4179,-0.619435,-0.0509472,1.40931,0.00789252,0.0590951,-0.0691027,18.8713,0.000200012,-4.46067e-09,-1.12028e-06,-4.46067e-09,0.000200002,4.27237e-07,-1.12028e-06,4.27237e-07,0.000199995
-0.618459,-0.0474624,1.42939,-0.619358,-0.0517227,1.41029,0.00794105,0.0579376,-0.0736089,18.9184,0.000200012,-4.35375e-09,-1.11863e-06,-4.35375e-09,0.000200002,4.12815e-07,-1.11863e-06,4.12815e-07,0.000199995
-0.617681,-0.0458077,1.44045,-0.619298,-0.0523843,1.41136,0.00791903,0.0561923,-0.0815479,18.9108,0.000200012,-4.31717e-09,-1.14306e-06,-4.31717e-09,0.000200002,4.0105e-07,-1.14306e-06,4.0105e-07,0.000199995
-0.617097,-0.0445745,1.44282,-0.61928,-0.0522484,1.41069,0.00770312,0.0541455,-0.0891837,18.8988,0.000200012,-4.20892e-09,-1.13886e-06,-4.20892e-09,0.000200001,3.89743e-07,-1.13886e-06,3.89743e-07,0.000199995
-0.615642,-0.040361,1.44686,-0.614196,-0.036736,1.45508,0.00835821,0.055029,-0.0871443,20.7552,0.000200012,-4.22495e-09,-1.15181e-06,-4.22495e-09,0.000200001,3.90482e-07,-1.15181e-06,3.90482e-07,0.000199995
-0.614542,-0.0368889,1.44877,-0.614338,-0.0354545,1.45387,0.00865761,0.0552511,-0.0862324,20.6382,0.000200012,-4.13324e-09,-1.13535e-06,-4.13324e-09,0.000200001,3.84989e-07,-1.13535e-06,3.84989e-07,0.000199995
-0.613662,-0.0338602,1.44986,-0.6144,-0.0348358,1.45293,0.00873843,0.0549898,-0.085145,20.6783,0.000200012,-4.12765e-09,-1.1453e-06,-4.12765e-09,0.000200001,3.83317e-07,-1.1453e-06,3.83317e-07,0.000199995
-0.612975,-0.0314292,1.45071,-0.614396,-0.0340575,1.45224,0.00862527,0.0542008,-0.0842855,20.6214,0.000200012,-4.04191e-09,-1.12819e-06,-4.04191e-09,0.000200001,3.78863e-07,-1.12819e-06,3.78863e-07,0.000199995
-0.612387,-0.0294649,1.45985,-0.614314,-0.0344724,1.45319,0.00851327,0.0529051,-0.0861539,20.5853,0.000200012,-4.00219e-09,-1.13562e-06,-4.00219e-09,0.000200001,3.73442e-07,-1.13562e-06,3.73442e-07,0.000199995
-0.611949,-0.0281714,1.47157,-0.614342,-0.0355119,1.45401,0.00825106,0.0509486,-0.090431,20.6466,0.000200012,-3.88386e-09,-1.13053e-06,-3.88386e-09,0.000200001,3.61162e-07,-1.13053e-06,3.61162e-07,0.000199995
-0.610333,-0.0240701,1.48976,-0.607716,-0.0210159,1.48919,0.00916671,0.0516799,-0.0902407,21.3301,0.000200012,-3.79854e-09,-1.15296e-06,-3.79854e-09,0.000200001,3.46193e-07,-1.15296e-06,3.46193e-07,0.000199995
-0.609104,-0.0211138,1.50375,-0.607737,-0.0222665,1.49081,0.00989608,0.0512762,-0.0942544,21.4031,0.000200012,-3.61903e-09,-1.15584e-06,-3.61903e-09,0.000200001,3.24998e-07,-1.15584e-06,3.24998e-07,0.000199995
-0.608134,-0.0187709,1.51594,-0.607704,-0.0230973,1.49169,0.0103655,0.0501791,-0.100064,21.4506,0.000200013,-3.47506e-09,-1.18138e-06,-3.47506e-09,0.000200001,3.04524e-07,-1.18138e-06,3.04524e-07,0.000199995
-0.607382,-0.0171491,1.52518,-0.607676,-0.0237507,1.49296,0.0107178,0.0484009,-0.107818,21.3892,0.000200013,-3.28207e-09,-1.17837e-06,-3.28207e-09,0.000200001,2.85685e-07,-1.17837e-06,2.85685e-07,0.000199995
-0.606755,-0.0157189,1.52542,-0.607556,-0.0235355,1.49274,0.0109455,0.0463911,-0.115577,21.4258,0.000200013,-3.18942e-09,-1.18995e-06,-3.18942e-09,0.000200001,2.77385e-07,-1.18995e-06,2.77385e-07,0.000199995
-0.606162,-0.006475,1.53937,-0.606577,0.0175708,1.58751,0.0111379,0.052315,-0.103627,19.8301,0.000200013,-3.11828e-09,-1.17281e-06,-3.11828e-09,0.000200001,2.77168e-07,-1.17281e-06,2.77168e-07,0.000199995
-0.605705,0.00149354,1.54969,-0.606555,0.0199855,1.58965,0.011195,0.0569435,-0.0943096,19.7124,0.000200013,-3.05864e-09,-1.17665e-06,-3.05864e-09,0.000200001,2.7236e-07,-1.17665e-06,2.7236e-07,0.000199995
-0.60534,0.00814798,1.55867,-0.606455,0.0221098,1.59264,0.0111597,0.060328,-0.0853321,19.6405,0.000200013,-2.93773e-09,-1.15627e-06,-2.93773e-09,0.000200001,2.64323e-07,-1.15627e-06,2.64323e-07,0.000199995
-0.605051,0.0141122,1.56666,-0.606434,0.0246041,1.59763,0.0110491,0.0629922,-0.0773439,19.5098,0.000200013,-2.87358e-09,-1.16609e-06,-2.87358e-09,0.000200001,2.57617e-07,-1.16609e-06,2.57617e-07,0.000199995
-0.604771,0.0192012,1.57425,-0.606045,0.0269725,1.60335,0.0109295,0.0648412,-0.0707477,19.451,0.000200012,-2.74612e-09,-1.14756e-06,-2.74612e-09,0.000200001,2.48086e-07,-1.14756e-06,2.48086e-07,0.000199995
-0.604426,0.0239888,1.58177,-0.605294,0.0298473,1.61024,0.0108742,0.0663388,-0.0632299,19.3922,0.000200013,-2.64916e-09,-1.15844e-06,-2.64916e-09,0.000200001,2.37117e-07,-1.15844e-06,2.37117e-07,0.000199995
-0.603783,0.0299134,1.58969,-0.603409,0.0409908,1.6201,0.0111171,0.0690434,-0.055308,19.7727,0.000200012,-2.53471e-09,-1.14387e-06,-2.53471e-09,0.000200001,2.28892e-07,-1.14387e-06,2.28892e-07,0.000199995
-0.60326,0.035279,1.59717,-0.60321,0.0435224,1.6261,0.0112401,0.071139,-0.0488344,19.7403,0.000200012,-2.4382e-09,-1.15383e-06,-2.4382e-09,0.0002,2.18409e-07,-1.15383e-06,2.18409e-07,0.000199995
-0.602743,0.0398676,1.60441,-0.602704,0.0456789,1.63212,0.0113566,0.0725076,-0.0415887,19.7143,0.000200012,-2.32928e-09,-1.13866e-06,-2.32928e-09,0.0002,2.10805e-07,-1.13866e-06,2.10805e-07,0.000199995
-0.60228,0.0439724,1.61122,-0.602243,0.0470963,1.63718,0.0115195,0.0733424,-0.0347806,19.7662,0.000200012,-2.22729e-09,-1.15315e-06,-2.22729e-09,0.0002,1.98826e-07,-1.15315e-06,1.98826e-07,0.000199995
-0.601803,0.0472869,1.61742,-0.601769,0.0479791,1.64159,0.011597,0.0734569,-0.0295799,19.7922,0.000200012,-2.13243e-09,-1.13918e-06,-2.13243e-09,0.0002,1.92704e-07,-1.13918e-06,1.92704e-07,0.000199995
-0.601363,0.0501266,1.62326,-0.601332,0.0482232,1.64503,0.0116368,0.0730366,-0.0237413,19.8636,0.000200012,-2.05007e-09,-1.15266e-06,-2.05007e-09,0.0002,1.83462e-07,-1.15266e-06,1.83462e-07,0.000199995
-0.600945,0.0538657,1.62855,-0.600916,0.0562449,1.64909,0.0116551,0.0735757,-0.0184483,20.5935,0.000200012,-1.94123e-09,-1.13944e-06,-1.94123e-09,0.0002,1.74638e-07,-1.13944e-06,1.74638e-07,0.000199995
-0.600563,0.0572575,1.63359,-0.600536,0.0576601,1.65277,0.0117367,0.0737075,-0.0134132,20.6581,0.000200012,-1.84355e-09,-1.14987e-06,-1.84355e-09,0.0002,1.64048e-07,-1.14987e-06,1.64048e-07,0.000199995
-0.600173,0.0600231,1.63831,-0.600148,0.0584955,1.65594,0.0117268,0.0732831,-0.00868862,20.671,0.000200012,-1.75645e-09,-1.13824e-06,-1.75645e-09,0.0002,1.57997e-07,-1.13824e-06,1.57997e-07,0.000199995
-0.59982,0.0625577,1.64251,-0.599796,0.0595201,1.659,0.0116803,0.0725677,-0.00548887,20.6968,0.000200012,-1.67543e-09,-1.14958e-06,-1.67543e-09,0.0002,1.49357e-07,-1.14958e-06,1.49357e-07,0.000199995
-0.599442,0.0645719,1.64649,-0.59942,0.0599715,1.66146,0.0117583,0.0713929,-0.00150924,20.7548,0.000200012,-1.61999e-09,-1.14032e-06,-1.61999e-09,0.0002,1.46609e-07,-1.14032e-06,1.46609e-07,0.000199995
-0.599096,0.0662435,1.64994,-0.599077,0.0597948,1.66313,0.0117039,0.0698115,0.00194464,20.729,0.000200012,-1.56128e-09,-1.14974e-06,-1.56128e-09,0.0002,1.40415e-07,-1.14974e-06,1.40415e-07,0.000199995
-0.598769,0.0696348,1.65451,-0.598745,0.0706445,1.67182,0.0117307,0.0700118,0.00651106,21.4545,0.000200012,-1.48822e-09,-1.13713e-06,-1.48822e-09,0.0002,1.34755e-07,-1.13713e-06,1.34755e-07,0.000199995
-0.598467,0.0726927,1.65874,-0.598445,0.0717289,1.67404,0.0116325,0.0698247,0.00973505,21.461,0.000200012,-1.42418e-09,-1.14961e-06,-1.42418e-09,0.0002,1.2752e-07,-1.14961e-06,1.2752e-07,0.000199995
-0.598175,0.0751367,1.66241,-0.598156,0.0724075,1.67586,0.0116253,0.0690877,0.0134135,21.4935,0.000200012,-1.34705e-09,-1.13559e-06,-1.34705e-09,0.0002,1.21396e-07,-1.13559e-06,1.21396e-07,0.000199995
-0.597894,0.0773021,1.66556,-0.597877,0.0727623,1.67719,0.0116063,0.0680151,0.0165578,21.513,0.000200012,-1.29337e-09,-1.14893e-06,-1.29337e-09,0.0002,1.15702e-07,-1.14893e-06,1.15702e-07,0.000199995
-0.597648,0.0790234,1.6684,-0.597695,0.0733505,1.6788,0.011452,0.0665634,0.0183964,21.5325,0.000200012,-1.21774e-09,-1.13694e-06,-1.21774e-09,0.0002,1.0928e-07,-1.13694e-06,1.0928e-07,0.000199995
-0.597529,0.0840063,1.6734,-0.597982,0.0907841,1.69212,0.0112713,0.0683163,0.0233963,22.4837,0.000200012,-1.16436e-09,-1.14817e-06,-1.16436e-09,0.0002,1.03861e-07,-1.14817e-06,1.03861e-07,0.000199995
-0.597472,0.0881874,1.67766,-0.598256,0.0924367,1.69374,0.0110275,0.0693174,0.0276567,22.5359,0.000200012,-1.1246e-09,-1.13368e-06,-1.1246e-09,0.0002,1.02287e-07,-1.13368e-06,1.02287e-07,0.000199995
-0.597524,0.0917758,1.68118,-0.59853,0.0930295,1.69429,0.0105764,0.0696758,0.0311753,22.5163,0.000200012,-1.05479e-09,-1.1445e-06,-1.05479e-09,0.0002,9.40139e-08,-1.1445e-06,9.40139e-08,0.000199995
-0.597553,0.0946212,1.68395,-0.598608,0.093418,1.69474,0.0102469,0.0693512,0.0339522,22.5621,0.000200012,-1.02025e-09,-1.13498e-06,-1.02025e-09,0.0002,9.25695e-08,-1.13498e-06,9.25695e-08,0.000199995
-0.597634,0.0970241,1.6865,-0.598708,0.0935332,1.69509,0.00976609,0.0685241,0.0354984,22.5882,0.000200012,-9.56414e-10,-1.1455e-06,-9.56414e-10,0.0002,8.50899e-08,-1.1455e-06,8.50899e-08,0.000199995
-0.597696,0.0988408,1.68838,-0.598796,0.0935791,1.69526,0.00940389,0.0671708,0.0373784,22.5948,0.000200012,-9.19242e-10,-1.1339e-06,-9.19242e-10,0.0002,8.31897e-08,-1.1339e-06,8.31897e-08,0.000199995
-0.597582,0.102731,1.68987,-0.597892,0.105131,1.69455,0.00921839,0.0678414,0.0388677,23.9804,0.000200012,-8.79175e-10,-1.14681e-06,-8.79175e-10,0.0002,7.87545e-08,-1.14681e-06,7.87545e-08,0.000199995
-0.597483,0.105955,1.69104,-0.597831,0.106439,1.69444,0.00901661,0.0679052,0.0390368,24.0327,0.000200012,-8.28482e-10,-1.13105e-06,-8.28482e-10,0.0002,7.47472e-08,-1.13105e-06,7.47472e-08,0.000199995
-0.597373,0.108874,1.69183,-0.597742,0.107434,1.69404,0.00882682,0.0676045,0.0398285,24.0196,0.000200012,-8.16239e-10,-1.14357e-06,-8.16239e-10,0.0002,7.4159e-08,-1.14357e-06,7.4159e-08,0.000199995
-0.597306,0.111171,1.69227,-0.597713,0.107898,1.69308,0.00849396,0.0667408,0.0402687,24.0784,0.000200012,-7.64147e-10,-1.13051e-06,-7.64147e-10,0.0002,6.9164e-08,-1.13051e-06,6.9164e-08,0.000199995
-0.597231,0.113304,1.69252,-0.597636,0.108732,1.69257,0.00826869,0.0656639,0.0405192,24.0654,0.000200012,-7.39025e-10,-1.14284e-06,-7.39025e-10,0.0002,6.66907e-08,-1.14284e-06,6.66907e-08,0.000199995
-0.597139,0.11493,1.69263,-0.597505,0.109025,1.69181,0.0080614,0.0641304,0.0396315,24.1111,0.000200012,-7.17708e-10,-1.12858e-06,-7.17708e-10,0.0002,6.59735e-08,-1.12858e-06,6.59735e-08,0.000199996
-0.596891,0.116039,1.68004,-0.59696,0.107391,1.62936,0.00800934,0.0620293,0.0270412,24.6494,0.000200012,-7.04776e-10,-1.14161e-06,-7.04776e-10,0.0002,6.45632e-08,-1.14161e-06,6.45632e-08,0.000199995
-0.596594,0.117263,1.66948,-0.5966,0.109773,1.62596,0.00800622,0.0601026,0.016478,24.5455,0.000200012,-7.29924e-10,-1.12747e-06,-7.29924e-10,0.0002,6.95659e-08,-1.12747e-06,6.95659e-08,0.000199996
-0.596253,0.118812,1.66038,-0.596114,0.112003,1.62275,0.00804663,0.0584625,0.00738488,24.474,0.000200012,-7.76037e-10,-1.13841e-06,-7.76037e-10,0.0002,7.49396e-08,-1.13841e-06,7.49396e-08,0.000199996
-0.595829,0.120272,1.65248,-0.59544,0.113803,1.6199,0.00817139,0.0567919,-0.00152196,24.474,0.000200012,-8.31572e-10,-1.12294e-06,-8.31572e-10,0.0002,8.24906e-08,-1.12294e-06,8.24906e-08,0.000199996
-0.595329,0.121956,1.64573,-0.594823,0.115797,1.61746,0.00837057,0.0552859,-0.00827332,24.3571,0.000200012,-9.33722e-10,-1.13183e-06,-9.33722e-10,0.0002,9.39636e-08,-1.13183e-06,9.39636e-08,0.000199996
-0.594789,0.126325,1.64129,-0.593914,0.131512,1.62257,0.00861104,0.0565347,-0.012715,24.3312,0.000200012,-9.69257e-10,-1.11792e-06,-9.69257e-10,0.0002,9.70489e-08,-1.11792e-06,9.70489e-08,0.000199996
-0.59412,0.130452,1.63705,-0.592996,0.13397,1.61949,0.00907998,0.0574717,-0.0169488,24.2611,0.000200012,-1.0731e-09,-1.13151e-06,-1.0731e-09,0.0002,1.07728e-07,-1.13151e-06,1.07728e-07,0.000199996
-0.593466,0.134058,1.63328,-0.59223,0.136208,1.6166,0.00943397,0.0579483,-0.0217233,24.1783,0.000200012,-1.09754e-09,-1.11739e-06,-1.09754e-09,0.0002,1.09208e-07,-1.11739e-06,1.09208e-07,0.000199996
-0.592759,0.137502,1.62957,-0.591419,0.13836,1.6138,0.00984086,0.0582117,-0.0254304,24.1403,0.000200012,-1.15508e-09,-1.12878e-06,-1.15508e-09,0.0002,1.13819e-07,-1.12878e-06,1.13819e-07,0.000199996
-0.59207,0.140534,1.62623,-0.590934,0.140438,1.61163,0.0102298,0.0581237,-0.0287656,24.1277,0.000200012,-1.21468e-09,-1.11393e-06,-1.21468e-09,0.0002,1.21275e-07,-1.11393e-06,1.21275e-07,0.000199996
-0.591441,0.143464,1.62308,-0.590485,0.142281,1.60954,0.0105593,0.0578844,-0.0319151,24.1112,0.000200012,-1.26496e-09,-1.12625e-06,-1.26496e-09,0.0002,1.24454e-07,-1.12625e-06,1.24454e-07,0.000199996
-0.590643,0.148954,1.62157,-0.588882,0.158705,1.61489,0.0111571,0.0602543,-0.0344274,24.6646,0.000200012,-1.26479e-09,-1.11162e-06,-1.26479e-09,0.0002,1.23884e-07,-1.11162e-06,1.23884e-07,0.000199996
-0.589841,0.154075,1.62,-0.588272,0.161704,1.6118,0.0116593,0.0622048,-0.0360018,24.5847,0.000200012,-1.32489e-09,-1.12295e-06,-1.32489e-09,0.0002,1.29738e-07,-1.12295e-06,1.29738e-07,0.000199996
-0.589111,0.158594,1.61803,-0.587839,0.164516,1.6092,0.0120887,0.0636144,-0.0379714,24.57,0.000200012,-1.35329e-09,-1.10793e-06,-1.35329e-09,0.0002,1.33624e-07,-1.10793e-06,1.33624e-07,0.000199996
-0.588465,0.162941,1.61601,-0.587468,0.167489,1.60666,0.012435,0.0648015,-0.039991,24.5409,0.000200012,-1.37818e-09,-1.12023e-06,-1.37818e-09,0.0002,1.34095e-07,-1.12023e-06,1.34095e-07,0.000199996
-0.587817,0.166814,1.61379,-0.58687,0.17021,1.6043,0.0128834,0.065514,-0.0432061,24.5257,0.000200011,-1.38956e-09,-1.1042e-06,-1.38956e-09,0.0002,1.36373e-07,-1.1042e-06,1.36373e-07,0.000199996
-0.587192,0.170618,1.61171,-0.586337,0.172998,1.60209,0.0132081,0.0662177,-0.045294,24.5116,0.000200012,-1.41666e-09,-1.11764e-06,-1.41666e-09,0.0002,1.37596e-07,-1.11764e-06,1.37596e-07,0.000199996
-0.586573,0.176008,1.61219,-0.585776,0.185416,1.61316,0.0135269,0.0685077,-0.0448123,24.5172,0.000200011,-1.44258e-09,-1.1041e-06,-1.44258e-09,0.0002,1.41879e-07,-1.1041e-06,1.41879e-07,0.000199996
-0.585986,0.181183,1.612,-0.585198,0.189101,1.61028,0.0139135,0.0704829,-0.0450033,24.5136,0.000200012,-1.44839e-09,-1.11572e-06,-1.44839e-09,0.0002,1.40182e-07,-1.11572e-06,1.40182e-07,0.000199996
-0.585454,0.185842,1.61131,-0.58487,0.192391,1.60794,0.0141462,0.0720422,-0.0466864,24.5341,0.000200011,-1.4266e-09,-1.10097e-06,-1.4266e-09,0.0002,1.38422e-07,-1.10097e-06,1.38422e-07,0.000199996
-0.584922,0.190313,1.61041,-0.584441,0.195469,1.60551,0.0144782,0.0734131,-0.0475937,24.6268,0.000200012,-1.44753e-09,-1.11204e-06,-1.44753e-09,0.0002,1.40065e-07,-1.11204e-06,1.40065e-07,0.000199996
-0.58438,0.194412,1.60913,-0.583853,0.198777,1.60306,0.01472,0.0744124,-0.0488732,24.6167,0.000200011,-1.44083e-09,-1.09691e-06,-1.44083e-09,0.0002,1.40699e-07,-1.09691e-06,1.40699e-07,0.000199996
-0.583896,0.198347,1.60766,-0.583537,0.201262,1.60115,0.0150037,0.0751474,-0.0503421,24.7401,0.000200012,-1.44278e-09,-1.11259e-06,-1.44278e-09,0.0002,1.38946e-07,-1.11259e-06,1.38946e-07,0.000199996
-0.582788,0.205635,1.60708,-0.58006,0.222701,1.60412,0.0159117,0.0793352,-0.0519231,28.1769,0.000200011,-1.45784e-09,-1.09888e-06,-1.45784e-09,0.0002,1.4271e-07,-1.09888e-06,1.4271e-07,0.000199996
-0.58181,0.212448,1.60594,-0.579496,0.226983,1.60011,0.0165903,0.0830479,-0.0530625,28.2948,0.000200011,-1.45961e-09,-1.11036e-06,-1.45961e-09,0.0002,1.41134e-07,-1.11036e-06,1.41134e-07,0.000199996
-0.580912,0.218344,1.60441,-0.578971,0.229853,1.59705,0.0172876,0.085844,-0.0545864,28.3625,0.000200011,-1.45024e-09,-1.09724e-06,-1.45024e-09,0.0002,1.41313e-07,-1.09724e-06,1.41313e-07,0.000199996
-0.580073,0.223638,1.6025,-0.578369,0.23221,1.59422,0.0178272,0.0880378,-0.0564999,28.4688,0.000200011,-1.45883e-09,-1.10577e-06,-1.45883e-09,0.0002,1.41503e-07,-1.10577e-06,1.41503e-07,0.000199996
-0.579308,0.228077,1.60071,-0.577946,0.233767,1.59229,0.0183918,0.0893774,-0.0592886,28.5393,0.000200011,-1.45886e-09,-1.09413e-06,-1.45886e-09,0.0002,1.42878e-07,-1.09413e-06,1.42878e-07,0.000199996
-0.577978,0.236286,1.5995,-0.57434,0.25652,1.59403,0.019522,0.0944859,-0.0604992,32.7077,0.000200011,-1.47632e-09,-1.10358e-06,-1.47632e-09,0.0002,1.43999e-07,-1.10358e-06,1.43999e-07,0.000199996
-0.576796,0.243153,1.59788,-0.573896,0.258555,1.59076,0.0204045,0.0982532,-0.062121,32.8284,0.000200011,-1.50545e-09,-1.09266e-06,-1.50545e-09,0.0002,1.49097e-07,-1.09266e-06,1.49097e-07,0.000199996
-0.575763,0.249045,1.59618,-0.573313,0.260075,1.58842,0.0212374,0.101045,-0.0638232,32.8727,0.000200011,-1.5072e-09,-1.10075e-06,-1.5072e-09,0.0002,1.47434e-07,-1.10075e-06,1.47434e-07,0.000199996
-0.574813,0.253896,1.59431,-0.572677,0.261244,1.58621,0.0219873,0.102796,-0.0656913,32.8642,0.000200011,-1.48852e-09,-1.09048e-06,-1.48852e-09,0.0002,1.45776e-07,-1.09048e-06,1.45776e-07,0.000199996
-0.574013,0.258079,1.59266,-0.572642,0.262168,1.58511,0.0225874,0.103879,-0.0683415,32.9775,0.000200011,-1.52986e-09,-1.10265e-06,-1.52986e-09,0.0002,1.50063e-07,-1.10265e-06,1.50063e-07,0.000199996
-0.573305,0.261392,1.59093,-0.57223,0.262753,1.5837,0.0229954,0.104092,-0.0700709,32.9759,0.000200011,-1.5238e-09,-1.08645e-06,-1.5238e-09,0.0002,1.5066e-07,-1.08645e-06,1.5066e-07,0.000199996
-0.572329,0.26855,1.58958,-0.570134,0.284604,1.58292,0.023771,0.10815,-0.0714195,32.8826,0.000200011,-1.52846e-09,-1.09807e-06,-1.52846e-09,0.0002,1.49455e-07,-1.09807e-06,1.49455e-07,0.000199996
-0.571398,0.274367,1.58803,-0.569574,0.285637,1.58087,0.0245016,0.110867,-0.0729713,32.9148,0.000200011,-1.55657e-09,-1.08682e-06,-1.55657e-09,0.0002,1.5472e-07,-1.08682e-06,1.5472e-07,0.000199996
-0.570589,0.279262,1.58637,-0.569148,0.286321,1.57942,0.0251115,0.112662,-0.0746298,32.9484,0.000200011,-1.5738e-09,-1.09647e-06,-1.5738e-09,0.0002,1.55049e-07,-1.09647e-06,1.55049e-07,0.000199996
-0.569944,0.283217,1.58502,-0.56914,0.287105,1.57837,0.025556,0.113617,-0.0769763,33.078,0.000200011,-1.56159e-09,-1.08383e-06,-1.56159e-09,0.0002,1.54424e-07,-1.08383e-06,1.54424e-07,0.000199996
-0.569312,0.286615,1.58352,-0.568565,0.287742,1.57687,0.0259883,0.113915,-0.0784804,33.0671,0.000200011,-1.57068e-09,-1.09267e-06,-1.57068e-09,0.0002,1.54355e-07,-1.09267e-06,1.54355e-07,0.000199996
-0.568769,0.289316,1.58211,-0.568454,0.288136,1.57615,0.0263309,0.113516,-0.0798922,33.0612,0.000200011,-1.58018e-09,-1.08294e-06,-1.58018e-09,0.0002,1.5684e-07,-1.08294e-06,1.5684e-07,0.000199996
-0.567861,0.295514,1.58216,-0.566007,0.307841,1.58175,0.0270385,0.116614,-0.0798376,34.2469,0.000200011,-1.59331e-09,-1.09194e-06,-1.59331e-09,0.0002,1.57065e-07,-1.09194e-06,1.57065e-07,0.000199996
-0.567064,0.300536,1.57607,-0.565631,0.308691,1.57966,0.0276355,0.118636,-0.0789258,34.3163,0.000200011,-1.60597e-09,-1.08026e-06,-1.60597e-09,0.0002,1.60109e-07,-1.08026e-06,1.60109e-07,0.000199996
-0.566327,0.304969,1.56286,-0.564864,0.310074,1.57699,0.0281727,0.119869,-0.076141,34.3638,0.000200011,-1.62195e-09,-1.09402e-06,-1.62195e-09,0.0002,1.59841e-07,-1.09402e-06,1.59841e-07,0.000199996
-0.565697,0.308637,1.5519,-0.564393,0.311066,1.57476,0.0286031,0.120437,-0.0700957,34.6799,0.000200011,-1.57157e-09,-1.09042e-06,-1.57157e-09,0.0002,1.52753e-07,-1.09042e-06,1.52753e-07,0.000199996
-0.565134,0.31101,1.54247,-0.564081,0.311831,1.57361,0.0289657,0.12041,-0.062535,34.7123,0.00020001,-1.41135e-09,-9.73636e-07,-1.41135e-09,0.0002,1.46889e-07,-9.73636e-07,1.46889e-07,0.000199996
-0.564646,0.312484,1.53596,-0.564111,0.312381,1.5725,0.0291543,0.120584,-0.0530368,34.7983,0.000200007,-1.23736e-09,-8.13205e-07,-1.23736e-09,0.0002,1.4836e-07,-8.13205e-07,1.4836e-07,0.000199997
-0.563621,0.315637,1.52193,-0.561044,0.326272,1.53246,0.0297787,0.123137,-0.0500715,36.014,0.000200005,-9.63496e-10,-5.82574e-07,-9.63496e-10,0.0002,1.45862e-07,-5.82574e-07,1.45862e-07,0.000199997
-0.562662,0.318101,1.51141,-0.560574,0.327118,1.53059,0.0303379,0.125401,-0.045594,36.1017,0.000200003,-7.39867e-10,-3.98113e-07,-7.39867e-10,0.0002,1.51247e-07,-3.98113e-07,1.51247e-07,0.000199998
-0.561894,0.319931,1.50185,-0.560509,0.327703,1.52936,0.0307062,0.127331,-0.0391452,36.1699,0.000200002,-5.18724e-10,-2.38661e-07,-5.18724e-10,0.0002,1.5189e-07,-2.38661e-07,1.5189e-07,0.000199999
-0.561159,0.321351,1.49477,-0.559926,0.328184,1.52801,0.0309411,0.128951,-0.0302314,36.1981,0.000200001,-3.29649e-10,-1.13956e-07,-3.29649e-10,0.0002,1.51994e-07,-1.13956e-07,1.51994e-07,0.000199999
-0.560481,0.322569,1.4881,-0.559525,0.328764,1.52715,0.0312191,0.130469,-0.0208983,36.1983,0.000200001,-1.8412e-10,-2.84616e-08,-1.8412e-10,0.0002,1.52968e-07,-2.84616e-08,1.52968e-07,0.000199999
-0.560059,0.322923,1.46711,-0.560102,0.325946,1.44442,0.0311413,0.131223,-0.0268893,35.7105,0.0002,-7.05022e-11,3.3338e-08,-7.05022e-11,0.0002,1.52677e-07,3.3338e-08,1.52677e-07,0.0002
-0.559569,0.323318,1.44906,-0.55938,0.326856,1.44192,0.0312314,0.132118,-0.0289441,35.6835,0.0002,2.38374e-11,8.46233e-08,2.38374e-11,0.0002,1.53503e-07,8.46233e-08,1.53503e-07,0.0002
-0.559055,0.323834,1.43505,-0.558755,0.327769,1.43967,0.0312453,0.133134,-0.0279481,35.7427,0.0002,8.94802e-11,1.15011e-07,8.94802e-11,0.0002,1.53416e-07,1.15011e-07,1.53416e-07,0.0002
-0.558564,0.324352,1.42269,-0.558314,0.328517,1.43831,0.0313357,0.134152,-0.0233119,35.7634,0.0002,1.41908e-10,1.42014e-07,1.41908e-10,0.0002,1.51404e-07,1.42014e-07,1.51404e-07,0.0002
-0.558134,0.324855,1.4134,-0.558121,0.32887,1.43754,0.0313665,0.135155,-0.0175956,35.8277,0.0002,1.75994e-10,1.5654e-07,1.75994e-10,0.0002,1.49886e-07,1.5654e-07,1.49886e-07,0.0002
-0.557745,0.325342,1.40487,-0.557813,0.329452,1.43611,0.0313554,0.136142,-0.0101342,35.8271,0.0002,2.01139e-10,1.71115e-07,2.01139e-10,0.0002,1.45675e-07,1.71115e-07,1.45675e-07,0.0002
-0.557364,0.324194,1.38224,-0.557502,0.321747,1.35206,0.0313361,0.135594,-0.0177595,35.8266,0.0002,2.20068e-10,1.78067e-07,2.20068e-10,0.0002,1.46424e-07,1.78067e-07,1.46424e-07,0.0002
-0.557019,0.323476,1.3626,-0.557106,0.322791,1.34977,0.0312805,0.135376,-0.0213981,35.8961,0.0002,2.26705e-10,1.84398e-07,2.26705e-10,0.0002,1.399e-07,1.84398e-07,1.399e-07,0.0002
-0.556561,0.323071,1.34751,-0.556266,0.323683,1.3478,0.0313394,0.135571,-0.0204856,35.9296,0.0002,2.34324e-10,1.90041e-07,2.34324e-10,0.0002,1.37742e-07,1.90041e-07,1.37742e-07,0.0002
-0.556193,0.322874,1.33434,-0.55618,0.324366,1.34641,0.0313071,0.135874,-0.0176594,36.0554,0.0002,2.37161e-10,1.9567e-07,2.37161e-10,0.0002,1.33137e-07,1.9567e-07,1.33137e-07,0.0002
-0.555803,0.322835,1.3245,-0.555747,0.324934,1.34516,0.0312969,0.136435,-0.0124965,36.028,0.0002,2.39621e-10,1.98581e-07,2.39621e-10,0.0002,1.31371e-07,1.98581e-07,1.31371e-07,0.0002
-0.555518,0.32287,1.31527,-0.555806,0.325306,1.34437,0.0312816,0.13707,-0.00572941,36.128,0.0002,2.38793e-10,2.02164e-07,2.38793e-10,0.0002,1.2732e-07,2.02164e-07,1.2732e-07,0.0002
-0.555266,0.321367,1.29263,-0.555615,0.317615,1.26241,0.0311338,0.136067,-0.0133668,34.6172,0.0002,2.35831e-10,2.01513e-07,2.35831e-10,0.0002,1.2505e-07,2.01513e-07,1.2505e-07,0.0002
-0.554953,0.320341,1.27313,-0.554998,0.318611,1.25991,0.0311472,0.135641,-0.0168656,34.6614,0.0002,2.33214e-10,2.05368e-07,2.33214e-10,0.0002,1.20885e-07,2.05368e-07,1.20885e-07,0.0002
-0.554594,0.319709,1.25793,-0.554423,0.319404,1.25775,0.0312061,0.135609,-0.0170699,34.682,0.0002,2.25501e-10,2.03195e-07,2.25501e-10,0.0002,1.16754e-07,2.03195e-07,1.16754e-07,0.0002
-0.554237,0.319355,1.24467,-0.554087,0.320241,1.25641,0.0312635,0.135855,-0.0143262,34.7509,0.0002,2.21467e-10,2.04595e-07,2.21467e-10,0.0002,1.14e-07,2.04595e-07,1.14e-07,0.0002
-0.55389,0.319129,1.23478,-0.553767,0.320539,1.25554,0.0313096,0.136229,-0.00921777,35.0138,0.0002,2.17578e-10,2.05962e-07,2.17578e-10,0.0002,1.11329e-07,2.05962e-07,1.11329e-07,0.0002
-0.55369,0.317761,1.20912,-0.553984,0.314684,1.17154,0.0312098,0.135361,-0.0188829,34.5933,0.0002,2.11574e-10,2.08268e-07,2.11574e-10,0.0002,1.06601e-07,2.08268e-07,1.06601e-07,0.0002
-0.553434,0.316902,1.1891,-0.553503,0.315777,1.16905,0.031166,0.135102,-0.0238974,34.6439,0.0002,2.04499e-10,2.07418e-07,2.04499e-10,0.0002,1.02952e-07,2.07418e-07,1.02952e-07,0.0002
-0.553139,0.316409,1.17172,-0.552958,0.316793,1.16693,0.0311608,0.135209,-0.0252846,34.7264,0.0002,1.95011e-10,2.08503e-07,1.95011e-10,0.0002,9.68093e-08,2.08503e-07,9.68093e-08,0.0002
-0.552817,0.316158,1.15842,-0.552473,0.31745,1.16524,0.0312829,0.135558,-0.0235811,34.7544,0.0002,1.83791e-10,2.07446e-07,1.83791e-10,0.0002,9.07736e-08,2.07446e-07,9.07736e-08,0.0002
-0.552421,0.316077,1.14664,-0.551889,0.318166,1.16365,0.0313789,0.136077,-0.0193599,34.7668,0.0002,1.81599e-10,2.10844e-07,1.81599e-10,0.0002,8.97842e-08,2.10844e-07,8.97842e-08,0.0002
-0.552102,0.316102,1.13778,-0.551805,0.318483,1.16266,0.0314981,0.136602,-0.0132199,34.804,0.0002,1.74423e-10,2.08829e-07,1.74423e-10,0.0002,8.66708e-08,2.08829e-07,8.66708e-08,0.0002
-0.552136,0.314462,1.11446,-0.553048,0.310345,1.08565,0.0311637,0.135562,-0.0205357,34.85,0.0002,1.65121e-10,2.11685e-07,1.65121e-10,0.0002,8.01965e-08,2.11685e-07,8.01965e-08,0.0002
-0.551987,0.313392,1.09618,-0.552268,0.311513,1.08303,0.0311134,0.135092,-0.023824,35.0635,0.0002,1.61399e-10,2.12555e-07,1.61399e-10,0.0002,7.8892e-08,2.12555e-07,7.8892e-08,0.0002
-0.55183,0.312706,1.0803,-0.551963,0.312324,1.08126,0.0310701,0.135006,-0.0236974,35.1317,0.0002,1.51982e-10,2.12029e-07,1.51982e-10,0.0002,7.35549e-08,2.12029e-07,7.35549e-08,0.0002
-0.551632,0.312235,1.06826,-0.551579,0.312722,1.0801,0.0310677,0.135135,-0.0207384,35.1812,0.0002,1.4339e-10,2.12024e-07,1.4339e-10,0.0002,6.9015e-08,2.12024e-07,6.9015e-08,0.0002
-0.551433,0.31194,1.05759,-0.551428,0.313114,1.07905,0.0310671,0.13544,-0.0154078,35.1624,0.0002,1.38611e-10,2.11667e-07,1.38611e-10,0.0002,6.74311e-08,2.11667e-07,6.74311e-08,0.0002
-0.551202,0.311805,1.04976,-0.551105,0.313531,1.07814,0.0310985,0.135905,-0.00823526,35.1694,0.0002,1.35363e-10,2.08717e-07,1.35363e-10,0.0002,6.74053e-08,2.08717e-07,6.74053e-08,0.0002
-0.551254,0.309972,1.02593,-0.552035,0.305213,0.994733,0.0309464,0.134672,-0.0160684,34.3951,0.0002,1.28728e-10,2.15816e-07,1.28728e-10,0.0002,6.15093e-08,2.15816e-07,6.15093e-08,0.0002
-0.551201,0.308759,1.00739,-0.551616,0.306231,0.992601,0.0307993,0.134059,-0.0196085,34.4661,0.0002,1.22162e-10,2.12641e-07,1.22162e-10,0.0002,5.89448e-08,2.12641e-07,5.89448e-08,0.0002
-0.550598,0.308721,0.991207,-0.55112,0.307211,0.990921,0.0308017,0.133921,-0.0197927,34.5057,0.0002,1.19844e-10,9.42255e-08,1.19844e-10,0.0002,1.32238e-07,9.42255e-08,1.32238e-07,0.0002
-0.549694,0.309312,0.978679,-0.550469,0.308055,0.988888,0.0305057,0.133412,-0.0174211,34.539,0.0002,-4.20662e-11,-5.29648e-08,-4.20662e-11,0.0002,2.2698e-07,-5.29648e-08,2.2698e-07,0.0002
-0.548415,0.310707,0.967255,-0.550019,0.308869,0.98696,0.0301855,0.133007,-0.0123453,34.6269,0.000200001,-6.26993e-10,-2.6637e-07,-6.26993e-10,0.000200001,3.65286e-07,-2.6637e-07,3.65286e-07,0.0002
-0.547669,0.311522,0.958442,-0.549905,0.309304,0.986055,0.0294309,0.132222,-0.00545768,34.6954,0.000200001,-9.96329e-10,-3.4077e-07,-9.96329e-10,0.000200001,4.05319e-07,-3.4077e-07,4.05319e-07,0.000199999
-0.547622,0.307168,0.937105,-0.551317,0.28646,0.91688,0.0285781,0.127168,-0.0104954,34.6192,0.000200001,-1.01009e-09,-3.23081e-07,-1.01009e-09,0.000200001,3.84121e-07,-3.23081e-07,3.84121e-07,0.000199999
-0.547755,0.303516,0.920655,-0.55081,0.287923,0.91489,0.0278445,0.123316,-0.0119446,34.725,0.000200001,-7.58076e-10,-2.37323e-07,-7.58076e-10,0.000200001,3.26657e-07,-2.37323e-07,3.26657e-07,0.000199999
-0.548075,0.300475,0.906431,-0.550662,0.289034,0.91368,0.0271248,0.120275,-0.010069,34.8333,0.0002,-4.47364e-10,-1.27793e-07,-4.47364e-10,0.000200001,2.50727e-07,-1.27793e-07,2.50727e-07,0.000199999
-0.548279,0.298145,0.895738,-0.550468,0.289544,0.912981,0.0266205,0.118245,-0.00596193,34.8164,0.0002,-2.60703e-10,-5.74007e-08,-2.60703e-10,0.000200001,2.04203e-07,-5.74007e-08,2.04203e-07,0.0002
-0.548679,0.29611,0.88646,-0.550795,0.289857,0.912849,0.0260211,0.11661,0.000659836,34.9373,0.0002,-1.05698e-10,2.46471e-08,-1.05698e-10,0.0002,1.46175e-07,2.46471e-08,1.46175e-07,0.0002
-0.548462,0.294619,0.863565,-0.548355,0.290337,0.831357,0.0261376,0.115619,-0.00743517,36.1077,0.0002,-2.57687e-11,6.92615e-08,-2.57687e-11,0.0002,1.17499e-07,6.92615e-08,1.17499e-07,0.0002
-0.548286,0.293749,0.843749,-0.547822,0.292522,0.828302,0.0262136,0.115249,-0.0113506,36.263,0.0002,2.00836e-11,1.16235e-07,2.00836e-11,0.0002,8.20902e-08,1.16235e-07,8.20902e-08,0.0002
-0.548005,0.293382,0.82841,-0.547159,0.294159,0.826105,0.026395,0.115482,-0.0119896,36.3652,0.0002,4.04016e-11,1.46309e-07,4.04016e-11,0.0002,6.04922e-08,1.46309e-07,6.04922e-08,0.0002
-0.547672,0.293364,0.814666,-0.546523,0.29554,0.823499,0.0267277,0.115964,-0.00983424,36.3926,0.0002,4.43864e-11,1.65743e-07,4.43864e-11,0.0002,4.3074e-08,1.65743e-07,4.3074e-08,0.0002
-0.547348,0.293508,0.804313,-0.546141,0.296409,0.82227,0.0270517,0.116708,-0.00548683,36.4164,0.0002,3.95231e-11,1.80671e-07,3.95231e-11,0.0002,2.86435e-08,1.80671e-07,2.86435e-08,0.0002
-0.547036,0.293843,0.795022,-0.545935,0.297438,0.821036,0.027264,0.117643,0.00102239,36.4986,0.0002,3.45736e-11,1.87818e-07,3.45736e-11,0.0002,2.09637e-08,1.87818e-07,2.09637e-08,0.0002
-0.54651,0.297063,0.769543,-0.544452,0.312275,0.727308,0.02779,0.121463,-0.00975697,37.3114,0.0002,2.92523e-11,1.94819e-07,2.92523e-11,0.0002,1.54281e-08,1.94819e-07,1.54281e-08,0.0002
-0.545813,0.300132,0.747462,-0.543031,0.31474,0.722629,0.0284872,0.125132,-0.016138,37.3952,0.0002,2.20698e-11,1.99326e-07,2.20698e-11,0.0002,9.9126e-09,1.99326e-07,9.9126e-09,0.0002
-0.545146,0.302909,0.730097,-0.542379,0.316351,0.719367,0.0291536,0.128409,-0.018803,37.5532,0.0002,1.10114e-11,2.02069e-07,1.10114e-11,0.0002,2.42027e-09,2.02069e-07,2.42027e-09,0.0002
-0.544486,0.305428,0.714752,-0.541567,0.317823,0.716546,0.0299141,0.131528,-0.0184483,37.5917,0.0002,-5.93219e-12,2.03397e-07,-5.93219e-12,0.0002,-8.55151e-09,2.03397e-07,-8.55151e-09,0.0002
-0.543841,0.307639,0.702934,-0.541188,0.318814,0.714712,0.0305588,0.134339,-0.015666,37.7168,0.0002,-1.09115e-11,2.04711e-07,-1.09115e-11,0.0002,-9.43925e-09,2.04711e-07,-9.43925e-09,0.0002
-0.543232,0.309624,0.692281,-0.540705,0.319895,0.712528,0.0311679,0.136924,-0.010619,37.8154,0.0002,-1.55787e-11,2.05495e-07,-1.55787e-11,0.0002,-1.09589e-08,2.05495e-07,-1.09589e-08,0.0002
-0.543568,0.306782,0.669722,-0.544578,0.297723,0.638537,0.0309324,0.134682,-0.0184781,37.9059,0.0002,-2.62736e-11,2.05427e-07,-2.62736e-11,0.0002,-1.74389e-08,2.05427e-07,-1.74389e-08,0.0002
-0.543691,0.305049,0.650429,-0.543971,0.300443,0.636116,0.0308091,0.133549,-0.0220714,38.1301,0.0002,-3.03969e-11,2.05749e-07,-3.03969e-11,0.0002,-1.85491e-08,2.05749e-07,-1.85491e-08,0.0002
-0.543745,0.303984,0.635488,-0.543647,0.302032,0.634458,0.0308548,0.132984,-0.0225122,38.2591,0.0002,-3.82438e-11,2.05449e-07,-3.82438e-11,0.0002,-2.29944e-08,2.05449e-07,-2.29944e-08,0.0002
-0.543726,0.303357,0.622302,-0.543315,0.303155,0.632736,0.030974,0.132957,-0.0200981,38.3422,0.0002,-4.5724e-11,2.05069e-07,-4.5724e-11,0.0002,-2.70221e-08,2.05069e-07,-2.70221e-08,0.0002
-0.543618,0.303098,0.612473,-0.542845,0.304293,0.631572,0.0311818,0.133298,-0.0153272,38.408,0.0002,-5.1434e-11,2.02304e-07,-5.1434e-11,0.0002,-3.00561e-08,2.02304e-07,-3.00561e-08,0.0002
-0.54426,0.297124,0.588387,-0.546455,0.275532,0.554904,0.0306404,0.127824,-0.0238129,36.6662,0.0002,-5.46158e-11,2.03205e-07,-5.46158e-11,0.0002,-3.08619e-08,2.03205e-07,-3.08619e-08,0.0002
-0.544722,0.292678,0.569696,-0.546035,0.277086,0.553663,0.0302783,0.123978,-0.0279041,36.7284,0.0002,-6.38404e-11,2.00131e-07,-6.38404e-11,0.0002,-3.72742e-08,2.00131e-07,-3.72742e-08,0.0002
-0.545158,0.28925,0.553803,-0.546346,0.277728,0.553409,0.029942,0.12115,-0.0281968,36.8106,0.0002,-7.24956e-11,1.97802e-07,-7.24956e-11,0.0002,-4.27623e-08,1.97802e-07,-4.27623e-08,0.0002
-0.545431,0.286522,0.542118,-0.546107,0.277749,0.553159,0.0297695,0.118922,-0.0253817,36.7931,0.0002,-7.30818e-11,1.94868e-07,-7.30818e-11,0.0002,-4.20323e-08,1.94868e-07,-4.20323e-08,0.0002
-0.545674,0.284224,0.531803,-0.546059,0.277213,0.553084,0.0296257,0.117124,-0.0200971,36.7653,0.0002,-8.12705e-11,1.9389e-07,-8.12705e-11,0.0002,-4.77117e-08,1.9389e-07,-4.77117e-08,0.0002
-0.545849,0.282236,0.524368,-0.546037,0.276401,0.553362,0.0295507,0.115736,-0.0130317,36.7344,0.0002,-8.3996e-11,1.91383e-07,-8.3996e-11,0.0002,-4.90349e-08,1.91383e-07,-4.90349e-08,0.0002
-0.546808,0.285782,0.501471,-0.548096,0.29865,0.472434,0.0291919,0.119082,-0.0201293,39.6574,0.0002,-8.21497e-11,7.96428e-08,-8.21497e-11,0.0002,-1.1178e-07,7.96428e-08,-1.1178e-07,0.0002
-0.54774,0.289996,0.482893,-0.547133,0.302115,0.467969,0.0293601,0.122096,-0.0240068,39.8723,0.0002,1.15234e-10,-1.01936e-07,1.15234e-10,0.0002,-2.08268e-07,-1.01936e-07,-2.08268e-07,0.0002
-0.548588,0.294455,0.466211,-0.54611,0.304862,0.463955,0.0300119,0.124655,-0.0244893,40.082,0.000200001,6.43104e-10,-3.05907e-07,6.43104e-10,0.000200001,-3.17452e-07,-3.05907e-07,-3.17452e-07,0.0002
-0.549164,0.2988,0.452505,-0.545377,0.306986,0.460577,0.0310364,0.1268,-0.0225946,40.2365,0.000200002,1.37239e-09,-4.93571e-07,1.37239e-09,0.000200001,-3.92567e-07,-4.93571e-07,-3.92567e-07,0.000199999
-0.549554,0.302791,0.440013,-0.544665,0.308719,0.457705,0.0322457,0.128291,-0.0181865,40.3703,0.000200003,2.15384e-09,-6.41972e-07,2.15384e-09,0.000200002,-4.49932e-07,-6.41972e-07,-4.49932e-07,0.000199999
-0.54978,0.306363,0.430096,-0.544102,0.310254,0.455867,0.0336199,0.129263,-0.0119038,40.4519,0.000200004,2.86014e-09,-7.49453e-07,2.86014e-09,0.000200002,-4.89186e-07,-7.49453e-07,-4.89186e-07,0.000199998
-0.551724,0.309433,0.405838,-0.553141,0.31062,0.377062,0.0333761,0.129633,-0.0191615,37.6577,0.000200006,3.48116e-09,-8.35069e-07,3.48116e-09,0.000200002,-5.15284e-07,-8.35069e-07,-5.15284e-07,0.000199998
-0.553074,0.312191,0.386169,-0.552247,0.312173,0.373851,0.0336262,0.129691,-0.0224306,37.8042,0.000200007,3.91975e-09,-8.90128e-07,3.91975e-09,0.000200002,-5.25334e-07,-8.90128e-07,-5.25334e-07,0.000199997
-0.554061,0.314698,0.369495,-0.551871,0.313331,0.37138,0.034239,0.129398,-0.0220052,37.9449,0.000200007,4.24956e-09,-9.37795e-07,4.24956e-09,0.000200002,-5.26014e-07,-9.37795e-07,-5.26014e-07,0.000199997
-0.55457,0.316336,0.356823,-0.551504,0.314212,0.369961,0.03513,0.128636,-0.0185768,37.9686,0.000200007,3.9942e-09,-8.81627e-07,3.9942e-09,0.000200002,-4.93113e-07,-8.81627e-07,-4.93113e-07,0.000199997
-0.554577,0.316992,0.346288,-0.551005,0.31485,0.368288,0.035923,0.128192,-0.0131123,37.9593,0.000200005,3.17494e-09,-7.20385e-07,3.17494e-09,0.000200002,-4.25129e-07,-7.20385e-07,-4.25129e-07,0.000199997
-0.554293,0.317091,0.338757,-0.550586,0.315387,0.367062,0.0369073,0.127691,-0.00594256,37.998,0.000200004,2.27322e-09,-5.31302e-07,2.27322e-09,0.000200001,-3.50272e-07,-5.31302e-07,-3.50272e-07,0.000199998
-0.555716,0.319306,0.314033,-0.55967,0.32773,0.277369,0.0358835,0.129806,-0.0150666,38.8982,0.000200002,1.51307e-09,-3.52863e-07,1.51307e-09,0.000200001,-2.82309e-07,-3.52863e-07,-2.82309e-07,0.000199998
-0.556635,0.321214,0.294397,-0.558788,0.329208,0.274277,0.0353645,0.131814,-0.0202028,38.9589,0.000200001,9.73284e-10,-2.14025e-07,9.73284e-10,0.000200001,-2.3046e-07,-2.14025e-07,-2.3046e-07,0.000199999
-0.557174,0.322879,0.277344,-0.557961,0.330505,0.271368,0.0351257,0.133779,-0.0217557,39.2368,0.000200001,5.99258e-10,-1.06565e-07,5.99258e-10,0.000200001,-1.9189e-07,-1.06565e-07,-1.9189e-07,0.000199999
-0.557643,0.324846,0.26419,-0.557586,0.331387,0.269362,0.0351572,0.135546,-0.02041,39.3569,0.000200001,4.52847e-10,-1.11689e-07,4.52847e-10,0.0002,-1.83855e-07,-1.11689e-07,-1.83855e-07,0.000199999
-0.558148,0.327485,0.252256,-0.556936,0.332319,0.267387,0.0355525,0.136685,-0.0167445,39.3553,0.000200001,5.90515e-10,-2.56857e-07,5.90515e-10,0.0002,-2.17369e-07,-2.56857e-07,-2.17369e-07,0.000199999
-0.559588,0.331124,0.22777,-0.561844,0.336941,0.189833,0.0350122,0.138224,-0.0261303,40.774,0.000200002,9.28782e-10,-4.43843e-07,9.28782e-10,0.000200001,-2.50459e-07,-4.43843e-07,-2.50459e-07,0.000199999
-0.56057,0.33473,0.206035,-0.560754,0.338757,0.185774,0.0350305,0.13923,-0.031265,40.8664,0.000200003,1.36132e-09,-6.17552e-07,1.36132e-09,0.000200001,-2.77007e-07,-6.17552e-07,-2.77007e-07,0.000199999
-0.561146,0.338057,0.188701,-0.559943,0.340143,0.18287,0.0353535,0.139857,-0.032799,41.2214,0.000200004,1.73643e-09,-7.55776e-07,1.73643e-09,0.000200001,-2.84808e-07,-7.55776e-07,-2.84808e-07,0.000199999
-0.561411,0.340294,0.173888,-0.559399,0.341283,0.180683,0.035989,0.139894,-0.0311119,41.298,0.000200005,1.76014e-09,-7.40419e-07,1.76014e-09,0.000200001,-2.75286e-07,-7.40419e-07,-2.75286e-07,0.000199998
-0.561374,0.3416,0.163126,-0.558858,0.342016,0.178823,0.0366259,0.1401,-0.0270739,41.3926,0.000200004,1.49767e-09,-6.29557e-07,1.49767e-09,0.000200001,-2.47714e-07,-6.29557e-07,-2.47714e-07,0.000199998
-0.561263,0.34216,0.161802,-0.559005,0.342233,0.178735,0.0372373,0.14016,-0.0228983,41.4135,0.000200003,1.12573e-09,-4.7328e-07,1.12573e-09,0.0002,-2.14515e-07,-4.7328e-07,-2.14515e-07,0.000199999
-0.562593,0.342543,0.151006,-0.566912,0.343609,0.10623,0.0361068,0.140443,-0.0340936,39.8833,0.000200002,7.52897e-10,-3.16151e-07,7.52897e-10,0.0002,-1.7222e-07,-3.16151e-07,-1.7222e-07,0.000199999
-0.563428,0.342835,0.142323,-0.566111,0.344295,0.104414,0.0354717,0.140835,-0.0435767,39.8814,0.000200001,4.7488e-10,-1.92005e-07,4.7488e-10,0.0002,-1.32741e-07,-1.92005e-07,-1.32741e-07,0.000199999
-0.564008,0.343128,0.134751,-0.565939,0.344825,0.103507,0.0349924,0.141228,-0.0514494,39.9193,0.000200001,2.90202e-10,-1.05547e-07,2.90202e-10,0.0002,-9.79382e-08,-1.05547e-07,-9.79382e-08,0.000199999
-0.564527,0.343416,0.128643,-0.56599,0.34512,0.102627,0.0345734,0.141716,-0.0578567,39.9408,0.0002,1.79405e-10,-4.93941e-08,1.79405e-10,0.0002,-8.25372e-08,-4.93941e-08,-8.25372e-08,0.0002
-0.564841,0.343678,0.123509,-0.565611,0.345476,0.102022,0.0343585,0.142078,-0.0632905,40.007,0.0002,1.05042e-10,-7.26789e-09,1.05042e-10,0.0002,-6.8544e-08,-7.26789e-09,-6.8544e-08,0.0002
-0.56505,0.343951,0.119305,-0.565328,0.34575,0.101219,0.03435,0.142551,-0.0677947,39.9225,0.0002,5.83008e-11,1.81347e-08,5.83008e-11,0.0002,-6.161e-08,1.81347e-08,-6.161e-08,0.0002
-0.565392,0.343726,0.115606,-0.565858,0.341053,0.0985869,0.0342078,0.142026,-0.0719937,36.2926,0.0002,6.10676e-11,-4.48806e-08,6.10676e-11,0.0002,-6.85155e-08,-4.48806e-08,-6.85155e-08,0.0002
-0.565776,0.344352,0.113006,-0.565715,0.341251,0.0981576,0.0343245,0.141252,-0.0756941,36.3237,0.0002,1.59643e-10,-2.07689e-07,1.59643e-10,0.0002,-9.5674e-08,-2.07689e-07,-9.5674e-08,0.0002
-0.566109,0.345382,0.110726,-0.565481,0.341369,0.0977937,0.0346913,0.140282,-0.0790743,36.3102,0.000200001,3.61395e-10,-3.92793e-07,3.61395e-10,0.0002,-1.25231e-07,-3.92793e-07,-1.25231e-07,0.0002
-0.566375,0.346692,0.100548,-0.564977,0.342146,0.0960293,0.035225,0.139192,-0.0802522,36.3602,0.000200002,6.54827e-10,-5.65161e-07,6.54827e-10,0.0002,-1.56635e-07,-5.65161e-07,-1.56635e-07,0.000199999
-0.566426,0.348141,0.0874024,-0.564219,0.343067,0.0938765,0.0359744,0.138041,-0.0785976,36.337,0.000200004,9.3475e-10,-7.10851e-07,9.3475e-10,0.0002,-1.71263e-07,-7.10851e-07,-1.71263e-07,0.000199999
-0.567188,0.350175,0.072041,-0.568004,0.346552,0.077258,0.0359121,0.137175,-0.077359,37.161,0.000200005,1.15871e-09,-8.32518e-07,1.15871e-09,0.0002,-1.7389e-07,-8.32518e-07,-1.7389e-07,0.000199998
-0.567649,0.351465,0.0601517,-0.567459,0.347293,0.0754527,0.0361512,0.135965,-0.0735483,37.2344,0.000200006,1.20273e-09,-8.32926e-07,1.20273e-09,0.0002,-1.69116e-07,-8.32926e-07,-1.69116e-07,0.000199998
-0.567894,0.351787,0.0504874,-0.567013,0.347822,0.0743739,0.0364061,0.135087,-0.0675126,37.2185,0.000200005,1.06507e-09,-7.02724e-07,1.06507e-09,0.0002,-1.61782e-07,-7.02724e-07,-1.61782e-07,0.000199998
-0.567984,0.351531,0.0492321,-0.566851,0.347938,0.0740546,0.0367165,0.134231,-0.0612679,37.2751,0.000200003,8.35521e-10,-5.32991e-07,8.35521e-10,0.0002,-1.48002e-07,-5.32991e-07,-1.48002e-07,0.000199998
-0.568097,0.350847,0.0547826,-0.567307,0.34755,0.0750789,0.0369028,0.133447,-0.0562174,37.2444,0.000200002,5.9651e-10,-3.59648e-07,5.9651e-10,0.0002,-1.33127e-07,-3.59648e-07,-1.33127e-07,0.000199999
-0.568099,0.350101,0.059532,-0.56745,0.347268,0.0753541,0.0371014,0.132701,-0.052168,37.1893,0.000200001,3.84629e-10,-2.25642e-07,3.84629e-10,0.0002,-1.05401e-07,-2.25642e-07,-1.05401e-07,0.000199999
-0.568988,0.352468,0.0534642,-0.572012,0.362433,0.0282434,0.0363116,0.135268,-0.0586358,39.4894,0.000200001,2.4165e-10,-1.28005e-07,2.4165e-10,0.0002,-8.52268e-08,-1.28005e-07,-8.52268e-08,0.000199999
-0.569628,0.354435,0.0483793,-0.571642,0.36291,0.0270901,0.0358719,0.137335,-0.0639207,39.5134,0.0002,1.49243e-10,-6.22268e-08,1.49243e-10,0.0002,-7.2232e-08,-6.22268e-08,-7.2232e-08,0.0002
-0.570007,0.356104,0.0441864,-0.570967,0.363383,0.0258301,0.0355933,0.139204,-0.0684136,39.4527,0.0002,8.96245e-11,-2.02161e-08,8.96245e-11,0.0002,-6.40122e-08,-2.02161e-08,-6.40122e-08,0.0002
-0.57035,0.357463,0.040638,-0.571165,0.363506,0.0254942,0.0353499,0.140763,-0.072162,39.5511,0.0002,5.06729e-11,6.59313e-09,5.06729e-11,0.0002,-5.88367e-08,6.59313e-09,-5.88367e-08,0.0002
-0.570535,0.358666,0.0307703,-0.570511,0.364303,0.0240022,0.0353646,0.142166,-0.0739297,39.527,0.0002,2.11699e-11,3.05601e-08,2.11699e-11,0.0002,-6.2339e-08,3.05601e-08,-6.2339e-08,0.0002
-0.570577,0.359708,0.0186127,-0.569933,0.365073,0.0220513,0.0355225,0.143508,-0.0731573,39.5956,0.0002,-5.41978e-12,5.74732e-08,-5.41978e-12,0.0002,-6.64552e-08,5.74732e-08,-6.64552e-08,0.0002
-0.570523,0.360738,0.003409,-0.569031,0.362173,0.00386903,0.035877,0.144038,-0.073091,38.8771,0.0002,3.55776e-11,-4.98742e-08,3.55776e-11,0.0002,-8.1956e-08,-4.98742e-08,-8.1956e-08,0.0002
-0.570448,0.362444,-0.00839407,-0.568833,0.363,0.0021778,0.0364524,0.144144,-0.0704041,39.0179,0.0002,1.49042e-10,-2.33158e-07,1.49042e-10,0.0002,-9.10739e-08,-2.33158e-07,-9.10739e-08,0.0002
-0.570272,0.364594,-0.0193397,-0.568267,0.363785,6.18467e-05,0.0370276,0.143894,-0.0655397,39.1075,0.000200001,3.04484e-10,-4.51361e-07,3.04484e-10,0.0002,-9.35321e-08,-4.51361e-07,-9.35321e-08,0.0002
-0.569959,0.366776,-0.0280922,-0.567694,0.364488,-0.00118562,0.037741,0.143476,-0.0589222,39.3699,0.000200003,4.10865e-10,-6.4215e-07,4.10865e-10,0.0002,-8.33124e-08,-6.4215e-07,-8.33124e-08,0.000199999
-0.569571,0.368836,-0.0364029,-0.567124,0.365264,-0.00296408,0.0385286,0.142536,-0.0506429,39.4412,0.000200005,4.5677e-10,-7.89891e-07,4.5677e-10,0.0002,-7.04157e-08,-7.89891e-07,-7.04157e-08,0.000199999
-0.569263,0.370565,-0.0369041,-0.567056,0.365388,-0.0030234,0.0391373,0.141265,-0.0420811,39.4032,0.000200006,5.04984e-10,-8.93185e-07,5.04984e-10,0.0002,-6.66437e-08,-8.93185e-07,-6.66437e-08,0.000199998
-0.570296,0.372725,-0.0445896,-0.573568,0.372958,-0.0743966,0.0385035,0.141225,-0.0495856,41.2772,0.000200006,5.47587e-10,-8.40192e-07,5.47587e-10,0.0002,-7.52434e-08,-8.40192e-07,-7.52434e-08,0.000199998
-0.571182,0.373754,-0.0498416,-0.573705,0.373279,-0.0749882,0.037918,0.141154,-0.0559246,41.3327,0.000200005,5.26866e-10,-6.84078e-07,5.26866e-10,0.0002,-8.43588e-08,-6.84078e-07,-8.43588e-08,0.000199998
-0.571839,0.374066,-0.0543248,-0.573392,0.373594,-0.0757547,0.0375613,0.141166,-0.0612368,41.3293,0.000200003,4.44974e-10,-4.92413e-07,4.44974e-10,0.0002,-9.0499e-08,-4.92413e-07,-9.0499e-08,0.000199998
-0.572201,0.37401,-0.0582343,-0.572939,0.373844,-0.076414,0.0373985,0.14101,-0.0658383,41.3249,0.000200002,3.10404e-10,-3.13024e-07,3.10404e-10,0.0002,-8.18912e-08,-3.13024e-07,-8.18912e-08,0.000199999
-0.572453,0.373956,-0.0613285,-0.572821,0.374012,-0.0768808,0.0372472,0.141156,-0.0696135,41.2938,0.000200001,2.08763e-10,-1.91314e-07,2.08763e-10,0.0002,-7.33831e-08,-1.91314e-07,-7.33831e-08,0.000199999
-0.572987,0.373677,-0.0646253,-0.574621,0.373112,-0.0787661,0.0369127,0.140977,-0.0732123,37.7849,0.000200001,1.32237e-10,-1.04693e-07,1.32237e-10,0.0002,-6.33947e-08,-1.04693e-07,-6.33947e-08,0.000199999
-0.573337,0.373507,-0.0673104,-0.574174,0.37332,-0.079321,0.0366631,0.140907,-0.0762514,37.9969,0.0002,8.30667e-11,-5.1115e-08,8.30667e-11,0.0002,-5.86479e-08,-5.1115e-08,-5.86479e-08,0.0002
-0.573555,0.373411,-0.0695812,-0.573863,0.373515,-0.0799344,0.0365449,0.141011,-0.0787882,38.0185,0.0002,4.97325e-11,-1.6874e-08,4.97325e-11,0.0002,-5.56526e-08,-1.6874e-08,-5.56526e-08,0.0002
-0.573815,0.373313,-0.0713541,-0.574175,0.373511,-0.0797157,0.0364845,0.141013,-0.0808921,38.0566,0.0002,2.57503e-11,8.15874e-09,2.57503e-11,0.0002,-5.74023e-08,8.15874e-09,-5.74023e-08,0.0002
-0.573907,0.373277,-0.0728542,-0.573753,0.373682,-0.0798067,0.036493,0.141177,-0.0826932,38.0421,0.0002,9.99558e-12,2.28047e-08,9.99558e-12,0.0002,-5.33441e-08,2.28047e-08,-5.33441e-08,0.0002
-0.57405,0.373239,-0.0738558,-0.574046,0.373682,-0.0797669,0.0364495,0.141239,-0.0840658,38.0921,0.0002,-1.3513e-12,3.37313e-08,-1.3513e-12,0.0002,-5.25893e-08,3.37313e-08,-5.25893e-08,0.0002
-0.574206,0.373602,-0.0749111,-0.574202,0.37559,-0.0800842,0.0364937,0.141802,-0.0854711,38.6414,0.0002,-8.89009e-12,3.88792e-08,-8.89009e-12,0.0002,-5.37019e-08,3.88792e-08,-5.37019e-08,0.0002
-0.5743,0.373957,-0.0827538,-0.573822,0.376114,-0.0814232,0.0365997,0.142357,-0.0851908,38.6728,0.0002,-1.85968e-11,4.82017e-08,-1.85968e-11,0.0002,-6.1925e-08,4.82017e-08,-6.1925e-08,0.0002
-0.574257,0.374343,-0.0931491,-0.573105,0.376826,-0.0829806,0.0368426,0.143043,-0.0827291,38.7107,0.0002,-3.06368e-11,6.02694e-08,-3.06368e-11,0.0002,-7.15176e-08,6.02694e-08,-7.15176e-08,0.0002
-0.574259,0.374701,-0.10341,-0.572991,0.377302,-0.0841312,0.0371411,0.143701,-0.07799,38.7665,0.0002,-4.89069e-11,7.51302e-08,-4.89069e-11,0.0002,-8.74011e-08,7.51302e-08,-8.74011e-08,0.0002
-0.574141,0.375009,-0.105403,-0.572467,0.377627,-0.0848008,0.0375595,0.144309,-0.0727829,38.748,0.0002,-6.74595e-11,9.1685e-08,-6.74595e-11,0.0002,-9.50197e-08,9.1685e-08,-9.50197e-08,0.0002
-0.574039,0.375259,-0.100962,-0.57246,0.377319,-0.0844677,0.0379613,0.144859,-0.068612,38.6827,0.0002,-7.50366e-11,9.23393e-08,-7.50366e-11,0.0002,-9.85856e-08,9.23393e-08,-9.85856e-08,0.0002
-0.575048,0.376624,-0.102312,-0.578149,0.38284,-0.108976,0.0371521,0.146424,-0.0702319,41.5194,0.0002,-6.978e-11,8.34508e-08,-6.978e-11,0.0002,-9.29198e-08,8.34508e-08,-9.29198e-08,0.0002
-0.575802,0.377747,-0.103521,-0.578047,0.382961,-0.109308,0.0365979,0.147747,-0.0718314,41.502,0.0002,-6.20806e-11,7.65469e-08,-6.20806e-11,0.0002,-8.40765e-08,7.65469e-08,-8.40765e-08,0.0002
-0.576414,0.378679,-0.104442,-0.578159,0.382972,-0.109394,0.036086,0.148879,-0.0730425,41.5181,0.0002,-5.2751e-11,6.7198e-08,-5.2751e-11,0.0002,-7.62244e-08,6.7198e-08,-7.62244e-08,0.0002
-0.576788,0.379431,-0.105217,-0.577629,0.383064,-0.1099,0.0359118,0.149731,-0.0741669,41.4908,0.0002,-4.62156e-11,6.30651e-08,-4.62156e-11,0.0002,-6.96986e-08,6.30651e-08,-6.96986e-08,0.0002
-0.577173,0.38005,-0.105901,-0.578067,0.383044,-0.10959,0.0356271,0.15055,-0.0751414,41.5132,0.0002,-3.99019e-11,5.70158e-08,-3.99019e-11,0.0002,-6.51841e-08,5.70158e-08,-6.51841e-08,0.0002
-0.577129,0.378502,-0.108582,-0.576305,0.372828,-0.120895,0.0358712,0.149102,-0.0781122,37.9272,0.0002,-3.53689e-11,5.31334e-08,-3.53689e-11,0.0002,-6.23037e-08,5.31334e-08,-6.23037e-08,0.0002
-0.577052,0.377274,-0.11095,-0.576145,0.372932,-0.121059,0.0360477,0.148074,-0.0806902,37.9008,0.0002,-3.23567e-11,5.24644e-08,-3.23567e-11,0.0002,-5.90011e-08,5.24644e-08,-5.90011e-08,0.0002
-0.576256,0.376189,-0.11217,-0.576168,0.372839,-0.120858,0.036244,0.147189,-0.08291,37.8836,0.0002,1.54565e-11,6.50825e-08,1.54565e-11,0.0002,6.14823e-08,6.50825e-08,6.14823e-08,0.0002
-0.575209,0.375215,-0.112882,-0.576137,0.372926,-0.121122,0.0357906,0.146515,-0.0849417,37.9037,0.0002,1.20332e-10,9.24182e-08,1.20332e-10,0.0002,2.03207e-07,9.24182e-08,2.03207e-07,0.0002
-0.573519,0.374328,-0.113514,-0.575968,0.373074,-0.121433,0.0352806,0.145928,-0.0869736,37.8476,0.0002,3.83887e-10,1.31567e-07,3.83887e-10,0.000200001,4.25024e-07,1.31567e-07,4.25024e-07,0.0002
-0.572064,0.373594,-0.114201,-0.575962,0.373134,-0.121709,0.0342364,0.145594,-0.0890014,37.8873,0.0002,6.8759e-10,1.62145e-07,6.8759e-10,0.000200002,5.83457e-07,1.62145e-07,5.83457e-07,0.000199999
-0.569326,0.372459,-0.113687,-0.569717,0.370736,-0.117336,0.0340744,0.144959,-0.089837,37.8338,0.0002,1.06969e-09,1.92863e-07,1.06969e-09,0.000200004,7.36659e-07,1.92863e-07,7.36659e-07,0.000199999
-0.567093,0.37159,-0.113401,-0.569517,0.370823,-0.117331,0.0333073,0.14449,-0.0908013,37.8811,0.0002,1.37545e-09,2.09011e-07,1.37545e-09,0.000200005,8.35119e-07,2.09011e-07,8.35119e-07,0.000199998
-0.565089,0.370875,-0.113276,-0.569368,0.370943,-0.117848,0.0323111,0.144175,-0.0920259,37.891,0.0002,1.69871e-09,2.2605e-07,1.69871e-09,0.000200007,9.28212e-07,2.2605e-07,9.28212e-07,0.000199998
-0.563564,0.370315,-0.113125,-0.569337,0.370951,-0.117595,0.0307358,0.144015,-0.0931746,37.8849,0.0002,1.92073e-09,2.35384e-07,1.92073e-09,0.000200008,9.74273e-07,2.35384e-07,9.74273e-07,0.000199997
-0.56225,0.369828,-0.112865,-0.569603,0.370842,-0.117536,0.0288504,0.144028,-0.094295,37.8532,0.000200001,2.13994e-09,2.43895e-07,2.13994e-09,0.000200009,1.02745e-06,2.43895e-07,1.02745e-06,0.000199997
-0.561247,0.36948,-0.112798,-0.569318,0.37099,-0.117609,0.0267534,0.14408,-0.0954083,37.8611,0.000200001,2.26368e-09,2.47405e-07,2.26368e-09,0.00020001,1.04458e-06,2.47405e-07,1.04458e-06,0.000199997
-0.55738,0.36868,-0.110787,-0.554598,0.368337,-0.107508,0.0274199,0.14368,-0.0946373,39.9946,0.000200001,2.38473e-09,2.50051e-07,2.38473e-09,0.00020001,1.07434e-06,2.50051e-07,1.07434e-06,0.000199996
-0.554472,0.368044,-0.109157,-0.554882,0.368379,-0.107398,0.0272278,0.143544,-0.0941967,40.0998,0.000200001,2.44144e-09,2.52076e-07,2.44144e-09,0.00020001,1.07289e-06,2.52076e-07,1.07289e-06,0.000199996
-0.551967,0.367553,-0.107653,-0.554787,0.368494,-0.107356,0.0265334,0.143453,-0.0939633,40.1154,0.000200001,2.52471e-09,2.53705e-07,2.52471e-09,0.000200011,1.0977e-06,2.53705e-07,1.0977e-06,0.000199996
-0.550064,0.367156,-0.106662,-0.554556,0.368379,-0.107776,0.0252363,0.143456,-0.0942516,40.0164,0.000200001,2.52488e-09,2.51665e-07,2.52488e-09,0.000200011,1.09001e-06,2.51665e-07,1.09001e-06,0.000199996
-0.548343,0.367606,-0.105904,-0.554668,0.368428,-0.107637,0.023757,0.143506,-0.0947241,40.084,0.0002,1.68503e-09,1.28805e-07,1.68503e-09,0.000200011,1.12025e-06,1.28805e-07,1.12025e-06,0.000199996
-0.546991,0.368709,-0.105384,-0.554612,0.368317,-0.107747,0.0220087,0.143009,-0.0953937,40.1281,0.0002,7.93654e-11,-7.22241e-08,7.93654e-11,0.000200012,1.1336e-06,-7.22241e-08,1.1336e-06,0.000199996
-0.54211,0.369704,-0.104084,-0.53653,0.365698,-0.104242,0.0235902,0.141604,-0.0953959,40.5341,0.000200001,-2.01266e-09,-3.02492e-07,-2.01266e-09,0.000200012,1.17142e-06,-3.02492e-07,1.17142e-06,0.000199995
-0.538291,0.370941,-0.103327,-0.536577,0.365873,-0.104699,0.0243094,0.140041,-0.0956846,40.5493,0.000200002,-4.15226e-09,-5.14885e-07,-4.15226e-09,0.000200013,1.1832e-06,-5.14885e-07,1.1832e-06,0.000199995
-0.535141,0.371366,-0.10278,-0.536323,0.366062,-0.105004,0.0241591,0.138266,-0.0962662,40.5766,0.000200002,-5.06726e-09,-5.54611e-07,-5.06726e-09,0.000200013,1.1977e-06,-5.54611e-07,1.1977e-06,0.000199995
-0.532752,0.371126,-0.102307,-0.536189,0.366129,-0.105151,0.0234475,0.136726,-0.0969391,40.5841,0.000200002,-4.88171e-09,-4.85371e-07,-4.88171e-09,0.000200013,1.18177e-06,-4.85371e-07,1.18177e-06,0.000199995
-0.530805,0.37036,-0.101877,-0.536189,0.366108,-0.105217,0.0221954,0.13546,-0.0978031,40.5437,0.000200001,-3.99384e-09,-3.50015e-07,-3.99384e-09,0.000200013,1.17764e-06,-3.50015e-07,1.17764e-06,0.000199995
-0.525986,0.370007,-0.0998219,-0.519106,0.36914,-0.0963482,0.0238135,0.134907,-0.0969669,41.1233,0.000200001,-2.79344e-09,-2.06163e-07,-2.79344e-09,0.000200013,1.15038e-06,-2.06163e-07,1.15038e-06,0.000199995
-0.521931,0.369617,-0.0981396,-0.51857,0.369286,-0.0968035,0.0246694,0.134517,-0.0965726,41.1427,0.0002,-1.72932e-09,-9.29826e-08,-1.72932e-09,0.000200012,1.14789e-06,-9.29826e-08,1.14789e-06,0.000199995
-0.518846,0.369176,-0.0968841,-0.518768,0.36931,-0.096625,0.0246544,0.134276,-0.0965144,41.1325,0.0002,-7.5863e-10,8.88548e-10,-7.5863e-10,0.000200012,1.12712e-06,8.88548e-10,1.12712e-06,0.000199995
-0.516227,0.368767,-0.0958993,-0.518526,0.369287,-0.096725,0.0240731,0.134067,-0.0967585,41.2067,0.0002,2.21185e-11,6.88738e-08,2.21185e-11,0.000200012,1.13019e-06,6.88738e-08,1.13019e-06,0.000199995
-0.514234,0.368487,-0.10108,-0.518327,0.36968,-0.0976787,0.0229661,0.134087,-0.0959689,41.1566,0.0002,6.46645e-10,1.21146e-07,6.46645e-10,0.000200012,1.10885e-06,1.21146e-07,1.10885e-06,0.000199995
-0.512321,0.368354,-0.113684,-0.517521,0.370254,-0.0996605,0.0216793,0.134254,-0.0925642,41.1664,0.0002,1.1969e-09,1.65148e-07,1.1969e-09,0.000200012,1.11912e-06,1.65148e-07,1.11912e-06,0.000199995
-0.507479,0.370265,-0.125536,-0.500272,0.380239,-0.106986,0.0234209,0.136565,-0.0879663,48.0609,0.0002,1.55524e-09,1.90692e-07,1.55524e-09,0.000200012,1.10325e-06,1.90692e-07,1.10325e-06,0.000199996
-0.503357,0.371868,-0.136189,-0.499753,0.380779,-0.108387,0.0243427,0.138568,-0.0811294,48.0688,0.0002,1.8994e-09,2.15448e-07,1.8994e-09,0.000200012,1.11554e-06,2.15448e-07,1.11554e-06,0.000199996
-0.500167,0.373207,-0.13835,-0.499483,0.381029,-0.109266,0.0244325,0.140407,-0.0737899,48.1649,0.0002,2.08188e-09,2.26918e-07,2.08188e-09,0.000200011,1.09816e-06,2.26918e-07,1.09816e-06,0.000199996
-0.497537,0.374183,-0.132817,-0.499679,0.380915,-0.109141,0.0238635,0.141883,-0.0679069,48.1398,0.0002,2.28697e-09,2.41175e-07,2.28697e-09,0.000200011,1.10693e-06,2.41175e-07,1.10693e-06,0.000199996
-0.49556,0.374971,-0.127276,-0.4998,0.380852,-0.108636,0.0227404,0.143171,-0.0632155,48.1368,0.000200001,2.3743e-09,2.4531e-07,2.3743e-09,0.000200011,1.09631e-06,2.4531e-07,1.09631e-06,0.000199996
-0.493886,0.375573,-0.122561,-0.499756,0.380825,-0.108492,0.0213143,0.144273,-0.059731,48.1455,0.000200001,2.47437e-09,2.5077e-07,2.47437e-09,0.000200011,1.10312e-06,2.5077e-07,1.10312e-06,0.000199996
-0.491605,0.375282,-0.122469,-0.494384,0.377065,-0.126873,0.0204953,0.144482,-0.0607994,49.8507,0.000200001,2.50553e-09,2.53276e-07,2.50553e-09,0.000200011,1.08724e-06,2.53276e-07,1.08724e-06,0.000199996
-0.489569,0.375064,-0.122408,-0.494022,0.377167,-0.127247,0.019431,0.144864,-0.0620175,49.8832,0.000200001,2.56769e-09,2.55801e-07,2.56769e-09,0.000200011,1.09925e-06,2.55801e-07,1.09925e-06,0.000199996
-0.488073,0.374908,-0.122484,-0.49399,0.377234,-0.127558,0.0178274,0.145208,-0.0632739,49.8819,0.000200001,2.56908e-09,2.56438e-07,2.56908e-09,0.000200011,1.08477e-06,2.56438e-07,1.08477e-06,0.000199996
-0.486739,0.374765,-0.122613,-0.493925,0.377325,-0.127897,0.0160614,0.145665,-0.0646529,49.8984,0.000200001,2.64261e-09,2.62723e-07,2.64261e-09,0.000200011,1.09536e-06,2.62723e-07,1.09536e-06,0.000199996
-0.485804,0.374706,-0.122714,-0.493875,0.377298,-0.127884,0.0138961,0.146106,-0.0659238,49.9031,0.000200001,2.59182e-09,2.57156e-07,2.59182e-09,0.000200011,1.0793e-06,2.57156e-07,1.0793e-06,0.000199996
-0.48009,0.373596,-0.127603,-0.469799,0.372276,-0.15225,0.0165097,0.145596,-0.0720634,50.0713,0.000200001,2.62591e-09,2.58382e-07,2.62591e-09,0.000200011,1.09415e-06,2.58382e-07,1.09415e-06,0.000199996
-0.475569,0.372756,-0.131735,-0.469284,0.372558,-0.153352,0.0179312,0.145256,-0.0774354,50.3408,0.000200001,2.62792e-09,2.61513e-07,2.62792e-09,0.000200011,1.07912e-06,2.61513e-07,1.07912e-06,0.000199996
-0.47175,0.372109,-0.135167,-0.46902,0.372712,-0.15398,0.0186498,0.145109,-0.0821666,50.33,0.000200001,2.67855e-09,2.64806e-07,2.67855e-09,0.000200011,1.09317e-06,2.64806e-07,1.09317e-06,0.000199996
-0.468794,0.371651,-0.138102,-0.468711,0.372982,-0.154615,0.0186057,0.145151,-0.0863119,50.3281,0.000200001,2.67104e-09,2.66603e-07,2.67104e-09,0.000200011,1.0763e-06,2.66603e-07,1.0763e-06,0.000199996
-0.466285,0.371284,-0.140262,-0.468675,0.373037,-0.154623,0.0179149,0.145284,-0.0897116,50.3651,0.000200001,2.71867e-09,2.70097e-07,2.71867e-09,0.000200011,1.08738e-06,2.70097e-07,1.08738e-06,0.000199996
-0.464391,0.370969,-0.136621,-0.468583,0.373001,-0.155082,0.0168086,0.145469,-0.0943408,50.0507,0.000200001,2.71173e-09,2.71158e-07,2.71173e-09,0.000200011,1.07424e-06,2.71158e-07,1.07424e-06,0.000199996
-0.459408,0.37006,-0.124911,-0.452155,0.369693,-0.150786,0.0185925,0.14506,-0.100621,51.1213,0.000200001,2.71057e-09,2.65047e-07,2.71057e-09,0.000200011,1.09646e-06,2.65047e-07,1.09646e-06,0.000199996
-0.455476,0.369395,-0.116009,-0.451879,0.369794,-0.151523,0.0194244,0.144795,-0.109523,51.1368,0.000200001,2.61862e-09,2.5281e-07,2.61862e-09,0.000200011,1.09326e-06,2.5281e-07,1.09326e-06,0.000199996
-0.452188,0.368852,-0.107523,-0.452101,0.36964,-0.150734,0.0194121,0.144552,-0.120083,51.1477,0.000200001,2.54739e-09,2.3861e-07,2.54739e-09,0.000200012,1.12134e-06,2.3861e-07,1.12134e-06,0.000199996
-0.449747,0.368409,-0.107168,-0.452307,0.369611,-0.150519,0.0186531,0.144309,-0.131068,51.1177,0.000200001,2.48519e-09,2.33842e-07,2.48519e-09,0.000200012,1.11498e-06,2.33842e-07,1.11498e-06,0.000199996
-0.447675,0.368076,-0.113722,-0.452039,0.369712,-0.151055,0.017525,0.144276,-0.140402,51.1226,0.000200001,2.48446e-09,2.35053e-07,2.48446e-09,0.000200012,1.12039e-06,2.35053e-07,1.12039e-06,0.000199996
-0.446084,0.367828,-0.12012,-0.451776,0.369825,-0.151433,0.0159156,0.144228,-0.14819,51.1203,0.000200001,2.47686e-09,2.38634e-07,2.47686e-09,0.000200011,1.10438e-06,2.38634e-07,1.10438e-06,0.000199996
-0.440555,0.366696,-0.114447,-0.430972,0.364943,-0.0962039,0.0183447,0.143396,-0.143687,51.6188,0.000200001,2.52283e-09,2.45142e-07,2.52283e-09,0.000200011,1.10705e-06,2.45142e-07,1.10705e-06,0.000199996
-0.436258,0.365806,-0.109959,-0.431037,0.364861,-0.096134,0.0195418,0.142706,-0.140259,51.5768,0.000200001,2.48764e-09,2.43257e-07,2.48764e-09,0.000200011,1.09086e-06,2.43257e-07,1.09086e-06,0.000199996
-0.432687,0.365074,-0.106295,-0.430951,0.36485,-0.0960825,0.0199132,0.142274,-0.137725,51.5918,0.000200001,2.50345e-09,2.44029e-07,2.50345e-09,0.000200011,1.09931e-06,2.44029e-07,1.09931e-06,0.000199996
-0.429973,0.364518,-0.103384,-0.430993,0.364846,-0.0958682,0.0196266,0.141918,-0.135864,51.641,0.000200001,2.44322e-09,2.39067e-07,2.44322e-09,0.000200011,1.08322e-06,2.39067e-07,1.08322e-06,0.000199996
-0.427671,0.364071,-0.100922,-0.430973,0.364886,-0.095836,0.0187291,0.141671,-0.134572,51.6141,0.000200001,2.43435e-09,2.36809e-07,2.43435e-09,0.000200011,1.09348e-06,2.36809e-07,1.09348e-06,0.000199996
-0.425959,0.363712,-0.0991222,-0.430887,0.364782,-0.0960519,0.0174408,0.141612,-0.133832,51.5893,0.000200001,2.36888e-09,2.32066e-07,2.36888e-09,0.000200011,1.07654e-06,2.32066e-07,1.07654e-06,0.000199996
-0.421057,0.364047,-0.0961387,-0.413916,0.367971,-0.0893214,0.019243,0.142147,-0.132009,54.4631,0.000200001,2.37353e-09,2.32118e-07,2.37353e-09,0.000200011,1.08771e-06,2.32118e-07,1.08771e-06,0.000199996
-0.417212,0.364331,-0.0939769,-0.413728,0.367916,-0.0894856,0.0199876,0.142631,-0.130917,54.4266,0.0002,2.31911e-09,2.27584e-07,2.31911e-09,0.000200011,1.07661e-06,2.27584e-07,1.07661e-06,0.000199996
-0.414052,0.364573,-0.0921343,-0.413788,0.367969,-0.0892322,0.0200483,0.143073,-0.130214,54.4716,0.0002,2.29212e-09,2.23556e-07,2.29212e-09,0.000200011,1.08509e-06,2.23556e-07,1.08509e-06,0.000199996
-0.41159,0.364767,-0.0908371,-0.413535,0.367964,-0.0897941,0.0194104,0.143467,-0.129907,54.4278,0.0002,2.24013e-09,2.20271e-07,2.24013e-09,0.000200011,1.07186e-06,2.20271e-07,1.07186e-06,0.000199996
-0.409583,0.364924,-0.0896955,-0.413987,0.368013,-0.0892713,0.0183171,0.143824,-0.129866,54.4616,0.0002,2.23949e-09,2.1951e-07,2.23949e-09,0.000200011,1.08383e-06,2.1951e-07,1.08383e-06,0.000199996
-0.405062,0.364993,-0.0891828,-0.398772,0.367682,-0.0912856,0.0198384,0.144093,-0.130423,56.3166,0.0002,2.19582e-09,2.16761e-07,2.19582e-09,0.000200011,1.07125e-06,2.16761e-07,1.07125e-06,0.000199996
-0.401325,0.365043,-0.0886017,-0.398811,0.367704,-0.0910613,0.0204748,0.144343,-0.130932,56.324,0.0002,2.20213e-09,2.16543e-07,2.20213e-09,0.000200011,1.08358e-06,2.16543e-07,1.08358e-06,0.000199996
-0.398439,0.365101,-0.0883305,-0.398642,0.367678,-0.0910724,0.0202612,0.144601,-0.131651,56.3454,0.0002,2.15109e-09,2.12635e-07,2.15109e-09,0.000200011,1.06961e-06,2.12635e-07,1.06961e-06,0.000199996
-0.396005,0.365139,-0.088024,-0.398595,0.36774,-0.0915744,0.0195951,0.144839,-0.132504,56.3485,0.0002,2.15934e-09,2.13266e-07,2.15934e-09,0.000200011,1.07921e-06,2.13266e-07,1.07921e-06,0.000199996
-0.394181,0.365192,-0.0878551,-0.398691,0.367697,-0.0913174,0.0184193,0.145092,-0.133415,56.3456,0.0002,2.10949e-09,2.08743e-07,2.10949e-09,0.000200011,1.06871e-06,2.08743e-07,1.06871e-06,0.000199996
-0.39268,0.36521,-0.0874597,-0.399006,0.367726,-0.090649,0.0168197,0.14531,-0.13413,56.3073,0.0002,2.12693e-09,2.10588e-07,2.12693e-09,0.000200011,1.07867e-06,2.10588e-07,1.07867e-06,0.000199996
-0.388759,0.365191,-0.0884077,-0.384819,0.367476,-0.0960302,0.017741,0.145491,-0.136088,58.6105,0.0002,2.09297e-09,2.08394e-07,2.09297e-09,0.000200011,1.06656e-06,2.08394e-07,1.06656e-06,0.000199996
-0.385522,0.365162,-0.0890843,-0.384848,0.367467,-0.0962521,0.0178778,0.145562,-0.137824,58.583,0.0002,2.10204e-09,2.08771e-07,2.10204e-09,0.000200011,1.0757e-06,2.08771e-07,1.0757e-06,0.000199996
-0.383066,0.365131,-0.0896167,-0.385033,0.367436,-0.0958861,0.0172339,0.145731,-0.139377,58.5991,0.0002,2.09349e-09,2.09657e-07,2.09349e-09,0.000200011,1.06608e-06,2.09657e-07,1.06608e-06,0.000199996
-0.380931,0.365105,-0.0900943,-0.384767,0.367435,-0.0958256,0.0162693,0.145805,-0.140924,58.3369,0.0002,2.11413e-09,2.10418e-07,2.11413e-09,0.000200011,1.07868e-06,2.10418e-07,1.07868e-06,0.000199996
-0.379398,0.365124,-0.0904508,-0.384962,0.36752,-0.0960127,0.0148016,0.146024,-0.142241,58.2607,0.0002,2.07605e-09,2.074e-07,2.07605e-09,0.000200011,1.06483e-06,2.074e-07,1.06483e-06,0.000199996
-0.37804,0.365109,-0.0906702,-0.384934,0.36743,-0.0956819,0.0130602,0.146109,-0.14358,58.2722,0.0002,2.08705e-09,2.07426e-07,2.08705e-09,0.000200011,1.07628e-06,2.07426e-07,1.07628e-06,0.000199996
-0.374868,0.365325,-0.0930047,-0.373865,0.368568,-0.106493,0.0132315,0.146525,-0.146885,58.6894,0.0002,2.05664e-09,2.05701e-07,2.05664e-09,0.000200011,1.06325e-06,2.05701e-07,1.06325e-06,0.000199996
-0.372123,0.365473,-0.0948855,-0.373396,0.368567,-0.106238,0.0128774,0.146773,-0.149756,58.7487,0.0002,2.08779e-09,2.08916e-07,2.08779e-09,0.000200011,1.07322e-06,2.08916e-07,1.07322e-06,0.000199996
-0.37005,0.365617,-0.0965012,-0.373484,0.368663,-0.10679,0.0119499,0.147117,-0.152271,59.0716,0.0002,2.0838e-09,2.10116e-07,2.0838e-09,0.000200011,1.06251e-06,2.10116e-07,1.06251e-06,0.000199996
-0.368303,0.365735,-0.097727,-0.373518,0.368677,-0.10677,0.0105968,0.147335,-0.154517,59.0188,0.0002,2.10378e-09,2.11227e-07,2.10378e-09,0.000200011,1.07094e-06,2.11227e-07,1.07094e-06,0.000199996
-0.367001,0.36586,-0.0987315,-0.373417,0.368727,-0.10657,0.00889899,0.14756,-0.156451,59.0507,0.0002,2.07299e-09,2.08946e-07,2.07299e-09,0.000200011,1.05778e-06,2.08946e-07,1.05778e-06,0.000199996
-0.362639,0.366444,-0.102055,-0.357365,0.371442,-0.119518,0.0102614,0.148344,-0.160755,60.0048,0.0002,2.12369e-09,2.14737e-07,2.12369e-09,0.000200011,1.06741e-06,2.14737e-07,1.06741e-06,0.000199996
-0.359328,0.367,-0.104971,-0.357644,0.371629,-0.120159,0.0104718,0.149,-0.164591,59.6706,0.0002,2.08448e-09,2.10968e-07,2.08448e-09,0.00020001,1.05367e-06,2.10968e-07,1.05367e-06,0.000199996
-0.356414,0.367467,-0.107138,-0.357099,0.371901,-0.120281,0.0103858,0.149567,-0.167758,59.7484,0.0002,2.12448e-09,2.13886e-07,2.12448e-09,0.000200011,1.06988e-06,2.13886e-07,1.06988e-06,0.000199996
-0.354249,0.367865,-0.109215,-0.357127,0.372007,-0.121038,0.00955087,0.150065,-0.170775,59.7474,0.0002,2.12005e-09,2.1569e-07,2.12005e-09,0.00020001,1.05451e-06,2.1569e-07,1.05451e-06,0.000199996
-0.352395,0.368201,-0.11087,-0.357145,0.372186,-0.121638,0.00830537,0.150501,-0.17343,59.7396,0.0002,2.16466e-09,2.19758e-07,2.16466e-09,0.000200011,1.06482e-06,2.19758e-07,1.06482e-06,0.000199996
-0.351022,0.368518,-0.11217,-0.357019,0.3723,-0.121194,0.00667754,0.150918,-0.17556,60.085,0.0002,2.14434e-09,2.1892e-07,2.14434e-09,0.00020001,1.04947e-06,2.1892e-07,1.04947e-06,0.000199996
-0.346322,0.369428,-0.116224,-0.339623,0.375739,-0.135667,0.00837775,0.151928,-0.180554,59.8087,0.0002,2.1756e-09,2.2119e-07,2.1756e-09,0.00020001,1.05983e-06,2.2119e-07,1.05983e-06,0.000199996
-0.342751,0.370181,-0.119431,-0.339866,0.375872,-0.13643,0.00894933,0.152781,-0.184691,59.8244,0.0002,2.1719e-09,2.23271e-07,2.1719e-09,0.00020001,1.04398e-06,2.23271e-07,1.04398e-06,0.000199996
-0.339638,0.370787,-0.121999,-0.339385,0.375949,-0.136115,0.00896152,0.153487,-0.188319,59.8362,0.0002,2.22281e-09,2.27132e-07,2.22281e-09,0.00020001,1.05911e-06,2.27132e-07,1.05911e-06,0.000199996
-0.337307,0.371306,-0.12418,-0.33948,0.376106,-0.137059,0.00829271,0.154106,-0.19145,60.2277,0.0002,2.22949e-09,2.29595e-07,2.22949e-09,0.00020001,1.04641e-06,2.29595e-07,1.04641e-06,0.000199996
-0.335343,0.371749,-0.125947,-0.339463,0.376272,-0.13685,0.0072568,0.154649,-0.194187,60.1511,0.0002,2.26343e-09,2.32198e-07,2.26343e-09,0.00020001,1.05351e-06,2.32198e-07,1.05351e-06,0.000199996
-0.333834,0.372115,-0.127341,-0.339346,0.376283,-0.136746,0.00576646,0.155115,-0.196481,59.8572,0.0002,2.2617e-09,2.32845e-07,2.2617e-09,0.00020001,1.04439e-06,2.32845e-07,1.04439e-06,0.000199996
-0.328671,0.371468,-0.128774,-0.320098,0.371667,-0.137696,0.0078287,0.154568,-0.198844,59.4066,0.000200001,2.3036e-09,2.35982e-07,2.3036e-09,0.00020001,1.0553e-06,2.35982e-07,1.0553e-06,0.000199996
-0.324621,0.370985,-0.129791,-0.31986,0.371767,-0.137678,0.00887914,0.154185,-0.200781,59.4256,0.000200001,2.29028e-09,2.35879e-07,2.29028e-09,0.00020001,1.04192e-06,2.35879e-07,1.04192e-06,0.000199996
-0.32127,0.370594,-0.130528,-0.319891,0.371775,-0.137614,0.00923026,0.153894,-0.202508,59.7339,0.000200001,2.31475e-09,2.36872e-07,2.31475e-09,0.00020001,1.05206e-06,2.36872e-07,1.05206e-06,0.000199996
-0.318704,0.370291,-0.131227,-0.319879,0.371799,-0.137206,0.00879621,0.153591,-0.204177,59.4072,0.000200001,2.30207e-09,2.3715e-07,2.30207e-09,0.00020001,1.03968e-06,2.3715e-07,1.03968e-06,0.000199996
-0.316567,0.370042,-0.131652,-0.320087,0.37186,-0.137805,0.0079333,0.153442,-0.205642,59.6946,0.000200001,2.34202e-09,2.40117e-07,2.34202e-09,0.00020001,1.05198e-06,2.40117e-07,1.05198e-06,0.000199996
-0.31496,0.369856,-0.132183,-0.319862,0.371831,-0.138119,0.00654021,0.153356,-0.207103,59.7009,0.000200001,2.31671e-09,2.39136e-07,2.31671e-09,0.00020001,1.03617e-06,2.39136e-07,1.03617e-06,0.000199996
-0.309524,0.367593,-0.129012,-0.299823,0.361207,-0.119795,0.0089763,0.151093,-0.204842,59.2533,0.000200001,2.34024e-09,2.39939e-07,2.34024e-09,0.00020001,1.04816e-06,2.39939e-07,1.04816e-06,0.000199996
-0.305313,0.365797,-0.126386,-0.299828,0.361222,-0.119671,0.0101867,0.149397,-0.203046,59.0158,0.000200001,2.30834e-09,2.38064e-07,2.30834e-09,0.00020001,1.03396e-06,2.38064e-07,1.03396e-06,0.000199996
-0.301824,0.364361,-0.124337,-0.299918,0.361243,-0.119614,0.0105762,0.147961,-0.201947,58.9759,0.000200001,2.31861e-09,2.3702e-07,2.31861e-09,0.00020001,1.04724e-06,2.3702e-07,1.04724e-06,0.000199996
-0.299118,0.363194,-0.122772,-0.299704,0.361165,-0.11999,0.0103818,0.146894,-0.201302,59.0064,0.000200001,2.29584e-09,2.36425e-07,2.29584e-09,0.00020001,1.03523e-06,2.36425e-07,1.03523e-06,0.000199996
-0.296848,0.362278,-0.121463,-0.299824,0.361214,-0.119708,0.00955211,0.145978,-0.200893,58.9783,0.000200001,2.3e-09,2.34577e-07,2.3e-09,0.00020001,1.04836e-06,2.34577e-07,1.04836e-06,0.000199996
-0.291011,0.359279,-0.11624,-0.279055,0.349741,-0.0991159,0.0124888,0.143079,-0.1965,58.4403,0.000200001,2.25967e-09,2.31889e-07,2.25967e-09,0.00020001,1.03471e-06,2.31889e-07,1.03471e-06,0.000199996
-0.286241,0.356852,-0.112062,-0.279193,0.349639,-0.0991209,0.0141587,0.140652,-0.193262,58.1943,0.000200001,2.26248e-09,2.30616e-07,2.26248e-09,0.00020001,1.04668e-06,2.30616e-07,1.04668e-06,0.000199996
-0.282512,0.354946,-0.108769,-0.279056,0.349671,-0.099062,0.014988,0.138846,-0.190849,58.1741,0.0002,2.202e-09,2.24457e-07,2.202e-09,0.00020001,1.03626e-06,2.24457e-07,1.03626e-06,0.000199996
-0.279442,0.35341,-0.106082,-0.279158,0.349652,-0.0988023,0.0150578,0.13731,-0.189112,58.3836,0.0002,2.1841e-09,2.21141e-07,2.1841e-09,0.00020001,1.04676e-06,2.21141e-07,1.04676e-06,0.000199996
-0.277099,0.352202,-0.10403,-0.279148,0.349621,-0.0989734,0.014401,0.136102,-0.18792,58.1733,0.0002,2.11342e-09,2.14359e-07,2.11342e-09,0.00020001,1.03525e-06,2.14359e-07,1.03525e-06,0.000199996
-0.275089,0.351221,-0.102243,-0.279047,0.349652,-0.0992089,0.0134114,0.135121,-0.187043,58.4487,0.0002,2.10389e-09,2.12798e-07,2.10389e-09,0.00020001,1.04649e-06,2.12798e-07,1.04649e-06,0.000199996
-0.269635,0.349062,-0.0978541,-0.259262,0.342578,-0.0834439,0.0158651,0.132962,-0.183504,58.794,0.0002,2.04455e-09,2.07617e-07,2.04455e-09,0.00020001,1.03535e-06,2.07617e-07,1.03535e-06,0.000199996
-0.265118,0.347341,-0.0942903,-0.259142,0.342534,-0.0838209,0.017382,0.131341,-0.18089,59.085,0.0002,2.00618e-09,2.01225e-07,2.00618e-09,0.00020001,1.0492e-06,2.01225e-07,1.0492e-06,0.000199996
-0.261616,0.345928,-0.0914257,-0.259051,0.342481,-0.083758,0.0179836,0.129928,-0.178936,59.0902,0.0002,1.97417e-09,2.0063e-07,1.97417e-09,0.00020001,1.03733e-06,2.0063e-07,1.03733e-06,0.000199996
-0.25872,0.344818,-0.0891702,-0.259116,0.34251,-0.0839423,0.0178803,0.128818,-0.17761,58.8208,0.0002,1.95373e-09,1.97349e-07,1.95373e-09,0.00020001,1.0472e-06,1.97349e-07,1.0472e-06,0.000199996
-0.256465,0.344502,-0.0874619,-0.259145,0.342552,-0.083789,0.0172355,0.127902,-0.176772,58.8367,0.0002,1.30746e-09,1.04803e-07,1.30746e-09,0.00020001,1.04452e-06,1.04803e-07,1.04452e-06,0.000199996
-0.254491,0.345173,-0.0859725,-0.25928,0.342598,-0.0834929,0.0163088,0.126673,-0.176183,58.7797,0.0002,-2.25314e-10,-1.00965e-07,-2.25314e-10,0.000200011,1.07421e-06,-1.00965e-07,1.07421e-06,0.000199996
-0.249123,0.345311,-0.0881172,-0.239988,0.337216,-0.0724929,0.0189773,0.124111,-0.172377,58.3872,0.000200001,-2.18637e-09,-3.35537e-07,-2.18637e-09,0.000200011,1.08502e-06,-3.35537e-07,1.08502e-06,0.000199996
-0.244638,0.345823,-0.097291,-0.240021,0.337349,-0.0723192,0.020662,0.121523,-0.166111,58.3928,0.000200002,-4.22721e-09,-5.39185e-07,-4.22721e-09,0.000200012,1.12843e-06,-5.39185e-07,1.12843e-06,0.000199995
-0.241215,0.345806,-0.105051,-0.24007,0.337235,-0.0725284,0.021185,0.118806,-0.158111,58.3582,0.000200003,-5.23977e-09,-6.03369e-07,-5.23977e-09,0.000200012,1.13174e-06,-6.03369e-07,1.13174e-06,0.000199995
-0.238318,0.344986,-0.112197,-0.239827,0.337201,-0.0724722,0.0210821,0.116486,-0.148127,58.3663,0.000200002,-5.0462e-09,-5.13952e-07,-5.0462e-09,0.000200012,1.14973e-06,-5.13952e-07,1.14973e-06,0.000199995
-0.236217,0.343761,-0.117127,-0.240058,0.337264,-0.0726775,0.0200832,0.114561,-0.137067,58.5831,0.000200002,-4.03927e-09,-3.63695e-07,-4.03927e-09,0.000200012,1.13148e-06,-3.63695e-07,1.13148e-06,0.000199995
-0.231626,0.342582,-0.124973,-0.225869,0.338189,-0.127745,0.0215737,0.112982,-0.137623,54.5999,0.000200001,-2.89677e-09,-2.20131e-07,-2.89677e-09,0.000200012,1.12727e-06,-2.20131e-07,1.12727e-06,0.000199995
-0.228158,0.341473,-0.126014,-0.226041,0.338205,-0.127616,0.0220417,0.111773,-0.138024,54.6018,0.0002,-1.80664e-09,-1.03686e-07,-1.80664e-09,0.000200011,1.09751e-06,-1.03686e-07,1.09751e-06,0.000199995
-0.225291,0.340466,-0.125863,-0.226034,0.33821,-0.127782,0.021909,0.110766,-0.138573,54.8464,0.0002,-8.65532e-10,-1.02362e-08,-8.65532e-10,0.000200011,1.09323e-06,-1.02362e-08,1.09323e-06,0.000199996
-0.223167,0.339611,-0.125541,-0.226044,0.338235,-0.127737,0.0210332,0.110111,-0.139091,54.5832,0.0002,-1.1286e-10,5.80551e-08,-1.1286e-10,0.000200011,1.0637e-06,5.80551e-08,1.0637e-06,0.000199996
-0.22133,0.338844,-0.125279,-0.225906,0.338158,-0.12803,0.0198695,0.109444,-0.139769,54.8317,0.0002,5.13674e-10,1.12383e-07,5.13674e-10,0.000200011,1.06235e-06,1.12383e-07,1.06235e-06,0.000199996
-0.219992,0.338227,-0.125169,-0.225914,0.33816,-0.127898,0.0183076,0.109027,-0.140549,54.6119,0.0002,9.57294e-10,1.47955e-07,9.57294e-10,0.00020001,1.0408e-06,1.47955e-07,1.0408e-06,0.000199996
-0.2143,0.338987,-0.128517,-0.203421,0.34461,-0.146402,0.0210001,0.109987,-0.144837,56.4404,0.0002,1.30958e-09,1.73093e-07,1.30958e-09,0.00020001,1.04731e-06,1.73093e-07,1.04731e-06,0.000199996
-0.209873,0.339564,-0.131406,-0.203344,0.34454,-0.146494,0.0225268,0.110764,-0.148626,56.644,0.0002,1.55945e-09,1.92795e-07,1.55945e-09,0.00020001,1.0286e-06,1.92795e-07,1.0286e-06,0.000199996
-0.206204,0.34001,-0.133633,-0.203389,0.344521,-0.146385,0.0231964,0.11141,-0.151763,56.6389,0.0002,1.77838e-09,2.07601e-07,1.77838e-09,0.00020001,1.03855e-06,2.07601e-07,1.03855e-06,0.000199996
-0.203438,0.340385,-0.135603,-0.203499,0.344526,-0.146687,0.0230617,0.112085,-0.154553,56.4135,0.0002,1.88781e-09,2.14828e-07,1.88781e-09,0.00020001,1.0211e-06,2.14828e-07,1.0211e-06,0.000199996
-0.201096,0.340642,-0.137009,-0.203571,0.344526,-0.146461,0.0225035,0.112542,-0.156959,56.3988,0.0002,2.04278e-09,2.2667e-07,2.04278e-09,0.00020001,1.03294e-06,2.2667e-07,1.03294e-06,0.000199996
-0.19933,0.340902,-0.138139,-0.203488,0.344619,-0.14649,0.0212696,0.113002,-0.158979,56.4174,0.0002,2.08955e-09,2.2864e-07,2.08955e-09,0.00020001,1.02062e-06,2.2864e-07,1.02062e-06,0.000199996
-0.194531,0.33989,-0.137715,-0.187147,0.338518,-0.139514,0.0231692,0.11219,-0.159465,56.4421,0.0002,2.15558e-09,2.31211e-07,2.15558e-09,0.00020001,1.0314e-06,2.31211e-07,1.0314e-06,0.000199996
-0.190752,0.339641,-0.137477,-0.187141,0.338536,-0.139694,0.0240479,0.111641,-0.160097,56.6777,0.0002,1.58639e-09,1.43735e-07,1.58639e-09,0.00020001,1.02827e-06,1.43735e-07,1.02827e-06,0.000199996
-0.187468,0.340326,-0.137027,-0.187159,0.338467,-0.139342,0.0243318,0.110526,-0.160577,56.6458,0.0002,1.49125e-10,-5.60834e-08,1.49125e-10,0.00020001,1.06831e-06,-5.60834e-08,1.06831e-06,0.000199996
-0.184869,0.341542,-0.142286,-0.18714,0.338574,-0.139177,0.0241307,0.109342,-0.159906,56.3829,0.000200001,-1.74059e-09,-2.8329e-07,-1.74059e-09,0.000200011,1.0907e-06,-2.8329e-07,1.0907e-06,0.000199996
-0.182573,0.342909,-0.154064,-0.187141,0.338593,-0.139252,0.0234267,0.107809,-0.156289,56.5994,0.000200002,-3.76137e-09,-4.84218e-07,-3.76137e-09,0.000200012,1.14425e-06,-4.84218e-07,1.14425e-06,0.000199995
-0.18089,0.343551,-0.163717,-0.187178,0.338504,-0.139453,0.0221098,0.105951,-0.150187,56.4417,0.000200002,-4.73772e-09,-5.41249e-07,-4.73772e-09,0.000200012,1.15524e-06,-5.41249e-07,1.15524e-06,0.000199995
-0.176616,0.341786,-0.173279,-0.172571,0.33102,-0.143175,0.0232836,0.102886,-0.142639,52.7646,0.000200002,-4.46796e-09,-4.50868e-07,-4.46796e-09,0.000200012,1.16149e-06,-4.50868e-07,1.16149e-06,0.000199995
-0.173423,0.339824,-0.174585,-0.172696,0.331063,-0.142917,0.0234767,0.100324,-0.134695,52.7321,0.000200001,-3.46224e-09,-3.07013e-07,-3.46224e-09,0.000200012,1.13089e-06,-3.07013e-07,1.13089e-06,0.000199995
-0.170782,0.337915,-0.168867,-0.172563,0.330988,-0.143407,0.0230178,0.0982149,-0.128357,52.5689,0.000200001,-2.3383e-09,-1.6788e-07,-2.3383e-09,0.000200012,1.11962e-06,-1.6788e-07,1.11962e-06,0.000199995
-0.168842,0.336249,-0.163287,-0.172557,0.331085,-0.143476,0.0220577,0.0966489,-0.123437,52.5951,0.0002,-1.28908e-09,-5.53937e-08,-1.28908e-09,0.000200011,1.08398e-06,-5.53937e-08,1.08398e-06,0.000199995
-0.167216,0.334793,-0.158526,-0.172644,0.331049,-0.143262,0.0206837,0.0952931,-0.119626,52.975,0.0002,-3.93074e-10,3.3972e-08,-3.93074e-10,0.000200011,1.07551e-06,3.3972e-08,1.07551e-06,0.000199996
-0.162024,0.335901,-0.16483,-0.152374,0.342946,-0.193276,0.022976,0.0967013,-0.12675,53.5737,0.0002,3.11038e-10,9.91094e-08,3.11038e-10,0.000200011,1.04474e-06,9.91094e-08,1.04474e-06,0.000199996
-0.15779,0.33677,-0.169731,-0.152502,0.343147,-0.192873,0.0243104,0.0978703,-0.132541,53.4178,0.0002,9.01223e-10,1.51106e-07,9.01223e-10,0.00020001,1.0422e-06,1.51106e-07,1.0422e-06,0.000199996
-0.15453,0.33746,-0.173586,-0.152544,0.343104,-0.192855,0.0246698,0.0988604,-0.137256,53.6077,0.0002,1.31101e-09,1.84717e-07,1.31101e-09,0.00020001,1.0214e-06,1.84717e-07,1.0214e-06,0.000199996
-0.151806,0.33795,-0.176772,-0.152498,0.343075,-0.193039,0.0244941,0.0997502,-0.141422,53.6448,0.0002,1.68781e-09,2.15867e-07,1.68781e-09,0.00020001,1.02531e-06,2.15867e-07,1.02531e-06,0.000199996
-0.149753,0.3384,-0.179208,-0.152554,0.343229,-0.192786,0.0236473,0.1006,-0.144728,53.4012,0.0002,1.90878e-09,2.32007e-07,1.90878e-09,0.00020001,1.00937e-06,2.32007e-07,1.00937e-06,0.000199996
-0.148015,0.338711,-0.181236,-0.152622,0.34326,-0.192864,0.0224847,0.101211,-0.147696,53.6105,0.000200001,2.15035e-09,2.51569e-07,2.15035e-09,0.00020001,1.01645e-06,2.51569e-07,1.01645e-06,0.000199996
-0.143751,0.337661,-0.181419,-0.137643,0.336527,-0.18628,0.0238493,0.100561,-0.148749,53.7494,0.000200001,2.25183e-09,2.57773e-07,2.25183e-09,0.000200009,1.00131e-06,2.57773e-07,1.00131e-06,0.000199996
-0.140225,0.336799,-0.18173,-0.137703,0.336531,-0.186469,0.0244745,0.0999985,-0.15001,53.7615,0.000200001,2.37812e-09,2.6553e-07,2.37812e-09,0.00020001,1.01167e-06,2.6553e-07,1.01167e-06,0.000199996
-0.137585,0.336137,-0.181949,-0.137955,0.336663,-0.186322,0.0242149,0.0997368,-0.151139,53.7543,0.000200001,2.43185e-09,2.70284e-07,2.43185e-09,0.000200009,9.97577e-07,2.70284e-07,9.97577e-07,0.000199996
-0.135339,0.335571,-0.181954,-0.137912,0.336597,-0.186102,0.0235611,0.099471,-0.152114,53.7358,0.000200001,2.52726e-09,2.77022e-07,2.52726e-09,0.00020001,1.00864e-06,2.77022e-07,1.00864e-06,0.000199996
-0.133657,0.335116,-0.182081,-0.137819,0.336408,-0.186398,0.0223426,0.0994159,-0.153161,53.748,0.000200001,2.52229e-09,2.7571e-07,2.52229e-09,0.000200009,9.9425e-07,2.7571e-07,9.9425e-07,0.000199996
-0.13221,0.334782,-0.182191,-0.137829,0.336655,-0.186444,0.0208904,0.0993818,-0.154241,53.5848,0.000200001,2.56456e-09,2.77979e-07,2.56456e-09,0.000200009,1.00177e-06,2.77979e-07,1.00177e-06,0.000199996
-0.128339,0.332999,-0.180719,-0.12386,0.328959,-0.177989,0.0218611,0.097999,-0.153619,54.2876,0.000200001,2.5561e-09,2.77074e-07,2.5561e-09,0.000200009,9.93164e-07,2.77074e-07,9.93164e-07,0.000199996
-0.125142,0.331581,-0.179318,-0.123819,0.329132,-0.177828,0.0221584,0.0968814,-0.153188,54.2882,0.000200001,2.59962e-09,2.80304e-07,2.59962e-09,0.000200009,1.00259e-06,2.80304e-07,1.00259e-06,0.000199996
-0.12273,0.330482,-0.178156,-0.124004,0.329034,-0.177944,0.0217704,0.0961817,-0.152996,54.0661,0.000200001,2.54354e-09,2.73486e-07,2.54354e-09,0.000200009,9.91259e-07,2.73486e-07,9.91259e-07,0.000199996
-0.120679,0.329524,-0.177484,-0.123948,0.328898,-0.178276,0.0209211,0.0955239,-0.153334,54.1208,0.000200001,2.58196e-09,2.77125e-07,2.58196e-09,0.000200009,1.00162e-06,2.77125e-07,1.00162e-06,0.000199996
-0.119136,0.328823,-0.176987,-0.123888,0.328961,-0.178166,0.0195644,0.0951233,-0.153757,54.3243,0.000200001,2.52577e-09,2.70921e-07,2.52577e-09,0.000200009,9.90778e-07,2.70921e-07,9.90778e-07,0.000199996
-0.114962,0.326756,-0.174646,-0.109817,0.321597,-0.169067,0.0208378,0.0933561,-0.152316,54.9408,0.000200001,2.5595e-09,2.73648e-07,2.5595e-09,0.000200009,1.00341e-06,2.73648e-07,1.00341e-06,0.000199996
-0.111715,0.32513,-0.172907,-0.109605,0.321548,-0.169425,0.0211852,0.0921299,-0.151437,55.0116,0.000200001,2.50787e-09,2.69056e-07,2.50787e-09,0.000200009,9.90227e-07,2.69056e-07,9.90227e-07,0.000199996
-0.108893,0.32456,-0.171323,-0.109775,0.321528,-0.169093,0.0211069,0.0909596,-0.150853,54.7571,0.0002,1.74769e-09,1.48236e-07,1.74769e-09,0.00020001,1.02304e-06,1.48236e-07,1.02304e-06,0.000199996
-0.106617,0.32489,-0.17031,-0.109766,0.321523,-0.169414,0.0204825,0.0896895,-0.15071,54.9931,0.0002,2.54013e-10,-5.52084e-08,2.54013e-10,0.00020001,1.04664e-06,-5.52084e-08,1.04664e-06,0.000199996
-0.104585,0.32576,-0.169354,-0.109768,0.321495,-0.169319,0.0195146,0.0880601,-0.150694,54.9576,0.000200001,-1.69182e-09,-2.8364e-07,-1.69182e-09,0.000200011,1.09555e-06,-2.8364e-07,1.09555e-06,0.000199996
-0.102957,0.326803,-0.168954,-0.109719,0.321484,-0.169243,0.0182432,0.0863026,-0.150764,54.964,0.000200002,-3.67494e-09,-4.85432e-07,-3.67494e-09,0.000200011,1.12582e-06,-4.85432e-07,1.12582e-06,0.000199996
-0.0984745,0.327306,-0.166078,-0.0947412,0.319156,-0.155771,0.0196255,0.0837057,-0.148148,54.0901,0.000200003,-5.4928e-09,-6.33593e-07,-5.4928e-09,0.000200012,1.17595e-06,-6.33593e-07,1.17595e-06,0.000199995
-0.0950557,0.327236,-0.163829,-0.094707,0.31895,-0.156355,0.0199443,0.0811357,-0.146359,54.465,0.000200003,-6.24262e-09,-6.60115e-07,-6.24262e-09,0.000200013,1.1799e-06,-6.60115e-07,1.1799e-06,0.000199994
-0.0923336,0.326385,-0.161696,-0.0945451,0.318914,-0.156609,0.0196664,0.0788848,-0.145076,54.5431,0.000200003,-5.75686e-09,-5.51791e-07,-5.75686e-09,0.000200013,1.17474e-06,-5.51791e-07,1.17474e-06,0.000199994
-0.0904334,0.325166,-0.159938,-0.0946564,0.319069,-0.156047,0.0185666,0.076866,-0.144158,54.288,0.000200002,-4.5158e-09,-3.91676e-07,-4.5158e-09,0.000200012,1.13044e-06,-3.91676e-07,1.13044e-06,0.000199995
-0.0888831,0.323859,-0.158369,-0.0946147,0.319086,-0.156197,0.0172169,0.0753587,-0.143509,54.3497,0.000200001,-3.18521e-09,-2.35988e-07,-3.18521e-09,0.000200012,1.10543e-06,-2.35988e-07,1.10543e-06,0.000199995
-0.0878118,0.322618,-0.157318,-0.0947696,0.319065,-0.155951,0.0153882,0.0740181,-0.143248,54.4445,0.000200001,-1.94541e-09,-1.05888e-07,-1.94541e-09,0.000200011,1.06729e-06,-1.05888e-07,1.06729e-06,0.000199995
-0.0829532,0.323645,-0.156648,-0.0751008,0.329755,-0.157501,0.0173468,0.0751447,-0.143538,55.059,0.0002,-9.1197e-10,-4.13072e-09,-9.1197e-10,0.000200011,1.05373e-06,-4.13072e-09,1.05373e-06,0.000199996
-0.0791922,0.324375,-0.156099,-0.0751835,0.329694,-0.157747,0.0183078,0.0760748,-0.143829,55.0918,0.0002,-7.4259e-11,7.34703e-08,-7.4259e-11,0.00020001,1.0276e-06,7.34703e-08,1.0276e-06,0.000199996
-0.0760934,0.324872,-0.147434,-0.0751756,0.329543,-0.157573,0.0185066,0.0767724,-0.146265,55.0596,0.0002,5.63273e-10,1.26582e-07,5.63273e-10,0.00020001,1.02609e-06,1.26582e-07,1.02609e-06,0.000199996
-0.0736892,0.325315,-0.136082,-0.0751836,0.329731,-0.157369,0.0180308,0.0774147,-0.151442,55.2457,0.0002,9.79759e-10,1.5549e-07,9.79759e-10,0.00020001,1.01419e-06,1.5549e-07,1.01419e-06,0.000199996
-0.0716124,0.325662,-0.125517,-0.0751831,0.32964,-0.157573,0.0171176,0.077862,-0.159407,55.2605,0.0002,1.26421e-09,1.68658e-07,1.26421e-09,0.00020001,1.03158e-06,1.68658e-07,1.03158e-06,0.000199996
-0.0699932,0.325956,-0.117704,-0.0750925,0.329606,-0.157587,0.0157468,0.0782559,-0.169194,55.1052,0.0002,1.42028e-09,1.72246e-07,1.42028e-09,0.00020001,1.03322e-06,1.72246e-07,1.03322e-06,0.000199996
-0.0643852,0.326319,-0.110792,-0.0539193,0.330256,-0.118419,0.0183248,0.0787193,-0.171202,57.654,0.0002,1.60645e-09,1.84726e-07,1.60645e-09,0.00020001,1.04511e-06,1.84726e-07,1.04511e-06,0.000199996
-0.0600377,0.326678,-0.110546,-0.0539609,0.330279,-0.118485,0.0197523,0.079078,-0.173116,57.6821,0.0002,1.66322e-09,1.85117e-07,1.66322e-09,0.00020001,1.0313e-06,1.85117e-07,1.0313e-06,0.000199996
-0.0564601,0.326918,-0.1113,-0.0538629,0.330293,-0.118152,0.0203899,0.0794179,-0.17484,57.6581,0.0002,1.77143e-09,1.93993e-07,1.77143e-09,0.00020001,1.03519e-06,1.93993e-07,1.03519e-06,0.000199996
-0.0537436,0.327113,-0.1122,-0.0539562,0.330244,-0.118356,0.0202264,0.0797134,-0.1765,57.8692,0.0002,1.81177e-09,1.9782e-07,1.81177e-09,0.00020001,1.0173e-06,1.9782e-07,1.0173e-06,0.000199996
-0.0514439,0.32726,-0.112783,-0.0539087,0.330216,-0.118627,0.0196261,0.07986,-0.177883,57.9082,0.0002,1.86635e-09,2.00892e-07,1.86635e-09,0.00020001,1.02459e-06,2.00892e-07,1.02459e-06,0.000199996
-0.0474184,0.325126,-0.104235,-0.0423326,0.318707,-0.0731822,0.0208116,0.0778257,-0.170085,56.4632,0.0002,1.87292e-09,2.02325e-07,1.87292e-09,0.00020001,1.00704e-06,2.02325e-07,1.00704e-06,0.000199996
-0.0440842,0.323404,-0.0974227,-0.0423133,0.318535,-0.0733188,0.0212458,0.0762042,-0.164013,56.4435,0.0002,1.86791e-09,1.98608e-07,1.86791e-09,0.00020001,1.0137e-06,1.98608e-07,1.0137e-06,0.000199996
-0.041539,0.322038,-0.092053,-0.0423337,0.318652,-0.0734091,0.020951,0.0748385,-0.159323,56.2718,0.0002,1.84323e-09,1.97016e-07,1.84323e-09,0.000200009,9.99291e-07,1.97016e-07,9.99291e-07,0.000199996
-0.0402087,0.321061,-0.0955005,-0.0423443,0.318678,-0.073082,0.0201913,0.0739614,-0.153711,56.4428,0.0002,1.59092e-09,1.80951e-07,1.59092e-09,0.000200008,8.76851e-07,1.80951e-07,8.76851e-07,0.000199997
-0.0396905,0.320353,-0.102071,-0.0423775,0.318754,-0.0734183,0.0196695,0.0734532,-0.146501,56.5011,0.0002,1.26476e-09,1.61445e-07,1.26476e-09,0.000200006,7.11956e-07,1.61445e-07,7.11956e-07,0.000199997
-0.0400441,0.319833,-0.109024,-0.0423437,0.318694,-0.0733334,0.0189859,0.0731329,-0.137604,56.2822,0.0002,8.76496e-10,1.37346e-07,8.76496e-10,0.000200004,4.82464e-07,1.37346e-07,4.82464e-07,0.000199998
-0.0390836,0.317521,-0.117186,-0.0350516,0.309162,-0.0901341,0.0199664,0.0711208,-0.130886,53.6444,0.0002,5.82226e-10,1.17876e-07,5.82226e-10,0.000200002,3.01612e-07,1.17876e-07,3.01612e-07,0.000199999
-0.0385363,0.315691,-0.124532,-0.0350836,0.30926,-0.0897813,0.0208137,0.0694914,-0.122304,53.7914,0.0002,3.62389e-10,1.042e-07,3.62389e-10,0.000200001,1.51406e-07,1.042e-07,1.51406e-07,0.000199999
-0.0382196,0.314261,-0.129495,-0.0350026,0.309304,-0.0899774,0.0215404,0.0683613,-0.112475,53.8284,0.0002,2.01281e-10,9.04325e-08,2.01281e-10,0.000200001,3.34266e-08,9.04325e-08,3.34266e-08,0.000199999
-0.0379897,0.313072,-0.134281,-0.0349982,0.309179,-0.0902514,0.0223003,0.0673717,-0.101511,53.6432,0.0002,9.37086e-11,8.41202e-08,9.37086e-11,0.0002,-4.60799e-08,8.41202e-08,-4.60799e-08,0.0002
-0.0378968,0.312151,-0.137275,-0.0351326,0.309301,-0.0898834,0.0229632,0.066751,-0.0898148,53.7984,0.0002,1.73102e-11,7.83045e-08,1.73102e-11,0.0002,-1.07161e-07,7.83045e-08,-1.07161e-07,0.0002
-0.0378275,0.311438,-0.140351,-0.0350043,0.309352,-0.0897967,0.0236525,0.0662379,-0.0771908,53.6258,0.0002,-3.33038e-11,7.18222e-08,-3.33038e-11,0.0002,-1.51133e-07,7.18222e-08,-1.51133e-07,0.0002
-0.0381414,0.310573,-0.159646,-0.0367734,0.307742,-0.17746,0.0239886,0.0656726,-0.0817856,53.8169,0.0002,-6.4326e-11,6.55473e-08,-6.4326e-11,0.0002,-1.80741e-07,6.55473e-08,-1.80741e-07,0.0002
-0.0384269,0.309889,-0.175944,-0.0368184,0.307842,-0.177328,0.0243631,0.0651892,-0.0822742,53.5963,0.0002,-8.70302e-11,6.25694e-08,-8.70302e-11,0.0002,-2.04018e-07,6.25694e-08,-2.04018e-07,0.0002
-0.0386273,0.309338,-0.18799,-0.0367767,0.30781,-0.17744,0.0248227,0.0648381,-0.0795895,53.8237,0.0002,-9.98201e-11,5.99785e-08,-9.98201e-11,0.0002,-2.15873e-07,5.99785e-08,-2.15873e-07,0.0002
-0.0387924,0.308895,-0.198496,-0.0366917,0.307763,-0.177344,0.0253276,0.064595,-0.0743956,53.8216,0.0002,-1.06649e-10,5.65076e-08,-1.06649e-10,0.0002,-2.27048e-07,5.65076e-08,-2.27048e-07,0.0002
-0.0389164,0.308597,-0.2061,-0.0367095,0.307988,-0.177466,0.0258736,0.0644974,-0.0672995,53.6189,0.0002,-1.06701e-10,5.21402e-08,-1.06701e-10,0.0002,-2.32345e-07,5.21402e-08,-2.32345e-07,0.0002
-0.0399453,0.308319,-0.230628,-0.0413115,0.307774,-0.265883,0.0255147,0.0644185,-0.0760283,54.7576,0.0002,-1.10143e-10,5.19199e-08,-1.10143e-10,0.000200001,-2.36617e-07,5.19199e-08,-2.36617e-07,0.0002
-0.0407415,0.308093,-0.249584,-0.0412327,0.307682,-0.266038,0.0253985,0.064293,-0.0802839,54.7705,0.0002,-1.06768e-10,4.84569e-08,-1.06768e-10,0.000200001,-2.37701e-07,4.84569e-08,-2.37701e-07,0.0002
-0.0413921,0.307925,-0.265449,-0.0411936,0.307693,-0.265729,0.0254379,0.0643255,-0.0803487,54.7428,0.0002,-1.00749e-10,4.36278e-08,-1.00749e-10,0.000200001,-2.41965e-07,4.36278e-08,-2.41965e-07,0.0002
-0.0419083,0.307813,-0.277254,-0.0412335,0.307735,-0.266058,0.0256017,0.0643128,-0.0776537,55.1527,0.0002,-9.13221e-11,3.80525e-08,-9.13221e-11,0.000200001,-2.42764e-07,3.80525e-08,-2.42764e-07,0.0002
-0.0423425,0.307745,-0.287637,-0.0413007,0.307764,-0.265992,0.0258675,0.0644447,-0.0723371,54.7666,0.0002,-7.89869e-11,3.12203e-08,-7.89869e-11,0.000200001,-2.44537e-07,3.12203e-08,-2.44537e-07,0.0002
-0.042669,0.30767,-0.295143,-0.0412014,0.307816,-0.266118,0.026221,0.0644705,-0.0651434,54.7762,0.0002,-7.67259e-11,3.13938e-08,-7.67259e-11,0.000200001,-2.45628e-07,3.13938e-08,-2.45628e-07,0.0002
-0.0436948,0.307448,-0.319396,-0.0450404,0.30678,-0.352909,0.0258852,0.0643477,-0.0736956,54.7772,0.0002,-6.87062e-11,2.74963e-08,-6.87062e-11,0.000200001,-2.45379e-07,2.74963e-08,-2.45379e-07,0.0002
-0.0444731,0.307295,-0.337754,-0.0449276,0.306901,-0.35277,0.0257769,0.0642946,-0.0773536,54.8211,0.0002,-6.06624e-11,2.40894e-08,-6.06624e-11,0.000200001,-2.42152e-07,2.40894e-08,-2.42152e-07,0.0002
-0.0451253,0.307209,-0.353416,-0.0449411,0.306959,-0.352888,0.0258147,0.0643095,-0.0774162,55.0081,0.0002,-4.72306e-11,1.688e-08,-4.72306e-11,0.000200001,-2.44397e-07,1.688e-08,-2.44397e-07,0.0002
-0.0456463,0.307104,-0.364959,-0.0450318,0.306951,-0.352713,0.0259737,0.0643039,-0.0743588,55.0024,0.0002,-4.50384e-11,1.75718e-08,-4.50384e-11,0.000200001,-2.42919e-07,1.75718e-08,-2.42919e-07,0.0002
-0.0460475,0.307044,-0.375167,-0.0448588,0.306852,-0.35282,0.0262625,0.0643439,-0.0688667,54.8018,0.0002,-3.16798e-11,1.02758e-08,-3.16798e-11,0.000200001,-2.44895e-07,1.02758e-08,-2.44895e-07,0.0002
-0.0463725,0.307009,-0.38248,-0.0449393,0.307035,-0.352999,0.0266175,0.0643085,-0.06168,54.8192,0.0002,-2.70267e-11,9.23447e-09,-2.70267e-11,0.000200001,-2.44293e-07,9.23447e-09,-2.44293e-07,0.0002
-0.0472068,0.307313,-0.407104,-0.047847,0.308482,-0.443055,0.0264732,0.0647131,-0.070704,54.8861,0.0002,-1.75722e-11,4.70696e-09,-1.75722e-11,0.000200001,-2.42606e-07,4.70696e-09,-2.42606e-07,0.0002
-0.0478854,0.307568,-0.42596,-0.0478623,0.308596,-0.442651,0.0264646,0.0649677,-0.0749604,55.0418,0.0002,-1.21712e-11,2.8731e-09,-1.21712e-11,0.000200001,-2.42868e-07,2.8731e-09,-2.42868e-07,0.0002
-0.0484174,0.307716,-0.441834,-0.0477817,0.30822,-0.443103,0.0266126,0.0652156,-0.0752343,55.3014,0.0002,-1.88535e-12,-2.2944e-09,-1.88535e-12,0.000200001,-2.43827e-07,-2.2944e-09,-2.43827e-07,0.0002
-0.0488267,0.307894,-0.453754,-0.0478426,0.308444,-0.443017,0.0268733,0.0653942,-0.0726544,54.8806,0.0002,1.03409e-11,-8.47493e-09,1.03409e-11,0.000200001,-2.39814e-07,-8.47493e-09,-2.39814e-07,0.0002
-0.0491311,0.308021,-0.464098,-0.047587,0.308396,-0.443246,0.0272389,0.0655209,-0.0673982,55.093,0.0002,1.91692e-11,-1.2012e-08,1.91692e-11,0.000200001,-2.41723e-07,-1.2012e-08,-2.41723e-07,0.0002
-0.0493773,0.308103,-0.471519,-0.0477674,0.308304,-0.443104,0.0276627,0.0656025,-0.0604192,55.0805,0.0002,2.52028e-11,-1.42564e-08,2.52028e-11,0.000200001,-2.37565e-07,-1.42564e-08,-2.37565e-07,0.0002
-0.0498164,0.308204,-0.495518,-0.0489853,0.308374,-0.528967,0.0278936,0.0657039,-0.0688177,54.8857,0.0002,3.05665e-11,-1.63996e-08,3.05665e-11,0.000200001,-2.34845e-07,-1.63996e-08,-2.34845e-07,0.0002
-0.0502137,0.308301,-0.513837,-0.0490749,0.308461,-0.529014,0.0281463,0.0658012,-0.0726367,54.6725,0.0002,3.58529e-11,-1.83556e-08,3.58529e-11,0.000200001,-2.37547e-07,-1.83556e-08,-2.37547e-07,0.0002
-0.0505103,0.30839,-0.529392,-0.0490235,0.308398,-0.529071,0.0285197,0.0657901,-0.0725923,54.8611,0.0002,4.67531e-11,-2.42385e-08,4.67531e-11,0.000200001,-2.37389e-07,-2.42385e-08,-2.37389e-07,0.0002
-0.0507111,0.308452,-0.54099,-0.0490285,0.308431,-0.529283,0.0289689,0.0658515,-0.0696903,54.8939,0.0002,5.05344e-11,-2.57127e-08,5.05344e-11,0.000200001,-2.31273e-07,-2.57127e-08,-2.31273e-07,0.0002
-0.0508962,0.30851,-0.551131,-0.0489692,0.308356,-0.529149,0.0294438,0.0658101,-0.0643309,54.8768,0.0002,6.11117e-11,-3.12599e-08,6.11117e-11,0.000200001,-2.33003e-07,-3.12599e-08,-2.33003e-07,0.0002
-0.0510918,0.308587,-0.575216,-0.0493148,0.308448,-0.614091,0.0298982,0.0658873,-0.0740157,55.5952,0.0002,6.69738e-11,-3.37398e-08,6.69738e-11,0.000200001,-2.31102e-07,-3.37398e-08,-2.31102e-07,0.0002
-0.0512434,0.30863,-0.595543,-0.0492967,0.308318,-0.614309,0.0303966,0.0658298,-0.078943,55.4533,0.0002,7.42435e-11,-3.74009e-08,7.42435e-11,0.0002,-2.2951e-07,-3.74009e-08,-2.2951e-07,0.0002
-0.0513539,0.308655,-0.610856,-0.0493226,0.308232,-0.614324,0.0309161,0.0657551,-0.0798555,55.432,0.0002,8.18738e-11,-4.17226e-08,8.18738e-11,0.0002,-2.25805e-07,-4.17226e-08,-2.25805e-07,0.0002
-0.0514645,0.308731,-0.624101,-0.0493644,0.308504,-0.614539,0.0314555,0.0657312,-0.0776011,55.6563,0.0002,8.94492e-11,-4.54076e-08,8.94492e-11,0.0002,-2.25505e-07,-4.54076e-08,-2.25505e-07,0.0002
-0.0515387,0.3088,-0.63372,-0.0493715,0.308511,-0.614412,0.0320113,0.0657,-0.0728196,55.4311,0.0002,9.62291e-11,-4.90931e-08,9.62291e-11,0.0002,-2.22701e-07,-4.90931e-08,-2.22701e-07,0.0002
-0.0516011,0.308839,-0.642172,-0.0493893,0.30842,-0.614388,0.0325889,0.0656391,-0.0658715,55.4169,0.0002,1.02316e-10,-5.22792e-08,1.02316e-10,0.0002,-2.20691e-07,-5.22792e-08,-2.20691e-07,0.0002
-0.0515549,0.308816,-0.664691,-0.0489345,0.308044,-0.69699,0.0332651,0.0655159,-0.0740914,56.1207,0.0002,1.07558e-10,-5.49039e-08,1.07558e-10,0.0002,-2.19245e-07,-5.49039e-08,-2.19245e-07,0.0002
-0.0515517,0.308804,-0.683454,-0.048962,0.308066,-0.696913,0.0338883,0.065404,-0.077454,55.9644,0.0002,1.14895e-10,-5.79026e-08,1.14895e-10,0.0002,-2.22582e-07,-5.79026e-08,-2.22582e-07,0.0002
-0.0514988,0.308759,-0.697685,-0.0489434,0.307837,-0.697148,0.0345512,0.065159,-0.0772855,55.9712,0.0002,1.20497e-10,-6.19082e-08,1.20497e-10,0.0002,-2.17109e-07,-6.19082e-08,-2.17109e-07,0.0002
-0.0514524,0.30873,-0.710084,-0.048928,0.307855,-0.697137,0.0352076,0.0650299,-0.0742844,55.9947,0.0002,1.25931e-10,-6.56261e-08,1.25931e-10,0.0002,-2.13212e-07,-6.56261e-08,-2.13212e-07,0.0002
-0.0514351,0.308734,-0.718991,-0.0489642,0.308056,-0.697155,0.0358249,0.0648342,-0.0687914,56.1505,0.0002,1.28331e-10,-6.62817e-08,1.28331e-10,0.0002,-2.12679e-07,-6.62817e-08,-2.12679e-07,0.0002
-0.051424,0.30877,-0.726942,-0.0489755,0.30813,-0.697155,0.036436,0.0647697,-0.0613425,56.1872,0.0002,1.34315e-10,-6.9861e-08,1.34315e-10,0.0002,-2.12216e-07,-6.9861e-08,-2.12216e-07,0.0002
-0.0517295,0.309103,-0.749209,-0.0507351,0.309624,-0.780176,0.0367205,0.0649032,-0.0693092,52.4867,0.0002,1.34197e-10,-7.04969e-08,1.34197e-10,0.0002,-2.06809e-07,-7.04969e-08,-2.06809e-07,0.0002
-0.0520486,0.309383,-0.767779,-0.0508909,0.309596,-0.780147,0.0369914,0.064983,-0.0725787,52.6027,0.0002,1.42318e-10,-7.48017e-08,1.42318e-10,0.0002,-2.09999e-07,-7.48017e-08,-2.09999e-07,0.0002
-0.0522659,0.309623,-0.781595,-0.0508637,0.309798,-0.780031,0.0373541,0.0651231,-0.0720951,52.4373,0.0002,1.41323e-10,-7.40987e-08,1.41323e-10,0.0002,-2.06686e-07,-7.40987e-08,-2.06686e-07,0.0002
-0.0524129,0.309822,-0.793867,-0.0507346,0.309666,-0.780409,0.0377971,0.065122,-0.0689666,52.4847,0.0002,1.48002e-10,-7.95605e-08,1.48002e-10,0.0002,-2.04101e-07,-7.95605e-08,-2.04101e-07,0.0002
-0.0524979,0.30992,-0.802575,-0.0506527,0.309495,-0.780261,0.0382821,0.0650202,-0.0633749,52.2839,0.0002,1.46303e-10,-7.89719e-08,1.46303e-10,0.0002,-1.99794e-07,-7.89719e-08,-1.99794e-07,0.0002
-0.0531605,0.310429,-0.827623,-0.0535922,0.311399,-0.866539,0.0381895,0.0653289,-0.0731226,51.7579,0.0002,1.53053e-10,-8.41564e-08,1.53053e-10,0.0002,-1.9901e-07,-8.41564e-08,-1.9901e-07,0.0002
-0.0536675,0.310808,-0.846927,-0.0535654,0.311308,-0.86668,0.0382425,0.0655082,-0.078227,51.9472,0.0002,1.55466e-10,-8.66399e-08,1.55466e-10,0.0002,-1.95412e-07,-8.66399e-08,-1.95412e-07,0.0002
-0.0540879,0.31116,-0.86328,-0.0535796,0.311451,-0.866781,0.0383921,0.0655605,-0.0791798,51.7669,0.0002,1.63085e-10,-9.21962e-08,1.63085e-10,0.0002,-1.94639e-07,-9.21962e-08,-1.94639e-07,0.0002
-0.0544087,0.311439,-0.875306,-0.0535827,0.311496,-0.866583,0.0386213,0.0656393,-0.0769063,51.9693,0.0002,1.65251e-10,-9.41797e-08,1.65251e-10,0.0002,-1.91408e-07,-9.41797e-08,-1.91408e-07,0.0002
-0.0546697,0.311672,-0.885932,-0.0535427,0.311447,-0.866526,0.0389103,0.0656716,-0.0722322,51.9453,0.0002,1.72146e-10,-9.89811e-08,1.72146e-10,0.0002,-1.91006e-07,-9.89811e-08,-1.91006e-07,0.0002
-0.0548811,0.311842,-0.893428,-0.0536302,0.31144,-0.866582,0.0392489,0.0655423,-0.0655281,51.9549,0.0002,1.73259e-10,-1.00027e-07,1.73259e-10,0.0002,-1.88269e-07,-1.00027e-07,-1.88269e-07,0.0002
-0.0556159,0.312779,-0.917954,-0.0563494,0.315406,-0.954465,0.0390641,0.0662786,-0.0746542,54.7192,0.0002,1.75482e-10,-9.94727e-08,1.75482e-10,0.0002,-1.91269e-07,-9.94727e-08,-1.91269e-07,0.0002
-0.056124,0.313441,-0.936789,-0.0561999,0.314895,-0.954981,0.039086,0.0666406,-0.0791891,54.7687,0.0002,1.75265e-10,-1.0209e-07,1.75265e-10,0.0002,-1.84845e-07,-1.0209e-07,-1.84845e-07,0.0002
-0.0565635,0.313981,-0.952746,-0.0563147,0.314843,-0.95498,0.0391765,0.0669806,-0.0798457,54.7815,0.0002,1.80456e-10,-1.07775e-07,1.80456e-10,0.0002,-1.81929e-07,-1.07775e-07,-1.81929e-07,0.0002
-0.0568936,0.314405,-0.964636,-0.0562563,0.31502,-0.955049,0.0393564,0.0671048,-0.0775358,54.785,0.0002,1.75438e-10,-1.04818e-07,1.75438e-10,0.0002,-1.78362e-07,-1.04818e-07,-1.78362e-07,0.0002
-0.0571989,0.31482,-0.974914,-0.0563603,0.31514,-0.954751,0.0395711,0.0672202,-0.0725139,54.762,0.0002,1.83664e-10,-1.11736e-07,1.83664e-10,0.0002,-1.78938e-07,-1.11736e-07,-1.78938e-07,0.0002
-0.0574231,0.31511,-0.982373,-0.0563011,0.31515,-0.954745,0.0398469,0.0672099,-0.0657731,54.7938,0.0002,1.81129e-10,-1.09209e-07,1.81129e-10,0.0002,-1.77992e-07,-1.09209e-07,-1.77992e-07,0.0002
-0.0580904,0.315785,-1.00627,-0.0588364,0.317061,-1.04025,0.0396896,0.0675848,-0.0743673,59.4704,0.0002,1.86415e-10,-1.15186e-07,1.86415e-10,0.0002,-1.75543e-07,-1.15186e-07,-1.75543e-07,0.0002
-0.0586095,0.316299,-1.02433,-0.0588973,0.31709,-1.04004,0.0396705,0.0678994,-0.0782252,59.4409,0.0002,1.81974e-10,-1.14593e-07,1.81974e-10,0.0002,-1.69375e-07,-1.14593e-07,-1.69375e-07,0.0002
-0.0590465,0.316753,-1.03969,-0.0588892,0.317175,-1.03989,0.0397235,0.0679531,-0.078393,59.4416,0.0002,1.85911e-10,-1.18843e-07,1.85911e-10,0.0002,-1.68683e-07,-1.18843e-07,-1.68683e-07,0.0002
-0.059369,0.317104,-1.05129,-0.0588208,0.31719,-1.04023,0.039871,0.0680042,-0.0757942,59.4636,0.0002,1.84899e-10,-1.19468e-07,1.84899e-10,0.0002,-1.65897e-07,-1.19468e-07,-1.65897e-07,0.0002
-0.0596327,0.31736,-1.06135,-0.0588771,0.316978,-1.04062,0.0400873,0.0679596,-0.0706515,59.49,0.0002,1.86297e-10,-1.229e-07,1.86297e-10,0.0002,-1.629e-07,-1.229e-07,-1.629e-07,0.0002
-0.0598367,0.31759,-1.06841,-0.0589027,0.317191,-1.04015,0.0403633,0.0678901,-0.0634146,59.4529,0.0002,1.83055e-10,-1.22608e-07,1.83055e-10,0.0002,-1.58946e-07,-1.22608e-07,-1.58946e-07,0.0002
-0.0606863,0.318499,-1.09152,-0.0622456,0.320701,-1.12234,0.0400137,0.0684991,-0.0715179,61.0527,0.0002,1.85827e-10,-1.2429e-07,1.85827e-10,0.0002,-1.60649e-07,-1.2429e-07,-1.60649e-07,0.0002
-0.0613159,0.319262,-1.10902,-0.0621806,0.320829,-1.1222,0.0397841,0.0688621,-0.0750194,61.0617,0.0002,1.84969e-10,-1.27415e-07,1.84969e-10,0.0002,-1.55394e-07,-1.27415e-07,-1.55394e-07,0.0002
-0.0618254,0.319861,-1.1239,-0.0621527,0.320732,-1.12246,0.0397746,0.0691609,-0.0748987,61.0904,0.0002,1.87084e-10,-1.31181e-07,1.87084e-10,0.0002,-1.53404e-07,-1.31181e-07,-1.53404e-07,0.0002
-0.062244,0.320317,-1.13497,-0.0621963,0.320673,-1.12243,0.039756,0.0693168,-0.0719701,61.0559,0.0002,1.87317e-10,-1.32075e-07,1.87317e-10,0.0002,-1.5227e-07,-1.32075e-07,-1.5227e-07,0.0002
-0.0625629,0.320674,-1.1447,-0.0621504,0.320552,-1.12267,0.0398371,0.0692736,-0.0657014,61.0649,0.0002,1.89044e-10,-1.35547e-07,1.89044e-10,0.0002,-1.50099e-07,-1.35547e-07,-1.50099e-07,0.0002
-0.0639919,0.324705,-1.16483,-0.0681184,0.339322,-1.18882,0.0389081,0.0729053,-0.0718291,59.9368,0.0002,1.8613e-10,-1.35102e-07,1.8613e-10,0.0002,-1.46905e-07,-1.35102e-07,-1.46905e-07,0.0002
-0.0651555,0.327962,-1.18184,-0.0681943,0.339363,-1.18892,0.0381445,0.0758619,-0.07384,59.9207,0.0002,1.88019e-10,-1.39033e-07,1.88019e-10,0.0002,-1.45118e-07,-1.39033e-07,-1.45118e-07,0.0002
-0.0660717,0.330556,-1.19455,-0.0681781,0.33939,-1.18888,0.0376283,0.0780559,-0.0725517,59.9474,0.0002,1.85371e-10,-1.39188e-07,1.85371e-10,0.0002,-1.41887e-07,-1.39188e-07,-1.41887e-07,0.0002
-0.0667962,0.332613,-1.20558,-0.0681758,0.339218,-1.18906,0.0373038,0.0797127,-0.0685824,59.6934,0.0002,1.84299e-10,-1.42149e-07,1.84299e-10,0.0002,-1.38133e-07,-1.42149e-07,-1.38133e-07,0.0002
-0.0673482,0.334268,-1.21358,-0.0680861,0.339358,-1.18876,0.0371518,0.0810682,-0.0625843,59.9523,0.0002,1.79415e-10,-1.41322e-07,1.79415e-10,0.0002,-1.34024e-07,-1.41322e-07,-1.34024e-07,0.0002
-0.0678236,0.335561,-1.22089,-0.0681556,0.339063,-1.18913,0.0370764,0.081961,-0.0548855,59.9003,0.0002,1.82354e-10,-1.45442e-07,1.82354e-10,0.0002,-1.34252e-07,-1.45442e-07,-1.34252e-07,0.0002
-0.068715,0.337697,-1.24217,-0.0708143,0.344612,-1.2708,0.036585,0.0836973,-0.0621712,58.5255,0.0002,1.80864e-10,-1.45164e-07,1.80864e-10,0.0002,-1.32935e-07,-1.45164e-07,-1.32935e-07,0.0002
-0.069419,0.339412,-1.26013,-0.0708553,0.344655,-1.27134,0.036281,0.0850115,-0.0651342,58.7685,0.0002,1.76478e-10,-1.44929e-07,1.76478e-10,0.0002,-1.28775e-07,-1.44929e-07,-1.28775e-07,0.0002
-0.0700039,0.340813,-1.27361,-0.0709797,0.344794,-1.27069,0.0360961,0.0860134,-0.0646123,58.7433,0.0002,1.72802e-10,-1.45514e-07,1.72802e-10,0.0002,-1.25221e-07,-1.45514e-07,-1.25221e-07,0.0002
-0.0704496,0.341926,-1.28523,-0.0708493,0.344638,-1.27108,0.0359504,0.0867259,-0.061233,58.562,0.0002,1.73303e-10,-1.49769e-07,1.73303e-10,0.0002,-1.23128e-07,-1.49769e-07,-1.23128e-07,0.0002
-0.0708208,0.342817,-1.29364,-0.0708626,0.344765,-1.27105,0.0359792,0.087217,-0.054635,58.5539,0.0002,1.72516e-10,-1.4875e-07,1.72516e-10,0.0002,-1.23557e-07,-1.4875e-07,-1.23557e-07,0.0002
-0.0710932,0.343543,-1.30123,-0.0708195,0.344692,-1.27099,0.0360068,0.0875427,-0.0472349,58.572,0.0002,1.72763e-10,-1.5269e-07,1.72763e-10,0.0002,-1.20921e-07,-1.5269e-07,-1.20921e-07,0.0002
-0.0716584,0.344317,-1.32358,-0.0726475,0.345876,-1.35643,0.0358416,0.0879174,-0.0555772,55.6709,0.0002,1.6552e-10,-1.46822e-07,1.6552e-10,0.0002,-1.18351e-07,-1.46822e-07,-1.18351e-07,0.0002
-0.0720919,0.344974,-1.34228,-0.0725589,0.345775,-1.35644,0.0357081,0.0881742,-0.0592775,55.5002,0.0002,1.66406e-10,-1.52683e-07,1.66406e-10,0.0002,-1.15849e-07,-1.52683e-07,-1.15849e-07,0.0002
-0.0724284,0.345484,-1.35636,-0.072576,0.345893,-1.35648,0.0356716,0.0882844,-0.0593567,55.4837,0.0002,1.60263e-10,-1.50479e-07,1.60263e-10,0.0002,-1.1176e-07,-1.50479e-07,-1.1176e-07,0.0002
-0.072707,0.345908,-1.36847,-0.0725886,0.345753,-1.35627,0.035793,0.0883078,-0.0564679,55.4826,0.0002,1.61262e-10,-1.56306e-07,1.61262e-10,0.0002,-1.09685e-07,-1.56306e-07,-1.09685e-07,0.0002
-0.072922,0.346209,-1.3773,-0.0726063,0.345764,-1.35642,0.035878,0.0882089,-0.0512981,55.6885,0.0002,1.55733e-10,-1.53765e-07,1.55733e-10,0.0002,-1.0642e-07,-1.53765e-07,-1.0642e-07,0.0002
-0.073332,0.346673,-1.40064,-0.0738429,0.346732,-1.43338,0.035768,0.0881733,-0.0596423,56.2693,0.0002,1.54078e-10,-1.55846e-07,1.54078e-10,0.0002,-1.04399e-07,-1.55846e-07,-1.04399e-07,0.0002
-0.0736358,0.347005,-1.4183,-0.0737643,0.346624,-1.43338,0.0357642,0.0881051,-0.0633019,56.52,0.0002,1.49321e-10,-1.54602e-07,1.49321e-10,0.0002,-1.01299e-07,-1.54602e-07,-1.01299e-07,0.0002
-0.0739066,0.347312,-1.43349,-0.0738576,0.346776,-1.43329,0.0357934,0.0880119,-0.0634904,56.4821,0.0002,1.47951e-10,-1.55905e-07,1.47951e-10,0.0002,-1.00184e-07,-1.55905e-07,-1.00184e-07,0.0002
-0.0740872,0.347544,-1.4447,-0.0738589,0.346729,-1.43337,0.0359128,0.0878439,-0.0607044,56.4588,0.0002,1.40422e-10,-1.56167e-07,1.40422e-10,0.0002,-9.33946e-08,-1.56167e-07,-9.33946e-08,0.0002
-0.0742603,0.347781,-1.4545,-0.0738332,0.346847,-1.43334,0.0360397,0.0875815,-0.0554953,56.3122,0.0002,1.42632e-10,-1.61197e-07,1.42632e-10,0.0002,-9.39958e-08,-1.61197e-07,-9.39958e-08,0.0002
-0.0743816,0.347897,-1.46154,-0.0738436,0.346723,-1.43352,0.0361184,0.0872967,-0.0485394,56.2952,0.0002,1.36501e-10,-1.56423e-07,1.36501e-10,0.0002,-9.12815e-08,-1.56423e-07,-9.12815e-08,0.0002
-0.0739581,0.34865,-1.48458,-0.0753668,0.34941,-1.51644,0.0360419,0.0874503,-0.0565832,56.575,0.0002,-4.18505e-12,-1.71022e-07,-4.18505e-12,0.0002,4.08566e-08,-1.71022e-07,4.08566e-08,0.0002
-0.0728918,0.349345,-1.50247,-0.0753653,0.349642,-1.51623,0.0354082,0.0874451,-0.0604685,56.78,0.0002,-2.76874e-10,-1.8642e-07,-2.76874e-10,0.0002,2.42406e-07,-1.8642e-07,2.42406e-07,0.0002
-0.0714337,0.349878,-1.51819,-0.075457,0.349625,-1.51634,0.0343663,0.0872782,-0.0601947,56.7383,0.0002,-6.21968e-10,-1.9036e-07,-6.21968e-10,0.000200002,4.71785e-07,-1.9036e-07,4.71785e-07,0.0002
-0.0699396,0.350268,-1.53021,-0.0753841,0.349517,-1.51637,0.0331604,0.0869681,-0.05621,56.9598,0.0002,-9.37151e-10,-1.88252e-07,-9.37151e-10,0.000200003,6.68995e-07,-1.88252e-07,6.68995e-07,0.000199999
-0.0685613,0.350554,-1.54068,-0.0753891,0.349474,-1.51654,0.0314187,0.0865541,-0.0506828,56.9854,0.0002,-1.17728e-09,-1.81102e-07,-1.17728e-09,0.000200005,8.25002e-07,-1.81102e-07,8.25002e-07,0.000199999
-0.0673852,0.350792,-1.54875,-0.0754025,0.349414,-1.51655,0.0294648,0.0860918,-0.0427466,56.7699,0.0002,-1.36896e-09,-1.77796e-07,-1.36896e-09,0.000200007,9.37274e-07,-1.77796e-07,9.37274e-07,0.000199998
-0.0654013,0.351596,-1.5738,-0.0706975,0.352864,-1.60575,0.0281787,0.086296,-0.0507967,55.2803,0.0002,-1.52111e-09,-1.75458e-07,-1.52111e-09,0.000200008,1.02326e-06,-1.75458e-07,1.02326e-06,0.000199997
-0.0638343,0.352259,-1.59317,-0.0707202,0.353065,-1.6056,0.0264957,0.0862587,-0.053172,55.2672,0.0002,-1.57959e-09,-1.67142e-07,-1.57959e-09,0.00020001,1.07632e-06,-1.67142e-07,1.07632e-06,0.000199997
-0.0625305,0.352767,-1.60928,-0.0707001,0.353104,-1.60544,0.0244595,0.0862668,-0.0522754,55.0657,0.0002,-1.55822e-09,-1.53041e-07,-1.55822e-09,0.000200011,1.1181e-06,-1.53041e-07,1.1181e-06,0.000199996
-0.0615116,0.353148,-1.62167,-0.0707328,0.352997,-1.60556,0.0221984,0.0860484,-0.0486741,55.0616,0.0002,-1.50635e-09,-1.40955e-07,-1.50635e-09,0.000200011,1.14229e-06,-1.40955e-07,1.14229e-06,0.000199996
-0.060643,0.353434,-1.63206,-0.0706345,0.353049,-1.60567,0.019697,0.0859343,-0.0420599,55.0895,0.0002,-1.40801e-09,-1.25645e-07,-1.40801e-09,0.000200012,1.16327e-06,-1.25645e-07,1.16327e-06,0.000199996
-0.0599745,0.353677,-1.63975,-0.0707255,0.353141,-1.60542,0.0170555,0.0856767,-0.0337474,55.0392,0.0002,-1.30891e-09,-1.13494e-07,-1.30891e-09,0.000200012,1.17545e-06,-1.13494e-07,1.17545e-06,0.000199996
-0.0558031,0.353635,-1.66506,-0.0526465,0.352622,-1.69835,0.0178469,0.085335,-0.0420583,55.3925,0.0002,-1.19048e-09,-1.00253e-07,-1.19048e-09,0.000200013,1.18506e-06,-1.00253e-07,1.18506e-06,0.000199995
-0.0524665,0.353585,-1.68466,-0.0525048,0.352667,-1.69796,0.0178735,0.0848854,-0.0456562,55.353,0.0002,-1.03118e-09,-8.33816e-08,-1.03118e-09,0.000200013,1.18687e-06,-8.33816e-08,1.18687e-06,0.000199995
-0.0497895,0.353504,-1.70086,-0.0526242,0.352668,-1.69772,0.0171505,0.0846036,-0.0448573,55.3324,0.0002,-8.25031e-10,-6.15247e-08,-8.25031e-10,0.000200013,1.19317e-06,-6.15247e-08,1.19317e-06,0.000199995
-0.0476674,0.353379,-1.71327,-0.0526195,0.352488,-1.69814,0.0159526,0.084279,-0.041269,55.3279,0.0002,-6.17102e-10,-4.13514e-08,-6.17102e-10,0.000200013,1.19391e-06,-4.13514e-08,1.19391e-06,0.000199995
-0.0458736,0.354152,-1.71579,-0.0526403,0.352662,-1.69795,0.0142764,0.0840515,-0.036794,55.3612,0.0002,-1.5535e-09,-1.65547e-07,-1.5535e-09,0.000200014,1.2118e-06,-1.65547e-07,1.2118e-06,0.000199995
-0.0404771,0.354549,-1.73104,-0.0333389,0.349777,-1.79135,0.0161729,0.0823493,-0.0520431,54.0611,0.000200001,-2.97938e-09,-3.24408e-07,-2.97938e-09,0.000200014,1.23396e-06,-3.24408e-07,1.23396e-06,0.000199995
-0.0359308,0.355722,-1.74225,-0.0333045,0.349614,-1.79147,0.0170292,0.0806224,-0.0642514,53.9102,0.000200002,-5.38985e-09,-5.66419e-07,-5.38985e-09,0.000200015,1.2816e-06,-5.66419e-07,1.2816e-06,0.000199994
-0.0322585,0.356727,-1.75148,-0.033375,0.349696,-1.7912,0.0169715,0.0784274,-0.0744809,54.074,0.000200004,-7.42415e-09,-7.27018e-07,-7.42415e-09,0.000200016,1.31992e-06,-7.27018e-07,1.31992e-06,0.000199993
-0.0291311,0.357746,-1.75841,-0.0334059,0.349624,-1.79147,0.0161789,0.0760461,-0.0824091,54.0758,0.000200006,-9.49268e-09,-8.65376e-07,-9.49268e-09,0.000200017,1.37553e-06,-8.65376e-07,1.37553e-06,0.000199993
-0.0265865,0.358564,-1.76386,-0.0334097,0.349798,-1.79135,0.0148135,0.0734644,-0.0888623,54.0741,0.000200007,-1.10885e-08,-9.47657e-07,-1.10885e-08,0.000200018,1.41855e-06,-9.47657e-07,1.41855e-06,0.000199992
-0.0244799,0.359276,-1.76816,-0.0333749,0.349599,-1.79134,0.0128901,0.0706761,-0.0951573,54.0664,0.000200008,-1.24969e-08,-1.01482e-06,-1.24969e-08,0.000200019,1.45675e-06,-1.01482e-06,1.45675e-06,0.000199991
-0.0191261,0.358055,-1.78,-0.014594,0.344065,-1.83355,0.0143639,0.0664545,-0.108997,50.0893,0.000200008,-1.24509e-08,-9.57334e-07,-1.24509e-08,0.000200019,1.46172e-06,-9.57334e-07,1.46172e-06,0.00019999
-0.0150773,0.356428,-1.7893,-0.0146799,0.344059,-1.8334,0.0147127,0.0629285,-0.119303,49.9117,0.000200007,-1.11472e-08,-8.1391e-07,-1.11472e-08,0.000200019,1.43342e-06,-8.1391e-07,1.43342e-06,0.00019999
-0.0120717,0.354456,-1.79652,-0.0146693,0.344,-1.83355,0.0142383,0.0598558,-0.128516,49.904,0.000200005,-8.96498e-09,-6.14202e-07,-8.96498e-09,0.000200018,1.38041e-06,-6.14202e-07,1.38041e-06,0.000199991
-0.00980803,0.352549,-1.8024,-0.014761,0.344174,-1.83319,0.013042,0.0571489,-0.136402,49.9031,0.000200003,-6.73987e-09,-4.26004e-07,-6.73987e-09,0.000200017,1.32898e-06,-4.26004e-07,1.32898e-06,0.000199992
-0.00801932,0.35091,-1.80728,-0.0146171,0.344139,-1.83339,0.0115007,0.0551104,-0.143275,50.2978,0.000200002,-4.93036e-09,-2.87074e-07,-4.93036e-09,0.000200016,1.28907e-06,-2.87074e-07,1.28907e-06,0.000199993
-0.00669238,0.349401,-1.8111,-0.0146727,0.344329,-1.83333,0.00946762,0.0532012,-0.149096,49.8958,0.000200001,-3.27654e-09,-1.59182e-07,-3.27654e-09,0.000200015,1.24952e-06,-1.59182e-07,1.24952e-06,0.000199993
-0.00121128,0.350081,-1.81059,0.00740922,0.35374,-1.81527,0.0116687,0.0536808,-0.149592,50.551,0.000200001,-2.05252e-09,-7.36213e-08,-2.05252e-09,0.000200015,1.22537e-06,-7.36213e-08,1.22537e-06,0.000199994
0.00237691,0.350722,-1.81013,0.00741424,0.353735,-1.81526,0.0127769,0.0540215,-0.151126,50.582,0.0002,-1.26871e-09,-3.43235e-08,-1.26871e-09,0.000200012,1.0823e-06,-3.43235e-08,1.0823e-06,0.000199995
0.00446851,0.351429,-1.80993,0.00734207,0.353766,-1.81553,0.0136015,0.0544286,-0.152935,50.5266,0.0002,-9.14893e-10,-3.89211e-08,-9.14893e-10,0.000200009,8.6836e-07,-3.89211e-08,8.6836e-07,0.000199996
0.00556968,0.352055,-1.80998,0.00738557,0.353627,-1.81557,0.0141677,0.0547552,-0.153982,50.5625,0.0002,-7.10485e-10,-5.56328e-08,-7.10485e-10,0.000200006,6.38484e-07,-5.56328e-08,6.38484e-07,0.000199997
0.00606064,0.352655,-1.80505,0.0072788,0.353837,-1.81515,0.0144886,0.0549546,-0.156046,50.5187,0.0002,-5.55218e-10,-7.55393e-08,-5.55218e-10,0.000200004,4.32039e-07,-7.55393e-08,4.32039e-07,0.000199998
0.0064018,0.353163,-1.7935,0.00740793,0.353786,-1.81524,0.0148298,0.0551627,-0.161497,50.5611,0.0002,-4.2945e-10,-9.48719e-08,-4.2945e-10,0.000200002,2.86775e-07,-9.48719e-08,2.86775e-07,0.000199998
0.0099235,0.353175,-1.78064,0.0241728,0.351842,-1.79681,0.0184375,0.0547754,-0.165637,51.6104,0.0002,-3.10486e-10,-1.05492e-07,-3.10486e-10,0.000200001,1.77237e-07,-1.05492e-07,1.77237e-07,0.000199999
0.0127108,0.353232,-1.76915,0.0242347,0.351758,-1.79687,0.0213808,0.0544316,-0.172154,51.6362,0.0002,-2.18856e-10,-1.22166e-07,-2.18856e-10,0.000200001,9.97563e-08,-1.22166e-07,9.97563e-08,0.000199999
0.0149204,0.353284,-1.7608,0.0241661,0.351896,-1.79659,0.0237814,0.0540835,-0.1808,51.6498,0.0002,-1.42653e-10,-1.29344e-07,-1.42653e-10,0.000200001,4.89895e-08,-1.29344e-07,4.89895e-08,0.0002
0.0166888,0.353263,-1.75309,0.0243216,0.351499,-1.79687,0.0257728,0.0537629,-0.192093,51.6644,0.0002,-8.10984e-11,-1.3634e-07,-8.10984e-11,0.0002,1.12629e-08,-1.3634e-07,1.12629e-08,0.0002
0.0180586,0.353315,-1.75399,0.0241518,0.351777,-1.79695,0.0273776,0.053415,-0.202992,51.6834,0.0002,-3.36742e-11,-1.42807e-07,-3.36742e-11,0.0002,-1.42075e-08,-1.42807e-07,-1.42075e-08,0.0002
0.0186501,0.35177,-1.74868,0.0215275,0.344201,-1.7344,0.0281691,0.0514699,-0.199676,50.4543,0.0002,-5.61493e-12,-1.35866e-07,-5.61493e-12,0.0002,-2.51555e-08,-1.35866e-07,-2.51555e-08,0.0002
0.0191486,0.350439,-1.74521,0.0215483,0.34402,-1.7342,0.0288156,0.0499391,-0.196209,50.4557,0.0002,8.56412e-12,-1.22079e-07,8.56412e-12,0.0002,-2.88269e-08,-1.22079e-07,-2.88269e-08,0.0002
0.0195373,0.349394,-1.74235,0.0214738,0.344283,-1.7341,0.0293343,0.0486936,-0.194352,50.4365,0.0002,1.58191e-11,-1.07888e-07,1.58191e-11,0.0002,-3.05069e-08,-1.07888e-07,-3.05069e-08,0.0002
0.0198659,0.348482,-1.73501,0.0214725,0.344031,-1.73419,0.0297819,0.0475823,-0.194006,50.474,0.0002,1.76638e-11,-9.4779e-08,1.76638e-11,0.0002,-2.90551e-08,-9.4779e-08,-2.90551e-08,0.0002
0.0200748,0.347888,-1.72139,0.0214458,0.34423,-1.73422,0.0301748,0.0467877,-0.197388,50.4545,0.0002,2.68387e-11,-1.01189e-07,2.68387e-11,0.0002,-3.6663e-08,-1.01189e-07,-3.6663e-08,0.0002
0.0202388,0.347419,-1.7105,0.0214396,0.344269,-1.73424,0.0305488,0.0460188,-0.203497,50.4294,0.0002,3.43138e-11,-1.05041e-07,3.43138e-11,0.0002,-4.20824e-08,-1.05041e-07,-4.20824e-08,0.0002
0.0209914,0.348857,-1.68932,0.0247202,0.353172,-1.67796,0.0315414,0.0470572,-0.200323,52.4516,0.0002,4.52493e-11,-1.12958e-07,4.52493e-11,0.0002,-5.04982e-08,-1.12958e-07,-5.04982e-08,0.0002
0.0215724,0.350021,-1.67326,0.0246799,0.35319,-1.67757,0.0323824,0.0479213,-0.201258,52.4694,0.0002,5.64029e-11,-1.1941e-07,5.64029e-11,0.0002,-5.83142e-08,-1.1941e-07,-5.83142e-08,0.0002
0.0220356,0.350966,-1.65958,0.0246738,0.353156,-1.6779,0.0331256,0.0485656,-0.205584,52.469,0.0002,6.67993e-11,-1.26477e-07,6.67993e-11,0.0002,-6.38356e-08,-1.26477e-07,-6.38356e-08,0.0002
0.0224013,0.351701,-1.65531,0.0246771,0.353173,-1.67759,0.0337713,0.0490014,-0.211312,52.4466,0.0002,7.37147e-11,-1.27467e-07,7.37147e-11,0.0002,-6.79006e-08,-1.27467e-07,-6.79006e-08,0.0002
0.0227485,0.352276,-1.65853,0.0247568,0.353234,-1.67777,0.0343585,0.0492764,-0.216534,52.4429,0.0002,7.15167e-11,-1.24253e-07,7.15167e-11,0.0002,-6.38153e-08,-1.24253e-07,-6.38153e-08,0.0002
0.0230437,0.352648,-1.66194,0.0247167,0.353179,-1.67777,0.0348137,0.0494485,-0.219938,52.4566,0.0002,6.15117e-11,-1.09971e-07,6.15117e-11,0.0002,-5.69705e-08,-1.09971e-07,-5.69705e-08,0.0002
0.0225016,0.352528,-1.65079,0.0207627,0.35122,-1.60905,0.0344116,0.0491278,-0.209788,50.8313,0.0002,5.08311e-11,-9.71854e-08,5.08311e-11,0.0002,-4.94087e-08,-9.71854e-08,-4.94087e-08,0.0002
0.0221143,0.352351,-1.6422,0.0208571,0.351097,-1.60912,0.0341243,0.0488511,-0.201201,50.8307,0.0002,3.83929e-11,-7.99742e-08,3.83929e-11,0.0002,-4.0445e-08,-7.99742e-08,-4.0445e-08,0.0002
0.0217551,0.352337,-1.64193,0.0207481,0.351354,-1.6088,0.0339151,0.0486372,-0.192934,50.825,0.0002,3.49358e-11,-8.12362e-08,3.49358e-11,0.0002,-3.88566e-08,-8.12362e-08,-3.88566e-08,0.0002
0.0214332,0.352284,-1.6456,0.0208463,0.351179,-1.60882,0.0338032,0.0483838,-0.184597,50.8179,0.0002,3.69187e-11,-8.1121e-08,3.69187e-11,0.0002,-4.63237e-08,-8.1121e-08,-4.63237e-08,0.0002
0.021139,0.352323,-1.65023,0.0207398,0.351156,-1.60906,0.033749,0.0481227,-0.174227,50.8709,0.0002,4.47225e-11,-9.50335e-08,4.47225e-11,0.0002,-5.31054e-08,-9.50335e-08,-5.31054e-08,0.0002
0.0220091,0.355056,-1.64893,0.026333,0.36472,-1.58755,0.0348791,0.0505558,-0.158931,55.6566,0.0002,5.22473e-11,-1.0249e-07,5.22473e-11,0.0002,-5.91366e-08,-1.0249e-07,-5.91366e-08,0.0002
0.0226903,0.357258,-1.6488,0.0263681,0.364794,-1.58762,0.0358303,0.052458,-0.143797,55.6619,0.0002,6.09139e-11,-1.07574e-07,6.09139e-11,0.0002,-6.63929e-08,-1.07574e-07,-6.63929e-08,0.0002
0.0232551,0.358992,-1.64214,0.0264073,0.364603,-1.58759,0.0366551,0.0538917,-0.130145,55.67,0.0002,6.73096e-11,-1.12141e-07,6.73096e-11,0.0002,-6.95447e-08,-1.12141e-07,-6.95447e-08,0.0002
0.0237166,0.360367,-1.63086,0.0263152,0.36482,-1.58729,0.0373366,0.0550666,-0.118857,55.6789,0.0002,6.5125e-11,-1.05831e-07,6.5125e-11,0.0002,-6.76777e-08,-1.05831e-07,-6.76777e-08,0.0002
0.0241219,0.361386,-1.62189,0.0262991,0.364647,-1.58759,0.0378919,0.0558863,-0.109887,55.6825,0.0002,5.61973e-11,-9.43277e-08,5.61973e-11,0.0002,-6.0477e-08,-9.43277e-08,-6.0477e-08,0.0002
0.0244988,0.362143,-1.61462,0.0264126,0.364522,-1.58743,0.0383888,0.0565435,-0.103615,55.6907,0.0002,4.5116e-11,-8.14527e-08,4.5116e-11,0.0002,-5.12683e-08,-8.14527e-08,-5.12683e-08,0.0002
0.0245648,0.362958,-1.61915,0.0252219,0.365658,-1.6392,0.0385448,0.0571575,-0.108151,54.5785,0.0002,3.64095e-11,-6.97205e-08,3.64095e-11,0.0002,-4.56752e-08,-6.97205e-08,-4.56752e-08,0.0002
0.0246186,0.363669,-1.62958,0.0252187,0.365749,-1.63893,0.0387186,0.0577692,-0.110584,54.5406,0.0002,3.19419e-11,-6.9175e-08,3.19419e-11,0.0002,-4.14798e-08,-6.9175e-08,-4.14798e-08,0.0002
0.02463,0.364221,-1.64168,0.0252637,0.36554,-1.63927,0.03891,0.0581207,-0.109682,54.5925,0.0002,3.27715e-11,-7.28882e-08,3.27715e-11,0.0002,-4.49705e-08,-7.28882e-08,-4.49705e-08,0.0002
0.0245682,0.364761,-1.65324,0.0250943,0.365698,-1.63915,0.0390582,0.0583606,-0.107239,54.5722,0.0002,4.03222e-11,-8.62852e-08,4.03222e-11,0.0002,-5.26934e-08,-8.62852e-08,-5.26934e-08,0.0002
0.0245335,0.365214,-1.66168,0.0252087,0.365742,-1.63923,0.0392535,0.0585139,-0.101677,54.5557,0.0002,4.86403e-11,-9.69665e-08,4.86403e-11,0.0002,-5.87473e-08,-9.69665e-08,-5.87473e-08,0.0002
0.0244979,0.365566,-1.66939,0.0252128,0.365627,-1.6393,0.0394579,0.0585657,-0.0933919,54.5999,0.0002,5.71976e-11,-1.05914e-07,5.71976e-11,0.0002,-6.37306e-08,-1.05914e-07,-6.37306e-08,0.0002
0.0246273,0.367244,-1.68076,0.0260272,0.372538,-1.67002,0.0398273,0.0598438,-0.0907567,57.499,0.0002,6.58408e-11,-1.13692e-07,6.58408e-11,0.0002,-6.81329e-08,-1.13692e-07,-6.81329e-08,0.0002
0.024757,0.36856,-1.68263,0.0260489,0.372513,-1.67012,0.040187,0.0608595,-0.0876294,57.4947,0.0002,6.85415e-11,-1.14962e-07,6.85415e-11,0.0002,-6.78534e-08,-1.14962e-07,-6.78534e-08,0.0002
0.0249003,0.369573,-1.67986,0.0261134,0.372596,-1.67006,0.0405003,0.0615729,-0.085861,57.5141,0.0002,6.34902e-11,-1.06667e-07,6.34902e-11,0.0002,-6.36932e-08,-1.06667e-07,-6.36932e-08,0.0002
0.0250472,0.370352,-1.67726,0.0260749,0.372566,-1.67002,0.0407772,0.0622518,-0.0832589,57.5071,0.0002,5.38e-11,-9.71734e-08,5.38e-11,0.0002,-5.47388e-08,-9.71734e-08,-5.47388e-08,0.0002
0.0251923,0.370937,-1.67551,0.0260364,0.372718,-1.66977,0.0410123,0.0626373,-0.0825071,57.4804,0.0002,4.02418e-11,-8.01939e-08,4.02418e-11,0.0002,-4.33827e-08,-8.01939e-08,-4.33827e-08,0.0002
0.0253017,0.371405,-1.67386,0.0260975,0.372597,-1.66982,0.0412117,0.0630049,-0.0808612,57.4688,0.0002,3.34056e-11,-7.30482e-08,3.34056e-11,0.0002,-3.91834e-08,-7.30482e-08,-3.91834e-08,0.0002
0.0247569,0.370767,-1.68441,0.0227876,0.367811,-1.72818,0.0407269,0.0622674,-0.0924073,54.0789,0.0002,2.48344e-11,-5.9472e-08,2.48344e-11,0.0002,-3.23202e-08,-5.9472e-08,-3.23202e-08,0.0002
0.0243409,0.370293,-1.69275,0.0227692,0.367894,-1.72832,0.0403709,0.0615925,-0.100746,54.0546,0.0002,1.82358e-11,-5.38555e-08,1.82358e-11,0.0002,-2.40296e-08,-5.38555e-08,-2.40296e-08,0.0002
0.0239711,0.369877,-1.69953,0.0227022,0.367809,-1.72828,0.0400511,0.0610769,-0.108535,54.0368,0.0002,1.44801e-11,-4.73232e-08,1.44801e-11,0.0002,-2.23803e-08,-4.73232e-08,-2.23803e-08,0.0002
0.0237203,0.369563,-1.70484,0.0228068,0.367807,-1.72826,0.0398603,0.0606625,-0.113836,54.0602,0.0002,1.11542e-11,-4.61291e-08,1.11542e-11,0.0002,-1.74288e-08,-4.61291e-08,-1.74288e-08,0.0002
0.0234909,0.369306,-1.70918,0.0227824,0.367872,-1.72812,0.0396809,0.0603057,-0.119176,54.0756,0.0002,9.58176e-12,-4.2462e-08,9.58176e-12,0.0002,-1.79999e-08,-4.2462e-08,-1.79999e-08,0.0002
0.0231098,0.368893,-1.71269,0.0218383,0.366777,-1.72864,0.0393498,0.0597935,-0.122687,53.9102,0.0002,9.14161e-12,-4.20635e-08,9.14161e-12,0.0002,-1.97617e-08,-4.20635e-08,-1.97617e-08,0.0002
0.0228331,0.368531,-1.71562,0.0217834,0.366749,-1.72864,0.0391231,0.059331,-0.126625,53.875,0.0002,6.77859e-12,-3.75089e-08,6.77859e-12,0.0002,-1.45762e-08,-3.75089e-08,-1.45762e-08,0.0002
0.0225826,0.368293,-1.71777,0.0217273,0.366889,-1.72887,0.0389226,0.0589932,-0.128765,53.8697,0.0002,6.14933e-12,-3.84561e-08,6.14933e-12,0.0002,-1.41087e-08,-3.84561e-08,-1.41087e-08,0.0002
0.0224064,0.368087,-1.71981,0.0218025,0.366872,-1.72896,0.0387964,0.0586875,-0.130813,53.8856,0.0002,5.20675e-12,-3.71422e-08,5.20675e-12,0.0002,-1.23382e-08,-3.71422e-08,-1.23382e-08,0.0002
0.0222728,0.36794,-1.72117,0.0219284,0.366837,-1.72883,0.0387228,0.0584401,-0.133172,53.8776,0.0002,5.56918e-12,-4.01763e-08,5.56918e-12,0.0002,-1.4046e-08,-4.01763e-08,-1.4046e-08,0.0002
0.0221431,0.367803,-1.72238,0.0217247,0.366863,-1.7288,0.0386331,0.0582032,-0.134379,53.8648,0.0002,4.83556e-12,-3.82538e-08,4.83556e-12,0.0002,-1.22574e-08,-3.82538e-08,-1.22574e-08,0.0002
0.0220062,0.367758,-1.72274,0.0216644,0.367166,-1.72639,0.0385562,0.0580575,-0.135737,53.3905,0.0002,5.15753e-12,-3.75388e-08,5.15753e-12,0.0002,-1.44642e-08,-3.75388e-08,-1.44642e-08,0.0002
0.0218933,0.367733,-1.72316,0.0216474,0.367224,-1.72645,0.0384833,0.0579325,-0.136162,53.4314,0.0002,5.42552e-12,-3.70847e-08,5.42552e-12,0.0002,-1.58698e-08,-3.70847e-08,-1.58698e-08,0.0002
0.0218262,0.367738,-1.72338,0.0215978,0.367323,-1.72617,0.0384762,0.057838,-0.137382,53.4159,0.0002,4.42504e-12,-3.7706e-08,4.42504e-12,0.0002,-1.1461e-08,-3.7706e-08,-1.1461e-08,0.0002
0.0217726,0.367657,-1.72365,0.0217195,0.366985,-1.72663,0.0384626,0.057657,-0.137651,53.4493,0.0002,4.34494e-12,-3.52555e-08,4.34494e-12,0.0002,-1.25162e-08,-3.52555e-08,-1.25162e-08,0.0002
0.0217286,0.367669,-1.72378,0.0216367,0.367221,-1.72651,0.0384786,0.0575693,-0.138778,53.4358,0.0002,4.07875e-12,-3.8476e-08,4.07875e-12,0.0002,-1.07329e-08,-3.8476e-08,-1.07329e-08,0.0002
0.0216713,0.367613,-1.72402,0.0216472,0.36698,-1.72655,0.0384713,0.0574132,-0.139015,53.4744,0.0002,4.62027e-12,-3.76914e-08,4.62027e-12,0.0002,-1.34681e-08,-3.76914e-08,-1.34681e-08,0.0002
0.0215652,0.367744,-1.72365,0.0212861,0.367813,-1.72408,0.0384252,0.0574437,-0.139647,53.145,0.0002,4.69663e-12,-3.86132e-08,4.69663e-12,0.0002,-1.32758e-08,-3.86132e-08,-1.32758e-08,0.0002
0.0214643,0.367815,-1.72332,0.0212224,0.367751,-1.72391,0.0383643,0.0574146,-0.139319,53.1395,0.0002,4.58152e-12,-3.58375e-08,4.58152e-12,0.0002,-1.36747e-08,-3.58375e-08,-1.36747e-08,0.0002
0.0213902,0.367869,-1.72298,0.0212834,0.367571,-1.72386,0.0383402,0.0573686,-0.139983,53.1866,0.0002,5.19837e-12,-3.93628e-08,5.19837e-12,0.0002,-1.48438e-08,-3.93628e-08,-1.48438e-08,0.0002
0.0213519,0.367931,-1.7229,0.0212999,0.367789,-1.72417,0.0383419,0.0573312,-0.139904,53.183,0.0002,4.61374e-12,-3.7739e-08,4.61374e-12,0.0002,-1.27452e-08,-3.7739e-08,-1.27452e-08,0.0002
0.021296,0.368009,-1.72279,0.0212785,0.36791,-1.72394,0.038346,0.0573086,-0.140794,53.145,0.0002,5.02007e-12,-3.72139e-08,5.02007e-12,0.0002,-1.47675e-08,-3.72139e-08,-1.47675e-08,0.0002
0.0211991,0.368206,-1.72211,0.0209131,0.368604,-1.72095,0.0382991,0.0574061,-0.140107,52.8256,0.0002,4.48462e-12,-3.63631e-08,4.48462e-12,0.0002,-1.26988e-08,-3.63631e-08,-1.26988e-08,0.0002
0.0210975,0.368396,-1.72143,0.0208819,0.36864,-1.72096,0.0382475,0.0574955,-0.139432,52.8091,0.0002,5.10146e-12,-3.96918e-08,5.10146e-12,0.0002,-1.42391e-08,-3.96918e-08,-1.42391e-08,0.0002
0.0210146,0.368519,-1.72092,0.0208453,0.368667,-1.72077,0.0382146,0.0575193,-0.139918,52.7768,0.0002,4.88699e-12,-3.65163e-08,4.88699e-12,0.0002,-1.43158e-08,-3.65163e-08,-1.43158e-08,0.0002
0.0209474,0.368626,-1.72055,0.0207806,0.36866,-1.72066,0.0381974,0.0576258,-0.139548,52.7597,0.0002,4.38489e-12,-3.59105e-08,4.38489e-12,0.0002,-1.24332e-08,-3.59105e-08,-1.24332e-08,0.0002
0.0208929,0.36872,-1.72028,0.020882,0.368687,-1.72078,0.0381829,0.0576195,-0.140276,52.8054,0.0002,4.82918e-12,-3.60281e-08,4.82918e-12,0.0002,-1.45985e-08,-3.60281e-08,-1.45985e-08,0.0002
0.0206981,0.368061,-1.71954,0.0207866,0.368683,-1.72071,0.0380881,0.0575607,-0.140537,52.7685,0.0002,-1.83001e-11,8.1208e-08,-1.83001e-11,0.0002,-3.69802e-08,8.1208e-08,-3.69802e-08,0.0002
0.0204601,0.367359,-1.71828,0.0208232,0.36973,-1.71897,0.0380001,0.0583586,-0.140281,53.8347,0.0002,-9.56906e-11,2.17802e-07,-9.56906e-11,0.0002,-6.54773e-08,2.17802e-07,-6.54773e-08,0.0002
0.0201055,0.365985,-1.71696,0.0207593,0.369699,-1.71899,0.0378455,0.0592852,-0.140963,53.8028,0.000200001,-3.21946e-10,4.34192e-07,-3.21946e-10,0.0002,-1.07511e-07,4.34192e-07,-1.07511e-07,0.0002
0.0197966,0.364736,-1.71618,0.0208251,0.369566,-1.71909,0.0377466,0.0605364,-0.142183,53.8362,0.000200003,-6.0266e-10,5.92462e-07,-6.0266e-10,0.0002,-1.40428e-07,5.92462e-07,-1.40428e-07,0.000199999
0.0194919,0.363467,-1.71563,0.0208104,0.369732,-1.71913,0.0376619,0.0621669,-0.142628,53.8319,0.000200004,-9.47896e-10,7.42397e-07,-9.47896e-10,0.0002,-1.70038e-07,7.42397e-07,-1.70038e-07,0.000199999
0.0192595,0.362433,-1.71515,0.0208653,0.369644,-1.71895,0.0376495,0.0641334,-0.144151,53.8182,0.000200005,-1.24141e-09,8.38398e-07,-1.24141e-09,0.0002,-1.88787e-07,8.38398e-07,-1.88787e-07,0.000199998
0.0190351,0.361393,-1.71472,0.0208547,0.369463,-1.71902,0.0376451,0.066093,-0.144718,53.8526,0.000200007,-1.54528e-09,9.28271e-07,-1.54528e-09,0.0002,-2.06385e-07,9.28271e-07,-2.06385e-07,0.000199998
0.0183013,0.359287,-1.71162,0.0179215,0.362854,-1.70493,0.0371213,0.067087,-0.142619,53.4764,0.000200008,-1.75286e-09,9.77638e-07,-1.75286e-09,0.0002,-2.14617e-07,9.77638e-07,-2.14617e-07,0.000199997
0.0177005,0.357473,-1.70906,0.0179646,0.362783,-1.70488,0.0367305,0.0684726,-0.142065,53.474,0.000200009,-1.9542e-09,1.02779e-06,-1.9542e-09,0.0002,-2.22949e-07,1.02779e-06,-2.22949e-07,0.000199997
0.0172486,0.35614,-1.7071,0.0179076,0.362869,-1.70461,0.0364786,0.0702398,-0.141096,53.4581,0.000200009,-2.03541e-09,1.0437e-06,-2.03541e-09,0.0002,-2.21624e-07,1.0437e-06,-2.21624e-07,0.000199997
0.0168553,0.354912,-1.7055,0.0179892,0.362729,-1.7048,0.0362953,0.0722125,-0.141496,53.4678,0.00020001,-2.17151e-09,1.07527e-06,-2.17151e-09,0.0002,-2.28019e-07,1.07527e-06,-2.28019e-07,0.000199996
0.0165449,0.354026,-1.70429,0.017867,0.362634,-1.70487,0.0361849,0.0745256,-0.141292,53.4962,0.00020001,-2.21226e-09,1.07729e-06,-2.21226e-09,0.0002,-2.27316e-07,1.07729e-06,-2.27316e-07,0.000199996
0.0163173,0.353225,-1.70314,0.0179893,0.362769,-1.7049,0.0361573,0.0769255,-0.142144,53.4731,0.000200011,-2.26771e-09,1.09747e-06,-2.26771e-09,0.0002,-2.2708e-07,1.09747e-06,-2.2708e-07,0.000199996
0.0153544,0.349195,-1.69995,0.0139836,0.345246,-1.69258,0.0353844,0.0759949,-0.139952,53.6432,0.000200011,-2.27154e-09,1.09168e-06,-2.27154e-09,0.0002,-2.258e-07,1.09168e-06,-2.258e-07,0.000199996
0.0146176,0.345822,-1.69753,0.0141533,0.345097,-1.69291,0.0348276,0.0758224,-0.138529,53.6369,0.000200011,-2.2957e-09,1.107e-06,-2.2957e-09,0.0002,-2.24468e-07,1.107e-06,-2.24468e-07,0.000199996
0.0140123,0.343268,-1.69553,0.0140362,0.34523,-1.69294,0.0344023,0.0763679,-0.138533,53.6529,0.000200011,-2.27367e-09,1.09823e-06,-2.27367e-09,0.0002,-2.21941e-07,1.09823e-06,-2.21941e-07,0.000199996
0.0143045,0.34097,-1.69385,0.0140204,0.345036,-1.69281,0.0340345,0.0772697,-0.137846,53.6743,0.000200012,-1.37901e-09,1.12704e-06,-1.37901e-09,0.0002,-9.51618e-08,1.12704e-06,-9.51618e-08,0.000199996
0.0152891,0.339236,-1.69256,0.0140344,0.345323,-1.69283,0.0332191,0.0786362,-0.137565,53.6597,0.000200012,2.51253e-10,1.13771e-06,2.51253e-10,0.0002,1.05888e-07,1.13771e-06,1.05888e-07,0.000199996
0.0159676,0.33404,-1.6901,0.0102425,0.327291,-1.68559,0.0312676,0.0766396,-0.137101,54.0186,0.000200013,2.38187e-09,1.17726e-06,2.38187e-09,0.000200001,3.37377e-07,1.17726e-06,3.37377e-07,0.000199995
0.016906,0.329918,-1.68848,0.0103061,0.3273,-1.68573,0.029216,0.0756177,-0.136476,54.0135,0.000200013,4.55118e-09,1.19722e-06,4.55118e-09,0.000200002,5.47001e-07,1.19722e-06,5.47001e-07,0.000199995
0.0178154,0.326474,-1.68726,0.0103021,0.327181,-1.68553,0.0268244,0.075374,-0.136263,53.9917,0.000200014,6.52103e-09,1.22957e-06,6.52103e-09,0.000200004,7.06863e-07,1.22957e-06,7.06863e-07,0.000199994
0.0186592,0.323717,-1.68641,0.0104369,0.327103,-1.68548,0.0243402,0.0758167,-0.135408,54.006,0.000200014,8.13798e-09,1.2481e-06,8.13798e-09,0.000200005,8.23572e-07,1.2481e-06,8.23572e-07,0.000199993
0.0193694,0.321379,-1.68591,0.010363,0.327109,-1.68577,0.0215794,0.0767792,-0.135907,54.0664,0.000200015,9.53966e-09,1.28114e-06,9.53966e-09,0.000200007,9.06379e-07,1.28114e-06,9.06379e-07,0.000199993
0.0194053,0.319706,-1.68536,0.0102656,0.327152,-1.68567,0.0186997,0.0783063,-0.135357,54.0114,0.000200015,9.7149e-09,1.27204e-06,9.7149e-09,0.000200007,8.775e-07,1.27204e-06,8.775e-07,0.000199992
0.0196539,0.314036,-1.68335,0.0155942,0.305301,-1.68034,0.0173169,0.0759356,-0.135353,52.3785,0.000200015,8.62821e-09,1.26061e-06,8.62821e-09,0.000200005,7.23144e-07,1.26061e-06,7.23144e-07,0.000199992
0.0192396,0.309765,-1.68169,0.0154926,0.305544,-1.68005,0.0159486,0.0747654,-0.134686,52.3904,0.000200014,6.84108e-09,1.21835e-06,6.84108e-09,0.000200003,5.29816e-07,1.21835e-06,5.29816e-07,0.000199993
0.0185179,0.306294,-1.68027,0.015433,0.305538,-1.68,0.0147399,0.0744939,-0.134274,52.3532,0.000200014,5.03671e-09,1.1999e-06,5.03671e-09,0.000200002,3.45934e-07,1.1999e-06,3.45934e-07,0.000199994
0.0177917,0.303692,-1.67909,0.0155584,0.305677,-1.67974,0.0137767,0.0749921,-0.13509,52.322,0.000200013,3.42817e-09,1.16447e-06,3.42817e-09,0.000200001,2.00598e-07,1.16447e-06,2.00598e-07,0.000199994
0.0170537,0.301546,-1.67815,0.0155515,0.305699,-1.67978,0.0129677,0.0760463,-0.135151,52.3406,0.000200013,2.07381e-09,1.15282e-06,2.07381e-09,0.000200001,8.29143e-08,1.15282e-06,8.29143e-08,0.000199995
0.0163747,0.299936,-1.67763,0.0154085,0.305612,-1.67999,0.0122967,0.0775364,-0.135632,52.3549,0.000200012,1.00675e-09,1.12552e-06,1.00675e-09,0.0002,-1.97601e-09,1.12552e-06,-1.97601e-09,0.000199995
0.0184552,0.293672,-1.67366,0.0286558,0.281298,-1.66389,0.0144392,0.0744719,-0.133663,54.7472,0.000200012,1.85859e-10,1.12618e-06,1.85859e-10,0.0002,-6.29943e-08,1.12618e-06,-6.29943e-08,0.000199995
0.0201204,0.288751,-1.67072,0.0287313,0.281161,-1.66408,0.0161904,0.0726508,-0.131717,54.7767,0.000200012,-4.07949e-10,1.10769e-06,-4.07949e-10,0.0002,-1.03711e-07,1.10769e-06,-1.03711e-07,0.000199995
0.0214341,0.284748,-1.66832,0.0287768,0.281356,-1.66388,0.0176071,0.0717482,-0.130322,54.7483,0.000200012,-8.69671e-10,1.11264e-06,-8.69671e-10,0.0002,-1.33692e-07,1.11264e-06,-1.33692e-07,0.000199995
0.0224719,0.281622,-1.66632,0.028645,0.281212,-1.66404,0.0187569,0.0717224,-0.130315,54.7487,0.000200011,-1.16403e-09,1.09904e-06,-1.16403e-09,0.0002,-1.50215e-07,1.09904e-06,-1.50215e-07,0.000199996
0.0232968,0.27908,-1.6648,0.0286534,0.281534,-1.66384,0.0196968,0.0723799,-0.129798,54.766,0.000200012,-1.39165e-09,1.1074e-06,-1.39165e-09,0.0002,-1.61676e-07,1.1074e-06,-1.61676e-07,0.000199996
0.0236515,0.27356,-1.66202,0.0270598,0.263421,-1.65568,0.0201625,0.0699602,-0.128016,55.3944,0.000200011,-1.52073e-09,1.09066e-06,-1.52073e-09,0.0002,-1.68074e-07,1.09066e-06,-1.68074e-07,0.000199996
0.0239229,0.268975,-1.65965,0.0271539,0.26331,-1.65563,0.0205459,0.0684751,-0.126654,55.3562,0.000200011,-1.66544e-09,1.10355e-06,-1.66544e-09,0.0002,-1.76573e-07,1.10355e-06,-1.76573e-07,0.000199996
0.0241835,0.265414,-1.65786,0.0271349,0.263173,-1.65578,0.0209125,0.068014,-0.12686,55.3809,0.000200011,-1.6879e-09,1.09037e-06,-1.6879e-09,0.0002,-1.74066e-07,1.09037e-06,-1.74066e-07,0.000199996
0.0243383,0.262439,-1.65623,0.0270155,0.263169,-1.65545,0.0211723,0.0682386,-0.126232,55.3879,0.000200011,-1.752e-09,1.10211e-06,-1.752e-09,0.0002,-1.76848e-07,1.10211e-06,-1.76848e-07,0.000199996
0.0244959,0.260178,-1.65517,0.0270693,0.263191,-1.65568,0.0214319,0.0690779,-0.126167,55.3863,0.000200011,-1.74932e-09,1.0912e-06,-1.74932e-09,0.0002,-1.74797e-07,1.0912e-06,-1.74797e-07,0.000199996
0.0246119,0.258305,-1.65426,0.0271065,0.263341,-1.65571,0.0216439,0.0703046,-0.127258,55.3783,0.000200011,-1.77911e-09,1.09941e-06,-1.77911e-09,0.0002,-1.76009e-07,1.09941e-06,-1.76009e-07,0.000199996
0.0240978,0.252818,-1.65089,0.0239023,0.242941,-1.64283,0.0212228,0.067918,-0.124891,55.5528,0.000200011,-1.75959e-09,1.08961e-06,-1.75959e-09,0.0002,-1.73436e-07,1.08961e-06,-1.73436e-07,0.000199996
0.0236746,0.248286,-1.64825,0.0238133,0.24282,-1.64277,0.0208906,0.0664865,-0.123249,55.3584,0.000200011,-1.75336e-09,1.10232e-06,-1.75336e-09,0.0002,-1.70298e-07,1.10232e-06,-1.70298e-07,0.000199996
0.0233483,0.244764,-1.64623,0.0238559,0.242643,-1.64291,0.0206483,0.0660639,-0.122227,55.3817,0.000200011,-1.71618e-09,1.08842e-06,-1.71618e-09,0.0002,-1.67263e-07,1.08842e-06,-1.67263e-07,0.000199996
0.0230611,0.241826,-1.64458,0.0238648,0.242673,-1.64275,0.0204401,0.0663259,-0.122578,55.3954,0.000200011,-1.73878e-09,1.09976e-06,-1.73878e-09,0.0002,-1.69454e-07,1.09976e-06,-1.69454e-07,0.000199996
0.022868,0.239571,-1.64331,0.0238259,0.242473,-1.64267,0.020323,0.0670707,-0.122307,55.5649,0.000200011,-1.6813e-09,1.08542e-06,-1.6813e-09,0.0002,-1.63527e-07,1.08542e-06,-1.63527e-07,0.000199996
0.0226853,0.237639,-1.64212,0.0238281,0.242466,-1.64244,0.0202153,0.0682391,-0.122117,55.3606,0.000200011,-1.68837e-09,1.09644e-06,-1.68837e-09,0.0002,-1.64035e-07,1.09644e-06,-1.64035e-07,0.000199996
0.0217915,0.23194,-1.63812,0.0199024,0.221131,-1.6269,0.0193865,0.0656401,-0.119123,56.312,0.000200011,-1.65074e-09,1.08501e-06,-1.65074e-09,0.0002,-1.60905e-07,1.08501e-06,-1.60905e-07,0.000199996
0.0210745,0.227259,-1.63486,0.0198519,0.221115,-1.62688,0.0187335,0.0640594,-0.116858,56.3102,0.000200011,-1.6269e-09,1.09671e-06,-1.6269e-09,0.0002,-1.56878e-07,1.09671e-06,-1.56878e-07,0.000199996
0.0205074,0.22361,-1.63234,0.0198779,0.221008,-1.62704,0.0182244,0.0635104,-0.116343,56.1308,0.000200011,-1.58452e-09,1.08558e-06,-1.58452e-09,0.0002,-1.53541e-07,1.08558e-06,-1.53541e-07,0.000199996
0.0200265,0.220561,-1.63021,0.0197551,0.220891,-1.62644,0.0177985,0.063561,-0.115211,56.1581,0.000200011,-1.56973e-09,1.09557e-06,-1.56973e-09,0.0002,-1.51466e-07,1.09557e-06,-1.51466e-07,0.000199996
0.0196316,0.218237,-1.62844,0.0196429,0.220729,-1.6261,0.0174496,0.0643374,-0.114437,56.1511,0.000200011,-1.5202e-09,1.0783e-06,-1.5202e-09,0.0002,-1.47898e-07,1.0783e-06,-1.47898e-07,0.000199996
0.019327,0.216213,-1.62701,0.0196886,0.220808,-1.62638,0.017187,0.0654128,-0.114009,56.1326,0.000200011,-1.50472e-09,1.09632e-06,-1.50472e-09,0.0002,-1.44846e-07,1.09632e-06,-1.44846e-07,0.000199996
0.0184582,0.211048,-1.61861,0.0166084,0.202226,-1.61865,0.0163572,0.0632476,-0.114607,56.6603,0.000200011,-1.45866e-09,1.0809e-06,-1.45866e-09,0.0002,-1.41507e-07,1.0809e-06,-1.41507e-07,0.000199996
0.0176943,0.206595,-1.6037,0.0161863,0.20148,-1.61645,0.0156003,0.0619946,-0.117701,56.8486,0.000200011,-1.38119e-09,1.09918e-06,-1.38119e-09,0.0002,-1.29911e-07,1.09918e-06,-1.29911e-07,0.000199996
0.0169633,0.202935,-1.59127,0.0153403,0.200589,-1.61328,0.0147793,0.0614355,-0.122268,56.4608,0.000200011,-1.24022e-09,1.09784e-06,-1.24022e-09,0.0002,-1.12871e-07,1.09784e-06,-1.12871e-07,0.000199996
0.0162548,0.199727,-1.57983,0.0145967,0.199995,-1.61057,0.0138918,0.0614275,-0.129827,56.4319,0.000200012,-1.0967e-09,1.12289e-06,-1.0967e-09,0.0002,-9.49223e-08,1.12289e-06,-9.49223e-08,0.000199996
0.0155847,0.197143,-1.5709,0.0139189,0.199436,-1.6082,0.0129777,0.0620428,-0.1399,56.2572,0.000200012,-9.31878e-10,1.1238e-06,-9.31878e-10,0.0002,-7.74326e-08,1.1238e-06,-7.74326e-08,0.000199996
0.0142567,0.189206,-1.55508,0.00963019,0.170696,-1.56891,0.0113377,0.0574062,-0.143078,54.3027,0.000200012,-7.69161e-10,1.14321e-06,-7.69161e-10,0.0002,-6.0143e-08,1.14321e-06,-6.0143e-08,0.000199996
0.0130328,0.182761,-1.54807,0.00875479,0.169479,-1.56539,0.00976379,0.0540605,-0.147066,54.167,0.000200012,-6.42054e-10,1.13199e-06,-6.42054e-10,0.0002,-4.97811e-08,1.13199e-06,-4.97811e-08,0.000199996
0.0119347,0.177469,-1.54905,0.0082055,0.169183,-1.56378,0.00832373,0.051969,-0.151054,54.1838,0.000200012,-5.93218e-10,1.13682e-06,-5.93218e-10,0.0002,-4.86065e-08,1.13682e-06,-4.86065e-08,0.000199996
0.0109345,0.173233,-1.55054,0.00754554,0.168476,-1.56186,0.00699448,0.0508327,-0.15354,54.1917,0.000200012,-5.52197e-10,1.11772e-06,-5.52197e-10,0.0002,-4.76282e-08,1.11772e-06,-4.76282e-08,0.000199996
0.0100856,0.169739,-1.55178,0.00735042,0.168432,-1.56118,0.0058126,0.0504389,-0.155782,54.2058,0.000200012,-5.43829e-10,1.12081e-06,-5.43829e-10,0.0002,-4.90488e-08,1.12081e-06,-4.90488e-08,0.000199996
0.00938132,0.167015,-1.55263,0.00724056,0.168148,-1.56047,0.00478032,0.0507148,-0.157634,54.2163,0.000200011,-5.40159e-10,1.10235e-06,-5.40159e-10,0.0002,-5.08725e-08,1.10235e-06,-5.08725e-08,0.000199996
0.00959025,0.162641,-1.53925,0.0107046,0.157724,-1.48954,0.00465425,0.0494408,-0.145252,57.6456,0.000200012,-5.44951e-10,1.10753e-06,-5.44951e-10,0.0002,-5.21035e-08,1.10753e-06,-5.21035e-08,0.000199996
0.00971729,0.159175,-1.52814,0.0103212,0.157251,-1.48815,0.00445329,0.0489746,-0.135141,57.6548,0.000200011,-4.84099e-10,1.09055e-06,-4.84099e-10,0.0002,-4.47109e-08,1.09055e-06,-4.47109e-08,0.000199996
0.0097311,0.156181,-1.51901,0.00998688,0.156795,-1.48694,0.0041281,0.0490812,-0.128011,57.6628,0.000200011,-4.5455e-10,1.10049e-06,-4.5455e-10,0.0002,-4.16443e-08,1.10049e-06,-4.16443e-08,0.000199996
0.00973533,0.153939,-1.5116,0.00970975,0.156804,-1.48574,0.00379333,0.0498392,-0.121596,57.4761,0.000200011,-3.61195e-10,1.0828e-06,-3.61195e-10,0.0002,-3.05288e-08,1.0828e-06,-3.05288e-08,0.000199996
0.00966621,0.151942,-1.50532,0.00930319,0.156477,-1.48433,0.00338121,0.0508417,-0.116319,57.4795,0.000200011,-2.75714e-10,1.09368e-06,-2.75714e-10,0.0002,-2.09451e-08,1.09368e-06,-2.09451e-08,0.000199996
0.00954182,0.150417,-1.5,0.00900732,0.156155,-1.48315,0.00291582,0.0523469,-0.111997,57.3032,0.000200011,-2.12413e-10,1.07869e-06,-2.12413e-10,0.0002,-1.54344e-08,1.07869e-06,-1.54344e-08,0.000199996
0.00869845,0.145789,-1.49346,0.00901478,0.140098,-1.47207,0.00255345,0.0509295,-0.106458,58.3366,0.000200011,-1.03687e-09,1.1001e-06,-1.03687e-09,0.0002,-1.32169e-07,1.1001e-06,-1.32169e-07,0.000199996
0.00715577,0.142039,-1.48805,0.00853931,0.139508,-1.47027,0.00260577,0.0505287,-0.102055,58.3577,0.000200011,-2.5844e-09,1.10222e-06,-2.5844e-09,0.000200001,-3.29865e-07,1.10222e-06,-3.29865e-07,0.000199996
0.00528362,0.138843,-1.48343,0.00837221,0.139537,-1.46907,0.00313762,0.0508934,-0.0984282,58.1831,0.000200012,-4.60643e-09,1.13536e-06,-4.60643e-09,0.000200002,-5.52394e-07,1.13536e-06,-5.52394e-07,0.000199995
0.00341364,0.136137,-1.47977,0.00807351,0.138766,-1.46803,0.00391044,0.0518466,-0.0957726,58.3679,0.000200012,-6.5873e-09,1.15574e-06,-6.5873e-09,0.000200004,-7.44403e-07,1.15574e-06,-7.44403e-07,0.000199995
0.00253439,0.133923,-1.47655,0.00800393,0.138807,-1.46716,0.00513539,0.0532926,-0.0935486,58.0295,0.000200013,-7.38389e-09,1.17816e-06,-7.38389e-09,0.000200005,-7.65805e-07,1.17816e-06,-7.65805e-07,0.000199994
0.00162702,0.127827,-1.46992,0.0040368,0.116465,-1.4476,0.00538802,0.0505668,-0.0879212,61.0872,0.000200013,-7.11252e-09,1.1678e-06,-7.11252e-09,0.000200004,-6.88164e-07,1.1678e-06,-6.88164e-07,0.000199994
0.00142441,0.122938,-1.46443,0.00392363,0.116459,-1.44664,0.00572941,0.0489479,-0.083432,60.7038,0.000200013,-6.18207e-09,1.16398e-06,-6.18207e-09,0.000200003,-5.5005e-07,1.16398e-06,-5.5005e-07,0.000199994
0.00159974,0.119123,-1.45993,0.00389677,0.116059,-1.44574,0.00610874,0.0482526,-0.0799278,60.5292,0.000200012,-4.92905e-09,1.13412e-06,-4.92905e-09,0.000200002,-4.05943e-07,1.13412e-06,-4.05943e-07,0.000199994
0.00188585,0.115908,-1.45602,0.00384318,0.115743,-1.44515,0.00634385,0.0481582,-0.0770163,60.7397,0.000200012,-3.81816e-09,1.13138e-06,-3.81816e-09,0.000200001,-2.87793e-07,1.13138e-06,-2.87793e-07,0.000199995
0.00220496,0.113466,-1.44716,0.00375429,0.115565,-1.44445,0.00648496,0.0487361,-0.0761605,60.5463,0.000200012,-2.78096e-09,1.10377e-06,-2.78096e-09,0.000200001,-1.90415e-07,1.10377e-06,-1.90415e-07,0.000199995
0.00253849,0.11127,-1.432,0.00354558,0.115181,-1.44247,0.00649649,0.0496297,-0.0789992,60.2473,0.000200012,-1.85089e-09,1.11263e-06,-1.85089e-09,0.000200001,-1.01845e-07,1.11263e-06,-1.01845e-07,0.000199995
0.00074372,0.10575,-1.41897,-0.0070917,0.0958527,-1.43822,0.00423672,0.04717,-0.0829674,58.8148,0.000200011,-1.06019e-09,1.10149e-06,-1.06019e-09,0.0002,-3.29571e-08,1.10149e-06,-3.29571e-08,0.000199995
-0.000639348,0.101126,-1.40756,-0.007341,0.0954961,-1.43715,0.00225765,0.0456756,-0.0905647,58.8261,0.000200012,-3.37729e-10,1.11562e-06,-3.37729e-10,0.0002,3.06797e-08,1.11562e-06,3.06797e-08,0.000199996
-0.00177748,0.097518,-1.4045,-0.00736076,0.0952896,-1.43666,0.000474519,0.045128,-0.0985027,58.6549,0.000200011,1.3829e-10,1.10356e-06,1.3829e-10,0.0002,6.40626e-08,1.10356e-06,6.40626e-08,0.000199996
-0.00266655,0.0945462,-1.40889,-0.00739129,0.0952789,-1.43656,-0.00105355,0.0452162,-0.105889,58.8476,0.000200012,4.85318e-10,1.10951e-06,4.85318e-10,0.0002,8.55675e-08,1.10951e-06,8.55675e-08,0.000199996
-0.00340016,0.0923064,-1.41343,-0.00737821,0.0953419,-1.43666,-0.00241036,0.0459364,-0.111431,58.8405,0.000200011,6.79386e-10,1.09341e-06,6.79386e-10,0.0002,9.37316e-08,1.09341e-06,9.37316e-08,0.000199996
-0.00396423,0.0904649,-1.41725,-0.00734657,0.0954569,-1.43664,-0.00361823,0.0470949,-0.116253,58.6605,0.000200011,8.30217e-10,1.09478e-06,8.30217e-10,0.0002,1.00683e-07,1.09478e-06,1.00683e-07,0.000199996
-0.00434737,0.0846203,-1.40889,-0.00719537,0.0729428,-1.37893,-0.00463747,0.0441703,-0.108895,57.6743,0.000200011,8.87472e-10,1.07564e-06,8.87472e-10,0.0002,1.00418e-07,1.07564e-06,1.00418e-07,0.000199996
-0.00464763,0.0797237,-1.4018,-0.00732773,0.0724612,-1.37753,-0.00558473,0.0422437,-0.102801,57.5192,0.000200011,9.81225e-10,1.08323e-06,9.81225e-10,0.0002,1.06754e-07,1.08323e-06,1.06754e-07,0.000199996
-0.00492509,0.0758715,-1.39595,-0.00750407,0.0720886,-1.37632,-0.00649809,0.0413015,-0.0979469,57.5526,0.000200011,1.03782e-09,1.06568e-06,1.03782e-09,0.0002,1.11512e-07,1.06568e-06,1.11512e-07,0.000199996
-0.00514707,0.0726143,-1.39137,-0.0075948,0.0717913,-1.37588,-0.00737307,0.0409943,-0.0943664,57.5951,0.000200011,1.1165e-09,1.07293e-06,1.1165e-09,0.0002,1.18242e-07,1.07293e-06,1.18242e-07,0.000199996
-0.00532594,0.0701279,-1.38741,-0.00758103,0.0717981,-1.37536,-0.00819394,0.0414179,-0.0914052,57.433,0.000200011,1.16136e-09,1.05862e-06,1.16136e-09,0.0002,1.22749e-07,1.05862e-06,1.22749e-07,0.000199996
-0.00547213,0.0680062,-1.38419,-0.00761574,0.0716739,-1.37512,-0.00899513,0.0422462,-0.0881876,57.7759,0.000200011,1.21558e-09,1.06662e-06,1.21558e-09,0.0002,1.26879e-07,1.06662e-06,1.26879e-07,0.000199996
-0.00490571,0.0637734,-1.37739,-0.00427727,0.0583952,-1.35369,-0.00907271,0.0409134,-0.0823905,58.4225,0.00020001,1.23575e-09,1.05288e-06,1.23575e-09,0.0002,1.28927e-07,1.05288e-06,1.28927e-07,0.000199996
-0.00438717,0.0602683,-1.37183,-0.00422462,0.0583989,-1.35308,-0.00920917,0.0403583,-0.0778296,58.438,0.000200011,1.3335e-09,1.06314e-06,1.3335e-09,0.0002,1.40034e-07,1.06314e-06,1.40034e-07,0.000199996
-0.00404265,0.0575891,-1.37315,-0.00435792,0.0583666,-1.35305,-0.00951165,0.0405591,-0.0731547,58.2681,0.00020001,1.32195e-09,1.04906e-06,1.32195e-09,0.0002,1.3725e-07,1.04906e-06,1.3725e-07,0.000199996
-0.0036645,0.055313,-1.38232,-0.00424385,0.0583846,-1.35359,-0.0097805,0.041223,-0.0663213,58.2453,0.000200011,1.37764e-09,1.06277e-06,1.37764e-09,0.0002,1.42281e-07,1.06277e-06,1.42281e-07,0.000199996
-0.00339211,0.0536684,-1.38993,-0.00435451,0.058567,-1.35401,-0.0101401,0.0424784,-0.0569295,58.8053,0.00020001,1.38303e-09,1.04937e-06,1.38303e-09,0.0002,1.43063e-07,1.04937e-06,1.43063e-07,0.000199996
-0.00207981,0.0557359,-1.41393,0.00142907,0.0762221,-1.43885,-0.00945381,0.0475129,-0.0639273,60.7853,0.000200011,1.42014e-09,1.06279e-06,1.42014e-09,0.0002,1.45584e-07,1.06279e-06,1.45584e-07,0.000199996
-0.00110312,0.0578669,-1.43353,0.00119195,0.0780329,-1.44374,-0.00905912,0.0525669,-0.066534,60.8956,0.00020001,1.3851e-09,1.05329e-06,1.3851e-09,0.0002,1.40522e-07,1.05329e-06,1.40522e-07,0.000199996
-0.000362141,0.0594889,-1.45019,0.00119531,0.0782375,-1.44507,-0.00885614,0.0571709,-0.0651864,61.1657,0.000200011,1.3009e-09,1.06729e-06,1.3009e-09,0.0002,1.26791e-07,1.06729e-06,1.26791e-07,0.000199996
0.000237476,0.0609908,-1.46283,0.00121918,0.0786131,-1.44547,-0.00874652,0.0616049,-0.0608285,61.1689,0.00020001,1.20661e-09,1.05576e-06,1.20661e-09,0.0002,1.16484e-07,1.05576e-06,1.16484e-07,0.000199996
0.000694666,0.0621046,-1.47389,0.00121721,0.0788299,-1.44575,-0.00873133,0.0657116,-0.0538871,60.9493,0.000200011,1.10302e-09,1.06948e-06,1.10302e-09,0.0002,1.03202e-07,1.06948e-06,1.03202e-07,0.000199996
0.00104782,0.0631234,-1.48196,0.00119851,0.0788327,-1.44631,-0.00877218,0.0696754,-0.0449582,61.1696,0.00020001,9.95238e-10,1.0579e-06,9.95238e-10,0.0002,9.25446e-08,1.0579e-06,9.25446e-08,0.000199996
0.0030165,0.0614103,-1.50358,0.0100607,0.0668154,-1.51869,-0.0071435,0.0709633,-0.0485813,64.1124,0.000200011,8.99288e-10,1.0695e-06,8.99288e-10,0.0002,8.20131e-08,1.0695e-06,8.20131e-08,0.000199996
0.00446328,0.0602991,-1.5204,0.00967651,0.0675413,-1.52041,-0.00598672,0.0728091,-0.0494008,64.1092,0.000200011,7.43312e-10,1.0587e-06,7.43312e-10,0.0002,6.45454e-08,1.0587e-06,6.45454e-08,0.000199996
0.005607,0.0593567,-1.53485,0.00968492,0.0678091,-1.52094,-0.005073,0.0748767,-0.045853,64.1331,0.000200011,5.88208e-10,1.06896e-06,5.88208e-10,0.0002,4.72065e-08,1.06896e-06,4.72065e-08,0.000199996
0.00650542,0.0586889,-1.53981,0.00965984,0.0677087,-1.52094,-0.00436458,0.0771689,-0.040812,64.3532,0.000200011,4.69477e-10,1.05845e-06,4.69477e-10,0.0002,3.66393e-08,1.05845e-06,3.66393e-08,0.000199996
0.00715596,0.0580953,-1.53638,0.00965075,0.0679019,-1.52109,-0.00383404,0.0795753,-0.0373824,64.3507,0.000200011,3.4068e-10,1.06726e-06,3.4068e-10,0.0002,2.34602e-08,1.06726e-06,2.34602e-08,0.000199996
0.00767911,0.0576698,-1.53261,0.00977244,0.0675164,-1.52039,-0.00341089,0.0820898,-0.0336102,64.1099,0.00020001,2.25487e-10,1.05261e-06,2.25487e-10,0.0002,1.26776e-08,1.05261e-06,1.26776e-08,0.000199996
0.00829648,0.0537586,-1.54959,0.0111519,0.050302,-1.62166,-0.00288352,0.0811786,-0.0515915,63.4613,0.000200011,1.81798e-10,1.06351e-06,1.81798e-10,0.0002,1.14895e-08,1.06351e-06,1.14895e-08,0.000199996
0.00869101,0.0508359,-1.56325,0.0111014,0.0506946,-1.62205,-0.00255899,0.0811959,-0.0672543,63.4247,0.00020001,3.2084e-11,1.05029e-06,3.2084e-11,0.0002,-6.55248e-09,1.05029e-06,-6.55248e-09,0.000199996
0.0090121,0.0483815,-1.57418,0.0110557,0.0506865,-1.62233,-0.0023079,0.0817215,-0.079177,63.251,0.00020001,-8.16657e-11,1.06029e-06,-8.16657e-11,0.0002,-1.78523e-08,1.06029e-06,-1.78523e-08,0.000199996
0.00923273,0.0465457,-1.58873,0.0110655,0.0506258,-1.62251,-0.00214727,0.0828057,-0.08773,63.2282,0.00020001,-2.45374e-10,1.04421e-06,-2.45374e-10,0.0002,-3.70186e-08,1.04421e-06,-3.70186e-08,0.000199996
0.00942421,0.0449798,-1.60859,0.0110318,0.0508246,-1.62264,-0.00200579,0.0842098,-0.091591,63.2367,0.00020001,-4.07354e-10,1.05545e-06,-4.07354e-10,0.0002,-5.3997e-08,1.05545e-06,-5.3997e-08,0.000199996
0.00888005,0.0389102,-1.62852,0.00766014,0.0261941,-1.64284,-0.00258995,0.0810702,-0.0945216,62.4876,0.00020001,-5.46302e-10,1.04516e-06,-5.46302e-10,0.0002,-6.82269e-08,1.04516e-06,-6.82269e-08,0.000199996
0.0084493,0.0339715,-1.64556,0.00761874,0.02631,-1.64262,-0.0030407,0.0791315,-0.094564,62.4328,0.00020001,-6.73511e-10,1.05525e-06,-6.73511e-10,0.0002,-7.9718e-08,1.05525e-06,-7.9718e-08,0.000199996
0.00807009,0.0301287,-1.65841,0.00753145,0.0263109,-1.6431,-0.00340991,0.0782287,-0.0904051,62.452,0.00020001,-7.89997e-10,1.04414e-06,-7.89997e-10,0.0002,-9.16689e-08,1.04414e-06,-9.16689e-08,0.000199996
0.00769488,0.026954,-1.66139,0.00740428,0.0263748,-1.64317,-0.00371512,0.078044,-0.0853912,62.6468,0.00020001,-9.20697e-10,1.05535e-06,-9.20697e-10,0.0002,-1.04159e-07,1.05535e-06,-1.04159e-07,0.000199996
0.00742142,0.0245367,-1.65816,0.00764376,0.026337,-1.64303,-0.00387858,0.0785467,-0.0821641,62.6766,0.00020001,-1.00433e-09,1.04206e-06,-1.00433e-09,0.0002,-1.12135e-07,1.04206e-06,-1.12135e-07,0.000199996
0.00716056,0.0225181,-1.65451,0.00757415,0.0264355,-1.64338,-0.00399944,0.0795081,-0.0795091,62.4713,0.00020001,-1.09877e-09,1.05042e-06,-1.09877e-09,0.0002,-1.20392e-07,1.05042e-06,-1.20392e-07,0.000199996
0.00700954,0.0182431,-1.66309,0.00814695,0.0125149,-1.70185,-0.00401046,0.0781531,-0.0890856,64.7772,0.00020001,-1.14481e-09,1.03716e-06,-1.14481e-09,0.0002,-1.24335e-07,1.03716e-06,-1.24335e-07,0.000199996
0.00685183,0.0147269,-1.67001,0.00807846,0.0126598,-1.70215,-0.00401817,0.0776069,-0.0970079,64.7844,0.00020001,-1.22731e-09,1.04859e-06,-1.22731e-09,0.0002,-1.31845e-07,1.04859e-06,-1.31845e-07,0.000199996
0.00672284,0.0120173,-1.67559,0.00819803,0.012464,-1.70206,-0.00399716,0.0778073,-0.10359,64.589,0.00020001,-1.30747e-09,1.03301e-06,-1.30747e-09,0.0002,-1.42257e-07,1.03301e-06,-1.42257e-07,0.000199996
0.00661703,0.00972346,-1.67995,0.00807735,0.0124827,-1.70218,-0.00394297,0.0784735,-0.108953,64.8092,0.00020001,-1.36812e-09,1.04374e-06,-1.36812e-09,0.0002,-1.46224e-07,1.04374e-06,-1.46224e-07,0.000199996
0.00652189,0.00804075,-1.68342,0.00819394,0.0125818,-1.70206,-0.00388811,0.0796907,-0.113421,64.7596,0.00020001,-1.43424e-09,1.02933e-06,-1.43424e-09,0.0002,-1.54999e-07,1.02933e-06,-1.54999e-07,0.000199996
0.00643526,0.00655497,-1.6863,0.00817701,0.012466,-1.70225,-0.00381474,0.081165,-0.117297,64.8158,0.00020001,-1.51358e-09,1.03867e-06,-1.51358e-09,0.0002,-1.62287e-07,1.03867e-06,-1.62287e-07,0.000199996
0.0055389,0.000714008,-1.69046,0.00404255,-0.0113347,-1.71094,-0.0045511,0.078234,-0.122462,66.1105,0.00020001,-1.54978e-09,1.02756e-06,-1.54978e-09,0.0002,-1.6616e-07,1.02756e-06,-1.6616e-07,0.000199996
0.00477051,-0.00404568,-1.69361,0.00392405,-0.0113063,-1.71098,-0.00517449,0.0764343,-0.126613,65.8776,0.00020001,-1.62461e-09,1.0352e-06,-1.62461e-09,0.0002,-1.73562e-07,1.0352e-06,-1.73562e-07,0.000199996
0.00423521,-0.00776666,-1.6963,0.00410882,-0.011437,-1.71085,-0.00556679,0.0756233,-0.130297,65.877,0.00020001,-1.61988e-09,1.02191e-06,-1.61988e-09,0.0002,-1.72236e-07,1.02191e-06,-1.72236e-07,0.000199996
0.00374491,-0.0108327,-1.69834,0.00400257,-0.0112673,-1.71094,-0.00591409,0.0755073,-0.134337,65.8646,0.00020001,-1.68167e-09,1.03308e-06,-1.68167e-09,0.0002,-1.78206e-07,1.03308e-06,-1.78206e-07,0.000199996
0.00337629,-0.0131747,-1.70002,0.00411121,-0.0113026,-1.71091,-0.00614471,0.0760553,-0.137025,65.8899,0.00020001,-1.70803e-09,1.02131e-06,-1.70803e-09,0.0002,-1.82156e-07,1.02131e-06,-1.82156e-07,0.000199996
0.00308242,-0.0151559,-1.70123,0.00409079,-0.0113018,-1.71084,-0.00630458,0.0770241,-0.139235,65.898,0.00020001,-1.74296e-09,1.03098e-06,-1.74296e-09,0.0002,-1.84032e-07,1.03098e-06,-1.84032e-07,0.000199996
0.00231805,-0.0205156,-1.70003,0.00137097,-0.0307533,-1.69964,-0.00693895,0.0745644,-0.139026,66.5482,0.00020001,-1.74459e-09,1.0183e-06,-1.74459e-09,0.0002,-1.84992e-07,1.0183e-06,-1.84992e-07,0.000199996
0.00169477,-0.024916,-1.69905,0.00138668,-0.0306828,-1.69959,-0.00743723,0.073114,-0.139048,66.5206,0.00020001,-1.78367e-09,1.03051e-06,-1.78367e-09,0.0002,-1.87782e-07,1.03051e-06,-1.87782e-07,0.000199996
0.00122054,-0.0282827,-1.69836,0.00136116,-0.0305919,-1.69973,-0.00779846,0.0726173,-0.139358,66.3121,0.00020001,-1.75485e-09,1.01667e-06,-1.75485e-09,0.0002,-1.84733e-07,1.01667e-06,-1.84733e-07,0.000199996
0.000829535,-0.0311044,-1.69761,0.00137926,-0.0305996,-1.69939,-0.00807547,0.0727956,-0.139612,66.314,0.00020001,-1.77067e-09,1.02812e-06,-1.77067e-09,0.0002,-1.85052e-07,1.02812e-06,-1.85052e-07,0.000199996
0.000541089,-0.0332505,-1.69711,0.00141347,-0.0306755,-1.69921,-0.00825691,0.0735495,-0.140105,66.3022,0.00020001,-1.74014e-09,1.01523e-06,-1.74014e-09,0.0002,-1.82473e-07,1.01523e-06,-1.82473e-07,0.000199996
-5.74215e-05,-0.0389723,-1.69411,-0.000414412,-0.0500542,-1.68626,-0.00874742,0.0707277,-0.138108,66.7935,0.00020001,-1.75589e-09,1.02727e-06,-1.75589e-09,0.0002,-1.83192e-07,1.02727e-06,-1.83192e-07,0.000199996
-0.000511791,-0.0434697,-1.69165,-0.000436148,-0.0502253,-1.68625,-0.00909779,0.0691303,-0.136646,66.7924,0.00020001,-1.71282e-09,1.01681e-06,-1.71282e-09,0.0002,-1.78521e-07,1.01681e-06,-1.78521e-07,0.000199996
-0.000898368,-0.0471456,-1.68958,-0.000338372,-0.0500505,-1.68611,-0.00938137,0.0683544,-0.136585,66.7799,0.00020001,-1.74292e-09,1.02825e-06,-1.74292e-09,0.0002,-1.8192e-07,1.02825e-06,-1.8192e-07,0.000199996
-0.00118022,-0.0499692,-1.68816,-0.00045548,-0.0501305,-1.68629,-0.00956722,0.0684308,-0.136164,66.341,0.00020001,-1.68669e-09,1.01432e-06,-1.68669e-09,0.0002,-1.75737e-07,1.01432e-06,-1.75737e-07,0.000199996
-0.00142159,-0.052373,-1.68681,-0.000364663,-0.0502317,-1.68585,-0.00971559,0.068927,-0.13581,66.7908,0.00020001,-1.69991e-09,1.02538e-06,-1.69991e-09,0.0002,-1.76966e-07,1.02538e-06,-1.76966e-07,0.000199996
-0.00157624,-0.0541621,-1.68581,-0.00030193,-0.0501354,-1.68593,-0.00978424,0.0700379,-0.135809,66.5399,0.00020001,-1.66156e-09,1.01415e-06,-1.66156e-09,0.0002,-1.73435e-07,1.01415e-06,-1.73435e-07,0.000199996
-0.00147137,-0.0592165,-1.68352,-0.003003,-0.0673272,-1.67878,-0.0104384,0.0678835,-0.134515,66.1795,0.00020001,-8.34577e-10,1.03636e-06,-8.34577e-10,0.0002,-4.91136e-08,1.03636e-06,-4.91136e-08,0.000199996
-0.000618189,-0.063261,-1.68149,-0.00302588,-0.0673322,-1.67843,-0.0114682,0.066739,-0.133487,66.3837,0.00020001,6.95106e-10,1.05052e-06,6.95106e-10,0.0002,1.54674e-07,1.05052e-06,1.54674e-07,0.000199996
0.000687309,-0.0666553,-1.68001,-0.0030382,-0.0672578,-1.6785,-0.0128827,0.0661447,-0.133006,66.1535,0.000200011,2.6753e-09,1.08731e-06,2.6753e-09,0.000200001,3.85446e-07,1.08731e-06,3.85446e-07,0.000199996
0.00158279,-0.0692792,-1.67911,-0.00295047,-0.067386,-1.67834,-0.0145072,0.0664208,-0.133107,66.1476,0.000200011,4.00138e-09,1.09218e-06,4.00138e-09,0.000200002,5.06488e-07,1.09218e-06,5.06488e-07,0.000199996
0.00154407,-0.0714042,-1.67816,-0.00298333,-0.0674989,-1.67846,-0.0159759,0.0671958,-0.133155,66.1243,0.000200011,4.13132e-09,1.09577e-06,4.13132e-09,0.000200002,4.64547e-07,1.09577e-06,4.64547e-07,0.000199995
0.001034,-0.0729381,-1.67741,-0.0029535,-0.0674156,-1.67823,-0.017356,0.0684619,-0.133411,66.145,0.000200011,3.55408e-09,1.07422e-06,3.55408e-09,0.000200001,3.60153e-07,1.07422e-06,3.60153e-07,0.000199995
0.00114925,-0.0782454,-1.67453,0.00128927,-0.0875301,-1.66711,-0.0177108,0.0661546,-0.131527,65.0852,0.000200011,2.71895e-09,1.07004e-06,2.71895e-09,0.000200001,2.39577e-07,1.07004e-06,2.39577e-07,0.000199996
0.00107961,-0.0823807,-1.6723,0.0013113,-0.0875409,-1.6672,-0.0180304,0.0648193,-0.1303,65.0784,0.00020001,1.85806e-09,1.04915e-06,1.85806e-09,0.0002,1.36278e-07,1.04915e-06,1.36278e-07,0.000199996
0.000926616,-0.0858026,-1.67028,0.00133581,-0.0876778,-1.66697,-0.0183034,0.0642974,-0.129281,65.1032,0.00020001,1.10558e-09,1.04952e-06,1.10558e-09,0.0002,5.42939e-08,1.04952e-06,5.42939e-08,0.000199996
0.000755048,-0.0883952,-1.66891,0.00132919,-0.087616,-1.66693,-0.018515,0.0646048,-0.128912,65.3371,0.00020001,4.86874e-10,1.02849e-06,4.86874e-10,0.0002,-5.68181e-09,1.02849e-06,-5.68181e-09,0.000199996
0.00054603,-0.0905956,-1.66773,0.00123822,-0.0876321,-1.66714,-0.018724,0.0653044,-0.128732,65.069,0.00020001,-2.46845e-11,1.03475e-06,-2.46845e-11,0.0002,-5.22747e-08,1.03475e-06,-5.22747e-08,0.000199996
0.00149618,-0.0961651,-1.66433,0.00674873,-0.107258,-1.65458,-0.0177438,0.0626349,-0.126331,65.628,0.00020001,-3.88798e-10,1.02002e-06,-3.88798e-10,0.0002,-8.15793e-08,1.02002e-06,-8.15793e-08,0.000199996
0.00224165,-0.100777,-1.66144,0.00681951,-0.107409,-1.65434,-0.0169683,0.0609233,-0.124438,65.8505,0.00020001,-6.88325e-10,1.03078e-06,-6.88325e-10,0.0002,-1.04334e-07,1.03078e-06,-1.04334e-07,0.000199996
0.0028264,-0.104323,-1.65925,0.00678969,-0.107335,-1.65431,-0.0163336,0.0602769,-0.123245,65.3558,0.00020001,-8.9356e-10,1.01716e-06,-8.9356e-10,0.0002,-1.19423e-07,1.01716e-06,-1.19423e-07,0.000199996
0.00330399,-0.107258,-1.65742,0.00681462,-0.107338,-1.65425,-0.015816,0.0602424,-0.122416,65.5618,0.00020001,-1.04271e-09,1.02397e-06,-1.04271e-09,0.0002,-1.27909e-07,1.02397e-06,-1.27909e-07,0.000199996
0.0036953,-0.109542,-1.65588,0.00680107,-0.107551,-1.65386,-0.0153747,0.0607578,-0.121875,65.5971,0.00020001,-1.11912e-09,1.01147e-06,-1.11912e-09,0.0002,-1.31203e-07,1.01147e-06,-1.31203e-07,0.000199996
0.00399154,-0.111458,-1.65479,0.00675262,-0.107459,-1.65397,-0.0150385,0.0617422,-0.121793,65.5963,0.00020001,-1.19066e-09,1.02049e-06,-1.19066e-09,0.0002,-1.34251e-07,1.02049e-06,-1.34251e-07,0.000199996
0.0040605,-0.116685,-1.65159,0.00585239,-0.126511,-1.64261,-0.0149295,0.0594151,-0.119591,65.3511,0.00020001,-1.22226e-09,1.00753e-06,-1.22226e-09,0.0002,-1.35911e-07,1.00753e-06,-1.35911e-07,0.000199996
0.00413224,-0.121008,-1.64892,0.00586216,-0.12657,-1.64268,-0.0148178,0.0579922,-0.117918,65.3645,0.00020001,-1.24115e-09,1.02003e-06,-1.24115e-09,0.0002,-1.34014e-07,1.02003e-06,-1.34014e-07,0.000199996
0.00422474,-0.124346,-1.64682,0.00596741,-0.126605,-1.64224,-0.0146953,0.0574537,-0.116818,65.3943,0.00020001,-1.21855e-09,1.00778e-06,-1.21855e-09,0.0002,-1.30283e-07,1.00778e-06,-1.30283e-07,0.000199996
0.00428398,-0.127147,-1.64508,0.00597869,-0.126675,-1.64225,-0.014616,0.0575527,-0.116076,65.3636,0.00020001,-1.23018e-09,1.01858e-06,-1.23018e-09,0.0002,-1.3022e-07,1.01858e-06,-1.3022e-07,0.000199996
0.00436033,-0.129321,-1.64376,0.00607049,-0.126868,-1.64199,-0.0145197,0.0582791,-0.115758,65.633,0.00020001,-1.21235e-09,1.00859e-06,-1.21235e-09,0.0002,-1.28341e-07,1.00859e-06,-1.28341e-07,0.000199996
0.00440983,-0.131111,-1.64251,0.00598745,-0.126643,-1.64196,-0.0144502,0.0593888,-0.115508,65.3616,0.00020001,-1.20308e-09,1.01767e-06,-1.20308e-09,0.0002,-1.25985e-07,1.01767e-06,-1.25985e-07,0.000199996
0.00411277,-0.136087,-1.63964,0.004313,-0.144893,-1.632,-0.0147272,0.0572125,-0.113642,63.6802,0.00020001,-1.19354e-09,1.00631e-06,-1.19354e-09,0.0002,-1.26263e-07,1.00631e-06,-1.26263e-07,0.000199996
0.00389741,-0.140208,-1.63728,0.00434271,-0.144943,-1.63166,-0.0149326,0.0559924,-0.112282,63.6659,0.00020001,-1.1832e-09,1.01977e-06,-1.1832e-09,0.0002,-1.23413e-07,1.01977e-06,-1.23413e-07,0.000199996
0.00372423,-0.143353,-1.63532,0.00433003,-0.144883,-1.63158,-0.0150958,0.0556466,-0.111315,63.6892,0.00020001,-1.15309e-09,1.00631e-06,-1.15309e-09,0.0002,-1.20923e-07,1.00631e-06,-1.20923e-07,0.000199996
0.00358734,-0.14603,-1.63381,0.00436519,-0.145046,-1.6313,-0.0152127,0.0558697,-0.110814,63.6703,0.00020001,-1.15031e-09,1.01814e-06,-1.15031e-09,0.0002,-1.19989e-07,1.01814e-06,-1.19989e-07,0.000199996
0.00349257,-0.148091,-1.63234,0.00438609,-0.145278,-1.63057,-0.0152974,0.0566088,-0.110339,63.6602,0.000200009,-1.12057e-09,1.00541e-06,-1.12057e-09,0.0002,-1.17505e-07,1.00541e-06,-1.17505e-07,0.000199996
0.00341458,-0.149842,-1.63134,0.00440615,-0.145149,-1.63086,-0.0153654,0.0577584,-0.110344,63.4439,0.00020001,-1.11844e-09,1.01769e-06,-1.11844e-09,0.0002,-1.16688e-07,1.01769e-06,-1.16688e-07,0.000199996
0.00327379,-0.154711,-1.62845,0.00397434,-0.163072,-1.62068,-0.0155062,0.0557895,-0.108447,62.8851,0.00020001,-1.10453e-09,1.00681e-06,-1.10453e-09,0.0002,-1.16347e-07,1.00681e-06,-1.16347e-07,0.000199996
0.00318613,-0.158757,-1.6259,0.00405794,-0.163242,-1.61983,-0.0155939,0.0546425,-0.106896,63.1524,0.00020001,-1.0971e-09,1.01876e-06,-1.0971e-09,0.0002,-1.1443e-07,1.01876e-06,-1.1443e-07,0.000199996
0.00313675,-0.161897,-1.62397,0.00410873,-0.163387,-1.61974,-0.0156532,0.0543031,-0.104965,63.127,0.000200009,-1.06332e-09,1.00611e-06,-1.06332e-09,0.0002,-1.11201e-07,1.00611e-06,-1.11201e-07,0.000199996
0.00310846,-0.164541,-1.62219,0.00417948,-0.163519,-1.61923,-0.0156915,0.0545586,-0.104191,63.1635,0.00020001,-1.05049e-09,1.01508e-06,-1.05049e-09,0.0002,-1.09282e-07,1.01508e-06,-1.09282e-07,0.000199996
0.00311344,-0.166538,-1.62084,0.00422797,-0.163397,-1.61923,-0.0156966,0.0553623,-0.103836,63.1268,0.000200009,-1.01001e-09,1.00568e-06,-1.01001e-09,0.0002,-1.04952e-07,1.00568e-06,-1.04952e-07,0.000199996
0.00303937,-0.172301,-1.61641,0.00382874,-0.183635,-1.60286,-0.0157806,0.0524993,-0.100412,61.2518,0.00020001,-1.00559e-09,1.01833e-06,-1.00559e-09,0.0002,-1.04287e-07,1.01833e-06,-1.04287e-07,0.000199996
0.00300135,-0.176827,-1.61287,0.00387327,-0.183849,-1.60221,-0.0158287,0.0507731,-0.0978715,61.033,0.000200009,-9.72965e-10,1.00617e-06,-9.72965e-10,0.0002,-1.0135e-07,1.00617e-06,-1.0135e-07,0.000199996
0.00299193,-0.18061,-1.60986,0.00403159,-0.184078,-1.60164,-0.0158581,0.0498895,-0.0958624,61.0226,0.00020001,-9.68272e-10,1.01715e-06,-9.68272e-10,0.0002,-1.00656e-07,1.01715e-06,-1.00656e-07,0.000199996
0.00303273,-0.183519,-1.60739,0.00401484,-0.184113,-1.60131,-0.0158473,0.0497811,-0.094389,61.0209,0.000200009,-8.95093e-10,1.00414e-06,-8.95093e-10,0.0002,-9.15095e-08,1.00414e-06,-9.15095e-08,0.000199996
0.00303738,-0.185981,-1.60536,0.00409426,-0.184158,-1.60104,-0.0158626,0.0502192,-0.093357,60.8041,0.00020001,-8.9434e-10,1.01604e-06,-8.9434e-10,0.0002,-9.23119e-08,1.01604e-06,-9.23119e-08,0.000199996
0.00306701,-0.187885,-1.60365,0.00408392,-0.184358,-1.60065,-0.015863,0.0511151,-0.092653,60.8305,0.000200009,-8.54312e-10,1.00683e-06,-8.54312e-10,0.0002,-8.80935e-08,1.00683e-06,-8.80935e-08,0.000199996
0.00297076,-0.193018,-1.59199,0.00359449,-0.201986,-1.59045,-0.0159892,0.0488816,-0.0919938,59.8463,0.00020001,-8.27686e-10,1.0148e-06,-8.27686e-10,0.0002,-8.48013e-08,1.0148e-06,-8.48013e-08,0.000199996
0.00296308,-0.196581,-1.57825,0.0036995,-0.202555,-1.5887,-0.0160369,0.0476186,-0.0952537,60.0852,0.000200008,-6.90059e-10,9.14839e-07,-6.90059e-10,0.0002,-7.25754e-08,9.14839e-07,-7.25754e-08,0.000199997
0.00294248,-0.19885,-1.56584,0.00374176,-0.202939,-1.58729,-0.0159875,0.0465503,-0.0998364,59.9089,0.000200006,-5.64968e-10,7.45687e-07,-5.64968e-10,0.0002,-6.8619e-08,7.45687e-07,-6.8619e-08,0.000199997
0.00299833,-0.200084,-1.55664,0.00395089,-0.203222,-1.58652,-0.0158117,0.0457159,-0.107637,59.9188,0.000200004,-4.19528e-10,5.35523e-07,-4.19528e-10,0.0002,-6.30801e-08,5.35523e-07,-6.30801e-08,0.000199998
0.00309071,-0.20067,-1.54827,0.0041277,-0.203393,-1.5856,-0.0155693,0.0452297,-0.11727,59.7045,0.000200002,-2.89722e-10,3.31425e-07,-2.89722e-10,0.0002,-5.94596e-08,3.31425e-07,-5.94596e-08,0.000199998
0.00319554,-0.201127,-1.54255,0.0042648,-0.203539,-1.58539,-0.0152745,0.0445734,-0.127551,59.7389,0.000200001,-1.95602e-10,1.94136e-07,-1.95602e-10,0.0002,-5.74875e-08,1.94136e-07,-5.74875e-08,0.000199999
0.00216663,-0.205424,-1.52964,-0.00119234,-0.224676,-1.54881,-0.0161034,0.0398757,-0.132641,59.2186,0.000200001,-1.1344e-10,5.89676e-08,-1.1344e-10,0.0002,-6.19387e-08,5.89676e-08,-6.19387e-08,0.000199999
0.00141869,-0.20901,-1.51996,-0.000970572,-0.225149,-1.54728,-0.0166213,0.0357896,-0.138961,59.2556,0.000200001,-5.34212e-11,-1.90413e-08,-5.34212e-11,0.0002,-5.99639e-08,-1.90413e-08,-5.99639e-08,0.0002
0.000858605,-0.21176,-1.51119,-0.000852337,-0.225191,-1.5466,-0.0169414,0.0324403,-0.148191,59.2503,0.0002,-4.2373e-12,-8.93497e-08,-4.2373e-12,0.0002,-5.7313e-08,-8.93497e-08,-5.7313e-08,0.0002
0.00041589,-0.214007,-1.50493,-0.000712713,-0.22542,-1.54591,-0.0171341,0.0296933,-0.157926,59.0625,0.0002,3.32893e-11,-1.33941e-07,3.32893e-11,0.0002,-5.96003e-08,-1.33941e-07,-5.96003e-08,0.0002
8.73786e-05,-0.215882,-1.49894,-0.000581586,-0.225806,-1.54484,-0.0171826,0.0272181,-0.168939,58.8914,0.0002,6.13932e-11,-1.62312e-07,6.13932e-11,0.0002,-6.16176e-08,-1.62312e-07,-6.16176e-08,0.0002
-0.000290363,-0.217943,-1.47607,-0.00109807,-0.228846,-1.44968,-0.0172804,0.0245573,-0.16307,59.8542,0.0002,8.45881e-11,-1.88981e-07,8.45881e-11,0.0002,-6.23295e-08,-1.88981e-07,-6.23295e-08,0.0002
-0.000561982,-0.219725,-1.45626,-0.00091487,-0.229402,-1.44782,-0.017262,0.0221746,-0.160259,59.8823,0.0002,1.01935e-10,-2.02086e-07,1.01935e-10,0.0002,-6.44641e-08,-2.02086e-07,-6.44641e-08,0.0002
-0.000716584,-0.221249,-1.44123,-0.000627494,-0.229835,-1.4465,-0.0171166,0.0200506,-0.162225,59.8881,0.0002,1.13074e-10,-2.08541e-07,1.13074e-10,0.0002,-6.54147e-08,-2.08541e-07,-6.54147e-08,0.0002
-0.000853885,-0.222499,-1.42789,-0.000541879,-0.230177,-1.44503,-0.0169439,0.0182013,-0.16589,59.6941,0.0002,1.31492e-10,-2.18502e-07,1.31492e-10,0.0002,-7.1676e-08,-2.18502e-07,-7.1676e-08,0.0002
-0.000913449,-0.223599,-1.41794,-0.000342453,-0.230525,-1.44385,-0.0166834,0.0165006,-0.171938,59.4803,0.0002,1.41071e-10,-2.19738e-07,1.41071e-10,0.0002,-7.42236e-08,-2.19738e-07,-7.42236e-08,0.0002
-0.000621892,-0.22546,-1.40555,0.00144667,-0.23546,-1.42585,-0.0160719,0.0140399,-0.17755,59.0418,0.0002,1.52538e-10,-2.21601e-07,1.52538e-10,0.0002,-7.86955e-08,-2.21601e-07,-7.86955e-08,0.0002
-0.00152077,-0.224465,-1.38407,-0.00429158,-0.222981,-1.36323,-0.0166408,0.0144354,-0.172068,61.4112,0.0002,1.54036e-10,-2.21688e-07,1.54036e-10,0.0002,-7.71338e-08,-2.21688e-07,-7.71338e-08,0.0002
-0.00224696,-0.22375,-1.36575,-0.00419255,-0.223359,-1.36202,-0.017037,0.0146505,-0.170753,61.1707,0.0002,1.61418e-10,-2.20428e-07,1.61418e-10,0.0002,-8.12643e-08,-2.20428e-07,-8.12643e-08,0.0002
-0.00279187,-0.223268,-1.35167,-0.00398437,-0.223801,-1.3604,-0.0172419,0.0145318,-0.172666,60.9636,0.0002,1.68547e-10,-2.19061e-07,1.68547e-10,0.0002,-8.52544e-08,-2.19061e-07,-8.52544e-08,0.0002
-0.00317743,-0.222977,-1.33923,-0.00377675,-0.224222,-1.35935,-0.0172674,0.0142231,-0.178232,61.0111,0.0002,1.71584e-10,-2.16414e-07,1.71584e-10,0.0002,-8.69424e-08,-2.16414e-07,-8.69424e-08,0.0002
-0.00333634,-0.223433,-1.32998,-0.00359687,-0.22463,-1.35775,-0.0172763,0.0137668,-0.184983,60.8091,0.0002,1.02163e-10,-1.17835e-07,1.02163e-10,0.0002,-6.79674e-08,-1.17835e-07,-6.79674e-08,0.0002
-0.0031731,-0.224755,-1.32101,-0.00316802,-0.225336,-1.3553,-0.0175231,0.013645,-0.193014,60.6238,0.0002,3.01126e-11,7.49232e-08,3.01126e-11,0.0002,-1.9612e-08,7.49232e-08,-1.9612e-08,0.0002
-0.0021062,-0.226666,-1.29197,0.000778502,-0.226473,-1.24153,-0.0172062,0.0136337,-0.180972,60.0728,0.000200001,8.82219e-11,2.98392e-07,8.82219e-11,0.0002,3.28097e-08,2.98392e-07,3.28097e-08,0.0002
-0.000959383,-0.228919,-1.26745,0.00119008,-0.227446,-1.2386,-0.0170394,0.0137808,-0.173453,60.1026,0.000200002,3.7626e-10,5.25709e-07,3.7626e-10,0.0002,1.01776e-07,5.25709e-07,1.01776e-07,0.0002
-0.00018189,-0.232072,-1.24414,0.00318612,-0.233769,-1.21821,-0.0169319,0.0134277,-0.167141,58.7621,0.000200003,3.362e-10,6.86221e-07,3.362e-10,0.0002,5.92025e-08,6.86221e-07,5.92025e-08,0.000199999
-7.41271e-06,-0.235703,-1.22288,0.00425719,-0.236077,-1.21154,-0.0163474,0.0132971,-0.163884,57.3119,0.000200006,-3.25005e-10,8.93835e-07,-3.25005e-10,0.0002,-6.99249e-08,8.93835e-07,-6.99249e-08,0.000199998
-0.000305036,-0.238866,-1.20578,0.00510853,-0.237251,-1.20785,-0.015745,0.0140341,-0.164775,57.1695,0.000200008,-1.68527e-09,1.03231e-06,-1.68527e-09,0.0002,-2.47581e-07,1.03231e-06,-2.47581e-07,0.000199998
-0.000808563,-0.241729,-1.1914,0.00505553,-0.237166,-1.20824,-0.0149886,0.0153709,-0.169404,57.2023,0.000200011,-3.33245e-09,1.179e-06,-3.33245e-09,0.000200001,-3.97003e-07,1.179e-06,-3.97003e-07,0.000199997
-0.000696885,-0.244061,-1.16222,0.0080263,-0.237309,-1.1154,-0.0134969,0.0173386,-0.157225,57.6452,0.000200013,-4.98113e-09,1.26899e-06,-4.98113e-09,0.000200002,-5.21877e-07,1.26899e-06,-5.21877e-07,0.000199995
-0.00035519,-0.246877,-1.13741,0.00954832,-0.241044,-1.11249,-0.0116752,0.0191233,-0.151107,58.2526,0.000200015,-6.46279e-09,1.36123e-06,-6.46279e-09,0.000200003,-6.03819e-07,1.36123e-06,-6.03819e-07,0.000199994
-0.000121959,-0.249148,-1.11831,0.00952277,-0.241317,-1.11212,-0.00998796,0.0213523,-0.149407,58.0422,0.000200017,-7.61744e-09,1.41643e-06,-7.61744e-09,0.000200003,-6.57454e-07,1.41643e-06,-6.57454e-07,0.000199993
2.74935e-05,-0.250535,-1.10148,0.0092249,-0.238534,-1.10756,-0.00837351,0.024565,-0.150984,56.6169,0.000200019,-8.50902e-09,1.47381e-06,-8.50902e-09,0.000200004,-6.838e-07,1.47381e-06,-6.838e-07,0.000199992
0.000244619,-0.25217,-1.08938,0.00980436,-0.241562,-1.11116,-0.00676838,0.0276301,-0.156278,57.4916,0.00020002,-9.105e-09,1.49962e-06,-9.105e-09,0.000200004,-6.99494e-07,1.49962e-06,-6.99494e-07,0.000199992
-0.000660256,-0.25727,-1.05863,0.00356319,-0.259491,-1.00965,-0.00631926,0.0272301,-0.143928,56.9977,0.000200021,-9.5729e-09,1.53934e-06,-9.5729e-09,0.000200004,-7.03051e-07,1.53934e-06,-7.03051e-07,0.000199991
-0.00116822,-0.26165,-1.03433,0.00445743,-0.261357,-1.00674,-0.00557222,0.0275497,-0.136935,57.0067,0.000200022,-9.74576e-09,1.55567e-06,-9.74576e-09,0.000200004,-6.93696e-07,1.55567e-06,-6.93696e-07,0.000199991
-0.000803728,-0.264833,-1.01374,0.0044844,-0.261225,-1.00506,-0.00466373,0.0285668,-0.134842,56.8696,0.000200021,-8.36435e-09,1.51969e-06,-8.36435e-09,0.000200003,-5.59538e-07,1.51969e-06,-5.59538e-07,0.000199991
0.000178972,-0.2669,-0.998086,0.00461498,-0.261311,-1.00502,-0.00410503,0.0300001,-0.136586,56.6811,0.000200019,-6.02166e-09,1.41662e-06,-6.02166e-09,0.000200002,-3.64592e-07,1.41662e-06,-3.64592e-07,0.000199991
0.00158077,-0.268447,-0.984589,0.00473046,-0.261855,-1.00459,-0.00381523,0.0314527,-0.141489,56.6141,0.000200017,-3.42509e-09,1.31456e-06,-3.42509e-09,0.000200001,-1.41886e-07,1.31456e-06,-1.41886e-07,0.000199992
0.00305925,-0.269417,-0.974637,0.00480665,-0.261967,-1.00437,-0.00380275,0.0331826,-0.148837,56.2166,0.000200015,-1.1543e-09,1.20104e-06,-1.1543e-09,0.000200001,5.5932e-08,1.20104e-06,5.5932e-08,0.000199993
0.00318087,-0.27499,-0.945852,-0.00205933,-0.286114,-0.903681,-0.00546013,0.0301098,-0.138352,54.5766,0.000200013,6.41222e-10,1.12459e-06,6.41222e-10,0.000200001,2.16105e-07,1.12459e-06,2.16105e-07,0.000199994
0.00347115,-0.279331,-0.923286,-0.00177397,-0.286507,-0.901862,-0.00707885,0.0281692,-0.132886,53.855,0.000200012,1.9919e-09,1.04365e-06,1.9919e-09,0.000200001,3.44454e-07,1.04365e-06,3.44454e-07,0.000199995
0.00389237,-0.283016,-0.904527,-0.00145275,-0.287599,-0.902466,-0.00872763,0.0267844,-0.132327,54.4403,0.00020001,3.05078e-09,9.88913e-07,3.05078e-09,0.000200002,4.50907e-07,9.88913e-07,4.50907e-07,0.000199995
0.00424317,-0.285822,-0.890043,-0.00139524,-0.287448,-0.901916,-0.0104868,0.0260779,-0.135043,53.8275,0.000200009,3.72464e-09,9.34836e-07,3.72464e-09,0.000200002,5.21443e-07,9.34836e-07,5.21443e-07,0.000199995
0.0046193,-0.288086,-0.877464,-0.00134356,-0.287336,-0.90077,-0.0123007,0.0259139,-0.140764,53.7365,0.000200008,4.28328e-09,9.04826e-07,4.28328e-09,0.000200003,5.82585e-07,9.04826e-07,5.82585e-07,0.000199996
0.00488859,-0.289917,-0.868073,-0.00123433,-0.287829,-0.900013,-0.0142314,0.0261827,-0.148673,53.6331,0.000200008,4.56881e-09,8.72229e-07,4.56881e-09,0.000200003,6.13958e-07,8.72229e-07,6.13958e-07,0.000199996
0.00702586,-0.295336,-0.839415,0.00745981,-0.307697,-0.797757,-0.0143641,0.022764,-0.138215,51.3753,0.000200007,4.87164e-09,8.57011e-07,4.87164e-09,0.000200004,6.50976e-07,8.57011e-07,6.50976e-07,0.000199996
0.00876939,-0.299771,-0.816766,0.00790406,-0.308744,-0.795652,-0.0148806,0.0202293,-0.132866,51.4083,0.000200007,4.96469e-09,8.27434e-07,4.96469e-09,0.000200004,6.6888e-07,8.27434e-07,6.6888e-07,0.000199996
0.00968984,-0.302867,-0.798192,0.00805735,-0.309078,-0.794663,-0.0156702,0.0186333,-0.131992,51.4144,0.000200006,4.26418e-09,7.24456e-07,4.26418e-09,0.000200003,6.01107e-07,7.24456e-07,6.01107e-07,0.000199996
0.0100639,-0.305009,-0.784516,0.00826217,-0.309521,-0.793925,-0.0161561,0.0172909,-0.134316,51.4648,0.000200004,3.24872e-09,5.90843e-07,3.24872e-09,0.000200003,4.93412e-07,5.90843e-07,4.93412e-07,0.000199997
0.00976574,-0.306119,-0.773017,0.00802635,-0.309387,-0.79463,-0.0167043,0.0164807,-0.139717,51.4461,0.000200003,2.05802e-09,4.13888e-07,2.05802e-09,0.000200002,3.35674e-07,4.13888e-07,3.35674e-07,0.000199998
0.0110273,-0.307766,-0.747781,0.0162297,-0.314102,-0.709383,-0.0153927,0.0149335,-0.130281,53.2416,0.000200002,1.24732e-09,2.74712e-07,1.24732e-09,0.000200001,2.07884e-07,2.74712e-07,2.07884e-07,0.000199998
0.0119771,-0.309258,-0.725861,0.016835,-0.315873,-0.706439,-0.0141629,0.0133419,-0.125161,52.3712,0.000200001,7.16112e-10,1.56031e-07,7.16112e-10,0.000200001,9.82206e-08,1.56031e-07,9.82206e-08,0.000199999
0.0127131,-0.310517,-0.709131,0.0172147,-0.316441,-0.704754,-0.0130369,0.0118827,-0.124031,52.1712,0.000200001,4.15206e-10,7.22776e-08,4.15206e-10,0.0002,1.25165e-08,7.22776e-08,1.25165e-08,0.000199999
0.0132839,-0.311524,-0.694717,0.0173202,-0.316779,-0.704368,-0.0119761,0.0106756,-0.126417,52.405,0.0002,2.60263e-10,8.04899e-09,2.60263e-10,0.0002,-4.87312e-08,8.04899e-09,-4.87312e-08,0.0002
0.013739,-0.312399,-0.684003,0.0175637,-0.317236,-0.703694,-0.010991,0.00950111,-0.131303,52.4094,0.0002,1.90736e-10,-3.63235e-08,1.90736e-10,0.0002,-9.61197e-08,-3.63235e-08,-9.61197e-08,0.0002
0.0141143,-0.313148,-0.674344,0.017634,-0.317546,-0.703018,-0.0100557,0.00855249,-0.138244,52.4433,0.0002,1.66282e-10,-6.63359e-08,1.66282e-10,0.0002,-1.27221e-07,-6.63359e-08,-1.27221e-07,0.0002
0.0139779,-0.313206,-0.651396,0.0155752,-0.314841,-0.621829,-0.00960206,0.00819374,-0.130896,56.3516,0.0002,1.65229e-10,-8.70745e-08,1.65229e-10,0.0002,-1.50177e-07,-8.70745e-08,-1.50177e-07,0.0002
0.0139678,-0.313865,-0.631184,0.0162538,-0.317919,-0.617326,-0.00901222,0.00723476,-0.127284,56.3203,0.0002,1.76522e-10,-1.00331e-07,1.76522e-10,0.0002,-1.71045e-07,-1.00331e-07,-1.71045e-07,0.0002
0.0140562,-0.31454,-0.615764,0.0165956,-0.318573,-0.616315,-0.00832383,0.0063603,-0.127364,56.382,0.0002,1.83121e-10,-1.05823e-07,1.83121e-10,0.0002,-1.80085e-07,-1.05823e-07,-1.80085e-07,0.0002
0.0141085,-0.31517,-0.602263,0.0167633,-0.319118,-0.615248,-0.00765146,0.00543003,-0.130463,56.1994,0.0002,1.98628e-10,-1.11552e-07,1.98628e-10,0.0002,-1.94539e-07,-1.11552e-07,-1.94539e-07,0.0002
0.0145888,-0.315311,-0.592233,0.0170206,-0.31962,-0.614342,-0.00680117,0.00458889,-0.136033,56.2678,0.0002,2.36938e-10,-1.90304e-07,2.36938e-10,0.0002,-1.43537e-07,-1.90304e-07,-1.43537e-07,0.0002
0.0154889,-0.314685,-0.583081,0.0171139,-0.319685,-0.614091,-0.00615112,0.0031154,-0.143781,56.2531,0.000200001,1.47491e-10,-3.62765e-07,1.47491e-10,0.0002,-3.4974e-08,-3.62765e-07,-3.4974e-08,0.0002
0.0157511,-0.311081,-0.561464,0.0130542,-0.30652,-0.541048,-0.00643891,0.00421901,-0.138764,60.6557,0.000200002,-2.86744e-10,-5.49074e-07,-2.86744e-10,0.0002,9.4507e-08,-5.49074e-07,9.4507e-08,0.000199999
0.0161633,-0.308023,-0.542855,0.0130795,-0.307131,-0.540183,-0.00679666,0.00427743,-0.138155,60.6438,0.000200004,-9.85656e-10,-7.16919e-07,-9.85656e-10,0.0002,2.05788e-07,-7.16919e-07,2.05788e-07,0.000199999
0.0165929,-0.306711,-0.526616,0.0130849,-0.313282,-0.529923,-0.00719709,0.0024894,-0.138816,60.6682,0.000200005,-1.76789e-09,-8.40011e-07,-1.76789e-09,0.000200001,2.91907e-07,-8.40011e-07,2.91907e-07,0.000199998
0.0169903,-0.305489,-0.512907,0.0130548,-0.313279,-0.529828,-0.00767974,0.000411466,-0.143007,60.6624,0.000200007,-2.5424e-09,-9.47567e-07,-2.5424e-09,0.000200001,3.53078e-07,-9.47567e-07,3.53078e-07,0.000199998
0.0173427,-0.304657,-0.501995,0.0133846,-0.313963,-0.528832,-0.00813729,-0.00205699,-0.149595,60.9746,0.000200008,-3.12321e-09,-1.01559e-06,-3.12321e-09,0.000200001,3.85103e-07,-1.01559e-06,3.85103e-07,0.000199997
0.0177059,-0.304154,-0.492272,0.0137548,-0.315229,-0.527033,-0.00854413,-0.00505366,-0.158172,60.7272,0.00020001,-3.59719e-09,-1.0746e-06,-3.59719e-09,0.000200001,4.04115e-07,-1.0746e-06,4.04115e-07,0.000199996
0.0180937,-0.297997,-0.472157,0.0159236,-0.283973,-0.460001,-0.00870628,-0.00179705,-0.155157,64.8573,0.000200009,-3.43893e-09,-1.02811e-06,-3.43893e-09,0.000200001,3.7444e-07,-1.02811e-06,3.7444e-07,0.000199996
0.0179552,-0.294015,-0.455656,0.0159476,-0.28511,-0.458256,-0.00890485,0.000484954,-0.155756,65.1173,0.000200008,-2.6033e-09,-8.83613e-07,-2.6033e-09,0.000200001,2.81831e-07,-8.83613e-07,2.81831e-07,0.000199997
0.0175825,-0.291476,-0.44359,0.0160662,-0.285825,-0.457565,-0.00907748,0.00182366,-0.15929,65.4077,0.000200006,-1.69384e-09,-7.1006e-07,-1.69384e-09,0.000200001,1.76966e-07,-7.1006e-07,1.76966e-07,0.000199997
0.0170606,-0.28999,-0.432856,0.0160945,-0.286959,-0.455959,-0.00921937,0.00261003,-0.165156,65.4081,0.000200004,-9.45282e-10,-5.47404e-07,-9.45282e-10,0.0002,7.33039e-08,-5.47404e-07,7.33039e-08,0.000199998
0.0165939,-0.289037,-0.424927,0.0160946,-0.287418,-0.45544,-0.00922608,0.00316284,-0.172627,65.7259,0.000200003,-4.75218e-10,-4.19751e-07,-4.75218e-10,0.0002,-4.91505e-10,-4.19751e-07,-4.91505e-10,0.000199998
0.0167809,-0.284887,-0.393486,0.0196411,-0.269922,-0.333429,-0.00849914,0.006913,-0.157586,60.5526,0.000200002,-1.68151e-10,-3.20712e-07,-1.68151e-10,0.0002,-6.49255e-08,-3.20712e-07,-6.49255e-08,0.000199999
0.0170247,-0.281756,-0.368824,0.0201946,-0.270438,-0.331121,-0.00767526,0.00984405,-0.148224,60.5984,0.000200001,2.4795e-12,-2.43651e-07,2.4795e-12,0.0002,-1.10526e-07,-2.43651e-07,-1.10526e-07,0.000199999
0.0163967,-0.27906,-0.347679,0.0203897,-0.270806,-0.32943,-0.00688335,0.0122399,-0.143579,60.6223,0.000200001,3.45251e-10,-2.34441e-07,3.45251e-10,0.000200001,-2.79384e-07,-2.34441e-07,-2.79384e-07,0.000199999
0.0154922,-0.27681,-0.331269,0.0207106,-0.271058,-0.328146,-0.00526776,0.0139899,-0.142769,60.3847,0.000200001,7.70467e-10,-2.49834e-07,7.70467e-10,0.000200002,-4.62998e-07,-2.49834e-07,-4.62998e-07,0.000199999
0.0139217,-0.2748,-0.316063,0.020761,-0.271272,-0.327281,-0.00354828,0.0154005,-0.145663,60.425,0.000200001,1.51625e-09,-2.95137e-07,1.51625e-09,0.000200004,-7.19367e-07,-2.95137e-07,-7.19367e-07,0.000199999
0.0126649,-0.273216,-0.304134,0.0210363,-0.271408,-0.326873,-0.00128513,0.0163835,-0.151434,60.486,0.000200001,2.17797e-09,-3.21978e-07,2.17797e-09,0.000200006,-8.93027e-07,-3.21978e-07,-8.93027e-07,0.000199998
0.0108727,-0.270624,-0.279584,0.014546,-0.263545,-0.253402,-1.72631e-05,0.0184764,-0.144884,62.2433,0.000200001,2.34289e-09,-3.09992e-07,2.34289e-09,0.000200007,-9.18773e-07,-3.09992e-07,-9.18773e-07,0.000199998
0.00986167,-0.268821,-0.261239,0.0147932,-0.264076,-0.251638,0.00109967,0.0200788,-0.142439,62.3407,0.000200001,2.16516e-09,-2.74351e-07,2.16516e-09,0.000200007,-8.75956e-07,-2.74351e-07,-8.75956e-07,0.000199997
0.00978469,-0.267625,-0.245993,0.014981,-0.264283,-0.250704,0.00252669,0.0210746,-0.143693,62.3623,0.000200001,1.67232e-09,-2.18063e-07,1.67232e-09,0.000200005,-7.37671e-07,-2.18063e-07,-7.37671e-07,0.000199998
0.00994058,-0.266782,-0.234543,0.0152157,-0.26453,-0.249684,0.00386958,0.0218179,-0.147573,62.1246,0.0002,1.25463e-09,-1.71274e-07,1.25463e-09,0.000200004,-6.21977e-07,-1.71274e-07,-6.21977e-07,0.000199998
0.0102398,-0.266178,-0.224338,0.0152288,-0.264592,-0.24923,0.00511276,0.0224215,-0.153728,62.37,0.0002,9.11243e-10,-1.31511e-07,9.11243e-10,0.000200003,-5.20448e-07,-1.31511e-07,-5.20448e-07,0.000199998
0.0106672,-0.265807,-0.216921,0.015476,-0.264847,-0.248522,0.00636323,0.0227926,-0.161511,62.1535,0.0002,6.38926e-10,-9.66766e-08,6.38926e-10,0.000200002,-4.33065e-07,-9.66766e-08,-4.33065e-07,0.000199999
0.00793058,-0.265186,-0.191047,-3.62196e-06,-0.263107,-0.153269,0.00436058,0.0234143,-0.151977,63.2199,0.0002,4.61544e-10,-7.61869e-08,4.61544e-10,0.000200002,-3.73231e-07,-7.61869e-08,-3.73231e-07,0.000199999
0.00587769,-0.264834,-0.170877,0.000343866,-0.263579,-0.151151,0.00298569,0.023866,-0.147007,63.274,0.0002,3.18488e-10,-5.35884e-08,3.18488e-10,0.000200001,-3.24426e-07,-5.35884e-08,-3.24426e-07,0.000199999
0.00432255,-0.264655,-0.1535,0.00067255,-0.26405,-0.149392,0.00208655,0.0240452,-0.145873,63.2949,0.0002,2.18174e-10,-3.67798e-08,2.18174e-10,0.000200001,-2.89912e-07,-3.67798e-08,-2.89912e-07,0.000199999
0.00311535,-0.264531,-0.140429,0.000795838,-0.26417,-0.148783,0.00150435,0.0242689,-0.147928,63.3417,0.0002,1.51131e-10,-2.6141e-08,1.51131e-10,0.000200001,-2.65932e-07,-2.6141e-08,-2.65932e-07,0.0002
0.00218944,-0.26448,-0.128958,0.000950656,-0.26433,-0.147839,0.00120034,0.0244203,-0.152618,63.1119,0.0002,1.01126e-10,-1.62988e-08,1.01126e-10,0.000200001,-2.49136e-07,-1.62988e-08,-2.49136e-07,0.0002
0.000269274,-0.264384,-0.103101,-0.00488287,-0.263891,-0.0603124,-0.000119526,0.0246157,-0.141861,63.8858,0.0002,6.3833e-11,-7.67826e-09,6.3833e-11,0.000200001,-2.40262e-07,-7.67826e-09,-2.40262e-07,0.0002
-0.00113636,-0.264426,-0.0809696,-0.0043985,-0.264484,-0.0578452,-0.000927565,0.0246738,-0.13593,63.6739,0.0002,3.67996e-11,-1.22958e-09,3.67996e-11,0.000200001,-2.29245e-07,-1.22958e-09,-2.29245e-07,0.0002
-0.00218724,-0.264558,-0.0639408,-0.00403301,-0.264947,-0.0561474,-0.00139884,0.0246416,-0.133941,63.9974,0.0002,1.61327e-11,4.47122e-09,1.61327e-11,0.000200001,-2.22101e-07,4.47122e-09,-2.22101e-07,0.0002
-0.00300375,-0.264733,-0.0491263,-0.00385748,-0.265219,-0.0549523,-0.00163875,0.0246674,-0.135306,63.7592,0.0002,-2.48043e-12,1.11109e-08,-2.48043e-12,0.0002,-2.19201e-07,1.11109e-08,-2.19201e-07,0.0002
-0.00361569,-0.264909,-0.0380648,-0.0037093,-0.265435,-0.0541412,-0.00168569,0.0245905,-0.139365,63.5252,0.0002,-1.46738e-11,1.47665e-08,-1.46738e-11,0.0002,-2.15468e-07,1.47665e-08,-2.15468e-07,0.0002
-0.00404709,-0.265119,-0.0282263,-0.00347497,-0.265812,-0.0533218,-0.00154809,0.0244808,-0.145626,63.8464,0.0002,-2.18764e-11,1.63508e-08,-2.18764e-11,0.0002,-2.11241e-07,1.63508e-08,-2.11241e-07,0.0002
-0.00511344,-0.265486,-0.00354585,-0.00708768,-0.266596,0.0345361,-0.00205644,0.024314,-0.135946,63.9825,0.0002,-3.22581e-11,2.14193e-08,-3.22581e-11,0.0002,-2.08516e-07,2.14193e-08,-2.08516e-07,0.0002
-0.00591175,-0.265838,0.0172153,-0.00676698,-0.266912,0.0361277,-0.00229475,0.0240617,-0.131185,63.999,0.0002,-4.03082e-11,2.48526e-08,-4.03082e-11,0.0002,-2.08192e-07,2.48526e-08,-2.08192e-07,0.0002
-0.00647834,-0.266211,0.0333744,-0.00657,-0.267392,0.0373702,-0.00231634,0.0238893,-0.129926,63.813,0.0002,-4.47145e-11,2.66681e-08,-4.47145e-11,0.0002,-2.027e-07,2.66681e-08,-2.027e-07,0.0002
-0.006916,-0.266635,0.0473498,-0.00628563,-0.267889,0.0388014,-0.002204,0.0236654,-0.13205,63.8734,0.0002,-5.55156e-11,3.27528e-08,-5.55156e-11,0.0002,-2.05621e-07,3.27528e-08,-2.05621e-07,0.0002
-0.00719493,-0.266935,0.0577373,-0.00614146,-0.267791,0.0392822,-0.00194693,0.023565,-0.136663,63.8574,0.0002,-5.84985e-11,3.38011e-08,-5.84985e-11,0.0002,-2.00701e-07,3.38011e-08,-2.00701e-07,0.0002
-0.00741178,-0.267269,0.067141,-0.0060113,-0.268134,0.0403056,-0.00162278,0.0234312,-0.143259,63.929,0.0002,-6.69399e-11,3.89109e-08,-6.69399e-11,0.0002,-2.00543e-07,3.89109e-08,-2.00543e-07,0.0002
-0.00905453,-0.26745,0.0901649,-0.010245,-0.26743,0.122574,-0.00220553,0.0235504,-0.135235,63.4813,0.0002,-1.15105e-10,4.93066e-08,-1.15105e-10,0.000200001,-3.00499e-07,4.93066e-08,-3.00499e-07,0.0002
-0.0111495,-0.267707,0.109861,-0.0100217,-0.267619,0.123879,-0.00189453,0.0238931,-0.131739,63.2285,0.0002,-2.5692e-10,7.08405e-08,-2.5692e-10,0.000200002,-4.9617e-07,7.08405e-08,-4.9617e-07,0.0002
-0.0133053,-0.268048,0.126042,-0.00967656,-0.267958,0.125365,-0.00100527,0.0243517,-0.131858,63.3205,0.0002,-5.09684e-10,9.84089e-08,-5.09684e-10,0.000200004,-7.0877e-07,9.84089e-08,-7.0877e-07,0.000199999
-0.0154657,-0.268434,0.140716,-0.00944215,-0.268099,0.125755,0.000234272,0.0249661,-0.135484,63.5759,0.0002,-9.15853e-10,1.34449e-07,-9.15853e-10,0.000200006,-9.21258e-07,1.34449e-07,-9.21258e-07,0.000199998
-0.0164488,-0.268715,0.151513,-0.00934803,-0.268479,0.127072,0.00232117,0.0255847,-0.141587,63.3349,0.0002,-1.05563e-09,1.40192e-07,-1.05563e-09,0.000200007,-9.41108e-07,1.40192e-07,-9.41108e-07,0.000199998
-0.0168794,-0.268965,0.159968,-0.00921619,-0.268714,0.127747,0.0039306,0.0259355,-0.149732,63.3828,0.0002,-1.08338e-09,1.40377e-07,-1.08338e-09,0.000200007,-9.00935e-07,1.40377e-07,-9.00935e-07,0.000199998
-0.0179331,-0.269305,0.181228,-0.0165142,-0.269529,0.205943,0.00428691,0.0260953,-0.143672,65.8935,0.0002,-9.106e-10,1.25198e-07,-9.106e-10,0.000200006,-7.56974e-07,1.25198e-07,-7.56974e-07,0.000199998
-0.0185022,-0.269577,0.199198,-0.0164093,-0.269725,0.206947,0.00481782,0.0262233,-0.141702,65.9156,0.0002,-7.35991e-10,1.11478e-07,-7.35991e-10,0.000200004,-6.23963e-07,1.11478e-07,-6.23963e-07,0.000199998
-0.0188244,-0.269819,0.212866,-0.0163362,-0.269882,0.207529,0.00533559,0.0262808,-0.143034,65.9082,0.0002,-5.988e-10,1.02739e-07,-5.988e-10,0.000200003,-5.19633e-07,1.02739e-07,-5.19633e-07,0.000199998
-0.0188292,-0.270017,0.224822,-0.0161175,-0.270102,0.208199,0.00604085,0.0263827,-0.147078,66.229,0.0002,-4.633e-10,9.11962e-08,-4.633e-10,0.000200002,-4.19241e-07,9.11962e-08,-4.19241e-07,0.000199999
-0.0188045,-0.270246,0.233561,-0.0159408,-0.27037,0.208828,0.00667545,0.0264537,-0.153139,66.0138,0.0002,-3.76924e-10,8.67974e-08,-3.76924e-10,0.000200002,-3.5596e-07,8.67974e-08,-3.5596e-07,0.000199999
-0.0210413,-0.271538,0.262213,-0.0277867,-0.275863,0.312683,0.0049787,0.0254617,-0.140387,64.6733,0.0002,-3.0043e-10,8.06408e-08,-3.0043e-10,0.000200001,-2.98687e-07,8.06408e-08,-2.98687e-07,0.000199999
-0.0227453,-0.27274,0.284653,-0.0274,-0.276583,0.315362,0.00377467,0.0245599,-0.132747,64.4538,0.0002,-2.55158e-10,8.19053e-08,-2.55158e-10,0.000200001,-2.60388e-07,8.19053e-08,-2.60388e-07,0.000199999
-0.024025,-0.273786,0.303904,-0.0270307,-0.277051,0.31709,0.00296496,0.0238144,-0.129296,63.9803,0.0002,-2.21313e-10,8.22127e-08,-2.21313e-10,0.000200001,-2.3402e-07,8.22127e-08,-2.3402e-07,0.0002
-0.024989,-0.274687,0.318672,-0.0269455,-0.277419,0.318372,0.00245098,0.0232129,-0.129328,63.1855,0.0002,-1.92452e-10,8.14935e-08,-1.92452e-10,0.000200001,-2.1013e-07,8.14935e-08,-2.1013e-07,0.0002
-0.0257025,-0.2755,0.331853,-0.0266305,-0.277796,0.320441,0.00217748,0.0227,-0.131947,62.2558,0.0002,-1.76301e-10,8.4159e-08,-1.76301e-10,0.000200001,-1.95419e-07,8.4159e-08,-1.95419e-07,0.0002
-0.0262446,-0.276179,0.341225,-0.0265615,-0.27789,0.319979,0.00206545,0.0223212,-0.137275,62.7568,0.0002,-1.65669e-10,8.76062e-08,-1.65669e-10,0.0002,-1.83444e-07,8.76062e-08,-1.83444e-07,0.0002
-0.0275488,-0.27708,0.367184,-0.0309222,-0.279698,0.407204,0.0011912,0.0217197,-0.127216,62.5851,0.0002,-1.55715e-10,8.72431e-08,-1.55715e-10,0.0002,-1.76606e-07,8.72431e-08,-1.76606e-07,0.0002
-0.0284785,-0.27795,0.387606,-0.0304381,-0.280382,0.409609,0.000681486,0.0211501,-0.121594,61.8732,0.0002,-1.49657e-10,8.94211e-08,-1.49657e-10,0.0002,-1.69222e-07,8.94211e-08,-1.69222e-07,0.0002
-0.029172,-0.278737,0.404941,-0.03013,-0.28085,0.411101,0.000397964,0.0206627,-0.120059,60.96,0.0002,-1.46608e-10,9.11069e-08,-1.46608e-10,0.0002,-1.66001e-07,9.11069e-08,-1.66001e-07,0.0002
-0.0296687,-0.279391,0.418162,-0.0299478,-0.280993,0.411673,0.000291332,0.020309,-0.121538,60.7287,0.0002,-1.41921e-10,9.17394e-08,-1.41921e-10,0.0002,-1.60269e-07,9.17394e-08,-1.60269e-07,0.0002
-0.0300318,-0.279981,0.42968,-0.0297299,-0.281178,0.412574,0.000318192,0.0201185,-0.12572,59.5978,0.0002,-1.44656e-10,9.74255e-08,-1.44656e-10,0.0002,-1.57778e-07,9.74255e-08,-1.57778e-07,0.0002
-0.0302998,-0.280452,0.438096,-0.0296785,-0.281295,0.413023,0.000430218,0.0199484,-0.131904,59.8151,0.0002,-1.41631e-10,9.71011e-08,-1.41631e-10,0.0002,-1.54168e-07,9.71011e-08,-1.54168e-07,0.0002
-0.0312869,-0.28031,0.461695,-0.0335853,-0.278637,0.492918,-0.000176882,0.0203903,-0.124005,61.5928,0.0002,-1.39591e-10,9.73986e-08,-1.39591e-10,0.0002,-1.51525e-07,9.73986e-08,-1.51525e-07,0.0002
-0.031998,-0.280352,0.480142,-0.033185,-0.279322,0.495513,-0.000527965,0.0207479,-0.120258,61.119,0.0002,-1.41432e-10,1.01057e-07,-1.41432e-10,0.0002,-1.49762e-07,1.01057e-07,-1.49762e-07,0.0002
-0.0324882,-0.280451,0.496215,-0.0328274,-0.279701,0.496696,-0.000658249,0.0209491,-0.119985,60.7205,0.0002,-1.40723e-10,1.02129e-07,-1.40723e-10,0.0002,-1.4717e-07,1.02129e-07,-1.4717e-07,0.0002
-0.0328355,-0.280654,0.508479,-0.0326865,-0.280285,0.498481,-0.00064553,0.0210457,-0.122321,59.5114,0.0002,-1.39524e-10,1.04227e-07,-1.39524e-10,0.0002,-1.42631e-07,1.04227e-07,-1.42631e-07,0.0002
-0.0331113,-0.280869,0.51923,-0.0325703,-0.280411,0.499056,-0.000571325,0.021231,-0.12727,59.5132,0.0002,-1.45013e-10,1.10239e-07,-1.45013e-10,0.0002,-1.42774e-07,1.10239e-07,-1.42774e-07,0.0002
-0.0340681,-0.281546,0.544474,-0.0364204,-0.282992,0.586402,-0.0011881,0.0209536,-0.116626,57.2615,0.0002,-1.43195e-10,1.10522e-07,-1.43195e-10,0.0002,-1.38911e-07,1.10522e-07,-1.38911e-07,0.0002
-0.0347307,-0.282204,0.565962,-0.0358517,-0.283569,0.588736,-0.00152073,0.0205958,-0.110838,56.0457,0.0002,-1.43197e-10,1.11401e-07,-1.43197e-10,0.0002,-1.37718e-07,1.11401e-07,-1.37718e-07,0.0002
-0.0346702,-0.28253,0.582549,-0.0355895,-0.284187,0.590478,-0.00156019,0.0202704,-0.109051,55.6612,0.0002,-6.24908e-11,5.92996e-08,-6.24908e-11,0.0002,-5.12358e-08,5.92996e-08,-5.12358e-08,0.0002
-0.0338525,-0.28244,0.597212,-0.0352734,-0.284721,0.592054,-0.00191253,0.0195602,-0.110288,55.7283,0.0002,-6.75767e-11,-4.90401e-08,-6.75767e-11,0.0002,1.15917e-07,-4.90401e-08,1.15917e-07,0.0002
-0.0326466,-0.282085,0.608328,-0.0351145,-0.28507,0.593109,-0.00243658,0.0185149,-0.114172,55.7388,0.0002,-3.78542e-10,-1.76695e-07,-3.78542e-10,0.000200001,3.04842e-07,-1.76695e-07,3.04842e-07,0.0002
-0.0319558,-0.282,0.618348,-0.035057,-0.28514,0.593663,-0.00320582,0.0175003,-0.120252,55.7034,0.0002,-6.41609e-10,-2.294e-07,-6.41609e-10,0.000200001,3.79761e-07,-2.294e-07,3.79761e-07,0.0002
-0.0326285,-0.281393,0.641732,-0.0390719,-0.281224,0.676206,-0.0047085,0.0175073,-0.111668,58.8725,0.0002,-6.52978e-10,-2.18399e-07,-6.52978e-10,0.000200001,3.63596e-07,-2.18399e-07,3.63596e-07,0.0002
-0.033629,-0.281433,0.661969,-0.0390613,-0.282178,0.67942,-0.00604903,0.0172665,-0.107331,57.4597,0.0002,-4.53035e-10,-1.58124e-07,-4.53035e-10,0.000200001,2.78733e-07,-1.58124e-07,2.78733e-07,0.0002
-0.0346011,-0.281802,0.677727,-0.0389069,-0.283002,0.682025,-0.00716109,0.016898,-0.106273,54.5273,0.0002,-2.65373e-10,-9.24552e-08,-2.65373e-10,0.0002,1.91959e-07,-9.24552e-08,1.91959e-07,0.0002
-0.0354527,-0.282288,0.691601,-0.0386466,-0.283647,0.684236,-0.00797266,0.0166116,-0.108099,54.1519,0.0002,-1.43911e-10,-4.04422e-08,-1.43911e-10,0.0002,1.16293e-07,-4.04422e-08,1.16293e-07,0.0002
-0.036196,-0.282896,0.702123,-0.0385387,-0.284244,0.685792,-0.00859601,0.0162045,-0.112077,54.2067,0.0002,-7.39003e-11,8.76958e-09,-7.39003e-11,0.0002,5.47789e-08,8.76958e-09,5.47789e-08,0.0002
-0.0368298,-0.283457,0.711589,-0.0385024,-0.284488,0.686909,-0.00905982,0.0160433,-0.118211,53.9708,0.0002,-4.63981e-11,4.4804e-08,-4.63981e-11,0.0002,8.28281e-09,4.4804e-08,8.28281e-09,0.0002
-0.0392002,-0.28386,0.736541,-0.0476952,-0.28411,0.777621,-0.0112202,0.0159397,-0.107759,54.8242,0.0002,-4.33811e-11,7.26128e-08,-4.33811e-11,0.0002,-2.62292e-08,7.26128e-08,-2.62292e-08,0.0002
-0.0409783,-0.284532,0.758465,-0.0470584,-0.285829,0.783302,-0.0127783,0.0156684,-0.101535,54.5538,0.0002,-5.13157e-11,9.11351e-08,-5.13157e-11,0.0002,-4.95699e-08,9.11351e-08,-4.95699e-08,0.0002
-0.0423074,-0.285288,0.775734,-0.046613,-0.28683,0.786713,-0.0138874,0.0153124,-0.0987662,54.2571,0.0002,-6.26584e-11,1.06066e-07,-6.26584e-11,0.0002,-6.36048e-08,1.06066e-07,-6.36048e-08,0.0002
-0.0433638,-0.286034,0.79088,-0.0464445,-0.287452,0.788605,-0.0147138,0.0149661,-0.0992201,54.0979,0.0002,-7.80722e-11,1.18637e-07,-7.80722e-11,0.0002,-7.6499e-08,1.18637e-07,-7.6499e-08,0.0002
-0.044168,-0.286648,0.802183,-0.0463302,-0.287602,0.788982,-0.015288,0.0147518,-0.102417,54.1179,0.0002,-8.77786e-11,1.24726e-07,-8.77786e-11,0.0002,-8.16777e-08,1.24726e-07,-8.16777e-08,0.0002
-0.0448587,-0.287109,0.811983,-0.0465004,-0.287367,0.78832,-0.0157487,0.014691,-0.108217,54.0993,0.0002,-9.84126e-11,1.31509e-07,-9.84126e-11,0.0002,-8.67109e-08,1.31509e-07,-8.67109e-08,0.0002
-0.0456476,-0.288196,0.837003,-0.0477484,-0.291064,0.879304,-0.0163176,0.0140035,-0.0975968,55.0499,0.0002,-1.03793e-10,1.31332e-07,-1.03793e-10,0.0002,-8.96874e-08,1.31332e-07,-8.96874e-08,0.0002
-0.0462239,-0.289097,0.858045,-0.0475776,-0.291057,0.879667,-0.0166839,0.0136027,-0.0920554,55.108,0.0002,-1.07361e-10,1.3674e-07,-1.07361e-10,0.0002,-8.762e-08,1.3674e-07,-8.762e-08,0.0002
-0.0467454,-0.289805,0.873953,-0.0477506,-0.29097,0.879487,-0.0169954,0.0132951,-0.0906472,55.0857,0.0002,-1.13808e-10,1.41212e-07,-1.13808e-10,0.0002,-9.00357e-08,1.41212e-07,-9.00357e-08,0.0002
-0.047123,-0.290347,0.887514,-0.0476353,-0.290924,0.879214,-0.017183,0.0131525,-0.0925862,55.0964,0.0002,-1.14641e-10,1.42e-07,-1.14641e-10,0.0002,-8.85197e-08,1.42e-07,-8.85197e-08,0.0002
-0.0474148,-0.290825,0.897659,-0.047672,-0.29114,0.879823,-0.0172848,0.0131752,-0.0968411,55.0802,0.0002,-1.12237e-10,1.42607e-07,-1.12237e-10,0.0002,-8.45101e-08,1.42607e-07,-8.45101e-08,0.0002
-0.0479529,-0.291705,0.923311,-0.0491893,-0.293583,0.96401,-0.0176329,0.0126952,-0.0866891,55.5174,0.0002,-1.12202e-10,1.43606e-07,-1.12202e-10,0.0002,-8.37593e-08,1.43606e-07,-8.37593e-08,0.0002
-0.0483175,-0.292436,0.943154,-0.0489698,-0.293643,0.964425,-0.0178175,0.0123637,-0.0808464,55.5351,0.0002,-1.09741e-10,1.46976e-07,-1.09741e-10,0.0002,-7.9233e-08,1.46976e-07,-7.9233e-08,0.0002
-0.0486475,-0.292985,0.959788,-0.0490938,-0.293516,0.964418,-0.0179675,0.0122147,-0.0802117,55.5764,0.0002,-1.08544e-10,1.47697e-07,-1.08544e-10,0.0002,-7.7971e-08,1.47697e-07,-7.7971e-08,0.0002
-0.0489005,-0.293439,0.972368,-0.0490554,-0.293582,0.964589,-0.0180405,0.0122606,-0.0816319,55.547,0.0002,-1.07032e-10,1.4858e-07,-1.07032e-10,0.0002,-7.63188e-08,1.4858e-07,-7.63188e-08,0.0002
-0.0491033,-0.293822,0.983365,-0.0490684,-0.293676,0.964809,-0.0180733,0.0122776,-0.086635,55.5313,0.0002,-1.05325e-10,1.49502e-07,-1.05325e-10,0.0002,-7.4519e-08,1.49502e-07,-7.4519e-08,0.0002
-0.0492271,-0.294119,0.991219,-0.0490203,-0.293721,0.964854,-0.0180471,0.0123815,-0.0927808,55.5632,0.0002,-9.79569e-11,1.46974e-07,-9.79569e-11,0.0002,-6.86347e-08,1.46974e-07,-6.86347e-08,0.0002
-0.0496866,-0.294835,1.01525,-0.0506703,-0.296042,1.04947,-0.0183466,0.0121649,-0.0847487,51.0853,0.0002,-9.94033e-11,1.47124e-07,-9.94033e-11,0.0002,-7.14558e-08,1.47124e-07,-7.14558e-08,0.0002
-0.0500161,-0.295431,1.0336,-0.050667,-0.296105,1.04983,-0.0185361,0.0119686,-0.0804027,51.0532,0.0002,-9.52883e-11,1.49008e-07,-9.52883e-11,0.0002,-6.679e-08,1.49008e-07,-6.679e-08,0.0002
-0.050281,-0.295931,1.04936,-0.0506168,-0.296193,1.04985,-0.018671,0.0118692,-0.079644,51.0641,0.0002,-9.36953e-11,1.51244e-07,-9.36953e-11,0.0002,-6.5043e-08,1.51244e-07,-6.5043e-08,0.0002
-0.0504682,-0.296288,1.06095,-0.0505629,-0.296068,1.04988,-0.0187282,0.0120117,-0.0830455,51.0731,0.0002,-8.89926e-11,1.50018e-07,-8.89926e-11,0.0002,-6.14602e-08,1.50018e-07,-6.14602e-08,0.0002
-0.0506472,-0.296571,1.07104,-0.0506666,-0.295954,1.04946,-0.0187772,0.0121294,-0.0879634,51.0645,0.0002,-8.75927e-11,1.52477e-07,-8.75927e-11,0.0002,-6.0104e-08,1.52477e-07,-6.0104e-08,0.0002
-0.0507634,-0.2968,1.07827,-0.0505935,-0.296062,1.04972,-0.0187834,0.0122995,-0.0947335,51.0631,0.0002,-8.34401e-11,1.51224e-07,-8.34401e-11,0.0002,-5.71408e-08,1.51224e-07,-5.71408e-08,0.0002
-0.0510474,-0.297471,1.10203,-0.0515247,-0.298518,1.13455,-0.0189574,0.0121293,-0.0869671,50.8775,0.0002,-8.22855e-11,1.49017e-07,-8.22855e-11,0.0002,-5.78114e-08,1.49017e-07,-5.78114e-08,0.0002
-0.0512548,-0.298023,1.1199,-0.0515658,-0.298469,1.1342,-0.0190748,0.0119772,-0.0831036,50.8984,0.0002,-7.81299e-11,1.51838e-07,-7.81299e-11,0.0002,-5.32246e-08,1.51838e-07,-5.32246e-08,0.0002
-0.0514187,-0.298476,1.13513,-0.0516193,-0.29862,1.13447,-0.0191487,0.0119237,-0.0828697,50.8377,0.0002,-7.14428e-11,1.50855e-07,-7.14428e-11,0.0002,-4.7779e-08,1.50855e-07,-4.7779e-08,0.0002
-0.0515207,-0.298883,1.14662,-0.0514181,-0.298809,1.1351,-0.0191707,0.0120172,-0.0863836,50.8711,0.0002,-6.81046e-11,1.51272e-07,-6.81046e-11,0.0002,-4.57789e-08,1.51272e-07,-4.57789e-08,0.0002
-0.0516436,-0.299176,1.15651,-0.0515639,-0.298622,1.13448,-0.0192136,0.0121235,-0.0914931,50.8355,0.0002,-6.75465e-11,1.5261e-07,-6.75465e-11,0.0002,-4.60505e-08,1.5261e-07,-4.60505e-08,0.0002
-0.0518915,-0.299859,1.18033,-0.0524985,-0.300963,1.21815,-0.0193815,0.011841,-0.0816724,51.6205,0.0002,-6.21381e-11,1.49573e-07,-6.21381e-11,0.0002,-4.21743e-08,1.49573e-07,-4.21743e-08,0.0002
-0.052075,-0.300476,1.20025,-0.0524042,-0.301213,1.21866,-0.019505,0.0117244,-0.0777517,51.6661,0.0002,-5.88987e-11,1.51095e-07,-5.88987e-11,0.0002,-3.9651e-08,1.51095e-07,-3.9651e-08,0.0002
-0.0522152,-0.30094,1.2154,-0.0524906,-0.301027,1.21853,-0.0195852,0.0116599,-0.0766018,51.6365,0.0002,-5.25627e-11,1.53486e-07,-5.25627e-11,0.0002,-3.37939e-08,1.53486e-07,-3.37939e-08,0.0002
-0.0523528,-0.301302,1.22825,-0.0524325,-0.301052,1.21841,-0.0196728,0.0117978,-0.0787451,51.6508,0.0002,-5.27039e-11,1.52873e-07,-5.27039e-11,0.0002,-3.55469e-08,1.52873e-07,-3.55469e-08,0.0002
-0.0524277,-0.301572,1.23774,-0.0525057,-0.300976,1.21819,-0.0196977,0.0119281,-0.0832647,51.6488,0.0002,-4.4675e-11,1.51616e-07,-4.4675e-11,0.0002,-2.84769e-08,1.51616e-07,-2.84769e-08,0.0002
-0.0524959,-0.301837,1.24623,-0.0523522,-0.301124,1.21859,-0.0197259,0.0120631,-0.0907745,51.6589,0.0002,-4.49475e-11,1.54123e-07,-4.49475e-11,0.0002,-2.98307e-08,1.54123e-07,-2.98307e-08,0.0002
-0.0525365,-0.302512,1.26887,-0.0524564,-0.303558,1.30198,-0.0197365,0.0117884,-0.08213,51.24,0.0002,-4.09845e-11,1.51471e-07,-4.09845e-11,0.0002,-2.70922e-08,1.51471e-07,-2.70922e-08,0.0002
-0.0525537,-0.303113,1.28785,-0.0523686,-0.303764,1.3025,-0.0197237,0.0116866,-0.0781483,51.2892,0.0002,-3.82878e-11,1.53212e-07,-3.82878e-11,0.0002,-2.50529e-08,1.53212e-07,-2.50529e-08,0.0002
-0.0525801,-0.303562,1.3021,-0.0523786,-0.303727,1.30227,-0.0197301,0.0116384,-0.0788985,51.2684,0.0002,-3.69919e-11,1.5027e-07,-3.69919e-11,0.0002,-2.51185e-08,1.5027e-07,-2.51185e-08,0.0002
-0.0525839,-0.303957,1.31449,-0.0524438,-0.303815,1.30245,-0.0197239,0.0116429,-0.0815097,51.2884,0.0002,-3.13123e-11,1.51448e-07,-3.13123e-11,0.0002,-1.98376e-08,1.51448e-07,-1.98376e-08,0.0002
-0.0525581,-0.304251,1.32361,-0.0522744,-0.303769,1.30262,-0.0196881,0.0117486,-0.0863901,51.2611,0.0002,-2.72537e-11,1.50181e-07,-2.72537e-11,0.0002,-1.70742e-08,1.50181e-07,-1.70742e-08,0.0002
-0.052546,-0.304514,1.33171,-0.0522601,-0.303864,1.30253,-0.019676,0.0119863,-0.0932881,51.2843,0.0002,-2.58608e-11,1.50678e-07,-2.58608e-11,0.0002,-1.68119e-08,1.50678e-07,-1.68119e-08,0.0002
-0.0525266,-0.305226,1.35402,-0.0522829,-0.306366,1.38611,-0.0196566,0.0116744,-0.0859801,51.3427,0.0002,-2.45636e-11,1.51035e-07,-2.45636e-11,0.0002,-1.62624e-08,1.51035e-07,-1.62624e-08,0.0002
-0.0525086,-0.305784,1.37261,-0.0523542,-0.306348,1.3857,-0.0196486,0.0115163,-0.0823889,51.3514,0.0002,-2.0295e-11,1.50051e-07,-2.0295e-11,0.0002,-1.26272e-08,1.50051e-07,-1.26272e-08,0.0002
-0.0524975,-0.306212,1.3866,-0.0523881,-0.306256,1.38573,-0.0196475,0.0114882,-0.0823998,51.3395,0.0002,-1.61128e-11,1.49451e-07,-1.61128e-11,0.0002,-9.36719e-09,1.49451e-07,-9.36719e-09,0.0002
-0.0524868,-0.30658,1.39872,-0.0522673,-0.306297,1.38594,-0.0196468,0.0116205,-0.0852779,51.3593,0.0002,-1.61981e-11,1.51864e-07,-1.61981e-11,0.0002,-1.0401e-08,1.51864e-07,-1.0401e-08,0.0002
-0.0524462,-0.306856,1.40753,-0.0522618,-0.306396,1.38594,-0.0196362,0.0117444,-0.0904692,51.3321,0.0002,-1.11227e-11,1.47266e-07,-1.11227e-11,0.0002,-6.01226e-09,1.47266e-07,-6.01226e-09,0.0002
-0.052436,-0.307061,1.41538,-0.0522571,-0.30623,1.3855,-0.019656,0.0119394,-0.0976206,51.3757,0.0002,-1.06355e-11,1.47179e-07,-1.06355e-11,0.0002,-6.57467e-09,1.47179e-07,-6.57467e-09,0.0002
-0.0524086,-0.307653,1.43739,-0.0523512,-0.308456,1.4686,-0.0196686,0.0117472,-0.090611,50.1118,0.0002,-6.29401e-12,1.4425e-07,-6.29401e-12,0.0002,-2.72944e-09,1.4425e-07,-2.72944e-09,0.0002
-0.0523868,-0.308151,1.44782,-0.0523769,-0.308582,1.4689,-0.0196968,0.0116485,-0.0851817,50.0921,0.0002,-2.41313e-12,1.42352e-07,-2.41313e-12,0.0002,3.80148e-10,1.42352e-07,3.80148e-10,0.0002
-0.0523612,-0.308417,1.45166,-0.0524119,-0.308444,1.46862,-0.0197112,0.0115831,-0.0803394,50.1235,0.0002,2.12113e-12,1.24239e-07,2.12113e-12,0.0002,4.70823e-09,1.24239e-07,4.70823e-09,0.0002
-0.0523545,-0.308602,1.45422,-0.0524004,-0.308532,1.4686,-0.0197345,0.011598,-0.0767772,50.1088,0.0002,2.96125e-12,1.05466e-07,2.96125e-12,0.0002,5.02159e-09,1.05466e-07,5.02159e-09,0.0002
-0.0523576,-0.308698,1.45678,-0.0523149,-0.308556,1.46892,-0.0197476,0.0116015,-0.0742194,50.1203,0.0002,8.79792e-13,8.43989e-08,8.79792e-13,0.0002,1.22653e-09,8.43989e-08,1.22653e-09,0.0002
-0.0514849,-0.30935,1.4675,-0.0480121,-0.311474,1.51322,-0.0188949,0.0111501,-0.0625029,52.0411,0.0002,5.60852e-13,6.94247e-08,5.60852e-13,0.0002,7.22219e-10,6.94247e-08,7.22219e-10,0.0002
-0.0507472,-0.310552,1.47628,-0.047646,-0.312009,1.51489,-0.0181472,0.0105483,-0.0527216,52.0604,0.0002,-5.38049e-12,1.51588e-07,-5.38049e-12,0.0002,-5.60817e-09,1.51588e-07,-5.60817e-09,0.0002
-0.05021,-0.312425,1.48307,-0.0475147,-0.312281,1.51593,-0.01756,0.0106747,-0.0449328,52.0119,0.000200001,-5.37471e-11,3.41259e-07,-5.37471e-11,0.0002,-2.36766e-08,3.41259e-07,-2.36766e-08,0.0002
-0.0497327,-0.31459,1.49464,-0.0472591,-0.312892,1.51777,-0.0170127,0.0112097,-0.0393559,52.0974,0.000200002,-1.30612e-10,5.49818e-07,-1.30612e-10,0.0002,-3.38311e-08,5.49818e-07,-3.38311e-08,0.0002
-0.0493096,-0.317126,1.51245,-0.046686,-0.313846,1.52047,-0.0165196,0.0118743,-0.0365529,52.1269,0.000200004,-2.59658e-10,7.81726e-07,-2.59658e-10,0.0002,-4.59229e-08,7.81726e-07,-4.59229e-08,0.000199999
-0.0488861,-0.319205,1.52754,-0.0463422,-0.314414,1.52216,-0.0160561,0.013195,-0.0384637,52.1224,0.000200006,-3.45418e-10,9.20174e-07,-3.45418e-10,0.0002,-4.87049e-08,9.20174e-07,-4.87049e-08,0.000199998
-0.0497648,-0.322509,1.54283,-0.0525504,-0.320428,1.53293,-0.0169348,0.0135909,-0.0401655,51.5085,0.000200009,-3.86741e-10,1.07883e-06,-3.86741e-10,0.0002,-4.36572e-08,1.07883e-06,-4.36572e-08,0.000199997
-0.050434,-0.324323,1.54842,-0.0525363,-0.32037,1.53301,-0.017634,0.0149771,-0.0445781,51.5165,0.000200009,-3.70135e-10,1.04934e-06,-3.70135e-10,0.0002,-3.96924e-08,1.04934e-06,-3.96924e-08,0.000199997
-0.0509376,-0.325206,1.54556,-0.0526892,-0.320341,1.53288,-0.0181976,0.0159939,-0.0474356,51.4908,0.000200008,-2.96965e-10,9.40366e-07,-2.96965e-10,0.0002,-3.13327e-08,9.40366e-07,-3.13327e-08,0.000199997
-0.0512644,-0.32515,1.54231,-0.0525728,-0.320403,1.53278,-0.0185744,0.0170502,-0.0496921,51.5278,0.000200006,-1.87511e-10,7.46556e-07,-1.87511e-10,0.0002,-1.8725e-08,7.46556e-07,-1.8725e-08,0.000199997
-0.0515022,-0.324703,1.53941,-0.0525734,-0.320462,1.53292,-0.0188822,0.0181975,-0.0515868,51.5126,0.000200004,-1.02684e-10,5.56239e-07,-1.02684e-10,0.0002,-7.50931e-09,5.56239e-07,-7.50931e-09,0.000199998
-0.0516921,-0.32424,1.53716,-0.0525382,-0.320417,1.53292,-0.0191321,0.0190602,-0.0528375,51.5014,0.000200003,-5.71757e-11,4.19087e-07,-5.71757e-11,0.0002,-1.75415e-09,4.19087e-07,-1.75415e-09,0.000199998
-0.0506218,-0.326351,1.54378,-0.0465867,-0.334152,1.57407,-0.0181118,0.0172488,-0.0452174,50.6943,0.000200002,-2.48112e-11,2.88859e-07,-2.48112e-11,0.0002,4.9739e-09,2.88859e-07,4.9739e-09,0.000199999
-0.0497422,-0.328139,1.54937,-0.0463408,-0.334436,1.57488,-0.0172622,0.0155614,-0.0386316,50.7627,0.000200001,-1.23611e-11,2.12181e-07,-1.23611e-11,0.0002,5.82835e-09,2.12181e-07,5.82835e-09,0.000199999
-0.0489997,-0.32952,1.55391,-0.0460388,-0.334515,1.57524,-0.0165497,0.0142799,-0.0330912,50.784,0.000200001,-8.507e-12,1.52808e-07,-8.507e-12,0.0002,3.35203e-09,1.52808e-07,3.35203e-09,0.000199999
-0.048404,-0.330634,1.55811,-0.0461343,-0.33477,1.57617,-0.015964,0.0132659,-0.0288934,50.7709,0.0002,-3.27352e-12,1.08064e-07,-3.27352e-12,0.0002,5.37253e-09,1.08064e-07,5.37253e-09,0.0002
-0.0479078,-0.331591,1.56125,-0.0459785,-0.334938,1.57669,-0.0154978,0.0124093,-0.024748,50.8089,0.0002,-1.21654e-12,8.44979e-08,-1.21654e-12,0.0002,4.93468e-09,8.44979e-08,4.93468e-09,0.0002
-0.0473397,-0.332682,1.56338,-0.0452283,-0.33678,1.57348,-0.0149497,0.0114182,-0.022619,50.5433,0.0002,1.24893e-12,6.26375e-08,1.24893e-12,0.0002,8.17844e-09,6.26375e-08,8.17844e-09,0.0002
-0.0469574,-0.333611,1.56503,-0.0453746,-0.336852,1.57385,-0.0145774,0.0105886,-0.0199693,50.5241,0.0002,3.99713e-13,5.53892e-08,3.99713e-13,0.0002,3.41049e-09,5.53892e-08,3.41049e-09,0.0002
-0.0466011,-0.334355,1.56647,-0.045229,-0.336958,1.57382,-0.0142411,0.00994471,-0.0185288,50.5621,0.0002,8.36053e-13,4.73712e-08,8.36053e-13,0.0002,3.81097e-09,4.73712e-08,3.81097e-09,0.0002
-0.046324,-0.334961,1.5676,-0.0452689,-0.337014,1.57432,-0.013984,0.00943856,-0.0164033,50.5621,0.0002,1.089e-12,4.22376e-08,1.089e-12,0.0002,4.08256e-09,4.22376e-08,4.08256e-09,0.0002
-0.0460891,-0.335459,1.56861,-0.0452031,-0.337075,1.57427,-0.0137591,0.00904135,-0.0153861,50.5349,0.0002,1.23704e-12,3.895e-08,1.23704e-12,0.0002,4.27168e-09,3.895e-08,4.27168e-09,0.0002
-0.045904,-0.335853,1.56937,-0.0451637,-0.337109,1.57432,-0.013584,0.00874749,-0.013625,50.5359,0.0002,8.83439e-13,3.51381e-08,8.83439e-13,0.0002,2.70673e-09,3.51381e-08,2.70673e-09,0.0002
-0.0450499,-0.336376,1.56942,-0.0443991,-0.337934,1.57276,-0.0132499,0.00832437,-0.0135838,50.9524,0.0002,2.37572e-11,3.97013e-08,2.37572e-11,0.0002,9.01826e-08,3.97013e-08,9.01826e-08,0.0002
-0.04357,-0.336834,1.56906,-0.044457,-0.337813,1.57272,-0.0136,0.00806619,-0.0119399,50.9333,0.0002,9.99414e-11,5.32131e-08,9.99414e-11,0.000200001,2.75461e-07,5.32131e-08,2.75461e-07,0.0002
-0.0417713,-0.337223,1.56863,-0.0443615,-0.337819,1.57263,-0.0142113,0.00787667,-0.0113695,50.9831,0.0002,2.27953e-10,6.56776e-08,2.27953e-10,0.000200002,4.89307e-07,6.56776e-08,4.89307e-07,0.0002
-0.039965,-0.337615,1.56833,-0.0443321,-0.337898,1.57282,-0.015355,0.00778521,-0.0106748,50.9638,0.0002,4.21025e-10,8.42071e-08,4.21025e-10,0.000200003,6.83974e-07,8.42071e-08,6.83974e-07,0.000199999
-0.0383052,-0.337928,1.56832,-0.0442688,-0.337954,1.57308,-0.0168052,0.0077716,-0.00867615,50.9637,0.0002,6.0668e-10,9.45073e-08,6.0668e-10,0.000200005,8.40892e-07,9.45073e-08,8.40892e-07,0.000199999
-0.036838,-0.338216,1.56808,-0.0443167,-0.338035,1.57315,-0.018708,0.00778388,-0.00791803,50.9289,0.0002,7.97263e-10,1.04726e-07,7.97263e-10,0.000200007,9.65113e-07,1.04726e-07,9.65113e-07,0.000199998
-0.0334292,-0.338473,1.56583,-0.0333483,-0.338112,1.56221,-0.0186692,0.00782662,-0.00917059,53.5498,0.0002,9.54982e-10,1.11328e-07,9.54982e-10,0.000200009,1.05141e-06,1.11328e-07,1.05141e-06,0.000199997
-0.0306385,-0.338693,1.56398,-0.0334002,-0.338107,1.56232,-0.0193885,0.00800711,-0.00901567,53.5379,0.0002,1.10524e-09,1.18343e-07,1.10524e-09,0.00020001,1.11844e-06,1.18343e-07,1.11844e-06,0.000199997
-0.028394,-0.33885,1.56251,-0.0333921,-0.338048,1.56202,-0.020614,0.00815037,-0.00948701,53.5652,0.0002,1.21439e-09,1.21931e-07,1.21439e-09,0.000200012,1.16296e-06,1.21931e-07,1.16296e-06,0.000199996
-0.0265524,-0.339012,1.56139,-0.0333729,-0.338116,1.56232,-0.0223374,0.00838791,-0.00960526,53.5191,0.0002,1.3327e-09,1.28353e-07,1.3327e-09,0.000200012,1.19816e-06,1.28353e-07,1.19816e-06,0.000199996
-0.0251108,-0.339116,1.56058,-0.0333723,-0.338135,1.5624,-0.024394,0.00858441,-0.00841986,53.5481,0.0002,1.38013e-09,1.27776e-07,1.38013e-09,0.000200013,1.21558e-06,1.27776e-07,1.21558e-06,0.000199995
-0.0239271,-0.339234,1.55991,-0.03343,-0.338094,1.56229,-0.0267901,0.00876551,-0.00809421,53.5226,0.0002,1.47622e-09,1.34656e-07,1.47622e-09,0.000200014,1.23342e-06,1.34656e-07,1.23342e-06,0.000199995
-0.0193,-0.339585,1.55729,-0.0148643,-0.339464,1.55222,-0.025665,0.0088152,-0.00970888,53.1262,0.0002,1.50545e-09,1.34235e-07,1.50545e-09,0.000200014,1.23976e-06,1.34235e-07,1.23976e-06,0.000199995
-0.0155717,-0.339907,1.55522,-0.0148352,-0.33965,1.55234,-0.0255137,0.00889347,-0.00977766,53.1146,0.0002,1.5374e-09,1.35194e-07,1.5374e-09,0.000200014,1.24709e-06,1.35194e-07,1.24709e-06,0.000199995
-0.0126107,-0.34015,1.55361,-0.0148879,-0.339513,1.55226,-0.0260507,0.00894951,-0.0103857,53.0937,0.0002,1.57957e-09,1.38383e-07,1.57957e-09,0.000200014,1.24995e-06,1.38383e-07,1.24995e-06,0.000199995
-0.0102591,-0.340371,1.55235,-0.014972,-0.339629,1.55236,-0.0272591,0.00912872,-0.0106514,53.1057,0.0002,1.61688e-09,1.4115e-07,1.61688e-09,0.000200014,1.2517e-06,1.4115e-07,1.2517e-06,0.000199995
-0.00836928,-0.340541,1.55133,-0.0149284,-0.339582,1.55234,-0.0288593,0.00935948,-0.0106696,53.1013,0.0002,1.64914e-09,1.43493e-07,1.64914e-09,0.000200015,1.25275e-06,1.43493e-07,1.25275e-06,0.000199995
-0.0028824,-0.340955,1.5399,0.00489366,-0.341022,1.54148,-0.0269424,0.00934461,-0.0100997,52.7875,0.0002,1.70338e-09,1.48569e-07,1.70338e-09,0.000200015,1.25453e-06,1.48569e-07,1.25453e-06,0.000199995
0.00145822,-0.341254,1.52591,0.00475498,-0.341018,1.54135,-0.0261018,0.00934593,-0.00609495,52.8303,0.0002,1.74834e-09,1.5275e-07,1.74834e-09,0.000200015,1.25154e-06,1.5275e-07,1.25154e-06,0.000199995
0.00497447,-0.341445,1.5129,0.00471115,-0.340828,1.5409,-0.0261555,0.00965513,0.000903411,52.8076,0.0002,1.812e-09,1.58117e-07,1.812e-09,0.000200015,1.25746e-06,1.58117e-07,1.25746e-06,0.000199994
0.00774235,-0.341609,1.509,0.00470949,-0.340851,1.54099,-0.0268976,0.00989058,0.00899673,52.7574,0.0002,1.83993e-09,1.59921e-07,1.83993e-09,0.000200015,1.25439e-06,1.59921e-07,1.25439e-06,0.000199994
0.00996811,-0.341797,1.51305,0.00473349,-0.34088,1.54098,-0.0282219,0.0102031,0.016045,52.7647,0.0002,1.88538e-09,1.64002e-07,1.88538e-09,0.000200015,1.25409e-06,1.64002e-07,1.25409e-06,0.000199994
0.0117499,-0.341986,1.51747,0.00484804,-0.340999,1.54122,-0.0299101,0.0105141,0.021474,52.8029,0.0002,1.9219e-09,1.67338e-07,1.9219e-09,0.000200015,1.25063e-06,1.67338e-07,1.25063e-06,0.000199994
0.0174395,-0.343735,1.51245,0.0262007,-0.348753,1.49776,-0.0277505,0.00936452,0.0174456,54.8369,0.0002,1.93226e-09,1.67416e-07,1.93226e-09,0.000200015,1.2487e-06,1.67416e-07,1.2487e-06,0.000199994
0.0219533,-0.345139,1.51443,0.0260791,-0.348635,1.49764,-0.0266767,0.00846118,0.0134336,54.9957,0.0002,1.94082e-09,1.67951e-07,1.94082e-09,0.000200015,1.24582e-06,1.67951e-07,1.24582e-06,0.000199994
0.0255771,-0.346325,1.52395,0.0261612,-0.348695,1.49791,-0.0265629,0.00787513,0.00795071,55.6115,0.0002,1.95929e-09,1.69806e-07,1.95929e-09,0.000200014,1.24439e-06,1.69806e-07,1.24439e-06,0.000199995
0.0284564,-0.347272,1.53205,0.0261623,-0.348653,1.49778,-0.0271236,0.00752831,-0.000952334,55.0249,0.0002,1.95979e-09,1.6975e-07,1.95979e-09,0.000200014,1.24059e-06,1.6975e-07,1.24059e-06,0.000199995
0.0307757,-0.348061,1.5311,0.0261779,-0.348771,1.49778,-0.0283143,0.00723892,-0.00890276,55.0286,0.0002,2.00727e-09,1.75398e-07,2.00727e-09,0.000200014,1.23962e-06,1.75398e-07,1.23962e-06,0.000199995
0.0326231,-0.348644,1.52475,0.0262307,-0.348783,1.49777,-0.0298969,0.00705584,-0.016252,55.6425,0.0002,2.01257e-09,1.75612e-07,2.01257e-09,0.000200014,1.23532e-06,1.75612e-07,1.23532e-06,0.000199995
0.0377382,-0.348163,1.51786,0.0442701,-0.34392,1.49409,-0.0282818,0.00803731,-0.0221377,48.7244,0.0002,2.06403e-09,1.8109e-07,2.06403e-09,0.000200014,1.23709e-06,1.8109e-07,1.23709e-06,0.000199995
0.0418021,-0.347756,1.51212,0.0443454,-0.343876,1.49358,-0.0276479,0.00894376,-0.0268769,48.6892,0.0002,2.09048e-09,1.83973e-07,2.09048e-09,0.000200014,1.23111e-06,1.83973e-07,1.23111e-06,0.000199995
0.0450645,-0.347413,1.50734,0.0442394,-0.343893,1.49356,-0.0278755,0.00968697,-0.0296633,48.7314,0.0002,2.09834e-09,1.83654e-07,2.09834e-09,0.000200014,1.23228e-06,1.83654e-07,1.23228e-06,0.000199995
0.0476893,-0.34713,1.5035,0.0444911,-0.343658,1.49257,-0.0286707,0.01037,-0.0325009,48.7157,0.0002,2.15094e-09,1.90235e-07,2.15094e-09,0.000200014,1.22729e-06,1.90235e-07,1.22729e-06,0.000199995
0.0498513,-0.346826,1.49985,0.0446943,-0.343329,1.49096,-0.0299987,0.0111745,-0.0351468,48.909,0.0002,2.18499e-09,1.93107e-07,2.18499e-09,0.000200014,1.22743e-06,1.93107e-07,1.22743e-06,0.000199995
0.0515687,-0.346535,1.49686,0.0447952,-0.34312,1.48965,-0.0316913,0.0118653,-0.0371372,49.0639,0.0002,2.19918e-09,1.94386e-07,2.19918e-09,0.000200014,1.2223e-06,1.94386e-07,1.2223e-06,0.000199995
0.0568224,-0.347592,1.49845,0.0640799,-0.349553,1.50957,-0.0299276,0.0113083,-0.0345495,48.4913,0.0002,2.25226e-09,2.00159e-07,2.25226e-09,0.000200014,1.22194e-06,2.00159e-07,1.22194e-06,0.000199995
0.0610123,-0.348429,1.49976,0.0641111,-0.349638,1.50977,-0.0291477,0.0108713,-0.0312394,48.8882,0.0002,2.25444e-09,1.99512e-07,2.25444e-09,0.000200014,1.21868e-06,1.99512e-07,1.21868e-06,0.000199995
0.0643822,-0.349117,1.50072,0.0641499,-0.349684,1.50964,-0.0292578,0.0106829,-0.0292807,48.6676,0.0002,2.26683e-09,2.0038e-07,2.26683e-09,0.000200014,1.21826e-06,2.0038e-07,1.21826e-06,0.000199995
0.0670683,-0.349643,1.50164,0.0640922,-0.349674,1.5098,-0.0299717,0.0105569,-0.0273552,48.8874,0.0002,2.24509e-09,1.97051e-07,2.24509e-09,0.000200014,1.21832e-06,1.97051e-07,1.21832e-06,0.000199995
0.0692309,-0.350061,1.50232,0.06411,-0.349609,1.50978,-0.0312691,0.0106393,-0.0256802,48.5456,0.0002,2.24081e-09,1.96367e-07,2.24081e-09,0.000200014,1.21999e-06,1.96367e-07,1.21999e-06,0.000199995
0.0749069,-0.350488,1.50139,0.0837424,-0.353118,1.50246,-0.0289931,0.0101123,-0.0256074,46.0694,0.0002,1.44654e-09,9.69388e-08,1.44654e-09,0.000200014,1.22458e-06,9.69388e-08,1.22458e-06,0.000199995
0.0795159,-0.349997,1.50071,0.0837393,-0.353138,1.50245,-0.0279841,0.00910265,-0.0252904,45.942,0.0002,-2.69412e-10,-1.00293e-07,-2.69412e-10,0.000200014,1.23871e-06,-1.00293e-07,1.23871e-06,0.000199995
0.0832253,-0.348986,1.50035,0.0837334,-0.353227,1.50274,-0.0277747,0.00791429,-0.0236523,46.0896,0.000200001,-2.47222e-09,-3.28364e-07,-2.47222e-09,0.000200014,1.25169e-06,-3.28364e-07,1.25169e-06,0.000199995
0.0862536,-0.347607,1.49982,0.0837876,-0.353186,1.50253,-0.0283464,0.00649286,-0.0231753,46.4355,0.000200002,-4.96048e-09,-5.63883e-07,-4.96048e-09,0.000200015,1.26831e-06,-5.63883e-07,1.26831e-06,0.000199994
0.0886668,-0.346528,1.49947,0.0837956,-0.353253,1.50254,-0.0294332,0.00457151,-0.0225273,46.0756,0.000200004,-6.86133e-09,-7.12829e-07,-6.86133e-09,0.000200015,1.27727e-06,-7.12829e-07,1.27727e-06,0.000199994
0.0906575,-0.345292,1.49955,0.0837531,-0.353167,1.50243,-0.0311425,0.0027081,-0.0224491,45.9387,0.000200006,-8.82653e-09,-8.65423e-07,-8.82653e-09,0.000200015,1.29391e-06,-8.65423e-07,1.29391e-06,0.000199993
0.0957431,-0.342811,1.49488,0.101154,-0.344919,1.4788,-0.0296569,0.00198898,-0.026116,46.9995,0.000200007,-1.01277e-08,-9.42748e-07,-1.01277e-08,0.000200016,1.30306e-06,-9.42748e-07,1.30306e-06,0.000199992
0.0997626,-0.341464,1.49071,0.101181,-0.344842,1.47883,-0.0293374,0.000835978,-0.0292863,46.8504,0.000200007,-1.01202e-08,-8.8639e-07,-1.01202e-08,0.000200016,1.30125e-06,-8.8639e-07,1.30125e-06,0.000199992
0.10289,-0.340991,1.48726,0.101129,-0.344824,1.47857,-0.02961,-9.14352e-05,-0.0307353,47.0125,0.000200006,-9.14465e-09,-7.52079e-07,-9.14465e-09,0.000200016,1.28832e-06,-7.52079e-07,1.28832e-06,0.000199992
0.105326,-0.34145,1.48442,0.101148,-0.34485,1.47877,-0.030674,-0.00104995,-0.0325803,47.0285,0.000200004,-7.186e-09,-5.32231e-07,-7.186e-09,0.000200015,1.26945e-06,-5.32231e-07,1.26945e-06,0.000199993
0.107249,-0.342047,1.48231,0.101173,-0.344868,1.47865,-0.0321513,-0.00184672,-0.033689,46.8481,0.000200002,-5.35476e-09,-3.54923e-07,-5.35476e-09,0.000200015,1.25268e-06,-3.54923e-07,1.25268e-06,0.000199993
0.108757,-0.342774,1.4805,0.101142,-0.344833,1.47864,-0.0341429,-0.00247427,-0.033504,47.0094,0.000200001,-3.62779e-09,-1.99776e-07,-3.62779e-09,0.000200015,1.23833e-06,-1.99776e-07,1.23833e-06,0.000199994
0.113925,-0.34091,1.47672,0.121073,-0.331727,1.46665,-0.0322748,-0.000310377,-0.0362755,45.8049,0.000200001,-2.12878e-09,-7.44632e-08,-2.12878e-09,0.000200014,1.22506e-06,-7.44632e-08,1.22506e-06,0.000199994
0.118066,-0.339478,1.47385,0.121029,-0.331769,1.46672,-0.0316342,0.00142233,-0.0381544,45.8326,0.0002,-9.55306e-10,1.4397e-08,-9.55306e-10,0.000200014,1.21912e-06,1.4397e-08,1.21912e-06,0.000199994
0.121324,-0.33843,1.47155,0.121018,-0.331839,1.46676,-0.031676,0.00296974,-0.0394509,45.8191,0.0002,8.93265e-12,8.54001e-08,8.93265e-12,0.000200014,1.20703e-06,8.54001e-08,1.20703e-06,0.000199995
0.123961,-0.337585,1.46954,0.121069,-0.331774,1.46655,-0.0324393,0.00431511,-0.0404582,45.8641,0.0002,7.19367e-10,1.32231e-07,7.19367e-10,0.000200014,1.20249e-06,1.32231e-07,1.20249e-06,0.000199995
0.126037,-0.336901,1.46801,0.121013,-0.331731,1.46629,-0.0336631,0.00549868,-0.0399898,45.9951,0.0002,1.22826e-09,1.62648e-07,1.22826e-09,0.000200014,1.19606e-06,1.62648e-07,1.19606e-06,0.000199995
0.131899,-0.337254,1.46851,0.141985,-0.336002,1.47523,-0.0312014,0.00564583,-0.0384934,40.7993,0.0002,1.66193e-09,1.91441e-07,1.66193e-09,0.000200013,1.19263e-06,1.91441e-07,1.19263e-06,0.000199995
0.136655,-0.33751,1.46921,0.142357,-0.336037,1.4758,-0.0298446,0.00589043,-0.0367921,40.8179,0.0002,1.92761e-09,2.04301e-07,1.92761e-09,0.000200013,1.18932e-06,2.04301e-07,1.18932e-06,0.000199995
0.140505,-0.33687,1.46963,0.1421,-0.335999,1.47608,-0.0293954,0.00623036,-0.0353681,40.7664,0.0002,1.07801e-09,7.87887e-08,1.07801e-09,0.000200013,1.20274e-06,7.87887e-08,1.20274e-06,0.000199995
0.143657,-0.335851,1.47008,0.142309,-0.336124,1.47599,-0.0296432,0.00584889,-0.0339222,40.8671,0.0002,-3.06191e-10,-8.67812e-08,-3.06191e-10,0.000200014,1.21658e-06,-8.67812e-08,1.21658e-06,0.000199995
0.146279,-0.33405,1.4705,0.142283,-0.336005,1.47601,-0.0306209,0.00535026,-0.0324999,40.845,0.000200001,-2.68707e-09,-3.46856e-07,-2.68707e-09,0.000200014,1.24278e-06,-3.46856e-07,1.24278e-06,0.000199995
0.1484,-0.332511,1.47639,0.142279,-0.336057,1.47612,-0.0319998,0.00428855,-0.0326145,40.8251,0.000200002,-4.76861e-09,-5.35167e-07,-4.76861e-09,0.000200015,1.26085e-06,-5.35167e-07,1.26085e-06,0.000199994
0.154044,-0.331105,1.48817,0.161505,-0.33655,1.47445,-0.0300559,0.00269483,-0.0358258,37.7394,0.000200004,-6.85087e-09,-7.07566e-07,-6.85087e-09,0.000200015,1.28312e-06,-7.07566e-07,1.28312e-06,0.000199994
0.158622,-0.329971,1.49792,0.161679,-0.336587,1.47477,-0.0291785,0.000928658,-0.0420756,37.7453,0.000200005,-8.50065e-09,-8.23179e-07,-8.50065e-09,0.000200015,1.2997e-06,-8.23179e-07,1.2997e-06,0.000199993
0.162381,-0.328975,1.50676,0.161808,-0.336666,1.4752,-0.0291194,-0.00127516,-0.0492352,37.7539,0.000200007,-9.95443e-09,-9.17001e-07,-9.95443e-09,0.000200016,1.31898e-06,-9.17001e-07,1.31898e-06,0.000199992
0.165291,-0.328806,1.50745,0.161811,-0.336606,1.47534,-0.0298088,-0.0037064,-0.0575454,37.7602,0.000200007,-1.00429e-08,-8.70691e-07,-1.00429e-08,0.000200016,1.31997e-06,-8.70691e-07,1.31997e-06,0.000199992
0.167521,-0.329311,1.50119,0.161742,-0.336638,1.4752,-0.0311792,-0.00571087,-0.0638133,37.7706,0.000200005,-9.06615e-09,-7.34063e-07,-9.06615e-09,0.000200016,1.31117e-06,-7.34063e-07,1.31117e-06,0.000199992
0.169192,-0.330387,1.49505,0.161801,-0.336646,1.47498,-0.0329081,-0.00748731,-0.0689477,37.7585,0.000200004,-7.25921e-09,-5.36975e-07,-7.25921e-09,0.000200016,1.28742e-06,-5.36975e-07,1.28742e-06,0.000199992
0.174564,-0.328251,1.49442,0.182296,-0.319745,1.49628,-0.0310359,-0.00565129,-0.0685802,42.6465,0.000200002,-5.28682e-09,-3.43881e-07,-5.28682e-09,0.000200015,1.26427e-06,-3.43881e-07,1.26427e-06,0.000199993
0.178876,-0.326026,1.49971,0.182471,-0.319796,1.49734,-0.0300244,-0.00402598,-0.0692887,42.649,0.000200002,-4.51498e-09,-3.08689e-07,-4.51498e-09,0.000200015,1.24525e-06,-3.08689e-07,1.24525e-06,0.000199993
0.182522,-0.323874,1.51336,0.182967,-0.320385,1.50572,-0.0297779,-0.00367381,-0.0716362,41.0311,0.000200002,-4.68789e-09,-3.70275e-07,-4.68789e-09,0.000200015,1.24624e-06,-3.70275e-07,1.24624e-06,0.000199994
0.185585,-0.321528,1.52488,0.183285,-0.320503,1.50836,-0.0301154,-0.00362787,-0.0751245,40.4706,0.000200002,-5.77909e-09,-5.15796e-07,-5.77909e-09,0.000200015,1.25716e-06,-5.15796e-07,1.25716e-06,0.000199994
0.188099,-0.319272,1.53518,0.183347,-0.3206,1.50939,-0.0311014,-0.00417186,-0.0818226,40.3488,0.000200004,-7.252e-09,-6.75739e-07,-7.252e-09,0.000200015,1.26918e-06,-6.75739e-07,1.26918e-06,0.000199993
0.1901,-0.318158,1.54264,0.183502,-0.320639,1.5093,-0.0325,-0.00565823,-0.0903615,40.3431,0.000200004,-7.48835e-09,-6.70144e-07,-7.48835e-09,0.000200015,1.27139e-06,-6.70144e-07,1.27139e-06,0.000199993
0.195308,-0.316308,1.54823,0.201763,-0.314367,1.543,-0.0307916,-0.00520826,-0.091766,40.2236,0.000200003,-7.14171e-09,-6.08066e-07,-7.14171e-09,0.000200015,1.27192e-06,-6.08066e-07,1.27192e-06,0.000199993
0.199362,-0.315604,1.54744,0.201697,-0.314354,1.54301,-0.0301382,-0.00530401,-0.0925553,40.188,0.000200002,-5.73201e-09,-4.40557e-07,-5.73201e-09,0.000200015,1.25769e-06,-4.40557e-07,1.25769e-06,0.000199993
0.202587,-0.315238,1.54577,0.201801,-0.31434,1.5432,-0.0303126,-0.00543829,-0.0932274,40.1955,0.000200001,-4.34391e-09,-3.00208e-07,-4.34391e-09,0.000200015,1.2428e-06,-3.00208e-07,1.2428e-06,0.000199994
0.205168,-0.315042,1.54408,0.202083,-0.314332,1.54237,-0.0310315,-0.00544159,-0.0939227,40.0678,0.000200001,-3.14874e-09,-1.94464e-07,-3.14874e-09,0.000200014,1.2244e-06,-1.94464e-07,1.2244e-06,0.000199994
0.206413,-0.315121,1.54286,0.20195,-0.314338,1.54306,-0.0322873,-0.00552125,-0.0941401,39.9343,0.0002,-1.88563e-09,-8.87623e-08,-1.88563e-09,0.000200012,1.08562e-06,-8.87623e-08,1.08562e-06,0.000199995
0.20978,-0.313259,1.54668,0.21774,-0.305232,1.56638,-0.03032,-0.003559,-0.0883161,40.0963,0.0002,-1.09659e-09,-3.46576e-08,-1.09659e-09,0.000200009,8.71191e-07,-3.46576e-08,8.71191e-07,0.000199996
0.211833,-0.311932,1.54996,0.217734,-0.305361,1.56749,-0.0287672,-0.00203206,-0.0840386,40.0991,0.0002,-5.20105e-10,2.05348e-08,-5.20105e-10,0.000200006,6.31379e-07,2.05348e-08,6.31379e-07,0.000199997
0.213125,-0.310765,1.55304,0.217826,-0.305329,1.56757,-0.0276755,-0.000665297,-0.0809587,39.9506,0.0002,-2.67185e-10,3.89893e-08,-2.67185e-10,0.000200004,4.18847e-07,3.89893e-08,4.18847e-07,0.000199998
0.214096,-0.309806,1.55541,0.21799,-0.305349,1.5674,-0.026704,0.000494393,-0.0775933,39.9487,0.0002,-1.43554e-10,4.53699e-08,-1.43554e-10,0.000200002,2.67686e-07,4.53699e-08,2.67686e-07,0.000199998
0.214838,-0.308986,1.55755,0.217969,-0.305348,1.5677,-0.0258619,0.00141415,-0.0754516,39.9391,0.0002,-8.6212e-11,4.08665e-08,-8.6212e-11,0.000200001,1.66027e-07,4.08665e-08,1.66027e-07,0.000199999
0.215421,-0.308345,1.55946,0.218024,-0.305418,1.56871,-0.0252785,0.00215516,-0.072537,39.8221,0.0002,-5.25842e-11,3.79492e-08,-5.25842e-11,0.000200001,9.75869e-08,3.79492e-08,9.75869e-08,0.000199999
0.21842,-0.30813,1.55975,0.230579,-0.306901,1.56187,-0.0221797,0.00237007,-0.0722459,40.5289,0.0002,-3.19356e-11,3.61395e-08,-3.19356e-11,0.000200001,5.72131e-08,3.61395e-08,5.72131e-08,0.0002
0.220824,-0.307957,1.55985,0.230602,-0.306896,1.56182,-0.019776,0.00264277,-0.0721505,40.6263,0.0002,-1.98524e-11,3.4982e-08,-1.98524e-11,0.0002,3.13754e-08,3.4982e-08,3.13754e-08,0.0002
0.222713,-0.307799,1.56003,0.230536,-0.306901,1.5617,-0.0177873,0.0029014,-0.0709699,40.6163,0.0002,-1.38979e-11,3.08012e-08,-1.38979e-11,0.0002,1.14771e-08,3.08012e-08,1.14771e-08,0.0002
0.224277,-0.307692,1.56019,0.230642,-0.306948,1.56212,-0.0162232,0.00310801,-0.0708051,40.6453,0.0002,-9.27494e-12,2.98846e-08,-9.27494e-12,0.0002,3.82902e-09,2.98846e-08,3.82902e-09,0.0002
0.225512,-0.307578,1.56032,0.230614,-0.306858,1.56179,-0.0148881,0.00332197,-0.0706757,40.4846,0.0002,-6.7992e-12,2.75788e-08,-6.7992e-12,0.0002,-2.74644e-09,2.75788e-08,-2.74644e-09,0.0002
0.226476,-0.307517,1.56036,0.230604,-0.306906,1.5621,-0.0139237,0.00338256,-0.0696373,40.5032,0.0002,-6.11944e-12,2.94691e-08,-6.11944e-12,0.0002,-1.03952e-08,2.94691e-08,-1.03952e-08,0.0002
0.227116,-0.307532,1.5598,0.22984,-0.307326,1.55848,-0.0132835,0.00346795,-0.0702038,40.6299,0.0002,-5.05997e-12,2.73137e-08,-5.05997e-12,0.0002,-1.18485e-08,2.73137e-08,-1.18485e-08,0.0002
0.227609,-0.307552,1.55912,0.229797,-0.307314,1.55832,-0.0126906,0.00354826,-0.0708791,40.766,0.0002,-4.83143e-12,2.76122e-08,-4.83143e-12,0.0002,-1.45065e-08,2.76122e-08,-1.45065e-08,0.0002
0.228505,-0.307598,1.5585,0.229808,-0.307277,1.55825,-0.0122947,0.00360217,-0.0704983,40.9191,0.0002,1.2352e-11,3.38809e-08,1.2352e-11,0.0002,6.36959e-08,3.38809e-08,6.36959e-08,0.0002
0.230046,-0.307726,1.55752,0.229891,-0.307364,1.55837,-0.0123539,0.00357414,-0.070477,40.7793,0.0002,8.0603e-11,4.99375e-08,8.0603e-11,0.0002,2.42904e-07,4.99375e-08,2.42904e-07,0.0002
0.231786,-0.307835,1.55683,0.22977,-0.307254,1.55819,-0.0129141,0.00356458,-0.0701682,40.7545,0.0002,2.01566e-10,6.49996e-08,2.01566e-10,0.000200001,4.42601e-07,6.49996e-08,4.42601e-07,0.0002
0.233554,-0.308102,1.55509,0.229958,-0.307786,1.55289,-0.0138458,0.00339832,-0.0709094,40.6357,0.0002,3.89153e-10,8.59174e-08,3.89153e-10,0.000200003,6.24671e-07,8.59174e-08,6.24671e-07,0.000199999
0.235141,-0.308317,1.55952,0.229974,-0.307742,1.55344,-0.0151589,0.0033835,-0.0724778,40.518,0.0002,5.7027e-10,9.7725e-08,5.7027e-10,0.000200004,7.68653e-07,9.7725e-08,7.68653e-07,0.000199999
0.236642,-0.308538,1.57143,0.230334,-0.307811,1.55495,-0.0167582,0.00326192,-0.0765666,40.3553,0.0002,7.35219e-10,1.04908e-07,7.35219e-10,0.000200006,8.86929e-07,1.04908e-07,8.86929e-07,0.000199998
0.238084,-0.308739,1.58288,0.231209,-0.308044,1.56265,-0.018416,0.00316121,-0.0811156,39.5764,0.0002,8.39864e-10,1.04434e-07,8.39864e-10,0.000200008,9.73326e-07,1.04434e-07,9.73326e-07,0.000199998
0.2393,-0.308973,1.59682,0.23113,-0.308543,1.58302,-0.0204995,0.00292668,-0.0841826,37.0512,0.0002,8.98666e-10,1.00477e-07,8.98666e-10,0.000200009,1.041e-06,1.00477e-07,1.041e-06,0.000199997
0.240258,-0.309145,1.60782,0.230985,-0.308532,1.58517,-0.0228422,0.0027546,-0.0901785,37.0421,0.0002,9.10984e-10,9.40432e-08,9.10984e-10,0.00020001,1.08649e-06,9.40432e-08,1.08649e-06,0.000199997
0.244461,-0.309508,1.62253,0.248048,-0.309878,1.61091,-0.0219385,0.00229194,-0.092465,36.9859,0.0002,8.78336e-10,8.47126e-08,8.78336e-10,0.000200011,1.11933e-06,8.47126e-08,1.11933e-06,0.000199996
0.247858,-0.309801,1.63372,0.2482,-0.309902,1.61117,-0.0218423,0.00189868,-0.0982777,36.9948,0.0002,8.29467e-10,7.62324e-08,8.29467e-10,0.000200011,1.14088e-06,7.62324e-08,1.14088e-06,0.000199996
0.250504,-0.310008,1.6351,0.247943,-0.309895,1.61139,-0.022596,0.00159187,-0.104903,36.9933,0.0002,7.83992e-10,7.03379e-08,7.83992e-10,0.000200012,1.15131e-06,7.03379e-08,1.15131e-06,0.000199996
0.252666,-0.310154,1.63076,0.248117,-0.309907,1.61181,-0.0236336,0.0012456,-0.109244,37.0404,0.0002,7.53076e-10,6.70864e-08,7.53076e-10,0.000200012,1.15944e-06,6.70864e-08,1.15944e-06,0.000199996
0.25442,-0.310275,1.62617,0.248235,-0.309904,1.61198,-0.0251803,0.000924594,-0.112826,37.136,0.0002,7.48483e-10,6.74433e-08,7.48483e-10,0.000200012,1.16452e-06,6.74433e-08,1.16452e-06,0.000199995
0.255783,-0.310345,1.62245,0.248208,-0.309886,1.612,-0.0271171,0.000654805,-0.115549,36.895,0.0002,7.22121e-10,6.482e-08,7.22121e-10,0.000200012,1.16227e-06,6.482e-08,1.16227e-06,0.000199995
0.259666,-0.31057,1.62742,0.262003,-0.310997,1.65204,-0.0265339,0.000230427,-0.109584,42.4159,0.0002,7.01289e-10,6.27697e-08,7.01289e-10,0.000200013,1.16576e-06,6.27697e-08,1.16576e-06,0.000199995
0.262794,-0.310754,1.63146,0.26216,-0.311006,1.65274,-0.0267058,-0.000153905,-0.103536,42.2194,0.0002,6.83081e-10,6.11891e-08,6.83081e-10,0.000200013,1.16649e-06,6.11891e-08,1.16649e-06,0.000199995
0.265362,-0.310889,1.64334,0.262492,-0.31103,1.65466,-0.0274385,-0.000488687,-0.100659,41.8933,0.0002,5.97362e-10,5.07411e-08,5.97362e-10,0.000200013,1.16697e-06,5.07411e-08,1.16697e-06,0.000199995
0.267452,-0.311,1.65849,0.262715,-0.31095,1.65781,-0.0285481,-0.000799525,-0.101511,41.7363,0.0002,5.11642e-10,4.16578e-08,5.11642e-10,0.000200013,1.16618e-06,4.16578e-08,1.16618e-06,0.000199995
0.269371,-0.311018,1.67745,0.263824,-0.310753,1.68377,-0.0299295,-0.0011182,-0.0995492,37.6148,0.0002,4.14934e-10,3.16536e-08,4.14934e-10,0.000200013,1.16951e-06,3.16536e-08,1.16951e-06,0.000199995
0.270908,-0.311005,1.69234,0.26394,-0.310753,1.68491,-0.0316919,-0.00140523,-0.101659,37.3832,0.0002,2.84444e-10,1.79144e-08,2.84444e-10,0.000200013,1.16828e-06,1.79144e-08,1.16828e-06,0.000199995
0.275967,-0.310709,1.70657,0.282871,-0.309502,1.69333,-0.0299332,-0.00150906,-0.104426,38.6827,0.0002,1.27351e-10,1.59389e-09,1.27351e-10,0.000200013,1.17415e-06,1.59389e-09,1.17415e-06,0.000199995
0.2801,-0.310463,1.71716,0.283454,-0.309494,1.69346,-0.029,-0.00166285,-0.109839,38.6802,0.0002,-1.70359e-11,-1.20233e-08,-1.70359e-11,0.000200013,1.17295e-06,-1.20233e-08,1.17295e-06,0.000199995
0.283349,-0.31024,1.72681,0.283122,-0.309513,1.69589,-0.0290506,-0.00194016,-0.118188,38.0257,0.0002,-1.77725e-10,-2.75237e-08,-1.77725e-10,0.000200013,1.1734e-06,-2.75237e-08,1.1734e-06,0.000199995
0.285965,-0.310054,1.73405,0.283245,-0.30949,1.69634,-0.0297354,-0.002254,-0.126947,38.1777,0.0002,-3.12333e-10,-3.92524e-08,-3.12333e-10,0.000200013,1.17212e-06,-3.92524e-08,1.17212e-06,0.000199995
0.288089,-0.309887,1.74054,0.28336,-0.309512,1.69693,-0.0308112,-0.00268678,-0.138464,38.0595,0.0002,-4.5346e-10,-5.2088e-08,-4.5346e-10,0.000200013,1.17248e-06,-5.2088e-08,1.17248e-06,0.000199995
0.293844,-0.309788,1.75922,0.303871,-0.310113,1.76699,-0.0282559,-0.00318808,-0.135776,41.5096,0.0002,-5.654e-10,-6.15099e-08,-5.654e-10,0.000200013,1.16585e-06,-6.15099e-08,1.16585e-06,0.000199995
0.29859,-0.309587,1.77623,0.304341,-0.309774,1.77439,-0.0268097,-0.00368651,-0.135775,39.85,0.0002,-7.38431e-10,-7.90001e-08,-7.38431e-10,0.000200013,1.16897e-06,-7.90001e-08,1.16897e-06,0.000199995
0.302414,-0.309419,1.78928,0.304673,-0.309732,1.77548,-0.026086,-0.00431874,-0.139718,40.1419,0.0002,-8.81286e-10,-9.21565e-08,-8.81286e-10,0.000200013,1.16438e-06,-9.21565e-08,1.16438e-06,0.000199995
0.305541,-0.309229,1.80045,0.304936,-0.309676,1.7759,-0.0261595,-0.00492944,-0.145552,39.7071,0.0002,-1.06383e-09,-1.10442e-07,-1.06383e-09,0.000200013,1.16335e-06,-1.10442e-07,1.16335e-06,0.000199995
0.307982,-0.309068,1.80897,0.304791,-0.309629,1.77668,-0.0269176,-0.005568,-0.154035,39.7482,0.0002,-1.2088e-09,-1.23617e-07,-1.2088e-09,0.000200013,1.15759e-06,-1.23617e-07,1.15759e-06,0.000199995
0.309953,-0.308911,1.80819,0.304808,-0.30973,1.77618,-0.0280471,-0.006411,-0.161813,39.738,0.0002,-1.34653e-09,-1.35827e-07,-1.34653e-09,0.000200013,1.15642e-06,-1.35827e-07,1.15642e-06,0.000199995
0.314801,-0.308901,1.8097,0.321298,-0.310541,1.81484,-0.0262995,-0.00730107,-0.160295,47.3454,0.0002,-1.41536e-09,-1.39612e-07,-1.41536e-09,0.000200012,1.15279e-06,-1.39612e-07,1.15279e-06,0.000199995
0.318431,-0.308028,1.80993,0.321228,-0.310553,1.8156,-0.0254691,-0.0081281,-0.159073,47.3556,0.000200001,-2.43829e-09,-2.80188e-07,-2.43829e-09,0.000200012,1.1135e-06,-2.80188e-07,1.1135e-06,0.000199995
0.321222,-0.30682,1.80999,0.321273,-0.310485,1.81567,-0.024978,-0.0097198,-0.15801,47.3558,0.000200001,-3.71631e-09,-4.4956e-07,-3.71631e-09,0.000200011,1.0691e-06,-4.4956e-07,1.0691e-06,0.000199995
0.323214,-0.304881,1.81013,0.321265,-0.31048,1.8161,-0.0249859,-0.011281,-0.155873,47.1386,0.000200004,-5.53639e-09,-7.13431e-07,-5.53639e-09,0.00020001,1.00298e-06,-7.13431e-07,1.00298e-06,0.000199995
0.324777,-0.303178,1.8102,0.321295,-0.310444,1.81593,-0.025223,-0.0134785,-0.154797,47.3181,0.000200006,-6.9285e-09,-9.05498e-07,-6.9285e-09,0.000200009,9.54988e-07,-9.05498e-07,9.54988e-07,0.000199995
0.326004,-0.301497,1.81071,0.321252,-0.310472,1.81623,-0.0257962,-0.0160971,-0.153294,47.1336,0.000200009,-8.20473e-09,-1.0806e-06,-8.20473e-09,0.000200009,9.21881e-07,-1.0806e-06,9.21881e-07,0.000199994
0.32896,-0.298177,1.8216,0.331499,-0.300863,1.86713,-0.0246403,-0.0169767,-0.142398,41.8715,0.000200011,-9.1024e-09,-1.1942e-06,-9.1024e-09,0.000200008,8.98183e-07,-1.1942e-06,8.98183e-07,0.000199993
0.331509,-0.296187,1.83006,0.331556,-0.300888,1.86837,-0.0241914,-0.0186869,-0.131939,41.6882,0.000200012,-9.32451e-09,-1.16204e-06,-9.32451e-09,0.000200008,9.08891e-07,-1.16204e-06,9.08891e-07,0.000199993
0.333722,-0.295102,1.83662,0.331886,-0.300881,1.86858,-0.0243784,-0.020202,-0.124383,41.8726,0.00020001,-9.07001e-09,-1.06104e-06,-9.07001e-09,0.000200008,9.30901e-07,-1.06104e-06,9.30901e-07,0.000199993
0.335634,-0.295011,1.84191,0.331675,-0.300824,1.86913,-0.0251662,-0.022011,-0.11709,41.6913,0.000200008,-8.20042e-09,-8.70845e-07,-8.20042e-09,0.000200009,9.72228e-07,-8.70845e-07,9.72228e-07,0.000199993
0.337228,-0.295154,1.8462,0.331879,-0.300758,1.86942,-0.0263715,-0.0237535,-0.111797,41.6636,0.000200006,-7.22454e-09,-7.13218e-07,-7.22454e-09,0.000200009,1.00107e-06,-7.13218e-07,1.00107e-06,0.000199994
0.340956,-0.291402,1.84749,0.343638,-0.280374,1.85828,-0.0256439,-0.0212017,-0.108513,41.47,0.000200004,-6.27912e-09,-5.80974e-07,-6.27912e-09,0.00020001,1.03343e-06,-5.80974e-07,1.03343e-06,0.000199994
0.343996,-0.288542,1.84869,0.343825,-0.280352,1.85918,-0.0255036,-0.0195419,-0.106307,41.3062,0.000200003,-5.37892e-09,-4.72992e-07,-5.37892e-09,0.00020001,1.05718e-06,-4.72992e-07,1.05718e-06,0.000199995
0.34645,-0.286317,1.84953,0.343772,-0.280331,1.85885,-0.0261503,-0.0183169,-0.104473,41.2393,0.000200002,-4.62285e-09,-3.93336e-07,-4.62285e-09,0.00020001,1.07715e-06,-3.93336e-07,1.07715e-06,0.000199995
0.348421,-0.284576,1.85039,0.343857,-0.280299,1.85919,-0.027179,-0.0175758,-0.101613,41.2966,0.000200002,-3.99771e-09,-3.35277e-07,-3.99771e-09,0.000200011,1.08844e-06,-3.35277e-07,1.08844e-06,0.000199995
0.350011,-0.2832,1.85108,0.343824,-0.280256,1.85956,-0.0286894,-0.0171002,-0.0999153,41.1069,0.000200001,-3.51039e-09,-2.93989e-07,-3.51039e-09,0.000200011,1.09863e-06,-2.93989e-07,1.09863e-06,0.000199995
0.351267,-0.282088,1.85166,0.343812,-0.280239,1.85932,-0.0304331,-0.0169882,-0.0973431,41.1092,0.000200001,-3.16058e-09,-2.69046e-07,-3.16058e-09,0.000200011,1.10299e-06,-2.69046e-07,1.10299e-06,0.000199995
0.356193,-0.280143,1.84992,0.363346,-0.274698,1.84836,-0.0286067,-0.0159428,-0.0980775,41.6515,0.000200001,-2.86686e-09,-2.46768e-07,-2.86686e-09,0.000200011,1.10761e-06,-2.46768e-07,1.10761e-06,0.000199995
0.360128,-0.278541,1.84846,0.363406,-0.274599,1.84831,-0.0276721,-0.0152413,-0.0985382,41.4473,0.000200001,-2.67732e-09,-2.36225e-07,-2.67732e-09,0.000200011,1.10767e-06,-2.36225e-07,1.10767e-06,0.000199995
0.363537,-0.278123,1.84724,0.363421,-0.274572,1.84838,-0.0276629,-0.0149228,-0.0977558,41.4467,0.0002,-1.55601e-09,-9.01682e-08,-1.55601e-09,0.000200012,1.1489e-06,-9.01682e-08,1.1489e-06,0.000199995
0.366392,-0.278282,1.8463,0.363431,-0.274614,1.84821,-0.0286076,-0.0140825,-0.0977003,41.5737,0.0002,-2.70441e-11,8.12419e-08,-2.70441e-11,0.000200013,1.1953e-06,8.12419e-08,1.1953e-06,0.000199995
0.368948,-0.279306,1.84586,0.363307,-0.274639,1.84852,-0.0301524,-0.0134056,-0.0971407,41.6109,0.000200001,2.45622e-09,3.33529e-07,2.45622e-09,0.000200014,1.27203e-06,3.33529e-07,1.27203e-06,0.000199995
0.371088,-0.280202,1.84592,0.363439,-0.274568,1.84868,-0.0323121,-0.0123018,-0.0960804,41.6205,0.000200002,4.66921e-09,5.09505e-07,4.66921e-09,0.000200016,1.3323e-06,5.09505e-07,1.3323e-06,0.000199994
0.37674,-0.281129,1.84532,0.382256,-0.274423,1.84664,-0.0311595,-0.0110289,-0.0956826,40.3402,0.000200003,6.87858e-09,6.6024e-07,6.87858e-09,0.000200017,1.39915e-06,6.6024e-07,1.39915e-06,0.000199993
0.381296,-0.281843,1.84475,0.382387,-0.274349,1.84717,-0.0311039,-0.00964267,-0.0952501,40.4996,0.000200004,8.59585e-09,7.55067e-07,8.59585e-09,0.000200018,1.44283e-06,7.55067e-07,1.44283e-06,0.000199992
0.385017,-0.282495,1.84422,0.382255,-0.274291,1.84712,-0.0319831,-0.00799546,-0.0947789,40.3255,0.000200006,1.01244e-08,8.30923e-07,1.01244e-08,0.00020002,1.48707e-06,8.30923e-07,1.48707e-06,0.000199991
0.388005,-0.282983,1.84406,0.382432,-0.274362,1.84811,-0.0335952,-0.00618326,-0.0929435,40.3576,0.000200006,1.11741e-08,8.71983e-07,1.11741e-08,0.00020002,1.5113e-06,8.71983e-07,1.5113e-06,0.000199991
0.39044,-0.28348,1.84377,0.382381,-0.274306,1.848,-0.0358602,-0.00437951,-0.0922265,40.3309,0.000200007,1.21768e-08,9.17193e-07,1.21768e-08,0.000200021,1.53545e-06,9.17193e-07,1.53545e-06,0.00019999
0.392395,-0.283711,1.84368,0.382555,-0.274153,1.84771,-0.0385052,-0.00231126,-0.0913203,40.3271,0.000200007,1.2669e-08,9.24386e-07,1.2669e-08,0.000200022,1.54659e-06,9.24386e-07,1.54659e-06,0.00019999
0.398747,-0.286442,1.84588,0.406205,-0.286313,1.85879,-0.0368532,-0.00274187,-0.0881154,36.2309,0.000200008,1.32658e-08,9.49846e-07,1.32658e-08,0.000200022,1.56129e-06,9.49846e-07,1.56129e-06,0.000199989
0.403813,-0.288473,1.84769,0.406351,-0.286226,1.85931,-0.036387,-0.00247342,-0.0853114,36.0299,0.000200008,1.34338e-08,9.44089e-07,1.34338e-08,0.000200023,1.56383e-06,9.44089e-07,1.56383e-06,0.000199989
0.407933,-0.290226,1.84913,0.406467,-0.286174,1.85996,-0.0369669,-0.00192648,-0.0818668,36.0611,0.000200008,1.38051e-08,9.62396e-07,1.38051e-08,0.000200023,1.57249e-06,9.62396e-07,1.57249e-06,0.000199989
0.4112,-0.291437,1.85058,0.406555,-0.285878,1.86046,-0.0383997,-0.00083657,-0.0794208,35.9229,0.000200008,1.38109e-08,9.52341e-07,1.38109e-08,0.000200023,1.57095e-06,9.52341e-07,1.57095e-06,0.000199989
0.413913,-0.292495,1.85152,0.406822,-0.285804,1.86096,-0.0402872,0.000505139,-0.0774829,35.735,0.000200009,1.4017e-08,9.62841e-07,1.4017e-08,0.000200023,1.57709e-06,9.62841e-07,1.57709e-06,0.000199988
0.420554,-0.295495,1.85189,0.429472,-0.297132,1.85717,-0.0382461,-0.000195305,-0.0761073,31.6623,0.000200008,1.39171e-08,9.50068e-07,1.39171e-08,0.000200023,1.57261e-06,9.50068e-07,1.57261e-06,0.000199988
0.425943,-0.297989,1.85202,0.42957,-0.297026,1.85758,-0.0375566,-0.000389357,-0.0749796,31.4249,0.000200009,1.40776e-08,9.60544e-07,1.40776e-08,0.000200023,1.57867e-06,9.60544e-07,1.57867e-06,0.000199988
0.430268,-0.299845,1.8525,0.429874,-0.296984,1.85852,-0.037832,5.51883e-05,-0.0734996,31.4098,0.000200008,1.39376e-08,9.46253e-07,1.39376e-08,0.000200023,1.57493e-06,9.46253e-07,1.57493e-06,0.000199988
0.433769,-0.301434,1.85284,0.429898,-0.296906,1.85892,-0.0390311,0.000865637,-0.0721636,31.4428,0.000200009,1.4059e-08,9.56545e-07,1.4059e-08,0.000200023,1.57829e-06,9.56545e-07,1.57829e-06,0.000199988
0.43657,-0.302556,1.85334,0.430072,-0.296776,1.85945,-0.0407302,0.00204374,-0.0706627,31.2003,0.000200008,1.3916e-08,9.43233e-07,1.3916e-08,0.000200023,1.57495e-06,9.43233e-07,1.57495e-06,0.000199988
0.438839,-0.303587,1.85351,0.430134,-0.296809,1.85959,-0.0431609,0.00341276,-0.0684884,31.5544,0.000200008,1.40272e-08,9.5517e-07,1.40272e-08,0.000200023,1.57527e-06,9.5517e-07,1.57527e-06,0.000199988
0.444766,-0.307054,1.85344,0.450909,-0.310713,1.85726,-0.0417344,0.0022463,-0.0675638,28.392,0.000200008,1.38383e-08,9.39648e-07,1.38383e-08,0.000200023,1.56903e-06,9.39648e-07,1.56903e-06,0.000199988
0.449649,-0.309916,1.86162,0.451552,-0.310194,1.86004,-0.0414514,0.00178354,-0.0683838,27.8387,0.000200008,1.39731e-08,9.53529e-07,1.39731e-08,0.000200023,1.57155e-06,9.53529e-07,1.57155e-06,0.000199988
0.453609,-0.312018,1.87311,0.452308,-0.3096,1.8632,-0.0419914,0.00208209,-0.0708889,27.2981,0.000200008,1.38355e-08,9.45777e-07,1.38355e-08,0.000200023,1.56083e-06,9.45777e-07,1.56083e-06,0.000199988
0.457026,-0.313707,1.88496,0.453298,-0.308811,1.86693,-0.0431742,0.00289333,-0.0750389,26.6462,0.000200009,1.40236e-08,9.63234e-07,1.40236e-08,0.000200023,1.56493e-06,9.63234e-07,1.56493e-06,0.000199988
0.459679,-0.314185,1.89473,0.454266,-0.307982,1.87125,-0.0447211,0.00431536,-0.0812656,25.909,0.000200007,1.27514e-08,8.6086e-07,1.27514e-08,0.000200022,1.52222e-06,8.6086e-07,1.52222e-06,0.000199989
0.461785,-0.313716,1.90424,0.455155,-0.307138,1.87555,-0.0465148,0.00538432,-0.0877618,25.128,0.000200005,1.05395e-08,6.84889e-07,1.05395e-08,0.000200021,1.46216e-06,6.84889e-07,1.46216e-06,0.00019999
0.466997,-0.314306,1.91895,0.473887,-0.315787,1.91459,-0.0447032,0.0046935,-0.0890541,22.0121,0.000200003,7.70074e-09,4.58317e-07,7.70074e-09,0.000200019,1.38309e-06,4.58317e-07,1.38309e-06,0.000199991
0.471015,-0.31431,1.93135,0.473965,-0.315844,1.9146,-0.0439855,0.00399043,-0.0936546,22.0432,0.000200002,4.89734e-09,2.33254e-07,4.89734e-09,0.000200017,1.30484e-06,2.33254e-07,1.30484e-06,0.000199992
0.474297,-0.3142,1.94061,0.474362,-0.31565,1.91483,-0.0439026,0.00319994,-0.0993866,22.0312,0.000200001,2.78372e-09,7.58442e-08,2.78372e-09,0.000200016,1.25249e-06,7.58442e-08,1.25249e-06,0.000199993
0.476834,-0.313847,1.94935,0.474537,-0.315572,1.9154,-0.0443659,0.00245317,-0.107652,22.0737,0.000200001,9.52201e-10,-6.6857e-08,9.52201e-10,0.000200015,1.1974e-06,-6.6857e-08,1.1974e-06,0.000199994
0.478822,-0.313615,1.95567,0.474486,-0.315553,1.91556,-0.0452777,0.00148509,-0.11833,22.0467,0.000200001,-2.74287e-10,-1.50166e-07,-2.74287e-10,0.000200013,1.15664e-06,-1.50166e-07,1.15664e-06,0.000199994
0.484201,-0.315367,1.97855,0.491797,-0.32229,2.00251,-0.0432987,-0.000867468,-0.112449,21.1218,0.0002,-3.60569e-10,-9.5165e-08,-3.60569e-10,0.000200014,1.18621e-06,-9.5165e-08,1.18621e-06,0.000199995
0.488644,-0.31716,1.99575,0.491692,-0.322341,2.00203,-0.0426555,-0.00236037,-0.110253,21.1237,0.0002,1.05871e-10,-3.04546e-09,1.05871e-10,0.000200014,1.23132e-06,-3.04546e-09,1.23132e-06,0.000199995
0.492637,-0.31939,2.01026,0.491803,-0.322308,2.00233,-0.0429634,-0.00379,-0.112735,21.1044,0.0002,1.64133e-09,1.79038e-07,1.64133e-09,0.000200016,1.32902e-06,1.79038e-07,1.32902e-06,0.000199994
0.495867,-0.32127,2.02097,0.491852,-0.322271,2.00219,-0.0441328,-0.00447049,-0.117035,21.1338,0.000200001,3.12733e-09,3.09634e-07,3.12733e-09,0.000200017,1.39677e-06,3.09634e-07,1.39677e-06,0.000199994
0.498635,-0.323075,2.03055,0.491953,-0.322236,2.00284,-0.0460652,-0.0049751,-0.124454,21.0916,0.000200001,4.84249e-09,4.38416e-07,4.84249e-09,0.000200019,1.46843e-06,4.38416e-07,1.46843e-06,0.000199993
0.500838,-0.324522,2.03732,0.491838,-0.32242,2.00252,-0.0484618,-0.0051223,-0.132679,21.1601,0.000200002,6.15269e-09,5.1362e-07,6.15269e-09,0.00020002,1.51705e-06,5.1362e-07,1.51705e-06,0.000199992
0.506983,-0.325229,2.05315,0.513061,-0.320235,2.09193,-0.0472168,-0.00442881,-0.122855,19.474,0.000200003,7.45871e-09,5.87484e-07,7.45871e-09,0.000200022,1.55995e-06,5.87484e-07,1.55995e-06,0.000199992
0.511966,-0.325546,2.06096,0.513353,-0.320029,2.09249,-0.0470342,-0.0035462,-0.115037,19.5085,0.000200003,8.12702e-09,6.03227e-07,8.12702e-09,0.000200023,1.58786e-06,6.03227e-07,1.58786e-06,0.000199991
0.516127,-0.325828,2.06641,0.513637,-0.320026,2.09321,-0.0477725,-0.00262823,-0.108594,19.5514,0.000200003,8.71923e-09,6.17315e-07,8.71923e-09,0.000200024,1.62492e-06,6.17315e-07,1.62492e-06,0.00019999
0.519451,-0.325836,2.07077,0.513829,-0.319774,2.09295,-0.0493491,-0.001536,-0.103229,19.5386,0.000200003,8.81643e-09,5.98075e-07,8.81643e-09,0.000200024,1.64229e-06,5.98075e-07,1.64229e-06,0.00019999
0.522188,-0.325951,2.07414,0.513714,-0.31991,2.093,-0.0515118,-0.000550835,-0.0978564,19.5483,0.000200003,9.05231e-09,5.97904e-07,9.05231e-09,0.000200025,1.66999e-06,5.97904e-07,1.66999e-06,0.00019999
0.524371,-0.325895,2.07715,0.514161,-0.31967,2.09393,-0.0542288,0.000605256,-0.0938452,19.5347,0.000200003,8.97599e-09,5.80984e-07,8.97599e-09,0.000200026,1.67268e-06,5.80984e-07,1.67268e-06,0.00019999
0.531723,-0.32991,2.08417,0.541642,-0.339919,2.118,-0.0517774,-0.00221018,-0.0858336,22.6144,0.000200003,9.04218e-09,5.77767e-07,9.04218e-09,0.000200026,1.6898e-06,5.77767e-07,1.6898e-06,0.000199989
0.537781,-0.332718,2.09641,0.543053,-0.338266,2.12318,-0.0506187,-0.00391837,-0.0785936,21.3201,0.000200003,8.83031e-09,5.57308e-07,8.83031e-09,0.000200026,1.68628e-06,5.57308e-07,1.68628e-06,0.000199989
0.543025,-0.334697,2.11516,0.544748,-0.33596,2.13047,-0.0502748,-0.00469715,-0.0748449,19.2948,0.000200003,8.94136e-09,5.65536e-07,8.94136e-09,0.000200027,1.69669e-06,5.65536e-07,1.69669e-06,0.000199989
0.54751,-0.33571,2.13183,0.546598,-0.333576,2.13818,-0.0505898,-0.0045104,-0.0731709,17.9275,0.000200003,8.78976e-09,5.52972e-07,8.78976e-09,0.000200027,1.69132e-06,5.52972e-07,1.69132e-06,0.000199989
0.551121,-0.335393,2.1479,0.548654,-0.33117,2.14609,-0.0514785,-0.00359287,-0.074104,17.9329,0.000200002,7.31342e-09,4.38858e-07,7.31342e-09,0.000200025,1.62522e-06,4.38858e-07,1.62522e-06,0.000199989
0.554004,-0.334071,2.16159,0.550428,-0.328588,2.15379,-0.0521965,-0.00267081,-0.0754081,17.6666,0.000200001,5.16985e-09,2.77156e-07,5.16985e-09,0.000200023,1.52383e-06,2.77156e-07,1.52383e-06,0.00019999
0.558817,-0.332769,2.17613,0.565105,-0.33107,2.16825,-0.0505829,-0.00246901,-0.0778665,15.6571,0.000200001,2.4684e-09,5.61151e-08,2.4684e-09,0.00020002,1.38828e-06,5.61151e-08,1.38828e-06,0.000199991
0.562812,-0.331964,2.18696,0.564988,-0.330899,2.16866,-0.0498883,-0.00276446,-0.0820418,15.6479,0.0002,9.41425e-10,-4.46126e-08,9.41425e-10,0.000200018,1.32876e-06,-4.46126e-08,1.32876e-06,0.000199992
0.566492,-0.331805,2.19656,0.565656,-0.33087,2.16895,-0.0501075,-0.00290478,-0.0894352,15.6621,0.0002,4.8491e-10,-3.4735e-08,4.8491e-10,0.000200018,1.34804e-06,-3.4735e-08,1.34804e-06,0.000199993
0.569629,-0.332033,2.20342,0.565255,-0.330832,2.16861,-0.0512714,-0.00303347,-0.0975789,15.648,0.0002,7.11697e-10,2.72753e-08,7.11697e-10,0.000200019,1.40509e-06,2.72753e-08,1.40509e-06,0.000199993
0.57196,-0.331911,2.20953,0.565571,-0.33085,2.16857,-0.0529402,-0.00321134,-0.108467,15.6788,0.0002,4.80666e-10,1.60633e-08,4.80666e-10,0.000200018,1.40224e-06,1.60633e-08,1.40224e-06,0.000199993
0.577599,-0.33191,2.22896,0.586217,-0.334311,2.24512,-0.0506014,-0.00410951,-0.104037,15.4759,0.0002,-3.75232e-10,-6.93274e-08,-3.75232e-10,0.000200017,1.34242e-06,-6.93274e-08,1.34242e-06,0.000199993
0.581783,-0.331367,2.24541,0.586222,-0.334068,2.24548,-0.0494169,-0.00516692,-0.103595,15.4843,0.0002,-1.63796e-09,-2.06686e-07,-1.63796e-09,0.000200016,1.25007e-06,-2.06686e-07,1.25007e-06,0.000199994
0.584933,-0.330666,2.25803,0.586462,-0.333886,2.24568,-0.0488667,-0.00626638,-0.106972,15.5053,0.000200001,-2.73821e-09,-3.33353e-07,-2.73821e-09,0.000200014,1.15039e-06,-3.33353e-07,1.15039e-06,0.000199994
0.587406,-0.32997,2.26893,0.58644,-0.333824,2.24588,-0.0487936,-0.00756991,-0.113073,15.494,0.000200001,-3.61361e-09,-4.36535e-07,-3.61361e-09,0.000200012,1.07801e-06,-4.36535e-07,1.07801e-06,0.000199995
0.58922,-0.329371,2.27724,0.586229,-0.333965,2.24543,-0.0493803,-0.00907104,-0.12076,15.497,0.000200002,-4.22064e-09,-5.14715e-07,-4.22064e-09,0.000200011,1.01064e-06,-5.14715e-07,1.01064e-06,0.000199995
0.590746,-0.328795,2.28485,0.586854,-0.333629,2.24643,-0.0500536,-0.0105952,-0.130147,15.4708,0.000200003,-4.62469e-09,-5.70559e-07,-4.62469e-09,0.00020001,9.58266e-07,-5.70559e-07,9.58266e-07,0.000199995
0.595348,-0.32693,2.30895,0.605965,-0.329255,2.34097,-0.0472519,-0.0112303,-0.122045,15.4533,0.000200004,-5.03824e-09,-6.76782e-07,-5.03824e-09,0.000200008,8.61886e-07,-6.76782e-07,8.61886e-07,0.000199995
0.598606,-0.324583,2.32892,0.606648,-0.328341,2.34282,-0.0446944,-0.0123829,-0.119077,15.4231,0.000200006,-5.32044e-09,-8.54521e-07,-5.32044e-09,0.000200006,7.06603e-07,-8.54521e-07,7.06603e-07,0.000199996
0.600833,-0.32223,2.3442,0.606837,-0.328162,2.34377,-0.0426673,-0.0139303,-0.118802,15.4313,0.000200008,-5.13861e-09,-1.03924e-06,-5.13861e-09,0.000200004,5.37485e-07,-1.03924e-06,5.37485e-07,0.000199995
0.602192,-0.31991,2.3572,0.606642,-0.328113,2.34385,-0.0411075,-0.0159102,-0.121802,15.3993,0.000200012,-4.42326e-09,-1.2259e-06,-4.42326e-09,0.000200003,3.63201e-07,-1.2259e-06,3.63201e-07,0.000199995
0.603443,-0.317992,2.367,0.607451,-0.327735,2.345,-0.0393569,-0.0183923,-0.127997,15.4691,0.000200015,-3.60808e-09,-1.34322e-06,-3.60808e-09,0.000200002,2.49799e-07,-1.34322e-06,2.49799e-07,0.000199994
0.604133,-0.316175,2.37557,0.607341,-0.327824,2.34481,-0.038067,-0.0211745,-0.135427,15.4411,0.000200018,-2.45301e-09,-1.4654e-06,-2.45301e-09,0.000200001,1.26608e-07,-1.4654e-06,1.26608e-07,0.000199994
0.607208,-0.31154,2.40379,0.620357,-0.311444,2.45552,-0.0340919,-0.0211402,-0.122208,15.1042,0.00020002,-1.58326e-09,-1.52706e-06,-1.58326e-09,0.000200001,6.05731e-08,-1.52706e-06,6.05731e-08,0.000199993
0.609713,-0.30744,2.4278,0.621715,-0.310304,2.45953,-0.0306874,-0.0217399,-0.114195,15.142,0.000200022,-4.5983e-10,-1.59296e-06,-4.5983e-10,0.0002,-2.46256e-08,-1.59296e-06,-2.46256e-08,0.000199992
0.611857,-0.30418,2.44669,0.622308,-0.309932,2.4614,-0.0274428,-0.0230796,-0.110307,15.0774,0.000200023,4.32299e-10,-1.62016e-06,4.32299e-10,0.0002,-8.01401e-08,-1.62016e-06,-8.01401e-08,0.000199992
0.613504,-0.301486,2.46272,0.622667,-0.309961,2.46247,-0.0246956,-0.025086,-0.110278,15.2172,0.000200024,1.41829e-09,-1.65139e-06,1.41829e-09,0.0002,-1.43675e-07,-1.65139e-06,-1.43675e-07,0.000199991
0.614893,-0.299351,2.47474,0.622865,-0.309689,2.46256,-0.0221072,-0.0275511,-0.114261,15.1296,0.000200025,2.13591e-09,-1.65914e-06,2.13591e-09,0.0002,-1.82526e-07,-1.65914e-06,-1.82526e-07,0.000199991
0.614752,-0.292678,2.50269,0.617879,-0.285153,2.54946,-0.0209478,-0.0255779,-0.102309,14.2771,0.000200026,2.91824e-09,-1.67554e-06,2.91824e-09,0.0002,-2.292e-07,-1.67554e-06,-2.292e-07,0.000199991
0.614835,-0.287361,2.52463,0.618671,-0.284807,2.55182,-0.0194654,-0.024861,-0.0953654,14.2641,0.000200026,3.47803e-09,-1.67088e-06,3.47803e-09,0.000200001,-2.58926e-07,-1.67088e-06,-2.58926e-07,0.00019999
0.614803,-0.283026,2.54307,0.618928,-0.28472,2.5524,-0.0179971,-0.0251261,-0.0929307,14.2627,0.000200026,4.23583e-09,-1.6767e-06,4.23583e-09,0.000200001,-3.08467e-07,-1.6767e-06,-3.08467e-07,0.00019999
0.61486,-0.279626,2.55705,0.619096,-0.284635,2.55267,-0.0164398,-0.0262264,-0.0939529,14.2852,0.000200026,4.73022e-09,-1.66613e-06,4.73022e-09,0.000200001,-3.36036e-07,-1.66613e-06,-3.36036e-07,0.00019999
0.614826,-0.276867,2.56912,0.619204,-0.284714,2.55298,-0.0148735,-0.0280668,-0.0978824,14.3333,0.000200026,5.33313e-09,-1.66688e-06,5.33313e-09,0.000200001,-3.74556e-07,-1.66688e-06,-3.74556e-07,0.00019999
0.615346,-0.275093,2.57799,0.619011,-0.284732,2.55287,-0.0132539,-0.0304933,-0.104007,14.3087,0.000200024,4.63394e-09,-1.59968e-06,4.63394e-09,0.000200001,-3.06589e-07,-1.59968e-06,-3.06589e-07,0.00019999
0.614454,-0.268893,2.6037,0.610183,-0.25886,2.64108,-0.0140455,-0.0279929,-0.0943034,15.3595,0.000200022,3.06969e-09,-1.4981e-06,3.06969e-09,0.0002,-1.70209e-07,-1.4981e-06,-1.70209e-07,0.000199991
0.61444,-0.264299,2.62397,0.610844,-0.258571,2.64343,-0.0147596,-0.0265985,-0.0900332,15.3944,0.000200019,1.11768e-09,-1.36531e-06,1.11768e-09,0.0002,3.44879e-09,-1.36531e-06,3.44879e-09,0.000199992
0.614836,-0.260793,2.64144,0.611361,-0.258382,2.64429,-0.0152637,-0.0261926,-0.0885647,15.4074,0.000200017,-5.6815e-10,-1.24796e-06,-5.6815e-10,0.0002,1.58549e-07,-1.24796e-06,1.58549e-07,0.000199993
0.615166,-0.258086,2.6549,0.611309,-0.258456,2.6443,-0.0159343,-0.026286,-0.0920964,15.4359,0.000200014,-1.70066e-09,-1.16006e-06,-1.70066e-09,0.000200001,2.58789e-07,-1.16006e-06,2.58789e-07,0.000199994
0.61563,-0.256058,2.66662,0.611361,-0.258393,2.64458,-0.0166705,-0.0270579,-0.0973784,15.4546,0.000200013,-2.61901e-09,-1.08152e-06,-2.61901e-09,0.000200001,3.50999e-07,-1.08152e-06,3.50999e-07,0.000199994
0.615925,-0.254434,2.66932,0.611406,-0.258419,2.64453,-0.0174748,-0.0282336,-0.103682,15.4285,0.000200011,-3.16125e-09,-1.03114e-06,-3.16125e-09,0.000200001,3.9897e-07,-1.03114e-06,3.9897e-07,0.000199995
0.614656,-0.250573,2.67719,0.603864,-0.245516,2.70952,-0.0199442,-0.0270731,-0.094815,11.1087,0.00020001,-3.59394e-09,-9.89291e-07,-3.59394e-09,0.000200002,4.4471e-07,-9.89291e-07,4.4471e-07,0.000199995
0.613669,-0.24723,2.68273,0.604202,-0.244233,2.71087,-0.0221306,-0.0264298,-0.0882707,11.0552,0.00020001,-3.84279e-09,-9.62237e-07,-3.84279e-09,0.000200002,4.67237e-07,-9.62237e-07,4.67237e-07,0.000199996
0.612921,-0.244268,2.68719,0.604517,-0.242796,2.7126,-0.0240786,-0.0261677,-0.0818094,11.0646,0.000200009,-3.98337e-09,-9.45092e-07,-3.98337e-09,0.000200002,4.77677e-07,-9.45092e-07,4.77677e-07,0.000199996
0.61243,-0.241672,2.69105,0.604984,-0.241634,2.71343,-0.0257696,-0.0261716,-0.0759505,11.0899,0.000200009,-4.0812e-09,-9.33442e-07,-4.0812e-09,0.000200002,4.85891e-07,-9.33442e-07,4.85891e-07,0.000199996
0.611991,-0.239423,2.69408,0.604803,-0.240862,2.71412,-0.0274087,-0.0266231,-0.0709155,11.0238,0.000200008,-4.14262e-09,-9.28912e-07,-4.14262e-09,0.000200002,4.89171e-07,-9.28912e-07,4.89171e-07,0.000199996
0.611656,-0.237541,2.69673,0.604946,-0.240359,2.7146,-0.0288442,-0.027441,-0.0672674,11.0309,0.000200008,-4.15924e-09,-9.23514e-07,-4.15924e-09,0.000200002,4.88732e-07,-9.23514e-07,4.88732e-07,0.000199996
0.613408,-0.233755,2.70641,0.615266,-0.229129,2.75275,-0.028292,-0.0263549,-0.0555866,10.9105,0.000200008,-4.16561e-09,-9.2278e-07,-4.16561e-09,0.000200002,4.86806e-07,-9.2278e-07,4.86806e-07,0.000199996
0.614907,-0.230393,2.71505,0.615898,-0.227474,2.75688,-0.0279929,-0.025593,-0.0449534,10.8473,0.000200008,-4.13693e-09,-9.23171e-07,-4.13693e-09,0.000200002,4.80065e-07,-9.23171e-07,4.80065e-07,0.000199996
0.61626,-0.227437,2.72253,0.616468,-0.226111,2.76009,-0.0278398,-0.0253367,-0.0354689,10.8614,0.000200008,-4.14467e-09,-9.22864e-07,-4.14467e-09,0.000200002,4.81346e-07,-9.22864e-07,4.81346e-07,0.000199996
0.617373,-0.224833,2.72922,0.616912,-0.224934,2.76294,-0.0279272,-0.0253329,-0.0267839,10.8318,0.000200008,-4.0923e-09,-9.23663e-07,-4.0923e-09,0.000200002,4.7202e-07,-9.23663e-07,4.7202e-07,0.000199996
0.618345,-0.222572,2.73492,0.6173,-0.224094,2.76506,-0.0281555,-0.025772,-0.0190757,10.8144,0.000200008,-4.0567e-09,-9.26123e-07,-4.0567e-09,0.000200002,4.66091e-07,-9.26123e-07,4.66091e-07,0.000199996
0.620752,-0.219663,2.73636,0.622649,-0.21733,2.74972,-0.0274477,-0.0252627,-0.0156402,10.9006,0.000200008,-4.41469e-09,-8.88517e-07,-4.41469e-09,0.000200003,5.48742e-07,-8.88517e-07,5.48742e-07,0.000199996
0.623527,-0.217432,2.73771,0.622919,-0.216192,2.75103,-0.0277727,-0.0249322,-0.0122925,10.917,0.000200007,-5.14596e-09,-8.11761e-07,-5.14596e-09,0.000200004,7.28473e-07,-8.11761e-07,7.28473e-07,0.000199996
0.626344,-0.215688,2.73925,0.623124,-0.215349,2.75206,-0.0286561,-0.0247878,-0.00975275,10.9047,0.000200006,-5.85868e-09,-7.28796e-07,-5.85868e-09,0.000200007,9.31998e-07,-7.28796e-07,9.31998e-07,0.000199996
0.629239,-0.213951,2.74898,0.623779,-0.212788,2.7552,-0.0298611,-0.0246507,-0.00801573,10.9151,0.000200005,-6.47762e-09,-6.54594e-07,-6.47762e-09,0.00020001,1.14101e-06,-6.54594e-07,1.14101e-06,0.000199995
0.631736,-0.212044,2.76198,0.624767,-0.210445,2.75965,-0.0316637,-0.0242438,-0.00801719,10.9358,0.000200004,-6.92072e-09,-6.19743e-07,-6.92072e-09,0.000200013,1.26996e-06,-6.19743e-07,1.26996e-06,0.000199994
0.634349,-0.210067,2.7752,0.626014,-0.207584,2.76483,-0.0336513,-0.0237666,-0.0108013,10.9659,0.000200004,-7.30108e-09,-5.82619e-07,-7.30108e-09,0.000200016,1.40978e-06,-5.82619e-07,1.40978e-06,0.000199993
0.6383,-0.205286,2.78402,0.639108,-0.193158,2.75855,-0.0337002,-0.020686,-0.0169822,11.8011,0.000200004,-7.55827e-09,-6.1085e-07,-7.55827e-09,0.000200016,1.37546e-06,-6.1085e-07,1.37546e-06,0.000199993
0.641045,-0.201089,2.79257,0.639822,-0.192379,2.76195,-0.033755,-0.0187893,-0.0254272,11.83,0.000200004,-7.64374e-09,-6.63298e-07,-7.64374e-09,0.000200015,1.26236e-06,-6.63298e-07,1.26236e-06,0.000199993
0.642555,-0.197416,2.79879,0.639882,-0.192275,2.76267,-0.0342454,-0.0176162,-0.0342074,11.8063,0.000200005,-7.45449e-09,-7.42003e-07,-7.45449e-09,0.000200012,1.07648e-06,-7.42003e-07,1.07648e-06,0.000199993
0.643388,-0.194291,2.80442,0.640029,-0.192289,2.76306,-0.0351115,-0.0171908,-0.0445847,11.8342,0.000200006,-7.01757e-09,-8.21464e-07,-7.01757e-09,0.000200009,8.9088e-07,-8.21464e-07,8.9088e-07,0.000199994
0.644007,-0.191813,2.80278,0.640015,-0.192309,2.76287,-0.0356927,-0.0175127,-0.0542232,11.8101,0.000200006,-6.51343e-09,-8.66574e-07,-6.51343e-09,0.000200007,7.6737e-07,-8.66574e-07,7.6737e-07,0.000199994
0.64417,-0.189749,2.79441,0.639912,-0.192387,2.7625,-0.0367297,-0.0182493,-0.0625922,11.8539,0.000200007,-5.86612e-09,-9.07159e-07,-5.86612e-09,0.000200005,6.42577e-07,-9.07159e-07,6.42577e-07,0.000199995
0.646689,-0.186623,2.79622,0.651757,-0.184766,2.80921,-0.035211,-0.0178228,-0.0587793,10.2437,0.000200007,-5.35501e-09,-9.1963e-07,-5.35501e-09,0.000200004,5.74308e-07,-9.1963e-07,5.74308e-07,0.000199995
0.648607,-0.183983,2.79754,0.651824,-0.184322,2.81013,-0.0342928,-0.0179826,-0.0554617,10.2558,0.000200008,-4.88833e-09,-9.35811e-07,-4.88833e-09,0.000200003,5.13114e-07,-9.35811e-07,5.13114e-07,0.000199996
0.650134,-0.181743,2.80485,0.651875,-0.183538,2.8125,-0.0337661,-0.0184425,-0.0541546,10.252,0.000200008,-4.48666e-09,-9.43149e-07,-4.48666e-09,0.000200003,4.67679e-07,-9.43149e-07,4.67679e-07,0.000199996
0.651466,-0.17986,2.81932,0.652302,-0.182981,2.81468,-0.0333338,-0.0193601,-0.0546819,10.3165,0.000200008,-4.17491e-09,-9.4701e-07,-4.17491e-09,0.000200002,4.36847e-07,-9.4701e-07,4.36847e-07,0.000199996
0.65243,-0.178281,2.83127,0.652152,-0.182685,2.81557,-0.0332695,-0.020481,-0.0587338,10.2681,0.000200008,-3.86961e-09,-9.52411e-07,-3.86961e-09,0.000200002,4.03423e-07,-9.52411e-07,4.03423e-07,0.000199996
0.654752,-0.174719,2.8508,0.659961,-0.171511,2.86196,-0.0317477,-0.0197192,-0.0562017,9.05507,0.000200009,-3.68247e-09,-9.64095e-07,-3.68247e-09,0.000200002,3.84931e-07,-9.64095e-07,3.84931e-07,0.000199996
0.656674,-0.171088,2.86689,0.660495,-0.167451,2.86745,-0.0306261,-0.0188879,-0.0551107,9.06576,0.000200009,-3.48368e-09,-9.67333e-07,-3.48368e-09,0.000200001,3.64583e-07,-9.67333e-07,3.64583e-07,0.000199996
0.658231,-0.167992,2.88097,0.660645,-0.166737,2.8703,-0.0298686,-0.0185917,-0.058033,9.0623,0.000200009,-3.33031e-09,-9.77934e-07,-3.33031e-09,0.000200001,3.47365e-07,-9.77934e-07,3.47365e-07,0.000199996
0.659461,-0.165539,2.89172,0.660749,-0.166749,2.87059,-0.0293389,-0.0189391,-0.0632847,9.0959,0.000200009,-3.16164e-09,-9.81669e-07,-3.16164e-09,0.000200001,3.28653e-07,-9.81669e-07,3.28653e-07,0.000199996
0.660436,-0.163517,2.90107,0.660778,-0.16664,2.87088,-0.0289641,-0.0198172,-0.0709292,9.08033,0.000200009,-3.01976e-09,-9.90631e-07,-3.01976e-09,0.000200001,3.12059e-07,-9.90631e-07,3.12059e-07,0.000199996
0.661155,-0.161884,2.90792,0.660499,-0.166518,2.87119,-0.0288451,-0.0209839,-0.0800797,9.05914,0.000200009,-2.90036e-09,-9.95179e-07,-2.90036e-09,0.000200001,2.99641e-07,-9.95179e-07,2.99641e-07,0.000199996
0.662297,-0.157854,2.9243,0.66363,-0.152988,2.92253,-0.0283026,-0.0198538,-0.0806961,8.4806,0.000200009,-2.79594e-09,-9.98843e-07,-2.79594e-09,0.000200001,2.88931e-07,-9.98843e-07,2.88931e-07,0.000199996
0.663261,-0.154523,2.93713,0.663915,-0.152362,2.92432,-0.0278386,-0.0194233,-0.0828667,8.4975,0.000200009,-2.69487e-09,-9.98643e-07,-2.69487e-09,0.000200001,2.79076e-07,-9.98643e-07,2.79076e-07,0.000199996
0.663942,-0.151815,2.9479,0.663683,-0.152251,2.92462,-0.0276584,-0.0196152,-0.0890983,8.45806,0.000200009,-2.5646e-09,-1.00237e-06,-2.5646e-09,0.000200001,2.63253e-07,-1.00237e-06,2.63253e-07,0.000199996
0.664482,-0.149639,2.95032,0.663691,-0.152105,2.92478,-0.0275176,-0.0202391,-0.095675,8.42673,0.000200009,-2.47055e-09,-1.00103e-06,-2.47055e-09,0.000200001,2.5476e-07,-1.00103e-06,2.5476e-07,0.000199996
0.664869,-0.147898,2.94498,0.663563,-0.152182,2.92486,-0.0275311,-0.0213979,-0.100022,8.43565,0.000200009,-2.41087e-09,-1.00159e-06,-2.41087e-09,0.000200001,2.50386e-07,-1.00159e-06,2.50386e-07,0.000199996
0.665149,-0.146522,2.93961,0.663511,-0.152177,2.92451,-0.0276515,-0.0228219,-0.104385,8.41257,0.000200009,-2.35251e-09,-9.9869e-07,-2.35251e-09,0.000200001,2.45967e-07,-9.9869e-07,2.45967e-07,0.000199996
0.666415,-0.14496,2.94801,0.669017,-0.149943,2.98922,-0.0266849,-0.0241601,-0.0939925,6.58726,0.000200009,-2.3226e-09,-9.96342e-07,-2.3226e-09,0.000200001,2.45169e-07,-9.96342e-07,2.45169e-07,0.000199996
0.667365,-0.143448,2.95516,0.668889,-0.148558,2.99139,-0.0261347,-0.0254477,-0.0848441,6.53217,0.000200009,-2.25335e-09,-9.92887e-07,-2.25335e-09,0.000200001,2.37657e-07,-9.92887e-07,2.37657e-07,0.000199996
0.668178,-0.141959,2.96128,0.66919,-0.147277,2.99404,-0.025722,-0.0268585,-0.0767214,6.55733,0.000200009,-2.1948e-09,-9.94574e-07,-2.1948e-09,0.000200001,2.31003e-07,-9.94574e-07,2.31003e-07,0.000199996
0.66878,-0.140566,2.96668,0.669117,-0.146195,2.99594,-0.0255203,-0.0282663,-0.0693154,6.52735,0.000200009,-2.10714e-09,-9.93412e-07,-2.10714e-09,0.0002,2.20523e-07,-9.93412e-07,2.20523e-07,0.000199996
0.669245,-0.139225,2.97131,0.668962,-0.145151,2.99807,-0.0253546,-0.0297249,-0.0626914,6.50321,0.000200009,-2.0584e-09,-9.95796e-07,-2.0584e-09,0.0002,2.15892e-07,-9.95796e-07,2.15892e-07,0.000199996
0.669576,-0.137958,2.97546,0.668805,-0.144084,2.99967,-0.0254242,-0.031258,-0.0565433,6.50635,0.000200009,-2.0038e-09,-9.94322e-07,-2.0038e-09,0.0002,2.10622e-07,-9.94322e-07,2.10622e-07,0.000199996
0.670927,-0.13608,2.98196,0.674453,-0.139801,3.01623,-0.0244729,-0.0322802,-0.0480445,7.62567,0.000200009,-1.93333e-09,-9.94235e-07,-1.93333e-09,0.0002,2.0247e-07,-9.94235e-07,2.0247e-07,0.000199996
0.67179,-0.134214,2.98793,0.673376,-0.137927,3.01977,-0.0240099,-0.0332137,-0.0400723,6.99505,0.000200009,-1.87196e-09,-9.92663e-07,-1.87196e-09,0.0002,1.96302e-07,-9.92663e-07,1.96302e-07,0.000199996
0.672411,-0.132364,2.99342,0.67301,-0.136306,3.02365,-0.0237889,-0.0342044,-0.0325796,6.47953,0.000200009,-1.83526e-09,-9.96824e-07,-1.83526e-09,0.0002,1.92726e-07,-9.96824e-07,1.92726e-07,0.000199996
0.67294,-0.130576,2.99858,0.673296,-0.134617,3.02653,-0.0236597,-0.0351958,-0.0254198,6.26017,0.000200009,-1.7739e-09,-9.95072e-07,-1.7739e-09,0.0002,1.8592e-07,-9.95072e-07,1.8592e-07,0.000199996
0.673328,-0.128837,3.00316,0.673042,-0.133177,3.02944,-0.0236725,-0.0363073,-0.0188357,6.23183,0.000200009,-1.74496e-09,-9.97134e-07,-1.74496e-09,0.0002,1.83636e-07,-9.97134e-07,1.83636e-07,0.000199996
0.674063,-0.124483,3.00469,0.675265,-0.118261,3.01812,-0.0233365,-0.0347426,-0.015305,6.40271,0.000200009,-1.68511e-09,-9.95863e-07,-1.68511e-09,0.0002,1.76619e-07,-9.95863e-07,1.76619e-07,0.000199996
0.674699,-0.120633,3.00626,0.675508,-0.116539,3.02047,-0.0231005,-0.0337428,-0.0117371,6.37557,0.000200009,-1.64341e-09,-9.98501e-07,-1.64341e-09,0.0002,1.72109e-07,-9.98501e-07,1.72109e-07,0.000199996
0.675255,-0.117195,3.00809,0.675721,-0.114691,3.02302,-0.0229445,-0.0330847,-0.00890893,6.38009,0.000200009,-1.61621e-09,-9.98367e-07,-1.61621e-09,0.0002,1.7008e-07,-9.98367e-07,1.7008e-07,0.000199996
0.675749,-0.113852,3.01844,0.675944,-0.111729,3.02683,-0.022951,-0.0325925,-0.00655649,6.35747,0.000200009,-1.56925e-09,-9.98975e-07,-1.56925e-09,0.0002,1.6447e-07,-9.98975e-07,1.6447e-07,0.000199996
0.676284,-0.110555,3.03269,0.676597,-0.108608,3.03123,-0.0228156,-0.0320755,-0.00631496,6.38462,0.000200009,-1.5169e-09,-9.99873e-07,-1.5169e-09,0.0002,1.58243e-07,-9.99873e-07,1.58243e-07,0.000199996
0.676791,-0.107128,3.04634,0.677069,-0.104778,3.03429,-0.0227092,-0.0315178,-0.00965882,6.35747,0.000200009,-1.4448e-09,-1.00465e-06,-1.4448e-09,0.0002,1.48685e-07,-1.00465e-06,1.48685e-07,0.000199996
0.676908,-0.10133,3.05546,0.675641,-0.0894495,3.02811,-0.022892,-0.0285297,-0.0165379,6.21002,0.000200009,-1.36744e-09,-1.00646e-06,-1.36744e-09,0.0002,1.39405e-07,-1.00646e-06,1.39405e-07,0.000199996
0.676965,-0.0960441,3.06399,0.675578,-0.0862829,3.03143,-0.0231346,-0.0261341,-0.0240064,6.18589,0.000200009,-1.27652e-09,-1.00986e-06,-1.27652e-09,0.0002,1.2831e-07,-1.00986e-06,1.2831e-07,0.000199996
0.677034,-0.0917994,3.07051,0.675649,-0.0862023,3.03243,-0.0233655,-0.0247194,-0.0334906,6.22299,0.00020001,-1.21079e-09,-1.01211e-06,-1.21079e-09,0.0002,1.21716e-07,-1.01211e-06,1.21716e-07,0.000199996
0.677039,-0.0883894,3.07621,0.67559,-0.0862035,3.03267,-0.023561,-0.0242194,-0.0447862,6.21752,0.00020001,-1.11335e-09,-1.01581e-06,-1.11335e-09,0.0002,1.09904e-07,-1.01581e-06,1.09904e-07,0.000199996
0.677093,-0.0856854,3.08044,0.675727,-0.0862653,3.03318,-0.0236071,-0.0243554,-0.056564,6.21299,0.00020001,-1.05874e-09,-1.01638e-06,-1.05874e-09,0.0002,1.05464e-07,-1.01638e-06,1.05464e-07,0.000199996
0.677132,-0.0834825,3.08442,0.675771,-0.0862345,3.03336,-0.0236683,-0.0250625,-0.0687658,6.22624,0.00020001,-1.00091e-09,-1.02209e-06,-1.00091e-09,0.0002,9.93402e-08,-1.02209e-06,9.93402e-08,0.000199996
0.677541,-0.0788921,3.09684,0.677853,-0.0719031,3.08272,-0.0233585,-0.0233121,-0.0723431,5.17505,0.00020001,-9.66656e-10,-1.01891e-06,-9.66656e-10,0.0002,9.73555e-08,-1.01891e-06,9.73555e-08,0.000199996
0.677835,-0.0750903,3.09953,0.677926,-0.0712748,3.08458,-0.0231648,-0.0223903,-0.0766513,5.21614,0.00020001,-9.12821e-10,-1.01709e-06,-9.12821e-10,0.0002,9.16271e-08,-1.01709e-06,9.16271e-08,0.000199996
0.678053,-0.0720547,3.09636,0.677848,-0.0711473,3.08493,-0.0229467,-0.0221547,-0.0788247,5.2089,0.00020001,-8.89035e-10,-1.01064e-06,-8.89035e-10,0.0002,9.09246e-08,-1.01064e-06,9.09246e-08,0.000199996
0.678217,-0.0696465,3.0925,0.677829,-0.0713026,3.08435,-0.0227831,-0.0226165,-0.0806876,5.17961,0.00020001,-8.7393e-10,-1.00813e-06,-8.7393e-10,0.0002,9.05389e-08,-1.00813e-06,9.05389e-08,0.000199996
0.678333,-0.067731,3.08921,0.677896,-0.071311,3.08432,-0.0226668,-0.023491,-0.081973,5.19514,0.000200009,-8.38293e-10,-1.00495e-06,-8.38293e-10,0.0002,8.65883e-08,-1.00495e-06,8.65883e-08,0.000199996
0.680081,-0.0671547,3.09629,0.686339,-0.0761615,3.13322,-0.020919,-0.0257647,-0.072895,4.87222,0.000200009,-8.31935e-10,-1.00443e-06,-8.31935e-10,0.0002,8.70621e-08,-1.00443e-06,8.70621e-08,0.000199996
0.681448,-0.0664143,3.10286,0.686294,-0.0747175,3.13614,-0.0195523,-0.0278143,-0.0643288,4.72432,0.000200009,-7.98009e-10,-1.0027e-06,-7.98009e-10,0.0002,8.28843e-08,-1.0027e-06,8.28843e-08,0.000199996
0.682379,-0.065541,3.10836,0.685539,-0.0733157,3.13863,-0.0186208,-0.029791,-0.0568288,4.5445,0.000200009,-7.57305e-10,-1.00175e-06,-7.57305e-10,0.0002,7.79613e-08,-1.00175e-06,7.79613e-08,0.000199996
0.682933,-0.0646025,3.11344,0.684737,-0.0721209,3.14143,-0.0180667,-0.0316425,-0.0507417,4.34343,0.000200009,-6.90658e-10,-1.00141e-06,-6.90658e-10,0.0002,6.93716e-08,-1.00141e-06,6.93716e-08,0.000199996
0.683205,-0.063572,3.11777,0.683871,-0.0707752,-3.13955,-0.0177946,-0.033472,-0.0434185,4.16098,0.000200009,-6.40159e-10,-1.00292e-06,-6.40159e-10,0.0002,6.38795e-08,-1.00292e-06,6.38795e-08,0.000199996
0.683313,-0.0625852,3.12197,0.683359,-0.0698578,-3.13708,-0.0176874,-0.0352752,-0.0382125,4.0625,0.000200009,-5.89459e-10,-1.00058e-06,-5.89459e-10,0.0002,5.8597e-08,-1.00058e-06,5.8597e-08,0.000199996
0.685438,-0.059458,3.12479,0.693573,-0.0582753,-3.13914,-0.0156618,-0.034998,-0.0333964,2.56667,0.000200009,-5.43849e-10,-1.00255e-06,-5.43849e-10,0.0002,5.38378e-08,-1.00255e-06,5.38378e-08,0.000199996
0.68717,-0.0566412,3.12761,0.693757,-0.0567005,-3.13694,-0.0139301,-0.0349712,-0.0285748,2.42632,0.000200009,-5.02856e-10,-1.00385e-06,-5.02856e-10,0.0002,4.97144e-08,-1.00385e-06,4.97144e-08,0.000199996
0.688582,-0.0541198,3.12994,0.693918,-0.0552551,-3.1353,-0.0125183,-0.0352898,-0.0242408,2.29353,0.000200009,-4.65153e-10,-1.00133e-06,-4.65153e-10,0.0002,4.61135e-08,-1.00133e-06,4.61135e-08,0.000199997
0.689659,-0.0518729,3.13225,0.693681,-0.0541067,-3.13375,-0.0115406,-0.0358229,-0.0199348,2.24138,0.000200009,-4.31495e-10,-9.99742e-07,-4.31495e-10,0.0002,4.29143e-08,-9.99742e-07,4.29143e-08,0.000199997
0.690598,-0.0498061,3.13463,0.694139,-0.0528144,-3.13138,-0.0106024,-0.0365961,-0.0155531,2.25123,0.000200009,-3.9052e-10,-1.00048e-06,-3.9052e-10,0.0002,3.83284e-08,-1.00048e-06,3.83284e-08,0.000199997
0.691194,-0.0479932,3.13671,0.693284,-0.0519099,-3.13055,-0.0100056,-0.0375632,-0.0114788,2.2266,0.000200009,-3.75382e-10,-9.97543e-07,-3.75382e-10,0.0002,3.79074e-08,-9.97543e-07,3.79074e-08,0.000199997
0.692349,-0.0438015,3.13602,0.696728,-0.0383084,3.14092,-0.00895143,-0.0362105,-0.0101652,0.155779,0.000200009,-3.39001e-10,-9.99118e-07,-3.39001e-10,0.0002,3.35168e-08,-9.99118e-07,3.35168e-08,0.000199997
0.693334,-0.0401805,3.1357,0.696936,-0.0368632,-3.14113,-0.00796554,-0.0353605,-0.00848717,0.120603,0.000200009,-3.34364e-10,-9.9669e-07,-3.34364e-10,0.0002,3.43321e-08,-9.9669e-07,3.43321e-08,0.000199997
0.694142,-0.0369522,3.13567,0.697141,-0.0353127,-3.13998,-0.00725784,-0.0349622,-0.00651397,0.080402,0.000200009,-3.11523e-10,-9.98562e-07,-3.11523e-10,0.0002,3.15924e-08,-9.98562e-07,3.15924e-08,0.000199997
0.694862,-0.0340783,3.13588,0.697407,-0.0337499,-3.13885,-0.00653835,-0.0348507,-0.00512267,0.0603015,0.000200009,-3.15667e-10,-9.9633e-07,-3.15667e-10,0.0002,3.32252e-08,-9.9633e-07,3.32252e-08,0.000199997
0.695416,-0.0315256,3.13634,0.697465,-0.032536,-3.1377,-0.00608428,-0.0351266,-0.00266484,0.0502513,0.000200009,-2.86271e-10,-9.96645e-07,-2.86271e-10,0.0002,2.90762e-08,-9.96645e-07,2.90762e-08,0.000199997
0.695932,-0.0292769,3.13703,0.697736,-0.0315029,-3.13607,-0.00566778,-0.0356429,2.8655e-05,0.0502513,0.000200009,-2.84509e-10,-9.96827e-07,-2.84509e-10,0.0002,2.96598e-08,-9.96827e-07,2.96598e-08,0.000199997
0.696137,-0.0247572,3.13416,0.696561,-0.0178436,3.13031,-0.00556325,-0.0339522,-0.000838691,0.138587,0.000200009,-2.93235e-10,-9.95237e-07,-2.93235e-10,0.0002,3.15034e-08,-9.95237e-07,3.15034e-08,0.000199997
0.696307,-0.0207898,3.13227,0.696687,-0.0160856,3.13167,-0.00539323,-0.0327498,-0.000733783,0.120052,0.000200009,-2.84695e-10,-9.94215e-07,-2.84695e-10,0.0002,3.02478e-08,-9.94215e-07,3.02478e-08,0.000199997
0.696495,-0.0172881,3.13082,0.696891,-0.0144993,3.13299,-0.00530502,-0.0320781,-0.000177003,0.113884,0.000200009,-2.94495e-10,-9.95221e-07,-2.94495e-10,0.0002,3.19271e-08,-9.95221e-07,3.19271e-08,0.000199997
0.696717,-0.0142624,3.13015,0.697193,-0.0133236,3.13442,-0.00518292,-0.0318224,0.00114584,0.107528,0.000200009,-3.15888e-10,-9.94127e-07,-3.15888e-10,0.0002,3.51147e-08,-9.94127e-07,3.51147e-08,0.000199997
0.696932,-0.0116337,3.12974,0.697434,-0.0123372,3.13604,-0.00506844,-0.0320237,0.00173721,0.11222,0.000200009,-3.24279e-10,-9.95138e-07,-3.24279e-10,0.0002,3.5803e-08,-9.95138e-07,3.5803e-08,0.000199997
0.696765,-0.00692134,3.12597,0.695702,0.000765809,3.11788,-0.00533538,-0.0300713,-2.95526e-05,0.253368,0.000200009,-3.19122e-10,-9.94104e-07,-3.19122e-10,0.0002,3.458e-08,-9.94104e-07,3.458e-08,0.000199997
0.696816,-0.00304447,3.12279,0.696554,0.00124893,3.11864,-0.00548416,-0.0290245,-0.00120976,0.251453,0.000200009,-3.35957e-10,-9.95061e-07,-3.35957e-10,0.0002,3.70162e-08,-9.95061e-07,3.70162e-08,0.000199997
0.696815,0.000293641,3.12094,0.696384,0.00248478,3.12052,-0.00558539,-0.0284464,-0.00106055,0.271409,0.000200009,-3.43961e-10,-9.93965e-07,-3.43961e-10,0.0002,3.78378e-08,-9.93965e-07,3.78378e-08,0.000199997
0.696971,0.00304451,3.11941,0.697055,0.00288919,3.12091,-0.0055292,-0.0285155,-0.000589644,0.295277,0.000200009,-3.7668e-10,-9.93158e-07,-3.7668e-10,0.0002,4.24837e-08,-9.93158e-07,4.24837e-08,0.000199997
0.697063,0.00537476,3.1184,0.696992,0.0035349,3.12197,-0.00553736,-0.0289352,0.000398141,0.276231,0.000200009,-3.83585e-10,-9.92695e-07,-3.83585e-10,0.0002,4.26006e-08,-9.92695e-07,4.26006e-08,0.000199997
0.697121,0.00717708,3.11769,0.696967,0.00327766,3.12217,-0.00557854,-0.0299529,0.00169216,0.273079,0.000200009,-3.78461e-10,-9.90725e-07,-3.78461e-10,0.0002,4.12648e-08,-9.90725e-07,4.12648e-08,0.000199997
0.697082,0.0111866,3.11378,0.696391,0.0160677,3.10511,-0.00581798,-0.0287034,-0.00122039,0.31088,0.000200009,-3.87026e-10,-9.91113e-07,-3.87026e-10,0.0002,4.23774e-08,-9.91113e-07,4.23774e-08,0.000199997
0.697041,0.0146547,3.11071,0.696324,0.0172652,3.10604,-0.00595856,-0.0280553,-0.00229045,0.33078,0.000200009,-4.04721e-10,-9.94696e-07,-4.04721e-10,0.0002,4.46441e-08,-9.94696e-07,4.46441e-08,0.000199997
0.697174,0.0174279,3.10847,0.697031,0.0174751,3.10651,-0.00592613,-0.0280321,-0.00252618,0.32609,0.000200009,-4.43874e-10,-9.90022e-07,-4.43874e-10,0.0002,5.03233e-08,-9.90022e-07,5.03233e-08,0.000199997
0.697201,0.0197787,3.10689,0.696785,0.0179728,3.10783,-0.00609889,-0.0284913,-0.00211466,0.301571,0.000200009,-4.49281e-10,-9.92259e-07,-4.49281e-10,0.0002,4.98527e-08,-9.92259e-07,4.98527e-08,0.000199997
0.697314,0.0217486,3.11154,0.697095,0.0185306,3.10888,-0.00608648,-0.0292714,-0.00246166,0.356297,0.000200009,-4.59781e-10,-9.90282e-07,-4.59781e-10,0.0002,5.08608e-08,-9.90282e-07,5.08608e-08,0.000199997
0.697544,0.0236683,3.12393,0.697674,0.0201469,3.11093,-0.00605636,-0.0301517,-0.0060745,0.405407,0.000200009,-4.56432e-10,-9.92614e-07,-4.56432e-10,0.0002,4.96377e-08,-9.92614e-07,4.96377e-08,0.000199997
0.697403,0.0288804,3.13524,0.696212,0.0385738,3.11701,-0.00629682,-0.0276996,-0.00994106,0.0593282,0.000200009,-4.12065e-10,-9.92596e-07,-4.12065e-10,0.0002,4.26185e-08,-9.92596e-07,4.26185e-08,0.000199997
0.697296,0.0337184,-3.13763,0.69632,0.0416976,3.12074,-0.00640429,-0.0257216,-0.0166341,0.0146341,0.000200009,-3.49956e-10,-9.99494e-07,-3.49956e-10,0.0002,3.3785e-08,-9.99494e-07,3.3785e-08,0.000199997
0.697153,0.0376198,-3.13545,0.696034,0.0419551,3.12091,-0.006547,-0.0246202,-0.0234482,0.0264108,0.000200009,-3.1684e-10,-1.00057e-06,-3.1684e-10,0.0002,3.05994e-08,-1.00057e-06,3.05994e-08,0.000199997
0.69706,0.0407132,-3.14102,0.696359,0.0418683,3.12084,-0.00663976,-0.0243668,-0.0290173,0.0292683,0.000200009,-2.75146e-10,-9.99449e-07,-2.75146e-10,0.0002,2.59709e-08,-9.99449e-07,2.59709e-08,0.000199997
0.697079,0.0431904,3.13667,0.696742,0.0419341,3.12105,-0.00662147,-0.0246496,-0.0325106,0.0146341,0.000200009,-2.70948e-10,-9.96978e-07,-2.70948e-10,0.0002,2.71928e-08,-9.96978e-07,2.71928e-08,0.000199997
0.696399,0.0467906,3.13736,0.693366,0.0499177,-3.13613,-0.00730119,-0.0238694,-0.0298269,0.112195,0.000200009,-2.83392e-10,-9.98734e-07,-2.83392e-10,0.0002,3.00169e-08,-9.98734e-07,3.00169e-08,0.000199997
0.695876,0.0498983,3.1379,0.693583,0.0513736,-3.13613,-0.00782386,-0.0235117,-0.027282,0.0926829,0.000200009,-2.68031e-10,-9.89678e-07,-2.68031e-10,0.0002,2.81135e-08,-9.89678e-07,2.81135e-08,0.000199997
0.695531,0.0526843,3.13842,0.693853,0.0526606,-3.1351,-0.00816852,-0.0235357,-0.0257674,0.0829268,0.000200009,-2.78855e-10,-9.90672e-07,-2.78855e-10,0.0002,3.02013e-08,-9.90672e-07,3.02013e-08,0.000199997
0.695206,0.0551032,3.13913,0.693668,0.0536637,-3.13393,-0.00849351,-0.0238668,-0.0230591,0.0634146,0.000200009,-2.7506e-10,-9.89623e-07,-2.7506e-10,0.0002,2.96151e-08,-9.89623e-07,2.96151e-08,0.000199997
0.694918,0.0571114,3.13995,0.693535,0.0540288,-3.13264,-0.00878226,-0.0246586,-0.0202338,0.0536585,0.000200009,-2.70389e-10,-9.88959e-07,-2.70389e-10,0.0002,2.89881e-08,-9.88959e-07,2.89881e-08,0.000199997
0.694595,0.0586937,3.14095,0.69314,0.0539604,-3.13127,-0.00910512,-0.0258163,-0.0172361,0.0585366,0.000200009,-2.53306e-10,-9.86847e-07,-2.53306e-10,0.0002,2.65577e-08,-9.86847e-07,2.65577e-08,0.000199997
0.695611,0.0620686,3.14057,0.699439,0.0644531,-3.13683,-0.00818881,-0.0252414,-0.0156194,0.433584,0.000200009,-2.49174e-10,-9.872e-07,-2.49174e-10,0.0002,2.63831e-08,-9.872e-07,2.63831e-08,0.000199997
0.696392,0.0648133,3.14033,0.699333,0.0647303,-3.13618,-0.00740775,-0.0252367,-0.0138584,0.438116,0.000200009,-2.36097e-10,-9.85725e-07,-2.36097e-10,0.0002,2.47292e-08,-9.85725e-07,2.47292e-08,0.000199997
0.697005,0.0670855,3.14023,0.699324,0.0650594,-3.13605,-0.00679522,-0.0257645,-0.0129597,0.435697,0.000200009,-2.15724e-10,-9.86486e-07,-2.15724e-10,0.0002,2.20309e-08,-9.86486e-07,2.20309e-08,0.000199997
0.697458,0.0688648,3.14032,0.699032,0.0649733,-3.13581,-0.00634217,-0.0267152,-0.0108646,0.486165,0.000200009,-2.21342e-10,-9.8356e-07,-2.21342e-10,0.0002,2.36765e-08,-9.8356e-07,2.36765e-08,0.000199997
0.698,0.0704137,3.14046,0.699935,0.0654946,-3.1355,-0.00589954,-0.0279663,-0.00872691,0.431198,0.000200009,-2.26859e-10,-9.85092e-07,-2.26859e-10,0.0002,2.47062e-08,-9.85092e-07,2.47062e-08,0.000199997
0.698306,0.0715922,3.14051,0.69935,0.0653506,-3.13546,-0.00559353,-0.0295078,-0.0066715,0.4244,0.000200009,-2.19419e-10,-9.80973e-07,-2.19419e-10,0.0002,2.36281e-08,-9.80973e-07,2.36281e-08,0.000199997
0.698501,0.0752546,3.1371,0.699017,0.0788445,3.13105,-0.00539899,-0.0286454,-0.00908811,2.49947,0.000200009,-2.1434e-10,-9.81739e-07,-2.1434e-10,0.0002,2.29845e-08,-9.81739e-07,2.29845e-08,0.000199997
0.698596,0.0782721,3.13461,0.698752,0.0793354,3.13197,-0.00540368,-0.0283279,-0.00957418,2.51707,0.000200009,-2.06799e-10,-9.80511e-07,-2.06799e-10,0.0002,2.20413e-08,-9.80511e-07,2.20413e-08,0.000199997
0.698792,0.0808423,3.13293,0.699231,0.0800108,3.13286,-0.00520798,-0.0285577,-0.00925915,2.53,0.000200009,-2.28934e-10,-9.8308e-07,-2.28934e-10,0.0002,2.569e-08,-9.8308e-07,2.569e-08,0.000199997
0.698839,0.0828469,3.13166,0.698782,0.0798588,3.13325,-0.00526089,-0.0293531,-0.00934351,2.52354,0.000200009,-2.279e-10,-9.81336e-07,-2.279e-10,0.0002,2.51859e-08,-9.81336e-07,2.51859e-08,0.000199997
0.69899,0.0844806,3.13054,0.699284,0.0799565,3.13304,-0.00511045,-0.0305194,-0.00846441,2.52466,0.000200009,-2.41132e-10,-9.8189e-07,-2.41132e-10,0.0002,2.70598e-08,-9.8189e-07,2.70598e-08,0.000199997
0.699113,0.0857897,3.1297,0.699346,0.0800203,3.13303,-0.00508691,-0.0319103,-0.00729862,2.51513,0.000200009,-2.4243e-10,-9.80553e-07,-2.4243e-10,0.0002,2.69044e-08,-9.80553e-07,2.69044e-08,0.000199997
0.699463,0.0898309,3.12635,0.700425,0.0948866,3.11963,-0.0048366,-0.0306691,-0.00864753,4.63146,0.000200009,-2.6781e-10,-9.83046e-07,-2.6781e-10,0.0002,3.05479e-08,-9.83046e-07,3.05479e-08,0.000199997
0.699722,0.0931125,3.12397,0.700358,0.0952897,3.12082,-0.00457791,-0.0300875,-0.0100251,4.61904,0.000200009,-2.82641e-10,-9.7952e-07,-2.82641e-10,0.0002,3.22546e-08,-9.7952e-07,3.22546e-08,0.000199997
0.69999,0.0958689,3.12214,0.700654,0.0958389,3.12181,-0.00440955,-0.0301311,-0.00985612,4.65428,0.000200009,-3.00536e-10,-9.80633e-07,-3.00536e-10,0.0002,3.43014e-08,-9.80633e-07,3.43014e-08,0.000199997
0.700201,0.0981897,3.12084,0.700734,0.0964155,3.12259,-0.00429874,-0.0305103,-0.00916488,4.66052,0.000200009,-2.96315e-10,-9.81392e-07,-2.96315e-10,0.0002,3.28565e-08,-9.81392e-07,3.28565e-08,0.000199997
0.700399,0.0999982,3.1197,0.700659,0.0961797,3.12214,-0.00420056,-0.0315018,-0.00930218,4.66521,0.000200009,-3.39004e-10,-9.8171e-07,-3.39004e-10,0.0002,3.91997e-08,-9.8171e-07,3.91997e-08,0.000199997
0.700442,0.103606,3.11414,0.700167,0.107093,3.09824,-0.00425844,-0.0305937,-0.0128625,6.41251,0.000200009,-3.29656e-10,-9.78653e-07,-3.29656e-10,0.0002,3.67207e-08,-9.78653e-07,3.67207e-08,0.000199997
0.700492,0.106555,3.10964,0.700002,0.107305,3.09864,-0.00430837,-0.030445,-0.015359,6.39598,0.000200009,-3.79173e-10,-9.79827e-07,-3.79173e-10,0.0002,4.40408e-08,-9.79827e-07,4.40408e-08,0.000199997
0.700452,0.108869,3.10624,0.699792,0.107181,3.099,-0.00444826,-0.030831,-0.0177568,6.39871,0.000200009,-3.82565e-10,-9.77313e-07,-3.82565e-10,0.0002,4.33419e-08,-9.77313e-07,4.33419e-08,0.000199997
0.700508,0.110815,3.10339,0.700049,0.107501,3.09929,-0.00449205,-0.0316853,-0.0186084,6.41578,0.000200009,-4.27563e-10,-9.80559e-07,-4.27563e-10,0.0002,4.9459e-08,-9.80559e-07,4.9459e-08,0.000199997
0.700505,0.112319,3.10133,0.699906,0.107449,3.09911,-0.00459463,-0.0328811,-0.0186701,6.403,0.000200009,-4.42535e-10,-9.75914e-07,-4.42535e-10,0.0002,5.06029e-08,-9.75914e-07,5.06029e-08,0.000199997
0.700534,0.113499,3.09969,0.699989,0.107178,3.09948,-0.00466608,-0.0345007,-0.0193097,6.4415,0.000200009,-4.71717e-10,-9.77929e-07,-4.71717e-10,0.0002,5.39945e-08,-9.77929e-07,5.39945e-08,0.000199997
0.700932,0.11712,3.09502,0.70178,0.120671,3.08333,-0.00436823,-0.0335799,-0.0219786,7.90333,0.000200009,-4.95708e-10,-9.75779e-07,-4.95708e-10,0.0002,5.66521e-08,-9.75779e-07,5.66521e-08,0.000199997
0.70127,0.120079,3.09142,0.701793,0.120935,3.08306,-0.00413007,-0.0334208,-0.0245773,7.87064,0.000200009,-5.3542e-10,-9.75919e-07,-5.3542e-10,0.0002,6.16845e-08,-9.75919e-07,6.16845e-08,0.000199997
0.70151,0.122565,3.08875,0.701789,0.121576,3.0844,-0.00408976,-0.0336347,-0.0252527,7.9056,0.000200009,-5.40205e-10,-9.74478e-07,-5.40205e-10,0.0002,6.10115e-08,-9.74478e-07,6.10115e-08,0.000199997
0.701733,0.124506,3.08644,0.701762,0.121292,3.08387,-0.00396687,-0.0344938,-0.0255615,7.85178,0.000200009,-5.82444e-10,-9.74916e-07,-5.82444e-10,0.0002,6.67346e-08,-9.74916e-07,6.67346e-08,0.000199997
0.701927,0.126072,3.08465,0.701989,0.121404,3.08386,-0.00387276,-0.0356278,-0.026347,7.85681,0.000200009,-5.86238e-10,-9.73724e-07,-5.86238e-10,0.0002,6.59872e-08,-9.73724e-07,6.59872e-08,0.000199997
0.702093,0.127328,3.08324,0.701872,0.121377,3.08424,-0.00390665,-0.0371717,-0.0257627,7.83067,0.000200009,-6.25841e-10,-9.74318e-07,-6.25841e-10,0.0002,7.1357e-08,-9.74318e-07,7.1357e-08,0.000199997
0.702563,0.131363,3.08034,0.703557,0.136579,3.07513,-0.00353731,-0.0358374,-0.0276551,7.42693,0.000200009,-6.47175e-10,-9.73061e-07,-6.47175e-10,0.0002,7.34623e-08,-9.73061e-07,7.34623e-08,0.000199997
0.702934,0.134698,3.07847,0.703524,0.137121,3.07668,-0.00336638,-0.0352016,-0.0275309,7.40924,0.000200009,-6.68827e-10,-9.7218e-07,-6.68827e-10,0.0002,7.5765e-08,-9.7218e-07,7.5765e-08,0.000199997
0.703251,0.137324,3.0766,0.703614,0.136908,3.07613,-0.00314901,-0.0352758,-0.0273966,7.44385,0.000200009,-6.89698e-10,-9.71552e-07,-6.89698e-10,0.0002,7.8005e-08,-9.71552e-07,7.8005e-08,0.000199997
0.703449,0.13952,3.07541,0.703378,0.137326,3.07728,-0.00305103,-0.0358803,-0.0275941,7.34045,0.000200009,-6.99958e-10,-9.72908e-07,-6.99958e-10,0.0002,7.84781e-08,-9.72908e-07,7.84781e-08,0.000199997
0.703636,0.141357,3.07478,0.703523,0.137838,3.0783,-0.00306438,-0.036743,-0.0262227,7.37619,0.000200009,-7.0618e-10,-9.70351e-07,-7.0618e-10,0.0002,7.89154e-08,-9.70351e-07,7.89154e-08,0.000199997
0.704109,0.145601,3.07139,0.705018,0.151665,3.06483,-0.00279119,-0.0352988,-0.0286091,7.58717,0.000200009,-7.24658e-10,-9.7027e-07,-7.24658e-10,0.0002,8.13108e-08,-9.7027e-07,8.13108e-08,0.000199997
0.704366,0.149313,3.06976,0.704458,0.153193,3.06924,-0.0026344,-0.0342865,-0.0282445,7.4164,0.000200009,-7.367e-10,-9.71939e-07,-7.367e-10,0.0002,8.23679e-08,-9.71939e-07,8.23679e-08,0.000199997
0.704595,0.152409,3.0684,0.704569,0.153824,3.06966,-0.0026054,-0.0339907,-0.0275977,7.40544,0.000200009,-7.49572e-10,-9.72952e-07,-7.49572e-10,0.0002,8.36741e-08,-9.72952e-07,8.36741e-08,0.000199997
0.70477,0.154898,3.06755,0.704484,0.154046,3.07048,-0.0026299,-0.0342023,-0.0274516,7.43156,0.000200009,-7.67459e-10,-9.68343e-07,-7.67459e-10,0.0002,8.62725e-08,-9.68343e-07,8.62725e-08,0.000199997
0.704938,0.156956,3.06686,0.704601,0.154175,3.07045,-0.00256198,-0.0348435,-0.0261418,7.41524,0.000200009,-7.90019e-10,-9.72152e-07,-7.90019e-10,0.0002,8.8745e-08,-9.72152e-07,8.8745e-08,0.000199997
0.705033,0.158691,3.06657,0.704468,0.154767,3.07147,-0.00266723,-0.0358091,-0.0254254,7.425,0.000200009,-7.924e-10,-9.69609e-07,-7.924e-10,0.0002,8.8457e-08,-9.69609e-07,8.8457e-08,0.000199997
0.705383,0.163174,3.0647,0.705743,0.170197,3.06355,-0.00251723,-0.0341264,-0.025299,7.01321,0.000200009,-8.06752e-10,-9.69536e-07,-8.06752e-10,0.0002,9.02258e-08,-9.69536e-07,9.02258e-08,0.000199997
0.705682,0.166794,3.06349,0.705828,0.170369,3.06434,-0.00241844,-0.033206,-0.0255131,7.02684,0.000200009,-8.21417e-10,-9.69431e-07,-8.21417e-10,0.0002,9.19562e-08,-9.69431e-07,9.19562e-08,0.000199997
0.705905,0.169869,3.06256,0.705702,0.171319,3.06551,-0.0023947,-0.0328311,-0.0244416,7.02994,0.000200009,-8.44446e-10,-9.67482e-07,-8.44446e-10,0.0002,9.51309e-08,-9.67482e-07,9.51309e-08,0.000199997
0.706074,0.172376,3.06212,0.705707,0.171605,3.0667,-0.00242617,-0.0330238,-0.0228832,7.03925,0.000200009,-8.51281e-10,-9.64645e-07,-8.51281e-10,0.0002,9.56243e-08,-9.64645e-07,9.56243e-08,0.000199997
0.706244,0.174437,3.06177,0.705865,0.171669,3.06675,-0.00245599,-0.0337628,-0.0222261,7.0433,0.000200009,-8.64591e-10,-9.69598e-07,-8.64591e-10,0.0002,9.66438e-08,-9.69598e-07,9.66438e-08,0.000199997
0.706345,0.176243,3.06776,0.705677,0.17267,3.06884,-0.00255523,-0.0346568,-0.0212417,7.06212,0.000200009,-8.51681e-10,-9.66218e-07,-8.51681e-10,0.0002,9.43402e-08,-9.66218e-07,9.43402e-08,0.000199997
0.70684,0.180444,3.07707,0.707636,0.186244,3.05145,-0.00226026,-0.0331564,-0.027931,7.57016,0.000200009,-8.12621e-10,-9.71326e-07,-8.12621e-10,0.0002,8.77316e-08,-9.71326e-07,8.77316e-08,0.000199997
0.707171,0.184173,3.08553,0.707336,0.188139,3.05554,-0.00212946,-0.0322268,-0.0354744,7.57444,0.000200009,-7.69408e-10,-9.73057e-07,-7.69408e-10,0.0002,8.17477e-08,-9.73057e-07,8.17477e-08,0.000199997
0.707179,0.18762,3.09407,0.706163,0.19018,3.06091,-0.00222136,-0.0315797,-0.043934,7.44353,0.000200009,-7.10533e-10,-9.82957e-07,-7.10533e-10,0.0002,7.32718e-08,-9.82957e-07,7.32718e-08,0.000199997
0.707053,0.190605,3.10078,0.70552,0.191366,3.06316,-0.00234692,-0.0313946,-0.0524083,7.47504,0.000200009,-6.56442e-10,-9.87691e-07,-6.56442e-10,0.0002,6.66751e-08,-9.87691e-07,6.66751e-08,0.000199997
0.706801,0.19314,3.10715,0.704959,0.191928,3.06535,-0.00259948,-0.0316597,-0.0630309,7.4451,0.000200009,-5.67667e-10,-9.96084e-07,-5.67667e-10,0.0002,5.48088e-08,-9.96084e-07,5.48088e-08,0.000199997
0.706668,0.195223,3.10612,0.705239,0.192468,3.06608,-0.00273241,-0.0323772,-0.0730697,7.43254,0.000200009,-5.31572e-10,-9.92801e-07,-5.31572e-10,0.0002,5.26399e-08,-9.92801e-07,5.26399e-08,0.000199997
0.707496,0.196762,3.09394,0.709794,0.191786,3.04524,-0.00180371,-0.0336382,-0.0852478,4.14543,0.000200009,-5.41286e-10,-9.92147e-07,-5.41286e-10,0.0002,5.65677e-08,-9.92147e-07,5.65677e-08,0.000199997
0.708193,0.197777,3.08297,0.710063,0.19097,3.0439,-0.00110659,-0.035323,-0.0952103,4.16435,0.000200009,-5.43198e-10,-9.83142e-07,-5.43198e-10,0.0002,5.83344e-08,-9.83142e-07,5.83344e-08,0.000199997
0.708732,0.198478,3.07363,0.709888,0.190314,3.04228,-0.000468414,-0.0374222,-0.102558,4.16152,0.000200009,-5.73338e-10,-9.80504e-07,-5.73338e-10,0.0002,6.35955e-08,-9.80504e-07,6.35955e-08,0.000199997
0.709222,0.198989,3.07177,0.710054,0.190238,3.04215,2.187e-05,-0.039611,-0.110411,4.12902,0.000200009,-6.09165e-10,-9.73554e-07,-6.09165e-10,0.0002,6.91446e-08,-9.73554e-07,6.91446e-08,0.000199997
0.709612,0.199607,3.07857,0.70987,0.191082,3.04352,0.000512177,-0.0417932,-0.118617,4.0637,0.000200009,-6.46116e-10,-9.75939e-07,-6.46116e-10,0.0002,7.36432e-08,-9.75939e-07,7.36432e-08,0.000199997
0.710738,0.201657,3.09364,0.714213,0.198945,3.09044,0.00173797,-0.0424432,-0.119548,7.1829,0.000200009,-6.55713e-10,-9.74265e-07,-6.55713e-10,0.0002,7.38519e-08,-9.74265e-07,7.38519e-08,0.000199997
0.71149,0.203865,3.10752,0.713733,0.201505,3.09671,0.00258974,-0.0430345,-0.122664,6.9224,0.000200009,-5.99555e-10,-9.82236e-07,-5.99555e-10,0.0002,6.36275e-08,-9.82236e-07,6.36275e-08,0.000199997
0.712007,0.206169,3.11941,0.713275,0.20424,3.10283,0.00330707,-0.0435307,-0.126777,6.7337,0.000200009,-5.54881e-10,-9.85731e-07,-5.54881e-10,0.0002,5.73754e-08,-9.85731e-07,5.73754e-08,0.000199997
0.712348,0.208133,3.12189,0.713146,0.204835,3.10452,0.00394841,-0.0443666,-0.131295,6.73701,0.000200009,-4.91959e-10,-9.88062e-07,-4.91959e-10,0.0002,4.90138e-08,-9.88062e-07,4.90138e-08,0.000199997
0.712636,0.20965,3.11835,0.713166,0.204773,3.10417,0.00443633,-0.0455504,-0.13484,6.70986,0.000200009,-4.72525e-10,-9.82626e-07,-4.72525e-10,0.0002,4.84826e-08,-9.82626e-07,4.84826e-08,0.000199997
0.712858,0.210805,3.11406,0.713261,0.204429,3.10296,0.00495789,-0.047195,-0.137125,6.68574,0.000200009,-4.38678e-10,-9.80883e-07,-4.38678e-10,0.0002,4.4851e-08,-9.80883e-07,4.4851e-08,0.000199997
0.713332,0.213157,3.11699,0.714876,0.211668,3.13476,0.00563175,-0.0474428,-0.132192,7.1629,0.000200009,-4.21476e-10,-9.76303e-07,-4.21476e-10,0.0002,4.3936e-08,-9.76303e-07,4.3936e-08,0.000199997
0.713684,0.215262,3.11964,0.714715,0.212837,3.13658,0.00618377,-0.048138,-0.128546,7.10434,0.000200009,-4.13134e-10,-9.71669e-07,-4.13134e-10,0.0002,4.40125e-08,-9.71669e-07,4.40125e-08,0.000199997
0.71393,0.217072,3.1219,0.714613,0.213415,3.13763,0.00673025,-0.0490275,-0.124283,7.04812,0.000200009,-3.91928e-10,-9.70484e-07,-3.91928e-10,0.0002,4.15102e-08,-9.70484e-07,4.15102e-08,0.000199997
0.714122,0.218654,3.12411,0.714555,0.214028,3.13932,0.0071224,-0.050146,-0.121071,6.9527,0.000200009,-3.82211e-10,-9.71421e-07,-3.82211e-10,0.0002,4.08294e-08,-9.71421e-07,4.08294e-08,0.000199997
0.714213,0.219974,3.12626,0.714315,0.21446,3.14089,0.00751288,-0.051526,-0.116922,6.99339,0.000200009,-3.57523e-10,-9.66981e-07,-3.57523e-10,0.0002,3.77927e-08,-9.66981e-07,3.77927e-08,0.000199997
0.714254,0.221157,3.12813,0.714182,0.214986,-3.14029,0.00775409,-0.0530433,-0.113055,6.89248,0.000200009,-3.35858e-10,-9.67563e-07,-3.35858e-10,0.0002,3.52752e-08,-9.67563e-07,3.52752e-08,0.000199997
0.714537,0.224618,3.13496,0.715563,0.227665,-3.11488,0.00823667,-0.0522819,-0.105229,9.95375,0.000200009,-3.13679e-10,-9.64556e-07,-3.13679e-10,0.0002,3.28515e-08,-9.64556e-07,3.28515e-08,0.000199997
0.714672,0.227841,3.14123,0.715227,0.229879,-3.10989,0.00867172,-0.0517593,-0.0969585,9.78525,0.000200009,-2.72375e-10,-9.64407e-07,-2.72375e-10,0.0002,2.73376e-08,-9.64407e-07,2.73376e-08,0.000199997
0.71469,0.230792,-3.1361,0.714779,0.23169,-3.10663,0.00889026,-0.0515083,-0.0901,9.62108,0.000200009,-2.37381e-10,-9.66044e-07,-2.37381e-10,0.0002,2.32545e-08,-9.66044e-07,2.32545e-08,0.000199997
0.714428,0.233495,-3.13031,0.713453,0.233511,-3.10114,0.00882765,-0.0515046,-0.0823133,9.46482,0.000200009,-1.97742e-10,-9.63717e-07,-1.97742e-10,0.0002,1.86112e-08,-9.63717e-07,1.86112e-08,0.000199997
0.714109,0.236132,-3.12473,0.71297,0.235881,-3.09575,0.00870884,-0.0515678,-0.0747336,9.26555,0.000200009,-1.55642e-10,-9.62243e-07,-1.55642e-10,0.0002,1.36953e-08,-9.62243e-07,1.36953e-08,0.000199997
0.713428,0.241548,-3.12078,0.710755,0.252305,-3.09895,0.00822815,-0.048852,-0.0697804,8.17055,0.000200009,-1.32893e-10,-9.64759e-07,-1.32893e-10,0.0002,1.19173e-08,-9.64759e-07,1.19173e-08,0.000199997
0.712727,0.246336,-3.11651,0.710123,0.254799,-3.09341,0.00772689,-0.0467638,-0.0635093,7.89252,0.000200009,-8.68513e-11,-9.59508e-07,-8.68513e-11,0.0002,6.12875e-09,-9.59508e-07,6.12875e-09,0.000199997
0.712052,0.250636,-3.11239,0.709606,0.256935,-3.08925,0.00725199,-0.0451636,-0.0583876,7.54558,0.000200009,-4.21887e-11,-9.62943e-07,-4.21887e-11,0.0002,8.58007e-10,-9.62943e-07,8.58007e-10,0.000199997
0.711492,0.254373,-3.1086,0.709429,0.258519,-3.08741,0.00689196,-0.0440274,-0.0525957,7.30509,0.000200009,-2.11235e-11,-9.61818e-07,-2.11235e-11,0.0002,-5.12231e-10,-9.61818e-07,-5.12231e-10,0.000199997
0.710824,0.25762,-3.10481,0.708427,0.259762,-3.08333,0.00642394,-0.0435797,-0.0468096,7.09722,0.000200009,1.28698e-11,-9.62738e-07,1.28698e-11,0.0002,-4.42624e-09,-9.62738e-07,-4.42624e-09,0.000199997
0.710383,0.260385,-3.10175,0.709018,0.260709,-3.08315,0.00618267,-0.0434145,-0.0427461,7.00434,0.000200009,6.72063e-11,-9.59789e-07,6.72063e-11,0.0002,-1.15271e-08,-9.59789e-07,-1.15271e-08,0.000199997
0.709974,0.264645,-3.10283,0.708733,0.270788,-3.10116,0.00587439,-0.0419552,-0.0418343,7.89204,0.000200009,1.27974e-10,-9.62908e-07,1.27974e-10,0.0002,-1.90476e-08,-9.62908e-07,-1.90476e-08,0.000199997
0.709682,0.268098,-3.10355,0.708735,0.271171,-3.10072,0.00578241,-0.0411016,-0.0415529,7.89957,0.000200009,1.37981e-10,-9.60005e-07,1.37981e-10,0.0002,-1.8217e-08,-9.60005e-07,-1.8217e-08,0.000199997
0.709429,0.271072,-3.104,0.708645,0.27212,-3.09945,0.00572942,-0.0409277,-0.0400022,7.59318,0.000200009,1.42825e-10,-9.61553e-07,1.42825e-10,0.0002,-1.75079e-08,-9.61553e-07,-1.75079e-08,0.000199997
0.709205,0.273246,-3.11046,0.708716,0.271153,-3.10106,0.00570489,-0.041354,-0.0384619,7.81036,0.000200009,1.60131e-10,-9.60731e-07,1.60131e-10,0.0002,-1.94444e-08,-9.60731e-07,-1.94444e-08,0.000199997
0.709042,0.274912,-3.11551,0.708703,0.270837,-3.10142,0.00564209,-0.0424881,-0.03451,7.88024,0.000200009,1.48362e-10,-9.58586e-07,1.48362e-10,0.0002,-1.67955e-08,-9.58586e-07,-1.67955e-08,0.000199997
0.708908,0.276397,-3.11472,0.70869,0.27144,-3.10043,0.0057082,-0.043603,-0.0307154,7.8248,0.000200009,1.51903e-10,-9.62274e-07,1.51903e-10,0.0002,-1.71767e-08,-9.62274e-07,-1.71767e-08,0.000199997
0.708492,0.281433,-3.11413,0.707015,0.29078,-3.1045,0.00539194,-0.0413675,-0.0291314,7.32854,0.000200009,1.36069e-10,-9.61306e-07,1.36069e-10,0.0002,-1.45425e-08,-9.61306e-07,-1.45425e-08,0.000199997
0.708078,0.285661,-3.11307,0.706671,0.291833,-3.1031,0.00507806,-0.0397395,-0.0260656,7.15336,0.000200009,1.35815e-10,-9.58937e-07,1.35815e-10,0.0002,-1.48522e-08,-9.58937e-07,-1.48522e-08,0.000199997
0.7077,0.289285,-3.11207,0.706349,0.292936,-3.10176,0.00480044,-0.0388146,-0.0230725,7.08054,0.000200009,1.17345e-10,-9.6091e-07,1.17345e-10,0.0002,-1.20518e-08,-9.6091e-07,-1.20518e-08,0.000199997
0.707397,0.29211,-3.11127,0.70645,0.292668,-3.10173,0.00459673,-0.0386902,-0.0212727,7.07333,0.000200009,1.25564e-10,-9.58672e-07,1.25564e-10,0.0002,-1.39113e-08,-9.58672e-07,-1.39113e-08,0.000199997
0.707085,0.294571,-3.11024,0.706012,0.293672,-3.10038,0.00438544,-0.0389292,-0.0182359,7.09217,0.000200009,1.13257e-10,-9.57333e-07,1.13257e-10,0.0002,-1.20289e-08,-9.57333e-07,-1.20289e-08,0.000199997
0.706823,0.296548,-3.10947,0.706004,0.293662,-3.1004,0.00422252,-0.0396521,-0.0164742,7.06137,0.000200009,1.16778e-10,-9.58122e-07,1.16778e-10,0.0002,-1.2905e-08,-9.58122e-07,-1.2905e-08,0.000199997
0.706253,0.302176,-3.11048,0.704117,0.313943,-3.10879,0.00375293,-0.0367244,-0.0154784,6.59976,0.000200009,1.10554e-10,-9.56975e-07,1.10554e-10,0.0002,-1.20032e-08,-9.56975e-07,-1.20032e-08,0.000199997
0.705689,0.306828,-3.11106,0.703739,0.314647,-3.10734,0.00328913,-0.0347718,-0.0150558,6.65852,0.000200009,1.35866e-10,-9.57794e-07,1.35866e-10,0.0002,-1.62067e-08,-9.57794e-07,-1.62067e-08,0.000199997
0.70526,0.310664,-3.11121,0.70374,0.315214,-3.10645,0.0028596,-0.0336358,-0.0142117,6.6691,0.000200009,1.33831e-10,-9.58421e-07,1.33831e-10,0.0002,-1.53504e-08,-9.58421e-07,-1.53504e-08,0.000199997
0.704859,0.31396,-3.11116,0.703512,0.316406,-3.10526,0.00255891,-0.0330396,-0.0121627,6.6468,0.000200009,1.41409e-10,-9.57073e-07,1.41409e-10,0.0002,-1.63728e-08,-9.57073e-07,-1.63728e-08,0.000199997
0.704487,0.316595,-3.11098,0.703207,0.31634,-3.10488,0.00228743,-0.0331048,-0.0109839,6.69717,0.000200009,1.37297e-10,-9.5796e-07,1.37297e-10,0.0002,-1.54198e-08,-9.5796e-07,-1.54198e-08,0.000199997
0.704272,0.321604,-3.11278,0.703619,0.3309,-3.1149,0.00217186,-0.0306957,-0.0107818,6.38672,0.000200009,1.44518e-10,-9.56776e-07,1.44518e-10,0.0002,-1.65501e-08,-9.56776e-07,-1.65501e-08,0.000199997
0.704023,0.325863,-3.11408,0.703129,0.332156,-3.11358,0.00192337,-0.0291366,-0.0110833,6.40318,0.000200009,1.24638e-10,-9.56123e-07,1.24638e-10,0.0002,-1.31989e-08,-9.56123e-07,-1.31989e-08,0.000199997
0.70375,0.329281,-3.11492,0.702752,0.332209,-3.11257,0.00174963,-0.0284187,-0.0109216,6.46027,0.000200009,1.0591e-10,-9.55709e-07,1.0591e-10,0.0002,-1.06067e-08,-9.55709e-07,-1.06067e-08,0.000199997
0.70354,0.332034,-3.1157,0.702902,0.332306,-3.11245,0.00154015,-0.0283656,-0.00969603,6.47588,0.000200009,1.10625e-10,-9.5536e-07,1.10625e-10,0.0002,-1.20072e-08,-9.5536e-07,-1.20072e-08,0.000199997
0.703386,0.334251,-3.11601,0.702964,0.332374,-3.11221,0.00148599,-0.0288495,-0.00901437,6.48404,0.000200009,1.13989e-10,-9.5514e-07,1.13989e-10,0.0002,-1.27465e-08,-9.5514e-07,-1.27465e-08,0.000199997
0.703265,0.336174,-3.11627,0.702872,0.333122,-3.11156,0.00136507,-0.0296265,-0.00826559,6.47993,0.000200009,9.44987e-11,-9.55083e-07,9.44987e-11,0.0002,-9.65327e-09,-9.55083e-07,-9.65327e-09,0.000199997
0.703335,0.340272,-3.1248,0.703779,0.345925,-3.12464,0.00153456,-0.0281279,-0.00779765,6.50742,0.000200009,8.44619e-11,-9.54991e-07,8.44619e-11,0.0002,-8.53423e-09,-9.54991e-07,-8.53423e-09,0.000199997
0.703468,0.343445,-3.13912,0.704167,0.344863,-3.12593,0.00166844,-0.0278551,-0.00412087,6.51558,0.000200009,3.92063e-11,-9.71937e-07,3.92063e-11,0.0002,-1.76085e-09,-9.71937e-07,-1.76085e-09,0.000199997
0.703646,0.345786,3.13241,0.70458,0.343719,-3.12783,0.00184612,-0.0283136,0.00141495,6.4729,0.000200009,2.58787e-12,-9.87875e-07,2.58787e-12,0.0002,2.62644e-09,-9.87875e-07,2.62644e-09,0.000199997
0.703804,0.347651,3.12965,0.704493,0.343621,-3.12779,0.00200437,-0.0293492,0.00764547,6.49308,0.000200009,-4.54014e-11,-9.99729e-07,-4.54014e-11,0.0002,8.43797e-09,-9.99729e-07,8.43797e-09,0.000199997
0.703892,0.349219,3.13275,0.704307,0.344269,-3.12688,0.00199166,-0.0305813,0.0137537,6.50428,0.000200009,-6.09645e-11,-9.98856e-07,-6.09645e-11,0.0002,8.98567e-09,-9.98856e-07,8.98567e-09,0.000199997
0.703936,0.350581,3.13629,0.704196,0.345021,-3.12609,0.00203565,-0.0319191,0.0182885,6.49149,0.000200009,-6.07221e-11,-9.91503e-07,-6.07221e-11,0.0002,7.74972e-09,-9.91503e-07,7.74972e-09,0.000199997
0.7044,0.353087,3.1297,0.705911,0.352214,3.10875,0.00240002,-0.0321127,0.0136986,10.0801,0.000200009,-9.42026e-11,-9.83353e-07,-9.42026e-11,0.0002,1.23856e-08,-9.83353e-07,1.23856e-08,0.000199997
0.704741,0.355027,3.1243,0.705829,0.351992,3.10875,0.00264112,-0.0329733,0.00930166,9.9915,0.000200009,-1.12518e-10,-9.74722e-07,-1.12518e-10,0.0002,1.42577e-08,-9.74722e-07,1.42577e-08,0.000199997
0.704995,0.356573,3.12011,0.705595,0.351968,3.10874,0.00279499,-0.0340271,0.00710914,10.1011,0.000200009,-1.58982e-10,-9.69098e-07,-1.58982e-10,0.0002,2.06676e-08,-9.69098e-07,2.06676e-08,0.000199997
0.705353,0.357836,3.11684,0.706399,0.352152,3.10884,0.00295279,-0.0355641,0.00483839,9.926,0.000200009,-1.92301e-10,-9.63785e-07,-1.92301e-10,0.0002,2.44501e-08,-9.63785e-07,2.44501e-08,0.000199997
0.705567,0.3587,3.11414,0.706019,0.351421,3.10841,0.00306736,-0.0373,0.00313685,10.0151,0.000200009,-2.24097e-10,-9.60346e-07,-2.24097e-10,0.0002,2.79945e-08,-9.60346e-07,2.79945e-08,0.000199997
0.704391,0.364319,3.10918,0.699094,0.376064,3.09505,0.00179108,-0.0343814,0.000182529,8.22237,0.000200009,-2.75221e-10,-9.58011e-07,-2.75221e-10,0.0002,3.46474e-08,-9.58011e-07,3.46474e-08,0.000199997
0.703535,0.36903,3.10565,0.699549,0.377199,3.09628,0.000835002,-0.0323702,-0.00234571,8.25631,0.000200009,-3.12833e-10,-9.5479e-07,-3.12833e-10,0.0002,3.87666e-08,-9.5479e-07,3.87666e-08,0.000199997
0.702682,0.372943,3.10304,0.698746,0.377865,3.09762,-0.000117889,-0.0311572,-0.00396427,8.25921,0.000200009,-3.38562e-10,-9.5443e-07,-3.38562e-10,0.0002,4.09982e-08,-9.5443e-07,4.09982e-08,0.000199997
0.702031,0.37624,3.10114,0.698891,0.378699,3.09861,-0.000969047,-0.0304601,-0.00486132,8.30286,0.000200009,-3.62757e-10,-9.54157e-07,-3.62757e-10,0.0002,4.33255e-08,-9.54157e-07,4.33255e-08,0.000199997
0.701416,0.378997,3.09992,0.698308,0.379302,3.09945,-0.00168363,-0.0304027,-0.00408404,8.29631,0.000200009,-4.05416e-10,-9.5381e-07,-4.05416e-10,0.0002,4.88121e-08,-9.5381e-07,4.88121e-08,0.000199997
0.700975,0.381164,3.09877,0.698558,0.379213,3.09926,-0.0023248,-0.0309361,-0.00422801,8.28132,0.000200008,-4.3879e-10,-9.50158e-07,-4.3879e-10,0.0002,5.26515e-08,-9.50158e-07,5.26515e-08,0.000199997
0.699807,0.385312,3.09491,0.694453,0.39113,3.08483,-0.00359299,-0.0294878,-0.00708988,9.53882,0.000200008,-4.58762e-10,-9.5297e-07,-4.58762e-10,0.0002,5.40496e-08,-9.5297e-07,5.40496e-08,0.000199997
0.698592,0.388125,3.09212,0.693176,0.391577,3.08568,-0.00490751,-0.028775,-0.00788294,9.49782,0.000200007,-4.20182e-10,-8.5951e-07,-4.20182e-10,0.0002,5.16613e-08,-8.5951e-07,5.16613e-08,0.000199997
0.697499,0.389551,3.08996,0.692798,0.392129,3.08671,-0.00610088,-0.0280492,-0.00903934,9.5739,0.000200005,-3.11393e-10,-6.50093e-07,-3.11393e-10,0.0002,4.3262e-08,-6.50093e-07,4.3262e-08,0.000199998
0.696466,0.390133,3.08901,0.692214,0.392255,3.0871,-0.00713354,-0.027467,-0.00998984,9.51716,0.000200003,-1.96505e-10,-4.22679e-07,-1.96505e-10,0.0002,3.14409e-08,-4.22679e-07,3.14409e-08,0.000199998
0.695568,0.39042,3.08804,0.691912,0.392424,3.08732,-0.00803186,-0.0269799,-0.00996181,9.53021,0.000200002,-1.18449e-10,-2.43145e-07,-1.18449e-10,0.0002,2.20681e-08,-2.43145e-07,2.20681e-08,0.000199999
0.694814,0.390653,3.08722,0.691747,0.392652,3.08775,-0.00888641,-0.026447,-0.00978075,9.54292,0.000200001,-7.11239e-11,-1.21444e-07,-7.11239e-11,0.0002,1.56678e-08,-1.21444e-07,1.56678e-08,0.000199999
0.695166,0.393527,3.08433,0.696487,0.40636,3.07755,-0.00853404,-0.0232729,-0.0116663,11.617,0.000200001,-4.23587e-11,-3.4964e-08,-4.23587e-11,0.0002,1.2762e-08,-3.4964e-08,1.2762e-08,0.000199999
0.695433,0.395949,3.08209,0.696477,0.407024,3.0782,-0.00826653,-0.0204509,-0.0119092,11.6485,0.0002,-2.43862e-11,2.19903e-08,-2.43862e-11,0.0002,8.97714e-09,2.19903e-08,8.97714e-09,0.0002
0.695493,0.397979,3.08046,0.695709,0.407483,3.079,-0.00820675,-0.0181214,-0.0125438,11.5494,0.0002,-1.3763e-11,5.84429e-08,-1.3763e-11,0.0002,6.45534e-09,5.84429e-08,6.45534e-09,0.0002
0.695484,0.399635,3.07944,0.695325,0.407758,3.0798,-0.00821614,-0.0160653,-0.0125636,11.5528,0.0002,-5.5549e-12,8.5382e-08,-5.5549e-12,0.0002,7.96099e-09,8.5382e-08,7.96099e-09,0.0002
0.695476,0.401118,3.07853,0.695373,0.408494,3.0803,-0.00832409,-0.0141821,-0.0124695,11.5759,0.0002,-9.17485e-13,1.00822e-07,-9.17485e-13,0.0002,7.27398e-09,1.00822e-07,7.27398e-09,0.0002
0.69544,0.402417,3.07798,0.695176,0.409111,3.08088,-0.00835992,-0.0125834,-0.0110151,11.5902,0.0002,3.25711e-12,1.12512e-07,3.25711e-12,0.0002,8.3849e-09,1.12512e-07,8.3849e-09,0.0002
0.694809,0.403368,3.07643,0.692169,0.408672,3.07527,-0.00899074,-0.0112322,-0.0115742,12.2916,0.0002,6.20784e-12,1.19996e-07,6.20784e-12,0.0002,9.06971e-09,1.19996e-07,9.06971e-09,0.0002
0.694277,0.404099,3.07525,0.692139,0.408515,3.07499,-0.00952298,-0.0101014,-0.0117498,12.255,0.0002,5.43181e-12,1.24566e-07,5.43181e-12,0.0002,6.04486e-09,1.24566e-07,6.04486e-09,0.0002
0.693843,0.404713,3.07423,0.691992,0.40867,3.07522,-0.0100571,-0.00908711,-0.0117712,12.3149,0.0002,7.30347e-12,1.27721e-07,7.30347e-12,0.0002,7.44083e-09,1.27721e-07,7.44083e-09,0.0002
0.693453,0.405216,3.07359,0.691771,0.408621,3.07548,-0.0104473,-0.00828415,-0.0114098,12.1458,0.0002,8.70224e-12,1.26347e-07,8.70224e-12,0.0002,8.52572e-09,1.26347e-07,8.52572e-09,0.0002
0.69316,0.405643,3.07306,0.691935,0.408902,3.07568,-0.0107395,-0.00745671,-0.00994361,12.2219,0.0002,8.23242e-12,1.30446e-07,8.23242e-12,0.0002,7.13743e-09,1.30446e-07,7.13743e-09,0.0002
0.693181,0.405552,3.07071,0.693207,0.406631,3.0661,-0.0107188,-0.00714781,-0.0112876,11.5203,0.0002,7.78645e-12,1.29675e-07,7.78645e-12,0.0002,6.45958e-09,1.29675e-07,6.45958e-09,0.0002
0.693213,0.405347,3.06883,0.693293,0.406074,3.06604,-0.010687,-0.00705349,-0.0121745,11.4488,0.0002,7.2382e-12,1.32581e-07,7.2382e-12,0.0002,5.67241e-09,1.32581e-07,5.67241e-09,0.0002
0.693261,0.405158,3.06719,0.6934,0.40585,3.06542,-0.010739,-0.00684161,-0.012808,11.5329,0.0002,6.80675e-12,1.31049e-07,6.80675e-12,0.0002,5.32652e-09,1.31049e-07,5.32652e-09,0.0002
0.693352,0.404985,3.06574,0.693617,0.405791,3.065,-0.0106477,-0.00661519,-0.0132619,11.4518,0.0002,7.83038e-12,1.31897e-07,7.83038e-12,0.0002,6.59421e-09,1.31897e-07,6.59421e-09,0.0002
0.693456,0.404921,3.06458,0.693868,0.406052,3.06503,-0.0105442,-0.00637901,-0.0124196,11.4997,0.0002,5.78189e-12,1.28789e-07,5.78189e-12,0.0002,4.20464e-09,1.28789e-07,4.20464e-09,0.0002
0.693589,0.404744,3.06362,0.69407,0.405479,3.06452,-0.0104115,-0.00615614,-0.0123841,11.5455,0.0002,5.50534e-12,1.28629e-07,5.50534e-12,0.0002,4.19103e-09,1.28629e-07,4.19103e-09,0.0002
0.693249,0.404619,3.06253,0.691892,0.405508,3.06327,-0.010751,-0.00588064,-0.01247,12.785,0.0002,3.93719e-12,1.26697e-07,3.93719e-12,0.0002,2.57244e-09,1.26697e-07,2.57244e-09,0.0002
0.693051,0.404602,3.06167,0.692211,0.405975,3.06298,-0.0109492,-0.00559821,-0.0123324,12.7126,0.0002,4.02611e-12,1.27293e-07,4.02611e-12,0.0002,3.05167e-09,1.27293e-07,3.05167e-09,0.0002
0.692837,0.404498,3.06115,0.691934,0.405526,3.0632,-0.0111633,-0.00530215,-0.0118514,12.7585,0.0002,4.12031e-12,1.27676e-07,4.12031e-12,0.0002,3.32587e-09,1.27676e-07,3.32587e-09,0.0002
0.692742,0.404383,3.06036,0.692317,0.405365,3.06259,-0.0112582,-0.00501742,-0.0116424,12.7104,0.0002,4.18507e-12,1.27922e-07,4.18507e-12,0.0002,3.46271e-09,1.27922e-07,3.46271e-09,0.0002
0.692694,0.404244,3.05996,0.692515,0.40518,3.06279,-0.0114061,-0.00485639,-0.0100449,12.7949,0.0002,2.69774e-12,1.29636e-07,2.69774e-12,0.0002,1.68884e-09,1.29636e-07,1.68884e-09,0.0002
0.692644,0.404178,3.05961,0.692343,0.405312,3.06267,-0.0114559,-0.0045218,-0.00939134,12.7501,0.0002,4.54973e-12,1.27622e-07,4.54973e-12,0.0002,4.20738e-09,1.27622e-07,4.20738e-09,0.0002
0.692358,0.403788,3.05795,0.691175,0.40367,3.05608,-0.0117416,-0.00461224,-0.0100503,13.0674,0.0002,4.51965e-12,1.27889e-07,4.51965e-12,0.0002,3.96305e-09,1.27889e-07,3.96305e-09,0.0002
0.692134,0.403423,3.05661,0.691196,0.403406,3.05536,-0.0119665,-0.00457738,-0.0103946,13.0378,0.0002,4.41161e-12,1.28062e-07,4.41161e-12,0.0002,3.73735e-09,1.28062e-07,3.73735e-09,0.0002
0.692032,0.403142,3.05531,0.69164,0.403408,3.05519,-0.0120675,-0.00455764,-0.0106933,13.0876,0.0002,2.92594e-12,1.26332e-07,2.92594e-12,0.0002,1.971e-09,1.26332e-07,1.971e-09,0.0002
0.691953,0.402952,3.05451,0.691599,0.403635,3.05548,-0.012147,-0.0043479,-0.010485,13.0683,0.0002,3.02734e-12,1.27069e-07,3.02734e-12,0.0002,2.34029e-09,1.27069e-07,2.34029e-09,0.0002
0.691926,0.402793,3.05368,0.691726,0.403551,3.0548,-0.0121739,-0.00420722,-0.0103176,13.0346,0.0002,4.60858e-12,1.25996e-07,4.60858e-12,0.0002,4.38133e-09,1.25996e-07,4.38133e-09,0.0002
0.691982,0.402597,3.05293,0.692218,0.403202,3.05438,-0.0122184,-0.00400264,-0.0100668,13.1176,0.0002,3.03744e-12,1.25009e-07,3.03744e-12,0.0002,2.2605e-09,1.25009e-07,2.2605e-09,0.0002
0.692125,0.402054,3.05124,0.692551,0.401228,3.0486,-0.0120754,-0.00424611,-0.00975851,12.1792,0.0002,5.97754e-12,1.23139e-07,5.97754e-12,0.0002,6.11043e-09,1.23139e-07,6.11043e-09,0.0002
0.692274,0.401519,3.04954,0.692845,0.400824,3.04748,-0.0119259,-0.00438104,-0.0104628,12.1579,0.0002,5.35158e-12,1.25029e-07,5.35158e-12,0.0002,4.7943e-09,1.25029e-07,4.7943e-09,0.0002
0.692423,0.400997,3.04811,0.693033,0.400192,3.04683,-0.0117766,-0.00460264,-0.0108929,12.1597,0.0002,3.61704e-12,1.20999e-07,3.61704e-12,0.0002,2.65749e-09,1.20999e-07,2.65749e-09,0.0002
0.692584,0.400583,3.04679,0.693156,0.40043,3.04661,-0.0116156,-0.00471656,-0.0112073,12.2387,0.0002,4.55517e-12,1.25517e-07,4.55517e-12,0.0002,3.96894e-09,1.25517e-07,3.96894e-09,0.0002
0.692735,0.40024,3.04589,0.693303,0.400206,3.04639,-0.0114653,-0.00465985,-0.0111139,12.1818,0.0002,4.19146e-12,1.23166e-07,4.19146e-12,0.0002,3.55111e-09,1.23166e-07,3.55111e-09,0.0002
0.692816,0.399781,3.0441,0.693159,0.399227,3.0414,-0.0114841,-0.00481862,-0.0119001,12.8139,0.0002,2.62912e-12,1.19805e-07,2.62912e-12,0.0002,1.71223e-09,1.19805e-07,1.71223e-09,0.0002
0.692986,0.399354,3.04246,0.693591,0.399043,3.04035,-0.011314,-0.00494561,-0.0125396,12.7663,0.0002,3.82516e-12,1.21374e-07,3.82516e-12,0.0002,3.51397e-09,1.21374e-07,3.51397e-09,0.0002
0.693181,0.399053,3.04107,0.693982,0.399126,3.03997,-0.011119,-0.00484748,-0.011926,12.8305,0.0002,2.28875e-12,1.18656e-07,2.28875e-12,0.0002,1.54809e-09,1.18656e-07,1.54809e-09,0.0002
0.693316,0.398709,3.03996,0.693829,0.398672,3.03964,-0.0109843,-0.00489143,-0.0120389,12.815,0.0002,2.2464e-12,1.1878e-07,2.2464e-12,0.0002,1.75678e-09,1.1878e-07,1.75678e-09,0.0002
0.693505,0.398423,3.03887,0.694238,0.398617,3.03928,-0.0107951,-0.00477749,-0.0121276,12.8505,0.0002,2.20197e-12,1.18861e-07,2.20197e-12,0.0002,1.83587e-09,1.18861e-07,1.83587e-09,0.0002
0.693707,0.398143,3.0379,0.69454,0.398306,3.03843,-0.010593,-0.00475693,-0.0121043,12.8275,0.0002,9.62214e-13,1.17045e-07,9.62214e-13,0.0002,3.27084e-10,1.17045e-07,3.27084e-10,0.0002
0.694146,0.397444,3.03593,0.695884,0.395986,3.03221,-0.0101539,-0.00515604,-0.0130663,12.0326,0.0002,1.14178e-12,1.17752e-07,1.14178e-12,0.0002,8.39178e-10,1.17752e-07,8.39178e-10,0.0002
0.69458,0.396925,3.03417,0.696346,0.396131,3.03156,-0.00972002,-0.00537469,-0.0138297,12.0163,0.0002,8.5341e-14,1.16332e-07,8.5341e-14,0.0002,-4.31202e-10,1.16332e-07,-4.31202e-10,0.0002
0.694914,0.396458,3.03272,0.696234,0.395926,3.03103,-0.00938633,-0.00544238,-0.0142832,12.0186,0.0002,3.64676e-13,1.17297e-07,3.64676e-13,0.0002,1.94264e-10,1.17297e-07,1.94264e-10,0.0002
0.695407,0.396057,3.03141,0.697415,0.395737,3.03061,-0.00889282,-0.00554255,-0.0145935,12.0372,0.0002,-5.82551e-13,1.16038e-07,-5.82551e-13,0.0002,-9.75742e-10,1.16038e-07,-9.75742e-10,0.0002
0.695827,0.395674,3.03023,0.697445,0.395539,3.02997,-0.00847342,-0.00562584,-0.0147687,12.0251,0.0002,9.46916e-13,1.18991e-07,9.46916e-13,0.0002,1.2261e-09,1.18991e-07,1.2261e-09,0.0002
0.696116,0.395257,3.02931,0.697355,0.394809,3.02974,-0.00818424,-0.00574319,-0.0146919,12.0735,0.0002,-1.30831e-12,1.15237e-07,-1.30831e-12,0.0002,-1.91403e-09,1.15237e-07,-1.91403e-09,0.0002
0.695782,0.39459,3.02747,0.694382,0.393215,3.02455,-0.00851773,-0.00600987,-0.0155318,11.3127,0.0002,5.61028e-13,1.151e-07,5.61028e-13,0.0002,9.16841e-10,1.151e-07,9.16841e-10,0.0002
0.695581,0.394007,3.02603,0.694698,0.39286,3.02411,-0.00871915,-0.00629317,-0.0159652,11.3546,0.0002,2.25573e-12,1.11635e-07,2.25573e-12,0.0002,3.04987e-09,1.11635e-07,3.04987e-09,0.0002
0.695462,0.393583,3.02475,0.695029,0.393169,3.02408,-0.00893792,-0.00641668,-0.016246,11.2847,0.0002,7.80613e-13,1.12406e-07,7.80613e-13,0.0002,5.78129e-10,1.12406e-07,5.78129e-10,0.0002
0.695361,0.393108,3.0237,0.694952,0.392548,3.02359,-0.00903923,-0.00659161,-0.0153047,11.2764,0.0002,6.20663e-13,1.14787e-07,6.20663e-13,0.0002,4.3678e-10,1.14787e-07,4.3678e-10,0.0002
0.695331,0.392763,3.02269,0.695256,0.39266,3.02313,-0.00906895,-0.00663727,-0.0153066,11.2729,0.0002,-6.56813e-13,1.1442e-07,-6.56813e-13,0.0002,-1.19007e-09,1.1442e-07,-1.19007e-09,0.0002
0.695465,0.392645,3.02203,0.695989,0.393408,3.02352,-0.00893456,-0.00645487,-0.0149662,11.2894,0.0002,-2.62679e-13,1.12697e-07,-2.62679e-13,0.0002,-3.75965e-10,1.12697e-07,-3.75965e-10,0.0002
0.695563,0.392521,3.02149,0.695896,0.393316,3.02314,-0.0088365,-0.00617919,-0.0145073,11.322,0.0002,1.16427e-12,1.13489e-07,1.16427e-12,0.0002,1.60694e-09,1.13489e-07,1.60694e-09,0.0002
0.69551,0.392401,3.02089,0.69534,0.393201,3.02294,-0.00889029,-0.00599917,-0.0141061,11.3015,0.0002,-2.34538e-13,1.13586e-07,-2.34538e-13,0.0002,-5.31374e-10,1.13586e-07,-5.31374e-10,0.0002
0.695524,0.392307,3.02059,0.69552,0.393224,3.02319,-0.00887646,-0.005793,-0.0134092,11.2321,0.0002,1.13611e-12,1.1406e-07,1.13611e-12,0.0002,1.46032e-09,1.1406e-07,1.46032e-09,0.0002
0.695623,0.392239,3.02018,0.696067,0.393245,3.023,-0.00877701,-0.00556137,-0.0128159,11.3207,0.0002,-3.01036e-13,1.13949e-07,-3.01036e-13,0.0002,-6.6214e-10,1.13949e-07,-6.6214e-10,0.0002
0.695581,0.392075,3.01973,0.695463,0.392701,3.02236,-0.00881852,-0.00542483,-0.0122689,11.2909,0.0002,-1.47365e-12,1.13878e-07,-1.47365e-12,0.0002,-2.03717e-09,1.13878e-07,-2.03717e-09,0.0002
0.69502,0.391603,3.01815,0.692766,0.390946,3.01595,-0.00937997,-0.00549734,-0.0128513,11.2744,0.0002,-9.63906e-13,1.12352e-07,-9.63906e-13,0.0002,-1.03503e-09,1.12352e-07,-1.03503e-09,0.0002
0.694627,0.391217,3.01686,0.693096,0.390847,3.01551,-0.00977264,-0.00558336,-0.0131409,11.3221,0.0002,-1.63163e-12,1.09475e-07,-1.63163e-12,0.0002,-1.93039e-09,1.09475e-07,-1.93039e-09,0.0002
0.694363,0.3908,3.01569,0.693254,0.390429,3.01484,-0.0100369,-0.0056995,-0.0133061,11.2942,0.0002,-7.69015e-14,1.11436e-07,-7.69015e-14,0.0002,3.98043e-10,1.11436e-07,3.98043e-10,0.0002
0.694115,0.390516,3.0147,0.693225,0.3906,3.01487,-0.0102848,-0.00568361,-0.0132966,11.2612,0.0002,-2.37243e-12,1.10359e-07,-2.37243e-12,0.0002,-3.01185e-09,1.10359e-07,-3.01185e-09,0.0002
0.693986,0.390244,3.01387,0.693464,0.390388,3.01467,-0.0104142,-0.00565593,-0.0131281,11.2616,0.0002,-1.79666e-12,1.101e-07,-1.79666e-12,0.0002,-1.85727e-09,1.101e-07,-1.85727e-09,0.0002
0.693904,0.390054,3.01328,0.693621,0.390467,3.01474,-0.0104956,-0.0055462,-0.0127163,11.2757,0.0002,-2.351e-12,1.08028e-07,-2.351e-12,0.0002,-2.61729e-09,1.08028e-07,-2.61729e-09,0.0002
0.694477,0.389916,3.0126,0.696717,0.390657,3.01367,-0.00992348,-0.00538408,-0.0124003,10.4766,0.0002,-7.37311e-13,1.10516e-07,-7.37311e-13,0.0002,-1.89509e-10,1.10516e-07,-1.89509e-10,0.0002
