EKF_x,EKF_y,EKF_theta,PM_x,PM_y,PM_theta,errorEKF_x,errorEKF_y,errorEKF_theta,errorPM,EKFCovXX,EKFCovXY,EKFCovXTheta,EKFCovYX,EKFCovYY,EKFCovYTheta,EKFCovThetaX,EKFCovThetaY,EKFCovThetaTheta
-0.675625,-0.313238,1.61706,-0.675625,-0.313238,1.61706,-0.0011931,0.00819632,0.0234399,0.92853,0.000999999,-2.29378e-23,-5.3154e-14,-1.82599e-23,0.000999999,-1.19969e-15,-5.31571e-14,-1.19959e-15,0.000999999
-0.675477,-0.313676,1.61776,-0.675337,-0.314094,1.61843,-0.00104559,0.00775811,0.0241413,0.960135,0.000512195,-5.46553e-24,-1.26482e-14,-4.35241e-24,0.000512195,-2.85471e-16,-1.26489e-14,-2.85447e-16,0.000512195
-0.675402,-0.313873,1.61809,-0.675268,-0.314223,1.61869,-0.000744284,0.00793845,0.0203152,0.970989,0.000359875,-2.2405e-24,-5.18272e-15,-1.78439e-24,0.000359875,-1.16975e-16,-5.18303e-15,-1.16965e-16,0.000359875
-0.673694,-0.314722,1.61603,-0.669525,-0.316794,1.61101,0.000964086,0.00708918,0.0182543,0.577165,0.000290717,-1.12737e-24,-2.60733e-15,-8.97912e-25,0.000290717,-5.88479e-17,-2.60749e-15,-5.88429e-17,0.000290717
-0.672647,-0.315273,1.61478,-0.669576,-0.316891,1.6111,0.00201114,0.00658326,0.0166195,0.588971,0.000254131,-6.27245e-25,-1.45052e-15,-4.99591e-25,0.000254131,-3.27383e-17,-1.4506e-15,-3.27356e-17,0.000254131
-0.671933,-0.31566,1.61394,-0.669586,-0.316929,1.6112,0.00272504,0.00619718,0.0157839,0.588971,0.000233206,-3.68825e-25,-8.52865e-16,-2.93768e-25,0.000233206,-1.92493e-17,-8.52915e-16,-1.92476e-17,0.000233206
-0.671405,-0.315945,1.61335,-0.669539,-0.316955,1.61127,0.00325339,0.00591133,0.0151931,0.588971,0.000220702,-2.23997e-25,-5.1795e-16,-1.78415e-25,0.000220702,-1.16902e-17,-5.1798e-16,-1.16892e-17,0.000220702
-0.670989,-0.316165,1.61292,-0.669451,-0.316975,1.61131,0.00369359,0.00567596,0.0147575,0.588971,0.000213033,-1.38728e-25,-3.20775e-16,-1.10498e-25,0.000213033,-7.23994e-18,-3.20794e-16,-7.23932e-18,0.000213033
-0.67066,-0.316339,1.61259,-0.669409,-0.317,1.61133,0.00402261,0.00550206,0.0144279,0.58226,0.000208255,-8.69643e-26,-2.01081e-16,-6.9268e-26,0.000208255,-4.53843e-18,-2.01093e-16,-4.53804e-18,0.000208255
-0.67107,-0.316014,1.6138,-0.672658,-0.314755,1.61848,0.00340094,0.00552639,0.0190868,0.660712,0.000205249,-5.49297e-26,-1.27009e-16,-4.37522e-26,0.000205249,-2.8666e-18,-1.27016e-16,-2.86636e-18,0.000205249
-0.6714,-0.315746,1.61479,-0.672692,-0.314696,1.61866,0.00307102,0.00579441,0.0200755,0.680036,0.000203345,-3.48618e-26,-8.06072e-17,-2.77679e-26,0.000203345,-1.81932e-18,-8.0612e-17,-1.81916e-18,0.000203345
-0.671674,-0.315535,1.61556,-0.672754,-0.314704,1.61862,0.00279727,0.006005,0.0208501,0.680036,0.000202135,-2.21927e-26,-5.13136e-17,-1.76768e-26,0.000202135,-1.15816e-18,-5.13166e-17,-1.15806e-18,0.000202135
-0.671897,-0.315378,1.61615,-0.672782,-0.314756,1.61849,0.00275475,0.00629981,0.0193799,0.653863,0.000201364,-1.4155e-26,-3.27288e-17,-1.12746e-26,0.000201364,-7.38694e-19,-3.27307e-17,-7.38631e-19,0.000201364
-0.672081,-0.315251,1.61662,-0.672814,-0.314745,1.61847,0.00257047,0.00642704,0.0198467,0.653863,0.000200872,-9.03945e-27,-2.09008e-17,-7.20005e-27,0.000200872,-4.71734e-19,-2.0902e-17,-4.71694e-19,0.000200872
-0.672463,-0.315215,1.61675,-0.673984,-0.315074,1.61727,0.00225095,0.00657076,0.0187577,0.641629,0.000200558,-5.77719e-27,-1.33579e-17,-4.60162e-27,0.000200558,-3.01489e-19,-1.33586e-17,-3.01463e-19,0.000200558
-0.672768,-0.315188,1.61685,-0.673987,-0.315077,1.61725,0.00194566,0.00659853,0.0188586,0.648296,0.000200357,-3.6941e-27,-8.54141e-18,-2.94241e-27,0.000200357,-1.92781e-19,-8.54191e-18,-1.92764e-19,0.000200357
-0.673015,-0.31516,1.61693,-0.674,-0.315048,1.61725,0.00169901,0.00662645,0.0189384,0.648296,0.000200228,-2.36288e-27,-5.46338e-18,-1.88207e-27,0.000200228,-1.23309e-19,-5.4637e-18,-1.23299e-19,0.000200228
-0.673212,-0.315136,1.61699,-0.674002,-0.31504,1.61723,0.00132664,0.00634618,0.0223398,0.648296,0.000200146,-1.51169e-27,-3.49529e-18,-1.20408e-27,0.000200146,-7.88891e-20,-3.49549e-18,-7.88824e-20,0.000200146
-0.673374,-0.315107,1.61705,-0.674022,-0.314991,1.61731,0.00116469,0.00637505,0.0224046,0.648296,0.000200093,-9.67256e-28,-2.23646e-18,-7.70434e-28,0.000200093,-5.04772e-20,-2.23659e-18,-5.0473e-20,0.000200093
-0.6735,-0.315097,1.61708,-0.674001,-0.315058,1.61716,0.00104553,0.00633167,0.0227466,0.648296,0.00020006,-6.18951e-28,-1.43112e-18,-4.93004e-28,0.00020006,-3.23006e-20,-1.43121e-18,-3.22979e-20,0.00020006
-0.672934,-0.314822,1.61657,-0.67067,-0.313723,1.61452,0.00161152,0.00660655,0.0222356,0.566749,0.000200038,-3.96091e-28,-9.1583e-19,-3.15492e-28,0.000200038,-2.06704e-20,-9.15884e-19,-2.06687e-20,0.000200038
-0.672465,-0.314593,1.61615,-0.670593,-0.313675,1.61447,0.0020797,0.0068361,0.0218164,0.572709,0.000200025,-2.53483e-28,-5.86095e-19,-2.01903e-28,0.000200025,-1.32283e-20,-5.8613e-19,-1.32271e-20,0.000200025
-0.672082,-0.3144,1.6158,-0.670548,-0.313627,1.61441,0.00268382,0.00730167,0.0180798,0.569189,0.000200016,-1.62223e-28,-3.75086e-19,-1.29213e-28,0.000200016,-8.46575e-21,-3.75108e-19,-8.46503e-21,0.000200016
-0.671764,-0.31424,1.6155,-0.670492,-0.3136,1.61432,0.00300187,0.00746159,0.0177841,0.562432,0.00020001,-1.0382e-28,-2.40049e-19,-8.26941e-29,0.00020001,-5.41794e-21,-2.40063e-19,-5.41748e-21,0.00020001
-0.671502,-0.314101,1.61526,-0.670454,-0.313549,1.61428,0.00328725,0.00762649,0.0173091,0.555675,0.000200006,-6.64436e-29,-1.53629e-19,-5.29234e-29,0.000200006,-3.46743e-21,-1.53638e-19,-3.46713e-21,0.000200006
-0.672056,-0.314463,1.61639,-0.674273,-0.315909,1.62093,0.00273302,0.00726493,0.0184438,1.11228,0.000200004,-4.25235e-29,-9.83215e-20,-3.38706e-29,0.000200004,-2.21913e-21,-9.83273e-20,-2.21894e-21,0.000200004
-0.672489,-0.31479,1.61735,-0.674221,-0.316099,1.62115,0.00199629,0.00659318,0.0237353,1.12544,0.000200003,-2.72148e-29,-6.29254e-20,-2.1677e-29,0.000200003,-1.42023e-21,-6.29291e-20,-1.42011e-21,0.000200003
-0.672828,-0.315066,1.61814,-0.674184,-0.316171,1.6213,0.00165721,0.00631707,0.0245261,1.13512,0.000200002,-1.74174e-29,-4.02721e-20,-1.38733e-29,0.000200002,-9.08946e-22,-4.02744e-20,-9.08869e-22,0.000200002
-0.673095,-0.315297,1.61878,-0.674162,-0.316221,1.62136,0.00139045,0.00608606,0.0251714,1.12854,0.000200001,-1.11471e-29,-2.57741e-20,-8.87886e-30,0.000200001,-5.81724e-22,-2.57756e-20,-5.81675e-22,0.000200001
-0.673305,-0.31549,1.61932,-0.674148,-0.31626,1.62145,0.0011966,0.00599375,0.0250562,1.12854,0.000200001,-7.13415e-30,-1.64954e-20,-5.68246e-30,0.000200001,-3.72303e-22,-1.64963e-20,-3.72271e-22,0.000200001
-0.673468,-0.315652,1.61974,-0.674117,-0.316302,1.62143,0.0010342,0.0058314,0.0254797,1.13622,0.0002,-4.56585e-30,-1.0557e-20,-3.63677e-30,0.0002,-2.38273e-22,-1.05576e-20,-2.38253e-22,0.0002
-0.673031,-0.315187,1.62471,-0.671281,-0.313326,1.64457,0.00143385,0.00634788,0.0303567,0.47,0.0002,-2.92214e-30,-6.75649e-21,-2.32753e-30,0.0002,-1.52495e-22,-6.75689e-21,-1.52482e-22,0.0002
-0.672658,-0.314934,1.62852,-0.671068,-0.31381,1.64535,0.00180643,0.00660076,0.0341739,0.460976,0.0002,-7.55789e-14,3.58059e-09,-7.55789e-14,0.0002,-3.21645e-09,3.58059e-09,-3.21645e-09,0.0002
-0.672357,-0.314866,1.63139,-0.670968,-0.314157,1.64594,0.00210724,0.00666872,0.0370362,0.448259,0.0002,-8.74196e-13,1.62705e-08,-8.74196e-13,0.0002,-8.07939e-09,1.62705e-08,-8.07939e-09,0.0002
-0.672094,-0.31487,1.63356,-0.670857,-0.314448,1.64641,0.00272383,0.0069627,0.0356237,0.455016,0.0002,-1.92563e-12,2.44077e-08,-1.92563e-12,0.0002,-1.11553e-08,2.44077e-08,-1.11553e-08,0.0002
-0.671846,-0.314867,1.6357,-0.670757,-0.314741,1.64681,0.00297172,0.00696592,0.0377563,0.46853,0.0002,-1.66403e-12,1.9229e-08,-1.66403e-12,0.0002,-1.03249e-08,1.9229e-08,-1.03249e-08,0.0002
-0.672595,-0.314476,1.633,-0.675588,-0.31291,1.62324,0.00209168,0.00739,0.0348888,1.00273,0.0002,-9.63327e-13,1.23066e-08,-9.63327e-13,0.0002,-6.60794e-09,1.23066e-08,-6.60794e-09,0.0002
-0.67321,-0.314129,1.63098,-0.675672,-0.312743,1.62293,0.00147616,0.00773647,0.0328752,1.01758,0.0002,-5.74893e-13,7.87622e-09,-5.74893e-13,0.0002,-4.22908e-09,7.87622e-09,-4.22908e-09,0.0002
-0.673721,-0.313824,1.62932,-0.675761,-0.312602,1.62265,0.000965913,0.00804199,0.0312087,0.984463,0.0002,-3.50877e-13,5.04078e-09,-3.50877e-13,0.0002,-2.70661e-09,5.04078e-09,-2.70661e-09,0.0002
-0.674135,-0.313545,1.62796,-0.675793,-0.312431,1.6225,0.000304571,0.00804589,0.0332553,1.01095,0.0002,-2.17576e-13,3.2261e-09,-2.17576e-13,0.0002,-1.73223e-09,3.2261e-09,-1.73223e-09,0.0002
-0.674478,-0.313302,1.62682,-0.67585,-0.312332,1.62228,-3.84588e-05,0.00828852,0.0321195,0.98419,0.0002,-1.36387e-13,2.0647e-09,-1.36387e-13,0.0002,-1.10863e-09,2.0647e-09,-1.10863e-09,0.0002
-0.674761,-0.313088,1.62588,-0.675894,-0.312231,1.62213,-0.000149975,0.0087864,0.0280513,0.977568,0.0002,-8.61159e-14,1.32141e-09,-8.61159e-14,0.0002,-7.09522e-10,1.32141e-09,-7.09522e-10,0.0002
-0.674673,-0.313329,1.6255,-0.67432,-0.314295,1.62395,-6.16845e-05,0.00854507,0.0276657,0.761899,0.0002,-5.46342e-14,8.45702e-10,-5.46342e-14,0.0002,-4.54094e-10,8.45702e-10,-4.54094e-10,0.0002
-0.674601,-0.313528,1.6252,-0.674314,-0.314322,1.624,1.00716e-05,0.00834658,0.0273662,0.761899,0.0002,-3.47692e-14,5.41249e-10,-3.47692e-14,0.0002,-2.9062e-10,5.41249e-10,-2.9062e-10,0.0002
-0.674521,-0.313672,1.62506,-0.6743,-0.31436,1.624,0.000103734,0.00821835,0.027011,0.76861,0.0002,-8.60561e-14,-3.23743e-09,-8.60561e-14,0.0002,3.02684e-09,-3.23743e-09,3.02684e-09,0.0002
-0.674446,-0.313594,1.62527,-0.674299,-0.314354,1.62405,0.000179105,0.00829658,0.0272233,0.761899,0.0002,-1.66609e-12,-3.64275e-08,-1.66609e-12,0.0002,6.87024e-09,-3.64275e-08,6.87024e-09,0.0002
-0.674497,-0.313103,1.62583,-0.674318,-0.314315,1.62392,0.000127767,0.00878718,0.0277814,0.766558,0.0002,6.34346e-12,-1.2488e-07,6.34346e-12,0.0002,-8.06429e-09,-1.2488e-07,-8.06429e-09,0.0002
-0.6746,-0.312644,1.62524,-0.674398,-0.316205,1.62338,-1.19805e-05,0.00928093,0.0270979,0.93112,0.0002,4.20947e-11,-2.52674e-07,4.20947e-11,0.0002,-2.48812e-08,-2.52674e-07,-2.48812e-08,0.0002
-0.674662,-0.311748,1.62418,-0.674485,-0.316023,1.62305,-7.39768e-05,0.0101769,0.0260399,0.928891,0.000200001,8.66341e-11,-4.13199e-07,8.66341e-11,0.0002,-2.94331e-08,-4.13199e-07,-2.94331e-08,0.0002
-0.674794,-0.3106,1.62326,-0.674588,-0.315767,1.6227,-0.000422767,0.0110514,0.0285521,0.902046,0.000200002,1.75874e-10,-5.76767e-07,1.75874e-10,0.0002,-4.20987e-08,-5.76767e-07,-4.20987e-08,0.000199999
-0.674986,-0.309202,1.62268,-0.674706,-0.315483,1.6224,-0.000614885,0.0124493,0.0279656,0.902986,0.000200004,3.31439e-10,-7.49085e-07,3.31439e-10,0.0002,-6.03306e-08,-7.49085e-07,-6.03306e-08,0.000199999
-0.675063,-0.307835,1.62201,-0.674812,-0.315227,1.62192,-0.000692335,0.0138156,0.0272977,0.923023,0.000200006,3.96653e-10,-8.9085e-07,3.96653e-10,0.0002,-5.63008e-08,-8.9085e-07,-5.63008e-08,0.000199998
-0.675155,-0.306564,1.62137,-0.674938,-0.314975,1.62142,-0.000412033,0.0122286,0.0246229,0.894427,0.000200008,4.51591e-10,-1.00198e-06,4.51591e-10,0.0002,-5.44789e-08,-1.00198e-06,-5.44789e-08,0.000199998
-0.675058,-0.303962,1.62081,-0.67421,-0.306735,1.62165,-0.000314937,0.0148308,0.0240556,0.6584,0.000200009,4.5672e-10,-1.06309e-06,4.5672e-10,0.0002,-4.90754e-08,-1.06309e-06,-4.90754e-08,0.000199997
-0.675041,-0.301781,1.61987,-0.674408,-0.306341,1.62077,-0.000495108,0.0111688,0.0260167,0.669373,0.00020001,4.79226e-10,-1.10544e-06,4.79226e-10,0.0002,-4.87795e-08,-1.10544e-06,-4.87795e-08,0.000199997
-0.675139,-0.299897,1.61846,-0.67464,-0.305944,1.62006,-0.000593244,0.0130535,0.0246058,0.639199,0.000200011,5.73416e-10,-1.14229e-06,5.73416e-10,0.0002,-5.85968e-08,-1.14229e-06,-5.85968e-08,0.000199996
-0.675256,-0.298222,1.61635,-0.674832,-0.305325,1.6193,-0.000710277,0.0147277,0.0224972,0.624273,0.000200012,6.46284e-10,-1.17273e-06,6.46284e-10,0.0002,-6.4121e-08,-1.17273e-06,-6.4121e-08,0.000199996
-0.675358,-0.296771,1.61388,-0.675099,-0.304775,1.61849,-0.000175618,0.00730517,0.0164776,0.6404,0.000200013,6.39301e-10,-1.19258e-06,6.39301e-10,0.0002,-5.95814e-08,-1.19258e-06,-5.95814e-08,0.000199996
-0.675429,-0.295433,1.61173,-0.675267,-0.304329,1.61761,-0.000246764,0.00864266,0.0143266,0.627067,0.000200013,5.76389e-10,-1.21919e-06,5.76389e-10,0.0002,-4.93201e-08,-1.21919e-06,-4.93201e-08,0.000199995
-0.674115,-0.291704,1.60635,-0.668979,-0.290841,1.59939,0.000907659,0.00296143,0.0120938,0.238533,0.000200014,4.01787e-10,-1.22995e-06,4.01787e-10,0.0002,-2.79146e-08,-1.22995e-06,-2.79146e-08,0.000199995
-0.673013,-0.288542,1.6025,-0.668797,-0.28952,1.59745,0.00200988,0.00612394,0.00823734,0.200071,0.000200014,2.42126e-10,-1.22321e-06,2.42126e-10,0.0002,-1.18159e-08,-1.22321e-06,-1.18159e-08,0.000199995
-0.672179,-0.285789,1.60007,-0.668658,-0.288394,1.59555,0.002844,0.00887616,0.00580665,0.202815,0.000200014,2.20678e-10,-1.21847e-06,2.20678e-10,0.0002,-1.40024e-08,-1.21847e-06,-1.40024e-08,0.000199995
-0.671441,-0.283391,1.59848,-0.668546,-0.28742,1.59422,0.00367179,0.00314144,0.0148389,0.199963,0.000200014,1.49479e-10,-1.21564e-06,1.49479e-10,0.0002,-7.87727e-09,-1.21564e-06,-7.87727e-09,0.000199995
-0.670887,-0.281257,1.5972,-0.668433,-0.286437,1.59264,0.00422562,0.00527588,0.0135642,0.201097,0.000200014,1.7471e-10,-1.21695e-06,1.7471e-10,0.0002,-1.37342e-08,-1.21695e-06,-1.37342e-08,0.000199995
-0.67233,-0.274639,1.59521,-0.677904,-0.261888,1.5877,0.00274107,0.00365613,0.0154587,2.3116,0.000200014,1.93578e-10,-1.21779e-06,1.93578e-10,0.0002,-1.6923e-08,-1.21779e-06,-1.6923e-08,0.000199995
-0.67346,-0.269304,1.59375,-0.678011,-0.261686,1.58738,0.00161141,0.00899156,0.0140033,2.29508,0.000200014,1.4908e-10,-1.21852e-06,1.4908e-10,0.0002,-1.1397e-08,-1.21852e-06,-1.1397e-08,0.000199995
-0.674367,-0.265028,1.59253,-0.678048,-0.261435,1.58708,0.000703719,0.0132677,0.0127778,2.29794,0.000200014,1.07166e-10,-1.21217e-06,1.07166e-10,0.0002,-7.06413e-09,-1.21217e-06,-7.06413e-09,0.000199995
-0.675136,-0.261479,1.59148,-0.67805,-0.261218,1.58676,-0.000239343,0.00801789,0.0147013,2.28064,0.000200014,1.28278e-10,-1.22158e-06,1.28278e-10,0.0002,-1.08638e-08,-1.22158e-06,-1.08638e-08,0.000199995
-0.675741,-0.258592,1.59025,-0.678115,-0.260871,1.58633,-0.000843924,0.0109051,0.0134682,2.29112,0.000200014,1.13418e-10,-1.22427e-06,1.13418e-10,0.0002,-9.18392e-09,-1.22427e-06,-9.18392e-09,0.000199995
-0.676281,-0.256221,1.58898,-0.678198,-0.260558,1.58596,-0.00185319,0.00872746,0.0125786,2.27955,0.000200014,1.51281e-10,-1.22587e-06,1.51281e-10,0.0002,-1.4254e-08,-1.22587e-06,-1.4254e-08,0.000199995
-0.675209,-0.253041,1.58753,-0.670781,-0.254682,1.58538,-0.000780725,0.0119067,0.0111274,0.328786,0.000200014,1.52394e-10,-1.24397e-06,1.52394e-10,0.0002,-1.36567e-08,-1.24397e-06,-1.36567e-08,0.000199995
-0.674315,-0.250444,1.58669,-0.670947,-0.254098,1.58439,0.000113297,0.0145042,0.0102873,0.309235,0.000200014,6.38341e-11,-1.24553e-06,6.38341e-11,0.0002,-2.52837e-09,-1.24553e-06,-2.52837e-09,0.000199995
-0.673579,-0.248306,1.58634,-0.67097,-0.253692,1.5834,0.00101153,0.00767484,0.0110957,0.317265,0.000200014,-3.56246e-11,-1.24317e-06,-3.56246e-11,0.0002,8.13875e-09,-1.24317e-06,8.13875e-09,0.000199995
-0.672997,-0.246484,1.58569,-0.67101,-0.253138,1.5826,0.00159325,0.00949625,0.0104481,0.304537,0.000200014,-1.1459e-10,-1.24166e-06,-1.1459e-10,0.0002,1.52379e-08,-1.24166e-06,1.52379e-08,0.000199995
-0.672645,-0.244852,1.58466,-0.671048,-0.252575,1.58158,0.00204894,0.00222944,0.0122567,0.300373,0.000200015,-3.80645e-11,-1.25064e-06,-3.80645e-11,0.0002,3.07926e-09,-1.25064e-06,3.07926e-09,0.000199995
-0.672535,-0.240485,1.58704,-0.671918,-0.237161,1.59813,0.00215899,0.0065967,0.0146398,0.428076,0.000200015,-6.08335e-12,-1.25303e-06,-6.08335e-12,0.0002,-7.24066e-10,-1.25303e-06,-7.24066e-10,0.000199995
-0.672488,-0.236944,1.58838,-0.671991,-0.237028,1.5979,0.00220647,0.010138,0.0159833,0.428076,0.000200015,5.42814e-11,-1.25791e-06,5.42814e-11,0.0002,-7.39861e-09,-1.25791e-06,-7.39861e-09,0.000199995
-0.672473,-0.234111,1.5898,-0.672105,-0.236817,1.59752,0.00168725,0.00364106,0.0126756,0.422329,0.000200015,1.07045e-10,-1.25422e-06,1.07045e-10,0.0002,-1.24027e-08,-1.25422e-06,-1.24027e-08,0.000199995
-0.672444,-0.231753,1.59126,-0.672224,-0.236575,1.59712,0.0017162,0.00599893,0.014141,0.410835,0.000200015,9.96544e-11,-1.25877e-06,9.96544e-11,0.0002,-9.79607e-09,-1.25877e-06,-9.79607e-09,0.000199995
-0.672475,-0.22984,1.59264,-0.672386,-0.23633,1.5966,0.00256882,-0.000616604,0.0174596,0.387846,0.000200015,1.25922e-10,-1.25821e-06,1.25922e-10,0.0002,-1.23048e-08,-1.25821e-06,-1.23048e-08,0.000199995
-0.67253,-0.228203,1.59343,-0.67252,-0.23601,1.59609,0.00251416,0.00102063,0.0182543,0.410835,0.000200015,1.51943e-10,-1.26464e-06,1.51943e-10,0.0002,-1.45667e-08,-1.26464e-06,-1.45667e-08,0.000199994
-0.672512,-0.222266,1.59441,-0.672192,-0.212663,1.59883,0.00242461,-0.00277476,0.0211897,0.50827,0.000200015,1.71692e-10,-1.26195e-06,1.71692e-10,0.0002,-1.61074e-08,-1.26195e-06,-1.61074e-08,0.000199994
-0.672485,-0.217471,1.5947,-0.672121,-0.212435,1.59845,0.00245129,0.00202016,0.0214798,0.500725,0.000200015,1.8792e-10,-1.26023e-06,1.8792e-10,0.0002,-1.73006e-08,-1.26023e-06,-1.73006e-08,0.000199994
-0.6726,-0.213441,1.59513,-0.672588,-0.211883,1.59738,0.00233627,0.00605057,0.0219114,0.476292,0.000200015,2.63946e-10,-1.27257e-06,2.63946e-10,0.0002,-2.55579e-08,-1.27257e-06,-2.55579e-08,0.000199994
-0.672597,-0.210126,1.59541,-0.672648,-0.211337,1.59652,0.00215923,0.00525554,0.018879,0.459303,0.000200015,1.823e-10,-1.27747e-06,1.823e-10,0.0002,-1.40099e-08,-1.27747e-06,-1.40099e-08,0.000199994
-0.672662,-0.207376,1.59586,-0.672789,-0.210628,1.59561,0.00209359,0.0080057,0.0193328,0.457877,0.000200015,1.73249e-10,-1.27363e-06,1.73249e-10,0.0002,-1.36208e-08,-1.27363e-06,-1.36208e-08,0.000199994
-0.672579,-0.203231,1.59577,-0.672103,-0.200904,1.59538,0.00222745,-0.00223506,0.0233564,0.548351,0.000200015,1.66674e-10,-1.27117e-06,1.66674e-10,0.0002,-1.33427e-08,-1.27117e-06,-1.33427e-08,0.000199994
-0.67254,-0.19988,1.59578,-0.672139,-0.200831,1.59532,0.00226574,0.00111617,0.0233692,0.532222,0.000200015,1.91631e-10,-1.27292e-06,1.91631e-10,0.0002,-1.66674e-08,-1.27292e-06,-1.66674e-08,0.000199994
-0.672577,-0.197229,1.59513,-0.672263,-0.200764,1.59512,0.00222941,0.00376701,0.0227186,0.532519,0.000200015,2.63329e-10,-1.26707e-06,2.63329e-10,0.0002,-2.50833e-08,-1.26707e-06,-2.50833e-08,0.000199994
-0.672626,-0.195039,1.59475,-0.672369,-0.200629,1.59481,0.00207829,0.00116251,0.0212432,0.52718,0.000200015,3.20685e-10,-1.27014e-06,3.20685e-10,0.0002,-3.04551e-08,-1.27014e-06,-3.04551e-08,0.000199994
-0.672597,-0.193153,1.59435,-0.672444,-0.200399,1.5943,0.00210786,0.00304788,0.0208424,0.520831,0.000200015,2.53897e-10,-1.28604e-06,2.53897e-10,0.0002,-2.04321e-08,-1.28604e-06,-2.04321e-08,0.000199994
-0.672657,-0.191705,1.59446,-0.672567,-0.200159,1.59386,0.00182097,-0.00437039,0.0212002,0.510078,0.000200015,2.7931e-10,-1.27896e-06,2.7931e-10,0.0002,-2.39357e-08,-1.27896e-06,-2.39357e-08,0.000199994
-0.672618,-0.186247,1.5966,-0.672063,-0.178451,1.60514,0.00185985,0.00108713,0.0233355,0.512307,0.000200015,2.96658e-10,-1.26762e-06,2.96658e-10,0.0002,-2.5948e-08,-1.26762e-06,-2.5948e-08,0.000199994
-0.672561,-0.181826,1.59822,-0.672012,-0.178494,1.60523,0.00191716,0.0055088,0.0249588,0.508813,0.000200015,2.93047e-10,-1.27064e-06,2.93047e-10,0.0002,-2.49966e-08,-1.27064e-06,-2.49966e-08,0.000199994
-0.672525,-0.178197,1.59945,-0.672045,-0.17825,1.60491,0.00201398,-0.000177547,0.0248523,0.500319,0.000200015,2.98493e-10,-1.27936e-06,2.98493e-10,0.0002,-2.53192e-08,-1.27936e-06,-2.53192e-08,0.000199994
-0.67254,-0.175266,1.60007,-0.672052,-0.177892,1.6041,0.00199865,0.00275305,0.0254697,0.505638,0.000200015,3.60713e-10,-1.27794e-06,3.60713e-10,0.0002,-3.25915e-08,-1.27794e-06,-3.25915e-08,0.000199994
-0.672507,-0.172759,1.60063,-0.672025,-0.177508,1.6034,0.00195983,-0.00375763,0.0267818,0.490485,0.000200015,3.62225e-10,-1.29082e-06,3.62225e-10,0.0002,-3.1241e-08,-1.29082e-06,-3.1241e-08,0.000199994
-0.672233,-0.167588,1.6001,-0.670824,-0.161685,1.59746,0.00223379,0.00141329,0.0262481,0.294416,0.000200016,3.65056e-10,-1.29905e-06,3.65056e-10,0.0002,-3.07649e-08,-1.29905e-06,-3.07649e-08,0.000199994
-0.672001,-0.163512,1.59997,-0.670881,-0.161673,1.59742,0.00246608,0.00548921,0.0261239,0.299492,0.000200016,3.32398e-10,-1.29422e-06,3.32398e-10,0.0002,-2.66852e-08,-1.29422e-06,-2.66852e-08,0.000199994
-0.671806,-0.160215,1.59936,-0.670838,-0.161493,1.5969,0.00277027,-0.00041156,0.0276772,0.28934,0.000200016,3.03687e-10,-1.29113e-06,3.03687e-10,0.0002,-2.37772e-08,-1.29113e-06,-2.37772e-08,0.000199994
-0.671633,-0.157512,1.59823,-0.670552,-0.160944,1.59579,0.0029435,0.00229188,0.0265485,0.274112,0.000200015,3.3176e-10,-1.28217e-06,3.3176e-10,0.0002,-2.80041e-08,-1.28217e-06,-2.80041e-08,0.000199994
-0.671546,-0.155311,1.59677,-0.670514,-0.160427,1.59455,0.00193956,-0.00511022,0.0224169,0.28129,0.000200015,4.29365e-10,-1.26597e-06,4.29365e-10,0.0002,-3.99533e-08,-1.26597e-06,-3.99533e-08,0.000199994
-0.671385,-0.153281,1.59569,-0.67038,-0.159832,1.59344,0.0021,-0.00307985,0.0213358,0.271613,0.000200015,4.2806e-10,-1.27971e-06,4.2806e-10,0.0002,-3.75223e-08,-1.27971e-06,-3.75223e-08,0.000199994
-0.67181,-0.147844,1.59712,-0.673089,-0.140769,1.60388,0.00167523,0.00235673,0.0227686,0.576332,0.000200015,4.2117e-10,-1.28851e-06,4.2117e-10,0.0002,-3.55804e-08,-1.28851e-06,-3.55804e-08,0.000199994
-0.672119,-0.143561,1.59891,-0.673144,-0.140895,1.60401,0.00189753,0.00229976,0.0261016,0.571332,0.000200015,3.62701e-10,-1.28749e-06,3.62701e-10,0.0002,-2.8388e-08,-1.28749e-06,-2.8388e-08,0.000199994
-0.672413,-0.140113,1.60032,-0.673154,-0.140776,1.60386,0.00160333,0.00574843,0.027507,0.581332,0.000200015,3.80461e-10,-1.28663e-06,3.80461e-10,0.0002,-3.14186e-08,-1.28663e-06,-3.14186e-08,0.000199994
-0.672652,-0.137282,1.6008,-0.673265,-0.140525,1.60324,0.00188508,-0.000714875,0.0307295,0.576332,0.000200016,3.71475e-10,-1.28958e-06,3.71475e-10,0.0002,-3.04073e-08,-1.28958e-06,-3.04073e-08,0.000199994
-0.67283,-0.134975,1.60081,-0.673302,-0.140214,1.60291,0.00170735,0.00159137,0.0307393,0.569301,0.000200015,3.34612e-10,-1.28816e-06,3.34612e-10,0.0002,-2.63019e-08,-1.28816e-06,-2.63019e-08,0.000199994
-0.673025,-0.133032,1.60073,-0.673352,-0.139929,1.60246,0.00151204,0.00353472,0.030656,0.554301,0.000200016,3.66267e-10,-1.29385e-06,3.66267e-10,0.0002,-3.06833e-08,-1.29385e-06,-3.06833e-08,0.000199994
-0.67317,-0.127917,1.60014,-0.673321,-0.122342,1.59778,0.0012203,-0.000687995,0.0265478,0.590609,0.000200016,3.975e-10,-1.30429e-06,3.975e-10,0.0002,-3.38949e-08,-1.30429e-06,-3.38949e-08,0.000199994
-0.673324,-0.123872,1.60007,-0.673316,-0.122357,1.59772,0.00106628,0.00335704,0.0264774,0.588881,0.000200016,4.76771e-10,-1.30397e-06,4.76771e-10,0.0002,-4.25169e-08,-1.30397e-06,-4.25169e-08,0.000199994
-0.673387,-0.120653,1.60011,-0.67334,-0.122345,1.5977,0.00175344,-0.00272016,0.0286214,0.583931,0.000200016,4.49997e-10,-1.30067e-06,4.49997e-10,0.0002,-3.77556e-08,-1.30067e-06,-3.77556e-08,0.000199994
-0.673392,-0.118014,1.59962,-0.673326,-0.122032,1.59713,0.00174806,-8.10891e-05,0.0281293,0.570807,0.000200016,3.66811e-10,-1.29876e-06,3.66811e-10,0.0002,-2.76841e-08,-1.29876e-06,-2.76841e-08,0.000199994
-0.673391,-0.115887,1.5989,-0.673309,-0.121742,1.59653,0.00174954,0.00204575,0.0274086,0.57859,0.000200016,2.94985e-10,-1.29073e-06,2.94985e-10,0.0002,-2.0693e-08,-1.29073e-06,-2.0693e-08,0.000199994
-0.673298,-0.110309,1.59926,-0.672493,-0.102665,1.60176,0.000638006,-0.00202911,0.0262724,0.440967,0.000200016,3.2708e-10,-1.29552e-06,3.2708e-10,0.0002,-2.63181e-08,-1.29552e-06,-2.63181e-08,0.000199994
-0.67317,-0.105809,1.59957,-0.67243,-0.1027,1.60184,0.000765706,0.00247055,0.0265795,0.440967,0.000200016,3.01377e-10,-1.30558e-06,3.01377e-10,0.0002,-2.34771e-08,-1.30558e-06,-2.34771e-08,0.000199994
-0.673094,-0.102215,1.60052,-0.672458,-0.102618,1.60173,0.00126636,-0.0033139,0.0251279,0.440967,0.000200016,3.14102e-10,-1.3085e-06,3.14102e-10,0.0002,-2.55384e-08,-1.3085e-06,-2.55384e-08,0.000199994
-0.672978,-0.099293,1.60107,-0.672293,-0.102283,1.60119,0.00138161,-0.000392059,0.0256761,0.415284,0.000200016,2.97731e-10,-1.30707e-06,2.97731e-10,0.0002,-2.37404e-08,-1.30707e-06,-2.37404e-08,0.000199994
-0.672838,-0.096923,1.60128,-0.672162,-0.102017,1.60057,0.00152163,0.00197794,0.0258862,0.404901,0.000200016,2.561e-10,-1.30285e-06,2.561e-10,0.0002,-1.92804e-08,-1.30285e-06,-1.92804e-08,0.000199994
-0.672679,-0.0949803,1.60078,-0.672032,-0.10168,1.59982,0.00221996,-0.00547279,0.0278078,0.389976,0.000200016,1.91759e-10,-1.29685e-06,1.91759e-10,0.0002,-1.27178e-08,-1.29685e-06,-1.27178e-08,0.000199994
-0.67249,-0.0895664,1.6014,-0.671594,-0.082484,1.60441,0.0024084,-5.8813e-05,0.0284292,0.552956,0.000200016,1.70761e-10,-1.29631e-06,1.70761e-10,0.0002,-1.18502e-08,-1.29631e-06,-1.18502e-08,0.000199994
-0.672377,-0.0852128,1.60215,-0.67156,-0.0825782,1.60464,0.0012846,-0.00454667,0.0268803,0.552956,0.000200016,2.20136e-10,-1.30256e-06,2.20136e-10,0.0002,-1.87179e-08,-1.30256e-06,-1.87179e-08,0.000199994
-0.67219,-0.0816871,1.60256,-0.671294,-0.0821575,1.6037,0.00147185,-0.00102089,0.0272925,0.552956,0.000200016,2.03213e-10,-1.29996e-06,2.03213e-10,0.0002,-1.6451e-08,-1.29996e-06,-1.6451e-08,0.000199994
-0.671963,-0.0788176,1.60313,-0.670918,-0.0817008,1.60281,0.00169945,0.00184856,0.0278571,0.552956,0.000200016,1.90562e-10,-1.29149e-06,1.90562e-10,0.0002,-1.52132e-08,-1.29149e-06,-1.52132e-08,0.000199994
-0.671698,-0.0763359,1.60322,-0.670392,-0.0810857,1.60154,0.00329107,-0.00471508,0.0314812,0.529345,0.000200016,2.15243e-10,-1.29616e-06,2.15243e-10,0.0002,-1.83577e-08,-1.29616e-06,-1.83577e-08,0.000199994
-0.671998,-0.0708799,1.60555,-0.672868,-0.0635182,1.61486,0.00299074,0.000740963,0.0338103,0.622266,0.000200016,2.30819e-10,-1.29235e-06,2.30819e-10,0.0002,-1.99507e-08,-1.29235e-06,-1.99507e-08,0.000199994
-0.672236,-0.0665609,1.60694,-0.672942,-0.0636448,1.61508,0.00275297,0.00505989,0.0352004,0.61809,0.000200016,2.19155e-10,-1.28661e-06,2.19155e-10,0.0002,-1.82314e-08,-1.28661e-06,-1.82314e-08,0.000199994
-0.67252,-0.0629808,1.60831,-0.673062,-0.0635392,1.61484,0.00227929,0.00383241,0.0331935,0.622266,0.000200016,3.10498e-10,-1.29956e-06,3.10498e-10,0.0002,-2.87619e-08,-1.29956e-06,-2.87619e-08,0.000199994
-0.672682,-0.0600498,1.60983,-0.67305,-0.0633229,1.61435,0.00211701,0.00676337,0.0347123,0.617241,0.000200016,3.06261e-10,-1.31161e-06,3.06261e-10,0.0002,-2.63896e-08,-1.31161e-06,-2.63896e-08,0.000199994
-0.67281,-0.057756,1.6114,-0.673051,-0.0631524,1.61403,0.00198898,0.0090572,0.036277,0.59714,0.000200016,3.0208e-10,-1.3057e-06,3.0208e-10,0.0002,-2.5305e-08,-1.3057e-06,-2.5305e-08,0.000199994
-0.672934,-0.0558656,1.61247,-0.673038,-0.0629772,1.61363,0.0013168,-0.00333941,0.0383458,0.602663,0.000200016,3.34464e-10,-1.30516e-06,3.34464e-10,0.0002,-2.88213e-08,-1.30516e-06,-2.88213e-08,0.000199994
-0.673322,-0.0511075,1.6118,-0.674823,-0.0464432,1.60966,0.000929062,0.00141867,0.0376828,0.625928,0.000200016,2.68108e-10,-1.29504e-06,2.68108e-10,0.0002,-2.05232e-08,-1.29504e-06,-2.05232e-08,0.000199994
-0.673732,-0.0472972,1.61084,-0.6749,-0.0464066,1.60957,0.00104179,0.000304854,0.0327311,0.635928,0.000200016,3.25514e-10,-1.28801e-06,3.25514e-10,0.0002,-2.82718e-08,-1.28801e-06,-2.82718e-08,0.000199994
-0.674048,-0.0441322,1.61013,-0.674933,-0.0463589,1.60934,0.000726105,0.00346982,0.0320191,0.630928,0.000200016,3.48905e-10,-1.30067e-06,3.48905e-10,0.0002,-3.01204e-08,-1.30067e-06,-3.01204e-08,0.000199994
-0.674416,-0.0415286,1.60983,-0.67498,-0.0462989,1.60914,-0.000215385,-0.00292345,0.0322299,0.635928,0.000200016,5.17992e-10,-1.3183e-06,5.17992e-10,0.0002,-4.85526e-08,-1.3183e-06,-4.85526e-08,0.000199994
-0.67465,-0.0394985,1.60989,-0.675008,-0.0462567,1.60911,-0.000448695,-0.000893319,0.032294,0.640947,0.000200016,5.57933e-10,-1.31979e-06,5.57933e-10,0.0002,-4.97893e-08,-1.31979e-06,-4.97893e-08,0.000199994
-0.675207,-0.0338894,1.61258,-0.677101,-0.0262353,1.62175,-0.00100599,0.00471579,0.0349778,0.394122,0.000200016,4.95625e-10,-1.31773e-06,4.95625e-10,0.0002,-4.03367e-08,-1.31773e-06,-4.03367e-08,0.000199994
-0.675672,-0.0294728,1.61443,-0.677079,-0.0262654,1.62183,-0.000873254,-0.000844525,0.0350602,0.394998,0.000200016,4.75789e-10,-1.30606e-06,4.75789e-10,0.0002,-3.8347e-08,-1.30606e-06,-3.8347e-08,0.000199994
-0.67611,-0.0259669,1.61582,-0.677081,-0.0262812,1.62188,-0.0013115,0.00266138,0.036448,0.404078,0.000200016,5.5143e-10,-1.29472e-06,5.5143e-10,0.0002,-4.79229e-08,-1.29472e-06,-4.79229e-08,0.000199994
-0.676434,-0.0230508,1.61684,-0.677135,-0.0261582,1.62146,-0.00167218,-0.00370206,0.0399049,0.394078,0.000200016,5.68561e-10,-1.30133e-06,5.68561e-10,0.0002,-4.84995e-08,-1.30133e-06,-4.84995e-08,0.000199994
-0.676773,-0.0206146,1.61765,-0.677195,-0.0259456,1.62084,-0.00201112,-0.00126592,0.0407054,0.389998,0.000200016,6.80542e-10,-1.31528e-06,6.80542e-10,0.0002,-6.0084e-08,-1.31528e-06,-6.0084e-08,0.000199994
-0.676999,-0.01865,1.61869,-0.677291,-0.0257758,1.62026,-0.00149142,-0.00860857,0.0390678,0.394998,0.000200016,6.8415e-10,-1.32124e-06,6.8415e-10,0.0002,-5.78364e-08,-1.32124e-06,-5.78364e-08,0.000199994
-0.676842,-0.0132309,1.61834,-0.675965,-0.00623622,1.61487,-0.00133457,-0.00318948,0.0387167,0.59901,0.000200016,5.91641e-10,-1.31534e-06,5.91641e-10,0.0002,-4.61438e-08,-1.31534e-06,-4.61438e-08,0.000199994
-0.676798,-0.00894572,1.61769,-0.67607,-0.0061527,1.6146,-0.00129046,0.00109573,0.0380713,0.60396,0.000200016,5.94428e-10,-1.30088e-06,5.94428e-10,0.0002,-4.80251e-08,-1.30088e-06,-4.80251e-08,0.000199994
-0.676828,-0.00546887,1.61672,-0.676179,-0.00611207,1.61439,-0.00116983,-0.00543256,0.0399103,0.59419,0.000200016,6.55977e-10,-1.29813e-06,6.55977e-10,0.0002,-5.58108e-08,-1.29813e-06,-5.58108e-08,0.000199994
-0.676903,-0.00255054,1.61573,-0.676312,-0.00595486,1.61384,-0.00124468,-0.00251423,0.0389203,0.584289,0.000200016,7.43469e-10,-1.31324e-06,7.43469e-10,0.0002,-6.44533e-08,-1.31324e-06,-6.44533e-08,0.000199994
-0.677029,-0.000157474,1.61513,-0.676545,-0.00576527,1.61326,-0.00195917,-0.00929538,0.037103,0.589239,0.000200016,8.42446e-10,-1.32618e-06,8.42446e-10,0.0002,-7.32464e-08,-1.32618e-06,-7.32464e-08,0.000199994
-0.677146,0.0057043,1.61521,-0.676954,0.0142763,1.61554,-0.00207682,-0.00343361,0.037184,0.544118,0.000200016,8.19447e-10,-1.32473e-06,8.19447e-10,0.0002,-6.79943e-08,-1.32473e-06,-6.79943e-08,0.000199994
-0.677287,0.0102832,1.61544,-0.677216,0.0143613,1.61533,-0.00221723,0.00114533,0.0374134,0.544118,0.000200016,7.82643e-10,-1.30339e-06,7.82643e-10,0.0002,-6.38828e-08,-1.30339e-06,-6.38828e-08,0.000199994
-0.677368,0.0140185,1.61547,-0.677365,0.0143887,1.61504,-0.00178317,-0.000165626,0.035136,0.54902,0.000200016,6.7441e-10,-1.30039e-06,6.7441e-10,0.0002,-5.15545e-08,-1.30039e-06,-5.15545e-08,0.000199994
-0.677553,0.0170654,1.61499,-0.677527,0.0144892,1.61466,-0.00196773,0.00288134,0.034664,0.544118,0.000200016,7.07998e-10,-1.30467e-06,7.07998e-10,0.0002,-5.73347e-08,-1.30467e-06,-5.73347e-08,0.000199994
-0.677746,0.0195861,1.61464,-0.67776,0.0146914,1.61376,-0.00230009,-0.00363012,0.037285,0.52451,0.000200016,7.4187e-10,-1.31422e-06,7.4187e-10,0.0002,-6.12331e-08,-1.31422e-06,-6.12331e-08,0.000199994
-0.677956,0.0217318,1.61391,-0.678033,0.0151246,1.61252,-0.0025096,-0.00148438,0.0365496,0.534314,0.000200016,7.72363e-10,-1.32714e-06,7.72363e-10,0.0002,-6.37325e-08,-1.32714e-06,-6.37325e-08,0.000199994
-0.678069,0.027079,1.61398,-0.678053,0.033584,1.61839,-0.00262213,0.0038628,0.0366178,0.49505,0.000200016,6.93705e-10,-1.32568e-06,6.93705e-10,0.0002,-5.40299e-08,-1.32568e-06,-5.40299e-08,0.000199994
-0.678218,0.0313113,1.61444,-0.678152,0.0335782,1.61834,-0.00281953,-0.00149085,0.0379862,0.485149,0.000200016,6.86986e-10,-1.31764e-06,6.86986e-10,0.0002,-5.46093e-08,-1.31764e-06,-5.46093e-08,0.000199994
-0.678344,0.0347713,1.61371,-0.678277,0.0338387,1.61755,-0.00294541,0.00196921,0.0372627,0.5,0.000200016,6.53269e-10,-1.31605e-06,6.53269e-10,0.0002,-5.13913e-08,-1.31605e-06,-5.13913e-08,0.000199994
-0.678468,0.0376968,1.61266,-0.678416,0.0346249,1.6152,-0.00229871,-0.00510207,0.0327541,0.509901,0.000200016,6.24456e-10,-1.31505e-06,6.24456e-10,0.0002,-4.89898e-08,-1.31505e-06,-4.89898e-08,0.000199994
-0.678636,0.0401746,1.61176,-0.67858,0.0355325,1.61279,-0.00246594,-0.00262428,0.031848,0.524752,0.000200016,6.5444e-10,-1.30734e-06,6.5444e-10,0.0002,-5.37257e-08,-1.30734e-06,-5.37257e-08,0.000199994
-0.678796,0.0423553,1.61102,-0.678731,0.0363116,1.61063,-0.00262682,-0.000443499,0.031106,0.534653,0.000200016,6.82531e-10,-1.30921e-06,6.82531e-10,0.0002,-5.68501e-08,-1.30921e-06,-5.68501e-08,0.000199994
-0.678951,0.0475826,1.61238,-0.678944,0.0538279,1.61678,-0.0028235,-0.00440656,0.0375355,0.455446,0.000200016,6.73791e-10,-1.30714e-06,6.73791e-10,0.0002,-5.53887e-08,-1.30714e-06,-5.53887e-08,0.000199994
-0.679109,0.0517491,1.61373,-0.679104,0.0537519,1.61708,-0.00298149,-0.000240033,0.0388907,0.455446,0.000200016,6.72686e-10,-1.30579e-06,6.72686e-10,0.0002,-5.52129e-08,-1.30579e-06,-5.52129e-08,0.000199994
-0.679217,0.0551012,1.61476,-0.679213,0.0538375,1.6168,-0.00315845,-0.00656381,0.0439379,0.460396,0.000200016,6.18973e-10,-1.30519e-06,6.18973e-10,0.0002,-4.89362e-08,-1.30519e-06,-4.89362e-08,0.000199994
-0.679392,0.0577895,1.61455,-0.67935,0.0542031,1.61525,-0.00333366,-0.00387557,0.0437264,0.465347,0.000200016,6.56598e-10,-1.29416e-06,6.56598e-10,0.0002,-5.47315e-08,-1.29416e-06,-5.47315e-08,0.000199994
-0.679511,0.0601528,1.61403,-0.67945,0.0548319,1.61352,-0.00345258,-0.00151225,0.0432109,0.475248,0.000200016,6.38678e-10,-1.30101e-06,6.38678e-10,0.0002,-5.21334e-08,-1.30101e-06,-5.21334e-08,0.000199994
-0.679341,0.0658342,1.61123,-0.677988,0.073579,1.60158,-0.00329858,-0.000409506,0.0412478,0.365618,0.000200016,6.852e-10,-1.3119e-06,6.852e-10,0.0002,-5.73187e-08,-1.3119e-06,-5.73187e-08,0.000199994
-0.679236,0.0704154,1.6094,-0.678272,0.0736468,1.60106,-0.00319304,0.00417164,0.0394203,0.356049,0.000200016,6.86882e-10,-1.32246e-06,6.86882e-10,0.0002,-5.63418e-08,-1.32246e-06,-5.63418e-08,0.000199994
-0.679134,0.0740235,1.60822,-0.678322,0.0736772,1.6009,-0.00302921,-0.00170639,0.0397073,0.360834,0.000200016,6.44603e-10,-1.31918e-06,6.44603e-10,0.0002,-5.12203e-08,-1.31918e-06,-5.12203e-08,0.000199994
-0.679114,0.0769306,1.60701,-0.67843,0.0737874,1.60063,-0.00300973,0.00120065,0.0384988,0.358852,0.000200016,6.63534e-10,-1.31685e-06,6.63534e-10,0.0002,-5.40625e-08,-1.31685e-06,-5.40625e-08,0.000199994
-0.679014,0.079222,1.6052,-0.678557,0.0739161,1.60005,-0.00290951,0.00349207,0.0366917,0.354067,0.000200016,5.18309e-10,-1.3058e-06,5.18309e-10,0.0002,-3.75125e-08,-1.3058e-06,-3.75125e-08,0.000199994
-0.679072,0.0812375,1.60252,-0.678935,0.0745204,1.59853,-0.00250184,-0.00856071,0.029222,0.349282,0.000200016,4.84848e-10,-1.30861e-06,4.84848e-10,0.0002,-3.60831e-08,-1.30861e-06,-3.60831e-08,0.000199994
-0.679456,0.0866674,1.6011,-0.68048,0.0935056,1.60573,-0.00288539,-0.00313084,0.0277954,0.59033,0.000200016,4.77976e-10,-1.31375e-06,4.77976e-10,0.0002,-3.69736e-08,-1.31375e-06,-3.69736e-08,0.000199994
-0.679697,0.0910724,1.59933,-0.680476,0.0936944,1.60522,-0.00312621,0.00127416,0.0260328,0.600846,0.000200016,3.79654e-10,-1.32074e-06,3.79654e-10,0.0002,-2.6442e-08,-1.32074e-06,-2.6442e-08,0.000199994
-0.680008,0.0946453,1.59799,-0.680567,0.0940606,1.60398,-0.00345526,-0.0046106,0.0266653,0.592938,0.000200016,4.4311e-10,-1.32138e-06,4.4311e-10,0.0002,-3.59654e-08,-1.32138e-06,-3.59654e-08,0.000199994
-0.680272,0.0976716,1.59714,-0.68067,0.0948995,1.60204,-0.00371923,-0.00158432,0.025821,0.599219,0.000200016,4.94009e-10,-1.3218e-06,4.94009e-10,0.0002,-4.17884e-08,-1.3218e-06,-4.17884e-08,0.000199994
-0.6805,0.100351,1.5965,-0.680765,0.0957659,1.60013,-0.00394713,0.00109519,0.0251771,0.612573,0.000200017,5.39975e-10,-1.33569e-06,5.39975e-10,0.0002,-4.5697e-08,-1.33569e-06,-4.5697e-08,0.000199994
-0.680592,0.102519,1.59622,-0.680876,0.0964046,1.59872,-0.00378986,-0.00672831,0.0298374,0.633012,0.000200016,4.18401e-10,-1.32798e-06,4.18401e-10,0.0002,-3.0767e-08,-1.32798e-06,-3.0767e-08,0.000199994
-0.680119,0.107665,1.59774,-0.678335,0.113672,1.60438,-0.00331718,-0.00158198,0.0313642,0.496122,0.000200016,2.62041e-10,-1.31642e-06,2.62041e-10,0.0002,-1.44704e-08,-1.31642e-06,-1.44704e-08,0.000199994
-0.679761,0.111639,1.59956,-0.678223,0.113383,1.60529,-0.00348065,-0.00598307,0.0354419,0.491492,0.000200016,2.03874e-10,-1.29524e-06,2.03874e-10,0.0002,-1.14264e-08,-1.29524e-06,-1.14264e-08,0.000199994
-0.679498,0.114873,1.60133,-0.678207,0.113346,1.60531,-0.00321684,-0.00274867,0.0372103,0.491492,0.000200016,2.03333e-10,-1.29178e-06,2.03333e-10,0.0002,-1.41803e-08,-1.29178e-06,-1.41803e-08,0.000199994
-0.679341,0.11759,1.60181,-0.678351,0.113679,1.60426,-0.00306051,-3.15429e-05,0.0376912,0.496122,0.000200016,2.42563e-10,-1.29966e-06,2.42563e-10,0.0002,-2.00542e-08,-1.29966e-06,-2.00542e-08,0.000199994
-0.679282,0.11994,1.6019,-0.678458,0.11414,1.6028,-0.00300094,0.00231799,0.0377838,0.498174,0.000200016,3.42283e-10,-1.3181e-06,3.42283e-10,0.0002,-3.12645e-08,-1.3181e-06,-3.12645e-08,0.000199994
-0.679009,0.125441,1.60173,-0.677751,0.132661,1.60468,-0.00224427,0.00328148,0.0439022,0.432432,0.000200016,2.95341e-10,-1.31671e-06,2.95341e-10,0.0002,-2.40886e-08,-1.31671e-06,-2.40886e-08,0.000199994
-0.67878,0.129797,1.60181,-0.677712,0.13265,1.60473,-0.00239771,-0.00185054,0.0437629,0.436937,0.000200016,2.53588e-10,-1.30902e-06,2.53588e-10,0.0002,-1.93311e-08,-1.30902e-06,-1.93311e-08,0.000199994
-0.678562,0.133256,1.60281,-0.677648,0.13262,1.60473,-0.00217903,0.00160805,0.0447582,0.423423,0.000200016,1.95355e-10,-1.3008e-06,1.95355e-10,0.0002,-1.33582e-08,-1.3008e-06,-1.33582e-08,0.000199994
-0.678447,0.136077,1.60359,-0.677624,0.132792,1.60412,-0.00211452,-0.00521295,0.0439565,0.40991,0.000200016,2.43039e-10,-1.29861e-06,2.43039e-10,0.0002,-2.03719e-08,-1.29861e-06,-2.03719e-08,0.000199994
-0.678352,0.138509,1.60352,-0.677593,0.133245,1.60275,-0.00201946,-0.00278092,0.0438912,0.414414,0.000200016,2.89648e-10,-1.3108e-06,2.89648e-10,0.0002,-2.54302e-08,-1.3108e-06,-2.54302e-08,0.000199994
-0.67827,0.140665,1.60266,-0.677568,0.134084,1.60076,-0.00193779,-0.000624895,0.0430272,0.418919,0.000200016,3.27546e-10,-1.32542e-06,3.27546e-10,0.0002,-2.86079e-08,-1.32542e-06,-2.86079e-08,0.000199994
-0.678188,0.146079,1.60153,-0.677515,0.152741,1.59859,-0.000945021,-0.00498694,0.0383714,0.318584,0.000200016,3.49807e-10,-1.32798e-06,3.49807e-10,0.0002,-3.0007e-08,-1.32798e-06,-3.0007e-08,0.000199994
-0.678101,0.150442,1.60026,-0.677517,0.152794,1.59827,-0.000857696,-0.00062339,0.0370969,0.323009,0.000200016,3.315e-10,-1.33314e-06,3.315e-10,0.0002,-2.68763e-08,-1.33314e-06,-2.68763e-08,0.000199994
-0.678,0.153872,1.5995,-0.677494,0.152804,1.59804,-0.00144069,-0.00568723,0.0407729,0.314159,0.000200016,2.78081e-10,-1.32634e-06,2.78081e-10,0.0002,-2.07458e-08,-1.32634e-06,-2.07458e-08,0.000199994
-0.677909,0.156648,1.59961,-0.677456,0.152964,1.59744,-0.0013492,-0.0029115,0.0408766,0.318584,0.000200016,2.3702e-10,-1.32199e-06,2.3702e-10,0.0002,-1.69553e-08,-1.32199e-06,-1.69553e-08,0.000199994
-0.677882,0.158916,1.59933,-0.677475,0.153208,1.59667,-0.00132182,-0.000643213,0.0405993,0.314159,0.000200016,2.63994e-10,-1.31901e-06,2.63994e-10,0.0002,-2.12597e-08,-1.31901e-06,-2.12597e-08,0.000199994
-0.678168,0.164824,1.60218,-0.678891,0.173466,1.6141,-0.0012122,0.000241308,0.0394903,0.828045,0.000200016,2.86283e-10,-1.32391e-06,2.86283e-10,0.0002,-2.38318e-08,-1.32391e-06,-2.38318e-08,0.000199994
-0.678359,0.169413,1.60482,-0.678668,0.172777,1.61592,-0.00140365,0.00483004,0.0421347,0.823626,0.000200016,3.16051e-10,-1.32702e-06,3.16051e-10,0.0002,-2.68457e-08,-1.32702e-06,-2.68457e-08,0.000199994
-0.678496,0.173051,1.60686,-0.67856,0.172613,1.61653,-0.00186169,-0.00605397,0.0472858,0.857237,0.000200016,3.49216e-10,-1.32898e-06,3.49216e-10,0.0002,-2.9919e-08,-1.32898e-06,-2.9919e-08,0.000199994
-0.678535,0.175928,1.60863,-0.678628,0.172644,1.61625,-0.00190096,-0.00317691,0.0490605,0.831479,0.000200016,2.62513e-10,-1.32389e-06,2.62513e-10,0.0002,-1.91356e-08,-1.32389e-06,-1.91356e-08,0.000199994
-0.678601,0.178232,1.61071,-0.678692,0.172764,1.61593,-0.00196679,-0.000873146,0.0511416,0.825352,0.000200016,2.31916e-10,-1.3171e-06,2.31916e-10,0.0002,-1.67724e-08,-1.3171e-06,-1.67724e-08,0.000199994
-0.678717,0.18015,1.61186,-0.678767,0.172939,1.61542,-0.00214473,-0.00415801,0.0490013,0.816731,0.000200016,2.77465e-10,-1.31927e-06,2.77465e-10,0.0002,-2.3069e-08,-1.31927e-06,-2.3069e-08,0.000199994
-0.678364,0.185701,1.60803,-0.67645,0.192811,1.59374,-0.00179173,0.00139266,0.0451668,0.445378,0.000200016,3.8049e-10,-1.32718e-06,3.8049e-10,0.0002,-3.44784e-08,-1.32718e-06,-3.44784e-08,0.000199994
-0.678028,0.190094,1.60462,-0.676334,0.192888,1.59358,-0.00103559,-0.00406308,0.0453076,0.445895,0.000200016,4.09183e-10,-1.32224e-06,4.09183e-10,0.0002,-3.59668e-08,-1.32224e-06,-3.59668e-08,0.000199994
-0.677676,0.193637,1.60177,-0.676258,0.192909,1.59349,-0.000683571,-0.000520778,0.0424583,0.450097,0.000200016,3.2807e-10,-1.32286e-06,3.2807e-10,0.0002,-2.51542e-08,-1.32286e-06,-2.51542e-08,0.000199994
-0.677413,0.196429,1.59967,-0.676169,0.19292,1.59337,-0.000420201,0.00227136,0.0403635,0.445895,0.000200016,3.07304e-10,-1.31625e-06,3.07304e-10,0.0002,-2.35956e-08,-1.31625e-06,-2.35956e-08,0.000199994
-0.677146,0.198659,1.59867,-0.676025,0.193007,1.59309,-0.000168625,-0.00487377,0.0420659,0.441694,0.000200016,2.56509e-10,-1.30873e-06,2.56509e-10,0.0002,-1.85383e-08,-1.30873e-06,-1.85383e-08,0.000199994
-0.676967,0.204477,1.59823,-0.676176,0.212749,1.59495,1.10546e-05,0.000944143,0.0416316,0.371927,0.000200016,2.18096e-10,-1.31753e-06,2.18096e-10,0.0002,-1.52163e-08,-1.31753e-06,-1.52163e-08,0.000199994
-0.676781,0.209133,1.59725,-0.67618,0.21275,1.59487,0.000536266,-0.00388623,0.0427781,0.360355,0.000200016,1.24975e-10,-1.32335e-06,1.24975e-10,0.0002,-5.70529e-09,-1.32335e-06,-5.70529e-09,0.000199994
-0.67655,0.212967,1.59595,-0.676075,0.21276,1.59488,0.000767253,-5.17956e-05,0.0414766,0.36776,0.000200017,-4.06834e-11,-1.34433e-06,-4.06834e-11,0.0002,1.09386e-08,-1.34433e-06,1.09386e-08,0.000199994
-0.67634,0.215953,1.59446,-0.675965,0.212775,1.59472,0.000978088,0.00293355,0.0399891,0.365913,0.000200017,-1.80248e-10,-1.34413e-06,-1.80248e-10,0.0002,2.28165e-08,-1.34413e-06,2.28165e-08,0.000199994
-0.676218,0.218335,1.59351,-0.675901,0.21286,1.59438,0.000703129,-0.00423233,0.0341619,0.352523,0.000200017,-2.00352e-10,-1.34034e-06,-2.00352e-10,0.0002,2.08194e-08,-1.34034e-06,2.08194e-08,0.000199994
-0.676099,0.220248,1.59296,-0.675704,0.213002,1.59384,0.000821955,-0.00231976,0.0336063,0.340023,0.000200017,-1.83268e-10,-1.33444e-06,-1.83268e-10,0.0002,1.64818e-08,-1.33444e-06,1.64818e-08,0.000199994
-0.676075,0.225629,1.5932,-0.676494,0.23246,1.59419,0.000453666,-0.00625587,0.0363646,0.501232,0.000200016,-2.84681e-10,-1.32416e-06,-2.84681e-10,0.0002,2.73611e-08,-1.32416e-06,2.73611e-08,0.000199994
-0.6761,0.230015,1.59341,-0.676496,0.232447,1.5942,0.00042807,-0.0018695,0.0365654,0.501232,0.000200017,-3.02957e-10,-1.33105e-06,-3.02957e-10,0.0002,2.70972e-08,-1.33105e-06,2.70972e-08,0.000199994
-0.676141,0.233462,1.59325,-0.676496,0.232458,1.5942,0.000386914,0.00157745,0.0364145,0.501232,0.000200016,-2.85832e-10,-1.32517e-06,-2.85832e-10,0.0002,2.38433e-08,-1.32517e-06,2.38433e-08,0.000199994
-0.676132,0.236217,1.59292,-0.676494,0.232439,1.59415,3.75813e-05,-0.00517201,0.040877,0.493582,0.000200016,-3.31253e-10,-1.32155e-06,-3.31253e-10,0.0002,2.87596e-08,-1.32155e-06,2.87596e-08,0.000199994
-0.676079,0.238429,1.59285,-0.676489,0.232476,1.59413,8.99957e-05,-0.00295978,0.0408099,0.498804,0.000200016,-4.25887e-10,-1.31938e-06,-4.25887e-10,0.0002,3.87482e-08,-1.31938e-06,3.87482e-08,0.000199994
-0.675731,0.240128,1.59339,-0.676464,0.232514,1.59401,0.000354845,-0.0105312,0.0399534,0.494706,0.000200016,-9.0355e-10,-1.30547e-06,-9.0355e-10,0.0002,9.2744e-08,-1.30547e-06,9.2744e-08,0.000199994
-0.675039,0.245435,1.59402,-0.675577,0.252762,1.59339,0.00104725,-0.0052236,0.0405754,0.463115,0.000200016,-1.57484e-09,-1.28049e-06,-1.57484e-09,0.0002,1.64695e-07,-1.28049e-06,1.64695e-07,0.000199994
-0.674152,0.249329,1.59418,-0.675541,0.25277,1.59327,0.00193442,-0.00132977,0.0407399,0.459016,0.000200014,-2.41818e-09,-1.2079e-06,-2.41818e-09,0.0002,2.63039e-07,-1.2079e-06,2.63039e-07,0.000199994
-0.67279,0.251723,1.5946,-0.675451,0.252815,1.59316,0.00250679,-0.00874525,0.0409317,0.45082,0.000200012,-3.46092e-09,-1.04484e-06,-3.46092e-09,0.000200001,4.27309e-07,-1.04484e-06,4.27309e-07,0.000199995
-0.67149,0.253298,1.59492,-0.675076,0.252799,1.59306,0.00380656,-0.00717035,0.0412478,0.438525,0.000200009,-4.01035e-09,-8.86653e-07,-4.01035e-09,0.000200002,5.54079e-07,-8.86653e-07,5.54079e-07,0.000199995
-0.670426,0.25433,1.59546,-0.674663,0.252837,1.59294,0.00172473,-0.0131383,0.0465573,0.430328,0.000200007,-4.0662e-09,-7.47934e-07,-4.0662e-09,0.000200003,6.25798e-07,-7.47934e-07,6.25798e-07,0.000199996
-0.668078,0.258404,1.59649,-0.667963,0.27045,1.59125,0.00407277,-0.00906451,0.0475903,0.628497,0.000200005,-3.91998e-09,-6.16034e-07,-3.91998e-09,0.000200004,6.964e-07,-6.16034e-07,6.964e-07,0.000199996
-0.666061,0.261514,1.59761,-0.667817,0.270436,1.59117,0.0060896,-0.00595398,0.0487101,0.617432,0.000200004,-3.6701e-09,-5.08709e-07,-3.6701e-09,0.000200005,7.59076e-07,-5.08709e-07,7.59076e-07,0.000199997
-0.664273,0.263858,1.59878,-0.667705,0.270435,1.59098,0.00559394,-0.0056847,0.0488577,0.616658,0.000200003,-3.36901e-09,-4.17394e-07,-3.36901e-09,0.000200006,8.23541e-07,-4.17394e-07,8.23541e-07,0.000199997
-0.662759,0.265671,1.59997,-0.667395,0.270443,1.59072,0.00710871,-0.00387099,0.0500478,0.612626,0.000200002,-3.04724e-09,-3.49381e-07,-3.04724e-09,0.000200006,8.68378e-07,-3.49381e-07,8.68378e-07,0.000199997
-0.661591,0.266981,1.60018,-0.667311,0.270481,1.59064,0.00326419,-0.00452023,0.0426381,0.616658,0.000200001,-2.62092e-09,-2.81815e-07,-2.62092e-09,0.000200007,8.87602e-07,-2.81815e-07,8.87602e-07,0.000199997
-0.658162,0.268958,1.60013,-0.654714,0.274401,1.58696,0.00669305,-0.00254383,0.0425878,0.448871,0.000200001,-2.42024e-09,-2.62556e-07,-2.42024e-09,0.000200007,8.95676e-07,-2.62556e-07,8.95676e-07,0.000199997
-0.655384,0.270568,1.59987,-0.654432,0.274445,1.58642,0.00947071,-0.000933709,0.0423338,0.440503,0.000200001,-2.28904e-09,-2.53464e-07,-2.28904e-09,0.000200007,8.97347e-07,-2.53464e-07,8.97347e-07,0.000199997
-0.653093,0.271952,1.59982,-0.654075,0.274507,1.58612,0.00598924,-0.000797307,0.0356871,0.418733,0.000200001,-2.27673e-09,-2.61252e-07,-2.27673e-09,0.000200007,8.97974e-07,-2.61252e-07,8.97974e-07,0.000199997
-0.651116,0.273071,1.59949,-0.653356,0.274562,1.58575,0.00796634,0.000321376,0.0353611,0.408499,0.000200001,-2.27549e-09,-2.66135e-07,-2.27549e-09,0.000200007,8.98406e-07,-2.66135e-07,8.98406e-07,0.000199997
-0.649192,0.273807,1.59836,-0.652729,0.274588,1.58556,0.00431312,-0.000239933,0.0222527,0.408388,0.000200001,-2.178e-09,-2.42652e-07,-2.178e-09,0.000200008,9.33671e-07,-2.42652e-07,9.33671e-07,0.000199997
-0.647481,0.2744,1.597,-0.652508,0.274603,1.58531,0.0060241,0.000353491,0.0208868,0.408388,0.000200001,-2.12806e-09,-2.27627e-07,-2.12806e-09,0.000200009,9.7677e-07,-2.27627e-07,9.7677e-07,0.000199997
-0.643584,0.275551,1.60045,-0.638785,0.278103,1.61115,0.00992037,0.00150412,0.0243398,0.577836,0.0002,-1.98485e-09,-2.09476e-07,-1.98485e-09,0.000200009,9.7067e-07,-2.09476e-07,9.7067e-07,0.000199997
-0.640376,0.276581,1.6027,-0.638625,0.278085,1.61116,0.00720274,0.00183045,0.0175259,0.574538,0.0002,-2.00446e-09,-2.16142e-07,-2.00446e-09,0.000200009,9.76283e-07,-2.16142e-07,9.76283e-07,0.000199997
-0.637711,0.277857,1.60398,-0.638166,0.278093,1.61117,0.00986709,0.00310651,0.0188072,0.574538,0.000200001,-2.49062e-09,-2.92518e-07,-2.49062e-09,0.000200009,9.80903e-07,-2.92518e-07,9.80903e-07,0.000199997
-0.63554,0.279367,1.60511,-0.637772,0.27809,1.61118,0.00726607,0.00485608,0.0163973,0.574383,0.000200001,-3.37071e-09,-4.20022e-07,-3.37071e-09,0.000200009,9.77673e-07,-4.20022e-07,9.77673e-07,0.000199996
-0.633663,0.280811,1.6055,-0.637337,0.27808,1.61121,0.00914336,0.00630012,0.0167884,0.576128,0.000200002,-4.32898e-09,-5.39547e-07,-4.32898e-09,0.000200009,9.84451e-07,-5.39547e-07,9.84451e-07,0.000199996
-0.632061,0.282104,1.60581,-0.637233,0.278111,1.6112,0.0107454,0.00759279,0.017099,0.575603,0.000200003,-5.25823e-09,-6.37048e-07,-5.25823e-09,0.000200009,1.0016e-06,-6.37048e-07,1.0016e-06,0.000199996
-0.62964,0.283527,1.60665,-0.63086,0.279018,1.61106,0.0101144,0.00823308,0.016607,0.551986,0.000200004,-6.08995e-09,-7.33153e-07,-6.08995e-09,0.000200009,9.90664e-07,-7.33153e-07,9.90664e-07,0.000199995
-0.62765,0.284743,1.60718,-0.630684,0.279079,1.6109,0.0121039,0.00944923,0.0171427,0.553807,0.000200005,-6.78633e-09,-8.0523e-07,-6.78633e-09,0.000200009,9.86473e-07,-8.0523e-07,9.86473e-07,0.000199995
-0.626058,0.285759,1.60779,-0.630247,0.279096,1.61077,0.00854557,0.00802283,0.0265223,0.549916,0.000200006,-7.261e-09,-8.57946e-07,-7.261e-09,0.000200009,9.69672e-07,-8.57946e-07,9.69672e-07,0.000199995
-0.62474,0.286548,1.60796,-0.629914,0.279086,1.61073,0.00986412,0.00881243,0.0266924,0.545446,0.000200007,-7.55502e-09,-8.88232e-07,-7.55502e-09,0.000200009,9.55566e-07,-8.88232e-07,9.55566e-07,0.000199994
-0.623582,0.287245,1.60839,-0.629705,0.279084,1.61064,0.00559276,0.0055591,0.0276223,0.546011,0.000200007,-7.88203e-09,-9.18382e-07,-7.88203e-09,0.000200009,9.56173e-07,-9.18382e-07,9.56173e-07,0.000199994
-0.621374,0.289363,1.60864,-0.62298,0.287,1.61065,0.00780048,0.0076771,0.0278655,0.775752,0.000200008,-8.03532e-09,-9.33999e-07,-8.03532e-09,0.000200008,9.4638e-07,-9.33999e-07,9.4638e-07,0.000199994
-0.61959,0.290932,1.60903,-0.622915,0.287011,1.61061,0.00958444,0.00924609,0.0282601,0.783415,0.000200008,-8.01692e-09,-9.23756e-07,-8.01692e-09,0.000200008,9.40711e-07,-9.23756e-07,9.40711e-07,0.000199994
-0.61802,0.292152,1.60933,-0.622846,0.287018,1.61054,0.00698116,0.00602476,0.028172,0.775752,0.000200008,-8.07722e-09,-9.11312e-07,-8.07722e-09,0.000200009,9.57619e-07,-9.11312e-07,9.57619e-07,0.000199994
-0.616822,0.293273,1.60862,-0.622779,0.28701,1.61046,0.00817954,0.00714638,0.0274648,0.764258,0.000200008,-8.19923e-09,-9.26465e-07,-8.19923e-09,0.000200009,9.57623e-07,-9.26465e-07,9.57623e-07,0.000199994
-0.615939,0.294166,1.60824,-0.622741,0.287007,1.61033,0.0090621,0.0080387,0.027081,0.752763,0.000200008,-8.20512e-09,-9.35506e-07,-8.20512e-09,0.000200008,9.44176e-07,-9.35506e-07,9.44176e-07,0.000199994
-0.615241,0.294818,1.60761,-0.622687,0.287024,1.61027,0.00409521,0.00271098,0.0297315,0.758864,0.000200008,-8.12225e-09,-9.3071e-07,-8.12225e-09,0.000200008,9.32802e-07,-9.3071e-07,9.32802e-07,0.000199994
-0.612016,0.297616,1.60598,-0.610006,0.298391,1.60775,0.00731988,0.00550879,0.0281021,0.718835,0.000200008,-8.18309e-09,-9.27887e-07,-8.18309e-09,0.000200008,9.46397e-07,-9.27887e-07,9.46397e-07,0.000199994
-0.609217,0.299901,1.60403,-0.609971,0.29838,1.6076,0.00420758,0.00173693,0.0299071,0.715061,0.000200008,-8.48785e-09,-9.33142e-07,-8.48785e-09,0.000200009,9.89689e-07,-9.33142e-07,9.89689e-07,0.000199994
-0.607049,0.301681,1.60265,-0.609919,0.298385,1.60751,0.00637628,0.00351737,0.0285326,0.719498,0.000200008,-8.59912e-09,-9.28632e-07,-8.59912e-09,0.000200009,1.00457e-06,-9.28632e-07,1.00457e-06,0.000199994
-0.605386,0.303055,1.60174,-0.609871,0.298368,1.60742,0.00510136,0.00176655,0.0258017,0.715724,0.000200008,-8.54996e-09,-9.18126e-07,-8.54996e-09,0.000200009,1.00106e-06,-9.18126e-07,1.00106e-06,0.000199994
-0.604049,0.304195,1.60099,-0.609836,0.298369,1.60732,0.00643835,0.00290689,0.0250539,0.713623,0.000200008,-8.54804e-09,-9.1788e-07,-8.54804e-09,0.000200009,9.98913e-07,-9.1788e-07,9.98913e-07,0.000199994
-0.600404,0.307658,1.59807,-0.597142,0.310893,1.59102,0.010083,0.00637007,0.0221274,0.688539,0.000200008,-8.63111e-09,-9.28176e-07,-8.63111e-09,0.000200009,1.00051e-06,-9.28176e-07,1.00051e-06,0.000199994
-0.597474,0.310355,1.5962,-0.596997,0.31087,1.59078,0.00355118,0.000392657,0.0256268,0.681104,0.000200008,-8.60878e-09,-9.23644e-07,-8.60878e-09,0.000200009,9.99173e-07,-9.23644e-07,9.99173e-07,0.000199994
-0.595048,0.312485,1.59516,-0.59692,0.310846,1.59047,0.00597755,0.00252252,0.024586,0.684822,0.000200008,-8.62969e-09,-9.17162e-07,-8.62969e-09,0.000200009,1.00902e-06,-9.17162e-07,1.00902e-06,0.000199994
-0.593009,0.314149,1.59412,-0.596864,0.310852,1.59047,0.00801678,0.00418595,0.023546,0.681104,0.000200008,-8.68326e-09,-9.06058e-07,-8.68326e-09,0.00020001,1.02951e-06,-9.06058e-07,1.02951e-06,0.000199994
-0.591448,0.315571,1.59324,-0.596788,0.310903,1.59023,0.00254401,-0.000177527,0.023246,0.680161,0.000200008,-8.73023e-09,-9.11846e-07,-8.73023e-09,0.00020001,1.02904e-06,-9.11846e-07,1.02904e-06,0.000199993
-0.590272,0.316617,1.59229,-0.596739,0.310882,1.59008,0.0037203,0.000868235,0.0223048,0.677581,0.000200008,-8.59255e-09,-9.0122e-07,-8.59255e-09,0.00020001,1.0158e-06,-9.0122e-07,1.0158e-06,0.000199994
-0.585692,0.320254,1.58845,-0.579064,0.325399,1.57256,0.00174756,-0.0018182,0.0203009,0.442179,0.000200007,-8.47469e-09,-8.80952e-07,-8.47469e-09,0.00020001,1.02137e-06,-8.80952e-07,1.02137e-06,0.000199994
-0.58173,0.323223,1.58509,-0.57823,0.325297,1.57114,0.00570937,0.00115147,0.0169418,0.427889,0.000200007,-8.59049e-09,-8.80525e-07,-8.59049e-09,0.00020001,1.04627e-06,-8.80525e-07,1.04627e-06,0.000199994
-0.578335,0.325608,1.58218,-0.577763,0.325365,1.57004,0.00910456,0.00353625,0.0140349,0.423846,0.000200007,-8.8028e-09,-8.79225e-07,-8.8028e-09,0.000200011,1.08369e-06,-8.79225e-07,1.08369e-06,0.000199993
-0.575638,0.327473,1.57952,-0.577455,0.325392,1.5694,0.008358,0.00239618,0.00864356,0.416332,0.000200007,-8.83816e-09,-8.70121e-07,-8.83816e-09,0.000200011,1.0951e-06,-8.70121e-07,1.0951e-06,0.000199993
-0.573512,0.328773,1.57789,-0.577312,0.325418,1.56931,0.0104847,0.00369657,0.00701478,0.419658,0.000200007,-8.58114e-09,-8.32763e-07,-8.58114e-09,0.000200011,1.09309e-06,-8.32763e-07,1.09309e-06,0.000199993
-0.571603,0.329644,1.57652,-0.577138,0.325427,1.56895,0.00540256,-0.0018223,0.00736909,0.408464,0.000200006,-8.31935e-09,-7.81198e-07,-8.31935e-09,0.000200011,1.11969e-06,-7.81198e-07,1.11969e-06,0.000199993
-0.56746,0.332488,1.57916,-0.564631,0.336485,1.58866,0.00954506,0.00102208,0.0100084,0.625061,0.000200005,-8.10172e-09,-7.34019e-07,-8.10172e-09,0.000200012,1.15762e-06,-7.34019e-07,1.15762e-06,0.000199993
-0.564294,0.334531,1.58158,-0.56463,0.336481,1.58866,0.0127113,0.00306524,0.0124296,0.62847,0.000200005,-7.53746e-09,-6.67511e-07,-7.53746e-09,0.000200012,1.1577e-06,-6.67511e-07,1.1577e-06,0.000199994
-0.561774,0.33564,1.58299,-0.564614,0.336492,1.58864,0.00799919,-0.000171278,0.0126939,0.625061,0.000200004,-6.44823e-09,-5.40574e-07,-6.44823e-09,0.000200012,1.15491e-06,-5.40574e-07,1.15491e-06,0.000199994
-0.559814,0.336387,1.58401,-0.564585,0.336527,1.5886,0.00995925,0.000575343,0.0137136,0.637386,0.000200003,-5.39913e-09,-4.35924e-07,-5.39913e-09,0.000200012,1.14306e-06,-4.35924e-07,1.14306e-06,0.000199994
-0.558158,0.336987,1.58545,-0.564572,0.336532,1.58859,0.00459541,-0.00218799,0.0202686,0.641022,0.000200002,-4.64968e-09,-3.69863e-07,-4.64968e-09,0.000200012,1.14893e-06,-3.69863e-07,1.14893e-06,0.000199994
-0.553767,0.339052,1.58679,-0.549663,0.344846,1.59159,0.00898713,-0.000122718,0.0216064,0.678592,0.000200001,-4.02381e-09,-3.14557e-07,-4.02381e-09,0.000200013,1.16642e-06,-3.14557e-07,1.16642e-06,0.000199995
-0.550425,0.340597,1.58709,-0.549574,0.344846,1.59138,0.0123284,0.00142277,0.0219106,0.679331,0.000200001,-3.37266e-09,-2.61868e-07,-3.37266e-09,0.000200012,1.14721e-06,-2.61868e-07,1.14721e-06,0.000199995
-0.548059,0.341762,1.58638,-0.549518,0.344825,1.59126,0.00700957,0.000492997,0.0275259,0.68169,0.000200001,-2.73999e-09,-2.16862e-07,-2.73999e-09,0.000200011,1.08407e-06,-2.16862e-07,1.08407e-06,0.000199995
-0.546583,0.342601,1.58495,-0.549482,0.344823,1.59116,0.0084859,0.00133177,0.0261052,0.695565,0.000200001,-2.10907e-09,-1.72977e-07,-2.10907e-09,0.00020001,9.75863e-07,-1.72977e-07,9.75863e-07,0.000199996
-0.545609,0.343138,1.58339,-0.549466,0.344815,1.59108,0.00292557,0.00175603,0.0120969,0.695565,0.0002,-1.51743e-09,-1.23563e-07,-1.51743e-09,0.000200008,8.72865e-07,-1.23563e-07,8.72865e-07,0.000199996
-0.542955,0.343695,1.58089,-0.53936,0.346242,1.5854,0.00557978,0.00231396,0.00960363,0.840878,0.0002,-9.72928e-10,-6.74812e-08,-9.72928e-10,0.000200007,7.83362e-07,-6.74812e-08,7.83362e-07,0.000199997
-0.54101,0.344114,1.57895,-0.539299,0.34623,1.58515,0.00752414,0.00273206,0.00766259,0.850845,0.0002,-5.78802e-10,-2.74522e-08,-5.78802e-10,0.000200006,6.95447e-07,-2.74522e-08,6.95447e-07,0.000199997
-0.539593,0.344539,1.57831,-0.539241,0.34617,1.58505,0.00514382,0.00417504,0.0114599,0.833681,0.0002,-3.8428e-10,-1.85607e-08,-3.8428e-10,0.000200005,6.15248e-07,-1.85607e-08,6.15248e-07,0.000199998
-0.53854,0.344918,1.57882,-0.539219,0.346167,1.58498,0.00619649,0.00455475,0.0119677,0.833681,0.0002,-2.80534e-10,-1.96995e-08,-2.80534e-10,0.000200004,5.50264e-07,-1.96995e-08,5.50264e-07,0.000199998
-0.537832,0.345315,1.58006,-0.539245,0.346212,1.585,0.00437581,0.00479801,0.0190157,0.840348,0.0002,-2.5415e-10,-3.4119e-08,-2.5415e-10,0.000200003,4.88134e-07,-3.4119e-08,4.88134e-07,0.000199999
-0.537348,0.345591,1.58167,-0.539239,0.346224,1.58502,0.00485918,0.00507398,0.0206291,0.850348,0.0002,-2.14015e-10,-3.66784e-08,-2.14015e-10,0.000200002,4.34784e-07,-3.66784e-08,4.34784e-07,0.000199999
-0.535336,0.345792,1.58155,-0.530998,0.345404,1.5754,0.00687163,0.00527573,0.020513,0.9099,0.0002,-2.48403e-10,-6.2373e-08,-2.48403e-10,0.000200002,3.9691e-07,-6.2373e-08,3.9691e-07,0.000199999
-0.533691,0.346058,1.58174,-0.530926,0.345391,1.57523,0.00501181,0.00625782,0.0239275,0.920074,0.0002,-3.16317e-10,-9.59081e-08,-3.16317e-10,0.000200002,3.75849e-07,-9.59081e-08,3.75849e-07,0.000199999
-0.532199,0.346353,1.58186,-0.530892,0.345373,1.5751,0.00650391,0.00655331,0.0240479,0.913081,0.0002,-4.22767e-10,-1.31353e-07,-4.22767e-10,0.000200002,3.89411e-07,-1.31353e-07,3.89411e-07,0.000199999
-0.53072,0.34674,1.58183,-0.530842,0.345367,1.57497,0.0071519,0.00658707,0.0173556,0.927068,0.0002,-6.24458e-10,-1.78421e-07,-6.24458e-10,0.000200002,4.42028e-07,-1.78421e-07,4.42028e-07,0.000199999
-0.529187,0.347091,1.58219,-0.530794,0.345351,1.57486,0.00868502,0.00693848,0.0177217,0.919613,0.0002,-8.99153e-10,-2.16165e-07,-8.99153e-10,0.000200002,5.30016e-07,-2.16165e-07,5.30016e-07,0.000199999
-0.527545,0.347311,1.58236,-0.530743,0.345343,1.57477,0.0103266,0.00715807,0.0178937,0.919613,0.0002,-1.19603e-09,-2.3104e-07,-1.19603e-09,0.000200003,6.51098e-07,-2.3104e-07,6.51098e-07,0.000199999
-0.524736,0.347829,1.59059,-0.524709,0.34772,1.61933,0.0106058,0.00743481,0.0213559,1.08777,0.0002,-1.37311e-09,-2.13667e-07,-1.37311e-09,0.000200005,7.76655e-07,-2.13667e-07,7.76655e-07,0.000199998
-0.522456,0.348217,1.59718,-0.524761,0.347721,1.61943,0.0128852,0.00782278,0.027952,1.08418,0.0002,-1.47443e-09,-1.98841e-07,-1.47443e-09,0.000200006,8.63404e-07,-1.98841e-07,8.63404e-07,0.000199998
-0.52047,0.348499,1.60268,-0.524797,0.347714,1.61951,0.0130701,0.00799786,0.0229619,1.07923,0.0002,-1.54768e-09,-1.85811e-07,-1.54768e-09,0.000200007,9.4589e-07,-1.85811e-07,9.4589e-07,0.000199998
-0.518703,0.34858,1.60667,-0.524787,0.347759,1.61953,0.0148363,0.00807801,0.0269528,1.08642,0.0002,-1.45948e-09,-1.53108e-07,-1.45948e-09,0.000200009,1.02648e-06,-1.53108e-07,1.02648e-06,0.000199997
-0.517246,0.348519,1.60925,-0.5248,0.347725,1.61956,0.0162939,0.00801724,0.0295303,1.07901,0.0002,-1.23874e-09,-1.13369e-07,-1.23874e-09,0.00020001,1.08548e-06,-1.13369e-07,1.08548e-06,0.000199997
-0.514367,0.347337,1.60624,-0.516571,0.342249,1.59787,0.0154564,0.00948319,0.0160325,1.13648,0.0002,-1.03604e-09,-8.56348e-08,-1.03604e-09,0.000200011,1.13355e-06,-8.56348e-08,1.13355e-06,0.000199996
-0.512139,0.346421,1.6032,-0.51651,0.342218,1.59777,0.0176848,0.00856706,0.0129859,1.12338,0.0002,-9.00347e-10,-7.25675e-08,-9.00347e-10,0.000200012,1.15051e-06,-7.25675e-08,1.15051e-06,0.000199996
-0.510261,0.345667,1.60065,-0.516356,0.34223,1.59776,0.0149707,0.0112909,0.00710463,1.12663,0.0002,-7.68625e-10,-5.97651e-08,-7.68625e-10,0.000200012,1.17174e-06,-5.97651e-08,1.17174e-06,0.000199996
-0.508746,0.345061,1.5984,-0.516293,0.342237,1.59766,0.0164858,0.0106851,0.00484617,1.13019,0.0002,-6.59518e-10,-5.03524e-08,-6.59518e-10,0.000200013,1.18535e-06,-5.03524e-08,1.18535e-06,0.000199995
-0.507419,0.344509,1.59647,-0.51626,0.342223,1.59758,0.0178126,0.0101334,0.00292121,1.13019,0.0002,-4.97524e-10,-3.35141e-08,-4.97524e-10,0.000200013,1.21136e-06,-3.35141e-08,1.21136e-06,0.000199995
-0.506484,0.343976,1.59493,-0.516267,0.342222,1.59756,0.0133637,0.0127933,0.0109271,1.12663,0.0002,-2.50153e-10,-7.77752e-09,-2.50153e-10,0.000200013,1.20792e-06,-7.77752e-09,1.20792e-06,0.000199995
-0.503977,0.341972,1.59384,-0.506201,0.334598,1.59627,0.0158704,0.0107886,0.00983959,0.963435,0.0002,-1.13222e-12,1.68593e-08,-1.13222e-12,0.000200013,1.16502e-06,1.68593e-08,1.16502e-06,0.000199995
-0.502159,0.340342,1.59245,-0.506179,0.334601,1.59623,0.0146116,0.0103923,0.00835546,0.959926,0.0002,2.07714e-10,3.73436e-08,2.07714e-10,0.000200012,1.10698e-06,3.73436e-08,1.10698e-06,0.000199995
-0.500657,0.339148,1.59133,-0.506149,0.334727,1.59623,0.0161133,0.00919784,0.00724211,0.995265,0.0002,2.63525e-10,3.7215e-08,2.63525e-10,0.000200011,1.07634e-06,3.7215e-08,1.07634e-06,0.000199996
-0.499387,0.338273,1.59013,-0.506115,0.3346,1.59621,0.0113605,0.0105043,0.00613842,0.963036,0.0002,1.83896e-10,2.04893e-08,1.83896e-10,0.000200011,1.06662e-06,2.04893e-08,1.06662e-06,0.000199996
-0.498398,0.337724,1.58927,-0.506124,0.334616,1.59619,0.01235,0.00995486,0.00527606,0.966545,0.0002,-4.63509e-11,-1.3572e-08,-4.63509e-11,0.000200011,1.05659e-06,-1.3572e-08,1.05659e-06,0.000199996
-0.495636,0.336593,1.58706,-0.495219,0.331635,1.59068,0.0151117,0.00882345,0.00306806,0.951452,0.0002,-1.21987e-10,-2.07206e-08,-1.21987e-10,0.00020001,1.0164e-06,-2.07206e-08,1.0164e-06,0.000199996
-0.493418,0.335595,1.58526,-0.495183,0.331611,1.5905,0.0100604,0.00727631,0.0109768,0.954888,0.0002,-8.17686e-11,-1.09324e-08,-8.17686e-11,0.00020001,9.90879e-07,-1.09324e-08,9.90879e-07,0.000199996
-0.491613,0.334813,1.58389,-0.495134,0.331596,1.59034,0.0118655,0.00649421,0.0096092,0.954733,0.0002,-6.60627e-11,-7.54106e-09,-6.60627e-11,0.000200009,9.77907e-07,-7.54106e-09,9.77907e-07,0.000199996
-0.490205,0.334139,1.58278,-0.495108,0.331582,1.59026,0.013273,0.00582075,0.0085003,0.958036,0.0002,-6.20372e-12,1.97463e-09,-6.20372e-12,0.000200009,9.62868e-07,1.97463e-09,9.62868e-07,0.000199997
-0.489204,0.333512,1.58189,-0.495098,0.331579,1.59022,0.00874556,0.00504258,0.00914593,0.954576,0.0002,1.2608e-10,2.2235e-08,1.2608e-10,0.000200008,9.3294e-07,2.2235e-08,9.3294e-07,0.000199997
-0.488397,0.33305,1.58054,-0.495069,0.331568,1.59018,0.0095521,0.00458036,0.00780165,0.954576,0.0002,1.87748e-10,2.89242e-08,1.87748e-10,0.000200008,9.13701e-07,2.89242e-08,9.13701e-07,0.000199997
-0.485228,0.332554,1.57709,-0.482553,0.330682,1.57781,0.00608764,0.00498249,0.0152149,1.13117,0.0002,1.74278e-10,2.33593e-08,1.74278e-10,0.000200008,9.04712e-07,2.33593e-08,9.04712e-07,0.000199997
-0.482742,0.332174,1.57461,-0.482476,0.330686,1.57763,0.00857402,0.00460313,0.012733,1.13117,0.0002,1.45418e-10,1.74044e-08,1.45418e-10,0.000200008,8.88722e-07,1.74044e-08,8.88722e-07,0.000199997
-0.480769,0.331805,1.57271,-0.48245,0.330692,1.57755,0.00427649,0.00414047,0.0185345,1.14069,0.0002,1.84467e-10,2.45342e-08,1.84467e-10,0.000200007,8.75087e-07,2.45342e-08,8.75087e-07,0.000199997
-0.47923,0.331489,1.5714,-0.482438,0.330599,1.57753,0.00581487,0.00382437,0.0172189,1.11002,0.0002,2.16284e-10,2.95932e-08,2.16284e-10,0.000200007,8.59531e-07,2.95932e-08,8.59531e-07,0.000199997
-0.47784,0.331385,1.57064,-0.482383,0.330605,1.57745,0.00720512,0.00372005,0.0164609,1.11682,0.0002,1.10501e-10,9.32959e-09,1.10501e-10,0.000200007,8.7343e-07,9.32959e-09,8.7343e-07,0.000199997
-0.476728,0.331318,1.57002,-0.482382,0.330695,1.57737,0.00575325,0.00394554,0.0214304,1.15084,0.0002,2.49921e-11,-3.39394e-09,2.49921e-11,0.000200007,8.82333e-07,-3.39394e-09,8.82333e-07,0.000199997
-0.473275,0.331112,1.5648,-0.469995,0.330246,1.5548,0.00920578,0.00373934,0.0162114,1.01818,0.0002,-4.48201e-13,-4.39846e-09,-4.48201e-13,0.000200007,9.01627e-07,-4.39846e-09,9.01627e-07,0.000199997
-0.470458,0.330956,1.56077,-0.469929,0.330328,1.55449,0.00505294,0.00355552,0.0218411,1.04707,0.0002,-7.61284e-12,-3.31248e-09,-7.61284e-12,0.000200008,9.20789e-07,-3.31248e-09,9.20789e-07,0.000199997
-0.468203,0.33083,1.55783,-0.46982,0.330236,1.55435,0.00730784,0.00342861,0.0189005,1.01656,0.0002,-2.44568e-11,-4.8097e-09,-2.44568e-11,0.000200008,9.2969e-07,-4.8097e-09,9.2969e-07,0.000199997
-0.466463,0.330577,1.55536,-0.469814,0.33024,1.55429,0.00904736,0.00317633,0.0164319,1.02334,0.0002,1.13626e-10,1.89428e-08,1.13626e-10,0.000200008,9.24823e-07,1.89428e-08,9.24823e-07,0.000199997
-0.464911,0.330275,1.55264,-0.469746,0.330292,1.55419,0.00555612,0.00347371,0.017513,1.02792,0.0002,3.43612e-10,5.27125e-08,3.43612e-10,0.000200008,9.45135e-07,5.27125e-08,9.45135e-07,0.000199997
-0.461987,0.330061,1.55011,-0.461333,0.330444,1.55447,0.00848015,0.00325982,0.01498,1.3705,0.0002,5.34952e-10,7.5468e-08,5.34952e-10,0.000200008,9.58001e-07,7.5468e-08,9.58001e-07,0.000199997
-0.459741,0.329822,1.54802,-0.461386,0.329475,1.55413,0.00417904,0.00367567,0.0149954,1.16593,0.0002,5.49942e-10,7.01808e-08,5.49942e-10,0.000200008,9.53015e-07,7.01808e-08,9.53015e-07,0.000199997
-0.457754,0.329904,1.54632,-0.461401,0.33034,1.55453,0.00616617,0.00375773,0.0132977,1.35804,0.0002,4.685e-10,5.13549e-08,4.685e-10,0.000200009,9.80845e-07,5.13549e-08,9.80845e-07,0.000199997
-0.456119,0.329792,1.5449,-0.461385,0.329468,1.55424,0.00780132,0.00364571,0.0118794,1.18567,0.0002,4.03431e-10,4.01282e-08,4.03431e-10,0.000200009,1.00545e-06,4.01282e-08,1.00545e-06,0.000199997
-0.45492,0.329826,1.54389,-0.461412,0.329547,1.55435,0.00152822,0.00379299,0.0228503,1.22078,0.0002,2.3404e-10,1.59186e-08,2.3404e-10,0.000200009,1.00468e-06,1.59186e-08,1.00468e-06,0.000199997
-0.45394,0.329952,1.54345,-0.461412,0.330163,1.55462,0.00250801,0.00391961,0.0224098,1.30347,0.0002,1.26067e-10,4.15317e-09,1.26067e-10,0.000200009,1.00749e-06,4.15317e-09,1.00749e-06,0.000199997
-0.449495,0.330145,1.54068,-0.443301,0.331342,1.54045,0.00695289,0.00411255,0.0196386,0.914867,0.0002,1.81988e-10,1.72106e-08,1.81988e-10,0.00020001,1.01548e-06,1.72106e-08,1.01548e-06,0.000199997
-0.445856,0.330356,1.53894,-0.44321,0.331335,1.54024,0.00491458,0.00399896,0.0223865,0.918317,0.0002,1.7205e-10,1.64786e-08,1.7205e-10,0.00020001,1.03109e-06,1.64786e-08,1.03109e-06,0.000199996
-0.442844,0.330429,1.5377,-0.443123,0.331315,1.54,0.00792605,0.00407282,0.0211517,0.907936,0.0002,2.67718e-10,3.06394e-08,2.67718e-10,0.00020001,1.05422e-06,3.06394e-08,1.05422e-06,0.000199996
-0.440384,0.330442,1.53648,-0.443074,0.331308,1.53989,0.00174693,0.00514546,0.0249039,0.908008,0.0002,4.02075e-10,4.73328e-08,4.02075e-10,0.000200011,1.07556e-06,4.73328e-08,1.07556e-06,0.000199996
-0.43863,0.330565,1.53537,-0.44299,0.331311,1.53973,0.00350133,0.00526829,0.0237934,0.904548,0.0002,3.71949e-10,4.01848e-08,3.71949e-10,0.00020001,1.05238e-06,4.01848e-08,1.05238e-06,0.000199996
-0.434777,0.330324,1.53128,-0.430537,0.329474,1.52577,0.00735404,0.00502784,0.019698,1.43415,0.0002,2.99891e-10,2.91415e-08,2.99891e-10,0.00020001,1.03099e-06,2.91415e-08,1.03099e-06,0.000199996
-0.431718,0.330109,1.52769,-0.430543,0.329485,1.52576,0.0046899,0.00534748,0.0219793,1.43078,0.0002,2.74958e-10,2.69318e-08,2.74958e-10,0.00020001,1.01374e-06,2.69318e-08,1.01374e-06,0.000199996
-0.429233,0.329845,1.52461,-0.430546,0.329479,1.52575,0.0071752,0.00508318,0.0188991,1.43078,0.0002,3.58686e-10,4.0794e-08,3.58686e-10,0.00020001,1.00883e-06,4.0794e-08,1.00883e-06,0.000199996
-0.427174,0.329696,1.52226,-0.430527,0.32951,1.52578,0.00196664,0.00512209,0.0273561,1.42727,0.0002,3.71556e-10,4.10349e-08,3.71556e-10,0.00020001,1.01632e-06,4.10349e-08,1.01632e-06,0.000199996
-0.425505,0.329555,1.52089,-0.430515,0.329528,1.52577,0.00363581,0.00498116,0.0259877,1.42046,0.0002,4.09489e-10,4.53943e-08,4.09489e-10,0.00020001,1.02431e-06,4.53943e-08,1.02431e-06,0.000199996
-0.42412,0.32947,1.5202,-0.43049,0.329473,1.52573,0.00181856,0.00504488,0.0283294,1.42388,0.0002,3.99384e-10,4.20586e-08,3.99384e-10,0.00020001,1.03656e-06,4.20586e-08,1.03656e-06,0.000199996
-0.420099,0.32921,1.51571,-0.415481,0.328847,1.50085,0.00583987,0.00478502,0.0238376,1.26343,0.0002,4.25764e-10,4.57916e-08,4.25764e-10,0.00020001,1.03046e-06,4.57916e-08,1.03046e-06,0.000199996
-0.416795,0.328923,1.51299,-0.415344,0.328827,1.50059,0.00914395,0.00449866,0.0211239,1.27343,0.0002,5.30529e-10,6.01548e-08,5.30529e-10,0.00020001,1.03613e-06,6.01548e-08,1.03613e-06,0.000199996
-0.414011,0.328632,1.51098,-0.415262,0.328788,1.50032,0.00653901,0.00424319,0.0203563,1.27444,0.0002,6.84147e-10,7.82337e-08,6.84147e-10,0.00020001,1.05968e-06,7.82337e-08,1.05968e-06,0.000199996
-0.411784,0.328412,1.50919,-0.41516,0.328753,1.49995,0.00876607,0.00402261,0.018566,1.27257,0.0002,7.84713e-10,8.70563e-08,7.84713e-10,0.000200011,1.07147e-06,8.70563e-08,1.07147e-06,0.000199996
-0.409978,0.328218,1.50702,-0.414826,0.328664,1.4994,0.00320177,0.00565158,0.0198318,1.26513,0.0002,8.60116e-10,9.32911e-08,8.60116e-10,0.000200011,1.07213e-06,9.32911e-08,1.07213e-06,0.000199996
-0.408529,0.328209,1.50516,-0.414743,0.328663,1.49926,0.00465098,0.00564328,0.0179699,1.26885,0.0002,7.51552e-10,7.41751e-08,7.51552e-10,0.000200011,1.07059e-06,7.41751e-08,1.07059e-06,0.000199996
-0.404884,0.328329,1.50549,-0.401934,0.328595,1.50836,0.00829629,0.00576316,0.0183006,1.33575,0.0002,5.1403e-10,4.13833e-08,5.1403e-10,0.00020001,1.05734e-06,4.13833e-08,1.05734e-06,0.000199996
-0.401929,0.32838,1.50616,-0.401938,0.328598,1.50832,0.00419771,0.00609001,0.0162398,1.33933,0.0002,3.78122e-10,2.73165e-08,3.78122e-10,0.00020001,1.05521e-06,2.73165e-08,1.05521e-06,0.000199996
-0.399529,0.328291,1.50691,-0.401931,0.328594,1.50834,0.00659726,0.00600052,0.0169859,1.33506,0.0002,4.19336e-10,3.87773e-08,4.19336e-10,0.00020001,1.05932e-06,3.87773e-08,1.05932e-06,0.000199996
-0.397516,0.328025,1.5076,-0.401936,0.328606,1.5083,0.00239643,0.00595385,0.0208695,1.34581,0.0002,6.8415e-10,7.74219e-08,6.8415e-10,0.000200011,1.07702e-06,7.74219e-08,1.07702e-06,0.000199996
-0.395903,0.327852,1.50815,-0.401933,0.32859,1.50828,0.00401014,0.00578122,0.0214191,1.33933,0.0002,8.50439e-10,9.50841e-08,8.50439e-10,0.000200011,1.0888e-06,9.50841e-08,1.0888e-06,0.000199996
-0.391633,0.327673,1.51018,-0.386656,0.32769,1.51418,0.00828003,0.00560237,0.0234532,0.831472,0.0002,8.15871e-10,8.47422e-08,8.15871e-10,0.000200011,1.08407e-06,8.47422e-08,1.08407e-06,0.000199996
-0.388197,0.327553,1.51252,-0.386667,0.327693,1.51411,0.00417967,0.00702812,0.0220812,0.824146,0.0002,7.53434e-10,7.3787e-08,7.53434e-10,0.000200011,1.0847e-06,7.3787e-08,1.0847e-06,0.000199996
-0.385492,0.327569,1.51406,-0.386605,0.327694,1.51398,0.00688383,0.00704488,0.0236156,0.827687,0.0002,5.68141e-10,4.84455e-08,5.68141e-10,0.000200011,1.07591e-06,4.84455e-08,1.07591e-06,0.000199996
-0.383324,0.327542,1.51567,-0.386353,0.327685,1.51386,0.00197769,0.00792833,0.0261422,0.824024,0.0002,4.61017e-10,3.78683e-08,4.61017e-10,0.000200011,1.06312e-06,3.78683e-08,1.06312e-06,0.000199996
-0.381544,0.327498,1.51727,-0.386232,0.327673,1.51381,0.00375697,0.00788358,0.0277358,0.824024,0.0002,4.01816e-10,3.39259e-08,4.01816e-10,0.000200011,1.05817e-06,3.39259e-08,1.05817e-06,0.000199996
-0.378623,0.326625,1.51908,-0.378497,0.324075,1.5186,0.00667833,0.00701069,0.0295515,0.950987,0.0002,4.93023e-10,5.10379e-08,4.93023e-10,0.00020001,1.04716e-06,5.10379e-08,1.04716e-06,0.000199996
-0.376259,0.325994,1.52022,-0.378485,0.324087,1.5186,0.00657744,0.00667106,0.0229942,0.954691,0.0002,4.96933e-10,5.1435e-08,4.96933e-10,0.00020001,1.04407e-06,5.1435e-08,1.04407e-06,0.000199996
-0.374346,0.325471,1.52104,-0.37848,0.324097,1.51861,0.00849004,0.00614777,0.023807,0.948011,0.0002,5.22653e-10,5.48767e-08,5.22653e-10,0.00020001,1.04534e-06,5.48767e-08,1.04534e-06,0.000199996
-0.372774,0.325005,1.52168,-0.378469,0.324082,1.51857,0.00467868,0.00732756,0.0218207,0.943579,0.0002,5.92358e-10,6.39003e-08,5.92358e-10,0.00020001,1.05264e-06,6.39003e-08,1.05264e-06,0.000199996
-0.371552,0.324764,1.52219,-0.378471,0.324081,1.51853,0.00590038,0.00708563,0.0223279,0.950264,0.0002,4.99973e-10,4.87073e-08,4.99973e-10,0.00020001,1.05151e-06,4.87073e-08,1.05151e-06,0.000199996
-0.370509,0.324546,1.52269,-0.378458,0.324083,1.51849,0.00694304,0.00686858,0.0228291,0.94656,0.0002,4.52822e-10,4.26231e-08,4.52822e-10,0.00020001,1.06082e-06,4.26231e-08,1.06082e-06,0.000199996
-0.366982,0.323697,1.52635,-0.365298,0.320957,1.53324,0.0031725,0.00755735,0.0222792,1.89006,0.0002,4.91677e-10,4.90545e-08,4.91677e-10,0.000200011,1.07652e-06,4.90545e-08,1.07652e-06,0.000199996
-0.36409,0.322897,1.5296,-0.365248,0.320875,1.53332,0.00606386,0.00675714,0.025533,1.86498,0.0002,6.41985e-10,6.89921e-08,6.41985e-10,0.000200011,1.09614e-06,6.89921e-08,1.09614e-06,0.000199996
-0.361912,0.322342,1.53176,-0.365297,0.321039,1.53317,0.00193719,0.00759694,0.0295344,1.90977,0.0002,6.90647e-10,7.30325e-08,6.90647e-10,0.000200011,1.08866e-06,7.30325e-08,1.08866e-06,0.000199996
-0.360187,0.321954,1.5334,-0.36529,0.32098,1.53322,0.00366254,0.00720916,0.0311696,1.8903,0.0002,6.45138e-10,6.45017e-08,6.45138e-10,0.000200011,1.08091e-06,6.45017e-08,1.08091e-06,0.000199996
-0.358828,0.32168,1.53418,-0.365294,0.321035,1.53318,0.00502166,0.0069349,0.0319527,1.90977,0.0002,5.7793e-10,5.51376e-08,5.7793e-10,0.000200011,1.07269e-06,5.51376e-08,1.07269e-06,0.000199996
-0.357824,0.321449,1.53461,-0.36529,0.320955,1.53322,-5.6402e-05,0.00791309,0.0201904,1.89006,0.0002,5.15733e-10,4.84571e-08,5.15733e-10,0.000200011,1.05384e-06,4.84571e-08,1.05384e-06,0.000199996
-0.354242,0.320713,1.53587,-0.351717,0.318074,1.53831,0.00352559,0.00717711,0.0214454,1.90102,0.0002,4.49974e-10,4.10337e-08,4.49974e-10,0.00020001,1.0521e-06,4.10337e-08,1.0521e-06,0.000199996
-0.351293,0.320055,1.53729,-0.351713,0.317946,1.53835,-0.0010139,0.00671779,0.0236209,1.86232,0.0002,4.49324e-10,4.28757e-08,4.49324e-10,0.000200011,1.06437e-06,4.28757e-08,1.06437e-06,0.000199996
-0.348895,0.319445,1.53802,-0.351721,0.317951,1.53834,0.00138416,0.00610783,0.0243457,1.86592,0.0002,5.4875e-10,5.75289e-08,5.4875e-10,0.000200011,1.0786e-06,5.75289e-08,1.0786e-06,0.000199996
-0.347038,0.318989,1.53849,-0.351714,0.317992,1.53832,0.00324105,0.00565247,0.0248193,1.88031,0.0002,5.9775e-10,6.29394e-08,5.9775e-10,0.000200011,1.07763e-06,6.29394e-08,1.07763e-06,0.000199996
-0.345636,0.318812,1.53907,-0.351735,0.318063,1.5383,-0.00225115,0.007107,0.022432,1.90051,0.0002,4.34253e-10,3.84764e-08,4.34253e-10,0.000200011,1.06428e-06,3.84764e-08,1.06428e-06,0.000199996
-0.341543,0.318344,1.54204,-0.337301,0.316578,1.55186,0.0018413,0.00663892,0.0254023,2.02094,0.0002,3.56857e-10,2.99269e-08,3.56857e-10,0.000200011,1.06913e-06,2.99269e-08,1.06913e-06,0.000199996
-0.338372,0.317911,1.54495,-0.337272,0.316569,1.55192,-0.00132462,0.00641836,0.0291285,2.02348,0.0002,3.53005e-10,3.27884e-08,3.53005e-10,0.00020001,1.05496e-06,3.27884e-08,1.05496e-06,0.000199996
-0.335749,0.317641,1.54788,-0.337279,0.316528,1.55188,0.00129862,0.00614881,0.032065,2.01231,0.0002,2.54138e-10,1.99705e-08,2.54138e-10,0.000200011,1.05987e-06,1.99705e-08,1.05987e-06,0.000199996
-0.333658,0.317289,1.55045,-0.337305,0.316467,1.5519,0.00338894,0.00579706,0.0346255,2.00772,0.0002,3.10766e-10,3.09534e-08,3.10766e-10,0.000200011,1.06259e-06,3.09534e-08,1.06259e-06,0.000199996
-0.332093,0.316907,1.55239,-0.3373,0.316465,1.55189,0.00152464,0.0057075,0.0339399,2.00406,0.0002,4.62982e-10,5.37507e-08,4.62982e-10,0.00020001,1.04705e-06,5.37507e-08,1.04705e-06,0.000199996
-0.330769,0.31659,1.55426,-0.337257,0.316512,1.55189,0.00284891,0.00539056,0.0358058,2.01139,0.0002,6.04561e-10,7.10505e-08,6.04561e-10,0.00020001,1.04733e-06,7.10505e-08,1.04733e-06,0.000199996
-0.326673,0.316347,1.55604,-0.322192,0.315797,1.55387,0.00694548,0.00514721,0.0375915,1.69643,0.0002,5.46853e-10,5.76947e-08,5.46853e-10,0.00020001,1.05132e-06,5.76947e-08,1.05132e-06,0.000199996
-0.323459,0.316172,1.55696,-0.322194,0.315773,1.55389,-0.00046024,0.00653729,0.0335066,1.6986,0.0002,4.65325e-10,4.51766e-08,4.65325e-10,0.00020001,1.04372e-06,4.51766e-08,1.04372e-06,0.000199996
-0.320865,0.316103,1.55758,-0.322189,0.315801,1.55388,0.00213389,0.00646826,0.034133,1.69643,0.0002,3.29614e-10,2.67064e-08,3.29614e-10,0.00020001,1.04239e-06,2.67064e-08,1.04239e-06,0.000199996
-0.318767,0.316155,1.5586,-0.32219,0.315805,1.55388,0.00134211,0.00692222,0.025732,1.69643,0.0002,1.04245e-10,-2.56923e-09,1.04245e-10,0.00020001,1.04513e-06,-2.56923e-09,1.04513e-06,0.000199996
-0.317004,0.315981,1.55983,-0.322178,0.315794,1.55386,0.00310501,0.00674843,0.0269579,1.69643,0.0002,1.60706e-10,1.22743e-08,1.60706e-10,0.00020001,1.06014e-06,1.22743e-08,1.06014e-06,0.000199996
-0.312404,0.315697,1.56174,-0.30633,0.315569,1.55799,0.00770501,0.00646373,0.0288673,1.77608,0.0002,3.30829e-10,3.82874e-08,3.30829e-10,0.000200011,1.07303e-06,3.82874e-08,1.07303e-06,0.000199996
-0.308744,0.315576,1.56337,-0.306328,0.315558,1.558,0.00449018,0.00605256,0.0233004,1.77043,0.0002,3.42696e-10,3.70943e-08,3.42696e-10,0.000200011,1.07804e-06,3.70943e-08,1.07804e-06,0.000199996
-0.305837,0.315541,1.56477,-0.306335,0.315537,1.55796,0.00739655,0.00601773,0.0247028,1.77043,0.0002,2.71153e-10,2.54165e-08,2.71153e-10,0.000200011,1.07791e-06,2.54165e-08,1.07791e-06,0.000199996
-0.303617,0.315544,1.566,-0.306331,0.315575,1.55799,0.00222153,0.00679237,0.0216144,1.77608,0.0002,1.82619e-10,1.38977e-08,1.82619e-10,0.000200011,1.06082e-06,1.38977e-08,1.06082e-06,0.000199996
-0.301863,0.315567,1.56709,-0.306332,0.315559,1.55798,0.00397612,0.00681492,0.0227011,1.77043,0.0002,8.76409e-11,2.61267e-09,8.76409e-11,0.00020001,1.04648e-06,2.61267e-09,1.04648e-06,0.000199996
-0.300355,0.315521,1.56807,-0.306339,0.315555,1.558,-0.00148949,0.006704,0.0214078,1.77043,0.0002,8.30216e-11,5.15688e-09,8.30216e-11,0.00020001,1.05431e-06,5.15688e-09,1.05431e-06,0.000199996
-0.296642,0.315536,1.57098,-0.294236,0.315957,1.56971,0.00222273,0.00671879,0.024324,2.24407,0.0002,1.29447e-10,1.33088e-08,1.29447e-10,0.000200011,1.07294e-06,1.33088e-08,1.07294e-06,0.000199996
-0.293673,0.315554,1.5729,-0.294239,0.315964,1.56971,0.00519202,0.00673682,0.0262445,2.24027,0.0002,1.62251e-10,1.75709e-08,1.62251e-10,0.000200011,1.08489e-06,1.75709e-08,1.08489e-06,0.000199996
-0.291376,0.315656,1.57464,-0.294207,0.315968,1.5697,0.000831628,0.00667689,0.012185,2.24027,0.0002,8.45204e-11,5.88689e-09,8.45204e-11,0.000200011,1.07887e-06,5.88689e-09,1.07887e-06,0.000199996
-0.289534,0.315739,1.57563,-0.294184,0.315959,1.56972,0.00267364,0.00676,0.0131677,2.23976,0.0002,1.92277e-11,-2.0611e-09,1.92277e-11,0.000200011,1.07501e-06,-2.0611e-09,1.07501e-06,0.000199996
-0.288081,0.31583,1.5763,-0.294179,0.315966,1.56968,-0.00320733,0.00719017,0.00713099,2.24027,0.0002,-5.67632e-11,-1.08547e-08,-5.67632e-11,0.000200011,1.06911e-06,-1.08547e-08,1.06911e-06,0.000199996
-0.286832,0.315946,1.57664,-0.29417,0.315962,1.56969,-0.00195798,0.00730589,0.00746594,2.24357,0.0002,-1.65936e-10,-2.35501e-08,-1.65936e-10,0.000200011,1.07889e-06,-2.35501e-08,1.07889e-06,0.000199996
-0.282297,0.315621,1.58158,-0.276392,0.3147,1.59358,0.00257677,0.00698095,0.0124071,1.77902,0.0002,-3.27092e-11,-1.10091e-09,-3.27092e-11,0.000200011,1.08198e-06,-1.10091e-09,1.08198e-06,0.000199996
-0.278796,0.315325,1.58471,-0.276396,0.314702,1.5936,-0.00174471,0.00726438,0.00885529,1.77902,0.0002,1.13986e-10,1.87819e-08,1.13986e-10,0.000200011,1.06367e-06,1.87819e-08,1.06367e-06,0.000199996
-0.275971,0.315156,1.58649,-0.276376,0.314696,1.59363,0.00108034,0.00709552,0.0106392,1.78278,0.0002,1.50474e-10,2.04255e-08,1.50474e-10,0.000200011,1.05526e-06,2.04255e-08,1.05526e-06,0.000199996
-0.273652,0.315093,1.58698,-0.276393,0.314713,1.59361,-0.000167409,0.00691327,0.00981125,1.77526,0.0002,1.03067e-10,1.08882e-08,1.03067e-10,0.000200011,1.05994e-06,1.08882e-08,1.05994e-06,0.000199996
-0.271883,0.315169,1.58717,-0.276389,0.314713,1.59362,0.0016015,0.00698966,0.0100008,1.78654,0.0002,-7.7828e-11,-1.5522e-08,-7.7828e-11,0.00020001,1.04902e-06,-1.5522e-08,1.04902e-06,0.000199996
-0.26789,0.315017,1.58945,-0.263393,0.313715,1.60169,0.00559456,0.00683746,0.0122818,1.89411,0.0002,-1.97278e-10,-2.92785e-08,-1.97278e-10,0.00020001,1.03867e-06,-2.92785e-08,1.03867e-06,0.000199996
-0.264629,0.314752,1.59201,-0.263387,0.313517,1.60171,0.00254511,0.00541805,0.0128256,1.85936,0.0002,-1.82407e-10,-2.24312e-08,-1.82407e-10,0.00020001,1.0425e-06,-2.24312e-08,1.0425e-06,0.000199996
-0.261955,0.31448,1.59477,-0.26339,0.313513,1.60171,0.00521883,0.00514573,0.0155934,1.85936,0.0002,-1.06844e-10,-9.37545e-09,-1.06844e-10,0.00020001,1.05538e-06,-9.37545e-09,1.05538e-06,0.000199996
-0.259729,0.314223,1.5972,-0.263387,0.313499,1.60171,0.000908591,0.00505359,0.0144258,1.85559,0.0002,-6.55475e-12,4.26572e-09,-6.55475e-12,0.000200011,1.07741e-06,4.26572e-09,1.07741e-06,0.000199996
-0.258015,0.314126,1.59861,-0.263395,0.313717,1.6017,0.0026224,0.00495736,0.0158428,1.89411,0.0002,-2.21437e-12,2.35221e-09,-2.21437e-12,0.000200011,1.08105e-06,2.35221e-09,1.08105e-06,0.000199996
-0.253842,0.313983,1.59878,-0.249055,0.313065,1.60051,0.00679588,0.00481373,0.0160143,2.00785,0.0002,-7.29046e-11,-8.99732e-09,-7.29046e-11,0.000200011,1.07289e-06,-8.99732e-09,1.07289e-06,0.000199996
-0.250488,0.31402,1.59861,-0.249064,0.313075,1.6005,0.00242012,0.00563396,0.0173582,2.00791,0.0002,-2.97362e-10,-4.00857e-08,-2.97362e-10,0.000200011,1.07042e-06,-4.00857e-08,1.07042e-06,0.000199996
-0.247716,0.314051,1.59846,-0.249046,0.313073,1.60049,0.00519197,0.00566545,0.0172148,2.01921,0.0002,-4.81247e-10,-6.02842e-08,-4.81247e-10,0.000200011,1.08245e-06,-6.02842e-08,1.08245e-06,0.000199996
-0.24554,0.313946,1.59855,-0.249058,0.313068,1.60047,0.00127989,0.00425968,0.0203844,2.00791,0.0002,-4.73758e-10,-5.26591e-08,-4.73758e-10,0.000200011,1.0839e-06,-5.26591e-08,1.0839e-06,0.000199996
-0.24367,0.313865,1.59945,-0.24905,0.313069,1.60047,0.00315001,0.0041784,0.021285,2.00412,0.0002,-4.74503e-10,-4.87988e-08,-4.74503e-10,0.000200011,1.10522e-06,-4.87988e-08,1.10522e-06,0.000199996
-0.242084,0.313717,1.60018,-0.249039,0.313061,1.60049,0.00473566,0.00403048,0.0220091,2.00785,0.0002,-3.80078e-10,-3.34904e-08,-3.80078e-10,0.000200012,1.13286e-06,-3.34904e-08,1.13286e-06,0.000199996
-0.238101,0.313692,1.60069,-0.234724,0.313637,1.60276,0.00111774,0.00461527,0.0157946,2.72044,0.0002,-2.66962e-10,-1.96242e-08,-2.66962e-10,0.000200012,1.12684e-06,-1.96242e-08,1.12684e-06,0.000199996
-0.234878,0.313847,1.60129,-0.234733,0.313649,1.60265,0.00434008,0.00476988,0.0163917,2.72348,0.0002,-3.85193e-10,-3.84803e-08,-3.85193e-10,0.000200012,1.12897e-06,-3.84803e-08,1.12897e-06,0.000199996
-0.23221,0.314012,1.60115,-0.234697,0.31362,1.60267,-0.000722522,0.00485345,0.0144622,2.72044,0.0002,-5.40497e-10,-5.76866e-08,-5.40497e-10,0.000200012,1.14373e-06,-5.76866e-08,1.14373e-06,0.000199996
-0.23018,0.314082,1.60073,-0.234703,0.313643,1.60267,0.00130687,0.00492313,0.0140406,2.7242,0.0002,-5.75202e-10,-5.90496e-08,-5.75202e-10,0.000200012,1.1365e-06,-5.90496e-08,1.1365e-06,0.000199996
-0.228577,0.314116,1.60112,-0.2347,0.313653,1.60267,0.00291043,0.00495733,0.0144289,2.72724,0.0002,-5.72677e-10,-5.66142e-08,-5.72677e-10,0.000200012,1.12855e-06,-5.66142e-08,1.12855e-06,0.000199996
-0.227297,0.314098,1.60163,-0.234721,0.31364,1.60264,-0.00236791,0.00542177,0.0140207,2.7242,0.0002,-5.19792e-10,-4.85117e-08,-5.19792e-10,0.000200012,1.12366e-06,-4.85117e-08,1.12366e-06,0.000199996
-0.222828,0.313771,1.60361,-0.217707,0.312033,1.60845,0.00210102,0.00509417,0.0160038,4.22261,0.0002,-4.83415e-10,-4.39545e-08,-4.83415e-10,0.000200012,1.12733e-06,-4.39545e-08,1.12733e-06,0.000199996
-0.219403,0.313529,1.6051,-0.217712,0.31204,1.60845,0.0055256,0.00485283,0.0174857,4.22678,0.0002,-4.72999e-10,-4.43989e-08,-4.72999e-10,0.000200012,1.10572e-06,-4.43989e-08,1.10572e-06,0.000199996
-0.216595,0.313298,1.60585,-0.217802,0.312038,1.60834,0.00218606,0.00528195,0.0188756,4.20661,0.0002,-4.26588e-10,-3.87198e-08,-4.26588e-10,0.000200012,1.10572e-06,-3.87198e-08,1.10572e-06,0.000199996
-0.214287,0.313224,1.60634,-0.217793,0.312041,1.60835,0.00449443,0.00520777,0.0193752,4.21078,0.0002,-5.21719e-10,-5.26961e-08,-5.21719e-10,0.000200012,1.11532e-06,-5.26961e-08,1.11532e-06,0.000199996
-0.212381,0.313168,1.60614,-0.21771,0.312038,1.60845,0.00311314,0.00583797,0.0167543,4.22678,0.0002,-6.03158e-10,-6.17646e-08,-6.03158e-10,0.000200012,1.12827e-06,-6.17646e-08,1.12827e-06,0.000199996
-0.209074,0.31297,1.60546,-0.208468,0.311007,1.60324,0.00642044,0.00564087,0.016068,3.43393,0.0002,-7.36422e-10,-7.75974e-08,-7.36422e-10,0.000200012,1.12599e-06,-7.75974e-08,1.12599e-06,0.000199996
-0.206407,0.312796,1.60481,-0.208471,0.311031,1.60325,0.00267773,0.00593202,0.0150174,3.44512,0.0002,-8.14438e-10,-8.41165e-08,-8.14438e-10,0.000200012,1.12807e-06,-8.41165e-08,1.12807e-06,0.000199996
-0.20415,0.3126,1.60492,-0.208508,0.311157,1.60333,0.00493484,0.00573542,0.015134,3.49027,0.0002,-7.87076e-10,-7.54397e-08,-7.87076e-10,0.000200012,1.15028e-06,-7.54397e-08,1.15028e-06,0.000199996
-0.202361,0.312287,1.60492,-0.208511,0.311125,1.60335,0.0067236,0.00542254,0.0151276,3.48646,0.0002,-5.76454e-10,-4.59548e-08,-5.76454e-10,0.000200012,1.16191e-06,-4.59548e-08,1.16191e-06,0.000199995
-0.200931,0.312129,1.60512,-0.208502,0.311163,1.60334,0.00189617,0.00677472,0.0164887,3.47918,0.0002,-5.11016e-10,-4.0797e-08,-5.11016e-10,0.000200013,1.16889e-06,-4.0797e-08,1.16889e-06,0.000199995
-0.199916,0.312003,1.60465,-0.208508,0.311183,1.60332,0.0029113,0.0066493,0.0160239,3.48646,0.0002,-4.51027e-10,-3.65534e-08,-4.51027e-10,0.000200012,1.15295e-06,-3.65534e-08,1.15295e-06,0.000199995
-0.196795,0.311524,1.60551,-0.196421,0.308943,1.611,0.000182324,0.00741059,0.00580558,3.72805,0.0002,-4.72332e-10,-4.31292e-08,-4.72332e-10,0.000200012,1.12541e-06,-4.31292e-08,1.12541e-06,0.000199995
-0.194212,0.311112,1.60639,-0.196423,0.308999,1.61098,0.00276497,0.00699924,0.00669155,3.75398,0.0002,-4.51954e-10,-4.14344e-08,-4.51954e-10,0.000200012,1.1216e-06,-4.14344e-08,1.1216e-06,0.000199996
-0.192145,0.310827,1.6073,-0.196411,0.309,1.61096,0.00483195,0.00671366,0.00760396,3.75398,0.0002,-4.90146e-10,-4.76114e-08,-4.90146e-10,0.000200012,1.11891e-06,-4.76114e-08,1.11891e-06,0.000199996
-0.190382,0.310454,1.60814,-0.196421,0.309,1.61096,0.000462942,0.00691918,0.0117373,3.75398,0.0002,-3.57735e-10,-2.87988e-08,-3.57735e-10,0.000200012,1.13504e-06,-2.87988e-08,1.13504e-06,0.000199996
-0.188967,0.310071,1.6086,-0.196413,0.308989,1.61098,0.00187852,0.00653589,0.0122,3.75398,0.0002,-1.49883e-10,-3.39573e-09,-1.49883e-10,0.000200012,1.14587e-06,-3.39573e-09,1.14587e-06,0.000199996
-0.184766,0.30952,1.60903,-0.181048,0.307123,1.6113,-0.00194534,0.00782685,0.0143429,3.75431,0.0002,-1.41971e-10,-7.73732e-09,-1.41971e-10,0.000200012,1.15204e-06,-7.73732e-09,1.15204e-06,0.000199995
-0.181391,0.309269,1.60948,-0.181046,0.307113,1.61126,0.00142938,0.00757629,0.0147857,3.76516,0.0002,-3.77692e-10,-4.14887e-08,-3.77692e-10,0.000200012,1.15821e-06,-4.14887e-08,1.15821e-06,0.000199995
-0.178725,0.309025,1.60962,-0.181011,0.307109,1.61124,0.00409525,0.00733183,0.0149284,3.75054,0.0002,-5.1344e-10,-5.61038e-08,-5.1344e-10,0.000200012,1.15562e-06,-5.61038e-08,1.15562e-06,0.000199995
-0.176675,0.308783,1.60973,-0.181006,0.307105,1.61123,0.003089,0.00672076,0.010642,3.74676,0.0002,-5.56707e-10,-5.81901e-08,-5.56707e-10,0.000200012,1.14061e-06,-5.81901e-08,1.14061e-06,0.000199995
-0.174909,0.308595,1.61024,-0.181012,0.307113,1.61123,0.00485563,0.00653333,0.0111463,3.76139,0.0002,-6.01644e-10,-6.05786e-08,-6.01644e-10,0.000200012,1.1514e-06,-6.05786e-08,1.1514e-06,0.000199995
-0.173405,0.308279,1.61064,-0.181021,0.30711,1.61121,-0.000547884,0.00623063,0.0181573,3.76139,0.0002,-4.36314e-10,-3.56551e-08,-4.36314e-10,0.000200013,1.17297e-06,-3.56551e-08,1.17297e-06,0.000199995
-0.168962,0.307731,1.60979,-0.165363,0.305961,1.60588,0.00389506,0.00568242,0.0173071,3.72051,0.0002,-2.2681e-10,-1.03008e-08,-2.2681e-10,0.000200013,1.20419e-06,-1.03008e-08,1.20419e-06,0.000199995
-0.165566,0.307435,1.60894,-0.166127,0.306048,1.60507,0.00729163,0.00538634,0.0164648,3.69453,0.0002,-2.18609e-10,-1.40929e-08,-2.18609e-10,0.000200014,1.22336e-06,-1.40929e-08,1.22336e-06,0.000199995
-0.162667,0.307417,1.60811,-0.165819,0.30606,1.60532,0.00227969,0.00597474,0.0134539,3.70147,0.0002,-5.03099e-10,-5.08057e-08,-5.03099e-10,0.000200014,1.25474e-06,-5.08057e-08,1.25474e-06,0.000199995
-0.1604,0.307382,1.60714,-0.16576,0.306077,1.60533,0.00454749,0.00593938,0.0124816,3.69853,0.0002,-6.98605e-10,-6.99497e-08,-6.98605e-10,0.000200015,1.2648e-06,-6.99497e-08,1.2648e-06,0.000199995
-0.158605,0.307327,1.60647,-0.165756,0.306067,1.60533,-0.00184253,0.00517894,0.00923695,3.69477,0.0002,-8.15469e-10,-7.8289e-08,-8.15469e-10,0.000200015,1.26799e-06,-7.8289e-08,1.26799e-06,0.000199995
-0.157114,0.30707,1.60593,-0.165732,0.306057,1.60532,-0.000351838,0.00492146,0.00869543,3.69101,0.0002,-6.19791e-10,-4.95453e-08,-6.19791e-10,0.000200015,1.27806e-06,-4.95453e-08,1.27806e-06,0.000199994
-0.151954,0.306731,1.60477,-0.14654,0.305602,1.60276,0.00480827,0.0045826,0.00754365,3.89828,0.0002,-4.05401e-10,-2.46775e-08,-4.05401e-10,0.000200016,1.30514e-06,-2.46775e-08,1.30514e-06,0.000199994
-0.148248,0.306518,1.6028,-0.148327,0.305811,1.6011,0.000467012,0.00464799,0.00745609,3.74404,0.0002,-2.49652e-10,-1.08305e-08,-2.49652e-10,0.000200016,1.31214e-06,-1.08305e-08,1.31214e-06,0.000199994
-0.145337,0.306484,1.60043,-0.14921,0.305853,1.60027,0.0033786,0.00461403,0.00508769,3.71453,0.0002,-3.04372e-10,-2.16717e-08,-3.04372e-10,0.000200016,1.33641e-06,-2.16717e-08,1.33641e-06,0.000199994
-0.143082,0.306456,1.59752,-0.148944,0.305881,1.60038,0.00563367,0.00458644,0.00218005,3.71054,0.0002,-3.31598e-10,-2.626e-08,-3.31598e-10,0.000200016,1.33158e-06,-2.626e-08,1.33158e-06,0.000199994
-0.141452,0.306341,1.59476,-0.14898,0.305886,1.6003,-0.00659796,0.00448402,-0.000775913,3.70347,0.0002,-2.14282e-10,-1.33407e-08,-2.14282e-10,0.000200016,1.30162e-06,-1.33407e-08,1.30162e-06,0.000199994
-0.135878,0.305805,1.59207,-0.12826,0.303439,1.60202,-0.00102411,0.0039475,-0.00346808,3.52739,0.0002,-1.71834e-10,-1.05577e-08,-1.71834e-10,0.000200016,1.30272e-06,-1.05577e-08,1.30272e-06,0.000199994
-0.131591,0.305365,1.58863,-0.128908,0.303405,1.60179,0.00326302,0.00350795,-0.00690928,3.46248,0.0002,-1.22835e-10,-6.68378e-09,-1.22835e-10,0.000200016,1.29662e-06,-6.68378e-09,1.29662e-06,0.000199994
-0.12809,0.30503,1.5843,-0.129079,0.303387,1.60167,0.0027113,0.0030281,-0.00526877,3.42959,0.0002,-9.61979e-11,-5.27234e-09,-9.61979e-11,0.000200016,1.30969e-06,-5.27234e-09,1.30969e-06,0.000199994
-0.125934,0.304698,1.57933,-0.132208,0.303435,1.5988,0.00486664,0.00269609,-0.0102385,3.14046,0.0002,3.37784e-11,8.48955e-09,3.37784e-11,0.000200016,1.31469e-06,8.48955e-09,1.31469e-06,0.000199994
-0.124023,0.304324,1.57525,-0.131706,0.303349,1.59928,-0.00169386,0.0021522,-0.00466406,3.16377,0.0002,2.77938e-10,3.34225e-08,2.77938e-10,0.000200016,1.33141e-06,3.34225e-08,1.33141e-06,0.000199994
-0.122664,0.30376,1.57198,-0.131716,0.303342,1.59928,-0.000334455,0.00158802,-0.0079321,3.16377,0.0002,8.29732e-10,9.20659e-08,8.29732e-10,0.000200016,1.31454e-06,9.20659e-08,1.31454e-06,0.000199994
-0.117305,0.30278,1.5627,-0.109596,0.302538,1.56646,-0.00392799,0.000626751,0.00596886,3.43879,0.0002,1.67166e-09,1.81999e-07,1.67166e-09,0.000200016,1.27922e-06,1.81999e-07,1.27922e-06,0.000199994
-0.113225,0.301592,1.55547,-0.11028,0.302609,1.56587,0.000151831,-0.000561599,-0.00126177,3.3687,0.000200001,2.83891e-09,3.07913e-07,2.83891e-09,0.000200015,1.24413e-06,3.07913e-07,1.24413e-06,0.000199994
-0.110139,0.300183,1.55018,-0.110372,0.302602,1.56575,0.00323803,-0.00197025,-0.00655071,3.35438,0.000200002,4.21496e-09,4.62157e-07,4.21496e-09,0.000200014,1.19484e-06,4.62157e-07,1.19484e-06,0.000199994
-0.108022,0.298622,1.54649,-0.110801,0.302582,1.56536,-0.00368178,-0.00317009,0.0137811,3.31297,0.000200003,5.5547e-09,6.29519e-07,5.5547e-09,0.000200013,1.1193e-06,6.29519e-07,1.1193e-06,0.000199994
-0.106648,0.297088,1.54339,-0.110971,0.302537,1.56515,-0.00230721,-0.00470439,0.0106841,3.28139,0.000200005,6.54697e-09,7.80746e-07,6.54697e-09,0.000200011,1.024e-06,7.80746e-07,1.024e-06,0.000199994
-0.101818,0.294553,1.53116,-0.0914182,0.297309,1.51525,-0.00551817,-0.00337953,0.0142358,3.13623,0.000200006,7.25769e-09,9.11683e-07,7.25769e-09,0.000200009,9.40317e-07,9.11683e-07,9.40317e-07,0.000199994
-0.0981281,0.292418,1.52126,-0.0914226,0.297323,1.51525,-0.00182873,-0.00551437,0.00434089,3.13453,0.000200008,7.60944e-09,1.01483e-06,7.60944e-09,0.000200008,8.57031e-07,1.01483e-06,8.57031e-07,0.000199994
-0.0954904,0.290672,1.51314,-0.0914136,0.297308,1.51526,0.000808943,-0.00726055,-0.00378304,3.12265,0.00020001,7.44899e-09,1.08743e-06,7.44899e-09,0.000200006,7.51375e-07,1.08743e-06,7.51375e-07,0.000199994
-0.0934249,0.289245,1.50627,-0.0916731,0.297292,1.51499,-0.00303651,-0.00101975,0.0141009,3.12848,0.000200011,7.2605e-09,1.13923e-06,7.2605e-09,0.000200005,6.83189e-07,1.13923e-06,6.83189e-07,0.000199994
-0.0919967,0.288065,1.50015,-0.0916714,0.297274,1.51495,-0.00160832,-0.00219934,0.00797726,3.13226,0.000200012,6.80852e-09,1.17817e-06,6.80852e-09,0.000200004,6.01713e-07,1.17817e-06,6.01713e-07,0.000199994
-0.0910106,0.287145,1.49515,-0.0916724,0.297255,1.51497,-0.0047578,0.00524238,0.0241665,3.13402,0.000200013,6.20576e-09,1.1988e-06,6.20576e-09,0.000200003,5.23287e-07,1.1988e-06,5.23287e-07,0.000199994
-0.0880785,0.282727,1.47871,-0.0806101,0.27934,1.45121,-0.00182567,0.000824249,0.00773002,2.02377,0.000200013,5.76546e-09,1.2231e-06,5.76546e-09,0.000200003,4.73564e-07,1.2231e-06,4.73564e-07,0.000199994
-0.0857888,0.279121,1.46524,-0.0806211,0.279322,1.45118,0.000464003,-0.00278107,-0.00573734,2.02418,0.000200014,5.36282e-09,1.25073e-06,5.36282e-09,0.000200002,4.29627e-07,1.25073e-06,4.29627e-07,0.000199994
-0.0840952,0.276334,1.45426,-0.080611,0.279339,1.45119,0.000631029,-0.00123236,-0.00147772,2.01989,0.000200014,4.81054e-09,1.25423e-06,4.81054e-09,0.000200002,3.76363e-07,1.25423e-06,3.76363e-07,0.000199994
-0.0829375,0.274187,1.44516,-0.0805985,0.279341,1.45117,0.00178874,-0.00337954,-0.010578,2.02377,0.000200014,4.082e-09,1.24358e-06,4.082e-09,0.000200001,3.08022e-07,1.24358e-06,3.08022e-07,0.000199994
-0.0820412,0.272491,1.43757,-0.0805884,0.279344,1.45117,0.000435558,0.00424786,0.00407989,2.02765,0.000200014,3.46875e-09,1.23354e-06,3.46875e-09,0.000200001,2.5719e-07,1.23354e-06,2.5719e-07,0.000199994
-0.0813863,0.271096,1.4317,-0.0806014,0.27934,1.45116,0.00109046,0.0028521,-0.00178903,2.02377,0.000200014,2.93469e-09,1.23331e-06,2.93469e-09,0.000200001,2.13735e-07,1.23331e-06,2.13735e-07,0.000199994
-0.0801592,0.266223,1.41581,-0.0768424,0.260317,1.39468,0.00231748,-0.00202093,-0.0176764,1.60382,0.000200014,2.54675e-09,1.22385e-06,2.54675e-09,0.000200001,1.88264e-07,1.22385e-06,1.88264e-07,0.000199994
-0.0791548,0.262315,1.40311,-0.0768205,0.260313,1.3947,0.00107928,0.00307382,0.00110715,1.608,0.000200014,2.26748e-09,1.21968e-06,2.26748e-09,0.0002,1.71766e-07,1.21968e-06,1.71766e-07,0.000199995
-0.078282,0.259104,1.39345,-0.0768452,0.260306,1.39468,0.00195212,-0.000136728,-0.00854676,1.61161,0.000200014,2.16091e-09,1.23065e-06,2.16091e-09,0.0002,1.70885e-07,1.23065e-06,1.70885e-07,0.000199995
-0.0776171,0.25656,1.38563,-0.0768509,0.260316,1.39468,0.00119627,0.00501923,0.00669763,1.60772,0.000200014,2.03201e-09,1.23427e-06,2.03201e-09,0.0002,1.63206e-07,1.23427e-06,1.63206e-07,0.000199995
-0.076811,0.254429,1.37978,-0.0768419,0.260322,1.39469,0.0020024,0.00288768,0.000852042,1.60382,0.000200015,2.30403e-09,1.25287e-06,2.30403e-09,0.0002,2.00454e-07,1.25287e-06,2.00454e-07,0.000199995
-0.075519,0.249155,1.36484,-0.0738203,0.242882,1.34338,0.00329437,-0.00238543,-0.0140876,1.76481,0.000200015,2.68276e-09,1.27606e-06,2.68276e-09,0.0002,2.40238e-07,1.27606e-06,2.40238e-07,0.000199994
-0.0744388,0.244977,1.35299,-0.073837,0.242871,1.34335,0.00358974,0.00254307,0.000167885,1.76554,0.000200015,3.01931e-09,1.28472e-06,3.01931e-09,0.000200001,2.7082e-07,1.28472e-06,2.7082e-07,0.000199994
-0.0733253,0.241658,1.34392,-0.0738282,0.242879,1.34334,0.00470319,-0.000776039,-0.00890373,1.76933,0.000200015,3.58977e-09,1.28747e-06,3.58977e-09,0.000200001,3.27933e-07,1.28747e-06,3.27933e-07,0.000199994
-0.0721279,0.239162,1.33697,-0.0738284,0.242877,1.34334,0.00393589,0.00588077,0.00837796,1.76554,0.000200015,4.3669e-09,1.26447e-06,4.3669e-09,0.000200001,4.12192e-07,1.26447e-06,4.12192e-07,0.000199994
-0.0710174,0.237476,1.33121,-0.0738196,0.242891,1.34337,0.00504634,0.00419398,0.00261888,1.77146,0.000200014,4.98495e-09,1.20161e-06,4.98495e-09,0.000200002,4.89234e-07,1.20161e-06,4.89234e-07,0.000199994
-0.0699232,0.236111,1.32639,-0.0738356,0.24288,1.34335,0.00483113,0.0075636,0.0069196,1.76554,0.000200013,5.67168e-09,1.16451e-06,5.67168e-09,0.000200003,5.70836e-07,1.16451e-06,5.70836e-07,0.000199994
-0.0687991,0.230848,1.31358,-0.0733851,0.222231,1.29863,0.00595523,0.00229987,-0.00589121,1.72397,0.000200013,6.42604e-09,1.14395e-06,6.42604e-09,0.000200003,6.55803e-07,1.14395e-06,6.55803e-07,0.000199994
-0.0677553,0.226819,1.30343,-0.0733893,0.222222,1.29862,0.00699896,-0.00172908,-0.0160375,1.72397,0.000200012,7.00511e-09,1.1028e-06,7.00511e-09,0.000200004,7.31365e-07,1.1028e-06,7.31365e-07,0.000199994
-0.0667524,0.223758,1.29511,-0.0733854,0.222235,1.29864,0.00430446,0.00373404,0.00841464,1.72397,0.000200011,7.46125e-09,1.05252e-06,7.46125e-09,0.000200005,8.04786e-07,1.05252e-06,8.04786e-07,0.000199994
-0.0658055,0.221521,1.28825,-0.0733705,0.222233,1.29862,0.00525138,0.00149735,0.00155189,1.72397,0.00020001,7.72646e-09,9.8786e-07,7.72646e-09,0.000200006,8.73339e-07,9.8786e-07,8.73339e-07,0.000199994
-0.0650363,0.219875,1.28245,-0.0733801,0.222244,1.29862,0.0060206,-0.00014901,-0.00424793,1.72397,0.000200009,7.76172e-09,9.25274e-07,7.76172e-09,0.000200007,9.18532e-07,9.25274e-07,9.18532e-07,0.000199994
-0.0625867,0.215497,1.26667,-0.0640584,0.206481,1.24553,0.0023776,0.00670052,0.00692209,1.82549,0.000200008,7.62912e-09,8.63763e-07,7.62912e-09,0.000200008,9.49319e-07,8.63763e-07,9.49319e-07,0.000199994
-0.0605346,0.212031,1.25384,-0.0640677,0.206486,1.24554,0.00442967,0.00323417,-0.00590685,1.82549,0.000200007,7.55122e-09,8.21431e-07,7.55122e-09,0.000200008,9.8178e-07,8.21431e-07,9.8178e-07,0.000199994
-0.058663,0.209227,1.24327,-0.0640758,0.20648,1.24554,0.00630135,0.000430782,-0.0164776,1.82191,0.000200007,7.71143e-09,8.01659e-07,7.71143e-09,0.000200009,1.0377e-06,8.01659e-07,1.0377e-06,0.000199994
-0.0573207,0.206877,1.23513,-0.0640594,0.206558,1.24555,0.000420743,0.00456553,0.00594981,1.82516,0.000200006,7.83718e-09,8.09984e-07,7.83718e-09,0.00020001,1.0467e-06,8.09984e-07,1.0467e-06,0.000199994
-0.0564299,0.204781,1.22955,-0.0640436,0.206476,1.24556,0.00131163,0.00247021,0.000369669,1.83533,0.000200007,7.98493e-09,8.47443e-07,7.98493e-09,0.00020001,1.0217e-06,8.47443e-07,1.0217e-06,0.000199994
-0.0559397,0.202697,1.22518,-0.0640857,0.206476,1.24552,0.00180178,0.00038623,-0.00399687,1.82068,0.000200008,8.30253e-09,9.3694e-07,8.30253e-09,0.000200009,9.69752e-07,9.3694e-07,9.69752e-07,0.000199994
-0.0537146,0.19827,1.21276,-0.0523537,0.193668,1.19881,-0.00263377,0.00141969,0.00563289,2.11757,0.000200009,8.16302e-09,1.01885e-06,8.16302e-09,0.000200008,8.60999e-07,1.01885e-06,8.60999e-07,0.000199994
-0.0520217,0.194672,1.20274,-0.0514738,0.193649,1.19941,-0.000940852,-0.00217793,-0.00438675,2.22068,0.00020001,7.71695e-09,1.08112e-06,7.71695e-09,0.000200006,7.46969e-07,1.08112e-06,7.46969e-07,0.000199994
-0.0508475,0.191538,1.19474,-0.0513645,0.193632,1.19948,-0.00561519,0.00105547,0.0107518,2.22468,0.000200012,7.23197e-09,1.1622e-06,7.23197e-09,0.000200005,6.39476e-07,1.1622e-06,6.39476e-07,0.000199994
-0.05017,0.188919,1.18803,-0.0513687,0.193635,1.19948,-0.00493772,-0.00156349,0.00404017,2.22468,0.000200013,6.5107e-09,1.23228e-06,6.5107e-09,0.000200004,5.26829e-07,1.23228e-06,5.26829e-07,0.000199994
-0.0498523,0.186859,1.18287,-0.0513655,0.19363,1.19949,-0.00716025,-6.13534e-05,0.00913026,2.22468,0.000200014,5.57253e-09,1.27117e-06,5.57253e-09,0.000200003,4.17531e-07,1.27117e-06,4.17531e-07,0.000199994
-0.0477974,0.181663,1.16849,-0.0412613,0.176617,1.14715,-0.00510534,-0.00525745,-0.00525043,1.65502,0.000200015,4.6507e-09,1.31629e-06,4.6507e-09,0.000200002,3.22134e-07,1.31629e-06,3.22134e-07,0.000199994
-0.0464151,0.177451,1.15668,-0.0412664,0.176648,1.14716,-0.00372307,-0.00946919,-0.0170645,1.64795,0.000200016,3.54144e-09,1.35549e-06,3.54144e-09,0.000200001,2.16047e-07,1.35549e-06,2.16047e-07,0.000199994
-0.0454707,0.174154,1.14649,-0.0413312,0.176602,1.14709,-0.00589498,-0.00328213,-0.0031444,1.64795,0.000200017,2.41835e-09,1.36776e-06,2.41835e-09,0.000200001,1.21319e-07,1.36776e-06,1.21319e-07,0.000199994
-0.044653,0.171517,1.13865,-0.0412629,0.176636,1.1471,-0.00507728,-0.00591865,-0.0109847,1.65855,0.000200017,1.61739e-09,1.37662e-06,1.61739e-09,0.0002,6.64851e-08,1.37662e-06,6.64851e-08,0.000199994
-0.0440104,0.169411,1.13238,-0.0412525,0.176648,1.14712,-0.00447148,0.00179735,0.00532587,1.64795,0.000200017,9.91351e-10,1.38219e-06,9.91351e-10,0.0002,2.74628e-08,1.38219e-06,2.74628e-08,0.000199993
-0.0435222,0.167848,1.12725,-0.0412621,0.176644,1.14712,-0.0039832,0.000234532,0.000204189,1.65502,0.000200017,4.90233e-10,1.36589e-06,4.90233e-10,0.0002,-2.53862e-09,1.36589e-06,-2.53862e-09,0.000199993
-0.0431759,0.162598,1.11491,-0.0411521,0.15664,1.10483,-0.00363696,-0.00501561,-0.0121428,1.21138,0.000200017,1.1066e-10,1.35535e-06,1.1066e-10,0.0002,-2.40793e-08,1.35535e-06,-2.40793e-08,0.000199994
-0.0429191,0.158308,1.10524,-0.041153,0.156661,1.10484,-0.00307492,0.000290138,0.00503715,1.20437,0.000200017,-2.15858e-10,1.36352e-06,-2.15858e-10,0.0002,-4.37077e-08,1.36352e-06,-4.37077e-08,0.000199994
-0.0426908,0.154857,1.0975,-0.0411446,0.156654,1.10484,-0.00284654,-0.00316111,-0.0026995,1.20437,0.000200017,-4.42624e-10,1.37157e-06,-4.42624e-10,0.0002,-5.5013e-08,1.37157e-06,-5.5013e-08,0.000199994
-0.0423327,0.152095,1.09173,-0.0411482,0.156652,1.10485,-0.00176414,0.00358282,0.0152258,1.20437,0.000200018,-3.6188e-10,1.37708e-06,-3.6188e-10,0.0002,-3.54151e-08,1.37708e-06,-3.54151e-08,0.000199993
-0.0419719,0.149819,1.08721,-0.0411498,0.15666,1.10484,-0.00140336,0.00130706,0.0107074,1.20437,0.000200018,-1.87472e-10,1.39158e-06,-1.87472e-10,0.0002,-1.22567e-08,1.39158e-06,-1.22567e-08,0.000199993
-0.0415165,0.148146,1.08359,-0.0411445,0.15665,1.10484,-0.000947945,-0.000366268,0.00709316,1.20788,0.000200018,1.90825e-10,1.37735e-06,1.90825e-10,0.0002,2.83458e-08,1.37735e-06,2.83458e-08,0.000199993
-0.0413414,0.142883,1.06964,-0.043199,0.136899,1.04855,-0.000140722,0.00387352,0.0122149,1.25724,0.000200017,9.06321e-10,1.36385e-06,9.06321e-10,0.0002,1.01572e-07,1.36385e-06,1.01572e-07,0.000199993
-0.0410159,0.138603,1.05828,-0.0431931,0.136905,1.04855,0.000184787,-0.000406675,0.000850219,1.26416,0.000200017,1.70314e-09,1.36702e-06,1.70314e-09,0.0002,1.74598e-07,1.36702e-06,1.74598e-07,0.000199993
-0.04064,0.135277,1.0495,-0.0431583,0.136934,1.04855,0.000478956,0.00492214,0.0148093,1.2607,0.000200017,2.42979e-09,1.35464e-06,2.42979e-09,0.0002,2.36617e-07,1.35464e-06,2.36617e-07,0.000199993
-0.0401127,0.132643,1.04216,-0.0431566,0.136919,1.04854,0.00100623,0.00228791,0.00747233,1.25724,0.000200017,3.26448e-09,1.34278e-06,3.26448e-09,0.000200001,3.10375e-07,1.34278e-06,3.10375e-07,0.000199993
-0.0397292,0.130525,1.03619,-0.0431434,0.136925,1.04853,0.00138975,0.000169596,0.00149734,1.2607,0.000200017,3.82223e-09,1.33755e-06,3.82223e-09,0.000200001,3.49357e-07,1.33755e-06,3.49357e-07,0.000199993
-0.0390169,0.125788,1.01955,-0.0409797,0.120523,0.991336,9.93705e-05,0.00501539,0.00763193,1.38164,0.000200016,4.18176e-09,1.29318e-06,4.18176e-09,0.000200001,3.80693e-07,1.29318e-06,3.80693e-07,0.000199994
-0.038412,0.121999,1.00624,-0.0409804,0.120509,0.991339,0.000704202,0.00122677,-0.00567497,1.38164,0.000200015,4.44574e-09,1.2652e-06,4.44574e-09,0.000200001,4.02839e-07,1.2652e-06,4.02839e-07,0.000199994
-0.0378788,0.118943,0.99529,-0.0409651,0.120503,0.991343,0.00123747,-0.00182945,-0.0166295,1.37503,0.000200015,4.67726e-09,1.25212e-06,4.67726e-09,0.000200002,4.21424e-07,1.25212e-06,4.21424e-07,0.000199994
-0.0374423,0.116502,0.986839,-0.0409776,0.120525,0.991348,0.000585617,0.000281086,-0.011181,1.37833,0.000200015,4.84416e-09,1.24449e-06,4.84416e-09,0.000200002,4.33352e-07,1.24449e-06,4.33352e-07,0.000199994
-0.0368059,0.114574,0.980381,-0.040978,0.120521,0.991312,0.00122202,-0.00164645,-0.0176385,1.37503,0.000200015,5.31458e-09,1.23645e-06,5.31458e-09,0.000200002,4.85569e-07,1.23645e-06,4.85569e-07,0.000199994
-0.0359929,0.109559,0.972255,-0.0406249,0.102803,0.977592,-0.000207274,0.00135888,-0.00453541,2.07567,0.000200014,5.94528e-09,1.21996e-06,5.94528e-09,0.000200003,5.57712e-07,1.21996e-06,5.57712e-07,0.000199994
-0.0352592,0.105835,0.965768,-0.040633,0.102806,0.977649,0.000526426,-0.00236585,-0.0110232,2.07586,0.000200013,6.33877e-09,1.16453e-06,6.33877e-09,0.000200003,6.16435e-07,1.16453e-06,6.16435e-07,0.000199994
-0.0346946,0.102912,0.960168,-0.0406495,0.102822,0.977662,-0.00176158,0.00310746,0.00462389,2.07893,0.000200012,6.54084e-09,1.12137e-06,6.54084e-09,0.000200004,6.4969e-07,1.12137e-06,6.4969e-07,0.000199994
-0.0342855,0.100409,0.955304,-0.0405187,0.102844,0.977807,-0.00135249,0.000605049,-0.000239389,2.02732,0.000200012,6.69991e-09,1.1214e-06,6.69991e-09,0.000200004,6.58359e-07,1.1214e-06,6.58359e-07,0.000199994
-0.0342249,0.0983253,0.952051,-0.0405078,0.102841,0.977883,-0.0012919,-0.00147885,-0.00349241,2.02406,0.000200012,6.54174e-09,1.13408e-06,6.54174e-09,0.000200004,6.2026e-07,1.13408e-06,6.2026e-07,0.000199994
-0.0346137,0.0965168,0.949596,-0.040501,0.102833,0.978094,-0.00536762,0.00389972,0.0220419,2.01099,0.000200013,5.94312e-09,1.16361e-06,5.94312e-09,0.000200003,5.24777e-07,1.16361e-06,5.24777e-07,0.000199994
-0.0325689,0.0909834,0.933697,-0.0272771,0.083805,0.908896,-0.00332278,-0.00163369,0.00614319,2.53761,0.000200014,5.2955e-09,1.22205e-06,5.2955e-09,0.000200002,4.29675e-07,1.22205e-06,4.29675e-07,0.000199994
-0.0310778,0.08639,0.921609,-0.0272188,0.0838338,0.908942,-0.00654603,0.0013146,0.0207852,2.55024,0.000200015,4.59197e-09,1.28799e-06,4.59197e-09,0.000200002,3.41093e-07,1.28799e-06,3.41093e-07,0.000199994
-0.0311927,0.0827588,0.91174,-0.0332981,0.0837995,0.907993,-0.00666092,-0.00231657,0.0109167,2.32856,0.000200016,3.855e-09,1.32263e-06,3.855e-09,0.000200001,2.67512e-07,1.32263e-06,2.67512e-07,0.000199994
-0.0302713,0.0798023,0.903726,-0.0272774,0.0838077,0.908902,-0.0057396,-0.00527311,0.00290229,2.53761,0.000200016,2.99758e-09,1.35342e-06,2.99758e-09,0.000200001,1.87189e-07,1.35342e-06,1.87189e-07,0.000199994
-0.0296369,0.0773963,0.897112,-0.0272915,0.0838087,0.908929,-0.00716188,0.0013744,0.0127811,2.53432,0.000200017,2.17389e-09,1.3796e-06,2.17389e-09,0.0002,1.17757e-07,1.3796e-06,1.17757e-07,0.000199994
-0.0289697,0.0755807,0.891918,-0.0272776,0.0838041,0.908902,-0.00649463,-0.000441228,0.00758684,2.53761,0.000200017,1.75148e-09,1.37901e-06,1.75148e-09,0.0002,9.72447e-08,1.37901e-06,9.72447e-08,0.000199994
-0.028358,0.0704333,0.877308,-0.0273498,0.0649631,0.856644,-0.00588291,-0.00558863,-0.00702304,1.19882,0.000200017,1.67235e-09,1.36637e-06,1.67235e-09,0.0002,1.09349e-07,1.36637e-06,1.09349e-07,0.000199994
-0.0276486,0.0663038,0.865722,-0.0273402,0.0649612,0.856639,-0.00462862,-0.000327731,0.00699589,1.20213,0.000200017,1.92127e-09,1.36052e-06,1.92127e-09,0.0002,1.48854e-07,1.36052e-06,1.48854e-07,0.000199994
-0.0271836,0.0628988,0.856659,-0.0273402,0.0649605,0.856635,-0.00416362,-0.00373276,-0.00206691,1.20213,0.000200017,1.98054e-09,1.37308e-06,1.98054e-09,0.0002,1.55253e-07,1.37308e-06,1.55253e-07,0.000199993
-0.0268939,0.0601589,0.848535,-0.0270688,0.0649357,0.855373,-0.00415345,0.00345566,0.0146366,1.08927,0.000200018,1.81223e-09,1.38286e-06,1.81223e-09,0.0002,1.35187e-07,1.38286e-06,1.35187e-07,0.000199993
-0.0271343,0.0580544,0.841932,-0.0270682,0.0649268,0.855365,-0.00439383,0.0013512,0.00803275,1.09084,0.000200018,9.67979e-10,1.37401e-06,9.67979e-10,0.0002,4.50681e-08,1.37401e-06,4.50681e-08,0.000199993
-0.0277483,0.0523334,0.826397,-0.0270905,0.0442185,0.804616,-0.00585097,0.00538794,0.0160398,1.33472,0.000200017,-1.9657e-10,1.35128e-06,-1.9657e-10,0.0002,-6.96772e-08,1.35128e-06,-6.96772e-08,0.000199993
-0.0283807,0.0476401,0.814383,-0.0270922,0.044214,0.804613,-0.00648337,0.000694638,0.00402636,1.33302,0.000200017,-1.32586e-09,1.35505e-06,-1.32586e-09,0.0002,-1.68826e-07,1.35505e-06,-1.68826e-07,0.000199994
-0.0287839,0.043807,0.804876,-0.0270892,0.0442193,0.804615,-0.00688656,-0.00313845,-0.00548072,1.33472,0.000200017,-2.08163e-09,1.37002e-06,-2.08163e-09,0.0002,-2.18568e-07,1.37002e-06,-2.18568e-07,0.000199993
-0.0287015,0.040662,0.797573,-0.0270922,0.0442132,0.804578,-0.00640245,0.00274492,0.0161559,1.33302,0.000200018,-2.08683e-09,1.3923e-06,-2.08683e-09,0.0002,-1.87454e-07,1.3923e-06,-1.87454e-07,0.000199993
-0.0281995,0.0381838,0.791733,-0.0271002,0.0442139,0.804596,-0.00590051,0.00026672,0.0103161,1.33302,0.000200018,-1.41188e-09,1.40116e-06,-1.41188e-09,0.0002,-9.91262e-08,1.40116e-06,-9.91262e-08,0.000199993
-0.0273889,0.0362945,0.787365,-0.0271017,0.0442097,0.804568,-0.0050899,-0.00162256,0.0059485,1.33302,0.000200018,-2.57736e-10,1.39265e-06,-2.57736e-10,0.0002,2.20357e-08,1.39265e-06,2.20357e-08,0.000199993
-0.0268193,0.0314747,0.778101,-0.0283057,0.027081,0.775219,-0.00350781,-0.00195323,0.00942146,1.09282,0.000200018,9.16033e-10,1.36854e-06,9.16033e-10,0.0002,1.31292e-07,1.36854e-06,1.31292e-07,0.000199993
-0.0263115,0.0275873,0.770173,-0.0282742,0.0271018,0.775225,-0.00300001,-0.00584055,0.00149364,1.09282,0.000200017,1.84905e-09,1.35921e-06,1.84905e-09,0.0002,2.06024e-07,1.35921e-06,2.06024e-07,0.000199993
-0.0260975,0.0244446,0.763935,-0.0282639,0.0270956,0.775223,-0.00139367,0.000704275,0.0154299,1.09282,0.000200017,2.25813e-09,1.35829e-06,2.25813e-09,0.0002,2.21092e-07,1.35829e-06,2.21092e-07,0.000199993
-0.0261202,0.0219328,0.758737,-0.0282804,0.0271015,0.775223,-0.0014164,-0.00180751,0.0102323,1.09282,0.000200017,2.25422e-09,1.35739e-06,2.25422e-09,0.0002,1.98697e-07,1.35739e-06,1.98697e-07,0.000199993
-0.0263588,0.0198074,0.75468,-0.0282711,0.0271063,0.775206,-0.00289324,0.00514413,0.0274819,1.09282,0.000200018,1.911e-09,1.37512e-06,1.911e-09,0.0002,1.4753e-07,1.37512e-06,1.4753e-07,0.000199993
-0.0268981,0.0136796,0.737732,-0.0293467,0.00530769,0.707229,-0.00343252,-0.000983634,0.0105338,1.5196,0.000200018,1.55841e-09,1.39598e-06,1.55841e-09,0.0002,1.07469e-07,1.39598e-06,1.07469e-07,0.000199993
-0.0270531,0.00891554,0.724282,-0.0293484,0.00531864,0.70725,-0.00358761,-0.00574769,-0.0029162,1.5198,0.000200018,1.63394e-09,1.38818e-06,1.63394e-09,0.0002,1.22571e-07,1.38818e-06,1.22571e-07,0.000199993
-0.0267373,0.00525414,0.713001,-0.0293468,0.00532215,0.707236,-0.00328099,-0.000231625,0.00794463,1.5196,0.000200017,2.28046e-09,1.36021e-06,2.28046e-09,0.0002,1.99315e-07,1.36021e-06,1.99315e-07,0.000199993
-0.0262365,0.00226809,0.703359,-0.0293611,0.00531465,0.707249,-0.00278017,-0.00321767,-0.00169784,1.51331,0.000200017,3.12537e-09,1.35212e-06,3.12537e-09,0.000200001,2.85502e-07,1.35212e-06,2.85502e-07,0.000199993
-0.0258242,5.53725e-05,0.695645,-0.0292949,0.00532664,0.707248,-0.00341854,0.00409477,0.0189336,1.53908,0.000200017,3.69816e-09,1.31969e-06,3.69816e-09,0.000200001,3.38682e-07,1.31969e-06,3.38682e-07,0.000199993
-0.0255607,-0.00162617,0.689784,-0.0293025,0.00531688,0.70724,-0.003155,0.00241323,0.0130724,1.53584,0.000200016,3.98236e-09,1.28474e-06,3.98236e-09,0.000200001,3.61247e-07,1.28474e-06,3.61247e-07,0.000199994
-0.0250534,-0.00690776,0.675808,-0.027565,-0.0135027,0.661862,-0.00264771,-0.00286836,-0.000903372,1.5056,0.000200016,4.2345e-09,1.28769e-06,4.2345e-09,0.000200001,3.75229e-07,1.28769e-06,3.75229e-07,0.000199994
-0.0245709,-0.0110625,0.664423,-0.0275682,-0.0135119,0.66187,-0.00216519,-0.00702309,-0.0122883,1.50876,0.000200016,4.46764e-09,1.27898e-06,4.46764e-09,0.000200001,3.93605e-07,1.27898e-06,3.93605e-07,0.000199994
-0.0240976,-0.0142834,0.655005,-0.0275653,-0.0135091,0.661867,-0.00169192,-0.010244,-0.0217065,1.5056,0.000200015,4.68979e-09,1.258e-06,4.68979e-09,0.000200001,4.16849e-07,1.258e-06,4.16849e-07,0.000199994
-0.0235796,-0.0168853,0.647368,-0.0275446,-0.0135106,0.661865,-0.00249775,-0.00907381,-0.0183582,1.51193,0.000200015,5.02452e-09,1.24952e-06,5.02452e-09,0.000200002,4.51345e-07,1.24952e-06,4.51345e-07,0.000199994
-0.023324,-0.0188887,0.641259,-0.0274256,-0.013514,0.661868,-0.00366107,-0.00640948,-0.0128699,1.53403,0.000200014,4.99098e-09,1.23168e-06,4.99098e-09,0.000200002,4.42898e-07,1.23168e-06,4.42898e-07,0.000199994
-0.0230824,-0.0204118,0.636678,-0.0275519,-0.0135022,0.661845,-0.00341949,-0.0079326,-0.0174505,1.50876,0.000200014,4.9914e-09,1.20836e-06,4.9914e-09,0.000200002,4.46758e-07,1.20836e-06,4.46758e-07,0.000199994
-0.0216128,-0.0252486,0.620925,-0.021133,-0.0317021,0.603472,-0.00601476,0.000142007,0.0119394,1.86857,0.000200014,5.03357e-09,1.18629e-06,5.03357e-09,0.000200002,4.58122e-07,1.18629e-06,4.58122e-07,0.000199994
-0.0208561,-0.0287728,0.60789,-0.0231001,-0.0316108,0.603903,-0.00525802,-0.00338222,-0.00109621,1.73222,0.000200012,4.85524e-09,1.12113e-06,4.85524e-09,0.000200002,4.5842e-07,1.12113e-06,4.5842e-07,0.000199994
-0.0204625,-0.0309568,0.598083,-0.0231265,-0.0316193,0.603903,-0.00792159,0.00267066,0.0090195,1.73222,0.00020001,4.18973e-09,9.77849e-07,4.18973e-09,0.000200002,4.24951e-07,9.77849e-07,4.24951e-07,0.000199995
-0.0204342,-0.0322142,0.591279,-0.0225356,-0.031658,0.60392,-0.00789328,0.00141322,0.00221478,1.70853,0.000200008,3.14505e-09,8.06096e-07,3.14505e-09,0.000200001,3.39005e-07,8.06096e-07,3.39005e-07,0.000199996
-0.0206524,-0.0328411,0.586556,-0.02255,-0.0316615,0.603902,-0.00811146,0.000786401,-0.00250738,1.70853,0.000200006,2.1655e-09,6.35004e-07,2.1655e-09,0.000200001,2.46479e-07,6.35004e-07,2.46479e-07,0.000199997
-0.019095,-0.0362549,0.572916,-0.0134465,-0.0469957,0.552507,-0.0102222,0.00492297,0.00959936,1.90672,0.000200004,1.46674e-09,4.99108e-07,1.46674e-09,0.000200001,1.77587e-07,4.99108e-07,1.77587e-07,0.000199998
-0.017853,-0.0388688,0.562519,-0.0134454,-0.0470357,0.552496,-0.0089802,0.00230907,-0.000797965,1.91439,0.000200003,9.94612e-10,3.92546e-07,9.94612e-10,0.0002,1.31803e-07,3.92546e-07,1.31803e-07,0.000199998
-0.0167685,-0.0409782,0.554094,-0.013429,-0.0470284,0.55248,-0.00871089,0.00408961,0.0182392,1.92078,0.000200002,7.20095e-10,3.27839e-07,7.20095e-10,0.0002,1.15786e-07,3.27839e-07,1.15786e-07,0.000199999
-0.015866,-0.042736,0.54717,-0.0134712,-0.0470147,0.552596,-0.00780836,0.0023318,0.0113154,1.90083,0.000200001,5.5854e-10,2.98332e-07,5.5854e-10,0.0002,1.11936e-07,2.98332e-07,1.11936e-07,0.000199999
-0.0160154,-0.044091,0.542083,-0.0180009,-0.0468659,0.553829,-0.00795776,0.000976718,0.0062285,1.6659,0.000200001,4.58549e-10,2.76204e-07,4.58549e-10,0.0002,1.14722e-07,2.76204e-07,1.14722e-07,0.000199999
-0.0148938,-0.0460027,0.529183,-0.0118028,-0.0506462,0.510184,-0.00786604,0.000381602,0.0106938,1.1906,0.000200001,4.03898e-10,2.72786e-07,4.03898e-10,0.0002,1.18327e-07,2.72786e-07,1.18327e-07,0.000199999
-0.0140919,-0.0475094,0.518762,-0.0118226,-0.0506378,0.510203,-0.00706416,-0.0011251,0.000273675,1.18743,0.000200001,3.40237e-10,2.67401e-07,3.40237e-10,0.0002,1.05442e-07,2.67401e-07,1.05442e-07,0.0002
-0.0135133,-0.0487496,0.510573,-0.012081,-0.0506626,0.510421,-0.00726377,-0.000465079,0.0142196,1.14223,0.000200001,2.95043e-10,2.68888e-07,2.95043e-10,0.0002,9.49326e-08,2.68888e-07,9.49326e-08,0.0002
-0.013224,-0.049639,0.504506,-0.0129122,-0.0506202,0.51077,-0.00697449,-0.00135447,0.00815186,1.06048,0.000200001,2.52404e-10,2.54839e-07,2.52404e-10,0.0002,8.68582e-08,2.54839e-07,8.68582e-08,0.0002
-0.0129967,-0.0504016,0.499746,-0.0126968,-0.0506255,0.510724,-0.0067472,-0.00211716,0.00339199,1.0701,0.000200001,2.13732e-10,2.53861e-07,2.13732e-10,0.0002,7.38465e-08,2.53861e-07,7.38465e-08,0.0002
-0.0130025,-0.0514304,0.49645,-0.012708,-0.050634,0.510695,-0.00750942,-0.000860796,0.022277,1.06692,0.000200001,1.50452e-10,3.19663e-07,1.50452e-10,0.0002,3.51098e-08,3.19663e-07,3.51098e-08,0.0002
-0.0134283,-0.0539591,0.484268,-0.013251,-0.057878,0.46918,-0.00793529,-0.0033895,0.0100951,1.1966,0.000200001,-4.04373e-11,4.02465e-07,-4.04373e-11,0.0002,-3.81693e-08,4.02465e-07,-3.81693e-08,0.0002
-0.014037,-0.0560765,0.474015,-0.013266,-0.0578237,0.469228,-0.00836162,-0.00453096,0.00833329,1.1837,0.000200002,-3.74651e-10,4.7188e-07,-3.74651e-10,0.0002,-1.285e-07,4.7188e-07,-1.285e-07,0.000199999
-0.0146924,-0.0578787,0.46529,-0.013264,-0.0578575,0.4692,-0.00901709,-0.00633312,-0.000391943,1.19338,0.000200002,-7.94515e-10,5.31917e-07,-7.94515e-10,0.0002,-2.14504e-07,5.31917e-07,-2.14504e-07,0.000199999
-0.0153268,-0.0594402,0.458411,-0.0132557,-0.0578585,0.469191,-0.0101324,-0.00534739,0.0160856,1.19338,0.000200003,-1.25791e-09,5.88848e-07,-1.25791e-09,0.000200001,-2.88417e-07,5.88848e-07,-2.88417e-07,0.000199999
-0.0160334,-0.0607757,0.452906,-0.0132688,-0.0578336,0.469181,-0.0108389,-0.00668289,0.0105807,1.1837,0.000200003,-1.80517e-09,6.39005e-07,-1.80517e-09,0.000200001,-3.68088e-07,6.39005e-07,-3.68088e-07,0.000199999
-0.0167447,-0.0618893,0.448393,-0.0132608,-0.0578409,0.469152,-0.0115503,-0.00779654,0.00606723,1.18693,0.000200004,-2.37379e-09,6.77208e-07,-2.37379e-09,0.000200002,-4.43532e-07,6.77208e-07,-4.43532e-07,0.000199998
-0.0175017,-0.0637247,0.434883,-0.0146277,-0.0626364,0.420167,-0.00877077,-0.00549326,0.0107262,1.05655,0.000200004,-2.74078e-09,7.02706e-07,-2.74078e-09,0.000200002,-4.73316e-07,7.02706e-07,-4.73316e-07,0.000199998
-0.0177838,-0.0650513,0.423761,-0.0146293,-0.0626389,0.420154,-0.00905281,-0.00681982,-0.000395338,1.05334,0.000200004,-2.70747e-09,6.95629e-07,-2.70747e-09,0.000200002,-4.41982e-07,6.95629e-07,-4.41982e-07,0.000199998
-0.01756,-0.066086,0.414854,-0.0146238,-0.062632,0.420108,-0.00490259,-0.00287624,0.0162966,1.05547,0.000200004,-2.3334e-09,6.87117e-07,-2.3334e-09,0.000200001,-3.51385e-07,6.87117e-07,-3.51385e-07,0.000199998
-0.0172026,-0.066758,0.40783,-0.0146341,-0.0626261,0.420096,-0.00454517,-0.00354819,0.00927197,1.05226,0.000200004,-1.86378e-09,6.56932e-07,-1.86378e-09,0.000200001,-2.65132e-07,6.56932e-07,-2.65132e-07,0.000199998
-0.0166964,-0.0672196,0.402315,-0.0146203,-0.0626222,0.420106,-0.00403894,-0.00400981,0.00375764,1.05226,0.000200004,-1.3568e-09,6.25964e-07,-1.3568e-09,0.000200001,-1.75597e-07,6.25964e-07,-1.75597e-07,0.000199998
-0.0179462,-0.0694554,0.388859,-0.0227081,-0.072321,0.374383,-0.00281817,-0.00149427,0.0150183,1.00562,0.000200004,-9.86102e-10,5.95374e-07,-9.86102e-10,0.0002,-1.20161e-07,5.95374e-07,-1.20161e-07,0.000199998
-0.0189215,-0.0709339,0.378815,-0.0227076,-0.0723266,0.374361,-0.00379349,-0.00297281,0.00497424,1.00884,0.000200003,-6.83064e-10,5.25761e-07,-6.83064e-10,0.0002,-8.141e-08,5.25761e-07,-8.141e-08,0.000199999
-0.0197063,-0.0718858,0.370967,-0.0227107,-0.0723153,0.374261,-0.0045783,-0.00392471,-0.00287329,1.00562,0.000200002,-4.68349e-10,4.44505e-07,-4.68349e-10,0.0002,-5.76455e-08,4.44505e-07,-5.76455e-08,0.000199999
-0.0203461,-0.0725142,0.364687,-0.0227236,-0.0723212,0.374247,-0.00431949,-0.000639363,0.0160883,0.999192,0.000200002,-3.25239e-10,3.70947e-07,-3.25239e-10,0.0002,-4.41564e-08,3.70947e-07,-4.41564e-08,0.000199999
-0.0208082,-0.0729058,0.359661,-0.0227099,-0.0723165,0.374238,-0.00478164,-0.00103102,0.0110626,1.00562,0.000200001,-2.12127e-10,3.06319e-07,-2.12127e-10,0.0002,-2.80514e-08,3.06319e-07,-2.80514e-08,0.000199999
-0.0210997,-0.0732559,0.355535,-0.0227229,-0.0723159,0.374224,-0.00445071,0.0010757,0.031419,1.00562,0.000200001,-1.17162e-10,2.71036e-07,-1.17162e-10,0.0002,-5.00202e-09,2.71036e-07,-5.00202e-09,0.000199999
-0.0214212,-0.0746525,0.344732,-0.0231072,-0.0778966,0.334646,-0.00477221,-0.000320861,0.0206161,1.08244,0.000200001,-5.51872e-11,2.48501e-07,-5.51872e-11,0.0002,9.47882e-09,2.48501e-07,9.47882e-09,0.0002
-0.0218034,-0.0758789,0.336194,-0.023127,-0.0778867,0.334652,-0.00515436,-0.00154727,0.0120786,1.08822,0.000200001,-4.47901e-11,2.51715e-07,-4.47901e-11,0.0002,-1.16999e-09,2.51715e-07,-1.16999e-09,0.0002
-0.0220091,-0.0768449,0.329055,-0.0231506,-0.077888,0.334657,-0.00549476,-0.0011043,0.0235851,1.08505,0.000200001,-1.38706e-11,2.5145e-07,-1.38706e-11,0.0002,8.3948e-09,2.5145e-07,8.3948e-09,0.0002
-0.0220768,-0.0775607,0.323448,-0.0231234,-0.0778753,0.33466,-0.00556251,-0.00182011,0.0179778,1.08244,0.000200001,3.05018e-11,2.42748e-07,3.05018e-11,0.0002,2.89596e-08,2.42748e-07,2.89596e-08,0.0002
-0.0222552,-0.0780451,0.319175,-0.023128,-0.0778998,0.33469,-0.0061316,-0.00073875,0.0270079,1.08505,0.000200001,2.96882e-11,2.22113e-07,2.96882e-11,0.0002,2.24084e-08,2.22113e-07,2.24084e-08,0.0002
-0.0223464,-0.0783923,0.316064,-0.0231335,-0.0778999,0.334677,-0.0062228,-0.001086,0.0238977,1.08187,0.0002,3.84747e-11,2.02552e-07,3.84747e-11,0.0002,2.66325e-08,2.02552e-07,2.66325e-08,0.0002
-0.0225135,-0.0794664,0.303298,-0.0234138,-0.0816058,0.283285,-0.0063899,-0.00216012,0.011131,1.06207,0.0002,3.9593e-11,1.98623e-07,3.9593e-11,0.0002,2.47276e-08,1.98623e-07,2.47276e-08,0.0002
-0.0226423,-0.0803637,0.29268,-0.0234385,-0.0815912,0.283335,-0.00612582,-0.00131383,0.0209406,1.06047,0.0002,4.23096e-11,2.02716e-07,4.23096e-11,0.0002,2.45705e-08,2.02716e-07,2.45705e-08,0.0002
-0.0227133,-0.081164,0.284169,-0.0233868,-0.0815949,0.28325,-0.00619688,-0.00211418,0.0124297,1.06856,0.0002,5.05511e-11,2.18492e-07,5.05511e-11,0.0002,2.74865e-08,2.18492e-07,2.74865e-08,0.0002
-0.0227347,-0.0817269,0.277259,-0.0234121,-0.0816016,0.283256,-0.00614647,-0.00126455,0.0232238,1.06207,0.0002,6.36594e-11,2.16082e-07,6.36594e-11,0.0002,3.56299e-08,2.16082e-07,3.56299e-08,0.0002
-0.0227776,-0.0822005,0.271639,-0.0234591,-0.0815845,0.283321,-0.00618933,-0.00173817,0.0176044,1.06047,0.0002,7.05757e-11,2.18849e-07,7.05757e-11,0.0002,3.79267e-08,2.18849e-07,3.79267e-08,0.0002
-0.0226119,-0.0824438,0.262824,-0.0220338,-0.0811227,0.261205,-0.00660979,-0.000582941,0.0298027,0.89072,0.0002,5.56514e-11,2.13501e-07,5.56514e-11,0.0002,2.64391e-08,2.13501e-07,2.64391e-08,0.0002
-0.0225906,-0.0826525,0.255576,-0.0223746,-0.0811374,0.261258,-0.00658857,-0.000791604,0.0225543,0.890392,0.0002,3.40005e-11,2.11806e-07,3.40005e-11,0.0002,1.18325e-08,2.11806e-07,1.18325e-08,0.0002
-0.0225708,-0.0828721,0.249997,-0.022199,-0.0811416,0.261319,-0.0065687,-0.00101121,0.0169748,0.874691,0.0002,9.46501e-12,2.18948e-07,9.46501e-12,0.0002,-2.97561e-09,2.18948e-07,-2.97561e-09,0.0002
-0.0225217,-0.0830486,0.245514,-0.0220252,-0.0811461,0.261222,-0.00696521,0.000430321,0.033624,0.884431,0.0002,-1.08011e-11,2.2346e-07,-1.08011e-11,0.0002,-1.29179e-08,2.2346e-07,-1.29179e-08,0.0002
-0.0225448,-0.0831736,0.242463,-0.0222008,-0.0811428,0.261315,-0.00698835,0.000305272,0.0305736,0.874691,0.0002,-3.24974e-11,2.23798e-07,-3.24974e-11,0.0002,-2.37097e-08,2.23798e-07,-2.37097e-08,0.0002
-0.0226449,-0.083352,0.240325,-0.0223723,-0.0811476,0.261274,-0.00676125,0.0022578,0.0490907,0.884103,0.000200001,-6.33344e-11,2.36281e-07,-6.33344e-11,0.0002,-3.83826e-08,2.36281e-07,-3.83826e-08,0.0002
-0.0224697,-0.0852217,0.225751,-0.0212216,-0.0898467,0.196951,-0.006586,0.000388159,0.0345164,1.76188,0.000200001,-7.73567e-11,2.42648e-07,-7.73567e-11,0.0002,-4.13492e-08,2.42648e-07,-4.13492e-08,0.0002
-0.0221717,-0.0867116,0.213354,-0.0206159,-0.0898696,0.196367,-0.006288,-0.00110175,0.0221191,1.89743,0.000200001,-7.84999e-11,2.44986e-07,-7.84999e-11,0.0002,-3.8003e-08,2.44986e-07,-3.8003e-08,0.0002
-0.0218953,-0.0878913,0.203642,-0.0206143,-0.0898552,0.196365,-0.00510028,-0.000704026,0.0328466,1.89743,0.000200001,-6.91303e-11,2.44946e-07,-6.91303e-11,0.0002,-3.02857e-08,2.44946e-07,-3.02857e-08,0.0002
-0.0220489,-0.0887771,0.196154,-0.022431,-0.089774,0.197772,-0.00525382,-0.00158987,0.0253584,1.59124,0.000200001,-6.35303e-11,2.38182e-07,-6.35303e-11,0.0002,-2.75263e-08,2.38182e-07,-2.75263e-08,0.0002
-0.0223884,-0.0895085,0.190111,-0.0232126,-0.0897214,0.198029,-0.00607544,-0.000246825,0.0396716,1.56664,0.000200001,-7.57981e-11,2.39042e-07,-7.57981e-11,0.0002,-3.57738e-08,2.39042e-07,-3.57738e-08,0.0002
-0.0227039,-0.0901446,0.177654,-0.0232985,-0.0904042,0.159916,-0.00639096,-0.000882944,0.0272147,1.02299,0.0002,-8.64903e-11,2.26092e-07,-8.64903e-11,0.0002,-4.40404e-08,2.26092e-07,-4.40404e-08,0.0002
-0.022876,-0.0906374,0.167273,-0.0233024,-0.0904038,0.159905,-0.00656308,-0.00137573,0.0168331,1.02617,0.0002,-7.55519e-11,2.15233e-07,-7.55519e-11,0.0002,-3.68584e-08,2.15233e-07,-3.68584e-08,0.0002
-0.0230002,-0.0910069,0.159273,-0.0233096,-0.0904035,0.15988,-0.00642558,-0.00106999,0.0196874,1.02617,0.0002,-6.3382e-11,2.04293e-07,-6.3382e-11,0.0002,-3.01452e-08,2.04293e-07,-3.01452e-08,0.0002
-0.023065,-0.091256,0.152873,-0.0233042,-0.090416,0.159879,-0.00649038,-0.00131916,0.0132873,1.01982,0.0002,-4.65682e-11,1.89482e-07,-4.65682e-11,0.0002,-2.06764e-08,1.89482e-07,-2.06764e-08,0.0002
-0.023119,-0.0914546,0.147755,-0.0233086,-0.0904122,0.15989,-0.00611562,-8.09871e-05,0.0267385,1.02299,0.0002,-3.49756e-11,1.79994e-07,-3.49756e-11,0.0002,-1.49923e-08,1.79994e-07,-1.49923e-08,0.0002
-0.0231506,-0.0915473,0.14335,-0.0233026,-0.090413,0.159886,-0.00614719,-0.000173686,0.022333,1.01982,0.0002,-2.41718e-11,1.63327e-07,-2.41718e-11,0.0002,-9.72411e-09,1.63327e-07,-9.72411e-09,0.0002
-0.0233472,-0.0923083,0.129891,-0.0243288,-0.0938788,0.111248,-0.00634383,-0.000934724,0.00887387,0.951762,0.0002,-1.02201e-11,1.51746e-07,-1.02201e-11,0.0002,1.68282e-10,1.51746e-07,1.68282e-10,0.0002
-0.0234881,-0.0928914,0.118807,-0.0243295,-0.0938659,0.111221,-0.00620856,-0.000113104,0.0211167,0.953251,0.0002,1.51156e-12,1.4063e-07,1.51156e-12,0.0002,8.81381e-09,1.4063e-07,8.81381e-09,0.0002
-0.0236426,-0.0933727,0.109314,-0.0243206,-0.0939127,0.111194,-0.00636308,-0.000594456,0.0116237,0.959723,0.0002,3.22925e-12,1.34355e-07,3.22925e-12,0.0002,7.06382e-09,1.34355e-07,7.06382e-09,0.0002
-0.0237098,-0.0937208,0.102034,-0.0243367,-0.0938684,0.111212,-0.00636885,7.60645e-05,0.0242192,0.951762,0.0002,1.17256e-11,1.25947e-07,1.17256e-11,0.0002,1.53605e-08,1.25947e-07,1.53605e-08,0.0002
-0.0238327,-0.0939849,0.0963117,-0.0243487,-0.0938678,0.111203,-0.00649174,-0.000188087,0.0184968,0.948526,0.0002,8.9953e-12,1.18198e-07,8.9953e-12,0.0002,9.90323e-09,1.18198e-07,9.90323e-09,0.0002
-0.0241023,-0.0947972,0.0828772,-0.0247714,-0.0966197,0.0658854,-0.00676133,-0.00100038,0.00506225,1.13008,0.0002,-3.36916e-12,1.21204e-07,-3.36916e-12,0.0002,-6.76444e-09,1.21204e-07,-6.76444e-09,0.0002
-0.0243383,-0.0954666,0.0722267,-0.0247644,-0.0966084,0.065853,-0.00650489,-0.000748321,0.0213187,1.12687,0.0002,-1.71283e-11,1.26594e-07,-1.71283e-11,0.0002,-2.11798e-08,1.26594e-07,-2.11798e-08,0.0002
-0.0244729,-0.0959307,0.0638013,-0.0247792,-0.096597,0.0658106,-0.00663953,-0.00121243,0.0128933,1.12644,0.0002,-1.908e-11,1.19028e-07,-1.908e-11,0.0002,-2.13767e-08,1.19028e-07,-2.13767e-08,0.0002
-0.0246612,-0.0963944,0.0574753,-0.0247799,-0.0966076,0.0658122,-0.00688418,-0.000367915,0.0290741,1.12322,0.0002,-3.3275e-11,1.2847e-07,-3.3275e-11,0.0002,-3.46419e-08,1.2847e-07,-3.46419e-08,0.0002
-0.0248512,-0.0968515,0.0526208,-0.0247839,-0.0966035,0.0658084,-0.00707417,-0.000825036,0.0242196,1.12043,0.0002,-5.53082e-11,1.48317e-07,-5.53082e-11,0.0002,-4.95759e-08,1.48317e-07,-4.95759e-08,0.0002
-0.0249814,-0.097149,0.0486369,-0.0247583,-0.096589,0.0658242,-0.00720439,-0.00112256,0.0202357,1.12365,0.0002,-6.76967e-11,1.5053e-07,-6.76967e-11,0.0002,-5.65152e-08,1.5053e-07,-5.65152e-08,0.0002
-0.0251759,-0.0980235,0.0356286,-0.0253187,-0.0988362,0.0172358,-0.00713449,-0.00162846,0.0197417,1.21591,0.0002,-8.37638e-11,1.82313e-07,-8.37638e-11,0.0002,-5.65524e-08,1.82313e-07,-5.65524e-08,0.0002
-0.0253363,-0.0987218,0.0254275,-0.0253182,-0.098834,0.0172285,-0.00729488,-0.0023267,0.00954055,1.21591,0.0002,-9.72124e-11,2.02388e-07,-9.72124e-11,0.0002,-5.76707e-08,2.02388e-07,-5.76707e-08,0.0002
-0.0254035,-0.0992489,0.0170691,-0.0254156,-0.0989036,0.0172759,-0.00736203,-0.00285379,0.0011821,1.19892,0.0002,-8.73543e-11,2.07968e-07,-8.73543e-11,0.0002,-4.57859e-08,2.07968e-07,-4.57859e-08,0.0002
-0.0255707,-0.0996264,0.0103754,-0.0253292,-0.0988845,0.0172413,-0.00751891,-0.000910952,0.0229898,1.20946,0.0002,-1.05167e-10,2.04833e-07,-1.05167e-10,0.0002,-5.93134e-08,2.04833e-07,-5.93134e-08,0.0002
-0.0256168,-0.0999475,0.00513148,-0.025416,-0.098884,0.0172789,-0.00756507,-0.00123208,0.0177459,1.19309,0.0002,-9.79371e-11,2.05996e-07,-9.79371e-11,0.0002,-5.14173e-08,2.05996e-07,-5.14173e-08,0.0002
-0.0256469,-0.100117,0.000931094,-0.0253712,-0.0988718,0.0172526,-0.0074165,0.000750338,0.0379356,1.20146,0.0002,-8.79686e-11,1.93055e-07,-8.79686e-11,0.0002,-4.67135e-08,1.93055e-07,-4.67135e-08,0.0002
-0.0257589,-0.100826,-0.0105162,-0.025769,-0.101966,-0.0231828,-0.00752851,4.07151e-05,0.0264883,1.23314,0.0002,-7.87073e-11,1.77908e-07,-7.87073e-11,0.0002,-4.391e-08,1.77908e-07,-4.391e-08,0.0002
-0.0258064,-0.101315,-0.0200892,-0.0257672,-0.101998,-0.0231881,-0.00757599,-0.000448345,0.0169153,1.22994,0.0002,-6.15823e-11,1.54563e-07,-6.15823e-11,0.0002,-3.56967e-08,1.54563e-07,-3.56967e-08,0.0002
-0.0258468,-0.101704,-0.0281601,-0.0257745,-0.101986,-0.0231805,-0.00689593,0.000799731,0.0328156,1.22675,0.0002,-5.00084e-11,1.39543e-07,-5.00084e-11,0.0002,-3.08505e-08,1.39543e-07,-3.08505e-08,0.0002
-0.0258781,-0.102014,-0.0348249,-0.0257641,-0.101983,-0.0231857,-0.00692721,0.000489451,0.0261508,1.22675,0.0002,-4.21658e-11,1.29862e-07,-4.21658e-11,0.0002,-2.8087e-08,1.29862e-07,-2.8087e-08,0.0002
-0.0258427,-0.102285,-0.0402604,-0.0257732,-0.101983,-0.023186,-0.0068081,0.000921399,0.0281828,1.22675,0.0002,-2.9154e-11,1.27464e-07,-2.9154e-11,0.0002,-1.65451e-08,1.27464e-07,-1.65451e-08,0.0002
-0.0258397,-0.102602,-0.0575487,-0.0260766,-0.102687,-0.0878859,-0.00680505,0.000604843,0.0108944,1.58818,0.0002,-1.3683e-11,1.19477e-07,-1.3683e-11,0.0002,-2.2612e-09,1.19477e-07,-2.2612e-09,0.0002
-0.0259443,-0.102829,-0.0714855,-0.0260781,-0.102688,-0.0878988,-0.00690968,0.000377857,-0.00304232,1.58818,0.0002,-1.54915e-11,1.09964e-07,-1.54915e-11,0.0002,-1.053e-08,1.09964e-07,-1.053e-08,0.0002
-0.0260023,-0.102943,-0.0825274,-0.0260717,-0.102662,-0.087879,-0.00732365,0.00135614,0.0124927,1.58818,0.0002,-1.36387e-11,9.3846e-08,-1.36387e-11,0.0002,-1.20635e-08,9.3846e-08,-1.20635e-08,0.0002
-0.02613,-0.102994,-0.0911029,-0.0267049,-0.102659,-0.0876234,-0.00745141,0.00130515,0.00391729,1.51842,0.0002,-8.09692e-12,7.73191e-08,-8.09692e-12,0.0002,-5.89453e-09,7.73191e-08,-5.89453e-09,0.0002
-0.0263054,-0.103136,-0.0976501,-0.0267035,-0.102665,-0.0876107,-0.00773095,0.00224472,0.0180511,1.51485,0.0002,-1.12906e-11,8.26669e-08,-1.12906e-11,0.0002,-1.39483e-08,8.26669e-08,-1.39483e-08,0.0002
-0.0264472,-0.103288,-0.102684,-0.0266869,-0.102644,-0.0876263,-0.00787274,0.00209291,0.0130172,1.50991,0.0002,-1.57362e-11,9.27931e-08,-1.57362e-11,0.0002,-2.00344e-08,9.27931e-08,-2.00344e-08,0.0002
-0.0265498,-0.104017,-0.112712,-0.0264248,-0.10592,-0.118664,-0.00797537,0.00136383,0.00298967,1.13424,0.0002,-2.22533e-11,9.17002e-08,-2.22533e-11,0.0002,-3.0129e-08,9.17002e-08,-3.0129e-08,0.0002
-0.0266751,-0.104598,-0.120946,-0.0264238,-0.105938,-0.118691,-0.00787456,0.00106981,0.0209943,1.141,0.0002,-3.1197e-11,8.99959e-08,-3.1197e-11,0.0002,-4.36777e-08,8.99959e-08,-4.36777e-08,0.0002
-0.026759,-0.105085,-0.127846,-0.0264308,-0.105932,-0.118703,-0.00795845,0.000583137,0.0140938,1.14422,0.0002,-3.7551e-11,9.25099e-08,-3.7551e-11,0.0002,-4.96848e-08,9.25099e-08,-4.96848e-08,0.0002
-0.0268163,-0.105386,-0.133774,-0.0264307,-0.105914,-0.118666,-0.00767352,0.00140796,0.0339357,1.13723,0.0002,-3.67437e-11,8.04718e-08,-3.67437e-11,0.0002,-5.19212e-08,8.04718e-08,-5.19212e-08,0.0002
-0.0268452,-0.105649,-0.138826,-0.0264355,-0.105908,-0.118669,-0.00770246,0.00114497,0.0288829,1.134,0.0002,-3.55502e-11,7.6496e-08,-3.55502e-11,0.0002,-5.0606e-08,7.6496e-08,-5.0606e-08,0.0002
-0.0269069,-0.105719,-0.150983,-0.0270321,-0.10516,-0.158204,-0.00776407,0.00107449,0.0167266,1.19305,0.0002,-2.8508e-11,7.58822e-08,-2.8508e-11,0.0002,-3.64345e-08,7.58822e-08,-3.64345e-08,0.0002
-0.0269436,-0.10573,-0.160706,-0.0269959,-0.10514,-0.158195,-0.00730244,0.00181129,0.0233633,1.19864,0.0002,-2.13931e-11,6.87198e-08,-2.13931e-11,0.0002,-2.65983e-08,6.87198e-08,-2.65983e-08,0.0002
-0.0269381,-0.105749,-0.168489,-0.0270279,-0.105159,-0.158216,-0.00729688,0.00179253,0.0155805,1.19305,0.0002,-1.37491e-11,6.52616e-08,-1.37491e-11,0.0002,-1.37915e-08,6.52616e-08,-1.37915e-08,0.0002
-0.0268708,-0.105688,-0.174508,-0.0269905,-0.105165,-0.158216,-0.00715168,0.00216563,0.0380953,1.20186,0.0002,-4.79681e-12,5.08842e-08,-4.79681e-12,0.0002,3.36141e-09,5.08842e-08,3.36141e-09,0.0002
-0.0268622,-0.105634,-0.178907,-0.0270058,-0.105172,-0.158207,-0.00714313,0.0022197,0.0336958,1.20178,0.0002,-1.59794e-12,4.05036e-08,-1.59794e-12,0.0002,7.59713e-09,4.05036e-08,7.59713e-09,0.0002
-0.0268717,-0.105563,-0.182112,-0.0269999,-0.105156,-0.158184,-0.00715263,0.00229081,0.0304913,1.19864,0.0002,-5.22046e-13,2.99021e-08,-5.22046e-13,0.0002,7.56914e-09,2.99021e-08,7.56914e-09,0.0002
-0.0270338,-0.105738,-0.194456,-0.0271058,-0.105681,-0.208639,-0.00722317,0.00262409,0.0280022,1.0677,0.0002,-4.94682e-12,4.32866e-08,-4.94682e-12,0.0002,-1.36884e-08,4.32866e-08,-1.36884e-08,0.0002
-0.0271935,-0.105934,-0.204024,-0.0270825,-0.105671,-0.208655,-0.00738282,0.00242881,0.0184343,1.0709,0.0002,-1.44567e-11,6.09445e-08,-1.44567e-11,0.0002,-3.29714e-08,6.09445e-08,-3.29714e-08,0.0002
-0.0272593,-0.106191,-0.211893,-0.0270973,-0.105679,-0.208696,-0.00747489,0.00212456,0.0405988,1.06451,0.0002,-2.3196e-11,8.81865e-08,-2.3196e-11,0.0002,-3.52048e-08,8.81865e-08,-3.52048e-08,0.0002
-0.0273624,-0.10643,-0.218192,-0.0270892,-0.105684,-0.20871,-0.00757798,0.00188532,0.0343004,1.0709,0.0002,-3.77009e-11,1.10662e-07,-3.77009e-11,0.0002,-4.51519e-08,1.10662e-07,-4.51519e-08,0.0002
-0.0273984,-0.106588,-0.223651,-0.0271042,-0.105679,-0.208744,-0.00770622,0.00293166,0.0481608,1.0677,0.0002,-4.25105e-11,1.19793e-07,-4.25105e-11,0.0002,-4.37211e-08,1.19793e-07,-4.37211e-08,0.0002
-0.0272427,-0.10755,-0.241916,-0.0258772,-0.10972,-0.279268,-0.0075505,0.0019691,0.0298958,1.32764,0.0002,-5.43779e-11,1.30614e-07,-5.43779e-11,0.0002,-5.12523e-08,1.30614e-07,-5.12523e-08,0.0002
-0.0272089,-0.108231,-0.257047,-0.0258741,-0.109721,-0.279273,-0.00751676,0.0012886,0.0147652,1.33088,0.0002,-7.06982e-11,1.22966e-07,-7.06982e-11,0.0002,-7.10291e-08,1.22966e-07,-7.10291e-08,0.0002
-0.0271087,-0.108722,-0.26905,-0.0258889,-0.109697,-0.279283,-0.00708582,0.00173039,0.02589,1.32764,0.0002,-6.92371e-11,1.10333e-07,-6.92371e-11,0.0002,-7.17339e-08,1.10333e-07,-7.17339e-08,0.0002
-0.026895,-0.109066,-0.2785,-0.0262803,-0.109711,-0.279035,-0.0068721,0.00138696,0.0164404,1.29348,0.0002,-4.26894e-11,9.3988e-08,-4.26894e-11,0.0002,-3.84314e-08,9.3988e-08,-3.84314e-08,0.0002
-0.0268907,-0.109274,-0.286051,-0.0267597,-0.109696,-0.27899,-0.00597223,0.0024307,0.0336037,1.26897,0.0002,-2.94353e-11,7.32059e-08,-2.94353e-11,0.0002,-2.84604e-08,7.32059e-08,-2.84604e-08,0.0002
-0.0268365,-0.109415,-0.292298,-0.0267683,-0.109714,-0.27899,-0.00591804,0.00228962,0.0273561,1.26572,0.0002,-1.71425e-11,5.53464e-08,-1.71425e-11,0.0002,-1.36862e-08,5.53464e-08,-1.36862e-08,0.0002
-0.0268782,-0.109082,-0.299714,-0.0273331,-0.107219,-0.290042,-0.00595977,0.00262274,0.0199406,0.958671,0.0002,-8.48285e-12,5.24694e-08,-8.48285e-12,0.0002,1.86943e-10,5.24694e-08,1.86943e-10,0.0002
-0.0270367,-0.108847,-0.305328,-0.0273547,-0.107225,-0.290003,-0.00562818,0.00325403,0.0372825,0.958181,0.0002,-9.21995e-12,5.52392e-08,-9.21995e-12,0.0002,-1.03709e-08,5.52392e-08,-1.03709e-08,0.0002
-0.0271266,-0.108666,-0.310444,-0.0273712,-0.107203,-0.290025,-0.00571805,0.00343415,0.0321658,0.961346,0.0002,-8.25144e-12,5.90567e-08,-8.25144e-12,0.0002,-1.07955e-08,5.90567e-08,-1.07955e-08,0.0002
-0.0271749,-0.108556,-0.314228,-0.027321,-0.107239,-0.29003,-0.00605234,0.00412488,0.0552259,0.955506,0.0002,-7.13482e-12,6.57819e-08,-7.13482e-12,0.0002,-9.02039e-09,6.57819e-08,-9.02039e-09,0.0002
-0.0272463,-0.108409,-0.31725,-0.0273451,-0.107213,-0.290003,-0.00612373,0.00427181,0.0522043,0.951852,0.0002,-7.61831e-12,6.14579e-08,-7.61831e-12,0.0002,-1.22753e-08,6.14579e-08,-1.22753e-08,0.0002
-0.0274114,-0.108352,-0.319462,-0.0273481,-0.107237,-0.290012,-0.00628881,0.00432951,0.0499921,0.951852,0.0002,-1.64294e-11,6.7195e-08,-1.64294e-11,0.0002,-3.16753e-08,6.7195e-08,-3.16753e-08,0.0002
-0.0276275,-0.10881,-0.334982,-0.0280799,-0.11011,-0.359801,-0.00639641,0.00420519,0.0430528,1.19148,0.0002,-1.6848e-11,6.01335e-08,-1.6848e-11,0.0002,-3.33078e-08,6.01335e-08,-3.33078e-08,0.0002
-0.027829,-0.10919,-0.347292,-0.0280845,-0.110113,-0.359782,-0.00659793,0.00382551,0.0307436,1.18823,0.0002,-1.90689e-11,5.7467e-08,-1.90689e-11,0.0002,-3.89669e-08,5.7467e-08,-3.89669e-08,0.0002
-0.0279253,-0.109426,-0.357139,-0.0281013,-0.110106,-0.359781,-0.00623351,0.00418679,0.0533726,1.18174,0.0002,-1.44303e-11,4.51595e-08,-1.44303e-11,0.0002,-3.16913e-08,4.51595e-08,-3.16913e-08,0.0002
-0.0280299,-0.109627,-0.365123,-0.0281014,-0.110107,-0.359795,-0.00633806,0.00398546,0.0453887,1.18823,0.0002,-1.27573e-11,3.91728e-08,-1.27573e-11,0.0002,-3.15151e-08,3.91728e-08,-3.15151e-08,0.0002
-0.0280841,-0.109708,-0.371717,-0.0281042,-0.110106,-0.359797,-0.00639233,0.0039045,0.0387942,1.18823,0.0002,-8.14148e-12,2.25794e-08,-8.14148e-12,0.0002,-2.65042e-08,2.25794e-08,-2.65042e-08,0.0002
-0.0284386,-0.10972,-0.386626,-0.0297947,-0.109908,-0.405373,-0.00543902,0.00387608,0.0404797,0.988819,0.0002,-4.53568e-12,1.00241e-08,-4.53568e-12,0.0002,-1.88523e-08,1.00241e-08,-1.88523e-08,0.0002
-0.0287271,-0.109769,-0.398352,-0.029742,-0.10991,-0.405405,-0.00572751,0.0038266,0.0287535,1.00291,0.0002,-3.19139e-12,8.24004e-09,-3.19139e-12,0.0002,-1.65194e-08,8.24004e-09,-1.65194e-08,0.0002
-0.0289094,-0.109759,-0.408048,-0.0297215,-0.109914,-0.405427,-0.00595545,0.00402431,0.0458207,1.01218,0.0002,-1.5567e-12,-9.72532e-10,-1.5567e-12,0.0002,-7.86725e-09,-9.72532e-10,-7.86725e-09,0.0002
-0.0291309,-0.109841,-0.415696,-0.029793,-0.109916,-0.405406,-0.00617692,0.00394255,0.0381718,0.992034,0.0002,-1.61167e-12,7.32518e-09,-1.61167e-12,0.0002,-1.22922e-08,7.32518e-09,-1.22922e-08,0.0002
-0.0292981,-0.109905,-0.421817,-0.0297419,-0.109914,-0.405412,-0.00634409,0.00387792,0.0320514,1.00291,0.0002,-1.99693e-12,1.258e-08,-1.99693e-12,0.0002,-1.51847e-08,1.258e-08,-1.51847e-08,0.0002
-0.0294743,-0.110006,-0.42661,-0.0297267,-0.109912,-0.405413,-0.00651529,0.00432858,0.0495964,1.00575,0.0002,-4.47672e-12,2.37469e-08,-4.47672e-12,0.0002,-2.4448e-08,2.37469e-08,-2.4448e-08,0.0002
-0.0297006,-0.110172,-0.440769,-0.0300923,-0.110485,-0.459624,-0.00674163,0.00416322,0.0354374,1.06348,0.0002,-6.54778e-12,2.63102e-08,-6.54778e-12,0.0002,-3.20889e-08,2.63102e-08,-3.20889e-08,0.0002
-0.0298435,-0.110321,-0.451683,-0.0300905,-0.110483,-0.45963,-0.00645383,0.00400545,0.03762,1.06348,0.0002,-7.73106e-12,3.06842e-08,-7.73106e-12,0.0002,-3.09991e-08,3.06842e-08,-3.09991e-08,0.0002
-0.0299214,-0.110458,-0.460207,-0.0300967,-0.11048,-0.459627,-0.00653173,0.00386851,0.0290961,1.06027,0.0002,-7.72004e-12,3.63953e-08,-7.72004e-12,0.0002,-2.43503e-08,3.63953e-08,-2.43503e-08,0.0002
-0.0299937,-0.110538,-0.467132,-0.0300959,-0.110476,-0.459639,-0.00660408,0.00378837,0.0221711,1.06027,0.0002,-7.15998e-12,3.54366e-08,-7.15998e-12,0.0002,-2.17375e-08,3.54366e-08,-2.17375e-08,0.0002
-0.0301386,-0.110631,-0.472984,-0.0301012,-0.11048,-0.459644,-0.00694039,0.00431248,0.0550766,1.05705,0.0002,-1.08338e-11,3.91698e-08,-1.08338e-11,0.0002,-3.39091e-08,3.91698e-08,-3.39091e-08,0.0002
-0.030037,-0.110573,-0.488122,-0.0293862,-0.110109,-0.50986,-0.00683879,0.00437057,0.0399381,0.943393,0.0002,-8.97199e-12,3.25326e-08,-8.97199e-12,0.0002,-2.94556e-08,3.25326e-08,-2.94556e-08,0.0002
-0.0299247,-0.110526,-0.500646,-0.0292301,-0.110107,-0.509857,-0.00672645,0.00441766,0.0274139,0.956092,0.0002,-7.61414e-12,2.81625e-08,-7.61414e-12,0.0002,-2.67212e-08,2.81625e-08,-2.67212e-08,0.0002
-0.0297893,-0.110537,-0.510564,-0.0292304,-0.110104,-0.509865,-0.00585124,0.0049722,0.0367205,0.952917,0.0002,-6.35026e-12,3.32276e-08,-6.35026e-12,0.0002,-1.7818e-08,3.32276e-08,-1.7818e-08,0.0002
-0.0296288,-0.110496,-0.518501,-0.0293595,-0.110126,-0.509881,-0.00569073,0.00501266,0.0287833,0.946568,0.0002,-2.09488e-12,2.80377e-08,-2.09488e-12,0.0002,4.0613e-10,2.80377e-08,4.0613e-10,0.0002
-0.0295266,-0.110506,-0.524951,-0.0292399,-0.110112,-0.509867,-0.00588566,0.0051585,0.0452599,0.956092,0.0002,-5.55093e-13,3.19105e-08,-5.55093e-13,0.0002,3.9256e-09,3.19105e-08,3.9256e-09,0.0002
-0.0297551,-0.110681,-0.539926,-0.0302684,-0.111119,-0.558419,-0.00611412,0.00498392,0.0302857,1.04948,0.0002,-2.6908e-12,2.86598e-08,-2.6908e-12,0.0002,-1.02865e-08,2.86598e-08,-1.02865e-08,0.0002
-0.0299451,-0.110796,-0.551591,-0.0302666,-0.11115,-0.5584,-0.006077,0.00471152,0.0353246,1.05271,0.0002,-3.71729e-12,2.17115e-08,-3.71729e-12,0.0002,-2.06242e-08,2.17115e-08,-2.06242e-08,0.0002
-0.030142,-0.110961,-0.560718,-0.0302678,-0.11115,-0.558413,-0.00627383,0.00454725,0.0261969,1.05271,0.0002,-7.43248e-12,2.86291e-08,-7.43248e-12,0.0002,-3.4524e-08,2.86291e-08,-3.4524e-08,0.0002
-0.0302771,-0.111113,-0.567605,-0.0303338,-0.111146,-0.558405,-0.00640898,0.00439492,0.0193103,1.04015,0.0002,-1.06629e-11,3.65447e-08,-1.06629e-11,0.0002,-3.7815e-08,3.65447e-08,-3.7815e-08,0.0002
-0.030121,-0.111395,-0.572908,-0.0302683,-0.111152,-0.558411,-0.00600086,0.00376727,0.0381129,1.05271,0.0002,-2.44458e-12,6.74798e-08,-2.44458e-12,0.0002,-9.60308e-11,6.74798e-08,-9.60308e-11,0.0002
-0.0296173,-0.111937,-0.577256,-0.0302599,-0.111145,-0.558417,-0.00549718,0.00322542,0.0337655,1.05595,0.0002,7.46814e-11,1.38965e-07,7.46814e-11,0.0002,8.35842e-08,1.38965e-07,8.35842e-08,0.0002
-0.0286526,-0.112788,-0.59118,-0.0302455,-0.111325,-0.609615,-0.00386754,0.00303595,0.0451918,1.01294,0.0002,3.76815e-10,2.45381e-07,3.76815e-10,0.0002,2.27401e-07,2.45381e-07,2.27401e-07,0.0002
-0.0275456,-0.113749,-0.603568,-0.0301633,-0.111307,-0.609646,-0.00276049,0.00207414,0.0328038,1.03201,0.000200001,9.3572e-10,3.60319e-07,9.3572e-10,0.000200001,3.69246e-07,3.60319e-07,3.69246e-07,0.0002
-0.0264969,-0.114344,-0.614094,-0.0301942,-0.111301,-0.609619,-0.00171177,0.00147988,0.0222778,1.02246,0.000200001,1.47364e-09,4.07381e-07,1.47364e-09,0.000200002,4.8646e-07,4.07381e-07,4.8646e-07,0.000199999
-0.0259353,-0.114514,-0.621787,-0.0301967,-0.111321,-0.609602,-0.00179921,0.00204821,0.035281,1.01609,0.000200001,1.627e-09,3.88271e-07,1.627e-09,0.000200002,5.17271e-07,3.88271e-07,5.17271e-07,0.000199999
-0.0260484,-0.114263,-0.626907,-0.030216,-0.11132,-0.609605,-0.00191231,0.00230011,0.0301614,1.0129,0.000200001,1.31957e-09,3.13085e-07,1.31957e-09,0.000200002,4.48249e-07,3.13085e-07,4.48249e-07,0.000199999
-0.0263803,-0.113892,-0.630589,-0.0302043,-0.111329,-0.609608,-0.00646461,0.00495938,0.0494371,1.01927,0.000200001,9.64316e-10,2.3721e-07,9.64316e-10,0.000200001,3.65441e-07,2.3721e-07,3.65441e-07,0.000199999
-0.0259144,-0.114132,-0.643547,-0.0257268,-0.113956,-0.659666,-0.00599872,0.00471962,0.0364797,1.19519,0.0002,6.94225e-10,1.87675e-07,6.94225e-10,0.000200001,2.87799e-07,1.87675e-07,2.87799e-07,0.000199999
-0.025635,-0.114308,-0.654121,-0.0257242,-0.113962,-0.659675,-0.00571926,0.00454356,0.0259048,1.19519,0.0002,4.96249e-10,1.53822e-07,4.96249e-10,0.000200001,2.2268e-07,1.53822e-07,2.2268e-07,0.000199999
-0.0255093,-0.114432,-0.662783,-0.0257434,-0.113964,-0.65965,-0.00844913,0.00792563,0.040389,1.19577,0.0002,3.48878e-10,1.29548e-07,3.48878e-10,0.0002,1.65719e-07,1.29548e-07,1.65719e-07,0.0002
-0.0254397,-0.114532,-0.670022,-0.0257454,-0.11395,-0.659642,-0.00837954,0.00782558,0.0331505,1.1926,0.0002,2.48121e-10,1.14764e-07,2.48121e-10,0.0002,1.242e-07,1.14764e-07,1.242e-07,0.0002
-0.0254778,-0.114594,-0.676029,-0.0257445,-0.113957,-0.659687,-0.00915098,0.00922186,0.0475037,1.19519,0.0002,1.68515e-10,1.02167e-07,1.68515e-10,0.0002,8.25227e-08,1.02167e-07,8.25227e-08,0.0002
-0.0245741,-0.116263,-0.691199,-0.0211485,-0.122499,-0.710479,-0.00824729,0.00755304,0.0323327,1.35135,0.0002,1.11583e-10,7.928e-08,1.11583e-10,0.0002,5.90315e-08,7.928e-08,5.90315e-08,0.0002
-0.0238825,-0.117597,-0.703438,-0.0211558,-0.122481,-0.710469,-0.00755572,0.00621926,0.0200946,1.34374,0.0002,7.31003e-11,6.5128e-08,7.31003e-11,0.0002,3.89876e-08,6.5128e-08,3.89876e-08,0.0002
-0.0233392,-0.118544,-0.71323,-0.0211544,-0.122485,-0.710476,-0.00726838,0.00570173,0.0184916,1.35135,0.0002,4.46148e-11,3.68811e-08,4.46148e-11,0.0002,2.46083e-08,3.68811e-08,2.46083e-08,0.0002
-0.0230043,-0.119307,-0.721031,-0.021355,-0.122488,-0.710313,-0.00693345,0.00493876,0.0106907,1.32095,0.0002,2.6393e-11,1.93934e-08,2.6393e-11,0.0002,5.84465e-09,1.93934e-08,5.84465e-09,0.0002
-0.0228284,-0.119896,-0.726652,-0.0213552,-0.122498,-0.710323,-0.00705138,0.00478155,0.0349631,1.32524,0.0002,1.59668e-11,4.11475e-09,1.59668e-11,0.0002,-2.0815e-08,4.11475e-09,-2.0815e-08,0.0002
-0.0227127,-0.120426,-0.73063,-0.0213498,-0.122489,-0.710316,-0.00693574,0.00425115,0.0309848,1.322,0.0002,9.36722e-12,4.0678e-09,9.36722e-12,0.0002,-4.21647e-08,4.0678e-09,-4.21647e-08,0.0002
-0.0226943,-0.12107,-0.74536,-0.0217266,-0.123455,-0.768569,-0.00691735,0.00360706,0.0162552,1.18606,0.0002,3.35601e-12,8.7348e-09,3.35601e-12,0.0002,-5.56133e-08,8.7348e-09,-5.56133e-08,0.0002
-0.0225906,-0.12164,-0.757866,-0.0217413,-0.123454,-0.768556,-0.0057987,0.00296024,0.0327215,1.18674,0.0002,-2.95568e-12,2.04591e-08,-2.95568e-12,0.0002,-4.95892e-08,2.04591e-08,-4.95892e-08,0.0002
-0.0223252,-0.122302,-0.767772,-0.0217557,-0.123457,-0.768583,-0.00553328,0.00229858,0.0228149,1.18606,0.0002,-5.22268e-12,6.096e-08,-5.22268e-12,0.0002,-1.6442e-08,6.096e-08,-1.6442e-08,0.0002
-0.0220422,-0.122921,-0.77566,-0.0221527,-0.123467,-0.768397,-0.00525037,0.00167901,0.0149268,1.13584,0.0002,1.87914e-11,1.01278e-07,1.87914e-11,0.0002,2.84766e-08,1.01278e-07,2.84766e-08,0.0002
-0.021721,-0.12345,-0.782181,-0.0221221,-0.123484,-0.768412,-0.00442253,0.00163182,0.0280082,1.13911,0.0002,6.45346e-11,1.32214e-07,6.45346e-11,0.0002,7.11542e-08,1.32214e-07,7.11542e-08,0.0002
-0.0213308,-0.123929,-0.787429,-0.0217525,-0.123457,-0.76857,-0.00403242,0.00115294,0.0227602,1.18606,0.0002,1.25611e-10,1.62047e-07,1.25611e-10,0.0002,1.07588e-07,1.62047e-07,1.07588e-07,0.0002
-0.0211116,-0.124366,-0.802196,-0.0223169,-0.123837,-0.81934,-0.00339452,0.00114563,0.0363485,1.11782,0.0002,1.8157e-10,1.76744e-07,1.8157e-10,0.0002,1.35332e-07,1.76744e-07,1.35332e-07,0.0002
-0.020971,-0.124726,-0.813908,-0.0223194,-0.123873,-0.819352,-0.00325392,0.000785499,0.0246363,1.11782,0.0002,2.20291e-10,1.86985e-07,2.20291e-10,0.0002,1.472e-07,1.86985e-07,1.472e-07,0.0002
-0.0208606,-0.125047,-0.823175,-0.0223097,-0.123871,-0.819356,-0.00314351,0.000464866,0.0153692,1.11782,0.0002,2.53742e-10,1.99045e-07,2.53742e-10,0.0002,1.5375e-07,1.99045e-07,1.5375e-07,0.0002
-0.0208079,-0.125357,-0.830488,-0.0223137,-0.123835,-0.819368,-0.00436832,0.00223658,0.0318487,1.11782,0.0002,2.80535e-10,2.16689e-07,2.80535e-10,0.0002,1.51945e-07,2.16689e-07,1.51945e-07,0.0002
-0.0207049,-0.125585,-0.836441,-0.022305,-0.123865,-0.81937,-0.00426528,0.00200852,0.0258949,1.11782,0.0002,3.09495e-10,2.24104e-07,3.09495e-10,0.0002,1.60002e-07,2.24104e-07,1.60002e-07,0.0002
-0.0202143,-0.125745,-0.851163,-0.0203821,-0.124296,-0.868647,-0.0044659,0.00346617,0.0395083,1.09466,0.0002,3.1882e-10,2.10309e-07,3.1882e-10,0.0002,1.70623e-07,2.10309e-07,1.70623e-07,0.0002
-0.0197873,-0.12579,-0.862939,-0.0203751,-0.124306,-0.868639,-0.00403892,0.0034207,0.0277325,1.09258,0.0002,3.14695e-10,1.88445e-07,3.14695e-10,0.0002,1.82325e-07,1.88445e-07,1.82325e-07,0.0002
-0.0194152,-0.125774,-0.872047,-0.0203865,-0.124318,-0.868631,-0.00465512,0.00462766,0.045725,1.09258,0.0002,3.03849e-10,1.66113e-07,3.03849e-10,0.0002,1.94833e-07,1.66113e-07,1.94833e-07,0.0002
-0.019089,-0.125759,-0.879237,-0.0203875,-0.124276,-0.868661,-0.00432895,0.00464343,0.0385357,1.08159,0.0002,2.98935e-10,1.52984e-07,2.98935e-10,0.0002,2.07217e-07,1.52984e-07,2.07217e-07,0.0002
-0.0189743,-0.125675,-0.884462,-0.0203909,-0.124278,-0.868619,-0.00421424,0.00472705,0.0333102,1.08449,0.0002,2.57446e-10,1.3307e-07,2.57446e-10,0.0002,1.91888e-07,1.3307e-07,1.91888e-07,0.0002
-0.0190756,-0.125746,-0.888547,-0.0203821,-0.124298,-0.868656,-0.0052088,0.00576314,0.0553647,1.09466,0.0002,2.22828e-10,1.41436e-07,2.22828e-10,0.0002,1.5059e-07,1.41436e-07,1.5059e-07,0.0002
-0.0192966,-0.127269,-0.905646,-0.0207133,-0.131467,-0.937292,-0.00542987,0.00423992,0.0382657,1.45958,0.0002,1.86948e-10,1.5061e-07,1.86948e-10,0.0002,1.13817e-07,1.5061e-07,1.13817e-07,0.0002
-0.0194513,-0.128521,-0.919532,-0.0207136,-0.131466,-0.937294,-0.00632465,0.00383512,0.0395922,1.46319,0.0002,1.64179e-10,1.6217e-07,1.64179e-10,0.0002,9.33867e-08,1.6217e-07,9.33867e-08,0.0002
-0.0195868,-0.129547,-0.930738,-0.0207341,-0.131444,-0.937263,-0.00646008,0.00280822,0.0283859,1.45206,0.0002,1.46792e-10,1.74614e-07,1.46792e-10,0.0002,7.86982e-08,1.74614e-07,7.86982e-08,0.0002
-0.019664,-0.130378,-0.940223,-0.020713,-0.131467,-0.937272,-0.00653728,0.00197731,0.0189016,1.46211,0.0002,1.38157e-10,1.83543e-07,1.38157e-10,0.0002,7.32117e-08,1.83543e-07,7.32117e-08,0.0002
-0.0197027,-0.131079,-0.948021,-0.0207115,-0.13147,-0.937294,-0.00679594,0.00282696,0.0287708,1.46319,0.0002,1.38788e-10,1.95016e-07,1.38788e-10,0.0002,7.29553e-08,1.95016e-07,7.29553e-08,0.0002
-0.0187863,-0.131687,-0.961553,-0.0161005,-0.131817,-0.97376,-0.00587955,0.00221868,0.0152395,1.06653,0.0002,1.44661e-10,1.98648e-07,1.44661e-10,0.0002,7.77559e-08,1.98648e-07,7.77559e-08,0.0002
-0.0179574,-0.132134,-0.972484,-0.0161011,-0.131827,-0.97377,-0.00507697,0.00330431,0.0333627,1.06982,0.0002,1.65496e-10,1.94612e-07,1.65496e-10,0.0002,9.57923e-08,1.94612e-07,9.57923e-08,0.0002
-0.0173571,-0.132486,-0.981234,-0.016107,-0.131846,-0.973797,-0.00447669,0.00295213,0.0246127,1.06634,0.0002,1.67811e-10,1.90638e-07,1.67811e-10,0.0002,9.71566e-08,1.90638e-07,9.71566e-08,0.0002
-0.01694,-0.132756,-0.988233,-0.0161174,-0.131839,-0.973794,-0.00405957,0.00268213,0.0176131,1.06963,0.0002,1.55829e-10,1.86432e-07,1.55829e-10,0.0002,8.80283e-08,1.86432e-07,8.80283e-08,0.0002
-0.0165523,-0.133014,-0.993104,-0.0161036,-0.131841,-0.973774,-0.00433452,0.00379376,0.037206,1.06634,0.0002,1.60041e-10,1.90632e-07,1.60041e-10,0.0002,9.01875e-08,1.90632e-07,9.01875e-08,0.0002
-0.0161598,-0.13311,-0.996589,-0.0161021,-0.131812,-0.973781,-0.00394205,0.00369798,0.0337216,1.05776,0.0002,1.68963e-10,1.76737e-07,1.68963e-10,0.0002,1.04802e-07,1.76737e-07,1.04802e-07,0.0002
-0.0156391,-0.133973,-1.01181,-0.0152414,-0.135344,-1.03595,-0.004109,0.00460603,0.04237,0.798072,0.0002,1.91702e-10,1.79505e-07,1.91702e-10,0.0002,1.21254e-07,1.79505e-07,1.21254e-07,0.0002
-0.0149847,-0.13469,-1.02451,-0.0152407,-0.135341,-1.03595,-0.00345461,0.00388824,0.0296747,0.799377,0.0002,2.60185e-10,1.86461e-07,2.60185e-10,0.0002,1.69285e-07,1.86461e-07,1.69285e-07,0.0002
-0.0144045,-0.135383,-1.03466,-0.015272,-0.135362,-1.03596,-0.00287436,0.00319561,0.0195163,0.792574,0.0002,3.53771e-10,2.09623e-07,3.53771e-10,0.0002,2.09545e-07,2.09623e-07,2.09545e-07,0.0002
-0.0138633,-0.135986,-1.0432,-0.0152711,-0.135331,-1.03596,-0.00227286,0.00301143,0.0341571,0.789173,0.0002,4.65052e-10,2.3388e-07,4.65052e-10,0.0002,2.47061e-07,2.3388e-07,2.47061e-07,0.0002
-0.0135943,-0.136499,-1.04931,-0.0152708,-0.13536,-1.03597,-0.00200382,0.00249893,0.0280477,0.792574,0.000200001,5.19075e-10,2.53193e-07,5.19075e-10,0.000200001,2.44554e-07,2.53193e-07,2.44554e-07,0.0002
-0.0131808,-0.137477,-1.06387,-0.0130898,-0.137498,-1.08742,-0.00305177,0.00339041,0.0405918,1.025,0.000200001,5.2229e-10,2.86051e-07,5.2229e-10,0.0002,2.06809e-07,2.86051e-07,2.06809e-07,0.0002
-0.0128197,-0.138339,-1.07552,-0.0131072,-0.137514,-1.08743,-0.00269074,0.00252895,0.0289446,1.01906,0.000200001,5.38092e-10,3.19757e-07,5.38092e-10,0.0002,1.87348e-07,3.19757e-07,1.87348e-07,0.0002
-0.0125169,-0.138974,-1.08525,-0.0130929,-0.137525,-1.08742,-0.00238793,0.00189361,0.0192145,1.025,0.000200001,5.37193e-10,3.32789e-07,5.37193e-10,0.0002,1.76064e-07,3.32789e-07,1.76064e-07,0.0002
-0.0122035,-0.139533,-1.09344,-0.0131026,-0.137494,-1.08742,-0.00402815,0.00441407,0.0363271,1.02171,0.000200001,5.70121e-10,3.50681e-07,5.70121e-10,0.0002,1.79813e-07,3.50681e-07,1.79813e-07,0.0002
-0.0118975,-0.140006,-1.10021,-0.013094,-0.137521,-1.08744,-0.0037222,0.00394133,0.0295585,1.025,0.000200001,6.19539e-10,3.65705e-07,6.19539e-10,0.0002,1.90189e-07,3.65705e-07,1.90189e-07,0.000199999
-0.0116123,-0.140431,-1.10593,-0.0131163,-0.13751,-1.08742,-0.00384144,0.00447749,0.0271361,1.01906,0.000200001,6.85827e-10,3.8349e-07,6.85827e-10,0.0002,2.03401e-07,3.8349e-07,2.03401e-07,0.000199999
-0.0107616,-0.141841,-1.11929,-0.0100448,-0.142762,-1.13181,-0.00299079,0.00306671,0.0137841,0.983054,0.000200001,7.508e-10,3.9689e-07,7.508e-10,0.0002,2.15572e-07,3.9689e-07,2.15572e-07,0.000199999
-0.010206,-0.142939,-1.13018,-0.0100648,-0.142782,-1.13183,-0.00243519,0.00196937,0.00289205,0.983054,0.000200001,7.402e-10,4.00115e-07,7.402e-10,0.0002,2.0317e-07,4.00115e-07,2.0317e-07,0.000199999
-0.00980619,-0.143837,-1.13827,-0.0100666,-0.142782,-1.13182,-0.00283503,0.00375325,0.0146201,0.983054,0.000200001,7.12943e-10,4.05674e-07,7.12943e-10,0.0002,1.87567e-07,4.05674e-07,1.87567e-07,0.000199999
-0.0095826,-0.144554,-1.14475,-0.0100514,-0.142777,-1.13184,-0.00261143,0.00303649,0.00814257,0.983054,0.000200002,6.45434e-10,4.09071e-07,6.45434e-10,0.0002,1.6116e-07,4.09071e-07,1.6116e-07,0.000199999
-0.00934364,-0.145121,-1.15024,-0.0100696,-0.142774,-1.13183,-0.00368907,0.00516252,0.0328134,0.986311,0.000200002,6.16849e-10,4.10511e-07,6.16849e-10,0.0002,1.53948e-07,4.10511e-07,1.53948e-07,0.000199999
-0.00909403,-0.145596,-1.15484,-0.0100454,-0.142775,-1.13182,-0.00343946,0.00468681,0.0282152,0.979796,0.000200002,6.21572e-10,4.15251e-07,6.21572e-10,0.0002,1.57434e-07,4.15251e-07,1.57434e-07,0.000199999
-0.00850278,-0.147113,-1.16968,-0.00815392,-0.14849,-1.18764,-0.00284822,0.00317046,0.013374,1.17899,0.000200002,6.39506e-10,4.15867e-07,6.39506e-10,0.0002,1.65217e-07,4.15867e-07,1.65217e-07,0.000199999
-0.00811416,-0.148263,-1.18154,-0.00817555,-0.148468,-1.18761,-0.00317413,0.00509454,0.0242161,1.17899,0.000200002,6.0759e-10,4.07207e-07,6.0759e-10,0.0002,1.56484e-07,4.07207e-07,1.56484e-07,0.000199999
-0.00785294,-0.149205,-1.19104,-0.00819907,-0.148483,-1.18761,-0.00291292,0.00415298,0.0147229,1.16916,0.000200002,5.64523e-10,4.04775e-07,5.64523e-10,0.0002,1.42894e-07,4.04775e-07,1.42894e-07,0.000199999
-0.00765969,-0.14992,-1.1978,-0.00817282,-0.148483,-1.1876,-0.0034153,0.00580523,0.0388179,1.17571,0.000200001,5.16426e-10,3.9723e-07,5.16426e-10,0.0002,1.30511e-07,3.9723e-07,1.30511e-07,0.000199999
-0.00758382,-0.150524,-1.2026,-0.00815295,-0.148479,-1.18762,-0.00333942,0.00520154,0.0340219,1.17571,0.000200001,4.49042e-10,3.97484e-07,4.49042e-10,0.0002,1.09038e-07,3.97484e-07,1.09038e-07,0.000199999
-0.00690578,-0.152826,-1.21768,-0.005408,-0.157494,-1.24698,-0.00266139,0.0028996,0.0189354,1.66076,0.000200001,4.36584e-10,3.99317e-07,4.36584e-10,0.0002,1.09859e-07,3.99317e-07,1.09859e-07,0.000199999
-0.00633408,-0.154649,-1.22872,-0.0054205,-0.157465,-1.24699,-0.00253155,0.00407564,0.0327198,1.65418,0.000200001,4.39375e-10,3.98716e-07,4.39375e-10,0.0002,1.14784e-07,3.98716e-07,1.14784e-07,0.000199999
-0.00583753,-0.156108,-1.23693,-0.00539617,-0.157528,-1.24697,-0.002035,0.00261656,0.0245151,1.66076,0.000200001,4.54539e-10,3.96534e-07,4.54539e-10,0.0002,1.2289e-07,3.96534e-07,1.2289e-07,0.000199999
-0.00547555,-0.15719,-1.24288,-0.00541189,-0.157496,-1.24701,-0.00171904,0.00258146,0.0302648,1.66405,0.000200001,4.4288e-10,3.82617e-07,4.4288e-10,0.0002,1.22628e-07,3.82617e-07,1.22628e-07,0.000199999
-0.00520394,-0.158023,-1.24721,-0.0054197,-0.157528,-1.24698,-0.00144742,0.00174876,0.0259253,1.65747,0.000200001,4.21729e-10,3.67494e-07,4.21729e-10,0.0002,1.19596e-07,3.67494e-07,1.19596e-07,0.000199999
-0.00488404,-0.159149,-1.25691,-0.00449766,-0.159804,-1.28172,-0.00192256,0.00367547,0.0349497,0.750741,0.000200001,3.79364e-10,3.57937e-07,3.79364e-10,0.0002,1.06472e-07,3.57937e-07,1.06472e-07,0.000199999
-0.00465744,-0.15997,-1.26467,-0.00449507,-0.15981,-1.28173,-0.00169596,0.00285389,0.0271915,0.751488,0.000200001,3.27207e-10,3.39143e-07,3.27207e-10,0.0002,9.27236e-08,3.39143e-07,9.27236e-08,0.0002
-0.00465212,-0.160503,-1.27004,-0.00449701,-0.159805,-1.28171,-0.00169064,0.00232141,0.0218163,0.750741,0.000200001,2.20859e-10,3.07402e-07,2.20859e-10,0.0002,5.55563e-08,3.07402e-07,5.55563e-08,0.0002
-0.00460723,-0.160984,-1.27404,-0.00448299,-0.15981,-1.28175,-0.00225145,0.0036929,0.0291583,0.751488,0.000200001,1.59648e-10,2.95824e-07,1.59648e-10,0.0002,3.75759e-08,2.95824e-07,3.75759e-08,0.0002
-0.0045266,-0.16146,-1.27754,-0.00451052,-0.159787,-1.28171,-0.00217082,0.00321734,0.0256574,0.747473,0.000200001,1.34027e-10,3.03721e-07,1.34027e-10,0.0002,3.38269e-08,3.03721e-07,3.38269e-08,0.0002
-0.00439438,-0.161911,-1.28014,-0.00449075,-0.159797,-1.28173,-0.00203859,0.00276557,0.0230604,0.751488,0.000200001,1.39987e-10,3.19893e-07,1.39987e-10,0.0002,4.14837e-08,3.19893e-07,4.14837e-08,0.0002
-0.00387895,-0.163,-1.28691,-0.00266207,-0.163282,-1.30517,-0.00177391,0.00359816,0.023635,1.02917,0.000200001,1.66944e-10,3.34884e-07,1.66944e-10,0.0002,5.45199e-08,3.34884e-07,5.45199e-08,0.0002
-0.00348854,-0.163963,-1.29232,-0.00266845,-0.163273,-1.30518,-0.00138349,0.00263468,0.018221,1.02587,0.000200001,1.88202e-10,3.59633e-07,1.88202e-10,0.0002,5.92277e-08,3.59633e-07,5.92277e-08,0.0002
-0.00315512,-0.164819,-1.29665,-0.00266354,-0.163287,-1.30517,-0.000913771,0.00390332,0.0245908,1.02917,0.000200001,2.1852e-10,3.887e-07,2.1852e-10,0.0002,6.51671e-08,3.887e-07,6.51671e-08,0.0002
-0.00283262,-0.165642,-1.30022,-0.0026746,-0.163289,-1.30519,-0.000591274,0.0030801,0.0210202,1.02673,0.000200002,2.78443e-10,4.29457e-07,2.78443e-10,0.0002,7.79357e-08,4.29457e-07,7.79357e-08,0.000199999
-0.00256685,-0.166409,-1.30318,-0.00266263,-0.163288,-1.30518,-0.0003255,0.00231304,0.0180613,1.02917,0.000200002,3.40105e-10,4.72985e-07,3.40105e-10,0.0002,8.6665e-08,4.72985e-07,8.6665e-08,0.000199999
-0.00231842,-0.167078,-1.30565,-0.0026596,-0.163282,-1.3052,-0.000274488,0.00438508,0.0169376,1.02587,0.000200002,4.13094e-10,5.09917e-07,4.13094e-10,0.0002,9.75986e-08,5.09917e-07,9.75986e-08,0.000199999
-0.00207894,-0.168688,-1.3086,-0.00241276,-0.168313,-1.31055,-3.50077e-05,0.00277579,0.0139917,1.04236,0.000200003,4.748e-10,5.44395e-07,4.748e-10,0.0002,1.03475e-07,5.44395e-07,1.03475e-07,0.000199999
-0.00190885,-0.170002,-1.31169,-0.00243561,-0.168317,-1.31057,-0.00114627,0.00483277,0.0206651,1.04236,0.000200003,5.13082e-10,5.70779e-07,5.13082e-10,0.0002,1.03977e-07,5.70779e-07,1.03977e-07,0.000199999
-0.00178673,-0.171019,-1.31519,-0.00244225,-0.168347,-1.31055,-0.00102414,0.00381576,0.0171647,1.04698,0.000200003,5.2604e-10,5.81239e-07,5.2604e-10,0.0002,1.0161e-07,5.81239e-07,1.0161e-07,0.000199999
-0.00174901,-0.17169,-1.31892,-0.0024402,-0.168323,-1.31055,-0.000986427,0.0031452,0.0134333,1.04569,0.000200003,4.81513e-10,5.65852e-07,4.81513e-10,0.0002,8.99004e-08,5.65852e-07,8.99004e-08,0.000199999
-0.00168441,-0.172283,-1.32325,-0.00244318,-0.168324,-1.31056,-0.00114418,0.00651463,0.0143607,1.04569,0.000200003,4.68569e-10,5.6522e-07,4.68569e-10,0.0002,8.71292e-08,5.6522e-07,8.71292e-08,0.000199999
-0.00132944,-0.174462,-1.33101,-0.00102228,-0.176215,-1.32788,-0.00078921,0.00433614,0.00660366,0.992274,0.000200003,4.84242e-10,5.84811e-07,4.84242e-10,0.0002,8.90994e-08,5.84811e-07,8.90994e-08,0.000199999
-0.00096574,-0.176295,-1.33773,-0.00103215,-0.176225,-1.32786,-0.000574166,0.00454211,0.00139313,0.988907,0.000200003,5.53996e-10,6.11853e-07,5.53996e-10,0.0002,1.02314e-07,6.11853e-07,1.02314e-07,0.000199999
-0.000611072,-0.177769,-1.343,-0.00102065,-0.176224,-1.32788,-0.000219498,0.00306846,-0.00388268,0.988907,0.000200004,6.50407e-10,6.30504e-07,6.50407e-10,0.0002,1.19915e-07,6.30504e-07,1.19915e-07,0.000199999
-0.000400214,-0.178944,-1.34671,-0.00102675,-0.176229,-1.32788,-8.63969e-06,0.00189369,-0.00758569,0.988907,0.000200004,6.76909e-10,6.4159e-07,6.76909e-10,0.0002,1.19367e-07,6.4159e-07,1.19367e-07,0.000199999
-0.000251564,-0.17991,-1.34894,-0.00102981,-0.176229,-1.32788,-0.000499353,0.00611162,0.0132261,0.988907,0.000200004,6.84104e-10,6.52858e-07,6.84104e-10,0.0002,1.15758e-07,6.52858e-07,1.15758e-07,0.000199999
-0.000164354,-0.180557,-1.34949,-0.00103153,-0.176222,-1.32788,-0.000412142,0.00546395,0.0126772,0.988907,0.000200004,6.53512e-10,6.40151e-07,6.53512e-10,0.0002,1.08907e-07,6.40151e-07,1.08907e-07,0.000199999
-0.000176008,-0.183169,-1.35564,-0.00138123,-0.187335,-1.36469,-0.00101134,0.0076182,0.024181,1.28934,0.000200004,6.24293e-10,6.10557e-07,6.24293e-10,0.0002,1.07103e-07,6.10557e-07,1.07103e-07,0.000199999
-0.000256202,-0.185314,-1.36014,-0.00134432,-0.187314,-1.36467,-0.00109153,0.005473,0.019682,1.29467,0.000200003,5.57056e-10,6.01341e-07,5.57056e-10,0.0002,9.29384e-08,6.01341e-07,9.29384e-08,0.000199999
-0.000280484,-0.187069,-1.36416,-0.00138285,-0.187342,-1.3647,-0.00166816,0.00714869,0.0319339,1.29267,0.000200003,5.35993e-10,6.00827e-07,5.35993e-10,0.0002,9.08757e-08,6.00827e-07,9.08757e-08,0.000199999
-0.000293477,-0.188513,-1.3684,-0.00138338,-0.187334,-1.36468,-0.00168115,0.00570449,0.0276876,1.28934,0.000200003,5.26103e-10,6.07331e-07,5.26103e-10,0.0002,8.97699e-08,6.07331e-07,8.97699e-08,0.000199999
-0.000238895,-0.18974,-1.37262,-0.00133978,-0.18732,-1.36465,-0.00162657,0.00447676,0.0234684,1.298,0.000200004,5.60136e-10,6.23682e-07,5.60136e-10,0.0002,9.72149e-08,6.23682e-07,9.72149e-08,0.000199999
-0.000173187,-0.190737,-1.3763,-0.00133922,-0.187309,-1.36464,-0.00178254,0.00842781,0.0380163,1.29467,0.000200004,6.02939e-10,6.37021e-07,6.02939e-10,0.0002,1.04886e-07,6.37021e-07,1.04886e-07,0.000199999
0.000175752,-0.19297,-1.39432,0.00017916,-0.194483,-1.43688,-0.0014336,0.00619496,0.0200018,1.69722,0.000200004,6.60242e-10,6.44479e-07,6.60242e-10,0.0002,1.15422e-07,6.44479e-07,1.15422e-07,0.000199999
0.000356417,-0.194774,-1.40935,0.000179749,-0.19448,-1.43689,-0.00274763,0.00875222,0.012926,1.69722,0.000200004,6.31006e-10,6.52398e-07,6.31006e-10,0.0002,1.04286e-07,6.52398e-07,1.04286e-07,0.000199999
0.000478357,-0.196024,-1.42128,0.000177278,-0.194472,-1.43688,-0.00262569,0.00750225,0.00100333,1.69332,0.000200004,5.65823e-10,6.27103e-07,5.65823e-10,0.0002,9.22622e-08,6.27103e-07,9.22622e-08,0.000199999
0.000584165,-0.196999,-1.43072,0.000169609,-0.194467,-1.4369,-0.00251988,0.00652676,-0.00843506,1.69332,0.000200004,5.15701e-10,6.07351e-07,5.15701e-10,0.0002,8.49825e-08,6.07351e-07,8.49825e-08,0.000199999
0.000648808,-0.197735,-1.43808,0.000132566,-0.19445,-1.43699,-0.00244256,0.0100585,0.00927258,1.68943,0.000200003,4.64161e-10,5.88192e-07,4.64161e-10,0.0002,7.75325e-08,5.88192e-07,7.75325e-08,0.000199999
0.000897576,-0.200579,-1.4419,0.000917028,-0.206504,-1.43233,-0.0021938,0.0072149,0.0054523,1.39344,0.000200003,4.35787e-10,5.51144e-07,4.35787e-10,0.0002,7.87021e-08,5.51144e-07,7.87021e-08,0.000199999
0.000997099,-0.202586,-1.44361,0.0009333,-0.206493,-1.43232,-0.00209427,0.0052075,0.00374486,1.39687,0.000200003,3.42015e-10,4.84859e-07,3.42015e-10,0.0002,6.34574e-08,4.84859e-07,6.34574e-08,0.000199999
0.00109751,-0.204061,-1.44373,0.000918407,-0.206498,-1.43233,-0.0017837,0.00862125,0.0164795,1.39344,0.000200002,2.80539e-10,4.21334e-07,2.80539e-10,0.0002,5.79047e-08,4.21334e-07,5.79047e-08,0.000199999
0.00124255,-0.205066,-1.44342,0.000933893,-0.206518,-1.43233,-0.00163866,0.00761674,0.0167937,1.40372,0.000200002,2.50496e-10,3.51963e-07,2.50496e-10,0.0002,6.45186e-08,3.51963e-07,6.45186e-08,0.000199999
0.00123081,-0.205731,-1.44306,0.000921439,-0.206497,-1.43233,-0.0016504,0.00695138,0.0171487,1.39344,0.000200001,1.79504e-10,2.86038e-07,1.79504e-10,0.0002,4.89326e-08,2.86038e-07,4.89326e-08,0.000199999
0.00122238,-0.206263,-1.44278,0.000928908,-0.206495,-1.43234,-0.00231959,0.0092112,0.0342491,1.40029,0.000200001,1.32469e-10,2.43844e-07,1.32469e-10,0.0002,3.89792e-08,2.43844e-07,3.89792e-08,0.0002
0.00164075,-0.208162,-1.44945,0.00333358,-0.214039,-1.4689,-0.00190122,0.00731249,0.0275758,0.834173,0.000200001,8.90385e-11,2.10938e-07,8.90385e-11,0.0002,2.50481e-08,2.10938e-07,2.50481e-08,0.0002
0.00191984,-0.209753,-1.45448,0.00333764,-0.214049,-1.46892,-0.00255147,0.00725245,0.0263653,0.837681,0.000200001,4.91522e-11,2.01236e-07,4.91522e-11,0.0002,6.87196e-09,2.01236e-07,6.87196e-09,0.0002
0.00226159,-0.211119,-1.45819,0.00334637,-0.214046,-1.46889,-0.00220973,0.00588678,0.0226567,0.834173,0.000200001,4.60345e-11,2.0993e-07,4.60345e-11,0.0002,1.37931e-08,2.0993e-07,1.37931e-08,0.0002
0.00243011,-0.212439,-1.46075,0.00334482,-0.214052,-1.46892,-0.0020412,0.00456714,0.0200986,0.837681,0.000200001,2.26372e-11,2.51628e-07,2.26372e-11,0.0002,1.47822e-09,2.51628e-07,1.47822e-09,0.0002
0.00265698,-0.21376,-1.4629,0.00334466,-0.214042,-1.4689,-0.0019195,0.004373,0.023131,0.834173,0.000200001,3.0709e-11,3.2116e-07,3.0709e-11,0.0002,8.26122e-09,3.2116e-07,8.26122e-09,0.0002
0.00305503,-0.215543,-1.46552,0.0039334,-0.216867,-1.47446,-0.00152146,0.00259041,0.0205086,0.942512,0.000200001,8.5004e-11,3.91282e-07,8.5004e-11,0.0002,2.87563e-08,3.91282e-07,2.87563e-08,0.0002
0.00338739,-0.217139,-1.46824,0.00392498,-0.216871,-1.47445,-0.000494587,0.00247421,0.0206809,0.942512,0.000200002,1.52397e-10,4.63318e-07,1.52397e-10,0.0002,4.40712e-08,4.63318e-07,4.40712e-08,0.000199999
0.00360305,-0.218572,-1.4701,0.00392957,-0.216876,-1.47444,-0.000278926,0.00104118,0.0188207,0.948661,0.000200002,1.92199e-10,5.34218e-07,1.92199e-10,0.0002,4.564e-08,5.34218e-07,4.564e-08,0.000199999
0.00375092,-0.219747,-1.47232,0.00390856,-0.216899,-1.47447,-0.000131062,-0.000133282,0.0166005,0.952145,0.000200003,2.0936e-10,5.83364e-07,2.0936e-10,0.0002,4.29362e-08,5.83364e-07,4.29362e-08,0.000199999
0.00393258,-0.220695,-1.47399,0.00390813,-0.216867,-1.47444,-0.000366375,0.00311582,0.0166941,0.941692,0.000200003,2.61203e-10,6.17244e-07,2.61203e-10,0.0002,5.11924e-08,6.17244e-07,5.11924e-08,0.000199999
0.0040029,-0.22131,-1.47521,0.00393052,-0.216859,-1.47443,-0.000296058,0.0025008,0.0154663,0.948661,0.000200003,2.4265e-10,6.1622e-07,2.4265e-10,0.0002,4.36687e-08,6.1622e-07,4.36687e-08,0.000199999
0.00396876,-0.22279,-1.47865,0.00369866,-0.222528,-1.48721,-0.000715508,0.00644153,0.0163221,1.09012,0.000200003,1.9735e-10,5.92179e-07,1.9735e-10,0.0002,3.29794e-08,5.92179e-07,3.29794e-08,0.000199999
0.0039508,-0.223865,-1.4815,0.00369798,-0.222521,-1.48723,-0.000733473,0.00536664,0.013468,1.09395,0.000200003,1.63987e-10,5.59555e-07,1.63987e-10,0.0002,2.7281e-08,5.59555e-07,2.7281e-08,0.000199999
0.00395129,-0.224658,-1.48369,0.00370268,-0.222513,-1.48725,-0.000732981,0.0045739,0.0112829,1.09012,0.000200003,1.44966e-10,5.28222e-07,1.44966e-10,0.0002,2.56349e-08,5.28222e-07,2.56349e-08,0.000199999
0.00399039,-0.225289,-1.48564,0.0036893,-0.222516,-1.48726,-0.000573802,0.00624184,0.0110854,1.09395,0.000200003,1.52539e-10,5.07607e-07,1.52539e-10,0.0002,3.09475e-08,5.07607e-07,3.09475e-08,0.000199999
0.003958,-0.22582,-1.48711,0.00368558,-0.222511,-1.48729,-0.000606196,0.00571104,0.00961697,1.09395,0.000200002,1.26383e-10,4.98686e-07,1.26383e-10,0.0002,2.41479e-08,4.98686e-07,2.41479e-08,0.000199999
0.00433154,-0.227566,-1.48724,0.0059285,-0.229523,-1.48414,-0.000752914,0.00707372,0.00835712,0.996077,0.000200002,7.92719e-11,4.79976e-07,7.92719e-11,0.0002,1.17219e-08,4.79976e-07,1.17219e-08,0.000199999
0.0046264,-0.228921,-1.48735,0.00592711,-0.229528,-1.48415,-0.000458052,0.00571855,0.00825242,0.996077,0.000200002,4.23745e-11,4.61218e-07,4.23745e-11,0.0002,3.18639e-09,4.61218e-07,3.18639e-09,0.000199999
0.0049064,-0.23,-1.48805,0.00593447,-0.229521,-1.48414,-0.000178052,0.00463929,0.00754813,0.996077,0.000200002,3.52893e-11,4.48653e-07,3.52893e-11,0.0002,4.372e-09,4.48653e-07,4.372e-09,0.000199999
0.00514534,-0.2308,-1.48934,0.0059299,-0.229529,-1.48414,0.000132913,0.00673284,0.0114605,0.996077,0.000200002,3.73637e-11,4.30165e-07,3.73637e-11,0.0002,7.45862e-09,4.30165e-07,7.45862e-09,0.000199999
0.00525501,-0.231488,-1.49162,0.00592907,-0.229524,-1.48416,0.000242579,0.00604476,0.00918373,0.996077,0.000200002,2.40444e-12,4.26183e-07,2.40444e-12,0.0002,-4.01929e-09,4.26183e-07,-4.01929e-09,0.000199999
0.00539105,-0.232123,-1.49427,0.00592792,-0.22954,-1.48417,0.000436707,0.00813023,0.00840343,0.992453,0.000200002,-4.64349e-12,4.36678e-07,-4.64349e-12,0.0002,-4.07012e-09,4.36678e-07,-4.07012e-09,0.000199999
0.00513351,-0.234655,-1.49962,0.00394944,-0.238713,-1.49672,0.000179172,0.00559841,0.00304676,1.13686,0.000200002,5.40611e-12,4.73703e-07,5.40611e-12,0.0002,8.65462e-10,4.73703e-07,8.65462e-10,0.000199999
0.00501232,-0.23672,-1.50391,0.00395271,-0.238733,-1.49675,5.79815e-05,0.00353251,-0.0012434,1.13866,0.000200002,5.8337e-11,5.03322e-07,5.8337e-11,0.0002,1.70112e-08,5.03322e-07,1.70112e-08,0.000199999
0.00495669,-0.238409,-1.50652,0.0039499,-0.238713,-1.49674,0.000232435,0.00472288,0.00572446,1.13325,0.000200002,1.27582e-10,5.28703e-07,1.27582e-10,0.0002,3.39072e-08,5.28703e-07,3.39072e-08,0.000199999
0.0049106,-0.239764,-1.50818,0.00395212,-0.238733,-1.49674,0.000186345,0.00336782,0.00405565,1.13866,0.000200003,1.82692e-10,5.44994e-07,1.82692e-10,0.0002,4.42899e-08,5.44994e-07,4.42899e-08,0.000199999
0.00486617,-0.240759,-1.50828,0.00395165,-0.238711,-1.49673,0.000183558,0.00646608,0.0147849,1.13686,0.000200003,2.17825e-10,5.41834e-07,2.17825e-10,0.0002,5.00995e-08,5.41834e-07,5.00995e-08,0.000199999
0.0047513,-0.2429,-1.51145,0.00438867,-0.245919,-1.51689,6.86818e-05,0.00432447,0.0116133,1.06172,0.000200003,1.53045e-10,5.24248e-07,1.53045e-10,0.0002,2.92127e-08,5.24248e-07,2.92127e-08,0.000199999
0.0046839,-0.244671,-1.51347,0.00439708,-0.245897,-1.5169,1.28741e-06,0.00255346,0.00959158,1.06878,0.000200003,1.15484e-10,5.2298e-07,1.15484e-10,0.0002,1.93884e-08,5.2298e-07,1.93884e-08,0.000199999
0.00461144,-0.246154,-1.5154,0.00439787,-0.245901,-1.5169,-0.000669752,0.00486853,0.0263025,1.06878,0.000200003,7.57834e-11,5.32554e-07,7.57834e-11,0.0002,9.82027e-09,5.32554e-07,9.82027e-09,0.000199999
0.00462162,-0.247445,-1.51704,0.00439699,-0.245912,-1.51689,-0.000659574,0.00357772,0.0246583,1.06172,0.000200003,8.42192e-11,5.55119e-07,8.42192e-11,0.0002,1.43984e-08,5.55119e-07,1.43984e-08,0.000199999
0.00456391,-0.248548,-1.51868,0.00437454,-0.245931,-1.51697,-0.000659132,0.00436254,0.0284758,1.06515,0.000200003,5.58335e-11,5.803e-07,5.58335e-11,0.0002,7.2239e-09,5.803e-07,7.2239e-09,0.000199999
0.00454323,-0.249496,-1.52052,0.00438347,-0.245941,-1.51697,-0.000679809,0.00341498,0.0266448,1.06172,0.000200003,4.62787e-11,6.06441e-07,4.62787e-11,0.0002,6.02038e-09,6.06441e-07,6.02038e-09,0.000199999
0.0046879,-0.252083,-1.52541,0.0051307,-0.254772,-1.53466,-0.000441188,0.00496444,0.0260967,1.30357,0.000200004,5.42391e-11,6.33209e-07,5.42391e-11,0.0002,8.73645e-09,6.33209e-07,8.73645e-09,0.000199999
0.00481216,-0.254198,-1.52913,0.00518743,-0.254787,-1.53468,-0.000316923,0.00284918,0.0223814,1.30762,0.000200004,5.85438e-11,6.5716e-07,5.85438e-11,0.0002,9.63058e-09,6.5716e-07,9.63058e-09,0.000199999
0.00494597,-0.255888,-1.53168,0.00516586,-0.254783,-1.53466,-0.000183114,0.0011595,0.0198264,1.30762,0.000200004,8.86764e-11,6.72229e-07,8.86764e-11,0.0002,1.61986e-08,6.72229e-07,1.61986e-08,0.000199999
0.00501947,-0.257047,-1.53342,0.00515447,-0.25477,-1.53466,-4.99008e-05,0.00499068,0.0242924,1.30024,0.000200004,8.73212e-11,6.51414e-07,8.73212e-11,0.0002,1.53017e-08,6.51414e-07,1.53017e-08,0.000199999
0.00500265,-0.257827,-1.53469,0.00512968,-0.25477,-1.53462,-6.67202e-05,0.00421005,0.0230179,1.30461,0.000200004,3.73396e-11,6.14661e-07,3.73396e-11,0.0002,3.30984e-09,6.14661e-07,3.30984e-09,0.000199999
0.00503489,-0.258327,-1.53511,0.00517529,-0.25479,-1.53469,-0.000246211,0.00770845,0.0176347,1.30799,0.000200003,2.34238e-11,5.70487e-07,2.34238e-11,0.0002,1.61243e-09,5.70487e-07,1.61243e-09,0.000199999
0.00482867,-0.260643,-1.53767,0.00437478,-0.264681,-1.54532,-0.000452423,0.00539233,0.0150738,1.42755,0.000200003,-2.3349e-11,5.32369e-07,-2.3349e-11,0.0002,-1.01316e-08,5.32369e-07,-1.01316e-08,0.000199999
0.00474668,-0.262453,-1.53951,0.00437762,-0.264691,-1.54532,-0.000534417,0.00358281,0.0132327,1.43128,0.000200003,-1.29605e-11,5.00699e-07,-1.29605e-11,0.0002,-4.64936e-09,5.00699e-07,-4.64936e-09,0.000199999
0.00467784,-0.263857,-1.54119,0.0043713,-0.264688,-1.54532,-0.000473741,0.00590046,0.015622,1.42914,0.000200002,-6.08342e-12,4.73631e-07,-6.08342e-12,0.0002,-1.68525e-09,4.73631e-07,-1.68525e-09,0.000199999
0.00466709,-0.265023,-1.54253,0.00437788,-0.264691,-1.54532,-0.000484488,0.00473507,0.0142782,1.43128,0.000200002,1.97904e-11,4.62916e-07,1.97904e-11,0.0002,6.95532e-09,4.62916e-07,6.95532e-09,0.000199999
0.00465799,-0.265956,-1.54361,0.0043789,-0.264694,-1.54532,-0.000493587,0.00380196,0.0132033,1.43128,0.000200002,3.90881e-11,4.56069e-07,3.90881e-11,0.0002,1.22705e-08,4.56069e-07,1.22705e-08,0.000199999
0.00457568,-0.268252,-1.54641,0.00402273,-0.272442,-1.55296,-0.000471301,0.00500853,0.0176201,1.36021,0.000200002,5.28112e-11,4.51699e-07,5.28112e-11,0.0002,1.54178e-08,4.51699e-07,1.54178e-08,0.000199999
0.00452853,-0.27011,-1.54876,0.00401473,-0.272442,-1.55298,-0.00051845,0.00315073,0.0152715,1.36021,0.000200002,7.21904e-11,4.52248e-07,7.21904e-11,0.0002,2.04444e-08,4.52248e-07,2.04444e-08,0.000199999
0.00447023,-0.271659,-1.55074,0.00401764,-0.272437,-1.55298,-0.000576755,0.00160104,0.0132879,1.36021,0.000200002,7.75681e-11,4.62903e-07,7.75681e-11,0.0002,2.00648e-08,4.62903e-07,2.00648e-08,0.000199999
0.00443794,-0.272963,-1.55201,0.00398375,-0.272437,-1.55295,-0.000741883,0.00380395,0.0123786,1.35645,0.000200002,9.28009e-11,4.79877e-07,9.28009e-11,0.0002,2.31421e-08,4.79877e-07,2.31421e-08,0.000199999
0.0043747,-0.274013,-1.55283,0.00401437,-0.272471,-1.55298,-0.000805117,0.00275375,0.0115633,1.35837,0.000200002,8.22276e-11,4.90873e-07,8.22276e-11,0.0002,1.81203e-08,4.90873e-07,1.81203e-08,0.000199999
0.00425893,-0.274788,-1.55317,0.00401683,-0.272458,-1.55297,-0.000920885,0.0019788,0.0112234,1.36349,0.000200002,3.83776e-11,4.87883e-07,3.83776e-11,0.0002,4.4399e-09,4.87883e-07,4.4399e-09,0.000199999
0.00457273,-0.276398,-1.55355,0.00572453,-0.276885,-1.55406,-0.00104479,0.00360374,0.0138977,1.13896,0.000200002,3.79296e-11,5.02804e-07,3.79296e-11,0.0002,6.15202e-09,5.02804e-07,6.15202e-09,0.000199999
0.00477944,-0.277648,-1.55366,0.00572123,-0.276902,-1.55407,-0.000838079,0.00235378,0.0137948,1.13896,0.000200002,1.53736e-11,5.05666e-07,1.53736e-11,0.0002,3.00495e-10,5.05666e-07,3.00495e-10,0.000199999
0.00492541,-0.278669,-1.55342,0.00572998,-0.276897,-1.55403,-0.00105011,0.0043023,0.0153612,1.13896,0.000200002,-1.32317e-11,5.10961e-07,-1.32317e-11,0.0002,-6.73523e-09,5.10961e-07,-6.73523e-09,0.000199999
0.00510603,-0.279381,-1.55292,0.00573946,-0.276914,-1.55401,-0.000869498,0.00358975,0.0158651,1.14278,0.000200002,-1.44103e-12,4.97155e-07,-1.44103e-12,0.0002,-1.22154e-09,4.97155e-07,-1.22154e-09,0.000199999
0.00525115,-0.279865,-1.5521,0.00574982,-0.276909,-1.55401,-0.000417591,0.00727055,0.0192616,1.14278,0.000200002,7.93691e-12,4.74705e-07,7.93691e-12,0.0002,2.21998e-09,4.74705e-07,2.21998e-09,0.000199999
0.00513791,-0.282189,-1.55139,0.00449831,-0.286914,-1.55323,-0.000530827,0.00494668,0.0199657,1.53845,0.000200002,2.45382e-11,4.50059e-07,2.45382e-11,0.0002,7.73003e-09,4.50059e-07,7.73003e-09,0.000199999
0.0050077,-0.284089,-1.55104,0.00450639,-0.286902,-1.55322,-0.000661037,0.00304657,0.0203243,1.53845,0.000200002,1.8049e-11,4.41227e-07,1.8049e-11,0.0002,4.65446e-09,4.41227e-07,4.65446e-09,0.000199999
0.00488223,-0.28559,-1.55106,0.0045064,-0.286911,-1.55324,-0.000808604,0.00459375,0.0187078,1.55008,0.000200002,2.73833e-12,4.3224e-07,2.73833e-12,0.0002,-7.90119e-10,4.3224e-07,-7.90119e-10,0.000199999
0.00485201,-0.286826,-1.55161,0.0045349,-0.286986,-1.55329,-0.000838818,0.00335804,0.0181578,1.56946,0.000200002,1.94806e-11,4.29689e-07,1.94806e-11,0.0002,5.89933e-09,4.29689e-07,5.89933e-09,0.000199999
0.00480145,-0.287862,-1.55235,0.00450364,-0.286904,-1.55321,-0.000772734,0.00364911,0.0149542,1.54146,0.000200002,2.39879e-11,4.38334e-07,2.39879e-11,0.0002,6.82475e-09,4.38334e-07,6.82475e-09,0.000199999
0.00480286,-0.288648,-1.55314,0.00450581,-0.286903,-1.55322,-0.000771318,0.00286345,0.0141577,1.53845,0.000200002,4.57526e-11,4.36944e-07,4.57526e-11,0.0002,1.39403e-08,4.36944e-07,1.39403e-08,0.000199999
0.00462032,-0.290366,-1.55334,0.0039005,-0.292237,-1.55052,-0.000953862,0.00114563,0.0139569,1.41818,0.000200002,3.34416e-11,4.39637e-07,3.34416e-11,0.0002,8.19776e-09,4.39637e-07,8.19776e-09,0.000199999
0.00451599,-0.291781,-1.5533,0.0038936,-0.292234,-1.55051,-0.0005026,0.00452991,0.0102852,1.41417,0.000200002,4.35425e-11,4.48052e-07,4.35425e-11,0.0002,1.1452e-08,4.48052e-07,1.1452e-08,0.000199999
0.00443536,-0.292916,-1.55284,0.00390869,-0.292247,-1.55051,-0.000583233,0.00339493,0.0107383,1.41818,0.000200002,5.20031e-11,4.53434e-07,5.20031e-11,0.0002,1.3629e-08,4.53434e-07,1.3629e-08,0.000199999
0.00435262,-0.293887,-1.55238,0.00391699,-0.292241,-1.55053,-0.00119734,0.00385693,0.0114703,1.42621,0.000200002,4.99872e-11,4.67144e-07,4.99872e-11,0.0002,1.18999e-08,4.67144e-07,1.18999e-08,0.000199999
0.00425968,-0.294599,-1.55211,0.00389364,-0.292234,-1.55051,-0.00129027,0.00314503,0.0117406,1.41417,0.000200002,3.64021e-11,4.65771e-07,3.64021e-11,0.0002,7.26255e-09,4.65771e-07,7.26255e-09,0.000199999
0.00433936,-0.296891,-1.55184,0.00465743,-0.300423,-1.5513,-0.0012106,0.000852613,0.0120071,1.57304,0.000200002,2.70403e-11,4.78504e-07,2.70403e-11,0.0002,4.63907e-09,4.78504e-07,4.63907e-09,0.000199999
0.00438106,-0.298618,-1.55173,0.00466246,-0.300416,-1.55128,-0.00133908,0.00251671,0.0175591,1.56904,0.000200002,7.9198e-12,4.69703e-07,7.9198e-12,0.0002,-7.40495e-10,4.69703e-07,-7.40495e-10,0.000199999
0.00452147,-0.300106,-1.55154,0.00465585,-0.300431,-1.55127,-0.00119867,0.00102812,0.017755,1.56104,0.000200002,4.78163e-11,4.80759e-07,4.78163e-11,0.0002,1.31964e-08,4.80759e-07,1.31964e-08,0.000199999
0.00454965,-0.301259,-1.55179,0.00466268,-0.300442,-1.55127,-0.000989048,0.00364249,0.015377,1.56504,0.000200002,3.65746e-11,4.8129e-07,3.65746e-11,0.0002,8.31854e-09,4.8129e-07,8.31854e-09,0.000199999
0.00457013,-0.302138,-1.55241,0.00465594,-0.300441,-1.55127,-0.000968574,0.00276341,0.0147573,1.56104,0.000200002,2.59859e-11,4.74825e-07,2.59859e-11,0.0002,4.93888e-09,4.74825e-07,4.93888e-09,0.000199999
0.00456481,-0.302777,-1.55239,0.00466309,-0.300437,-1.55129,-0.000973892,0.00212439,0.0147755,1.56904,0.000200002,6.68634e-12,4.6054e-07,6.68634e-12,0.0002,-8.07414e-10,4.6054e-07,-8.07414e-10,0.000199999
0.00453527,-0.304675,-1.55287,0.00443833,-0.307269,-1.55529,-0.00102162,0.00339142,0.0135004,1.67464,0.000200002,2.61766e-12,4.54739e-07,2.61766e-12,0.0002,-9.55521e-10,4.54739e-07,-9.55521e-10,0.000199999
0.00452754,-0.306154,-1.55327,0.00452306,-0.307283,-1.55538,-0.00102935,0.00191246,0.0131018,1.67465,0.000200002,-5.75982e-13,4.44221e-07,-5.75982e-13,0.0002,-1.24922e-09,4.44221e-07,-1.24922e-09,0.000199999
0.00454303,-0.307317,-1.55389,0.00452695,-0.307288,-1.55536,-0.000931736,0.00399699,0.015776,1.67465,0.000200002,6.49535e-12,4.34027e-07,6.49535e-12,0.0002,1.78639e-09,4.34027e-07,1.78639e-09,0.000199999
0.00453716,-0.308243,-1.55438,0.00443702,-0.30727,-1.55528,-0.000937604,0.0030705,0.0152908,1.67464,0.000200002,1.18753e-11,4.27505e-07,1.18753e-11,0.0002,3.63548e-09,4.27505e-07,3.63548e-09,0.000199999
0.00458109,-0.308942,-1.55477,0.00447212,-0.307275,-1.55529,-0.000441771,0.00558068,0.0149323,1.67464,0.000200002,3.38952e-11,4.16416e-07,3.38952e-11,0.0002,1.14421e-08,4.16416e-07,1.14421e-08,0.000199999
0.00459615,-0.309565,-1.55518,0.00447363,-0.307271,-1.55529,-0.000426706,0.0049582,0.014518,1.67464,0.000200002,4.25755e-11,4.19586e-07,4.25755e-11,0.0002,1.31212e-08,4.19586e-07,1.31212e-08,0.000199999
0.00441907,-0.311491,-1.55618,0.0035329,-0.314201,-1.55864,-0.000603794,0.00303162,0.0135164,1.57904,0.000200002,4.96557e-11,4.28423e-07,4.96557e-11,0.0002,1.42359e-08,4.28423e-07,1.42359e-08,0.000199999
0.00427599,-0.312989,-1.55719,0.00353128,-0.314197,-1.55864,-0.00078171,0.00285324,0.0150271,1.57904,0.000200002,5.33497e-11,4.27279e-07,5.33497e-11,0.0002,1.46528e-08,4.27279e-07,1.46528e-08,0.000199999
0.00418296,-0.314296,-1.55811,0.00352736,-0.314208,-1.55866,-0.000874736,0.00154663,0.0141129,1.57904,0.000200002,6.75679e-11,4.43526e-07,6.75679e-11,0.0002,1.83666e-08,4.43526e-07,1.83666e-08,0.000199999
0.00406318,-0.315256,-1.55863,0.00352205,-0.314206,-1.55867,-0.000994523,0.000586094,0.013587,1.57904,0.000200002,5.66554e-11,4.404e-07,5.66554e-11,0.0002,1.36601e-08,4.404e-07,1.36601e-08,0.000199999
0.00394417,-0.315919,-1.55937,0.00351966,-0.31421,-1.55867,-0.00134407,0.00314658,0.00771453,1.57487,0.000200002,3.6119e-11,4.21423e-07,3.6119e-11,0.0002,6.91008e-09,4.21423e-07,6.91008e-09,0.000199999
0.00302454,-0.318065,-1.56141,-0.000995441,-0.323569,-1.56698,-0.0022637,0.0010004,0.00567184,2.12332,0.000200001,5.17344e-11,3.68293e-07,5.17344e-11,0.0002,1.56963e-08,3.68293e-07,1.56963e-08,0.000199999
0.00230733,-0.319537,-1.56293,-0.000997368,-0.323514,-1.56696,-0.00268944,0.0027696,0.00783687,2.12332,0.000200001,6.1758e-11,2.96845e-07,6.1758e-11,0.0002,2.4202e-08,2.96845e-07,2.4202e-08,0.0002
0.00166978,-0.320579,-1.56405,-0.000991837,-0.323577,-1.56696,-0.00332699,0.00172773,0.00672106,2.12332,0.000200001,4.51457e-11,2.27391e-07,4.51457e-11,0.0002,1.91724e-08,2.27391e-07,1.91724e-08,0.0002
0.00109199,-0.32129,-1.56484,-0.00100856,-0.323494,-1.56698,-0.00419998,0.00354912,0.00273826,2.11932,0.0002,2.10385e-11,1.65994e-07,2.10385e-11,0.0002,5.5962e-09,1.65994e-07,5.5962e-09,0.0002
0.000629799,-0.321778,-1.56527,-0.00100631,-0.323517,-1.56698,-0.00466217,0.00306098,0.0023113,2.11932,0.0002,8.12875e-12,1.13084e-07,8.12875e-12,0.0002,-3.18456e-09,1.13084e-07,-3.18456e-09,0.0002
0.000301197,-0.322176,-1.56581,-0.00101382,-0.323553,-1.56696,-0.00499077,0.00266347,0.00176557,2.11932,0.0002,5.31438e-12,7.91802e-08,5.31438e-12,0.0002,-2.00226e-09,7.91802e-08,-2.00226e-09,0.0002
0.0009873,-0.323118,-1.56495,0.00319683,-0.32657,-1.56095,-0.00430467,0.00172145,0.00263474,1.46489,0.0002,1.0207e-11,6.08028e-08,1.0207e-11,0.0002,1.57848e-08,6.08028e-08,1.57848e-08,0.0002
0.00159563,-0.323978,-1.56413,0.00317182,-0.326576,-1.56089,-0.00369633,0.000860853,0.00344559,1.46228,0.0002,1.96937e-11,6.59811e-08,1.96937e-11,0.0002,3.74883e-08,6.59811e-08,3.74883e-08,0.0002
0.00214764,-0.324731,-1.56359,0.00317665,-0.326583,-1.5609,-0.00332106,0.00147445,0.00353914,1.45296,0.0002,3.68325e-11,7.94199e-08,3.68325e-11,0.0002,6.16735e-08,7.94199e-08,6.16735e-08,0.0002
0.00255323,-0.325289,-1.56295,0.00321049,-0.326571,-1.56093,-0.00291547,0.000916661,0.0041754,1.46489,0.0002,4.53891e-11,8.12337e-08,4.53891e-11,0.0002,7.03254e-08,8.12337e-08,7.03254e-08,0.0002
0.00334569,-0.325776,-1.56265,0.00320845,-0.326583,-1.56089,-0.00212301,0.000429421,0.00448512,1.45442,0.0002,9.84603e-11,8.86121e-08,9.84603e-11,0.0002,1.50799e-07,8.86121e-08,1.50799e-07,0.0002
0.0047396,-0.32626,-1.56245,0.00360165,-0.326875,-1.55907,-0.000729102,-5.45437e-05,0.00468272,1.37516,0.0002,2.23176e-10,9.93455e-08,2.23176e-10,0.000200001,3.11251e-07,9.93455e-08,3.11251e-07,0.0002
0.00610928,-0.32665,-1.5625,0.00359777,-0.326902,-1.55906,0.000640579,-0.000444019,0.00463506,1.377,0.0002,3.60011e-10,1.05924e-07,3.60011e-10,0.000200001,4.54776e-07,1.05924e-07,4.54776e-07,0.0002
0.00726862,-0.326981,-1.56223,0.0035959,-0.326897,-1.5591,0.00179992,-0.000775361,0.00490049,1.37931,0.0002,4.90577e-10,1.13371e-07,4.90577e-10,0.000200002,5.56882e-07,1.13371e-07,5.56882e-07,0.000199999
0.00810856,-0.327114,-1.56202,0.00358919,-0.326871,-1.55909,0.00174472,0.00038367,0.013245,1.37101,0.0002,5.02285e-10,9.77559e-08,5.02285e-10,0.000200003,6.08464e-07,9.77559e-08,6.08464e-07,0.000199999
0.0088666,-0.327219,-1.56247,0.00359399,-0.326874,-1.5591,0.00250276,0.000278684,0.0127931,1.37516,0.0002,5.0858e-10,8.78021e-08,5.0858e-10,0.000200003,6.55074e-07,8.78021e-08,6.55074e-07,0.000199999
0.00964561,-0.327391,-1.56387,0.00360191,-0.326901,-1.55911,0.00328177,0.000106496,0.0113947,1.37931,0.0002,5.87076e-10,9.53523e-08,5.87076e-10,0.000200004,7.12164e-07,9.53523e-08,7.12164e-07,0.000199999
0.010794,-0.327975,-1.56663,0.00611932,-0.329038,-1.5575,0.00443017,-0.000478092,0.00862848,1.4131,0.0002,6.75149e-10,1.04711e-07,6.75149e-10,0.000200005,7.51957e-07,1.04711e-07,7.51957e-07,0.000199998
0.0117343,-0.328509,-1.56979,0.00611979,-0.32904,-1.55756,0.00537046,-0.00101163,0.00547214,1.42143,0.0002,8.05546e-10,1.22081e-07,8.05546e-10,0.000200005,7.80632e-07,1.22081e-07,7.80632e-07,0.000199998
0.0125027,-0.329,-1.57346,0.00609412,-0.329033,-1.55761,0.00184795,0.00126397,-0.00401006,1.42143,0.0002,9.72758e-10,1.448e-07,9.72758e-10,0.000200006,8.02064e-07,1.448e-07,8.02064e-07,0.000199998
0.0130926,-0.329289,-1.5763,0.00608006,-0.329026,-1.55764,0.00243783,0.000974925,-0.00685046,1.42143,0.0002,1.01516e-09,1.43361e-07,1.01516e-09,0.000200006,8.12312e-07,1.43361e-07,8.12312e-07,0.000199998
0.0136917,-0.32944,-1.57857,0.00607957,-0.329034,-1.55764,0.00303692,0.000824244,-0.00912347,1.42143,0.0002,9.92782e-10,1.29943e-07,9.92782e-10,0.000200006,8.3932e-07,1.29943e-07,8.3932e-07,0.000199998
0.0154704,-0.330141,-1.58579,0.0118484,-0.331928,-1.58202,0.00481567,0.000122602,-0.0163365,1.78948,0.0002,9.75418e-10,1.19264e-07,9.75418e-10,0.000200007,8.80366e-07,1.19264e-07,8.80366e-07,0.000199998
0.0170035,-0.330676,-1.59084,0.0118701,-0.331847,-1.58208,0.00634877,-0.000412417,-0.0213931,1.80245,0.0002,9.6444e-10,1.11569e-07,9.6444e-10,0.000200007,9.23488e-07,1.11569e-07,9.23488e-07,0.000199997
0.0181622,-0.331092,-1.59457,0.0118512,-0.331865,-1.58203,-0.00228272,0.00321717,0.00551104,1.79764,0.0002,9.33643e-10,1.04648e-07,9.33643e-10,0.000200008,9.40802e-07,1.04648e-07,9.40802e-07,0.000199997
0.0191556,-0.331494,-1.59725,0.0118733,-0.331859,-1.58208,-0.00128932,0.00281578,0.00283114,1.7984,0.0002,9.88684e-10,1.119e-07,9.88684e-10,0.000200008,9.61666e-07,1.119e-07,9.61666e-07,0.000199997
0.0199274,-0.331717,-1.59783,0.0118555,-0.331878,-1.58204,-0.000517486,0.00259268,0.00224982,1.78948,0.0002,9.24401e-10,9.96932e-08,9.24401e-10,0.000200009,9.7211e-07,9.96932e-08,9.7211e-07,0.000199997
0.0205456,-0.331768,-1.59705,0.0118453,-0.331869,-1.58204,0.00010065,0.00254153,0.00302678,1.79764,0.0002,7.38649e-10,7.11236e-08,7.38649e-10,0.000200009,9.79434e-07,7.11236e-08,9.79434e-07,0.000199997
0.0243466,-0.333005,-1.59944,0.0277296,-0.338388,-1.59914,0.00390166,0.00130473,0.00063716,1.41028,0.0002,4.64535e-10,3.25514e-08,4.64535e-10,0.000200009,1.00513e-06,3.25514e-08,1.00513e-06,0.000199997
0.0273561,-0.333784,-1.60136,0.0277546,-0.338389,-1.59915,0.00691116,0.000525632,-0.00127719,1.41775,0.0002,2.28744e-11,-2.54589e-08,2.28744e-11,0.000200009,1.01586e-06,-2.54589e-08,1.01586e-06,0.000199997
0.0297208,-0.334285,-1.60268,0.0277322,-0.338407,-1.59913,-0.00120247,0.00299727,0.0354242,1.41028,0.0002,-4.53708e-10,-8.26001e-08,-4.53708e-10,0.000200009,1.01666e-06,-8.26001e-08,1.01666e-06,0.000199997
0.0315753,-0.334639,-1.6031,0.0277497,-0.338386,-1.59908,-0.00483829,0.00292258,0.04561,1.41449,0.0002,-8.57341e-10,-1.26001e-07,-8.57341e-10,0.000200009,1.01064e-06,-1.26001e-07,1.01064e-06,0.000199996
0.0330398,-0.334817,-1.60333,0.0277439,-0.338383,-1.59906,-0.00337382,0.00274545,0.0453802,1.41028,0.0002,-1.26651e-09,-1.70792e-07,-1.26651e-09,0.000200009,1.00398e-06,-1.70792e-07,1.00398e-06,0.000199996
0.0342011,-0.33464,-1.60403,0.0277497,-0.338392,-1.59906,-0.00221246,0.00292198,0.0446781,1.40608,0.0002,-1.90132e-09,-2.50282e-07,-1.90132e-09,0.000200009,9.98149e-07,-2.50282e-07,9.98149e-07,0.000199996
0.0371969,-0.33461,-1.61249,0.0373026,-0.338198,-1.637,0.000783335,0.00295186,0.0362167,1.43976,0.000200001,-2.30708e-09,-2.82914e-07,-2.30708e-09,0.00020001,1.01778e-06,-2.82914e-07,1.01778e-06,0.000199996
0.039621,-0.334534,-1.61937,0.0372971,-0.338191,-1.63702,0.00320742,0.00302825,0.0293414,1.44279,0.000200001,-2.66518e-09,-3.10587e-07,-2.66518e-09,0.00020001,1.03523e-06,-3.10587e-07,1.03523e-06,0.000199996
0.041524,-0.334481,-1.62528,0.0373111,-0.338198,-1.637,-0.0064799,0.00319967,0.0310611,1.44279,0.000200001,-2.90166e-09,-3.25807e-07,-2.90166e-09,0.00020001,1.04054e-06,-3.25807e-07,1.04054e-06,0.000199996
0.0430595,-0.334641,-1.6299,0.0373091,-0.33821,-1.63698,-0.00494446,0.00303928,0.0264407,1.43976,0.000200001,-2.84993e-09,-3.02586e-07,-2.84993e-09,0.00020001,1.04632e-06,-3.02586e-07,1.04632e-06,0.000199996
0.0442941,-0.33473,-1.6338,0.037322,-0.338195,-1.63695,-0.00370982,0.00295057,0.022544,1.43954,0.000200001,-2.82919e-09,-2.92661e-07,-2.82919e-09,0.00020001,1.05089e-06,-2.92661e-07,1.05089e-06,0.000199996
0.0474082,-0.334826,-1.6388,0.0487304,-0.339154,-1.64535,-0.000595695,0.00285479,0.0175355,1.46517,0.000200001,-2.94459e-09,-3.13696e-07,-2.94459e-09,0.00020001,1.02886e-06,-3.13696e-07,1.02886e-06,0.000199996
0.0497823,-0.334496,-1.6425,0.0487358,-0.339157,-1.64535,0.00177839,0.00318461,0.0138408,1.46517,0.000200001,-3.41247e-09,-3.917e-07,-3.41247e-09,0.000200009,9.96172e-07,-3.917e-07,9.96172e-07,0.000199996
0.0515301,-0.334012,-1.64483,0.0487343,-0.339156,-1.64534,-0.00265204,0.00460837,0.024068,1.46517,0.000200002,-3.91025e-09,-4.76586e-07,-3.91025e-09,0.000200009,9.51165e-07,-4.76586e-07,9.51165e-07,0.000199996
0.0528322,-0.333529,-1.64618,0.0487322,-0.339229,-1.64532,-0.00135001,0.00509162,0.0227238,1.46517,0.000200002,-4.31781e-09,-5.48637e-07,-4.31781e-09,0.000200008,9.07059e-07,-5.48637e-07,9.07059e-07,0.000199996
0.0538296,-0.33318,-1.64725,0.0487331,-0.339213,-1.64533,-0.000352605,0.00544082,0.0216487,1.47313,0.000200003,-4.53571e-09,-5.88085e-07,-4.53571e-09,0.000200008,8.71849e-07,-5.88085e-07,8.71849e-07,0.000199996
0.0546362,-0.332806,-1.64811,0.0487399,-0.339159,-1.64534,0.000454003,0.00581466,0.0207858,1.46917,0.000200003,-4.75999e-09,-6.26589e-07,-4.75999e-09,0.000200007,8.5063e-07,-6.26589e-07,8.5063e-07,0.000199996
0.0566729,-0.332539,-1.65183,0.0555194,-0.339337,-1.66306,0.00249077,0.00608135,0.0170654,1.5074,0.000200004,-4.95094e-09,-6.54295e-07,-4.95094e-09,0.000200007,8.40763e-07,-6.54295e-07,8.40763e-07,0.000199996
0.0582628,-0.332364,-1.6546,0.0555323,-0.339314,-1.66305,-0.00220554,0.00415004,0.0208104,1.4993,0.000200004,-5.02044e-09,-6.64771e-07,-5.02044e-09,0.000200007,8.27984e-07,-6.64771e-07,8.27984e-07,0.000199996
0.059468,-0.332283,-1.65733,0.0555335,-0.339307,-1.66306,-0.00100038,0.00423121,0.0180797,1.4993,0.000200004,-4.96465e-09,-6.6118e-07,-4.96465e-09,0.000200006,8.09602e-07,-6.6118e-07,8.09602e-07,0.000199996
0.0604091,-0.332241,-1.65962,0.0555234,-0.339313,-1.66306,-5.92085e-05,0.00427323,0.0157921,1.49525,0.000200004,-4.88093e-09,-6.5499e-07,-4.88093e-09,0.000200006,7.94823e-07,-6.5499e-07,7.94823e-07,0.000199996
0.0612379,-0.332109,-1.66113,0.055527,-0.339308,-1.66304,0.000769535,0.00440573,0.0142771,1.49525,0.000200004,-4.94628e-09,-6.66534e-07,-4.94628e-09,0.000200006,7.97499e-07,-6.66534e-07,7.97499e-07,0.000199996
0.0632845,-0.330892,-1.66258,0.0621003,-0.333813,-1.66578,-0.000819777,0.00295941,0.0115889,1.48715,0.000200004,-5.05821e-09,-6.76057e-07,-5.05821e-09,0.000200006,8.09968e-07,-6.76057e-07,8.09968e-07,0.000199996
0.0648958,-0.329939,-1.66342,0.0620786,-0.333809,-1.66575,-0.00307383,0.000428414,0.00956655,1.48715,0.000200004,-5.11315e-09,-6.78759e-07,-5.11315e-09,0.000200006,8.1451e-07,-6.78759e-07,8.1451e-07,0.000199996
0.0661209,-0.329238,-1.664,0.062102,-0.333818,-1.66577,-0.00184874,0.00113023,0.00899344,1.49123,0.000200004,-5.05491e-09,-6.71056e-07,-5.05491e-09,0.000200006,8.06481e-07,-6.71056e-07,8.06481e-07,0.000199996
0.0672165,-0.328579,-1.66435,0.0620979,-0.333807,-1.66576,-0.000753133,0.00178917,0.00864013,1.48715,0.000200004,-5.16982e-09,-6.81358e-07,-5.16982e-09,0.000200006,8.19973e-07,-6.81358e-07,8.19973e-07,0.000199996
0.068145,-0.327973,-1.66484,0.0621058,-0.333817,-1.66576,0.000175401,0.00239486,0.00814957,1.49123,0.000200004,-5.36877e-09,-7.00681e-07,-5.36877e-09,0.000200006,8.36814e-07,-7.00681e-07,8.36814e-07,0.000199996
0.0688666,-0.327509,-1.66493,0.0621118,-0.333818,-1.66578,0.000897016,0.00285918,0.00806522,1.49532,0.000200005,-5.49159e-09,-7.09946e-07,-5.49159e-09,0.000200007,8.43911e-07,-7.09946e-07,8.43911e-07,0.000199996
0.0711976,-0.325306,-1.6644,0.0708906,-0.324675,-1.66284,0.00322803,0.0050617,0.0085874,1.5696,0.000200005,-5.58339e-09,-7.1585e-07,-5.58339e-09,0.000200007,8.48475e-07,-7.1585e-07,8.48475e-07,0.000199996
0.0731006,-0.32353,-1.66386,0.0709676,-0.324704,-1.66275,-0.00365216,-0.00198075,0.00883545,1.5696,0.000200005,-5.68564e-09,-7.229e-07,-5.68564e-09,0.000200007,8.54931e-07,-7.229e-07,8.54931e-07,0.000199996
0.0746462,-0.322088,-1.66334,0.0709703,-0.324693,-1.66278,-0.00210651,-0.000538199,0.00936331,1.5696,0.000200005,-5.79745e-09,-7.30693e-07,-5.79745e-09,0.000200007,8.62589e-07,-7.30693e-07,8.62589e-07,0.000199996
0.0760198,-0.32082,-1.66312,0.0709648,-0.324705,-1.66276,-0.000732922,0.000729688,0.00958241,1.5696,0.000200005,-6.09679e-09,-7.54214e-07,-6.09679e-09,0.000200007,8.89634e-07,-7.54214e-07,8.89634e-07,0.000199996
0.0771395,-0.319828,-1.66284,0.0709736,-0.3247,-1.66277,0.000386793,0.00172182,0.00985941,1.5696,0.000200005,-6.32706e-09,-7.65682e-07,-6.32706e-09,0.000200008,9.09918e-07,-7.65682e-07,9.09918e-07,0.000199995
0.0802771,-0.316304,-1.66133,0.0825384,-0.310775,-1.65997,0.00352436,0.00524496,0.0113685,1.19891,0.000200005,-6.39091e-09,-7.64182e-07,-6.39091e-09,0.000200008,9.1147e-07,-7.64182e-07,9.1147e-07,0.000199995
0.0827189,-0.313547,-1.66023,0.0825512,-0.3108,-1.65999,0.00596615,0.00800251,0.012468,1.19891,0.000200005,-6.32213e-09,-7.5442e-07,-6.32213e-09,0.000200008,9.01004e-07,-7.5442e-07,9.01004e-07,0.000199995
0.0846894,-0.311401,-1.65946,0.0825646,-0.310783,-1.65998,-0.00275242,-0.00122478,0.0100547,1.20289,0.000200005,-6.21317e-09,-7.3801e-07,-6.21317e-09,0.000200008,8.96535e-07,-7.3801e-07,8.96535e-07,0.000199995
0.0862021,-0.309739,-1.65894,0.0825961,-0.310769,-1.65998,-0.00361999,-0.00200238,0.0107333,1.19492,0.000200005,-6.01973e-09,-7.18441e-07,-6.01973e-09,0.000200007,8.82444e-07,-7.18441e-07,8.82444e-07,0.000199995
0.087449,-0.308779,-1.65738,0.0826192,-0.310782,-1.65996,-0.0023731,-0.00104177,0.0122894,1.20289,0.000200004,-5.55827e-09,-6.47998e-07,-5.55827e-09,0.000200007,8.78154e-07,-6.47998e-07,8.78154e-07,0.000199996
0.0886541,-0.308583,-1.65489,0.0826287,-0.310784,-1.65994,-0.00116792,-0.000846517,0.0147815,1.20289,0.000200003,-4.7899e-09,-5.12327e-07,-4.7899e-09,0.000200008,9.08202e-07,-5.12327e-07,9.08202e-07,0.000199996
0.092269,-0.307022,-1.65078,0.096009,-0.302534,-1.6525,0.00244695,0.000714385,0.0188858,1.13553,0.000200002,-3.9164e-09,-3.8592e-07,-3.9164e-09,0.000200008,9.23867e-07,-3.8592e-07,9.23867e-07,0.000199996
0.0952967,-0.306017,-1.64675,0.0960414,-0.302546,-1.65237,0.00547464,0.00171977,0.0229196,1.13553,0.000200001,-3.0421e-09,-2.67629e-07,-3.0421e-09,0.000200008,9.54566e-07,-2.67629e-07,9.54566e-07,0.000199996
0.0979016,-0.305328,-1.64363,0.0960437,-0.302544,-1.65237,0.00807959,0.00240869,0.026044,1.13553,0.000200001,-2.27666e-09,-1.74206e-07,-2.27666e-09,0.000200009,1.00348e-06,-1.74206e-07,1.00348e-06,0.000199996
0.100115,-0.304826,-1.64112,0.0960716,-0.302548,-1.65235,-0.000631034,-0.00610858,0.0197576,1.13169,0.000200001,-1.64153e-09,-1.07473e-07,-1.64153e-09,0.00020001,1.05469e-06,-1.07473e-07,1.05469e-06,0.000199996
0.101976,-0.304384,-1.63932,0.0960831,-0.302551,-1.65232,-0.00532824,-0.00731838,0.00942759,1.13169,0.0002,-1.20539e-09,-7.15943e-08,-1.20539e-09,0.000200011,1.1015e-06,-7.15943e-08,1.1015e-06,0.000199996
0.106906,-0.303487,-1.63288,0.11278,-0.299864,-1.62371,-0.00039741,-0.0064207,0.0158672,0.940902,0.0002,-8.54579e-10,-4.45227e-08,-8.54579e-10,0.000200012,1.14821e-06,-4.45227e-08,1.14821e-06,0.000199996
0.1109,-0.302846,-1.62876,0.112837,-0.299873,-1.62365,0.00359619,-0.00577962,0.0199951,0.937509,0.0002,-5.03675e-10,-1.54858e-08,-5.03675e-10,0.000200012,1.1841e-06,-1.54858e-08,1.1841e-06,0.000199996
0.114096,-0.302271,-1.62625,0.112829,-0.299816,-1.6235,0.00679242,-0.00520468,0.0224998,0.911051,0.0002,-3.03991e-10,-5.08793e-09,-3.03991e-10,0.000200013,1.20748e-06,-5.08793e-09,1.20748e-06,0.000199995
0.11664,-0.301703,-1.62455,0.112842,-0.299835,-1.62346,0.00933673,-0.00463658,0.0241991,0.915121,0.0002,-3.07483e-10,-1.65606e-08,-3.07483e-10,0.000200013,1.21998e-06,-1.65606e-08,1.21998e-06,0.000199995
0.118591,-0.301058,-1.62287,0.112895,-0.299878,-1.62341,0.0112869,-0.00399161,0.025878,0.933777,0.0002,-5.80213e-10,-5.63083e-08,-5.80213e-10,0.000200013,1.21254e-06,-5.63083e-08,1.21254e-06,0.000199995
0.120037,-0.300363,-1.62111,0.112918,-0.299875,-1.6234,-0.00271054,-0.00382684,0.00724791,0.926082,0.0002,-1.01797e-09,-1.10903e-07,-1.01797e-09,0.000200013,1.18864e-06,-1.10903e-07,1.18864e-06,0.000199995
0.124392,-0.299623,-1.61585,0.128725,-0.298869,-1.60309,-0.00679555,-0.00357679,0.000678428,0.675454,0.0002,-1.30839e-09,-1.39335e-07,-1.30839e-09,0.000200013,1.1797e-06,-1.39335e-07,1.1797e-06,0.000199995
0.127877,-0.299071,-1.61203,0.12875,-0.298894,-1.60295,-0.00331004,-0.00302445,0.00450073,0.675454,0.0002,-1.48735e-09,-1.52718e-07,-1.48735e-09,0.000200013,1.17336e-06,-1.52718e-07,1.17336e-06,0.000199995
0.130688,-0.298651,-1.6099,0.128765,-0.298926,-1.60294,-0.000499451,-0.00260427,0.00662866,0.686484,0.0002,-1.60071e-09,-1.58856e-07,-1.60071e-09,0.000200013,1.17239e-06,-1.58856e-07,1.17239e-06,0.000199995
0.132954,-0.298353,-1.60818,0.128866,-0.298921,-1.60285,0.00176709,-0.00230639,0.00835029,0.693837,0.0002,-1.63446e-09,-1.56878e-07,-1.63446e-09,0.000200013,1.17137e-06,-1.56878e-07,1.17137e-06,0.000199995
0.134743,-0.298111,-1.60761,0.128961,-0.298932,-1.60275,0.0035563,-0.00206503,0.00891918,0.693837,0.0002,-1.65079e-09,-1.56161e-07,-1.65079e-09,0.000200013,1.16389e-06,-1.56161e-07,1.16389e-06,0.000199995
0.136177,-0.298003,-1.60715,0.128988,-0.298936,-1.6027,0.00498977,-0.00195688,0.00938413,0.69016,0.0002,-1.55707e-09,-1.42334e-07,-1.55707e-09,0.000200013,1.15855e-06,-1.42334e-07,1.15855e-06,0.000199995
0.14009,-0.298178,-1.60585,0.142728,-0.299947,-1.59858,0.000571499,-0.000884178,0.00752937,0.770737,0.0002,-1.40675e-09,-1.23402e-07,-1.40675e-09,0.000200013,1.15814e-06,-1.23402e-07,1.15814e-06,0.000199995
0.143254,-0.29821,-1.60491,0.14277,-0.299946,-1.59854,0.00373527,-0.000916292,0.00847116,0.767139,0.0002,-1.42395e-09,-1.28656e-07,-1.42395e-09,0.000200013,1.16184e-06,-1.28656e-07,1.16184e-06,0.000199995
0.145817,-0.297999,-1.603,0.142787,-0.299926,-1.59848,0.00629873,-0.000705004,0.0103764,0.763463,0.0002,-1.73932e-09,-1.70315e-07,-1.73932e-09,0.000200013,1.16874e-06,-1.70315e-07,1.16874e-06,0.000199995
0.147861,-0.297804,-1.60075,0.142858,-0.299916,-1.59843,0.00834256,-0.000510136,0.0126346,0.770816,0.0002,-2.02421e-09,-2.01676e-07,-2.02421e-09,0.000200013,1.16961e-06,-2.01676e-07,1.16961e-06,0.000199995
0.149614,-0.297987,-1.59913,0.142863,-0.299908,-1.59836,0.0100951,-0.000692907,0.0142486,0.763463,0.0002,-1.84809e-09,-1.67578e-07,-1.84809e-09,0.000200013,1.18884e-06,-1.67578e-07,1.18884e-06,0.000199995
0.153543,-0.298637,-1.5971,0.155738,-0.30161,-1.59567,0.0140244,-0.00134313,0.0162818,0.786138,0.0002,-1.48162e-09,-1.19544e-07,-1.48162e-09,0.000200013,1.19355e-06,-1.19544e-07,1.19355e-06,0.000199995
0.156628,-0.29913,-1.59598,0.15576,-0.301607,-1.59561,0.0171089,-0.00183578,0.0174039,0.778812,0.0002,-1.21624e-09,-9.30626e-08,-1.21624e-09,0.000200013,1.18642e-06,-9.30626e-08,1.18642e-06,0.000199995
0.159136,-0.299525,-1.59528,0.155754,-0.301618,-1.59559,0.00198914,4.42095e-05,0.0169993,0.782475,0.0002,-1.02037e-09,-7.63135e-08,-1.02037e-09,0.000200013,1.18865e-06,-7.63135e-08,1.18865e-06,0.000199995
0.161258,-0.299732,-1.59483,0.155783,-0.301593,-1.59562,0.00411091,-0.000162326,0.0174475,0.790106,0.0002,-1.01606e-09,-8.24432e-08,-1.01606e-09,0.000200013,1.20748e-06,-8.24432e-08,1.20748e-06,0.000199995
0.162889,-0.29979,-1.59457,0.155756,-0.301602,-1.59557,0.00574162,-0.000220528,0.0177122,0.778812,0.0002,-1.15547e-09,-1.0376e-07,-1.15547e-09,0.000200014,1.20971e-06,-1.0376e-07,1.20971e-06,0.000199995
0.166562,-0.300285,-1.59311,0.168364,-0.30315,-1.58986,0.00941499,-0.000715025,0.019166,0.508246,0.0002,-1.07234e-09,-9.43099e-08,-1.07234e-09,0.000200013,1.18676e-06,-9.43099e-08,1.18676e-06,0.000199995
0.169392,-0.300778,-1.59195,0.168577,-0.303137,-1.58935,0.0122449,-0.0012083,0.020329,0.504706,0.0002,-8.7288e-10,-7.2315e-08,-8.7288e-10,0.000200013,1.14784e-06,-7.2315e-08,1.14784e-06,0.000199995
0.17175,-0.301296,-1.59142,0.168634,-0.303117,-1.58927,0.0146026,-0.00172627,0.0208629,0.500918,0.0002,-5.74745e-10,-3.7786e-08,-5.74745e-10,0.000200012,1.13611e-06,-3.7786e-08,1.13611e-06,0.000199995
0.173597,-0.301753,-1.59141,0.168653,-0.303128,-1.58929,0.00567542,-0.00156655,0.0161832,0.508494,0.0002,-2.96952e-10,-9.03299e-09,-2.96952e-10,0.000200012,1.12165e-06,-9.03299e-09,1.12165e-06,0.000199995
0.175059,-0.302047,-1.5915,0.168677,-0.303094,-1.58928,0.00713759,-0.00186088,0.0160889,0.500589,0.0002,-1.63917e-10,-8.64201e-10,-1.63917e-10,0.000200012,1.10921e-06,-8.64201e-10,1.10921e-06,0.000199996
0.176465,-0.302221,-1.59168,0.168685,-0.303083,-1.58926,-0.000104296,-0.000998796,0.00959431,0.504377,0.0002,-1.38852e-10,-4.95216e-09,-1.38852e-10,0.000200012,1.13889e-06,-4.95216e-09,1.13889e-06,0.000199996
0.180014,-0.302607,-1.59311,0.180791,-0.304697,-1.59677,0.00344414,-0.001385,0.00815899,0.440073,0.0002,-2.32065e-10,-2.12146e-08,-2.32065e-10,0.000200012,1.15818e-06,-2.12146e-08,1.15818e-06,0.000199995
0.182838,-0.302897,-1.59373,0.180824,-0.304691,-1.59671,0.00626878,-0.00167408,0.00754042,0.432666,0.0002,-3.36173e-10,-3.4762e-08,-3.36173e-10,0.000200013,1.16721e-06,-3.4762e-08,1.16721e-06,0.000199995
0.185146,-0.30321,-1.5938,0.180859,-0.304664,-1.59668,0.00857626,-0.00198749,0.00746565,0.43285,0.0002,-3.14647e-10,-2.96278e-08,-3.14647e-10,0.000200013,1.17949e-06,-2.96278e-08,1.17949e-06,0.000199995
0.187012,-0.30365,-1.59417,0.180874,-0.304655,-1.59666,0.010442,-0.00242799,0.00710097,0.436554,0.0002,-5.39511e-11,4.55742e-09,-5.39511e-11,0.000200013,1.19006e-06,4.55742e-09,1.19006e-06,0.000199995
0.188499,-0.304181,-1.59487,0.180868,-0.304697,-1.59662,-0.00165586,-0.000247626,0.00879345,0.440347,0.0002,3.72319e-10,5.40383e-08,3.72319e-10,0.000200013,1.19616e-06,5.40383e-08,1.19616e-06,0.000199995
0.189694,-0.304436,-1.59563,0.180875,-0.304696,-1.59663,-0.000460719,-0.000502675,0.00802581,0.436643,0.0002,4.95578e-10,5.89032e-08,4.95578e-10,0.000200013,1.20069e-06,5.89032e-08,1.20069e-06,0.000199995
0.193865,-0.305244,-1.59428,0.196189,-0.308293,-1.58522,0.00371012,-0.00131031,0.00937933,0.690555,0.0002,4.62485e-10,4.61219e-08,4.62485e-10,0.000200014,1.2278e-06,4.61219e-08,1.2278e-06,0.000199995
0.197262,-0.30575,-1.59278,0.196266,-0.308237,-1.58518,0.00710742,-0.00181677,0.010885,0.694192,0.0002,2.53117e-10,1.6831e-08,2.53117e-10,0.000200014,1.25247e-06,1.6831e-08,1.25247e-06,0.000199995
0.199931,-0.306181,-1.59104,0.196345,-0.308273,-1.58513,0.00977657,-0.0022472,0.0126183,0.708737,0.0002,9.66925e-11,2.61226e-10,9.66925e-11,0.000200015,1.25794e-06,2.61226e-10,1.25794e-06,0.000199995
0.201852,-0.30667,-1.58951,0.196457,-0.308291,-1.58494,0.0116972,-0.00273648,0.0141465,0.705101,0.0002,1.56236e-10,1.18815e-08,1.56236e-10,0.000200014,1.22352e-06,1.18815e-08,1.22352e-06,0.000199995
0.203432,-0.307146,-1.5885,0.196471,-0.308297,-1.58493,0.0132776,-0.00321255,0.0151644,0.705101,0.0002,3.1133e-10,3.25246e-08,3.1133e-10,0.000200014,1.20806e-06,3.25246e-08,1.20806e-06,0.000199995
0.207494,-0.307773,-1.58795,0.209925,-0.30943,-1.58367,0.00337374,-0.00219569,0.010923,0.423812,0.0002,4.66587e-10,4.9291e-08,4.66587e-10,0.000200014,1.21513e-06,4.9291e-08,1.21513e-06,0.000199995
0.210855,-0.308109,-1.58787,0.210045,-0.309457,-1.58343,0.00354686,-0.00162539,0.0108667,0.431192,0.0002,3.74412e-10,3.30334e-08,3.74412e-10,0.000200014,1.23376e-06,3.30334e-08,1.23376e-06,0.000199995
0.213535,-0.308309,-1.58769,0.210103,-0.309433,-1.58333,0.00622707,-0.00182543,0.0110484,0.443775,0.0002,2.09225e-10,1.22667e-08,2.09225e-10,0.000200014,1.24246e-06,1.22667e-08,1.24246e-06,0.000199995
0.215554,-0.30838,-1.58693,0.210109,-0.309418,-1.58336,0.0082462,-0.00189585,0.0118099,0.443775,0.0002,-3.90936e-11,-1.54165e-08,-3.90936e-11,0.000200014,1.22784e-06,-1.54165e-08,1.22784e-06,0.000199995
0.217309,-0.308612,-1.5861,0.210182,-0.309442,-1.58328,0.0100009,-0.00212841,0.0126427,0.454845,0.0002,-1.34175e-11,-6.02539e-09,-1.34175e-11,0.000200014,1.23843e-06,-6.02539e-09,1.23843e-06,0.000199995
0.218676,-0.308921,-1.58543,0.210221,-0.309428,-1.58326,0.011368,-0.00243717,0.013312,0.454845,0.0002,1.77165e-10,1.9922e-08,1.77165e-10,0.000200014,1.2381e-06,1.9922e-08,1.2381e-06,0.000199995
0.222933,-0.309234,-1.58461,0.225823,-0.309783,-1.57977,0.0156249,-0.00274975,0.0141319,0.514451,0.0002,3.33121e-10,3.65627e-08,3.33121e-10,0.000200014,1.2447e-06,3.65627e-08,1.2447e-06,0.000199995
0.226368,-0.309331,-1.58465,0.225856,-0.309778,-1.57962,0.00343363,-0.00221048,0.0192136,0.514009,0.0002,2.60614e-10,2.34827e-08,2.60614e-10,0.000200015,1.25268e-06,2.34827e-08,1.25268e-06,0.000199995
0.229182,-0.309367,-1.58445,0.225969,-0.309772,-1.57953,-0.00158783,-0.00190063,0.0191083,0.521204,0.0002,1.41601e-10,8.30648e-09,1.41601e-10,0.000200015,1.2647e-06,8.30648e-09,1.2647e-06,0.000199995
0.231542,-0.309249,-1.58377,0.225973,-0.309777,-1.57948,0.000772349,-0.00178274,0.0197915,0.524801,0.0002,-1.57793e-10,-2.53774e-08,-1.57793e-10,0.000200015,1.28973e-06,-2.53774e-08,1.28973e-06,0.000199994
0.233411,-0.30922,-1.58208,0.225988,-0.309783,-1.57944,0.00264126,-0.00175372,0.0214842,0.521204,0.0002,-3.1909e-10,-3.77781e-08,-3.1909e-10,0.000200016,1.30216e-06,-3.77781e-08,1.30216e-06,0.000199994
0.234806,-0.309301,-1.58041,0.226025,-0.309789,-1.57945,0.00403613,-0.00183465,0.0231479,0.521204,0.0002,-3.00142e-10,-2.98586e-08,-3.00142e-10,0.000200016,1.29289e-06,-2.98586e-08,1.29289e-06,0.000199994
0.239538,-0.309532,-1.57854,0.244006,-0.309696,-1.57621,0.00876763,-0.00206532,0.0250229,0.457788,0.0002,-2.48547e-11,5.16149e-09,-2.48547e-11,0.000200016,1.29009e-06,5.16149e-09,1.29009e-06,0.000199994
0.24323,-0.309736,-1.5771,0.244074,-0.30971,-1.57598,-0.00412165,-0.00199217,0.0238852,0.450489,0.0002,2.13564e-10,3.00577e-08,2.13564e-10,0.000200015,1.27131e-06,3.00577e-08,1.27131e-06,0.000199994
0.246266,-0.309791,-1.5764,0.244161,-0.309713,-1.57571,-0.00108553,-0.00204701,0.0245764,0.457788,0.0002,2.53359e-10,2.86796e-08,2.53359e-10,0.000200015,1.26961e-06,2.86796e-08,1.26961e-06,0.000199994
0.248722,-0.309601,-1.57552,0.244184,-0.309719,-1.57562,0.00137055,-0.00185748,0.0254585,0.457788,0.0002,-3.88106e-11,-1.01141e-08,-3.88106e-11,0.000200015,1.27212e-06,-1.01141e-08,1.27212e-06,0.000199994
0.250627,-0.309507,-1.57533,0.244204,-0.309699,-1.5756,0.00327521,-0.00176311,0.0256495,0.465088,0.0002,-1.90013e-10,-2.48859e-08,-1.90013e-10,0.000200015,1.26346e-06,-2.48859e-08,1.26346e-06,0.000199994
0.254684,-0.310284,-1.57559,0.256978,-0.313405,-1.57917,0.00733206,-0.00253986,0.0253934,0.496901,0.0002,-1.65857e-10,-1.75969e-08,-1.65857e-10,0.000200015,1.25444e-06,-1.75969e-08,1.25444e-06,0.000199994
0.257882,-0.311018,-1.57608,0.257063,-0.313443,-1.57904,0.0105301,-0.00327444,0.0249052,0.508997,0.0002,-3.57702e-13,4.32517e-09,-3.57702e-13,0.000200015,1.23838e-06,4.32517e-09,1.23838e-06,0.000199995
0.260544,-0.311582,-1.57676,0.257261,-0.313427,-1.57897,0.0131919,-0.00383808,0.0242206,0.505279,0.0002,1.07692e-10,1.53889e-08,1.07692e-10,0.000200014,1.23832e-06,1.53889e-08,1.23832e-06,0.000199995
0.262753,-0.311932,-1.57759,0.257336,-0.313452,-1.57883,0.0030783,-0.00372242,0.0176497,0.501562,0.0002,5.70884e-11,5.99788e-09,5.70884e-11,0.000200015,1.24858e-06,5.99788e-09,1.24858e-06,0.000199995
0.264528,-0.312215,-1.57845,0.257374,-0.31346,-1.57878,-0.00552127,-0.00263688,0.0158387,0.505279,0.0002,1.65638e-11,4.84657e-10,1.65638e-11,0.000200015,1.25516e-06,4.84657e-10,1.25516e-06,0.000199995
0.265906,-0.312356,-1.57976,0.257379,-0.313456,-1.57878,-0.00414238,-0.00277741,0.014529,0.501562,0.0002,-1.22654e-10,-1.59722e-08,-1.22654e-10,0.000200015,1.25269e-06,-1.59722e-08,1.25269e-06,0.000199995
0.270518,-0.31254,-1.57944,0.274817,-0.313582,-1.5652,0.000468993,-0.00296186,0.0148515,0.50671,0.0002,-1.37212e-10,-1.49093e-08,-1.37212e-10,0.000200015,1.25443e-06,-1.49093e-08,1.25443e-06,0.000199995
0.274361,-0.312814,-1.5798,0.274953,-0.313578,-1.56518,0.00431226,-0.00323556,0.0144934,0.50295,0.0002,2.77329e-11,6.65276e-09,2.77329e-11,0.000200015,1.27571e-06,6.65276e-09,1.27571e-06,0.000199994
0.277449,-0.313165,-1.58091,0.275022,-0.313604,-1.56517,0.00740005,-0.00358635,0.0133814,0.495709,0.0002,3.41902e-10,4.15287e-08,3.41902e-10,0.000200015,1.28902e-06,4.15287e-08,1.28902e-06,0.000199994
0.279969,-0.313442,-1.582,0.275059,-0.313578,-1.56516,0.00992053,-0.00386331,0.0122863,0.499468,0.0002,6.00483e-10,6.46017e-08,6.00483e-10,0.000200016,1.30429e-06,6.46017e-08,1.30429e-06,0.000199994
0.281848,-0.313347,-1.58216,0.2751,-0.313583,-1.56521,8.71062e-05,-0.00215072,0.0170454,0.506987,0.0002,3.52283e-10,2.80444e-08,3.52283e-10,0.000200016,1.29103e-06,2.80444e-08,1.29103e-06,0.000199994
0.286769,-0.313435,-1.58599,0.291875,-0.314575,-1.58626,-0.00244923,-0.00157038,0.0176023,0.554432,0.0002,6.18439e-11,-5.62806e-09,6.18439e-11,0.000200016,1.2929e-06,-5.62806e-09,1.2929e-06,0.000199994
0.290698,-0.313527,-1.58956,0.291935,-0.314554,-1.58624,0.00147904,-0.00166275,0.0140315,0.543362,0.0002,-1.21424e-10,-2.1756e-08,-1.21424e-10,0.000200016,1.29073e-06,-2.1756e-08,1.29073e-06,0.000199994
0.293945,-0.313693,-1.59333,0.29193,-0.314667,-1.58617,0.00472611,-0.00182896,0.010256,0.558746,0.0002,-1.52975e-10,-1.9263e-08,-1.52975e-10,0.000200016,1.30618e-06,-1.9263e-08,1.30618e-06,0.000199994
0.296561,-0.313939,-1.59646,0.29193,-0.314667,-1.58619,0.00734289,-0.00207482,0.00712961,0.558746,0.0002,-6.02089e-12,1.31295e-09,-6.02089e-12,0.000200016,1.31901e-06,1.31295e-09,1.31901e-06,0.000199994
0.298469,-0.314051,-1.59865,0.291948,-0.314556,-1.58621,0.00925011,-0.00218692,0.00493581,0.543362,0.0002,3.01889e-11,4.65086e-09,3.01889e-11,0.000200016,1.29689e-06,4.65086e-09,1.29689e-06,0.000199994
0.300078,-0.314232,-1.6,0.291951,-0.314554,-1.58621,0.0108594,-0.00236766,0.00359443,0.543362,0.0002,1.83684e-10,2.15961e-08,1.83684e-10,0.000200016,1.29588e-06,2.15961e-08,1.29588e-06,0.000199994
0.304078,-0.314976,-1.60478,0.305426,-0.316889,-1.60425,-0.000202615,-0.00074464,0.0187079,0.287222,0.0002,4.56049e-10,5.02486e-08,4.56049e-10,0.000200016,1.29803e-06,5.02486e-08,1.29803e-06,0.000199994
0.307391,-0.315534,-1.60922,0.305772,-0.316878,-1.60421,-0.00333786,0.00156231,0.0238562,0.286868,0.0002,6.37469e-10,6.46614e-08,6.37469e-10,0.000200016,1.30626e-06,6.46614e-08,1.30626e-06,0.000199994
0.310114,-0.315906,-1.61173,0.305911,-0.316874,-1.60417,-0.000615004,0.00119068,0.0213454,0.290572,0.0002,6.74928e-10,6.20729e-08,6.74928e-10,0.000200016,1.31881e-06,6.20729e-08,1.31881e-06,0.000199994
0.312174,-0.316057,-1.61194,0.306035,-0.316881,-1.60396,0.00144498,0.00103989,0.021139,0.290572,0.0002,4.75845e-10,3.57386e-08,4.75845e-10,0.000200016,1.30406e-06,3.57386e-08,1.30406e-06,0.000199994
0.313839,-0.316164,-1.61075,0.306225,-0.316911,-1.60391,-0.00388844,0.00177334,0.0374401,0.296338,0.0002,2.79673e-10,1.46639e-08,2.79673e-10,0.000200016,1.29136e-06,1.46639e-08,1.29136e-06,0.000199994
0.317517,-0.317222,-1.61391,0.317845,-0.32174,-1.62599,-0.000210233,0.000715228,0.0342811,0.459838,0.0002,9.46691e-11,-2.8092e-09,9.46691e-11,0.000200016,1.28676e-06,-2.8092e-09,1.28676e-06,0.000199994
0.320699,-0.318199,-1.61683,0.318433,-0.321704,-1.62591,-0.00067362,0.000791679,0.0359887,0.467659,0.0002,1.49085e-10,8.99384e-09,1.49085e-10,0.000200016,1.30336e-06,8.99384e-09,1.30336e-06,0.000199994
0.323316,-0.319137,-1.61885,0.318717,-0.321713,-1.62588,0.00194291,-0.000146777,0.0339671,0.470859,0.0002,4.18275e-10,4.17185e-08,4.18275e-10,0.000200016,1.31625e-06,4.17185e-08,1.31625e-06,0.000199994
0.325309,-0.319926,-1.62046,0.318867,-0.321708,-1.62581,0.00393614,-0.00093609,0.032365,0.477444,0.0002,6.86169e-10,6.94491e-08,6.86169e-10,0.000200016,1.3037e-06,6.94491e-08,1.3037e-06,0.000199994
0.326796,-0.320386,-1.62153,0.318925,-0.321717,-1.62581,-0.000837389,0.00114262,0.0287723,0.481093,0.0002,6.48809e-10,5.96099e-08,6.48809e-10,0.000200015,1.27657e-06,5.96099e-08,1.27657e-06,0.000199994
0.328017,-0.320726,-1.62188,0.31897,-0.321665,-1.62585,0.000383402,0.000802977,0.028423,0.466495,0.0002,5.88343e-10,5.02726e-08,5.88343e-10,0.000200015,1.26277e-06,5.02726e-08,1.26277e-06,0.000199994
0.332042,-0.322461,-1.6166,0.334397,-0.329603,-1.59595,-0.00123259,0.00173196,0.0380508,0.705705,0.0002,4.25131e-10,3.07411e-08,4.25131e-10,0.000200015,1.24782e-06,3.07411e-08,1.24782e-06,0.000199994
0.335381,-0.324103,-1.61318,0.334627,-0.329629,-1.59585,0.00210699,8.9432e-05,0.0414683,0.709315,0.0002,6.23514e-10,5.7806e-08,6.23514e-10,0.000200015,1.24994e-06,5.7806e-08,1.24994e-06,0.000199994
0.338161,-0.325469,-1.6102,0.334748,-0.329686,-1.59565,0.004887,-0.00127655,0.0444492,0.733993,0.0002,8.38927e-10,8.08537e-08,8.38927e-10,0.000200015,1.26474e-06,8.08537e-08,1.26474e-06,0.000199994
0.340492,-0.3264,-1.60778,0.334822,-0.329737,-1.59546,2.61395e-05,0.000777673,0.0385248,0.733993,0.0002,7.81196e-10,6.75591e-08,7.81196e-10,0.000200015,1.28903e-06,6.75591e-08,1.28903e-06,0.000199994
0.342269,-0.326903,-1.60529,0.334871,-0.329734,-1.5953,0.00180258,0.000274936,0.0410143,0.736158,0.0002,3.86557e-10,1.95375e-08,3.86557e-10,0.000200015,1.289e-06,1.95375e-08,1.289e-06,0.000199994
0.346023,-0.327806,-1.60917,0.346207,-0.332366,-1.62624,0.000213981,0.00186691,0.0428777,0.503889,0.0002,-2.41126e-11,-2.2387e-08,-2.41126e-11,0.000200016,1.29947e-06,-2.2387e-08,1.29947e-06,0.000199994
0.348846,-0.328355,-1.61184,0.346328,-0.332355,-1.62608,0.00303712,0.0013179,0.0402149,0.506769,0.0002,-5.58261e-10,-7.61013e-08,-5.58261e-10,0.000200015,1.27329e-06,-7.61013e-08,1.27329e-06,0.000199994
0.351211,-0.328721,-1.61435,0.346411,-0.332381,-1.62592,0.00540211,0.000952101,0.0377041,0.508156,0.0002,-1.06576e-09,-1.22122e-07,-1.06576e-09,0.000200015,1.27088e-06,-1.22122e-07,1.27088e-06,0.000199994
0.353303,-0.329178,-1.61686,0.346482,-0.332402,-1.62588,8.65739e-05,0.00175203,0.0271972,0.509302,0.0002,-1.25109e-09,-1.24992e-07,-1.25109e-09,0.000200016,1.29913e-06,-1.24992e-07,1.29913e-06,0.000199994
0.35494,-0.329591,-1.61825,0.346523,-0.332404,-1.62586,0.00172431,0.00133973,0.0258086,0.500243,0.0002,-1.30852e-09,-1.19494e-07,-1.30852e-09,0.000200016,1.31018e-06,-1.19494e-07,1.31018e-06,0.000199994
0.356077,-0.329956,-1.6204,0.346516,-0.332406,-1.62586,-0.000498286,0.00196046,0.0274038,0.500243,0.0002,-1.26085e-09,-1.09205e-07,-1.26085e-09,0.000200016,1.28983e-06,-1.09205e-07,1.28983e-06,0.000199994
0.35965,-0.330692,-1.62079,0.36015,-0.334761,-1.62078,0.00307495,0.00122457,0.027011,0.445235,0.0002,-1.23528e-09,-1.05737e-07,-1.23528e-09,0.000200015,1.26684e-06,-1.05737e-07,1.26684e-06,0.000199994
0.362585,-0.331178,-1.621,0.360187,-0.334761,-1.62076,0.00600995,0.000738176,0.0268048,0.455873,0.0002,-1.35575e-09,-1.19882e-07,-1.35575e-09,0.000200015,1.26319e-06,-1.19882e-07,1.26319e-06,0.000199994
0.365112,-0.331573,-1.62095,0.360233,-0.334745,-1.62072,0.00278149,0.000704079,0.0285248,0.455873,0.0002,-1.46163e-09,-1.27593e-07,-1.46163e-09,0.000200015,1.28804e-06,-1.27593e-07,1.28804e-06,0.000199994
0.367198,-0.331943,-1.62123,0.360248,-0.334679,-1.6208,0.00486682,0.000334684,0.0282407,0.458087,0.0002,-1.45831e-09,-1.21653e-07,-1.45831e-09,0.000200016,1.31364e-06,-1.21653e-07,1.31364e-06,0.000199994
0.368806,-0.332221,-1.62092,0.36026,-0.33471,-1.62073,-0.00194163,6.88506e-05,0.0283158,0.459419,0.0002,-1.47825e-09,-1.2194e-07,-1.47825e-09,0.000200016,1.31999e-06,-1.2194e-07,1.31999e-06,0.000199994
0.373361,-0.332628,-1.62123,0.376443,-0.334561,-1.62142,0.00261323,-0.000338491,0.0280053,0.425974,0.0002,-1.19589e-09,-8.76899e-08,-1.19589e-09,0.000200016,1.32914e-06,-8.76899e-08,1.32914e-06,0.000199994
0.376957,-0.333185,-1.62157,0.376584,-0.334562,-1.62135,0.00620983,-0.000895272,0.0276698,0.431828,0.0002,-6.41458e-10,-2.86881e-08,-6.41458e-10,0.000200016,1.3229e-06,-2.86881e-08,1.3229e-06,0.000199994
0.379853,-0.333549,-1.62183,0.376656,-0.334574,-1.62131,0.000985317,-0.00199759,0.0284996,0.431828,0.0002,-3.26878e-10,-4.36421e-09,-3.26878e-10,0.000200016,1.3196e-06,-4.36421e-09,1.3196e-06,0.000199994
0.382224,-0.333794,-1.62161,0.376705,-0.334545,-1.62126,0.00335637,-0.00224303,0.0287156,0.437158,0.0002,-1.50524e-10,4.62968e-09,-1.50524e-10,0.000200016,1.32463e-06,4.62968e-09,1.32463e-06,0.000199994
0.384023,-0.333965,-1.62175,0.376738,-0.334555,-1.62124,0.00515478,-0.00241399,0.0285822,0.442467,0.0002,-6.26098e-11,6.20063e-09,-6.26098e-11,0.000200016,1.31103e-06,6.20063e-09,1.31103e-06,0.000199994
0.385522,-0.334211,-1.62258,0.376751,-0.334558,-1.62123,-0.00141413,-0.00195334,0.0241541,0.442467,0.0002,1.50942e-10,2.52124e-08,1.50942e-10,0.000200016,1.31163e-06,2.52124e-08,1.31163e-06,0.000199994
0.391025,-0.334422,-1.62345,0.398167,-0.334537,-1.61867,0.00408902,-0.00216482,0.0232801,1.09598,0.0002,3.51398e-10,4.17806e-08,3.51398e-10,0.000200016,1.31519e-06,4.17806e-08,1.31519e-06,0.000199994
0.395419,-0.334782,-1.62478,0.398166,-0.334639,-1.61872,0.000135431,-0.00225232,0.0233884,1.1192,0.0002,7.42987e-10,8.03532e-08,7.42987e-10,0.000200016,1.31592e-06,8.03532e-08,1.31592e-06,0.000199994
0.399025,-0.334947,-1.62626,0.398162,-0.334631,-1.61874,0.00374123,-0.00241726,0.0219057,1.1192,0.0002,8.91089e-10,8.63105e-08,8.91089e-10,0.000200016,1.33105e-06,8.63105e-08,1.33105e-06,0.000199994
0.401877,-0.334878,-1.62787,0.398165,-0.334478,-1.61877,0.00659293,-0.00234819,0.0202992,1.08485,0.0002,7.59364e-10,6.35189e-08,7.59364e-10,0.000200017,1.33548e-06,6.35189e-08,1.33548e-06,0.000199994
0.404117,-0.33478,-1.62978,0.398161,-0.334479,-1.61876,0.000152229,-0.00154118,0.0285946,1.08485,0.0002,5.89274e-10,4.28714e-08,5.89274e-10,0.000200017,1.33192e-06,4.28714e-08,1.33192e-06,0.000199994
0.405833,-0.334851,-1.63162,0.398143,-0.334489,-1.6188,0.00186858,-0.00161239,0.0267521,1.08485,0.0002,6.60355e-10,5.3872e-08,6.60355e-10,0.000200016,1.31792e-06,5.3872e-08,1.31792e-06,0.000199994
0.410472,-0.335398,-1.638,0.414491,-0.336567,-1.64125,-0.00149824,-0.00155888,0.0224434,0.697942,0.0002,7.8623e-10,6.88024e-08,7.8623e-10,0.000200016,1.30845e-06,6.88024e-08,1.30845e-06,0.000199994
0.414215,-0.335655,-1.6432,0.414487,-0.336563,-1.64125,0.00224523,-0.00181595,0.0172359,0.701426,0.0002,6.53526e-10,5.10832e-08,6.53526e-10,0.000200016,1.30777e-06,5.10832e-08,1.30777e-06,0.000199994
0.417274,-0.335896,-1.64623,0.414495,-0.336558,-1.64125,0.00530365,-0.00205677,0.0142099,0.697942,0.0002,5.9952e-10,4.56983e-08,5.9952e-10,0.000200016,1.31723e-06,4.56983e-08,1.31723e-06,0.000199994
0.419721,-0.336096,-1.64803,0.414499,-0.336564,-1.64127,0.00110066,-0.000332334,0.0269659,0.697942,0.0002,5.67369e-10,4.33324e-08,5.67369e-10,0.000200016,1.32326e-06,4.33324e-08,1.32326e-06,0.000199994
0.421705,-0.336471,-1.64968,0.414496,-0.33655,-1.64126,0.00308424,-0.000707413,0.0253187,0.701426,0.0002,8.54728e-10,7.72806e-08,8.54728e-10,0.000200016,1.33111e-06,7.72806e-08,1.33111e-06,0.000199994
0.426494,-0.337301,-1.65517,0.430632,-0.338942,-1.66263,0.000216435,0.000551289,0.0272694,0.487899,0.0002,1.1172e-09,1.02853e-07,1.1172e-09,0.000200017,1.33239e-06,1.02853e-07,1.33239e-06,0.000199994
0.430257,-0.337689,-1.65893,0.430599,-0.339033,-1.66258,0.00398014,0.000163339,0.0235083,0.495431,0.0002,9.09098e-10,7.28332e-08,9.09098e-10,0.000200016,1.32354e-06,7.28332e-08,1.32354e-06,0.000199994
0.433268,-0.337772,-1.6608,0.430601,-0.339033,-1.66257,0.00327064,0.00110595,0.0247606,0.489551,0.0002,4.21498e-10,1.71311e-08,4.21498e-10,0.000200016,1.31782e-06,1.71311e-08,1.31782e-06,0.000199994
0.435622,-0.337756,-1.66221,0.430616,-0.338951,-1.66266,0.00562486,0.00112159,0.0233521,0.487899,0.0002,-4.91158e-11,-2.87975e-08,-4.91158e-11,0.000200016,1.30497e-06,-2.87975e-08,1.30497e-06,0.000199994
0.437571,-0.337963,-1.66354,0.430615,-0.338938,-1.66264,0.00757378,0.000915352,0.0220221,0.486677,0.0002,-1.02248e-10,-2.22724e-08,-1.02248e-10,0.000200016,1.30721e-06,-2.22724e-08,1.30721e-06,0.000199994
0.439177,-0.338338,-1.66448,0.430619,-0.338995,-1.66256,0.00162187,0.0017613,0.0268683,0.483185,0.0002,1.47982e-10,1.39241e-08,1.47982e-10,0.000200016,1.31593e-06,1.39241e-08,1.31593e-06,0.000199994
0.443041,-0.339846,-1.66659,0.443559,-0.344566,-1.66823,0.00548611,0.000253301,0.0247646,0.557954,0.0002,4.79821e-10,5.12172e-08,4.79821e-10,0.000200016,1.32018e-06,5.12172e-08,1.32018e-06,0.000199994
0.446105,-0.340922,-1.66826,0.443573,-0.344553,-1.6682,0.00193739,0.00127437,0.0266693,0.557954,0.0002,5.67359e-10,5.5105e-08,5.67359e-10,0.000200016,1.31803e-06,5.5105e-08,1.31803e-06,0.000199994
0.448465,-0.341624,-1.66867,0.443577,-0.344529,-1.66823,0.0042976,0.000572517,0.0262555,0.557977,0.0002,4.08068e-10,3.24616e-08,4.08068e-10,0.000200016,1.30203e-06,3.24616e-08,1.30203e-06,0.000199994
0.450384,-0.342127,-1.6689,0.443593,-0.344543,-1.66822,0.00621629,6.88398e-05,0.0260317,0.561243,0.0002,1.96288e-10,8.27367e-09,1.96288e-10,0.000200016,1.29619e-06,8.27367e-09,1.29619e-06,0.000199994
0.451996,-0.342621,-1.6697,0.443594,-0.344537,-1.66822,0.00209736,0.00181865,0.0259227,0.561243,0.0002,1.61101e-10,8.15172e-09,1.61101e-10,0.000200016,1.30465e-06,8.15172e-09,1.30465e-06,0.000199994
0.4561,-0.34411,-1.67056,0.457034,-0.349937,-1.66827,0.00620155,0.000329794,0.0250603,0.607711,0.0002,1.61806e-10,1.06214e-08,1.61806e-10,0.000200016,1.33038e-06,1.06214e-08,1.33038e-06,0.000199994
0.459449,-0.345179,-1.67104,0.457087,-0.349931,-1.66825,0.00273034,0.00146264,0.028952,0.610906,0.0002,-5.08831e-12,-7.12879e-09,-5.08831e-12,0.000200017,1.35568e-06,-7.12879e-09,1.35568e-06,0.000199994
0.462067,-0.345861,-1.67099,0.45712,-0.349948,-1.66819,0.00534841,0.000780442,0.0289972,0.614101,0.0002,-3.91856e-10,-4.69672e-08,-3.91856e-10,0.000200017,1.36106e-06,-4.69672e-08,1.36106e-06,0.000199994
0.46408,-0.346356,-1.67095,0.457116,-0.349951,-1.66817,0.00736162,0.000285058,0.0290396,0.617296,0.0002,-7.61435e-10,-8.0628e-08,-7.61435e-10,0.000200017,1.35165e-06,-8.0628e-08,1.35165e-06,0.000199994
0.46552,-0.346351,-1.66988,0.457133,-0.349947,-1.66816,0.00375275,0.00312434,0.0364511,0.610906,0.0002,-1.58412e-09,-1.67149e-07,-1.58412e-09,0.000200016,1.31778e-06,-1.67149e-07,1.31778e-06,0.000199994
0.466541,-0.345949,-1.66964,0.457136,-0.349957,-1.66815,0.00477333,0.00352672,0.0366906,0.614101,0.000200001,-2.70474e-09,-2.8631e-07,-2.70474e-09,0.000200016,1.27504e-06,-2.8631e-07,1.27504e-06,0.000199994
0.469226,-0.346621,-1.67025,0.46582,-0.355057,-1.67109,0.0017603,0.00489448,0.0352874,0.609647,0.000200001,-3.6211e-09,-3.67313e-07,-3.6211e-09,0.000200015,1.26869e-06,-3.67313e-07,1.26869e-06,0.000199994
0.471142,-0.346925,-1.67074,0.465822,-0.355075,-1.67109,0.00367641,0.00458981,0.0348008,0.619111,0.000200002,-4.50618e-09,-4.56811e-07,-4.50618e-09,0.000200015,1.22749e-06,-4.56811e-07,1.22749e-06,0.000199994
0.472604,-0.347075,-1.67132,0.465844,-0.355072,-1.67103,0.00513778,0.00443958,0.0342186,0.615957,0.000200002,-5.21538e-09,-5.2869e-07,-5.21538e-09,0.000200014,1.18911e-06,-5.2869e-07,1.18911e-06,0.000199994
0.473664,-0.347201,-1.6723,0.465839,-0.355049,-1.671,0.00309119,0.00414333,0.0270227,0.603338,0.000200003,-5.63795e-09,-5.7254e-07,-5.63795e-09,0.000200013,1.14757e-06,-5.7254e-07,1.14757e-06,0.000199994
0.474487,-0.347174,-1.67329,0.465855,-0.35506,-1.67101,0.00391388,0.00417044,0.0260337,0.603338,0.000200003,-6.0574e-09,-6.21137e-07,-6.0574e-09,0.000200012,1.1166e-06,-6.21137e-07,1.1166e-06,0.000199994
0.475124,-0.347128,-1.67397,0.465841,-0.355048,-1.671,-0.000166157,0.00344272,0.0246082,0.603338,0.000200004,-6.36445e-09,-6.55648e-07,-6.36445e-09,0.000200012,1.09397e-06,-6.55648e-07,1.09397e-06,0.000199994
0.477851,-0.346345,-1.67512,0.477092,-0.351509,-1.67707,0.00256114,0.0042256,0.0234641,0.867576,0.000200004,-6.6051e-09,-6.85245e-07,-6.6051e-09,0.000200011,1.0734e-06,-6.85245e-07,1.0734e-06,0.000199994
0.480164,-0.34573,-1.67583,0.477103,-0.351489,-1.67711,0.00487353,0.00484102,0.022749,0.85888,0.000200004,-6.85066e-09,-7.01721e-07,-6.85066e-09,0.000200011,1.08077e-06,-7.01721e-07,1.08077e-06,0.000199994
0.481974,-0.34519,-1.67681,0.477092,-0.351484,-1.67708,0.00131821,0.00211752,0.0306505,0.85888,0.000200005,-7.05437e-09,-7.19268e-07,-7.05437e-09,0.000200011,1.07977e-06,-7.19268e-07,1.07977e-06,0.000199994
0.483423,-0.344723,-1.6778,0.477074,-0.351514,-1.67708,0.00276795,0.00258443,0.0296625,0.867576,0.000200005,-7.25253e-09,-7.36785e-07,-7.25253e-09,0.000200011,1.08019e-06,-7.36785e-07,1.08019e-06,0.000199994
0.484591,-0.344304,-1.6786,0.477087,-0.351491,-1.67713,-0.00225741,-0.00103619,0.031401,0.855705,0.000200005,-7.44886e-09,-7.54377e-07,-7.44886e-09,0.000200011,1.08146e-06,-7.54377e-07,1.08146e-06,0.000199994
0.488296,-0.342212,-1.6822,0.490785,-0.3425,-1.69245,0.00144783,0.001056,0.0277999,0.818318,0.000200005,-7.58213e-09,-7.6162e-07,-7.58213e-09,0.000200011,1.08548e-06,-7.6162e-07,1.08548e-06,0.000199994
0.491354,-0.34051,-1.68508,0.490788,-0.342497,-1.69246,0.00450557,0.00275817,0.0249186,0.821608,0.000200005,-7.78305e-09,-7.70073e-07,-7.78305e-09,0.000200011,1.10335e-06,-7.70073e-07,1.10335e-06,0.000199994
0.493648,-0.339202,-1.68728,0.490789,-0.342512,-1.69246,-0.000720361,-0.00164952,0.0198273,0.824897,0.000200005,-7.7521e-09,-7.66953e-07,-7.7521e-09,0.000200011,1.09072e-06,-7.66953e-07,1.09072e-06,0.000199994
0.495392,-0.338223,-1.68904,0.490793,-0.34246,-1.69245,0.00102337,-0.000670121,0.0180678,0.815029,0.000200005,-7.55706e-09,-7.52185e-07,-7.55706e-09,0.000200011,1.06813e-06,-7.52185e-07,1.06813e-06,0.000199994
0.496832,-0.337447,-1.69004,0.490794,-0.342459,-1.69247,-0.00384896,-0.00397773,0.0209501,0.815029,0.000200005,-7.42715e-09,-7.41468e-07,-7.42715e-09,0.000200011,1.06075e-06,-7.41468e-07,1.06075e-06,0.000199994
0.500913,-0.334437,-1.69356,0.505103,-0.331042,-1.70608,0.000232882,-0.000967723,0.0174325,0.600517,0.000200005,-7.50666e-09,-7.53694e-07,-7.50666e-09,0.000200011,1.06548e-06,-7.53694e-07,1.06548e-06,0.000199994
0.504283,-0.332043,-1.69648,0.505396,-0.331068,-1.70557,0.00360213,0.00142575,0.0145119,0.610432,0.000200005,-7.59725e-09,-7.59219e-07,-7.59725e-09,0.000200011,1.07632e-06,-7.59219e-07,1.07632e-06,0.000199994
0.506874,-0.330079,-1.69876,0.505469,-0.331092,-1.70532,-0.000534387,-0.00151449,0.0209967,0.615415,0.000200005,-7.63378e-09,-7.70926e-07,-7.63378e-09,0.000200011,1.06466e-06,-7.70926e-07,1.06466e-06,0.000199994
0.508949,-0.328548,-1.70059,0.505491,-0.331071,-1.70531,0.00154001,1.63063e-05,0.0191699,0.611582,0.000200006,-7.60591e-09,-7.70809e-07,-7.60591e-09,0.000200011,1.05698e-06,-7.70809e-07,1.05698e-06,0.000199994
0.510724,-0.327387,-1.70268,0.505459,-0.331089,-1.70536,0.00331534,0.00117704,0.0170777,0.617523,0.000200005,-7.61041e-09,-7.60336e-07,-7.61041e-09,0.000200011,1.07214e-06,-7.60336e-07,1.07214e-06,0.000199994
0.512214,-0.326403,-1.70469,0.505441,-0.331075,-1.70547,-0.00241887,-0.00234658,0.0134221,0.612911,0.000200005,-7.72851e-09,-7.61408e-07,-7.72851e-09,0.000200011,1.09398e-06,-7.61408e-07,1.09398e-06,0.000199994
0.515539,-0.323802,-1.70524,0.516269,-0.322464,-1.70022,0.000905814,0.000255374,0.0128677,0.616983,0.000200006,-7.8987e-09,-7.75684e-07,-7.8987e-09,0.000200011,1.1036e-06,-7.75684e-07,1.1036e-06,0.000199994
0.518116,-0.321752,-1.70589,0.516307,-0.322469,-1.70019,-0.00175903,-0.00248157,0.0174237,0.616798,0.000200006,-7.9211e-09,-7.79602e-07,-7.9211e-09,0.000200011,1.09558e-06,-7.79602e-07,1.09558e-06,0.000199994
0.520285,-0.320297,-1.70744,0.516321,-0.322466,-1.70018,0.000409295,-0.00102676,0.0158738,0.616798,0.000200005,-7.79867e-09,-7.51571e-07,-7.79867e-09,0.000200011,1.10747e-06,-7.51571e-07,1.10747e-06,0.000199994
0.522131,-0.319273,-1.70951,0.516332,-0.322439,-1.7002,-0.000328782,-0.00146856,0.0117128,0.602664,0.000200005,-7.6034e-09,-7.09493e-07,-7.6034e-09,0.000200012,1.13307e-06,-7.09493e-07,1.13307e-06,0.000199994
0.523688,-0.318518,-1.71178,0.516328,-0.322484,-1.70018,0.00122775,-0.000713443,0.00943801,0.623268,0.000200005,-7.42594e-09,-6.72666e-07,-7.42594e-09,0.000200012,1.1626e-06,-6.72666e-07,1.1626e-06,0.000199994
0.524988,-0.318139,-1.71463,0.516319,-0.322489,-1.70016,0.00252743,-0.000334401,0.00658757,0.623268,0.000200004,-7.03149e-09,-6.11871e-07,-7.03149e-09,0.000200013,1.19074e-06,-6.11871e-07,1.19074e-06,0.000199994
0.528061,-0.316957,-1.71945,0.525619,-0.317179,-1.70612,0.00274756,-0.00143525,0.00562935,0.515883,0.000200003,-6.57203e-09,-5.42751e-07,-6.57203e-09,0.000200014,1.23624e-06,-5.42751e-07,1.23624e-06,0.000199994
0.530572,-0.316087,-1.72363,0.525598,-0.317158,-1.70617,0.00525874,-0.000565479,0.00145428,0.509126,0.000200003,-6.11063e-09,-4.84362e-07,-6.11063e-09,0.000200015,1.27462e-06,-4.84362e-07,1.27462e-06,0.000199994
0.532428,-0.315444,-1.72603,0.525603,-0.317175,-1.70615,0.00454916,0.00150346,0.00866995,0.515883,0.000200002,-5.60905e-09,-4.39259e-07,-5.60905e-09,0.000200015,1.27445e-06,-4.39259e-07,1.27445e-06,0.000199994
0.533862,-0.314907,-1.72659,0.525634,-0.317186,-1.70604,0.0059829,0.00204062,0.00811428,0.509126,0.000200002,-5.24382e-09,-4.15058e-07,-5.24382e-09,0.000200015,1.2649e-06,-4.15058e-07,1.2649e-06,0.000199994
0.535073,-0.314403,-1.72597,0.525674,-0.317192,-1.70591,0.00719389,0.00254438,0.00873086,0.515883,0.000200002,-5.10544e-09,-4.12254e-07,-5.10544e-09,0.000200015,1.26758e-06,-4.12254e-07,1.26758e-06,0.000199994
0.537221,-0.314534,-1.72924,0.531845,-0.320409,-1.72882,0.00777937,0.00380934,0.0277738,0.398839,0.000200002,-5.17679e-09,-4.33529e-07,-5.17679e-09,0.000200015,1.25884e-06,-4.33529e-07,1.25884e-06,0.000199994
0.538803,-0.314561,-1.73134,0.531833,-0.320426,-1.72886,0.00936074,0.003782,0.0256699,0.398839,0.000200002,-5.28434e-09,-4.59871e-07,-5.28434e-09,0.000200014,1.23181e-06,-4.59871e-07,1.23181e-06,0.000199994
0.540105,-0.314597,-1.73366,0.531803,-0.320453,-1.72892,0.00807461,0.00524666,0.0325546,0.398839,0.000200002,-5.37288e-09,-4.74391e-07,-5.37288e-09,0.000200014,1.22175e-06,-4.74391e-07,1.22175e-06,0.000199994
0.541321,-0.314768,-1.73623,0.531812,-0.320471,-1.72893,0.00929101,0.00507593,0.0299765,0.392013,0.000200002,-5.34047e-09,-4.60408e-07,-5.34047e-09,0.000200014,1.24326e-06,-4.60408e-07,1.24326e-06,0.000199994
0.542319,-0.314889,-1.7382,0.531805,-0.320462,-1.72896,0.0102887,0.00495455,0.0280125,0.392013,0.000200002,-5.33689e-09,-4.53108e-07,-5.33689e-09,0.000200015,1.26133e-06,-4.53108e-07,1.26133e-06,0.000199994
0.543069,-0.315023,-1.73998,0.531805,-0.320456,-1.72897,0.00913494,0.00646167,0.0335429,0.395426,0.000200002,-5.25606e-09,-4.4186e-07,-5.25606e-09,0.000200015,1.26538e-06,-4.4186e-07,1.26538e-06,0.000199994
0.544253,-0.316117,-1.74546,0.534735,-0.324297,-1.74769,0.0103188,0.00536818,0.0280595,0.405029,0.000200002,-4.92312e-09,-4.02911e-07,-4.92312e-09,0.000200015,1.26635e-06,-4.02911e-07,1.26635e-06,0.000199994
0.545345,-0.317088,-1.74953,0.534768,-0.324292,-1.74765,0.0106742,0.00695657,0.0354926,0.408407,0.000200001,-4.57541e-09,-3.61365e-07,-4.57541e-09,0.000200015,1.28919e-06,-3.61365e-07,1.28919e-06,0.000199994
0.546052,-0.317734,-1.75184,0.534777,-0.324283,-1.7476,0.0113813,0.00631127,0.0331808,0.408407,0.000200001,-4.41831e-09,-3.55667e-07,-4.41831e-09,0.000200015,1.27707e-06,-3.55667e-07,1.27707e-06,0.000199994
0.546596,-0.318271,-1.75296,0.534787,-0.324281,-1.74759,0.0119255,0.00577373,0.0320604,0.408407,0.000200001,-4.26992e-09,-3.4866e-07,-4.26992e-09,0.000200015,1.26552e-06,-3.4866e-07,1.26552e-06,0.000199994
0.547175,-0.318753,-1.75292,0.534786,-0.324287,-1.74757,0.0114213,0.00648296,0.0373402,0.405029,0.000200001,-4.14953e-09,-3.36503e-07,-4.14953e-09,0.000200015,1.28093e-06,-3.36503e-07,1.28093e-06,0.000199994
0.548632,-0.320295,-1.75663,0.53909,-0.329793,-1.77039,0.0128786,0.00494172,0.0336281,0.405471,0.000200001,-4.07654e-09,-3.25525e-07,-4.07654e-09,0.000200016,1.31074e-06,-3.25525e-07,1.31074e-06,0.000199994
0.549852,-0.321608,-1.75949,0.539101,-0.329785,-1.77036,0.0124027,0.00641672,0.0443896,0.408815,0.000200001,-3.92089e-09,-3.04818e-07,-3.92089e-09,0.000200016,1.33836e-06,-3.04818e-07,1.33836e-06,0.000199994
0.550739,-0.322798,-1.76188,0.539106,-0.329787,-1.77034,0.0132894,0.00522678,0.0420045,0.408797,0.000200001,-3.5691e-09,-2.68592e-07,-3.5691e-09,0.000200017,1.34182e-06,-2.68592e-07,1.34182e-06,0.000199994
0.551449,-0.323866,-1.76368,0.539106,-0.329807,-1.77034,0.0139996,0.00415807,0.0402007,0.408815,0.000200001,-3.13322e-09,-2.2696e-07,-3.13322e-09,0.000200017,1.34431e-06,-2.2696e-07,1.34431e-06,0.000199994
0.552044,-0.324922,-1.76543,0.539113,-0.3298,-1.77032,0.0133467,0.0055203,0.0430237,0.412141,0.0002,-2.51068e-09,-1.67231e-07,-2.51068e-09,0.000200017,1.35015e-06,-1.67231e-07,1.35015e-06,0.000199994
0.552486,-0.32583,-1.76672,0.539111,-0.329805,-1.77033,0.0137891,0.00461272,0.0417271,0.408815,0.0002,-1.93624e-09,-1.18856e-07,-1.93624e-09,0.000200017,1.34861e-06,-1.18856e-07,1.34861e-06,0.000199994
0.552995,-0.32822,-1.77349,0.54029,-0.338016,-1.7979,0.0121642,0.00533399,0.0385287,0.360346,0.0002,-1.5126e-09,-8.98018e-08,-1.5126e-09,0.000200017,1.33429e-06,-8.98018e-08,1.33429e-06,0.000199994
0.553476,-0.330201,-1.77869,0.540292,-0.338006,-1.79788,0.0126454,0.00335363,0.0333278,0.358459,0.0002,-1.09999e-09,-5.87276e-08,-1.09999e-09,0.000200017,1.33716e-06,-5.87276e-08,1.33716e-06,0.000199994
0.553971,-0.331796,-1.78233,0.540301,-0.338007,-1.79787,0.0131399,0.00175801,0.0296899,0.358459,0.0002,-7.77256e-10,-3.64622e-08,-7.77256e-10,0.000200017,1.35636e-06,-3.64622e-08,1.35636e-06,0.000199994
0.554391,-0.333065,-1.78492,0.540302,-0.338013,-1.79785,0.00960818,0.00410181,0.0249753,0.358459,0.0002,-5.48189e-10,-2.32014e-08,-5.48189e-10,0.000200017,1.37267e-06,-2.32014e-08,1.37267e-06,0.000199994
0.554684,-0.334184,-1.78773,0.540301,-0.338018,-1.79788,0.00990074,0.00298317,0.0221709,0.361793,0.0002,-2.22241e-10,2.95429e-09,-2.22241e-10,0.000200018,1.37617e-06,2.95429e-09,1.37617e-06,0.000199994
0.55494,-0.335065,-1.78987,0.540286,-0.338007,-1.7979,0.00716202,0.00583481,0.0125279,0.358459,0.0002,1.20009e-11,1.84343e-08,1.20009e-11,0.000200018,1.38241e-06,1.84343e-08,1.38241e-06,0.000199993
0.556961,-0.337151,-1.78747,0.549702,-0.345012,-1.77573,0.00918344,0.00374886,0.0149275,0.323228,0.0002,2.03371e-10,3.07086e-08,2.03371e-10,0.000200018,1.37565e-06,3.07086e-08,1.37565e-06,0.000199993
0.558509,-0.339062,-1.7852,0.550039,-0.345088,-1.77503,0.00748371,0.00485789,0.0264175,0.323433,0.0002,6.52116e-10,7.42105e-08,6.52116e-10,0.000200017,1.3493e-06,7.42105e-08,1.3493e-06,0.000199994
0.559655,-0.340413,-1.78321,0.55015,-0.345103,-1.77469,0.00863052,0.00350707,0.0284072,0.320348,0.0002,7.22963e-10,7.25779e-08,7.22963e-10,0.000200017,1.31435e-06,7.25779e-08,1.31435e-06,0.000199994
0.560753,-0.341703,-1.78099,0.550189,-0.345108,-1.77466,0.00972828,0.00221629,0.0306286,0.325596,0.0002,1.05859e-09,1.04057e-07,1.05859e-09,0.000200016,1.31961e-06,1.04057e-07,1.31961e-06,0.000199994
0.561565,-0.342784,-1.77889,0.550233,-0.345122,-1.77458,0.00695388,0.00285301,0.0298332,0.328974,0.0002,1.36365e-09,1.30822e-07,1.36365e-09,0.000200016,1.31101e-06,1.30822e-07,1.31101e-06,0.000199994
0.563962,-0.345061,-1.77664,0.55893,-0.351364,-1.76862,0.00935108,0.000576411,0.0320817,0.317389,0.0002,1.82777e-09,1.75376e-07,1.82777e-09,0.000200016,1.30664e-06,1.75376e-07,1.30664e-06,0.000199994
0.565931,-0.346997,-1.77487,0.559183,-0.351415,-1.76824,0.0113199,-0.00135913,0.0338549,0.327085,0.0002,2.32118e-09,2.20252e-07,2.32118e-09,0.000200016,1.30389e-06,2.20252e-07,1.30389e-06,0.000199994
0.567597,-0.348479,-1.77355,0.559338,-0.351475,-1.76773,0.00615666,0.00259997,0.0280803,0.327085,0.0002,2.60084e-09,2.36313e-07,2.60084e-09,0.000200016,1.31172e-06,2.36313e-07,1.31172e-06,0.000199994
0.568969,-0.349644,-1.77298,0.559402,-0.351477,-1.76758,0.00752807,0.00143407,0.0286481,0.326842,0.0002,2.78439e-09,2.43628e-07,2.78439e-09,0.000200016,1.32081e-06,2.43628e-07,1.32081e-06,0.000199994
0.57022,-0.350215,-1.77181,0.55958,-0.351501,-1.76711,0.00677149,0.00360454,0.0319969,0.336413,0.0002,2.42161e-09,1.89019e-07,2.42161e-09,0.000200017,1.34572e-06,1.89019e-07,1.34572e-06,0.000199994
0.571271,-0.350396,-1.77051,0.559663,-0.351509,-1.76685,0.00782297,0.0034238,0.0332957,0.336413,0.0002,1.71614e-09,1.09257e-07,1.71614e-09,0.000200017,1.3672e-06,1.09257e-07,1.3672e-06,0.000199994
0.573651,-0.352404,-1.76802,0.56748,-0.362423,-1.76053,0.0102027,0.00141569,0.0357935,0.284584,0.0002,6.92831e-10,8.02496e-09,6.92831e-10,0.000200017,1.377e-06,8.02496e-09,1.377e-06,0.000199994
0.575413,-0.353587,-1.76594,0.567654,-0.362461,-1.76016,0.00815518,0.00540558,0.0385184,0.291206,0.0002,-7.13075e-10,-1.26071e-07,-7.13075e-10,0.000200017,1.35503e-06,-1.26071e-07,1.35503e-06,0.000199994
0.576655,-0.354175,-1.7652,0.567672,-0.36248,-1.76013,0.00939782,0.00481799,0.0392561,0.297829,0.000200001,-2.23534e-09,-2.69675e-07,-2.23534e-09,0.000200016,1.31406e-06,-2.69675e-07,1.31406e-06,0.000199994
0.577656,-0.3546,-1.7648,0.567671,-0.362472,-1.76004,0.00815388,0.00918156,0.039879,0.311074,0.000200001,-3.4138e-09,-3.68472e-07,-3.4138e-09,0.000200016,1.28906e-06,-3.68472e-07,1.28906e-06,0.000199994
0.5784,-0.354907,-1.76416,0.567685,-0.362467,-1.76003,0.00889816,0.00887535,0.0405173,0.311074,0.000200001,-4.29165e-09,-4.37366e-07,-4.29165e-09,0.000200015,1.26355e-06,-4.37366e-07,1.26355e-06,0.000199994
0.579813,-0.355371,-1.76539,0.572802,-0.364267,-1.76818,0.010311,0.00841086,0.0392914,0.224239,0.000200002,-5.0052e-09,-5.05591e-07,-5.0052e-09,0.000200014,1.21367e-06,-5.05591e-07,1.21367e-06,0.000199994
0.580972,-0.355698,-1.76655,0.5729,-0.364245,-1.76807,0.00932281,0.00851764,0.0354276,0.23744,0.000200002,-5.55257e-09,-5.5533e-07,-5.55257e-09,0.000200014,1.1834e-06,-5.5533e-07,1.1834e-06,0.000199994
0.581903,-0.355856,-1.76738,0.572912,-0.364265,-1.76806,0.0102535,0.00835919,0.0346026,0.23744,0.000200003,-6.0663e-09,-6.04094e-07,-6.0663e-09,0.000200013,1.16425e-06,-6.04094e-07,1.16425e-06,0.000199994
0.58243,-0.355984,-1.76741,0.572905,-0.364262,-1.76806,0.00656892,0.0081193,0.0391455,0.23744,0.000200003,-6.28976e-09,-6.35251e-07,-6.28976e-09,0.000200012,1.1173e-06,-6.35251e-07,1.1173e-06,0.000199994
0.582855,-0.356086,-1.76745,0.572919,-0.364255,-1.76808,0.00699387,0.00801802,0.0391123,0.24074,0.000200004,-6.42909e-09,-6.55177e-07,-6.42909e-09,0.000200012,1.08726e-06,-6.55177e-07,1.08726e-06,0.000199994
0.583201,-0.356169,-1.76726,0.572949,-0.364266,-1.76804,0.00733999,0.00793446,0.0393023,0.244041,0.000200004,-6.51707e-09,-6.68014e-07,-6.51707e-09,0.000200011,1.06798e-06,-6.68014e-07,1.06798e-06,0.000199994
0.584331,-0.356933,-1.7663,0.576737,-0.368119,-1.76193,0.00416795,0.00405761,0.037646,0.532292,0.000200004,-6.7185e-09,-6.86799e-07,-6.7185e-09,0.000200011,1.07174e-06,-6.86799e-07,1.07174e-06,0.000199994
0.585282,-0.357526,-1.76559,0.576854,-0.368124,-1.76168,0.00511889,0.00346445,0.0383564,0.530055,0.000200004,-6.9091e-09,-7.01817e-07,-6.9091e-09,0.000200011,1.07792e-06,-7.01817e-07,1.07792e-06,0.000199994
0.586033,-0.358021,-1.76489,0.576931,-0.368146,-1.76153,-0.00079223,-8.575e-05,0.0464704,0.526642,0.000200005,-7.01584e-09,-7.09078e-07,-7.01584e-09,0.000200011,1.07767e-06,-7.09078e-07,1.07767e-06,0.000199994
0.586718,-0.358365,-1.76398,0.576985,-0.368145,-1.76137,-0.000106564,-0.000430308,0.0473767,0.530279,0.000200005,-7.20717e-09,-7.222e-07,-7.20717e-09,0.000200011,1.0892e-06,-7.222e-07,1.0892e-06,0.000199994
0.587254,-0.358661,-1.76334,0.577049,-0.368171,-1.76126,0.000428681,-0.00072638,0.0480211,0.526866,0.000200005,-7.31595e-09,-7.28221e-07,-7.31595e-09,0.000200011,1.09238e-06,-7.28221e-07,1.09238e-06,0.000199994
0.59108,-0.356621,-1.76779,0.593959,-0.356661,-1.78505,-0.00291857,-0.00367265,0.0414725,0.411898,0.000200005,-7.39518e-09,-7.32226e-07,-7.39518e-09,0.000200011,1.09431e-06,-7.32226e-07,1.09431e-06,0.000199994
0.594231,-0.354994,-1.77091,0.594262,-0.356743,-1.78444,0.000232492,-0.0020461,0.0383468,0.40563,0.000200005,-7.48392e-09,-7.35855e-07,-7.48392e-09,0.000200011,1.10063e-06,-7.35855e-07,1.10063e-06,0.000199994
0.596822,-0.353687,-1.77324,0.594472,-0.356777,-1.78409,-0.00066688,-0.00277688,0.0354201,0.41109,0.000200005,-7.58342e-09,-7.39637e-07,-7.58342e-09,0.000200011,1.10948e-06,-7.39637e-07,1.10948e-06,0.000199994
0.598958,-0.352613,-1.77529,0.594526,-0.356783,-1.78401,0.00146882,-0.00170261,0.0333676,0.41794,0.000200005,-7.73191e-09,-7.46308e-07,-7.73191e-09,0.000200012,1.12388e-06,-7.46308e-07,1.12388e-06,0.000199994
0.600642,-0.351772,-1.77704,0.59452,-0.35678,-1.78401,-0.00460527,-0.00565743,0.0324022,0.414515,0.000200005,-7.80257e-09,-7.47033e-07,-7.80257e-09,0.000200012,1.12966e-06,-7.47033e-07,1.12966e-06,0.000199994
0.601985,-0.3511,-1.77844,0.594489,-0.356767,-1.78406,-0.00326252,-0.00498491,0.0309967,0.414515,0.000200005,-7.84993e-09,-7.4678e-07,-7.84993e-09,0.000200012,1.13383e-06,-7.4678e-07,1.13383e-06,0.000199994
0.606092,-0.34824,-1.77911,0.609775,-0.345068,-1.78333,0.000844681,-0.00212509,0.0303311,0.466506,0.000200005,-7.84198e-09,-7.4357e-07,-7.84198e-09,0.000200012,1.13274e-06,-7.4357e-07,1.13274e-06,0.000199994
0.609484,-0.345902,-1.77969,0.609929,-0.345062,-1.78307,-0.00316825,-0.00491952,0.0265875,0.46671,0.000200005,-7.94913e-09,-7.49072e-07,-7.94913e-09,0.000200012,1.14435e-06,-7.49072e-07,1.14435e-06,0.000199994
0.612054,-0.344157,-1.78018,0.610092,-0.345108,-1.78265,-0.000598172,-0.0031736,0.0261001,0.477386,0.000200005,-7.75687e-09,-7.33927e-07,-7.75687e-09,0.000200012,1.12374e-06,-7.33927e-07,1.12374e-06,0.000199994
0.614077,-0.342796,-1.78053,0.610175,-0.345126,-1.78244,-0.00598248,-0.00659898,0.0283115,0.470269,0.000200005,-7.52642e-09,-7.18799e-07,-7.52642e-09,0.000200012,1.1026e-06,-7.18799e-07,1.1026e-06,0.000199994
0.615764,-0.34168,-1.78056,0.610268,-0.345144,-1.78226,-0.00429499,-0.00548232,0.0282756,0.473827,0.000200005,-7.42412e-09,-7.14327e-07,-7.42412e-09,0.000200011,1.09716e-06,-7.14327e-07,1.09716e-06,0.000199994
0.619714,-0.338481,-1.78134,0.62295,-0.33396,-1.78704,-0.000345651,-0.00228342,0.0275015,0.341728,0.000200005,-7.48082e-09,-7.23456e-07,-7.48082e-09,0.000200011,1.10311e-06,-7.23456e-07,1.10311e-06,0.000199994
0.622964,-0.335946,-1.78223,0.623319,-0.333953,-1.78682,-0.00351266,-0.00460559,0.0233451,0.363019,0.000200005,-7.51301e-09,-7.24793e-07,-7.51301e-09,0.000200011,1.10984e-06,-7.24793e-07,1.10984e-06,0.000199994
0.625624,-0.333921,-1.78326,0.623619,-0.333968,-1.78637,-0.000852559,-0.00258101,0.02231,0.361702,0.000200005,-7.53762e-09,-7.25082e-07,-7.53762e-09,0.000200012,1.11452e-06,-7.25082e-07,1.11452e-06,0.000199994
0.627798,-0.332293,-1.78394,0.623719,-0.333999,-1.78617,-0.00270525,-0.00320633,0.0246464,0.365461,0.000200005,-7.59398e-09,-7.27508e-07,-7.59398e-09,0.000200012,1.1218e-06,-7.27508e-07,1.1218e-06,0.000199994
0.629517,-0.331025,-1.78403,0.623867,-0.334002,-1.78595,-0.000986031,-0.00193811,0.0245569,0.366994,0.000200005,-7.56089e-09,-7.23778e-07,-7.56089e-09,0.000200012,1.1184e-06,-7.23778e-07,1.1184e-06,0.000199994
0.630921,-0.330018,-1.78407,0.624009,-0.334044,-1.78578,0.000417653,-0.000931762,0.024518,0.378328,0.000200005,-7.533e-09,-7.21355e-07,-7.533e-09,0.000200012,1.11626e-06,-7.21355e-07,1.11626e-06,0.000199994
0.635299,-0.326964,-1.78321,0.640439,-0.322761,-1.77876,-0.00310085,-0.0025032,0.0225856,0.386307,0.000200005,-7.47165e-09,-7.16924e-07,-7.47165e-09,0.000200012,1.11101e-06,-7.16924e-07,1.11101e-06,0.000199994
0.638869,-0.324524,-1.78263,0.640785,-0.322786,-1.77824,0.000469569,-6.32059e-05,0.0231678,0.407941,0.000200005,-7.42486e-09,-7.14327e-07,-7.42486e-09,0.000200011,1.1075e-06,-7.14327e-07,1.1075e-06,0.000199994
