EKF_x,EKF_y,EKF_theta,PM_x,PM_y,PM_theta,errorEKF_x,errorEKF_y,errorEKF_theta,errorPM,EKFCovXX,EKFCovXY,EKFCovXTheta,EKFCovYX,EKFCovYY,EKFCovYTheta,EKFCovThetaX,EKFCovThetaY,EKFCovThetaTheta
0.607417,0.289549,-1.65639,0.607417,0.289549,-1.65639,0.00741654,-0.0648513,-0.0863893,14.4052,0.000999999,-4.32142e-23,1.33067e-14,1.15242e-23,0.000999999,-1.32854e-14,1.3303e-14,-1.32862e-14,0.000999999
0.608633,0.286768,-1.66089,0.609777,0.284108,-1.66526,0.00863269,-0.067632,-0.0908922,14.4822,0.000512195,-2.1227e-14,-2.88172e-09,-2.1227e-14,0.000512195,3.4221e-09,-2.88172e-09,3.4221e-09,0.000512195
0.609271,0.285632,-1.66281,0.610406,0.283612,-1.66622,0.00927096,-0.068768,-0.0928113,14.4239,0.000359875,-6.11131e-15,-1.18081e-09,-6.11131e-15,0.000359875,1.40224e-09,-1.18081e-09,1.40224e-09,0.000359875
0.609624,0.284901,-1.664,0.610455,0.283154,-1.66672,0.00962364,-0.0694987,-0.0940033,14.4013,0.000290717,2.32258e-14,2.02403e-09,2.32258e-14,0.000290717,2.88082e-09,2.02403e-09,2.88082e-09,0.000290717
0.609819,0.284424,-1.66466,0.610428,0.282979,-1.66683,0.00981901,-0.0699765,-0.0946635,14.4857,0.000254131,3.75252e-15,-1.21477e-09,3.75252e-15,0.000254131,-3.38224e-10,-1.21477e-09,-3.38224e-10,0.000254131
0.609988,0.284322,-1.66471,0.610544,0.283987,-1.66487,0.009988,-0.0700782,-0.0947124,14.7404,0.000233206,2.02114e-15,-7.14253e-10,2.02114e-15,0.000233206,-1.98867e-10,-7.14253e-10,-1.98867e-10,0.000233206
0.610101,0.28406,-1.6652,0.610458,0.283186,-1.66666,0.0101011,-0.07034,-0.0952035,14.3303,0.000220702,1.55956e-14,1.6175e-09,1.55956e-14,0.000220702,1.57706e-09,1.6175e-09,1.57706e-09,0.000220702
0.61018,0.283839,-1.66557,0.610473,0.283022,-1.66693,0.0101803,-0.0705612,-0.0955714,14.4675,0.000213033,8.41533e-15,1.00175e-09,8.41533e-15,0.000213033,9.76698e-10,1.00175e-09,9.76698e-10,0.000213033
0.610229,0.283711,-1.6658,0.610415,0.283224,-1.66668,0.0102292,-0.0706892,-0.0958019,14.3276,0.000208255,4.78964e-15,6.27954e-10,4.78964e-15,0.000208255,6.12253e-10,6.27954e-10,6.12253e-10,0.000208255
0.610278,0.283609,-1.66599,0.610466,0.283214,-1.6667,0.0102779,-0.0707912,-0.0959852,14.4031,0.000205249,2.83228e-15,3.96634e-10,2.83228e-15,0.000205249,3.86717e-10,3.96634e-10,3.86717e-10,0.000205249
0.610353,0.283546,-1.66616,0.610645,0.2833,-1.66687,0.0103526,-0.070854,-0.0961648,14.3183,0.000203345,1.71998e-15,2.51728e-10,1.71998e-15,0.000203345,2.45434e-10,2.51728e-10,2.45434e-10,0.000203345
0.610382,0.283444,-1.66628,0.610547,0.282982,-1.66703,0.0103823,-0.0709565,-0.0962754,14.4236,0.000202135,1.63789e-14,-1.71662e-09,1.63789e-14,0.000202135,-1.39315e-09,-1.71662e-09,-1.39315e-09,0.000202135
0.610425,0.28336,-1.66642,0.610595,0.283029,-1.667,0.0104252,-0.0710399,-0.096421,14.5881,0.000201364,9.22858e-15,-1.09489e-09,9.22858e-15,0.000201364,-8.88577e-10,-1.09489e-09,-8.88577e-10,0.000201364
0.610451,0.283276,-1.66661,0.610508,0.282999,-1.66706,0.0104514,-0.0711241,-0.0966124,14.365,0.000200872,1.01946e-14,1.16591e-09,1.01946e-14,0.000200872,9.70933e-10,1.16591e-09,9.70933e-10,0.000200872
0.610502,0.283229,-1.66672,0.610705,0.28304,-1.66714,0.0105023,-0.0711713,-0.0967182,14.5607,0.000200558,5.93704e-15,7.45139e-10,5.93704e-15,0.000200558,6.20531e-10,7.45139e-10,6.20531e-10,0.000200558
0.610507,0.283199,-1.66679,0.610526,0.283081,-1.66707,0.0105072,-0.0712009,-0.0967888,14.417,0.000200357,3.55989e-15,4.76464e-10,3.55989e-15,0.000200357,3.96786e-10,4.76464e-10,3.96786e-10,0.000200357
0.610559,0.283113,-1.6669,0.610768,0.282769,-1.66735,0.0105593,-0.0712869,-0.0969007,14.4725,0.000200228,2.18032e-15,3.04763e-10,2.18032e-15,0.000200228,2.53798e-10,3.04763e-10,2.53798e-10,0.000200228
0.610551,0.283124,-1.66694,0.610518,0.283168,-1.66709,0.010551,-0.0712759,-0.0969381,14.5095,0.000200146,1.35531e-15,1.94977e-10,1.35531e-15,0.000200146,1.62371e-10,1.94977e-10,1.62371e-10,0.000200146
0.610573,0.283074,-1.66702,0.610662,0.282874,-1.66736,0.0106733,-0.071326,-0.0970227,14.3709,0.000200093,8.50995e-16,1.24756e-10,8.50995e-16,0.000200093,1.03893e-10,1.24756e-10,1.03893e-10,0.000200093
0.610605,0.283054,-1.66706,0.610722,0.282869,-1.66721,0.0106052,-0.0713459,-0.0970602,14.2139,0.00020006,-8.0399e-15,-3.30889e-09,-8.0399e-15,0.00020006,3.93576e-10,-3.30889e-09,3.93576e-10,0.00020006
0.610603,0.283006,-1.66698,0.610605,0.282918,-1.66729,0.0107031,-0.0713943,-0.0969798,14.3975,0.000200038,-1.60286e-15,1.27089e-09,-1.60286e-15,0.000200038,-7.47819e-11,1.27089e-09,-7.47819e-11,0.000200038
0.610646,0.283006,-1.66711,0.610758,0.282961,-1.66733,0.0107456,-0.0713937,-0.0971137,14.4576,0.000200025,-9.23751e-15,-7.17141e-10,-9.23751e-15,0.000200025,1.80976e-09,-7.17141e-10,1.80976e-09,0.000200025
0.610667,0.28296,-1.66717,0.610751,0.282775,-1.66738,0.0107667,-0.07144,-0.0971663,14.5479,0.000200016,-5.24731e-15,-4.58952e-10,-5.24731e-15,0.000200016,1.1582e-09,-4.58952e-10,1.1582e-09,0.000200016
0.610649,0.282992,-1.6671,0.610636,0.283167,-1.66714,0.010749,-0.0714082,-0.0970981,14.4151,0.00020001,-1.07154e-14,1.23657e-09,-1.07154e-14,0.00020001,-1.11629e-09,1.23657e-09,-1.11629e-09,0.00020001
0.610685,0.283211,-1.66669,0.610782,0.284147,-1.66472,0.0107852,-0.0711888,-0.0966868,14.7847,0.000200006,1.17384e-14,2.64901e-09,1.17384e-14,0.000200006,8.15681e-10,2.64901e-09,8.15681e-10,0.000200006
0.610712,0.283197,-1.66675,0.610817,0.283142,-1.66703,0.0108116,-0.0712025,-0.0967547,14.5157,0.000200004,6.40622e-15,1.69535e-09,6.40622e-15,0.000200004,5.2203e-10,1.69535e-09,5.2203e-10,0.000200004
0.610723,0.283095,-1.66688,0.61077,0.282686,-1.6674,0.0108232,-0.0713049,-0.0968831,14.4434,0.000200003,3.64683e-15,1.08502e-09,3.64683e-15,0.000200003,3.34097e-10,1.08502e-09,3.34097e-10,0.000200003
0.610712,0.283051,-1.66694,0.610667,0.282874,-1.66719,0.010812,-0.0713491,-0.0969439,14.4248,0.000200002,2.14836e-15,6.94408e-10,2.14836e-15,0.000200002,2.13821e-10,6.94408e-10,2.13821e-10,0.000200002
0.610704,0.283016,-1.66699,0.610718,0.282817,-1.6675,0.0108038,-0.0713842,-0.0969926,14.3019,0.000200001,1.3821e-14,-1.41267e-09,1.3821e-14,0.000200001,-1.39379e-09,-1.41267e-09,-1.39379e-09,0.000200001
0.6107,0.283001,-1.66705,0.610687,0.28294,-1.6673,0.0108004,-0.0713993,-0.0970537,14.5242,0.000200001,7.83732e-15,-9.04106e-10,7.83732e-15,0.000200001,-8.92021e-10,-9.04106e-10,-8.92021e-10,0.000200001
0.610711,0.282956,-1.66711,0.610753,0.282776,-1.66733,0.0108109,-0.0714443,-0.0971082,14.5097,0.0002,4.60296e-15,-5.78627e-10,4.60296e-15,0.0002,-5.70893e-10,-5.78627e-10,-5.70893e-10,0.0002
0.610693,0.282866,-1.66728,0.610671,0.282448,-1.66764,0.0106933,-0.0715342,-0.0972774,14.5927,0.0002,2.96005e-14,-2.2279e-09,2.96005e-14,0.0002,-1.8954e-09,-2.2279e-09,-1.8954e-09,0.0002
0.610712,0.282998,-1.66701,0.61074,0.283585,-1.66562,0.0107122,-0.0714019,-0.0970089,14.7851,0.0002,6.32925e-15,4.3198e-10,6.32925e-15,0.0002,3.16657e-10,4.3198e-10,3.16657e-10,0.0002
0.610693,0.282992,-1.66703,0.610618,0.282969,-1.66713,0.0107933,-0.0714078,-0.0970322,14.4001,0.0002,3.98069e-15,2.76467e-10,3.98069e-15,0.0002,2.0266e-10,2.76467e-10,2.0266e-10,0.0002
0.610711,0.282977,-1.66711,0.610782,0.282916,-1.66743,0.0108111,-0.0714231,-0.0971113,14.4087,0.0002,2.51895e-15,1.76939e-10,2.51895e-15,0.0002,1.29703e-10,1.76939e-10,1.29703e-10,0.0002
0.61072,0.282937,-1.66714,0.610756,0.282777,-1.66724,0.0108201,-0.0714631,-0.0971377,14.4486,0.0002,1.60038e-15,1.13241e-10,1.60038e-15,0.0002,8.30096e-11,1.13241e-10,8.30096e-11,0.0002
0.610722,0.282936,-1.66704,0.61072,0.282826,-1.66727,0.0108222,-0.0714641,-0.0970363,14.4743,0.0002,-7.27241e-15,-3.31519e-09,-7.27241e-15,0.0002,3.79969e-10,-3.31519e-09,3.79969e-10,0.0002
0.61071,0.282925,-1.66705,0.610671,0.282989,-1.6671,0.01081,-0.0714748,-0.0970493,14.4053,0.0002,-1.32006e-15,1.26592e-09,-1.32006e-15,0.0002,-8.3857e-11,1.26592e-09,-8.3857e-11,0.0002
0.610714,0.282938,-1.66704,0.610728,0.282991,-1.66702,0.0108137,-0.0714616,-0.0970437,14.3799,0.0002,-7.90484e-16,8.10191e-10,-7.90484e-16,0.0002,-5.36685e-11,8.10191e-10,-5.36685e-11,0.0002
0.610729,0.282974,-1.66706,0.610792,0.283114,-1.66712,0.0108293,-0.0714265,-0.0970596,14.4602,0.0002,-4.83647e-16,5.18522e-10,-4.83647e-16,0.0002,-3.43478e-11,5.18522e-10,-3.43478e-11,0.0002
0.610729,0.282962,-1.6671,0.610726,0.282914,-1.66724,0.0108286,-0.0714383,-0.0970956,14.3211,0.0002,-3.00415e-16,3.31854e-10,-3.00415e-16,0.0002,-2.19826e-11,3.31854e-10,-2.19826e-11,0.0002
0.61075,0.282914,-1.66718,0.610835,0.282724,-1.66752,0.01075,-0.0714858,-0.0971803,14.4477,0.0002,-1.88531e-16,2.12387e-10,-1.88531e-16,0.0002,-1.40689e-11,2.12387e-10,-1.40689e-11,0.0002
0.610757,0.282854,-1.66726,0.610783,0.282615,-1.66757,0.0107566,-0.0715457,-0.0972581,14.488,0.0002,-1.1913e-16,1.35927e-10,-1.1913e-16,0.0002,-9.00408e-12,1.35927e-10,-9.00408e-12,0.0002
0.610796,0.282819,-1.66734,0.610903,0.282735,-1.66735,0.0107955,-0.0715811,-0.0973393,14.4788,0.0002,1.93778e-14,1.94479e-09,1.93778e-14,0.0002,1.52398e-09,1.94479e-09,1.52398e-09,0.0002
0.610784,0.282837,-1.66733,0.610736,0.282911,-1.66728,0.0107836,-0.0715627,-0.0973272,14.4589,0.0002,1.08843e-14,1.24467e-09,1.08843e-14,0.0002,9.75348e-10,1.24467e-09,9.75348e-10,0.0002
0.610791,0.282816,-1.66735,0.610818,0.282732,-1.66743,0.0107905,-0.0715838,-0.0973485,14.4882,0.0002,6.3444e-15,7.96588e-10,6.3444e-15,0.0002,6.24223e-10,7.96588e-10,6.24223e-10,0.0002
0.610774,0.28287,-1.66729,0.610706,0.283087,-1.66706,0.0107736,-0.0715296,-0.0972915,14.5166,0.0002,3.80583e-15,5.09816e-10,3.80583e-15,0.0002,3.99502e-10,5.09816e-10,3.99502e-10,0.0002
0.610782,0.282862,-1.66727,0.610817,0.282828,-1.66717,0.0107823,-0.071538,-0.0972663,14.4303,0.0002,2.33145e-15,3.26282e-10,2.33145e-15,0.0002,2.55682e-10,3.26282e-10,2.55682e-10,0.0002
0.610814,0.282881,-1.66728,0.610939,0.282955,-1.66733,0.0108136,-0.0715194,-0.0972796,14.4249,0.0002,1.44941e-15,2.08821e-10,1.44941e-15,0.0002,1.63636e-10,2.08821e-10,1.63636e-10,0.0002
0.61081,0.282835,-1.66734,0.610794,0.282654,-1.66759,0.0108096,-0.0715647,-0.0973418,14.5746,0.0002,9.10129e-16,1.33645e-10,9.10129e-16,0.0002,1.04727e-10,1.33645e-10,1.04727e-10,0.0002
0.61083,0.282815,-1.66731,0.610969,0.282784,-1.66751,0.01083,-0.0715846,-0.0973125,14.556,0.0002,-1.84454e-14,1.61542e-09,-1.84454e-14,0.0002,-1.79066e-09,1.61542e-09,-1.79066e-09,0.0002
0.610845,0.282802,-1.66733,0.610903,0.282749,-1.66741,0.0108446,-0.0715978,-0.0973322,14.381,0.0002,-1.0324e-14,1.03387e-09,-1.0324e-14,0.0002,-1.14602e-09,1.03387e-09,-1.14602e-09,0.0002
0.610842,0.282859,-1.66739,0.610773,0.283037,-1.6673,0.0108418,-0.0715412,-0.0983898,14.4455,0.0002,-9.22059e-15,-8.67932e-10,-9.22059e-15,0.0002,1.12446e-09,-8.67932e-10,1.12446e-09,0.0002
0.6108,0.282851,-1.66737,0.610635,0.282818,-1.66728,0.0108004,-0.0715493,-0.0983679,14.4801,0.0002,-5.40149e-15,-5.55476e-10,-5.40149e-15,0.0002,7.19654e-10,-5.55476e-10,7.19654e-10,0.0002
0.61083,0.282838,-1.6674,0.610948,0.282788,-1.66753,0.0108299,-0.0715619,-0.0984008,14.4482,0.0002,-3.25228e-15,-3.55505e-10,-3.25228e-15,0.0002,4.60579e-10,-3.55505e-10,4.60579e-10,0.0002
0.610855,0.282785,-1.66745,0.610954,0.282571,-1.66763,0.0108548,-0.0716153,-0.0984465,14.471,0.0002,-1.99763e-15,-2.27523e-10,-1.99763e-15,0.0002,2.9477e-10,-2.27523e-10,2.9477e-10,0.0002
0.610892,0.282736,-1.66742,0.611039,0.282542,-1.6673,0.0108917,-0.0716639,-0.0984177,14.6112,0.0002,-1.24414e-15,-1.45615e-10,-1.24414e-15,0.0002,1.88653e-10,-1.45615e-10,1.88653e-10,0.0002
0.610861,0.282721,-1.66742,0.610739,0.282662,-1.66742,0.0108611,-0.0716788,-0.0984172,14.5546,0.0002,-7.82187e-16,-9.31934e-11,-7.82187e-16,0.0002,1.20738e-10,-9.31934e-11,1.20738e-10,0.0002
0.610882,0.282745,-1.6674,0.610964,0.282841,-1.66735,0.0108817,-0.0716549,-0.0984034,14.4289,0.0002,-4.94838e-16,-5.96438e-11,-4.94838e-16,0.0002,7.72723e-11,-5.96438e-11,7.72723e-11,0.0002
0.610892,0.282798,-1.66739,0.610936,0.283009,-1.66733,0.0108925,-0.0716021,-0.0983894,14.5203,0.0002,-3.14337e-16,-3.8172e-11,-3.14337e-16,0.0002,4.94543e-11,-3.8172e-11,4.94543e-11,0.0002
0.610908,0.282831,-1.66724,0.610972,0.282961,-1.66728,0.0109083,-0.0715694,-0.09824,14.6704,0.0002,-2.00209e-16,-2.44301e-11,-2.00209e-16,0.0002,3.16507e-11,-2.44301e-11,3.16507e-11,0.0002
0.61092,0.282792,-1.66725,0.610964,0.282637,-1.66731,0.0109195,-0.071608,-0.0982538,14.6062,0.0002,-1.27738e-16,-1.56353e-11,-1.27738e-16,0.0002,2.02565e-11,-1.56353e-11,2.02565e-11,0.0002
0.610922,0.28281,-1.66728,0.610931,0.282883,-1.66737,0.0109218,-0.0715899,-0.0982762,14.6245,0.0002,-8.15901e-17,-1.00066e-11,-8.15901e-17,0.0002,1.29641e-11,-1.00066e-11,1.29641e-11,0.0002
0.610932,0.282766,-1.66741,0.611029,0.282637,-1.66763,0.0109316,-0.0716341,-0.0984104,14.4148,0.0002,-1.8541e-14,1.52331e-09,-1.8541e-14,0.0002,-1.84953e-09,1.52331e-09,-1.84953e-09,0.0002
0.610931,0.282732,-1.66737,0.610871,0.282549,-1.6675,0.0109311,-0.071668,-0.0983653,14.5417,0.0002,-5.30501e-15,-5.5484e-10,-5.30501e-15,0.0002,6.74091e-10,-5.5484e-10,6.74091e-10,0.0002
0.610959,0.282659,-1.66746,0.61107,0.282369,-1.66781,0.0109589,-0.0717406,-0.0984551,14.5965,0.0002,-3.20371e-15,-3.55098e-10,-3.20371e-15,0.0002,4.31418e-10,-3.55098e-10,4.31418e-10,0.0002
0.610957,0.282692,-1.66743,0.610948,0.282823,-1.66734,0.0109567,-0.0717079,-0.0984313,14.4139,0.0002,-1.97194e-15,-2.27262e-10,-1.97194e-15,0.0002,2.76108e-10,-2.27262e-10,2.76108e-10,0.0002
0.610953,0.282737,-1.6674,0.610939,0.282917,-1.66728,0.0109531,-0.0716628,-0.0984005,14.2921,0.0002,-1.22991e-15,-1.45448e-10,-1.22991e-15,0.0002,1.76709e-10,-1.45448e-10,1.76709e-10,0.0002
0.610953,0.282772,-1.66736,0.610952,0.282911,-1.66722,0.010953,-0.071628,-0.0983645,14.419,0.0002,-7.73986e-16,-9.30867e-11,-7.73986e-16,0.0002,1.13094e-10,-9.30867e-11,1.13094e-10,0.0002
0.610952,0.282776,-1.66733,0.610947,0.282793,-1.6672,0.0109517,-0.0716239,-0.0983325,14.5554,0.0002,-4.89961e-16,-5.95755e-11,-4.89961e-16,0.0002,7.23799e-11,-5.95755e-11,7.23799e-11,0.0002
0.610935,0.282799,-1.66734,0.610866,0.282893,-1.66736,0.0109347,-0.0716005,-0.0983373,14.4226,0.0002,-3.11367e-16,-3.81283e-11,-3.11367e-16,0.0002,4.63232e-11,-3.81283e-11,4.63232e-11,0.0002
0.61089,0.2828,-1.66733,0.610711,0.282802,-1.66728,0.0108899,-0.0716001,-0.0973255,14.4246,0.0002,-1.98371e-16,-2.44021e-11,-1.98371e-16,0.0002,2.96468e-11,-2.44021e-11,2.96468e-11,0.0002
0.610858,0.282934,-1.66717,0.610732,0.283468,-1.66652,0.0108582,-0.0714664,-0.0971653,14.4536,0.0002,-1.26587e-16,-1.56174e-11,-1.26587e-16,0.0002,1.8974e-11,-1.56174e-11,1.8974e-11,0.0002
0.610835,0.282886,-1.66721,0.610741,0.282698,-1.66737,0.0108348,-0.0715135,-0.0972063,14.4568,0.0002,-8.08639e-17,-9.99511e-12,-8.08639e-17,0.0002,1.21433e-11,-9.99511e-12,1.21433e-11,0.0002
0.610797,0.282846,-1.66725,0.610648,0.282686,-1.66742,0.0107974,-0.0715536,-0.0982492,14.569,0.0002,-5.16907e-17,-6.39687e-12,-5.16907e-17,0.0002,7.77174e-12,-6.39687e-12,7.77174e-12,0.0002
0.610788,0.282875,-1.66722,0.610748,0.282991,-1.6671,0.0107876,-0.0715246,-0.0982187,14.5802,0.0002,-3.30566e-17,-4.094e-12,-3.30566e-17,0.0002,4.97391e-12,-4.094e-12,4.97391e-12,0.0002
0.610794,0.282886,-1.66719,0.610822,0.282929,-1.66707,0.0107945,-0.071514,-0.0981892,14.5818,0.0002,-2.11458e-17,-2.62016e-12,-2.11458e-17,0.0002,3.1833e-12,-2.62016e-12,3.1833e-12,0.0002
0.610791,0.28289,-1.66723,0.610731,0.282963,-1.66708,0.0107914,-0.0715103,-0.0972317,14.4558,0.0002,1.86453e-14,1.85602e-09,1.86453e-14,0.0002,1.53191e-09,1.85602e-09,1.53191e-09,0.0002
0.610797,0.282859,-1.66725,0.610821,0.282738,-1.66732,0.0107974,-0.0715406,-0.0972501,14.3467,0.0002,1.04773e-14,1.18785e-09,1.04773e-14,0.0002,9.80422e-10,1.18785e-09,9.80422e-10,0.0002
0.61082,0.282775,-1.66736,0.610912,0.282437,-1.66778,0.0108203,-0.0716252,-0.0973558,14.5482,0.0002,6.10918e-15,7.60225e-10,6.10918e-15,0.0002,6.2747e-10,7.60225e-10,6.2747e-10,0.0002
0.610811,0.282816,-1.66728,0.610822,0.282923,-1.66731,0.0108111,-0.071584,-0.097284,14.5182,0.0002,1.25359e-14,-1.37116e-09,1.25359e-14,0.0002,-1.12828e-09,-1.37116e-09,-1.12828e-09,0.0002
0.610818,0.282787,-1.66728,0.610846,0.282672,-1.66725,0.0108181,-0.0716128,-0.0972763,14.406,0.0002,7.23091e-15,-8.77545e-10,7.23091e-15,0.0002,-7.22097e-10,-8.77545e-10,-7.22097e-10,0.0002
0.610826,0.282815,-1.66721,0.610809,0.282986,-1.66728,0.0108257,-0.0715846,-0.0972143,14.4283,0.0002,1.16819e-14,1.29596e-09,1.16819e-14,0.0002,1.06786e-09,1.29596e-09,1.06786e-09,0.0002
0.610859,0.282816,-1.66724,0.610993,0.282818,-1.66734,0.0108593,-0.0715841,-0.0972397,14.5776,0.0002,6.76786e-15,8.29413e-10,6.76786e-15,0.0002,6.83432e-10,8.29413e-10,6.83432e-10,0.0002
0.610842,0.282904,-1.66716,0.610771,0.283256,-1.66682,0.0108416,-0.071496,-0.0971564,14.3263,0.0002,4.0412e-15,5.30824e-10,4.0412e-15,0.0002,4.37397e-10,5.30824e-10,4.37397e-10,0.0002
0.610839,0.282931,-1.66718,0.610827,0.283038,-1.66727,0.0108386,-0.0714693,-0.0971785,14.4284,0.0002,2.46749e-15,3.39727e-10,2.46749e-15,0.0002,2.79934e-10,3.39727e-10,2.79934e-10,0.0002
0.610824,0.28315,-1.66677,0.610812,0.28397,-1.66482,0.0108236,-0.0712498,-0.0967701,14.5343,0.0002,1.58144e-14,-1.64025e-09,1.58144e-14,0.0002,-1.35073e-09,-1.64025e-09,-1.35073e-09,0.0002
0.610817,0.283056,-1.66686,0.610742,0.282737,-1.66753,0.0108168,-0.0713441,-0.0968579,14.4453,0.0002,6.56129e-15,8.07049e-10,6.56129e-15,0.0002,6.66475e-10,8.07049e-10,6.66475e-10,0.0002
0.610817,0.283022,-1.66702,0.610866,0.282826,-1.66734,0.0108171,-0.0713785,-0.0970171,14.4738,0.0002,1.21907e-14,-1.34068e-09,1.21907e-14,0.0002,-1.10394e-09,-1.34068e-09,-1.10394e-09,0.0002
0.61082,0.282983,-1.66706,0.610829,0.282829,-1.66725,0.0108195,-0.071417,-0.0970642,14.5973,0.0002,7.04428e-15,-8.58033e-10,7.04428e-15,0.0002,-7.06523e-10,-8.58033e-10,-7.06523e-10,0.0002
0.610828,0.282961,-1.6671,0.610861,0.282871,-1.66722,0.0108279,-0.0714394,-0.0970958,14.4207,0.0002,4.19796e-15,-5.49141e-10,4.19796e-15,0.0002,-4.52175e-10,-5.49141e-10,-4.52175e-10,0.0002
0.610811,0.282942,-1.66714,0.610745,0.282865,-1.66733,0.0108113,-0.0714585,-0.0971436,14.4616,0.0002,2.55956e-15,-3.5145e-10,2.55956e-15,0.0002,-2.89392e-10,-3.5145e-10,-2.89392e-10,0.0002
0.610846,0.282843,-1.66731,0.610937,0.282505,-1.66765,0.010846,-0.0715573,-0.097308,14.4768,0.0002,1.5721e-14,1.6327e-09,1.5721e-14,0.0002,1.34475e-09,1.6327e-09,1.34475e-09,0.0002
0.610848,0.282806,-1.6672,0.610858,0.282658,-1.66739,0.0108484,-0.0715943,-0.0971968,14.3803,0.0002,8.93733e-15,1.04493e-09,8.93733e-15,0.0002,8.60637e-10,1.04493e-09,8.60637e-10,0.0002
0.610798,0.282835,-1.66726,0.610643,0.282897,-1.66722,0.0108977,-0.0715645,-0.097265,14.4662,0.0002,1.04812e-14,-1.18895e-09,1.04812e-14,0.0002,-9.7905e-10,-1.18895e-09,-9.7905e-10,0.0002
0.610833,0.282811,-1.66731,0.610972,0.282715,-1.66751,0.0109325,-0.0715886,-0.0973146,14.5107,0.0002,6.11196e-15,-7.60931e-10,6.11196e-15,0.0002,-6.26592e-10,-7.60931e-10,-6.26592e-10,0.0002
0.610805,0.282806,-1.6673,0.610694,0.282783,-1.66722,0.0109048,-0.0715942,-0.0972962,14.436,0.0002,3.66754e-15,-4.86996e-10,3.66754e-15,0.0002,-4.01019e-10,-4.86996e-10,-4.01019e-10,0.0002
0.610807,0.282899,-1.66723,0.610815,0.283271,-1.66696,0.0109068,-0.0715012,-0.0972284,14.3636,0.0002,2.24723e-15,-3.11677e-10,2.24723e-15,0.0002,-2.56652e-10,-3.11677e-10,-2.56652e-10,0.0002
0.610806,0.282932,-1.6672,0.610804,0.283067,-1.66711,0.0109062,-0.0714676,-0.0972038,14.4009,0.0002,1.39727e-15,-1.99473e-10,1.39727e-15,0.0002,-1.64257e-10,-1.99473e-10,-1.64257e-10,0.0002
0.610775,0.282922,-1.6672,0.610652,0.282882,-1.6672,0.0108754,-0.0714776,-0.0972037,14.2164,0.0002,8.77479e-16,-1.27663e-10,8.77479e-16,0.0002,-1.05125e-10,-1.27663e-10,-1.05125e-10,0.0002
0.610753,0.282895,-1.66717,0.610722,0.282835,-1.66738,0.0108531,-0.0715047,-0.0971748,14.4447,0.0002,-1.77768e-14,1.44844e-09,-1.77768e-14,0.0002,-1.92475e-09,1.44844e-09,-1.92475e-09,0.0002
0.610751,0.282904,-1.66735,0.610743,0.282938,-1.6674,0.010851,-0.071496,-0.097347,14.5011,0.0002,-9.94978e-15,9.26998e-10,-9.94978e-15,0.0002,-1.23184e-09,9.26998e-10,-1.23184e-09,0.0002
0.610778,0.282801,-1.66737,0.610837,0.282448,-1.66777,0.0108777,-0.0715989,-0.0973675,14.6235,0.0002,9.21284e-15,2.45097e-09,9.21284e-15,0.0002,7.41494e-10,2.45097e-09,7.41494e-10,0.0002
0.610758,0.282743,-1.66751,0.610729,0.282455,-1.66775,0.0108585,-0.0716565,-0.0975084,14.6406,0.0002,2.08383e-15,-2.89345e-10,2.08383e-15,0.0002,-1.05498e-09,-2.89345e-10,-1.05498e-09,0.0002
0.610768,0.282755,-1.66748,0.610805,0.282802,-1.66736,0.0108678,-0.0716449,-0.0974778,14.4395,0.0002,1.17736e-15,-1.85181e-10,1.17736e-15,0.0002,-6.7519e-10,-1.85181e-10,-6.7519e-10,0.0002
0.610729,0.282872,-1.66736,0.610576,0.283338,-1.66687,0.0108294,-0.0715283,-0.0973564,14.3257,0.0002,6.89495e-16,-1.18516e-10,6.89495e-16,0.0002,-4.32122e-10,-1.18516e-10,-4.32122e-10,0.0002
0.61074,0.28288,-1.66727,0.610724,0.282864,-1.66723,0.01084,-0.0715202,-0.0972684,14.4604,0.0002,-1.63839e-14,-1.60571e-09,-1.63839e-14,0.0002,1.58115e-09,-1.60571e-09,1.58115e-09,0.0002
0.610742,0.282843,-1.66727,0.610749,0.282697,-1.66729,0.0108418,-0.0715567,-0.0972718,14.5904,0.0002,-9.18579e-15,-1.02765e-09,-9.18579e-15,0.0002,1.01194e-09,-1.02765e-09,1.01194e-09,0.0002
0.610725,0.282809,-1.6673,0.610657,0.28267,-1.66739,0.0108248,-0.0715913,-0.0972952,14.4627,0.0002,-5.34647e-15,-6.57697e-10,-5.34647e-15,0.0002,6.47639e-10,-6.57697e-10,6.47639e-10,0.0002
0.610725,0.28281,-1.66731,0.610728,0.282815,-1.66739,0.0108254,-0.0715901,-0.0973135,14.3883,0.0002,-3.20365e-15,-4.20926e-10,-3.20365e-15,0.0002,4.14489e-10,-4.20926e-10,4.14489e-10,0.0002
0.610709,0.282819,-1.66737,0.6107,0.282904,-1.66728,0.0108086,-0.0715809,-0.0973707,14.565,0.0002,-1.46635e-14,1.26025e-09,-1.46635e-14,0.0002,-1.59261e-09,1.26025e-09,-1.59261e-09,0.0002
0.610741,0.282757,-1.66743,0.610872,0.282511,-1.66766,0.0108412,-0.0716425,-0.0974281,14.55,0.0002,-8.35704e-15,8.06559e-10,-8.35704e-15,0.0002,-1.01927e-09,8.06559e-10,-1.01927e-09,0.0002
0.61075,0.282745,-1.6674,0.610785,0.282697,-1.66729,0.0108499,-0.0716547,-0.0974005,14.4631,0.0002,-4.92759e-15,5.16197e-10,-4.92759e-15,0.0002,-6.52334e-10,5.16197e-10,-6.52334e-10,0.0002
0.610748,0.282798,-1.66737,0.610742,0.28301,-1.66726,0.0108484,-0.0716018,-0.097373,14.3091,0.0002,-2.98125e-15,3.30366e-10,-2.98125e-15,0.0002,-4.17494e-10,3.30366e-10,-4.17494e-10,0.0002
0.610684,0.282991,-1.66705,0.610476,0.283706,-1.66609,0.0107843,-0.0714087,-0.0970537,14.2667,0.0002,1.79481e-14,-1.6463e-09,1.79481e-14,0.0002,-1.79702e-09,-1.6463e-09,-1.79702e-09,0.0002
0.610675,0.283035,-1.66703,0.61064,0.28321,-1.66691,0.0107754,-0.071365,-0.0970259,14.3153,0.0002,9.97206e-15,-1.05363e-09,9.97206e-15,0.0002,-1.15009e-09,-1.05363e-09,-1.15009e-09,0.0002
0.610675,0.283254,-1.6666,0.610626,0.284187,-1.66459,0.0107751,-0.0711463,-0.096603,14.7204,0.0002,8.67013e-15,1.18312e-09,8.67013e-15,0.0002,7.94115e-10,1.18312e-09,7.94115e-10,0.0002
0.61069,0.283181,-1.66671,0.610749,0.282892,-1.66712,0.0107899,-0.0712186,-0.0967068,14.3936,0.0002,5.06784e-15,7.57198e-10,5.06784e-15,0.0002,5.08234e-10,7.57198e-10,5.08234e-10,0.0002
0.610662,0.283118,-1.66675,0.610596,0.282807,-1.66722,0.0107616,-0.0712818,-0.0967454,14.5174,0.0002,1.28695e-14,-1.37211e-09,1.28695e-14,0.0002,-1.20579e-09,-1.37211e-09,-1.20579e-09,0.0002
0.61067,0.282998,-1.66692,0.610655,0.282577,-1.6673,0.0107698,-0.0714017,-0.0969204,14.6967,0.0002,7.81773e-15,9.78867e-10,7.81773e-15,0.0002,7.58988e-10,9.78867e-10,7.58988e-10,0.0002
0.610672,0.282977,-1.66695,0.610728,0.282834,-1.66739,0.010772,-0.071423,-0.0969502,14.5363,0.0002,1.10642e-14,-1.23057e-09,1.10642e-14,0.0002,-1.04491e-09,-1.23057e-09,-1.04491e-09,0.0002
0.610681,0.282965,-1.66702,0.610717,0.282917,-1.66732,0.0107811,-0.0714349,-0.0970238,14.4175,0.0002,6.42274e-15,-7.87562e-10,6.42274e-15,0.0002,-6.68744e-10,-7.87562e-10,-6.68744e-10,0.0002
0.610699,0.282888,-1.66711,0.610771,0.282579,-1.66744,0.010799,-0.0715121,-0.0971069,14.5726,0.0002,3.84089e-15,-5.0404e-10,3.84089e-15,0.0002,-4.27996e-10,-5.0404e-10,-4.27996e-10,0.0002
0.610738,0.282826,-1.66724,0.610845,0.282639,-1.66746,0.0108378,-0.0715735,-0.0972403,14.4482,0.0002,1.4421e-14,1.53498e-09,1.4421e-14,0.0002,1.25611e-09,1.53498e-09,1.25611e-09,0.0002
0.610729,0.282851,-1.6672,0.610694,0.28295,-1.66706,0.010829,-0.0715488,-0.0972037,14.4489,0.0002,8.24227e-15,9.8239e-10,8.24227e-15,0.0002,8.03908e-10,9.8239e-10,8.03908e-10,0.0002
0.610712,0.282865,-1.6672,0.610643,0.282919,-1.66719,0.0108119,-0.0715353,-0.0972011,14.4832,0.0002,4.8707e-15,6.28729e-10,4.8707e-15,0.0002,5.14501e-10,6.28729e-10,5.14501e-10,0.0002
0.610731,0.282855,-1.66726,0.610809,0.282814,-1.66749,0.0108314,-0.0715455,-0.0972598,14.4077,0.0002,2.95162e-15,4.02387e-10,2.95162e-15,0.0002,3.29281e-10,4.02387e-10,3.29281e-10,0.0002
0.610731,0.282886,-1.66733,0.61078,0.282956,-1.6673,0.0108314,-0.0715135,-0.0973311,14.4306,0.0002,1.53169e-14,-1.60028e-09,1.53169e-14,0.0002,-1.319e-09,-1.60028e-09,-1.319e-09,0.0002
0.610752,0.283015,-1.66694,0.610775,0.283481,-1.66571,0.0108518,-0.0713851,-0.0969441,14.9084,0.0002,-1.39392e-14,-2.55408e-09,-1.39392e-14,0.0002,1.01351e-09,-2.55408e-09,1.01351e-09,0.0002
0.61075,0.282952,-1.66696,0.610799,0.282748,-1.66732,0.0108497,-0.0714481,-0.0969563,14.4808,0.0002,1.87058e-16,-1.03989e-10,1.87058e-16,0.0002,-1.20843e-09,-1.03989e-10,-1.20843e-09,0.0002
0.610736,0.282941,-1.66703,0.610683,0.282899,-1.66732,0.0108363,-0.0714586,-0.097029,14.3243,0.0002,5.5377e-17,-6.65531e-11,5.5377e-17,0.0002,-7.73396e-10,-6.65531e-11,-7.73396e-10,0.0002
0.610739,0.282961,-1.66707,0.610752,0.283038,-1.66724,0.0108394,-0.0714393,-0.0970718,14.4168,0.0002,9.0877e-18,-4.2594e-11,9.0877e-18,0.0002,-4.94974e-10,-4.2594e-11,-4.94974e-10,0.0002
0.610712,0.282934,-1.66716,0.610553,0.282888,-1.66719,0.0108117,-0.0714655,-0.0971599,14.2829,0.0002,1.45114e-14,1.83026e-09,1.45114e-14,0.0002,1.21331e-09,1.83026e-09,1.21331e-09,0.0002
0.610694,0.282928,-1.6671,0.610673,0.282842,-1.6672,0.0107943,-0.0714724,-0.0971046,14.4314,0.0002,5.57451e-15,-6.86044e-10,5.57451e-15,0.0002,-7.53705e-10,-6.86044e-10,-7.53705e-10,0.0002
0.610679,0.282961,-1.66711,0.610618,0.283093,-1.66713,0.010779,-0.0714394,-0.0971088,14.4329,0.0002,3.30294e-15,-4.39068e-10,3.30294e-15,0.0002,-4.82371e-10,-4.39068e-10,-4.82371e-10,0.0002
0.610662,0.282923,-1.66723,0.610547,0.28283,-1.6674,0.0107623,-0.0714772,-0.0972296,14.377,0.0002,1.4072e-14,1.57657e-09,1.4072e-14,0.0002,1.2213e-09,1.57657e-09,1.2213e-09,0.0002
0.610678,0.282889,-1.66721,0.61079,0.282697,-1.66744,0.0107782,-0.0715107,-0.0972079,14.6102,0.0002,7.01227e-15,-8.4851e-10,7.01227e-15,0.0002,-7.48457e-10,-8.4851e-10,-7.48457e-10,0.0002
0.61069,0.282842,-1.66732,0.610687,0.28271,-1.66745,0.0107895,-0.0715582,-0.0973202,14.4499,0.0002,1.15217e-14,1.31468e-09,1.15217e-14,0.0002,1.05082e-09,1.31468e-09,1.05082e-09,0.0002
0.610713,0.282816,-1.6673,0.610747,0.282665,-1.66754,0.0108126,-0.0715839,-0.0973,14.2745,0.0002,-8.47947e-15,-6.88529e-10,-8.47947e-15,0.0002,2.53018e-09,-6.88529e-10,2.53018e-09,0.0002
0.610683,0.28287,-1.66721,0.610624,0.283135,-1.66717,0.0107833,-0.0715298,-0.0972102,14.3866,0.0002,-1.55567e-15,1.0893e-09,-1.55567e-15,0.0002,-2.38307e-10,1.0893e-09,-2.38307e-10,0.0002
0.610708,0.282815,-1.66726,0.610807,0.282593,-1.66746,0.0108081,-0.0715853,-0.0972592,14.4077,0.0002,-8.6272e-16,6.97153e-10,-8.6272e-16,0.0002,-1.52516e-10,6.97153e-10,-1.52516e-10,0.0002
0.610692,0.282805,-1.66728,0.610627,0.282766,-1.66734,0.0107919,-0.071595,-0.097276,14.5312,0.0002,-4.97701e-16,4.46178e-10,-4.97701e-16,0.0002,-9.76104e-11,4.46178e-10,-9.76104e-11,0.0002
0.610698,0.282769,-1.6674,0.610769,0.282567,-1.66758,0.0107978,-0.071631,-0.097401,14.724,0.0002,1.6249e-14,-1.57227e-09,1.6249e-14,0.0002,-1.59218e-09,-1.57227e-09,-1.59218e-09,0.0002
0.610648,0.282984,-1.66713,0.610449,0.283842,-1.66606,0.010748,-0.0714164,-0.0971326,14.2733,0.0002,9.11767e-15,-1.00626e-09,9.11767e-15,0.0002,-1.019e-09,-1.00626e-09,-1.019e-09,0.0002
0.610658,0.282921,-1.66719,0.6107,0.282672,-1.6674,0.0107583,-0.0714787,-0.0971851,14.5083,0.0002,5.31032e-15,-6.44003e-10,5.31032e-15,0.0002,-6.52157e-10,-6.44003e-10,-6.52157e-10,0.0002
0.610696,0.282868,-1.66725,0.610845,0.282656,-1.66751,0.0106956,-0.0715319,-0.097251,14.5623,0.0002,3.18357e-15,-4.12162e-10,3.18357e-15,0.0002,-4.17381e-10,-4.12162e-10,-4.17381e-10,0.0002
0.610709,0.282857,-1.66726,0.610764,0.282815,-1.6673,0.0108093,-0.0715426,-0.0972607,14.5745,0.0002,1.94941e-15,-2.63784e-10,1.94941e-15,0.0002,-2.67124e-10,-2.63784e-10,-2.67124e-10,0.0002
0.610676,0.282852,-1.66723,0.610543,0.282831,-1.66712,0.010776,-0.0715478,-0.0972326,14.4447,0.0002,1.21154e-15,-1.68822e-10,1.21154e-15,0.0002,-1.70959e-10,-1.68822e-10,-1.70959e-10,0.0002
0.610681,0.282779,-1.66728,0.610701,0.282488,-1.66749,0.010781,-0.0716207,-0.0972845,14.7095,0.0002,7.6061e-16,-1.08046e-10,7.6061e-16,0.0002,-1.09414e-10,-1.08046e-10,-1.09414e-10,0.0002
0.610664,0.282826,-1.66726,0.610598,0.283012,-1.66716,0.0107644,-0.0715741,-0.0972593,14.4225,0.0002,4.80738e-16,-6.91493e-11,4.80738e-16,0.0002,-7.00249e-11,-6.91493e-11,-7.00249e-11,0.0002
0.610654,0.282851,-1.6672,0.610615,0.282952,-1.66697,0.0107545,-0.0715489,-0.0972016,14.5131,0.0002,3.05193e-16,-4.42556e-11,3.05193e-16,0.0002,-4.48159e-11,-4.42556e-11,-4.48159e-11,0.0002
0.610348,0.279069,-1.66884,0.610926,0.28209,-1.66812,0.0103475,-0.0759312,-0.0978447,14.6769,0.000200002,-2.24697e-10,5.80671e-07,-2.24697e-10,0.0002,-5.89654e-08,5.80671e-07,-5.89654e-08,0.0002
0.610172,0.276161,-1.66867,0.611157,0.282266,-1.66828,0.0101716,-0.0787386,-0.0976679,14.5349,0.000200006,-6.00027e-10,9.39122e-07,-6.00027e-10,0.0002,-9.18032e-08,9.39122e-07,-9.18032e-08,0.000199999
0.610231,0.276339,-1.66833,0.611067,0.282603,-1.66793,0.0102313,-0.0769607,-0.0973295,14.3002,0.000200005,-5.06034e-10,7.78694e-07,-5.06034e-10,0.0002,-7.78643e-08,7.78694e-07,-7.78643e-08,0.000199998
0.610037,0.27348,-1.66846,0.611141,0.281789,-1.66866,0.0100371,-0.0770201,-0.0984578,14.6401,0.00020001,-9.45712e-10,1.13022e-06,-9.45712e-10,0.0002,-1.09997e-07,1.13022e-06,-1.09997e-07,0.000199997
0.609835,0.270917,-1.66856,0.611244,0.28225,-1.66833,0.00973459,-0.0766827,-0.0985581,14.5481,0.000200015,-1.52127e-09,1.41395e-06,-1.52127e-09,0.0002,-1.4159e-07,1.41395e-06,-1.4159e-07,0.000199996
0.609744,0.267625,-1.66914,0.611317,0.274516,-1.67114,0.00964446,-0.0769753,-0.0991355,13.4599,0.000200019,-1.87525e-09,1.54691e-06,-1.87525e-09,0.0002,-1.51921e-07,1.54691e-06,-1.51921e-07,0.000199994
0.609857,0.266526,-1.6696,0.611369,0.274368,-1.67117,0.00975732,-0.0743745,-0.0996044,13.4795,0.000200017,-1.63389e-09,1.38168e-06,-1.63389e-09,0.0002,-1.30771e-07,1.38168e-06,-1.30771e-07,0.000199994
0.609754,0.263895,-1.67011,0.611507,0.274,-1.67151,0.00965421,-0.0725049,-0.100111,13.514,0.00020002,-2.01456e-09,1.5443e-06,-2.01456e-09,0.0002,-1.52648e-07,1.5443e-06,-1.52648e-07,0.000199993
0.609667,0.261658,-1.67073,0.611504,0.274027,-1.67162,0.00956679,-0.0701424,-0.10073,13.4422,0.000200024,-2.37291e-09,1.67049e-06,-2.37291e-09,0.0002,-1.67649e-07,1.67049e-06,-1.67649e-07,0.000199992
0.609754,0.260861,-1.67074,0.611827,0.274922,-1.67014,0.00965415,-0.0660395,-0.100737,13.844,0.000200024,-2.35359e-09,1.62103e-06,-2.35359e-09,0.0002,-1.62723e-07,1.62103e-06,-1.62723e-07,0.000199992
0.609754,0.259401,-1.67102,0.611699,0.273889,-1.67214,0.00965438,-0.0622993,-0.101015,13.4016,0.000200025,-2.50046e-09,1.68792e-06,-2.50046e-09,0.0002,-1.65947e-07,1.68792e-06,-1.65947e-07,0.000199991
0.609352,0.25263,-1.67112,0.610056,0.248027,-1.67122,0.00925162,-0.0637703,-0.100117,9.12727,0.000200028,-2.83345e-09,1.7996e-06,-2.83345e-09,0.0002,-1.80307e-07,1.7996e-06,-1.80307e-07,0.00019999
0.609174,0.247492,-1.67142,0.61045,0.247106,-1.67234,0.00907406,-0.0636078,-0.100421,9.14723,0.000200029,-2.88219e-09,1.79691e-06,-2.88219e-09,0.0002,-1.7868e-07,1.79691e-06,-1.7868e-07,0.00019999
0.608979,0.243164,-1.67159,0.610439,0.247483,-1.67198,0.00887857,-0.0625364,-0.100594,9.06775,0.00020003,-3.06607e-09,1.84223e-06,-3.06607e-09,0.0002,-1.8601e-07,1.84223e-06,-1.8601e-07,0.000199989
0.608913,0.239745,-1.67152,0.610833,0.247656,-1.67123,0.00881345,-0.0605553,-0.100518,9.57244,0.000200032,-3.18363e-09,1.8697e-06,-3.18363e-09,0.0002,-1.88901e-07,1.8697e-06,-1.88901e-07,0.000199989
0.608797,0.236779,-1.67195,0.610535,0.246605,-1.67305,0.00869665,-0.0580215,-0.100949,9.15586,0.000200032,-3.27912e-09,1.89066e-06,-3.27912e-09,0.0002,-1.91151e-07,1.89066e-06,-1.91151e-07,0.000199988
0.60876,0.234598,-1.67174,0.610791,0.247356,-1.67156,0.00865997,-0.0548021,-0.100742,9.59155,0.000200033,-3.33264e-09,1.89729e-06,-3.33264e-09,0.0002,-1.91984e-07,1.89729e-06,-1.91984e-07,0.000199988
0.60831,0.227419,-1.67127,0.608715,0.220714,-1.66937,0.00820963,-0.0564811,-0.100265,9.42089,0.000200034,-3.41234e-09,1.91846e-06,-3.41234e-09,0.0002,-1.94197e-07,1.91846e-06,-1.94197e-07,0.000199988
0.607999,0.221825,-1.67095,0.608877,0.220613,-1.6697,0.00789947,-0.0566755,-0.0999487,9.4334,0.000200034,-3.39891e-09,1.90496e-06,-3.39891e-09,0.0002,-1.92548e-07,1.90496e-06,-1.92548e-07,0.000199987
0.607745,0.2171,-1.67069,0.608988,0.22026,-1.66998,0.00764501,-0.0559003,-0.0996885,9.45449,0.000200034,-3.4752e-09,1.92495e-06,-3.4752e-09,0.0002,-1.95807e-07,1.92495e-06,-1.95807e-07,0.000199987
0.607587,0.213417,-1.67074,0.609016,0.219803,-1.67063,0.00748684,-0.0541832,-0.0997384,9.4292,0.000200034,-3.41392e-09,1.90762e-06,-3.41392e-09,0.0002,-1.91378e-07,1.90762e-06,-1.91378e-07,0.000199987
0.607453,0.210105,-1.67098,0.6092,0.218913,-1.67229,0.00735329,-0.0520955,-0.0999828,9.48976,0.000200034,-3.48117e-09,1.92667e-06,-3.48117e-09,0.0002,-1.9491e-07,1.92667e-06,-1.9491e-07,0.000199987
0.607363,0.207474,-1.67166,0.609138,0.217903,-1.67438,0.00726256,-0.0493257,-0.100661,9.04637,0.000200034,-3.42638e-09,1.90346e-06,-3.42638e-09,0.0002,-1.92131e-07,1.90346e-06,-1.92131e-07,0.000199987
0.606686,0.199435,-1.67245,0.606183,0.189235,-1.67529,0.0065859,-0.0519652,-0.10145,8.57695,0.000200034,-3.4484e-09,1.92088e-06,-3.4484e-09,0.0002,-1.92426e-07,1.92088e-06,-1.92426e-07,0.000199987
0.606169,0.193154,-1.67313,0.606273,0.188977,-1.67587,0.00606946,-0.0529462,-0.102132,8.60092,0.000200034,-3.41193e-09,1.89965e-06,-3.41193e-09,0.0002,-1.91526e-07,1.89965e-06,-1.91526e-07,0.000199987
0.605762,0.18787,-1.67381,0.606411,0.188631,-1.67651,0.00566151,-0.0527302,-0.102807,8.64751,0.000200034,-3.46615e-09,1.91649e-06,-3.46615e-09,0.0002,-1.94536e-07,1.91649e-06,-1.94536e-07,0.000199987
0.605468,0.183808,-1.67446,0.60643,0.188456,-1.67675,0.00536832,-0.0514923,-0.103457,8.59447,0.000200034,-3.41303e-09,1.89522e-06,-3.41303e-09,0.0002,-1.91971e-07,1.89522e-06,-1.91971e-07,0.000199987
0.605176,0.180401,-1.6749,0.6064,0.188554,-1.67669,0.00507586,-0.0494987,-0.103904,8.57356,0.000200034,-3.51158e-09,1.90982e-06,-3.51158e-09,0.0002,-1.98781e-07,1.90982e-06,-1.98781e-07,0.000199987
0.604236,0.172157,-1.67443,0.60258,0.160079,-1.67221,0.0041359,-0.0524432,-0.10343,8.25938,0.000200034,-3.45765e-09,1.89088e-06,-3.45765e-09,0.0002,-1.95422e-07,1.89088e-06,-1.95422e-07,0.000199987
0.603456,0.165322,-1.6742,0.602634,0.159716,-1.67294,0.00335564,-0.0538782,-0.103195,8.26384,0.000200034,-3.52102e-09,1.90552e-06,-3.52102e-09,0.0002,-1.99158e-07,1.90552e-06,-1.99158e-07,0.000199987
0.602891,0.160057,-1.67396,0.602772,0.159733,-1.67304,0.00279082,-0.0538431,-0.102965,8.21833,0.000200033,-3.46481e-09,1.88293e-06,-3.46481e-09,0.0002,-1.96301e-07,1.88293e-06,-1.96301e-07,0.000199987
0.602397,0.155584,-1.67373,0.602717,0.159429,-1.67312,0.00229683,-0.0529157,-0.102733,8.29442,0.000200034,-3.52029e-09,1.90048e-06,-3.52029e-09,0.0002,-1.99287e-07,1.90048e-06,-1.99287e-07,0.000199987
0.602041,0.15216,-1.67369,0.602822,0.159248,-1.67385,0.00194149,-0.0510396,-0.102692,8.26912,0.000200033,-3.48426e-09,1.88126e-06,-3.48426e-09,0.0002,-1.97892e-07,1.88126e-06,-1.97892e-07,0.000199987
0.601754,0.149248,-1.67361,0.602797,0.159345,-1.67362,0.00165407,-0.0485519,-0.102614,8.26367,0.000200034,-3.49142e-09,1.89978e-06,-3.49142e-09,0.0002,-1.9673e-07,1.89978e-06,-1.9673e-07,0.000199987
0.600969,0.140953,-1.67416,0.600146,0.128437,-1.67603,0.000869462,-0.051547,-0.10316,7.99662,0.000200033,-3.4939e-09,1.87708e-06,-3.4939e-09,0.0002,-1.99318e-07,1.87708e-06,-1.99318e-07,0.000199987
0.600353,0.134049,-1.67447,0.600106,0.128174,-1.67603,0.000252557,-0.0531515,-0.10347,7.99793,0.000200034,-3.50359e-09,1.89707e-06,-3.50359e-09,0.0002,-1.97968e-07,1.89707e-06,-1.97968e-07,0.000199987
0.599884,0.128718,-1.67496,0.600223,0.127962,-1.67662,-0.000215971,-0.0531823,-0.103963,8.02791,0.000200033,-3.46033e-09,1.87225e-06,-3.46033e-09,0.0002,-1.96939e-07,1.87225e-06,-1.96939e-07,0.000199988
0.5995,0.12418,-1.67543,0.600189,0.127666,-1.67698,-0.000600301,-0.0523198,-0.104429,8.06865,0.000200033,-3.47596e-09,1.89053e-06,-3.47596e-09,0.0002,-1.96761e-07,1.89053e-06,-1.96761e-07,0.000199988
0.59919,0.120733,-1.6758,0.600238,0.127558,-1.67731,-0.000910419,-0.0505668,-0.104804,8.02956,0.000200033,-3.47113e-09,1.86951e-06,-3.47113e-09,0.0002,-1.98615e-07,1.86951e-06,-1.98615e-07,0.000199988
0.598939,0.117776,-1.67612,0.600228,0.127525,-1.67738,-0.00116058,-0.0481236,-0.105119,8.05999,0.000200033,-3.50838e-09,1.88685e-06,-3.50838e-09,0.0002,-1.99875e-07,1.88685e-06,-1.99875e-07,0.000199988
0.598059,0.11006,-1.6757,0.596686,0.0997156,-1.67404,-0.00204128,-0.0506399,-0.104703,7.85148,0.000200033,-3.45248e-09,1.86409e-06,-3.45248e-09,0.0002,-1.97321e-07,1.86409e-06,-1.97321e-07,0.000199988
0.597338,0.103605,-1.67541,0.596714,0.0993639,-1.67425,-0.00276179,-0.0517949,-0.104412,7.86434,0.000200033,-3.49197e-09,1.88339e-06,-3.49197e-09,0.0002,-1.98977e-07,1.88339e-06,-1.98977e-07,0.000199988
0.596787,0.0986601,-1.67514,0.596669,0.0993539,-1.67438,-0.00331302,-0.0514399,-0.104143,7.851,0.000200033,-3.4087e-09,1.86041e-06,-3.4087e-09,0.0002,-1.94361e-07,1.86041e-06,-1.94361e-07,0.000199988
0.596312,0.094489,-1.67509,0.596702,0.09922,-1.67456,-0.00378797,-0.050311,-0.10409,7.80593,0.000200033,-3.46088e-09,1.87581e-06,-3.46088e-09,0.0002,-1.97911e-07,1.87581e-06,-1.97911e-07,0.000199988
0.595975,0.091314,-1.67503,0.596773,0.0991351,-1.6748,-0.00412485,-0.048286,-0.104033,7.85081,0.000200032,-3.40832e-09,1.85709e-06,-3.40832e-09,0.0002,-1.95388e-07,1.85709e-06,-1.95388e-07,0.000199988
0.595681,0.0885937,-1.67497,0.596739,0.09908,-1.67474,-0.0044187,-0.0457063,-0.103974,7.84999,0.000200033,-3.4354e-09,1.87219e-06,-3.4354e-09,0.0002,-1.96569e-07,1.87219e-06,-1.96569e-07,0.000199988
0.594873,0.0810427,-1.67423,0.593796,0.0713054,-1.67094,-0.00522667,-0.0480573,-0.103232,7.9596,0.000200032,-3.40468e-09,1.85291e-06,-3.40468e-09,0.0002,-1.96021e-07,1.85291e-06,-1.96021e-07,0.000199988
0.594173,0.0748439,-1.67346,0.593493,0.0713748,-1.67003,-0.00592671,-0.0489561,-0.102456,8.13767,0.000200033,-3.4026e-09,1.86805e-06,-3.4026e-09,0.0002,-1.94613e-07,1.86805e-06,-1.94613e-07,0.000199988
0.593609,0.0700084,-1.67277,0.59338,0.0711464,-1.67034,-0.00649105,-0.0485916,-0.101771,8.14792,0.000200032,-3.32552e-09,1.85072e-06,-3.32552e-09,0.0002,-1.90286e-07,1.85072e-06,-1.90286e-07,0.000199988
0.593223,0.0657151,-1.67299,0.593927,0.0698544,-1.67421,-0.00687722,-0.0475849,-0.101994,8.02645,0.000200032,-3.36817e-09,1.86642e-06,-3.36817e-09,0.0002,-1.93223e-07,1.86642e-06,-1.93223e-07,0.000199988
0.59294,0.0624653,-1.6732,0.593902,0.0697788,-1.67402,-0.00715983,-0.0456347,-0.102198,7.98982,0.000200032,-3.30535e-09,1.84445e-06,-3.30535e-09,0.0002,-1.90318e-07,1.84445e-06,-1.90318e-07,0.000199988
0.591846,0.0543484,-1.66873,0.589456,0.043167,-1.65149,-0.00825357,-0.0484516,-0.0977321,6.39607,0.000200032,-3.3322e-09,1.86086e-06,-3.3322e-09,0.0002,-1.91614e-07,1.86086e-06,-1.91614e-07,0.000199988
0.590985,0.0479998,-1.66531,0.589376,0.0429436,-1.65161,-0.00911547,-0.0496602,-0.0943099,6.38982,0.000200032,-3.24532e-09,1.84117e-06,-3.24532e-09,0.0002,-1.86517e-07,1.84117e-06,-1.86517e-07,0.000199988
0.590288,0.0427539,-1.6626,0.589333,0.0430175,-1.65142,-0.00981183,-0.0496461,-0.0915983,6.41536,0.000200032,-3.19849e-09,1.85774e-06,-3.19849e-09,0.0002,-1.8212e-07,1.85774e-06,-1.8212e-07,0.000199988
0.58976,0.0387138,-1.66042,0.589419,0.0428971,-1.65172,-0.0103402,-0.0485162,-0.0894242,6.41051,0.000200032,-3.09461e-09,1.83956e-06,-3.09461e-09,0.0002,-1.76451e-07,1.83956e-06,-1.76451e-07,0.000199988
0.589302,0.0353388,-1.65874,0.58934,0.0429746,-1.65169,-0.0107983,-0.0466412,-0.0877432,6.44033,0.000200032,-3.07574e-09,1.85332e-06,-3.07574e-09,0.0002,-1.75442e-07,1.85332e-06,-1.75442e-07,0.000199988
0.588996,0.03277,-1.65735,0.589503,0.0428425,-1.65179,-0.0111039,-0.04405,-0.0863527,6.35607,0.000200032,-2.97344e-09,1.83695e-06,-2.97344e-09,0.0002,-1.69669e-07,1.83695e-06,-1.69669e-07,0.000199988
0.588019,0.0253893,-1.65122,0.585718,0.017026,-1.627,-0.0119809,-0.0461907,-0.0802215,4.73851,0.000200032,-2.95854e-09,1.85184e-06,-2.95854e-09,0.0002,-1.68917e-07,1.85184e-06,-1.68917e-07,0.000199988
0.587286,0.0197078,-1.64639,0.585706,0.017201,-1.62673,-0.0127135,-0.0467322,-0.0753906,4.70539,0.000200031,-2.79807e-09,1.83147e-06,-2.79807e-09,0.0002,-1.58541e-07,1.83147e-06,-1.58541e-07,0.000199988
0.586644,0.0149544,-1.6425,0.585599,0.0170522,-1.62693,-0.0133561,-0.0462656,-0.0715017,4.69886,0.000200032,-2.7527e-09,1.84713e-06,-2.7527e-09,0.0002,-1.56001e-07,1.84713e-06,-1.56001e-07,0.000199988
0.586211,0.01133,-1.63941,0.585784,0.0169995,-1.62704,-0.0137895,-0.04474,-0.0684122,4.71792,0.000200031,-2.59219e-09,1.82705e-06,-2.59219e-09,0.0002,-1.46162e-07,1.82705e-06,-1.46162e-07,0.000199988
0.585841,0.00825055,-1.63689,0.585756,0.0171057,-1.6271,-0.0141594,-0.0425995,-0.0658886,4.6877,0.000200032,-2.52197e-09,1.84648e-06,-2.52197e-09,0.0002,-1.41732e-07,1.84648e-06,-1.41732e-07,0.000199988
0.585568,0.00596202,-1.63498,0.585672,0.0170345,-1.62701,-0.0144319,-0.039758,-0.0639787,4.69176,0.000200031,-2.35927e-09,1.8287e-06,-2.35927e-09,0.0002,-1.31875e-07,1.8287e-06,-1.31875e-07,0.000199988
0.585527,-0.00134563,-1.62979,0.586527,-0.00949437,-1.60874,-0.0144728,-0.0418656,-0.0587903,4.60345,0.000200032,-2.30539e-09,1.84434e-06,-2.30539e-09,0.0002,-1.29475e-07,1.84434e-06,-1.29475e-07,0.000199988
0.585483,-0.00697663,-1.62544,0.586245,-0.00936536,-1.60839,-0.0145174,-0.0423766,-0.054444,4.58046,0.000200031,-2.13756e-09,1.82421e-06,-2.13756e-09,0.0002,-1.19134e-07,1.82421e-06,-1.19134e-07,0.000199988
0.585421,-0.0115935,-1.62222,0.586252,-0.00945483,-1.6087,-0.0145792,-0.0418735,-0.0512202,4.61494,0.000200031,-2.06074e-09,1.82648e-06,-2.06074e-09,0.0002,-1.15806e-07,1.82648e-06,-1.15806e-07,0.000199988
0.585393,-0.0149572,-1.61952,0.586137,-0.00949859,-1.60872,-0.0146067,-0.0404072,-0.0485193,4.6092,0.00020003,-1.86728e-09,1.77387e-06,-1.86728e-09,0.0002,-1.0525e-07,1.77387e-06,-1.0525e-07,0.000199989
0.585383,-0.0174208,-1.61735,0.586162,-0.00958516,-1.60836,-0.014617,-0.0384808,-0.0463494,4.64368,0.000200028,-1.67715e-09,1.7011e-06,-1.67715e-09,0.0002,-9.66989e-08,1.7011e-06,-9.66989e-08,0.000199989
0.585314,-0.0238887,-1.61351,0.585584,-0.0347723,-1.59818,-0.0146863,-0.0411487,-0.0425144,4.76879,0.000200025,-1.4136e-09,1.568e-06,-1.4136e-09,0.0002,-8.42158e-08,1.568e-06,-8.42158e-08,0.00019999
0.585198,-0.0287056,-1.61079,0.585182,-0.0351104,-1.59927,-0.0148022,-0.0427656,-0.0397929,4.77457,0.000200021,-1.1465e-09,1.41491e-06,-1.1465e-09,0.0002,-7.15474e-08,1.41491e-06,-7.15474e-08,0.000199991
0.585109,-0.03203,-1.60832,0.585095,-0.0350159,-1.59905,-0.014891,-0.04349,-0.0373169,4.78035,0.000200017,-8.87628e-10,1.23538e-06,-8.87628e-10,0.0002,-5.8937e-08,1.23538e-06,-5.8937e-08,0.000199992
0.585042,-0.0342639,-1.60656,0.585032,-0.0350137,-1.59888,-0.0149577,-0.0436599,-0.0355574,4.79191,0.000200013,-6.63803e-10,1.05249e-06,-6.63803e-10,0.0002,-4.75907e-08,1.05249e-06,-4.75907e-08,0.000199994
0.584975,-0.0363699,-1.60488,0.584967,-0.0348525,-1.59851,-0.0150254,-0.0435629,-0.033884,4.75723,0.000200011,-5.25568e-10,9.91652e-07,-5.25568e-10,0.0002,-4.01088e-08,9.91652e-07,-4.01088e-08,0.000199995
0.584855,-0.0387247,-1.60351,0.584849,-0.0350173,-1.59897,-0.0151446,-0.0425057,-0.0325113,4.76879,0.000200011,-4.96973e-10,1.05466e-06,-4.96973e-10,0.0002,-4.15943e-08,1.05466e-06,-4.15943e-08,0.000199995
0.584733,-0.0441554,-1.60226,0.584727,-0.0501449,-1.59791,-0.0152669,-0.0439066,-0.0312631,4.7043,0.000200013,-5.10336e-10,1.17839e-06,-5.10336e-10,0.0002,-4.30151e-08,1.17839e-06,-4.30151e-08,0.000199995
0.584591,-0.0491145,-1.60144,0.584587,-0.0503471,-1.59879,-0.0154089,-0.0443855,-0.030441,4.7043,0.000200016,-5.73307e-10,1.34943e-06,-5.73307e-10,0.0002,-4.61722e-08,1.34943e-06,-4.61722e-08,0.000199995
0.584429,-0.0529809,-1.60114,0.584427,-0.0504837,-1.59992,-0.0155709,-0.0435749,-0.0301376,4.68817,0.000200018,-6.44938e-10,1.4384e-06,-6.44938e-10,0.0002,-5.05738e-08,1.4384e-06,-5.05738e-08,0.000199994
0.584289,-0.0565922,-1.60123,0.584289,-0.050784,-1.60127,-0.0157114,-0.0422822,-0.0302281,4.67204,0.000200021,-6.98655e-10,1.56862e-06,-6.98655e-10,0.0002,-5.03847e-08,1.56862e-06,-5.03847e-08,0.000199993
0.584141,-0.0593095,-1.60148,0.584143,-0.0510439,-1.60247,-0.015859,-0.0400895,-0.0304779,4.66667,0.000200023,-7.33936e-10,1.61618e-06,-7.33936e-10,0.0002,-5.08843e-08,1.61618e-06,-5.08843e-08,0.000199992
0.58398,-0.0618186,-1.60206,0.583984,-0.0513385,-1.60376,-0.0160201,-0.0375386,-0.0310625,4.66129,0.000200025,-7.92653e-10,1.69083e-06,-7.92653e-10,0.0002,-5.28182e-08,1.69083e-06,-5.28182e-08,0.000199991
0.583821,-0.0686956,-1.60118,0.583812,-0.0764848,-1.59732,-0.0161793,-0.0394256,-0.0301764,5.55621,0.000200026,-8.43076e-10,1.71303e-06,-8.43076e-10,0.0002,-5.52883e-08,1.71303e-06,-5.52883e-08,0.000199991
0.583682,-0.0744518,-1.60054,0.583677,-0.0767973,-1.59833,-0.0163182,-0.0400618,-0.0295437,5.57396,0.000200028,-8.56454e-10,1.75797e-06,-8.56454e-10,0.0002,-5.37361e-08,1.75797e-06,-5.37361e-08,0.00019999
0.583536,-0.0789334,-1.6002,0.583534,-0.0769796,-1.59947,-0.0164645,-0.0395234,-0.0292012,5.5503,0.000200028,-8.60931e-10,1.76118e-06,-8.60931e-10,0.0002,-5.32172e-08,1.76118e-06,-5.32172e-08,0.00019999
0.583396,-0.0827461,-1.60037,0.583397,-0.0773184,-1.60071,-0.016604,-0.0382161,-0.0293673,5.5503,0.000200029,-8.60002e-10,1.78879e-06,-8.60002e-10,0.0002,-5.18702e-08,1.78879e-06,-5.18702e-08,0.00019999
0.583233,-0.0856688,-1.60076,0.583236,-0.0775348,-1.60202,-0.0167667,-0.0361088,-0.0297621,5.53254,0.000200029,-8.80644e-10,1.77915e-06,-8.80644e-10,0.0002,-5.37126e-08,1.77915e-06,-5.37126e-08,0.000199989
0.583074,-0.0882659,-1.60122,0.583078,-0.0779246,-1.60305,-0.0169262,-0.0336059,-0.0302212,5.55621,0.00020003,-8.99444e-10,1.80193e-06,-8.99444e-10,0.0002,-5.42576e-08,1.80193e-06,-5.42576e-08,0.000199989
0.583643,-0.0961067,-1.60297,0.586546,-0.107644,-1.60969,-0.0163566,-0.0364267,-0.0319702,5.91395,0.00020003,-8.77305e-10,1.78764e-06,-8.77305e-10,0.0002,-5.23805e-08,1.78764e-06,-5.23805e-08,0.000199989
0.584148,-0.102613,-1.60447,0.586849,-0.107965,-1.61083,-0.0158522,-0.0378334,-0.0334727,5.92219,0.00020003,-8.90629e-10,1.80567e-06,-8.90629e-10,0.0002,-5.30617e-08,1.80567e-06,-5.30617e-08,0.000199989
0.584506,-0.107655,-1.60577,0.586715,-0.10811,-1.61131,-0.0154945,-0.0378755,-0.0347724,5.90845,0.00020003,-9.30088e-10,1.78646e-06,-9.30088e-10,0.0002,-5.68641e-08,1.78646e-06,-5.68641e-08,0.000199989
0.584751,-0.111888,-1.60704,0.586458,-0.108144,-1.61181,-0.0152487,-0.0370179,-0.03604,5.86001,0.00020003,-9.55884e-10,1.80486e-06,-9.55884e-10,0.0002,-5.78901e-08,1.80486e-06,-5.78901e-08,0.000199989
0.584943,-0.115075,-1.608,0.586518,-0.108215,-1.61218,-0.0150575,-0.0352045,-0.0370022,5.85962,0.00020003,-9.9627e-10,1.78248e-06,-9.9627e-10,0.0002,-6.14507e-08,1.78248e-06,-6.14507e-08,0.000199989
0.583212,-0.12343,-1.60809,0.577062,-0.136232,-1.6084,-0.016788,-0.0384797,-0.0370947,12.8003,0.00020003,-1.04199e-09,1.8005e-06,-1.04199e-09,0.0002,-6.38852e-08,1.8005e-06,-6.38852e-08,0.000199989
0.58185,-0.129934,-1.60837,0.577198,-0.13624,-1.60911,-0.0181504,-0.0399844,-0.0373713,12.7422,0.00020003,-1.07317e-09,1.78306e-06,-1.07317e-09,0.0002,-6.6176e-08,1.78306e-06,-6.6176e-08,0.000199989
0.580772,-0.135348,-1.60872,0.577192,-0.136436,-1.60977,-0.0192284,-0.0403182,-0.0377225,12.7265,0.00020003,-1.08196e-09,1.79922e-06,-1.08196e-09,0.0002,-6.54406e-08,1.79922e-06,-6.54406e-08,0.000199989
0.579909,-0.139543,-1.609,0.57717,-0.136605,-1.61041,-0.0200909,-0.0395428,-0.0380031,12.761,0.00020003,-1.06508e-09,1.78236e-06,-1.06508e-09,0.0002,-6.40666e-08,1.78236e-06,-6.40666e-08,0.000199989
0.57922,-0.143084,-1.60937,0.577157,-0.136736,-1.61082,-0.0207803,-0.0379845,-0.0383714,12.7227,0.00020003,-1.0556e-09,1.79713e-06,-1.0556e-09,0.0002,-6.26889e-08,1.79713e-06,-6.26889e-08,0.000199989
0.57863,-0.145769,-1.60977,0.577105,-0.136899,-1.61166,-0.0213696,-0.0356685,-0.0387693,12.7333,0.00020003,-1.08479e-09,1.77747e-06,-1.08479e-09,0.0002,-6.59845e-08,1.77747e-06,-6.59845e-08,0.000199989
0.578079,-0.153878,-1.61003,0.576744,-0.165756,-1.61137,-0.0219209,-0.0387784,-0.0390277,13.345,0.00020003,-1.1383e-09,1.79549e-06,-1.1383e-09,0.0002,-6.95342e-08,1.79549e-06,-6.95342e-08,0.000199989
0.577672,-0.160202,-1.6104,0.576828,-0.165944,-1.61188,-0.022328,-0.0401023,-0.0393998,13.3652,0.00020003,-1.13337e-09,1.77477e-06,-1.13337e-09,0.0002,-6.906e-08,1.77477e-06,-6.906e-08,0.000199989
0.57725,-0.165441,-1.61074,0.576333,-0.166041,-1.6124,-0.0227502,-0.0403405,-0.039739,13.3775,0.00020003,-1.13357e-09,1.78707e-06,-1.13357e-09,0.0002,-6.82479e-08,1.78707e-06,-6.82479e-08,0.000199989
0.576942,-0.169474,-1.61123,0.576457,-0.166002,-1.61285,-0.0230585,-0.0393745,-0.0402253,13.2743,0.000200029,-1.11513e-09,1.77113e-06,-1.11513e-09,0.0002,-6.70993e-08,1.77113e-06,-6.70993e-08,0.000199989
0.576671,-0.172901,-1.61176,0.576538,-0.166207,-1.61327,-0.0233289,-0.0378007,-0.0407617,13.2819,0.00020003,-1.18744e-09,1.78621e-06,-1.18744e-09,0.0002,-7.28553e-08,1.78621e-06,-7.28553e-08,0.000199989
0.576476,-0.175484,-1.61219,0.576406,-0.166367,-1.61389,-0.0235239,-0.0353841,-0.0411876,13.2726,0.000200029,-1.13989e-09,1.76553e-06,-1.13989e-09,0.0002,-6.87307e-08,1.76553e-06,-6.87307e-08,0.000199989
0.575893,-0.183336,-1.61235,0.574415,-0.194342,-1.61297,-0.0241065,-0.0382361,-0.0413464,17.0624,0.00020003,-1.17218e-09,1.78274e-06,-1.17218e-09,0.0002,-7.10236e-08,1.78274e-06,-7.10236e-08,0.000199989
0.575449,-0.189405,-1.6126,0.574538,-0.19429,-1.61331,-0.0245511,-0.039405,-0.0416043,17.0643,0.000200029,-1.18888e-09,1.76138e-06,-1.18888e-09,0.0002,-7.30012e-08,1.76138e-06,-7.30012e-08,0.000199989
0.575079,-0.194498,-1.61281,0.574411,-0.19452,-1.61394,-0.0249209,-0.0394981,-0.0418099,17.0257,0.000200029,-1.19218e-09,1.77845e-06,-1.19218e-09,0.0002,-7.22059e-08,1.77845e-06,-7.22059e-08,0.000199989
0.574777,-0.198408,-1.61309,0.574345,-0.194652,-1.61452,-0.0252232,-0.0384078,-0.0420896,16.996,0.000200029,-1.16634e-09,1.75877e-06,-1.16634e-09,0.0002,-7.05467e-08,1.75877e-06,-7.05467e-08,0.000199989
0.574463,-0.201754,-1.61351,0.574139,-0.19479,-1.61487,-0.0255366,-0.0367535,-0.042511,17.0501,0.000200029,-1.21753e-09,1.77662e-06,-1.21753e-09,0.0002,-7.44545e-08,1.77662e-06,-7.44545e-08,0.000199989
0.573899,-0.209739,-1.61252,0.572426,-0.222341,-1.60857,-0.0261007,-0.0398392,-0.0415248,21.1241,0.000200029,-1.20975e-09,1.75581e-06,-1.20975e-09,0.0002,-7.40976e-08,1.75581e-06,-7.40976e-08,0.000199989
0.573422,-0.216328,-1.61169,0.57238,-0.222335,-1.60868,-0.0265785,-0.041428,-0.0406935,21.0785,0.000200029,-1.24609e-09,1.77475e-06,-1.24609e-09,0.0002,-7.6256e-08,1.77475e-06,-7.6256e-08,0.000199989
0.573047,-0.221416,-1.61129,0.572266,-0.22248,-1.60935,-0.0269525,-0.0416164,-0.0402904,21.0755,0.000200029,-1.19742e-09,1.75302e-06,-1.19742e-09,0.0002,-7.2405e-08,1.75302e-06,-7.2405e-08,0.000199989
0.572719,-0.225676,-1.61079,0.57221,-0.222525,-1.60942,-0.0272806,-0.0408764,-0.03979,21.0917,0.000200029,-1.20035e-09,1.76797e-06,-1.20035e-09,0.0002,-7.24113e-08,1.76797e-06,-7.24113e-08,0.000199989
0.57248,-0.22892,-1.61059,0.57223,-0.222602,-1.60947,-0.0275198,-0.0392197,-0.0395899,21.1412,0.000200029,-1.15486e-09,1.74871e-06,-1.15486e-09,0.0002,-6.93869e-08,1.74871e-06,-6.93869e-08,0.000199989
0.572259,-0.231689,-1.61058,0.572226,-0.22263,-1.61021,-0.0277409,-0.0369891,-0.0395785,21.1101,0.000200029,-1.18194e-09,1.76345e-06,-1.18194e-09,0.0002,-7.18134e-08,1.76345e-06,-7.18134e-08,0.000199989
0.571817,-0.239467,-1.61064,0.570819,-0.251235,-1.6109,-0.0281835,-0.0398666,-0.039643,21.6096,0.000200029,-1.16076e-09,1.74745e-06,-1.16076e-09,0.0002,-7.05926e-08,1.74745e-06,-7.05926e-08,0.000199989
0.571446,-0.245868,-1.61073,0.57072,-0.251333,-1.61139,-0.0285542,-0.0413679,-0.0397295,21.6081,0.000200029,-1.14774e-09,1.76279e-06,-1.14774e-09,0.0002,-6.91166e-08,1.76279e-06,-6.91166e-08,0.000199989
0.571107,-0.250768,-1.61091,0.570627,-0.251353,-1.61163,-0.0288928,-0.0413684,-0.0399104,21.5688,0.000200028,-1.16475e-09,1.73669e-06,-1.16475e-09,0.0002,-7.1953e-08,1.73669e-06,-7.1953e-08,0.000199989
0.570859,-0.254621,-1.61131,0.570624,-0.251435,-1.61227,-0.0291407,-0.0406211,-0.0403104,21.5567,0.000200028,-1.12983e-09,1.70652e-06,-1.12983e-09,0.0002,-7.00266e-08,1.70652e-06,-7.00266e-08,0.00019999
0.570704,-0.257309,-1.61145,0.570817,-0.25154,-1.61235,-0.0292956,-0.0391094,-0.0404542,21.5927,0.000200026,-1.06302e-09,1.62083e-06,-1.06302e-09,0.0002,-6.79078e-08,1.62083e-06,-6.79078e-08,0.00019999
0.570578,-0.259081,-1.61194,0.570623,-0.251556,-1.61291,-0.0294219,-0.0372815,-0.040936,21.555,0.000200023,-9.29501e-10,1.50492e-06,-9.29501e-10,0.0002,-6.08912e-08,1.50492e-06,-6.08912e-08,0.000199991
0.570402,-0.265117,-1.61083,0.570156,-0.277145,-1.60639,-0.0295985,-0.0402174,-0.0398266,21.6508,0.000200019,-7.88539e-10,1.35077e-06,-7.88539e-10,0.0002,-5.49259e-08,1.35077e-06,-5.49259e-08,0.000199992
0.570328,-0.269514,-1.60999,0.570354,-0.277054,-1.60631,-0.0296723,-0.0421138,-0.0389857,21.6131,0.000200016,-6.27953e-10,1.18589e-06,-6.27953e-10,0.0002,-4.63477e-08,1.18589e-06,-4.63477e-08,0.000199993
0.570202,-0.272648,-1.60928,0.570051,-0.277162,-1.60677,-0.0297979,-0.0432479,-0.0382795,21.6081,0.000200012,-5.02008e-10,1.01565e-06,-5.02008e-10,0.0002,-4.14091e-08,1.01565e-06,-4.14091e-08,0.000199994
0.569018,-0.274551,-1.60874,0.570049,-0.27722,-1.60693,-0.0297823,-0.0438507,-0.0377446,21.6019,0.000200009,-1.30769e-09,8.08085e-07,-1.30769e-09,0.0002,-2.1138e-07,8.08085e-07,-2.1138e-07,0.000199995
0.567037,-0.275768,-1.60832,0.570041,-0.27727,-1.60695,-0.0289626,-0.0441681,-0.037319,21.6073,0.000200006,-2.27924e-09,6.24824e-07,-2.27924e-09,0.000200002,-4.85045e-07,6.24824e-07,-4.85045e-07,0.000199996
0.56462,-0.276325,-1.60798,0.570164,-0.277255,-1.60697,-0.0274796,-0.0442248,-0.0369822,21.6198,0.000200004,-2.79761e-09,4.41245e-07,-2.79761e-09,0.000200004,-7.97289e-07,4.41245e-07,-7.97289e-07,0.000199997
0.561894,-0.278773,-1.60746,0.568995,-0.287837,-1.60544,-0.0258064,-0.0463727,-0.0364585,18.482,0.000200003,-2.84136e-09,3.05223e-07,-2.84136e-09,0.000200009,-1.08667e-06,3.05223e-07,-1.08667e-06,0.000199996
0.55941,-0.280593,-1.60707,0.568841,-0.287932,-1.6056,-0.0233899,-0.0479928,-0.0360716,18.4941,0.000200002,-2.42326e-09,1.93041e-07,-2.42326e-09,0.000200013,-1.31519e-06,1.93041e-07,-1.31519e-06,0.000199995
0.557243,-0.281977,-1.60688,0.568835,-0.287868,-1.60584,-0.0205569,-0.0492773,-0.0358756,18.4548,0.000200001,-1.83249e-09,1.11882e-07,-1.83249e-09,0.000200017,-1.49003e-06,1.11882e-07,-1.49003e-06,0.000199994
0.555292,-0.283102,-1.60675,0.568487,-0.288093,-1.6066,-0.0172083,-0.0504024,-0.0357453,18.4444,0.000200001,-1.23582e-09,5.5913e-08,-1.23582e-09,0.000200021,-1.6256e-06,5.5913e-08,-1.6256e-06,0.000199993
0.553786,-0.283969,-1.60666,0.568817,-0.287974,-1.60636,-0.0135137,-0.0511686,-0.0356599,18.4827,0.0002,-7.06652e-10,1.83661e-08,-7.06652e-10,0.000200024,-1.714e-06,1.83661e-08,-1.714e-06,0.000199992
0.546716,-0.285271,-1.61094,0.53981,-0.291118,-1.62814,-0.0151839,-0.0523708,-0.0399418,20.0669,0.0002,-3.21472e-10,-2.57054e-09,-3.21472e-10,0.000200027,-1.78089e-06,-2.57054e-09,-1.78089e-06,0.000199991
0.540995,-0.286404,-1.6148,0.539543,-0.291492,-1.62998,-0.0156048,-0.0534043,-0.0438015,19.9212,0.0002,-5.36161e-11,-1.392e-08,-5.36161e-11,0.000200029,-1.82553e-06,-1.392e-08,-1.82553e-06,0.00019999
0.536351,-0.287426,-1.61823,0.539318,-0.291924,-1.63168,-0.0148494,-0.054226,-0.0472292,20.0655,0.0002,9.38347e-11,-1.71804e-08,9.38347e-11,0.000200031,-1.85774e-06,-1.71804e-08,-1.85774e-06,0.000199989
0.532561,-0.288368,-1.62127,0.538803,-0.292337,-1.6335,-0.0133386,-0.0549683,-0.0502738,20.0209,0.0002,1.15741e-10,-1.28349e-08,1.15741e-10,0.000200032,-1.87362e-06,-1.28349e-08,-1.87362e-06,0.000199989
0.529501,-0.28929,-1.62414,0.538568,-0.292908,-1.63564,-0.010999,-0.0555896,-0.0531379,20.0694,0.0002,1.89705e-11,-1.77033e-09,1.89705e-11,0.000200032,-1.88089e-06,-1.77033e-09,-1.88089e-06,0.000199988
0.527172,-0.290089,-1.62662,0.538267,-0.293161,-1.63689,-0.0082277,-0.0559886,-0.0556168,20.0407,0.0002,-7.95672e-11,6.65128e-09,-7.95672e-11,0.000200032,-1.85677e-06,6.65128e-09,-1.85677e-06,0.000199988
0.518844,-0.291337,-1.63277,0.504149,-0.296097,-1.65713,-0.0118562,-0.0569371,-0.0617719,22.0979,0.0002,-2.4962e-10,2.03464e-08,-2.4962e-10,0.00020003,-1.78397e-06,2.03464e-08,-1.78397e-06,0.000199988
0.512679,-0.292317,-1.63774,0.504294,-0.296117,-1.65734,-0.0140209,-0.057517,-0.0667408,22.1329,0.0002,-2.97734e-10,2.32943e-08,-2.97734e-10,0.000200027,-1.66232e-06,2.32943e-08,-1.66232e-06,0.000199989
0.508172,-0.293146,-1.64183,0.503976,-0.296208,-1.65788,-0.0150282,-0.0580461,-0.0708267,22.2374,0.0002,-3.41835e-10,2.78362e-08,-3.41835e-10,0.000200024,-1.50643e-06,2.78362e-08,-1.50643e-06,0.00019999
0.505024,-0.293843,-1.64517,0.503871,-0.29638,-1.65858,-0.0153757,-0.0584426,-0.0741736,22.6176,0.0002,-3.40432e-10,2.93123e-08,-3.40432e-10,0.000200019,-1.32998e-06,2.93123e-08,-1.32998e-06,0.000199992
0.503013,-0.294386,-1.64764,0.50395,-0.296343,-1.65818,-0.015087,-0.0587857,-0.0766446,22.2198,0.0002,-3.03133e-10,2.8107e-08,-3.03133e-10,0.000200015,-1.13853e-06,2.8107e-08,-1.13853e-06,0.000199993
0.501141,-0.294669,-1.64968,0.503962,-0.296328,-1.65786,-0.0146593,-0.0589686,-0.0786844,22.3183,0.0002,-1.11218e-10,2.82402e-09,-1.11218e-10,0.000200013,-1.05857e-06,2.82402e-09,-1.05857e-06,0.000199994
0.494121,-0.294705,-1.65238,0.480329,-0.296379,-1.6632,-0.0179786,-0.0591055,-0.0813846,23.5211,0.0002,2.70341e-10,-4.45777e-08,2.70341e-10,0.000200013,-1.13468e-06,-4.45777e-08,-1.13468e-06,0.000199995
0.487929,-0.294594,-1.65469,0.48014,-0.296571,-1.66393,-0.0198713,-0.0591941,-0.0836897,23.6315,0.0002,8.75415e-10,-1.03712e-07,8.75415e-10,0.000200015,-1.26979e-06,-1.03712e-07,-1.26979e-06,0.000199995
0.482585,-0.294401,-1.65646,0.480069,-0.296557,-1.66356,-0.0204145,-0.0593008,-0.0854589,23.561,0.0002,1.60847e-09,-1.58116e-07,1.60847e-09,0.000200018,-1.41627e-06,-1.58116e-07,-1.41627e-06,0.000199994
0.478175,-0.294215,-1.65785,0.480127,-0.29649,-1.66342,-0.0199251,-0.0595151,-0.0868462,23.6883,0.0002,2.28586e-09,-1.9604e-07,2.28586e-09,0.00020002,-1.53358e-06,-1.9604e-07,-1.53358e-06,0.000199993
0.474475,-0.294031,-1.65915,0.480036,-0.296672,-1.66405,-0.0184251,-0.0596314,-0.0881475,23.8577,0.0002,2.98672e-09,-2.31926e-07,2.98672e-09,0.000200023,-1.63319e-06,-2.31926e-07,-1.63319e-06,0.000199992
0.466793,-0.293434,-1.66224,0.456735,-0.294452,-1.67496,-0.0209071,-0.0594337,-0.0912402,23.6432,0.000200001,3.53578e-09,-2.53146e-07,3.53578e-09,0.000200025,-1.70728e-06,-2.53146e-07,-1.70728e-06,0.000199991
0.460611,-0.292916,-1.66469,0.456747,-0.294419,-1.67485,-0.0217895,-0.0593159,-0.0936937,23.3741,0.000200001,4.03215e-09,-2.72782e-07,4.03215e-09,0.000200027,-1.76084e-06,-2.72782e-07,-1.76084e-06,0.00019999
0.455596,-0.29258,-1.66682,0.456523,-0.294649,-1.67568,-0.0216039,-0.0592801,-0.0958231,23.6343,0.000200001,4.35533e-09,-2.8053e-07,4.35533e-09,0.000200029,-1.79886e-06,-2.8053e-07,-1.79886e-06,0.00019999
0.451542,-0.292299,-1.66859,0.45652,-0.294631,-1.67537,-0.0202575,-0.0593992,-0.0975925,23.5009,0.000200001,4.62703e-09,-2.87678e-07,4.62703e-09,0.00020003,-1.82971e-06,-2.87678e-07,-1.82971e-06,0.000199989
0.448344,-0.292061,-1.66991,0.456586,-0.294516,-1.6752,-0.0181558,-0.059461,-0.0989106,23.4771,0.000200001,4.80173e-09,-2.91206e-07,4.80173e-09,0.000200031,-1.84436e-06,-2.91206e-07,-1.84436e-06,0.000199989
0.445759,-0.291893,-1.67103,0.456568,-0.29455,-1.67554,-0.0153408,-0.0594925,-0.100034,23.3478,0.000200001,4.90515e-09,-2.91302e-07,4.90515e-09,0.000200031,-1.85732e-06,-2.91302e-07,-1.85732e-06,0.000199988
0.437636,-0.290864,-1.67433,0.426082,-0.289972,-1.68751,-0.0181641,-0.0587637,-0.103328,26.0707,0.000200001,4.88175e-09,-2.8467e-07,4.88175e-09,0.000200032,-1.85939e-06,-2.8467e-07,-1.85939e-06,0.000199988
0.431062,-0.290045,-1.6769,0.42597,-0.290006,-1.68753,-0.019438,-0.0581447,-0.105902,26.0135,0.000200001,4.88672e-09,-2.81768e-07,4.88672e-09,0.000200032,-1.86904e-06,-2.81768e-07,-1.86904e-06,0.000199988
0.42586,-0.289386,-1.67901,0.426098,-0.289948,-1.68745,-0.0193402,-0.0576858,-0.108011,26.0433,0.000200001,4.87225e-09,-2.79479e-07,4.87225e-09,0.000200032,-1.87005e-06,-2.79479e-07,-1.87005e-06,0.000199988
0.421688,-0.288905,-1.68063,0.426069,-0.289987,-1.68713,-0.0181117,-0.0574046,-0.109634,25.9917,0.000200001,4.79429e-09,-2.72669e-07,4.79429e-09,0.000200033,-1.87123e-06,-2.72669e-07,-1.87123e-06,0.000199988
0.41835,-0.288549,-1.68206,0.425968,-0.290041,-1.68779,-0.0162495,-0.0571489,-0.111065,26.0311,0.000200001,4.69372e-09,-2.65649e-07,4.69372e-09,0.000200033,-1.86881e-06,-2.65649e-07,-1.86881e-06,0.000199988
0.415661,-0.288289,-1.68321,0.42594,-0.290023,-1.68748,-0.0135393,-0.0569885,-0.112211,25.9463,0.000200001,4.57183e-09,-2.57286e-07,4.57183e-09,0.000200033,-1.86939e-06,-2.57286e-07,-1.86939e-06,0.000199988
0.407854,-0.286514,-1.68169,0.397643,-0.281938,-1.6762,-0.0161459,-0.0553139,-0.110689,25.8337,0.000200001,4.41929e-09,-2.47282e-07,4.41929e-09,0.000200033,-1.86856e-06,-2.47282e-07,-1.86856e-06,0.000199988
0.401574,-0.285136,-1.68068,0.397541,-0.281976,-1.67631,-0.0170261,-0.0539363,-0.109683,25.8923,0.000200001,4.23599e-09,-2.35132e-07,4.23599e-09,0.000200033,-1.87039e-06,-2.35132e-07,-1.87039e-06,0.000199988
0.396576,-0.284067,-1.67992,0.397472,-0.282,-1.67651,-0.0168244,-0.0528667,-0.108916,25.8186,0.000200001,4.02797e-09,-2.22549e-07,4.02797e-09,0.000200033,-1.86525e-06,-2.22549e-07,-1.86525e-06,0.000199988
0.392564,-0.28323,-1.67918,0.397536,-0.281879,-1.6759,-0.0155362,-0.0519298,-0.108181,25.5923,0.0002,3.79189e-09,-2.07588e-07,3.79189e-09,0.000200033,-1.86613e-06,-2.07588e-07,-1.86613e-06,0.000199988
0.389376,-0.282593,-1.67852,0.397444,-0.281912,-1.67616,-0.0135241,-0.0511935,-0.107518,25.7901,0.0002,3.54712e-09,-1.93294e-07,3.54712e-09,0.000200032,-1.86036e-06,-1.93294e-07,-1.86036e-06,0.000199988
0.386795,-0.282154,-1.67818,0.397431,-0.28195,-1.67648,-0.0108051,-0.0505545,-0.107177,25.878,0.0002,3.24508e-09,-1.74025e-07,3.24508e-09,0.000200032,-1.86118e-06,-1.74025e-07,-1.86118e-06,0.000199988
0.379126,-0.280839,-1.67674,0.369319,-0.276963,-1.67127,-0.0132742,-0.0491395,-0.105739,29.1304,0.0002,2.96298e-09,-1.57611e-07,2.96298e-09,0.000200032,-1.85871e-06,-1.57611e-07,-1.85871e-06,0.000199988
0.372982,-0.279836,-1.67559,0.369359,-0.276928,-1.67097,-0.0142178,-0.0478363,-0.104592,29.0062,0.0002,2.64221e-09,-1.37919e-07,2.64221e-09,0.000200032,-1.85979e-06,-1.37919e-07,-1.85979e-06,0.000199988
0.368084,-0.27905,-1.67473,0.369241,-0.276871,-1.67123,-0.0139162,-0.0467501,-0.103725,29.1163,0.0002,2.33587e-09,-1.20452e-07,2.33587e-09,0.000200032,-1.8541e-06,-1.20452e-07,-1.8541e-06,0.000199988
0.36416,-0.278523,-1.67401,0.369367,-0.276959,-1.67113,-0.0126396,-0.0458233,-0.103011,29.0017,0.0002,1.94323e-09,-9.55118e-08,1.94323e-09,0.000200032,-1.85529e-06,-9.55118e-08,-1.85529e-06,0.000199988
0.361048,-0.278136,-1.67346,0.369309,-0.276889,-1.67122,-0.010552,-0.0450359,-0.102456,29.1262,0.0002,1.54593e-09,-7.16018e-08,1.54593e-09,0.000200032,-1.84999e-06,-7.16018e-08,-1.84999e-06,0.000199988
0.352716,-0.277765,-1.6735,0.33932,-0.276357,-1.67334,-0.0138841,-0.0441654,-0.102499,32.6957,0.0002,1.14284e-09,-4.82894e-08,1.14284e-09,0.000200031,-1.82175e-06,-4.82894e-08,-1.82175e-06,0.000199988
0.346331,-0.27755,-1.67349,0.339301,-0.276562,-1.67347,-0.015669,-0.0434495,-0.102495,32.9021,0.0002,7.60786e-10,-2.6944e-08,7.60786e-10,0.00020003,-1.75815e-06,-2.6944e-08,-1.75815e-06,0.000199989
0.341988,-0.277254,-1.67312,0.340778,-0.275903,-1.67162,-0.0160116,-0.0426536,-0.102122,32.5659,0.0002,4.68694e-10,-1.23761e-08,4.68694e-10,0.000200027,-1.64228e-06,-1.23761e-08,-1.64228e-06,0.000199989
0.338603,-0.277166,-1.67339,0.338883,-0.276527,-1.67382,-0.015997,-0.0421657,-0.102389,32.6459,0.0002,2.21864e-10,1.33202e-09,2.21864e-10,0.000200023,-1.49331e-06,1.33202e-09,-1.49331e-06,0.00019999
0.336426,-0.27709,-1.67338,0.339134,-0.276521,-1.67364,-0.0152737,-0.0416898,-0.102377,32.6878,0.0002,6.63048e-11,9.46485e-09,6.63048e-11,0.000200019,-1.32094e-06,9.46485e-09,-1.32094e-06,0.000199992
0.334944,-0.277126,-1.67377,0.338081,-0.276982,-1.67501,-0.0145558,-0.0414259,-0.102768,32.7903,0.0002,-3.3194e-11,1.55182e-08,-3.3194e-11,0.000200015,-1.13546e-06,1.55182e-08,-1.13546e-06,0.000199993
0.328656,-0.277891,-1.69056,0.309518,-0.281137,-1.67996,-0.0192442,-0.0420908,-0.100559,34.1851,0.0002,4.55534e-11,-1.72625e-09,4.55534e-11,0.000200011,-9.18987e-07,-1.72625e-09,-9.18987e-07,0.000199994
0.324157,-0.278451,-1.71316,0.309463,-0.281215,-1.6801,-0.0229426,-0.0427514,-0.0921646,34.2406,0.0002,1.40502e-10,-2.56046e-08,1.40502e-10,0.000200008,-6.92861e-07,-2.56046e-08,-6.92861e-07,0.000199996
0.320905,-0.278761,-1.73542,0.309389,-0.28117,-1.67998,-0.0257952,-0.0433612,-0.0784172,34.1332,0.0002,2.28649e-10,-6.09195e-08,2.28649e-10,0.000200005,-4.88999e-07,-6.09195e-08,-4.88999e-07,0.000199997
0.318512,-0.279018,-1.7518,0.309337,-0.281308,-1.68049,-0.0279881,-0.0439179,-0.0607963,34.2089,0.0002,2.29836e-10,-8.43895e-08,2.29836e-10,0.000200003,-3.22906e-07,-8.43895e-08,-3.22906e-07,0.000199998
0.316733,-0.279144,-1.76665,0.309308,-0.281261,-1.68032,-0.029867,-0.044444,-0.0396451,34.2037,0.0002,1.97204e-10,-1.08476e-07,1.97204e-10,0.000200002,-1.92884e-07,-1.08476e-07,-1.92884e-07,0.000199999
0.315397,-0.279252,-1.77702,0.309525,-0.28129,-1.68043,-0.0313029,-0.0450517,-0.0160215,34.1984,0.0002,1.41295e-10,-1.22154e-07,1.41295e-10,0.000200001,-1.02339e-07,-1.22154e-07,-1.02339e-07,0.000199999
0.312619,-0.278745,-1.812,0.300535,-0.278524,-1.80686,-0.0342811,-0.0449451,-0.0150043,35.9214,0.0002,7.89173e-11,-1.34804e-07,7.89173e-11,0.000200001,-3.22072e-08,-1.34804e-07,-3.22072e-08,0.000199999
0.310384,-0.278304,-1.83845,0.300345,-0.278454,-1.80711,-0.036816,-0.0450037,-0.00745315,35.7321,0.0002,1.97696e-11,-1.4622e-07,1.97696e-11,0.0002,1.75537e-08,-1.4622e-07,1.75537e-08,0.0002
0.308644,-0.277984,-1.86116,0.300417,-0.278512,-1.80689,-0.0389561,-0.0450837,0.00584256,35.9091,0.0002,-3.3452e-11,-1.49266e-07,-3.3452e-11,0.0002,5.54513e-08,-1.49266e-07,5.54513e-08,0.0002
0.306927,-0.278216,-1.87096,0.300541,-0.278566,-1.80698,-0.0403733,-0.0450158,0.0210434,35.9298,0.0002,-5.31408e-12,-7.71503e-08,-5.31408e-12,0.0002,2.0524e-08,-7.71503e-08,2.0524e-08,0.0002
0.305104,-0.278879,-1.87993,0.300323,-0.278551,-1.80755,-0.0414955,-0.0449788,0.0380729,36.142,0.0002,-1.80288e-11,4.27258e-08,-1.80288e-11,0.0002,-7.02411e-08,4.27258e-08,-7.02411e-08,0.0002
0.304393,-0.277793,-1.92507,0.303921,-0.270281,-1.99674,-0.0415066,-0.0430933,0.0209303,35.8086,0.0002,-1.04608e-10,1.28477e-07,-1.04608e-10,0.0002,-1.21777e-07,1.28477e-07,-1.21777e-07,0.0002
0.303784,-0.27686,-1.96371,0.303728,-0.270339,-1.99669,-0.0415159,-0.0414595,0.0122863,35.7403,0.0002,-1.90679e-10,1.70065e-07,-1.90679e-10,0.0002,-1.55723e-07,1.70065e-07,-1.55723e-07,0.0002
0.303467,-0.276168,-1.99475,0.304032,-0.27094,-1.99951,-0.041333,-0.0401679,0.0102523,35.8285,0.0002,-2.33153e-10,1.85972e-07,-2.33153e-10,0.0002,-1.60486e-07,1.85972e-07,-1.60486e-07,0.0002
0.303521,-0.275751,-2.02325,0.305098,-0.272184,-2.00807,-0.0408788,-0.0392514,0.0147454,38.0889,0.0002,-2.27373e-10,1.77962e-07,-2.27373e-10,0.0002,-1.48699e-07,1.77962e-07,-1.48699e-07,0.0002
0.303656,-0.275332,-2.04561,0.30488,-0.272261,-2.00837,-0.0405441,-0.0385317,0.023388,38.0285,0.0002,-1.83936e-10,1.56782e-07,-1.83936e-10,0.0002,-1.19642e-07,1.56782e-07,-1.19642e-07,0.0002
0.303854,-0.274872,-2.06577,0.304707,-0.272341,-2.00859,-0.0402457,-0.0378723,0.0372345,38.529,0.0002,-1.2194e-10,1.21488e-07,-1.2194e-10,0.0002,-8.05836e-08,1.21488e-07,-8.05836e-08,0.0002
0.303704,-0.275025,-2.11268,0.302738,-0.275373,-2.16667,-0.0404957,-0.0379246,0.0243207,37.8279,0.0002,-6.90829e-11,8.69429e-08,-6.90829e-11,0.0002,-3.92048e-08,8.69429e-08,-3.92048e-08,0.0002
0.303753,-0.27499,-2.15231,0.302764,-0.275378,-2.16669,-0.0406472,-0.0379901,0.0196905,37.819,0.0002,-2.97601e-11,4.0151e-08,-2.97601e-11,0.0002,1.34558e-08,4.0151e-08,1.34558e-08,0.0002
0.303822,-0.274904,-2.18231,0.302718,-0.27531,-2.16643,-0.0409777,-0.0381037,0.0236891,37.5562,0.0002,-1.96051e-11,3.32633e-09,-1.96051e-11,0.0002,5.36081e-08,3.32633e-09,5.36081e-08,0.0002
0.303937,-0.274786,-2.20817,0.302671,-0.275329,-2.16682,-0.0412625,-0.0381857,0.0338322,37.1347,0.0002,-2.95777e-11,-2.75831e-08,-2.95777e-11,0.0002,9.0931e-08,-2.75831e-08,9.0931e-08,0.0002
0.30403,-0.274722,-2.22712,0.30272,-0.275371,-2.16702,-0.04167,-0.038322,0.0488846,37.7613,0.0002,-4.31633e-11,-4.33539e-08,-4.31633e-11,0.0002,1.13387e-07,-4.33539e-08,1.13387e-07,0.0002
0.304145,-0.274642,-2.24391,0.302576,-0.275491,-2.16695,-0.0420554,-0.0385422,0.0670901,37.7374,0.0002,-6.73992e-11,-6.05884e-08,-6.73992e-11,0.0002,1.39596e-07,-6.05884e-08,1.39596e-07,0.0002
0.306329,-0.275447,-2.29432,0.313046,-0.279736,-2.36072,-0.0403709,-0.0395473,0.0506772,44.6037,0.0002,-8.98145e-11,-7.28488e-08,-8.98145e-11,0.0002,1.54254e-07,-7.28488e-08,1.54254e-07,0.0002
0.308115,-0.276076,-2.33634,0.313051,-0.279604,-2.36089,-0.0391849,-0.0403758,0.0436622,44.6127,0.0002,-1.0791e-10,-7.73688e-08,-1.0791e-10,0.0002,1.70144e-07,-7.73688e-08,1.70144e-07,0.0002
0.309531,-0.276644,-2.36829,0.313035,-0.279797,-2.36086,-0.0382689,-0.0411443,0.0457083,44.3643,0.0002,-1.15076e-10,-7.50117e-08,-1.15076e-10,0.0002,1.79045e-07,-7.50117e-08,1.79045e-07,0.0002
0.310749,-0.277108,-2.39543,0.313372,-0.279877,-2.36048,-0.0376505,-0.0418076,0.0535704,44.6504,0.0002,-1.21259e-10,-7.33908e-08,-1.21259e-10,0.0002,1.88087e-07,-7.33908e-08,1.88087e-07,0.0002
0.311709,-0.277476,-2.41549,0.313436,-0.279761,-2.36079,-0.0372905,-0.0423765,0.0665117,44.4083,0.0002,-1.18574e-10,-6.84594e-08,-1.18574e-10,0.0002,1.8951e-07,-6.84594e-08,1.8951e-07,0.0002
0.312468,-0.277757,-2.43314,0.313221,-0.27981,-2.36056,-0.0371323,-0.042757,0.0848601,44.8417,0.0002,-1.22026e-10,-6.81031e-08,-1.22026e-10,0.0002,1.96128e-07,-6.81031e-08,1.96128e-07,0.0002
0.313532,-0.277852,-2.48677,0.315588,-0.278871,-2.5667,-0.036568,-0.0429517,0.0642252,43.0356,0.0002,-1.18633e-10,-6.48509e-08,-1.18633e-10,0.0002,1.95681e-07,-6.48509e-08,1.95681e-07,0.0002
0.314377,-0.277961,-2.53126,0.315399,-0.27888,-2.56663,-0.0363232,-0.043261,0.054745,42.9719,0.0002,-1.08678e-10,-5.56667e-08,-1.08678e-10,0.0002,2.00817e-07,-5.56667e-08,2.00817e-07,0.0002
0.3151,-0.278043,-2.56519,0.315773,-0.278818,-2.56663,-0.0362003,-0.0433432,0.0548111,42.9044,0.0002,-9.61924e-11,-4.7568e-08,-9.61924e-11,0.0002,1.99929e-07,-4.7568e-08,1.99929e-07,0.0002
0.315637,-0.278119,-2.5939,0.315547,-0.278902,-2.56652,-0.036263,-0.0435189,0.0610994,42.8196,0.0002,-8.65395e-11,-4.21479e-08,-8.65395e-11,0.0002,2.00325e-07,-4.21479e-08,2.00325e-07,0.0002
0.316079,-0.278205,-2.61522,0.315545,-0.2789,-2.56651,-0.0363206,-0.0436047,0.0727827,42.8345,0.0002,-7.32703e-11,-3.37833e-08,-7.32703e-11,0.0002,2.02539e-07,-3.37833e-08,2.02539e-07,0.0002
0.317029,-0.278194,-2.67402,0.318542,-0.278366,-2.76699,-0.0359713,-0.0436939,0.0489816,43.2916,0.0002,-6.44532e-11,-2.96919e-08,-6.44532e-11,0.0002,2.02491e-07,-2.96919e-08,2.02491e-07,0.0002
0.317761,-0.278195,-2.71926,0.3184,-0.278338,-2.76688,-0.0358392,-0.043695,0.0367412,43.0254,0.0002,-5.25409e-11,-2.29401e-08,-5.25409e-11,0.0002,2.02799e-07,-2.29401e-08,2.02799e-07,0.0002
0.318334,-0.278232,-2.75728,0.318338,-0.278461,-2.76713,-0.0357657,-0.0437316,0.0337209,42.9933,0.0002,-3.89201e-11,-1.51413e-08,-3.89201e-11,0.0002,2.03101e-07,-1.51413e-08,2.03101e-07,0.0002
0.318818,-0.278275,-2.78589,0.318491,-0.278413,-2.76668,-0.0358821,-0.0436752,0.038108,43.5164,0.0002,-2.21521e-11,-5.33723e-09,-2.21521e-11,0.0002,2.02251e-07,-5.33723e-09,2.02251e-07,0.0002
0.319199,-0.278322,-2.81038,0.318395,-0.278409,-2.76675,-0.036101,-0.0437221,0.0496166,42.7906,0.0002,-5.07479e-12,4.2255e-09,-5.07479e-12,0.0002,2.0369e-07,4.2255e-09,2.0369e-07,0.0002
0.319459,-0.278361,-2.82835,0.318276,-0.278515,-2.76653,-0.0363409,-0.0436611,0.0646546,42.9805,0.0002,4.082e-12,7.63363e-09,4.082e-12,0.0002,2.01296e-07,7.63363e-09,2.01296e-07,0.0002
0.320505,-0.278612,-2.88477,0.322377,-0.279252,-2.96888,-0.0358953,-0.0438116,0.043229,43.1817,0.0002,1.85402e-11,1.56712e-08,1.85402e-11,0.0002,2.02688e-07,1.56712e-08,2.02688e-07,0.0002
0.321346,-0.278773,-2.928,0.32261,-0.279096,-2.96855,-0.0355543,-0.0438728,0.0319952,43.0283,0.0002,2.87548e-11,2.09497e-08,2.87548e-11,0.0002,1.96777e-07,2.09497e-08,1.96777e-07,0.0002
0.322043,-0.278892,-2.96438,0.322636,-0.279022,-2.96862,-0.0354573,-0.0438916,0.0306174,42.952,0.0002,3.95928e-11,2.67603e-08,3.95928e-11,0.0002,1.95778e-07,2.67603e-08,1.95778e-07,0.0002
0.322479,-0.27903,-2.99183,0.322123,-0.279066,-2.9686,-0.0355209,-0.0438296,0.0361694,43.1587,0.0002,5.47883e-11,3.67237e-08,5.47883e-11,0.0002,1.91759e-07,3.67237e-08,1.91759e-07,0.0002
0.322887,-0.27915,-3.01538,0.322319,-0.279105,-2.96892,-0.0356132,-0.0438504,0.0476218,43.1666,0.0002,6.87825e-11,4.46532e-08,6.87825e-11,0.0002,1.91965e-07,4.46532e-08,1.91965e-07,0.0002
0.323251,-0.279254,-3.02978,0.322577,-0.27915,-2.96863,-0.0357491,-0.0437537,0.0632245,43.2221,0.0002,7.81936e-11,4.94461e-08,7.81936e-11,0.0002,1.89845e-07,4.94461e-08,1.89845e-07,0.0002
0.32425,-0.279555,-3.07422,0.326174,-0.28003,3.11565,-0.0353499,-0.043855,0.0397833,41.94,0.0002,8.54017e-11,5.29033e-08,8.54017e-11,0.0002,1.88365e-07,5.29033e-08,1.88365e-07,0.0002
0.325009,-0.279815,-3.10238,0.326103,-0.280063,3.11576,-0.0350906,-0.0439155,0.0236179,41.9083,0.0002,9.2086e-11,5.76469e-08,9.2086e-11,0.0002,1.8323e-07,5.76469e-08,1.8323e-07,0.0002
0.324605,-0.280165,-3.13057,0.326142,-0.280054,3.11545,-0.0349947,-0.0438652,0.0146201,42.2099,0.0002,3.39177e-11,8.32036e-08,3.39177e-11,0.0002,1.60857e-08,8.32036e-08,1.60857e-08,0.0002
0.323472,-0.280552,3.12303,0.326206,-0.279954,3.11545,-0.0341281,-0.0438516,0.0130265,42.2173,0.0002,-1.52617e-10,1.1572e-07,-1.52617e-10,0.0002,-2.23911e-07,1.1572e-07,-2.23911e-07,0.0002
0.321142,-0.281096,3.09438,0.325956,-0.279896,3.11538,-0.0330581,-0.0435964,0.0183836,42.2195,0.0002,-6.61163e-10,1.64273e-07,-6.61163e-10,0.000200002,-5.99608e-07,1.64273e-07,-5.99608e-07,0.000199999
0.316438,-0.281801,3.04404,0.313722,-0.280925,2.97381,-0.0336623,-0.0435007,4.25544e-05,42.111,0.0002,-1.40193e-09,2.19108e-07,-1.40193e-09,0.000200006,-8.99903e-07,2.19108e-07,-8.99903e-07,0.000199999
0.311893,-0.282333,3.00203,0.312437,-0.280502,2.97561,-0.0336068,-0.0430332,-0.00596637,41.9048,0.0002,-2.21436e-09,2.51987e-07,-2.21436e-09,0.00020001,-1.17803e-06,2.51987e-07,-1.17803e-06,0.000199997
0.308183,-0.282742,2.96958,0.312306,-0.280381,2.976,-0.0326165,-0.0424417,-0.00441631,41.7749,0.000200001,-2.85547e-09,2.66604e-07,-2.85547e-09,0.000200014,-1.36497e-06,2.66604e-07,-1.36497e-06,0.000199996
0.304994,-0.283174,2.94195,0.31227,-0.28046,2.97589,-0.0308059,-0.0418738,0.00395223,41.5811,0.000200001,-3.44915e-09,2.79152e-07,-3.44915e-09,0.000200018,-1.52084e-06,2.79152e-07,-1.52084e-06,0.000199994
0.3026,-0.28361,2.92132,0.312417,-0.280452,2.97562,-0.0281995,-0.0414096,0.016316,41.882,0.000200001,-3.96676e-09,2.96667e-07,-3.96676e-09,0.000200021,-1.60141e-06,2.96667e-07,-1.60141e-06,0.000199993
0.300643,-0.284178,2.90294,0.313291,-0.281006,2.97329,-0.0250569,-0.0409779,0.0339445,42.2895,0.000200001,-4.52802e-09,3.16518e-07,-4.52802e-09,0.000200024,-1.68955e-06,3.16518e-07,-1.68955e-06,0.000199992
0.297267,-0.2843,2.85431,0.303737,-0.28038,2.78141,-0.0234333,-0.0400003,0.0163132,36.6314,0.000200001,-5.13124e-09,3.49423e-07,-5.13124e-09,0.000200026,-1.72014e-06,3.49423e-07,-1.72014e-06,0.000199991
0.294361,-0.284359,2.82292,0.303602,-0.280436,2.7812,-0.0211394,-0.0390591,0.00592315,36.6861,0.000200001,-5.50977e-09,3.57496e-07,-5.50977e-09,0.000200028,-1.76848e-06,3.57496e-07,-1.76848e-06,0.00019999
0.292177,-0.28443,2.80499,0.303562,-0.280344,2.7812,-0.0182232,-0.0380304,-1.2639e-05,36.0484,0.000200001,-5.80783e-09,3.69423e-07,-5.80783e-09,0.000200028,-1.77554e-06,3.69423e-07,-1.77554e-06,0.00019999
0.290269,-0.284544,2.79577,0.303429,-0.280424,2.78144,-0.015031,-0.0370442,-0.00323335,36.458,0.000200001,-6.16057e-09,3.84254e-07,-6.16057e-09,0.000200029,-1.80132e-06,3.84254e-07,-1.80132e-06,0.000199989
0.289076,-0.284809,2.79077,0.30434,-0.280817,2.77998,-0.0111237,-0.0360085,-0.00623325,36.3897,0.000200001,-6.55183e-09,4.09873e-07,-6.55183e-09,0.000200029,-1.79337e-06,4.09873e-07,-1.79337e-06,0.000199989
0.287872,-0.284918,2.78838,0.303609,-0.280379,2.7814,-0.00732827,-0.0347179,-0.00761617,36.2603,0.000200002,-6.85939e-09,4.23652e-07,-6.85939e-09,0.00020003,-1.80495e-06,4.23652e-07,-1.80495e-06,0.000199989
0.280421,-0.286033,2.77151,0.270594,-0.285857,2.70341,-0.00977915,-0.0345334,-0.0244896,35.4249,0.000200002,-7.1542e-09,4.44033e-07,-7.1542e-09,0.00020003,-1.78825e-06,4.44033e-07,-1.78825e-06,0.000199988
0.274227,-0.286801,2.75837,0.270237,-0.285649,2.70488,-0.0108729,-0.0339011,-0.0386296,35.4355,0.000200002,-7.23486e-09,4.38779e-07,-7.23486e-09,0.00020003,-1.80479e-06,4.38779e-07,-1.80479e-06,0.000199988
0.269498,-0.287521,2.74757,0.270515,-0.285981,2.70343,-0.010602,-0.0333209,-0.0494286,35.2293,0.000200002,-7.24055e-09,4.38173e-07,-7.24055e-09,0.00020003,-1.78894e-06,4.38173e-07,-1.78894e-06,0.000199988
0.265547,-0.287969,2.73883,0.270545,-0.285925,2.70356,-0.00955254,-0.0323687,-0.058169,35.2619,0.000200002,-7.05932e-09,4.1593e-07,-7.05932e-09,0.00020003,-1.80746e-06,4.1593e-07,-1.80746e-06,0.000199988
0.262548,-0.288349,2.73177,0.270513,-0.285838,2.70288,-0.00755237,-0.0313494,-0.0652339,35.4631,0.000200002,-6.88689e-09,4.0572e-07,-6.88689e-09,0.00020003,-1.79318e-06,4.0572e-07,-1.79318e-06,0.000199988
0.259963,-0.288519,2.72641,0.270406,-0.285634,2.70469,-0.00513694,-0.0302188,-0.0705863,35.4159,0.000200001,-6.614e-09,3.81551e-07,-6.614e-09,0.00020003,-1.81087e-06,3.81551e-07,-1.81087e-06,0.000199988
0.25243,-0.289701,2.72147,0.242269,-0.290707,2.70202,-0.00767046,-0.0301012,-0.0755309,33.4353,0.000200001,-6.38793e-09,3.70295e-07,-6.38793e-09,0.00020003,-1.79658e-06,3.70295e-07,-1.79658e-06,0.000199988
0.246225,-0.290543,2.71759,0.24219,-0.290662,2.70206,-0.00887528,-0.0296435,-0.0794131,33.5825,0.000200001,-6.08552e-09,3.46636e-07,-6.08552e-09,0.000200031,-1.81375e-06,3.46636e-07,-1.81375e-06,0.000199988
0.241434,-0.291257,2.71442,0.242243,-0.290654,2.70174,-0.00866593,-0.0291571,-0.0825832,33.6361,0.000200001,-5.86168e-09,3.37015e-07,-5.86168e-09,0.00020003,-1.79895e-06,3.37015e-07,-1.79895e-06,0.000199988
0.237483,-0.291751,2.71197,0.242383,-0.290751,2.70217,-0.0076173,-0.028351,-0.0850321,33.5546,0.000200001,-5.55334e-09,3.14457e-07,-5.55334e-09,0.000200031,-1.8132e-06,3.14457e-07,-1.8132e-06,0.000199988
0.234462,-0.292157,2.70993,0.242295,-0.290646,2.70207,-0.00563823,-0.0275571,-0.0870749,33.6311,0.000200001,-5.31924e-09,3.0434e-07,-5.31924e-09,0.00020003,-1.79725e-06,3.0434e-07,-1.79725e-06,0.000199988
0.226066,-0.29342,2.70835,0.213105,-0.295744,2.70207,-0.00903403,-0.0276205,-0.0886458,33.5366,0.000200001,-5.03161e-09,2.8439e-07,-5.03161e-09,0.000200031,-1.80971e-06,2.8439e-07,-1.80971e-06,0.000199988
0.219506,-0.294482,2.70674,0.213171,-0.295814,2.70027,-0.0105944,-0.0275815,-0.090261,33.5362,0.000200001,-4.84188e-09,2.77499e-07,-4.84188e-09,0.00020003,-1.79477e-06,2.77499e-07,-1.79477e-06,0.000199988
0.214101,-0.295266,2.70549,0.213186,-0.295931,2.70081,-0.0109994,-0.0272656,-0.0915096,33.5676,0.000200001,-4.57454e-09,2.58278e-07,-4.57454e-09,0.000200031,-1.81089e-06,2.58278e-07,-1.81089e-06,0.000199988
0.209901,-0.295881,2.70474,0.213044,-0.295755,2.70204,-0.0102988,-0.0267813,-0.0922618,33.3619,0.000200001,-4.36783e-09,2.49046e-07,-4.36783e-09,0.00020003,-1.79684e-06,2.49046e-07,-1.79684e-06,0.000199988
0.206431,-0.296285,2.70428,0.213121,-0.295731,2.70211,-0.00866888,-0.0260848,-0.0927231,33.3812,0.000200001,-4.08778e-09,2.29598e-07,-4.08778e-09,0.00020003,-1.80804e-06,2.29598e-07,-1.80804e-06,0.000199988
0.203752,-0.296645,2.70369,0.212886,-0.295704,2.70164,-0.00644837,-0.0254445,-0.0933134,33.4345,0.000200001,-3.91956e-09,2.23752e-07,-3.91956e-09,0.00020003,-1.79224e-06,2.23752e-07,-1.79224e-06,0.000199989
0.195747,-0.297671,2.70321,0.184307,-0.299869,2.70099,-0.00945298,-0.0254712,-0.0937879,36.5418,0.0002,-3.65546e-09,2.05111e-07,-3.65546e-09,0.00020003,-1.80537e-06,2.05111e-07,-1.80537e-06,0.000199989
0.189473,-0.298534,2.70273,0.184235,-0.299862,2.7011,-0.0107274,-0.0254343,-0.0942725,36.3568,0.0002,-3.50267e-09,1.99797e-07,-3.50267e-09,0.00020003,-1.7908e-06,1.99797e-07,-1.7908e-06,0.000199989
0.184314,-0.299105,2.70243,0.184218,-0.299826,2.70092,-0.0108863,-0.0250051,-0.0945681,36.5019,0.0002,-3.20872e-09,1.78462e-07,-3.20872e-09,0.00020003,-1.80325e-06,1.78462e-07,-1.80325e-06,0.000199989
0.180347,-0.29962,2.7022,0.184274,-0.299824,2.70128,-0.00995328,-0.0247198,-0.0947964,36.501,0.0002,-3.06338e-09,1.73873e-07,-3.06338e-09,0.00020003,-1.78741e-06,1.73873e-07,-1.78741e-06,0.000199989
0.177025,-0.299931,2.70209,0.184282,-0.299854,2.70131,-0.00827549,-0.024131,-0.0949102,36.341,0.0002,-2.7856e-09,1.53919e-07,-2.7856e-09,0.00020003,-1.8013e-06,1.53919e-07,-1.8013e-06,0.000199989
0.174525,-0.300197,2.70173,0.184214,-0.299775,2.70062,-0.00577467,-0.0235971,-0.0952664,36.5402,0.0002,-2.60829e-09,1.46396e-07,-2.60829e-09,0.00020003,-1.78266e-06,1.46396e-07,-1.78266e-06,0.000199989
0.166464,-0.300734,2.7014,0.154703,-0.301848,2.69941,-0.00883568,-0.0233344,-0.0956038,37.7185,0.0002,-2.33897e-09,1.27655e-07,-2.33897e-09,0.00020003,-1.79619e-06,1.27655e-07,-1.79619e-06,0.000199989
0.160154,-0.301207,2.70132,0.15463,-0.301927,2.70101,-0.0102459,-0.0231074,-0.0956804,37.8266,0.0002,-2.15749e-09,1.19329e-07,-2.15749e-09,0.00020003,-1.78041e-06,1.19329e-07,-1.78041e-06,0.000199989
0.155,-0.301515,2.70094,0.154754,-0.302067,2.69971,-0.0104001,-0.0227147,-0.0960642,37.886,0.0002,-1.85773e-09,9.84051e-08,-1.85773e-09,0.00020003,-1.79124e-06,9.84051e-08,-1.79124e-06,0.000199989
0.151001,-0.30176,2.70084,0.154638,-0.302,2.70109,-0.00949885,-0.0223598,-0.0961595,37.7867,0.0002,-1.63174e-09,8.6456e-08,-1.63174e-09,0.00020003,-1.77454e-06,8.6456e-08,-1.77454e-06,0.000199989
0.14765,-0.301819,2.70065,0.15463,-0.301862,2.69956,-0.00784953,-0.0218188,-0.096352,37.7337,0.0002,-1.28015e-09,6.19429e-08,-1.28015e-09,0.00020003,-1.78783e-06,6.19429e-08,-1.78783e-06,0.000199989
0.139715,-0.302353,2.70089,0.127469,-0.304036,2.70187,-0.0108851,-0.021753,-0.0961054,38.7994,0.0002,-1.08923e-09,5.3807e-08,-1.08923e-09,0.000200029,-1.76801e-06,5.3807e-08,-1.76801e-06,0.000199989
0.133233,-0.302688,2.70106,0.12755,-0.3041,2.70202,-0.0123672,-0.0216881,-0.095941,38.7207,0.0002,-7.63387e-10,3.17464e-08,-7.63387e-10,0.00020003,-1.7793e-06,3.17464e-08,-1.7793e-06,0.000199989
0.1282,-0.302943,2.70109,0.12753,-0.304077,2.70182,-0.0125001,-0.0214434,-0.0959129,38.7745,0.0002,-4.96762e-10,1.6346e-08,-4.96762e-10,0.000200029,-1.76144e-06,1.6346e-08,-1.76144e-06,0.000199989
0.124004,-0.30304,2.70125,0.127455,-0.304139,2.70189,-0.0116964,-0.0212397,-0.0957507,38.7354,0.0002,-7.89032e-11,-1.261e-08,-7.89032e-11,0.000200029,-1.77481e-06,-1.261e-08,-1.77481e-06,0.000199989
0.120888,-0.303169,2.70139,0.127609,-0.304134,2.70196,-0.00991225,-0.0210686,-0.0956064,38.8014,0.0002,1.38404e-10,-2.26873e-08,1.38404e-10,0.000200029,-1.74969e-06,-2.26873e-08,-1.74969e-06,0.000199989
0.118496,-0.30314,2.70142,0.127627,-0.304128,2.70185,-0.00770441,-0.0208399,-0.0955773,38.8053,0.0002,5.25462e-10,-5.00106e-08,5.25462e-10,0.000200028,-1.71812e-06,-5.00106e-08,-1.71812e-06,0.000199989
0.111595,-0.303029,2.70149,0.100595,-0.303402,2.70209,-0.0104046,-0.0205289,-0.0955067,40.7253,0.0002,6.86296e-10,-5.83959e-08,6.86296e-10,0.000200026,-1.63072e-06,-5.83959e-08,-1.63072e-06,0.00019999
0.106434,-0.302888,2.70162,0.100565,-0.3034,2.70212,-0.0118655,-0.0202882,-0.0953807,40.5415,0.0002,8.50119e-10,-7.19094e-08,8.50119e-10,0.000200023,-1.51638e-06,-7.19094e-08,-1.51638e-06,0.000199991
0.102809,-0.302816,2.70175,0.100603,-0.303371,2.70226,-0.0123909,-0.0201156,-0.095251,40.5304,0.0002,8.50719e-10,-7.32429e-08,8.50719e-10,0.00020002,-1.36389e-06,-7.32429e-08,-1.36389e-06,0.000199992
0.100352,-0.302731,2.7018,0.100583,-0.303244,2.70201,-0.012348,-0.0200306,-0.0951986,40.3811,0.0002,8.06787e-10,-7.42267e-08,8.06787e-10,0.000200016,-1.19475e-06,-7.42267e-08,-1.19475e-06,0.000199993
0.0988003,-0.302727,2.70181,0.100578,-0.303355,2.70214,-0.0118997,-0.0200275,-0.0951933,40.5318,0.0002,6.88271e-10,-6.80709e-08,6.88271e-10,0.000200013,-1.02012e-06,-6.80709e-08,-1.02012e-06,0.000199994
0.0980382,-0.301685,2.70186,0.1006,-0.303327,2.70205,-0.0111618,-0.020085,-0.0951442,40.7157,0.0002,1.47244e-09,-2.29584e-07,1.47244e-09,0.000200009,-8.32393e-07,-2.29584e-07,-8.32393e-07,0.000199995
0.0934497,-0.299371,2.70086,0.078262,-0.300735,2.69649,-0.0146503,-0.0203706,-0.0961439,39.676,0.000200002,2.35569e-09,-4.8628e-07,2.35569e-09,0.000200006,-6.345e-07,-4.8628e-07,-6.345e-07,0.000199996
0.089878,-0.296688,2.70017,0.0782447,-0.30075,2.69672,-0.017222,-0.0213878,-0.09683,39.6111,0.000200004,3.05032e-09,-7.84237e-07,3.05032e-09,0.000200004,-4.91589e-07,-7.84237e-07,-4.91589e-07,0.000199996
0.0872222,-0.29411,2.69938,0.0781428,-0.30066,2.69615,-0.0190778,-0.0229099,-0.0976193,39.6536,0.000200008,3.21035e-09,-1.04124e-06,3.21035e-09,0.000200003,-3.64661e-07,-1.04124e-06,-3.64661e-07,0.000199996
0.0850953,-0.291953,2.69878,0.0781306,-0.300662,2.6963,-0.0204047,-0.0251532,-0.0982217,39.6193,0.000200011,3.10982e-09,-1.22097e-06,3.10982e-09,0.000200002,-2.83327e-07,-1.22097e-06,-2.83327e-07,0.000199996
0.0835262,-0.290341,2.6983,0.0781072,-0.300668,2.69633,-0.0212738,-0.0276405,-0.0986994,39.6301,0.000200014,2.69355e-09,-1.31821e-06,2.69355e-09,0.000200001,-2.09256e-07,-1.31821e-06,-2.09256e-07,0.000199995
0.0823306,-0.289366,2.69795,0.0782081,-0.300798,2.69683,-0.0219694,-0.0304661,-0.099048,39.6018,0.000200015,2.20077e-09,-1.33415e-06,2.20077e-09,0.000200001,-1.55285e-07,-1.33415e-06,-1.55285e-07,0.000199995
0.081599,-0.285789,2.69953,0.079154,-0.284812,2.70552,-0.022301,-0.030289,-0.0974681,35.1307,0.000200015,1.69753e-09,-1.28056e-06,1.69753e-09,0.000200001,-1.13281e-07,-1.28056e-06,-1.13281e-07,0.000199994
0.0810281,-0.283338,2.70065,0.0789047,-0.28483,2.7054,-0.0224719,-0.0306384,-0.0963539,35.3239,0.000200013,1.21488e-09,-1.18102e-06,1.21488e-09,0.0002,-7.6468e-08,-1.18102e-06,-7.6468e-08,0.000199995
0.080624,-0.281769,2.70161,0.0791987,-0.28486,2.70546,-0.022676,-0.0313692,-0.0953887,35.2716,0.000200011,8.64167e-10,-1.05563e-06,8.64167e-10,0.0002,-5.4223e-08,-1.05563e-06,-5.4223e-08,0.000199995
0.0804631,-0.280064,2.70255,0.0794753,-0.284886,2.70599,-0.0226369,-0.0323643,-0.0944477,35.2273,0.000200011,5.28073e-10,-1.04811e-06,5.28073e-10,0.0002,-2.29964e-08,-1.04811e-06,-2.29964e-08,0.000199996
0.0804234,-0.278172,2.70311,0.0790126,-0.284813,2.70534,-0.0226766,-0.0341721,-0.0938882,35.3706,0.000200012,6.98638e-11,-1.12547e-06,6.98638e-11,0.0002,2.58554e-08,-1.12547e-06,2.58554e-08,0.000199996
0.0802777,-0.271865,2.70369,0.0784004,-0.263583,2.70568,-0.0228223,-0.0321646,-0.0933077,35.2145,0.000200014,-3.4627e-10,-1.26259e-06,-3.4627e-10,0.0002,5.84242e-08,-1.26259e-06,5.84242e-08,0.000199995
0.0802988,-0.266529,2.70409,0.0785196,-0.263625,2.70598,-0.0227012,-0.0313288,-0.0929092,35.3826,0.000200017,-8.81092e-10,-1.39803e-06,-8.81092e-10,0.0002,9.76072e-08,-1.39803e-06,9.76072e-08,0.000199994
0.0802121,-0.262193,2.70449,0.0782546,-0.263761,2.70574,-0.0227879,-0.0317935,-0.0925114,35.1786,0.000200019,-1.2527e-09,-1.49975e-06,-1.2527e-09,0.0002,1.14348e-07,-1.49975e-06,1.14348e-07,0.000199994
0.0802252,-0.258799,2.70472,0.0785652,-0.26361,2.70594,-0.0227748,-0.0330989,-0.0922825,35.3402,0.000200021,-1.55757e-09,-1.5482e-06,-1.55757e-09,0.0002,1.28403e-07,-1.5482e-06,1.28403e-07,0.000199993
0.0801064,-0.25635,2.7049,0.07824,-0.263626,2.70563,-0.0228936,-0.0349499,-0.0920967,35.2622,0.000200021,-1.64106e-09,-1.53708e-06,-1.64106e-09,0.0002,1.26926e-07,-1.53708e-06,1.26926e-07,0.000199992
0.0800721,-0.25481,2.70507,0.078613,-0.2637,2.70603,-0.0229279,-0.0371102,-0.0919327,35.2487,0.00020002,-1.61695e-09,-1.46521e-06,-1.61695e-09,0.0002,1.23857e-07,-1.46521e-06,1.23857e-07,0.000199992
0.0804328,-0.249107,2.70485,0.0807903,-0.239168,2.70397,-0.0225672,-0.0347067,-0.0921507,34.2738,0.000200018,-1.46184e-09,-1.34974e-06,-1.46184e-09,0.0002,1.13766e-07,-1.34974e-06,1.13766e-07,0.000199993
0.080673,-0.245019,2.70464,0.0807484,-0.239232,2.70412,-0.022227,-0.0332193,-0.092359,34.3993,0.000200015,-1.24113e-09,-1.20181e-06,-1.24113e-09,0.0002,1.01042e-07,-1.20181e-06,1.01042e-07,0.000199994
0.0808334,-0.242134,2.70452,0.0807493,-0.239175,2.70404,-0.0220666,-0.0325337,-0.0924784,34.2994,0.000200012,-1.00706e-09,-1.04382e-06,-1.00706e-09,0.0002,8.77822e-08,-1.04382e-06,8.77822e-08,0.000199995
0.0810374,-0.239599,2.70446,0.0807811,-0.239292,2.70422,-0.0218626,-0.0322993,-0.0925391,34.4095,0.000200011,-9.34551e-10,-9.82593e-07,-9.34551e-10,0.0002,9.04493e-08,-9.82593e-07,9.04493e-08,0.000199995
0.0813761,-0.236799,2.70442,0.0807807,-0.239188,2.70394,-0.0217239,-0.0329995,-0.0925786,34.3209,0.000200011,-1.15251e-09,-1.06367e-06,-1.15251e-09,0.0002,1.20163e-07,-1.06367e-06,1.20163e-07,0.000199996
0.0817547,-0.234086,2.70439,0.0807918,-0.239331,2.70424,-0.0215453,-0.0343857,-0.0926144,34.1833,0.000200013,-1.55401e-09,-1.19593e-06,-1.55401e-09,0.0002,1.56134e-07,-1.19593e-06,1.56134e-07,0.000199995
0.0823376,-0.22776,2.70458,0.0819667,-0.220564,2.70536,-0.0212624,-0.0326602,-0.0924176,37.518,0.000200016,-2.04387e-09,-1.34471e-06,-2.04387e-09,0.0002,1.86612e-07,-1.34471e-06,1.86612e-07,0.000199995
0.0828841,-0.222558,2.70467,0.0818888,-0.220509,2.70532,-0.0210159,-0.0321578,-0.0923315,37.4906,0.000200018,-2.62847e-09,-1.46089e-06,-2.62847e-09,0.0002,2.21478e-07,-1.46089e-06,2.21478e-07,0.000199994
0.0832875,-0.218246,2.70491,0.0820295,-0.22061,2.70554,-0.0210125,-0.0328464,-0.0920912,37.3377,0.000200021,-3.04394e-09,-1.56241e-06,-3.04394e-09,0.0002,2.33781e-07,-1.56241e-06,2.33781e-07,0.000199993
0.0836531,-0.214767,2.70502,0.0818933,-0.220589,2.70543,-0.0209469,-0.0342672,-0.0919848,37.5121,0.000200023,-3.48668e-09,-1.6315e-06,-3.48668e-09,0.000200001,2.5286e-07,-1.6315e-06,2.5286e-07,0.000199992
0.083895,-0.211925,2.70512,0.0819383,-0.220667,2.70554,-0.021005,-0.0365248,-0.0918777,37.4742,0.000200025,-3.74165e-09,-1.68764e-06,-3.74165e-09,0.000200001,2.55545e-07,-1.68764e-06,2.55545e-07,0.000199991
0.0847755,-0.204413,2.70409,0.085185,-0.194519,2.69995,-0.0203245,-0.0341125,-0.0929089,38.9888,0.000200026,-3.97781e-09,-1.72523e-06,-3.97781e-09,0.000200001,2.61716e-07,-1.72523e-06,2.61716e-07,0.000199991
0.0854642,-0.19835,2.70324,0.0851443,-0.194397,2.69983,-0.0199358,-0.0331503,-0.0937596,38.9199,0.000200028,-4.14727e-09,-1.7537e-06,-4.14727e-09,0.000200001,2.6469e-07,-1.7537e-06,2.6469e-07,0.00019999
0.0859848,-0.193517,2.70256,0.0851237,-0.194429,2.69984,-0.0197152,-0.0334174,-0.0944387,38.9018,0.000200028,-4.2198e-09,-1.7702e-06,-4.2198e-09,0.000200001,2.62619e-07,-1.7702e-06,2.62619e-07,0.00019999
0.0864245,-0.189656,2.70207,0.0852852,-0.194591,2.70009,-0.0194755,-0.0347555,-0.0949329,38.8666,0.000200029,-4.26035e-09,-1.78522e-06,-4.26035e-09,0.000200001,2.60099e-07,-1.78522e-06,2.60099e-07,0.000199989
0.086767,-0.186591,2.70159,0.0851569,-0.194505,2.70001,-0.019433,-0.0366914,-0.0954065,38.7666,0.000200029,-4.30697e-09,-1.78798e-06,-4.30697e-09,0.000200001,2.61308e-07,-1.78798e-06,2.61308e-07,0.000199989
0.087004,-0.184106,2.70125,0.0852566,-0.194468,2.7002,-0.019396,-0.0394055,-0.0957488,39.0149,0.00020003,-4.24196e-09,-1.79406e-06,-4.24196e-09,0.000200001,2.5315e-07,-1.79406e-06,2.5315e-07,0.000199989
0.0882168,-0.176245,2.7009,0.0901654,-0.165018,2.69917,-0.0183832,-0.0366453,-0.0961031,36.5967,0.00020003,-4.25615e-09,-1.79503e-06,-4.25615e-09,0.000200001,2.54205e-07,-1.79503e-06,2.54205e-07,0.000199989
0.0891276,-0.169947,2.7006,0.0901527,-0.165101,2.69912,-0.0176724,-0.0354467,-0.0963951,36.6405,0.00020003,-4.16823e-09,-1.79997e-06,-4.16823e-09,0.000200001,2.45876e-07,-1.79997e-06,2.45876e-07,0.000199989
0.0898842,-0.16494,2.70021,0.090142,-0.165074,2.69895,-0.0171158,-0.0355399,-0.0967905,36.6457,0.00020003,-4.14736e-09,-1.79711e-06,-4.14736e-09,0.000200001,2.45541e-07,-1.79711e-06,2.45541e-07,0.000199989
0.0904342,-0.160909,2.69991,0.0901507,-0.165083,2.69905,-0.0166658,-0.0366091,-0.0970871,36.6147,0.00020003,-4.03366e-09,-1.79961e-06,-4.03366e-09,0.000200001,2.3635e-07,-1.79961e-06,2.3635e-07,0.000199989
0.0908925,-0.157707,2.69976,0.0901627,-0.164984,2.69914,-0.0164075,-0.0384071,-0.0972431,36.6496,0.00020003,-3.96482e-09,-1.79439e-06,-3.96482e-09,0.000200001,2.33043e-07,-1.79439e-06,2.33043e-07,0.000199989
0.0912262,-0.155125,2.69955,0.0902138,-0.165043,2.69904,-0.0161738,-0.0410252,-0.09645,36.6251,0.00020003,-3.84123e-09,-1.79621e-06,-3.84123e-09,0.0002,2.24115e-07,-1.79621e-06,2.24115e-07,0.000199989
0.0922765,-0.147139,2.69916,0.0940678,-0.135297,2.69794,-0.0152235,-0.038039,-0.0968353,33.4712,0.00020003,-3.76052e-09,-1.79283e-06,-3.76052e-09,0.0002,2.20154e-07,-1.79283e-06,2.20154e-07,0.000199989
0.0930705,-0.140725,2.69892,0.094049,-0.135333,2.69794,-0.0144295,-0.0367248,-0.0970818,33.4237,0.00020003,-3.62876e-09,-1.79582e-06,-3.62876e-09,0.0002,2.10857e-07,-1.79582e-06,2.10857e-07,0.000199989
0.0936999,-0.13564,2.69887,0.0940115,-0.135325,2.69803,-0.0139001,-0.0366397,-0.0971325,33.4627,0.00020003,-3.52052e-09,-1.79012e-06,-3.52052e-09,0.0002,2.05124e-07,-1.79012e-06,2.05124e-07,0.000199989
0.0941725,-0.131545,2.69857,0.0941021,-0.135425,2.69804,-0.0134275,-0.0376548,-0.0974259,33.4285,0.00020003,-3.36117e-09,-1.7939e-06,-3.36117e-09,0.0002,1.93925e-07,-1.7939e-06,1.93925e-07,0.000199989
0.0945658,-0.128332,2.69858,0.0940706,-0.135455,2.69799,-0.0130342,-0.0394418,-0.0974161,33.3286,0.00020003,-3.26621e-09,-1.78725e-06,-3.26621e-09,0.0002,1.89976e-07,-1.78725e-06,1.89976e-07,0.000199989
0.0948129,-0.125703,2.69853,0.0940473,-0.13537,2.69801,-0.0127871,-0.0419029,-0.0974678,33.4166,0.00020003,-3.08812e-09,-1.78963e-06,-3.08812e-09,0.0002,1.7746e-07,-1.78963e-06,1.7746e-07,0.000199989
0.0957189,-0.117697,2.6982,0.0975031,-0.105642,2.69687,-0.0117811,-0.0388867,-0.0978025,32.166,0.00020003,-2.9738e-09,-1.78435e-06,-2.9738e-09,0.0002,1.71959e-07,-1.78435e-06,1.71959e-07,0.000199989
0.0963816,-0.11126,2.69779,0.0974781,-0.105622,2.69682,-0.0110184,-0.0375204,-0.0982072,32.2853,0.00020003,-2.79054e-09,-1.78532e-06,-2.79054e-09,0.0002,1.59532e-07,-1.78532e-06,1.59532e-07,0.000199989
0.0969256,-0.106164,2.69765,0.0974648,-0.10567,2.69678,-0.0103744,-0.0373838,-0.0983476,32.3072,0.00020003,-2.67387e-09,-1.77914e-06,-2.67387e-09,0.0002,1.54105e-07,-1.77914e-06,1.54105e-07,0.000199989
0.0972997,-0.102023,2.69754,0.0974967,-0.105632,2.6968,-0.00990029,-0.0383031,-0.0994554,32.2046,0.00020003,-2.47182e-09,-1.78409e-06,-2.47182e-09,0.0002,1.39889e-07,-1.78409e-06,1.39889e-07,0.000199989
0.0976223,-0.0988003,2.69746,0.0974894,-0.105727,2.69713,-0.00937773,-0.0400403,-0.0985391,32.2923,0.00020003,-2.35603e-09,-1.77591e-06,-2.35603e-09,0.0002,1.3494e-07,-1.77591e-06,1.3494e-07,0.000199989
0.0981272,-0.0903532,2.69743,0.0991588,-0.0767074,2.6973,-0.00867283,-0.0366432,-0.0985722,33.7713,0.00020003,-2.11937e-09,-1.78106e-06,-2.11937e-09,0.0002,1.17923e-07,-1.78106e-06,1.17923e-07,0.000199989
0.0985554,-0.0836621,2.69749,0.0991544,-0.0766855,2.6974,-0.00794459,-0.0348921,-0.0985149,33.7773,0.000200029,-1.97624e-09,-1.77302e-06,-1.97624e-09,0.0002,1.1103e-07,-1.77302e-06,1.1103e-07,0.000199989
0.098819,-0.0782665,2.69743,0.0992428,-0.0767011,2.69754,-0.00738102,-0.0345165,-0.0985672,33.7871,0.000200029,-1.69871e-09,-1.77518e-06,-1.69871e-09,0.0002,9.13185e-08,-1.77518e-06,9.13185e-08,0.000199989
0.0990286,-0.0739717,2.69739,0.099157,-0.0765965,2.6972,-0.00687137,-0.0351417,-0.0986134,33.7962,0.000200029,-1.51039e-09,-1.76976e-06,-1.51039e-09,0.0002,8.1102e-08,-1.76976e-06,8.1102e-08,0.000199989
0.0991134,-0.0705085,2.69735,0.0991261,-0.0766423,2.69723,-0.0063866,-0.0366785,-0.098645,33.7897,0.000200029,-1.23192e-09,-1.77215e-06,-1.23192e-09,0.0002,6.23015e-08,-1.77215e-06,6.23015e-08,0.000199989
0.0992275,-0.0678436,2.69725,0.0992266,-0.076579,2.69713,-0.00587248,-0.0388436,-0.098754,33.8111,0.000200029,-1.06287e-09,-1.75472e-06,-1.06287e-09,0.0002,5.45124e-08,-1.75472e-06,5.45124e-08,0.000199989
0.0993828,-0.0601382,2.6971,0.100063,-0.0474879,2.69651,-0.00531725,-0.0357182,-0.0989029,34.6026,0.000200028,-7.40987e-10,-1.70444e-06,-7.40987e-10,0.0002,3.27961e-08,-1.70444e-06,3.27961e-08,0.000199989
0.0995351,-0.0543513,2.69697,0.100052,-0.0475942,2.69681,-0.00476487,-0.0339913,-0.0990256,34.6023,0.000200026,-5.48952e-10,-1.61527e-06,-5.48952e-10,0.0002,2.39234e-08,-1.61527e-06,2.39234e-08,0.00019999
0.0996026,-0.0501851,2.69697,0.100065,-0.0475741,2.69662,-0.00429745,-0.0333251,-0.099033,34.5827,0.000200022,-3.15281e-10,-1.48344e-06,-3.15281e-10,0.0002,8.99951e-09,-1.48344e-06,8.99951e-09,0.000199991
0.0996678,-0.0472987,2.69703,0.100033,-0.0475253,2.69698,-0.0039322,-0.0333587,-0.098968,34.5383,0.000200019,-1.79671e-10,-1.32608e-06,-1.79671e-10,0.0002,2.36883e-09,-1.32608e-06,2.36883e-09,0.000199992
0.0997256,-0.0454369,2.69701,0.100042,-0.047455,2.69694,-0.00357438,-0.0338669,-0.0989868,34.5956,0.000200015,-9.57065e-11,-1.15155e-06,-9.57065e-11,0.0002,-1.22127e-09,-1.15155e-06,-1.22127e-09,0.000199993
0.0997681,-0.04433,2.69695,0.100082,-0.0475112,2.69672,-0.00333192,-0.034624,-0.0990459,34.5969,0.000200012,-3.0846e-11,-9.80458e-07,-3.0846e-11,0.0002,-5.42486e-09,-9.80458e-07,-5.42486e-09,0.000199994
0.0999472,-0.0387151,2.71073,0.0996675,-0.0256922,2.70489,-0.00315278,-0.0312151,-0.101267,33.2312,0.00020001,-1.75391e-10,-9.29916e-07,-1.75391e-10,0.0002,2.27157e-08,-9.29916e-07,2.27157e-08,0.000199995
0.100346,-0.0335651,2.72881,0.099615,-0.0257078,2.7049,-0.00295415,-0.0292941,-0.107194,33.3342,0.00020001,-5.34682e-10,-1.00481e-06,-5.34682e-10,0.0002,7.43117e-08,-1.00481e-06,7.43117e-08,0.000199996
0.1009,-0.0288225,2.74112,0.0996882,-0.025675,2.70497,-0.00269969,-0.0286117,-0.115878,33.2283,0.000200012,-1.14795e-09,-1.15243e-06,-1.14795e-09,0.0002,1.38132e-07,-1.15243e-06,1.38132e-07,0.000199996
0.101424,-0.0247429,2.7456,0.0996904,-0.0257776,2.70475,-0.00247589,-0.0288709,-0.126404,33.2941,0.000200015,-1.85957e-09,-1.29598e-06,-1.85957e-09,0.0002,1.92154e-07,-1.29598e-06,1.92154e-07,0.000199995
0.101881,-0.0213515,2.74364,0.099629,-0.0257633,2.70471,-0.00241925,-0.0301595,-0.136356,33.2285,0.000200017,-2.59182e-09,-1.40743e-06,-2.59182e-09,0.0002,2.38032e-07,-1.40743e-06,2.38032e-07,0.000199994
0.102209,-0.0157826,2.751,0.0996998,-0.0122883,2.76581,-0.00239098,-0.0293026,-0.131995,32.1356,0.000200019,-3.3151e-09,-1.50133e-06,-3.3151e-09,0.000200001,2.76914e-07,-1.50133e-06,2.76914e-07,0.000199993
0.102442,-0.0112499,2.75483,0.0996336,-0.0122586,2.76564,-0.00245806,-0.0296699,-0.129175,32.1377,0.000200021,-3.88392e-09,-1.57276e-06,-3.88392e-09,0.000200001,2.99628e-07,-1.57276e-06,2.99628e-07,0.000199993
0.102685,-0.00760491,2.75708,0.0996655,-0.0122241,2.76575,-0.00261498,-0.0308849,-0.126922,32.14,0.000200023,-4.40458e-09,-1.62032e-06,-4.40458e-09,0.000200001,3.22261e-07,-1.62032e-06,3.22261e-07,0.000199992
0.102822,-0.00467195,2.75858,0.0996918,-0.0124331,2.76583,-0.00277842,-0.0329319,-0.125421,32.1482,0.000200024,-4.70518e-09,-1.6602e-06,-4.70518e-09,0.000200001,3.26482e-07,-1.6602e-06,3.26482e-07,0.000199991
0.102942,-0.00232197,2.7597,0.0996355,-0.0123095,2.76574,-0.0029583,-0.035482,-0.124304,32.1921,0.000200025,-4.94686e-09,-1.68241e-06,-4.94686e-09,0.000200001,3.32395e-07,-1.68241e-06,3.32395e-07,0.000199991
0.103017,-0.000390349,2.76061,0.0996895,-0.012399,2.76554,-0.00328307,-0.0385603,-0.122388,32.1546,0.000200026,-5.08315e-09,-1.70783e-06,-5.08315e-09,0.000200001,3.30716e-07,-1.70783e-06,3.30716e-07,0.00019999
0.104051,0.00701881,2.7661,0.104782,0.0172178,2.78804,-0.00254853,-0.0360712,-0.1169,32.629,0.000200027,-5.13681e-09,-1.7135e-06,-5.13681e-09,0.000200001,3.28225e-07,-1.7135e-06,3.28225e-07,0.00019999
0.104846,0.0129983,2.77035,0.104833,0.0171235,2.78828,-0.00205361,-0.0351117,-0.112653,32.6479,0.000200027,-5.10225e-09,-1.72876e-06,-5.10225e-09,0.000200001,3.18579e-07,-1.72876e-06,3.18579e-07,0.00019999
0.105472,0.0177383,2.77394,0.104737,0.0171053,2.7883,-0.0016278,-0.0352817,-0.109061,32.6553,0.000200028,-5.05567e-09,-1.7324e-06,-5.05567e-09,0.000200001,3.12474e-07,-1.7324e-06,3.12474e-07,0.00019999
0.10595,0.0215479,2.77678,0.104858,0.0171114,2.78817,-0.00145036,-0.0364821,-0.106215,32.6427,0.000200028,-4.92394e-09,-1.73756e-06,-4.92394e-09,0.000200001,2.99966e-07,-1.73756e-06,2.99966e-07,0.000199989
0.106325,0.0245917,2.7791,0.104799,0.0172251,2.78835,-0.00127461,-0.0383483,-0.103901,32.7188,0.000200028,-4.81319e-09,-1.73676e-06,-4.81319e-09,0.000200001,2.92136e-07,-1.73676e-06,2.92136e-07,0.000199989
0.106586,0.0270705,2.78091,0.104785,0.0172665,2.78815,-0.00131374,-0.0408595,-0.102091,32.6303,0.000200028,-4.66399e-09,-1.74206e-06,-4.66399e-09,0.000200001,2.80522e-07,-1.74206e-06,2.80522e-07,0.000199989
0.107512,0.0344458,2.78239,0.108366,0.0444611,2.7883,-0.000588077,-0.0383842,-0.100611,32.0601,0.000200028,-4.53203e-09,-1.73806e-06,-4.53203e-09,0.000200001,2.72729e-07,-1.73806e-06,2.72729e-07,0.000199989
0.108215,0.0403766,2.78354,0.108453,0.0444007,2.78812,-8.53397e-05,-0.0374434,-0.0994641,32.0083,0.000200028,-4.33911e-09,-1.74241e-06,-4.33911e-09,0.000200001,2.58459e-07,-1.74241e-06,2.58459e-07,0.000199989
0.108815,0.0451325,2.78442,0.108426,0.0445985,2.78826,0.000314682,-0.0375675,-0.098582,32.0669,0.000200028,-4.26072e-09,-1.74071e-06,-4.26072e-09,0.000200001,2.56024e-07,-1.74071e-06,2.56024e-07,0.000199989
0.109218,0.0489626,2.78521,0.108418,0.0446436,2.78835,0.000617622,-0.0387174,-0.0977949,31.9812,0.000200028,-4.06906e-09,-1.74227e-06,-4.06906e-09,0.000200001,2.42111e-07,-1.74227e-06,2.42111e-07,0.000199989
0.10958,0.0519634,2.78574,0.108397,0.0444694,2.78817,0.000780383,-0.0405966,-0.0972646,32.0746,0.000200028,-3.99464e-09,-1.73877e-06,-3.99464e-09,0.000200001,2.40141e-07,-1.73877e-06,2.40141e-07,0.000199989
0.10981,0.0544036,2.78624,0.108469,0.0445864,2.78825,0.000910446,-0.0431264,-0.0967621,32.1465,0.000200028,-3.80833e-09,-1.73913e-06,-3.80833e-09,0.000200001,2.26743e-07,-1.73913e-06,2.26743e-07,0.000199989
0.11065,0.0621922,2.78639,0.111707,0.0738385,2.78666,0.0016501,-0.0402078,-0.0966142,31.9242,0.000200028,-3.67006e-09,-1.73722e-06,-3.67006e-09,0.0002,2.18807e-07,-1.73722e-06,2.18807e-07,0.000199989
0.111256,0.0684234,2.78637,0.111581,0.0737654,2.7866,0.00215621,-0.0389766,-0.0966339,31.9088,0.000200028,-3.49805e-09,-1.73836e-06,-3.49805e-09,0.0002,2.07354e-07,-1.73836e-06,2.07354e-07,0.000199989
0.111771,0.0734151,2.78644,0.1116,0.073905,2.78673,0.00267109,-0.0387849,-0.0965615,31.8791,0.000200028,-3.41115e-09,-1.73573e-06,-3.41115e-09,0.0002,2.04181e-07,-1.73573e-06,2.04181e-07,0.000199989
0.112151,0.0773615,2.78646,0.111677,0.0736959,2.78653,0.00305139,-0.0398385,-0.0965423,31.8936,0.000200028,-3.26188e-09,-1.73322e-06,-3.26188e-09,0.0002,1.9454e-07,-1.73322e-06,1.9454e-07,0.000199989
0.112442,0.0805232,2.7865,0.111612,0.0737184,2.78667,0.00324235,-0.0414768,-0.0964996,31.9106,0.000200028,-3.14916e-09,-1.73162e-06,-3.14916e-09,0.0002,1.88358e-07,-1.73162e-06,1.88358e-07,0.000199989
0.113213,0.0887913,2.78663,0.114507,0.102338,2.78714,0.00401332,-0.0381087,-0.096371,31.3732,0.000200028,-2.99606e-09,-1.73297e-06,-2.99606e-09,0.0002,1.77994e-07,-1.73297e-06,1.77994e-07,0.000199989
0.113814,0.0953469,2.78664,0.114435,0.102211,2.78701,0.00471434,-0.0364531,-0.0963578,31.241,0.000200028,-2.87185e-09,-1.72845e-06,-2.87185e-09,0.0002,1.71151e-07,-1.72845e-06,1.71151e-07,0.000199989
0.114259,0.100619,2.78673,0.114449,0.102108,2.78711,0.0051592,-0.0360809,-0.0962653,31.3456,0.000200028,-2.71719e-09,-1.73331e-06,-2.71719e-09,0.0002,1.60511e-07,-1.73331e-06,1.60511e-07,0.000199989
0.114642,0.104796,2.78674,0.11453,0.102209,2.78707,0.00564228,-0.0367038,-0.0962618,31.3653,0.000200028,-2.61105e-09,-1.72667e-06,-2.61105e-09,0.0002,1.55523e-07,-1.72667e-06,1.55523e-07,0.00019999
0.114882,0.108184,2.78688,0.114457,0.102229,2.78714,0.00598202,-0.0382161,-0.0961183,31.352,0.000200028,-2.44405e-09,-1.72917e-06,-2.44405e-09,0.0002,1.43839e-07,-1.72917e-06,1.43839e-07,0.00019999
0.115085,0.110861,2.78703,0.114491,0.102298,2.78729,0.00638513,-0.0403395,-0.0959741,31.3425,0.000200028,-2.31874e-09,-1.72321e-06,-2.31874e-09,0.0002,1.371e-07,-1.72321e-06,1.371e-07,0.00019999
0.115598,0.118632,2.78683,0.116502,0.130239,2.78637,0.00699825,-0.0374678,-0.096168,31.0117,0.000200028,-2.13725e-09,-1.72613e-06,-2.13725e-09,0.0002,1.24404e-07,-1.72613e-06,1.24404e-07,0.00019999
0.116029,0.124803,2.78671,0.116505,0.130213,2.78624,0.00762915,-0.0360968,-0.0962863,30.9879,0.000200028,-2.02917e-09,-1.72143e-06,-2.02917e-09,0.0002,1.19364e-07,-1.72143e-06,1.19364e-07,0.00019999
0.116296,0.129758,2.78671,0.116482,0.130224,2.78636,0.00809596,-0.0360419,-0.0962946,30.8827,0.000200028,-1.82029e-09,-1.72097e-06,-1.82029e-09,0.0002,1.04402e-07,-1.72097e-06,1.04402e-07,0.00019999
0.116559,0.133696,2.78662,0.116599,0.1302,2.7863,0.0085589,-0.0369037,-0.0963756,30.8912,0.000200028,-1.70664e-09,-1.7173e-06,-1.70664e-09,0.0002,9.90762e-08,-1.7173e-06,9.90762e-08,0.00019999
0.116674,0.136878,2.78653,0.116489,0.130277,2.78648,0.00897357,-0.038522,-0.0964684,30.9752,0.000200028,-1.49467e-09,-1.7175e-06,-1.49467e-09,0.0002,8.4007e-08,-1.7175e-06,8.4007e-08,0.00019999
0.116789,0.139408,2.78651,0.116476,0.130303,2.78644,0.00938919,-0.0407924,-0.0964874,30.9894,0.000200028,-1.37877e-09,-1.71425e-06,-1.37877e-09,0.0002,7.85661e-08,-1.71425e-06,7.85661e-08,0.00019999
0.116972,0.146956,2.7865,0.11746,0.15784,2.78644,0.00997152,-0.0380445,-0.0965013,31.074,0.000200027,-1.10371e-09,-1.7149e-06,-1.10371e-09,0.0002,5.79582e-08,-1.7149e-06,5.79582e-08,0.00019999
0.117166,0.15294,2.78642,0.117471,0.157712,2.7864,0.0105656,-0.0368601,-0.0965844,31.0668,0.000200027,-9.74516e-10,-1.71076e-06,-9.74516e-10,0.0002,5.22123e-08,-1.71076e-06,5.22123e-08,0.00019999
0.117227,0.157726,2.78646,0.117532,0.157622,2.78633,0.0110265,-0.0368736,-0.0965378,31.0772,0.000200027,-6.89855e-10,-1.71083e-06,-6.89855e-10,0.0002,3.13513e-08,-1.71083e-06,3.13513e-08,0.00019999
0.117302,0.161533,2.78641,0.117544,0.157781,2.78652,0.0116022,-0.0377671,-0.0965908,30.9576,0.000200027,-5.16557e-10,-1.70213e-06,-5.16557e-10,0.0002,2.20839e-08,-1.70213e-06,2.20839e-08,0.00019999
0.117287,0.164398,2.78647,0.117533,0.157879,2.7864,0.012087,-0.039402,-0.0965289,31.0642,0.000200026,-2.56803e-10,-1.66466e-06,-2.56803e-10,0.0002,4.25645e-09,-1.66466e-06,4.25645e-09,0.00019999
0.117341,0.172024,2.78665,0.117797,0.186164,2.78771,0.0125414,-0.0358764,-0.0963456,30.8242,0.000200025,-9.45184e-11,-1.58891e-06,-9.45184e-11,0.0002,-4.52242e-09,-1.58891e-06,-4.52242e-09,0.00019999
0.117377,0.177739,2.78679,0.117824,0.186256,2.78764,0.0130769,-0.0337608,-0.0962124,30.7085,0.000200022,3.6471e-11,-1.4759e-06,3.6471e-11,0.0002,-1.23844e-08,-1.4759e-06,-1.23844e-08,0.000199991
0.11739,0.181838,2.78687,0.117789,0.18614,2.78754,0.0133902,-0.0326622,-0.0961255,30.7091,0.000200019,1.29044e-10,-1.33148e-06,1.29044e-10,0.0002,-1.87902e-08,-1.33148e-06,-1.87902e-08,0.000199992
0.117408,0.184667,2.787,0.117834,0.186216,2.78753,0.0138079,-0.0322326,-0.0959959,30.8184,0.000200015,1.80257e-10,-1.16477e-06,1.80257e-10,0.0002,-2.32507e-08,-1.16477e-06,-2.32507e-08,0.000199993
0.11743,0.186575,2.78723,0.117799,0.186223,2.78781,0.0140302,-0.0323247,-0.0957721,30.8094,0.000200012,1.84622e-10,-1.00094e-06,1.84622e-10,0.0002,-2.37365e-08,-1.00094e-06,-2.37365e-08,0.000199994
0.116612,0.187671,2.77498,0.117788,0.186137,2.78761,0.0142121,-0.0326286,-0.0930155,30.8182,0.000200009,8.75337e-10,-8.32513e-07,8.75337e-10,0.0002,-1.52504e-07,-8.32513e-07,-1.52504e-07,0.000199996
0.115563,0.192915,2.7545,0.119603,0.20991,2.77866,0.0153633,-0.0282845,-0.0864987,30.739,0.000200006,1.7093e-09,-6.6877e-07,1.7093e-09,0.000200001,-3.54388e-07,-6.6877e-07,-3.54388e-07,0.000199996
0.113505,0.196845,2.73251,0.119528,0.20988,2.77862,0.0167849,-0.0247549,-0.0754858,30.6139,0.000200005,2.70522e-09,-5.35152e-07,2.70522e-09,0.000200003,-6.7474e-07,-5.35152e-07,-6.7474e-07,0.000199997
0.111424,0.199637,2.71538,0.119594,0.209952,2.77866,0.0188145,-0.0220632,-0.0596248,30.743,0.000200003,3.07089e-09,-3.98965e-07,3.07089e-09,0.000200007,-9.52939e-07,-3.98965e-07,-9.52939e-07,0.000199997
0.109284,0.201707,2.6994,0.119572,0.209977,2.77876,0.0213136,-0.0199931,-0.0396004,30.7626,0.000200002,3.09572e-09,-2.96212e-07,3.09572e-09,0.000200011,-1.20733e-06,-2.96212e-07,-1.20733e-06,0.000199996
0.107499,0.20316,2.68783,0.119546,0.210026,2.77876,0.0242889,-0.0183396,-0.0171735,30.7398,0.000200001,2.6698e-09,-2.0197e-07,2.6698e-09,0.000200015,-1.38289e-06,-2.0197e-07,-1.38289e-06,0.000199995
0.105848,0.204141,2.67683,0.119601,0.209975,2.77865,0.0276282,-0.0171593,0.007833,30.7473,0.000200001,2.05266e-09,-1.22906e-07,2.05266e-09,0.000200019,-1.53455e-06,-1.22906e-07,-1.53455e-06,0.000199994
0.102836,0.207567,2.64666,0.110675,0.223132,2.66393,0.0296159,-0.0134334,0.0116627,33.4358,0.0002,1.20465e-09,-4.65181e-08,1.20465e-09,0.000200022,-1.61982e-06,-4.65181e-08,-1.61982e-06,0.000199993
0.100253,0.210298,2.62107,0.110674,0.223409,2.66425,0.0321927,-0.0104023,0.0220716,33.3944,0.0002,5.14079e-10,1.41103e-09,5.14079e-10,0.000200025,-1.70233e-06,1.41103e-09,-1.70233e-06,0.000199992
0.0983116,0.212302,2.60205,0.110714,0.223269,2.66385,0.0353716,-0.00809801,0.0370463,33.4059,0.0002,-2.51669e-10,5.15964e-08,-2.51669e-10,0.000200026,-1.73752e-06,5.15964e-08,-1.73752e-06,0.000199991
0.0965869,0.213831,2.58553,0.110747,0.223247,2.66399,0.0388969,-0.00616945,0.0565252,33.2726,0.0002,-8.86824e-10,8.62221e-08,-8.86824e-10,0.000200028,-1.78954e-06,8.62221e-08,-1.78954e-06,0.00019999
0.0953306,0.214817,2.5737,0.110729,0.222937,2.66364,0.0428306,-0.00488342,0.0787024,33.6643,0.0002,-1.65886e-09,1.33859e-07,-1.65886e-09,0.000200029,-1.80428e-06,1.33859e-07,-1.80428e-06,0.00019999
0.0942065,0.215605,2.56282,0.110734,0.223278,2.66384,0.0470065,-0.00369456,0.103824,33.3994,0.0002,-2.31986e-09,1.68719e-07,-2.31986e-09,0.00020003,-1.83428e-06,1.68719e-07,-1.83428e-06,0.000199989
0.0861952,0.214259,2.52061,0.0746866,0.212654,2.48892,0.0442352,-0.00464069,0.0956145,32.7328,0.0002,-3.11747e-09,2.17958e-07,-3.11747e-09,0.000200031,-1.83378e-06,2.17958e-07,-1.83378e-06,0.000199989
0.0795829,0.213179,2.48519,0.0743727,0.21272,2.48795,0.0429829,-0.00532092,0.09519,32.6951,0.0002,-3.60993e-09,2.37404e-07,-3.60993e-09,0.000200032,-1.8573e-06,2.37404e-07,-1.8573e-06,0.000199988
0.0744205,0.21218,2.4584,0.0744964,0.212661,2.48777,0.0431005,-0.00591987,0.102402,32.7161,0.000200001,-4.08709e-09,2.61501e-07,-4.08709e-09,0.000200032,-1.85745e-06,2.61501e-07,-1.85745e-06,0.000199988
0.0702078,0.211347,2.43538,0.0746309,0.212632,2.48746,0.0442878,-0.00635266,0.115383,32.722,0.000200001,-4.39631e-09,2.70808e-07,-4.39631e-09,0.000200032,-1.87642e-06,2.70808e-07,-1.87642e-06,0.000199988
0.0668955,0.210602,2.41827,0.074368,0.212861,2.48635,0.0463055,-0.0067983,0.13227,32.6896,0.000200001,-4.78442e-09,2.92715e-07,-4.78442e-09,0.000200032,-1.87235e-06,2.92715e-07,-1.87235e-06,0.000199988
0.0570035,0.20883,2.36329,0.0389932,0.205559,2.28657,0.0418535,-0.00817012,0.112294,30.4628,0.000200001,-5.1967e-09,3.1379e-07,-5.1967e-09,0.000200033,-1.88821e-06,3.1379e-07,-1.88821e-06,0.000199988
0.049193,0.207352,2.32063,0.0391215,0.205396,2.28616,0.039417,-0.00924785,0.103629,30.4424,0.000200001,-5.36143e-09,3.17305e-07,-5.36143e-09,0.000200033,-1.88798e-06,3.17305e-07,-1.88798e-06,0.000199987
0.0428495,0.206169,2.28499,0.039064,0.205501,2.28627,0.0385625,-0.0100307,0.103993,30.3455,0.000200001,-5.3575e-09,3.07673e-07,-5.3575e-09,0.000200034,-1.90332e-06,3.07673e-07,-1.90332e-06,0.000199987
0.037819,0.205107,2.25812,0.0389828,0.205478,2.28653,0.038944,-0.0107932,0.110123,30.3518,0.000200001,-5.43956e-09,3.10689e-07,-5.43956e-09,0.000200034,-1.90519e-06,3.10689e-07,-1.90519e-06,0.000199987
0.0337019,0.20426,2.2352,0.0389145,0.205467,2.28638,0.0403629,-0.0112397,0.1232,30.3438,0.000200001,-5.38244e-09,3.01168e-07,-5.38244e-09,0.000200034,-1.92019e-06,3.01168e-07,-1.92019e-06,0.000199987
0.0304915,0.203431,2.21836,0.0389825,0.20552,2.28656,0.0426115,-0.0117688,0.139357,30.338,0.000200001,-5.57859e-09,3.1615e-07,-5.57859e-09,0.000200034,-1.92034e-06,3.1615e-07,-1.92034e-06,0.000199987
0.0209619,0.202898,2.16236,0.00490923,0.20442,2.08162,0.0386619,-0.0119016,0.119364,29.3554,0.000200001,-5.75784e-09,3.25311e-07,-5.75784e-09,0.000200035,-1.9346e-06,3.25311e-07,-1.9346e-06,0.000199987
0.0134309,0.202413,2.11915,0.00493044,0.204369,2.08159,0.0366309,-0.0120874,0.109153,29.3641,0.000200001,-5.78048e-09,3.24121e-07,-5.78048e-09,0.000200035,-1.93187e-06,3.24121e-07,-1.93187e-06,0.000199987
0.00725606,0.202095,2.08501,0.00491385,0.204589,2.0818,0.0360861,-0.0121055,0.109008,29.3449,0.000200001,-5.61383e-09,3.05347e-07,-5.61383e-09,0.000200035,-1.95517e-06,3.05347e-07,-1.95517e-06,0.000199987
0.00242631,0.201701,2.06407,0.00503858,0.20438,2.08162,0.0367963,-0.0122993,0.113068,29.3776,0.000200001,-5.62386e-09,3.06864e-07,-5.62386e-09,0.000200036,-1.95712e-06,3.06864e-07,-1.95712e-06,0.000199987
-0.00148634,0.201506,2.05553,0.0050117,0.204344,2.08143,0.0385337,-0.0122937,0.119535,29.3669,0.000200001,-5.4321e-09,2.91268e-07,-5.4321e-09,0.000200036,-1.9642e-06,2.91268e-07,-1.9642e-06,0.000199986
-0.00459724,0.201374,2.05451,0.00489024,0.204524,2.08189,0.0409328,-0.0122256,0.126514,29.3826,0.000200001,-5.35006e-09,2.87805e-07,-5.35006e-09,0.000200036,-1.96116e-06,2.87805e-07,-1.96116e-06,0.000199986
-0.0140602,0.202385,2.01822,-0.0295943,0.207677,1.88424,0.0370698,-0.0112148,0.0932204,30.9252,0.000200001,-5.15644e-09,2.74804e-07,-5.15644e-09,0.000200036,-1.96208e-06,2.74804e-07,-1.96208e-06,0.000199986
-0.0215915,0.203237,1.99083,-0.0296062,0.207667,1.88419,0.0350185,-0.0103635,0.0668312,31.0615,0.000200001,-4.78665e-09,2.49972e-07,-4.78665e-09,0.000200036,-1.95787e-06,2.49972e-07,-1.95787e-06,0.000199986
-0.0276661,0.204117,1.96976,-0.0296692,0.207763,1.88426,0.0345239,-0.00948302,0.0457616,31.0357,0.0002,-4.04506e-09,1.97767e-07,-4.04506e-09,0.000200036,-1.96297e-06,1.97767e-07,-1.96297e-06,0.000199986
-0.0324371,0.204799,1.95297,-0.0295642,0.207598,1.88392,0.0352129,-0.00890134,0.0279691,31.0771,0.0002,-3.3531e-09,1.56262e-07,-3.3531e-09,0.000200036,-1.95663e-06,1.56262e-07,-1.95663e-06,0.000199987
-0.0363062,0.205508,1.93947,-0.0295785,0.207691,1.88392,0.0368938,-0.00829199,0.0144719,31.1845,0.0002,-2.4697e-09,1.0115e-07,-2.4697e-09,0.000200036,-1.96154e-06,1.0115e-07,-1.96154e-06,0.000199987
-0.0454788,0.209352,1.91982,-0.0602154,0.223676,1.84076,0.0331612,-0.00454799,-0.00517826,32.8509,0.0002,-1.74487e-09,6.22322e-08,-1.74487e-09,0.000200036,-1.95681e-06,6.22322e-08,-1.95681e-06,0.000199987
-0.0527831,0.212572,1.904,-0.0600662,0.223658,1.84055,0.0313769,-0.00152797,-0.020995,32.935,0.0002,-8.21271e-10,7.35132e-09,-8.21271e-10,0.000200036,-1.95403e-06,7.35132e-09,-1.95403e-06,0.000199987
-0.0585749,0.215152,1.8913,-0.0600785,0.22369,1.84057,0.0309951,0.00085221,-0.034702,32.8296,0.0002,-6.43206e-11,-3.25511e-08,-6.43206e-11,0.000200035,-1.94404e-06,-3.25511e-08,-1.94404e-06,0.000199987
-0.0632595,0.217346,1.88112,-0.0601264,0.22365,1.8408,0.0318205,0.00274572,-0.0448803,32.748,0.0002,8.30697e-10,-8.41803e-08,8.30697e-10,0.000200035,-1.94463e-06,-8.41803e-08,-1.94463e-06,0.000199987
-0.0669597,0.219099,1.87302,-0.0601462,0.223721,1.8407,0.0335403,0.00419864,-0.0519767,32.9271,0.0002,1.50459e-09,-1.1775e-07,1.50459e-09,0.000200035,-1.93687e-06,-1.1775e-07,-1.93687e-06,0.000199987
-0.0699002,0.220623,1.86655,-0.0600108,0.223697,1.8407,0.0359998,0.0054232,-0.0584497,32.9514,0.0002,2.28966e-09,-1.62094e-07,2.28966e-09,0.000200035,-1.93318e-06,-1.62094e-07,-1.93318e-06,0.000199987
-0.0780937,0.223066,1.86104,-0.0894641,0.229925,1.83876,0.0332063,0.00746603,-0.0649579,32.0083,0.0002,2.83837e-09,-1.88257e-07,2.83837e-09,0.000200035,-1.92289e-06,-1.88257e-07,-1.92289e-06,0.000199987
-0.0847408,0.225163,1.85675,-0.089792,0.229907,1.83961,0.0319592,0.00906339,-0.0692544,31.8696,0.0002,3.56357e-09,-2.30512e-07,3.56357e-09,0.000200035,-1.92052e-06,-2.30512e-07,-1.92052e-06,0.000199987
-0.0900181,0.226793,1.85325,-0.08986,0.229928,1.83964,0.0320819,0.0101929,-0.0717456,31.8084,0.000200001,4.00554e-09,-2.50584e-07,4.00554e-09,0.000200034,-1.91026e-06,-2.50584e-07,-1.91026e-06,0.000199987
-0.0941586,0.228264,1.85033,-0.0894249,0.230006,1.83868,0.0333414,0.0111638,-0.0746665,31.8283,0.000200001,4.6369e-09,-2.88419e-07,4.6369e-09,0.000200034,-1.9046e-06,-2.88419e-07,-1.9046e-06,0.000199987
-0.0973904,0.229379,1.84788,-0.0892574,0.229877,1.83842,0.0354096,0.0116793,-0.0771174,32.2073,0.000200001,5.03576e-09,-3.07909e-07,5.03576e-09,0.000200034,-1.89334e-06,-3.07909e-07,-1.89334e-06,0.000199987
-0.0998716,0.230456,1.84588,-0.0888113,0.230024,1.8379,0.0383284,0.0120555,-0.0791177,32.0987,0.000200001,5.62964e-09,-3.45585e-07,5.62964e-09,0.000200033,-1.88371e-06,-3.45585e-07,-1.88371e-06,0.000199987
-0.106737,0.232868,1.84291,-0.113428,0.237808,1.8314,0.0366633,0.0136678,-0.0820867,31.0653,0.000200001,6.03305e-09,-3.67568e-07,6.03305e-09,0.000200033,-1.87093e-06,-3.67568e-07,-1.87093e-06,0.000199987
-0.112406,0.234904,1.84079,-0.114251,0.237673,1.83262,0.0362942,0.0149037,-0.0842144,31.0807,0.000200001,6.60647e-09,-4.04193e-07,6.60647e-09,0.000200033,-1.86453e-06,-4.04193e-07,-1.86453e-06,0.000199987
-0.116741,0.236494,1.83919,-0.114192,0.237638,1.8325,0.0370591,0.0155941,-0.0858117,30.9738,0.000200002,6.89846e-09,-4.23091e-07,6.89846e-09,0.000200032,-1.83023e-06,-4.23091e-07,-1.83023e-06,0.000199987
-0.119752,0.237832,1.83761,-0.113369,0.237817,1.8313,0.0388482,0.0160318,-0.087393,30.969,0.000200002,7.0262e-09,-4.40233e-07,7.0262e-09,0.00020003,-1.76145e-06,-4.40233e-07,-1.76145e-06,0.000199988
-0.122055,0.238739,1.8368,-0.114957,0.237703,1.83389,0.0406452,0.0160393,-0.0882022,31.0529,0.000200002,6.67131e-09,-4.30131e-07,6.67131e-09,0.000200027,-1.6494e-06,-4.30131e-07,-1.6494e-06,0.000199989
-0.12325,0.239357,1.83592,-0.114124,0.237648,1.83243,0.0430499,0.0159567,-0.0890773,31.0849,0.000200002,6.01724e-09,-4.07912e-07,6.01724e-09,0.000200023,-1.50088e-06,-4.07912e-07,-1.50088e-06,0.00019999
-0.129851,0.24098,1.83621,-0.144864,0.243909,1.83768,0.0393493,0.01698,-0.0887875,28.5462,0.000200001,5.15684e-09,-3.75517e-07,5.15684e-09,0.000200019,-1.32485e-06,-3.75517e-07,-1.32485e-06,0.000199991
-0.134897,0.242115,1.83687,-0.145874,0.243829,1.83919,0.0366027,0.0176151,-0.0881265,28.4647,0.000200001,4.19212e-09,-3.31289e-07,4.19212e-09,0.000200015,-1.14242e-06,-3.31289e-07,-1.14242e-06,0.000199992
-0.139201,0.242963,1.83733,-0.14591,0.243829,1.83915,0.0347989,0.0180632,-0.0876701,28.2804,0.000200001,3.52582e-09,-2.93268e-07,3.52582e-09,0.000200013,-1.06722e-06,-2.93268e-07,-1.06722e-06,0.000199994
-0.143582,0.243454,1.83804,-0.14668,0.243695,1.84057,0.034218,0.018454,-0.0869583,28.4664,0.000200001,3.08266e-09,-2.43339e-07,3.08266e-09,0.000200013,-1.14449e-06,-2.43339e-07,-1.14449e-06,0.000199994
-0.147267,0.243853,1.83807,-0.144813,0.243865,1.83754,0.0348333,0.0187526,-0.0869317,28.6404,0.000200001,2.81688e-09,-2.06141e-07,2.81688e-09,0.000200015,-1.28263e-06,-2.06141e-07,-1.28263e-06,0.000199994
-0.153827,0.244919,1.83813,-0.161018,0.247676,1.83841,0.0330731,0.0199189,-0.0868658,25.9816,0.0002,2.64885e-09,-1.80257e-07,2.64885e-09,0.000200018,-1.43042e-06,-1.80257e-07,-1.43042e-06,0.000199994
-0.158786,0.245779,1.83753,-0.158821,0.247954,1.83543,0.0330138,0.0208794,-0.0874747,25.8718,0.0002,2.44922e-09,-1.55317e-07,2.44922e-09,0.000200021,-1.54917e-06,-1.55317e-07,-1.54917e-06,0.000199993
-0.163363,0.246517,1.83759,-0.161017,0.247732,1.83851,0.0336369,0.0217169,-0.0874082,25.9892,0.0002,2.48158e-09,-1.55304e-07,2.48158e-09,0.000200023,-1.65229e-06,-1.55304e-07,-1.65229e-06,0.000199992
-0.166845,0.247103,1.83751,-0.160007,0.247896,1.83686,0.0353553,0.0223034,-0.0874946,25.8863,0.0002,2.44881e-09,-1.48823e-07,2.44881e-09,0.000200026,-1.72188e-06,-1.48823e-07,-1.72188e-06,0.000199991
-0.169759,0.247659,1.83742,-0.160277,0.247775,1.83741,0.0377411,0.0228594,-0.0875792,25.9733,0.0002,2.64657e-09,-1.62743e-07,2.64657e-09,0.000200028,-1.77835e-06,-1.62743e-07,-1.77835e-06,0.00019999
-0.171907,0.248057,1.83735,-0.160026,0.24774,1.83705,0.0407926,0.0231572,-0.0876547,25.9578,0.0002,2.71067e-09,-1.65095e-07,2.71067e-09,0.000200029,-1.79328e-06,-1.65095e-07,-1.79328e-06,0.00019999
-0.178795,0.249067,1.8377,-0.18734,0.250753,1.83883,0.0387053,0.0240667,-0.0872955,24.3202,0.0002,2.87573e-09,-1.81242e-07,2.87573e-09,0.000200028,-1.75569e-06,-1.81242e-07,-1.75569e-06,0.00019999
-0.183682,0.249803,1.83773,-0.186428,0.250779,1.83753,0.0380184,0.0246028,-0.0872688,24.3675,0.0002,2.7723e-09,-1.78873e-07,2.7723e-09,0.000200026,-1.66121e-06,-1.78873e-07,-1.66121e-06,0.00019999
-0.187365,0.250327,1.83797,-0.187647,0.2506,1.83926,0.038035,0.0250272,-0.0870263,24.3471,0.0002,2.55837e-09,-1.73296e-07,2.55837e-09,0.000200023,-1.52553e-06,-1.73296e-07,-1.52553e-06,0.000199991
-0.189613,0.250763,1.83783,-0.186507,0.250797,1.83759,0.0387866,0.0252627,-0.0871682,24.2793,0.0002,2.27229e-09,-1.655e-07,2.27229e-09,0.00020002,-1.36349e-06,-1.655e-07,-1.36349e-06,0.000199992
-0.190902,0.251018,1.83772,-0.186392,0.250766,1.83759,0.0399979,0.0254176,-0.0872797,24.2845,0.0002,1.86916e-09,-1.46593e-07,1.86916e-09,0.000200016,-1.18188e-06,-1.46593e-07,-1.18188e-06,0.000199993
-0.192246,0.251084,1.82923,-0.187454,0.250553,1.83906,0.0409543,0.0254836,-0.0847736,24.3688,0.0002,1.52815e-09,-1.24918e-07,1.52815e-09,0.000200013,-1.08114e-06,-1.24918e-07,-1.08114e-06,0.000199994
-0.198296,0.251582,1.80555,-0.208255,0.253831,1.83054,0.0385043,0.0262822,-0.0784518,24.7557,0.0002,1.23202e-09,-9.11574e-08,1.23202e-09,0.000200013,-1.14701e-06,-9.11574e-08,-1.14701e-06,0.000199994
-0.203586,0.251885,1.78522,-0.207069,0.253914,1.8306,0.0375137,0.0268846,-0.0677806,24.7073,0.0002,9.80894e-10,-6.17984e-08,9.80894e-10,0.000200015,-1.29942e-06,-6.17984e-08,-1.29942e-06,0.000199994
-0.208535,0.252022,1.76695,-0.208565,0.253718,1.83261,0.0374651,0.0274222,-0.0510542,24.6938,0.0002,7.93803e-10,-4.40363e-08,7.93803e-10,0.000200019,-1.46369e-06,-4.40363e-08,-1.46369e-06,0.000199994
-0.212555,0.252002,1.75598,-0.207899,0.253908,1.82993,0.0385446,0.0279022,-0.0320192,24.6982,0.0002,3.84223e-10,-7.84713e-09,3.84223e-10,0.000200022,-1.6011e-06,-7.84713e-09,-1.6011e-06,0.000199993
-0.215682,0.252013,1.75468,-0.207138,0.253939,1.83045,0.0407175,0.028313,-0.0133213,24.7949,0.0002,2.92648e-11,1.58217e-08,2.92648e-11,0.000200025,-1.69913e-06,1.58217e-08,-1.69913e-06,0.000199992
-0.22433,0.250433,1.73913,-0.237681,0.245524,1.7245,0.0373698,0.0271334,-0.0168722,25.2824,0.0002,-5.01391e-10,5.22556e-08,-5.01391e-10,0.000200027,-1.76747e-06,5.22556e-08,-1.76747e-06,0.000199991
-0.231329,0.249262,1.73232,-0.23782,0.245555,1.72472,0.0357705,0.0263619,-0.0186826,25.2527,0.0002,-7.91137e-10,6.41369e-08,-7.91137e-10,0.000200029,-1.81935e-06,6.41369e-08,-1.81935e-06,0.00019999
-0.236899,0.248324,1.72949,-0.237745,0.245587,1.72483,0.0355006,0.0257241,-0.0195071,25.2359,0.0002,-1.0322e-09,7.40616e-08,-1.0322e-09,0.00020003,-1.85016e-06,7.40616e-08,-1.85016e-06,0.000199989
-0.241421,0.247653,1.72871,-0.237873,0.245694,1.72494,0.0364788,0.0254529,-0.0202857,25.1936,0.0002,-1.11037e-09,7.21346e-08,-1.11037e-09,0.000200032,-1.8763e-06,7.21346e-08,-1.8763e-06,0.000199989
-0.245038,0.247098,1.72834,-0.237867,0.245591,1.7249,0.0381624,0.0250981,-0.0216635,25.2084,0.0002,-1.15441e-09,7.05819e-08,-1.15441e-09,0.000200033,-1.89303e-06,7.05819e-08,-1.89303e-06,0.000199988
-0.247885,0.246736,1.72799,-0.237694,0.245664,1.72467,0.0408148,0.0250365,-0.0220128,25.2511,0.0002,-1.04408e-09,5.87088e-08,-1.04408e-09,0.000200033,-1.90199e-06,5.87088e-08,-1.90199e-06,0.000199988
-0.256589,0.248439,1.71489,-0.269807,0.25502,1.66192,0.037411,0.0269388,-0.0361148,28.0711,0.0002,-9.45025e-10,5.06498e-08,-9.45025e-10,0.000200033,-1.90774e-06,5.06498e-08,-1.90774e-06,0.000199988
-0.263358,0.249898,1.70456,-0.268948,0.25496,1.66237,0.036142,0.0284977,-0.0464395,28.0017,0.0002,-5.95874e-10,2.39777e-08,-5.95874e-10,0.000200034,-1.90818e-06,2.39777e-08,-1.90818e-06,0.000199988
-0.268777,0.251107,1.69625,-0.269024,0.254987,1.66243,0.0360229,0.0298065,-0.0547472,28.2087,0.0002,-2.07962e-10,-2.15527e-09,-2.07962e-10,0.000200034,-1.90689e-06,-2.15527e-09,-1.90689e-06,0.000199988
-0.273125,0.252201,1.68921,-0.269043,0.255091,1.66106,0.0370754,0.0309007,-0.0617933,27.9814,0.0002,3.31876e-10,-3.819e-08,3.31876e-10,0.000200034,-1.90759e-06,-3.819e-08,-1.90759e-06,0.000199987
-0.276523,0.253084,1.68386,-0.268807,0.254987,1.66218,0.0389774,0.0317843,-0.0671401,28.0527,0.0002,8.32638e-10,-6.83314e-08,8.32638e-10,0.000200034,-1.90289e-06,-6.83314e-08,-1.90289e-06,0.000199987
-0.279061,0.25392,1.67921,-0.267915,0.255075,1.66063,0.0418393,0.0325205,-0.0717892,28.2401,0.0002,1.44744e-09,-1.0673e-07,1.44744e-09,0.000200034,-1.89968e-06,-1.0673e-07,-1.89968e-06,0.000199987
-0.287663,0.255725,1.67296,-0.301002,0.260554,1.64802,0.0384373,0.0341246,-0.0780355,30.2152,0.0002,1.95517e-09,-1.3521e-07,1.95517e-09,0.000200033,-1.89055e-06,-1.3521e-07,-1.89055e-06,0.000199987
-0.29445,0.257332,1.66775,-0.30054,0.260709,1.64724,0.0370498,0.0355319,-0.0832507,30.0693,0.0002,2.61617e-09,-1.76497e-07,2.61617e-09,0.000200033,-1.88449e-06,-1.76497e-07,-1.88449e-06,0.000199988
-0.299941,0.258623,1.66378,-0.301059,0.260557,1.64823,0.0367589,0.0364228,-0.0872229,30.3148,0.0002,3.19825e-09,-2.10482e-07,3.19825e-09,0.000200033,-1.87369e-06,-2.10482e-07,-1.87369e-06,0.000199988
-0.304236,0.259757,1.66072,-0.301131,0.260597,1.64852,0.0376636,0.0371568,-0.0902766,30.1691,0.0002,3.79924e-09,-2.48427e-07,3.79924e-09,0.000200032,-1.84887e-06,-2.48427e-07,-1.84887e-06,0.000199988
-0.307429,0.260629,1.65812,-0.301163,0.260543,1.64804,0.039271,0.0375288,-0.092878,30.2975,0.000200001,4.1361e-09,-2.69785e-07,4.1361e-09,0.000200031,-1.79288e-06,-2.69785e-07,-1.79288e-06,0.000199988
-0.309794,0.261249,1.65659,-0.302358,0.260176,1.65016,0.0412061,0.0377487,-0.0944076,30.0585,0.000200001,4.24731e-09,-2.84105e-07,4.24731e-09,0.000200028,-1.68839e-06,-2.84105e-07,-1.68839e-06,0.000199989
-0.318244,0.264743,1.65059,-0.337466,0.275426,1.62699,0.0364557,0.0407432,-0.100405,33.1578,0.000200001,4.02813e-09,-2.79958e-07,4.02813e-09,0.000200025,-1.54838e-06,-2.79958e-07,-1.54838e-06,0.00019999
-0.324536,0.267494,1.64577,-0.337557,0.275469,1.62717,0.0332637,0.0430941,-0.105227,33.3371,0.000200001,3.64605e-09,-2.70973e-07,3.64605e-09,0.000200021,-1.38064e-06,-2.70973e-07,-1.38064e-06,0.000199991
-0.329113,0.269601,1.64209,-0.337611,0.275509,1.62705,0.0311869,0.0449011,-0.108913,33.1421,0.000200001,3.10565e-09,-2.50437e-07,3.10565e-09,0.000200017,-1.19825e-06,-2.50437e-07,-1.19825e-06,0.000199992
-0.333092,0.271144,1.62649,-0.337368,0.275588,1.62637,0.0300081,0.0462442,-0.108508,33.3015,0.000200001,2.68104e-09,-2.21354e-07,2.68104e-09,0.000200014,-1.13839e-06,-2.21354e-07,-1.13839e-06,0.000199993
-0.336882,0.272264,1.6068,-0.337255,0.275685,1.62585,0.0299175,0.0474639,-0.104197,33.486,0.0002,2.41854e-09,-1.9162e-07,2.41854e-09,0.000200015,-1.2e-06,-1.9162e-07,-1.2e-06,0.000199994
-0.344907,0.273328,1.59253,-0.359122,0.277045,1.62275,0.0263927,0.0487283,-0.0964725,31.4587,0.0002,2.22194e-09,-1.60491e-07,2.22194e-09,0.000200016,-1.33862e-06,-1.60491e-07,-1.33862e-06,0.000199994
-0.351597,0.274122,1.58674,-0.359166,0.277087,1.62269,0.024403,0.0498222,-0.0872554,31.4511,0.0002,1.97929e-09,-1.29071e-07,1.97929e-09,0.000200019,-1.46948e-06,-1.29071e-07,-1.46948e-06,0.000199993
-0.357101,0.274749,1.58819,-0.35909,0.277068,1.62322,0.0239986,0.0507485,-0.078806,31.6081,0.0002,1.74157e-09,-1.04296e-07,1.74157e-09,0.000200022,-1.58046e-06,-1.04296e-07,-1.58046e-06,0.000199993
-0.361585,0.275214,1.5925,-0.359019,0.276958,1.6234,0.024515,0.0515144,-0.070499,31.3556,0.0002,1.49626e-09,-8.31073e-08,1.49626e-09,0.000200024,-1.66688e-06,-8.31073e-08,-1.66688e-06,0.000199992
-0.365295,0.275553,1.59806,-0.359267,0.276889,1.62348,0.0261051,0.0521528,-0.0649418,31.3246,0.0002,1.23193e-09,-6.30566e-08,1.23193e-09,0.000200026,-1.73415e-06,-6.30566e-08,-1.73415e-06,0.000199991
-0.36826,0.275786,1.60333,-0.359096,0.276724,1.62414,0.0283398,0.0525857,-0.0596653,31.3825,0.0002,9.94073e-10,-4.74942e-08,9.94073e-10,0.000200028,-1.78239e-06,-4.74942e-08,-1.78239e-06,0.00019999
-0.374988,0.276081,1.5948,-0.380667,0.276431,1.55907,0.0269117,0.0531813,-0.0682006,31.1412,0.0002,8.88021e-10,-4.3752e-08,8.88021e-10,0.00020003,-1.82043e-06,-4.3752e-08,-1.82043e-06,0.00019999
-0.380343,0.276338,1.58801,-0.380694,0.276478,1.55956,0.0268567,0.0536377,-0.0749948,31.1714,0.0002,8.64376e-10,-4.56353e-08,8.64376e-10,0.00020003,-1.83948e-06,-4.56353e-08,-1.83948e-06,0.000199989
-0.384655,0.276619,1.58254,-0.380725,0.276457,1.55939,0.027845,0.0540189,-0.0814626,31.3006,0.0002,1.03419e-09,-6.15707e-08,1.03419e-09,0.000200031,-1.85512e-06,-6.15707e-08,-1.85512e-06,0.000199989
-0.388052,0.276929,1.57779,-0.380573,0.276492,1.55879,0.0296481,0.0544285,-0.0862122,31.1999,0.0002,1.34635e-09,-8.5939e-08,1.34635e-09,0.000200032,-1.86165e-06,-8.5939e-08,-1.86165e-06,0.000199988
-0.390822,0.277243,1.5742,-0.380788,0.27651,1.55951,0.032278,0.0547431,-0.089803,31.18,0.0002,1.73673e-09,-1.13179e-07,1.73673e-09,0.000200032,-1.86736e-06,-1.13179e-07,-1.86736e-06,0.000199988
-0.392974,0.277522,1.57118,-0.380635,0.276439,1.5591,0.0353255,0.0549215,-0.0928215,31.1589,0.0002,2.12755e-09,-1.38214e-07,2.12755e-09,0.000200032,-1.86571e-06,-1.38214e-07,-1.86571e-06,0.000199988
-0.399215,0.277645,1.57215,-0.403381,0.275474,1.57571,0.0343848,0.0549445,-0.0918451,29.2313,0.0002,2.67103e-09,-1.74927e-07,2.67103e-09,0.000200032,-1.85936e-06,-1.74927e-07,-1.85936e-06,0.000199988
-0.404188,0.277731,1.57285,-0.403437,0.275373,1.57563,0.0345123,0.0547312,-0.0911457,29.2214,0.0002,3.09159e-09,-1.99534e-07,3.09159e-09,0.000200032,-1.85027e-06,-1.99534e-07,-1.85027e-06,0.000199988
-0.407991,0.277886,1.57316,-0.403411,0.275384,1.57561,0.0358091,0.0545861,-0.0908434,29.2131,0.0002,3.52468e-09,-2.28689e-07,3.52468e-09,0.000200031,-1.81729e-06,-2.28689e-07,-1.81729e-06,0.000199988
-0.410712,0.277984,1.57365,-0.403401,0.275357,1.57558,0.0376876,0.0542843,-0.0903547,29.2331,0.0002,3.71677e-09,-2.43674e-07,3.71677e-09,0.000200029,-1.74519e-06,-2.43674e-07,-1.74519e-06,0.000199989
-0.412446,0.27805,1.57403,-0.403467,0.275452,1.57586,0.0399544,0.05405,-0.0899725,29.0997,0.000200001,3.66551e-09,-2.48124e-07,3.66551e-09,0.000200026,-1.62592e-06,-2.48124e-07,-1.62592e-06,0.000199989
-0.413378,0.278002,1.57454,-0.40359,0.275314,1.57593,0.042522,0.0537019,-0.0884636,28.9474,0.000200001,3.36545e-09,-2.39007e-07,3.36545e-09,0.000200023,-1.47304e-06,-2.39007e-07,-1.47304e-06,0.00019999
-0.419204,0.277991,1.5783,-0.431418,0.275982,1.59333,0.0394961,0.0533907,-0.0846992,22.9724,0.0002,2.89719e-09,-2.19702e-07,2.89719e-09,0.000200019,-1.29691e-06,-2.19702e-07,-1.29691e-06,0.000199992
-0.423427,0.277927,1.58136,-0.431303,0.27596,1.59326,0.0374731,0.0530266,-0.0826391,22.9885,0.0002,2.39504e-09,-1.97981e-07,2.39504e-09,0.000200015,-1.11803e-06,-1.97981e-07,-1.11803e-06,0.000199993
-0.427123,0.277756,1.57081,-0.431128,0.276056,1.5927,0.0363773,0.0527561,-0.077194,22.9917,0.0002,2.002e-09,-1.69424e-07,2.002e-09,0.000200013,-1.05903e-06,-1.69424e-07,-1.05903e-06,0.000199994
-0.430779,0.277492,1.55286,-0.431275,0.276031,1.59314,0.0362212,0.0525924,-0.0661389,22.9649,0.0002,1.76687e-09,-1.43171e-07,1.76687e-09,0.000200013,-1.1279e-06,-1.43171e-07,-1.1279e-06,0.000199995
-0.434387,0.277141,1.53362,-0.430911,0.276203,1.59191,0.0370126,0.0524405,-0.0523783,22.9953,0.0002,1.55623e-09,-1.11004e-07,1.55623e-09,0.000200015,-1.29336e-06,-1.11004e-07,-1.29336e-06,0.000199994
-0.440574,0.276277,1.51264,-0.445436,0.273618,1.5579,0.0357257,0.0518774,-0.0403604,20.4577,0.0002,1.29964e-09,-7.94557e-08,1.29964e-09,0.000200018,-1.46339e-06,-7.94557e-08,-1.46339e-06,0.000199994
-0.445666,0.275499,1.49877,-0.445364,0.273639,1.5579,0.0358335,0.0513992,-0.0262265,20.434,0.0002,9.69408e-10,-4.8612e-08,9.69408e-10,0.000200022,-1.59775e-06,-4.8612e-08,-1.59775e-06,0.000199993
-0.449762,0.274799,1.49457,-0.445275,0.273612,1.55776,0.0369384,0.0509988,-0.00942759,20.3622,0.0002,5.28869e-10,-1.41511e-08,5.28869e-10,0.000200024,-1.69054e-06,-1.41511e-08,-1.69054e-06,0.000199992
-0.453148,0.274151,1.49895,-0.445482,0.273578,1.55834,0.0388516,0.0506507,0.0049453,20.4048,0.0002,-5.63013e-11,2.75269e-08,-5.63013e-11,0.000200027,-1.76146e-06,2.75269e-08,-1.76146e-06,0.000199991
-0.455837,0.273613,1.50675,-0.445495,0.273607,1.55765,0.0414626,0.0505127,0.0177502,20.4489,0.0002,-6.45399e-10,6.45991e-08,-6.45399e-10,0.000200029,-1.80332e-06,6.45991e-08,-1.80332e-06,0.00019999
-0.45804,0.273108,1.51617,-0.44554,0.273614,1.55831,0.0445597,0.0504078,0.0281742,20.361,0.0002,-1.31719e-09,1.05917e-07,-1.31719e-09,0.00020003,-1.83696e-06,1.05917e-07,-1.83696e-06,0.000199989
-0.468109,0.272817,1.50586,-0.487157,0.273107,1.4646,0.0397906,0.0504173,0.0178558,17.7538,0.0002,-1.79644e-09,1.29542e-07,-1.79644e-09,0.000200031,-1.85382e-06,1.29542e-07,-1.85382e-06,0.000199989
-0.47616,0.272623,1.498,-0.487062,0.273216,1.46438,0.0371399,0.0506234,0.0100013,17.7535,0.0002,-2.09203e-09,1.39625e-07,-2.09203e-09,0.000200032,-1.86698e-06,1.39625e-07,-1.86698e-06,0.000199989
-0.482591,0.272524,1.49172,-0.487024,0.273187,1.46437,0.0359088,0.0508239,0.00271663,17.7447,0.0002,-2.15322e-09,1.33942e-07,-2.15322e-09,0.000200032,-1.87534e-06,1.33942e-07,-1.87534e-06,0.000199988
-0.48776,0.272462,1.48648,-0.487149,0.273098,1.4646,0.0361403,0.0510618,-0.00251653,17.7494,0.0002,-2.08523e-09,1.22419e-07,-2.08523e-09,0.000200033,-1.88069e-06,1.22419e-07,-1.88069e-06,0.000199988
-0.491857,0.27248,1.48209,-0.487036,0.273117,1.46454,0.0373431,0.0512801,-0.00690652,17.758,0.0002,-1.86972e-09,1.02986e-07,-1.86972e-09,0.000200033,-1.8819e-06,1.02986e-07,-1.8819e-06,0.000199988
-0.495168,0.272552,1.47873,-0.487114,0.273129,1.46463,0.0393324,0.0514521,-0.0102731,17.7672,0.0002,-1.57379e-09,8.05979e-08,-1.57379e-09,0.000200033,-1.88556e-06,8.05979e-08,-1.88556e-06,0.000199988
-0.503701,0.272868,1.47562,-0.516722,0.274117,1.46291,0.0360992,0.0518684,-0.0133759,14.6793,0.0002,-1.21161e-09,5.59199e-08,-1.21161e-09,0.000200033,-1.88208e-06,5.59199e-08,-1.88208e-06,0.000199988
-0.510542,0.273171,1.47313,-0.516768,0.274065,1.46316,0.0345585,0.0521715,-0.015871,14.6467,0.0002,-8.00849e-10,2.93463e-08,-8.00849e-10,0.000200033,-1.88075e-06,2.93463e-08,-1.88075e-06,0.000199988
-0.516014,0.273477,1.47132,-0.516905,0.274043,1.46345,0.0342862,0.0524766,-0.0176802,14.656,0.0002,-3.47361e-10,9.30191e-10,-3.47361e-10,0.000200033,-1.8755e-06,9.30191e-10,-1.8755e-06,0.000199988
-0.520428,0.273789,1.46966,-0.517015,0.27404,1.46367,0.0351722,0.0525888,-0.0193372,14.6793,0.0002,1.42273e-10,-2.91815e-08,1.42273e-10,0.000200033,-1.87448e-06,-2.91815e-08,-1.87448e-06,0.000199988
-0.523885,0.274096,1.4685,-0.516937,0.274066,1.46355,0.0369152,0.0526958,-0.0204976,14.6793,0.0002,6.13667e-10,-5.70151e-08,6.13667e-10,0.000200033,-1.86445e-06,-5.70151e-08,-1.86445e-06,0.000199988
-0.532267,0.274717,1.46713,-0.544973,0.275376,1.46196,0.0337326,0.0530167,-0.0218701,11.6311,0.0002,1.18735e-09,-9.29791e-08,1.18735e-09,0.000200032,-1.85963e-06,-9.29791e-08,-1.85963e-06,0.000199988
-0.538897,0.275247,1.46605,-0.545095,0.275321,1.46236,0.0322032,0.0531474,-0.0229499,11.6716,0.0002,1.70232e-09,-1.23838e-07,1.70232e-09,0.000200032,-1.84036e-06,-1.23838e-07,-1.84036e-06,0.000199988
-0.544008,0.275706,1.46558,-0.545447,0.275191,1.46306,0.0318924,0.0531055,-0.0234189,11.6669,0.0002,2.15766e-09,-1.53357e-07,2.15766e-09,0.000200031,-1.78594e-06,-1.53357e-07,-1.78594e-06,0.000199988
-0.547746,0.276053,1.46518,-0.545447,0.275226,1.46324,0.0324541,0.0530531,-0.0238231,11.7119,0.0002,2.3776e-09,-1.68383e-07,2.3776e-09,0.000200028,-1.69506e-06,-1.68383e-07,-1.69506e-06,0.000199989
-0.550269,0.276318,1.46481,-0.545509,0.275252,1.46336,0.0337305,0.0529175,-0.0241859,11.7029,0.0002,2.40293e-09,-1.7527e-07,2.40293e-09,0.000200025,-1.56018e-06,-1.7527e-07,-1.56018e-06,0.00019999
-0.551833,0.276449,1.46447,-0.545606,0.275155,1.46341,0.0352671,0.0526487,-0.0245292,11.6984,0.0002,2.22322e-09,-1.70092e-07,2.22322e-09,0.000200021,-1.39789e-06,-1.70092e-07,-1.39789e-06,0.000199991
-0.557643,0.27733,1.46336,-0.570743,0.27915,1.4586,0.0320574,0.0531305,-0.0256409,10.2202,0.0002,1.96056e-09,-1.62296e-07,1.96056e-09,0.000200017,-1.21921e-06,-1.62296e-07,-1.21921e-06,0.000199992
-0.56187,0.277969,1.46237,-0.570852,0.279161,1.45874,0.0298297,0.0534687,-0.0266275,10.197,0.0002,1.61691e-09,-1.46667e-07,1.61691e-09,0.000200013,-1.0341e-06,-1.46667e-07,-1.0341e-06,0.000199994
-0.564784,0.276946,1.46176,-0.571062,0.278995,1.45931,0.0282155,0.0535457,-0.0272428,10.1869,0.0002,-1.46339e-11,1.03077e-07,-1.46339e-11,0.00020001,-8.33885e-07,1.03077e-07,-8.33885e-07,0.000199995
-0.56674,0.275319,1.46121,-0.571309,0.278938,1.45968,0.0270601,0.0549195,-0.0277896,10.2659,0.000200001,-1.36681e-09,3.90089e-07,-1.36681e-09,0.000200007,-6.37691e-07,3.90089e-07,-6.37691e-07,0.000199996
-0.568118,0.272413,1.46091,-0.571369,0.278885,1.46004,0.0260816,0.0563127,-0.0280945,10.2092,0.000200005,-2.69226e-09,8.28886e-07,-2.69226e-09,0.000200004,-4.80456e-07,8.28886e-07,-4.80456e-07,0.000199996
-0.568999,0.269844,1.46073,-0.571452,0.278922,1.46007,0.0254007,0.0587436,-0.0282696,10.2657,0.000200009,-3.02637e-09,1.14988e-06,-3.02637e-09,0.000200003,-3.41589e-07,1.14988e-06,-3.41589e-07,0.000199996
-0.571021,0.266114,1.4579,-0.578195,0.273506,1.44632,0.0233786,0.0606141,-0.0311026,8.72142,0.000200016,-3.00663e-09,1.45038e-06,-3.00663e-09,0.000200002,-2.44441e-07,1.45038e-06,-2.44441e-07,0.000199995
-0.572557,0.263063,1.45568,-0.578174,0.273491,1.44626,0.0217431,0.0632627,-0.0333172,8.71175,0.000200021,-2.63338e-09,1.65278e-06,-2.63338e-09,0.000200001,-1.69973e-07,1.65278e-06,-1.69973e-07,0.000199993
-0.573803,0.260351,1.45385,-0.578334,0.27349,1.44627,0.0203972,0.0664506,-0.035149,8.69622,0.000200027,-2.2289e-09,1.8255e-06,-2.2289e-09,0.000200001,-1.20407e-07,1.8255e-06,-1.20407e-07,0.000199991
-0.574798,0.258263,1.45241,-0.578454,0.273492,1.44639,0.0193016,0.0703629,-0.0365873,8.71554,0.000200031,-1.79734e-09,1.92288e-06,-1.79734e-09,0.0002,-8.51246e-08,1.92288e-06,-8.51246e-08,0.00019999
-0.575613,0.256351,1.45127,-0.578432,0.273504,1.44676,0.0182873,0.0745509,-0.0377259,8.71554,0.000200035,-1.51155e-09,2.02424e-06,-1.51155e-09,0.0002,-6.66221e-08,2.02424e-06,-6.66221e-08,0.000199988
-0.576236,0.254982,1.45041,-0.578435,0.273419,1.44669,0.0175636,0.0792824,-0.0385857,8.71554,0.000200037,-1.21856e-09,2.06057e-06,-1.21856e-09,0.0002,-5.04853e-08,2.06057e-06,-5.04853e-08,0.000199987
-0.574892,0.249303,1.44357,-0.568854,0.251664,1.41641,0.0187079,0.0797029,-0.0454345,7.93624,0.00020004,-1.03251e-09,2.12137e-06,-1.03251e-09,0.0002,-4.20574e-08,2.12137e-06,-4.20574e-08,0.000199986
-0.573846,0.244993,1.43807,-0.56905,0.251669,1.41636,0.0195537,0.0814927,-0.0509255,7.93624,0.000200041,-8.96523e-10,2.12306e-06,-8.96523e-10,0.0002,-3.7408e-08,2.12306e-06,-3.7408e-08,0.000199986
-0.573084,0.241312,1.43382,-0.569187,0.251665,1.41641,0.0201162,0.084012,-0.0551842,7.97526,0.000200042,-9.36118e-10,2.16117e-06,-9.36118e-10,0.0002,-4.34648e-08,2.16117e-06,-4.34648e-08,0.000199985
-0.572399,0.238612,1.4303,-0.568852,0.251772,1.4162,0.0207011,0.0874122,-0.0586982,7.96551,0.000200042,-9.70521e-10,2.14984e-06,-9.70521e-10,0.0002,-4.76283e-08,2.14984e-06,-4.76283e-08,0.000199985
-0.571895,0.236244,1.42749,-0.568825,0.251721,1.41591,0.0210051,0.091144,-0.0615059,7.95575,0.000200043,-1.13732e-09,2.17429e-06,-1.13732e-09,0.0002,-5.91356e-08,2.17429e-06,-5.91356e-08,0.000199984
-0.571474,0.227605,1.4247,-0.56887,0.217005,1.41346,0.0212257,0.0886051,-0.0643038,5.59901,0.000200043,-1.2017e-09,2.15809e-06,-1.2017e-09,0.0002,-6.2504e-08,2.15809e-06,-6.2504e-08,0.000199984
-0.571196,0.220525,1.42241,-0.568941,0.217043,1.41357,0.021404,0.0876248,-0.0665867,5.62341,0.000200044,-1.37657e-09,2.17602e-06,-1.37657e-09,0.0002,-7.2762e-08,2.17602e-06,-7.2762e-08,0.000199984
-0.570932,0.215068,1.42066,-0.568905,0.21709,1.41364,0.0214681,0.0882685,-0.0683358,5.60386,0.000200043,-1.42998e-09,2.1557e-06,-1.42998e-09,0.0002,-7.46161e-08,2.1557e-06,-7.46161e-08,0.000199984
-0.570772,0.210482,1.41926,-0.568977,0.217031,1.41364,0.0215283,0.0897816,-0.0697363,5.61357,0.000200044,-1.57491e-09,2.17629e-06,-1.57491e-09,0.0002,-8.22272e-08,2.17629e-06,-8.22272e-08,0.000199984
-0.570629,0.207051,1.41815,-0.568958,0.217052,1.41365,0.0214708,0.092351,-0.070855,5.61888,0.000200043,-1.64883e-09,2.1519e-06,-1.64883e-09,0.0002,-8.59273e-08,2.1519e-06,-8.59273e-08,0.000199984
-0.570492,0.204093,1.4171,-0.568773,0.217051,1.41354,0.0215077,0.095593,-0.0718991,5.59415,0.000200044,-1.76092e-09,2.1704e-06,-1.76092e-09,0.0002,-9.10814e-08,2.1704e-06,-9.10814e-08,0.000199984
-0.570645,0.194899,1.41596,-0.570105,0.181843,1.41137,0.0211546,0.0923988,-0.0730417,6.2379,0.000200043,-1.80879e-09,2.14805e-06,-1.80879e-09,0.0002,-9.32354e-08,2.14805e-06,-9.32354e-08,0.000199984
-0.57083,0.187363,1.41504,-0.570212,0.181824,1.41166,0.02087,0.0909129,-0.073963,6.23172,0.000200044,-1.95959e-09,2.16203e-06,-1.95959e-09,0.0002,-1.01686e-07,2.16203e-06,-1.01686e-07,0.000199984
-0.571004,0.181501,1.41449,-0.570496,0.181609,1.41197,0.0204963,0.0910313,-0.0745118,6.25633,0.000200043,-1.98724e-09,2.13732e-06,-1.98724e-09,0.0002,-1.02418e-07,2.13732e-06,-1.02418e-07,0.000199984
-0.571067,0.176613,1.41382,-0.570049,0.18168,1.41148,0.0203325,0.092213,-0.0751752,6.1782,0.000200043,-2.06188e-09,2.15563e-06,-2.06188e-09,0.0002,-1.05358e-07,2.15563e-06,-1.05358e-07,0.000199984
-0.571186,0.172927,1.41348,-0.570398,0.181676,1.41208,0.0201144,0.0944972,-0.0755223,6.22177,0.000200043,-2.09163e-09,2.13123e-06,-2.09163e-09,0.0002,-1.07156e-07,2.13123e-06,-1.07156e-07,0.000199984
-0.571308,0.169742,1.41323,-0.57037,0.181544,1.41226,0.0198916,0.0973621,-0.0757658,6.20684,0.000200043,-2.2144e-09,2.14922e-06,-2.2144e-09,0.0002,-1.13899e-07,2.14922e-06,-1.13899e-07,0.000199984
-0.571713,0.160584,1.41296,-0.572069,0.147442,1.4125,0.0192872,0.0941536,-0.0760384,6.44906,0.000200042,-2.21393e-09,2.1271e-06,-2.21393e-09,0.0002,-1.13185e-07,2.1271e-06,-1.13185e-07,0.000199984
-0.572111,0.153067,1.4131,-0.572252,0.147379,1.41332,0.0187886,0.0926774,-0.0759031,6.47458,0.000200043,-2.31848e-09,2.14124e-06,-2.31848e-09,0.0002,-1.18979e-07,2.14124e-06,-1.18979e-07,0.000199984
-0.572397,0.147239,1.41313,-0.572196,0.147296,1.41328,0.0184027,0.0927891,-0.0758658,6.46326,0.000200042,-2.32622e-09,2.1181e-06,-2.32622e-09,0.0002,-1.19246e-07,2.1181e-06,-1.19246e-07,0.000199984
-0.572615,0.142397,1.41308,-0.572141,0.147422,1.41317,0.0180847,0.0939669,-0.0759226,6.44803,0.000200043,-2.35555e-09,2.13602e-06,-2.35555e-09,0.0002,-1.19486e-07,2.13602e-06,-1.19486e-07,0.000199984
-0.572735,0.13874,1.413,-0.57188,0.14738,1.41269,0.0178648,0.0962304,-0.0759998,6.38829,0.000200042,-2.34051e-09,2.1114e-06,-2.34051e-09,0.0002,-1.19051e-07,2.1114e-06,-1.19051e-07,0.000199984
-0.572898,0.128696,1.4124,-0.57201,0.112832,1.40935,0.0176018,0.092186,-0.0765986,6.87004,0.000200042,-2.4271e-09,2.12926e-06,-2.4271e-09,0.0002,-1.24054e-07,2.12926e-06,-1.24054e-07,0.000199984
-0.573013,0.120881,1.41189,-0.572049,0.112822,1.40953,0.0173874,0.090271,-0.077105,6.8857,0.000200042,-2.41887e-09,2.1051e-06,-2.41887e-09,0.0002,-1.23831e-07,2.1051e-06,-1.23831e-07,0.000199984
-0.573144,0.114418,1.41134,-0.572072,0.112818,1.40944,0.0171563,0.089798,-0.077657,6.85952,0.000200042,-2.51938e-09,2.12321e-06,-2.51938e-09,0.0002,-1.29569e-07,2.12321e-06,-1.29569e-07,0.000199984
-0.5732,0.109434,1.41103,-0.572104,0.112714,1.41007,0.0169998,0.0906936,-0.0779722,6.90083,0.000200041,-2.45491e-09,2.10171e-06,-2.45491e-09,0.0002,-1.24904e-07,2.10171e-06,-1.24904e-07,0.000199984
-0.573268,0.10525,1.41076,-0.571888,0.112705,1.4097,0.0169323,0.0924798,-0.0782355,6.81215,0.000200042,-2.57068e-09,2.11905e-06,-2.57068e-09,0.0002,-1.32276e-07,2.11905e-06,-1.32276e-07,0.000199984
-0.573347,0.102131,1.41079,-0.572203,0.112689,1.41024,0.0167528,0.0952346,-0.0782125,6.8903,0.000200041,-2.54946e-09,2.09319e-06,-2.54946e-09,0.0002,-1.31116e-07,2.09319e-06,-1.31116e-07,0.000199985
-0.573419,0.0927545,1.40998,-0.572022,0.0794377,1.40674,0.0165811,0.0918165,-0.0790165,5.37461,0.000200042,-2.64598e-09,2.11359e-06,-2.64598e-09,0.0002,-1.36438e-07,2.11359e-06,-1.36438e-07,0.000199984
-0.573458,0.0854704,1.40928,-0.572114,0.0793663,1.40707,0.0164416,0.0903864,-0.0797217,5.36412,0.000200041,-2.61639e-09,2.08964e-06,-2.61639e-09,0.0002,-1.34589e-07,2.08964e-06,-1.34589e-07,0.000199985
-0.573512,0.0794462,1.40898,-0.572042,0.0794306,1.40715,0.0163879,0.0902962,-0.0800164,5.39564,0.000200041,-2.69961e-09,2.10788e-06,-2.69961e-09,0.0002,-1.39159e-07,2.10788e-06,-1.39159e-07,0.000199985
-0.573528,0.0748168,1.40874,-0.572037,0.0792696,1.40745,0.0162716,0.0915068,-0.0802558,5.38412,0.000200041,-2.68059e-09,2.084e-06,-2.68059e-09,0.0002,-1.38297e-07,2.084e-06,-1.38297e-07,0.000199985
-0.573587,0.0709435,1.40835,-0.572049,0.079409,1.40739,0.0161127,0.0935635,-0.0806519,5.39562,0.000200041,-2.79197e-09,2.10032e-06,-2.79197e-09,0.0002,-1.44997e-07,2.10032e-06,-1.44997e-07,0.000199985
-0.573619,0.0680525,1.40806,-0.572141,0.0793978,1.40755,0.0160809,0.0964925,-0.0809372,5.40284,0.000200041,-2.77644e-09,2.07717e-06,-2.77644e-09,0.0002,-1.44079e-07,2.07717e-06,-1.44079e-07,0.000199985
-0.574094,0.0589539,1.40753,-0.574142,0.0464545,1.40507,0.0155056,0.0932939,-0.08147,5.30369,0.000200041,-2.88667e-09,2.09397e-06,-2.88667e-09,0.0002,-1.50441e-07,2.09397e-06,-1.50441e-07,0.000199985
-0.574444,0.0518912,1.40708,-0.574159,0.0464862,1.40558,0.0151564,0.0920412,-0.0819224,5.32448,0.00020004,-2.87157e-09,2.07111e-06,-2.87157e-09,0.0002,-1.49507e-07,2.07111e-06,-1.49507e-07,0.000199985
-0.574763,0.046031,1.4068,-0.574135,0.0464239,1.40566,0.0148373,0.092071,-0.0822044,5.32464,0.000200041,-2.98651e-09,2.08807e-06,-2.98651e-09,0.0002,-1.5613e-07,2.08807e-06,-1.5613e-07,0.000199985
-0.574986,0.0415199,1.4066,-0.574146,0.0462592,1.40582,0.0146142,0.0933499,-0.0823991,5.30345,0.00020004,-2.96947e-09,2.06534e-06,-2.96947e-09,0.0002,-1.55028e-07,2.06534e-06,-1.55028e-07,0.000199985
-0.57521,0.0377332,1.40636,-0.574154,0.0463583,1.40571,0.01429,0.0954332,-0.0826402,5.30965,0.00020004,-3.08284e-09,2.0824e-06,-3.08284e-09,0.0002,-1.61488e-07,2.0824e-06,-1.61488e-07,0.000199985
-0.575353,0.034914,1.40639,-0.574164,0.046255,1.40619,0.0141469,0.098394,-0.0816092,5.30706,0.00020004,-3.05029e-09,2.05638e-06,-3.05029e-09,0.0002,-1.5956e-07,2.05638e-06,-1.5956e-07,0.000199985
-0.576034,0.0258297,1.40665,-0.576843,0.0131609,1.40802,0.0134661,0.0951697,-0.0813459,5.06559,0.00020004,-3.13359e-09,2.07329e-06,-3.13359e-09,0.0002,-1.6399e-07,2.07329e-06,-1.6399e-07,0.000199985
-0.57653,0.0187408,1.40705,-0.576759,0.0131098,1.4083,0.0129705,0.0938408,-0.0809527,5.06494,0.00020004,-3.09451e-09,2.05392e-06,-3.09451e-09,0.0002,-1.61504e-07,2.05392e-06,-1.61504e-07,0.000199985
-0.576994,0.0128891,1.40717,-0.576801,0.0130735,1.40829,0.0125061,0.0938391,-0.0808316,5.04991,0.00020004,-3.2216e-09,2.06924e-06,-3.2216e-09,0.0002,-1.69556e-07,2.06924e-06,-1.69556e-07,0.000199985
-0.577291,0.00839036,1.40748,-0.576753,0.0130157,1.40842,0.0122086,0.0950804,-0.0815177,5.03291,0.000200039,-3.14524e-09,2.04801e-06,-3.14524e-09,0.0002,-1.64138e-07,2.04801e-06,-1.64138e-07,0.000199985
-0.577591,0.00463673,1.40776,-0.576766,0.0131092,1.40885,0.0119089,0.0971467,-0.0812438,5.05314,0.00020004,-3.24121e-09,2.06214e-06,-3.24121e-09,0.0002,-1.70241e-07,2.06214e-06,-1.70241e-07,0.000199985
-0.578145,-0.00483678,1.40903,-0.578655,-0.0201663,1.4141,0.011355,0.0934032,-0.0789723,4.99482,0.000200039,-3.16989e-09,2.04153e-06,-3.16989e-09,0.0002,-1.65611e-07,2.04153e-06,-1.65611e-07,0.000199985
-0.578647,-0.0126077,1.41014,-0.57867,-0.0202582,1.41492,0.0109533,0.0914923,-0.0778551,5.0059,0.000200039,-3.26088e-09,2.05614e-06,-3.26088e-09,0.0002,-1.71487e-07,2.05614e-06,-1.71487e-07,0.000199985
-0.578986,-0.0186846,1.41112,-0.578634,-0.0204853,1.41533,0.0106144,0.0911154,-0.0768798,4.99249,0.000200039,-3.17857e-09,2.03587e-06,-3.17857e-09,0.0002,-1.66149e-07,2.03587e-06,-1.66149e-07,0.000199985
-0.579289,-0.023675,1.41179,-0.578648,-0.0201845,1.41479,0.0103114,0.091925,-0.0762082,5.00899,0.000200039,-3.20084e-09,2.05319e-06,-3.20084e-09,0.0002,-1.66902e-07,2.05319e-06,-1.66902e-07,0.000199985
-0.579495,-0.027519,1.4126,-0.578547,-0.0205086,1.41552,0.0101047,0.093781,-0.0753976,4.98271,0.000200039,-3.14687e-09,2.03019e-06,-3.14687e-09,0.0002,-1.64736e-07,2.03019e-06,-1.64736e-07,0.000199985
-0.579714,-0.0307463,1.41329,-0.578627,-0.020384,1.41541,0.00998604,0.0962537,-0.0747084,4.99941,0.000200039,-3.20988e-09,2.04381e-06,-3.20988e-09,0.0002,-1.68945e-07,2.04381e-06,-1.68945e-07,0.000199985
-0.580063,-0.0399149,1.41323,-0.579568,-0.0542204,1.41262,0.00963704,0.0927851,-0.0747741,5.69157,0.000200038,-3.18507e-09,2.02374e-06,-3.18507e-09,0.0002,-1.68331e-07,2.02374e-06,-1.68331e-07,0.000199986
-0.580369,-0.0474079,1.41299,-0.579617,-0.05411,1.41266,0.00943052,0.0910921,-0.0750105,5.67609,0.000200039,-3.23764e-09,2.03971e-06,-3.23764e-09,0.0002,-1.71018e-07,2.03971e-06,-1.71018e-07,0.000199985
-0.580581,-0.0532035,1.41301,-0.579444,-0.054139,1.41276,0.0092193,0.0908965,-0.0749905,5.72566,0.000200038,-3.24214e-09,2.0172e-06,-3.24214e-09,0.0002,-1.727e-07,2.0172e-06,-1.727e-07,0.000199986
-0.580749,-0.0580126,1.41293,-0.579543,-0.0539625,1.41258,0.00915122,0.0918874,-0.075074,5.73735,0.000200039,-3.23841e-09,2.03605e-06,-3.23841e-09,0.0002,-1.70496e-07,2.03605e-06,-1.70496e-07,0.000199986
-0.580914,-0.0616629,1.4128,-0.579607,-0.0541226,1.4126,0.00908638,0.0938371,-0.0752008,5.70899,0.000200038,-3.23217e-09,2.01149e-06,-3.23217e-09,0.0002,-1.71989e-07,2.01149e-06,-1.71989e-07,0.000199986
-0.581067,-0.0648311,1.41279,-0.579549,-0.0543114,1.41309,0.00893337,0.0964689,-0.0752053,5.69629,0.000200038,-3.33742e-09,2.02936e-06,-3.33742e-09,0.0002,-1.78391e-07,2.02936e-06,-1.78391e-07,0.000199986
-0.582289,-0.0730429,1.40719,-0.584982,-0.0838178,1.38415,0.00781139,0.0938571,-0.0808117,6.4058,0.000200038,-3.28137e-09,2.0058e-06,-3.28137e-09,0.0002,-1.75018e-07,2.0058e-06,-1.75018e-07,0.000199986
-0.583332,-0.0798296,1.40252,-0.585028,-0.0839227,1.3842,0.00686789,0.0927704,-0.0854761,6.37921,0.000200038,-3.41755e-09,2.02197e-06,-3.41755e-09,0.0002,-1.83937e-07,2.02197e-06,-1.83937e-07,0.000199986
-0.584135,-0.0850225,1.39879,-0.584939,-0.0838579,1.38389,0.00616535,0.0931775,-0.0892056,6.40349,0.000200037,-3.46985e-09,1.99647e-06,-3.46985e-09,0.0002,-1.88723e-07,1.99647e-06,-1.88723e-07,0.000199986
-0.584844,-0.0894083,1.39594,-0.584991,-0.0839292,1.38423,0.00555563,0.0944917,-0.0920564,6.4183,0.000200038,-3.68787e-09,2.0148e-06,-3.68787e-09,0.0002,-2.02139e-07,2.0148e-06,-2.02139e-07,0.000199986
-0.585365,-0.092691,1.39363,-0.584968,-0.083895,1.38437,0.00513507,0.096809,-0.0943728,6.43009,0.000200037,-3.73608e-09,1.9914e-06,-3.73608e-09,0.0002,-2.04993e-07,1.9914e-06,-2.04993e-07,0.000199986
-0.586699,-0.10173,1.3908,-0.589251,-0.114983,1.37984,0.0039013,0.0934697,-0.0971957,6.50856,0.000200038,-3.9293e-09,2.00776e-06,-3.9293e-09,0.0002,-2.15876e-07,2.00776e-06,-2.15876e-07,0.000199986
-0.587726,-0.108711,1.38861,-0.589146,-0.11474,1.37984,0.00297376,0.0920888,-0.0993895,6.53983,0.000200037,-4.0047e-09,1.98589e-06,-4.0047e-09,0.0002,-2.20739e-07,1.98589e-06,-2.20739e-07,0.000199986
-0.588604,-0.114503,1.38688,-0.58912,-0.114859,1.37995,0.0021963,0.0919965,-0.101123,6.47657,0.000200037,-4.23726e-09,2.00121e-06,-4.23726e-09,0.0002,-2.34285e-07,2.00121e-06,-2.34285e-07,0.000199986
-0.589291,-0.118965,1.38555,-0.589263,-0.114982,1.37994,0.00170865,0.0930354,-0.102449,6.48202,0.000200037,-4.28478e-09,1.97939e-06,-4.28478e-09,0.000200001,-2.36579e-07,1.97939e-06,-2.36579e-07,0.000199986
-0.589875,-0.122745,1.3844,-0.589137,-0.115122,1.38011,0.00122498,0.0949546,-0.1036,6.49845,0.000200037,-4.49137e-09,1.99477e-06,-4.49137e-09,0.000200001,-2.48072e-07,1.99477e-06,-2.48072e-07,0.000199986
-0.590293,-0.125562,1.38353,-0.589114,-0.115069,1.38006,0.00100739,0.0976376,-0.104469,6.45066,0.000200037,-4.50934e-09,1.97306e-06,-4.50934e-09,0.000200001,-2.48545e-07,1.97306e-06,-2.48545e-07,0.000199986
-0.591621,-0.134213,1.38243,-0.593707,-0.146095,1.37773,-0.000121137,0.0946872,-0.105566,6.85482,0.000200037,-4.71778e-09,1.98991e-06,-4.71778e-09,0.000200001,-2.60429e-07,1.98991e-06,-2.60429e-07,0.000199986
-0.592603,-0.140962,1.38163,-0.593557,-0.146327,1.37841,-0.00100289,0.0934382,-0.106371,6.82151,0.000200036,-4.72215e-09,1.96579e-06,-4.72215e-09,0.000200001,-2.60528e-07,1.96579e-06,-2.60528e-07,0.000199986
-0.593461,-0.146556,1.38087,-0.593665,-0.146322,1.37814,-0.00166078,0.0935437,-0.107134,6.80148,0.000200037,-4.88125e-09,1.9817e-06,-4.88125e-09,0.000200001,-2.68956e-07,1.9817e-06,-2.68956e-07,0.000199986
-0.594106,-0.150785,1.3802,-0.593592,-0.146092,1.37818,-0.00210641,0.0948149,-0.107799,6.78942,0.000200036,-4.89771e-09,1.95973e-06,-4.89771e-09,0.000200001,-2.70522e-07,1.95973e-06,-2.70522e-07,0.000199986
-0.594663,-0.154373,1.37988,-0.593563,-0.146241,1.37829,-0.00246348,0.0968268,-0.108117,6.82003,0.000200036,-5.05156e-09,1.97371e-06,-5.05156e-09,0.000200001,-2.78967e-07,1.97371e-06,-2.78967e-07,0.000199986
-0.595086,-0.157044,1.37961,-0.593623,-0.146182,1.37822,-0.00268578,0.0996563,-0.108387,6.84639,0.000200036,-5.04359e-09,1.95255e-06,-5.04359e-09,0.000200001,-2.78792e-07,1.95255e-06,-2.78792e-07,0.000199986
-0.59635,-0.165454,1.37944,-0.597976,-0.17663,1.37904,-0.00365016,0.0968462,-0.108565,7.05799,0.000200036,-5.2082e-09,1.96839e-06,-5.2082e-09,0.000200001,-2.88139e-07,1.96839e-06,-2.88139e-07,0.000199986
-0.597325,-0.172046,1.37945,-0.597932,-0.176951,1.37952,-0.00442458,0.0957544,-0.108548,7.0259,0.000200036,-5.21916e-09,1.94645e-06,-5.21916e-09,0.000200001,-2.89713e-07,1.94645e-06,-2.89713e-07,0.000199986
-0.598126,-0.177528,1.37938,-0.597864,-0.177054,1.37973,-0.00502623,0.0958721,-0.108619,7.03294,0.000200036,-5.35636e-09,1.96246e-06,-5.35636e-09,0.000200001,-2.96647e-07,1.96246e-06,-2.96647e-07,0.000199986
-0.598739,-0.18173,1.37948,-0.597963,-0.177119,1.37955,-0.00533937,0.0971699,-0.108521,7.042,0.000200035,-5.3e-09,1.94132e-06,-5.3e-09,0.000200001,-2.93146e-07,1.94132e-06,-2.93146e-07,0.000199986
-0.599299,-0.185223,1.37946,-0.597923,-0.176877,1.37968,-0.00559931,0.0991765,-0.108544,7.04292,0.000200036,-5.46744e-09,1.95655e-06,-5.46744e-09,0.000200001,-3.03456e-07,1.95655e-06,-3.03456e-07,0.000199986
-0.599708,-0.187843,1.37951,-0.597888,-0.177107,1.37974,-0.0057084,0.102057,-0.108487,6.99785,0.000200035,-5.46284e-09,1.9309e-06,-5.46284e-09,0.000200001,-3.04889e-07,1.9309e-06,-3.04889e-07,0.000199987
-0.601231,-0.196265,1.37882,-0.603627,-0.207703,1.37607,-0.00693081,0.0992346,-0.109177,7.58842,0.000200035,-5.60391e-09,1.9479e-06,-5.60391e-09,0.000200001,-3.12237e-07,1.9479e-06,-3.12237e-07,0.000199987
-0.602266,-0.203023,1.37883,-0.60281,-0.208759,1.37883,-0.00766609,0.0978768,-0.109174,7.75438,0.000200035,-5.62504e-09,1.92799e-06,-5.62504e-09,0.000200001,-3.14928e-07,1.92799e-06,-3.14928e-07,0.000199987
-0.60312,-0.208539,1.37887,-0.602734,-0.208532,1.37873,-0.00822028,0.0978615,-0.10913,7.7834,0.000200035,-5.77111e-09,1.93998e-06,-5.77111e-09,0.000200001,-3.23132e-07,1.93998e-06,-3.23132e-07,0.000199987
-0.603806,-0.212811,1.37902,-0.602822,-0.208792,1.37864,-0.00850595,0.0990893,-0.108985,7.8317,0.000200035,-5.78564e-09,1.91697e-06,-5.78564e-09,0.000200001,-3.25745e-07,1.91697e-06,-3.25745e-07,0.000199987
-0.604358,-0.216453,1.37888,-0.602585,-0.208825,1.37895,-0.00865837,0.100947,-0.109123,7.79996,0.000200035,-5.97675e-09,1.93697e-06,-5.97675e-09,0.000200001,-3.36074e-07,1.93697e-06,-3.36074e-07,0.000199987
-0.605681,-0.225169,1.38008,-0.607056,-0.239017,1.38488,-0.00958106,0.0976313,-0.107921,6.70181,0.000200034,-6.03551e-09,1.91172e-06,-6.03551e-09,0.000200001,-3.42211e-07,1.91172e-06,-3.42211e-07,0.000199987
-0.606724,-0.232165,1.38113,-0.607035,-0.239069,1.38498,-0.0102238,0.0959351,-0.106874,6.68225,0.000200034,-6.05267e-09,1.89772e-06,-6.05267e-09,0.000200001,-3.43929e-07,1.89772e-06,-3.43929e-07,0.000199987
-0.6075,-0.237344,1.38202,-0.607052,-0.239084,1.38526,-0.0105995,0.0956564,-0.105982,6.72799,0.000200032,-5.78764e-09,1.82141e-06,-5.78764e-09,0.000200001,-3.34838e-07,1.82141e-06,-3.34838e-07,0.000199987
-0.60805,-0.241176,1.38272,-0.606923,-0.239223,1.38519,-0.01075,0.0962236,-0.105282,6.71047,0.000200029,-5.37975e-09,1.71857e-06,-5.37975e-09,0.000200001,-3.2161e-07,1.71857e-06,-3.2161e-07,0.000199988
-0.608372,-0.243667,1.38323,-0.606953,-0.239312,1.38526,-0.0107715,0.097333,-0.104772,6.71031,0.000200025,-4.66991e-09,1.55786e-06,-4.66991e-09,0.000200001,-2.92997e-07,1.55786e-06,-2.92997e-07,0.000199989
-0.608576,-0.245153,1.38359,-0.60706,-0.239036,1.38474,-0.0107758,0.098947,-0.104406,6.75065,0.000200021,-3.90992e-09,1.38287e-06,-3.90992e-09,0.000200001,-2.6245e-07,1.38287e-06,-2.6245e-07,0.000199991
-0.609715,-0.251098,1.38393,-0.612396,-0.265219,1.38498,-0.0116149,0.0954022,-0.104066,7.89448,0.000200017,-3.12908e-09,1.19401e-06,-3.12908e-09,0.000200001,-2.282e-07,1.19401e-06,-2.282e-07,0.000199992
-0.610539,-0.255463,1.38412,-0.612271,-0.26548,1.38517,-0.0123387,0.092937,-0.103881,7.9278,0.000200013,-2.4218e-09,1.0023e-06,-2.4218e-09,0.0002,-1.96287e-07,1.0023e-06,-1.96287e-07,0.000199994
-0.611104,-0.25861,1.38433,-0.612282,-0.265451,1.38516,-0.0127035,0.0912896,-0.103673,7.90612,0.000200009,-1.78902e-09,8.25394e-07,-1.78902e-09,0.0002,-1.60362e-07,8.25394e-07,-1.60362e-07,0.000199995
-0.611485,-0.260823,1.3844,-0.612243,-0.265596,1.3853,-0.0129846,0.0900772,-0.103604,7.87327,0.000200007,-1.2715e-09,6.58674e-07,-1.2715e-09,0.0002,-1.27259e-07,6.58674e-07,-1.27259e-07,0.000199996
-0.61181,-0.262314,1.38451,-0.612438,-0.265269,1.38496,-0.0133102,0.0893856,-0.103492,7.86506,0.000200005,-8.95871e-10,5.17906e-07,-8.95871e-10,0.0002,-1.0308e-07,5.17906e-07,-1.0308e-07,0.000199997
-0.611934,-0.26333,1.38471,-0.612078,-0.265512,1.3855,-0.0133344,0.0887698,-0.103294,7.92739,0.000200003,-6.01248e-10,3.91659e-07,-6.01248e-10,0.0002,-7.73174e-08,3.91659e-07,-7.73174e-08,0.000199998
-0.612243,-0.266364,1.38542,-0.61316,-0.277368,1.38826,-0.0136426,0.0860361,-0.102582,9.75463,0.000200002,-4.00369e-10,2.86823e-07,-4.00369e-10,0.0002,-5.97542e-08,2.86823e-07,-5.97542e-08,0.000199999
-0.612357,-0.268794,1.38607,-0.612701,-0.277888,1.38869,-0.0137572,0.0838057,-0.101928,9.62496,0.000200001,-2.57528e-10,2.03637e-07,-2.57528e-10,0.0002,-4.20065e-08,2.03637e-07,-4.20065e-08,0.000199999
-0.612445,-0.270674,1.38658,-0.612717,-0.278046,1.3889,-0.0138452,0.0819258,-0.101424,9.6236,0.000200001,-1.63582e-10,1.35033e-07,-1.63582e-10,0.0002,-2.94949e-08,1.35033e-07,-2.94949e-08,0.000199999
-0.612518,-0.27226,1.38711,-0.612772,-0.278395,1.38927,-0.0139181,0.0804397,-0.100886,9.61009,0.000200001,-1.04244e-10,9.31126e-08,-1.04244e-10,0.0002,-2.01236e-08,9.31126e-08,-2.01236e-08,0.0002
-0.612575,-0.273527,1.3876,-0.612784,-0.278491,1.38954,-0.013975,0.0791726,-0.1004,9.59868,0.0002,-6.62962e-11,6.29382e-08,-6.62962e-11,0.0002,-1.35008e-08,6.29382e-08,-1.35008e-08,0.0002
-0.612586,-0.274661,1.38799,-0.612613,-0.279091,1.38956,-0.0138864,0.078039,-0.100008,10.25,0.0002,-4.23618e-11,4.36269e-08,-4.23618e-11,0.0002,-9.26049e-09,4.36269e-08,-9.26049e-09,0.0002
-0.612637,-0.275472,1.38819,-0.612819,-0.278613,1.389,-0.0139368,0.0773277,-0.0998055,10.2968,0.0002,-2.71618e-11,3.12679e-08,-2.71618e-11,0.0002,-6.54541e-09,3.12679e-08,-6.54541e-09,0.0002
-0.612645,-0.276169,1.38843,-0.612661,-0.278852,1.38938,-0.0139455,0.0766307,-0.0995683,10.3076,0.0002,-1.74655e-11,2.33582e-08,-1.74655e-11,0.0002,-4.80708e-09,2.33582e-08,-4.80708e-09,0.0002
-0.612639,-0.276775,1.38863,-0.612577,-0.278991,1.38942,-0.0139394,0.0760245,-0.0993701,10.3155,0.0002,-1.14309e-11,2.16432e-08,-1.14309e-11,0.0002,-4.31098e-09,2.16432e-08,-4.31098e-09,0.0002
-0.612646,-0.277197,1.38881,-0.612671,-0.278881,1.38952,-0.0139458,0.0757033,-0.0991918,10.324,0.0002,-7.26801e-12,1.38516e-08,-7.26801e-12,0.0002,-2.75902e-09,1.38516e-08,-2.75902e-09,0.0002
-0.612656,-0.277594,1.38893,-0.612657,-0.278976,1.38942,-0.0139557,0.0753056,-0.0990697,10.3107,0.0002,-4.83533e-12,1.55594e-08,-4.83533e-12,0.0002,-2.9977e-09,1.55594e-08,-2.9977e-09,0.0002
-0.612629,-0.277961,1.38914,-0.612523,-0.279428,1.38996,-0.0139291,0.0749389,-0.0988632,10.2046,0.0002,-3.07073e-12,9.95803e-09,-3.07073e-12,0.0002,-1.91853e-09,9.95803e-09,-1.91853e-09,0.0002
-0.612633,-0.278302,1.38931,-0.61261,-0.279459,1.39002,-0.0139329,0.0746975,-0.0986866,10.3273,0.0002,-2.11489e-12,1.30679e-08,-2.11489e-12,0.0002,-2.45759e-09,1.30679e-08,-2.45759e-09,0.0002
-0.612634,-0.278497,1.38931,-0.612577,-0.279232,1.38962,-0.0139341,0.0745031,-0.0986881,10.253,0.0002,-1.47768e-12,9.72992e-09,-1.47768e-12,0.0002,-3.55385e-09,9.72992e-09,-3.55385e-09,0.0002
-0.612594,-0.278695,1.38951,-0.612455,-0.279322,1.38998,-0.0138936,0.0743047,-0.0984912,10.2792,0.0002,-9.5046e-13,1.15555e-08,-9.5046e-13,0.0002,-1.52171e-09,1.15555e-08,-1.52171e-09,0.0002
-0.612597,-0.278914,1.38965,-0.612489,-0.279704,1.39024,-0.0138973,0.0740858,-0.0983455,10.1753,0.0002,-8.80087e-13,1.01295e-08,-8.80087e-13,0.0002,-4.93513e-09,1.01295e-08,-4.93513e-09,0.0002
-0.61256,-0.278984,1.38966,-0.612495,-0.279137,1.38966,-0.0138599,0.0741165,-0.0983448,10.2314,0.0002,-4.3234e-13,1.04437e-08,-4.3234e-13,0.0002,-4.23907e-10,1.04437e-08,-4.23907e-10,0.0002
-0.612488,-0.279524,1.39016,-0.612076,-0.281601,1.3922,-0.0137878,0.0735759,-0.0978359,9.58027,0.0002,-5.24116e-13,9.41856e-09,-5.24116e-13,0.0002,-4.23214e-09,9.41856e-09,-4.23214e-09,0.0002
-0.612372,-0.27994,1.39051,-0.61195,-0.281543,1.3922,-0.0136718,0.0731597,-0.0974919,9.80337,0.0002,-2.7832e-13,8.00771e-09,-2.7832e-13,0.0002,-1.34043e-09,8.00771e-09,-1.34043e-09,0.0002
-0.612318,-0.280286,1.3909,-0.612023,-0.281523,1.39215,-0.0136181,0.0728137,-0.0970993,9.68979,0.0002,-3.66422e-13,9.84235e-09,-3.66422e-13,0.0002,-3.44702e-09,9.84235e-09,-3.44702e-09,0.0002
-0.612268,-0.280509,1.39109,-0.612008,-0.281358,1.39219,-0.0135684,0.0726907,-0.0969058,9.91271,0.0002,-3.36554e-13,7.6687e-09,-3.36554e-13,0.0002,-4.18492e-09,7.6687e-09,-4.18492e-09,0.0002
-0.612229,-0.280707,1.3913,-0.61205,-0.281394,1.39211,-0.0135286,0.0724927,-0.0967032,9.7669,0.0002,-2.9078e-13,8.25656e-09,-2.9078e-13,0.0002,-3.28666e-09,8.25656e-09,-3.28666e-09,0.0002
-0.612165,-0.280864,1.39155,-0.611954,-0.281429,1.39227,-0.0134651,0.0723361,-0.0964454,9.63825,0.0002,-1.34185e-13,7.26226e-09,-1.34185e-13,0.0002,-7.32765e-10,7.26226e-09,-7.32765e-10,0.0002
-0.61213,-0.281319,1.39205,-0.611973,-0.283037,1.39465,-0.0134304,0.0718806,-0.0959526,9.98803,0.0002,-1.2533e-13,7.99662e-09,-1.2533e-13,0.0002,-1.07627e-09,7.99662e-09,-1.07627e-09,0.0002
-0.612102,-0.281409,1.39224,-0.611929,-0.281726,1.39268,-0.0134025,0.0717907,-0.0957634,9.70002,0.0002,-1.66211e-13,6.49001e-09,-1.66211e-13,0.0002,-2.66585e-09,6.49001e-09,-2.66585e-09,0.0002
-0.612066,-0.28145,1.39219,-0.611942,-0.281444,1.39233,-0.0133655,0.0718505,-0.0958079,9.83713,0.0002,-1.09405e-13,9.47983e-09,-1.09405e-13,0.0002,-9.38651e-10,9.47983e-09,-9.38651e-10,0.0002
-0.612063,-0.281446,1.39224,-0.61199,-0.28139,1.39212,-0.0133628,0.0718538,-0.0957594,9.83252,0.0002,-1.67387e-13,7.43956e-09,-1.67387e-13,0.0002,-2.57757e-09,7.43956e-09,-2.57757e-09,0.0002
-0.61204,-0.281528,1.39227,-0.611992,-0.281794,1.39269,-0.01334,0.0717719,-0.0957324,9.68934,0.0002,-5.80312e-14,6.7383e-09,-5.80312e-14,0.0002,-2.77397e-10,6.7383e-09,-2.77397e-10,0.0002
-0.612025,-0.281607,1.39238,-0.611883,-0.281774,1.3925,-0.0133246,0.0716931,-0.095623,9.74568,0.0002,-1.94699e-13,9.03448e-09,-1.94699e-13,0.0002,-2.75838e-09,9.03448e-09,-2.75838e-09,0.0002
-0.61204,-0.281628,1.39239,-0.612103,-0.281711,1.39244,-0.0133403,0.0717723,-0.0956105,9.8432,0.0002,-1.11848e-13,5.78207e-09,-1.11848e-13,0.0002,-1.76536e-09,5.78207e-09,-1.76536e-09,0.0002
-0.611979,-0.281749,1.39234,-0.611715,-0.282131,1.3928,-0.0132791,0.0716507,-0.0956553,9.62996,0.0002,-1.19157e-13,7.0498e-09,-1.19157e-13,0.0002,-1.73434e-09,7.0498e-09,-1.73434e-09,0.0002
-0.611975,-0.281779,1.3925,-0.611939,-0.281791,1.39247,-0.0132749,0.0716214,-0.0955035,9.73365,0.0002,-1.25538e-13,7.86131e-09,-1.25538e-13,0.0002,-1.71357e-09,7.86131e-09,-1.71357e-09,0.0002
-0.61195,-0.281845,1.39252,-0.611895,-0.282048,1.39291,-0.0132504,0.0715551,-0.095485,9.71317,0.0002,-2.45409e-14,7.00787e-09,-2.45409e-14,0.0002,2.76072e-10,7.00787e-09,2.76072e-10,0.0002
-0.611967,-0.28184,1.39255,-0.611972,-0.281778,1.39239,-0.013267,0.0715598,-0.0954458,9.75345,0.0002,-9.10851e-14,5.85814e-09,-9.10851e-14,0.0002,-1.7997e-09,5.85814e-09,-1.7997e-09,0.0002
-0.611912,-0.281982,1.39256,-0.611672,-0.282444,1.39322,-0.0132119,0.0715181,-0.0954405,8.65644,0.0002,-1.06348e-13,7.09859e-09,-1.06348e-13,0.0002,-1.75576e-09,7.09859e-09,-1.75576e-09,0.0002
-0.61185,-0.282067,1.39283,-0.611584,-0.282304,1.39326,-0.01305,0.0714327,-0.0951737,8.61839,0.0002,-1.17608e-13,7.89267e-09,-1.17608e-13,0.0002,-1.72656e-09,7.89267e-09,-1.72656e-09,0.0002
-0.611876,-0.282375,1.39323,-0.611917,-0.283564,1.39519,-0.0130756,0.0711247,-0.0947652,8.982,0.0002,-1.61572e-13,6.42471e-09,-1.61572e-13,0.0002,-3.08118e-09,6.42471e-09,-3.08118e-09,0.0002
-0.611865,-0.28246,1.3934,-0.611866,-0.282739,1.39437,-0.0130651,0.0710396,-0.0946025,9.11757,0.0002,-6.39387e-14,6.08744e-09,-6.39387e-14,0.0002,-5.97742e-10,6.08744e-09,-5.97742e-10,0.0002
-0.611853,-0.282639,1.39376,-0.611682,-0.283267,1.39523,-0.0130532,0.070861,-0.0942352,9.12492,0.0002,-2.18245e-13,6.64534e-09,-2.18245e-13,0.0002,-4.33313e-09,6.64534e-09,-4.33313e-09,0.0002
-0.611798,-0.282539,1.39366,-0.611622,-0.282077,1.39295,-0.0129984,0.070961,-0.0943356,8.69384,0.0002,-1.04652e-13,6.22769e-09,-1.04652e-13,0.0002,-1.39763e-09,6.22769e-09,-1.39763e-09,0.0002
-0.611754,-0.282525,1.39349,-0.611619,-0.282406,1.3931,-0.012954,0.0710753,-0.0945123,8.68932,0.0002,-2.03257e-14,5.96075e-09,-2.03257e-14,0.0002,4.80579e-10,5.96075e-09,4.80579e-10,0.0002
-0.611772,-0.282546,1.39346,-0.611722,-0.282546,1.39337,-0.0129723,0.0710538,-0.0945359,8.52587,0.0002,-1.79106e-13,6.56462e-09,-1.79106e-13,0.0002,-3.64276e-09,6.56462e-09,-3.64276e-09,0.0002
-0.611728,-0.282586,1.39352,-0.611592,-0.282684,1.39344,-0.0129277,0.0710138,-0.0944779,8.5869,0.0002,-7.68705e-14,6.17644e-09,-7.68705e-14,0.0002,-9.56384e-10,6.17644e-09,-9.56384e-10,0.0002
-0.611732,-0.282854,1.39388,-0.611687,-0.283882,1.39564,-0.0129318,0.0707459,-0.0941179,9.08164,0.0002,-1.20755e-13,5.32771e-09,-1.20755e-13,0.0002,-2.58731e-09,5.32771e-09,-2.58731e-09,0.0002
-0.611747,-0.282733,1.39369,-0.61179,-0.282144,1.39293,-0.0129472,0.070867,-0.0943074,8.61856,0.0002,-1.33204e-13,6.76e-09,-1.33204e-13,0.0002,-2.25485e-09,6.76e-09,-2.25485e-09,0.0002
-0.611727,-0.28275,1.39364,-0.611627,-0.282712,1.39345,-0.0129269,0.0708502,-0.0943552,8.66019,0.0002,-1.3938e-13,7.67656e-09,-1.3938e-13,0.0002,-2.04271e-09,7.67656e-09,-2.04271e-09,0.0002
-0.611697,-0.282689,1.39359,-0.611579,-0.282445,1.39338,-0.0128974,0.0710111,-0.094408,8.63453,0.0002,-8.11746e-14,4.913e-09,-8.11746e-14,0.0002,-1.30734e-09,4.913e-09,-1.30734e-09,0.0002
-0.611703,-0.282662,1.39355,-0.611603,-0.282467,1.3934,-0.0129031,0.0710384,-0.0944467,8.61256,0.0002,-2.16561e-13,5.89447e-09,-2.16561e-13,0.0002,-4.78674e-09,5.89447e-09,-4.78674e-09,0.0002
-0.611655,-0.282705,1.39347,-0.611504,-0.282816,1.39343,-0.0128548,0.0709952,-0.0945349,8.60216,0.0002,-1.12005e-13,5.74764e-09,-1.12005e-13,0.0002,-1.68867e-09,5.74764e-09,-1.68867e-09,0.0002
-0.611645,-0.282672,1.39343,-0.611605,-0.282539,1.3933,-0.0128448,0.0710285,-0.0945682,8.64369,0.0002,-6.67137e-14,3.67849e-09,-6.67137e-14,0.0002,-1.08075e-09,3.67849e-09,-1.08075e-09,0.0002
-0.61166,-0.282645,1.39343,-0.61164,-0.28239,1.3931,-0.0128599,0.0710552,-0.0945716,8.58468,0.0002,-1.81752e-13,7.0792e-09,-1.81752e-13,0.0002,-3.26703e-09,7.0792e-09,-3.26703e-09,0.0002
-0.611636,-0.282647,1.39337,-0.611583,-0.282593,1.39345,-0.0128358,0.0711533,-0.0946309,8.65243,0.0002,-7.28951e-14,6.50604e-09,-7.28951e-14,0.0002,-7.163e-10,6.50604e-09,-7.163e-10,0.0002
-0.611665,-0.28262,1.3933,-0.611722,-0.282468,1.39332,-0.0128655,0.0711805,-0.0947036,8.62356,0.0002,-1.202e-13,5.53835e-09,-1.202e-13,0.0002,-2.43387e-09,5.53835e-09,-2.43387e-09,0.0002
-0.61168,-0.282587,1.3933,-0.611736,-0.282457,1.3933,-0.0128796,0.0712131,-0.0947025,8.57172,0.0002,-7.00263e-14,3.54454e-09,-7.00263e-14,0.0002,-1.55768e-09,3.54454e-09,-1.55768e-09,0.0002
-0.61169,-0.282602,1.39338,-0.611672,-0.282621,1.39338,-0.0128904,0.0711977,-0.0946231,8.73337,0.0002,-9.82096e-14,3.64316e-09,-9.82096e-14,0.0002,-2.97223e-09,3.64316e-09,-2.97223e-09,0.0002
-0.611657,-0.282662,1.39342,-0.611607,-0.282779,1.3936,-0.0128565,0.0711378,-0.0945793,8.61449,0.0002,6.71907e-15,6.28225e-09,6.71907e-15,0.0002,8.47076e-10,6.28225e-09,8.47076e-10,0.0002
-0.611647,-0.282661,1.39336,-0.611545,-0.282611,1.39345,-0.0128466,0.0711394,-0.0946366,8.69924,0.0002,-6.34741e-14,5.39522e-09,-6.34741e-14,0.0002,-1.43324e-09,5.39522e-09,-1.43324e-09,0.0002
-0.611672,-0.282664,1.39326,-0.611772,-0.282676,1.39282,-0.0128716,0.0711362,-0.0947445,8.79356,0.0002,-3.66643e-14,3.45294e-09,-3.66643e-14,0.0002,-9.17271e-10,3.45294e-09,-9.17271e-10,0.0002
-0.61167,-0.282959,1.39369,-0.611647,-0.284034,1.39543,-0.0128704,0.0708413,-0.0943087,8.97113,0.0002,-5.66798e-14,5.55978e-09,-5.66798e-14,0.0002,-1.18813e-09,5.55978e-09,-1.18813e-09,0.0002
-0.611695,-0.282963,1.39353,-0.61173,-0.282939,1.39321,-0.0128947,0.0709367,-0.0944677,8.83491,0.0002,-1.03696e-13,4.93337e-09,-1.03696e-13,0.0002,-2.73539e-09,4.93337e-09,-2.73539e-09,0.0002
-0.611709,-0.282929,1.39343,-0.611766,-0.282794,1.393,-0.012909,0.0709706,-0.0945737,8.72208,0.0002,-5.94561e-14,3.15736e-09,-5.94561e-14,0.0002,-1.75065e-09,3.15736e-09,-1.75065e-09,0.0002
-0.611736,-0.283051,1.39365,-0.611823,-0.283435,1.39453,-0.0129356,0.0708485,-0.0943527,9.22026,0.0002,-8.10182e-14,5.37071e-09,-8.10182e-14,0.0002,-1.72092e-09,5.37071e-09,-1.72092e-09,0.0002
-0.611719,-0.283009,1.39354,-0.611633,-0.282732,1.39313,-0.0129189,0.0708915,-0.094457,8.74651,0.0002,-9.80483e-14,6.78738e-09,-9.80483e-14,0.0002,-1.70115e-09,6.78738e-09,-1.70115e-09,0.0002
-0.611715,-0.283003,1.39348,-0.611697,-0.282981,1.39325,-0.0129146,0.0708971,-0.0935163,8.77134,0.0002,-5.68392e-14,4.34392e-09,-5.68392e-14,0.0002,-1.08873e-09,4.34392e-09,-1.08873e-09,0.0002
-0.611671,-0.283079,1.39345,-0.611541,-0.283319,1.39364,-0.0128713,0.0708214,-0.0935487,8.64084,0.0002,-8.72071e-17,4.75539e-09,-8.72071e-17,0.0002,6.77916e-10,4.75539e-09,6.77916e-10,0.0002
-0.611683,-0.28305,1.39342,-0.611731,-0.282938,1.39327,-0.0128831,0.0708496,-0.093584,8.92344,0.0002,-1.70637e-15,3.04345e-09,-1.70637e-15,0.0002,4.33866e-10,3.04345e-09,4.33866e-10,0.0002
-0.611735,-0.282992,1.39331,-0.611817,-0.282674,1.39288,-0.0129345,0.0710076,-0.0936917,8.88728,0.0002,-1.18536e-13,4.69726e-09,-1.18536e-13,0.0002,-3.67285e-09,4.69726e-09,-3.67285e-09,0.0002
-0.611745,-0.282956,1.39325,-0.611788,-0.282809,1.393,-0.0129452,0.0710444,-0.0937539,8.66241,0.0002,-6.70299e-14,3.00625e-09,-6.70299e-14,0.0002,-2.35062e-09,3.00625e-09,-2.35062e-09,0.0002
-0.612065,-0.282902,1.39279,-0.613431,-0.282563,1.39097,-0.0132651,0.0710983,-0.0942094,9.28401,0.0002,2.76907e-14,5.87499e-09,2.76907e-14,0.0002,1.24439e-09,5.87499e-09,1.24439e-09,0.0002
-0.61235,-0.282846,1.39241,-0.613368,-0.282539,1.3909,-0.0135504,0.0711536,-0.0945885,9.15518,0.0002,-1.40433e-13,6.50698e-09,-1.40433e-13,0.0002,-3.15584e-09,6.50698e-09,-3.15584e-09,0.0002
-0.612598,-0.282465,1.39156,-0.613588,-0.280939,1.38817,-0.013798,0.0715351,-0.0954372,8.84216,0.0002,-7.93632e-14,4.16447e-09,-7.93632e-14,0.0002,-2.01974e-09,4.16447e-09,-2.01974e-09,0.0002
-0.612759,-0.282329,1.39107,-0.613404,-0.281787,1.38912,-0.0139592,0.0716707,-0.0959259,8.7922,0.0002,-4.6486e-14,2.66526e-09,-4.6486e-14,0.0002,-1.29263e-09,2.66526e-09,-1.29263e-09,0.0002
-0.61297,-0.282056,1.39041,-0.61373,-0.280813,1.38809,-0.0141695,0.0719444,-0.0965869,8.91744,0.0002,-1.62679e-13,6.42423e-09,-1.62679e-13,0.0002,-3.41451e-09,6.42423e-09,-3.41451e-09,0.0002
-0.613083,-0.281863,1.39,-0.613536,-0.281094,1.38835,-0.0142828,0.0722368,-0.0969994,8.86378,0.0002,-9.28835e-14,4.11151e-09,-9.28835e-14,0.0002,-2.18529e-09,4.11151e-09,-2.18529e-09,0.0002
-0.613155,-0.281851,1.38983,-0.613443,-0.281801,1.38915,-0.0143549,0.0722492,-0.0971694,8.78897,0.0002,-5.48452e-14,2.63137e-09,-5.48452e-14,0.0002,-1.39858e-09,2.63137e-09,-1.39858e-09,0.0002
-0.613246,-0.281886,1.38984,-0.613591,-0.281924,1.38986,-0.014446,0.0722137,-0.0971634,9.32445,0.0002,-7.31091e-14,5.03189e-09,-7.31091e-14,0.0002,-1.50764e-09,5.03189e-09,-1.50764e-09,0.0002
-0.61303,-0.282605,1.39121,-0.61221,-0.285417,1.39637,-0.0142301,0.0714952,-0.0957941,9.47771,0.0002,-8.76293e-15,5.20047e-09,-8.76293e-15,0.0002,4.0292e-10,5.20047e-09,4.0292e-10,0.0002
-0.612864,-0.282801,1.39156,-0.612137,-0.283544,1.3933,-0.0140639,0.0712989,-0.095439,9.37804,0.0002,-6.53644e-14,4.6985e-09,-6.53644e-14,0.0002,-1.72054e-09,4.6985e-09,-1.72054e-09,0.0002
-0.612973,-0.282642,1.39113,-0.61341,-0.282006,1.3894,-0.0141731,0.0714578,-0.095871,8.75285,0.0002,-3.76942e-14,3.00704e-09,-3.76942e-14,0.0002,-1.10114e-09,3.00704e-09,-1.10114e-09,0.0002
-0.613042,-0.282462,1.39075,-0.613298,-0.281635,1.38922,-0.0142418,0.0716383,-0.0962522,8.94457,0.0002,-5.89621e-14,5.27312e-09,-5.89621e-14,0.0002,-1.31293e-09,5.27312e-09,-1.31293e-09,0.0002
-0.613104,-0.282389,1.39049,-0.613355,-0.282096,1.38945,-0.0143044,0.0717114,-0.0965108,8.81243,0.0002,-3.4191e-14,3.37479e-09,-3.4191e-14,0.0002,-8.40272e-10,3.37479e-09,-8.40272e-10,0.0002
-0.613192,-0.282415,1.39048,-0.613481,-0.282478,1.39076,-0.0143921,0.071685,-0.096521,9.38088,0.0002,-7.10972e-14,3.52865e-09,-7.10972e-14,0.0002,-2.51716e-09,3.52865e-09,-2.51716e-09,0.0002
-0.613272,-0.282178,1.39006,-0.613592,-0.281229,1.38841,-0.014372,0.0719222,-0.096935,8.80735,0.0002,-4.09545e-14,2.25834e-09,-4.09545e-14,0.0002,-1.61098e-09,2.25834e-09,-1.61098e-09,0.0002
-0.61337,-0.281905,1.38963,-0.613764,-0.280815,1.3879,-0.0145704,0.0721946,-0.0973674,8.82699,0.0002,-2.43482e-14,1.44534e-09,-2.43482e-14,0.0002,-1.03103e-09,1.44534e-09,-1.03103e-09,0.0002
-0.613422,-0.281746,1.38942,-0.61361,-0.281003,1.38791,-0.0146221,0.0724542,-0.0975842,8.87632,0.0002,-4.64964e-14,4.27281e-09,-4.64964e-14,0.0002,-1.27253e-09,4.27281e-09,-1.27253e-09,0.0002
-0.613462,-0.281666,1.38915,-0.613561,-0.281304,1.38842,-0.0146622,0.0725341,-0.0978467,8.95711,0.0002,-8.75918e-14,4.10125e-09,-8.75918e-14,0.0002,-2.79527e-09,4.10125e-09,-2.79527e-09,0.0002
-0.613502,-0.281553,1.38888,-0.613705,-0.281042,1.3881,-0.0147022,0.0726465,-0.0981216,8.82763,0.0002,-3.21546e-14,4.60602e-09,-3.21546e-14,0.0002,-4.22837e-10,4.60602e-09,-4.22837e-10,0.0002
-0.613483,-0.281799,1.38928,-0.613408,-0.28278,1.39088,-0.0145833,0.0724012,-0.0977221,9.22053,0.0002,-1.95818e-14,2.94785e-09,-1.95818e-14,0.0002,-2.70616e-10,2.94785e-09,-2.70616e-10,0.0002
-0.613479,-0.281878,1.38931,-0.61334,-0.282111,1.38946,-0.0145793,0.0723218,-0.0976856,8.7797,0.0002,-1.35342e-13,4.61971e-09,-1.35342e-13,0.0002,-4.13506e-09,4.61971e-09,-4.13506e-09,0.0002
-0.613507,-0.281713,1.38908,-0.613615,-0.28105,1.38816,-0.0146066,0.0724874,-0.0979156,9.02318,0.0002,-7.6838e-14,2.95661e-09,-7.6838e-14,0.0002,-2.64644e-09,2.95661e-09,-2.64644e-09,0.0002
-0.613536,-0.281601,1.3889,-0.613656,-0.281153,1.38817,-0.0146364,0.0725994,-0.0980992,8.87504,0.0002,-4.51702e-14,1.89223e-09,-4.51702e-14,0.0002,-1.69372e-09,1.89223e-09,-1.69372e-09,0.0002
-0.613553,-0.281508,1.3887,-0.61366,-0.281075,1.38823,-0.0146526,0.072692,-0.0982975,8.78631,0.0002,-1.27521e-14,3.19259e-09,-1.27521e-14,0.0002,2.81656e-10,3.19259e-09,2.81656e-10,0.0002
-0.61356,-0.281487,1.38862,-0.613587,-0.281401,1.38829,-0.0146595,0.0727134,-0.0983792,8.68273,0.0002,-8.62174e-15,2.04326e-09,-8.62174e-15,0.0002,1.8026e-10,2.04326e-09,1.8026e-10,0.0002
-0.613584,-0.281434,1.38858,-0.613602,-0.281075,1.3881,-0.0146843,0.0727662,-0.0984199,8.76642,0.0002,-1.04781e-13,6.0202e-09,-1.04781e-13,0.0002,-2.48268e-09,6.0202e-09,-2.48268e-09,0.0002
-0.613551,-0.281547,1.38867,-0.613417,-0.282002,1.38903,-0.0146509,0.0727526,-0.0983305,8.782,0.0002,-5.94075e-14,3.85293e-09,-5.94075e-14,0.0002,-1.58892e-09,3.85293e-09,-1.58892e-09,0.0002
-0.613564,-0.281662,1.38895,-0.613619,-0.28212,1.39006,-0.0146645,0.072638,-0.0980531,9.16592,0.0002,-3.48864e-14,2.46588e-09,-3.48864e-14,0.0002,-1.01691e-09,2.46588e-09,-1.01691e-09,0.0002
-0.613574,-0.281623,1.38875,-0.613533,-0.281319,1.38827,-0.0146744,0.0726772,-0.0982523,8.83581,0.0002,-1.48401e-13,6.29111e-09,-1.48401e-13,0.0002,-3.24808e-09,6.29111e-09,-3.24808e-09,0.0002
-0.613569,-0.28184,1.38917,-0.613546,-0.282706,1.39085,-0.0146687,0.0724605,-0.0978311,9.17432,0.0002,-8.45147e-14,4.02631e-09,-8.45147e-14,0.0002,-2.07877e-09,4.02631e-09,-2.07877e-09,0.0002
-0.613601,-0.281634,1.3889,-0.613729,-0.28081,1.38784,-0.0147007,0.0726664,-0.0980975,8.87061,0.0002,-4.98041e-14,2.57684e-09,-4.98041e-14,0.0002,-1.33041e-09,2.57684e-09,-1.33041e-09,0.0002
-0.613631,-0.281699,1.38898,-0.613688,-0.281916,1.38963,-0.0147305,0.0726015,-0.0980155,9.24346,0.0002,-7.69548e-14,3.01482e-09,-7.69548e-14,0.0002,-2.83302e-09,3.01482e-09,-2.83302e-09,0.0002
-0.61364,-0.28157,1.38879,-0.613678,-0.281055,1.388,-0.0147401,0.0727303,-0.0982124,8.82886,0.0002,-4.4878e-14,1.92948e-09,-4.4878e-14,0.0002,-1.81313e-09,1.92948e-09,-1.81313e-09,0.0002
-0.613654,-0.28146,1.38862,-0.613691,-0.280919,1.38795,-0.0147541,0.0728395,-0.0983794,8.92353,0.0002,-7.09439e-14,4.58205e-09,-7.09439e-14,0.0002,-1.77644e-09,4.58205e-09,-1.77644e-09,0.0002
-0.613627,-0.281709,1.38905,-0.61352,-0.282704,1.39074,-0.0147272,0.0725908,-0.0979547,9.16013,0.0002,-4.12366e-14,2.93251e-09,-4.12366e-14,0.0002,-1.13692e-09,2.93251e-09,-1.13692e-09,0.0002
-0.61364,-0.28161,1.38883,-0.61369,-0.281213,1.38798,-0.0147398,0.07269,-0.0981687,8.82735,0.0002,-2.46844e-14,1.87681e-09,-2.46844e-14,0.0002,-7.27629e-10,1.87681e-09,-7.27629e-10,0.0002
-0.613646,-0.281514,1.38868,-0.613673,-0.281128,1.38809,-0.0147464,0.0727864,-0.0983163,8.80346,0.0002,-1.50988e-14,1.20116e-09,-1.50988e-14,0.0002,-4.65682e-10,1.20116e-09,-4.65682e-10,0.0002
-0.613674,-0.281606,1.38884,-0.613704,-0.281829,1.38978,-0.0147741,0.0726939,-0.0981597,9.26627,0.0002,-1.12059e-13,5.48101e-09,-1.12059e-13,0.0002,-2.89654e-09,5.48101e-09,-2.89654e-09,0.0002
-0.613662,-0.281755,1.38915,-0.613612,-0.282352,1.39038,-0.0147617,0.0725448,-0.0978515,9.07597,0.0002,-6.35894e-14,3.50785e-09,-6.35894e-14,0.0002,-1.85378e-09,3.50785e-09,-1.85378e-09,0.0002
-0.613639,-0.281643,1.38894,-0.613547,-0.281193,1.3881,-0.0147388,0.0727573,-0.098062,8.92772,0.0002,-3.73678e-14,2.24502e-09,-3.73678e-14,0.0002,-1.18642e-09,2.24502e-09,-1.18642e-09,0.0002
-0.613704,-0.281551,1.38881,-0.613967,-0.281182,1.38829,-0.0148044,0.0728494,-0.098191,9.77379,0.0002,-2.25517e-14,1.43681e-09,-2.25517e-14,0.0002,-7.5931e-10,1.43681e-09,-7.5931e-10,0.0002
-0.613741,-0.281445,1.38869,-0.613824,-0.280979,1.38792,-0.0148407,0.0729551,-0.0983051,9.8003,0.0002,-4.79471e-14,2.28533e-09,-4.79471e-14,0.0002,-2.46742e-09,2.28533e-09,-2.46742e-09,0.0002
-0.6138,-0.281329,1.38849,-0.614038,-0.280864,1.38765,-0.0149002,0.0730714,-0.0985135,9.80278,0.0002,-2.7799e-14,1.46261e-09,-2.7799e-14,0.0002,-1.57915e-09,1.46261e-09,-1.57915e-09,0.0002
-0.613819,-0.281295,1.3883,-0.613937,-0.281098,1.38787,-0.014919,0.0731051,-0.0986994,9.62793,0.0002,-3.61798e-15,2.9182e-09,-3.61798e-15,0.0002,3.5416e-10,2.9182e-09,3.5416e-10,0.0002
-0.613859,-0.281397,1.38847,-0.613957,-0.281762,1.38947,-0.014859,0.0730031,-0.0985283,10.0861,0.0002,-4.28625e-14,3.23209e-09,-4.28625e-14,0.0002,-1.75571e-09,3.23209e-09,-1.75571e-09,0.0002
-0.613866,-0.281379,1.38837,-0.613892,-0.281308,1.38798,-0.0148656,0.0730209,-0.0986261,9.69979,0.0002,-2.45266e-14,2.06854e-09,-2.45266e-14,0.0002,-1.12366e-09,2.06854e-09,-1.12366e-09,0.0002
-0.613838,-0.281367,1.38836,-0.61373,-0.281319,1.3883,-0.0148385,0.0730329,-0.0986402,9.8112,0.0002,-1.4507e-14,1.32387e-09,-1.4507e-14,0.0002,-7.19141e-10,1.32387e-09,-7.19141e-10,0.0002
-0.613858,-0.281341,1.38833,-0.613873,-0.281196,1.38788,-0.0148578,0.0730587,-0.0986721,9.73591,0.0002,-4.16939e-14,2.21215e-09,-4.16939e-14,0.0002,-2.44233e-09,2.21215e-09,-2.44233e-09,0.0002
-0.613855,-0.281591,1.38869,-0.613887,-0.282527,1.39047,-0.014855,0.0728091,-0.0983081,10.0627,0.0002,-1.38236e-14,3.39812e-09,-1.38236e-14,0.0002,-1.98588e-10,3.39812e-09,-1.98588e-10,0.0002
-0.613864,-0.281604,1.38881,-0.613902,-0.281655,1.3893,-0.0148645,0.0727963,-0.0981866,10.1892,0.0002,-8.50161e-15,2.1748e-09,-8.50161e-15,0.0002,-1.27096e-10,2.1748e-09,-1.27096e-10,0.0002
-0.613878,-0.281504,1.38858,-0.613868,-0.28106,1.38798,-0.0148776,0.0728965,-0.098416,9.77545,0.0002,-4.18869e-14,2.75733e-09,-4.18869e-14,0.0002,-2.06302e-09,2.75733e-09,-2.06302e-09,0.0002
-0.613881,-0.281416,1.38843,-0.613896,-0.281065,1.38781,-0.0148813,0.0729842,-0.0985708,9.74875,0.0002,-2.38951e-14,1.76469e-09,-2.38951e-14,0.0002,-1.32033e-09,1.76469e-09,-1.32033e-09,0.0002
-0.613914,-0.281502,1.38867,-0.614047,-0.281845,1.38963,-0.0149144,0.0728984,-0.098331,10.2322,0.0002,-1.40999e-14,1.1294e-09,-1.40999e-14,0.0002,-8.45012e-10,1.1294e-09,-8.45012e-10,0.0002
-0.613908,-0.281449,1.38858,-0.613881,-0.28124,1.38821,-0.0149078,0.0729508,-0.0984229,9.80342,0.0002,-8.53532e-15,7.22819e-10,-8.53532e-15,0.0002,-5.40808e-10,7.22819e-10,-5.40808e-10,0.0002
-0.613902,-0.281383,1.3885,-0.61392,-0.281056,1.38788,-0.0149017,0.073117,-0.0984989,9.67397,0.0002,1.21375e-14,2.44439e-09,1.21375e-14,0.0002,1.01919e-09,2.44439e-09,1.01919e-09,0.0002
-0.613908,-0.28144,1.38842,-0.61387,-0.281624,1.38841,-0.0149078,0.0730603,-0.0985815,9.7133,0.0002,-2.57676e-14,2.92925e-09,-2.57676e-14,0.0002,-1.32982e-09,2.92925e-09,-1.32982e-09,0.0002
-0.613914,-0.281473,1.38849,-0.613875,-0.281565,1.38848,-0.0149136,0.0730267,-0.0985053,9.80635,0.0002,-6.42593e-14,3.23972e-09,-6.42593e-14,0.0002,-2.83308e-09,3.23972e-09,-2.83308e-09,0.0002
-0.61391,-0.28144,1.38834,-0.613937,-0.281244,1.38806,-0.0149097,0.0730603,-0.0986554,9.74105,0.0002,-2.36874e-14,4.05553e-09,-2.36874e-14,0.0002,-4.4834e-10,4.05553e-09,-4.4834e-10,0.0002
-0.613881,-0.281487,1.38844,-0.613768,-0.281676,1.38881,-0.0148814,0.073013,-0.0985626,9.80794,0.0002,-1.4229e-14,2.59554e-09,-1.4229e-14,0.0002,-2.86938e-10,2.59554e-09,-2.86938e-10,0.0002
-0.613914,-0.28136,1.38829,-0.614044,-0.280853,1.38771,-0.014914,0.0731398,-0.0987085,9.83485,0.0002,-8.72523e-15,1.66115e-09,-8.72523e-15,0.0002,-1.8364e-10,1.66115e-09,-1.8364e-10,0.0002
-0.61393,-0.281492,1.38857,-0.613993,-0.282018,1.38966,-0.0149298,0.0730082,-0.0984348,10.2599,0.0002,-5.42796e-15,1.06313e-09,-5.42796e-15,0.0002,-1.1753e-10,1.06313e-09,-1.1753e-10,0.0002
-0.613926,-0.281503,1.38844,-0.613849,-0.281505,1.38824,-0.014926,0.072997,-0.098563,9.78918,0.0002,-3.06879e-14,2.04538e-09,-3.06879e-14,0.0002,-2.05723e-09,2.04538e-09,-2.05723e-09,0.0002
-0.613964,-0.281618,1.38881,-0.614158,-0.282014,1.39061,-0.0149637,0.0728825,-0.0981918,10.6993,0.0002,-5.13656e-15,3.29123e-09,-5.13656e-15,0.0002,4.80887e-11,3.29123e-09,4.80887e-11,0.0002
-0.613932,-0.281641,1.38885,-0.613743,-0.281694,1.38869,-0.014932,0.0728586,-0.0981521,9.74027,0.0002,-4.82424e-14,3.47216e-09,-4.82424e-14,0.0002,-1.95069e-09,3.47216e-09,-1.95069e-09,0.0002
-0.613873,-0.281896,1.38921,-0.61364,-0.282915,1.39066,-0.0148735,0.072604,-0.0977905,10.1372,0.0002,-2.74073e-14,2.22218e-09,-2.74073e-14,0.0002,-1.24844e-09,2.22218e-09,-1.24844e-09,0.0002
-0.61388,-0.281801,1.38901,-0.613905,-0.281421,1.38823,-0.0148798,0.0726989,-0.0979855,9.7024,0.0002,-1.61202e-14,1.4222e-09,-1.61202e-14,0.0002,-7.99003e-10,1.4222e-09,-7.99003e-10,0.0002
-0.61388,-0.281748,1.38883,-0.613817,-0.281494,1.38841,-0.0148797,0.0727517,-0.0981695,9.7482,0.0002,-4.39144e-14,2.27607e-09,-4.39144e-14,0.0002,-2.49276e-09,2.27607e-09,-2.49276e-09,0.0002
-0.613878,-0.281813,1.38893,-0.613914,-0.282009,1.38965,-0.014878,0.0726872,-0.0980682,10.1911,0.0002,-1.51361e-14,3.43834e-09,-1.51361e-14,0.0002,-2.2987e-10,3.43834e-09,-2.2987e-10,0.0002
-0.613888,-0.281723,1.38878,-0.613825,-0.281383,1.38819,-0.0148883,0.0727771,-0.0982159,9.79905,0.0002,-4.35047e-14,1.58499e-09,-4.35047e-14,0.0002,-3.49438e-09,1.58499e-09,-3.49438e-09,0.0002
-0.613874,-0.281655,1.38864,-0.613819,-0.281381,1.38806,-0.0148744,0.0728454,-0.0983598,9.754,0.0002,-2.50072e-14,1.01439e-09,-2.50072e-14,0.0002,-2.2364e-09,1.01439e-09,-2.2364e-09,0.0002
-0.613853,-0.281646,1.38858,-0.613767,-0.281614,1.38834,-0.0148529,0.0728536,-0.0984205,9.67983,0.0002,-1.48431e-14,6.4921e-10,-1.48431e-14,0.0002,-1.4313e-09,6.4921e-10,-1.4313e-09,0.0002
-0.613852,-0.281832,1.38893,-0.613847,-0.282577,1.39033,-0.0148518,0.0726675,-0.098071,10.0123,0.0002,-9.02384e-15,4.15495e-10,-9.02384e-15,0.0002,-9.16031e-10,4.15495e-10,-9.16031e-10,0.0002
-0.613839,-0.281747,1.38879,-0.613788,-0.281406,1.38824,-0.014839,0.0727528,-0.0982082,9.73441,0.0002,-5.58039e-15,2.65917e-10,-5.58039e-15,0.0002,-5.8626e-10,2.65917e-10,-5.8626e-10,0.0002
-0.613837,-0.28163,1.38865,-0.613827,-0.281161,1.38808,-0.0148366,0.07287,-0.0983511,9.75293,0.0002,-3.49163e-15,1.70187e-10,-3.49163e-15,0.0002,-3.75206e-10,1.70187e-10,-3.75206e-10,0.0002
-0.613828,-0.281643,1.3886,-0.613796,-0.281696,1.3884,-0.0148284,0.0728567,-0.0984003,9.73203,0.0002,-2.20195e-15,1.08919e-10,-2.20195e-15,0.0002,-2.40132e-10,1.08919e-10,-2.40132e-10,0.0002
-0.613859,-0.281576,1.38853,-0.613983,-0.281305,1.38826,-0.0148593,0.0730244,-0.0984681,9.81579,0.0002,-1.39586e-15,6.97084e-11,-1.39586e-15,0.0002,-1.53684e-10,6.97084e-11,-1.53684e-10,0.0002
-0.613854,-0.28158,1.38847,-0.613812,-0.281491,1.38824,-0.0148538,0.0730203,-0.0985257,9.7308,0.0002,-1.67787e-14,3.39163e-09,-1.67787e-14,0.0002,-7.15246e-10,3.39163e-09,-7.15246e-10,0.0002
-0.61389,-0.281642,1.38861,-0.613972,-0.28185,1.38945,-0.0148899,0.0729576,-0.0983943,10.1843,0.0002,-5.95845e-14,3.53544e-09,-5.95845e-14,0.0002,-2.4399e-09,3.53544e-09,-2.4399e-09,0.0002
-0.613868,-0.281634,1.38861,-0.613822,-0.281537,1.3883,-0.0148678,0.0729663,-0.0983916,9.72018,0.0002,-1.59945e-14,4.24442e-09,-1.59945e-14,0.0002,-1.96166e-10,4.24442e-09,-1.96166e-10,0.0002
-0.61389,-0.281626,1.38864,-0.613935,-0.281657,1.38907,-0.0148897,0.0729741,-0.0983623,10.275,0.0002,-1.47568e-14,7.34474e-10,-1.47568e-14,0.0002,-1.49061e-09,7.34474e-10,-1.49061e-09,0.0002
-0.613876,-0.281652,1.3886,-0.613822,-0.281758,1.38843,-0.0148762,0.0729476,-0.0984047,9.71227,0.0002,-8.88384e-15,4.70063e-10,-8.88384e-15,0.0002,-9.53987e-10,4.70063e-10,-9.53987e-10,0.0002
-0.613877,-0.281549,1.3885,-0.613817,-0.281094,1.38781,-0.0148767,0.0730508,-0.0984986,9.73872,0.0002,-3.25959e-14,1.66619e-09,-3.25959e-14,0.0002,-2.59231e-09,1.66619e-09,-2.59231e-09,0.0002
-0.613874,-0.281495,1.38844,-0.613865,-0.28128,1.38818,-0.0148743,0.0731046,-0.0985633,9.79973,0.0002,-1.86499e-14,1.06636e-09,-1.86499e-14,0.0002,-1.65908e-09,1.06636e-09,-1.65908e-09,0.0002
-0.613859,-0.281595,1.38852,-0.613798,-0.281994,1.38885,-0.014859,0.0730049,-0.0984801,9.71916,0.0002,-1.10301e-14,6.82471e-10,-1.10301e-14,0.0002,-1.06181e-09,6.82471e-10,-1.06181e-09,0.0002
-0.61387,-0.281765,1.38877,-0.613956,-0.282384,1.39011,-0.0148699,0.0728347,-0.0982254,9.98575,0.0002,6.13829e-15,2.41886e-09,6.13829e-15,0.0002,6.85325e-10,2.41886e-09,6.85325e-10,0.0002
-0.613893,-0.281761,1.3888,-0.613923,-0.281699,1.3886,-0.014893,0.0728394,-0.098197,9.79378,0.0002,-3.0879e-14,2.91377e-09,-3.0879e-14,0.0002,-1.54291e-09,2.91377e-09,-1.54291e-09,0.0002
-0.613898,-0.281704,1.38863,-0.613858,-0.281434,1.38825,-0.0147983,0.0728961,-0.0983702,9.74771,0.0002,-6.83182e-14,3.23026e-09,-6.83182e-14,0.0002,-2.96915e-09,3.23026e-09,-2.96915e-09,0.0002
-0.613884,-0.281681,1.38857,-0.613826,-0.281589,1.38831,-0.0147838,0.0729192,-0.0984345,9.74106,0.0002,-3.8813e-14,2.06737e-09,-3.8813e-14,0.0002,-1.90026e-09,2.06737e-09,-1.90026e-09,0.0002
-0.61388,-0.281666,1.38852,-0.613863,-0.281608,1.38836,-0.0147796,0.0729337,-0.0984755,9.65809,0.0002,-2.28289e-14,1.32311e-09,-2.28289e-14,0.0002,-1.21616e-09,1.32311e-09,-1.21616e-09,0.0002
-0.61384,-0.281718,1.38853,-0.613682,-0.281925,1.38857,-0.0147401,0.072882,-0.098467,9.58518,0.0002,-1.37866e-14,8.46793e-10,-1.37866e-14,0.0002,-7.78345e-10,8.46793e-10,-7.78345e-10,0.0002
-0.613831,-0.281722,1.38852,-0.613795,-0.281739,1.38848,-0.0148311,0.0728779,-0.0984785,9.74018,0.0002,-8.48598e-15,5.41947e-10,-8.48598e-15,0.0002,-4.98141e-10,5.41947e-10,-4.98141e-10,0.0002
-0.613832,-0.281687,1.38844,-0.613834,-0.281549,1.38813,-0.0147318,0.0729126,-0.0985577,9.81607,0.0002,-5.2928e-15,3.46846e-10,-5.2928e-15,0.0002,-3.1881e-10,3.46846e-10,-3.1881e-10,0.0002
-0.613824,-0.281908,1.38889,-0.613794,-0.282791,1.39068,-0.0147243,0.0726919,-0.0981103,10.0744,0.0002,-3.33078e-15,2.21982e-10,-3.33078e-15,0.0002,-2.04038e-10,2.21982e-10,-2.04038e-10,0.0002
-0.61384,-0.281891,1.38881,-0.613777,-0.281738,1.38849,-0.0147395,0.0728088,-0.0981895,9.67853,0.0002,-7.91827e-14,2.87362e-09,-7.91827e-14,0.0002,-4.09351e-09,2.87362e-09,-4.09351e-09,0.0002
-0.613813,-0.282001,1.38894,-0.613709,-0.282439,1.38944,-0.0147135,0.0726993,-0.0980627,9.7008,0.0002,-4.46541e-14,1.83911e-09,-4.46541e-14,0.0002,-2.61985e-09,1.83911e-09,-2.61985e-09,0.0002
-0.613796,-0.281959,1.3888,-0.613768,-0.281729,1.38859,-0.0146958,0.0727412,-0.0981963,9.66027,0.0002,-1.96066e-14,3.15854e-09,-1.96066e-14,0.0002,-3.10992e-10,3.15854e-09,-3.10992e-10,0.0002
-0.613783,-0.281854,1.38867,-0.613734,-0.281437,1.38814,-0.0146834,0.0728455,-0.0983297,9.64692,0.0002,-1.20453e-14,2.02147e-09,-1.20453e-14,0.0002,-1.99035e-10,2.02147e-09,-1.99035e-10,0.0002
-0.613784,-0.281832,1.38864,-0.613785,-0.281744,1.3885,-0.0146838,0.0728676,-0.0983646,9.64355,0.0002,-7.50301e-15,1.29374e-09,-7.50301e-15,0.0002,-1.27382e-10,1.29374e-09,-1.27382e-10,0.0002
-0.613818,-0.281732,1.38852,-0.613957,-0.28133,1.38807,-0.0147185,0.0729681,-0.0984782,9.7785,0.0002,-4.71755e-15,8.27992e-10,-4.71755e-15,0.0002,-8.15248e-11,8.27992e-10,-8.15248e-11,0.0002
-0.613787,-0.282026,1.38899,-0.613662,-0.283202,1.39086,-0.0146872,0.0726741,-0.0980107,9.98148,0.0002,-2.98467e-15,5.29915e-10,-2.98467e-15,0.0002,-5.21759e-11,5.29915e-10,-5.21759e-11,0.0002
-0.613815,-0.28191,1.38878,-0.613866,-0.281403,1.38827,-0.0147153,0.0727901,-0.0982184,9.81518,0.0002,-2.43652e-14,1.70496e-09,-2.43652e-14,0.0002,-2.01483e-09,1.70496e-09,-2.01483e-09,0.0002
-0.613853,-0.281865,1.38874,-0.613943,-0.281642,1.38827,-0.0147532,0.0728352,-0.0982568,9.79849,0.0002,-5.73405e-14,2.45689e-09,-5.73405e-14,0.0002,-3.27099e-09,2.45689e-09,-3.27099e-09,0.0002
-0.613873,-0.281779,1.38858,-0.61395,-0.281435,1.38794,-0.0147726,0.0729212,-0.0984172,9.85234,0.0002,-3.25832e-14,1.57241e-09,-3.25832e-14,0.0002,-2.09344e-09,1.57241e-09,-2.09344e-09,0.0002
-0.613864,-0.281727,1.38847,-0.613892,-0.281565,1.38832,-0.0147641,0.0729725,-0.0985331,9.71072,0.0002,-1.18313e-14,-3.58666e-10,-1.18313e-14,0.0002,6.42193e-10,-3.58666e-10,6.42193e-10,0.0002
-0.613851,-0.281731,1.38846,-0.613798,-0.281744,1.38843,-0.0147508,0.0729693,-0.0975404,9.71823,0.0002,-7.45407e-15,-2.29546e-10,-7.45407e-15,0.0002,4.11003e-10,-2.29546e-10,4.11003e-10,0.0002
-0.613841,-0.281775,1.38855,-0.613742,-0.281907,1.38861,-0.0147414,0.0729255,-0.0974468,9.73444,0.0002,-1.821e-14,1.21817e-09,-1.821e-14,0.0002,-1.7189e-09,1.21817e-09,-1.7189e-09,0.0002
-0.613871,-0.28189,1.38869,-0.613968,-0.282249,1.38986,-0.0147705,0.0728097,-0.0973126,10.0271,0.0002,-5.14633e-14,4.12656e-09,-5.14633e-14,0.0002,-1.71745e-09,4.12656e-09,-1.71745e-09,0.0002
-0.613862,-0.281798,1.38864,-0.613892,-0.28147,1.38813,-0.0147624,0.0729024,-0.0983599,9.67935,0.0002,-2.87114e-15,1.27547e-09,-2.87114e-15,0.0002,8.82467e-10,1.27547e-09,8.82467e-10,0.0002
-0.613884,-0.282022,1.38906,-0.613865,-0.282938,1.39073,-0.0147838,0.0726781,-0.097942,10.1095,0.0002,-9.08697e-15,1.99774e-10,-9.08697e-15,0.0002,-2.78231e-09,1.99774e-10,-2.78231e-09,0.0002
-0.613875,-0.282039,1.38891,-0.613884,-0.282047,1.38863,-0.0147752,0.0726607,-0.0980917,9.65568,0.0002,-9.77747e-15,2.1092e-09,-9.77747e-15,0.0002,-4.14726e-10,2.1092e-09,-4.14726e-10,0.0002
-0.613873,-0.281989,1.38884,-0.613865,-0.281787,1.38856,-0.0147732,0.0727112,-0.0981616,9.78721,0.0002,-5.80971e-15,1.34989e-09,-5.80971e-15,0.0002,-2.65424e-10,1.34989e-09,-2.65424e-10,0.0002
-0.61388,-0.281946,1.38876,-0.613905,-0.281772,1.38843,-0.0147795,0.0727545,-0.0982442,9.71139,0.0002,-3.53477e-15,8.63928e-10,-3.53477e-15,0.0002,-1.69872e-10,8.63928e-10,-1.69872e-10,0.0002
-0.613931,-0.282121,1.38929,-0.614136,-0.282824,1.39145,-0.0148308,0.0725787,-0.0977053,10.5518,0.0002,-2.18711e-15,5.52914e-10,-2.18711e-15,0.0002,-1.08718e-10,5.52914e-10,-1.08718e-10,0.0002
-0.61394,-0.282057,1.38919,-0.613916,-0.281756,1.38845,-0.0148402,0.0726433,-0.0978113,9.70428,0.0002,-2.43591e-14,1.7206e-09,-2.43591e-14,0.0002,-2.05038e-09,1.7206e-09,-2.05038e-09,0.0002
-0.613915,-0.282061,1.38912,-0.613813,-0.282077,1.38883,-0.0148147,0.0726393,-0.0978821,9.67587,0.0002,-1.37836e-14,1.10118e-09,-1.37836e-14,0.0002,-1.31224e-09,1.10118e-09,-1.31224e-09,0.0002
-0.613905,-0.282065,1.389,-0.613824,-0.282145,1.38885,-0.014805,0.0726348,-0.0979995,9.71666,0.0002,1.42816e-14,-1.2765e-09,1.42816e-14,0.0002,-2.2059e-09,-1.2765e-09,-2.2059e-09,0.0002
-0.613886,-0.2821,1.38894,-0.613808,-0.282237,1.38872,-0.0147857,0.0726003,-0.0980563,9.60704,0.0002,7.6985e-15,-8.16963e-10,7.6985e-15,0.0002,-1.41178e-09,-8.16963e-10,-1.41178e-09,0.0002
-0.613892,-0.282057,1.38879,-0.613857,-0.281844,1.38848,-0.0147924,0.0727429,-0.0982127,9.72867,0.0002,-1.47218e-14,8.42867e-10,-1.47218e-14,0.0002,-2.88504e-09,8.42867e-10,-2.88504e-09,0.0002
-0.613868,-0.282019,1.38876,-0.61377,-0.281864,1.38864,-0.014768,0.0727814,-0.0982429,9.67343,0.0002,-8.17692e-15,5.39435e-10,-8.17692e-15,0.0002,-1.84642e-09,5.39435e-10,-1.84642e-09,0.0002
-0.613893,-0.281977,1.38876,-0.613929,-0.281767,1.38845,-0.0147926,0.0728233,-0.0972402,9.88353,0.0002,-3.75623e-14,1.71091e-09,-3.75623e-14,0.0002,-3.16325e-09,1.71091e-09,-3.16325e-09,0.0002
-0.613846,-0.281926,1.38866,-0.613723,-0.281766,1.38856,-0.0147462,0.0728739,-0.098343,9.682,0.0002,-6.64561e-15,-2.70379e-10,-6.64561e-15,0.0002,-4.27288e-11,-2.70379e-10,-4.27288e-11,0.0002
-0.61385,-0.282139,1.38914,-0.613804,-0.282949,1.39075,-0.0147501,0.0726607,-0.0978615,10.1573,0.0002,-2.00114e-14,1.19243e-09,-2.00114e-14,0.0002,-2.00902e-09,1.19243e-09,-2.00902e-09,0.0002
-0.613867,-0.282079,1.38891,-0.613978,-0.281774,1.38829,-0.0146672,0.0727214,-0.0970941,9.69244,0.0002,-3.69445e-15,2.74439e-09,-3.69445e-15,0.0002,8.03364e-11,2.74439e-09,8.03364e-11,0.0002
-0.613887,-0.281993,1.38885,-0.613923,-0.281713,1.38832,-0.0146869,0.0728068,-0.097147,9.7707,0.0002,-1.12959e-15,-2.24927e-10,-1.12959e-15,0.0002,-1.31455e-09,-2.24927e-10,-1.31455e-09,0.0002
-0.613863,-0.281913,1.38872,-0.613767,-0.281592,1.38821,-0.014663,0.0728871,-0.0972757,9.84265,0.0002,-8.74323e-16,-1.43953e-10,-8.74323e-16,0.0002,-8.4131e-10,-1.43953e-10,-8.4131e-10,0.0002
-0.613896,-0.281895,1.38867,-0.614026,-0.281826,1.38845,-0.0146956,0.0729045,-0.0973307,9.7673,0.0002,-6.21575e-16,-9.21299e-11,-6.21575e-16,0.0002,-5.38439e-10,-9.21299e-11,-5.38439e-10,0.0002
-0.613919,-0.28187,1.38853,-0.613953,-0.281725,1.38828,-0.0147195,0.0729301,-0.0974728,9.78589,0.0002,-2.04992e-14,1.30622e-09,-2.04992e-14,0.0002,-2.32647e-09,1.30622e-09,-2.32647e-09,0.0002
-0.613911,-0.281796,1.38846,-0.613875,-0.281502,1.38817,-0.0147105,0.0730036,-0.0975443,9.79711,0.0002,-1.15636e-14,8.35979e-10,-1.15636e-14,0.0002,-1.48894e-09,8.35979e-10,-1.48894e-09,0.0002
-0.613859,-0.281793,1.38844,-0.613755,-0.28176,1.3884,-0.0146585,0.073007,-0.097556,9.73047,0.0002,1.46841e-14,1.15217e-09,1.46841e-14,0.0002,2.39405e-09,1.15217e-09,2.39405e-09,0.0002
-0.613885,-0.281803,1.38836,-0.613931,-0.281802,1.38836,-0.0146854,0.0729967,-0.0976353,9.8041,0.0002,-5.63661e-15,2.10212e-09,-5.63661e-15,0.0002,-4.49991e-10,2.10212e-09,-4.49991e-10,0.0002
-0.613874,-0.281774,1.38835,-0.613829,-0.281656,1.38829,-0.0146742,0.0730262,-0.0976511,9.77665,0.0002,-3.12311e-15,1.34536e-09,-3.12311e-15,0.0002,-2.87995e-10,1.34536e-09,-2.87995e-10,0.0002
-0.613869,-0.282019,1.38885,-0.613847,-0.283,1.39084,-0.0146687,0.072781,-0.0971533,10.0445,0.0002,-1.80041e-15,8.61029e-10,-1.80041e-15,0.0002,-1.84317e-10,8.61029e-10,-1.84317e-10,0.0002
-0.613897,-0.281979,1.38877,-0.614008,-0.281818,1.38847,-0.0146965,0.0728212,-0.0972292,9.85832,0.0002,-1.07101e-15,5.51059e-10,-1.07101e-15,0.0002,-1.17963e-10,5.51059e-10,-1.17963e-10,0.0002
-0.6139,-0.281918,1.38867,-0.613915,-0.281674,1.38828,-0.0147003,0.0728822,-0.0973267,9.74867,0.0002,-6.52163e-16,3.52678e-10,-6.52163e-16,0.0002,-7.5496e-11,3.52678e-10,-7.5496e-11,0.0002
-0.613892,-0.282108,1.38907,-0.613861,-0.282869,1.39067,-0.0146924,0.072692,-0.0969275,10.2036,0.0002,-4.03752e-16,2.25714e-10,-4.03752e-16,0.0002,-4.83175e-11,2.25714e-10,-4.83175e-11,0.0002
-0.613876,-0.28204,1.38892,-0.613812,-0.281766,1.38831,-0.0146763,0.0727605,-0.0970795,9.68746,0.0002,-2.52818e-16,1.44457e-10,-2.52818e-16,0.0002,-3.09232e-11,1.44457e-10,-3.09232e-11,0.0002
-0.613904,-0.28203,1.38882,-0.614017,-0.281989,1.38842,-0.0147043,0.0727705,-0.0971793,9.69482,0.0002,-1.59516e-16,9.24523e-11,-1.59516e-16,0.0002,-1.97908e-11,9.24523e-11,-1.97908e-11,0.0002
-0.613941,-0.282068,1.38882,-0.613965,-0.282138,1.3888,-0.0147412,0.0727317,-0.0971836,9.64356,0.0002,-7.29019e-14,2.79044e-09,-7.29019e-14,0.0002,-3.97578e-09,2.79044e-09,-3.97578e-09,0.0002
-0.613962,-0.282013,1.38874,-0.614048,-0.281791,1.38843,-0.0147625,0.0727873,-0.0972617,9.7875,0.0002,-4.0977e-14,1.78588e-09,-4.0977e-14,0.0002,-2.5445e-09,1.78588e-09,-2.5445e-09,0.0002
-0.613941,-0.282182,1.38911,-0.613857,-0.282857,1.39059,-0.0147413,0.0726184,-0.096891,10.2053,0.0002,-2.38987e-14,1.14297e-09,-2.38987e-14,0.0002,-1.62848e-09,1.14297e-09,-1.62848e-09,0.0002
-0.613955,-0.282061,1.38892,-0.614008,-0.281578,1.38817,-0.0147546,0.0727391,-0.0970791,9.845,0.0002,-1.43422e-14,7.31498e-10,-1.43422e-14,0.0002,-1.04223e-09,7.31498e-10,-1.04223e-09,0.0002
-0.613965,-0.281974,1.38883,-0.614006,-0.281627,1.38849,-0.0147648,0.0728259,-0.0971661,9.82832,0.0002,-8.78864e-15,4.68159e-10,-8.78864e-15,0.0002,-6.67026e-10,4.68159e-10,-6.67026e-10,0.0002
-0.613952,-0.281931,1.38877,-0.6139,-0.281756,1.38849,-0.0147518,0.0728694,-0.097234,9.78508,0.0002,-5.46484e-15,2.99622e-10,-5.46484e-15,0.0002,-4.26897e-10,2.99622e-10,-4.26897e-10,0.0002
-0.613931,-0.282002,1.38877,-0.613846,-0.28229,1.3888,-0.0147306,0.0727976,-0.0972271,9.66549,0.0002,-3.43201e-15,1.91758e-10,-3.43201e-15,0.0002,-2.73214e-10,1.91758e-10,-2.73214e-10,0.0002
-0.613933,-0.281936,1.38867,-0.613945,-0.281671,1.38826,-0.0147334,0.072864,-0.09733,9.70389,0.0002,-2.16966e-15,1.22725e-10,-2.16966e-15,0.0002,-1.74857e-10,1.22725e-10,-1.74857e-10,0.0002
-0.613923,-0.281941,1.38858,-0.613819,-0.281919,1.38854,-0.0147229,0.0728588,-0.0974193,9.69666,0.0002,-2.11573e-14,1.44372e-09,-2.11573e-14,0.0002,-2.09378e-09,1.44372e-09,-2.09378e-09,0.0002
-0.61392,-0.281857,1.38853,-0.613969,-0.281563,1.38801,-0.0147197,0.072943,-0.0974702,9.77214,0.0002,-5.72629e-15,-4.41335e-10,-5.72629e-15,0.0002,6.41758e-10,-4.41335e-10,6.41758e-10,0.0002
-0.613934,-0.281867,1.38854,-0.613869,-0.281822,1.38856,-0.0147343,0.0729331,-0.0974645,9.68689,0.0002,-5.98327e-14,2.44767e-09,-5.98327e-14,0.0002,-3.55319e-09,2.44767e-09,-3.55319e-09,0.0002
-0.613957,-0.281872,1.38853,-0.614049,-0.28189,1.3885,-0.0147572,0.0729284,-0.0974722,9.66188,0.0002,-3.384e-14,1.56651e-09,-3.384e-14,0.0002,-2.27404e-09,1.56651e-09,-2.27404e-09,0.0002
-0.613968,-0.281844,1.38841,-0.614055,-0.281673,1.38827,-0.0147682,0.0729558,-0.0975875,9.83558,0.0002,-1.20306e-14,2.98463e-09,-1.20306e-14,0.0002,-9.04862e-11,2.98463e-09,-9.04862e-11,0.0002
-0.613986,-0.281804,1.38839,-0.614055,-0.281644,1.38828,-0.0147856,0.0729958,-0.0976149,9.69555,0.0002,-7.5613e-15,1.91016e-09,-7.5613e-15,0.0002,-5.79112e-11,1.91016e-09,-5.79112e-11,0.0002
-0.613978,-0.281761,1.38837,-0.613945,-0.281587,1.38831,-0.0147775,0.0730393,-0.0976299,9.72403,0.0002,-4.78259e-15,1.2225e-09,-4.78259e-15,0.0002,-3.70631e-11,1.2225e-09,-3.70631e-11,0.0002
-0.613992,-0.281704,1.3883,-0.614049,-0.281477,1.38803,-0.0147918,0.073096,-0.0976977,9.82993,0.0002,-3.03766e-15,7.82403e-10,-3.03766e-15,0.0002,-2.37204e-11,7.82403e-10,-2.37204e-11,0.0002
-0.613988,-0.281908,1.38875,-0.613975,-0.282724,1.39054,-0.0146884,0.072892,-0.0972508,10.0819,0.0002,-1.9346e-15,5.00738e-10,-1.9346e-15,0.0002,-1.51811e-11,5.00738e-10,-1.51811e-11,0.0002
-0.613985,-0.282108,1.3891,-0.613973,-0.282909,1.39053,-0.0146854,0.0726919,-0.0968952,10.1559,0.0002,-1.23425e-15,3.20472e-10,-1.23425e-15,0.0002,-9.71588e-12,3.20472e-10,-9.71588e-12,0.0002
-0.613985,-0.282071,1.38896,-0.613919,-0.28188,1.38872,-0.0146846,0.072729,-0.0970363,9.64011,0.0002,-2.12723e-14,1.57114e-09,-2.12723e-14,0.0002,-1.9875e-09,1.57114e-09,-1.9875e-09,0.0002
-0.613975,-0.282029,1.38887,-0.613936,-0.281863,1.38848,-0.0146748,0.0727706,-0.0971336,9.7787,0.0002,-1.20155e-14,1.00553e-09,-1.20155e-14,0.0002,-1.272e-09,1.00553e-09,-1.272e-09,0.0002
-0.613979,-0.281938,1.38873,-0.613998,-0.281572,1.38819,-0.0146795,0.0728622,-0.097269,9.76065,0.0002,-7.03505e-15,6.43541e-10,-7.03505e-15,0.0002,-8.14079e-10,6.43541e-10,-8.14079e-10,0.0002
-0.61398,-0.281926,1.38867,-0.61398,-0.281878,1.38843,-0.0146796,0.0728741,-0.0973288,9.74826,0.0002,-4.2342e-15,4.11866e-10,-4.2342e-15,0.0002,-5.2101e-10,4.11866e-10,-5.2101e-10,0.0002
-0.613971,-0.281919,1.38866,-0.613938,-0.281891,1.38862,-0.0146713,0.072881,-0.0973396,9.81244,0.0002,-2.60002e-15,2.63594e-10,-2.60002e-15,0.0002,-3.33447e-10,2.63594e-10,-3.33447e-10,0.0002
-0.61398,-0.281859,1.38858,-0.614013,-0.281617,1.38826,-0.0146796,0.0729414,-0.0974192,9.74471,0.0002,-1.61901e-15,1.687e-10,-1.61901e-15,0.0002,-2.13406e-10,1.687e-10,-2.13406e-10,0.0002
-0.614011,-0.281909,1.38887,-0.614075,-0.282068,1.38973,-0.014711,0.072991,-0.0971251,10.1695,0.0002,-2.14022e-14,1.47329e-09,-2.14022e-14,0.0002,-2.11836e-09,1.47329e-09,-2.11836e-09,0.0002
-0.613987,-0.281946,1.38887,-0.613893,-0.282093,1.38883,-0.0146873,0.0728541,-0.0971347,9.6814,0.0002,-1.20995e-14,9.42904e-10,-1.20995e-14,0.0002,-1.35575e-09,9.42904e-10,-1.35575e-09,0.0002
-0.613968,-0.282033,1.38885,-0.613892,-0.282382,1.38879,-0.0146682,0.0727669,-0.0971502,9.69921,0.0002,-7.08915e-15,6.03458e-10,-7.08915e-15,0.0002,-8.67679e-10,6.03458e-10,-8.67679e-10,0.0002
-0.614003,-0.281967,1.38864,-0.614083,-0.281659,1.38814,-0.0147034,0.0728333,-0.0973551,9.71902,0.0002,-3.20258e-14,1.75175e-09,-3.20258e-14,0.0002,-2.53694e-09,1.75175e-09,-2.53694e-09,0.0002
-0.613999,-0.281894,1.38854,-0.613983,-0.281604,1.38814,-0.0146993,0.0730059,-0.097457,9.71109,0.0002,-1.82212e-14,1.12112e-09,-1.82212e-14,0.0002,-1.62364e-09,1.12112e-09,-1.62364e-09,0.0002
-0.613961,-0.282088,1.38873,-0.613809,-0.282864,1.38946,-0.0146613,0.0728118,-0.0972733,9.53508,0.0002,-1.07296e-14,7.17517e-10,-1.07296e-14,0.0002,-1.03913e-09,7.17517e-10,-1.03913e-09,0.0002
-0.613954,-0.281998,1.38863,-0.613925,-0.281639,1.38825,-0.014654,0.0729016,-0.0973688,9.83655,0.0002,-6.48517e-15,4.59211e-10,-6.48517e-15,0.0002,-6.65044e-10,4.59211e-10,-6.65044e-10,0.0002
-0.613955,-0.281999,1.38863,-0.613959,-0.281999,1.38861,-0.014655,0.0729015,-0.0973736,9.7624,0.0002,-3.99415e-15,2.93895e-10,-3.99415e-15,0.0002,-4.25628e-10,2.93895e-10,-4.25628e-10,0.0002
-0.613963,-0.28199,1.38861,-0.613994,-0.281958,1.38855,-0.0146629,0.0729096,-0.0973896,9.79463,0.0002,-2.49221e-15,1.88093e-10,-2.49221e-15,0.0002,-2.72402e-10,1.88093e-10,-2.72402e-10,0.0002
-0.613942,-0.281952,1.38856,-0.613858,-0.281799,1.38837,-0.0146418,0.0729479,-0.0974383,9.68247,0.0002,-1.56878e-15,1.20379e-10,-1.56878e-15,0.0002,-1.74337e-10,1.20379e-10,-1.74337e-10,0.0002
-0.613946,-0.28193,1.38848,-0.613964,-0.281841,1.38814,-0.0146463,0.0729701,-0.0975218,9.82428,0.0002,-9.93274e-16,7.70428e-11,-9.93274e-16,0.0002,-1.11576e-10,7.70428e-11,-1.11576e-10,0.0002
-0.613909,-0.281956,1.38851,-0.613759,-0.282059,1.38865,-0.0146089,0.0729442,-0.0974876,9.67459,0.0002,-6.31294e-16,4.93074e-11,-6.31294e-16,0.0002,-7.14086e-11,4.93074e-11,-7.14086e-11,0.0002
-0.613905,-0.281984,1.38853,-0.613892,-0.282097,1.38862,-0.0146054,0.072916,-0.0974657,9.68401,0.0002,-4.02225e-16,3.15567e-11,-4.02225e-16,0.0002,-4.57015e-11,3.15567e-11,-4.57015e-11,0.0002
-0.61392,-0.28193,1.38847,-0.613978,-0.281716,1.38822,-0.0146199,0.0729697,-0.0975294,9.84115,0.0002,-2.56686e-16,2.01963e-11,-2.56686e-16,0.0002,-2.9249e-11,2.01963e-11,-2.9249e-11,0.0002
-0.613916,-0.281954,1.38846,-0.613902,-0.28205,1.38843,-0.0146164,0.0729457,-0.0975373,9.81368,0.0002,-1.63977e-16,1.29256e-11,-1.63977e-16,0.0002,-1.87193e-11,1.29256e-11,-1.87193e-11,0.0002
-0.613927,-0.281985,1.38848,-0.613968,-0.282109,1.38856,-0.0146267,0.0729147,-0.0975183,9.72045,0.0002,-1.04821e-16,8.27241e-12,-1.04821e-16,0.0002,-1.19804e-11,8.27241e-12,-1.19804e-11,0.0002
-0.613944,-0.281983,1.38842,-0.613972,-0.282034,1.38848,-0.0146443,0.0729174,-0.0975826,9.65506,0.0002,1.77383e-14,-1.97684e-09,1.77383e-14,0.0002,-1.37248e-09,-1.97684e-09,-1.37248e-09,0.0002
-0.613928,-0.281998,1.3885,-0.613906,-0.281997,1.3885,-0.014628,0.0729021,-0.0975027,9.7323,0.0002,4.95953e-15,7.16826e-10,4.95953e-15,0.0002,4.86611e-10,7.16826e-10,4.86611e-10,0.0002
-0.613925,-0.282064,1.38864,-0.613853,-0.282285,1.38888,-0.0146254,0.0728362,-0.0973622,9.76599,0.0002,-1.79367e-14,1.82392e-09,-1.79367e-14,0.0002,-1.67046e-09,1.82392e-09,-1.67046e-09,0.0002
-0.613939,-0.282053,1.38847,-0.613993,-0.282008,1.38843,-0.014639,0.0728474,-0.0975312,9.80976,0.0002,-9.91951e-15,1.16731e-09,-9.91951e-15,0.0002,-1.0691e-09,1.16731e-09,-1.0691e-09,0.0002
-0.613936,-0.281991,1.38838,-0.613985,-0.281788,1.38835,-0.0146358,0.0729088,-0.0976186,9.78622,0.0002,-7.61638e-15,-6.17704e-10,-7.61638e-15,0.0002,1.29793e-09,-6.17704e-10,1.29793e-09,0.0002
-0.613975,-0.281975,1.38847,-0.614068,-0.281866,1.38853,-0.0146745,0.0729252,-0.0975257,9.76729,0.0002,-9.63509e-15,9.69593e-10,-9.63509e-15,0.0002,-1.15138e-09,9.69593e-10,-1.15138e-09,0.0002
-0.613999,-0.281924,1.38837,-0.614034,-0.28168,1.38828,-0.0146987,0.0729756,-0.0976285,9.78905,0.0002,-3.80195e-14,1.98533e-09,-3.80195e-14,0.0002,-2.71902e-09,1.98533e-09,-2.71902e-09,0.0002
-0.613992,-0.281892,1.38836,-0.613963,-0.281764,1.38833,-0.0146916,0.0730076,-0.0976375,9.80081,0.0002,-2.15686e-14,1.27061e-09,-2.15686e-14,0.0002,-1.74017e-09,1.27061e-09,-1.74017e-09,0.0002
-0.614006,-0.28187,1.38833,-0.614065,-0.281781,1.3882,-0.0147063,0.0730299,-0.0976696,9.76623,0.0002,-1.26718e-14,8.13192e-10,-1.26718e-14,0.0002,-1.11371e-09,8.13192e-10,-1.11371e-09,0.0002
-0.61399,-0.28182,1.3883,-0.613925,-0.281619,1.38816,-0.0146901,0.07308,-0.0977046,9.81041,0.0002,-7.64629e-15,5.20443e-10,-7.64629e-15,0.0002,-7.12775e-10,5.20443e-10,-7.12775e-10,0.0002
-0.614,-0.281863,1.38832,-0.614038,-0.282037,1.38842,-0.0146996,0.0730367,-0.0976802,9.61725,0.0002,-4.70369e-15,3.33084e-10,-4.70369e-15,0.0002,-4.56176e-10,3.33084e-10,-4.56176e-10,0.0002
-0.613986,-0.281841,1.38832,-0.613932,-0.281752,1.38834,-0.014686,0.073059,-0.0976765,9.77034,0.0002,-2.93257e-15,2.13173e-10,-2.93257e-15,0.0002,-2.91953e-10,2.13173e-10,-2.91953e-10,0.0002
-0.614008,-0.281813,1.38828,-0.614096,-0.281699,1.38811,-0.0147081,0.0730873,-0.0977201,9.70815,0.0002,-1.84498e-15,1.36431e-10,-1.84498e-15,0.0002,-1.8685e-10,1.36431e-10,-1.8685e-10,0.0002
-0.613988,-0.282011,1.38874,-0.613906,-0.282806,1.39058,-0.0146876,0.0728886,-0.0972597,10.2924,0.0002,-1.16773e-15,8.73159e-11,-1.16773e-15,0.0002,-1.19584e-10,8.73159e-11,-1.19584e-10,0.0002
-0.614002,-0.281949,1.38865,-0.614062,-0.281697,1.38829,-0.0147024,0.0729515,-0.0973495,9.77657,0.0002,-7.42004e-16,5.58821e-11,-7.42004e-16,0.0002,-7.65336e-11,5.58821e-11,-7.65336e-11,0.0002
-0.613981,-0.282161,1.38908,-0.613898,-0.28301,1.3908,-0.0146815,0.0727392,-0.0969198,10.1698,0.0002,-4.72693e-16,3.57646e-11,-4.72693e-16,0.0002,-4.89815e-11,3.57646e-11,-4.89815e-11,0.0002
-0.613995,-0.2821,1.38892,-0.614048,-0.281856,1.38828,-0.0146947,0.0728003,-0.0970793,9.80683,0.0002,-3.01626e-16,2.28893e-11,-3.01626e-16,0.0002,-3.13482e-11,2.28893e-11,-3.13482e-11,0.0002
-0.613972,-0.282091,1.38888,-0.61388,-0.282055,1.38871,-0.0146719,0.0728092,-0.0971218,9.72206,0.0002,-1.92673e-16,1.46492e-11,-1.92673e-16,0.0002,-2.00628e-11,1.46492e-11,-2.00628e-11,0.0002
-0.61397,-0.282052,1.38877,-0.613857,-0.281918,1.38836,-0.0146697,0.0728476,-0.0972255,9.86914,0.0002,1.3248e-14,-6.06354e-10,1.3248e-14,0.0002,-3.36007e-09,-6.06354e-10,-3.36007e-09,0.0002
-0.613965,-0.282084,1.38876,-0.613944,-0.282209,1.38872,-0.0146646,0.0728162,-0.0972362,9.81289,0.0002,7.43558e-15,-3.88066e-10,7.43558e-15,0.0002,-2.15045e-09,-3.88066e-10,-2.15045e-09,0.0002
-0.613977,-0.282034,1.38861,-0.614069,-0.281775,1.38833,-0.014577,0.0728655,-0.0973873,9.8333,0.0002,1.96412e-15,1.73338e-09,1.96412e-15,0.0002,-1.09184e-11,1.73338e-09,-1.09184e-11,0.0002
-0.613963,-0.282026,1.38859,-0.613905,-0.281992,1.38848,-0.0145626,0.0728741,-0.0974131,9.8162,0.0002,1.26673e-15,1.10936e-09,1.26673e-15,0.0002,-6.98779e-12,1.10936e-09,-6.98779e-12,0.0002
-0.613969,-0.281974,1.38851,-0.613995,-0.281769,1.38823,-0.0145692,0.0729255,-0.0974851,9.80103,0.0002,8.14675e-16,7.09993e-10,8.14675e-16,0.0002,-4.47219e-12,7.09993e-10,-4.47219e-12,0.0002
-0.613996,-0.281922,1.38844,-0.614101,-0.281712,1.38815,-0.0145955,0.0729779,-0.0975584,9.88205,0.0002,5.23018e-16,4.54396e-10,5.23018e-16,0.0002,-2.8622e-12,4.54396e-10,-2.8622e-12,0.0002
-0.614011,-0.281967,1.38856,-0.614009,-0.282105,1.38869,-0.0146106,0.0729329,-0.0974443,9.81885,0.0002,-2.12182e-14,1.65586e-09,-2.12182e-14,0.0002,-1.9838e-09,1.65586e-09,-1.9838e-09,0.0002
-0.613984,-0.281939,1.38843,-0.613938,-0.281871,1.38825,-0.0145837,0.0729606,-0.0975696,9.91308,0.0002,-4.49487e-15,-3.05206e-10,-4.49487e-15,0.0002,7.12397e-10,-3.05206e-10,7.12397e-10,0.0002
-0.613983,-0.282,1.38854,-0.613916,-0.2822,1.38867,-0.0145825,0.0729001,-0.0974588,9.72104,0.0002,-1.3895e-14,1.16969e-09,-1.3895e-14,0.0002,-1.52605e-09,1.16969e-09,-1.52605e-09,0.0002
-0.613995,-0.282001,1.38848,-0.614045,-0.282003,1.38824,-0.0145951,0.0728995,-0.0975181,9.83498,0.0002,-7.97889e-15,7.48601e-10,-7.97889e-15,0.0002,-9.76671e-10,7.48601e-10,-9.76671e-10,0.0002
-0.613989,-0.281987,1.38849,-0.613963,-0.281934,1.38852,-0.0145887,0.0729128,-0.0975102,9.82054,0.0002,-4.73215e-15,4.79104e-10,-4.73215e-15,0.0002,-6.2507e-10,4.79104e-10,-6.2507e-10,0.0002
-0.61399,-0.281972,1.38848,-0.613995,-0.281912,1.38844,-0.0145899,0.0729278,-0.0975193,9.84034,0.0002,-2.87525e-15,3.06627e-10,-2.87525e-15,0.0002,-4.00045e-10,3.06627e-10,-4.00045e-10,0.0002
-0.614015,-0.281898,1.38841,-0.614114,-0.281603,1.3881,-0.0146147,0.0730016,-0.0975946,9.86041,0.0002,-1.77735e-15,1.96241e-10,-1.77735e-15,0.0002,-2.56029e-10,1.96241e-10,-2.56029e-10,0.0002
-0.614002,-0.281871,1.38837,-0.613949,-0.281764,1.38821,-0.0146016,0.0730286,-0.0976335,9.86146,0.0002,-1.11178e-15,1.25594e-10,-1.11178e-15,0.0002,-1.63858e-10,1.25594e-10,-1.63858e-10,0.0002
-0.613996,-0.281907,1.38842,-0.613974,-0.28205,1.38864,-0.014596,0.0729928,-0.0975781,9.68923,0.0002,-7.01003e-16,8.03804e-11,-7.01003e-16,0.0002,-1.04869e-10,8.03804e-11,-1.04869e-10,0.0002
-0.613987,-0.281905,1.38838,-0.613907,-0.281958,1.38851,-0.0145868,0.072995,-0.097623,9.76754,0.0002,1.77203e-14,-1.93077e-09,1.77203e-14,0.0002,-1.43181e-09,-1.93077e-09,-1.43181e-09,0.0002
-0.614011,-0.281903,1.38833,-0.614043,-0.281853,1.38844,-0.0146105,0.0729969,-0.0976745,9.91579,0.0002,4.24845e-17,1.28909e-10,4.24845e-17,0.0002,-2.89863e-09,1.28909e-10,-2.89863e-09,0.0002
-0.614014,-0.281863,1.38831,-0.614029,-0.281701,1.38826,-0.0146143,0.0730373,-0.0976868,9.91841,0.0002,2.18503e-16,8.25015e-11,2.18503e-16,0.0002,-1.85512e-09,8.25015e-11,-1.85512e-09,0.0002
-0.61401,-0.281892,1.38838,-0.613932,-0.281968,1.38835,-0.0146102,0.0730077,-0.0976162,9.8571,0.0002,-2.88553e-14,1.41759e-09,-2.88553e-14,0.0002,-3.16942e-09,1.41759e-09,-3.16942e-09,0.0002
-0.61402,-0.281907,1.38841,-0.614059,-0.281968,1.38853,-0.01462,0.0729926,-0.0975876,9.81885,0.0002,-1.6167e-14,9.07257e-10,-1.6167e-14,0.0002,-2.02843e-09,9.07257e-10,-2.02843e-09,0.0002
-0.614034,-0.281948,1.38843,-0.614092,-0.28211,1.38852,-0.0146344,0.072952,-0.0975669,9.76855,0.0002,-9.40465e-15,5.80645e-10,-9.40465e-15,0.0002,-1.29819e-09,5.80645e-10,-1.29819e-09,0.0002
-0.614031,-0.281941,1.38841,-0.614018,-0.281913,1.3883,-0.0146312,0.0729589,-0.0975926,9.76267,0.0002,-5.63303e-15,3.71613e-10,-5.63303e-15,0.0002,-8.30845e-10,3.71613e-10,-8.30845e-10,0.0002
-0.614001,-0.281975,1.38835,-0.613923,-0.282049,1.38844,-0.014601,0.072925,-0.09765,9.66672,0.0002,9.51781e-15,2.22006e-09,9.51781e-15,0.0002,8.3292e-10,2.22006e-09,8.3292e-10,0.0002
-0.614014,-0.281975,1.38844,-0.614024,-0.282037,1.38847,-0.0146142,0.0729249,-0.0975621,9.81751,0.0002,3.23784e-15,-5.61252e-10,3.23784e-15,0.0002,-8.31793e-10,-5.61252e-10,-8.31793e-10,0.0002
-0.614012,-0.281942,1.38844,-0.614005,-0.281811,1.38843,-0.0146124,0.0729578,-0.0975631,9.87102,0.0002,1.83319e-15,-3.59202e-10,1.83319e-15,0.0002,-5.32347e-10,-3.59202e-10,-5.32347e-10,0.0002
-0.614001,-0.281953,1.38837,-0.613996,-0.281935,1.38842,-0.0146005,0.0729469,-0.0976299,9.76785,0.0002,1.2337e-14,1.7523e-09,1.2337e-14,0.0002,1.02402e-09,1.7523e-09,1.02402e-09,0.0002
-0.613991,-0.281964,1.38841,-0.613953,-0.282006,1.38859,-0.0145911,0.0729362,-0.0975852,9.805,0.0002,6.97696e-15,1.12147e-09,6.97696e-15,0.0002,6.55371e-10,1.12147e-09,6.55371e-10,0.0002
-0.614018,-0.281937,1.38843,-0.614085,-0.281894,1.38819,-0.0146184,0.0729626,-0.097566,9.71949,0.0002,9.95829e-15,-1.26426e-09,9.95829e-15,0.0002,-9.45553e-10,-1.26426e-09,-9.45553e-10,0.0002
-0.614022,-0.281935,1.38844,-0.614034,-0.281925,1.38849,-0.0146216,0.0729651,-0.0975557,9.93477,0.0002,5.76125e-15,-8.09127e-10,5.76125e-15,0.0002,-6.05154e-10,-8.09127e-10,-6.05154e-10,0.0002
-0.614031,-0.281914,1.38841,-0.614068,-0.281829,1.38827,-0.0146308,0.0729864,-0.097591,9.88971,0.0002,3.4365e-15,-5.17842e-10,3.4365e-15,0.0002,-3.87298e-10,-5.17842e-10,-3.87298e-10,0.0002
-0.614052,-0.281904,1.38836,-0.614076,-0.281825,1.38847,-0.0146522,0.0729956,-0.0976414,9.87991,0.0002,-1.3564e-14,1.03324e-09,-1.3564e-14,0.0002,-2.2301e-09,1.03324e-09,-2.2301e-09,0.0002
-0.614074,-0.281827,1.38825,-0.614159,-0.281516,1.38782,-0.0146735,0.0730732,-0.0977484,9.91912,0.0002,-7.50119e-15,6.61277e-10,-7.50119e-15,0.0002,-1.42726e-09,6.61277e-10,-1.42726e-09,0.0002
-0.614057,-0.281765,1.38823,-0.61399,-0.28152,1.38814,-0.0146568,0.0731345,-0.0977706,9.91374,0.0002,-4.31753e-15,4.23217e-10,-4.31753e-15,0.0002,-9.13449e-10,4.23217e-10,-9.13449e-10,0.0002
-0.614053,-0.281717,1.38818,-0.614038,-0.281521,1.38797,-0.014653,0.0731834,-0.097823,9.87971,0.0002,-2.56528e-15,2.70859e-10,-2.56528e-15,0.0002,-5.84607e-10,2.70859e-10,-5.84607e-10,0.0002
-0.614051,-0.281717,1.3882,-0.614043,-0.281719,1.38827,-0.014651,0.073183,-0.0978047,9.80374,0.0002,-1.56071e-15,1.7335e-10,-1.56071e-15,0.0002,-3.74149e-10,1.7335e-10,-3.74149e-10,0.0002
-0.614055,-0.281781,1.38826,-0.614069,-0.282036,1.38851,-0.0146546,0.0731192,-0.0977418,9.78757,0.0002,-9.65646e-16,1.10944e-10,-9.65646e-16,0.0002,-2.39455e-10,1.10944e-10,-2.39455e-10,0.0002
-0.614076,-0.281782,1.38818,-0.61416,-0.281785,1.38786,-0.0146756,0.0731184,-0.0978218,9.92774,0.0002,-6.04412e-16,7.10041e-11,-6.04412e-16,0.0002,-1.53251e-10,7.10041e-11,-1.53251e-10,0.0002
