EKF_x,EKF_y,EKF_theta,PM_x,PM_y,PM_theta,errorEKF_x,errorEKF_y,errorEKF_theta,errorPM,EKFCovXX,EKFCovXY,EKFCovXTheta,EKFCovYX,EKFCovYY,EKFCovYTheta,EKFCovThetaX,EKFCovThetaY,EKFCovThetaTheta
-0.672673,-0.312949,1.61682,-0.672673,-0.312949,1.61682,0.00175849,0.00848576,0.0232021,0.918105,0.000999999,-2.29378e-23,-5.3154e-14,-1.82599e-23,0.000999999,-1.19969e-15,-5.31571e-14,-1.19959e-15,0.000999999
-0.672509,-0.313452,1.61759,-0.672353,-0.313932,1.61833,0.00192248,0.00798231,0.0239751,0.960135,0.000512195,-5.46553e-24,-1.26482e-14,-4.35241e-24,0.000512195,-2.85471e-16,-1.26489e-14,-2.85447e-16,0.000512195
-0.672429,-0.313675,1.61795,-0.672287,-0.314071,1.61857,0.00222858,0.00813663,0.020167,0.964277,0.000359875,-2.2405e-24,-5.18272e-15,-1.78439e-24,0.000359875,-1.16975e-16,-5.18303e-15,-1.16965e-16,0.000359875
-0.670712,-0.31456,1.61591,-0.666522,-0.31672,1.61093,0.00394573,0.00725125,0.0181264,0.58226,0.000290717,-1.12737e-24,-2.60733e-15,-8.97912e-25,0.000290717,-5.88479e-17,-2.60749e-15,-5.88429e-17,0.000290717
-0.669668,-0.31512,1.61468,-0.666603,-0.316764,1.61109,0.00499055,0.00673658,0.016522,0.588971,0.000254131,-6.27245e-25,-1.45052e-15,-4.99591e-25,0.000254131,-3.27383e-17,-1.4506e-15,-3.27356e-17,0.000254131
-0.668951,-0.315512,1.61387,-0.666592,-0.3168,1.61118,0.00570776,0.00634474,0.0157054,0.588971,0.000233206,-3.68825e-25,-8.52865e-16,-2.93768e-25,0.000233206,-1.92493e-17,-8.52915e-16,-1.92476e-17,0.000233206
-0.668419,-0.315802,1.61329,-0.666542,-0.316827,1.61126,0.00623942,0.00605443,0.0151299,0.588971,0.000220702,-2.23997e-25,-5.1795e-16,-1.78415e-25,0.000220702,-1.16902e-17,-5.1798e-16,-1.16892e-17,0.000220702
-0.668002,-0.316025,1.61287,-0.666464,-0.316849,1.6113,0.00667986,0.00581551,0.0147055,0.588971,0.000213033,-1.38728e-25,-3.20775e-16,-1.10498e-25,0.000213033,-7.23994e-18,-3.20794e-16,-7.23932e-18,0.000213033
-0.66767,-0.3162,1.61255,-0.666409,-0.316863,1.61133,0.00701178,0.00564102,0.0143857,0.588971,0.000208255,-8.69643e-26,-2.01081e-16,-6.9268e-26,0.000208255,-4.53843e-18,-2.01093e-16,-4.53804e-18,0.000208255
-0.668078,-0.315862,1.61379,-0.669655,-0.314553,1.61862,0.00639294,0.00567826,0.0190829,0.680036,0.000205249,-5.49297e-26,-1.27009e-16,-4.37522e-26,0.000205249,-2.8666e-18,-1.27016e-16,-2.86636e-18,0.000205249
-0.668408,-0.315609,1.61475,-0.6697,-0.314617,1.61852,0.006063,0.00593128,0.020045,0.653863,0.000203345,-3.48618e-26,-8.06072e-17,-2.77679e-26,0.000203345,-1.81932e-18,-8.0612e-17,-1.81916e-18,0.000203345
-0.668678,-0.315412,1.61551,-0.669746,-0.314633,1.61849,0.00579253,0.00612843,0.0208007,0.660712,0.000202135,-2.21927e-26,-5.13136e-17,-1.76768e-26,0.000202135,-1.15816e-18,-5.13166e-17,-1.15806e-18,0.000202135
-0.668898,-0.315238,1.61613,-0.66977,-0.314552,1.6186,0.00575334,0.00643957,0.0193634,0.677645,0.000201364,-1.4155e-26,-3.27288e-17,-1.12746e-26,0.000201364,-7.38694e-19,-3.27307e-17,-7.38631e-19,0.000201364
-0.669082,-0.315099,1.61663,-0.669815,-0.314544,1.61858,0.00556912,0.00657911,0.0198552,0.677645,0.000200872,-9.03945e-27,-2.09008e-17,-7.20005e-27,0.000200872,-4.71734e-19,-2.0902e-17,-4.71694e-19,0.000200872
-0.66947,-0.315048,1.61679,-0.671014,-0.314846,1.61744,0.0052439,0.00673797,0.0187981,0.674142,0.000200558,-5.77719e-27,-1.33579e-17,-4.60162e-27,0.000200558,-3.01489e-19,-1.33586e-17,-3.01463e-19,0.000200558
-0.66978,-0.315016,1.6169,-0.671016,-0.314886,1.61733,0.00493412,0.00677053,0.0189073,0.661629,0.000200357,-3.6941e-27,-8.54141e-18,-2.94241e-27,0.000200357,-1.92781e-19,-8.54191e-18,-1.92764e-19,0.000200357
-0.670026,-0.31498,1.617,-0.67101,-0.31484,1.61742,0.00468768,0.00680565,0.0190125,0.667475,0.000200228,-2.36288e-27,-5.46338e-18,-1.88207e-27,0.000200228,-1.23309e-19,-5.4637e-18,-1.23299e-19,0.000200228
-0.670224,-0.314951,1.61708,-0.671017,-0.314833,1.61738,0.0043145,0.00653082,0.0224273,0.660808,0.000200146,-1.51169e-27,-3.49529e-18,-1.20408e-27,0.000200146,-7.88891e-20,-3.49549e-18,-7.88824e-20,0.000200146
-0.670381,-0.314941,1.6171,-0.671006,-0.314903,1.61719,0.00415801,0.00654043,0.0224506,0.641629,0.000200093,-9.67256e-28,-2.23646e-18,-7.70434e-28,0.000200093,-5.04772e-20,-2.23659e-18,-5.0473e-20,0.000200093
-0.670507,-0.314937,1.61711,-0.671013,-0.314918,1.61716,0.00403781,0.0064921,0.0227829,0.648296,0.00020006,-6.18951e-28,-1.43112e-18,-4.93004e-28,0.00020006,-3.23006e-20,-1.43121e-18,-3.22979e-20,0.00020006
-0.669941,-0.314665,1.6166,-0.667679,-0.313576,1.61453,0.00460364,0.00676418,0.0222653,0.566749,0.000200038,-3.96091e-28,-9.1583e-19,-3.15492e-28,0.000200038,-2.06704e-20,-9.15884e-19,-2.06687e-20,0.000200038
-0.669473,-0.314442,1.61617,-0.6676,-0.313552,1.61449,0.00507201,0.0069867,0.021844,0.565952,0.000200025,-2.53483e-28,-5.86095e-19,-2.01903e-28,0.000200025,-1.32283e-20,-5.8613e-19,-1.32271e-20,0.000200025
-0.669086,-0.314255,1.61582,-0.66754,-0.313509,1.6144,0.00567923,0.00744577,0.0180999,0.562432,0.000200016,-1.62223e-28,-3.75086e-19,-1.29213e-28,0.000200016,-8.46575e-21,-3.75108e-19,-8.46503e-21,0.000200016
-0.668768,-0.314098,1.61552,-0.667496,-0.313468,1.61433,0.00599732,0.00760321,0.0178012,0.562432,0.00020001,-1.0382e-28,-2.40049e-19,-8.26941e-29,0.00020001,-5.41794e-21,-2.40063e-19,-5.41748e-21,0.00020001
-0.668506,-0.313962,1.61527,-0.667459,-0.31342,1.61428,0.0062827,0.00776565,0.0173231,0.555675,0.000200006,-6.64436e-29,-1.53629e-19,-5.29234e-29,0.000200006,-3.46743e-21,-1.53638e-19,-3.46713e-21,0.000200006
-0.66906,-0.314323,1.61641,-0.671273,-0.315767,1.62094,0.00572928,0.00740462,0.0184556,1.11886,0.000200004,-4.25235e-29,-9.83215e-20,-3.38706e-29,0.000200004,-2.21913e-21,-9.83273e-20,-2.21894e-21,0.000200004
-0.669492,-0.314648,1.61736,-0.67122,-0.315948,1.62116,0.00499342,0.00673499,0.0237463,1.12544,0.000200003,-2.72148e-29,-6.29254e-20,-2.1677e-29,0.000200003,-1.42023e-21,-6.29291e-20,-1.42011e-21,0.000200003
-0.669831,-0.314924,1.61815,-0.671187,-0.316026,1.6213,0.00465442,0.0064594,0.0245361,1.13512,0.000200002,-1.74174e-29,-4.02721e-20,-1.38733e-29,0.000200002,-9.08946e-22,-4.02744e-20,-9.08869e-22,0.000200002
-0.6701,-0.315153,1.61879,-0.671177,-0.316071,1.62139,0.00438522,0.00623002,0.0251843,1.13512,0.000200001,-1.11471e-29,-2.57741e-20,-8.87886e-30,0.000200001,-5.81724e-22,-2.57756e-20,-5.81675e-22,0.000200001
-0.67031,-0.315343,1.61933,-0.671151,-0.316101,1.62146,0.00419175,0.00614068,0.025068,1.12854,0.000200001,-7.13415e-30,-1.64954e-20,-5.68246e-30,0.000200001,-3.72303e-22,-1.64963e-20,-3.72271e-22,0.000200001
-0.670474,-0.315504,1.61975,-0.671127,-0.316151,1.62146,0.00402837,0.0059791,0.0254942,1.12964,0.0002,-4.56585e-30,-1.0557e-20,-3.63677e-30,0.0002,-2.38273e-22,-1.05576e-20,-2.38253e-22,0.0002
-0.670037,-0.315029,1.62473,-0.668288,-0.313126,1.64461,0.0044278,0.00650618,0.0303753,0.463244,0.0002,-2.92214e-30,-6.75649e-21,-2.32753e-30,0.0002,-1.52495e-22,-6.75689e-21,-1.52482e-22,0.0002
-0.669667,-0.314767,1.62855,-0.668089,-0.313607,1.64539,0.00479724,0.00676796,0.034197,0.467732,0.0002,-7.55786e-14,3.58065e-09,-7.55786e-14,0.0002,-3.21639e-09,3.58065e-09,-3.21639e-09,0.0002
-0.669364,-0.314689,1.63141,-0.667964,-0.313938,1.64598,0.00510062,0.00684628,0.0370627,0.448259,0.0002,-8.74166e-13,1.62707e-08,-8.74166e-13,0.0002,-8.07903e-09,1.62707e-08,-8.07903e-09,0.0002
-0.669101,-0.314686,1.63359,-0.667868,-0.314236,1.64643,0.0057165,0.00714732,0.0356483,0.455016,0.0002,-1.92554e-12,2.4408e-08,-1.92554e-12,0.0002,-1.11547e-08,2.4408e-08,-1.11547e-08,0.0002
-0.668854,-0.314674,1.63572,-0.667765,-0.314515,1.64684,0.00596418,0.00715875,0.0377817,0.46853,0.0002,-1.66397e-12,1.92293e-08,-1.66397e-12,0.0002,-1.03244e-08,1.92293e-08,-1.03244e-08,0.0002
-0.669602,-0.314287,1.63302,-0.672593,-0.312739,1.62324,0.00508479,0.00757854,0.0349091,1.00273,0.0002,-9.63294e-13,1.23067e-08,-9.63294e-13,0.0002,-6.60764e-09,1.23067e-08,-6.60764e-09,0.0002
-0.670218,-0.313945,1.63101,-0.672681,-0.312578,1.62297,0.00446896,0.00792028,0.032899,1.01758,0.0002,-5.74873e-13,7.87632e-09,-5.74873e-13,0.0002,-4.22889e-09,7.87632e-09,-4.22889e-09,0.0002
-0.67073,-0.313642,1.62933,-0.672777,-0.312428,1.62262,0.003957,0.00822375,0.031221,0.984463,0.0002,-3.50865e-13,5.04084e-09,-3.50865e-13,0.0002,-2.70649e-09,5.04084e-09,-2.70649e-09,0.0002
-0.671141,-0.31338,1.62795,-0.672789,-0.312333,1.62241,0.00329827,0.00821108,0.033247,0.977841,0.0002,-2.17568e-13,3.22614e-09,-2.17568e-13,0.0002,-1.73215e-09,3.22614e-09,-1.73215e-09,0.0002
-0.671484,-0.313146,1.62679,-0.672854,-0.312208,1.62216,0.00295574,0.0084454,0.0320887,0.971218,0.0002,-1.36383e-13,2.06473e-09,-1.36383e-13,0.0002,-1.10858e-09,2.06473e-09,-1.10858e-09,0.0002
-0.671766,-0.312939,1.62584,-0.672896,-0.312115,1.62206,0.00284493,0.00893512,0.0280125,0.964322,0.0002,-8.61129e-14,1.32143e-09,-8.61129e-14,0.0002,-7.0949e-10,1.32143e-09,-7.0949e-10,0.0002
-0.671679,-0.313179,1.62546,-0.671329,-0.314135,1.62395,0.00293246,0.00869596,0.0276331,0.761899,0.0002,-5.46322e-14,8.45713e-10,-5.46322e-14,0.0002,-4.54073e-10,8.45713e-10,-4.54073e-10,0.0002
-0.671607,-0.313375,1.62517,-0.67132,-0.314163,1.62398,0.00300422,0.0084991,0.0273369,0.761899,0.0002,-3.4768e-14,5.41256e-10,-3.4768e-14,0.0002,-2.90607e-10,5.41256e-10,-2.90607e-10,0.0002
-0.671526,-0.313517,1.62504,-0.671303,-0.314196,1.62401,0.00309841,0.00837313,0.0269888,0.76861,0.0002,-8.60558e-14,-3.23733e-09,-8.60558e-14,0.0002,3.02696e-09,-3.23733e-09,3.02696e-09,0.0002
-0.67145,-0.313442,1.62525,-0.671301,-0.314214,1.62402,0.00317445,0.00844841,0.0271998,0.76861,0.0002,-1.66628e-12,-3.64273e-08,-1.66628e-12,0.0002,6.87108e-09,-3.64273e-08,6.87108e-09,0.0002
-0.671503,-0.312946,1.62581,-0.671329,-0.314135,1.62392,0.00312179,0.00894471,0.0277624,0.761899,0.0002,6.34105e-12,-1.24881e-07,6.34105e-12,0.0002,-8.06137e-09,-1.24881e-07,-8.06137e-09,0.0002
-0.671603,-0.312485,1.62522,-0.671388,-0.316043,1.62339,0.00298528,0.00943922,0.0270839,0.935603,0.0002,4.20858e-11,-2.52675e-07,4.20858e-11,0.0002,-2.48761e-08,-2.52675e-07,-2.48761e-08,0.0002
-0.671665,-0.311589,1.62417,-0.671489,-0.315861,1.62307,0.00292294,0.0103359,0.026032,0.92218,0.000200001,8.66141e-11,-4.132e-07,8.66141e-11,0.0002,-2.94262e-08,-4.132e-07,-2.94262e-08,0.0002
-0.671797,-0.310439,1.62326,-0.671592,-0.315599,1.62273,0.0025738,0.0112122,0.0285519,0.908757,0.000200002,1.75844e-10,-5.76767e-07,1.75844e-10,0.0002,-4.20918e-08,-5.76767e-07,-4.20918e-08,0.000199999
-0.671991,-0.309042,1.62267,-0.671719,-0.315328,1.62238,0.00237967,0.0126091,0.0279617,0.902986,0.000200004,3.31411e-10,-7.49085e-07,3.31411e-10,0.0002,-6.03261e-08,-7.49085e-07,-6.03261e-08,0.000199999
-0.67207,-0.307677,1.622,-0.671827,-0.315074,1.62191,0.00230042,0.0139742,0.0272929,0.923023,0.000200006,3.9662e-10,-8.90851e-07,3.9662e-10,0.0002,-5.62964e-08,-8.90851e-07,-5.62964e-08,0.000199998
-0.67216,-0.306408,1.62137,-0.671933,-0.314826,1.62141,0.00258321,0.0123852,0.0246173,0.894427,0.000200008,4.5155e-10,-1.00198e-06,4.5155e-10,0.0002,-5.4474e-08,-1.00198e-06,-5.4474e-08,0.000199998
-0.672063,-0.303806,1.6208,-0.671215,-0.306583,1.62162,0.00268035,0.0149865,0.0240458,0.665023,0.000200009,4.56671e-10,-1.06309e-06,4.56671e-10,0.0002,-4.90699e-08,-1.06309e-06,-4.90699e-08,0.000199997
-0.672046,-0.301631,1.61986,-0.671416,-0.306212,1.62075,0.00249949,0.0113192,0.0260054,0.656128,0.00020001,4.79158e-10,-1.10544e-06,4.79158e-10,0.0002,-4.87718e-08,-1.10544e-06,-4.87718e-08,0.000199997
-0.672145,-0.299745,1.61845,-0.67165,-0.305785,1.62005,0.00240057,0.0132056,0.0245954,0.639199,0.000200011,5.73326e-10,-1.14229e-06,5.73326e-10,0.0002,-5.85869e-08,-1.14229e-06,-5.85869e-08,0.000199996
-0.672261,-0.298072,1.61634,-0.671833,-0.305182,1.6193,0.00228456,0.014878,0.0224901,0.624273,0.000200012,6.46179e-10,-1.17273e-06,6.46179e-10,0.0002,-6.41101e-08,-1.17273e-06,-6.41101e-08,0.000199996
-0.672363,-0.296623,1.61387,-0.672104,-0.304638,1.61849,0.00281929,0.00745278,0.0164715,0.640596,0.000200013,6.39196e-10,-1.19258e-06,6.39196e-10,0.0002,-5.95713e-08,-1.19258e-06,-5.95713e-08,0.000199996
-0.672438,-0.295289,1.61173,-0.672292,-0.304196,1.61765,0.00274413,0.00878751,0.0143287,0.623252,0.000200013,5.76286e-10,-1.21919e-06,5.76286e-10,0.0002,-4.93109e-08,-1.21919e-06,-4.93109e-08,0.000199995
-0.671121,-0.291568,1.60635,-0.665969,-0.290741,1.59937,0.00390254,0.00309733,0.0120906,0.238533,0.000200014,4.01717e-10,-1.22995e-06,4.01717e-10,0.0002,-2.79096e-08,-1.22995e-06,-2.79096e-08,0.000199995
-0.670018,-0.288409,1.60249,-0.665803,-0.289403,1.59741,0.0050047,0.00625603,0.00822549,0.200071,0.000200014,2.42065e-10,-1.22321e-06,2.42065e-10,0.0002,-1.18114e-08,-1.22321e-06,-1.18114e-08,0.000199995
-0.669183,-0.285664,1.60005,-0.66566,-0.288294,1.5955,0.00583971,0.00900194,0.00578807,0.202815,0.000200014,2.20591e-10,-1.21847e-06,2.20591e-10,0.0002,-1.39943e-08,-1.21847e-06,-1.39943e-08,0.000199995
-0.668445,-0.283278,1.59845,-0.66555,-0.287354,1.59416,0.00666762,0.00325513,0.0148116,0.187393,0.000200014,1.4935e-10,-1.21564e-06,1.4935e-10,0.0002,-7.86399e-09,-1.21564e-06,-7.86399e-09,0.000199995
-0.667891,-0.281149,1.59717,-0.665437,-0.286352,1.59259,0.0072215,0.00538394,0.0135325,0.201097,0.000200014,1.74515e-10,-1.21695e-06,1.74515e-10,0.0002,-1.37137e-08,-1.21695e-06,-1.37137e-08,0.000199995
-0.669332,-0.274538,1.59519,-0.674898,-0.261813,1.58775,0.00573891,0.00375756,0.0154428,2.3116,0.000200014,1.93318e-10,-1.21779e-06,1.93318e-10,0.0002,-1.6896e-08,-1.21779e-06,-1.6896e-08,0.000199995
-0.670459,-0.269211,1.59374,-0.675,-0.261627,1.58736,0.00461189,0.00908446,0.0139873,2.29508,0.000200014,1.48824e-10,-1.21852e-06,1.48824e-10,0.0002,-1.13727e-08,-1.21852e-06,-1.13727e-08,0.000199995
-0.671367,-0.264946,1.59251,-0.67505,-0.261395,1.58707,0.00370385,0.0133499,0.0127622,2.30452,0.000200014,1.06919e-10,-1.21218e-06,1.06919e-10,0.0002,-7.0417e-09,-1.21218e-06,-7.0417e-09,0.000199995
-0.672134,-0.261404,1.59146,-0.675038,-0.261171,1.58673,0.00276316,0.00809285,0.014684,2.28064,0.000200014,1.28035e-10,-1.22158e-06,1.28035e-10,0.0002,-1.08425e-08,-1.22158e-06,-1.08425e-08,0.000199995
-0.672739,-0.258522,1.59023,-0.675116,-0.26082,1.58632,0.00215796,0.0109753,0.0134528,2.29112,0.000200014,1.13175e-10,-1.22427e-06,1.13175e-10,0.0002,-9.16263e-09,-1.22427e-06,-9.16263e-09,0.000199995
-0.673279,-0.256157,1.58896,-0.675194,-0.26052,1.58593,0.00114913,0.00879129,0.0125606,2.28613,0.000200014,1.51045e-10,-1.22587e-06,1.51045e-10,0.0002,-1.42336e-08,-1.22587e-06,-1.42336e-08,0.000199995
-0.672204,-0.252982,1.58751,-0.667767,-0.254643,1.58538,0.00222407,0.0119656,0.0111126,0.322834,0.000200014,1.52149e-10,-1.24397e-06,1.52149e-10,0.0002,-1.36354e-08,-1.24397e-06,-1.36354e-08,0.000199995
-0.671311,-0.25039,1.58668,-0.667947,-0.254064,1.5844,0.0031173,0.0145583,0.0102786,0.309235,0.000200014,6.35962e-11,-1.24553e-06,6.35962e-11,0.0002,-2.50807e-09,-1.24553e-06,-2.50807e-09,0.000199995
-0.670576,-0.248254,1.58633,-0.66797,-0.253649,1.58338,0.00401475,0.0077267,0.0110856,0.317265,0.000200014,-3.58337e-11,-1.24317e-06,-3.58337e-11,0.0002,8.15563e-09,-1.24317e-06,8.15563e-09,0.000199995
-0.669993,-0.246435,1.58568,-0.667999,-0.253098,1.58258,0.0045981,0.00954566,0.0104364,0.304537,0.000200014,-1.14781e-10,-1.24166e-06,-1.14781e-10,0.0002,1.52532e-08,-1.24166e-06,1.52532e-08,0.000199995
-0.66964,-0.244808,1.58465,-0.66804,-0.252548,1.58157,0.00505452,0.00227432,0.0122461,0.300373,0.000200015,-3.82503e-11,-1.25064e-06,-3.82503e-11,0.0002,3.09438e-09,-1.25064e-06,3.09438e-09,0.000199995
-0.66953,-0.240435,1.58703,-0.668917,-0.237093,1.59815,0.00516372,0.00664633,0.0146344,0.428076,0.000200015,-6.26102e-12,-1.25303e-06,-6.26102e-12,0.0002,-7.09561e-10,-1.25303e-06,-7.09561e-10,0.000199995
-0.669484,-0.23689,1.58838,-0.668994,-0.236959,1.59791,0.00520964,0.0101915,0.0159812,0.422329,0.000200015,5.41292e-11,-1.25791e-06,5.41292e-11,0.0002,-7.38689e-09,-1.25791e-06,-7.38689e-09,0.000199995
-0.669471,-0.234054,1.58979,-0.66911,-0.236744,1.59752,0.00468881,0.00369852,0.0126748,0.422329,0.000200015,1.06926e-10,-1.25422e-06,1.06926e-10,0.0002,-1.23943e-08,-1.25422e-06,-1.23943e-08,0.000199995
-0.669443,-0.231692,1.59126,-0.669225,-0.236496,1.59713,0.00471709,0.0060606,0.0141409,0.410835,0.000200015,9.95644e-11,-1.25877e-06,9.95644e-11,0.0002,-9.79035e-09,-1.25877e-06,-9.79035e-09,0.000199995
-0.669477,-0.229768,1.59265,-0.669397,-0.236216,1.59665,0.0055672,-0.000544381,0.0174698,0.405088,0.000200015,1.25857e-10,-1.25821e-06,1.25857e-10,0.0002,-1.23011e-08,-1.25821e-06,-1.23011e-08,0.000199995
-0.66953,-0.228131,1.59345,-0.669518,-0.235943,1.59612,0.00551328,0.00109187,0.018267,0.416582,0.000200015,1.51936e-10,-1.26464e-06,1.51936e-10,0.0002,-1.4569e-08,-1.26464e-06,-1.4569e-08,0.000199994
-0.669513,-0.22219,1.59442,-0.669193,-0.21257,1.59883,0.00542371,-0.00269918,0.0211989,0.50827,0.000200015,1.71737e-10,-1.26195e-06,1.71737e-10,0.0002,-1.61146e-08,-1.26195e-06,-1.61146e-08,0.000199994
-0.669486,-0.217394,1.59471,-0.669122,-0.212353,1.59846,0.00545036,0.00209697,0.0214884,0.500725,0.000200015,1.87993e-10,-1.26023e-06,1.87993e-10,0.0002,-1.73093e-08,-1.26023e-06,-1.73093e-08,0.000199994
-0.669601,-0.213367,1.59514,-0.669588,-0.21182,1.59739,0.00533536,0.00612459,0.0219211,0.476292,0.000200015,2.64038e-10,-1.27257e-06,2.64038e-10,0.0002,-2.55676e-08,-1.27257e-06,-2.55676e-08,0.000199994
-0.669598,-0.210054,1.59542,-0.669649,-0.211275,1.59653,0.00515829,0.00532716,0.0188882,0.459303,0.000200015,1.82408e-10,-1.27747e-06,1.82408e-10,0.0002,-1.40206e-08,-1.27747e-06,-1.40206e-08,0.000199994
-0.669663,-0.20731,1.59586,-0.66979,-0.210584,1.59558,0.00509266,0.00807167,0.019334,0.457877,0.000200015,1.73366e-10,-1.27363e-06,1.73366e-10,0.0002,-1.36318e-08,-1.27363e-06,-1.36318e-08,0.000199994
-0.66958,-0.203163,1.59577,-0.669104,-0.20083,1.59538,0.00522652,-0.00216746,0.0233569,0.548351,0.000200015,1.66768e-10,-1.27117e-06,1.66768e-10,0.0002,-1.33503e-08,-1.27117e-06,-1.33503e-08,0.000199994
-0.669539,-0.199812,1.59579,-0.669128,-0.200761,1.59534,0.00526711,0.00118418,0.0233753,0.537598,0.000200015,1.91703e-10,-1.27292e-06,1.91703e-10,0.0002,-1.66725e-08,-1.27292e-06,-1.66725e-08,0.000199994
-0.669577,-0.197156,1.59514,-0.669269,-0.20067,1.59515,0.0052292,0.00384023,0.0227294,0.52718,0.000200015,2.63404e-10,-1.26707e-06,2.63404e-10,0.0002,-2.50893e-08,-1.26707e-06,-2.50893e-08,0.000199994
-0.669627,-0.194965,1.59476,-0.669369,-0.200552,1.5948,0.00507806,0.00123657,0.0212513,0.52718,0.000200015,3.20782e-10,-1.27014e-06,3.20782e-10,0.0002,-3.04639e-08,-1.27014e-06,-3.04639e-08,0.000199994
-0.669599,-0.193078,1.59436,-0.669452,-0.200316,1.59429,0.00510593,0.00312362,0.0208474,0.520831,0.000200015,2.54004e-10,-1.28604e-06,2.54004e-10,0.0002,-2.04416e-08,-1.28604e-06,-2.04416e-08,0.000199994
-0.66966,-0.19163,1.59446,-0.669575,-0.200088,1.59386,0.00481766,-0.00429567,0.0212051,0.50978,0.000200015,2.79409e-10,-1.27896e-06,2.79409e-10,0.0002,-2.3944e-08,-1.27896e-06,-2.3944e-08,0.000199994
-0.669621,-0.186168,1.59661,-0.669066,-0.178354,1.60517,0.00485656,0.00116619,0.0233457,0.512307,0.000200015,2.9675e-10,-1.26762e-06,2.9675e-10,0.0002,-2.59555e-08,-1.26762e-06,-2.59555e-08,0.000199994
-0.669567,-0.181743,1.59823,-0.669031,-0.178396,1.60523,0.0049106,0.00559158,0.0249656,0.503494,0.000200015,2.93154e-10,-1.27064e-06,2.93154e-10,0.0002,-2.50061e-08,-1.27064e-06,-2.50061e-08,0.000199994
-0.669532,-0.178113,1.59946,-0.669052,-0.178163,1.60491,0.00500736,-9.38629e-05,0.0248578,0.500319,0.000200015,2.986e-10,-1.27936e-06,2.986e-10,0.0002,-2.53285e-08,-1.27936e-06,-2.53285e-08,0.000199994
-0.669547,-0.175181,1.60008,-0.669058,-0.177798,1.60411,0.00499203,0.00283882,0.0254769,0.505638,0.000200015,3.60815e-10,-1.27794e-06,3.60815e-10,0.0002,-3.25999e-08,-1.27794e-06,-3.25999e-08,0.000199994
-0.669513,-0.172673,1.60063,-0.669027,-0.177424,1.60339,0.00495399,-0.0036722,0.0267848,0.493978,0.000200015,3.6233e-10,-1.29082e-06,3.6233e-10,0.0002,-3.12498e-08,-1.29082e-06,-3.12498e-08,0.000199994
-0.669239,-0.167504,1.6001,-0.66783,-0.161608,1.59746,0.00522794,0.00149701,0.0262505,0.294416,0.000200016,3.65148e-10,-1.29905e-06,3.65148e-10,0.0002,-3.07719e-08,-1.29905e-06,-3.07719e-08,0.000199994
-0.669006,-0.163429,1.59998,-0.667883,-0.161592,1.59742,0.00546096,0.00557238,0.0261263,0.299492,0.000200016,3.32474e-10,-1.29422e-06,3.32474e-10,0.0002,-2.66908e-08,-1.29422e-06,-2.66908e-08,0.000199994
-0.66881,-0.160133,1.59936,-0.667839,-0.161413,1.59689,0.00576592,-0.000329122,0.0276781,0.28934,0.000200016,3.03753e-10,-1.29113e-06,3.03753e-10,0.0002,-2.37819e-08,-1.29113e-06,-2.37819e-08,0.000199994
-0.668637,-0.157431,1.59823,-0.667557,-0.160871,1.59577,0.00593917,0.00237254,0.0265455,0.274112,0.000200015,3.31811e-10,-1.28217e-06,3.31811e-10,0.0002,-2.80076e-08,-1.28217e-06,-2.80076e-08,0.000199994
-0.668547,-0.15523,1.59677,-0.667502,-0.160344,1.59456,0.00493849,-0.00502912,0.0224158,0.290538,0.000200015,4.29391e-10,-1.26597e-06,4.29391e-10,0.0002,-3.99541e-08,-1.26597e-06,-3.99541e-08,0.000199994
-0.668386,-0.153203,1.59569,-0.667382,-0.159769,1.59347,0.00509889,-0.00300248,0.0213413,0.271613,0.000200015,4.28073e-10,-1.27971e-06,4.28073e-10,0.0002,-3.75223e-08,-1.27971e-06,-3.75223e-08,0.000199994
-0.668812,-0.147762,1.59712,-0.670095,-0.140669,1.60388,0.00467327,0.00243849,0.0227738,0.576332,0.000200015,4.212e-10,-1.28851e-06,4.212e-10,0.0002,-3.5583e-08,-1.28851e-06,-3.5583e-08,0.000199994
-0.669121,-0.143476,1.59892,-0.670146,-0.140796,1.604,0.00489557,0.00238478,0.0261054,0.571332,0.000200015,3.62745e-10,-1.28749e-06,3.62745e-10,0.0002,-2.83921e-08,-1.28749e-06,-2.83921e-08,0.000199994
-0.669413,-0.140025,1.60032,-0.670146,-0.140678,1.60385,0.00460348,0.00583594,0.0275074,0.581332,0.000200015,3.80509e-10,-1.28663e-06,3.80509e-10,0.0002,-3.14229e-08,-1.28663e-06,-3.14229e-08,0.000199994
-0.669652,-0.137193,1.6008,-0.670265,-0.140433,1.60325,0.00488523,-0.00062655,0.0307307,0.576332,0.000200016,3.71513e-10,-1.28958e-06,3.71513e-10,0.0002,-3.04102e-08,-1.28958e-06,-3.04102e-08,0.000199994
-0.669831,-0.134889,1.6008,-0.67031,-0.140135,1.60288,0.00470592,0.00167801,0.0307335,0.574301,0.000200015,3.34644e-10,-1.28816e-06,3.34644e-10,0.0002,-2.63043e-08,-1.28816e-06,-2.63043e-08,0.000199994
-0.670026,-0.132947,1.60072,-0.670353,-0.13985,1.60247,0.0045106,0.00361971,0.0306532,0.554301,0.000200016,3.66268e-10,-1.29385e-06,3.66268e-10,0.0002,-3.06821e-08,-1.29385e-06,-3.06821e-08,0.000199994
-0.670171,-0.127832,1.60014,-0.670323,-0.122253,1.5978,0.00421886,-0.000602211,0.0265476,0.59556,0.000200016,3.97487e-10,-1.30429e-06,3.97487e-10,0.0002,-3.38928e-08,-1.30429e-06,-3.38928e-08,0.000199994
-0.670325,-0.123788,1.60006,-0.670317,-0.12228,1.5977,0.00406484,0.00344122,0.0264748,0.588881,0.000200016,4.7676e-10,-1.30397e-06,4.7676e-10,0.0002,-4.25155e-08,-1.30397e-06,-4.25155e-08,0.000199994
-0.670392,-0.120568,1.60012,-0.670357,-0.122257,1.59776,0.00474871,-0.0026352,0.028631,0.590609,0.000200016,4.49977e-10,-1.30067e-06,4.49977e-10,0.0002,-3.77535e-08,-1.30067e-06,-3.77535e-08,0.000199994
-0.670397,-0.117931,1.59963,-0.670331,-0.121956,1.59714,0.00474326,2.15889e-06,0.0281375,0.570807,0.000200016,3.66835e-10,-1.29876e-06,3.66835e-10,0.0002,-2.76872e-08,-1.29876e-06,-2.76872e-08,0.000199994
-0.670396,-0.115808,1.5989,-0.670314,-0.121679,1.59652,0.00474474,0.00212492,0.0274131,0.568689,0.000200016,2.95035e-10,-1.29073e-06,2.95035e-10,0.0002,-2.06987e-08,-1.29073e-06,-2.06987e-08,0.000199994
-0.670304,-0.110227,1.59928,-0.669502,-0.102574,1.60181,0.00363237,-0.00194749,0.0262861,0.440967,0.000200016,3.27138e-10,-1.29552e-06,3.27138e-10,0.0002,-2.63239e-08,-1.29552e-06,-2.63239e-08,0.000199994
-0.670175,-0.105723,1.59958,-0.669432,-0.102598,1.60184,0.0037608,0.00255621,0.0265897,0.445942,0.000200016,3.01478e-10,-1.30558e-06,3.01478e-10,0.0002,-2.34874e-08,-1.30558e-06,-2.34874e-08,0.000199994
-0.670098,-0.102128,1.60053,-0.669463,-0.102528,1.60173,0.00426143,-0.0032274,0.0251357,0.440967,0.000200016,3.14222e-10,-1.3085e-06,3.14222e-10,0.0002,-2.55498e-08,-1.3085e-06,-2.55498e-08,0.000199994
-0.669983,-0.0992056,1.60107,-0.669298,-0.102191,1.6012,0.00437665,-0.000304613,0.0256843,0.415284,0.000200016,2.97854e-10,-1.30707e-06,2.97854e-10,0.0002,-2.37513e-08,-1.30707e-06,-2.37513e-08,0.000199994
-0.669846,-0.0968365,1.60128,-0.669183,-0.101934,1.60057,0.0045135,0.00206439,0.0258935,0.404901,0.000200016,2.56225e-10,-1.30285e-06,2.56225e-10,0.0002,-1.92912e-08,-1.30285e-06,-1.92912e-08,0.000199994
-0.669684,-0.0948962,1.60079,-0.669024,-0.101605,1.59987,0.00521498,-0.0053886,0.027822,0.389976,0.000200016,1.91882e-10,-1.29685e-06,1.91882e-10,0.0002,-1.27281e-08,-1.29685e-06,-1.27281e-08,0.000199994
-0.669495,-0.0894792,1.60141,-0.668599,-0.082385,1.60443,0.00540336,2.8341e-05,0.0284441,0.558006,0.000200016,1.70908e-10,-1.29631e-06,1.70908e-10,0.0002,-1.18634e-08,-1.29631e-06,-1.18634e-08,0.000199994
-0.669383,-0.0851232,1.60216,-0.668565,-0.0824786,1.60466,0.00427952,-0.00445702,0.0268946,0.552956,0.000200016,2.20308e-10,-1.30256e-06,2.20308e-10,0.0002,-1.87334e-08,-1.30256e-06,-1.87334e-08,0.000199994
-0.669195,-0.0815917,1.60258,-0.668299,-0.0820394,1.60375,0.00446666,-0.000925572,0.0273145,0.552956,0.000200016,2.034e-10,-1.29996e-06,2.034e-10,0.0002,-1.64676e-08,-1.29996e-06,-1.64676e-08,0.000199994
-0.668965,-0.0787257,1.60314,-0.667908,-0.0816223,1.6028,0.00469729,0.0019405,0.0278733,0.552956,0.000200016,1.90789e-10,-1.29149e-06,1.90789e-10,0.0002,-1.52339e-08,-1.29149e-06,-1.52339e-08,0.000199994
-0.6687,-0.0762457,1.60323,-0.667394,-0.0810021,1.60152,0.00628889,-0.00462481,0.0314914,0.529345,0.000200016,2.1548e-10,-1.29616e-06,2.1548e-10,0.0002,-1.83786e-08,-1.29616e-06,-1.83786e-08,0.000199994
-0.669001,-0.070787,1.60556,-0.66987,-0.0634149,1.61485,0.0059886,0.000833854,0.0338161,0.622266,0.000200016,2.31038e-10,-1.29235e-06,2.31038e-10,0.0002,-1.99688e-08,-1.29235e-06,-1.99688e-08,0.000199994
-0.669238,-0.066462,1.60695,-0.669944,-0.0635216,1.61511,0.00575078,0.00515884,0.0352109,0.61809,0.000200016,2.1934e-10,-1.28661e-06,2.1934e-10,0.0002,-1.82456e-08,-1.28661e-06,-1.82456e-08,0.000199994
-0.669522,-0.0628718,1.60832,-0.670065,-0.06339,1.61482,0.00527683,0.0039414,0.0331981,0.622266,0.000200016,3.10678e-10,-1.29956e-06,3.10678e-10,0.0002,-2.8776e-08,-1.29956e-06,-2.8776e-08,0.000199994
-0.669684,-0.0599364,1.60985,-0.670053,-0.0631915,1.6144,0.00511448,0.00687683,0.0347259,0.617241,0.000200016,3.06414e-10,-1.31161e-06,3.06414e-10,0.0002,-2.64009e-08,-1.31161e-06,-2.64009e-08,0.000199994
-0.669812,-0.0576347,1.61141,-0.670053,-0.0629996,1.61405,0.00498639,0.00917852,0.0362924,0.607191,0.000200016,3.02247e-10,-1.3057e-06,3.02247e-10,0.0002,-2.53186e-08,-1.3057e-06,-2.53186e-08,0.000199994
-0.669937,-0.0557424,1.61248,-0.670041,-0.0628468,1.61365,0.00431406,-0.00321626,0.0383617,0.602663,0.000200016,3.34651e-10,-1.30516e-06,3.34651e-10,0.0002,-2.88372e-08,-1.30516e-06,-2.88372e-08,0.000199994
-0.670324,-0.0509851,1.61182,-0.671822,-0.046324,1.60967,0.00392709,0.00154102,0.0376979,0.630928,0.000200016,2.6831e-10,-1.29504e-06,2.6831e-10,0.0002,-2.05408e-08,-1.29504e-06,-2.05408e-08,0.000199994
-0.670733,-0.0471757,1.61085,-0.671897,-0.0462883,1.60955,0.00404069,0.000426384,0.032739,0.635928,0.000200016,3.25724e-10,-1.28801e-06,3.25724e-10,0.0002,-2.82899e-08,-1.28801e-06,-2.82899e-08,0.000199994
-0.671049,-0.0440126,1.61013,-0.671938,-0.0462472,1.60933,0.00372415,0.00358939,0.0320233,0.630928,0.000200016,3.49096e-10,-1.30067e-06,3.49096e-10,0.0002,-3.01358e-08,-1.30067e-06,-3.01358e-08,0.000199994
-0.671418,-0.0414107,1.60984,-0.671983,-0.0461876,1.60916,0.00278258,-0.00280552,0.0322356,0.635928,0.000200016,5.18153e-10,-1.3183e-06,5.18153e-10,0.0002,-4.85645e-08,-1.3183e-06,-4.85645e-08,0.000199994
-0.671648,-0.0393836,1.60989,-0.671991,-0.0461538,1.60908,0.00255316,-0.000778399,0.0322921,0.640928,0.000200016,5.58075e-10,-1.31979e-06,5.58075e-10,0.0002,-4.97996e-08,-1.31979e-06,-4.97996e-08,0.000199994
-0.672204,-0.0337677,1.61258,-0.674095,-0.0260864,1.62176,0.0019967,0.0048375,0.0349799,0.395167,0.000200016,4.95721e-10,-1.31773e-06,4.95721e-10,0.0002,-4.03424e-08,-1.31773e-06,-4.03424e-08,0.000199994
-0.672671,-0.0293458,1.61443,-0.674087,-0.0261175,1.62184,0.00212711,-0.000717571,0.0350637,0.399078,0.000200016,4.75866e-10,-1.30606e-06,4.75866e-10,0.0002,-3.83516e-08,-1.30606e-06,-3.83516e-08,0.000199994
-0.673111,-0.0258348,1.61582,-0.674089,-0.0261288,1.62188,0.00168726,0.00279343,0.0364502,0.404078,0.000200016,5.51499e-10,-1.29472e-06,5.51499e-10,0.0002,-4.79275e-08,-1.29472e-06,-4.79275e-08,0.000199994
-0.673436,-0.0229108,1.61685,-0.674136,-0.0259865,1.62149,0.00132657,-0.00356208,0.039911,0.394122,0.000200016,5.6862e-10,-1.30133e-06,5.6862e-10,0.0002,-4.85035e-08,-1.30133e-06,-4.85035e-08,0.000199994
-0.673774,-0.020473,1.61765,-0.674196,-0.0257975,1.62085,0.000987607,-0.00112431,0.0407113,0.389998,0.000200016,6.80611e-10,-1.31528e-06,6.80611e-10,0.0002,-6.00895e-08,-1.31528e-06,-6.00895e-08,0.000199994
-0.674001,-0.0185067,1.61869,-0.674296,-0.0256255,1.62027,0.00150653,-0.00846523,0.0390742,0.394998,0.000200016,6.84226e-10,-1.32124e-06,6.84226e-10,0.0002,-5.78427e-08,-1.32124e-06,-5.78427e-08,0.000199994
-0.673844,-0.0130902,1.61834,-0.672967,-0.00610588,1.61489,0.00166334,-0.00304874,0.038725,0.59901,0.000200016,5.91724e-10,-1.31534e-06,5.91724e-10,0.0002,-4.61509e-08,-1.31534e-06,-4.61509e-08,0.000199994
-0.6738,-0.00880662,1.6177,-0.673073,-0.00602017,1.61461,0.00170742,0.00123483,0.0380797,0.608911,0.000200016,5.94522e-10,-1.30088e-06,5.94522e-10,0.0002,-4.80334e-08,-1.30088e-06,-4.80334e-08,0.000199994
-0.67383,-0.00533093,1.61673,-0.673181,-0.00597873,1.61439,0.00182804,-0.00529462,0.0399167,0.59914,0.000200016,6.56082e-10,-1.29813e-06,6.56082e-10,0.0002,-5.582e-08,-1.29813e-06,-5.582e-08,0.000199994
-0.673906,-0.00241081,1.61574,-0.673318,-0.00580794,1.61386,0.00175235,-0.0023745,0.0389296,0.589239,0.000200016,7.43576e-10,-1.31324e-06,7.43576e-10,0.0002,-6.44624e-08,-1.31324e-06,-6.44624e-08,0.000199994
-0.674032,-1.73649e-05,1.61514,-0.673548,-0.00562366,1.61328,0.0010378,-0.00915527,0.0371142,0.59419,0.000200016,8.42566e-10,-1.32618e-06,8.42566e-10,0.0002,-7.32567e-08,-1.32618e-06,-7.32567e-08,0.000199994
-0.674149,0.00584373,1.61522,-0.673957,0.014413,1.61555,0.000920124,-0.00329418,0.0371951,0.544118,0.000200016,8.19583e-10,-1.32473e-06,8.19583e-10,0.0002,-6.80062e-08,-1.32473e-06,-6.80062e-08,0.000199994
-0.674289,0.0104211,1.61545,-0.674215,0.0144929,1.61534,0.000780496,0.0012832,0.0374241,0.544118,0.000200016,7.82787e-10,-1.30339e-06,7.82787e-10,0.0002,-6.38954e-08,-1.30339e-06,-6.38954e-08,0.000199994
-0.67437,0.0141539,1.61548,-0.674368,0.0145144,1.61504,0.00121452,-3.02055e-05,0.0351456,0.544118,0.000200016,6.74561e-10,-1.30039e-06,6.74561e-10,0.0002,-5.15675e-08,-1.30039e-06,-5.15675e-08,0.000199994
-0.674555,0.0171938,1.615,-0.67453,0.0145891,1.61463,0.00102997,0.00300966,0.0346668,0.534314,0.000200016,7.0815e-10,-1.30467e-06,7.0815e-10,0.0002,-5.73476e-08,-1.30467e-06,-5.73476e-08,0.000199994
-0.674751,0.0197187,1.61466,-0.674771,0.0148415,1.61381,0.00069586,-0.00349743,0.0372961,0.534314,0.000200016,7.41996e-10,-1.31422e-06,7.41996e-10,0.0002,-6.12426e-08,-1.31422e-06,-6.12426e-08,0.000199994
-0.67496,0.0218629,1.61392,-0.675037,0.0152491,1.61251,0.000486323,-0.00135332,0.0365578,0.534314,0.000200016,7.72504e-10,-1.32714e-06,7.72504e-10,0.0002,-6.37439e-08,-1.32714e-06,-6.37439e-08,0.000199994
-0.675073,0.0272116,1.61399,-0.675057,0.033723,1.6184,0.000373765,0.00399545,0.0366261,0.49505,0.000200016,6.93845e-10,-1.32568e-06,6.93845e-10,0.0002,-5.40411e-08,-1.32568e-06,-5.40411e-08,0.000199994
-0.675222,0.0314431,1.61444,-0.675156,0.0337071,1.61835,0.000176335,-0.00135896,0.0379945,0.485149,0.000200016,6.87123e-10,-1.31764e-06,6.87123e-10,0.0002,-5.46205e-08,-1.31764e-06,-5.46205e-08,0.000199994
-0.675348,0.0348959,1.61371,-0.675282,0.0339342,1.61752,5.04643e-05,0.00209381,0.0372638,0.480198,0.000200016,6.53406e-10,-1.31605e-06,6.53406e-10,0.0002,-5.14024e-08,-1.31605e-06,-5.14024e-08,0.000199994
-0.675472,0.0378214,1.61267,-0.67542,0.0347496,1.61521,0.000697155,-0.00497745,0.0327566,0.509901,0.000200016,6.24562e-10,-1.31505e-06,6.24562e-10,0.0002,-4.89974e-08,-1.31505e-06,-4.89974e-08,0.000199994
-0.67564,0.0402992,1.61176,-0.675584,0.035657,1.61279,0.00052991,-0.00249969,0.0318508,0.524752,0.000200016,6.54528e-10,-1.30734e-06,6.54528e-10,0.0002,-5.37318e-08,-1.30734e-06,-5.37318e-08,0.000199994
-0.6758,0.0424776,1.61101,-0.675732,0.0364245,1.61062,0.000369781,-0.000321244,0.0311052,0.529703,0.000200016,6.82607e-10,-1.30921e-06,6.82607e-10,0.0002,-5.68552e-08,-1.30921e-06,-5.68552e-08,0.000199994
-0.675955,0.0477101,1.61238,-0.675947,0.0539766,1.6168,0.000173087,-0.004279,0.0375379,0.460396,0.000200016,6.73842e-10,-1.30714e-06,6.73842e-10,0.0002,-5.53917e-08,-1.30714e-06,-5.53917e-08,0.000199994
-0.676113,0.0518749,1.61373,-0.676107,0.0538705,1.61706,1.5122e-05,-0.000114277,0.038888,0.455446,0.000200016,6.72733e-10,-1.30579e-06,6.72733e-10,0.0002,-5.52159e-08,-1.30579e-06,-5.52159e-08,0.000199994
-0.67622,0.0552292,1.61476,-0.676217,0.0539746,1.61679,-0.000161832,-0.00643579,0.0439354,0.455446,0.000200016,6.18996e-10,-1.30519e-06,6.18996e-10,0.0002,-4.89368e-08,-1.30519e-06,-4.89368e-08,0.000199994
-0.676395,0.0579215,1.61454,-0.67635,0.054351,1.61525,-0.000336295,-0.00374358,0.0437246,0.460396,0.000200016,6.56604e-10,-1.29416e-06,6.56604e-10,0.0002,-5.47308e-08,-1.29416e-06,-5.47308e-08,0.000199994
-0.676514,0.0602832,1.61403,-0.676453,0.0549562,1.61351,-0.000455197,-0.0013818,0.0432065,0.475248,0.000200016,6.38674e-10,-1.30101e-06,6.38674e-10,0.0002,-5.21321e-08,-1.30101e-06,-5.21321e-08,0.000199994
-0.676341,0.0659573,1.61122,-0.674974,0.0736724,1.60156,-0.000297931,-0.000286463,0.0412391,0.365618,0.000200016,6.85178e-10,-1.3119e-06,6.85178e-10,0.0002,-5.73158e-08,-1.3119e-06,-5.73158e-08,0.000199994
-0.676237,0.0705324,1.60939,-0.675279,0.0737399,1.60106,-0.000193917,0.00428869,0.0394124,0.356049,0.000200016,6.86828e-10,-1.32246e-06,6.86828e-10,0.0002,-5.63358e-08,-1.32246e-06,-5.63358e-08,0.000199994
-0.676135,0.0741381,1.60821,-0.675323,0.073782,1.60089,-3.0057e-05,-0.00159178,0.0396989,0.360834,0.000200016,6.44528e-10,-1.31918e-06,6.44528e-10,0.0002,-5.12127e-08,-1.31918e-06,-5.12127e-08,0.000199994
-0.676115,0.0770395,1.607,-0.675431,0.0738735,1.60063,-1.05601e-05,0.00130955,0.0384925,0.358852,0.000200016,6.63442e-10,-1.31685e-06,6.63442e-10,0.0002,-5.40537e-08,-1.31685e-06,-5.40537e-08,0.000199994
-0.676015,0.0793252,1.60519,-0.675558,0.0739965,1.60003,8.96944e-05,0.00359526,0.0366842,0.349282,0.000200016,5.18213e-10,-1.3058e-06,5.18213e-10,0.0002,-3.75039e-08,-1.3058e-06,-3.75039e-08,0.000199994
-0.676073,0.0813383,1.60252,-0.675936,0.0746113,1.59853,0.000497391,-0.00845997,0.0292154,0.349282,0.000200016,4.84745e-10,-1.30861e-06,4.84745e-10,0.0002,-3.6074e-08,-1.30861e-06,-3.6074e-08,0.000199994
-0.676457,0.0867693,1.60109,-0.677481,0.0936123,1.60575,0.000113756,-0.0030289,0.0277935,0.594981,0.000200016,4.77871e-10,-1.31375e-06,4.77871e-10,0.0002,-3.69646e-08,-1.31375e-06,-3.69646e-08,0.000199994
-0.676698,0.0911738,1.59934,-0.677477,0.0937934,1.60524,-0.00012709,0.00137551,0.0260353,0.600846,0.000200016,3.79567e-10,-1.32074e-06,3.79567e-10,0.0002,-2.64354e-08,-1.32074e-06,-2.64354e-08,0.000199994
-0.677007,0.0947475,1.59799,-0.677558,0.094166,1.60399,-0.000454294,-0.00450846,0.0266697,0.597589,0.000200016,4.43056e-10,-1.32138e-06,4.43056e-10,0.0002,-3.59624e-08,-1.32138e-06,-3.59624e-08,0.000199994
-0.677271,0.0977775,1.59715,-0.677669,0.0950202,1.60207,-0.000718302,-0.00147845,0.0258314,0.608521,0.000200016,4.93989e-10,-1.3218e-06,4.93989e-10,0.0002,-4.17886e-08,-1.3218e-06,-4.17886e-08,0.000199994
-0.677499,0.100452,1.59651,-0.677764,0.0958445,1.60015,-0.000946188,0.0011956,0.0251889,0.612573,0.000200017,5.40006e-10,-1.33569e-06,5.40006e-10,0.0002,-4.57022e-08,-1.33569e-06,-4.57022e-08,0.000199994
-0.677591,0.102617,1.59623,-0.677875,0.0964928,1.59871,-0.000788938,-0.00663035,0.0298454,0.633012,0.000200016,4.18476e-10,-1.32798e-06,4.18476e-10,0.0002,-3.07759e-08,-1.32798e-06,-3.07759e-08,0.000199994
-0.677118,0.107761,1.59776,-0.675334,0.11376,1.60441,-0.000316304,-0.00148599,0.0313754,0.496122,0.000200016,2.62133e-10,-1.31642e-06,2.62133e-10,0.0002,-1.44798e-08,-1.31642e-06,-1.44798e-08,0.000199994
-0.676761,0.111735,1.59957,-0.675226,0.113479,1.60531,-0.00048064,-0.00588715,0.0354534,0.491492,0.000200016,2.03988e-10,-1.29524e-06,2.03988e-10,0.0002,-1.14375e-08,-1.29524e-06,-1.14375e-08,0.000199994
-0.676499,0.114973,1.60134,-0.675215,0.11346,1.60533,-0.000218517,-0.00264913,0.0372245,0.496122,0.000200016,2.03466e-10,-1.29178e-06,2.03466e-10,0.0002,-1.41928e-08,-1.29178e-06,-1.41928e-08,0.000199994
-0.676343,0.117694,1.60183,-0.675353,0.113801,1.60429,-6.22526e-05,7.24438e-05,0.0377078,0.496122,0.000200016,2.42722e-10,-1.29966e-06,2.42722e-10,0.0002,-2.00688e-08,-1.29966e-06,-2.00688e-08,0.000199994
-0.676283,0.12004,1.60192,-0.67546,0.114227,1.60279,-2.68569e-06,0.0024186,0.0377963,0.502803,0.000200016,3.42474e-10,-1.3181e-06,3.42474e-10,0.0002,-3.12819e-08,-1.3181e-06,-3.12819e-08,0.000199994
-0.67601,0.125541,1.60174,-0.674753,0.132759,1.60468,0.000753952,0.00338151,0.0439122,0.427928,0.000200016,2.95538e-10,-1.31671e-06,2.95538e-10,0.0002,-2.41057e-08,-1.31671e-06,-2.41057e-08,0.000199994
-0.675781,0.129899,1.60182,-0.674709,0.132758,1.60474,0.000601291,-0.00174882,0.0437733,0.441441,0.000200016,2.53776e-10,-1.30902e-06,2.53776e-10,0.0002,-1.93468e-08,-1.30902e-06,-1.93468e-08,0.000199994
-0.675563,0.13335,1.60281,-0.674649,0.132685,1.60469,0.000820002,0.00170236,0.0447585,0.400901,0.000200016,1.95536e-10,-1.3008e-06,1.95536e-10,0.0002,-1.33731e-08,-1.3008e-06,-1.33731e-08,0.000199994
-0.675448,0.136171,1.60359,-0.674625,0.132886,1.60412,0.000884506,-0.00511864,0.0439569,0.40991,0.000200016,2.43175e-10,-1.29861e-06,2.43175e-10,0.0002,-2.03815e-08,-1.29861e-06,-2.03815e-08,0.000199994
-0.675353,0.138602,1.60352,-0.674594,0.133336,1.60274,0.000979575,-0.00268721,0.0438903,0.414414,0.000200016,2.8975e-10,-1.3108e-06,2.8975e-10,0.0002,-2.54365e-08,-1.3108e-06,-2.54365e-08,0.000199994
-0.675271,0.140757,1.60265,-0.674569,0.13417,1.60074,0.00106127,-0.000532763,0.0430233,0.418919,0.000200016,3.27615e-10,-1.32542e-06,3.27615e-10,0.0002,-2.86115e-08,-1.32542e-06,-2.86115e-08,0.000199994
-0.675189,0.146169,1.60153,-0.674516,0.152824,1.59859,0.00205405,-0.00489669,0.0383685,0.318584,0.000200016,3.4984e-10,-1.32798e-06,3.4984e-10,0.0002,-3.00074e-08,-1.32798e-06,-3.00074e-08,0.000199994
-0.675102,0.150531,1.60025,-0.674518,0.152876,1.59826,0.00214139,-0.000534774,0.0370924,0.318584,0.000200016,3.31509e-10,-1.33314e-06,3.31509e-10,0.0002,-2.68752e-08,-1.33314e-06,-2.68752e-08,0.000199994
-0.675002,0.15396,1.5995,-0.674499,0.152889,1.59803,0.00155761,-0.00559942,0.0407673,0.314159,0.000200016,2.78067e-10,-1.32634e-06,2.78067e-10,0.0002,-2.0743e-08,-1.32634e-06,-2.0743e-08,0.000199994
-0.674911,0.156734,1.5996,-0.674457,0.153045,1.59745,0.0016491,-0.00282505,0.0408742,0.318584,0.000200016,2.36985e-10,-1.32199e-06,2.36985e-10,0.0002,-1.69508e-08,-1.32199e-06,-1.69508e-08,0.000199994
-0.674883,0.159,1.59933,-0.674472,0.153282,1.59669,0.00167727,-0.000559221,0.0406013,0.318584,0.000200016,2.63956e-10,-1.31901e-06,2.63956e-10,0.0002,-2.12557e-08,-1.31901e-06,-2.12557e-08,0.000199994
-0.675166,0.164921,1.60219,-0.675877,0.173616,1.61414,0.00178973,0.000338566,0.0395006,0.828045,0.000200016,2.86261e-10,-1.32391e-06,2.86261e-10,0.0002,-2.38302e-08,-1.32391e-06,-2.38302e-08,0.000199994
-0.67536,0.169516,1.60484,-0.675683,0.172905,1.61594,0.00159499,0.0049334,0.0421465,0.825352,0.000200016,3.16078e-10,-1.32702e-06,3.16078e-10,0.0002,-2.68497e-08,-1.32702e-06,-2.68497e-08,0.000199994
-0.675498,0.173161,1.60687,-0.675566,0.172749,1.61656,0.00113607,-0.00594418,0.0473014,0.857237,0.000200016,3.49288e-10,-1.32898e-06,3.49288e-10,0.0002,-2.99272e-08,-1.32898e-06,-2.99272e-08,0.000199994
-0.675538,0.176042,1.60864,-0.67563,0.172777,1.61626,0.00109675,-0.00306241,0.0490751,0.83579,0.000200016,2.62634e-10,-1.32389e-06,2.62634e-10,0.0002,-1.91482e-08,-1.32389e-06,-1.91482e-08,0.000199994
-0.675604,0.178352,1.61072,-0.675694,0.172908,1.61593,0.00103088,-0.000752898,0.051153,0.825352,0.000200016,2.32069e-10,-1.3171e-06,2.32069e-10,0.0002,-1.67874e-08,-1.3171e-06,-1.67874e-08,0.000199994
-0.675719,0.180276,1.61188,-0.675769,0.173089,1.61549,0.000852821,-0.00403185,0.0490243,0.829662,0.000200016,2.7763e-10,-1.31927e-06,2.7763e-10,0.0002,-2.3084e-08,-1.31927e-06,-2.3084e-08,0.000199994
-0.675365,0.185815,1.60805,-0.673449,0.192878,1.59375,0.00120657,0.00150694,0.045187,0.441176,0.000200016,3.80712e-10,-1.32718e-06,3.80712e-10,0.0002,-3.44991e-08,-1.32718e-06,-3.44991e-08,0.000199994
-0.67503,0.190194,1.60463,-0.673335,0.192931,1.59355,0.0019627,-0.00396308,0.0453178,0.445895,0.000200016,4.09435e-10,-1.32224e-06,4.09435e-10,0.0002,-3.59896e-08,-1.32224e-06,-3.59896e-08,0.000199994
-0.674679,0.19373,1.60178,-0.673264,0.192976,1.59349,0.00231389,-0.000427274,0.0424675,0.450097,0.000200016,3.28304e-10,-1.32286e-06,3.28304e-10,0.0002,-2.51737e-08,-1.32286e-06,-2.51737e-08,0.000199994
-0.674414,0.196516,1.59968,-0.673168,0.19298,1.59339,0.00257803,0.00235828,0.0403735,0.445895,0.000200016,3.07517e-10,-1.31625e-06,3.07517e-10,0.0002,-2.36124e-08,-1.31625e-06,-2.36124e-08,0.000199994
-0.674148,0.198743,1.59867,-0.673027,0.193077,1.59308,0.00282959,-0.00479007,0.0420726,0.441694,0.000200016,2.56707e-10,-1.30873e-06,2.56707e-10,0.0002,-1.85537e-08,-1.30873e-06,-1.85537e-08,0.000199994
-0.673969,0.20456,1.59824,-0.673182,0.212827,1.59496,0.00300842,0.00102668,0.0416402,0.371927,0.000200016,2.18271e-10,-1.31753e-06,2.18271e-10,0.0002,-1.52295e-08,-1.31753e-06,-1.52295e-08,0.000199994
-0.673786,0.209218,1.59726,-0.673191,0.212844,1.5949,0.00353196,-0.0038013,0.0427914,0.36776,0.000200016,1.25141e-10,-1.32335e-06,1.25141e-10,0.0002,-5.71783e-09,-1.32335e-06,-5.71783e-09,0.000199994
-0.673554,0.21305,1.59596,-0.673076,0.212833,1.59489,0.00376371,3.06712e-05,0.041488,0.36776,0.000200017,-4.05012e-11,-1.34433e-06,-4.05012e-11,0.0002,1.09239e-08,-1.34433e-06,1.09239e-08,0.000199994
-0.673343,0.216028,1.59447,-0.672968,0.212825,1.59474,0.0039745,0.0030095,0.0400019,0.35758,0.000200017,-1.80063e-10,-1.34413e-06,-1.80063e-10,0.0002,2.28016e-08,-1.34413e-06,2.28016e-08,0.000199994
-0.673221,0.218409,1.59352,-0.672901,0.212929,1.59437,0.00370035,-0.00415789,0.0341683,0.352523,0.000200017,-2.0016e-10,-1.34034e-06,-2.0016e-10,0.0002,2.08037e-08,-1.34034e-06,2.08037e-08,0.000199994
-0.673101,0.22032,1.59296,-0.672702,0.213064,1.59383,0.00381999,-0.00224776,0.0336096,0.34419,0.000200017,-1.83097e-10,-1.33444e-06,-1.83097e-10,0.0002,1.64687e-08,-1.33444e-06,1.64687e-08,0.000199994
-0.673077,0.225695,1.5932,-0.673496,0.232502,1.59416,0.00345174,-0.00618981,0.0363601,0.489484,0.000200016,-2.84541e-10,-1.32416e-06,-2.84541e-10,0.0002,2.73512e-08,-1.32416e-06,2.73512e-08,0.000199994
-0.673101,0.23008,1.59339,-0.673493,0.232506,1.59416,0.00342702,-0.00180484,0.036553,0.493582,0.000200017,-3.02874e-10,-1.33105e-06,-3.02874e-10,0.0002,2.7093e-08,-1.33105e-06,2.7093e-08,0.000199994
-0.673142,0.233522,1.59323,-0.673497,0.232501,1.59415,0.00338598,0.0016379,0.0363937,0.489484,0.000200016,-2.85824e-10,-1.32517e-06,-2.85824e-10,0.0002,2.38465e-08,-1.32517e-06,2.38465e-08,0.000199994
-0.673132,0.236279,1.5929,-0.673495,0.232508,1.59415,0.0030367,-0.00510992,0.04086,0.493582,0.000200016,-3.31337e-10,-1.32155e-06,-3.31337e-10,0.0002,2.87715e-08,-1.32155e-06,2.87715e-08,0.000199994
-0.673081,0.238489,1.59283,-0.673494,0.232526,1.59409,0.00308842,-0.00290013,0.0407888,0.490607,0.000200016,-4.26026e-10,-1.31938e-06,-4.26026e-10,0.0002,3.87638e-08,-1.31938e-06,3.87638e-08,0.000199994
-0.672733,0.240186,1.59337,-0.673466,0.232569,1.59398,0.00335337,-0.0104724,0.039929,0.490607,0.000200016,-9.0374e-10,-1.30547e-06,-9.0374e-10,0.0002,9.27637e-08,-1.30547e-06,9.27637e-08,0.000199994
-0.672039,0.245497,1.59399,-0.672569,0.252837,1.59336,0.0040477,-0.00516158,0.0405509,0.463115,0.000200016,-1.57508e-09,-1.28049e-06,-1.57508e-09,0.0002,1.64718e-07,-1.28049e-06,1.64718e-07,0.000199994
-0.671153,0.249393,1.59416,-0.672548,0.252844,1.59327,0.00493328,-0.0012654,0.0407196,0.454918,0.000200014,-2.41841e-09,-1.20789e-06,-2.41841e-09,0.0002,2.63064e-07,-1.20789e-06,2.63064e-07,0.000199994
-0.669791,0.251788,1.59459,-0.672453,0.252883,1.59318,0.00550542,-0.00868019,0.0409181,0.45082,0.000200012,-3.46111e-09,-1.04483e-06,-3.46111e-09,0.000200001,4.2733e-07,-1.04483e-06,4.2733e-07,0.000199995
-0.668491,0.253363,1.59491,-0.672077,0.252864,1.59306,0.0068052,-0.00710538,0.0412377,0.438525,0.000200009,-4.01047e-09,-8.86644e-07,-4.01047e-09,0.000200002,5.54095e-07,-8.86644e-07,5.54095e-07,0.000199995
-0.667427,0.254396,1.59545,-0.671665,0.252906,1.59294,0.00472337,-0.0130726,0.0465489,0.430328,0.000200007,-4.06627e-09,-7.47925e-07,-4.06627e-09,0.000200003,6.25811e-07,-7.47925e-07,6.25811e-07,0.000199996
-0.665079,0.25847,1.59649,-0.664961,0.27052,1.59126,0.00707192,-0.00899792,0.0475855,0.63253,0.000200005,-3.92001e-09,-6.16026e-07,-3.92001e-09,0.000200004,6.96409e-07,-6.16026e-07,6.96409e-07,0.000199996
-0.663065,0.26158,1.59761,-0.664831,0.270499,1.59117,0.00908625,-0.00588814,0.0487067,0.621464,0.000200004,-3.6701e-09,-5.08702e-07,-3.6701e-09,0.000200005,7.59083e-07,-5.08702e-07,7.59083e-07,0.000199997
-0.661276,0.263922,1.59877,-0.664704,0.270495,1.59098,0.0085914,-0.00561999,0.0488545,0.616658,0.000200003,-3.369e-09,-4.17389e-07,-3.369e-09,0.000200006,8.23545e-07,-4.17389e-07,8.23545e-07,0.000199997
-0.659761,0.265737,1.59997,-0.664396,0.270511,1.59073,0.0101064,-0.00380567,0.0500485,0.616658,0.000200002,-3.04723e-09,-3.49376e-07,-3.04723e-09,0.000200006,8.68381e-07,-3.49376e-07,8.68381e-07,0.000199997
-0.658594,0.267045,1.60018,-0.664318,0.270538,1.59063,0.00626109,-0.00445651,0.0426376,0.616658,0.000200001,-2.62091e-09,-2.81812e-07,-2.62091e-09,0.000200007,8.87603e-07,-2.81812e-07,8.87603e-07,0.000199997
-0.655163,0.269019,1.60013,-0.651709,0.274451,1.58696,0.00969158,-0.00248294,0.0425871,0.448871,0.000200001,-2.42023e-09,-2.62555e-07,-2.42023e-09,0.000200007,8.95677e-07,-2.62555e-07,8.95677e-07,0.000199997
-0.652386,0.270625,1.59987,-0.651433,0.27449,1.58642,0.0124692,-0.000876138,0.0423348,0.440503,0.000200001,-2.28904e-09,-2.53462e-07,-2.28904e-09,0.000200007,8.97347e-07,-2.53462e-07,8.97347e-07,0.000199997
-0.650094,0.27201,1.59982,-0.651076,0.274565,1.58612,0.00898777,-0.000739612,0.0356883,0.418733,0.000200001,-2.27672e-09,-2.61252e-07,-2.27672e-09,0.000200007,8.97974e-07,-2.61252e-07,8.97974e-07,0.000199997
-0.648117,0.273126,1.59949,-0.650357,0.274607,1.58575,0.0109649,0.000376516,0.035362,0.408499,0.000200001,-2.27549e-09,-2.66135e-07,-2.27549e-09,0.000200007,8.98406e-07,-2.66135e-07,8.98406e-07,0.000199997
-0.646193,0.27386,1.59836,-0.64973,0.274635,1.58554,0.00731166,-0.000186434,0.0222502,0.408388,0.000200001,-2.178e-09,-2.42652e-07,-2.178e-09,0.000200008,9.33671e-07,-2.42652e-07,9.33671e-07,0.000199997
-0.644482,0.274453,1.59699,-0.649509,0.274652,1.58531,0.00902265,0.000406124,0.0208835,0.408388,0.000200001,-2.12805e-09,-2.27626e-07,-2.12805e-09,0.000200009,9.7677e-07,-2.27626e-07,9.7677e-07,0.000199997
-0.640587,0.275617,1.60044,-0.635795,0.278222,1.61113,0.0129172,0.00156995,0.0243347,0.577836,0.0002,-1.98484e-09,-2.09475e-07,-1.98484e-09,0.000200009,9.7067e-07,-2.09475e-07,9.7067e-07,0.000199997
-0.637379,0.276658,1.60269,-0.635628,0.278205,1.61115,0.0101996,0.00190725,0.0175217,0.574538,0.0002,-2.00444e-09,-2.1614e-07,-2.00444e-09,0.000200009,9.76284e-07,-2.1614e-07,9.76284e-07,0.000199997
-0.634714,0.277948,1.60398,-0.635169,0.278243,1.61118,0.012864,0.00319794,0.0188069,0.582258,0.000200001,-2.49059e-09,-2.92514e-07,-2.49059e-09,0.000200009,9.80904e-07,-2.92514e-07,9.80904e-07,0.000199997
-0.632543,0.279467,1.60511,-0.634775,0.278227,1.61122,0.0102629,0.00495648,0.0164037,0.57832,0.000200001,-3.37069e-09,-4.20019e-07,-3.37069e-09,0.000200009,9.77674e-07,-4.20019e-07,9.77674e-07,0.000199996
-0.630666,0.280914,1.6055,-0.63434,0.278192,1.61122,0.0121402,0.00640299,0.0167952,0.576128,0.000200002,-4.32897e-09,-5.39548e-07,-4.32897e-09,0.000200009,9.84449e-07,-5.39548e-07,9.84449e-07,0.000199996
-0.629064,0.282204,1.60581,-0.634236,0.278202,1.61116,0.0137423,0.00769327,0.0170981,0.568254,0.000200003,-5.25824e-09,-6.37051e-07,-5.25824e-09,0.000200009,1.0016e-06,-6.37051e-07,1.0016e-06,0.000199996
-0.626643,0.283637,1.60665,-0.627862,0.279168,1.61108,0.0131115,0.0083435,0.0166118,0.565885,0.000200004,-6.08995e-09,-7.33155e-07,-6.08995e-09,0.000200009,9.90663e-07,-7.33155e-07,9.90663e-07,0.000199995
-0.624653,0.284856,1.60719,-0.627687,0.279206,1.61091,0.0151009,0.00956293,0.0171488,0.553807,0.000200005,-6.78634e-09,-8.05233e-07,-6.78634e-09,0.000200009,9.86471e-07,-8.05233e-07,9.86471e-07,0.000199995
-0.623062,0.285871,1.6078,-0.627254,0.279201,1.61077,0.0115418,0.00813483,0.0265272,0.546025,0.000200006,-7.26101e-09,-8.57949e-07,-7.26101e-09,0.000200009,9.69668e-07,-8.57949e-07,9.69668e-07,0.000199995
-0.621742,0.286662,1.60797,-0.626912,0.279207,1.61074,0.0128615,0.00892636,0.0266987,0.545446,0.000200007,-7.55502e-09,-8.88236e-07,-7.55502e-09,0.000200009,9.55562e-07,-8.88236e-07,9.55562e-07,0.000199994
-0.620584,0.287361,1.6084,-0.626707,0.279207,1.61064,0.00859016,0.00567489,0.0276265,0.549902,0.000200007,-7.88204e-09,-9.18387e-07,-7.88204e-09,0.000200009,9.56168e-07,-9.18387e-07,9.56168e-07,0.000199994
-0.618376,0.289479,1.60864,-0.619982,0.287115,1.61065,0.010798,0.00779273,0.0278699,0.775752,0.000200008,-8.03532e-09,-9.34003e-07,-8.03532e-09,0.000200008,9.46375e-07,-9.34003e-07,9.46375e-07,0.000199994
-0.616591,0.291048,1.60904,-0.619912,0.287124,1.61063,0.0125831,0.0093612,0.0282678,0.779583,0.000200008,-8.01692e-09,-9.2376e-07,-8.01692e-09,0.000200008,9.40707e-07,-9.2376e-07,9.40707e-07,0.000199994
-0.615025,0.292266,1.60934,-0.619864,0.28713,1.61054,0.00997656,0.00613912,0.0281776,0.771921,0.000200008,-8.07723e-09,-9.11317e-07,-8.07723e-09,0.000200009,9.57614e-07,-9.11317e-07,9.57614e-07,0.000199994
-0.613826,0.293389,1.60863,-0.619784,0.287128,1.61045,0.0111748,0.00726155,0.0274682,0.764258,0.000200008,-8.19923e-09,-9.2647e-07,-8.19923e-09,0.000200009,9.57618e-07,-9.2647e-07,9.57618e-07,0.000199994
-0.612943,0.294284,1.60825,-0.619742,0.287138,1.61036,0.0120581,0.00815703,0.0270895,0.755033,0.000200008,-8.20512e-09,-9.3551e-07,-8.20512e-09,0.000200008,9.44171e-07,-9.3551e-07,9.44171e-07,0.000199994
-0.612245,0.294935,1.60762,-0.61969,0.287136,1.61027,0.00709132,0.00282791,0.0297381,0.755033,0.000200008,-8.12225e-09,-9.30716e-07,-8.12225e-09,0.000200008,9.32796e-07,-9.30716e-07,9.32796e-07,0.000199994
-0.60902,0.297731,1.60599,-0.607009,0.298499,1.60775,0.010316,0.00562378,0.0281075,0.718835,0.000200008,-8.18309e-09,-9.27893e-07,-8.18309e-09,0.000200008,9.46391e-07,-9.27893e-07,9.46391e-07,0.000199994
-0.606219,0.300018,1.60404,-0.606962,0.298507,1.60762,0.0072061,0.00185438,0.0299162,0.722608,0.000200008,-8.48785e-09,-9.33148e-07,-8.48785e-09,0.000200009,9.89683e-07,-9.33148e-07,9.89683e-07,0.000199994
-0.604048,0.301793,1.60265,-0.606911,0.298474,1.60747,0.00937663,0.00362916,0.0285318,0.715724,0.000200008,-8.59913e-09,-9.2864e-07,-8.59913e-09,0.000200009,1.00457e-06,-9.2864e-07,1.00457e-06,0.000199994
-0.602385,0.303166,1.60174,-0.606868,0.298478,1.6074,0.00810217,0.00187789,0.0257968,0.715724,0.000200008,-8.54997e-09,-9.18131e-07,-8.54997e-09,0.000200009,1.00106e-06,-9.18131e-07,1.00106e-06,0.000199994
-0.601047,0.304312,1.601,-0.606829,0.298506,1.60735,0.0094404,0.00302341,0.0250556,0.724944,0.000200008,-8.54804e-09,-9.17881e-07,-8.54804e-09,0.000200009,9.98913e-07,-9.17881e-07,9.98913e-07,0.000199994
-0.597402,0.307763,1.59807,-0.594141,0.310949,1.59102,0.0130849,0.00647432,0.0221283,0.695974,0.000200008,-8.63111e-09,-9.28177e-07,-8.63111e-09,0.000200009,1.00051e-06,-9.28177e-07,1.00051e-06,0.000199994
-0.594472,0.310451,1.59619,-0.593991,0.310933,1.59076,0.00655394,0.000488629,0.0256232,0.684822,0.000200008,-8.60879e-09,-9.23645e-07,-8.60879e-09,0.000200009,9.99172e-07,-9.23645e-07,9.99172e-07,0.000199994
-0.592046,0.312573,1.59515,-0.59392,0.310903,1.59047,0.00897978,0.00261066,0.0245819,0.684822,0.000200008,-8.62969e-09,-9.17161e-07,-8.62969e-09,0.000200009,1.00902e-06,-9.17161e-07,1.00902e-06,0.000199994
-0.590009,0.314236,1.59411,-0.593873,0.310935,1.59048,0.0110168,0.00427305,0.0235438,0.683879,0.000200008,-8.68326e-09,-9.06056e-07,-8.68326e-09,0.00020001,1.02951e-06,-9.06056e-07,1.02951e-06,0.000199994
-0.588448,0.315652,1.59323,-0.593788,0.310962,1.59021,0.00554396,-9.61412e-05,0.0232405,0.680161,0.000200008,-8.73023e-09,-9.11844e-07,-8.73023e-09,0.00020001,1.02904e-06,-9.11844e-07,1.02904e-06,0.000199993
-0.587272,0.316693,1.59229,-0.593739,0.310939,1.59008,0.00672026,0.000944724,0.0222999,0.677581,0.000200008,-8.59255e-09,-9.01216e-07,-8.59255e-09,0.00020001,1.0158e-06,-9.01216e-07,1.0158e-06,0.000199994
-0.582695,0.320311,1.58845,-0.57608,0.325378,1.57257,0.00474428,-0.00176107,0.0202995,0.434716,0.000200007,-8.47468e-09,-8.80948e-07,-8.47468e-09,0.00020001,1.02137e-06,-8.80948e-07,1.02137e-06,0.000199994
-0.578732,0.323272,1.58509,-0.57523,0.325309,1.57115,0.0087069,0.00119965,0.0169422,0.427889,0.000200007,-8.59048e-09,-8.80522e-07,-8.59048e-09,0.00020001,1.04628e-06,-8.80522e-07,1.04628e-06,0.000199994
-0.575336,0.325647,1.58219,-0.574757,0.325364,1.57005,0.0121037,0.00357467,0.0140361,0.423846,0.000200007,-8.8028e-09,-8.79223e-07,-8.8028e-09,0.000200011,1.08369e-06,-8.79223e-07,1.08369e-06,0.000199993
-0.572639,0.327502,1.57953,-0.574456,0.325384,1.56941,0.0113571,0.00242534,0.00864589,0.416332,0.000200007,-8.83815e-09,-8.7012e-07,-8.83815e-09,0.000200011,1.0951e-06,-8.7012e-07,1.0951e-06,0.000199993
-0.570511,0.328796,1.5779,-0.574305,0.325415,1.56932,0.0134855,0.00371936,0.00701812,0.419658,0.000200007,-8.58114e-09,-8.32764e-07,-8.58114e-09,0.000200011,1.09309e-06,-8.32764e-07,1.09309e-06,0.000199993
-0.568602,0.32966,1.57652,-0.574137,0.325419,1.56893,0.00840333,-0.00180556,0.00736734,0.404733,0.000200006,-8.31936e-09,-7.812e-07,-8.31936e-09,0.000200011,1.11969e-06,-7.812e-07,1.11969e-06,0.000199993
-0.56446,0.332521,1.57915,-0.561631,0.336584,1.58865,0.0125457,0.00105513,0.0100042,0.639606,0.000200005,-8.10172e-09,-7.34019e-07,-8.10172e-09,0.000200012,1.15762e-06,-7.34019e-07,1.15762e-06,0.000199993
-0.561293,0.334578,1.58157,-0.561627,0.336584,1.58865,0.0157123,0.00311226,0.0124242,0.639606,0.000200005,-7.53745e-09,-6.67509e-07,-7.53745e-09,0.000200012,1.1577e-06,-6.67509e-07,1.1577e-06,0.000199994
-0.558775,0.335683,1.58299,-0.561623,0.336519,1.58862,0.0109983,-0.000128312,0.0126855,0.622527,0.000200004,-6.44821e-09,-5.40571e-07,-6.44821e-09,0.000200012,1.15491e-06,-5.40571e-07,1.15491e-06,0.000199994
-0.556815,0.33642,1.58401,-0.561583,0.336521,1.58861,0.0129589,0.000608391,0.0137104,0.622527,0.000200003,-5.39909e-09,-4.35918e-07,-5.39909e-09,0.000200012,1.14306e-06,-4.35918e-07,1.14306e-06,0.000199994
-0.555158,0.337025,1.58545,-0.561568,0.336592,1.5886,0.007596,-0.00214954,0.0202676,0.641022,0.000200002,-4.64964e-09,-3.69858e-07,-4.64964e-09,0.000200012,1.14893e-06,-3.69858e-07,1.14893e-06,0.000199994
-0.550767,0.339093,1.58679,-0.546667,0.344898,1.59159,0.0119869,-8.17235e-05,0.0216069,0.678592,0.000200001,-4.02378e-09,-3.14554e-07,-4.02378e-09,0.000200013,1.16642e-06,-3.14554e-07,1.16642e-06,0.000199995
-0.547424,0.340641,1.58709,-0.546566,0.344901,1.59138,0.0153299,0.00146646,0.0219096,0.682052,0.000200001,-3.37264e-09,-2.61866e-07,-3.37264e-09,0.000200012,1.14721e-06,-2.61866e-07,1.14721e-06,0.000199995
-0.545058,0.34181,1.58638,-0.546517,0.344893,1.59126,0.0100111,0.000541556,0.0275262,0.688634,0.000200001,-2.73997e-09,-2.16861e-07,-2.73997e-09,0.000200011,1.08407e-06,-2.16861e-07,1.08407e-06,0.000199995
-0.543581,0.342652,1.58496,-0.546481,0.344884,1.59117,0.0114874,0.00138278,0.0261077,0.695565,0.000200001,-2.10905e-09,-1.72976e-07,-2.10905e-09,0.00020001,9.75863e-07,-1.72976e-07,9.75863e-07,0.000199996
-0.542607,0.343191,1.58339,-0.546465,0.344879,1.59108,0.00592706,0.00180983,0.0120993,0.695565,0.0002,-1.51742e-09,-1.23563e-07,-1.51742e-09,0.000200008,8.72865e-07,-1.23563e-07,8.72865e-07,0.000199996
-0.539954,0.343747,1.5809,-0.536363,0.346285,1.5854,0.00858046,0.00236568,0.00960534,0.840878,0.0002,-9.72928e-10,-6.74817e-08,-9.72928e-10,0.000200007,7.83362e-07,-6.74817e-08,7.83362e-07,0.000199997
-0.53801,0.344162,1.57895,-0.536298,0.346263,1.58516,0.0105248,0.0027801,0.00766446,0.840878,0.0002,-5.78803e-10,-2.74529e-08,-5.78803e-10,0.000200006,6.95447e-07,-2.74529e-08,6.95447e-07,0.000199997
-0.536591,0.344586,1.57831,-0.536236,0.346213,1.58505,0.00814528,0.00422207,0.0114625,0.833681,0.0002,-3.84282e-10,-1.85615e-08,-3.84282e-10,0.000200005,6.15248e-07,-1.85615e-08,6.15248e-07,0.000199998
-0.535542,0.344967,1.57882,-0.536236,0.346219,1.585,0.00919428,0.00460286,0.0119727,0.833681,0.0002,-2.80537e-10,-1.97003e-08,-2.80537e-10,0.000200004,5.50264e-07,-1.97003e-08,5.50264e-07,0.000199998
-0.534831,0.345363,1.58006,-0.536231,0.346264,1.58501,0.00737686,0.00484691,0.0190207,0.847015,0.0002,-2.54155e-10,-3.41202e-08,-2.54155e-10,0.000200003,4.88134e-07,-3.41202e-08,4.88134e-07,0.000199999
-0.534348,0.345638,1.58168,-0.536242,0.346268,1.58503,0.00785929,0.00512187,0.0206365,0.850348,0.0002,-2.1402e-10,-3.66798e-08,-2.1402e-10,0.000200002,4.34784e-07,-3.66798e-08,4.34784e-07,0.000199999
-0.532336,0.345834,1.58156,-0.528001,0.345423,1.5754,0.00987113,0.00531782,0.0205203,0.913384,0.0002,-2.48409e-10,-6.23748e-08,-2.48409e-10,0.000200002,3.96909e-07,-6.23748e-08,3.96909e-07,0.000199999
-0.530696,0.346094,1.58175,-0.527948,0.345407,1.57525,0.00800703,0.00629462,0.0239368,0.916578,0.0002,-3.16323e-10,-9.59102e-08,-3.16323e-10,0.000200002,3.75848e-07,-9.59102e-08,3.75848e-07,0.000199999
-0.529203,0.346384,1.58187,-0.527892,0.345379,1.57512,0.00950011,0.00658383,0.0240598,0.909585,0.0002,-4.22774e-10,-1.31355e-07,-4.22774e-10,0.000200002,3.8941e-07,-1.31355e-07,3.8941e-07,0.000199999
-0.527724,0.346762,1.58183,-0.527848,0.345356,1.57496,0.0101477,0.00660923,0.0173637,0.916578,0.0002,-6.2447e-10,-1.78425e-07,-6.2447e-10,0.000200002,4.42026e-07,-1.78425e-07,4.42026e-07,0.000199999
-0.526188,0.347107,1.5822,-0.527784,0.345344,1.57486,0.0116836,0.00695471,0.0177278,0.916578,0.0002,-8.99168e-10,-2.1617e-07,-8.99168e-10,0.000200002,5.30014e-07,-2.1617e-07,5.30014e-07,0.000199999
-0.524547,0.347327,1.58237,-0.527744,0.345361,1.5748,0.0133252,0.0071745,0.017903,0.917117,0.0002,-1.19606e-09,-2.31045e-07,-1.19606e-09,0.000200003,6.51097e-07,-2.31045e-07,6.51097e-07,0.000199999
-0.521735,0.347872,1.5906,-0.521702,0.347865,1.61935,0.0136062,0.00747691,0.0213662,1.08777,0.0002,-1.37315e-09,-2.13673e-07,-1.37315e-09,0.000200005,7.76654e-07,-2.13673e-07,7.76654e-07,0.000199998
-0.519456,0.348281,1.59719,-0.521762,0.34787,1.61944,0.0158855,0.00788628,0.0279628,1.08282,0.0002,-1.47448e-09,-1.98849e-07,-1.47448e-09,0.000200006,8.63402e-07,-1.98849e-07,8.63402e-07,0.000199998
-0.51747,0.348588,1.60269,-0.521801,0.347901,1.61949,0.0160695,0.0080861,0.0229669,1.09361,0.0002,-1.54774e-09,-1.85821e-07,-1.54774e-09,0.000200007,9.45889e-07,-1.85821e-07,9.45889e-07,0.000199998
-0.515707,0.348679,1.60668,-0.521803,0.347902,1.61952,0.0178327,0.00817707,0.0269554,1.08642,0.0002,-1.45955e-09,-1.53116e-07,-1.45955e-09,0.000200009,1.02648e-06,-1.53116e-07,1.02648e-06,0.000199997
-0.51425,0.348634,1.60925,-0.521805,0.347904,1.61956,0.0192901,0.00813226,0.0295316,1.08642,0.0002,-1.2388e-09,-1.13375e-07,-1.2388e-09,0.00020001,1.08548e-06,-1.13375e-07,1.08548e-06,0.000199997
-0.511375,0.347446,1.60624,-0.513595,0.342334,1.59788,0.0184486,0.0095922,0.0160352,1.13406,0.0002,-1.03609e-09,-8.56394e-08,-1.03609e-09,0.000200011,1.13354e-06,-8.56394e-08,1.13354e-06,0.000199996
-0.509147,0.346525,1.6032,-0.513518,0.3423,1.59777,0.020677,0.00867058,0.0129884,1.12338,0.0002,-9.00395e-10,-7.25717e-08,-9.00395e-10,0.000200012,1.15051e-06,-7.25717e-08,1.15051e-06,0.000199996
-0.507266,0.345766,1.60066,-0.513353,0.342312,1.59776,0.0179651,0.0113901,0.00710747,1.12663,0.0002,-7.68669e-10,-5.97688e-08,-7.68669e-10,0.000200012,1.17174e-06,-5.97688e-08,1.17174e-06,0.000199996
-0.505751,0.345157,1.5984,-0.513297,0.34232,1.59766,0.0194804,0.0107811,0.00484836,1.13019,0.0002,-6.59561e-10,-5.0356e-08,-6.59561e-10,0.000200013,1.18535e-06,-5.0356e-08,1.18535e-06,0.000199995
-0.504421,0.344604,1.59647,-0.513252,0.342314,1.59759,0.02081,0.0102284,0.00292304,1.13019,0.0002,-4.97564e-10,-3.35174e-08,-4.97564e-10,0.000200013,1.21136e-06,-3.35174e-08,1.21136e-06,0.000199995
-0.503481,0.344069,1.59493,-0.51324,0.342306,1.59757,0.0163669,0.012886,0.0109296,1.12663,0.0002,-2.50189e-10,-7.78044e-09,-2.50189e-10,0.000200013,1.20792e-06,-7.78044e-09,1.20792e-06,0.000199995
-0.500975,0.342083,1.59385,-0.503201,0.334785,1.5963,0.0188731,0.0109003,0.00984743,0.995265,0.0002,-1.16555e-12,1.68565e-08,-1.16555e-12,0.000200013,1.16502e-06,1.68565e-08,1.16502e-06,0.000199995
-0.499156,0.340446,1.59245,-0.503177,0.334676,1.59623,0.0176143,0.0104965,0.00836294,0.959926,0.0002,2.0767e-10,3.73389e-08,2.0767e-10,0.000200012,1.10698e-06,3.73389e-08,1.10698e-06,0.000199995
-0.497654,0.339241,1.59134,-0.503143,0.334778,1.59623,0.0191166,0.00929155,0.00724867,0.991529,0.0002,2.63473e-10,3.72092e-08,2.63473e-10,0.000200011,1.07634e-06,3.72092e-08,1.07634e-06,0.000199996
-0.496386,0.338366,1.59013,-0.503121,0.33469,1.59621,0.0143619,0.0105972,0.00614355,0.963036,0.0002,1.8384e-10,2.04832e-08,1.8384e-10,0.000200011,1.06662e-06,2.04832e-08,1.06662e-06,0.000199996
-0.495395,0.337813,1.58927,-0.503114,0.33469,1.5962,0.015353,0.0100439,0.00528236,0.966545,0.0002,-4.64069e-11,-1.35778e-08,-4.64069e-11,0.000200011,1.05659e-06,-1.35778e-08,1.05659e-06,0.000199996
-0.492635,0.336674,1.58706,-0.492225,0.331684,1.59066,0.0181128,0.00890442,0.00306884,0.948015,0.0002,-1.22043e-10,-2.07264e-08,-1.22043e-10,0.00020001,1.0164e-06,-2.07264e-08,1.0164e-06,0.000199996
-0.490417,0.33567,1.58526,-0.492185,0.331663,1.59049,0.0130609,0.00735155,0.0109763,0.954888,0.0002,-8.18111e-11,-1.09364e-08,-8.18111e-11,0.00020001,9.90879e-07,-1.09364e-08,9.90879e-07,0.000199996
-0.488612,0.334883,1.58389,-0.492134,0.331649,1.59036,0.0148659,0.00656495,0.00961183,0.954733,0.0002,-6.60925e-11,-7.54346e-09,-6.60925e-11,0.000200009,9.77907e-07,-7.54346e-09,9.77907e-07,0.000199996
-0.487205,0.33421,1.58278,-0.492109,0.331651,1.59027,0.016273,0.00589118,0.00850363,0.958036,0.0002,-6.23059e-12,1.97221e-09,-6.23059e-12,0.000200009,9.62868e-07,1.97221e-09,9.62868e-07,0.000199997
-0.486203,0.33358,1.58189,-0.492093,0.331637,1.59021,0.0117464,0.00511057,0.00914643,0.958036,0.0002,1.26055e-10,2.22324e-08,1.26055e-10,0.000200008,9.3294e-07,2.22324e-08,9.3294e-07,0.000199997
-0.485398,0.333115,1.58054,-0.492079,0.331623,1.59017,0.0125507,0.0046458,0.00780005,0.954576,0.0002,1.87728e-10,2.89224e-08,1.87728e-10,0.000200008,9.13701e-07,2.89224e-08,9.13701e-07,0.000199997
-0.482227,0.332609,1.5771,-0.47954,0.330696,1.57783,0.00908914,0.00503772,0.0152179,1.12778,0.0002,1.74267e-10,2.33587e-08,1.74267e-10,0.000200008,9.04712e-07,2.33587e-08,9.04712e-07,0.000199997
-0.479741,0.332225,1.57461,-0.479475,0.330716,1.57762,0.0115755,0.00465349,0.0127338,1.14069,0.0002,1.45405e-10,1.7403e-08,1.45405e-10,0.000200008,8.88722e-07,1.7403e-08,8.88722e-07,0.000199997
-0.477767,0.33185,1.57271,-0.479447,0.330714,1.57754,0.00727831,0.00418517,0.018534,1.14069,0.0002,1.84456e-10,2.45331e-08,1.84456e-10,0.000200007,8.75087e-07,2.45331e-08,8.75087e-07,0.000199997
-0.476222,0.331528,1.5714,-0.479404,0.330614,1.57753,0.00882316,0.00386306,0.0172186,1.11348,0.0002,2.16277e-10,2.95926e-08,2.16277e-10,0.000200007,8.59531e-07,2.95926e-08,8.59531e-07,0.000199997
-0.474833,0.33142,1.57064,-0.479382,0.330625,1.57744,0.010212,0.0037549,0.0164602,1.11682,0.0002,1.10497e-10,9.32937e-09,1.10497e-10,0.000200007,8.7343e-07,9.32937e-09,8.7343e-07,0.000199997
-0.473722,0.33135,1.57002,-0.479382,0.330714,1.57737,0.00875885,0.00397716,0.0214285,1.15084,0.0002,2.49904e-11,-3.39387e-09,2.49904e-11,0.000200007,8.82333e-07,-3.39387e-09,8.82333e-07,0.000199997
-0.470275,0.331142,1.5648,-0.467017,0.33027,1.55478,0.0122058,0.00376942,0.0162071,1.04391,0.0002,-4.4537e-13,-4.39777e-09,-4.4537e-13,0.000200007,9.01628e-07,-4.39777e-09,9.01628e-07,0.000199997
-0.467456,0.330972,1.56077,-0.466921,0.330287,1.55449,0.0080546,0.00357139,0.021838,1.04707,0.0002,-7.60146e-12,-3.31056e-09,-7.60146e-12,0.000200008,9.20789e-07,-3.31056e-09,9.20789e-07,0.000199997
-0.465204,0.330832,1.55782,-0.466831,0.330185,1.55432,0.0103071,0.00343106,0.0188909,1.01656,0.0002,-2.44411e-11,-4.8074e-09,-2.44411e-11,0.000200008,9.2969e-07,-4.8074e-09,9.2969e-07,0.000199997
-0.463464,0.330569,1.55535,-0.466813,0.33019,1.55429,0.0120468,0.00316835,0.0164245,1.02334,0.0002,1.13657e-10,1.89475e-08,1.13657e-10,0.000200008,9.24822e-07,1.89475e-08,9.24822e-07,0.000199997
-0.46191,0.330259,1.55264,-0.466738,0.330242,1.55419,0.00855735,0.00345739,0.0175065,1.02792,0.0002,3.43653e-10,5.27181e-08,3.43653e-10,0.000200008,9.45134e-07,5.27181e-08,9.45134e-07,0.000199997
-0.458985,0.330037,1.5501,-0.458327,0.330388,1.55447,0.0114824,0.0032356,0.014975,1.3705,0.0002,5.34998e-10,7.54738e-08,5.34998e-10,0.000200008,9.58e-07,7.54738e-08,9.58e-07,0.000199997
-0.456739,0.329978,1.54809,-0.458383,0.330348,1.55452,0.00718142,0.00383117,0.0150698,1.35718,0.0002,5.49988e-10,7.01863e-08,5.49988e-10,0.000200008,9.53015e-07,7.01863e-08,9.53015e-07,0.000199997
-0.45475,0.329846,1.5463,-0.458389,0.329427,1.55416,0.00917043,0.00369931,0.0132813,1.16593,0.0002,4.68358e-10,5.13308e-08,4.68358e-10,0.000200009,9.80845e-07,5.13308e-08,9.80845e-07,0.000199997
-0.453118,0.329908,1.54495,-0.458395,0.330281,1.55456,0.0108028,0.00376184,0.0119316,1.35146,0.0002,4.03355e-10,4.0119e-08,4.03355e-10,0.000200009,1.00545e-06,4.0119e-08,1.00545e-06,0.000199997
-0.451918,0.329898,1.54392,-0.458408,0.329445,1.55428,0.00453019,0.00386538,0.022878,1.19883,0.0002,2.33858e-10,1.58938e-08,2.33858e-10,0.000200009,1.00468e-06,1.58938e-08,1.00468e-06,0.000199997
-0.450937,0.329874,1.5434,-0.458403,0.329483,1.55429,0.00551132,0.00384123,0.0223634,1.2087,0.0002,1.25858e-10,4.12723e-09,1.25858e-10,0.000200009,1.00749e-06,4.12723e-09,1.00749e-06,0.000199997
-0.446492,0.330065,1.54064,-0.4403,0.331256,1.54046,0.00995585,0.00403268,0.0196021,0.918315,0.0002,1.81941e-10,1.72112e-08,1.81941e-10,0.00020001,1.01548e-06,1.72112e-08,1.01548e-06,0.000199997
-0.442856,0.330273,1.53891,-0.440226,0.331243,1.54025,0.00791386,0.00391666,0.0223596,0.918317,0.0002,1.72115e-10,1.64929e-08,1.72115e-10,0.00020001,1.03109e-06,1.64929e-08,1.03109e-06,0.000199996
-0.439843,0.330344,1.53768,-0.440112,0.331218,1.53999,0.0109277,0.00398748,0.0211277,0.907936,0.0002,2.67849e-10,3.06591e-08,2.67849e-10,0.00020001,1.05422e-06,3.06591e-08,1.05422e-06,0.000199996
-0.437382,0.330357,1.53646,-0.440072,0.331227,1.53988,0.00474862,0.00506089,0.0248835,0.911468,0.0002,4.02249e-10,4.73551e-08,4.02249e-10,0.000200011,1.07556e-06,4.73551e-08,1.07556e-06,0.000199996
-0.435629,0.330477,1.53536,-0.439994,0.331214,1.53973,0.0065019,0.0051812,0.0237776,0.904548,0.0002,3.72134e-10,4.02065e-08,3.72134e-10,0.00020001,1.05238e-06,4.02065e-08,1.05238e-06,0.000199996
-0.431779,0.330228,1.53126,-0.427552,0.329341,1.52574,0.0103515,0.0049314,0.0196792,1.43078,0.0002,3.00068e-10,2.91611e-08,3.00068e-10,0.00020001,1.03099e-06,2.91611e-08,1.03099e-06,0.000199996
-0.428722,0.330004,1.52767,-0.42755,0.329348,1.52576,0.00768647,0.00524297,0.0219648,1.42733,0.0002,2.75134e-10,2.6951e-08,2.75134e-10,0.00020001,1.01374e-06,2.6951e-08,1.01374e-06,0.000199996
-0.426235,0.329737,1.5246,-0.427542,0.32936,1.52578,0.0101733,0.00497588,0.0188938,1.43078,0.0002,3.58853e-10,4.08115e-08,3.58853e-10,0.00020001,1.00883e-06,4.08115e-08,1.00883e-06,0.000199996
-0.424176,0.329586,1.52225,-0.427528,0.329387,1.5258,0.00496491,0.00501158,0.0273549,1.42383,0.0002,3.71694e-10,4.10481e-08,3.71694e-10,0.00020001,1.01632e-06,4.10481e-08,1.01632e-06,0.000199996
-0.422506,0.329435,1.52089,-0.427511,0.329369,1.52579,0.00663535,0.00486097,0.0259912,1.42383,0.0002,4.09594e-10,4.54032e-08,4.09594e-10,0.00020001,1.02431e-06,4.54032e-08,1.02431e-06,0.000199996
-0.421124,0.329349,1.5202,-0.427507,0.329348,1.52573,0.00481498,0.00492385,0.0283321,1.42733,0.0002,3.99452e-10,4.20629e-08,3.99452e-10,0.00020001,1.03656e-06,4.20629e-08,1.03656e-06,0.000199996
-0.417103,0.329072,1.51571,-0.412487,0.328644,1.50084,0.00883597,0.00464757,0.0238386,1.27547,0.0002,4.25805e-10,4.57934e-08,4.25805e-10,0.00020001,1.03046e-06,4.57934e-08,1.03046e-06,0.000199996
-0.413801,0.328772,1.51299,-0.41236,0.328618,1.50056,0.0121377,0.00434696,0.0211191,1.27343,0.0002,5.30555e-10,6.01556e-08,5.30555e-10,0.00020001,1.03613e-06,6.01556e-08,1.03613e-06,0.000199996
-0.411017,0.328468,1.51097,-0.412268,0.328575,1.50031,0.00953266,0.00407933,0.0203515,1.27444,0.0002,6.84177e-10,7.82361e-08,6.84177e-10,0.00020001,1.05968e-06,7.82361e-08,1.05968e-06,0.000199996
-0.408791,0.328236,1.50919,-0.412172,0.328532,1.49998,0.0117586,0.00384728,0.018567,1.26885,0.0002,7.84749e-10,8.70597e-08,7.84749e-10,0.000200011,1.07147e-06,8.70597e-08,1.07147e-06,0.000199996
-0.406986,0.328039,1.50703,-0.411836,0.328473,1.49944,0.00619373,0.00547317,0.0198405,1.26513,0.0002,8.6014e-10,9.32929e-08,8.6014e-10,0.000200011,1.07213e-06,9.32929e-08,1.07213e-06,0.000199996
-0.405536,0.328023,1.50516,-0.411748,0.328445,1.49922,0.00764358,0.00545695,0.0179688,1.26513,0.0002,7.51546e-10,7.4173e-08,7.51546e-10,0.000200011,1.07059e-06,7.4173e-08,1.07059e-06,0.000199996
-0.401891,0.328143,1.50549,-0.39894,0.32841,1.50835,0.0112891,0.00557717,0.0182966,1.33575,0.0002,5.14027e-10,4.13823e-08,5.14027e-10,0.00020001,1.05734e-06,4.13823e-08,1.05734e-06,0.000199996
-0.398935,0.328194,1.50616,-0.398944,0.328412,1.50834,0.00719091,0.00590416,0.0162418,1.33575,0.0002,3.78129e-10,2.73173e-08,3.78129e-10,0.00020001,1.05521e-06,2.73173e-08,1.05521e-06,0.000199996
-0.396539,0.328105,1.50691,-0.398953,0.328408,1.50833,0.00958738,0.00581473,0.0169872,1.33933,0.0002,4.19336e-10,3.87771e-08,4.19336e-10,0.00020001,1.05932e-06,3.87771e-08,1.05932e-06,0.000199996
-0.394526,0.327839,1.5076,-0.398946,0.328421,1.5083,0.00538663,0.00576823,0.0208707,1.34581,0.0002,6.84146e-10,7.74212e-08,6.84146e-10,0.000200011,1.07702e-06,7.74212e-08,1.07702e-06,0.000199996
-0.392912,0.327667,1.50815,-0.398939,0.328406,1.50829,0.00700108,0.00559588,0.0214225,1.33933,0.0002,8.50432e-10,9.50832e-08,8.50432e-10,0.000200011,1.0888e-06,9.50832e-08,1.0888e-06,0.000199996
-0.388644,0.327493,1.51018,-0.383677,0.327528,1.51413,0.0112685,0.00542163,0.0234471,0.824146,0.0002,8.15857e-10,8.47403e-08,8.15857e-10,0.000200011,1.08407e-06,8.47403e-08,1.08407e-06,0.000199996
-0.385207,0.327373,1.51252,-0.383675,0.32752,1.51412,0.00716895,0.00684895,0.0220784,0.827809,0.0002,7.53439e-10,7.37881e-08,7.53439e-10,0.000200011,1.0847e-06,7.37881e-08,1.0847e-06,0.000199996
-0.382502,0.327393,1.51405,-0.383612,0.327528,1.51398,0.00987384,0.00686849,0.0236122,0.824024,0.0002,5.68154e-10,4.84473e-08,5.68154e-10,0.000200011,1.07591e-06,4.84473e-08,1.07591e-06,0.000199996
-0.380334,0.327367,1.51567,-0.383364,0.327517,1.51386,0.00496743,0.00775346,0.0261409,0.824024,0.0002,4.61036e-10,3.78708e-08,4.61036e-10,0.000200011,1.06312e-06,3.78708e-08,1.06312e-06,0.000199996
-0.378558,0.327324,1.51727,-0.383256,0.327504,1.51381,0.00674393,0.00770974,0.0277362,0.824024,0.0002,4.01834e-10,3.3928e-08,4.01834e-10,0.000200011,1.05817e-06,3.3928e-08,1.05817e-06,0.000199996
-0.375636,0.326456,1.51907,-0.37551,0.323926,1.51856,0.00966525,0.0068418,0.0295449,0.953968,0.0002,4.93035e-10,5.10391e-08,4.93035e-10,0.00020001,1.04716e-06,5.10391e-08,1.04716e-06,0.000199996
-0.373272,0.325825,1.52022,-0.375496,0.323918,1.51859,0.00956475,0.00650214,0.0229876,0.950987,0.0002,4.96959e-10,5.14382e-08,4.96959e-10,0.00020001,1.04407e-06,5.14382e-08,1.04407e-06,0.000199996
-0.37136,0.325303,1.52103,-0.3755,0.323936,1.51857,0.011476,0.00598042,0.0237956,0.950987,0.0002,5.2269e-10,5.48812e-08,5.2269e-10,0.00020001,1.04534e-06,5.48812e-08,1.04534e-06,0.000199996
-0.369786,0.324844,1.52167,-0.375475,0.323943,1.51857,0.0076663,0.00716599,0.0218122,0.948011,0.0002,5.92417e-10,6.39076e-08,5.92417e-10,0.00020001,1.05264e-06,6.39076e-08,1.05264e-06,0.000199996
-0.368562,0.324606,1.52218,-0.375474,0.323941,1.51852,0.00888981,0.00692846,0.0223201,0.950992,0.0002,5.0004e-10,4.87151e-08,5.0004e-10,0.00020001,1.05151e-06,4.87151e-08,1.05151e-06,0.000199996
-0.36752,0.324392,1.52268,-0.375471,0.323939,1.51846,0.00993192,0.00671402,0.0228165,0.950992,0.0002,4.52895e-10,4.26312e-08,4.52895e-10,0.00020001,1.06082e-06,4.26312e-08,1.06082e-06,0.000199996
-0.363982,0.323543,1.52635,-0.362253,0.320808,1.5333,0.00617253,0.00740384,0.0222808,1.88664,0.0002,4.91768e-10,4.90647e-08,4.91768e-10,0.000200011,1.07652e-06,4.90647e-08,1.07652e-06,0.000199996
-0.361092,0.322763,1.5296,-0.362256,0.320818,1.5333,0.00906238,0.00662288,0.0255305,1.88664,0.0002,6.4205e-10,6.89979e-08,6.4205e-10,0.000200011,1.09614e-06,6.89979e-08,1.09614e-06,0.000199996
-0.358914,0.322212,1.53177,-0.362299,0.320924,1.53319,0.00493555,0.00746662,0.0295355,1.90977,0.0002,6.90702e-10,7.30372e-08,6.90702e-10,0.000200011,1.08866e-06,7.30372e-08,1.08866e-06,0.000199996
-0.357178,0.321807,1.53342,-0.36224,0.320764,1.5333,0.00667128,0.00706182,0.0311864,1.86207,0.0002,6.45175e-10,6.45043e-08,6.45175e-10,0.000200011,1.08091e-06,6.45043e-08,1.08091e-06,0.000199996
-0.355821,0.32154,1.5342,-0.362298,0.320922,1.53318,0.00802786,0.00679431,0.0319665,1.90977,0.0002,5.77912e-10,5.51328e-08,5.77912e-10,0.000200011,1.07269e-06,5.51328e-08,1.07269e-06,0.000199996
-0.354809,0.321298,1.53464,-0.362237,0.320759,1.53329,0.00295925,0.00776143,0.0202158,1.86207,0.0002,5.15681e-10,4.8449e-08,5.15681e-10,0.000200011,1.05384e-06,4.8449e-08,1.05384e-06,0.000199996
-0.35123,0.320573,1.53588,-0.348718,0.317981,1.53831,0.00653779,0.00703718,0.0214647,1.90102,0.0002,4.49867e-10,4.10189e-08,4.49867e-10,0.00020001,1.0521e-06,4.10189e-08,1.0521e-06,0.000199996
-0.348288,0.319921,1.53729,-0.348738,0.317836,1.53826,0.00199082,0.00658369,0.0236187,1.86038,0.0002,4.49187e-10,4.28587e-08,4.49187e-10,0.000200011,1.06438e-06,4.28587e-08,1.06438e-06,0.000199996
-0.34589,0.31932,1.53802,-0.34872,0.317864,1.53835,0.00438822,0.00598322,0.0243455,1.86592,0.0002,5.48649e-10,5.7519e-08,5.48649e-10,0.000200011,1.0786e-06,5.7519e-08,1.0786e-06,0.000199996
-0.344034,0.318863,1.53849,-0.348714,0.317857,1.53834,0.00624431,0.0055259,0.0248219,1.86232,0.0002,5.97675e-10,6.29331e-08,5.97675e-10,0.000200011,1.07763e-06,6.29331e-08,1.07763e-06,0.000199996
-0.342631,0.318667,1.53907,-0.348726,0.317842,1.53827,0.000753214,0.00696157,0.0224273,1.86398,0.0002,4.34192e-10,3.84714e-08,4.34192e-10,0.000200011,1.06428e-06,3.84714e-08,1.06428e-06,0.000199996
-0.338535,0.318214,1.54205,-0.334275,0.316509,1.55191,0.0048499,0.00650873,0.0254077,2.02348,0.0002,3.56826e-10,2.99255e-08,3.56826e-10,0.000200011,1.06913e-06,2.99255e-08,1.06913e-06,0.000199996
-0.335366,0.317778,1.54495,-0.33428,0.316425,1.55193,0.00168075,0.00628532,0.0291344,2.00772,0.0002,3.5297e-10,3.27855e-08,3.5297e-10,0.00020001,1.05496e-06,3.27855e-08,1.05496e-06,0.000199996
-0.332745,0.317549,1.5479,-0.33428,0.3166,1.55194,0.00430264,0.00605692,0.0320827,2.03374,0.0002,2.54097e-10,1.99664e-08,2.54097e-10,0.000200011,1.05987e-06,1.99664e-08,1.05987e-06,0.000199996
-0.330646,0.317222,1.55046,-0.334261,0.316499,1.5519,0.00640094,0.00573002,0.0346408,2.02461,0.0002,3.10688e-10,3.09439e-08,3.10688e-10,0.000200011,1.06259e-06,3.09439e-08,1.06259e-06,0.000199996
-0.329079,0.316843,1.55241,-0.334274,0.316412,1.55193,0.00453952,0.00564335,0.0339591,2.01139,0.0002,4.62884e-10,5.37391e-08,4.62884e-10,0.00020001,1.04705e-06,5.37391e-08,1.04705e-06,0.000199996
-0.327764,0.316538,1.55427,-0.334291,0.316507,1.55187,0.00585401,0.00533829,0.035817,2.01728,0.0002,6.04436e-10,7.10358e-08,6.04436e-10,0.00020001,1.04733e-06,7.10358e-08,1.04733e-06,0.000199996
-0.323668,0.316291,1.55606,-0.319191,0.315729,1.5539,0.00994988,0.00509185,0.037607,1.6986,0.0002,5.46728e-10,5.7681e-08,5.46728e-10,0.00020001,1.05132e-06,5.7681e-08,1.05132e-06,0.000199996
-0.320457,0.316119,1.55697,-0.3192,0.315729,1.5539,0.0025419,0.00648427,0.03352,1.6986,0.0002,4.65192e-10,4.51621e-08,4.65192e-10,0.00020001,1.04372e-06,4.51621e-08,1.04372e-06,0.000199996
-0.317864,0.316051,1.5576,-0.319194,0.31575,1.5539,0.0051346,0.00641583,0.0341467,1.69836,0.0002,3.2948e-10,2.66921e-08,3.2948e-10,0.00020001,1.04239e-06,2.66921e-08,1.04239e-06,0.000199996
-0.315767,0.316098,1.55862,-0.319193,0.315728,1.5539,0.00434198,0.00686504,0.0257459,1.69669,0.0002,1.04109e-10,-2.58356e-09,1.04109e-10,0.00020001,1.04513e-06,-2.58356e-09,1.04513e-06,0.000199996
-0.314009,0.315922,1.55984,-0.319202,0.315725,1.5539,0.00610022,0.006689,0.0269752,1.69494,0.0002,1.60565e-10,1.22597e-08,1.60565e-10,0.00020001,1.06014e-06,1.22597e-08,1.06014e-06,0.000199996
-0.309408,0.31564,1.56175,-0.303332,0.315521,1.55799,0.0107009,0.00640663,0.0288815,1.77043,0.0002,3.30674e-10,3.82712e-08,3.30674e-10,0.000200011,1.07303e-06,3.82712e-08,1.07303e-06,0.000199996
-0.305747,0.31552,1.56337,-0.30333,0.315507,1.55796,0.00748647,0.00599681,0.0233045,1.77416,0.0002,3.4254e-10,3.70784e-08,3.4254e-10,0.000200011,1.07804e-06,3.70784e-08,1.07804e-06,0.000199996
-0.30284,0.315493,1.56478,-0.303335,0.315521,1.55798,0.0103935,0.00596988,0.0247108,1.77043,0.0002,2.71025e-10,2.54047e-08,2.71025e-10,0.000200011,1.07791e-06,2.54047e-08,1.07791e-06,0.000199996
-0.300621,0.315497,1.566,-0.303334,0.315528,1.55795,0.00521836,0.00674462,0.0216133,1.77235,0.0002,1.82505e-10,1.38872e-08,1.82505e-10,0.000200011,1.06082e-06,1.38872e-08,1.06082e-06,0.000199996
-0.298864,0.315521,1.56709,-0.303327,0.315521,1.55798,0.00697443,0.00676916,0.0226998,1.77043,0.0002,8.756e-11,2.60637e-09,8.756e-11,0.00020001,1.04648e-06,2.60637e-09,1.04648e-06,0.000199996
-0.297357,0.315476,1.56806,-0.303344,0.315513,1.55798,0.00150824,0.00665902,0.0214025,1.77235,0.0002,8.29665e-11,5.15333e-09,8.29665e-11,0.00020001,1.05431e-06,5.15333e-09,1.05431e-06,0.000199996
-0.29364,0.315503,1.57098,-0.291217,0.315973,1.56972,0.00522482,0.00668611,0.0243219,2.24407,0.0002,1.29423e-10,1.33086e-08,1.29423e-10,0.000200011,1.07294e-06,1.33086e-08,1.07294e-06,0.000199996
-0.290671,0.31553,1.57291,-0.291238,0.315975,1.56975,0.00819402,0.00671284,0.0262499,2.24357,0.0002,1.62241e-10,1.75716e-08,1.62241e-10,0.000200011,1.08489e-06,1.75716e-08,1.08489e-06,0.000199996
-0.288374,0.315636,1.57465,-0.291205,0.315964,1.5697,0.00383358,0.00665685,0.0121889,2.24027,0.0002,8.44997e-11,5.88523e-09,8.44997e-11,0.000200011,1.07887e-06,5.88523e-09,1.07887e-06,0.000199996
-0.286532,0.315723,1.57563,-0.291182,0.315954,1.56972,0.00567568,0.00674302,0.0131696,2.23976,0.0002,1.92021e-11,-2.06366e-09,1.92021e-11,0.000200011,1.07501e-06,-2.06366e-09,1.07501e-06,0.000199996
-0.285078,0.315812,1.57631,-0.291171,0.315945,1.5697,-0.000204067,0.00717246,0.00713788,2.23976,0.0002,-5.67874e-11,-1.08571e-08,-5.67874e-11,0.000200011,1.06911e-06,-1.08571e-08,1.06911e-06,0.000199996
-0.283828,0.315931,1.57664,-0.291163,0.315958,1.56968,0.00104604,0.00729085,0.0074681,2.24027,0.0002,-1.65974e-10,-2.35543e-08,-1.65974e-10,0.000200011,1.07889e-06,-2.35543e-08,1.07889e-06,0.000199996
-0.279288,0.315626,1.58159,-0.273363,0.314786,1.59364,0.00558573,0.00698614,0.012421,1.78654,0.0002,-3.27437e-11,-1.10447e-09,-3.27437e-11,0.000200011,1.08198e-06,-1.10447e-09,1.08198e-06,0.000199996
-0.275786,0.315344,1.58472,-0.273378,0.314778,1.59363,0.00126615,0.00728369,0.00887205,1.78654,0.0002,1.13924e-10,1.87745e-08,1.13924e-10,0.000200011,1.06367e-06,1.87745e-08,1.06367e-06,0.000199996
-0.27297,0.315187,1.58649,-0.273412,0.314774,1.59358,0.00408177,0.00712656,0.010644,1.77526,0.0002,1.50383e-10,2.04145e-08,1.50383e-10,0.000200011,1.05526e-06,2.04145e-08,1.05526e-06,0.000199996
-0.270651,0.315129,1.58698,-0.273395,0.31477,1.59358,0.00283326,0.00694943,0.00980973,1.77902,0.0002,1.02984e-10,1.08793e-08,1.02984e-10,0.000200011,1.05994e-06,1.08793e-08,1.05994e-06,0.000199996
-0.268883,0.315208,1.58716,-0.273394,0.314765,1.59359,0.00460108,0.00702891,0.00999303,1.77526,0.0002,-7.78862e-11,-1.55271e-08,-7.78862e-11,0.00020001,1.04902e-06,-1.55271e-08,1.04902e-06,0.000199996
-0.264889,0.315025,1.58945,-0.260386,0.313597,1.60171,0.00859562,0.00684523,0.0122794,1.85559,0.0002,-1.97301e-10,-2.92789e-08,-1.97301e-10,0.00020001,1.03867e-06,-2.92789e-08,1.03867e-06,0.000199996
-0.261628,0.314775,1.592,-0.260388,0.3136,1.60171,0.00554573,0.00544089,0.0128228,1.85559,0.0002,-1.82416e-10,-2.24305e-08,-1.82416e-10,0.00020001,1.0425e-06,-2.24305e-08,1.0425e-06,0.000199996
-0.258956,0.314516,1.59477,-0.260398,0.313602,1.6017,0.0082178,0.00518165,0.0155884,1.85936,0.0002,-1.06841e-10,-9.37397e-09,-1.06841e-10,0.00020001,1.05538e-06,-9.37397e-09,1.05538e-06,0.000199996
-0.25673,0.314271,1.59719,-0.260386,0.313599,1.60171,0.00390782,0.00510216,0.0144212,1.85559,0.0002,-6.53712e-12,4.2687e-09,-6.53712e-12,0.000200011,1.07741e-06,4.2687e-09,1.07741e-06,0.000199996
-0.255017,0.314187,1.59861,-0.260402,0.313825,1.60169,0.00562036,0.00501777,0.0158386,1.89411,0.0002,-2.18715e-12,2.3559e-09,-2.18715e-12,0.000200011,1.08105e-06,2.3559e-09,1.08105e-06,0.000199996
-0.250844,0.314049,1.59877,-0.246059,0.313156,1.60048,0.00979332,0.0048801,0.0160052,2.01169,0.0002,-7.2872e-11,-8.99335e-09,-7.2872e-11,0.000200011,1.07289e-06,-8.99335e-09,1.07289e-06,0.000199996
-0.247488,0.314087,1.5986,-0.246055,0.313146,1.60051,0.0054199,0.00570129,0.017354,2.00406,0.0002,-2.97313e-10,-4.00797e-08,-2.97313e-10,0.000200011,1.07042e-06,-4.00797e-08,1.07042e-06,0.000199996
-0.244716,0.31412,1.59846,-0.246046,0.313145,1.6005,0.00819175,0.00573375,0.0172152,2.00785,0.0002,-4.81197e-10,-6.02787e-08,-4.81197e-10,0.000200011,1.08245e-06,-6.02787e-08,1.08245e-06,0.000199996
-0.24254,0.314018,1.59856,-0.246057,0.313153,1.6005,0.00427994,0.00433125,0.0203903,2.00785,0.0002,-4.73721e-10,-5.26557e-08,-4.73721e-10,0.000200011,1.0839e-06,-5.26557e-08,1.0839e-06,0.000199996
-0.24067,0.313941,1.59946,-0.246051,0.313164,1.60047,0.00614991,0.00425456,0.0212893,2.00791,0.0002,-4.74493e-10,-4.87991e-08,-4.74493e-10,0.000200011,1.10522e-06,-4.87991e-08,1.10522e-06,0.000199996
-0.239086,0.313796,1.60018,-0.246052,0.313153,1.6005,0.0077331,0.00410977,0.0220136,2.00785,0.0002,-3.80086e-10,-3.34924e-08,-3.80086e-10,0.000200012,1.13286e-06,-3.34924e-08,1.13286e-06,0.000199996
-0.235104,0.313778,1.6007,-0.231733,0.313745,1.60275,0.0041139,0.00470036,0.015797,2.72796,0.0002,-2.66982e-10,-1.96273e-08,-2.66982e-10,0.000200012,1.12684e-06,-1.96273e-08,1.12684e-06,0.000199996
-0.231875,0.31393,1.6013,-0.231703,0.313723,1.60267,0.00734303,0.00485264,0.0163984,2.72044,0.0002,-3.85217e-10,-3.84833e-08,-3.85217e-10,0.000200012,1.12897e-06,-3.84833e-08,1.12897e-06,0.000199996
-0.229216,0.314102,1.60115,-0.231739,0.313741,1.60263,0.00227148,0.00494375,0.0144596,2.7242,0.0002,-5.40536e-10,-5.76912e-08,-5.40536e-10,0.000200012,1.14373e-06,-5.76912e-08,1.14373e-06,0.000199996
-0.227187,0.314169,1.60073,-0.231714,0.313721,1.60267,0.00429985,0.0050109,0.0140395,2.71668,0.0002,-5.75226e-10,-5.90516e-08,-5.75226e-10,0.000200012,1.1365e-06,-5.90516e-08,1.1365e-06,0.000199996
-0.225588,0.314201,1.60111,-0.231726,0.313727,1.60266,0.00589948,0.0050423,0.0144245,2.71668,0.0002,-5.72691e-10,-5.6615e-08,-5.72691e-10,0.000200012,1.12855e-06,-5.6615e-08,1.12855e-06,0.000199996
-0.224306,0.314186,1.60162,-0.231726,0.313739,1.60263,0.00062233,0.00550949,0.0140152,2.7242,0.0002,-5.19788e-10,-4.85105e-08,-5.19788e-10,0.000200012,1.12366e-06,-4.85105e-08,1.12366e-06,0.000199996
-0.219836,0.313864,1.60361,-0.214708,0.312149,1.60845,0.00509312,0.00518749,0.0159993,4.22678,0.0002,-4.83395e-10,-4.39514e-08,-4.83395e-10,0.000200012,1.12733e-06,-4.39514e-08,1.12733e-06,0.000199996
-0.21641,0.313625,1.6051,-0.214716,0.312146,1.60847,0.00851856,0.00494864,0.0174859,4.22261,0.0002,-4.7297e-10,-4.43952e-08,-4.7297e-10,0.000200012,1.10572e-06,-4.43952e-08,1.10572e-06,0.000199996
-0.213581,0.313399,1.60587,-0.214703,0.312156,1.60844,0.00520029,0.00538241,0.0188971,4.22678,0.0002,-4.26567e-10,-3.87175e-08,-4.26567e-10,0.000200012,1.10572e-06,-3.87175e-08,1.10572e-06,0.000199996
-0.211257,0.313327,1.60638,-0.214703,0.312152,1.60845,0.00752379,0.00531038,0.0194124,4.22678,0.0002,-5.21766e-10,-5.27034e-08,-5.21766e-10,0.000200012,1.11532e-06,-5.27034e-08,1.11532e-06,0.000199996
-0.209354,0.313269,1.60618,-0.214691,0.312135,1.60847,0.00614042,0.00593941,0.0167872,4.21868,0.0002,-6.0331e-10,-6.17847e-08,-6.0331e-10,0.000200012,1.12827e-06,-6.17847e-08,1.12827e-06,0.000199996
-0.206045,0.31308,1.60549,-0.205433,0.311148,1.60328,0.00944921,0.00575043,0.0161013,3.44791,0.0002,-7.36639e-10,-7.76235e-08,-7.36639e-10,0.000200012,1.12598e-06,-7.76235e-08,1.12598e-06,0.000199996
-0.203381,0.312904,1.60484,-0.20546,0.311129,1.60329,0.00570306,0.00603947,0.0150518,3.44512,0.0002,-8.14706e-10,-8.41468e-08,-8.14706e-10,0.000200012,1.12807e-06,-8.41468e-08,1.12807e-06,0.000199996
-0.20113,0.312706,1.60495,-0.205513,0.311259,1.60334,0.00795408,0.00584184,0.0151633,3.48654,0.0002,-7.87395e-10,-7.54738e-08,-7.87395e-10,0.000200012,1.15028e-06,-7.54738e-08,1.15028e-06,0.000199996
-0.199347,0.312396,1.60494,-0.205519,0.311246,1.60336,0.00973747,0.00553194,0.0151531,3.48646,0.0002,-5.76795e-10,-4.59891e-08,-5.76795e-10,0.000200012,1.16191e-06,-4.59891e-08,1.16191e-06,0.000199995
-0.197921,0.312236,1.60514,-0.205508,0.311259,1.60334,0.00490615,0.00688152,0.016509,3.48291,0.0002,-5.11358e-10,-4.08298e-08,-5.11358e-10,0.000200013,1.16888e-06,-4.08298e-08,1.16888e-06,0.000199995
-0.196911,0.312107,1.60467,-0.205526,0.311272,1.60333,0.0059157,0.00675245,0.0160435,3.48273,0.0002,-4.51344e-10,-3.65826e-08,-4.51344e-10,0.000200012,1.15295e-06,-3.65826e-08,1.15295e-06,0.000199995
-0.193791,0.311627,1.60552,-0.193417,0.30905,1.611,0.00318665,0.00751444,0.00582126,3.72435,0.0002,-4.72621e-10,-4.31555e-08,-4.72621e-10,0.000200012,1.12541e-06,-4.31555e-08,1.12541e-06,0.000199995
-0.191208,0.311219,1.6064,-0.19342,0.309117,1.61097,0.00576899,0.00710589,0.00670089,3.75398,0.0002,-4.52214e-10,-4.14575e-08,-4.52214e-10,0.000200012,1.1216e-06,-4.14575e-08,1.1216e-06,0.000199996
-0.189146,0.310936,1.60731,-0.193429,0.30912,1.61098,0.00783161,0.00682301,0.00761435,3.75028,0.0002,-4.90366e-10,-4.763e-08,-4.90366e-10,0.000200012,1.11891e-06,-4.763e-08,1.11891e-06,0.000199996
-0.187382,0.310567,1.60815,-0.193422,0.309127,1.61099,0.00346258,0.0070321,0.0117505,3.75028,0.0002,-3.57931e-10,-2.8815e-08,-3.57931e-10,0.000200012,1.13504e-06,-2.8815e-08,1.13504e-06,0.000199996
-0.185966,0.310187,1.60861,-0.193411,0.309117,1.61097,0.00487854,0.00665186,0.012209,3.75028,0.0002,-1.50069e-10,-3.41166e-09,-1.50069e-10,0.000200012,1.14587e-06,-3.41166e-09,1.14587e-06,0.000199996
-0.181763,0.30963,1.60905,-0.178035,0.307208,1.61134,0.00105729,0.00793674,0.014359,3.73544,0.0002,-1.42137e-10,-7.75125e-09,-1.42137e-10,0.000200012,1.15204e-06,-7.75125e-09,1.15204e-06,0.000199995
-0.178389,0.309381,1.60949,-0.178044,0.307229,1.61125,0.00443182,0.00768752,0.0147959,3.76139,0.0002,-3.77866e-10,-4.15044e-08,-3.77866e-10,0.000200012,1.15821e-06,-4.15044e-08,1.15821e-06,0.000199995
-0.175725,0.309129,1.60964,-0.17802,0.307182,1.61128,0.00709525,0.00743546,0.0149455,3.73167,0.0002,-5.13601e-10,-5.61181e-08,-5.13601e-10,0.000200012,1.15562e-06,-5.61181e-08,1.15562e-06,0.000199995
-0.173677,0.308892,1.60974,-0.178018,0.307234,1.61121,0.00608677,0.0068295,0.0106514,3.76139,0.0002,-5.56877e-10,-5.82062e-08,-5.56877e-10,0.000200012,1.14061e-06,-5.82062e-08,1.14061e-06,0.000199995
-0.171911,0.308706,1.61024,-0.178013,0.30723,1.61122,0.00785351,0.00664373,0.0111534,3.76139,0.0002,-6.01802e-10,-6.05928e-08,-6.01802e-10,0.000200012,1.1514e-06,-6.05928e-08,1.1514e-06,0.000199995
-0.170405,0.308392,1.61064,-0.178011,0.307234,1.6112,0.00245249,0.00634369,0.018161,3.76139,0.0002,-4.36457e-10,-3.56673e-08,-4.36457e-10,0.000200013,1.17297e-06,-3.56673e-08,1.17297e-06,0.000199995
-0.165962,0.307841,1.60979,-0.162362,0.30606,1.60586,0.00689566,0.00579265,0.0173057,3.72232,0.0002,-2.26931e-10,-1.03104e-08,-2.26931e-10,0.000200013,1.20419e-06,-1.03104e-08,1.20419e-06,0.000199995
-0.162567,0.307544,1.60894,-0.163133,0.306155,1.60507,0.0102908,0.00549592,0.0164631,3.69829,0.0002,-2.18693e-10,-1.40983e-08,-2.18693e-10,0.000200014,1.22336e-06,-1.40983e-08,1.22336e-06,0.000199995
-0.159658,0.307525,1.60812,-0.162767,0.306163,1.60537,0.00528939,0.00608309,0.0134637,3.70229,0.0002,-5.03154e-10,-5.08083e-08,-5.03154e-10,0.000200014,1.25474e-06,-5.08083e-08,1.25474e-06,0.000199995
-0.157389,0.307485,1.60715,-0.162744,0.306161,1.60534,0.00755844,0.00604283,0.0124915,3.69853,0.0002,-6.98681e-10,-6.9956e-08,-6.98681e-10,0.000200015,1.2648e-06,-6.9956e-08,1.2648e-06,0.000199995
-0.155595,0.307433,1.60647,-0.162752,0.306179,1.60532,0.00116715,0.00528418,0.00924409,3.69853,0.0002,-8.15563e-10,-7.82976e-08,-8.15563e-10,0.000200015,1.26799e-06,-7.82976e-08,1.26799e-06,0.000199995
-0.15411,0.307177,1.60593,-0.162748,0.30617,1.60532,0.00265266,0.00502833,0.00870244,3.69101,0.0002,-6.1989e-10,-4.95541e-08,-6.1989e-10,0.000200015,1.27806e-06,-4.95541e-08,1.27806e-06,0.000199994
-0.148951,0.306827,1.60479,-0.143544,0.305654,1.60282,0.00781095,0.00467854,0.00756085,3.89,0.0002,-4.05506e-10,-2.46866e-08,-4.05506e-10,0.000200016,1.30514e-06,-2.46866e-08,1.30514e-06,0.000199994
-0.145245,0.306616,1.60281,-0.14532,0.30592,1.6011,0.00347062,0.00474655,0.00746957,3.74026,0.0002,-2.49802e-10,-1.08445e-08,-2.49802e-10,0.000200016,1.31214e-06,-1.08445e-08,1.31214e-06,0.000199994
-0.142406,0.306582,1.60037,-0.146574,0.30595,1.59993,0.00630873,0.00471189,0.00502879,3.68621,0.0002,-3.04547e-10,-2.16873e-08,-3.04547e-10,0.000200016,1.33641e-06,-2.16873e-08,1.33641e-06,0.000199994
-0.140207,0.306553,1.59744,-0.14629,0.305972,1.60024,0.00850865,0.00468271,0.00210447,3.71689,0.0002,-3.31485e-10,-2.62419e-08,-3.31485e-10,0.000200016,1.33158e-06,-2.62419e-08,1.33158e-06,0.000199994
-0.138554,0.306437,1.59471,-0.145986,0.305979,1.60035,-0.00369934,0.00457961,-0.000826556,3.70296,0.0002,-2.13898e-10,-1.32951e-08,-2.13898e-10,0.000200016,1.30162e-06,-1.32951e-08,1.30162e-06,0.000199994
-0.13296,0.3059,1.59203,-0.125262,0.303532,1.60201,0.00189444,0.00404252,-0.00351232,3.53122,0.0002,-1.71325e-10,-1.05047e-08,-1.71325e-10,0.000200016,1.30272e-06,-1.05047e-08,1.30272e-06,0.000199994
-0.128647,0.30546,1.5886,-0.125863,0.303498,1.60182,0.00620672,0.00360243,-0.00694022,3.47089,0.0002,-1.22268e-10,-6.62944e-09,-1.22268e-10,0.000200016,1.29662e-06,-6.62944e-09,1.29662e-06,0.000199994
-0.125197,0.305129,1.58422,-0.126392,0.303505,1.6014,0.00560374,0.00312678,-0.00534718,3.37495,0.0002,-9.56337e-11,-5.22271e-09,-9.56337e-11,0.000200016,1.30969e-06,-5.22271e-09,1.30969e-06,0.000199994
-0.122743,0.304814,1.57955,-0.12782,0.303609,1.6002,0.00805823,0.00281157,-0.0100206,3.26124,0.0002,3.45279e-11,8.55868e-09,3.45279e-11,0.000200016,1.31469e-06,8.55868e-09,1.31469e-06,0.000199994
-0.12087,0.304433,1.57542,-0.128706,0.303429,1.59929,0.00145954,0.00226104,-0.00448738,3.16377,0.0002,2.77582e-10,3.33599e-08,2.77582e-10,0.000200016,1.33142e-06,3.33599e-08,1.33142e-06,0.000199994
-0.119539,0.303868,1.57212,-0.128703,0.303443,1.59928,0.00279081,0.00169559,-0.00779183,3.17134,0.0002,8.28729e-10,9.19442e-08,8.28729e-10,0.000200016,1.31455e-06,9.19442e-08,1.31455e-06,0.000199994
-0.114204,0.30286,1.56281,-0.106593,0.302506,1.56646,-0.000827126,0.000706658,0.00607986,3.44259,0.0002,1.67038e-09,1.8186e-07,1.67038e-09,0.000200016,1.27924e-06,1.8186e-07,1.27924e-06,0.000199994
-0.110007,0.301634,1.55568,-0.106596,0.302492,1.56647,0.00336956,-0.000520191,-0.00105188,3.43499,0.000200001,2.83762e-09,3.07777e-07,2.83762e-09,0.000200015,1.24417e-06,3.07777e-07,1.24417e-06,0.000199994
-0.106941,0.300217,1.55037,-0.107258,0.302602,1.56589,0.00643526,-0.00193679,-0.00635563,3.3725,0.000200002,4.21354e-09,4.61986e-07,4.21354e-09,0.000200014,1.19492e-06,4.61986e-07,1.19492e-06,0.000199994
-0.104868,0.298637,1.54664,-0.107821,0.302521,1.56533,-0.00052761,-0.00315521,0.0139312,3.30917,0.000200003,5.5535e-09,6.2934e-07,5.5535e-09,0.000200013,1.11941e-06,6.2934e-07,1.11941e-06,0.000199994
-0.103526,0.297096,1.54351,-0.107977,0.302515,1.56512,0.000815135,-0.00469683,0.010798,3.2852,0.000200005,6.5462e-09,7.80585e-07,6.5462e-09,0.000200011,1.02413e-06,7.80585e-07,1.02413e-06,0.000199994
-0.0987218,0.294528,1.53125,-0.0884298,0.297153,1.51526,-0.00242241,-0.00340449,0.0143279,3.13242,0.000200006,7.25734e-09,9.11548e-07,7.25734e-09,0.000200009,9.40448e-07,9.11548e-07,9.40448e-07,0.000199994
-0.0950524,0.292365,1.52133,-0.0884276,0.297157,1.51525,0.00124702,-0.00556755,0.0044144,3.13453,0.000200008,7.60944e-09,1.01472e-06,7.60944e-09,0.000200008,8.57154e-07,1.01472e-06,8.57154e-07,0.000199994
-0.0924329,0.290597,1.51319,-0.0884292,0.297147,1.51525,0.00386653,-0.00733531,-0.00372656,3.13453,0.00020001,7.44927e-09,1.08734e-06,7.44927e-09,0.000200006,7.51486e-07,1.08734e-06,7.51486e-07,0.000199994
-0.0903761,0.289151,1.50632,-0.0886602,0.297121,1.51502,1.22505e-05,-0.00111359,0.0141517,3.12848,0.000200011,7.26092e-09,1.13916e-06,7.26092e-09,0.000200005,6.83285e-07,1.13916e-06,6.83285e-07,0.000199994
-0.0889547,0.287954,1.50019,-0.088657,0.297092,1.51496,0.00143365,-0.00231073,0.00801937,3.13402,0.000200012,6.80904e-09,1.17812e-06,6.80904e-09,0.000200004,6.01798e-07,1.17812e-06,6.01798e-07,0.000199994
-0.0879782,0.287022,1.49519,-0.0886789,0.297084,1.515,-0.00172542,0.00511922,0.0242067,3.12033,0.000200013,6.20631e-09,1.19876e-06,6.20631e-09,0.000200003,5.2336e-07,1.19876e-06,5.2336e-07,0.000199994
-0.085056,0.282556,1.47874,-0.0776273,0.27898,1.45121,0.00119684,0.000653769,0.00776127,2.02377,0.000200013,5.76603e-09,1.22307e-06,5.76603e-09,0.000200003,4.73629e-07,1.22307e-06,4.73629e-07,0.000199994
-0.0827732,0.278917,1.46528,-0.0776337,0.27898,1.45122,0.0034796,-0.00298575,-0.00570443,2.02377,0.000200014,5.36337e-09,1.25071e-06,5.36337e-09,0.000200002,4.29683e-07,1.25071e-06,4.29683e-07,0.000199994
-0.0810882,0.276096,1.45429,-0.0776386,0.27897,1.45119,0.00363803,-0.00147002,-0.00145122,2.02298,0.000200014,4.81107e-09,1.25421e-06,4.81107e-09,0.000200002,3.76414e-07,1.25421e-06,3.76414e-07,0.000199994
-0.0799382,0.273926,1.44518,-0.0776304,0.278987,1.45118,0.004788,-0.00364049,-0.0105557,2.01989,0.000200014,4.08249e-09,1.24356e-06,4.08249e-09,0.000200001,3.08066e-07,1.24356e-06,3.08066e-07,0.000199994
-0.0790472,0.27221,1.43759,-0.0776159,0.27898,1.45117,0.0034295,0.0039664,0.00409816,2.02685,0.000200014,3.46919e-09,1.23353e-06,3.46919e-09,0.000200001,2.57228e-07,1.23353e-06,2.57228e-07,0.000199994
-0.078395,0.270799,1.43172,-0.077621,0.278981,1.45117,0.00408173,0.00255511,-0.00177267,2.02685,0.000200014,2.93509e-09,1.2333e-06,2.93509e-09,0.000200001,2.13767e-07,1.2333e-06,2.13767e-07,0.000199994
-0.0771761,0.26588,1.41583,-0.0738917,0.259794,1.3947,0.00530068,-0.00236318,-0.0176604,1.60382,0.000200014,2.54709e-09,1.22384e-06,2.54709e-09,0.000200001,1.88292e-07,1.22384e-06,1.88292e-07,0.000199994
-0.0761821,0.261936,1.40311,-0.0738895,0.25979,1.39467,0.00405204,0.0026953,0.001114,1.60772,0.000200014,2.26779e-09,1.21967e-06,2.26779e-09,0.0002,1.71791e-07,1.21967e-06,1.71791e-07,0.000199995
-0.0753081,0.2587,1.39347,-0.073867,0.259798,1.39472,0.00492604,-0.000541134,-0.00853205,1.60411,0.000200014,2.16117e-09,1.23065e-06,2.16117e-09,0.0002,1.70904e-07,1.23065e-06,1.70904e-07,0.000199995
-0.0746458,0.256129,1.38564,-0.0738904,0.259778,1.3947,0.00416755,0.00458813,0.0067121,1.61519,0.000200014,2.03224e-09,1.23427e-06,2.03224e-09,0.0002,1.63225e-07,1.23427e-06,1.63225e-07,0.000199995
-0.0738422,0.253976,1.37979,-0.0738833,0.259785,1.39469,0.00497117,0.00243535,0.000862943,1.60772,0.000200015,2.30426e-09,1.25287e-06,2.30426e-09,0.0002,2.00473e-07,1.25287e-06,2.00473e-07,0.000199995
-0.0725628,0.248657,1.36484,-0.0709141,0.2422,1.34334,0.00625061,-0.00288369,-0.0140855,1.76554,0.000200015,2.68298e-09,1.27606e-06,2.68298e-09,0.0002,2.40256e-07,1.27606e-06,2.40256e-07,0.000199994
-0.0714922,0.244442,1.35299,-0.0709292,0.242192,1.34335,0.00653627,0.00200868,0.000169071,1.76933,0.000200015,3.01947e-09,1.28471e-06,3.01947e-09,0.000200001,2.70832e-07,1.28471e-06,2.70832e-07,0.000199994
-0.0703848,0.241095,1.34392,-0.0709119,0.242205,1.34333,0.00764367,-0.00133838,-0.00890459,1.76554,0.000200015,3.58989e-09,1.28747e-06,3.58989e-09,0.000200001,3.27941e-07,1.28747e-06,3.27941e-07,0.000199994
-0.0691909,0.238579,1.33697,-0.0709055,0.24221,1.34336,0.00687288,0.00529765,0.00838158,1.76768,0.000200015,4.36698e-09,1.26447e-06,4.36698e-09,0.000200001,4.12197e-07,1.26447e-06,4.12197e-07,0.000199994
-0.0680825,0.236874,1.33121,-0.0708932,0.242215,1.34337,0.00798121,0.00359241,0.0026207,1.77146,0.000200014,4.98502e-09,1.20161e-06,4.98502e-09,0.000200002,4.89238e-07,1.20161e-06,4.89238e-07,0.000199994
-0.0669848,0.235496,1.3264,-0.0708834,0.242208,1.34337,0.00776949,0.00694801,0.00692541,1.7686,0.000200013,5.67173e-09,1.16451e-06,5.67173e-09,0.000200003,5.70839e-07,1.16451e-06,5.70839e-07,0.000199994
-0.0658706,0.230193,1.31358,-0.0704961,0.221419,1.29862,0.00888373,0.00164496,-0.00588894,1.72397,0.000200013,6.42608e-09,1.14395e-06,6.42608e-09,0.000200003,6.55807e-07,1.14395e-06,6.55807e-07,0.000199994
-0.0648346,0.226134,1.30344,-0.0704994,0.221417,1.29863,0.00991976,-0.00241408,-0.0160331,1.72397,0.000200012,7.00515e-09,1.1028e-06,7.00515e-09,0.000200004,7.31369e-07,1.1028e-06,7.31369e-07,0.000199994
-0.0638359,0.223049,1.29512,-0.0704859,0.221432,1.29865,0.00722101,0.00302543,0.00841938,1.7276,0.000200011,7.46127e-09,1.05252e-06,7.46127e-09,0.000200005,8.0479e-07,1.05252e-06,8.0479e-07,0.000199994
-0.0628971,0.220791,1.28826,-0.0704949,0.221418,1.29864,0.00815975,0.000767525,0.00155778,1.72397,0.00020001,7.72647e-09,9.87856e-07,7.72647e-09,0.000200006,8.73343e-07,9.87856e-07,8.73343e-07,0.000199994
-0.062132,0.219128,1.28246,-0.070492,0.221431,1.29863,0.00892493,-0.000895452,-0.00424106,1.72397,0.000200009,7.76173e-09,9.25269e-07,7.76173e-09,0.000200007,9.18536e-07,9.25269e-07,9.18536e-07,0.000199994
-0.0596968,0.214705,1.26668,-0.0612264,0.205509,1.24554,0.00526748,0.00590898,0.00692845,1.82785,0.000200008,7.62912e-09,8.63757e-07,7.62912e-09,0.000200008,9.49324e-07,8.63757e-07,9.49324e-07,0.000199994
-0.0576495,0.211204,1.25385,-0.0612017,0.205519,1.24555,0.0073148,0.00240763,-0.00589867,1.82581,0.000200007,7.55121e-09,8.21425e-07,7.55121e-09,0.000200008,9.81785e-07,8.21425e-07,9.81785e-07,0.000199994
-0.0557779,0.20839,1.24328,-0.0611913,0.205598,1.24557,0.00918637,-0.000406797,-0.0164656,1.83264,0.000200007,7.71141e-09,8.01652e-07,7.71141e-09,0.000200009,1.03771e-06,8.01652e-07,1.03771e-06,0.000199994
-0.0544457,0.205996,1.23514,-0.0612245,0.205506,1.24556,0.00329577,0.00368508,0.00596108,1.82785,0.000200006,7.83715e-09,8.09975e-07,7.83715e-09,0.00020001,1.04671e-06,8.09975e-07,1.04671e-06,0.000199994
-0.0535634,0.203901,1.22957,-0.0612115,0.205594,1.24559,0.00417811,0.00158946,0.000385488,1.82548,0.000200007,7.98491e-09,8.47434e-07,7.98491e-09,0.00020001,1.0217e-06,8.47434e-07,1.0217e-06,0.000199994
-0.0530782,0.201802,1.2252,-0.0612442,0.205524,1.24554,0.0046633,-0.000508817,-0.00398034,1.82068,0.000200008,8.30252e-09,9.36929e-07,8.30252e-09,0.000200009,9.69763e-07,9.36929e-07,9.69763e-07,0.000199994
-0.0508662,0.197337,1.21278,-0.0495581,0.192583,1.19882,0.000214614,0.000486785,0.00564764,2.11407,0.000200009,8.16305e-09,1.01883e-06,8.16305e-09,0.000200008,8.61013e-07,1.01883e-06,8.61013e-07,0.000199994
-0.0491864,0.193707,1.20275,-0.0486912,0.192557,1.19941,0.0018944,-0.00314269,-0.00437488,2.22419,0.00020001,7.71701e-09,1.08111e-06,7.71701e-09,0.000200006,7.46984e-07,1.08111e-06,7.46984e-07,0.000199994
-0.0480205,0.190549,1.19475,-0.0485709,0.192547,1.19949,-0.00278823,6.65763e-05,0.0107639,2.22117,0.000200012,7.23207e-09,1.16219e-06,7.23207e-09,0.000200005,6.39491e-07,1.16219e-06,6.39491e-07,0.000199994
-0.0473725,0.18791,1.18803,-0.048689,0.192548,1.19943,-0.00214025,-0.00257217,0.00404095,2.21717,0.000200013,6.51083e-09,1.23227e-06,6.51083e-09,0.000200004,5.26845e-07,1.23227e-06,5.26845e-07,0.000199994
-0.0470542,0.185837,1.18287,-0.0485651,0.192555,1.19947,-0.00436221,-0.00108338,0.00912715,2.22468,0.000200014,5.57263e-09,1.27116e-06,5.57263e-09,0.000200003,4.17541e-07,1.27116e-06,4.17541e-07,0.000199994
-0.0450123,0.180598,1.16849,-0.0385283,0.175382,1.14716,-0.0023203,-0.00632201,-0.00525172,1.65502,0.000200015,4.65077e-09,1.31629e-06,4.65077e-09,0.000200002,3.22139e-07,1.31629e-06,3.22139e-07,0.000199994
-0.0436396,0.176355,1.15668,-0.0385293,0.175425,1.14717,-0.000947622,-0.0105654,-0.0170638,1.64795,0.000200016,3.54148e-09,1.35549e-06,3.54148e-09,0.000200001,2.1605e-07,1.35549e-06,2.1605e-07,0.000199994
-0.0426908,0.173035,1.14649,-0.0385337,0.175394,1.14713,-0.00311505,-0.00440055,-0.0031355,1.65149,0.000200017,2.41839e-09,1.36775e-06,2.41839e-09,0.000200001,1.21321e-07,1.36775e-06,1.21321e-07,0.000199994
-0.0418946,0.170372,1.13865,-0.0385904,0.175386,1.14708,-0.00231885,-0.00706339,-0.0109834,1.64795,0.000200017,1.61746e-09,1.37662e-06,1.61746e-09,0.0002,6.64909e-08,1.37662e-06,6.64909e-08,0.000199994
-0.0412712,0.168242,1.13236,-0.0385895,0.175382,1.14707,-0.00173223,0.000628313,0.00531517,1.64795,0.000200017,9.91407e-10,1.38219e-06,9.91407e-10,0.0002,2.74671e-08,1.38219e-06,2.74671e-08,0.000199993
-0.0407956,0.16666,1.12723,-0.0385856,0.17538,1.14704,-0.00125661,-0.000953457,0.00018067,1.64795,0.000200017,4.90228e-10,1.36589e-06,4.90228e-10,0.0002,-2.541e-09,1.36589e-06,-2.541e-09,0.000199993
-0.0404595,0.161379,1.11489,-0.0384762,0.155299,1.10484,-0.000920538,-0.00623427,-0.0121599,1.21138,0.000200017,1.10554e-10,1.35535e-06,1.10554e-10,0.0002,-2.40922e-08,1.35535e-06,-2.40922e-08,0.000199994
-0.0402113,0.157063,1.10522,-0.0384795,0.15531,1.10485,-0.000367085,-0.000954925,0.00502487,1.20437,0.000200017,-2.1602e-10,1.36352e-06,-2.1602e-10,0.0002,-4.37244e-08,1.36352e-06,-4.37244e-08,0.000199994
-0.0399882,0.15359,1.09749,-0.0384632,0.155302,1.10483,-0.000144025,-0.00442751,-0.00271186,1.20477,0.000200017,-4.42805e-10,1.37157e-06,-4.42805e-10,0.0002,-5.50299e-08,1.37157e-06,-5.50299e-08,0.000199994
-0.0396345,0.150813,1.09171,-0.0384672,0.15531,1.10484,0.00093403,0.00230113,0.0152148,1.20437,0.000200018,-3.62076e-10,1.37708e-06,-3.62076e-10,0.0002,-3.5432e-08,1.37708e-06,-3.5432e-08,0.000199993
-0.0392766,0.148519,1.0872,-0.0384662,0.155289,1.10483,0.00129188,7.5367e-06,0.0106976,1.21138,0.000200018,-1.87673e-10,1.39158e-06,-1.87673e-10,0.0002,-1.22732e-08,1.39158e-06,-1.22732e-08,0.000199993
-0.0388242,0.146835,1.08358,-0.0384638,0.155294,1.10483,0.00174436,-0.00167698,0.00708255,1.21138,0.000200018,1.90631e-10,1.37735e-06,1.90631e-10,0.0002,2.83305e-08,1.37735e-06,2.83305e-08,0.000199993
-0.0386668,0.14154,1.06964,-0.0405954,0.135423,1.04857,0.00253386,0.00252979,0.0122103,1.2607,0.000200017,9.06131e-10,1.36385e-06,9.06131e-10,0.0002,1.01557e-07,1.36385e-06,1.01557e-07,0.000199993
-0.0383575,0.137229,1.05827,-0.0405996,0.13541,1.04854,0.00284315,-0.00178071,0.000844837,1.2607,0.000200017,1.70297e-09,1.36702e-06,1.70297e-09,0.0002,1.74586e-07,1.36702e-06,1.74586e-07,0.000199993
-0.0379921,0.133874,1.04949,-0.0405526,0.135417,1.04855,0.00312679,0.00351954,0.0148052,1.2607,0.000200017,2.42965e-09,1.35464e-06,2.42965e-09,0.0002,2.36607e-07,1.35464e-06,2.36607e-07,0.000199993
-0.0374752,0.131221,1.04216,-0.0405604,0.135421,1.04854,0.00364374,0.000866233,0.0074692,1.26416,0.000200017,3.26436e-09,1.34279e-06,3.26436e-09,0.000200001,3.10367e-07,1.34279e-06,3.10367e-07,0.000199993
-0.0371017,0.129088,1.03619,-0.0405563,0.13543,1.04854,0.00401718,-0.00126679,0.00149622,1.2607,0.000200017,3.82214e-09,1.33755e-06,3.82214e-09,0.000200001,3.4935e-07,1.33755e-06,3.4935e-07,0.000199993
-0.0364109,0.124311,1.01955,-0.0384594,0.118885,0.99134,0.00270538,0.00353882,0.00763156,1.37173,0.000200016,4.18169e-09,1.29318e-06,4.18169e-09,0.000200001,3.80689e-07,1.29318e-06,3.80689e-07,0.000199994
-0.0358236,0.12049,1.00625,-0.0384624,0.118867,0.991345,0.00329262,-0.000282793,-0.00567437,1.37833,0.000200015,4.44569e-09,1.2652e-06,4.44569e-09,0.000200001,4.02836e-07,1.2652e-06,4.02836e-07,0.000199994
-0.035309,0.117408,0.99529,-0.0384699,0.118866,0.991343,0.00380725,-0.00336442,-0.0166293,1.38494,0.000200015,4.67723e-09,1.25212e-06,4.67723e-09,0.000200002,4.21423e-07,1.25212e-06,4.21423e-07,0.000199994
-0.0348787,0.114944,0.986837,-0.038439,0.118877,0.991336,0.00314915,-0.00127645,-0.0111832,1.37173,0.000200015,4.84413e-09,1.24449e-06,4.84413e-09,0.000200002,4.33351e-07,1.24449e-06,4.33351e-07,0.000199994
-0.0342512,0.112999,0.980384,-0.0384586,0.118873,0.991333,0.00377673,-0.00322216,-0.0176362,1.38164,0.000200015,5.31456e-09,1.23645e-06,5.31456e-09,0.000200002,4.85567e-07,1.23645e-06,4.85567e-07,0.000199994
-0.0334529,0.107964,0.972258,-0.0381437,0.101129,0.977596,0.00233273,-0.000236417,-0.00453286,2.07567,0.000200014,5.94527e-09,1.21996e-06,5.94527e-09,0.000200003,5.57712e-07,1.21996e-06,5.57712e-07,0.000199994
-0.0327297,0.104225,0.965767,-0.0381452,0.101142,0.977638,0.00305599,-0.00397497,-0.0110234,2.07893,0.000200013,6.33876e-09,1.16452e-06,6.33876e-09,0.000200003,6.16436e-07,1.16452e-06,6.16436e-07,0.000199994
-0.0321715,0.101288,0.960165,-0.0381521,0.101143,0.97765,0.000761542,0.00148431,0.0046214,2.07567,0.000200012,6.54084e-09,1.12137e-06,6.54084e-09,0.000200004,6.4969e-07,1.12137e-06,6.4969e-07,0.000199994
-0.0317681,0.0987758,0.955305,-0.0380242,0.10117,0.977822,0.00116492,-0.00102829,-0.000238311,2.02732,0.000200012,6.69991e-09,1.1214e-06,6.69991e-09,0.000200004,6.58358e-07,1.1214e-06,6.58358e-07,0.000199994
-0.0317135,0.0966787,0.952097,-0.0380218,0.101141,0.978105,0.00121947,-0.00312545,-0.00344724,2.0165,0.000200012,6.54174e-09,1.13408e-06,6.54174e-09,0.000200004,6.2026e-07,1.13408e-06,6.2026e-07,0.000199994
-0.0320844,0.0948663,0.949689,-0.0379024,0.101166,0.978379,-0.00283838,0.00224915,0.0221352,1.94119,0.000200013,5.94325e-09,1.1636e-06,5.94325e-09,0.000200003,5.24797e-07,1.1636e-06,5.24797e-07,0.000199994
-0.0300723,0.0892989,0.933773,-0.0249123,0.0819846,0.908903,-0.00082627,-0.00331821,0.00621888,2.53761,0.000200014,5.29594e-09,1.22204e-06,5.29594e-09,0.000200002,4.29732e-07,1.22204e-06,4.29732e-07,0.000199994
-0.0286086,0.0846695,0.921664,-0.0248595,0.0819695,0.908916,-0.00407686,-0.000405874,0.0208404,2.55389,0.000200015,4.59265e-09,1.28798e-06,4.59265e-09,0.000200002,3.41168e-07,1.28798e-06,3.41168e-07,0.000199994
-0.0287439,0.0810125,0.911786,-0.0309313,0.0819498,0.907999,-0.00421211,-0.00406289,0.010962,2.32856,0.000200016,3.85577e-09,1.32262e-06,3.85577e-09,0.000200001,2.67587e-07,1.32262e-06,2.67587e-07,0.000199994
-0.0278391,0.0780365,0.903763,-0.0249119,0.0819641,0.908905,-0.00330737,-0.00703889,0.00293901,2.53761,0.000200016,2.99839e-09,1.35341e-06,2.99839e-09,0.000200001,1.8726e-07,1.35341e-06,1.8726e-07,0.000199994
-0.0272182,0.0756136,0.897138,-0.0249269,0.0819582,0.908913,-0.00474313,-0.000408327,0.0128072,2.53761,0.000200017,2.17468e-09,1.37959e-06,2.17468e-09,0.0002,1.17821e-07,1.37959e-06,1.17821e-07,0.000199994
-0.0277681,0.0737916,0.891754,-0.0309384,0.0819903,0.908024,-0.00529305,-0.00223025,0.00742372,2.32389,0.000200017,1.7522e-09,1.37901e-06,1.7522e-09,0.0002,9.72989e-08,1.37901e-06,9.72989e-08,0.000199994
-0.0269443,0.0686094,0.877182,-0.0250868,0.0630002,0.856658,-0.00446928,-0.00741246,-0.00714923,1.19882,0.000200017,1.67218e-09,1.36637e-06,1.67218e-09,0.0002,1.09305e-07,1.36637e-06,1.09305e-07,0.000199994
-0.0260664,0.064449,0.865624,-0.0250829,0.0629826,0.856651,-0.00304644,-0.00218256,0.00689842,1.19882,0.000200017,1.92056e-09,1.36054e-06,1.92056e-09,0.0002,1.48765e-07,1.36054e-06,1.48765e-07,0.000199994
-0.0254653,0.0610217,0.856581,-0.0250767,0.0629946,0.856631,-0.00244534,-0.00560983,-0.00214473,1.20213,0.000200017,1.97952e-09,1.37309e-06,1.97952e-09,0.0002,1.55146e-07,1.37309e-06,1.55146e-07,0.000199993
-0.0250674,0.0582639,0.848468,-0.0248085,0.0629691,0.855345,-0.00232694,0.00156066,0.0145695,1.0858,0.000200018,1.81108e-09,1.38287e-06,1.81108e-09,0.0002,1.35079e-07,1.38287e-06,1.35079e-07,0.000199993
-0.0252278,0.0561441,0.84188,-0.0248411,0.0629551,0.855375,-0.00248729,-0.000559124,0.00798165,1.08681,0.000200018,9.66799e-10,1.37402e-06,9.66799e-10,0.0002,4.49667e-08,1.37402e-06,4.49667e-08,0.000199993
-0.0257925,0.0503869,0.826355,-0.0249371,0.0421273,0.804609,-0.00389516,0.00344146,0.015998,1.33629,0.000200017,-1.97669e-10,1.35128e-06,-1.97669e-10,0.0002,-6.97662e-08,1.35128e-06,-6.97662e-08,0.000199993
-0.026383,0.0456673,0.814352,-0.0249268,0.0421359,0.804623,-0.00448572,-0.00127814,0.00399514,1.33302,0.000200017,-1.32686e-09,1.35505e-06,-1.32686e-09,0.0002,-1.68904e-07,1.35505e-06,-1.68904e-07,0.000199994
-0.0267539,0.0418113,0.804851,-0.0249297,0.042132,0.804613,-0.00485658,-0.00513413,-0.00550585,1.33302,0.000200017,-2.08252e-09,1.37001e-06,-2.08252e-09,0.0002,-2.18633e-07,1.37001e-06,-2.18633e-07,0.000199993
-0.0266455,0.0386493,0.797558,-0.0249325,0.0421326,0.804602,-0.00434652,0.000732253,0.0161408,1.33302,0.000200018,-2.08761e-09,1.39229e-06,-2.08761e-09,0.0002,-1.87508e-07,1.39229e-06,-1.87508e-07,0.000199993
-0.0261217,0.0361573,0.791718,-0.0249347,0.0421325,0.804581,-0.00382271,-0.0017597,0.0103012,1.33302,0.000200018,-1.41253e-09,1.40115e-06,-1.41253e-09,0.0002,-9.9169e-08,1.40115e-06,-9.9169e-08,0.000199993
-0.0252936,0.0342575,0.787355,-0.0249363,0.0421306,0.804576,-0.00299459,-0.00365955,0.00593849,1.33472,0.000200018,-2.58278e-10,1.39265e-06,-2.58278e-10,0.0002,2.20009e-08,1.39265e-06,2.20009e-08,0.000199993
-0.0247233,0.0294205,0.778091,-0.0262065,0.0249581,0.775209,-0.00141175,-0.00400739,0.00941133,1.09282,0.000200018,9.15599e-10,1.36854e-06,9.15599e-10,0.0002,1.31265e-07,1.36854e-06,1.31265e-07,0.000199993
-0.0242142,0.0255152,0.770164,-0.0261715,0.0249577,0.77522,-0.000902651,-0.00791271,0.00148449,1.09282,0.000200017,1.8487e-09,1.35922e-06,1.8487e-09,0.0002,2.06002e-07,1.35922e-06,2.06002e-07,0.000199993
-0.0240021,0.0223597,0.763928,-0.0261761,0.0249598,0.775228,0.000701764,-0.00138061,0.0154235,1.09282,0.000200017,2.25783e-09,1.3583e-06,2.25783e-09,0.0002,2.21074e-07,1.3583e-06,2.21074e-07,0.000199993
-0.0240265,0.0198325,0.758729,-0.0261936,0.0249397,0.775206,0.000677286,-0.00390779,0.0102239,1.09282,0.000200017,2.25397e-09,1.35739e-06,2.25397e-09,0.0002,1.98682e-07,1.35739e-06,1.98682e-07,0.000199993
-0.024266,0.0176977,0.754674,-0.0261818,0.0249592,0.775213,-0.00080043,0.00303448,0.0274765,1.09282,0.000200018,1.91079e-09,1.37512e-06,1.91079e-09,0.0002,1.47516e-07,1.37512e-06,1.47516e-07,0.000199993
-0.0248353,0.011539,0.737732,-0.0274042,0.00304308,0.707253,-0.00136974,-0.00312427,0.010534,1.51331,0.000200018,1.55822e-09,1.39598e-06,1.55822e-09,0.0002,1.07458e-07,1.39598e-06,1.07458e-07,0.000199993
-0.0250155,0.00674851,0.72428,-0.0274111,0.00304603,0.707243,-0.00154994,-0.00791472,-0.00291745,1.51656,0.000200018,1.63381e-09,1.38818e-06,1.63381e-09,0.0002,1.22564e-07,1.38818e-06,1.22564e-07,0.000199993
-0.0247189,0.00306509,0.713002,-0.0274057,0.00304503,0.707246,-0.00126263,-0.00242067,0.00794538,1.51656,0.000200017,2.28036e-09,1.36021e-06,2.28036e-09,0.0002,1.9931e-07,1.36021e-06,1.9931e-07,0.000199993
-0.0242292,6.42718e-05,0.703362,-0.0273984,0.00305173,0.707264,-0.000772924,-0.00542149,-0.00169441,1.51656,0.000200017,3.1253e-09,1.35212e-06,3.1253e-09,0.000200001,2.85499e-07,1.35212e-06,2.85499e-07,0.000199993
-0.0238291,-0.0021631,0.695646,-0.0273486,0.00304955,0.707236,-0.00142349,0.0018763,0.0189338,1.53908,0.000200017,3.69812e-09,1.31969e-06,3.69812e-09,0.000200001,3.38681e-07,1.31969e-06,3.38681e-07,0.000199993
-0.0235739,-0.00385499,0.689784,-0.0273489,0.00304669,0.707237,-0.00116825,0.000184407,0.0130718,1.53908,0.000200016,3.98234e-09,1.28474e-06,3.98234e-09,0.000200001,3.61247e-07,1.28474e-06,3.61247e-07,0.000199994
-0.0230908,-0.00916463,0.675809,-0.0256993,-0.0158717,0.66187,-0.000685168,-0.00512523,-0.000902549,1.51193,0.000200016,4.23449e-09,1.28769e-06,4.23449e-09,0.000200001,3.75229e-07,1.28769e-06,3.75229e-07,0.000199994
-0.0226327,-0.0133406,0.664426,-0.0257277,-0.015875,0.661879,-0.000227034,-0.0093012,-0.012286,1.50876,0.000200016,4.46763e-09,1.27898e-06,4.46763e-09,0.000200001,3.93606e-07,1.27898e-06,3.93606e-07,0.000199994
-0.0221744,-0.0165793,0.655009,-0.0257021,-0.0158762,0.661876,0.000231275,-0.0125399,-0.0217031,1.51193,0.000200015,4.68979e-09,1.258e-06,4.68979e-09,0.000200001,4.1685e-07,1.258e-06,4.1685e-07,0.000199994
-0.0216717,-0.019194,0.647369,-0.0256978,-0.0158709,0.661859,-0.000589834,-0.0113826,-0.0183568,1.51193,0.000200015,5.02453e-09,1.24952e-06,5.02453e-09,0.000200002,4.51347e-07,1.24952e-06,4.51347e-07,0.000199994
-0.0214521,-0.0212081,0.641256,-0.0256978,-0.0158756,0.661848,-0.00178919,-0.00872884,-0.0128731,1.51193,0.000200014,4.991e-09,1.23168e-06,4.991e-09,0.000200002,4.429e-07,1.23168e-06,4.429e-07,0.000199994
-0.0211968,-0.0227421,0.636676,-0.0256113,-0.0158761,0.661848,-0.00153386,-0.0102629,-0.0174523,1.53403,0.000200014,4.9914e-09,1.20836e-06,4.9914e-09,0.000200002,4.46758e-07,1.20836e-06,4.46758e-07,0.000199994
-0.0197744,-0.0276071,0.620924,-0.0194831,-0.0341739,0.603474,-0.00417628,-0.00221656,0.0119382,1.86537,0.000200014,5.03357e-09,1.18629e-06,5.03357e-09,0.000200002,4.58121e-07,1.18629e-06,4.58121e-07,0.000199994
-0.0190442,-0.0311546,0.607897,-0.0213947,-0.0340855,0.603947,-0.0034461,-0.005764,-0.00108847,1.73222,0.000200012,4.85524e-09,1.12113e-06,4.85524e-09,0.000200002,4.58419e-07,1.12113e-06,4.58419e-07,0.000199994
-0.0186747,-0.0333552,0.598092,-0.0214351,-0.0340842,0.603916,-0.00613376,0.000272267,0.00902815,1.73222,0.00020001,4.18973e-09,9.77849e-07,4.18973e-09,0.000200002,4.24953e-07,9.77849e-07,4.24953e-07,0.000199995
-0.0186632,-0.0346254,0.591287,-0.0208318,-0.0341203,0.603927,-0.00612225,-0.000997933,0.00222292,1.70853,0.000200008,3.14506e-09,8.06095e-07,3.14506e-09,0.000200001,3.39008e-07,8.06095e-07,3.39008e-07,0.000199996
-0.0188901,-0.0352637,0.586568,-0.0208227,-0.0341302,0.603929,-0.00634916,-0.00163627,-0.00249559,1.70853,0.000200006,2.16551e-09,6.35003e-07,2.16551e-09,0.000200001,2.46482e-07,6.35003e-07,2.46482e-07,0.000199997
-0.0173691,-0.0387112,0.572919,-0.0118664,-0.0495868,0.552475,-0.00849639,0.00246659,0.0096022,1.91759,0.000200004,1.46675e-09,4.99107e-07,1.46675e-09,0.000200001,1.7759e-07,4.99107e-07,1.7759e-07,0.000199998
-0.0161573,-0.0413445,0.56252,-0.0118705,-0.0495887,0.552492,-0.00728455,-0.000166633,-0.000796507,1.91439,0.000200003,9.9462e-10,3.92546e-07,9.9462e-10,0.0002,1.31805e-07,3.92546e-07,1.31805e-07,0.000199998
-0.0150969,-0.0434618,0.554096,-0.0118534,-0.0495437,0.552483,-0.00703925,0.00160599,0.0182409,1.91311,0.000200002,7.201e-10,3.27839e-07,7.201e-10,0.0002,1.15787e-07,3.27839e-07,1.15787e-07,0.000199999
-0.014225,-0.0452349,0.547182,-0.0119528,-0.0495752,0.552647,-0.00616737,-0.00016717,0.0113269,1.89871,0.000200001,5.58544e-10,2.98332e-07,5.58544e-10,0.0002,1.11937e-07,2.98332e-07,1.11937e-07,0.000199999
-0.014384,-0.0466042,0.542095,-0.0164078,-0.0494357,0.553842,-0.00632632,-0.00153642,0.00624028,1.65845,0.000200001,4.58553e-10,2.76203e-07,4.58553e-10,0.0002,1.14724e-07,2.76203e-07,1.14724e-07,0.000199999
-0.013299,-0.0485372,0.529193,-0.0103544,-0.0532661,0.510189,-0.00627122,-0.00215289,0.0107044,1.1906,0.000200001,4.03903e-10,2.72785e-07,4.03903e-10,0.0002,1.18329e-07,2.72785e-07,1.18329e-07,0.000199999
-0.0125174,-0.0500645,0.518765,-0.0103293,-0.0532752,0.510172,-0.00548965,-0.00368019,0.00027578,1.18425,0.000200001,3.40242e-10,2.674e-07,3.40242e-10,0.0002,1.05444e-07,2.674e-07,1.05444e-07,0.0002
-0.0119609,-0.0513162,0.510575,-0.0106174,-0.0532755,0.510422,-0.00571143,-0.00303172,0.0142214,1.14223,0.000200001,2.95047e-10,2.68888e-07,2.95047e-10,0.0002,9.49343e-08,2.68888e-07,9.49343e-08,0.0002
-0.0116482,-0.0522235,0.504491,-0.0112424,-0.0532763,0.51069,-0.00539867,-0.003939,0.00813728,1.07327,0.000200001,2.52407e-10,2.54839e-07,2.52407e-10,0.0002,8.68594e-08,2.54839e-07,8.68594e-08,0.0002
-0.0114524,-0.0529984,0.499723,-0.0112785,-0.0532712,0.510667,-0.00520291,-0.00471394,0.00336887,1.06692,0.000200001,2.13733e-10,2.53861e-07,2.13733e-10,0.0002,7.38459e-08,2.53861e-07,7.38459e-08,0.0002
-0.0115378,-0.0540271,0.496452,-0.0115618,-0.0532304,0.510797,-0.00604474,-0.00345749,0.0222788,1.04461,0.000200001,1.50444e-10,3.19663e-07,1.50444e-10,0.0002,3.51058e-08,3.19663e-07,3.51058e-08,0.0002
-0.01199,-0.0565622,0.484279,-0.0119181,-0.0605065,0.469229,-0.00649696,-0.00599256,0.0101065,1.1837,0.000200001,-4.0444e-11,4.02465e-07,-4.0444e-11,0.0002,-3.81715e-08,4.02465e-07,-3.81715e-08,0.0002
-0.0126128,-0.0586959,0.474024,-0.0118982,-0.0605084,0.469226,-0.00693739,-0.00715034,0.00834192,1.18693,0.000200002,-3.7465e-10,4.71881e-07,-3.7465e-10,0.0002,-1.28499e-07,4.71881e-07,-1.28499e-07,0.000199999
-0.0132817,-0.0605045,0.465302,-0.0119075,-0.0605089,0.469229,-0.00760638,-0.00895894,-0.000379369,1.18693,0.000200002,-7.94509e-10,5.31919e-07,-7.94509e-10,0.0002,-2.14502e-07,5.31919e-07,-2.14502e-07,0.000199999
-0.013929,-0.0620761,0.45842,-0.0119092,-0.0605348,0.469186,-0.00873452,-0.00798329,0.0160947,1.19338,0.000200003,-1.2579e-09,5.88851e-07,-1.2579e-09,0.000200001,-2.88412e-07,5.88851e-07,-2.88412e-07,0.000199999
-0.0146426,-0.0634232,0.452908,-0.0119065,-0.0605277,0.469153,-0.00944818,-0.00933042,0.0105824,1.19015,0.000200003,-1.80516e-09,6.39009e-07,-1.80516e-09,0.000200001,-3.68082e-07,6.39009e-07,-3.68082e-07,0.000199999
-0.0153633,-0.0645428,0.448393,-0.011917,-0.0605182,0.469147,-0.0101689,-0.01045,0.00606772,1.18693,0.000200004,-2.37377e-09,6.7721e-07,-2.37377e-09,0.000200002,-4.43528e-07,6.7721e-07,-4.43528e-07,0.000199998
-0.0161484,-0.0663938,0.43488,-0.0133866,-0.0653677,0.42015,-0.00741747,-0.00816231,0.0107231,1.05209,0.000200004,-2.74077e-09,7.02708e-07,-2.74077e-09,0.000200002,-4.73314e-07,7.02708e-07,-4.73314e-07,0.000199998
-0.0164572,-0.0677344,0.42376,-0.0134099,-0.0653786,0.420162,-0.00772627,-0.00950299,-0.000396299,1.05334,0.000200004,-2.70746e-09,6.9563e-07,-2.70746e-09,0.000200002,-4.41981e-07,6.9563e-07,-4.41981e-07,0.000199998
-0.016256,-0.0687803,0.414852,-0.01341,-0.0653708,0.420101,-0.0035986,-0.00557053,0.0162944,1.05226,0.000200004,-2.33339e-09,6.87118e-07,-2.33339e-09,0.000200001,-3.51384e-07,6.87118e-07,-3.51384e-07,0.000199998
-0.0159141,-0.0694622,0.407829,-0.0134075,-0.0653703,0.420103,-0.00325665,-0.00625245,0.00927146,1.05226,0.000200004,-1.86378e-09,6.56932e-07,-1.86378e-09,0.000200001,-2.65133e-07,6.56932e-07,-2.65133e-07,0.000199998
-0.0154222,-0.0699313,0.402309,-0.0134032,-0.0653638,0.420077,-0.00276474,-0.00672155,0.00375124,1.05547,0.000200004,-1.3568e-09,6.25964e-07,-1.3568e-09,0.000200001,-1.75597e-07,6.25964e-07,-1.75597e-07,0.000199998
-0.0167061,-0.0721856,0.388856,-0.0216046,-0.0751252,0.374391,-0.0015781,-0.0042245,0.0150148,1.00884,0.000200004,-9.86108e-10,5.95374e-07,-9.86108e-10,0.0002,-1.20163e-07,5.95374e-07,-1.20163e-07,0.000199998
-0.0177106,-0.0736769,0.37881,-0.0216132,-0.0751205,0.37435,-0.00258255,-0.00571577,0.00496909,1.00884,0.000200003,-6.8307e-10,5.25761e-07,-6.8307e-10,0.0002,-8.14114e-08,5.25761e-07,-8.14114e-08,0.000199999
-0.0185212,-0.0746384,0.370966,-0.0216291,-0.0751064,0.374274,-0.00339323,-0.00667732,-0.00287483,0.999192,0.000200002,-4.68355e-10,4.44505e-07,-4.68355e-10,0.0002,-5.76469e-08,4.44505e-07,-5.76469e-08,0.000199999
-0.0191775,-0.0752724,0.364684,-0.0216212,-0.0751016,0.374238,-0.00315096,-0.00339753,0.0160853,1.00562,0.000200002,-3.25243e-10,3.70947e-07,-3.25243e-10,0.0002,-4.41574e-08,3.70947e-07,-4.41574e-08,0.000199999
-0.0196575,-0.0756697,0.359657,-0.0216303,-0.0751031,0.374228,-0.0036309,-0.00379488,0.0110582,1.00241,0.000200001,-2.1213e-10,3.06319e-07,-2.1213e-10,0.0002,-2.80522e-08,3.06319e-07,-2.80522e-08,0.000199999
-0.0199578,-0.0760254,0.355531,-0.021616,-0.0751077,0.374221,-0.00330876,-0.00169376,0.0314149,1.00884,0.000200001,-1.17165e-10,2.71036e-07,-1.17165e-10,0.0002,-5.00291e-09,2.71036e-07,-5.00291e-09,0.000199999
-0.0203146,-0.0774346,0.344737,-0.0221419,-0.0807293,0.334691,-0.00366557,-0.00310297,0.0206217,1.08505,0.000200001,-5.51896e-11,2.48501e-07,-5.51896e-11,0.0002,9.47794e-09,2.48501e-07,9.47794e-09,0.0002
-0.0207287,-0.0786735,0.336201,-0.0221803,-0.080731,0.334664,-0.00407969,-0.00434182,0.0120854,1.0787,0.000200001,-4.4791e-11,2.51715e-07,-4.4791e-11,0.0002,-1.17004e-09,2.51715e-07,-1.17004e-09,0.0002
-0.020945,-0.0796468,0.329064,-0.0221289,-0.0807195,0.334674,-0.00443069,-0.00390625,0.0235939,1.09139,0.000200001,-1.38702e-11,2.5145e-07,-1.38702e-11,0.0002,8.39538e-09,2.5145e-07,8.39538e-09,0.0002
-0.0210302,-0.0803734,0.323463,-0.0221467,-0.0807312,0.334702,-0.00451591,-0.00463285,0.017993,1.08187,0.000200001,3.05033e-11,2.42748e-07,3.05033e-11,0.0002,2.89607e-08,2.42748e-07,2.89607e-08,0.0002
-0.0212203,-0.0808597,0.319185,-0.0221403,-0.0807219,0.33468,-0.00509677,-0.00355335,0.0270181,1.08505,0.000200001,2.96908e-11,2.22112e-07,2.96908e-11,0.0002,2.24101e-08,2.22112e-07,2.24101e-08,0.0002
-0.0213205,-0.0812102,0.316074,-0.0221437,-0.0807311,0.334683,-0.00519699,-0.00390391,0.023907,1.08505,0.0002,3.84774e-11,2.02552e-07,3.84774e-11,0.0002,2.66342e-08,2.02552e-07,2.66342e-08,0.0002
-0.0215225,-0.0822967,0.303303,-0.0225624,-0.0844856,0.283273,-0.00539897,-0.00499039,0.011136,1.06532,0.0002,3.95959e-11,1.98622e-07,3.95959e-11,0.0002,2.47294e-08,1.98622e-07,2.47294e-08,0.0002
-0.0216769,-0.0832094,0.292674,-0.0225755,-0.0844986,0.283283,-0.0051605,-0.00415952,0.0209342,1.06207,0.0002,4.23123e-11,2.02716e-07,4.23123e-11,0.0002,2.4572e-08,2.02716e-07,2.4572e-08,0.0002
-0.0217869,-0.0840157,0.284179,-0.0226159,-0.0844702,0.283325,-0.00527044,-0.00496579,0.0124396,1.06373,0.0002,5.05524e-11,2.18492e-07,5.05524e-11,0.0002,2.74869e-08,2.18492e-07,2.74869e-08,0.0002
-0.0218254,-0.084585,0.277271,-0.0225715,-0.084486,0.283277,-0.0052372,-0.00412272,0.0232359,1.06207,0.0002,6.36613e-11,2.16082e-07,6.36613e-11,0.0002,3.56309e-08,2.16082e-07,3.56309e-08,0.0002
-0.0218715,-0.0850659,0.271644,-0.0225656,-0.0844791,0.283298,-0.00528321,-0.00460363,0.0176096,1.06027,0.0002,7.05785e-11,2.18849e-07,7.05785e-11,0.0002,3.79283e-08,2.18849e-07,3.79283e-08,0.0002
-0.0217314,-0.0853172,0.262829,-0.0212558,-0.0840278,0.261207,-0.0057293,-0.00345632,0.0298072,0.89072,0.0002,5.56541e-11,2.135e-07,5.56541e-11,0.0002,2.64405e-08,2.135e-07,2.64405e-08,0.0002
-0.0216975,-0.0855303,0.255601,-0.0214308,-0.084033,0.261362,-0.00569539,-0.00366943,0.0225788,0.868402,0.0002,3.4003e-11,2.11805e-07,3.4003e-11,0.0002,1.18337e-08,2.11805e-07,1.18337e-08,0.0002
-0.0217029,-0.0857527,0.250022,-0.0214326,-0.0840331,0.261346,-0.00570084,-0.00389176,0.0169998,0.868402,0.0002,9.46982e-12,2.18949e-07,9.46982e-12,0.0002,-2.97278e-09,2.18949e-07,-2.97278e-09,0.0002
-0.0217067,-0.085932,0.245553,-0.0214217,-0.0840409,0.261317,-0.00615021,-0.00245309,0.0336628,0.874691,0.0002,-1.07943e-11,2.2346e-07,-1.07943e-11,0.0002,-1.2914e-08,2.2346e-07,-1.2914e-08,0.0002
-0.0217378,-0.0860601,0.242494,-0.0214256,-0.0840419,0.261313,-0.00618129,-0.00258127,0.0306043,0.877836,0.0002,-3.24877e-11,2.23799e-07,-3.24877e-11,0.0002,-2.37041e-08,2.23799e-07,-2.37041e-08,0.0002
-0.0218113,-0.0862402,0.240365,-0.0214325,-0.0840422,0.26135,-0.00592762,-0.000630367,0.0491304,0.871547,0.000200001,-6.33224e-11,2.36282e-07,-6.33224e-11,0.0002,-3.83761e-08,2.36282e-07,-3.83761e-08,0.0002
-0.0215644,-0.0881223,0.225667,-0.020029,-0.0927972,0.196372,-0.0056807,-0.00251245,0.0344324,1.89412,0.000200001,-7.73418e-11,2.4265e-07,-7.73418e-11,0.0002,-4.13414e-08,2.4265e-07,-4.13414e-08,0.0002
-0.0213285,-0.0896171,0.213288,-0.020021,-0.0927946,0.196374,-0.00544481,-0.00400724,0.0220533,1.89412,0.000200001,-7.85003e-11,2.44986e-07,-7.85003e-11,0.0002,-3.80056e-08,2.44986e-07,-3.80056e-08,0.0002
-0.0211034,-0.0908038,0.203592,-0.0200271,-0.092796,0.196376,-0.00430832,-0.00361657,0.0327962,1.89412,0.000200001,-6.91405e-11,2.44946e-07,-6.91405e-11,0.0002,-3.02931e-08,2.44946e-07,-3.02931e-08,0.0002
-0.0214541,-0.0916839,0.196169,-0.0226255,-0.0926579,0.198051,-0.00465908,-0.00449669,0.0253735,1.56664,0.000200001,-6.35447e-11,2.38182e-07,-6.35447e-11,0.0002,-2.75352e-08,2.38182e-07,-2.75352e-08,0.0002
-0.0218,-0.0924246,0.190126,-0.0226498,-0.0926744,0.198041,-0.00548709,-0.00316287,0.0396861,1.57327,0.000200001,-7.58075e-11,2.39042e-07,-7.58075e-11,0.0002,-3.57782e-08,2.39042e-07,-3.57782e-08,0.0002
-0.0221378,-0.0930693,0.177665,-0.0228214,-0.0933634,0.15991,-0.00582487,-0.00380762,0.0272251,1.02299,0.0002,-8.64956e-11,2.26092e-07,-8.64956e-11,0.0002,-4.40421e-08,2.26092e-07,-4.40421e-08,0.0002
-0.0223266,-0.09357,0.167279,-0.0228197,-0.0933679,0.159893,-0.00601366,-0.00430829,0.016839,1.02299,0.0002,-7.55546e-11,2.15233e-07,-7.55546e-11,0.0002,-3.68588e-08,2.15233e-07,-3.68588e-08,0.0002
-0.0224638,-0.0939434,0.15928,-0.0228253,-0.0933558,0.159893,-0.00588918,-0.00400651,0.0196946,1.01982,0.0002,-6.33833e-11,2.04293e-07,-6.33833e-11,0.0002,-3.0145e-08,2.04293e-07,-3.0145e-08,0.0002
-0.0225402,-0.0941947,0.152878,-0.0228257,-0.0933633,0.159876,-0.00596556,-0.00425782,0.0132926,1.02299,0.0002,-4.65684e-11,1.89483e-07,-4.65684e-11,0.0002,-2.06759e-08,1.89483e-07,-2.06759e-08,0.0002
-0.0226039,-0.0943981,0.147759,-0.0228324,-0.0933749,0.159887,-0.00560051,-0.00302447,0.0267422,1.02299,0.0002,-3.49754e-11,1.79994e-07,-3.49754e-11,0.0002,-1.49916e-08,1.79994e-07,-1.49916e-08,0.0002
-0.0226444,-0.0944927,0.143351,-0.0228322,-0.0933662,0.159876,-0.00564103,-0.0031191,0.0223339,1.02299,0.0002,-2.41713e-11,1.63327e-07,-2.41713e-11,0.0002,-9.72351e-09,1.63327e-07,-9.72351e-09,0.0002
-0.0228767,-0.0952591,0.129894,-0.0240008,-0.0968509,0.111261,-0.00587331,-0.00388548,0.00887721,0.954999,0.0002,-1.02197e-11,1.51746e-07,-1.02197e-11,0.0002,1.68705e-10,1.51746e-07,1.68705e-10,0.0002
-0.0230451,-0.0958597,0.118808,-0.0239966,-0.0969047,0.111209,-0.00576557,-0.00308146,0.0211169,0.967944,0.0002,1.51199e-12,1.4063e-07,1.51199e-12,0.0002,8.81423e-09,1.4063e-07,8.81423e-09,0.0002
-0.0232236,-0.0963393,0.109327,-0.0239978,-0.096872,0.111254,-0.00594412,-0.003561,0.0116358,0.954999,0.0002,3.22958e-12,1.34355e-07,3.22958e-12,0.0002,7.06409e-09,1.34355e-07,7.06409e-09,0.0002
-0.0233075,-0.0966955,0.102045,-0.0240007,-0.0968759,0.111219,-0.00596648,-0.00289867,0.0242302,0.958235,0.0002,1.17262e-11,1.25947e-07,1.17262e-11,0.0002,1.53611e-08,1.25947e-07,1.53611e-08,0.0002
-0.0234424,-0.0969614,0.0963202,-0.0240063,-0.0968511,0.111202,-0.00610136,-0.00316454,0.0185052,0.951762,0.0002,8.99609e-12,1.18198e-07,8.99609e-12,0.0002,9.90406e-09,1.18198e-07,9.90406e-09,0.0002
-0.0237519,-0.0977757,0.0828885,-0.0245809,-0.0996063,0.065908,-0.00641091,-0.00397886,0.00507352,1.12687,0.0002,-3.36824e-12,1.21204e-07,-3.36824e-12,0.0002,-6.76352e-09,1.21204e-07,-6.76352e-09,0.0002
-0.0240189,-0.0984495,0.0722448,-0.0245692,-0.0996086,0.0658988,-0.00618552,-0.00373116,0.0213369,1.13008,0.0002,-1.71272e-11,1.26594e-07,-1.71272e-11,0.0002,-2.11787e-08,1.26594e-07,-2.11787e-08,0.0002
-0.0241786,-0.0989164,0.0638221,-0.0245848,-0.0995941,0.0658423,-0.00634517,-0.00419813,0.0129142,1.12322,0.0002,-1.90786e-11,1.19029e-07,-1.90786e-11,0.0002,-2.13752e-08,1.19029e-07,-2.13752e-08,0.0002
-0.0243887,-0.0993785,0.0574931,-0.0245945,-0.0995854,0.0658179,-0.00661162,-0.00335204,0.0290919,1.12687,0.0002,-3.32731e-11,1.2847e-07,-3.32731e-11,0.0002,-3.46399e-08,1.2847e-07,-3.46399e-08,0.0002
-0.0245929,-0.0998345,0.0526422,-0.0245823,-0.0995819,0.0658443,-0.00681581,-0.00380804,0.024241,1.12043,0.0002,-5.53056e-11,1.48317e-07,-5.53056e-11,0.0002,-4.95734e-08,1.48317e-07,-4.95734e-08,0.0002
-0.0247397,-0.100133,0.0486519,-0.0245833,-0.0995785,0.0658134,-0.00696269,-0.00410688,0.0202506,1.12687,0.0002,-6.76937e-11,1.50531e-07,-6.76937e-11,0.0002,-5.65124e-08,1.50531e-07,-5.65124e-08,0.0002
-0.0249715,-0.101014,0.0356398,-0.0252635,-0.10185,0.0172324,-0.00693009,-0.00461874,0.0197529,1.21591,0.0002,-8.37597e-11,1.82314e-07,-8.37597e-11,0.0002,-5.65494e-08,1.82314e-07,-5.65494e-08,0.0002
-0.0251603,-0.101718,0.0254383,-0.0252559,-0.101853,0.0172375,-0.00711889,-0.00532264,0.00955131,1.22236,0.0002,-9.72079e-11,2.02388e-07,-9.72079e-11,0.0002,-5.76677e-08,2.02388e-07,-5.76677e-08,0.0002
-0.0252506,-0.102246,0.0170724,-0.0253553,-0.101903,0.0172496,-0.00720918,-0.00585044,0.0011854,1.19309,0.0002,-8.73497e-11,2.07969e-07,-8.73497e-11,0.0002,-4.57832e-08,2.07969e-07,-4.57832e-08,0.0002
-0.0254527,-0.102625,0.0103808,-0.0253506,-0.101888,0.0172555,-0.0074009,-0.00390906,0.0229952,1.18663,0.0002,-1.05163e-10,2.04834e-07,-1.05163e-10,0.0002,-5.93115e-08,2.04834e-07,-5.93115e-08,0.0002
-0.0255101,-0.102944,0.00512793,-0.0253542,-0.101875,0.0172394,-0.00745832,-0.00422873,0.0177423,1.18726,0.0002,-9.79338e-11,2.05997e-07,-9.79338e-11,0.0002,-5.14156e-08,2.05997e-07,-5.14156e-08,0.0002
-0.0255568,-0.10311,0.000924366,-0.0253479,-0.10185,0.0172333,-0.00732644,-0.00224261,0.0379289,1.19371,0.0002,-8.79665e-11,1.93056e-07,-8.79665e-11,0.0002,-4.67126e-08,1.93056e-07,-4.67126e-08,0.0002
-0.025701,-0.103821,-0.0105228,-0.02584,-0.104968,-0.0231888,-0.00747066,-0.00295399,0.0264817,1.22994,0.0002,-7.87063e-11,1.77908e-07,-7.87063e-11,0.0002,-4.39098e-08,1.77908e-07,-4.39098e-08,0.0002
-0.0257738,-0.10431,-0.0200966,-0.0258356,-0.104994,-0.0231986,-0.00754339,-0.00344328,0.0169079,1.22704,0.0002,-6.15818e-11,1.54563e-07,-6.15818e-11,0.0002,-3.56968e-08,1.54563e-07,-3.56968e-08,0.0002
-0.0258336,-0.104696,-0.028168,-0.0258389,-0.104966,-0.0231903,-0.00688272,-0.00219235,0.0328077,1.23314,0.0002,-5.00084e-11,1.39543e-07,-5.00084e-11,0.0002,-3.08509e-08,1.39543e-07,-3.08509e-08,0.0002
-0.0258839,-0.105006,-0.0348293,-0.0258459,-0.104972,-0.023176,-0.00693301,-0.00250188,0.0261464,1.22994,0.0002,-4.21661e-11,1.29862e-07,-4.21661e-11,0.0002,-2.80875e-08,1.29862e-07,-2.80875e-08,0.0002
-0.0258622,-0.10528,-0.0402694,-0.0258475,-0.104993,-0.0232138,-0.0068276,-0.00207362,0.0281737,1.22675,0.0002,-2.91544e-11,1.27464e-07,-2.91544e-11,0.0002,-1.65457e-08,1.27464e-07,-1.65457e-08,0.0002
-0.0259075,-0.105591,-0.0575578,-0.0263378,-0.105652,-0.0878948,-0.0068729,-0.00238426,0.0108854,1.58818,0.0002,-1.36836e-11,1.19477e-07,-1.36836e-11,0.0002,-2.26191e-09,1.19477e-07,-2.26191e-09,0.0002
-0.0260505,-0.105815,-0.0714918,-0.0263375,-0.105664,-0.0878942,-0.00701586,-0.00260855,-0.00304868,1.59174,0.0002,-1.54921e-11,1.09964e-07,-1.54921e-11,0.0002,-1.05308e-08,1.09964e-07,-1.05308e-08,0.0002
-0.0261409,-0.105932,-0.0825312,-0.0263401,-0.105665,-0.0878723,-0.00746227,-0.00163361,0.012489,1.59174,0.0002,-1.36392e-11,9.3846e-08,-1.36392e-11,0.0002,-1.20642e-08,9.3846e-08,-1.20642e-08,0.0002
-0.0262901,-0.105982,-0.0911072,-0.0269507,-0.10564,-0.0876299,-0.00761147,-0.00168283,0.00391297,1.51348,0.0002,-8.09731e-12,7.7319e-08,-8.09731e-12,0.0002,-5.895e-09,7.7319e-08,-5.895e-09,0.0002
-0.0264865,-0.106124,-0.0976546,-0.0269686,-0.105656,-0.0876159,-0.00791202,-0.000743791,0.0180466,1.51842,0.0002,-1.12909e-11,8.26668e-08,-1.12909e-11,0.0002,-1.39488e-08,8.26668e-08,-1.39488e-08,0.0002
-0.0266451,-0.106279,-0.102688,-0.0269522,-0.105647,-0.0876288,-0.00807065,-0.000898584,0.0130131,1.51128,0.0002,-1.57366e-11,9.2793e-08,-1.57366e-11,0.0002,-2.00349e-08,9.2793e-08,-2.00349e-08,0.0002
-0.0267814,-0.107003,-0.112715,-0.0267909,-0.108884,-0.118664,-0.00820693,-0.0016221,0.00298646,1.134,0.0002,-2.22537e-11,9.17001e-08,-2.22537e-11,0.0002,-3.01295e-08,9.17001e-08,-3.01295e-08,0.0002
-0.0269313,-0.107584,-0.120952,-0.0267786,-0.108924,-0.118709,-0.00813077,-0.00191604,0.020988,1.14422,0.0002,-3.11973e-11,8.99958e-08,-3.11973e-11,0.0002,-4.3678e-08,8.99958e-08,-4.3678e-08,0.0002
-0.0270346,-0.108063,-0.12784,-0.0267841,-0.108876,-0.118645,-0.00823406,-0.00239446,0.0141004,1.13424,0.0002,-3.75513e-11,9.25097e-08,-3.75513e-11,0.0002,-4.96853e-08,9.25097e-08,-4.96853e-08,0.0002
-0.0271093,-0.108363,-0.133768,-0.026793,-0.108887,-0.118664,-0.00796647,-0.00156869,0.0339414,1.134,0.0002,-3.67439e-11,8.04717e-08,-3.67439e-11,0.0002,-5.19213e-08,8.04717e-08,-5.19213e-08,0.0002
-0.0271519,-0.108628,-0.138823,-0.0267971,-0.108897,-0.118677,-0.00800914,-0.00183417,0.0288858,1.14045,0.0002,-3.55503e-11,7.64961e-08,-3.55503e-11,0.0002,-5.0606e-08,7.64961e-08,-5.0606e-08,0.0002
-0.0272441,-0.108694,-0.150981,-0.0274918,-0.108118,-0.158207,-0.00810136,-0.0019004,0.0167284,1.18984,0.0002,-2.8508e-11,7.58822e-08,-2.8508e-11,0.0002,-3.64344e-08,7.58822e-08,-3.64344e-08,0.0002
-0.0273128,-0.108707,-0.160711,-0.0274926,-0.108128,-0.158229,-0.00767161,-0.00116614,0.0233579,1.19619,0.0002,-2.13931e-11,6.87198e-08,-2.13931e-11,0.0002,-2.65982e-08,6.87198e-08,-2.65982e-08,0.0002
-0.0273254,-0.108723,-0.168486,-0.0274879,-0.10812,-0.158181,-0.00768422,-0.00118162,0.0155831,1.19221,0.0002,-1.37492e-11,6.52617e-08,-1.37492e-11,0.0002,-1.37915e-08,6.52617e-08,-1.37915e-08,0.0002
-0.0272795,-0.108658,-0.174503,-0.027485,-0.108119,-0.158201,-0.00756044,-0.000804607,0.0381004,1.19543,0.0002,-4.79682e-12,5.08842e-08,-4.79682e-12,0.0002,3.3614e-09,5.08842e-08,3.3614e-09,0.0002
-0.0272874,-0.108601,-0.178905,-0.0274965,-0.108128,-0.158214,-0.00756828,-0.000747717,0.0336984,1.19619,0.0002,-1.59794e-12,4.05036e-08,-1.59794e-12,0.0002,7.59717e-09,4.05036e-08,7.59717e-09,0.0002
-0.027305,-0.108529,-0.182113,-0.0274657,-0.108118,-0.158202,-0.00758591,-0.000675451,0.0304898,1.20186,0.0002,-5.22044e-13,2.9902e-08,-5.22044e-13,0.0002,7.56917e-09,2.9902e-08,7.56917e-09,0.0002
-0.0275091,-0.108697,-0.19446,-0.0277489,-0.108611,-0.208653,-0.0076984,-0.000334767,0.0279983,1.07381,0.0002,-4.94682e-12,4.32865e-08,-4.94682e-12,0.0002,-1.36884e-08,4.32865e-08,-1.36884e-08,0.0002
-0.0277023,-0.10889,-0.204025,-0.0277255,-0.108617,-0.208646,-0.00789161,-0.000527531,0.018433,1.0677,0.0002,-1.44567e-11,6.09443e-08,-1.44567e-11,0.0002,-3.29715e-08,6.09443e-08,-3.29715e-08,0.0002
-0.0277925,-0.109143,-0.211892,-0.027728,-0.108616,-0.208683,-0.00800808,-0.000827949,0.0406004,1.06451,0.0002,-2.31961e-11,8.81864e-08,-2.31961e-11,0.0002,-3.5205e-08,8.81864e-08,-3.5205e-08,0.0002
-0.0279158,-0.109379,-0.218194,-0.0277234,-0.10862,-0.208725,-0.00813138,-0.00106386,0.0342987,1.06451,0.0002,-3.77009e-11,1.10662e-07,-3.77009e-11,0.0002,-4.51519e-08,1.10662e-07,-4.51519e-08,0.0002
-0.0279636,-0.109532,-0.223652,-0.0277165,-0.108606,-0.208739,-0.0082714,-1.29954e-05,0.0481604,1.0709,0.0002,-4.25106e-11,1.19793e-07,-4.25106e-11,0.0002,-4.37212e-08,1.19793e-07,-4.37212e-08,0.0002
-0.0278575,-0.110481,-0.241917,-0.0266905,-0.112596,-0.279269,-0.00816532,-0.000961722,0.0298951,1.32741,0.0002,-5.4378e-11,1.30614e-07,-5.4378e-11,0.0002,-5.12523e-08,1.30614e-07,-5.12523e-08,0.0002
-0.027867,-0.111151,-0.257049,-0.0267049,-0.112598,-0.279282,-0.00817478,-0.00163159,0.0147628,1.32764,0.0002,-7.06983e-11,1.22966e-07,-7.06983e-11,0.0002,-7.10291e-08,1.22966e-07,-7.10291e-08,0.0002
-0.0277972,-0.111638,-0.269049,-0.0266994,-0.112597,-0.279265,-0.00777434,-0.0011857,0.0258917,1.33088,0.0002,-6.92371e-11,1.10333e-07,-6.92371e-11,0.0002,-7.17341e-08,1.10333e-07,-7.17341e-08,0.0002
-0.0276406,-0.111973,-0.278501,-0.0272544,-0.112582,-0.279047,-0.00761775,-0.00151995,0.0164394,1.28663,0.0002,-4.26894e-11,9.39879e-08,-4.26894e-11,0.0002,-3.84314e-08,9.39879e-08,-3.84314e-08,0.0002
-0.0276526,-0.112176,-0.286053,-0.0275867,-0.112578,-0.278998,-0.00673414,-0.000471353,0.0336012,1.26897,0.0002,-2.94353e-11,7.32059e-08,-2.94353e-11,0.0002,-2.84605e-08,7.32059e-08,-2.84605e-08,0.0002
-0.0276095,-0.112311,-0.292301,-0.027586,-0.112585,-0.278996,-0.00669111,-0.000606161,0.027353,1.27221,0.0002,-1.71425e-11,5.53463e-08,-1.71425e-11,0.0002,-1.36863e-08,5.53463e-08,-1.36863e-08,0.0002
-0.0276715,-0.111982,-0.299718,-0.0282074,-0.110136,-0.290049,-0.00675308,-0.000277242,0.0199367,0.961346,0.0002,-8.48289e-12,5.24694e-08,-8.48289e-12,0.0002,1.86861e-10,5.24694e-08,1.86861e-10,0.0002
-0.0278448,-0.111739,-0.305338,-0.028222,-0.110087,-0.29004,-0.00643628,0.000361633,0.0372719,0.958181,0.0002,-9.22001e-12,5.52391e-08,-9.22001e-12,0.0002,-1.03711e-08,5.52391e-08,-1.03711e-08,0.0002
-0.0279448,-0.111562,-0.310451,-0.02823,-0.110111,-0.290017,-0.00653629,0.000538588,0.0321589,0.961346,0.0002,-8.25158e-12,5.90567e-08,-8.25158e-12,0.0002,-1.07958e-08,5.90567e-08,-1.07958e-08,0.0002
-0.0280003,-0.111454,-0.314238,-0.0281747,-0.110145,-0.290051,-0.00687768,0.00122712,0.0552163,0.965,0.0002,-7.13502e-12,6.57818e-08,-7.13502e-12,0.0002,-9.0208e-09,6.57818e-08,-9.0208e-09,0.0002
-0.0280791,-0.111304,-0.317258,-0.0282074,-0.110093,-0.290005,-0.00695646,0.00137747,0.0521961,0.951852,0.0002,-7.61853e-12,6.14578e-08,-7.61853e-12,0.0002,-1.22757e-08,6.14578e-08,-1.22757e-08,0.0002
-0.0282497,-0.111238,-0.319469,-0.0282085,-0.110091,-0.290014,-0.00712708,0.00144324,0.0499852,0.951852,0.0002,-1.64296e-11,6.71947e-08,-1.64296e-11,0.0002,-3.16758e-08,6.71947e-08,-3.16758e-08,0.0002
-0.0285099,-0.111683,-0.334987,-0.0291391,-0.11293,-0.359797,-0.00727887,0.00133221,0.0430478,1.19148,0.0002,-1.68482e-11,6.01333e-08,-1.68482e-11,0.0002,-3.33083e-08,6.01333e-08,-3.33083e-08,0.0002
-0.0287467,-0.112048,-0.347298,-0.0291432,-0.112914,-0.359796,-0.00751564,0.000966961,0.030737,1.18823,0.0002,-1.9069e-11,5.74668e-08,-1.9069e-11,0.0002,-3.89673e-08,5.74668e-08,-3.89673e-08,0.0002
-0.0288666,-0.112271,-0.357146,-0.0291369,-0.112901,-0.35979,-0.00717479,0.00134101,0.0533655,1.18174,0.0002,-1.44304e-11,4.51593e-08,-1.44304e-11,0.0002,-3.16916e-08,4.51593e-08,-3.16916e-08,0.0002
-0.0289942,-0.112463,-0.365122,-0.0291578,-0.112904,-0.359764,-0.00730237,0.00114942,0.0453892,1.18174,0.0002,-1.27574e-11,3.91726e-08,-1.27574e-11,0.0002,-3.15154e-08,3.91726e-08,-3.15154e-08,0.0002
-0.0290663,-0.112533,-0.371717,-0.0291576,-0.112887,-0.359796,-0.00737445,0.0010794,0.0387947,1.18643,0.0002,-8.14151e-12,2.25792e-08,-8.14151e-12,0.0002,-2.65044e-08,2.25792e-08,-2.65044e-08,0.0002
-0.0294608,-0.112533,-0.386627,-0.0309771,-0.112675,-0.405384,-0.0064612,0.00106265,0.0404778,0.992034,0.0002,-4.5357e-12,1.00241e-08,-4.5357e-12,0.0002,-1.88525e-08,1.00241e-08,-1.88525e-08,0.0002
-0.0297919,-0.112572,-0.398352,-0.0309777,-0.112667,-0.4054,-0.00679239,0.00102449,0.0287532,0.992034,0.0002,-3.1914e-12,8.23998e-09,-3.1914e-12,0.0002,-1.65194e-08,8.23998e-09,-1.65194e-08,0.0002
-0.0300012,-0.112553,-0.408048,-0.030921,-0.112674,-0.40543,-0.00704725,0.00123062,0.0458198,1.00291,0.0002,-1.5567e-12,-9.72571e-10,-1.5567e-12,0.0002,-7.8673e-09,-9.72571e-10,-7.8673e-09,0.0002
-0.0302413,-0.112627,-0.415694,-0.0309778,-0.112674,-0.405392,-0.00728732,0.001156,0.0381738,0.988819,0.0002,-1.61168e-12,7.32515e-09,-1.61168e-12,0.0002,-1.22922e-08,7.32515e-09,-1.22922e-08,0.0002
-0.0304226,-0.112684,-0.421817,-0.0309231,-0.112661,-0.405421,-0.00746865,0.00109919,0.0320512,0.999696,0.0002,-1.99693e-12,1.258e-08,-1.99693e-12,0.0002,-1.51848e-08,1.258e-08,-1.51848e-08,0.0002
-0.0306092,-0.11278,-0.426609,-0.030903,-0.112665,-0.405409,-0.00765019,0.00155485,0.0495971,1.00896,0.0002,-4.47672e-12,2.37469e-08,-4.47672e-12,0.0002,-2.4448e-08,2.37469e-08,-2.4448e-08,0.0002
-0.0308747,-0.112926,-0.440767,-0.0314232,-0.113162,-0.459615,-0.00791572,0.00140873,0.0354397,1.06027,0.0002,-6.54778e-12,2.63102e-08,-6.54778e-12,0.0002,-3.20889e-08,2.63102e-08,-3.20889e-08,0.0002
-0.0310506,-0.113064,-0.451681,-0.0314299,-0.113181,-0.459629,-0.00766099,0.00126215,0.037622,1.06027,0.0002,-7.73106e-12,3.06842e-08,-7.73106e-12,0.0002,-3.0999e-08,3.06842e-08,-3.0999e-08,0.0002
-0.0311529,-0.113189,-0.460205,-0.0314257,-0.113162,-0.459623,-0.00776327,0.00113755,0.0290985,1.06027,0.0002,-7.72003e-12,3.63954e-08,-7.72003e-12,0.0002,-2.43503e-08,3.63954e-08,-2.43503e-08,0.0002
-0.0312454,-0.113263,-0.467131,-0.0314282,-0.113178,-0.459645,-0.00785577,0.00106324,0.0221719,1.05705,0.0002,-7.15996e-12,3.54366e-08,-7.15996e-12,0.0002,-2.17375e-08,3.54366e-08,-2.17375e-08,0.0002
-0.0314062,-0.11335,-0.472985,-0.0314323,-0.113174,-0.459655,-0.00820795,0.00159352,0.055075,1.05705,0.0002,-1.08338e-11,3.91699e-08,-1.08338e-11,0.0002,-3.39091e-08,3.91699e-08,-3.39091e-08,0.0002
-0.031344,-0.113276,-0.488126,-0.0308507,-0.112746,-0.509872,-0.00814575,0.00166791,0.0399344,0.949743,0.0002,-8.97198e-12,3.25326e-08,-8.97198e-12,0.0002,-2.94555e-08,3.25326e-08,-2.94555e-08,0.0002
-0.0312619,-0.113214,-0.500649,-0.0306883,-0.112739,-0.509855,-0.00806366,0.00172915,0.0274113,0.956092,0.0002,-7.61413e-12,2.81625e-08,-7.61413e-12,0.0002,-2.67212e-08,2.81625e-08,-2.67212e-08,0.0002
-0.0311516,-0.113213,-0.510565,-0.030693,-0.112733,-0.509859,-0.00721353,0.00229555,0.0367196,0.956092,0.0002,-6.35027e-12,3.32276e-08,-6.35027e-12,0.0002,-1.78181e-08,3.32276e-08,-1.78181e-08,0.0002
-0.0310107,-0.113159,-0.5185,-0.0308196,-0.112734,-0.509873,-0.0070726,0.00234977,0.0287842,0.946568,0.0002,-2.09489e-12,2.80377e-08,-2.09489e-12,0.0002,4.06093e-10,2.80377e-08,4.06093e-10,0.0002
-0.0309253,-0.11316,-0.524949,-0.0307059,-0.112727,-0.509857,-0.00728435,0.00250517,0.0452626,0.956092,0.0002,-5.55096e-13,3.19105e-08,-5.55096e-13,0.0002,3.92558e-09,3.19105e-08,3.92558e-09,0.0002
-0.031205,-0.113315,-0.539924,-0.0319234,-0.113677,-0.55842,-0.00756408,0.00234968,0.0302876,1.03691,0.0002,-2.6908e-12,2.86598e-08,-2.6908e-12,0.0002,-1.02865e-08,2.86598e-08,-1.02865e-08,0.0002
-0.0314383,-0.113413,-0.551593,-0.0319327,-0.113694,-0.558418,-0.00757019,0.00209526,0.0353226,1.04015,0.0002,-3.7173e-12,2.17116e-08,-3.7173e-12,0.0002,-2.06241e-08,2.17116e-08,-2.06241e-08,0.0002
-0.0316528,-0.113564,-0.560724,-0.0318494,-0.1137,-0.558432,-0.00778471,0.00194426,0.0261915,1.05938,0.0002,-7.43248e-12,2.8629e-08,-7.43248e-12,0.0002,-3.4524e-08,2.8629e-08,-3.4524e-08,0.0002
-0.0317903,-0.113705,-0.567615,-0.0318563,-0.113694,-0.558432,-0.00792219,0.00180304,0.0193006,1.06262,0.0002,-1.06629e-11,3.65447e-08,-1.06629e-11,0.0002,-3.78151e-08,3.65447e-08,-3.78151e-08,0.0002
-0.0316644,-0.113974,-0.572916,-0.0319322,-0.113677,-0.558412,-0.0075442,0.0011888,0.038105,1.04028,0.0002,-2.44481e-12,6.748e-08,-2.44481e-12,0.0002,-9.65276e-11,6.748e-08,-9.65276e-11,0.0002
-0.0311854,-0.114511,-0.577265,-0.0319269,-0.1137,-0.55843,-0.00706527,0.00065153,0.0337565,1.05002,0.0002,7.46808e-11,1.38966e-07,7.46808e-11,0.0002,8.35831e-08,1.38966e-07,8.35831e-08,0.0002
-0.0302353,-0.115335,-0.591195,-0.0318864,-0.113765,-0.609652,-0.0054502,0.000488881,0.0451773,1.03531,0.0002,3.76814e-10,2.45383e-07,3.76814e-10,0.0002,2.27399e-07,2.45383e-07,2.27399e-07,0.0002
-0.029155,-0.11628,-0.60358,-0.0318798,-0.11377,-0.609644,-0.00436994,-0.000456127,0.0327926,1.03201,0.000200001,9.3572e-10,3.60323e-07,9.3572e-10,0.000200001,3.69242e-07,3.60323e-07,3.69242e-07,0.0002
-0.0281289,-0.116862,-0.6141,-0.0319163,-0.113774,-0.609604,-0.00334376,-0.00103892,0.0222719,1.01609,0.000200001,1.47364e-09,4.07387e-07,1.47364e-09,0.000200002,4.86455e-07,4.07387e-07,4.86455e-07,0.000199999
-0.0275816,-0.117019,-0.6218,-0.0319,-0.113768,-0.60964,-0.00344548,-0.000456246,0.0352687,1.03211,0.000200001,1.62701e-09,3.88276e-07,1.62701e-09,0.000200002,5.17267e-07,3.88276e-07,5.17267e-07,0.000199999
-0.0277021,-0.116754,-0.626917,-0.0318994,-0.113758,-0.609603,-0.00356601,-0.0001912,0.0301517,1.02253,0.000200001,1.31958e-09,3.1309e-07,1.31958e-09,0.000200002,4.48246e-07,3.1309e-07,4.48246e-07,0.000199999
-0.0280428,-0.116372,-0.630598,-0.0319019,-0.113763,-0.609611,-0.00812709,0.0024796,0.0494287,1.02246,0.000200001,9.64323e-10,2.37214e-07,9.64323e-10,0.000200001,3.65439e-07,2.37214e-07,3.65439e-07,0.000199999
-0.0276134,-0.116592,-0.643551,-0.0275715,-0.116338,-0.659653,-0.00769765,0.00225957,0.0364756,1.19201,0.0002,6.9423e-10,1.87678e-07,6.9423e-10,0.000200001,2.87797e-07,1.87678e-07,2.87797e-07,0.000199999
-0.0273618,-0.116749,-0.654122,-0.0275627,-0.116327,-0.659663,-0.00744611,0.00210261,0.0259041,1.19519,0.0002,4.96252e-10,1.53824e-07,4.96252e-10,0.000200001,2.22679e-07,1.53824e-07,2.22679e-07,0.000199999
-0.0272564,-0.116859,-0.662788,-0.0275715,-0.116338,-0.659672,-0.0101962,0.00549819,0.040384,1.1968,0.0002,3.4888e-10,1.2955e-07,3.4888e-10,0.0002,1.65719e-07,1.2955e-07,1.65719e-07,0.0002
-0.0272033,-0.116949,-0.670032,-0.0275752,-0.116325,-0.659674,-0.0101432,0.00540864,0.0331402,1.19519,0.0002,2.48122e-10,1.14764e-07,2.48122e-10,0.0002,1.24199e-07,1.14764e-07,1.24199e-07,0.0002
-0.0272551,-0.117003,-0.676038,-0.0275766,-0.116333,-0.659692,-0.0109283,0.00681309,0.0474945,1.19519,0.0002,1.68516e-10,1.02168e-07,1.68516e-10,0.0002,8.25219e-08,1.02168e-07,8.25219e-08,0.0002
-0.0263888,-0.118643,-0.691205,-0.0231129,-0.124763,-0.710472,-0.010062,0.00517327,0.0323269,1.34374,0.0002,1.11583e-10,7.92804e-08,1.11583e-10,0.0002,5.90309e-08,7.92804e-08,5.90309e-08,0.0002
-0.0257229,-0.119958,-0.703445,-0.0230987,-0.124766,-0.710484,-0.00939609,0.00385849,0.0200869,1.35021,0.0002,7.31004e-11,6.51283e-08,7.31004e-11,0.0002,3.89871e-08,6.51283e-08,3.89871e-08,0.0002
-0.0252451,-0.120888,-0.713201,-0.0233224,-0.124761,-0.7103,-0.00917427,0.00335795,0.0185206,1.32347,0.0002,4.46149e-11,3.68813e-08,4.46149e-11,0.0002,2.4608e-08,3.68813e-08,2.4608e-08,0.0002
-0.0249213,-0.121643,-0.72101,-0.0233163,-0.124788,-0.710327,-0.00885042,0.00260366,0.010711,1.32638,0.0002,2.63931e-11,1.93938e-08,2.63931e-11,0.0002,5.84435e-09,1.93938e-08,5.84435e-09,0.0002
-0.0247524,-0.122217,-0.72664,-0.0233075,-0.124765,-0.710343,-0.00897542,0.00246018,0.0349754,1.32524,0.0002,1.59667e-11,4.11551e-09,1.59667e-11,0.0002,-2.08154e-08,4.11551e-09,-2.08154e-08,0.0002
-0.0246457,-0.122738,-0.730624,-0.0233184,-0.124765,-0.710331,-0.0088687,0.00193885,0.0309916,1.322,0.0002,9.36699e-12,4.06864e-09,9.36699e-12,0.0002,-4.21649e-08,4.06864e-09,-4.21649e-08,0.0002
-0.0246629,-0.123351,-0.745353,-0.0238375,-0.12561,-0.768563,-0.00888589,0.00132618,0.0162618,1.18606,0.0002,3.35571e-12,8.73553e-09,3.35571e-12,0.0002,-5.56134e-08,8.73553e-09,-5.56134e-08,0.0002
-0.0245852,-0.123898,-0.757862,-0.0238403,-0.125619,-0.768562,-0.00779331,0.000702557,0.0327254,1.18606,0.0002,-2.95592e-12,2.04597e-08,-2.95592e-12,0.0002,-4.95892e-08,2.04597e-08,-4.95892e-08,0.0002
-0.0243343,-0.124539,-0.767764,-0.0238229,-0.125612,-0.768554,-0.00754241,6.15139e-05,0.0228237,1.18279,0.0002,-5.22269e-12,6.09603e-08,-5.22269e-12,0.0002,-1.64417e-08,6.09603e-08,-1.64417e-08,0.0002
-0.0240614,-0.125142,-0.775656,-0.0242119,-0.125623,-0.768408,-0.0072695,-0.000541865,0.0149315,1.13911,0.0002,1.87918e-11,1.01278e-07,1.87918e-11,0.0002,2.84773e-08,1.01278e-07,2.84773e-08,0.0002
-0.0237591,-0.125655,-0.782174,-0.0242363,-0.125621,-0.768395,-0.00646066,-0.000572373,0.0280154,1.13584,0.0002,6.45351e-11,1.32213e-07,6.45351e-11,0.0002,7.11549e-08,1.32213e-07,7.11549e-08,0.0002
-0.023452,-0.126129,-0.787385,-0.0242059,-0.125637,-0.768379,-0.00615356,-0.00104641,0.022804,1.13911,0.0002,1.25612e-10,1.62046e-07,1.25612e-10,0.0002,1.07589e-07,1.62046e-07,1.07589e-07,0.0002
-0.0232477,-0.12654,-0.802163,-0.024513,-0.125912,-0.819353,-0.00553064,-0.0010289,0.036381,1.11926,0.0002,1.81572e-10,1.76741e-07,1.81572e-10,0.0002,1.35336e-07,1.76741e-07,1.35336e-07,0.0002
-0.0231184,-0.126872,-0.813882,-0.0245119,-0.125907,-0.819354,-0.0054013,-0.00136093,0.024662,1.12106,0.0002,2.20294e-10,1.86981e-07,2.20294e-10,0.0002,1.47205e-07,1.86981e-07,1.47205e-07,0.0002
-0.0230171,-0.127166,-0.823154,-0.0245028,-0.125885,-0.819353,-0.00530003,-0.001655,0.0153904,1.11782,0.0002,2.53745e-10,1.99041e-07,2.53745e-10,0.0002,1.53755e-07,1.99041e-07,1.53755e-07,0.0002
-0.0229702,-0.127463,-0.830468,-0.0244988,-0.125889,-0.819355,-0.00653055,0.000129986,0.0318683,1.11459,0.0002,2.80539e-10,2.16686e-07,2.80539e-10,0.0002,1.5195e-07,2.16686e-07,1.5195e-07,0.0002
-0.0228752,-0.12768,-0.836427,-0.0245076,-0.125915,-0.819377,-0.00643559,-8.66615e-05,0.0259092,1.11926,0.0002,3.095e-10,2.241e-07,3.095e-10,0.0002,1.60007e-07,2.241e-07,1.60007e-07,0.0002
-0.022411,-0.127805,-0.851147,-0.0226846,-0.126218,-0.868623,-0.00666263,0.00140578,0.0395245,1.08449,0.0002,3.18823e-10,2.10306e-07,3.18823e-10,0.0002,1.70627e-07,2.10306e-07,1.70627e-07,0.0002
-0.0220072,-0.127816,-0.862926,-0.0226878,-0.126193,-0.868642,-0.00625882,0.00139515,0.0277449,1.08449,0.0002,3.14696e-10,1.88442e-07,3.14696e-10,0.0002,1.82329e-07,1.88442e-07,1.82329e-07,0.0002
-0.0216494,-0.127772,-0.872036,-0.0226777,-0.126206,-0.868625,-0.00688929,0.00262953,0.0457361,1.08449,0.0002,3.03849e-10,1.6611e-07,3.03849e-10,0.0002,1.94836e-07,1.6611e-07,1.94836e-07,0.0002
-0.0213341,-0.127745,-0.879219,-0.0226764,-0.126215,-0.868619,-0.00657405,0.0026572,0.0385529,1.08449,0.0002,2.98934e-10,1.52981e-07,2.98934e-10,0.0002,2.07219e-07,1.52981e-07,2.07219e-07,0.0002
-0.0212297,-0.127651,-0.88445,-0.0226873,-0.126214,-0.868628,-0.00646962,0.00275087,0.0333221,1.08449,0.0002,2.57444e-10,1.33067e-07,2.57444e-10,0.0002,1.9189e-07,1.33067e-07,1.9189e-07,0.0002
-0.0213396,-0.127707,-0.888531,-0.0226808,-0.126198,-0.868626,-0.00747283,0.00380221,0.0553802,1.08159,0.0002,2.22828e-10,1.41434e-07,2.22828e-10,0.0002,1.50592e-07,1.41434e-07,1.50592e-07,0.0002
-0.021594,-0.129192,-0.905626,-0.0231444,-0.133235,-0.937257,-0.0077273,0.00231747,0.038285,1.45567,0.0002,1.86949e-10,1.50608e-07,1.86949e-10,0.0002,1.13819e-07,1.50608e-07,1.13819e-07,0.0002
-0.0217754,-0.130412,-0.91951,-0.0231445,-0.133235,-0.937263,-0.00864877,0.00194344,0.0396139,1.45928,0.0002,1.64181e-10,1.62169e-07,1.64181e-10,0.0002,9.33894e-08,1.62169e-07,9.33894e-08,0.0002
-0.0219289,-0.13142,-0.930719,-0.0231483,-0.133238,-0.937252,-0.00880221,0.000936061,0.0284053,1.45567,0.0002,1.46796e-10,1.74612e-07,1.46796e-10,0.0002,7.87014e-08,1.74612e-07,7.87014e-08,0.0002
-0.0220262,-0.132226,-0.940207,-0.0231557,-0.133218,-0.937269,-0.00889953,0.000129425,0.0189177,1.45206,0.0002,1.38161e-10,1.83542e-07,1.38161e-10,0.0002,7.32152e-08,1.83542e-07,7.32152e-08,0.0002
-0.0220776,-0.132912,-0.94801,-0.0231371,-0.133244,-0.9373,-0.00917085,0.000993782,0.0287825,1.46319,0.0002,1.38793e-10,1.95015e-07,1.38793e-10,0.0002,7.29588e-08,1.95015e-07,7.29588e-08,0.0002
-0.0211776,-0.133491,-0.961547,-0.0185576,-0.133506,-0.973778,-0.0082709,0.000414255,0.0152452,1.07311,0.0002,1.44666e-10,1.98647e-07,1.44666e-10,0.0002,7.7759e-08,1.98647e-07,7.7759e-08,0.0002
-0.0203674,-0.133918,-0.972483,-0.0185856,-0.13353,-0.973789,-0.00748695,0.00152018,0.0333634,1.06634,0.0002,1.655e-10,1.94611e-07,1.655e-10,0.0002,9.57947e-08,1.94611e-07,9.57947e-08,0.0002
-0.0197798,-0.134251,-0.98123,-0.0185805,-0.133534,-0.973784,-0.00689937,0.00118729,0.0246158,1.07183,0.0002,1.67814e-10,1.90637e-07,1.67814e-10,0.0002,9.71582e-08,1.90637e-07,9.71582e-08,0.0002
-0.0193665,-0.1345,-0.988227,-0.0185593,-0.133502,-0.973775,-0.00648609,0.000937794,0.0176194,1.07311,0.0002,1.55831e-10,1.86431e-07,1.55831e-10,0.0002,8.80295e-08,1.86431e-07,8.80295e-08,0.0002
-0.018989,-0.134747,-0.993102,-0.0185811,-0.133526,-0.973786,-0.00677123,0.00206139,0.0372085,1.06634,0.0002,1.60043e-10,1.90631e-07,1.60043e-10,0.0002,9.01887e-08,1.90631e-07,9.01887e-08,0.0002
-0.0186053,-0.134836,-0.996587,-0.018583,-0.133512,-0.973781,-0.00638761,0.00197202,0.0337237,1.06434,0.0002,1.68965e-10,1.76736e-07,1.68965e-10,0.0002,1.04803e-07,1.76736e-07,1.04803e-07,0.0002
-0.0181116,-0.13566,-1.01181,-0.0178217,-0.136878,-1.03594,-0.00658149,0.00291865,0.0423737,0.795976,0.0002,1.91703e-10,1.79505e-07,1.91703e-10,0.0002,1.21255e-07,1.79505e-07,1.21255e-07,0.0002
-0.0174796,-0.136346,-1.0245,-0.0178253,-0.13687,-1.03596,-0.00594951,0.00223252,0.029677,0.798072,0.0002,2.60185e-10,1.86461e-07,2.60185e-10,0.0002,1.69285e-07,1.86461e-07,1.69285e-07,0.0002
-0.0169139,-0.137012,-1.03466,-0.0178395,-0.136884,-1.03598,-0.0053838,0.00156659,0.0195153,0.787868,0.0002,3.53771e-10,2.09622e-07,3.53771e-10,0.0002,2.09545e-07,2.09622e-07,2.09545e-07,0.0002
-0.0163844,-0.137601,-1.04321,-0.0178389,-0.136888,-1.03598,-0.00479398,0.00139671,0.0341521,0.787868,0.0002,4.65052e-10,2.3388e-07,4.65052e-10,0.0002,2.47062e-07,2.3388e-07,2.47062e-07,0.0002
-0.0161249,-0.138096,-1.04932,-0.0178393,-0.136888,-1.03597,-0.00453442,0.000901526,0.0280433,0.787868,0.000200001,5.19075e-10,2.53193e-07,5.19075e-10,0.000200001,2.44554e-07,2.53193e-07,2.44554e-07,0.0002
-0.0157377,-0.139034,-1.06387,-0.0157524,-0.138894,-1.08742,-0.00560876,0.00183337,0.0405882,1.01906,0.000200001,5.22289e-10,2.86051e-07,5.22289e-10,0.0002,2.06808e-07,2.86051e-07,2.06808e-07,0.0002
-0.015396,-0.139865,-1.07552,-0.0157606,-0.138918,-1.08744,-0.00526702,0.00100251,0.0289398,1.01906,0.000200001,5.3809e-10,3.19757e-07,5.3809e-10,0.0002,1.87347e-07,3.19757e-07,1.87347e-07,0.0002
-0.0151099,-0.140469,-1.08525,-0.0157529,-0.138896,-1.08742,-0.00498096,0.000398086,0.0192104,1.01906,0.000200001,5.3719e-10,3.3279e-07,5.3719e-10,0.0002,1.76063e-07,3.3279e-07,1.76063e-07,0.0002
-0.0148075,-0.141011,-1.09345,-0.0157504,-0.138903,-1.08742,-0.00663215,0.00293584,0.0363229,1.02171,0.000200001,5.70119e-10,3.50682e-07,5.70119e-10,0.0002,1.79812e-07,3.50682e-07,1.79812e-07,0.0002
-0.0145141,-0.141464,-1.10021,-0.0157608,-0.138897,-1.08743,-0.00633876,0.00248344,0.029556,1.01906,0.000200001,6.19536e-10,3.65706e-07,6.19536e-10,0.0002,1.90188e-07,3.65706e-07,1.90188e-07,0.000199999
-0.0142348,-0.141876,-1.10594,-0.0157628,-0.138907,-1.08742,-0.00646399,0.00303185,0.0271334,1.02171,0.000200001,6.85823e-10,3.83491e-07,6.85823e-10,0.0002,2.034e-07,3.83491e-07,2.034e-07,0.000199999
-0.0134071,-0.143257,-1.11929,-0.0127818,-0.144058,-1.13183,-0.00563624,0.001651,0.0137776,0.983054,0.000200001,7.50796e-10,3.96891e-07,7.50796e-10,0.0002,2.15571e-07,3.96891e-07,2.15571e-07,0.000199999
-0.0128642,-0.144325,-1.13018,-0.0127742,-0.144048,-1.13181,-0.00509341,0.000583489,0.00289044,0.986311,0.000200001,7.40195e-10,4.00116e-07,7.40195e-10,0.0002,2.03168e-07,4.00116e-07,2.03168e-07,0.000199999
-0.0124757,-0.145201,-1.13827,-0.0127814,-0.144058,-1.13183,-0.00550456,0.00238932,0.0146176,0.983054,0.000200001,7.12939e-10,4.05674e-07,7.12939e-10,0.0002,1.87565e-07,4.05674e-07,1.87565e-07,0.000199999
-0.0122628,-0.1459,-1.14474,-0.0127745,-0.14405,-1.13182,-0.00529167,0.0016908,0.00814538,0.986311,0.000200002,6.4543e-10,4.09071e-07,6.4543e-10,0.0002,1.61159e-07,4.09071e-07,1.61159e-07,0.000199999
-0.0120292,-0.146449,-1.15023,-0.0127766,-0.144034,-1.13182,-0.00637467,0.00383389,0.0328167,0.983054,0.000200002,6.16847e-10,4.10512e-07,6.16847e-10,0.0002,1.53948e-07,4.10512e-07,1.53948e-07,0.000199999
-0.0117848,-0.146915,-1.15483,-0.0127566,-0.144051,-1.13184,-0.00613019,0.00336861,0.0282155,0.992826,0.000200002,6.21571e-10,4.1525e-07,6.21571e-10,0.0002,1.57434e-07,4.1525e-07,1.57434e-07,0.000199999
-0.0112165,-0.148388,-1.16967,-0.0109598,-0.149595,-1.1876,-0.00556196,0.00189479,0.0133809,1.17571,0.000200002,6.39506e-10,4.15867e-07,6.39506e-10,0.0002,1.65217e-07,4.15867e-07,1.65217e-07,0.000199999
-0.010841,-0.149511,-1.18154,-0.0109548,-0.149602,-1.18761,-0.00590097,0.00384712,0.0242217,1.17571,0.000200002,6.07593e-10,4.07207e-07,6.07593e-10,0.0002,1.56485e-07,4.07207e-07,1.56485e-07,0.000199999
-0.0105834,-0.150426,-1.19103,-0.0109439,-0.149599,-1.18762,-0.00564335,0.00293175,0.0147256,1.17571,0.000200002,5.64527e-10,4.04774e-07,5.64527e-10,0.0002,1.42895e-07,4.04774e-07,1.42895e-07,0.000199999
-0.0104008,-0.151127,-1.1978,-0.0109567,-0.149631,-1.18762,-0.00615642,0.00459857,0.0388155,1.18227,0.000200001,5.1643e-10,3.97229e-07,5.1643e-10,0.0002,1.30512e-07,3.97229e-07,1.30512e-07,0.000199999
-0.0103366,-0.151713,-1.2026,-0.0109523,-0.1496,-1.18761,-0.00609219,0.00401202,0.0340235,1.17571,0.000200001,4.49044e-10,3.97484e-07,4.49044e-10,0.0002,1.09039e-07,3.97484e-07,1.09039e-07,0.000199999
-0.0096742,-0.153975,-1.21768,-0.00823907,-0.158481,-1.24696,-0.00542981,0.00175071,0.0189407,1.66405,0.000200001,4.36586e-10,3.99317e-07,4.36586e-10,0.0002,1.0986e-07,3.99317e-07,1.0986e-07,0.000199999
-0.00911338,-0.15577,-1.22871,-0.00824338,-0.158476,-1.24695,-0.00531085,0.00295431,0.0327311,1.66405,0.000200001,4.39378e-10,3.98716e-07,4.39378e-10,0.0002,1.14785e-07,3.98716e-07,1.14785e-07,0.000199999
-0.00863596,-0.157184,-1.23692,-0.00827118,-0.158422,-1.24697,-0.00483343,0.00154063,0.0245249,1.65089,0.000200001,4.54545e-10,3.96533e-07,4.54545e-10,0.0002,1.22892e-07,3.96533e-07,1.22892e-07,0.000199999
-0.00827997,-0.158247,-1.24286,-0.00824038,-0.158479,-1.24696,-0.00452346,0.00152412,0.0302824,1.66405,0.000200001,4.42888e-10,3.82616e-07,4.42888e-10,0.0002,1.22631e-07,3.82616e-07,1.22631e-07,0.000199999
-0.00801483,-0.159044,-1.24721,-0.00825648,-0.158404,-1.247,-0.00425831,0.000727669,0.0259341,1.66405,0.000200001,4.21739e-10,3.67492e-07,4.21739e-10,0.0002,1.196e-07,3.67492e-07,1.196e-07,0.000199999
-0.00770508,-0.160139,-1.25691,-0.00735925,-0.16067,-1.28175,-0.0047436,0.00268531,0.0349506,0.751488,0.000200001,3.79374e-10,3.57936e-07,3.79374e-10,0.0002,1.06476e-07,3.57936e-07,1.06476e-07,0.000199999
-0.00749059,-0.160931,-1.26467,-0.00737672,-0.160651,-1.28172,-0.00452912,0.00189358,0.0271948,0.751488,0.000200001,3.27215e-10,3.39142e-07,3.27215e-10,0.0002,9.27259e-08,3.39142e-07,9.27259e-08,0.0002
-0.00749314,-0.16144,-1.27005,-0.00736951,-0.160649,-1.28173,-0.00453167,0.00138439,0.0218149,0.751488,0.000200001,2.20865e-10,3.07401e-07,2.20865e-10,0.0002,5.55582e-08,3.07401e-07,5.55582e-08,0.0002
-0.00745498,-0.161899,-1.27404,-0.00735763,-0.160635,-1.28173,-0.00509919,0.0027783,0.0291615,0.74822,0.000200001,1.59652e-10,2.95824e-07,1.59652e-10,0.0002,3.7577e-08,2.95824e-07,3.7577e-08,0.0002
-0.00737694,-0.162366,-1.27754,-0.00737123,-0.160658,-1.28172,-0.00502116,0.0023114,0.0256578,0.750741,0.000200001,1.3403e-10,3.03721e-07,1.3403e-10,0.0002,3.3828e-08,3.03721e-07,3.3828e-08,0.0002
-0.00725063,-0.162805,-1.28014,-0.00737069,-0.160644,-1.28171,-0.00489485,0.00187148,0.0230637,0.750741,0.000200001,1.3999e-10,3.19893e-07,1.3999e-10,0.0002,4.14845e-08,3.19893e-07,4.14845e-08,0.0002
-0.00674472,-0.163873,-1.2869,-0.00556586,-0.164072,-1.30518,-0.00463967,0.00272493,0.0236353,1.02673,0.000200001,1.66947e-10,3.34884e-07,1.66947e-10,0.0002,5.45208e-08,3.34884e-07,5.45208e-08,0.0002
-0.00636033,-0.16482,-1.29232,-0.00556436,-0.164065,-1.30517,-0.00425529,0.00177768,0.0182222,1.02587,0.000200001,1.88205e-10,3.59633e-07,1.88205e-10,0.0002,5.92283e-08,3.59633e-07,5.92283e-08,0.0002
-0.0060339,-0.16566,-1.29665,-0.00557023,-0.164063,-1.30519,-0.00379255,0.00306258,0.0245884,1.02343,0.000200001,2.18522e-10,3.887e-07,2.18522e-10,0.0002,6.51677e-08,3.887e-07,6.51677e-08,0.0002
-0.00571298,-0.16647,-1.30022,-0.00556129,-0.164063,-1.30518,-0.00347163,0.00225273,0.0210207,1.02587,0.000200002,2.78444e-10,4.29457e-07,2.78444e-10,0.0002,7.79356e-08,4.29457e-07,7.79356e-08,0.000199999
-0.00545128,-0.16723,-1.30318,-0.00556339,-0.16408,-1.30518,-0.00320994,0.00149273,0.0180617,1.02917,0.000200002,3.40106e-10,4.72985e-07,3.40106e-10,0.0002,8.6665e-08,4.72985e-07,8.6665e-08,0.000199999
-0.00520452,-0.167892,-1.30565,-0.00555233,-0.164072,-1.3052,-0.00316058,0.00357087,0.0169373,1.02587,0.000200002,4.13094e-10,5.09917e-07,4.13094e-10,0.0002,9.75987e-08,5.09917e-07,9.75987e-08,0.000199999
-0.00496718,-0.169498,-1.3086,-0.00530956,-0.16911,-1.31055,-0.00292325,0.00196497,0.0139906,1.0503,0.000200003,4.748e-10,5.44395e-07,4.748e-10,0.0002,1.03475e-07,5.44395e-07,1.03475e-07,0.000199999
-0.00479872,-0.170805,-1.31169,-0.00533202,-0.169087,-1.31057,-0.00403614,0.00403005,0.020665,1.04236,0.000200003,5.13081e-10,5.70779e-07,5.13081e-10,0.0002,1.03976e-07,5.70779e-07,1.03976e-07,0.000199999
-0.00467804,-0.171814,-1.31519,-0.00533931,-0.169112,-1.31057,-0.00391546,0.00302056,0.0171618,1.0503,0.000200003,5.2604e-10,5.81239e-07,5.2604e-10,0.0002,1.0161e-07,5.81239e-07,1.0161e-07,0.000199999
-0.00464288,-0.172479,-1.31892,-0.00534421,-0.169086,-1.31057,-0.00388029,0.00235646,0.0134275,1.04236,0.000200003,4.81511e-10,5.65852e-07,4.81511e-10,0.0002,8.98997e-08,5.65852e-07,8.98997e-08,0.000199999
-0.00457901,-0.173074,-1.32325,-0.00534072,-0.169123,-1.31056,-0.00403878,0.00572394,0.0143571,1.0503,0.000200003,4.68563e-10,5.6522e-07,4.68563e-10,0.0002,8.71276e-08,5.6522e-07,8.71276e-08,0.000199999
-0.00422882,-0.175239,-1.33101,-0.0039408,-0.176939,-1.32786,-0.00368859,0.00355881,0.00660389,0.992274,0.000200003,4.84234e-10,5.84811e-07,4.84234e-10,0.0002,8.90976e-08,5.84811e-07,8.90976e-08,0.000199999
-0.00386559,-0.177061,-1.33773,-0.00393389,-0.176945,-1.32786,-0.00347401,0.00377632,0.00139419,0.988907,0.000200003,5.5399e-10,6.11853e-07,5.5399e-10,0.0002,1.02313e-07,6.11853e-07,1.02313e-07,0.000199999
-0.0035147,-0.178522,-1.343,-0.00393941,-0.176924,-1.32787,-0.00312313,0.0023158,-0.00388063,0.988907,0.000200004,6.50404e-10,6.30504e-07,6.50404e-10,0.0002,1.19915e-07,6.30504e-07,1.19915e-07,0.000199999
-0.00330566,-0.17969,-1.34671,-0.00393944,-0.176948,-1.32789,-0.00291409,0.00114778,-0.00758599,0.988907,0.000200004,6.76908e-10,6.4159e-07,6.76908e-10,0.0002,1.19367e-07,6.4159e-07,1.19367e-07,0.000199999
-0.00315639,-0.180649,-1.34894,-0.00393216,-0.176943,-1.32787,-0.00340417,0.00537205,0.0132273,0.988907,0.000200004,6.84103e-10,6.52858e-07,6.84103e-10,0.0002,1.15758e-07,6.52858e-07,1.15758e-07,0.000199999
-0.00307026,-0.181292,-1.34949,-0.00394178,-0.176935,-1.32788,-0.00331805,0.00472959,0.012678,0.98554,0.000200004,6.53513e-10,6.4015e-07,6.53513e-10,0.0002,1.08908e-07,6.4015e-07,1.08908e-07,0.000199999
-0.00308662,-0.183879,-1.35564,-0.00431068,-0.187951,-1.36468,-0.00392195,0.00690743,0.0241833,1.28934,0.000200004,6.24294e-10,6.10557e-07,6.24294e-10,0.0002,1.07103e-07,6.10557e-07,1.07103e-07,0.000199999
-0.00317893,-0.186002,-1.36014,-0.00431553,-0.187913,-1.36468,-0.00401426,0.00478451,0.0196833,1.286,0.000200003,5.57059e-10,6.01341e-07,5.57059e-10,0.0002,9.29391e-08,6.01341e-07,9.29391e-08,0.000199999
-0.00319804,-0.187743,-1.36415,-0.00427978,-0.187961,-1.36468,-0.00458572,0.00647406,0.0319376,1.30467,0.000200003,5.35996e-10,6.00827e-07,5.35996e-10,0.0002,9.08764e-08,6.00827e-07,9.08764e-08,0.000199999
-0.00321743,-0.189176,-1.3684,-0.00433296,-0.187951,-1.36467,-0.00460511,0.00504137,0.0276924,1.286,0.000200003,5.26109e-10,6.0733e-07,5.26109e-10,0.0002,8.97712e-08,6.0733e-07,8.97712e-08,0.000199999
-0.0031742,-0.190393,-1.37262,-0.00432045,-0.187928,-1.36467,-0.00456188,0.00382467,0.0234682,1.286,0.000200004,5.60145e-10,6.23682e-07,5.60145e-10,0.0002,9.72168e-08,6.23682e-07,9.72168e-08,0.000199999
-0.00311706,-0.191387,-1.37631,-0.00431718,-0.18795,-1.36469,-0.00472641,0.00777777,0.0380059,1.28934,0.000200004,6.02946e-10,6.37021e-07,6.02946e-10,0.0002,1.04887e-07,6.37021e-07,1.04887e-07,0.000199999
-0.00277501,-0.193571,-1.39433,-0.00279914,-0.194886,-1.43687,-0.00438436,0.00559416,0.0199943,1.69722,0.000200004,6.60237e-10,6.44479e-07,6.60237e-10,0.0002,1.1542e-07,6.44479e-07,1.1542e-07,0.000199999
-0.00260128,-0.195335,-1.40935,-0.00280575,-0.194882,-1.43686,-0.00570532,0.00819121,0.0129262,1.68943,0.000200004,6.30995e-10,6.52399e-07,6.30995e-10,0.0002,1.04283e-07,6.52399e-07,1.04283e-07,0.000199999
-0.0024845,-0.196553,-1.42128,-0.00280622,-0.194875,-1.43688,-0.00558854,0.00697282,0.00100375,1.69332,0.000200004,5.65814e-10,6.27104e-07,5.65814e-10,0.0002,9.22604e-08,6.27104e-07,9.22604e-08,0.000199999
-0.002382,-0.197502,-1.43072,-0.00280974,-0.194862,-1.43691,-0.00548604,0.00602413,-0.00843801,1.69332,0.000200004,5.15695e-10,6.07351e-07,5.15695e-10,0.0002,8.49814e-08,6.07351e-07,8.49814e-08,0.000199999
-0.00231905,-0.198221,-1.43808,-0.00284206,-0.194871,-1.43699,-0.00541042,0.00957228,0.00926972,1.68849,0.000200003,4.64154e-10,5.88193e-07,4.64154e-10,0.0002,7.75313e-08,5.88193e-07,7.75313e-08,0.000199999
-0.0020692,-0.201049,-1.4419,-0.00204547,-0.206909,-1.43232,-0.00516058,0.00674489,0.00545268,1.39344,0.000200003,4.3578e-10,5.51144e-07,4.3578e-10,0.0002,7.87007e-08,5.51144e-07,7.87007e-08,0.000199999
-0.00197268,-0.20305,-1.44361,-0.00204843,-0.206935,-1.43233,-0.00506405,0.00474308,0.0037425,1.39687,0.000200003,3.4201e-10,4.84859e-07,3.4201e-10,0.0002,6.34566e-08,4.84859e-07,6.34566e-08,0.000199999
-0.0018735,-0.204514,-1.44373,-0.00205752,-0.206906,-1.43233,-0.00475471,0.00816806,0.016477,1.39344,0.000200002,2.80535e-10,4.21334e-07,2.80535e-10,0.0002,5.79039e-08,4.21334e-07,5.79039e-08,0.000199999
-0.0017309,-0.205511,-1.44342,-0.0020493,-0.206931,-1.43234,-0.00461211,0.00717157,0.0167881,1.40372,0.000200002,2.50494e-10,3.51963e-07,2.50494e-10,0.0002,6.45179e-08,3.51963e-07,6.45179e-08,0.000199999
-0.00174375,-0.206172,-1.44307,-0.00205752,-0.206919,-1.43232,-0.00462496,0.00651072,0.0171447,1.39344,0.000200001,1.79502e-10,2.86039e-07,1.79502e-10,0.0002,4.89318e-08,2.86039e-07,4.89318e-08,0.000199999
-0.00175335,-0.206705,-1.44278,-0.00205154,-0.206943,-1.43234,-0.00529532,0.00876904,0.0342458,1.40029,0.000200001,1.32467e-10,2.43844e-07,1.32467e-10,0.0002,3.89785e-08,2.43844e-07,3.89785e-08,0.0002
-0.00133555,-0.208578,-1.44946,0.00035505,-0.214349,-1.46892,-0.00487751,0.00689672,0.0275706,0.837681,0.000200001,8.90368e-11,2.10938e-07,8.90368e-11,0.0002,2.50475e-08,2.10938e-07,2.50475e-08,0.0002
-0.00105621,-0.210146,-1.45449,0.000362532,-0.21435,-1.4689,-0.00552753,0.00685966,0.026364,0.837681,0.000200001,4.91506e-11,2.01236e-07,4.91506e-11,0.0002,6.87119e-09,2.01236e-07,6.87119e-09,0.0002
-0.000715094,-0.211496,-1.4582,0.000367209,-0.214358,-1.46891,-0.00518641,0.00550997,0.0226519,0.837681,0.000200001,4.60332e-11,2.0993e-07,4.60332e-11,0.0002,1.37925e-08,2.0993e-07,1.37925e-08,0.0002
-0.000549346,-0.212801,-1.46076,0.000354267,-0.214357,-1.46892,-0.00502066,0.00420484,0.0200947,0.837681,0.000200001,2.26352e-11,2.51628e-07,2.26352e-11,0.0002,1.47727e-09,2.51628e-07,1.47727e-09,0.0002
-0.000322928,-0.214111,-1.4629,0.000362943,-0.214347,-1.46889,-0.00489941,0.00402205,0.0231308,0.834173,0.000200001,3.07058e-11,3.2116e-07,3.07058e-11,0.0002,8.25999e-09,3.2116e-07,8.25999e-09,0.0002
6.77131e-05,-0.215885,-1.46552,0.000916451,-0.217176,-1.47445,-0.00450877,0.00224784,0.0205099,0.948661,0.000200001,8.50011e-11,3.91282e-07,8.50011e-11,0.0002,2.87555e-08,3.91282e-07,2.87555e-08,0.0002
0.00040071,-0.217468,-1.46824,0.000940878,-0.217146,-1.47448,-0.00348127,0.00214527,0.0206777,0.942512,0.000200002,1.52395e-10,4.63318e-07,1.52395e-10,0.0002,4.4071e-08,4.63318e-07,4.4071e-08,0.000199999
0.000612689,-0.218895,-1.47011,0.000924553,-0.217176,-1.47446,-0.00326929,0.00071801,0.0188139,0.945177,0.000200002,1.92195e-10,5.34218e-07,1.92195e-10,0.0002,4.56391e-08,5.34218e-07,4.56391e-08,0.000199999
0.000764784,-0.220061,-1.47232,0.000939368,-0.21718,-1.47447,-0.00311719,-0.000448014,0.0165965,0.948661,0.000200003,2.0935e-10,5.83364e-07,2.0935e-10,0.0002,4.2934e-08,5.83364e-07,4.2934e-08,0.000199999
0.000950325,-0.221005,-1.47399,0.000941427,-0.217159,-1.47446,-0.00334863,0.00280583,0.0166878,0.941692,0.000200003,2.61191e-10,6.17244e-07,2.61191e-10,0.0002,5.119e-08,6.17244e-07,5.119e-08,0.000199999
0.001019,-0.221619,-1.47522,0.000940085,-0.217165,-1.47443,-0.00327996,0.00219161,0.0154611,0.948661,0.000200003,2.42636e-10,6.1622e-07,2.42636e-10,0.0002,4.36658e-08,6.1622e-07,4.36658e-08,0.000199999
0.00098469,-0.223087,-1.47866,0.000713971,-0.222773,-1.48723,-0.00369958,0.00614513,0.0163138,1.09012,0.000200003,1.97335e-10,5.9218e-07,1.97335e-10,0.0002,3.29765e-08,5.9218e-07,3.29765e-08,0.000199999
0.000968046,-0.224153,-1.48151,0.000720558,-0.222773,-1.48723,-0.00371622,0.00507914,0.0134597,1.09012,0.000200003,1.63971e-10,5.59555e-07,1.63971e-10,0.0002,2.72777e-08,5.59555e-07,2.72777e-08,0.000199999
0.000967212,-0.224939,-1.48369,0.000713309,-0.22277,-1.48725,-0.00371706,0.00429249,0.0112767,1.09012,0.000200003,1.44949e-10,5.28223e-07,1.44949e-10,0.0002,2.56314e-08,5.28223e-07,2.56314e-08,0.000199999
0.00100619,-0.225564,-1.48565,0.000704618,-0.222766,-1.48727,-0.00355801,0.00596672,0.0110791,1.09395,0.000200003,1.52523e-10,5.07608e-07,1.52523e-10,0.0002,3.09442e-08,5.07608e-07,3.09442e-08,0.000199999
0.000972984,-0.22609,-1.48712,0.00069733,-0.222759,-1.48729,-0.00359121,0.00544134,0.00961362,1.09778,0.000200002,1.26368e-10,4.98686e-07,1.26368e-10,0.0002,2.41447e-08,4.98686e-07,2.41447e-08,0.000199999
0.00134646,-0.227835,-1.48725,0.00294317,-0.229789,-1.48415,-0.00373799,0.00680472,0.00835396,0.996077,0.000200002,7.92591e-11,4.79976e-07,7.92591e-11,0.0002,1.17193e-08,4.79976e-07,1.17193e-08,0.000199999
0.00164195,-0.229187,-1.48735,0.00294514,-0.229784,-1.48415,-0.00344251,0.00545211,0.00824991,0.996077,0.000200002,4.23637e-11,4.61218e-07,4.23637e-11,0.0002,3.18423e-09,4.61218e-07,3.18423e-09,0.000199999
0.00192034,-0.230266,-1.48805,0.00294196,-0.229784,-1.48414,-0.00316412,0.00437355,0.00754673,0.996077,0.000200002,3.52804e-11,4.48653e-07,3.52804e-11,0.0002,4.37023e-09,4.48653e-07,4.37023e-09,0.000199999
0.00215876,-0.231064,-1.48934,0.00294125,-0.22979,-1.48415,-0.00285368,0.00646811,0.0114585,0.996077,0.000200002,3.73568e-11,4.30165e-07,3.73568e-11,0.0002,7.45729e-09,4.30165e-07,7.45729e-09,0.000199999
0.00226805,-0.231752,-1.49162,0.00294064,-0.229786,-1.48417,-0.00274438,0.0057805,0.00918094,0.996077,0.000200002,2.39862e-12,4.26183e-07,2.39862e-12,0.0002,-4.02045e-09,4.26183e-07,-4.02045e-09,0.000199999
0.00240365,-0.232386,-1.49427,0.00293882,-0.2298,-1.48418,-0.00255068,0.00786688,0.00839933,0.992453,0.000200002,-4.64907e-12,4.36678e-07,-4.64907e-12,0.0002,-4.07132e-09,4.36678e-07,-4.07132e-09,0.000199999
0.00214533,-0.234913,-1.49963,0.000958166,-0.238954,-1.49675,-0.00280901,0.00533958,0.00303752,1.13866,0.000200002,5.39935e-12,4.73703e-07,5.39935e-12,0.0002,8.639e-10,4.73703e-07,8.639e-10,0.000199999
0.00202344,-0.236972,-1.50392,0.000961114,-0.238957,-1.49676,-0.0029309,0.00328075,-0.00125292,1.13686,0.000200002,5.83257e-11,5.03322e-07,5.83257e-11,0.0002,1.70083e-08,5.03322e-07,1.70083e-08,0.000199999
0.00196708,-0.238648,-1.50652,0.000957397,-0.238903,-1.49672,-0.00275717,0.00448336,0.00572034,1.12603,0.000200002,1.27567e-10,5.28703e-07,1.27567e-10,0.0002,3.39034e-08,5.28703e-07,3.39034e-08,0.000199999
0.00191936,-0.24,-1.50819,0.000954361,-0.238954,-1.49675,-0.0028049,0.00313214,0.00405141,1.13866,0.000200003,1.82676e-10,5.44995e-07,1.82676e-10,0.0002,4.42866e-08,5.44995e-07,4.42866e-08,0.000199999
0.00187482,-0.240996,-1.50828,0.000959871,-0.238953,-1.49674,-0.0028078,0.00622911,0.0147796,1.13866,0.000200003,2.17811e-10,5.41834e-07,2.17811e-10,0.0002,5.00965e-08,5.41834e-07,5.00965e-08,0.000199999
0.00175991,-0.24312,-1.51145,0.00139721,-0.246073,-1.5169,-0.00292271,0.00410428,0.0116055,1.06535,0.000200003,1.53031e-10,5.24248e-07,1.53031e-10,0.0002,2.92099e-08,5.24248e-07,2.92099e-08,0.000199999
0.00169177,-0.244882,-1.51348,0.00140205,-0.246067,-1.51692,-0.00299084,0.00234316,0.00958112,1.06878,0.000200003,1.15469e-10,5.2298e-07,1.15469e-10,0.0002,1.93852e-08,5.2298e-07,1.93852e-08,0.000199999
0.00161611,-0.246356,-1.5154,0.00138975,-0.246072,-1.51689,-0.00366508,0.00466606,0.0262964,1.05808,0.000200003,7.57645e-11,5.32554e-07,7.57645e-11,0.0002,9.81611e-09,5.32554e-07,9.81611e-09,0.000199999
0.00162283,-0.247641,-1.51705,0.00138443,-0.246086,-1.5169,-0.00365836,0.00338098,0.0246514,1.05808,0.000200003,8.41997e-11,5.55119e-07,8.41997e-11,0.0002,1.43945e-08,5.55119e-07,1.43945e-08,0.000199999
0.00156514,-0.248739,-1.51869,0.00137582,-0.246099,-1.51696,-0.0036579,0.00417153,0.0284732,1.05808,0.000200003,5.58125e-11,5.80301e-07,5.58125e-11,0.0002,7.21981e-09,5.80301e-07,7.21981e-09,0.000199999
0.00154364,-0.249677,-1.52052,0.00138065,-0.246082,-1.51698,-0.0036794,0.00323402,0.02664,1.06878,0.000200003,4.626e-11,6.06441e-07,4.626e-11,0.0002,6.01716e-09,6.06441e-07,6.01716e-09,0.000199999
0.00169812,-0.252253,-1.52542,0.00218023,-0.254899,-1.53467,-0.00343097,0.00479421,0.0260907,1.3043,0.000200004,5.42199e-11,6.33209e-07,5.42199e-11,0.0002,8.73319e-09,6.33209e-07,8.73319e-09,0.000199999
0.00180377,-0.254354,-1.52912,0.00210439,-0.254886,-1.53461,-0.00332532,0.00269325,0.0223894,1.30794,0.000200004,5.85227e-11,6.5716e-07,5.85227e-11,0.0002,9.62699e-09,6.5716e-07,9.62699e-09,0.000199999
0.00194402,-0.256036,-1.53168,0.00218977,-0.2549,-1.5347,-0.00318507,0.00101121,0.0198253,1.31168,0.000200004,8.86692e-11,6.72229e-07,8.86692e-11,0.0002,1.61983e-08,6.72229e-07,1.61983e-08,0.000199999
0.00202499,-0.257191,-1.53342,0.00218996,-0.254899,-1.53469,-0.00304438,0.00484623,0.0242861,1.30799,0.000200004,8.73154e-11,6.51414e-07,8.73154e-11,0.0002,1.53013e-08,6.51414e-07,1.53013e-08,0.000199999
0.00201576,-0.257968,-1.53471,0.00217343,-0.254897,-1.53469,-0.00305361,0.00406897,0.0229972,1.3043,0.000200004,3.73306e-11,6.14661e-07,3.73306e-11,0.0002,3.30832e-09,6.14661e-07,3.30832e-09,0.000199999
0.00204872,-0.25846,-1.53512,0.0021921,-0.254894,-1.5347,-0.00323238,0.00757491,0.017616,1.31168,0.000200003,2.34037e-11,5.70487e-07,2.34037e-11,0.0002,1.6078e-09,5.70487e-07,1.6078e-09,0.000199999
0.00184094,-0.260767,-1.53768,0.00138079,-0.264768,-1.5453,-0.00344015,0.00526812,0.0150623,1.43128,0.000200003,-2.33746e-11,5.32369e-07,-2.33746e-11,0.0002,-1.01376e-08,5.32369e-07,-1.01376e-08,0.000199999
0.00175624,-0.262565,-1.53952,0.00137639,-0.264757,-1.54532,-0.00352485,0.00347037,0.0132227,1.42755,0.000200003,-1.29854e-11,5.00699e-07,-1.29854e-11,0.0002,-4.6551e-09,5.00699e-07,-4.6551e-09,0.000199999
0.00168554,-0.263963,-1.5412,0.00137159,-0.264765,-1.54532,-0.00346604,0.00579507,0.0156147,1.42914,0.000200002,-6.1063e-12,4.73631e-07,-6.1063e-12,0.0002,-1.69044e-09,4.73631e-07,-1.69044e-09,0.000199999
0.00167298,-0.265122,-1.54254,0.00137655,-0.264765,-1.54532,-0.0034786,0.00463594,0.0142717,1.42755,0.000200002,1.977e-11,4.62916e-07,1.977e-11,0.0002,6.95084e-09,4.62916e-07,6.95084e-09,0.000199999
0.00166495,-0.266051,-1.54361,0.00139015,-0.264774,-1.54533,-0.00348663,0.00370675,0.013196,1.43128,0.000200002,3.907e-11,4.56069e-07,3.907e-11,0.0002,1.22666e-08,4.56069e-07,1.22666e-08,0.000199999
0.00157877,-0.268344,-1.54642,0.00101041,-0.272524,-1.55298,-0.00346821,0.00491595,0.0176114,1.35837,0.000200002,5.27945e-11,4.51699e-07,5.27945e-11,0.0002,1.54141e-08,4.51699e-07,1.54141e-08,0.000199999
0.0015306,-0.270199,-1.54876,0.00101271,-0.27252,-1.55297,-0.00351638,0.00306115,0.0152664,1.36727,0.000200002,7.21738e-11,4.52248e-07,7.21738e-11,0.0002,2.04406e-08,4.52248e-07,2.04406e-08,0.000199999
0.00146769,-0.271748,-1.55074,0.000996641,-0.272521,-1.55295,-0.00357929,0.00151254,0.0132904,1.36144,0.000200002,7.75529e-11,4.62903e-07,7.75529e-11,0.0002,2.00616e-08,4.62903e-07,2.00616e-08,0.000199999
0.00144154,-0.273044,-1.55201,0.00101196,-0.272493,-1.55297,-0.00373828,0.00372199,0.0123759,1.36021,0.000200002,9.27909e-11,4.79877e-07,9.27909e-11,0.0002,2.31405e-08,4.79877e-07,2.31405e-08,0.000199999
0.00137719,-0.274089,-1.55282,0.00101235,-0.272525,-1.55296,-0.00380263,0.00267751,0.0115659,1.35799,0.000200002,8.22188e-11,4.90873e-07,8.22188e-11,0.0002,1.81188e-08,4.90873e-07,1.81188e-08,0.000199999
0.0012547,-0.274862,-1.55316,0.000985586,-0.272524,-1.55294,-0.00392512,0.00190463,0.0112318,1.35461,0.000200002,3.83727e-11,4.87883e-07,3.83727e-11,0.0002,4.43937e-09,4.87883e-07,4.43937e-09,0.000199999
0.00157103,-0.276469,-1.55354,0.00273292,-0.27694,-1.55406,-0.00404649,0.00353335,0.0139059,1.14278,0.000200002,3.79315e-11,5.02804e-07,3.79315e-11,0.0002,6.15329e-09,5.02804e-07,6.15329e-09,0.000199999
0.00177857,-0.277711,-1.55365,0.00272362,-0.276937,-1.55407,-0.00383896,0.00229046,0.013802,1.13896,0.000200002,1.53804e-11,5.05666e-07,1.53804e-11,0.0002,3.02801e-10,5.05666e-07,3.02801e-10,0.000199999
0.00192761,-0.278731,-1.55341,0.00274445,-0.276955,-1.55403,-0.00404792,0.00424004,0.0153659,1.14659,0.000200002,-1.32216e-11,5.10961e-07,-1.32216e-11,0.0002,-6.7324e-09,5.10961e-07,-6.7324e-09,0.000199999
0.00210781,-0.279439,-1.55291,0.00273957,-0.276956,-1.554,-0.00386772,0.00353157,0.0158695,1.13896,0.000200002,-1.43065e-12,4.97155e-07,-1.43065e-12,0.0002,-1.21892e-09,4.97155e-07,-1.21892e-09,0.000199999
0.00225131,-0.279922,-1.55209,0.00274346,-0.276959,-1.554,-0.00341743,0.00721399,0.0192677,1.13896,0.000200002,7.94678e-12,4.74705e-07,7.94678e-12,0.0002,2.22235e-09,4.74705e-07,2.22235e-09,0.000199999
0.00213811,-0.282243,-1.55139,0.00149862,-0.286955,-1.55323,-0.00353063,0.00489318,0.0199722,1.54233,0.000200002,2.4548e-11,4.50059e-07,2.4548e-11,0.0002,7.73243e-09,4.50059e-07,7.73243e-09,0.000199999
0.00201217,-0.284149,-1.55104,0.00152796,-0.286986,-1.55325,-0.00365657,0.00298708,0.0203251,1.55396,0.000200002,1.80591e-11,4.41227e-07,1.80591e-11,0.0002,4.65698e-09,4.41227e-07,4.65698e-09,0.000199999
0.00188846,-0.285652,-1.55106,0.00151973,-0.28698,-1.55325,-0.00380237,0.00453236,0.0187054,1.55008,0.000200002,2.74614e-12,4.3224e-07,2.74614e-12,0.0002,-7.88394e-10,4.3224e-07,-7.88394e-10,0.000199999
0.00185671,-0.28688,-1.55161,0.0015334,-0.28701,-1.55327,-0.00383412,0.00330397,0.0181608,1.56171,0.000200002,1.94853e-11,4.29689e-07,1.94853e-11,0.0002,5.90005e-09,4.29689e-07,5.90005e-09,0.000199999
0.00180531,-0.287916,-1.55234,0.00150414,-0.286958,-1.55321,-0.00376887,0.00359497,0.0149575,1.54146,0.000200002,2.39926e-11,4.38334e-07,2.39926e-11,0.0002,6.82572e-09,4.38334e-07,6.82572e-09,0.000199999
0.00180589,-0.288712,-1.55315,0.00150559,-0.287006,-1.55326,-0.00376829,0.00279944,0.0141524,1.56171,0.000200002,4.57576e-11,4.36944e-07,4.57576e-11,0.0002,1.39415e-08,4.36944e-07,1.39415e-08,0.000199999
0.00162554,-0.290427,-1.55335,0.00091446,-0.292286,-1.55051,-0.00394865,0.00108472,0.0139544,1.41818,0.000200002,3.34428e-11,4.39637e-07,3.34428e-11,0.0002,8.19766e-09,4.39637e-07,8.19766e-09,0.000199999
0.00152216,-0.291848,-1.5533,0.000903595,-0.292324,-1.55052,-0.00349644,0.00446317,0.0102807,1.41417,0.000200002,4.3542e-11,4.48052e-07,4.3542e-11,0.0002,1.14515e-08,4.48052e-07,1.14515e-08,0.000199999
0.00143881,-0.29298,-1.55285,0.000901329,-0.292301,-1.55053,-0.00357978,0.00333075,0.010731,1.41818,0.000200002,5.20004e-11,4.53434e-07,5.20004e-11,0.0002,1.36279e-08,4.53434e-07,1.36279e-08,0.000199999
0.00135317,-0.293948,-1.55238,0.000905873,-0.292288,-1.55049,-0.00419679,0.00379618,0.0114727,1.41417,0.000200002,4.99809e-11,4.67144e-07,4.99809e-11,0.0002,1.18979e-08,4.67144e-07,1.18979e-08,0.000199999
0.00126136,-0.294658,-1.55211,0.00089978,-0.292289,-1.5505,-0.0042886,0.00308541,0.0117451,1.41417,0.000200002,3.63984e-11,4.65771e-07,3.63984e-11,0.0002,7.2617e-09,4.65771e-07,7.2617e-09,0.000199999
0.00134104,-0.296951,-1.55184,0.00165911,-0.300483,-1.55129,-0.00420892,0.000792997,0.0120114,1.57304,0.000200002,2.704e-11,4.78504e-07,2.704e-11,0.0002,4.63933e-09,4.78504e-07,4.63933e-09,0.000199999
0.00138131,-0.298679,-1.55173,0.00165697,-0.300482,-1.55127,-0.00433882,0.0024557,0.0175651,1.56904,0.000200002,7.92194e-12,4.69703e-07,7.92194e-12,0.0002,-7.39618e-10,4.69703e-07,-7.39618e-10,0.000199999
0.00152174,-0.300165,-1.55153,0.00165619,-0.30048,-1.55128,-0.00419839,0.000969538,0.0177584,1.56904,0.000200002,4.78215e-11,4.80759e-07,4.78215e-11,0.0002,1.31981e-08,4.80759e-07,1.31981e-08,0.000199999
0.00154993,-0.301317,-1.55179,0.00166295,-0.3005,-1.55127,-0.00398877,0.00358411,0.0153795,1.56504,0.000200002,3.65806e-11,4.8129e-07,3.65806e-11,0.0002,8.32017e-09,4.8129e-07,8.32017e-09,0.000199999
0.00157304,-0.302196,-1.55241,0.0016694,-0.300498,-1.55126,-0.00396566,0.00270529,0.0147603,1.56618,0.000200002,2.59917e-11,4.74825e-07,2.59917e-11,0.0002,4.94034e-09,4.74825e-07,4.94034e-09,0.000199999
0.00156529,-0.302835,-1.55239,0.00165378,-0.300495,-1.55127,-0.00397341,0.00206628,0.0147808,1.56504,0.000200002,6.69212e-12,4.6054e-07,6.69212e-12,0.0002,-8.06009e-10,4.6054e-07,-8.06009e-10,0.000199999
0.0015344,-0.304729,-1.55286,0.00143203,-0.307308,-1.55528,-0.0040225,0.00333713,0.0135063,1.67464,0.000200002,2.6245e-12,4.54739e-07,2.6245e-12,0.0002,-9.53776e-10,4.54739e-07,-9.53776e-10,0.000199999
0.00151051,-0.306206,-1.55324,0.00144114,-0.307323,-1.55529,-0.00404638,0.00186095,0.0131255,1.67464,0.000200002,-5.68237e-13,4.44221e-07,-5.68237e-13,0.0002,-1.24719e-09,4.44221e-07,-1.24719e-09,0.000199999
0.00152554,-0.307365,-1.55387,0.00150756,-0.307324,-1.55536,-0.00394923,0.00394858,0.0157956,1.66668,0.000200002,6.51124e-12,4.34027e-07,6.51124e-12,0.0002,1.79124e-09,4.34027e-07,1.79124e-09,0.000199999
0.0015236,-0.308291,-1.55436,0.00143914,-0.307316,-1.55529,-0.00395117,0.00302251,0.0153061,1.67464,0.000200002,1.18957e-11,4.27504e-07,1.18957e-11,0.0002,3.64153e-09,4.27504e-07,3.64153e-09,0.000199999
0.0015646,-0.30899,-1.55476,0.0014439,-0.307323,-1.55529,-0.00345826,0.00553266,0.014944,1.67464,0.000200002,3.39165e-11,4.16415e-07,3.39165e-11,0.0002,1.14482e-08,4.16415e-07,1.14482e-08,0.000199999
0.00159362,-0.309615,-1.55518,0.00152701,-0.307332,-1.55535,-0.00342924,0.00490743,0.0145156,1.67866,0.000200002,4.25967e-11,4.19585e-07,4.25967e-11,0.0002,1.31268e-08,4.19585e-07,1.31268e-08,0.000199999
0.00141653,-0.311539,-1.55618,0.000530362,-0.314236,-1.55863,-0.00360633,0.00298403,0.0135157,1.57904,0.000200002,4.96707e-11,4.28422e-07,4.96707e-11,0.0002,1.42392e-08,4.28422e-07,1.42392e-08,0.000199999
0.00127263,-0.313037,-1.55719,0.000524578,-0.314244,-1.55862,-0.00378507,0.00280561,0.0150305,1.57904,0.000200002,5.33604e-11,4.27279e-07,5.33604e-11,0.0002,1.46548e-08,4.27279e-07,1.46548e-08,0.000199999
0.00117719,-0.314341,-1.5581,0.000511899,-0.314244,-1.55865,-0.00388051,0.00150133,0.0141161,1.57487,0.000200002,6.75775e-11,4.43526e-07,6.75775e-11,0.0002,1.83685e-08,4.43526e-07,1.83685e-08,0.000199999
0.00105822,-0.315299,-1.55863,0.00052036,-0.314239,-1.55866,-0.00399948,0.000543233,0.013591,1.57904,0.000200002,5.66638e-11,4.404e-07,5.66638e-11,0.0002,1.36618e-08,4.404e-07,1.36618e-08,0.000199999
0.000939209,-0.31596,-1.55936,0.000514638,-0.314241,-1.55867,-0.00434903,0.00310609,0.00771706,1.57904,0.000200002,3.61265e-11,4.21423e-07,3.61265e-11,0.0002,6.91171e-09,4.21423e-07,6.91171e-09,0.000199999
2.29159e-05,-0.318091,-1.56139,-0.0039838,-0.323536,-1.56692,-0.00526532,0.000974628,0.00568533,2.12332,0.000200001,5.17401e-11,3.68293e-07,5.17401e-11,0.0002,1.56976e-08,3.68293e-07,1.56976e-08,0.000199999
-0.000693681,-0.319574,-1.56293,-0.00399594,-0.323592,-1.56697,-0.00569045,0.00273338,0.00784429,2.12732,0.000200001,6.17633e-11,2.96845e-07,6.17633e-11,0.0002,2.42037e-08,2.96845e-07,2.42037e-08,0.0002
-0.0013313,-0.320608,-1.56405,-0.00399314,-0.323576,-1.567,-0.00632807,0.00169892,0.00671784,2.12332,0.000200001,4.51495e-11,2.27391e-07,4.51495e-11,0.0002,1.91737e-08,2.27391e-07,1.91737e-08,0.0002
-0.00190654,-0.32132,-1.56484,-0.00399688,-0.323527,-1.56697,-0.00719851,0.00351961,0.00273632,2.11932,0.0002,2.10409e-11,1.65994e-07,2.10409e-11,0.0002,5.59699e-09,1.65994e-07,5.59699e-09,0.0002
-0.00236866,-0.321806,-1.56526,-0.0040045,-0.323537,-1.56692,-0.00766062,0.0030334,0.00232054,2.12332,0.0002,8.1302e-12,1.13083e-07,8.1302e-12,0.0002,-3.18407e-09,1.13083e-07,-3.18407e-09,0.0002
-0.00269661,-0.322198,-1.5658,-0.00400904,-0.323552,-1.56693,-0.00798857,0.00264171,0.00177962,2.11932,0.0002,5.31532e-12,7.91801e-08,5.31532e-12,0.0002,-2.00188e-09,7.91801e-08,-2.00188e-09,0.0002
-0.00201852,-0.323146,-1.56492,0.00015893,-0.326623,-1.56088,-0.00731049,0.00169347,0.00266022,1.45343,0.0002,1.02076e-11,6.08025e-08,1.02076e-11,0.0002,1.57852e-08,6.08025e-08,1.57852e-08,0.0002
-0.00140464,-0.32401,-1.56412,0.000193722,-0.32662,-1.56093,-0.00669661,0.000829688,0.00345835,1.46217,0.0002,1.96942e-11,6.59803e-08,1.96942e-11,0.0002,3.74892e-08,6.59803e-08,3.74892e-08,0.0002
-0.000846556,-0.324763,-1.56359,0.000206769,-0.326615,-1.56093,-0.00631526,0.00144293,0.00354334,1.46217,0.0002,3.68329e-11,7.94188e-08,3.68329e-11,0.0002,6.16746e-08,7.94188e-08,6.16746e-08,0.0002
-0.00044098,-0.325324,-1.56295,0.000216213,-0.326617,-1.56092,-0.00590968,0.000882344,0.00418079,1.46217,0.0002,4.53894e-11,8.12329e-08,4.53894e-11,0.0002,7.03262e-08,8.12329e-08,7.03262e-08,0.0002
0.000348638,-0.32581,-1.56264,0.000200033,-0.326613,-1.5609,-0.00512006,0.000395987,0.00448602,1.45798,0.0002,9.84597e-11,8.8611e-08,9.84597e-11,0.0002,1.508e-07,8.8611e-08,1.508e-07,0.0002
0.00174254,-0.326291,-1.56245,0.000604601,-0.326896,-1.55908,-0.00372616,-8.55024e-05,0.00468111,1.36862,0.0002,2.23174e-10,9.93446e-08,2.23174e-10,0.000200001,3.11251e-07,9.93446e-08,3.11251e-07,0.0002
0.00311249,-0.326681,-1.5625,0.000602041,-0.326935,-1.55908,-0.00235621,-0.000475414,0.00462931,1.37931,0.0002,3.60011e-10,1.05924e-07,3.60011e-10,0.000200001,4.54776e-07,1.05924e-07,4.54776e-07,0.0002
0.0042694,-0.327009,-1.56223,0.000586973,-0.326912,-1.55908,-0.0011993,-0.000803402,0.00489926,1.37101,0.0002,4.90582e-10,1.13372e-07,4.90582e-10,0.000200002,5.56882e-07,1.13372e-07,5.56882e-07,0.000199999
0.00510955,-0.327149,-1.56202,0.000591049,-0.326937,-1.55909,-0.00125429,0.000348018,0.013244,1.37516,0.0002,5.02291e-10,9.77572e-08,5.02291e-10,0.000200003,6.08464e-07,9.77572e-08,6.08464e-07,0.000199999
0.00586922,-0.327261,-1.56247,0.000603122,-0.326942,-1.55911,-0.000494621,0.000236611,0.0127899,1.37516,0.0002,5.08586e-10,8.78032e-08,5.08586e-10,0.000200003,6.55074e-07,8.78032e-08,6.55074e-07,0.000199999
0.00664582,-0.327432,-1.56386,0.00059246,-0.326939,-1.55909,0.000281981,6.50815e-05,0.0113956,1.37516,0.0002,5.87085e-10,9.53539e-08,5.87085e-10,0.000200004,7.12164e-07,9.53539e-08,7.12164e-07,0.000199999
0.00779427,-0.328018,-1.56663,0.00311975,-0.329084,-1.55751,0.00143042,-0.000520487,0.00862781,1.4131,0.0002,6.75155e-10,1.04711e-07,6.75155e-10,0.000200005,7.51957e-07,1.04711e-07,7.51957e-07,0.000199998
0.00873455,-0.328547,-1.56979,0.00312004,-0.329062,-1.55755,0.00237071,-0.00104997,0.00547402,1.4131,0.0002,8.05551e-10,1.22081e-07,8.05551e-10,0.000200005,7.80632e-07,1.22081e-07,7.80632e-07,0.000199998
0.00950274,-0.329039,-1.57346,0.00309341,-0.329073,-1.55761,-0.00115199,0.00122531,-0.00400948,1.42143,0.0002,9.72759e-10,1.448e-07,9.72759e-10,0.000200006,8.02064e-07,1.448e-07,8.02064e-07,0.000199998
0.0100913,-0.329329,-1.5763,0.00307372,-0.32907,-1.55763,-0.000563387,0.000935148,-0.00684902,1.42143,0.0002,1.01516e-09,1.43361e-07,1.01516e-09,0.000200006,8.12312e-07,1.43361e-07,8.12312e-07,0.000199998
0.0106899,-0.329479,-1.57857,0.00307566,-0.329071,-1.55764,3.51666e-05,0.00078498,-0.00912186,1.42143,0.0002,9.92779e-10,1.29942e-07,9.92779e-10,0.000200006,8.3932e-07,1.29942e-07,8.3932e-07,0.000199998
0.0124695,-0.330154,-1.58579,0.00885086,-0.331834,-1.58204,0.00181475,0.000109888,-0.0163389,1.79764,0.0002,9.75413e-10,1.19263e-07,9.75413e-10,0.000200007,8.80366e-07,1.19263e-07,8.80366e-07,0.000199998
0.0139986,-0.330684,-1.59084,0.0088492,-0.331832,-1.58203,0.00334387,-0.000419552,-0.0213853,1.79764,0.0002,9.64441e-10,1.11569e-07,9.64441e-10,0.000200007,9.23488e-07,1.11569e-07,9.23488e-07,0.000199997
0.0151579,-0.33109,-1.59456,0.00884946,-0.331823,-1.58204,-0.005287,0.00321986,0.00551581,1.79764,0.0002,9.33627e-10,1.04646e-07,9.33627e-10,0.000200008,9.40802e-07,1.04646e-07,9.40802e-07,0.000199997
0.0161513,-0.331483,-1.59724,0.00886882,-0.331818,-1.58208,-0.00429365,0.00282608,0.00283618,1.80245,0.0002,9.8866e-10,1.11897e-07,9.8866e-10,0.000200008,9.61666e-07,1.11897e-07,9.61666e-07,0.000199997
0.0169267,-0.3317,-1.59783,0.00886899,-0.331835,-1.58207,-0.00351826,0.00260954,0.00224676,1.79429,0.0002,9.24371e-10,9.96892e-08,9.24371e-10,0.000200009,9.7211e-07,9.96892e-08,9.7211e-07,0.000199997
0.0175461,-0.331749,-1.59705,0.00885109,-0.331844,-1.58203,-0.0028988,0.00256008,0.00302606,1.78948,0.0002,7.38633e-10,7.11221e-08,7.38633e-10,0.000200009,9.79434e-07,7.11221e-08,9.79434e-07,0.000199997
0.0213509,-0.332978,-1.59945,0.0247488,-0.338327,-1.59916,0.000905944,0.00133162,0.000632199,1.41775,0.0002,4.64525e-10,3.25508e-08,4.64525e-10,0.000200009,1.00513e-06,3.25508e-08,1.00513e-06,0.000199997
0.0243539,-0.333747,-1.60136,0.0247268,-0.338315,-1.59913,0.00390903,0.000562069,-0.00127685,1.41028,0.0002,2.28795e-11,-2.54575e-08,2.28795e-11,0.000200009,1.01586e-06,-2.54575e-08,1.01586e-06,0.000199997
0.0267198,-0.334237,-1.60268,0.0247356,-0.338316,-1.59912,-0.00420348,0.00304461,0.0354252,1.40608,0.0002,-4.53704e-10,-8.25993e-08,-4.53704e-10,0.000200009,1.01666e-06,-8.25993e-08,1.01666e-06,0.000199997
0.0285778,-0.334583,-1.6031,0.0247665,-0.338295,-1.59908,-0.00783575,0.00297859,0.0456116,1.41869,0.0002,-8.57341e-10,-1.26001e-07,-8.57341e-10,0.000200009,1.01064e-06,-1.26001e-07,1.01064e-06,0.000199996
0.0300423,-0.334756,-1.60333,0.0247465,-0.338303,-1.59907,-0.00637126,0.00280637,0.0453789,1.41028,0.0002,-1.26651e-09,-1.70793e-07,-1.26651e-09,0.000200009,1.00398e-06,-1.70793e-07,1.00398e-06,0.000199996
0.0312079,-0.334571,-1.60404,0.0247737,-0.338292,-1.59908,-0.00520562,0.00299076,0.0446729,1.42195,0.0002,-1.90132e-09,-2.50282e-07,-1.90132e-09,0.000200009,9.9815e-07,-2.50282e-07,9.9815e-07,0.000199996
0.0342062,-0.334516,-1.6125,0.0343217,-0.338001,-1.637,-0.00220737,0.00304616,0.0362133,1.44279,0.000200001,-2.30706e-09,-2.82912e-07,-2.30706e-09,0.00020001,1.01778e-06,-2.82912e-07,1.01778e-06,0.000199996
0.0366277,-0.334418,-1.61937,0.0342937,-0.337989,-1.63699,0.000214159,0.0031442,0.0293448,1.43847,0.000200001,-2.66516e-09,-3.10585e-07,-2.66516e-09,0.00020001,1.03523e-06,-3.10585e-07,1.03523e-06,0.000199996
0.0385308,-0.334349,-1.62528,0.0343179,-0.338002,-1.63701,-0.00947314,0.00333148,0.0310628,1.44279,0.000200001,-2.90165e-09,-3.25807e-07,-2.90165e-09,0.00020001,1.04054e-06,-3.25807e-07,1.04054e-06,0.000199996
0.0400652,-0.33449,-1.62989,0.0343109,-0.337982,-1.63697,-0.00793869,0.0031903,0.0264457,1.43954,0.000200001,-2.84993e-09,-3.02587e-07,-2.84993e-09,0.00020001,1.04632e-06,-3.02587e-07,1.04632e-06,0.000199996
0.0413009,-0.334572,-1.63379,0.0343326,-0.33801,-1.63695,-0.00670307,0.00310848,0.022548,1.44363,0.000200001,-2.8292e-09,-2.92663e-07,-2.8292e-09,0.00020001,1.05089e-06,-2.92663e-07,1.05089e-06,0.000199996
0.0444144,-0.334669,-1.6388,0.0457342,-0.339004,-1.64534,-0.00358954,0.0030111,0.0175403,1.46517,0.000200001,-2.94461e-09,-3.13699e-07,-2.94461e-09,0.00020001,1.02886e-06,-3.13699e-07,1.02886e-06,0.000199996
0.0467883,-0.334327,-1.64249,0.0457413,-0.338935,-1.64533,-0.00121559,0.00335397,0.0138487,1.46117,0.000200001,-3.41249e-09,-3.91704e-07,-3.41249e-09,0.000200009,9.9617e-07,-3.91704e-07,9.9617e-07,0.000199996
0.0485393,-0.333835,-1.64483,0.0457562,-0.338946,-1.64535,-0.00564285,0.00478581,0.0240728,1.47317,0.000200002,-3.91028e-09,-4.76591e-07,-3.91028e-09,0.000200009,9.51162e-07,-4.76591e-07,9.51162e-07,0.000199996
0.0498445,-0.333328,-1.64618,0.0457572,-0.338931,-1.64535,-0.00433765,0.00529316,0.0227226,1.47317,0.000200002,-4.31784e-09,-5.48642e-07,-4.31784e-09,0.000200008,9.07056e-07,-5.48642e-07,9.07056e-07,0.000199996
0.0508422,-0.332962,-1.64725,0.0457467,-0.338932,-1.64534,-0.00333999,0.00565824,0.0216454,1.46917,0.000200003,-4.53573e-09,-5.88087e-07,-4.53573e-09,0.000200008,8.71847e-07,-5.88087e-07,8.71847e-07,0.000199996
0.0516462,-0.332586,-1.64812,0.0457395,-0.33893,-1.64535,-0.00253598,0.00603443,0.0207825,1.46517,0.000200003,-4.75999e-09,-6.2659e-07,-4.75999e-09,0.000200007,8.5063e-07,-6.2659e-07,8.5063e-07,0.000199996
0.0536866,-0.332302,-1.65183,0.0525478,-0.33903,-1.66304,-0.000495529,0.0063186,0.0170668,1.49525,0.000200004,-4.95094e-09,-6.54295e-07,-4.95094e-09,0.000200007,8.40763e-07,-6.54295e-07,8.40763e-07,0.000199996
0.0552757,-0.33212,-1.6546,0.0525419,-0.33904,-1.66304,-0.00519266,0.00439465,0.0208127,1.4993,0.000200004,-5.02044e-09,-6.64771e-07,-5.02044e-09,0.000200007,8.27984e-07,-6.64771e-07,8.27984e-07,0.000199996
0.0564813,-0.332035,-1.65733,0.0525488,-0.339048,-1.66307,-0.00398702,0.00447883,0.0180794,1.5074,0.000200004,-4.96465e-09,-6.61181e-07,-4.96465e-09,0.000200006,8.09602e-07,-6.61181e-07,8.09602e-07,0.000199996
0.0574234,-0.331988,-1.65962,0.052541,-0.339037,-1.66307,-0.00304498,0.00452649,0.0157909,1.49525,0.000200004,-4.88093e-09,-6.5499e-07,-4.88093e-09,0.000200006,7.94823e-07,-6.5499e-07,7.94823e-07,0.000199996
0.0582519,-0.331857,-1.66114,0.05254,-0.339062,-1.66309,-0.00221646,0.00465749,0.014266,1.5074,0.000200004,-4.94628e-09,-6.66533e-07,-4.94628e-09,0.000200006,7.975e-07,-6.66533e-07,7.975e-07,0.000199996
0.0602968,-0.330634,-1.66259,0.0591057,-0.333527,-1.66578,-0.00380748,0.00321791,0.0115792,1.48715,0.000200004,-5.0582e-09,-6.76054e-07,-5.0582e-09,0.000200006,8.09971e-07,-6.76054e-07,8.09971e-07,0.000199996
0.0619136,-0.329679,-1.66344,0.0591184,-0.33354,-1.66577,-0.00605601,0.000689108,0.00955439,1.49532,0.000200004,-5.11314e-09,-6.78754e-07,-5.11314e-09,0.000200006,8.14514e-07,-6.78754e-07,8.14514e-07,0.000199996
0.0631402,-0.328974,-1.66401,0.0591275,-0.333541,-1.66578,-0.00482936,0.00139427,0.00898092,1.4994,0.000200004,-5.0549e-09,-6.71049e-07,-5.0549e-09,0.000200006,8.06486e-07,-6.71049e-07,8.06486e-07,0.000199996
0.0642365,-0.328315,-1.66436,0.0591205,-0.333543,-1.66575,-0.00373309,0.00205317,0.00863082,1.49532,0.000200004,-5.1698e-09,-6.8135e-07,-5.1698e-09,0.000200006,8.1998e-07,-6.8135e-07,8.1998e-07,0.000199996
0.0651658,-0.327706,-1.66485,0.0591298,-0.333538,-1.66576,-0.00280377,0.00266194,0.00814318,1.49532,0.000200004,-5.36875e-09,-7.00673e-07,-5.36875e-09,0.000200006,8.3682e-07,-7.00673e-07,8.3682e-07,0.000199996
0.0658871,-0.327238,-1.66493,0.0591307,-0.333534,-1.66577,-0.00208253,0.00312962,0.00806176,1.49532,0.000200005,-5.49157e-09,-7.09939e-07,-5.49157e-09,0.000200007,8.43917e-07,-7.09939e-07,8.43917e-07,0.000199996
0.0682208,-0.325035,-1.66441,0.0679246,-0.3244,-1.66286,0.000251207,0.00533301,0.00857958,1.56758,0.000200005,-5.58338e-09,-7.15844e-07,-5.58338e-09,0.000200007,8.48479e-07,-7.15844e-07,8.48479e-07,0.000199996
0.0701219,-0.323256,-1.66387,0.0679812,-0.32442,-1.66277,-0.00663087,-0.00170702,0.00882525,1.5696,0.000200005,-5.68562e-09,-7.22894e-07,-5.68562e-09,0.000200007,8.54936e-07,-7.22894e-07,8.54936e-07,0.000199996
0.0716683,-0.321816,-1.66335,0.0679957,-0.324428,-1.66278,-0.00508439,-0.000266241,0.00935456,1.56758,0.000200005,-5.79743e-09,-7.30686e-07,-5.79743e-09,0.000200007,8.62595e-07,-7.30686e-07,8.62595e-07,0.000199996
0.0730402,-0.320547,-1.66313,0.0679785,-0.324427,-1.66277,-0.00371248,0.00100285,0.00957453,1.5696,0.000200005,-6.09677e-09,-7.54206e-07,-6.09677e-09,0.000200007,8.8964e-07,-7.54206e-07,8.8964e-07,0.000199996
0.0741567,-0.319554,-1.66285,0.0679776,-0.324425,-1.66276,-0.00259606,0.00199549,0.00985508,1.5696,0.000200005,-6.32704e-09,-7.65674e-07,-6.32704e-09,0.000200008,9.09924e-07,-7.65674e-07,9.09924e-07,0.000199995
0.0772958,-0.316032,-1.66133,0.0795632,-0.310507,-1.65997,0.000543042,0.00551766,0.0113657,1.20192,0.000200005,-6.39089e-09,-7.64176e-07,-6.39089e-09,0.000200008,9.11476e-07,-7.64176e-07,9.11476e-07,0.000199995
0.0797376,-0.31327,-1.66024,0.0795699,-0.310505,-1.66,0.00298484,0.00827973,0.0124643,1.19891,0.000200005,-6.32212e-09,-7.54416e-07,-6.32212e-09,0.000200008,9.01008e-07,-7.54416e-07,9.01008e-07,0.000199995
0.0817081,-0.311126,-1.65946,0.0795833,-0.310515,-1.65998,-0.00573373,-0.00094953,0.0100534,1.20289,0.000200005,-6.21316e-09,-7.38006e-07,-6.21316e-09,0.000200008,8.96539e-07,-7.38006e-07,8.96539e-07,0.000199995
0.0832196,-0.309468,-1.65894,0.079609,-0.310515,-1.65997,-0.00660247,-0.00173139,0.0107347,1.20289,0.000200005,-6.01972e-09,-7.18438e-07,-6.01972e-09,0.000200007,8.82446e-07,-7.18438e-07,8.82446e-07,0.000199995
0.0844645,-0.308508,-1.65738,0.0796269,-0.310514,-1.65996,-0.00535755,-0.000771442,0.0122913,1.20289,0.000200004,-5.55826e-09,-6.47996e-07,-5.55826e-09,0.000200007,8.78156e-07,-6.47996e-07,8.78156e-07,0.000199996
0.0856688,-0.308314,-1.65489,0.07964,-0.310519,-1.65994,-0.00415322,-0.000577236,0.0147821,1.20289,0.000200003,-4.7899e-09,-5.12327e-07,-4.7899e-09,0.000200008,9.08203e-07,-5.12327e-07,9.08203e-07,0.000199996
0.0892813,-0.30676,-1.65078,0.0930115,-0.3023,-1.65249,-0.000540795,0.000976744,0.0188885,1.13302,0.000200002,-3.9164e-09,-3.8592e-07,-3.9164e-09,0.000200008,9.23867e-07,-3.8592e-07,9.23867e-07,0.000199996
0.0923102,-0.305758,-1.64675,0.0930602,-0.302301,-1.65237,0.00248819,0.00197864,0.0229213,1.13553,0.000200001,-3.04211e-09,-2.6763e-07,-3.04211e-09,0.000200008,9.54566e-07,-2.6763e-07,9.54566e-07,0.000199996
0.0949142,-0.305072,-1.64362,0.0930523,-0.302301,-1.65236,0.00509216,0.00266439,0.0260477,1.13553,0.000200001,-2.27667e-09,-1.74207e-07,-2.27667e-09,0.000200009,1.00348e-06,-1.74207e-07,1.00348e-06,0.000199996
0.097128,-0.304572,-1.64112,0.0930867,-0.302301,-1.65233,-0.00361796,-0.00585473,0.0197641,1.12786,0.000200001,-1.64155e-09,-1.07475e-07,-1.64155e-09,0.00020001,1.05469e-06,-1.07475e-07,1.05469e-06,0.000199996
0.0989906,-0.30413,-1.63931,0.0931062,-0.302293,-1.6523,-0.00831316,-0.00706361,0.00943667,1.12786,0.0002,-1.20542e-09,-7.15986e-08,-1.20542e-09,0.000200011,1.1015e-06,-7.15986e-08,1.1015e-06,0.000199996
0.103925,-0.303251,-1.63287,0.109815,-0.299707,-1.62368,-0.00337842,-0.00618529,0.0158803,0.944633,0.0002,-8.54637e-10,-4.45295e-08,-8.54637e-10,0.000200012,1.14821e-06,-4.45295e-08,1.14821e-06,0.000199996
0.107908,-0.302615,-1.62873,0.109799,-0.299661,-1.62356,0.000603867,-0.00554886,0.0200229,0.90732,0.0002,-5.03767e-10,-1.54961e-08,-5.03767e-10,0.000200012,1.1841e-06,-1.54961e-08,1.1841e-06,0.000199996
0.111105,-0.302054,-1.62623,0.109843,-0.299657,-1.62349,0.00380145,-0.00498823,0.0225225,0.914783,0.0002,-3.04161e-10,-5.10697e-09,-3.04161e-10,0.000200013,1.20748e-06,-5.10697e-09,1.20748e-06,0.000199995
0.11365,-0.301508,-1.62454,0.109852,-0.299728,-1.62349,0.00634592,-0.004442,0.0242118,0.937509,0.0002,-3.07698e-10,-1.65829e-08,-3.07698e-10,0.000200013,1.21998e-06,-1.65829e-08,1.21998e-06,0.000199995
0.115597,-0.300871,-1.62286,0.109891,-0.299723,-1.62342,0.00829343,-0.00380498,0.0258877,0.933545,0.0002,-5.8042e-10,-5.63281e-08,-5.8042e-10,0.000200013,1.21254e-06,-5.63281e-08,1.21254e-06,0.000199995
0.117042,-0.300181,-1.6211,0.109922,-0.299716,-1.62339,-0.00570458,-0.00364568,0.00725633,0.926082,0.0002,-1.01815e-09,-1.10919e-07,-1.01815e-09,0.000200013,1.18864e-06,-1.10919e-07,1.18864e-06,0.000199995
0.121398,-0.29946,-1.61585,0.125735,-0.298778,-1.60309,-0.00978871,-0.00341358,0.000684494,0.679131,0.0002,-1.30856e-09,-1.3935e-07,-1.30856e-09,0.000200013,1.1797e-06,-1.3935e-07,1.1797e-06,0.000199995
0.124882,-0.298922,-1.61203,0.125749,-0.2988,-1.60296,-0.0063049,-0.00287521,0.00450297,0.675454,0.0002,-1.48749e-09,-1.5273e-07,-1.48749e-09,0.000200013,1.17336e-06,-1.5273e-07,1.17336e-06,0.000199995
0.127693,-0.298512,-1.6099,0.125771,-0.29883,-1.60294,-0.0034943,-0.00246563,0.00663078,0.686484,0.0002,-1.60082e-09,-1.58864e-07,-1.60082e-09,0.000200013,1.17239e-06,-1.58864e-07,1.17239e-06,0.000199995
0.12996,-0.298224,-1.60818,0.125876,-0.298829,-1.60285,-0.00122697,-0.00217705,0.00835192,0.69016,0.0002,-1.63454e-09,-1.56885e-07,-1.63454e-09,0.000200013,1.17137e-06,-1.56885e-07,1.17137e-06,0.000199995
0.131749,-0.29799,-1.60761,0.125964,-0.29884,-1.60274,0.000561611,-0.0019431,0.00892198,0.693837,0.0002,-1.65086e-09,-1.56166e-07,-1.65086e-09,0.000200013,1.16388e-06,-1.56166e-07,1.16388e-06,0.000199995
0.133181,-0.29789,-1.60715,0.125989,-0.298855,-1.60271,0.00199429,-0.00184304,0.00938318,0.697513,0.0002,-1.55713e-09,-1.42338e-07,-1.55713e-09,0.000200013,1.15855e-06,-1.42338e-07,1.15855e-06,0.000199995
0.137098,-0.298071,-1.60586,0.139747,-0.299865,-1.59861,-0.00242105,-0.000776763,0.00752433,0.767139,0.0002,-1.40679e-09,-1.23404e-07,-1.40679e-09,0.000200013,1.15814e-06,-1.23404e-07,1.15814e-06,0.000199995
0.140257,-0.298107,-1.60492,0.139755,-0.299858,-1.59855,0.000738277,-0.000812837,0.00846492,0.767139,0.0002,-1.42396e-09,-1.28655e-07,-1.42396e-09,0.000200013,1.16184e-06,-1.28655e-07,1.16184e-06,0.000199995
0.14282,-0.2979,-1.60301,0.139788,-0.299846,-1.59848,0.00330134,-0.000606242,0.010371,0.763463,0.0002,-1.73931e-09,-1.70311e-07,-1.73931e-09,0.000200013,1.16874e-06,-1.70311e-07,1.16874e-06,0.000199995
0.144863,-0.297714,-1.60075,0.139857,-0.299858,-1.59843,0.00534448,-0.000419597,0.0126296,0.778169,0.0002,-2.02418e-09,-2.01672e-07,-2.02418e-09,0.000200013,1.16961e-06,-2.01672e-07,1.16961e-06,0.000199995
0.146618,-0.297901,-1.59914,0.139878,-0.299841,-1.59838,0.00709951,-0.000607137,0.0142412,0.778169,0.0002,-1.84805e-09,-1.67573e-07,-1.84805e-09,0.000200013,1.18884e-06,-1.67573e-07,1.18884e-06,0.000199995
0.150544,-0.298553,-1.5971,0.152723,-0.301533,-1.59566,0.0110249,-0.00125917,0.0162775,0.782475,0.0002,-1.48156e-09,-1.19537e-07,-1.48156e-09,0.000200013,1.19355e-06,-1.19537e-07,1.19355e-06,0.000199995
0.153634,-0.299049,-1.59599,0.152791,-0.301538,-1.59565,0.0141154,-0.00175489,0.0173934,0.793769,0.0002,-1.21618e-09,-9.30567e-08,-1.21618e-09,0.000200013,1.18642e-06,-9.30567e-08,1.18642e-06,0.000199995
0.156145,-0.299447,-1.59529,0.152768,-0.301549,-1.5956,-0.00100272,0.000122628,0.01699,0.782475,0.0002,-1.02029e-09,-7.63052e-08,-1.02029e-09,0.000200013,1.18865e-06,-7.63052e-08,1.18865e-06,0.000199995
0.158266,-0.299659,-1.59484,0.152788,-0.301542,-1.5956,0.00111848,-8.93495e-05,0.0174435,0.786443,0.0002,-1.01597e-09,-8.24338e-08,-1.01597e-09,0.000200013,1.20748e-06,-8.24338e-08,1.20748e-06,0.000199995
0.159902,-0.299717,-1.59458,0.152792,-0.301529,-1.59561,0.00275503,-0.000147564,0.0177016,0.790106,0.0002,-1.15539e-09,-1.03753e-07,-1.15539e-09,0.000200014,1.20971e-06,-1.03753e-07,1.20971e-06,0.000199995
0.163574,-0.300215,-1.59312,0.16537,-0.303094,-1.58985,0.00642686,-0.000645424,0.0191596,0.508246,0.0002,-1.07225e-09,-9.43006e-08,-1.07225e-09,0.000200013,1.18676e-06,-9.43006e-08,1.18676e-06,0.000199995
0.166401,-0.30071,-1.59196,0.165573,-0.303075,-1.58935,0.00925349,-0.00114033,0.0203252,0.504706,0.0002,-8.7279e-10,-7.23065e-08,-8.7279e-10,0.000200013,1.14784e-06,-7.23065e-08,1.14784e-06,0.000199995
0.168757,-0.301232,-1.59142,0.165634,-0.303069,-1.58928,0.0116094,-0.00166235,0.0208573,0.504706,0.0002,-5.74667e-10,-3.7779e-08,-5.74667e-10,0.000200012,1.13611e-06,-3.7779e-08,1.13611e-06,0.000199995
0.170603,-0.301691,-1.59141,0.165656,-0.303077,-1.58928,0.00268144,-0.00150508,0.0161802,0.508494,0.0002,-2.96878e-10,-9.02631e-09,-2.96878e-10,0.000200012,1.12165e-06,-9.02631e-09,1.12165e-06,0.000199995
0.172062,-0.301987,-1.5915,0.165671,-0.30304,-1.58927,0.0041412,-0.00180095,0.0160882,0.500589,0.0002,-1.63854e-10,-8.58763e-10,-1.63854e-10,0.000200012,1.10921e-06,-8.58763e-10,1.10921e-06,0.000199996
0.173472,-0.302163,-1.59168,0.165703,-0.303034,-1.58928,-0.00309772,-0.000941038,0.00958952,0.503293,0.0002,-1.38803e-10,-4.94837e-09,-1.38803e-10,0.000200012,1.13889e-06,-4.94837e-09,1.13889e-06,0.000199996
0.177019,-0.302538,-1.59311,0.177794,-0.304578,-1.59675,0.000449908,-0.0013151,0.00815902,0.425258,0.0002,-2.32013e-10,-2.12102e-08,-2.32013e-10,0.000200012,1.15818e-06,-2.12102e-08,1.15818e-06,0.000199995
0.179843,-0.302823,-1.59374,0.177825,-0.304605,-1.59674,0.00327371,-0.0016009,0.00753425,0.428962,0.0002,-3.36134e-10,-3.47592e-08,-3.36134e-10,0.000200013,1.16721e-06,-3.47592e-08,1.16721e-06,0.000199995
0.18215,-0.303134,-1.59381,0.17786,-0.304579,-1.59667,0.00558036,-0.00191184,0.00746226,0.429146,0.0002,-3.14598e-10,-2.96233e-08,-3.14598e-10,0.000200013,1.17949e-06,-2.96233e-08,1.17949e-06,0.000199995
0.184013,-0.303582,-1.59416,0.177866,-0.304616,-1.59662,0.00744364,-0.00235964,0.00710597,0.440347,0.0002,-5.39029e-11,4.56178e-09,-5.39029e-11,0.000200013,1.19006e-06,4.56178e-09,1.19006e-06,0.000199995
0.185501,-0.304103,-1.59487,0.177874,-0.304579,-1.59666,-0.00465334,-0.000169435,0.00878826,0.436554,0.0002,3.72339e-10,5.40389e-08,3.72339e-10,0.000200013,1.19616e-06,5.40389e-08,1.19616e-06,0.000199995
0.186695,-0.304357,-1.59564,0.177871,-0.304614,-1.59663,-0.00345962,-0.000423774,0.00802097,0.436643,0.0002,4.95609e-10,5.89058e-08,4.95609e-10,0.000200013,1.20069e-06,5.89058e-08,1.20069e-06,0.000199995
0.190868,-0.305162,-1.59429,0.193202,-0.308199,-1.58524,0.000713672,-0.00122828,0.00937153,0.690555,0.0002,4.62526e-10,4.61258e-08,4.62526e-10,0.000200014,1.2278e-06,4.61258e-08,1.2278e-06,0.000199995
0.194266,-0.305676,-1.59278,0.19327,-0.308196,-1.58518,0.00411112,-0.0017429,0.0108786,0.694192,0.0002,2.53179e-10,1.68372e-08,2.53179e-10,0.000200014,1.25247e-06,1.68372e-08,1.25247e-06,0.000199995
0.196931,-0.306111,-1.59105,0.193332,-0.308219,-1.58514,0.00677678,-0.00217733,0.0126102,0.701464,0.0002,9.6764e-11,2.68107e-10,9.6764e-11,0.000200015,1.25794e-06,2.68107e-10,1.25794e-06,0.000199995
0.198852,-0.306606,-1.58952,0.193458,-0.308249,-1.58494,0.00869749,-0.00267233,0.0141406,0.701464,0.0002,1.56316e-10,1.18893e-08,1.56316e-10,0.000200014,1.22352e-06,1.18893e-08,1.22352e-06,0.000199995
0.20043,-0.307084,-1.5885,0.193459,-0.308244,-1.58494,0.0102755,-0.00315076,0.0151575,0.701464,0.0002,3.11411e-10,3.2532e-08,3.11411e-10,0.000200014,1.20806e-06,3.2532e-08,1.20806e-06,0.000199995
0.204491,-0.307715,-1.58795,0.206923,-0.30939,-1.58368,0.000371687,-0.00213818,0.0109163,0.423812,0.0002,4.66672e-10,4.92988e-08,4.66672e-10,0.000200014,1.21513e-06,4.92988e-08,1.21513e-06,0.000199995
0.207854,-0.308053,-1.58788,0.207051,-0.309404,-1.58343,0.000546459,-0.00156885,0.0108609,0.432705,0.0002,3.74501e-10,3.30415e-08,3.74501e-10,0.000200014,1.23376e-06,3.30415e-08,1.23376e-06,0.000199995
0.210534,-0.308257,-1.5877,0.207098,-0.309397,-1.58336,0.00322585,-0.00177297,0.0110388,0.440085,0.0002,2.09314e-10,1.22745e-08,2.09314e-10,0.000200014,1.24246e-06,1.22745e-08,1.24246e-06,0.000199995
0.21255,-0.308334,-1.58693,0.207096,-0.309401,-1.58332,0.00524254,-0.00185053,0.0118101,0.443775,0.0002,-3.89942e-11,-1.54073e-08,-3.89942e-11,0.000200014,1.22784e-06,-1.54073e-08,1.22784e-06,0.000199995
0.214305,-0.308565,-1.5861,0.207179,-0.309386,-1.58329,0.00699721,-0.00208079,0.0126405,0.454845,0.0002,-1.33431e-11,-6.01965e-09,-1.33431e-11,0.000200014,1.23843e-06,-6.01965e-09,1.23843e-06,0.000199995
0.215681,-0.308876,-1.58542,0.207262,-0.309393,-1.58322,0.0083733,-0.00239205,0.013319,0.454845,0.0002,1.77227e-10,1.99266e-08,1.77227e-10,0.000200014,1.2381e-06,1.99266e-08,1.2381e-06,0.000199995
0.219935,-0.309191,-1.5846,0.222812,-0.30975,-1.57976,0.012627,-0.00270714,0.0141391,0.510854,0.0002,3.33141e-10,3.65625e-08,3.33141e-10,0.000200014,1.2447e-06,3.65625e-08,1.2447e-06,0.000199995
0.22337,-0.309292,-1.58464,0.222858,-0.309749,-1.57961,0.000435727,-0.00217069,0.0192212,0.514009,0.0002,2.606e-10,2.34792e-08,2.606e-10,0.000200015,1.25268e-06,2.34792e-08,1.25268e-06,0.000199995
0.226181,-0.309331,-1.58444,0.222955,-0.309753,-1.57952,-0.00458897,-0.00186484,0.0191163,0.524801,0.0002,1.41558e-10,8.30077e-09,1.41558e-10,0.000200015,1.2647e-06,8.30077e-09,1.2647e-06,0.000199995
0.228544,-0.309216,-1.58376,0.222983,-0.309757,-1.57948,-0.0022265,-0.00175013,0.0197982,0.524801,0.0002,-1.5786e-10,-2.53849e-08,-1.5786e-10,0.000200015,1.28973e-06,-2.53849e-08,1.28973e-06,0.000199994
0.230412,-0.30919,-1.58207,0.222985,-0.309762,-1.57945,-0.000358427,-0.00172344,0.0214875,0.521204,0.0002,-3.19171e-10,-3.77861e-08,-3.19171e-10,0.000200016,1.30216e-06,-3.77861e-08,1.30216e-06,0.000199994
0.231805,-0.309271,-1.58041,0.223017,-0.309762,-1.57946,0.0010347,-0.001805,0.0231487,0.524801,0.0002,-3.00217e-10,-2.98652e-08,-3.00217e-10,0.000200016,1.29289e-06,-2.98652e-08,1.29289e-06,0.000199994
0.236536,-0.309503,-1.57854,0.241005,-0.30967,-1.57622,0.00576629,-0.00203644,0.0250221,0.454139,0.0002,-2.49143e-11,5.15686e-09,-2.49143e-11,0.000200016,1.29009e-06,5.15686e-09,1.29009e-06,0.000199994
0.240232,-0.309709,-1.57709,0.241089,-0.309693,-1.57597,-0.00711974,-0.00196571,0.0238873,0.454139,0.0002,2.13523e-10,3.00551e-08,2.13523e-10,0.000200015,1.27131e-06,3.00551e-08,1.27131e-06,0.000199994
0.243267,-0.309767,-1.5764,0.241158,-0.309699,-1.57571,-0.00408447,-0.00202299,0.0245785,0.457788,0.0002,2.53322e-10,2.86769e-08,2.53322e-10,0.000200015,1.26961e-06,2.86769e-08,1.26961e-06,0.000199994
0.245725,-0.309576,-1.57552,0.241193,-0.309687,-1.57563,-0.00162675,-0.00183181,0.0254576,0.465088,0.0002,-3.8846e-11,-1.01168e-08,-3.8846e-11,0.000200015,1.27212e-06,-1.01168e-08,1.27212e-06,0.000199994
0.247629,-0.309484,-1.57533,0.241203,-0.309685,-1.57559,0.000277103,-0.00173981,0.0256503,0.465088,0.0002,-1.90035e-10,-2.48871e-08,-1.90035e-10,0.000200015,1.26346e-06,-2.48871e-08,1.26346e-06,0.000199994
0.251686,-0.310257,-1.57559,0.253979,-0.313368,-1.57918,0.00433378,-0.00251367,0.0253938,0.493184,0.0002,-1.65876e-10,-1.75981e-08,-1.65876e-10,0.000200015,1.25444e-06,-1.75981e-08,1.25444e-06,0.000199994
0.254883,-0.310994,-1.57607,0.25406,-0.313428,-1.57904,0.00753097,-0.00325064,0.0249055,0.505279,0.0002,-3.72781e-13,4.32422e-09,-3.72781e-13,0.000200015,1.23838e-06,4.32422e-09,1.23838e-06,0.000199995
0.257544,-0.311559,-1.57676,0.254257,-0.313408,-1.57897,0.0101918,-0.00381529,0.0242209,0.505279,0.0002,1.0768e-10,1.53881e-08,1.0768e-10,0.000200014,1.23832e-06,1.53881e-08,1.23832e-06,0.000199995
0.259753,-0.311909,-1.57759,0.254336,-0.313429,-1.57884,7.83238e-05,-0.00369963,0.0176474,0.505279,0.0002,5.70789e-11,5.99729e-09,5.70789e-11,0.000200015,1.24858e-06,5.99729e-09,1.24858e-06,0.000199995
0.261526,-0.312192,-1.57845,0.254366,-0.313437,-1.57878,-0.00852286,-0.00261405,0.0158363,0.505279,0.0002,1.65658e-11,4.8535e-10,1.65658e-11,0.000200015,1.25516e-06,4.8535e-10,1.25516e-06,0.000199995
0.262905,-0.312333,-1.57976,0.254377,-0.313433,-1.57878,-0.00714398,-0.00275459,0.0145276,0.501562,0.0002,-1.22643e-10,-1.59706e-08,-1.22643e-10,0.000200015,1.25269e-06,-1.59706e-08,1.25269e-06,0.000199995
0.267516,-0.312525,-1.57944,0.271813,-0.313595,-1.56521,-0.00253312,-0.00294627,0.0148481,0.50671,0.0002,-1.37198e-10,-1.49077e-08,-1.37198e-10,0.000200015,1.25443e-06,-1.49077e-08,1.25443e-06,0.000199995
0.271359,-0.31281,-1.57979,0.271952,-0.313623,-1.56515,0.00131022,-0.00323194,0.0144961,0.499468,0.0002,2.77575e-11,6.65538e-09,2.77575e-11,0.000200015,1.27571e-06,6.65538e-09,1.27571e-06,0.000199994
0.274447,-0.313162,-1.58091,0.27202,-0.313605,-1.56516,0.00439804,-0.00358348,0.0133848,0.499468,0.0002,3.4191e-10,4.15291e-08,3.4191e-10,0.000200015,1.28902e-06,4.15291e-08,1.28902e-06,0.000199994
0.276967,-0.313444,-1.582,0.272057,-0.3136,-1.56517,0.00691852,-0.00386536,0.0122864,0.506987,0.0002,6.00475e-10,6.46003e-08,6.00475e-10,0.000200016,1.30429e-06,6.46003e-08,1.30429e-06,0.000199994
0.278849,-0.313351,-1.58216,0.272115,-0.313597,-1.5652,-0.00291166,-0.00215514,0.0170473,0.506987,0.0002,3.52276e-10,2.80435e-08,3.52276e-10,0.000200016,1.29103e-06,2.80435e-08,1.29103e-06,0.000199994
0.283771,-0.313427,-1.58599,0.288876,-0.314518,-1.58627,-0.00544799,-0.00156252,0.0176019,0.547052,0.0002,6.18304e-11,-5.62955e-09,6.18304e-11,0.000200016,1.2929e-06,-5.62955e-09,1.2929e-06,0.000199994
0.287699,-0.313511,-1.58956,0.288937,-0.314506,-1.58625,-0.00151971,-0.00164673,0.0140296,0.543362,0.0002,-1.21433e-10,-2.17568e-08,-1.21433e-10,0.000200016,1.29073e-06,-2.17568e-08,1.29073e-06,0.000199994
0.290948,-0.313671,-1.59334,0.288944,-0.314618,-1.58622,0.00172984,-0.00180646,0.0102462,0.551366,0.0002,-1.52975e-10,-1.92627e-08,-1.52975e-10,0.000200016,1.30618e-06,-1.92627e-08,1.30618e-06,0.000199994
0.293565,-0.313912,-1.59647,0.288933,-0.31462,-1.58619,0.00434659,-0.0020475,0.00712112,0.558746,0.0002,-5.97919e-12,1.3179e-09,-5.97919e-12,0.000200016,1.31901e-06,1.3179e-09,1.31901e-06,0.000199994
0.295469,-0.314042,-1.59866,0.288937,-0.314619,-1.58618,0.00625073,-0.0021776,0.00493311,0.558746,0.0002,3.02543e-11,4.65787e-09,3.02543e-11,0.000200016,1.29689e-06,4.65787e-09,1.29689e-06,0.000199994
0.297077,-0.314215,-1.6,0.288945,-0.314508,-1.58622,0.00785865,-0.00235102,0.00358921,0.543362,0.0002,1.83745e-10,2.16018e-08,1.83745e-10,0.000200016,1.29588e-06,2.16018e-08,1.29588e-06,0.000199994
0.301081,-0.314943,-1.60479,0.302442,-0.316791,-1.60425,-0.00320016,-0.00071177,0.0187034,0.287222,0.0002,4.56117e-10,5.02547e-08,4.56117e-10,0.000200016,1.29803e-06,5.02547e-08,1.29803e-06,0.000199994
0.304394,-0.315489,-1.60923,0.302778,-0.316784,-1.6042,-0.00633459,0.00160733,0.0238543,0.283164,0.0002,6.37539e-10,6.46674e-08,6.37539e-10,0.000200016,1.30626e-06,6.46674e-08,1.30626e-06,0.000199994
0.307118,-0.31585,-1.61173,0.302918,-0.316773,-1.60416,-0.00361091,0.00124707,0.021346,0.286868,0.0002,6.74989e-10,6.20777e-08,6.74989e-10,0.000200016,1.31881e-06,6.20777e-08,1.31881e-06,0.000199994
0.309177,-0.315995,-1.61194,0.303035,-0.3168,-1.60394,-0.00155177,0.00110125,0.0211433,0.290572,0.0002,4.75888e-10,3.57414e-08,4.75888e-10,0.000200016,1.30406e-06,3.57414e-08,1.30406e-06,0.000199994
0.310841,-0.316088,-1.61075,0.303224,-0.316776,-1.60391,-0.006886,0.00184935,0.0374425,0.292634,0.0002,2.79688e-10,1.46638e-08,2.79688e-10,0.000200016,1.29136e-06,1.46638e-08,1.29136e-06,0.000199994
0.314519,-0.317124,-1.61391,0.314847,-0.321553,-1.62601,-0.00320779,0.000813421,0.0342793,0.459838,0.0002,9.46687e-11,-2.81042e-09,9.46687e-11,0.000200016,1.28675e-06,-2.81042e-09,1.28675e-06,0.000199994
0.317702,-0.318086,-1.61684,0.315435,-0.321534,-1.62592,-0.00367118,0.000904249,0.0359837,0.471308,0.0002,1.4909e-10,8.99391e-09,1.4909e-10,0.000200016,1.30335e-06,8.99391e-09,1.30335e-06,0.000199994
0.320321,-0.319024,-1.61886,0.315734,-0.321597,-1.62589,-0.00105169,-3.36533e-05,0.0339624,0.467209,0.0002,4.183e-10,4.1721e-08,4.183e-10,0.000200016,1.31625e-06,4.1721e-08,1.31625e-06,0.000199994
0.322315,-0.319814,-1.62046,0.315875,-0.321598,-1.62582,0.000942001,-0.000823741,0.0323588,0.477444,0.0002,6.86206e-10,6.94528e-08,6.86206e-10,0.000200016,1.3037e-06,6.94528e-08,1.3037e-06,0.000199994
0.323798,-0.320272,-1.62154,0.315914,-0.321596,-1.62583,-0.00383484,0.00125667,0.0287614,0.481093,0.0002,6.4886e-10,5.9615e-08,6.4886e-10,0.000200015,1.27657e-06,5.9615e-08,1.27657e-06,0.000199994
0.325018,-0.320608,-1.62188,0.315965,-0.321534,-1.6258,-0.00261568,0.000920386,0.0284241,0.473794,0.0002,5.88421e-10,5.02807e-08,5.88421e-10,0.000200015,1.26277e-06,5.02807e-08,1.26277e-06,0.000199994
0.329041,-0.322354,-1.6166,0.331393,-0.329537,-1.59597,-0.00423271,0.00183902,0.0380477,0.709315,0.0002,4.25187e-10,3.07458e-08,4.25187e-10,0.000200015,1.24782e-06,3.07458e-08,1.24782e-06,0.000199994
0.332382,-0.324005,-1.61319,0.331631,-0.329565,-1.59586,-0.00089222,0.00018793,0.0414621,0.716535,0.0002,6.23567e-10,5.78105e-08,6.23567e-10,0.000200015,1.24994e-06,5.78105e-08,1.24994e-06,0.000199994
0.33516,-0.32537,-1.6102,0.33174,-0.329584,-1.59562,0.00188616,-0.00117723,0.0444513,0.719553,0.0002,8.3899e-10,8.08594e-08,8.3899e-10,0.000200015,1.26474e-06,8.08594e-08,1.26474e-06,0.000199994
0.33749,-0.326299,-1.60777,0.331816,-0.329631,-1.59546,-0.00297572,0.00087843,0.0385266,0.723163,0.0002,7.81236e-10,6.75617e-08,7.81236e-10,0.000200015,1.28903e-06,6.75617e-08,1.28903e-06,0.000199994
0.339267,-0.326807,-1.60528,0.331869,-0.329658,-1.5953,-0.00119936,0.000370755,0.0410168,0.736158,0.0002,3.86579e-10,1.95383e-08,3.86579e-10,0.000200015,1.289e-06,1.95383e-08,1.289e-06,0.000199994
0.343023,-0.327701,-1.60916,0.343217,-0.332221,-1.6262,-0.00278557,0.00197247,0.042886,0.500266,0.0002,-2.41074e-11,-2.23876e-08,-2.41074e-11,0.000200016,1.29947e-06,-2.23876e-08,1.29947e-06,0.000199994
0.345847,-0.328237,-1.61183,0.34333,-0.332188,-1.62608,3.79883e-05,0.00143586,0.0402207,0.506769,0.0002,-5.58289e-10,-7.61054e-08,-5.58289e-10,0.000200015,1.27329e-06,-7.61054e-08,1.27329e-06,0.000199994
0.348209,-0.328594,-1.61434,0.343401,-0.332218,-1.62593,0.00240079,0.00107895,0.0377064,0.505679,0.0002,-1.0658e-09,-1.22127e-07,-1.0658e-09,0.000200015,1.27088e-06,-1.22127e-07,1.27088e-06,0.000199994
0.350301,-0.329042,-1.61686,0.343481,-0.332226,-1.62585,-0.00291461,0.0018887,0.0272031,0.505679,0.0002,-1.25114e-09,-1.24997e-07,-1.25114e-09,0.000200016,1.29913e-06,-1.24997e-07,1.29913e-06,0.000199994
0.351941,-0.329449,-1.61825,0.34353,-0.33224,-1.62586,-0.00127521,0.00148178,0.0258135,0.503854,0.0002,-1.30858e-09,-1.195e-07,-1.30858e-09,0.000200016,1.31018e-06,-1.195e-07,1.31018e-06,0.000199994
0.353081,-0.32981,-1.6204,0.343534,-0.332247,-1.62588,-0.00349434,0.00210607,0.0274037,0.509302,0.0002,-1.26092e-09,-1.09211e-07,-1.26092e-09,0.000200016,1.28983e-06,-1.09211e-07,1.28983e-06,0.000199994
0.356655,-0.330547,-1.62079,0.35716,-0.334621,-1.62076,7.99472e-05,0.00136896,0.0270134,0.445235,0.0002,-1.23533e-09,-1.0574e-07,-1.23533e-09,0.000200015,1.26684e-06,-1.0574e-07,1.26684e-06,0.000199994
0.359589,-0.331028,-1.62099,0.357188,-0.334588,-1.62074,0.00301414,0.000888241,0.02681,0.452327,0.0002,-1.35579e-09,-1.19886e-07,-1.35579e-09,0.000200015,1.26319e-06,-1.19886e-07,1.26319e-06,0.000199994
0.362114,-0.331428,-1.62094,0.357223,-0.33462,-1.6207,-0.000217157,0.000849161,0.0285333,0.459856,0.0002,-1.46168e-09,-1.27598e-07,-1.46168e-09,0.000200015,1.28804e-06,-1.27598e-07,1.28804e-06,0.000199994
0.364199,-0.331816,-1.6212,0.357247,-0.334628,-1.62067,0.00186768,0.000461301,0.0282734,0.459856,0.0002,-1.45838e-09,-1.21661e-07,-1.45838e-09,0.000200016,1.31364e-06,-1.21661e-07,1.31364e-06,0.000199994
0.365808,-0.332101,-1.62089,0.357267,-0.334617,-1.62066,-0.00493954,0.000188837,0.0283546,0.459856,0.0002,-1.47844e-09,-1.21961e-07,-1.47844e-09,0.000200016,1.31998e-06,-1.21961e-07,1.31998e-06,0.000199994
0.370363,-0.332504,-1.6212,0.373445,-0.334421,-1.62143,-0.000384596,-0.000214299,0.0280356,0.42952,0.0002,-1.19621e-09,-8.77217e-08,-1.19621e-09,0.000200016,1.32914e-06,-8.77217e-08,1.32914e-06,0.000199994
0.373959,-0.333055,-1.62155,0.373587,-0.33441,-1.62135,0.00321208,-0.000765443,0.0276934,0.431828,0.0002,-6.41826e-10,-2.87227e-08,-6.41826e-10,0.000200016,1.3229e-06,-2.87227e-08,1.3229e-06,0.000199994
0.376856,-0.33341,-1.62181,0.373662,-0.334401,-1.62132,-0.00201162,-0.00185904,0.0285174,0.433612,0.0002,-3.27255e-10,-4.39756e-09,-3.27255e-10,0.000200016,1.3196e-06,-4.39756e-09,1.3196e-06,0.000199994
0.379227,-0.333651,-1.6216,0.373704,-0.334383,-1.62128,0.000358805,-0.00209992,0.0287255,0.433612,0.0002,-1.50885e-10,4.59979e-09,-1.50885e-10,0.000200016,1.32463e-06,4.59979e-09,1.32463e-06,0.000199994
0.381026,-0.333817,-1.62174,0.373745,-0.334388,-1.62126,0.00215803,-0.00226597,0.0285866,0.440704,0.0002,-6.2918e-11,6.17691e-09,-6.2918e-11,0.000200016,1.31103e-06,6.17691e-09,1.31103e-06,0.000199994
0.382526,-0.334064,-1.62257,0.373755,-0.334415,-1.62123,-0.00441088,-0.0018062,0.0241576,0.446013,0.0002,1.50696e-10,2.51951e-08,1.50696e-10,0.000200016,1.31163e-06,2.51951e-08,1.31163e-06,0.000199994
0.388029,-0.334264,-1.62346,0.395174,-0.334332,-1.61875,0.00109295,-0.00200621,0.0232669,1.08818,0.0002,3.51203e-10,4.17678e-08,3.51203e-10,0.000200016,1.31519e-06,4.17678e-08,1.31519e-06,0.000199994
0.392423,-0.334625,-1.6248,0.395169,-0.334488,-1.61875,-0.00286081,-0.00209522,0.0233724,1.11551,0.0002,7.42899e-10,8.03514e-08,7.42899e-10,0.000200016,1.31592e-06,8.03514e-08,1.31592e-06,0.000199994
0.396029,-0.334794,-1.62628,0.395166,-0.334491,-1.61877,0.000745002,-0.0022636,0.0218878,1.11892,0.0002,8.91098e-10,8.63171e-08,8.91098e-10,0.000200016,1.33104e-06,8.63171e-08,1.33104e-06,0.000199994
0.398877,-0.334727,-1.62788,0.395153,-0.334337,-1.61876,0.00359358,-0.00219711,0.0202869,1.08818,0.0002,7.59455e-10,6.35319e-08,7.59455e-10,0.000200017,1.33547e-06,6.35319e-08,1.33547e-06,0.000199994
0.401117,-0.334632,-1.62979,0.395161,-0.334343,-1.61876,-0.00284731,-0.00139305,0.0285848,1.08826,0.0002,5.89401e-10,4.28855e-08,5.89401e-10,0.000200017,1.33192e-06,4.28855e-08,1.33192e-06,0.000199994
0.402835,-0.334701,-1.63162,0.395151,-0.334332,-1.61876,-0.00112936,-0.00146242,0.0267528,1.08818,0.0002,6.60493e-10,5.38856e-08,6.60493e-10,0.000200016,1.31792e-06,5.38856e-08,1.31792e-06,0.000199994
0.407476,-0.335235,-1.638,0.411501,-0.336353,-1.64125,-0.00449459,-0.00139596,0.0224437,0.697942,0.0002,7.86333e-10,6.88108e-08,7.86333e-10,0.000200016,1.30845e-06,6.88108e-08,1.30845e-06,0.000199994
0.41122,-0.335483,-1.6432,0.411495,-0.336351,-1.64125,-0.000750374,-0.00164321,0.0172373,0.701426,0.0002,6.53602e-10,5.10884e-08,6.53602e-10,0.000200016,1.30777e-06,5.10884e-08,1.30777e-06,0.000199994
0.414281,-0.335717,-1.64623,0.411512,-0.336356,-1.64125,0.00231058,-0.00187814,0.0142103,0.697942,0.0002,5.9957e-10,4.5701e-08,5.9957e-10,0.000200016,1.31723e-06,4.5701e-08,1.31723e-06,0.000199994
0.416729,-0.335911,-1.64803,0.41151,-0.336352,-1.64126,-0.00189158,-0.000147125,0.0269693,0.697942,0.0002,5.67403e-10,4.33339e-08,5.67403e-10,0.000200016,1.32326e-06,4.33339e-08,1.32326e-06,0.000199994
0.418712,-0.336279,-1.64968,0.411504,-0.336332,-1.64127,9.19978e-05,-0.00051574,0.025318,0.692238,0.0002,8.54737e-10,7.72799e-08,8.54737e-10,0.000200016,1.33111e-06,7.72799e-08,1.33111e-06,0.000199994
0.423498,-0.337111,-1.65516,0.427623,-0.338759,-1.66257,-0.00277916,0.000741239,0.0272808,0.492918,0.0002,1.11721e-09,1.02853e-07,1.11721e-09,0.000200017,1.33239e-06,1.02853e-07,1.33239e-06,0.000199994
0.427269,-0.337464,-1.65893,0.427639,-0.338669,-1.66262,0.000991602,0.00038795,0.0235089,0.490044,0.0002,9.09057e-10,7.28277e-08,9.09057e-10,0.000200016,1.32354e-06,7.28277e-08,1.32354e-06,0.000199994
0.430281,-0.337524,-1.66081,0.42762,-0.338691,-1.66261,0.000283603,0.00135393,0.0247519,0.486677,0.0002,4.21461e-10,1.71273e-08,4.21461e-10,0.000200016,1.31782e-06,1.71273e-08,1.31782e-06,0.000199994
0.432635,-0.337517,-1.66219,0.427628,-0.338747,-1.66253,0.00263769,0.00136103,0.0233714,0.495431,0.0002,-4.91091e-11,-2.87959e-08,-4.91091e-11,0.000200016,1.30497e-06,-2.87959e-08,1.30497e-06,0.000199994
0.434585,-0.337727,-1.66351,0.427632,-0.338719,-1.66256,0.00458729,0.00115085,0.0220538,0.483185,0.0002,-1.0232e-10,-2.22805e-08,-1.0232e-10,0.000200016,1.30721e-06,-2.22805e-08,1.30721e-06,0.000199994
0.436188,-0.338101,-1.66446,0.427619,-0.338755,-1.66258,-0.0013674,0.00199753,0.0268899,0.489551,0.0002,1.47794e-10,1.39037e-08,1.47794e-10,0.000200016,1.31593e-06,1.39037e-08,1.31593e-06,0.000199994
0.440058,-0.339595,-1.66656,0.440597,-0.344259,-1.66821,0.00250236,0.000503906,0.0247872,0.561243,0.0002,4.79584e-10,5.11938e-08,4.79584e-10,0.000200016,1.32019e-06,5.11938e-08,1.32019e-06,0.000199994
0.443122,-0.340661,-1.66825,0.440591,-0.34425,-1.66824,-0.00104599,0.00153548,0.0266806,0.561243,0.0002,5.67084e-10,5.50793e-08,5.67084e-10,0.000200016,1.31803e-06,5.50793e-08,1.31803e-06,0.000199994
0.445484,-0.341359,-1.66866,0.440603,-0.34425,-1.66822,0.00131606,0.000837346,0.0262685,0.561243,0.0002,4.07815e-10,3.24399e-08,4.07815e-10,0.000200016,1.30203e-06,3.24399e-08,1.30203e-06,0.000199994
0.447399,-0.341857,-1.66888,0.440595,-0.344254,-1.66818,0.00323148,0.000338576,0.0260503,0.561243,0.0002,1.96047e-10,8.25382e-09,1.96047e-10,0.000200016,1.29619e-06,8.25382e-09,1.29619e-06,0.000199994
0.449011,-0.342347,-1.66968,0.440609,-0.344246,-1.66823,-0.000887525,0.00209265,0.0259355,0.561243,0.0002,1.60845e-10,8.13018e-09,1.60845e-10,0.000200016,1.30465e-06,8.13018e-09,1.30465e-06,0.000199994
0.453113,-0.343836,-1.67055,0.45404,-0.349662,-1.66827,0.00321485,0.000604038,0.0250702,0.610906,0.0002,1.61557e-10,1.06013e-08,1.61557e-10,0.000200016,1.33038e-06,1.06013e-08,1.33038e-06,0.000199994
0.456463,-0.344904,-1.67103,0.454105,-0.349656,-1.66826,-0.00025561,0.00173707,0.0289585,0.614101,0.0002,-5.32097e-12,-7.14663e-09,-5.32097e-12,0.000200017,1.35568e-06,-7.14663e-09,1.35568e-06,0.000199994
0.459083,-0.345585,-1.67099,0.454143,-0.349664,-1.66818,0.00236423,0.00105686,0.0290042,0.614101,0.0002,-3.92058e-10,-4.69818e-08,-3.92058e-10,0.000200017,1.36106e-06,-4.69818e-08,1.36106e-06,0.000199994
0.461096,-0.346076,-1.67094,0.454134,-0.349653,-1.66815,0.00437786,0.000565927,0.0290477,0.614101,0.0002,-7.61613e-10,-8.06407e-08,-7.61613e-10,0.000200017,1.35165e-06,-8.06407e-08,1.35165e-06,0.000199994
0.462535,-0.34607,-1.66988,0.454141,-0.349664,-1.66818,0.000767338,0.00340576,0.0364532,0.620491,0.0002,-1.58428e-09,-1.67161e-07,-1.58428e-09,0.000200016,1.31777e-06,-1.67161e-07,1.31777e-06,0.000199994
0.463556,-0.345667,-1.66964,0.454151,-0.349672,-1.66815,0.00178791,0.00380899,0.0366912,0.614101,0.000200001,-2.70486e-09,-2.86318e-07,-2.70486e-09,0.000200016,1.27504e-06,-2.86318e-07,1.27504e-06,0.000199994
0.466239,-0.346337,-1.67026,0.462825,-0.35477,-1.67113,-0.00122686,0.00517774,0.035281,0.615957,0.000200001,-3.62119e-09,-3.67319e-07,-3.62119e-09,0.000200015,1.26869e-06,-3.67319e-07,1.26869e-06,0.000199994
0.468157,-0.346633,-1.67073,0.462845,-0.354748,-1.67103,0.000691285,0.00488182,0.0348062,0.606493,0.000200002,-4.50623e-09,-4.56812e-07,-4.50623e-09,0.000200015,1.22749e-06,-4.56812e-07,1.22749e-06,0.000199994
0.469615,-0.346784,-1.67132,0.462844,-0.354783,-1.67105,0.00214967,0.00473101,0.0342186,0.619111,0.000200002,-5.21542e-09,-5.28693e-07,-5.21542e-09,0.000200014,1.18911e-06,-5.28693e-07,1.18911e-06,0.000199994
0.470676,-0.346912,-1.6723,0.462853,-0.354765,-1.67102,0.000103483,0.00443324,0.0270182,0.612802,0.000200003,-5.63798e-09,-5.72542e-07,-5.63798e-09,0.000200013,1.14757e-06,-5.72542e-07,1.14757e-06,0.000199994
0.4715,-0.346883,-1.67329,0.462872,-0.354764,-1.671,0.000927076,0.00446171,0.0260313,0.603338,0.000200003,-6.05741e-09,-6.21137e-07,-6.05741e-09,0.000200012,1.1166e-06,-6.21137e-07,1.1166e-06,0.000199994
0.472137,-0.34684,-1.67398,0.462852,-0.35477,-1.67103,-0.00315334,0.00373126,0.024601,0.615957,0.000200004,-6.36446e-09,-6.55647e-07,-6.36446e-09,0.000200012,1.09397e-06,-6.55647e-07,1.09397e-06,0.000199994
0.474866,-0.346048,-1.67513,0.474113,-0.351176,-1.67711,-0.000424451,0.00452306,0.0234517,0.85888,0.000200004,-6.6051e-09,-6.85241e-07,-6.6051e-09,0.000200011,1.0734e-06,-6.85241e-07,1.0734e-06,0.000199994
0.477177,-0.345434,-1.67583,0.474115,-0.351196,-1.67707,0.00188746,0.00513744,0.0227479,0.867576,0.000200004,-6.85063e-09,-7.01714e-07,-6.85063e-09,0.000200011,1.08078e-06,-7.01714e-07,1.08078e-06,0.000199994
0.478988,-0.344893,-1.67681,0.474108,-0.351184,-1.67708,-0.00166741,0.00241466,0.0306494,0.867576,0.000200005,-7.05435e-09,-7.19263e-07,-7.05435e-09,0.000200011,1.07977e-06,-7.19263e-07,1.07977e-06,0.000199994
0.480439,-0.34442,-1.6778,0.474093,-0.351184,-1.67708,-0.000216723,0.00288819,0.0296605,0.867576,0.000200005,-7.25251e-09,-7.36781e-07,-7.25251e-09,0.000200011,1.08019e-06,-7.36781e-07,1.08019e-06,0.000199994
0.481606,-0.343997,-1.6786,0.474101,-0.351169,-1.67714,-0.00524236,-0.000728692,0.031399,0.855705,0.000200005,-7.44885e-09,-7.54374e-07,-7.44885e-09,0.000200011,1.08147e-06,-7.54374e-07,1.08147e-06,0.000199994
0.485314,-0.341894,-1.6822,0.487813,-0.342138,-1.69246,-0.00153442,0.00137434,0.027797,0.818318,0.000200005,-7.58211e-09,-7.61617e-07,-7.58211e-09,0.000200011,1.08549e-06,-7.61617e-07,1.08549e-06,0.000199994
0.488376,-0.34018,-1.68508,0.487825,-0.342122,-1.69245,0.00152724,0.00308775,0.0249166,0.815029,0.000200005,-7.78304e-09,-7.7007e-07,-7.78304e-09,0.000200011,1.10335e-06,-7.7007e-07,1.10335e-06,0.000199994
0.49067,-0.338863,-1.68728,0.487809,-0.342137,-1.69246,-0.00369901,-0.00131087,0.0198259,0.821608,0.000200005,-7.75209e-09,-7.66951e-07,-7.75209e-09,0.000200011,1.09072e-06,-7.66951e-07,1.09072e-06,0.000199994
0.492415,-0.337891,-1.68904,0.487823,-0.342157,-1.69245,-0.00195347,-0.000338652,0.0180673,0.824897,0.000200005,-7.55705e-09,-7.52183e-07,-7.55705e-09,0.000200011,1.06813e-06,-7.52183e-07,1.06813e-06,0.000199994
0.493854,-0.337119,-1.69003,0.487814,-0.342149,-1.69244,-0.00682649,-0.00365041,0.0209557,0.818318,0.000200005,-7.42714e-09,-7.41467e-07,-7.42714e-09,0.000200011,1.06075e-06,-7.41467e-07,1.06075e-06,0.000199994
0.497937,-0.334095,-1.69356,0.50213,-0.330641,-1.7061,-0.00274382,-0.000625709,0.0174337,0.597092,0.000200005,-7.50666e-09,-7.53696e-07,-7.50666e-09,0.000200011,1.06548e-06,-7.53696e-07,1.06548e-06,0.000199994
0.501306,-0.331698,-1.69647,0.502419,-0.33071,-1.70556,0.000625329,0.00177101,0.0145154,0.617733,0.000200005,-7.59725e-09,-7.5922e-07,-7.59725e-09,0.000200011,1.07632e-06,-7.5922e-07,1.07632e-06,0.000199994
0.503899,-0.329717,-1.69876,0.502501,-0.330665,-1.70534,-0.00350952,-0.00115306,0.0209953,0.611582,0.000200005,-7.63379e-09,-7.70929e-07,-7.63379e-09,0.000200011,1.06466e-06,-7.70929e-07,1.06466e-06,0.000199994
0.505972,-0.328178,-1.70059,0.502511,-0.330669,-1.7053,-0.00143617,0.000385899,0.0191714,0.611582,0.000200006,-7.60592e-09,-7.7081e-07,-7.60592e-09,0.000200011,1.05698e-06,-7.7081e-07,1.05698e-06,0.000199994
0.507752,-0.327011,-1.70268,0.502502,-0.330686,-1.70534,0.000343088,0.00155322,0.0170831,0.617645,0.000200005,-7.61041e-09,-7.60337e-07,-7.61041e-09,0.000200011,1.07213e-06,-7.60337e-07,1.07213e-06,0.000199994
0.509242,-0.326019,-1.70468,0.502469,-0.330658,-1.70546,-0.00539114,-0.0019623,0.0134278,0.612911,0.000200005,-7.72853e-09,-7.61411e-07,-7.72853e-09,0.000200011,1.09397e-06,-7.61411e-07,1.09397e-06,0.000199994
0.512566,-0.32341,-1.70524,0.513297,-0.322046,-1.70022,-0.00206647,0.000646415,0.0128729,0.606382,0.000200006,-7.89872e-09,-7.75688e-07,-7.89872e-09,0.000200011,1.1036e-06,-7.75688e-07,1.1036e-06,0.000199994
0.515144,-0.321356,-1.70588,0.513335,-0.322053,-1.70018,-0.00473137,-0.00208558,0.0174282,0.602664,0.000200006,-7.92112e-09,-7.79607e-07,-7.92112e-09,0.000200011,1.09558e-06,-7.79607e-07,1.09558e-06,0.000199994
0.517312,-0.319898,-1.70743,0.513349,-0.322053,-1.70017,-0.00256306,-0.000627352,0.0158801,0.602664,0.000200005,-7.7987e-09,-7.51575e-07,-7.7987e-09,0.000200011,1.10746e-06,-7.51575e-07,1.10746e-06,0.000199994
0.519159,-0.318877,-1.7095,0.51336,-0.322056,-1.70017,-0.00330097,-0.00107245,0.0117237,0.602664,0.000200005,-7.60344e-09,-7.09498e-07,-7.60344e-09,0.000200012,1.13307e-06,-7.09498e-07,1.13307e-06,0.000199994
0.520714,-0.318122,-1.71177,0.513348,-0.322092,-1.70018,-0.00174587,-0.000318121,0.00944643,0.620332,0.000200005,-7.426e-09,-6.72674e-07,-7.426e-09,0.000200012,1.16259e-06,-6.72674e-07,1.16259e-06,0.000199994
0.522011,-0.31774,-1.71463,0.513332,-0.322077,-1.7002,-0.000448772,6.40929e-05,0.00658633,0.616798,0.000200004,-7.03155e-09,-6.1188e-07,-7.03155e-09,0.000200013,1.19074e-06,-6.1188e-07,1.19074e-06,0.000199994
0.525084,-0.316556,-1.71945,0.522641,-0.316766,-1.70612,-0.000229063,-0.00103392,0.00562929,0.509126,0.000200003,-6.57208e-09,-5.42757e-07,-6.57208e-09,0.000200014,1.23624e-06,-5.42757e-07,1.23624e-06,0.000199994
0.527598,-0.31569,-1.72362,0.522635,-0.316777,-1.70617,0.00228476,-0.00016827,0.00145592,0.515883,0.000200003,-6.11067e-09,-4.84365e-07,-6.11067e-09,0.000200015,1.27462e-06,-4.84365e-07,1.27462e-06,0.000199994
0.529454,-0.315043,-1.72603,0.522626,-0.316761,-1.70614,0.00157456,0.00190402,0.0086731,0.509126,0.000200002,-5.60908e-09,-4.39262e-07,-5.60908e-09,0.000200015,1.27445e-06,-4.39262e-07,1.27445e-06,0.000199994
0.530889,-0.314506,-1.72659,0.522665,-0.316786,-1.70605,0.0030093,0.00244116,0.00811416,0.515883,0.000200002,-5.24386e-09,-4.15061e-07,-5.24386e-09,0.000200015,1.2649e-06,-4.15061e-07,1.2649e-06,0.000199994
0.5321,-0.314003,-1.72597,0.522703,-0.316792,-1.7059,0.00422081,0.00294488,0.00873169,0.515883,0.000200002,-5.10546e-09,-4.12256e-07,-5.10546e-09,0.000200015,1.26758e-06,-4.12256e-07,1.26758e-06,0.000199994
0.53425,-0.314119,-1.72924,0.52888,-0.319936,-1.72882,0.0048079,0.00422448,0.0277733,0.402252,0.000200002,-5.17681e-09,-4.3353e-07,-5.17681e-09,0.000200015,1.25884e-06,-4.3353e-07,1.25884e-06,0.000199994
0.535831,-0.314134,-1.73134,0.528861,-0.319953,-1.72883,0.00638931,0.00420887,0.0256751,0.398839,0.000200002,-5.28435e-09,-4.59872e-07,-5.28435e-09,0.000200014,1.23181e-06,-4.59872e-07,1.23181e-06,0.000199994
0.537134,-0.314164,-1.73365,0.528834,-0.319992,-1.72891,0.00510369,0.0056805,0.0325608,0.398839,0.000200002,-5.37291e-09,-4.74394e-07,-5.37291e-09,0.000200014,1.22175e-06,-4.74394e-07,1.22175e-06,0.000199994
0.53835,-0.314323,-1.73622,0.528838,-0.319982,-1.72891,0.00631951,0.00552096,0.0299868,0.392013,0.000200002,-5.3405e-09,-4.60413e-07,-5.3405e-09,0.000200014,1.24326e-06,-4.60413e-07,1.24326e-06,0.000199994
0.539345,-0.31444,-1.73819,0.52882,-0.319993,-1.72894,0.00731462,0.00540424,0.0280248,0.398839,0.000200002,-5.33696e-09,-4.53116e-07,-5.33696e-09,0.000200015,1.26133e-06,-4.53116e-07,1.26133e-06,0.000199994
0.540097,-0.314571,-1.73997,0.528841,-0.319992,-1.72896,0.00616276,0.00691422,0.0335539,0.392013,0.000200002,-5.25615e-09,-4.4187e-07,-5.25615e-09,0.000200015,1.26538e-06,-4.4187e-07,1.26538e-06,0.000199994
0.541287,-0.315652,-1.74545,0.531791,-0.323783,-1.74769,0.00735232,0.00583305,0.0280682,0.405029,0.000200002,-4.92323e-09,-4.02923e-07,-4.92323e-09,0.000200015,1.26635e-06,-4.02923e-07,1.26635e-06,0.000199994
0.542381,-0.316609,-1.74952,0.531817,-0.323755,-1.74764,0.00771083,0.00743596,0.035501,0.411629,0.000200001,-4.57552e-09,-3.61376e-07,-4.57552e-09,0.000200015,1.28919e-06,-3.61376e-07,1.28919e-06,0.000199994
0.543091,-0.317245,-1.75183,0.531824,-0.323758,-1.74761,0.00841996,0.00679989,0.0331855,0.408407,0.000200001,-4.41843e-09,-3.55678e-07,-4.41843e-09,0.000200015,1.27707e-06,-3.55678e-07,1.27707e-06,0.000199994
0.543634,-0.317776,-1.75296,0.531822,-0.323757,-1.74758,0.00896341,0.00626933,0.0320649,0.411786,0.000200001,-4.27003e-09,-3.48669e-07,-4.27003e-09,0.000200015,1.26552e-06,-3.48669e-07,1.26552e-06,0.000199994
0.544214,-0.318249,-1.75292,0.531831,-0.323746,-1.74757,0.00846079,0.00698757,0.0373436,0.408407,0.000200001,-4.14962e-09,-3.36511e-07,-4.14962e-09,0.000200015,1.28093e-06,-3.36511e-07,1.28093e-06,0.000199994
0.545677,-0.319774,-1.75663,0.536156,-0.32921,-1.77037,0.00992325,0.00546205,0.0336341,0.408815,0.000200001,-4.07662e-09,-3.25532e-07,-4.07662e-09,0.000200016,1.31074e-06,-3.25532e-07,1.31074e-06,0.000199994
0.546899,-0.32107,-1.75948,0.536157,-0.329178,-1.77036,0.00944967,0.00695447,0.0443953,0.402108,0.000200001,-3.92098e-09,-3.04826e-07,-3.92098e-09,0.000200016,1.33836e-06,-3.04826e-07,1.33836e-06,0.000199994
0.547789,-0.322252,-1.76187,0.536172,-0.329213,-1.77033,0.0103402,0.00577186,0.0420113,0.408815,0.000200001,-3.56919e-09,-2.686e-07,-3.56919e-09,0.000200017,1.34182e-06,-2.686e-07,1.34182e-06,0.000199994
0.548503,-0.323309,-1.76367,0.536172,-0.329204,-1.77032,0.0110535,0.00471488,0.040211,0.412141,0.000200001,-3.13332e-09,-2.26968e-07,-3.13332e-09,0.000200017,1.34431e-06,-2.26968e-07,1.34431e-06,0.000199994
0.549098,-0.324357,-1.76542,0.53617,-0.329201,-1.77033,0.0104011,0.00608561,0.0430285,0.412141,0.0002,-2.5108e-09,-1.67241e-07,-2.5108e-09,0.000200017,1.35015e-06,-1.67241e-07,1.35015e-06,0.000199994
0.549541,-0.325259,-1.76672,0.536169,-0.329212,-1.77034,0.0108441,0.00518369,0.0417297,0.408815,0.0002,-1.93635e-09,-1.18865e-07,-1.93635e-09,0.000200017,1.34861e-06,-1.18865e-07,1.34861e-06,0.000199994
0.550058,-0.327628,-1.77349,0.537385,-0.337338,-1.7979,0.00922724,0.00592649,0.0385311,0.357013,0.0002,-1.5127e-09,-8.98087e-08,-1.5127e-09,0.000200017,1.33429e-06,-8.98087e-08,1.33429e-06,0.000199994
0.550546,-0.329594,-1.77869,0.537391,-0.337344,-1.79789,0.00971558,0.00396007,0.0333282,0.357013,0.0002,-1.10006e-09,-5.87332e-08,-1.10006e-09,0.000200017,1.33716e-06,-5.87332e-08,1.33716e-06,0.000199994
0.551042,-0.331176,-1.78233,0.537375,-0.337331,-1.79786,0.0102108,0.0023784,0.0296913,0.358459,0.0002,-7.77317e-10,-3.6466e-08,-7.77317e-10,0.000200017,1.35636e-06,-3.6466e-08,1.35636e-06,0.000199994
0.551465,-0.332436,-1.78492,0.537385,-0.337351,-1.79785,0.0066816,0.00473058,0.0249765,0.361793,0.0002,-5.48239e-10,-2.32045e-08,-5.48239e-10,0.000200017,1.37267e-06,-2.32045e-08,1.37267e-06,0.000199994
0.551758,-0.333545,-1.78772,0.537378,-0.337341,-1.79786,0.00697481,0.00362155,0.022176,0.361793,0.0002,-2.22283e-10,2.9517e-09,-2.22283e-10,0.000200018,1.37617e-06,2.9517e-09,1.37617e-06,0.000199994
0.55202,-0.334421,-1.78987,0.537391,-0.337339,-1.79789,0.00424229,0.00647917,0.0125346,0.357013,0.0002,1.19472e-11,1.84301e-08,1.19472e-11,0.000200018,1.38241e-06,1.84301e-08,1.38241e-06,0.000199993
0.554039,-0.336515,-1.78747,0.54677,-0.344409,-1.77574,0.00626127,0.00438495,0.014932,0.323228,0.0002,2.03302e-10,3.07026e-08,2.03302e-10,0.000200018,1.37565e-06,3.07026e-08,1.37565e-06,0.000199993
0.555584,-0.338433,-1.7852,0.547105,-0.344487,-1.77504,0.00455919,0.00548686,0.0264204,0.320055,0.0002,6.52045e-10,7.42046e-08,6.52045e-10,0.000200017,1.3493e-06,7.42046e-08,1.3493e-06,0.000199994
0.556727,-0.339791,-1.7832,0.547206,-0.34451,-1.77466,0.00570211,0.00412893,0.0284165,0.321924,0.0002,7.229e-10,7.25728e-08,7.229e-10,0.000200017,1.31435e-06,7.25728e-08,1.31435e-06,0.000199994
0.557825,-0.341084,-1.78099,0.547261,-0.344497,-1.77467,0.00679994,0.00283603,0.0306338,0.322217,0.0002,1.05851e-09,1.04049e-07,1.05851e-09,0.000200016,1.31961e-06,1.04049e-07,1.31961e-06,0.000199994
0.558633,-0.342168,-1.77888,0.547285,-0.344518,-1.77458,0.00402149,0.00346953,0.0298376,0.328974,0.0002,1.36357e-09,1.30815e-07,1.36357e-09,0.000200016,1.31101e-06,1.30815e-07,1.31101e-06,0.000199994
0.561029,-0.34445,-1.77663,0.555994,-0.350777,-1.76861,0.00641801,0.00118706,0.0320867,0.317389,0.0002,1.82769e-09,1.75369e-07,1.82769e-09,0.000200016,1.30664e-06,1.75369e-07,1.30664e-06,0.000199994
0.562992,-0.346386,-1.77486,0.556222,-0.350804,-1.76822,0.00838124,-0.00074844,0.0338628,0.323774,0.0002,2.3211e-09,2.20245e-07,2.3211e-09,0.000200016,1.30389e-06,2.20245e-07,1.30389e-06,0.000199994
0.564658,-0.347874,-1.77354,0.556396,-0.350895,-1.76773,0.00321727,0.0032045,0.0280866,0.327085,0.0002,2.60074e-09,2.36305e-07,2.60074e-09,0.000200016,1.31172e-06,2.36305e-07,1.31172e-06,0.000199994
0.566029,-0.349045,-1.77297,0.556463,-0.350899,-1.76756,0.00458884,0.00203328,0.0286565,0.326842,0.0002,2.7843e-09,2.4362e-07,2.7843e-09,0.000200016,1.32081e-06,2.4362e-07,1.32081e-06,0.000199994
0.567281,-0.349617,-1.77181,0.556641,-0.350911,-1.76712,0.00383231,0.004202,0.0320032,0.336413,0.0002,2.4215e-09,1.89009e-07,2.4215e-09,0.000200017,1.34573e-06,1.89009e-07,1.34573e-06,0.000199994
0.568332,-0.349801,-1.77051,0.556724,-0.350928,-1.76685,0.00488378,0.00401802,0.0333015,0.336413,0.0002,1.71603e-09,1.09247e-07,1.71603e-09,0.000200017,1.3672e-06,1.09247e-07,1.3672e-06,0.000199994
0.57071,-0.351816,-1.76802,0.564533,-0.361862,-1.76055,0.00726191,0.00200328,0.0357942,0.281272,0.0002,6.9272e-10,8.01615e-09,6.9272e-10,0.000200017,1.377e-06,8.01615e-09,1.377e-06,0.000199994
0.572467,-0.353005,-1.76594,0.564689,-0.361898,-1.76013,0.00520948,0.00598837,0.0385244,0.297829,0.0002,-7.1316e-10,-1.26077e-07,-7.1316e-10,0.000200017,1.35503e-06,-1.26077e-07,1.35503e-06,0.000199994
0.573705,-0.353596,-1.76519,0.564702,-0.361916,-1.76008,0.00644723,0.00539712,0.039271,0.311074,0.000200001,-2.23542e-09,-2.69682e-07,-2.23542e-09,0.000200016,1.31406e-06,-2.69682e-07,1.31406e-06,0.000199994
0.574705,-0.354024,-1.76479,0.564719,-0.361908,-1.76005,0.00520308,0.00975757,0.0398893,0.311074,0.000200001,-3.41391e-09,-3.68482e-07,-3.41391e-09,0.000200016,1.28906e-06,-3.68482e-07,1.28906e-06,0.000199994
0.575452,-0.354333,-1.76416,0.564746,-0.361904,-1.76003,0.00594967,0.00944886,0.0405244,0.311074,0.000200001,-4.29176e-09,-4.37377e-07,-4.29176e-09,0.000200015,1.26355e-06,-4.37377e-07,1.26355e-06,0.000199994
0.57687,-0.354795,-1.76537,0.569881,-0.363681,-1.76812,0.00736797,0.0089869,0.0393089,0.227539,0.000200002,-5.0053e-09,-5.05601e-07,-5.0053e-09,0.000200014,1.21366e-06,-5.05601e-07,1.21366e-06,0.000199994
0.578029,-0.355123,-1.76654,0.569957,-0.363674,-1.76807,0.00637974,0.00909278,0.0354404,0.24074,0.000200002,-5.55268e-09,-5.55343e-07,-5.55268e-09,0.000200014,1.18339e-06,-5.55343e-07,1.18339e-06,0.000199994
0.578957,-0.355274,-1.76737,0.569956,-0.363655,-1.76808,0.00730786,0.00894116,0.0346098,0.23744,0.000200003,-6.06641e-09,-6.04108e-07,-6.06641e-09,0.000200013,1.16424e-06,-6.04108e-07,1.16424e-06,0.000199994
0.579487,-0.355403,-1.76741,0.569971,-0.363681,-1.76805,0.00362565,0.008701,0.0391536,0.23744,0.000200003,-6.28985e-09,-6.35263e-07,-6.28985e-09,0.000200012,1.11729e-06,-6.35263e-07,1.11729e-06,0.000199994
0.579912,-0.355503,-1.76744,0.569975,-0.363666,-1.76808,0.00405041,0.00860103,0.0391199,0.24074,0.000200004,-6.42917e-09,-6.55188e-07,-6.42917e-09,0.000200012,1.08726e-06,-6.55188e-07,1.08726e-06,0.000199994
0.580259,-0.355584,-1.76725,0.570014,-0.363671,-1.76804,0.00439814,0.00851992,0.0393089,0.244041,0.000200004,-6.51713e-09,-6.68023e-07,-6.51713e-09,0.000200011,1.06798e-06,-6.68023e-07,1.06798e-06,0.000199994
0.581393,-0.356351,-1.7663,0.573812,-0.367553,-1.76193,0.00122951,0.00463929,0.0376504,0.525443,0.000200004,-6.71856e-09,-6.86808e-07,-6.71856e-09,0.000200011,1.07173e-06,-6.86808e-07,1.07173e-06,0.000199994
0.582342,-0.356946,-1.76559,0.573909,-0.367552,-1.76168,0.00217918,0.00404409,0.0383597,0.530055,0.000200004,-6.90915e-09,-7.01825e-07,-6.90915e-09,0.000200011,1.07792e-06,-7.01825e-07,1.07792e-06,0.000199994
0.583091,-0.357443,-1.76489,0.573983,-0.367578,-1.76153,-0.00373366,0.00049168,0.0464731,0.526642,0.000200005,-7.01588e-09,-7.09084e-07,-7.01588e-09,0.000200011,1.07766e-06,-7.09084e-07,1.07766e-06,0.000199994
0.583781,-0.357789,-1.76399,0.574062,-0.367576,-1.7614,-0.00304426,0.000145561,0.0473726,0.523453,0.000200005,-7.20721e-09,-7.22205e-07,-7.20721e-09,0.000200011,1.0892e-06,-7.22205e-07,1.0892e-06,0.000199994
0.584314,-0.358088,-1.76334,0.574101,-0.367608,-1.76125,-0.00251102,-0.00015291,0.0480203,0.526866,0.000200005,-7.31597e-09,-7.28222e-07,-7.31597e-09,0.000200011,1.09238e-06,-7.28222e-07,1.09238e-06,0.000199994
0.588141,-0.356034,-1.76779,0.59102,-0.356021,-1.78504,-0.00585827,-0.00308596,0.0414733,0.408437,0.000200005,-7.39519e-09,-7.32227e-07,-7.39519e-09,0.000200011,1.09431e-06,-7.32227e-07,1.09431e-06,0.000199994
0.591296,-0.354398,-1.77091,0.591342,-0.356108,-1.78443,-0.00270318,-0.00144963,0.0383494,0.40563,0.000200005,-7.48393e-09,-7.35856e-07,-7.48393e-09,0.000200011,1.10063e-06,-7.35856e-07,1.10063e-06,0.000199994
0.59389,-0.353083,-1.77324,0.591551,-0.35614,-1.78409,-0.00359958,-0.00217224,0.0354216,0.41109,0.000200005,-7.58343e-09,-7.39638e-07,-7.58343e-09,0.000200011,1.10948e-06,-7.39638e-07,1.10948e-06,0.000199994
0.596024,-0.352,-1.77529,0.591585,-0.356137,-1.784,-0.00146557,-0.00108966,0.0333719,0.414515,0.000200005,-7.73192e-09,-7.4631e-07,-7.73192e-09,0.000200012,1.12388e-06,-7.4631e-07,1.12388e-06,0.000199994
0.597708,-0.351153,-1.77703,0.591586,-0.356137,-1.784,-0.00753968,-0.00503841,0.0324084,0.414515,0.000200005,-7.80258e-09,-7.47036e-07,-7.80258e-09,0.000200012,1.12966e-06,-7.47036e-07,1.12966e-06,0.000199994
0.599053,-0.350481,-1.77844,0.591567,-0.356148,-1.78405,-0.00619452,-0.00436597,0.0310032,0.41109,0.000200005,-7.84995e-09,-7.46785e-07,-7.84995e-09,0.000200012,1.13383e-06,-7.46785e-07,1.13383e-06,0.000199994
0.60316,-0.34762,-1.77911,0.606843,-0.344443,-1.78334,-0.00208732,-0.00150508,0.030334,0.466506,0.000200005,-7.84201e-09,-7.43576e-07,-7.84201e-09,0.000200012,1.13274e-06,-7.43576e-07,1.13274e-06,0.000199994
0.606552,-0.34528,-1.77968,0.606996,-0.344429,-1.78303,-0.00610031,-0.00429686,0.0265971,0.470269,0.000200005,-7.94915e-09,-7.49077e-07,-7.94915e-09,0.000200012,1.14435e-06,-7.49077e-07,1.14435e-06,0.000199994
0.609122,-0.34353,-1.78017,0.60716,-0.344469,-1.78264,-0.00353025,-0.00254748,0.0261088,0.477386,0.000200005,-7.75691e-09,-7.33934e-07,-7.75691e-09,0.000200012,1.12373e-06,-7.33934e-07,1.12373e-06,0.000199994
0.611144,-0.34217,-1.78052,0.607238,-0.344499,-1.78245,-0.0089155,-0.00597283,0.0283169,0.470269,0.000200005,-7.52646e-09,-7.18807e-07,-7.52646e-09,0.000200012,1.10259e-06,-7.18807e-07,1.10259e-06,0.000199994
0.612831,-0.341054,-1.78056,0.607331,-0.344522,-1.78228,-0.00722882,-0.00485698,0.0282772,0.473827,0.000200005,-7.42416e-09,-7.14334e-07,-7.42416e-09,0.000200011,1.09716e-06,-7.14334e-07,1.09716e-06,0.000199994
0.616781,-0.33785,-1.78134,0.62002,-0.333305,-1.78704,-0.00327882,-0.0016522,0.0275024,0.341728,0.000200005,-7.48086e-09,-7.23461e-07,-7.48086e-09,0.000200011,1.10311e-06,-7.23461e-07,1.10311e-06,0.000199994
0.620031,-0.33531,-1.78222,0.620386,-0.333298,-1.78681,-0.00644578,-0.00396964,0.0233484,0.347925,0.000200005,-7.51303e-09,-7.24797e-07,-7.51303e-09,0.000200011,1.10984e-06,-7.24797e-07,1.10984e-06,0.000199994
0.62269,-0.333288,-1.78327,0.620682,-0.333345,-1.78642,-0.00378648,-0.00194757,0.0223027,0.37298,0.000200005,-7.53764e-09,-7.25085e-07,-7.53764e-09,0.000200012,1.11452e-06,-7.25085e-07,1.11452e-06,0.000199994
0.624864,-0.331653,-1.78395,0.620785,-0.333333,-1.78617,-0.00563916,-0.00256636,0.0246407,0.357942,0.000200005,-7.59398e-09,-7.27508e-07,-7.59398e-09,0.000200012,1.1218e-06,-7.27508e-07,1.1218e-06,0.000199994
0.626583,-0.33039,-1.78404,0.620933,-0.333388,-1.78598,-0.00391991,-0.00130332,0.0245469,0.382031,0.000200005,-7.56088e-09,-7.23775e-07,-7.56088e-09,0.000200012,1.11841e-06,-7.23775e-07,1.11841e-06,0.000199994
0.627986,-0.329381,-1.78408,0.62107,-0.333395,-1.78578,-0.00251712,-0.000294314,0.0245101,0.374568,0.000200005,-7.53298e-09,-7.21349e-07,-7.53298e-09,0.000200012,1.11626e-06,-7.21349e-07,1.11626e-06,0.000199994
0.632364,-0.326335,-1.78322,0.637504,-0.322164,-1.77876,-0.00603561,-0.00187392,0.0225776,0.394059,0.000200005,-7.47162e-09,-7.16918e-07,-7.47162e-09,0.000200012,1.11102e-06,-7.16918e-07,1.11102e-06,0.000199994
0.635935,-0.323898,-1.78264,0.63785,-0.322171,-1.77823,-0.00246518,0.000563219,0.0231624,0.407941,0.000200005,-7.42482e-09,-7.14319e-07,-7.42482e-09,0.000200011,1.10751e-06,-7.14319e-07,1.10751e-06,0.000199994
