EKF_x,EKF_y,EKF_theta,PM_x,PM_y,PM_theta,errorEKF_x,errorEKF_y,errorEKF_theta,errorPM,EKFCovXX,EKFCovXY,EKFCovXTheta,EKFCovYX,EKFCovYY,EKFCovYTheta,EKFCovThetaX,EKFCovThetaY,EKFCovThetaTheta
0.598278,0.337288,-1.58758,0.598278,0.337288,-1.58758,-0.00172211,-0.0171116,-0.0185847,19.7283,0.000999999,0,0,0,0.000999999,0,0,0,0.000999999
0.597638,0.325813,-1.59908,0.597028,0.314884,-1.61002,-0.0023623,-0.0285871,-0.0300763,19.2373,0.000512195,0,0,0,0.000512195,0,0,0,0.000512195
0.597452,0.319816,-1.60643,0.597098,0.309127,-1.61964,-0.00254763,-0.0345838,-0.0374275,17.6997,0.000359875,-2.48927e-14,-2.71043e-09,-2.48927e-14,0.000359875,2.86778e-09,-2.71043e-09,2.86778e-09,0.000359875
0.597692,0.315231,-1.61331,0.598276,0.304045,-1.63011,-0.0023082,-0.0392687,-0.0443129,16.6027,0.000290717,-9.74948e-15,-1.36357e-09,-9.74948e-15,0.000290717,1.44273e-09,-1.36357e-09,1.44273e-09,0.000290717
0.59799,0.312446,-1.61722,0.598865,0.304269,-1.62868,-0.00201002,-0.0419544,-0.0482187,16.7571,0.000254131,-4.60755e-15,-7.58581e-10,-4.60755e-15,0.000254131,8.02619e-10,-7.58581e-10,8.02619e-10,0.000254131
0.598579,0.309912,-1.62115,0.600517,0.301582,-1.63407,-0.00142062,-0.0444878,-0.0521475,16.1923,0.000233206,-2.43461e-15,-4.46025e-10,-2.43461e-15,0.000233206,4.71919e-10,-4.46025e-10,4.71919e-10,0.000233206
0.59896,0.308201,-1.62384,0.600302,0.302161,-1.63334,-0.00104049,-0.0461986,-0.0548377,16.2802,0.000220702,-1.37894e-15,-2.70874e-10,-1.37894e-15,0.000220702,2.86599e-10,-2.70874e-10,2.86599e-10,0.000220702
0.599387,0.30663,-1.62598,0.600965,0.300827,-1.63392,-0.000713255,-0.0477696,-0.0569848,16.2389,0.000213033,-8.16162e-16,-1.67757e-10,-8.16162e-16,0.000213033,1.77496e-10,-1.67757e-10,1.77496e-10,0.000213033
0.599753,0.304952,-1.62903,0.601143,0.298571,-1.64062,-0.000247411,-0.049448,-0.0600326,15.1272,0.000208255,-4.96841e-16,-1.0516e-10,-4.96841e-16,0.000208255,1.11265e-10,-1.0516e-10,1.11265e-10,0.000208255
0.600241,0.303805,-1.63062,0.602133,0.299366,-1.63676,0.000241253,-0.0505946,-0.0616177,15.9575,0.000205249,-3.07946e-16,-6.64221e-11,-3.07946e-16,0.000205249,7.02782e-11,-6.64221e-11,7.02782e-11,0.000205249
0.600711,0.302486,-1.63272,0.602551,0.297318,-1.64098,0.000610886,-0.0519138,-0.0637246,15.5029,0.000203345,-1.9308e-16,-4.21554e-11,-1.9308e-16,0.000203345,4.46027e-11,-4.21554e-11,4.46027e-11,0.000203345
0.60096,0.301427,-1.63453,0.601945,0.297244,-1.64165,0.000960348,-0.0529734,-0.0655288,15.4269,0.000202135,-1.21958e-16,-2.68356e-11,-1.21958e-16,0.000202135,2.83936e-11,-2.68356e-11,2.83936e-11,0.000202135
0.601254,0.300483,-1.63607,0.602419,0.296739,-1.64218,0.00125408,-0.0539174,-0.0670691,15.1999,0.000201364,-7.73989e-17,-1.71163e-11,-7.73989e-17,0.000201364,1.811e-11,-1.71163e-11,1.811e-11,0.000201364
0.601531,0.299622,-1.63752,0.60263,0.296197,-1.64329,0.0015305,-0.0547782,-0.0685199,15.2471,0.000200872,-4.92691e-17,-1.09306e-11,-4.92691e-17,0.000200872,1.15651e-11,-1.09306e-11,1.15651e-11,0.000200872
0.60184,0.298821,-1.63889,0.603073,0.295628,-1.64434,0.0018399,-0.0555791,-0.0698878,15.1417,0.000200558,-3.14237e-17,-6.9858e-12,-3.14237e-17,0.000200558,7.39136e-12,-6.9858e-12,7.39136e-12,0.000200558
0.602231,0.297852,-1.64046,0.603794,0.293987,-1.64675,0.00213139,-0.0565476,-0.0714622,15.0631,0.000200357,-2.00668e-17,-4.46693e-12,-2.00668e-17,0.000200357,4.72625e-12,-4.46693e-12,4.72625e-12,0.000200357
0.602568,0.297137,-1.64144,0.603914,0.29428,-1.64536,0.00246826,-0.0572629,-0.0724433,15.5247,0.000200228,-1.28246e-17,-2.8572e-12,-1.28246e-17,0.000200228,3.02307e-12,-2.8572e-12,3.02307e-12,0.000200228
0.602746,0.296412,-1.64275,0.603458,0.293517,-1.64799,0.00264634,-0.0579875,-0.0737541,14.7198,0.000200146,-8.20036e-18,-1.82794e-12,-8.20036e-18,0.000200146,1.93406e-12,-1.82794e-12,1.93406e-12,0.000200146
0.603056,0.29571,-1.6441,0.604294,0.292899,-1.64949,0.00295593,-0.0586905,-0.0751029,14.5917,0.000200093,-5.24519e-18,-1.16961e-12,-5.24519e-18,0.000200093,1.23751e-12,-1.16961e-12,1.23751e-12,0.000200093
0.603435,0.29522,-1.64486,0.604951,0.293263,-1.6479,0.00333504,-0.0591799,-0.0758624,15.2209,0.00020006,-3.35568e-18,-7.48438e-13,-3.35568e-18,0.00020006,7.91888e-13,-7.48438e-13,7.91888e-13,0.00020006
0.603604,0.294715,-1.64586,0.604279,0.292694,-1.64986,0.00350396,-0.0596851,-0.0768621,14.6115,0.000200038,-2.14713e-18,-4.78954e-13,-2.14713e-18,0.000200038,5.0676e-13,-4.78954e-13,5.0676e-13,0.000200038
0.603836,0.29429,-1.6467,0.604766,0.292593,-1.64939,0.00373644,-0.0601095,-0.0776955,14.8447,0.000200025,-1.37395e-18,-3.06512e-13,-1.37395e-18,0.000200025,3.24306e-13,-3.06512e-13,3.24306e-13,0.000200025
0.604155,0.293943,-1.64704,0.605371,0.292507,-1.64872,0.00405477,-0.0604565,-0.0780377,15.2178,0.000200016,-1.8792e-14,-1.56824e-09,-1.8792e-14,0.000200016,1.82607e-09,-1.56824e-09,1.82607e-09,0.000200016
0.604516,0.293429,-1.64787,0.606009,0.291314,-1.65152,0.00441576,-0.0610711,-0.0788697,14.7405,0.00020001,4.54068e-15,-2.82998e-09,4.54068e-15,0.00020001,-3.98715e-10,-2.82998e-09,-3.98715e-10,0.00020001
0.604773,0.293134,-1.64876,0.605804,0.291953,-1.6523,0.00467341,-0.0613662,-0.0797564,14.5934,0.000200006,2.32828e-15,-1.81116e-09,2.32828e-15,0.000200006,-2.55173e-10,-1.81116e-09,-2.55173e-10,0.000200006
0.605039,0.29258,-1.64996,0.606101,0.290367,-1.65475,0.00493903,-0.0619196,-0.0809552,14.2111,0.000200004,1.25346e-15,-1.15913e-09,1.25346e-15,0.000200004,-1.63309e-10,-1.15913e-09,-1.63309e-10,0.000200004
0.605318,0.292245,-1.65069,0.606433,0.290905,-1.65362,0.0052179,-0.0622546,-0.0816879,14.4856,0.000200003,7.05292e-16,-7.41839e-10,7.05292e-16,0.000200003,-1.04517e-10,-7.41839e-10,-1.04517e-10,0.000200003
0.605559,0.291912,-1.65142,0.606526,0.29058,-1.65437,0.00545947,-0.0625877,-0.0824235,14.5745,0.000200002,4.11688e-16,-4.74775e-10,4.11688e-16,0.000200002,-6.68907e-11,-4.74775e-10,-6.68907e-11,0.000200002
0.605931,0.29146,-1.6521,0.607368,0.28971,-1.65447,0.00583083,-0.0630396,-0.0830967,14.8112,0.000200001,1.538e-14,1.5295e-09,1.538e-14,0.000200001,1.51617e-09,1.5295e-09,1.51617e-09,0.000200001
0.606095,0.291198,-1.65284,0.606752,0.290149,-1.65582,0.00599499,-0.0633018,-0.0838405,14.0725,0.000200001,8.6559e-15,9.78879e-10,8.6559e-15,0.000200001,9.70345e-10,9.78879e-10,9.70345e-10,0.000200001
0.606389,0.290953,-1.65308,0.607621,0.290021,-1.65436,0.00628865,-0.063447,-0.0840802,14.751,0.0002,-1.48967e-14,2.18315e-09,-1.48967e-14,0.0002,-1.21429e-09,2.18315e-09,-1.21429e-09,0.0002
0.606595,0.290563,-1.65379,0.60742,0.289003,-1.65661,0.00649487,-0.0638371,-0.0847863,14.4763,0.0002,-8.17658e-15,1.39721e-09,-8.17658e-15,0.0002,-7.77145e-10,1.39721e-09,-7.77145e-10,0.0002
0.606762,0.290306,-1.65427,0.607432,0.289279,-1.6562,0.00666233,-0.0641939,-0.0852699,14.3981,0.0002,-4.67706e-15,8.94215e-10,-4.67706e-15,0.0002,-4.97373e-10,8.94215e-10,-4.97373e-10,0.0002
0.606834,0.290018,-1.65486,0.607168,0.28881,-1.65752,0.00673385,-0.0644817,-0.0858564,14.0177,0.0002,1.39762e-14,-1.26523e-09,1.39762e-14,0.0002,-1.87235e-09,-1.26523e-09,-1.87235e-09,0.0002
0.606999,0.289765,-1.65537,0.60761,0.288811,-1.65713,0.0068987,-0.0647345,-0.0863748,14.3957,0.0002,3.75688e-15,1.02894e-09,3.75688e-15,0.0002,3.54359e-10,1.02894e-09,3.54359e-10,0.0002
0.60713,0.289439,-1.65579,0.607654,0.288135,-1.65745,0.00702982,-0.0650605,-0.0867897,14.4219,0.0002,2.21772e-15,6.58521e-10,2.21772e-15,0.0002,2.2679e-10,6.58521e-10,2.2679e-10,0.0002
0.607323,0.289101,-1.65633,0.608097,0.287746,-1.65851,0.00722325,-0.0653992,-0.0873329,14.4618,0.0002,1.34288e-15,4.21453e-10,1.34288e-15,0.0002,1.45145e-10,4.21453e-10,1.45145e-10,0.0002
0.607448,0.288939,-1.65683,0.607948,0.288292,-1.65883,0.00734812,-0.0655609,-0.0878332,13.8117,0.0002,8.2812e-16,2.6973e-10,8.2812e-16,0.0002,9.28931e-11,2.6973e-10,9.28931e-11,0.0002
0.607628,0.288727,-1.65706,0.608288,0.287831,-1.65827,0.00752758,-0.0657728,-0.0880565,14.3085,0.0002,-1.67245e-14,-1.37669e-09,-1.67245e-14,0.0002,1.90096e-09,-1.37669e-09,1.90096e-09,0.0002
0.607827,0.288445,-1.65747,0.608623,0.287314,-1.6591,0.00772675,-0.0660554,-0.0884656,14.5078,0.0002,-9.36374e-15,-8.81083e-10,-9.36374e-15,0.0002,1.21661e-09,-8.81083e-10,1.21661e-09,0.0002
0.607913,0.288231,-1.65792,0.608259,0.287379,-1.65975,0.00781311,-0.0662686,-0.0889228,13.9956,0.0002,-5.44396e-15,-5.63893e-10,-5.44396e-15,0.0002,7.78633e-10,-5.63893e-10,7.78633e-10,0.0002
0.608008,0.288048,-1.65828,0.608332,0.287268,-1.66001,0.00790848,-0.0664517,-0.0892758,13.9043,0.0002,-3.1401e-14,-1.9082e-09,-3.1401e-14,0.0002,2.34152e-09,-1.9082e-09,2.34152e-09,0.0002
0.608166,0.287822,-1.65861,0.608852,0.286967,-1.65963,0.00806571,-0.0666776,-0.0896106,14.3159,0.0002,-6.53571e-15,3.25118e-10,-6.53571e-15,0.0002,-3.45414e-10,3.25118e-10,-3.45414e-10,0.0002
0.608412,0.287661,-1.65862,0.609454,0.287061,-1.65896,0.00831186,-0.0668395,-0.0896174,14.724,0.0002,-2.75983e-14,1.75412e-09,-2.75983e-14,0.0002,-2.06532e-09,1.75412e-09,-2.06532e-09,0.0002
0.608568,0.287494,-1.65891,0.609135,0.28678,-1.66038,0.00846803,-0.0670059,-0.0899061,14.3388,0.0002,-7.52153e-15,-4.23395e-10,-7.52153e-15,0.0002,5.22462e-10,-4.23395e-10,5.22462e-10,0.0002
0.608695,0.287303,-1.65921,0.609203,0.286541,-1.66044,0.00859495,-0.0671965,-0.090212,14.3708,0.0002,-4.70052e-15,-2.70973e-10,-4.70052e-15,0.0002,3.34376e-10,-2.70973e-10,3.34376e-10,0.0002
0.608741,0.287097,-1.65963,0.608972,0.286214,-1.66162,0.00864075,-0.0674028,-0.090631,13.8943,0.0002,1.49127e-14,-2.01861e-09,1.49127e-14,0.0002,-1.33093e-09,-2.01861e-09,-1.33093e-09,0.0002
0.608807,0.286845,-1.66023,0.608967,0.285845,-1.66199,0.00870722,-0.0676551,-0.0912294,14.0732,0.0002,-1.55335e-14,-9.8943e-10,-1.55335e-14,0.0002,2.53813e-09,-9.8943e-10,2.53813e-09,0.0002
0.608897,0.286671,-1.66052,0.609315,0.286023,-1.66202,0.00879726,-0.0678291,-0.0915245,14.0628,0.0002,-3.23293e-15,9.09821e-10,-3.23293e-15,0.0002,-2.22357e-10,9.09821e-10,-2.22357e-10,0.0002
0.608926,0.286511,-1.66088,0.609039,0.285869,-1.66231,0.00882556,-0.0679894,-0.0918817,14.1098,0.0002,-1.9655e-15,5.82286e-10,-1.9655e-15,0.0002,-1.42309e-10,5.82286e-10,-1.42309e-10,0.0002
0.609055,0.286387,-1.66101,0.609575,0.285892,-1.66155,0.00895535,-0.0681132,-0.0920145,14.4544,0.0002,-1.21549e-15,3.72663e-10,-1.21549e-15,0.0002,-9.10776e-11,3.72663e-10,-9.10776e-11,0.0002
0.609084,0.286189,-1.66135,0.609247,0.28534,-1.66303,0.008984,-0.0683111,-0.0923535,14.2615,0.0002,1.6229e-14,-1.60946e-09,1.6229e-14,0.0002,-1.5999e-09,-1.60946e-09,-1.5999e-09,0.0002
0.609178,0.285997,-1.66172,0.609505,0.285288,-1.66286,0.0090778,-0.0685029,-0.0927185,14.1595,0.0002,4.92292e-15,8.18679e-10,4.92292e-15,0.0002,5.16753e-10,8.18679e-10,5.16753e-10,0.0002
0.609321,0.285878,-1.66181,0.609895,0.285401,-1.66216,0.00922116,-0.068622,-0.0928061,14.5855,0.0002,2.93406e-15,5.23954e-10,2.93406e-15,0.0002,3.30722e-10,5.23954e-10,3.30722e-10,0.0002
0.609383,0.285628,-1.66187,0.60963,0.284627,-1.66213,0.00928294,-0.0688722,-0.09287,14.3249,0.0002,1.78908e-15,3.35331e-10,1.78908e-15,0.0002,2.11662e-10,3.35331e-10,2.11662e-10,0.0002
0.609438,0.285466,-1.6619,0.60966,0.28482,-1.66201,0.0093384,-0.0690338,-0.0928989,14.3128,0.0002,1.10867e-15,2.14612e-10,1.10867e-15,0.0002,1.35464e-10,2.14612e-10,1.35464e-10,0.0002
0.609523,0.285302,-1.66194,0.60986,0.284646,-1.6621,0.00942262,-0.0691978,-0.0929401,14.2813,0.0002,6.94664e-16,1.37351e-10,6.94664e-16,0.0002,8.66967e-11,1.37351e-10,8.66967e-11,0.0002
0.609573,0.285137,-1.66213,0.609821,0.284416,-1.66259,0.00947274,-0.0693635,-0.0931342,14.3466,0.0002,1.75649e-14,-1.76173e-09,1.75649e-14,0.0002,-1.48412e-09,-1.76173e-09,-1.48412e-09,0.0002
0.60973,0.285061,-1.66206,0.610358,0.284759,-1.66178,0.00962971,-0.0694391,-0.0930633,14.7745,0.0002,9.90286e-15,-1.12751e-09,9.90286e-15,0.0002,-9.49834e-10,-1.12751e-09,-9.49834e-10,0.0002
0.6098,0.284951,-1.66201,0.610082,0.28451,-1.66179,0.00970023,-0.0695493,-0.0930094,14.8606,0.0002,5.7895e-15,-7.21606e-10,5.7895e-15,0.0002,-6.07894e-10,-7.21606e-10,-6.07894e-10,0.0002
0.609827,0.284828,-1.66212,0.609936,0.284338,-1.66257,0.00972736,-0.0696719,-0.0931207,14.4232,0.0002,3.48069e-15,-4.61828e-10,3.48069e-15,0.0002,-3.89052e-10,-4.61828e-10,-3.89052e-10,0.0002
0.609854,0.284717,-1.66218,0.61002,0.284322,-1.66271,0.00975437,-0.0697828,-0.0931753,14.4861,0.0002,-1.54802e-14,1.24399e-09,-1.54802e-14,0.0002,-2.09867e-09,1.24399e-09,-2.09867e-09,0.0002
0.609898,0.284611,-1.66242,0.610017,0.284138,-1.66309,0.00979842,-0.069889,-0.0934218,14.4041,0.0002,-4.02444e-15,-7.43012e-10,-4.02444e-15,0.0002,5.06855e-10,-7.43012e-10,5.06855e-10,0.0002
0.609943,0.284475,-1.66249,0.610074,0.283988,-1.6631,0.00984315,-0.0700252,-0.0934947,14.4338,0.0002,1.54389e-14,1.37461e-09,1.54389e-14,0.0002,1.86339e-09,1.37461e-09,1.86339e-09,0.0002
0.609961,0.284367,-1.66254,0.610092,0.283984,-1.66304,0.00986132,-0.070133,-0.093541,14.3148,0.0002,-8.75449e-15,2.41862e-09,-8.75449e-15,0.0002,-6.57678e-10,2.41862e-09,-6.57678e-10,0.0002
0.610002,0.284286,-1.66271,0.610166,0.28396,-1.66338,0.00990226,-0.0702143,-0.0937094,14.4141,0.0002,-4.78845e-15,1.54792e-09,-4.78845e-15,0.0002,-4.20914e-10,1.54792e-09,-4.20914e-10,0.0002
0.610053,0.284181,-1.66286,0.610258,0.283762,-1.66345,0.00995332,-0.0703191,-0.0938578,14.3953,0.0002,-2.73102e-15,9.90666e-10,-2.73102e-15,0.0002,-2.69385e-10,9.90666e-10,-2.69385e-10,0.0002
0.610074,0.28411,-1.66298,0.610155,0.283824,-1.66348,0.00997373,-0.0703904,-0.0939821,14.2845,0.0002,-1.61121e-15,6.34026e-10,-1.61121e-15,0.0002,-1.72406e-10,6.34026e-10,-1.72406e-10,0.0002
0.610125,0.284066,-1.66309,0.610331,0.28389,-1.66353,0.0100252,-0.0704343,-0.0940918,14.505,0.0002,-9.75211e-16,4.05777e-10,-9.75211e-16,0.0002,-1.1034e-10,4.05777e-10,-1.1034e-10,0.0002
0.610137,0.283999,-1.66321,0.610182,0.283733,-1.66366,0.0100365,-0.0705009,-0.0942055,14.4847,0.0002,-6.01211e-16,2.59697e-10,-6.01211e-16,0.0002,-7.06177e-11,2.59697e-10,-7.06177e-11,0.0002
0.61017,0.283927,-1.66339,0.61035,0.283581,-1.66383,0.0100697,-0.070573,-0.0943943,14.5612,0.0002,1.71763e-14,-1.68538e-09,1.71763e-14,0.0002,-1.58246e-09,-1.68538e-09,-1.58246e-09,0.0002
0.61021,0.283802,-1.66356,0.610325,0.283359,-1.66392,0.0101104,-0.0706982,-0.0945629,14.5806,0.0002,5.118e-15,7.73233e-10,5.118e-15,0.0002,5.24139e-10,7.73233e-10,5.24139e-10,0.0002
0.610234,0.283738,-1.66363,0.610326,0.283481,-1.66387,0.0101335,-0.0707624,-0.0946251,14.3605,0.0002,3.06802e-15,4.94869e-10,3.06802e-15,0.0002,3.35449e-10,4.94869e-10,3.35449e-10,0.0002
0.610258,0.28367,-1.66364,0.610306,0.283459,-1.66402,0.0101576,-0.0708297,-0.0946414,14.3933,0.0002,2.63594e-14,2.1687e-09,2.63594e-14,0.0002,1.75146e-09,2.1687e-09,1.75146e-09,0.0002
0.610324,0.283598,-1.66372,0.610588,0.283308,-1.66405,0.0102237,-0.0709022,-0.0947228,14.4149,0.0002,1.49252e-14,1.38797e-09,1.49252e-14,0.0002,1.12094e-09,1.38797e-09,1.12094e-09,0.0002
0.610344,0.283551,-1.66382,0.610423,0.283365,-1.66422,0.0102435,-0.0709489,-0.0948227,14.3858,0.0002,8.75555e-15,8.88301e-10,8.75555e-15,0.0002,7.174e-10,8.88301e-10,7.174e-10,0.0002
0.610379,0.283476,-1.6639,0.610521,0.283177,-1.66421,0.010279,-0.0710238,-0.0948994,14.4973,0.0002,5.27727e-15,5.68513e-10,5.27727e-15,0.0002,4.59136e-10,5.68513e-10,4.59136e-10,0.0002
0.610427,0.283433,-1.66393,0.610618,0.283258,-1.66405,0.0103269,-0.0710675,-0.0949295,14.5266,0.0002,3.24381e-15,3.63848e-10,3.24381e-15,0.0002,2.93847e-10,3.63848e-10,2.93847e-10,0.0002
0.610459,0.283383,-1.66399,0.610585,0.283186,-1.66422,0.0103586,-0.0711168,-0.0949871,14.3926,0.0002,2.0213e-15,2.32863e-10,2.0213e-15,0.0002,1.88062e-10,2.32863e-10,1.88062e-10,0.0002
0.610501,0.28337,-1.66409,0.610671,0.283317,-1.66452,0.010401,-0.07113,-0.0950939,14.3879,0.0002,1.27121e-15,1.49032e-10,1.27121e-15,0.0002,1.2036e-10,1.49032e-10,1.2036e-10,0.0002
0.610502,0.28334,-1.66415,0.610504,0.283222,-1.6644,0.0104017,-0.0711596,-0.0951549,14.5236,0.0002,8.04389e-16,9.53806e-11,8.04389e-16,0.0002,7.70302e-11,9.53806e-11,7.70302e-11,0.0002
0.610526,0.283298,-1.66422,0.610621,0.28313,-1.66446,0.0104255,-0.0712017,-0.0952163,14.3396,0.0002,5.11047e-16,6.10436e-11,5.11047e-16,0.0002,4.92993e-11,6.10436e-11,4.92993e-11,0.0002
0.610545,0.283265,-1.6643,0.610672,0.283072,-1.66434,0.0104452,-0.0712354,-0.0953036,14.4122,0.0002,1.82204e-14,-1.81407e-09,1.82204e-14,0.0002,-1.50384e-09,-1.81407e-09,-1.50384e-09,0.0002
0.610591,0.283179,-1.66429,0.610725,0.282894,-1.66457,0.0104909,-0.0713212,-0.0952935,14.502,0.0002,5.53375e-15,6.92024e-10,5.53375e-15,0.0002,5.73065e-10,6.92024e-10,5.73065e-10,0.0002
0.610615,0.283138,-1.66437,0.610711,0.282977,-1.66468,0.0105148,-0.0713615,-0.09537,14.5869,0.0002,3.33855e-15,4.42895e-10,3.33855e-15,0.0002,3.66762e-10,4.42895e-10,3.66762e-10,0.0002
0.61062,0.283118,-1.66442,0.610641,0.283035,-1.66462,0.0105201,-0.0713822,-0.0954207,14.4649,0.0002,2.05351e-15,2.83453e-10,2.05351e-15,0.0002,2.34727e-10,2.83453e-10,2.34727e-10,0.0002
0.610636,0.283071,-1.66448,0.610698,0.282882,-1.6647,0.0105358,-0.0714294,-0.0954768,14.3966,0.0002,1.28018e-15,1.8141e-10,1.28018e-15,0.0002,1.50226e-10,1.8141e-10,1.50226e-10,0.0002
0.610632,0.283049,-1.66462,0.610664,0.282904,-1.66486,0.0105319,-0.0714511,-0.0956164,14.6994,0.0002,1.71367e-14,-1.73744e-09,1.71367e-14,0.0002,-1.43876e-09,-1.73744e-09,-1.43876e-09,0.0002
0.61065,0.283005,-1.66464,0.610723,0.282831,-1.66475,0.01055,-0.0714948,-0.0956438,14.5111,0.0002,9.68764e-15,-1.11196e-09,9.68764e-15,0.0002,-9.20807e-10,-1.11196e-09,-9.20807e-10,0.0002
0.610662,0.282986,-1.66463,0.610653,0.282863,-1.66489,0.0105622,-0.0715136,-0.0956298,14.5615,0.0002,-1.57149e-14,-2.24654e-09,-1.57149e-14,0.0002,1.26424e-09,-2.24654e-09,1.26424e-09,0.0002
0.610691,0.282967,-1.66467,0.610807,0.282887,-1.66484,0.0105912,-0.0715334,-0.0956716,14.5491,0.0002,-8.6034e-15,-1.43779e-09,-8.6034e-15,0.0002,8.09111e-10,-1.43779e-09,8.09111e-10,0.0002
0.610727,0.282934,-1.66472,0.61087,0.282806,-1.6649,0.010627,-0.0715656,-0.0957181,14.598,0.0002,-4.91055e-15,-9.20184e-10,-4.91055e-15,0.0002,5.17831e-10,-9.20184e-10,5.17831e-10,0.0002
0.610754,0.282881,-1.66477,0.610861,0.282667,-1.66498,0.0106538,-0.071619,-0.0957712,14.6279,0.0002,-2.89878e-15,-5.88918e-10,-2.89878e-15,0.0002,3.31412e-10,-5.88918e-10,3.31412e-10,0.0002
0.610812,0.282921,-1.66476,0.611044,0.283082,-1.66471,0.0107118,-0.0715789,-0.095758,14.5699,0.0002,-1.75529e-15,-3.76907e-10,-1.75529e-15,0.0002,2.12103e-10,-3.76907e-10,2.12103e-10,0.0002
0.610852,0.282954,-1.66475,0.611015,0.283087,-1.66474,0.0107525,-0.0715456,-0.0957547,14.4158,0.0002,-1.08246e-15,-2.41221e-10,-1.08246e-15,0.0002,1.35746e-10,-2.41221e-10,1.35746e-10,0.0002
0.61087,0.282969,-1.66477,0.610939,0.283028,-1.66484,0.0107698,-0.0715308,-0.0957727,14.3903,0.0002,-6.76006e-16,-1.54381e-10,-6.76006e-16,0.0002,8.68776e-11,-1.54381e-10,8.68776e-11,0.0002
0.610862,0.282909,-1.66477,0.610832,0.282669,-1.66476,0.0107622,-0.0715909,-0.095771,14.5845,0.0002,-4.25777e-16,-9.8804e-11,-4.25777e-16,0.0002,5.56017e-11,-9.8804e-11,5.56017e-11,0.0002
0.610864,0.282903,-1.66479,0.610871,0.282878,-1.66489,0.010764,-0.0715972,-0.0957947,14.4537,0.0002,-2.69685e-16,-6.32346e-11,-2.69685e-16,0.0002,3.55851e-11,-6.32346e-11,3.55851e-11,0.0002
0.610868,0.282874,-1.66486,0.610886,0.282759,-1.66511,0.0107684,-0.0716259,-0.0958583,14.5016,0.0002,-1.71446e-16,-4.04701e-11,-1.71446e-16,0.0002,2.27744e-11,-4.04701e-11,2.27744e-11,0.0002
0.610875,0.282841,-1.6649,0.610902,0.282708,-1.66509,0.0107752,-0.0716591,-0.0959048,14.452,0.0002,-1.09254e-16,-2.59009e-11,-1.09254e-16,0.0002,1.45756e-11,-2.59009e-11,1.45756e-11,0.0002
0.610879,0.282806,-1.66494,0.610896,0.282665,-1.66507,0.0107793,-0.0716942,-0.0959386,14.3196,0.0002,-6.9729e-17,-1.65766e-11,-6.9729e-17,0.0002,9.32841e-12,-1.65766e-11,9.32841e-12,0.0002
0.61089,0.282775,-1.66505,0.610982,0.282594,-1.6652,0.0107902,-0.0717249,-0.0960534,14.6066,0.0002,1.86567e-14,-1.86486e-09,1.86567e-14,0.0002,-1.52808e-09,-1.86486e-09,-1.52808e-09,0.0002
0.610921,0.282767,-1.66508,0.611042,0.282733,-1.66518,0.0108206,-0.0717334,-0.0960797,14.6909,0.0002,1.04813e-14,-1.19351e-09,1.04813e-14,0.0002,-9.7797e-10,-1.19351e-09,-9.7797e-10,0.0002
0.610938,0.282727,-1.66509,0.611009,0.282566,-1.66514,0.0108382,-0.0717735,-0.096091,14.5107,0.0002,6.11039e-15,-7.63845e-10,6.11039e-15,0.0002,-6.25901e-10,-7.63845e-10,-6.25901e-10,0.0002
0.610924,0.282688,-1.6651,0.610866,0.282536,-1.66512,0.0108238,-0.0718115,-0.096096,14.6056,0.0002,3.66587e-15,-4.88861e-10,3.66587e-15,0.0002,-4.00577e-10,-4.88861e-10,-4.00577e-10,0.0002
0.610931,0.282674,-1.66514,0.610961,0.282616,-1.6653,0.0108313,-0.0718261,-0.096137,14.4631,0.0002,2.24589e-15,-3.12871e-10,2.24589e-15,0.0002,-2.56369e-10,-3.12871e-10,-2.56369e-10,0.0002
0.610949,0.282636,-1.66514,0.611017,0.282486,-1.66517,0.0108485,-0.0718638,-0.0961441,14.5486,0.0002,1.3963e-15,-2.00237e-10,1.3963e-15,0.0002,-1.64076e-10,-2.00237e-10,-1.64076e-10,0.0002
0.610963,0.282624,-1.66517,0.61102,0.282573,-1.66525,0.0108628,-0.0718763,-0.0961661,14.6434,0.0002,8.76812e-16,-1.28152e-10,8.76812e-16,0.0002,-1.05009e-10,-1.28152e-10,-1.05009e-10,0.0002
0.610976,0.282586,-1.6652,0.61103,0.282436,-1.66533,0.0108762,-0.071914,-0.0961994,14.5594,0.0002,5.5427e-16,-8.20173e-11,5.5427e-16,0.0002,-6.72056e-11,-8.20173e-11,-6.72056e-11,0.0002
0.610966,0.282588,-1.66522,0.610923,0.282597,-1.66532,0.0108656,-0.0719118,-0.0962235,14.6194,0.0002,3.51911e-16,-5.2491e-11,3.51911e-16,0.0002,-4.30116e-11,-5.2491e-11,-4.30116e-11,0.0002
0.610952,0.282556,-1.66524,0.610896,0.282426,-1.66531,0.0107516,-0.0719442,-0.0962405,14.5813,0.0002,2.24067e-16,-3.35943e-11,2.24067e-16,0.0002,-2.75274e-11,-3.35943e-11,-2.75274e-11,0.0002
0.610965,0.28256,-1.66526,0.611016,0.282578,-1.66535,0.0107646,-0.0719398,-0.0962633,14.4372,0.0002,1.42929e-16,-2.15003e-11,1.42929e-16,0.0002,-1.76175e-11,-2.15003e-11,-1.76175e-11,0.0002
0.61097,0.282559,-1.66529,0.610991,0.282554,-1.66541,0.0108699,-0.0719411,-0.0962918,14.5752,0.0002,9.12808e-17,-1.37602e-11,9.12808e-17,0.0002,-1.12752e-11,-1.37602e-11,-1.12752e-11,0.0002
0.610961,0.282546,-1.66532,0.610924,0.282497,-1.66544,0.0107608,-0.0719536,-0.0963207,14.6118,0.0002,5.83403e-17,-8.80654e-12,5.83403e-17,0.0002,-7.21615e-12,-8.80654e-12,-7.21615e-12,0.0002
0.610965,0.282495,-1.66532,0.61098,0.282291,-1.6653,0.0107646,-0.0720046,-0.0963169,14.6365,0.0002,3.73052e-17,-5.63618e-12,3.73052e-17,0.0002,-4.61833e-12,-5.63618e-12,-4.61833e-12,0.0002
0.610991,0.282495,-1.66535,0.611097,0.282494,-1.66547,0.0107911,-0.0720049,-0.096347,14.5827,0.0002,2.3862e-17,-3.60716e-12,2.3862e-17,0.0002,-2.95573e-12,-3.60716e-12,-2.95573e-12,0.0002
0.610993,0.282495,-1.66539,0.611003,0.282493,-1.66557,0.0107934,-0.0720054,-0.0963916,14.5861,0.0002,1.52662e-17,-2.30858e-12,1.52662e-17,0.0002,-1.89167e-12,-2.30858e-12,-1.89167e-12,0.0002
0.611034,0.282479,-1.66534,0.611137,0.282371,-1.66544,0.0108338,-0.0720206,-0.0963375,14.6591,0.0002,-1.8661e-14,-1.53498e-09,-1.8661e-14,0.0002,1.85349e-09,-1.53498e-09,1.85349e-09,0.0002
0.611023,0.282461,-1.66529,0.611036,0.282435,-1.66543,0.0108227,-0.0720391,-0.0962916,14.4394,0.0002,-5.2566e-15,5.51216e-10,-5.2566e-15,0.0002,-6.68383e-10,5.51216e-10,-6.68383e-10,0.0002
0.611032,0.282463,-1.6654,0.611022,0.28253,-1.66552,0.0108322,-0.0720369,-0.0964008,14.4492,0.0002,1.38321e-14,2.20757e-09,1.38321e-14,0.0002,1.10563e-09,2.20757e-09,1.10563e-09,0.0002
0.61102,0.282429,-1.66543,0.610969,0.282291,-1.66556,0.0108195,-0.0720713,-0.0964328,14.5742,0.0002,7.60291e-15,1.41284e-09,7.60291e-15,0.0002,7.07602e-10,1.41284e-09,7.07602e-10,0.0002
0.611003,0.282435,-1.66546,0.610939,0.282459,-1.66555,0.0108035,-0.0720652,-0.0964558,14.4624,0.0002,4.354e-15,9.04219e-10,4.354e-15,0.0002,4.52865e-10,9.04219e-10,4.52865e-10,0.0002
0.611003,0.282416,-1.66547,0.611002,0.282343,-1.66551,0.0108032,-0.0720836,-0.0964665,14.599,0.0002,2.5769e-15,5.787e-10,2.5769e-15,0.0002,2.89834e-10,5.787e-10,2.89834e-10,0.0002
0.611017,0.282453,-1.6655,0.611071,0.2826,-1.66561,0.0108167,-0.0720469,-0.0964951,14.6534,0.0002,1.56334e-15,3.70368e-10,1.56334e-15,0.0002,1.85494e-10,3.70368e-10,1.85494e-10,0.0002
0.611034,0.282435,-1.66548,0.611101,0.282361,-1.66542,0.0108336,-0.0720655,-0.0964806,14.5684,0.0002,9.65363e-16,2.37036e-10,9.65363e-16,0.0002,1.18716e-10,2.37036e-10,1.18716e-10,0.0002
0.611063,0.28244,-1.66549,0.611181,0.282463,-1.6655,0.010863,-0.0720598,-0.0964852,14.4473,0.0002,6.03425e-16,1.51703e-10,6.03425e-16,0.0002,7.59782e-11,1.51703e-10,7.59782e-11,0.0002
0.61106,0.282425,-1.66549,0.61105,0.282362,-1.66552,0.0108604,-0.0720754,-0.096493,14.4942,0.0002,3.8029e-16,9.70898e-11,3.8029e-16,0.0002,4.86261e-11,9.70898e-11,4.86261e-11,0.0002
0.611089,0.282407,-1.6655,0.611203,0.282337,-1.66554,0.0108889,-0.0720929,-0.0965018,14.6197,0.0002,2.40969e-16,6.21375e-11,2.40969e-16,0.0002,3.11207e-11,6.21375e-11,3.11207e-11,0.0002
0.611092,0.282411,-1.66553,0.611105,0.282428,-1.66563,0.0108921,-0.0720886,-0.0965269,14.4753,0.0002,1.5323e-16,3.9768e-11,1.5323e-16,0.0002,1.99172e-11,3.9768e-11,1.99172e-11,0.0002
0.61111,0.2824,-1.66555,0.611182,0.282354,-1.66562,0.0109101,-0.0721,-0.0965462,14.4835,0.0002,9.76616e-17,2.54515e-11,9.76616e-17,0.0002,1.2747e-11,2.54515e-11,1.2747e-11,0.0002
0.6111,0.282437,-1.66554,0.61106,0.282584,-1.66551,0.0109,-0.0720633,-0.0965384,14.5819,0.0002,6.23373e-17,1.6289e-11,6.23373e-17,0.0002,8.1581e-12,1.6289e-11,8.1581e-12,0.0002
0.611107,0.282436,-1.66554,0.611137,0.282435,-1.66553,0.0109074,-0.0720637,-0.096537,14.5729,0.0002,3.98278e-17,1.04249e-11,3.98278e-17,0.0002,5.22118e-12,1.04249e-11,5.22118e-12,0.0002
0.6111,0.282407,-1.66554,0.611069,0.282289,-1.66553,0.0108997,-0.0720931,-0.0965356,14.5991,0.0002,2.54619e-17,6.67196e-12,2.54619e-17,0.0002,3.34156e-12,6.67196e-12,3.34156e-12,0.0002
0.611109,0.282398,-1.66555,0.611147,0.282361,-1.66559,0.0109092,-0.0721022,-0.0965469,14.5772,0.0002,1.62842e-17,4.27006e-12,1.62842e-17,0.0002,2.1386e-12,4.27006e-12,2.1386e-12,0.0002
0.611159,0.282412,-1.66546,0.611357,0.282467,-1.6651,0.0109588,-0.0720885,-0.0964572,15.1057,0.0002,1.04172e-17,2.73284e-12,1.04172e-17,0.0002,1.3687e-12,2.73284e-12,1.3687e-12,0.0002
0.611151,0.282447,-1.66554,0.61117,0.282533,-1.66555,0.0109514,-0.0720525,-0.0965395,14.5629,0.0002,1.86418e-14,-1.85329e-09,1.86418e-14,0.0002,-1.53221e-09,-1.85329e-09,-1.53221e-09,0.0002
0.611137,0.282454,-1.66556,0.611078,0.282479,-1.66564,0.0109368,-0.0720461,-0.0965604,14.5324,0.0002,1.04768e-14,-1.18611e-09,1.04768e-14,0.0002,-9.80615e-10,-1.18611e-09,-9.80615e-10,0.0002
0.611145,0.282451,-1.66558,0.611179,0.28244,-1.66564,0.0109454,-0.0720488,-0.0965765,14.4692,0.0002,6.10966e-15,-7.59109e-10,6.10966e-15,0.0002,-6.27594e-10,-7.59109e-10,-6.27594e-10,0.0002
0.61116,0.282447,-1.66556,0.611114,0.28244,-1.66552,0.0109602,-0.072053,-0.0965646,14.5603,0.0002,-8.23386e-16,-1.63739e-10,-8.23386e-16,0.0002,2.98646e-09,-1.63739e-10,2.98646e-09,0.0002
0.611149,0.282461,-1.66559,0.611106,0.282515,-1.66571,0.0109493,-0.0720393,-0.0965932,14.5693,0.0002,-2.766e-16,-1.04793e-10,-2.766e-16,0.0002,1.91133e-09,-1.04793e-10,1.91133e-09,0.0002
0.611117,0.282468,-1.66559,0.611093,0.282485,-1.66558,0.010917,-0.0720323,-0.0965898,14.5455,0.0002,5.99345e-15,-3.89215e-10,5.99345e-15,0.0002,-2.16486e-09,-3.89215e-10,-2.16486e-09,0.0002
0.611121,0.282419,-1.66548,0.611081,0.282174,-1.66538,0.0109215,-0.0720814,-0.096484,14.7028,0.0002,-4.35165e-15,-1.78223e-09,-4.35165e-15,0.0002,4.69493e-10,-1.78223e-09,4.69493e-10,0.0002
0.611112,0.282389,-1.66549,0.611075,0.282272,-1.66552,0.0109121,-0.0721106,-0.0964919,14.5572,0.0002,-2.35664e-15,-1.14063e-09,-2.35664e-15,0.0002,3.00476e-10,-1.14063e-09,3.00476e-10,0.0002
0.611132,0.282388,-1.66561,0.611163,0.28244,-1.66574,0.0109319,-0.0721122,-0.0966055,14.5223,0.0002,1.23273e-14,1.12509e-09,1.23273e-14,0.0002,1.72533e-09,1.12509e-09,1.72533e-09,0.0002
0.611146,0.282387,-1.66563,0.611204,0.282381,-1.66572,0.0109464,-0.0721135,-0.0966293,14.6138,0.0002,6.89561e-15,7.2006e-10,6.89561e-15,0.0002,1.10421e-09,7.2006e-10,1.10421e-09,0.0002
0.61116,0.282404,-1.66562,0.611214,0.282473,-1.66561,0.0109599,-0.0720962,-0.0966245,14.5753,0.0002,4.0061e-15,4.60838e-10,4.0061e-15,0.0002,7.06694e-10,4.60838e-10,7.06694e-10,0.0002
0.61118,0.282444,-1.66563,0.611259,0.282606,-1.66567,0.0109798,-0.0720558,-0.0966337,14.4594,0.0002,2.39716e-15,2.94936e-10,2.39716e-15,0.0002,4.52284e-10,2.94936e-10,4.52284e-10,0.0002
0.611137,0.282464,-1.66564,0.611074,0.282534,-1.66567,0.0109374,-0.0720359,-0.0966406,14.4731,0.0002,3.82254e-15,-1.33526e-10,3.82254e-15,0.0002,-3.09864e-09,-1.33526e-10,-3.09864e-09,0.0002
0.611146,0.282459,-1.66565,0.611182,0.282439,-1.66568,0.0109464,-0.0720409,-0.0966483,14.5441,0.0002,2.23459e-15,-8.54566e-11,2.23459e-15,0.0002,-1.98313e-09,-8.54566e-11,-1.98313e-09,0.0002
0.61115,0.282452,-1.66564,0.611057,0.282434,-1.66559,0.0109498,-0.0720479,-0.0966375,14.5368,0.0002,4.60946e-15,2.67642e-10,4.60946e-15,0.0002,2.11889e-09,2.67642e-10,2.11889e-09,0.0002
0.611147,0.282464,-1.66565,0.611137,0.282511,-1.66569,0.0109472,-0.0720361,-0.0966489,14.5467,0.0002,2.65969e-15,1.71291e-10,2.65969e-15,0.0002,1.35609e-09,1.71291e-10,1.35609e-09,0.0002
0.611136,0.282451,-1.66566,0.611092,0.2824,-1.66568,0.0109361,-0.0720488,-0.0966551,14.5496,0.0002,1.58327e-15,1.09626e-10,1.58327e-15,0.0002,8.67898e-10,1.09626e-10,8.67898e-10,0.0002
0.61117,0.282454,-1.66565,0.611304,0.282466,-1.66565,0.0109697,-0.0720459,-0.0966545,14.5609,0.0002,9.64581e-16,7.01609e-11,9.64581e-16,0.0002,5.55455e-10,7.01609e-11,5.55455e-10,0.0002
0.611179,0.282414,-1.66564,0.611215,0.282252,-1.6656,0.0109787,-0.0720864,-0.0966427,14.5328,0.0002,5.97379e-16,4.49029e-11,5.97379e-16,0.0002,3.55491e-10,4.49029e-11,3.55491e-10,0.0002
0.611193,0.282413,-1.66565,0.61125,0.282411,-1.66569,0.0109929,-0.0720868,-0.0966518,14.6848,0.0002,3.7415e-16,2.87379e-11,3.7415e-16,0.0002,2.27514e-10,2.87379e-11,2.27514e-10,0.0002
0.611183,0.282397,-1.66567,0.611142,0.282331,-1.66573,0.0109827,-0.0721033,-0.0966671,14.5409,0.0002,2.36108e-16,1.83922e-11,2.36108e-16,0.0002,1.45609e-10,1.83922e-11,1.45609e-10,0.0002
0.611171,0.282391,-1.66566,0.61123,0.28236,-1.66562,0.010971,-0.0721087,-0.0966568,14.5114,0.0002,6.85916e-15,-3.10627e-10,6.85916e-15,0.0002,-3.2949e-09,-3.10627e-10,-3.2949e-09,0.0002
0.611195,0.282393,-1.66561,0.611243,0.282455,-1.66573,0.0109951,-0.0721075,-0.0966086,14.5629,0.0002,-5.14311e-15,1.6563e-09,-5.14311e-15,0.0002,-5.75724e-10,1.6563e-09,-5.75724e-10,0.0002
0.611206,0.28239,-1.66569,0.611201,0.282436,-1.66569,0.0110059,-0.0721103,-0.0966887,14.5598,0.0002,2.20357e-14,2.91531e-09,2.20357e-14,0.0002,1.16434e-09,2.91531e-09,1.16434e-09,0.0002
0.611186,0.282367,-1.66562,0.611155,0.28222,-1.66566,0.0109862,-0.0721327,-0.0966202,14.5104,0.0002,3.18569e-15,1.06437e-11,3.18569e-15,0.0002,-7.87772e-10,1.06437e-11,-7.87772e-10,0.0002
0.611165,0.282389,-1.66568,0.611126,0.282416,-1.66561,0.0109646,-0.0721114,-0.0966826,14.5817,0.0002,2.67753e-14,-1.84848e-09,2.67753e-14,0.0002,-2.03696e-09,-1.84848e-09,-2.03696e-09,0.0002
0.611177,0.282364,-1.66573,0.611178,0.282324,-1.66562,0.0109769,-0.0721359,-0.096734,14.4908,0.0002,6.09781e-15,6.72361e-10,6.09781e-15,0.0002,2.29015e-10,6.72361e-10,2.29015e-10,0.0002
0.611176,0.28237,-1.66573,0.611175,0.282395,-1.66571,0.0109765,-0.0721298,-0.0967295,14.5571,0.0002,3.82376e-15,4.30311e-10,3.82376e-15,0.0002,1.4657e-10,4.30311e-10,1.4657e-10,0.0002
0.611169,0.282387,-1.6657,0.611138,0.282455,-1.66558,0.0109688,-0.0721128,-0.0966989,14.5247,0.0002,2.41491e-15,2.75399e-10,2.41491e-15,0.0002,9.38045e-11,2.75399e-10,9.38045e-11,0.0002
0.61116,0.282352,-1.66569,0.611127,0.282213,-1.66566,0.0109604,-0.0721478,-0.0966902,14.556,0.0002,1.53232e-15,1.76255e-10,1.53232e-15,0.0002,6.00349e-11,1.76255e-10,6.00349e-11,0.0002
0.611141,0.282374,-1.66568,0.611063,0.282462,-1.66562,0.0109409,-0.0721258,-0.0966758,14.6612,0.0002,9.75266e-16,1.12803e-10,9.75266e-16,0.0002,3.84223e-11,1.12803e-10,3.84223e-11,0.0002
0.611128,0.282331,-1.66566,0.611076,0.282161,-1.66562,0.0109279,-0.0721685,-0.0966637,14.5773,0.0002,6.21951e-16,7.21942e-11,6.21951e-16,0.0002,2.45903e-11,7.21942e-11,2.45903e-11,0.0002
0.611151,0.282331,-1.66558,0.611183,0.28228,-1.66555,0.0109505,-0.0721693,-0.0965783,14.6073,0.0002,-1.78617e-14,-1.48679e-09,-1.78617e-14,0.0002,1.87085e-09,-1.48679e-09,1.87085e-09,0.0002
0.611155,0.282347,-1.66558,0.611173,0.282413,-1.66559,0.0109551,-0.0721528,-0.0965814,14.4831,0.0002,-1.00073e-14,-9.51548e-10,-1.00073e-14,0.0002,1.19735e-09,-9.51548e-10,1.19735e-09,0.0002
0.611161,0.282344,-1.66561,0.611186,0.28233,-1.66572,0.0109613,-0.0721563,-0.0966092,14.5752,0.0002,-5.82135e-15,-6.08991e-10,-5.82135e-15,0.0002,7.66302e-10,-6.08991e-10,7.66302e-10,0.0002
0.611173,0.282341,-1.66562,0.61122,0.282328,-1.66568,0.010973,-0.0721595,-0.0966234,14.5059,0.0002,-3.48673e-15,-3.89754e-10,-3.48673e-15,0.0002,4.90433e-10,-3.89754e-10,4.90433e-10,0.0002
0.611172,0.282327,-1.66562,0.611167,0.282271,-1.66562,0.0109718,-0.0721735,-0.096623,14.6652,0.0002,-2.13364e-15,-2.49443e-10,-2.13364e-15,0.0002,3.13877e-10,-2.49443e-10,3.13877e-10,0.0002
0.611181,0.282329,-1.66564,0.611216,0.28234,-1.66573,0.0109805,-0.0721708,-0.0966445,14.5647,0.0002,-1.32544e-15,-1.59643e-10,-1.32544e-15,0.0002,2.00881e-10,-1.59643e-10,2.00881e-10,0.0002
0.611172,0.282329,-1.66565,0.611135,0.282328,-1.66567,0.0109715,-0.072171,-0.0966501,14.5097,0.0002,-8.31864e-16,-1.02172e-10,-8.31864e-16,0.0002,1.28564e-10,-1.02172e-10,1.28564e-10,0.0002
0.611175,0.282333,-1.66564,0.611187,0.282351,-1.66562,0.0109747,-0.0721666,-0.0966434,14.4124,0.0002,-5.25667e-16,-6.53899e-11,-5.25667e-16,0.0002,8.2281e-11,-6.53899e-11,8.2281e-11,0.0002
0.611173,0.28237,-1.66564,0.611168,0.282517,-1.66561,0.0109733,-0.0721298,-0.0966361,14.6012,0.0002,-3.33672e-16,-4.18495e-11,-3.33672e-16,0.0002,5.26599e-11,-4.18495e-11,5.26599e-11,0.0002
0.611175,0.282377,-1.66565,0.611182,0.282407,-1.66571,0.010975,-0.0721225,-0.0966507,14.6434,0.0002,-2.12422e-16,-2.67837e-11,-2.12422e-16,0.0002,3.37023e-11,-2.67837e-11,3.37023e-11,0.0002
0.611177,0.28239,-1.66563,0.611186,0.282439,-1.66555,0.0109772,-0.0721102,-0.0966313,14.5532,0.0002,-1.35488e-16,-1.71416e-11,-1.35488e-16,0.0002,2.15695e-11,-1.71416e-11,2.15695e-11,0.0002
0.611173,0.282352,-1.66561,0.611157,0.282202,-1.66552,0.0109732,-0.0721477,-0.0966083,14.5392,0.0002,-8.65229e-17,-1.09706e-11,-8.65229e-17,0.0002,1.38045e-11,-1.09706e-11,1.38045e-11,0.0002
0.611185,0.282281,-1.66566,0.611233,0.281995,-1.66588,0.0109852,-0.0722191,-0.0966623,14.7521,0.0002,-5.52971e-17,-7.02119e-12,-5.52971e-17,0.0002,8.83486e-12,-7.02119e-12,8.83486e-12,0.0002
0.611184,0.282288,-1.66567,0.61118,0.282318,-1.6657,0.0109843,-0.0722118,-0.0966708,14.476,0.0002,-3.53584e-17,-4.49356e-12,-3.53584e-17,0.0002,5.65431e-12,-4.49356e-12,5.65431e-12,0.0002
0.611207,0.282302,-1.66573,0.611238,0.282307,-1.66565,0.0110066,-0.0721983,-0.0967294,14.5381,0.0002,-1.87559e-14,-1.53557e-09,-1.87559e-14,0.0002,1.85899e-09,-1.53557e-09,1.85899e-09,0.0002
0.611209,0.282258,-1.66568,0.611173,0.282139,-1.6658,0.0110095,-0.0722425,-0.0966796,14.5841,0.0002,1.27193e-14,8.72454e-10,1.27193e-14,0.0002,2.72263e-09,8.72454e-10,2.72263e-09,0.0002
0.611203,0.282284,-1.66577,0.611223,0.28233,-1.6658,0.0110027,-0.0722165,-0.0967674,14.6845,0.0002,-1.24663e-15,-1.29701e-09,-1.24663e-15,0.0002,2.09808e-10,-1.29701e-09,2.09808e-10,0.0002
0.611222,0.282317,-1.66573,0.6113,0.282453,-1.66557,0.0110222,-0.0721826,-0.0967287,14.5497,0.0002,-6.58513e-16,-8.30088e-10,-6.58513e-16,0.0002,1.34277e-10,-8.30088e-10,1.34277e-10,0.0002
0.611209,0.282334,-1.66569,0.611158,0.2824,-1.66556,0.0110093,-0.072166,-0.0966944,14.5401,0.0002,-3.6438e-16,-5.31256e-10,-3.6438e-16,0.0002,8.59375e-11,-5.31256e-10,8.59375e-11,0.0002
0.611211,0.282325,-1.66568,0.611215,0.282291,-1.66563,0.0110105,-0.0721746,-0.0966815,14.5946,0.0002,-2.09828e-16,-3.40004e-10,-2.09828e-16,0.0002,5.5e-11,-3.40004e-10,5.5e-11,0.0002
0.611204,0.2823,-1.66569,0.611177,0.282199,-1.66572,0.0110039,-0.0721999,-0.096689,14.6508,0.0002,-1.24715e-16,-2.17603e-10,-1.24715e-16,0.0002,3.52e-11,-2.17603e-10,3.52e-11,0.0002
0.611211,0.282317,-1.6657,0.611239,0.282384,-1.66573,0.0110109,-0.0721831,-0.0966966,14.5398,0.0002,-7.58961e-17,-1.39266e-10,-7.58961e-17,0.0002,2.2528e-11,-1.39266e-10,2.2528e-11,0.0002
0.611209,0.282305,-1.66563,0.61126,0.282303,-1.66569,0.0110091,-0.0721955,-0.0966318,14.5753,0.0002,-1.74796e-14,1.44381e-09,-1.74796e-14,0.0002,-1.84075e-09,1.44381e-09,-1.84075e-09,0.0002
0.611219,0.28228,-1.6657,0.61121,0.28224,-1.66563,0.0110189,-0.0722199,-0.0966951,14.4521,0.0002,3.7869e-15,2.77935e-09,3.7869e-15,0.0002,3.54684e-10,2.77935e-09,3.54684e-10,0.0002
0.611209,0.282283,-1.66568,0.611169,0.282296,-1.66564,0.011009,-0.0722168,-0.0966834,14.5341,0.0002,1.91889e-15,1.77878e-09,1.91889e-15,0.0002,2.26998e-10,1.77878e-09,2.26998e-10,0.0002
0.611232,0.282311,-1.66564,0.611265,0.282372,-1.66579,0.0110318,-0.0721894,-0.0966412,14.5576,0.0002,-5.24346e-15,-3.94541e-10,-5.24346e-15,0.0002,2.00042e-09,-3.94541e-10,2.00042e-09,0.0002
0.611219,0.282317,-1.66567,0.611169,0.282343,-1.66579,0.0110193,-0.0721828,-0.0966708,14.5655,0.0002,-2.95172e-15,-2.52506e-10,-2.95172e-15,0.0002,1.28027e-09,-2.52506e-10,1.28027e-09,0.0002
0.611235,0.282333,-1.66576,0.611348,0.28234,-1.66582,0.0110353,-0.0721666,-0.0967644,14.4981,0.0002,8.58712e-15,-2.01697e-09,8.58712e-15,0.0002,-7.13316e-10,-2.01697e-09,-7.13316e-10,0.0002
0.611237,0.282365,-1.66574,0.611244,0.28249,-1.66564,0.0110371,-0.0721352,-0.0967399,14.6046,0.0002,4.75912e-15,-1.29086e-09,4.75912e-15,0.0002,-4.56523e-10,-1.29086e-09,-4.56523e-10,0.0002
0.611239,0.282397,-1.66573,0.611246,0.282526,-1.66571,0.0110389,-0.0721029,-0.0967347,14.4935,0.0002,2.74411e-15,-8.26153e-10,2.74411e-15,0.0002,-2.92174e-10,-8.26153e-10,-2.92174e-10,0.0002
0.611243,0.282375,-1.66571,0.611257,0.282286,-1.66562,0.0110426,-0.0721252,-0.0967111,14.494,0.0002,1.63265e-15,-5.28738e-10,1.63265e-15,0.0002,-1.86992e-10,-5.28738e-10,-1.86992e-10,0.0002
0.611203,0.28233,-1.66568,0.611104,0.282199,-1.66585,0.0110032,-0.07217,-0.0966759,14.6573,0.0002,-1.47525e-14,1.19452e-09,-1.47525e-14,0.0002,-1.97486e-09,1.19452e-09,-1.97486e-09,0.0002
0.61119,0.282358,-1.66568,0.611138,0.282472,-1.66571,0.0109901,-0.0721417,-0.0966822,14.56,0.0002,-8.23378e-15,7.64492e-10,-8.23378e-15,0.0002,-1.26391e-09,7.64492e-10,-1.26391e-09,0.0002
0.611191,0.282354,-1.66568,0.611197,0.282335,-1.66566,0.0109914,-0.0721463,-0.0966779,14.4402,0.0002,-4.7749e-15,4.89275e-10,-4.7749e-15,0.0002,-8.08904e-10,4.89275e-10,-8.08904e-10,0.0002
0.611191,0.282364,-1.6657,0.61119,0.282406,-1.66577,0.0109912,-0.0721359,-0.0966966,14.6336,0.0002,-2.8533e-15,3.13136e-10,-2.8533e-15,0.0002,-5.17699e-10,3.13136e-10,-5.17699e-10,0.0002
0.611193,0.282348,-1.66575,0.611152,0.282342,-1.66564,0.0109929,-0.0721518,-0.0967484,14.5621,0.0002,1.48999e-14,2.05582e-09,1.48999e-14,0.0002,1.20132e-09,2.05582e-09,1.20132e-09,0.0002
0.611195,0.282324,-1.66567,0.611251,0.282169,-1.66568,0.010995,-0.0720761,-0.0966703,14.4913,0.0002,4.33801e-15,-5.39523e-10,4.33801e-15,0.0002,-7.63999e-10,-5.39523e-10,-7.63999e-10,0.0002
0.6112,0.282317,-1.66574,0.611173,0.282349,-1.66572,0.0110001,-0.0721827,-0.0967443,14.5472,0.0002,1.18005e-14,1.51007e-09,1.18005e-14,0.0002,1.04373e-09,1.51007e-09,1.04373e-09,0.0002
0.611195,0.282371,-1.66568,0.611223,0.282527,-1.66575,0.010995,-0.0721292,-0.0966813,14.4387,0.0002,7.55325e-15,-8.88792e-10,7.55325e-15,0.0002,-8.6486e-10,-8.88792e-10,-8.6486e-10,0.0002
0.611204,0.282359,-1.66575,0.611191,0.28237,-1.66571,0.0110039,-0.072141,-0.0967503,14.517,0.0002,1.06414e-14,1.28656e-09,1.06414e-14,0.0002,9.79161e-10,1.28656e-09,9.79161e-10,0.0002
0.61124,0.282408,-1.66564,0.611434,0.282544,-1.66554,0.0110403,-0.0720925,-0.096645,14.6668,0.0002,8.91548e-15,-1.03185e-09,8.91548e-15,0.0002,-9.06175e-10,-1.03185e-09,-9.06175e-10,0.0002
0.611237,0.282399,-1.66564,0.611225,0.282363,-1.6656,0.0110373,-0.0721013,-0.0966368,14.4882,0.0002,5.22717e-15,-6.60384e-10,5.22717e-15,0.0002,-5.79952e-10,-6.60384e-10,-5.79952e-10,0.0002
0.611255,0.282404,-1.66565,0.611325,0.282425,-1.66568,0.0110548,-0.0719961,-0.0966462,14.5912,0.0002,3.1493e-15,-4.22646e-10,3.1493e-15,0.0002,-3.71169e-10,-4.22646e-10,-3.71169e-10,0.0002
0.611241,0.282401,-1.66564,0.611183,0.28239,-1.66564,0.0110405,-0.0719989,-0.0966448,14.4385,0.0002,1.93523e-15,-2.70493e-10,1.93523e-15,0.0002,-2.37548e-10,-2.70493e-10,-2.37548e-10,0.0002
0.611244,0.282411,-1.66572,0.61121,0.282507,-1.66571,0.011044,-0.0719894,-0.0967216,14.5407,0.0002,1.62753e-14,1.68221e-09,1.62753e-14,0.0002,1.38071e-09,1.68221e-09,1.38071e-09,0.0002
0.611232,0.282403,-1.66563,0.611127,0.282325,-1.6656,0.0110322,-0.0719968,-0.0966345,14.5393,0.0002,-5.21722e-15,-4.56273e-10,-5.21722e-15,0.0002,2.73886e-09,-4.56273e-10,2.73886e-09,0.0002
0.611217,0.282411,-1.66558,0.611215,0.28249,-1.66567,0.0110172,-0.071989,-0.0965776,14.4097,0.0002,-1.72452e-16,1.24104e-09,-1.72452e-16,0.0002,-1.02202e-10,1.24104e-09,-1.02202e-10,0.0002
0.611217,0.282398,-1.66556,0.611217,0.282347,-1.66547,0.0110171,-0.0720019,-0.0965559,14.5606,0.0002,-4.54286e-17,7.94264e-10,-4.54286e-17,0.0002,-6.54094e-11,7.94264e-10,-6.54094e-11,0.0002
0.611222,0.282416,-1.66564,0.611287,0.282431,-1.66564,0.0110215,-0.0720837,-0.096637,14.48,0.0002,1.40562e-14,-1.34687e-09,1.40562e-14,0.0002,-1.57477e-09,-1.34687e-09,-1.57477e-09,0.0002
0.611195,0.282408,-1.66563,0.611088,0.282377,-1.6656,0.0109949,-0.0720916,-0.0966298,14.557,0.0002,7.91003e-15,-8.61994e-10,7.91003e-15,0.0002,-1.00785e-09,-8.61994e-10,-1.00785e-09,0.0002
0.611199,0.282439,-1.66563,0.611215,0.282563,-1.66565,0.0109988,-0.0719606,-0.0966338,14.5249,0.0002,4.61761e-15,-5.51676e-10,4.61761e-15,0.0002,-6.45024e-10,-5.51676e-10,-6.45024e-10,0.0002
0.611214,0.28244,-1.66562,0.611275,0.282442,-1.66558,0.0110141,-0.0720601,-0.0966235,14.5121,0.0002,2.77308e-15,-3.53073e-10,2.77308e-15,0.0002,-4.12815e-10,-3.53073e-10,-4.12815e-10,0.0002
0.611229,0.282431,-1.66561,0.611287,0.282395,-1.66558,0.0110288,-0.0720691,-0.0966146,14.6958,0.0002,1.70015e-15,-2.25966e-10,1.70015e-15,0.0002,-2.64202e-10,-2.25966e-10,-2.64202e-10,0.0002
0.611256,0.282459,-1.66549,0.611365,0.282571,-1.66497,0.011056,-0.0720411,-0.0964864,14.994,0.0002,1.05753e-15,-1.44619e-10,1.05753e-15,0.0002,-1.69089e-10,-1.44619e-10,-1.69089e-10,0.0002
0.611276,0.282464,-1.66548,0.611355,0.282487,-1.66547,0.0110758,-0.0720355,-0.096484,14.4788,0.0002,6.64297e-16,-9.25559e-11,6.64297e-16,0.0002,-1.08217e-10,-9.25559e-11,-1.08217e-10,0.0002
0.611271,0.282448,-1.66559,0.611205,0.282441,-1.66569,0.0110712,-0.0720518,-0.0965896,14.5401,0.0002,1.76441e-14,1.79585e-09,1.76441e-14,0.0002,1.46378e-09,1.79585e-09,1.46378e-09,0.0002
0.611269,0.282425,-1.66556,0.611261,0.282331,-1.66546,0.0110692,-0.0720752,-0.0965637,14.6896,0.0002,9.94631e-15,1.14934e-09,9.94631e-15,0.0002,9.36818e-10,1.14934e-09,9.36818e-10,0.0002
0.611265,0.282417,-1.66556,0.611248,0.282387,-1.66557,0.0110649,-0.0720827,-0.0965646,14.6684,0.0002,5.81436e-15,7.35579e-10,5.81436e-15,0.0002,5.99563e-10,7.35579e-10,5.99563e-10,0.0002
0.611252,0.282412,-1.66559,0.611203,0.282392,-1.6657,0.0110524,-0.0720878,-0.0965913,14.597,0.0002,3.49538e-15,4.70771e-10,3.49538e-15,0.0002,3.83721e-10,4.70771e-10,3.83721e-10,0.0002
0.611242,0.282412,-1.66559,0.611199,0.282412,-1.66557,0.0110417,-0.0720879,-0.0965875,14.5647,0.0002,2.14456e-15,3.01293e-10,2.14456e-15,0.0002,2.45581e-10,3.01293e-10,2.45581e-10,0.0002
0.611245,0.282427,-1.66559,0.611259,0.282484,-1.66558,0.0110451,-0.0720735,-0.0965869,14.5801,0.0002,1.33463e-15,1.92828e-10,1.33463e-15,0.0002,1.57172e-10,1.92828e-10,1.57172e-10,0.0002
0.611239,0.282429,-1.66559,0.611214,0.282441,-1.66558,0.0110389,-0.0720706,-0.0965857,14.5245,0.0002,8.38647e-16,1.2341e-10,8.38647e-16,0.0002,1.0059e-10,1.2341e-10,1.0059e-10,0.0002
0.611245,0.282413,-1.66559,0.611271,0.282349,-1.66559,0.0110454,-0.0720868,-0.096586,14.4789,0.0002,5.30378e-16,7.89822e-11,5.30378e-16,0.0002,6.43776e-11,7.89822e-11,6.43776e-11,0.0002
0.611223,0.282378,-1.66563,0.611132,0.282235,-1.66581,0.0110227,-0.0721224,-0.0966302,14.4953,0.0002,3.36839e-16,5.05486e-11,3.36839e-16,0.0002,4.12017e-11,5.05486e-11,4.12017e-11,0.0002
0.611222,0.282405,-1.66556,0.61116,0.282468,-1.66561,0.0110217,-0.0720947,-0.0965625,14.5595,0.0002,-1.83202e-14,-1.50071e-09,-1.83202e-14,0.0002,1.88143e-09,-1.50071e-09,1.88143e-09,0.0002
0.611193,0.282388,-1.66565,0.611135,0.282366,-1.66569,0.0109929,-0.0721122,-0.0966505,14.4317,0.0002,-5.13567e-15,5.72438e-10,-5.13567e-15,0.0002,-6.51087e-10,5.72438e-10,-6.51087e-10,0.0002
0.611198,0.282405,-1.66567,0.61122,0.282476,-1.66576,0.0109983,-0.0720945,-0.0966729,14.4691,0.0002,-3.096e-15,3.6636e-10,-3.096e-15,0.0002,-4.16695e-10,3.6636e-10,-4.16695e-10,0.0002
0.611219,0.282391,-1.66567,0.611302,0.282335,-1.66564,0.011019,-0.0721087,-0.0966669,14.7023,0.0002,-1.90328e-15,2.3447e-10,-1.90328e-15,0.0002,-2.66685e-10,2.3447e-10,-2.66685e-10,0.0002
0.611197,0.282379,-1.66568,0.611109,0.282329,-1.66571,0.010997,-0.0721211,-0.0966753,14.5689,0.0002,-1.18608e-15,1.50061e-10,-1.18608e-15,0.0002,-1.70678e-10,1.50061e-10,-1.70678e-10,0.0002
0.611208,0.282393,-1.66566,0.611254,0.282449,-1.66562,0.0110083,-0.0721071,-0.096664,14.5547,0.0002,-7.4598e-16,9.60391e-11,-7.4598e-16,0.0002,-1.09234e-10,9.60391e-11,-1.09234e-10,0.0002
0.611216,0.282385,-1.66568,0.611246,0.282356,-1.66576,0.011016,-0.0721146,-0.0966841,14.5819,0.0002,-4.72056e-16,6.1465e-11,-4.72056e-16,0.0002,-6.99099e-11,6.1465e-11,-6.99099e-11,0.0002
0.611222,0.28241,-1.66566,0.611245,0.282508,-1.66559,0.0110218,-0.0720901,-0.0966649,14.471,0.0002,-2.99916e-16,3.93376e-11,-2.99916e-16,0.0002,-4.47423e-11,3.93376e-11,-4.47423e-11,0.0002
0.611218,0.282375,-1.66564,0.611205,0.282234,-1.66552,0.0110184,-0.0721254,-0.0966358,14.7255,0.0002,-1.91045e-16,2.51761e-11,-1.91045e-16,0.0002,-2.86351e-11,2.51761e-11,-2.86351e-11,0.0002
0.611211,0.282397,-1.66565,0.61118,0.282486,-1.66571,0.0110108,-0.0721031,-0.0966497,14.5354,0.0002,-1.219e-16,1.61127e-11,-1.219e-16,0.0002,-1.83265e-11,1.61127e-11,-1.83265e-11,0.0002
0.611221,0.282395,-1.66557,0.611203,0.282337,-1.66558,0.0110209,-0.0721054,-0.0965718,14.6765,0.0002,-1.84974e-14,-1.52271e-09,-1.84974e-14,0.0002,1.84337e-09,-1.52271e-09,1.84337e-09,0.0002
0.611217,0.282428,-1.66568,0.611259,0.282608,-1.66579,0.0110169,-0.0720722,-0.0966793,14.5426,0.0002,-5.33121e-15,5.58338e-10,-5.33121e-15,0.0002,-6.75464e-10,5.58338e-10,-6.75464e-10,0.0002
0.611206,0.282466,-1.66574,0.611213,0.282561,-1.66567,0.0110065,-0.0720339,-0.0967414,14.528,0.0002,1.71124e-14,-1.49805e-09,1.71124e-14,0.0002,-1.96497e-09,-1.49805e-09,-1.96497e-09,0.0002
0.611216,0.282461,-1.66573,0.611255,0.282438,-1.66571,0.0110163,-0.0720395,-0.0967349,14.4276,0.0002,9.44478e-15,-9.5875e-10,9.44478e-15,0.0002,-1.25758e-09,-9.5875e-10,-1.25758e-09,0.0002
0.611228,0.282461,-1.66565,0.611215,0.282417,-1.66564,0.0110276,-0.0720385,-0.0966518,14.5991,0.0002,-1.26093e-14,-2.14647e-09,-1.26093e-14,0.0002,1.05037e-09,-2.14647e-09,1.05037e-09,0.0002
0.61121,0.282459,-1.66565,0.611139,0.282448,-1.66565,0.01101,-0.0720413,-0.0966508,14.4027,0.0002,-6.91563e-15,-1.37374e-09,-6.91563e-15,0.0002,6.72239e-10,-1.37374e-09,6.72239e-10,0.0002
0.611198,0.282422,-1.66564,0.611152,0.282274,-1.66559,0.0109984,-0.0720782,-0.096639,14.5917,0.0002,-3.95318e-15,-8.79192e-10,-3.95318e-15,0.0002,4.30233e-10,-8.79192e-10,4.30233e-10,0.0002
0.611198,0.282399,-1.66562,0.611198,0.282307,-1.66556,0.0109983,-0.0721011,-0.096623,14.5864,0.0002,-2.33637e-15,-5.62683e-10,-2.33637e-15,0.0002,2.75349e-10,-5.62683e-10,2.75349e-10,0.0002
0.611201,0.282417,-1.66563,0.61121,0.282491,-1.66567,0.0110007,-0.0720826,-0.0966316,14.5226,0.0002,-1.41595e-15,-3.60117e-10,-1.41595e-15,0.0002,1.76223e-10,-3.60117e-10,1.76223e-10,0.0002
0.6112,0.282418,-1.66563,0.611199,0.282419,-1.6656,0.0110004,-0.0720822,-0.0966258,14.5689,0.0002,-8.73715e-16,-2.30475e-10,-8.73715e-16,0.0002,1.12783e-10,-2.30475e-10,1.12783e-10,0.0002
0.611195,0.282425,-1.66561,0.611175,0.282453,-1.66557,0.0109954,-0.0720753,-0.0966147,14.654,0.0002,-5.45869e-16,-1.47504e-10,-5.45869e-16,0.0002,7.21811e-11,-1.47504e-10,7.21811e-11,0.0002
0.611183,0.282409,-1.66558,0.611131,0.282346,-1.66546,0.0109825,-0.072091,-0.0965831,14.498,0.0002,-3.43905e-16,-9.44026e-11,-3.43905e-16,0.0002,4.61959e-11,-9.44026e-11,4.61959e-11,0.0002
0.611171,0.282397,-1.66559,0.611124,0.28235,-1.66563,0.0109708,-0.0721027,-0.0965916,14.5477,0.0002,-2.17866e-16,-6.04176e-11,-2.17866e-16,0.0002,2.95654e-11,-6.04176e-11,2.95654e-11,0.0002
0.611186,0.282383,-1.66562,0.611247,0.282326,-1.66575,0.010986,-0.0721169,-0.0966242,14.5752,0.0002,-1.3852e-16,-3.86673e-11,-1.3852e-16,0.0002,1.89218e-11,-3.86673e-11,1.89218e-11,0.0002
0.611192,0.282359,-1.66574,0.611169,0.282321,-1.66586,0.0109922,-0.0721408,-0.0967357,14.5522,0.0002,1.84724e-14,1.83055e-09,1.84724e-14,0.0002,1.54489e-09,1.83055e-09,1.54489e-09,0.0002
0.611171,0.282324,-1.66566,0.611144,0.28223,-1.66565,0.0109709,-0.0721762,-0.096656,14.5985,0.0002,-1.26056e-14,2.70442e-09,-1.26056e-14,0.0002,-8.66499e-10,2.70442e-09,-8.66499e-10,0.0002
0.611169,0.282341,-1.66567,0.611161,0.28241,-1.66574,0.010969,-0.0721591,-0.0966727,14.5652,0.0002,-6.8678e-15,1.73083e-09,-6.8678e-15,0.0002,-5.54559e-10,1.73083e-09,-5.54559e-10,0.0002
0.611161,0.282364,-1.66574,0.611174,0.282397,-1.66567,0.0109605,-0.0721363,-0.0967359,14.588,0.0002,7.93748e-15,-7.47644e-10,7.93748e-15,0.0002,-1.8876e-09,-7.47644e-10,-1.8876e-09,0.0002
0.611196,0.282388,-1.66564,0.611278,0.282437,-1.66559,0.0109957,-0.0721121,-0.0966432,14.6063,0.0002,-7.97823e-15,-2.01136e-09,-7.97823e-15,0.0002,6.4716e-10,-2.01136e-09,6.4716e-10,0.0002
0.611201,0.282368,-1.66572,0.611282,0.282335,-1.66569,0.0110013,-0.0721323,-0.0967165,14.4874,0.0002,-3.2623e-15,2.45474e-10,-3.2623e-15,0.0002,-1.44115e-09,2.45474e-10,-1.44115e-09,0.0002
0.611209,0.282388,-1.66573,0.61124,0.28247,-1.66579,0.0110091,-0.072112,-0.096731,14.5635,0.0002,-1.90674e-15,1.57103e-10,-1.90674e-15,0.0002,-9.22333e-10,1.57103e-10,-9.22333e-10,0.0002
0.611209,0.282409,-1.66564,0.611152,0.282444,-1.66562,0.0110093,-0.0720913,-0.0966446,14.5477,0.0002,-1.26465e-14,-1.43233e-09,-1.26465e-14,0.0002,1.26493e-09,-1.43233e-09,1.26493e-09,0.0002
0.611234,0.282445,-1.66564,0.611332,0.282592,-1.66561,0.0110338,-0.0720547,-0.0966368,14.4545,0.0002,-7.16612e-15,-9.16689e-10,-7.16612e-15,0.0002,8.09553e-10,-9.16689e-10,8.09553e-10,0.0002
0.611229,0.282431,-1.66563,0.611209,0.282372,-1.66558,0.0110287,-0.0720694,-0.0966263,14.5665,0.0002,-4.20636e-15,-5.86681e-10,-4.20636e-15,0.0002,5.18114e-10,-5.86681e-10,5.18114e-10,0.0002
0.611228,0.282426,-1.66563,0.611224,0.282406,-1.66563,0.0110277,-0.0720742,-0.0966273,14.6668,0.0002,-2.53644e-15,-3.75476e-10,-2.53644e-15,0.0002,3.31593e-10,-3.75476e-10,3.31593e-10,0.0002
0.611221,0.282401,-1.66564,0.611196,0.282304,-1.66567,0.0110215,-0.0720986,-0.0966358,14.7119,0.0002,-1.55957e-15,-2.40305e-10,-1.55957e-15,0.0002,2.12219e-10,-2.40305e-10,2.12219e-10,0.0002
0.611225,0.282418,-1.66568,0.611288,0.282427,-1.66556,0.0110253,-0.0720819,-0.0966841,14.3889,0.0002,1.75834e-14,-2.00911e-09,1.75834e-14,0.0002,-1.39694e-09,-2.00911e-09,-1.39694e-09,0.0002
0.6112,0.282394,-1.66559,0.611158,0.282348,-1.66555,0.0110003,-0.0721055,-0.096593,14.6494,0.0002,-2.18635e-15,2.47129e-10,-2.18635e-15,0.0002,-2.74919e-09,2.47129e-10,-2.74919e-09,0.0002
0.611221,0.282401,-1.66555,0.611257,0.282487,-1.66567,0.0110212,-0.0720986,-0.0965457,14.6574,0.0002,-2.21557e-15,2.01317e-09,-2.21557e-15,0.0002,-2.26349e-10,2.01317e-09,-2.26349e-10,0.0002
0.611213,0.282411,-1.66557,0.611181,0.282449,-1.66567,0.0110132,-0.0720891,-0.0965702,14.6131,0.0002,-1.18466e-15,1.28843e-09,-1.18466e-15,0.0002,-1.44864e-10,1.28843e-09,-1.44864e-10,0.0002
0.611219,0.282447,-1.66557,0.611233,0.282484,-1.66555,0.0110192,-0.0720534,-0.0965661,14.5822,0.0002,-4.01942e-15,-2.56352e-09,-4.01942e-15,0.0002,2.29357e-10,-2.56352e-09,2.29357e-10,0.0002
0.611224,0.282462,-1.66566,0.611196,0.282582,-1.6657,0.0110241,-0.0720379,-0.0966568,14.4807,0.0002,1.67405e-15,2.14554e-10,1.67405e-15,0.0002,1.67967e-09,2.14554e-10,1.67967e-09,0.0002
0.611202,0.282483,-1.66552,0.611114,0.282567,-1.66562,0.0110022,-0.072017,-0.0965221,14.5145,0.0002,8.86879e-16,1.37315e-10,8.86879e-16,0.0002,1.07499e-09,1.37315e-10,1.07499e-09,0.0002
0.611178,0.282457,-1.66554,0.611189,0.282345,-1.66563,0.0109783,-0.0720426,-0.0965444,14.5037,0.0002,4.2421e-15,-2.34026e-10,4.2421e-15,0.0002,-2.70014e-09,-2.34026e-10,-2.70014e-09,0.0002
0.611179,0.282441,-1.66556,0.611184,0.282376,-1.6656,0.0109795,-0.0720588,-0.096556,14.6073,0.0002,2.39141e-15,-1.49776e-10,2.39141e-15,0.0002,-1.72809e-09,-1.49776e-10,-1.72809e-09,0.0002
0.611172,0.282403,-1.66566,0.611093,0.28231,-1.66578,0.0109717,-0.0720966,-0.0966647,14.5685,0.0002,5.6314e-15,1.75934e-09,5.6314e-15,0.0002,4.26926e-10,1.75934e-09,4.26926e-10,0.0002
0.611184,0.282412,-1.66558,0.611175,0.282396,-1.66557,0.010984,-0.0720884,-0.0965827,14.6805,0.0002,-4.48442e-15,-4.0702e-10,-4.48442e-15,0.0002,2.12835e-09,-4.0702e-10,2.12835e-09,0.0002
0.611183,0.282454,-1.66553,0.611227,0.282564,-1.66562,0.010983,-0.0720463,-0.096527,14.4944,0.0002,2.2761e-15,-2.11548e-09,2.2761e-15,0.0002,-1.71004e-10,-2.11548e-09,-1.71004e-10,0.0002
0.611178,0.282474,-1.66568,0.611158,0.282555,-1.66565,0.010978,-0.072026,-0.0966785,14.5322,0.0002,1.27148e-15,-1.35391e-09,1.27148e-15,0.0002,-1.09443e-10,-1.35391e-09,-1.09443e-10,0.0002
0.611202,0.282453,-1.66567,0.611299,0.282367,-1.66565,0.0110021,-0.0720474,-0.0966729,14.6866,0.0002,7.37884e-16,-8.66503e-10,7.37884e-16,0.0002,-7.00433e-11,-8.66503e-10,-7.00433e-11,0.0002
0.611221,0.282434,-1.66568,0.611299,0.28236,-1.66573,0.0110214,-0.0720659,-0.0966833,14.4411,0.0002,4.41171e-16,-5.54562e-10,4.41171e-16,0.0002,-4.48277e-11,-5.54562e-10,-4.48277e-11,0.0002
0.611233,0.282451,-1.66569,0.611281,0.282517,-1.66569,0.0110334,-0.0720493,-0.0966855,14.5586,0.0002,2.69621e-16,-3.54919e-10,2.69621e-16,0.0002,-2.86897e-11,-3.54919e-10,-2.86897e-11,0.0002
0.611243,0.282436,-1.66569,0.611279,0.282378,-1.6657,0.0110426,-0.0720638,-0.0966893,14.4241,0.0002,1.67344e-16,-2.27148e-10,1.67344e-16,0.0002,-1.83614e-11,-2.27148e-10,-1.83614e-11,0.0002
0.611255,0.282445,-1.66568,0.611307,0.28248,-1.66565,0.0110554,-0.072055,-0.0966821,14.3927,0.0002,1.04965e-16,-1.45375e-10,1.04965e-16,0.0002,-1.17513e-11,-1.45375e-10,-1.17513e-11,0.0002
0.611239,0.282418,-1.66559,0.611232,0.282357,-1.66553,0.011039,-0.0720821,-0.0965879,14.5859,0.0002,-1.75395e-14,1.43992e-09,-1.75395e-14,0.0002,-1.86267e-09,1.43992e-09,-1.86267e-09,0.0002
0.611245,0.282438,-1.66548,0.611212,0.28247,-1.66539,0.0110452,-0.0720622,-0.0964843,14.4299,0.0002,-5.30315e-15,-6.11587e-10,-5.30315e-15,0.0002,6.62894e-10,-6.11587e-10,6.62894e-10,0.0002
0.611229,0.282424,-1.66547,0.611163,0.282369,-1.66542,0.0110288,-0.0720759,-0.0964706,14.5653,0.0002,-3.18645e-15,-3.91416e-10,-3.18645e-15,0.0002,4.24252e-10,-3.91416e-10,4.24252e-10,0.0002
0.611219,0.282432,-1.66552,0.611182,0.282462,-1.66572,0.0110194,-0.0720683,-0.0965206,14.6439,0.0002,-1.9543e-15,-2.50506e-10,-1.9543e-15,0.0002,2.71521e-10,-2.50506e-10,2.71521e-10,0.0002
0.611206,0.282423,-1.66561,0.611202,0.282328,-1.66565,0.0110062,-0.0721774,-0.0966099,14.5582,0.0002,1.69443e-14,-2.01546e-09,1.69443e-14,0.0002,-1.3592e-09,-2.01546e-09,-1.3592e-09,0.0002
0.611262,0.282432,-1.66554,0.611437,0.282525,-1.66495,0.0110619,-0.0721684,-0.0965422,15.1188,0.0002,4.53786e-15,5.6538e-10,4.53786e-15,0.0002,6.62918e-10,5.6538e-10,6.62918e-10,0.0002
0.611242,0.282461,-1.66556,0.611162,0.282576,-1.66561,0.011042,-0.0720395,-0.0965563,14.4796,0.0002,2.71233e-15,3.61843e-10,2.71233e-15,0.0002,4.24268e-10,3.61843e-10,4.24268e-10,0.0002
0.61123,0.282459,-1.66558,0.61118,0.282455,-1.6657,0.0110296,-0.0720407,-0.0965849,14.4226,0.0002,1.65729e-15,2.3158e-10,1.65729e-15,0.0002,2.71531e-10,2.3158e-10,2.71531e-10,0.0002
0.611217,0.282437,-1.66559,0.611166,0.282347,-1.6656,0.0110168,-0.0721632,-0.0965871,14.4632,0.0002,1.02847e-15,1.48211e-10,1.02847e-15,0.0002,1.7378e-10,1.48211e-10,1.7378e-10,0.0002
0.611196,0.282437,-1.66558,0.611114,0.28244,-1.66557,0.0109962,-0.0720625,-0.0965845,14.5579,0.0002,6.45034e-16,9.4855e-11,6.45034e-16,0.0002,1.11219e-10,9.4855e-11,1.11219e-10,0.0002
0.61117,0.282443,-1.66562,0.611064,0.282465,-1.66575,0.0109698,-0.072057,-0.0966186,14.4122,0.0002,4.0742e-16,6.07072e-11,4.0742e-16,0.0002,7.11803e-11,6.07072e-11,7.11803e-11,0.0002
0.611158,0.282465,-1.66564,0.611113,0.282553,-1.66571,0.0109585,-0.0720349,-0.0966359,14.4881,0.0002,2.58537e-16,3.88526e-11,2.58537e-16,0.0002,4.55554e-11,3.88526e-11,4.55554e-11,0.0002
0.611148,0.282435,-1.66563,0.611107,0.282317,-1.6656,0.0109483,-0.0721646,-0.0966297,14.5758,0.0002,1.64557e-16,2.48657e-11,1.64557e-16,0.0002,2.91555e-11,2.48657e-11,2.91555e-11,0.0002
0.611151,0.282477,-1.66566,0.611162,0.282641,-1.66579,0.010951,-0.0721235,-0.096661,14.402,0.0002,1.04945e-16,1.5914e-11,1.04945e-16,0.0002,1.86595e-11,1.5914e-11,1.86595e-11,0.0002
0.611158,0.282479,-1.66568,0.611186,0.282487,-1.66578,0.010858,-0.0721213,-0.096684,14.5673,0.0002,6.7013e-17,1.0185e-11,6.7013e-17,0.0002,1.19421e-11,1.0185e-11,1.19421e-11,0.0002
0.611152,0.282465,-1.66565,0.611127,0.282409,-1.66552,0.0109518,-0.0721354,-0.0966514,14.5633,0.0002,4.28261e-17,6.51839e-12,4.28261e-17,0.0002,7.64293e-12,6.51839e-12,7.64293e-12,0.0002
0.611174,0.282464,-1.66567,0.611264,0.282461,-1.66575,0.0109743,-0.072136,-0.0966709,14.6208,0.0002,2.73832e-17,4.17177e-12,2.73832e-17,0.0002,4.89147e-12,4.17177e-12,4.89147e-12,0.0002
0.611152,0.282435,-1.66564,0.611169,0.28231,-1.6655,0.010952,-0.0721648,-0.0966373,14.725,0.0002,7.12012e-15,-3.19741e-10,7.12012e-15,0.0002,-3.38496e-09,-3.19741e-10,-3.38496e-09,0.0002
0.611157,0.282466,-1.66562,0.611178,0.282592,-1.66553,0.0109572,-0.0721335,-0.0966158,14.5204,0.0002,4.00273e-15,-2.04634e-10,4.00273e-15,0.0002,-2.16637e-09,-2.04634e-10,-2.16637e-09,0.0002
0.611169,0.282471,-1.6656,0.611214,0.282491,-1.66555,0.0108686,-0.0721286,-0.0966036,14.5594,0.0002,2.33477e-15,-1.30966e-10,2.33477e-15,0.0002,-1.38648e-09,-1.30966e-10,-1.38648e-09,0.0002
0.611197,0.282465,-1.6656,0.61131,0.282438,-1.66557,0.0108968,-0.0721353,-0.0965974,14.6171,0.0002,1.40128e-15,-8.38182e-11,1.40128e-15,0.0002,-8.87346e-10,-8.38182e-11,-8.87346e-10,0.0002
0.611219,0.282464,-1.6656,0.611191,0.282366,-1.66559,0.0109188,-0.0721358,-0.0965966,14.5721,0.0002,-6.36728e-14,-3.11959e-09,-6.36728e-14,0.0002,3.14237e-09,-3.11959e-09,3.14237e-09,0.0002
0.611227,0.282459,-1.66557,0.611261,0.282441,-1.66547,0.0109272,-0.0721405,-0.0965712,14.5822,0.0002,-3.57315e-14,-1.99654e-09,-3.57315e-14,0.0002,2.01112e-09,-1.99654e-09,2.01112e-09,0.0002
0.611195,0.282433,-1.66552,0.611126,0.282377,-1.66562,0.0108954,-0.0721666,-0.0965179,14.5911,0.0002,-1.0971e-14,2.55385e-10,-1.0971e-14,0.0002,-5.67859e-10,2.55385e-10,-5.67859e-10,0.0002
0.611189,0.28242,-1.66566,0.611161,0.282365,-1.66561,0.0108886,-0.0721802,-0.0966623,14.5692,0.0002,-6.94719e-15,1.63446e-10,-6.94719e-15,0.0002,-3.6343e-10,1.63446e-10,-3.6343e-10,0.0002
0.611181,0.282412,-1.66559,0.611209,0.28243,-1.66561,0.010881,-0.0721877,-0.0965884,14.5837,0.0002,-2.66923e-14,1.63761e-09,-2.66923e-14,0.0002,-2.08771e-09,1.63761e-09,-2.08771e-09,0.0002
0.611204,0.282422,-1.66568,0.611249,0.282517,-1.66571,0.0109041,-0.0721785,-0.0966759,14.6203,0.0002,-2.39485e-15,2.90331e-09,-2.39485e-15,0.0002,1.9671e-10,2.90331e-09,1.9671e-10,0.0002
0.611262,0.282537,-1.66535,0.611543,0.282941,-1.66437,0.0109622,-0.072063,-0.0963512,14.913,0.0002,-3.38782e-15,2.985e-12,-3.38782e-15,0.0002,-1.40708e-09,2.985e-12,-1.40708e-09,0.0002
0.611267,0.282521,-1.66541,0.611181,0.282466,-1.66562,0.0109672,-0.0719792,-0.0964056,14.6162,0.0002,3.12219e-15,3.23239e-10,3.12219e-15,0.0002,2.48766e-09,3.23239e-10,2.48766e-09,0.0002
0.611239,0.282517,-1.66542,0.611124,0.2825,-1.66549,0.0109386,-0.0720834,-0.0964225,14.5116,0.0002,1.5865e-15,2.06873e-10,1.5865e-15,0.0002,1.5921e-09,2.06873e-10,1.5921e-09,0.0002
0.611216,0.282547,-1.66546,0.611231,0.282659,-1.66562,0.0109159,-0.072053,-0.0964611,14.4478,0.0002,2.90263e-15,-1.89171e-10,2.90263e-15,0.0002,-2.36922e-09,-1.89171e-10,-2.36922e-09,0.0002
0.611239,0.282542,-1.6655,0.611227,0.282531,-1.66563,0.0109394,-0.0720581,-0.0964958,14.5316,0.0002,2.88804e-15,2.00631e-10,2.88804e-15,0.0002,1.87185e-09,2.00631e-10,1.87185e-09,0.0002
0.611235,0.282572,-1.66551,0.611218,0.28269,-1.66557,0.0109352,-0.0720284,-0.0965097,14.5404,0.0002,1.65606e-15,1.28404e-10,1.65606e-15,0.0002,1.19799e-09,1.28404e-10,1.19799e-09,0.0002
0.611228,0.282552,-1.6655,0.6112,0.282476,-1.66544,0.0109282,-0.0720475,-0.0964964,14.6263,0.0002,9.81121e-16,8.21784e-11,9.81121e-16,0.0002,7.6671e-10,8.21784e-11,7.6671e-10,0.0002
0.611218,0.282529,-1.6655,0.611178,0.282437,-1.66552,0.0109182,-0.0720706,-0.0965009,14.6254,0.0002,5.95658e-16,5.25942e-11,5.95658e-16,0.0002,4.90695e-10,5.25942e-11,4.90695e-10,0.0002
0.611215,0.282524,-1.66558,0.611258,0.282553,-1.6656,0.0109145,-0.0720756,-0.0965839,14.6441,0.0002,-1.55454e-14,1.56667e-09,-1.55454e-14,0.0002,-1.54107e-09,1.56667e-09,-1.54107e-09,0.0002
0.611209,0.282517,-1.66555,0.611189,0.282485,-1.66543,0.0109094,-0.0720835,-0.0965538,14.5156,0.0002,-8.71294e-15,1.00267e-09,-8.71294e-15,0.0002,-9.86282e-10,1.00267e-09,-9.86282e-10,0.0002
0.611204,0.282525,-1.66555,0.611182,0.282558,-1.66553,0.010904,-0.0720752,-0.0965487,14.2846,0.0002,-5.06996e-15,6.41706e-10,-5.06996e-15,0.0002,-6.3122e-10,6.41706e-10,-6.3122e-10,0.0002
0.611233,0.282527,-1.6655,0.611292,0.28249,-1.66562,0.0109332,-0.0719726,-0.0964997,14.5022,0.0002,-1.26371e-14,-1.12252e-09,-1.26371e-14,0.0002,1.45096e-09,-1.12252e-09,1.45096e-09,0.0002
0.611235,0.282522,-1.66551,0.611242,0.282499,-1.66557,0.0109349,-0.0719783,-0.0965135,14.4813,0.0002,-7.25385e-15,-7.18412e-10,-7.25385e-15,0.0002,9.28614e-10,-7.18412e-10,9.28614e-10,0.0002
0.611242,0.282516,-1.66552,0.611269,0.282494,-1.66553,0.0109417,-0.0719838,-0.0965175,14.5737,0.0002,-4.30089e-15,-4.59784e-10,-4.30089e-15,0.0002,5.94313e-10,-4.59784e-10,5.94313e-10,0.0002
0.611206,0.282501,-1.66546,0.61112,0.282486,-1.66557,0.0109058,-0.0719994,-0.0964641,14.54,0.0002,-1.38676e-14,1.23901e-09,-1.38676e-14,0.0002,-1.47453e-09,1.23901e-09,-1.47453e-09,0.0002
0.611202,0.28253,-1.66548,0.611186,0.282648,-1.66553,0.0109019,-0.0719699,-0.0964781,14.5771,0.0002,-7.93983e-15,7.92965e-10,-7.93983e-15,0.0002,-9.437e-10,7.92965e-10,-9.437e-10,0.0002
0.611217,0.282549,-1.66555,0.611219,0.282578,-1.66553,0.010917,-0.0720508,-0.0965521,14.5564,0.0002,-1.1107e-14,-1.02555e-09,-1.1107e-14,0.0002,1.25111e-09,-1.02555e-09,1.25111e-09,0.0002
0.611224,0.282541,-1.66556,0.611253,0.282508,-1.66557,0.0109241,-0.071959,-0.0965563,14.4654,0.0002,-6.45157e-15,-6.56352e-10,-6.45157e-15,0.0002,8.00708e-10,-6.56352e-10,8.00708e-10,0.0002
0.611223,0.282521,-1.66564,0.611276,0.28249,-1.66566,0.0109228,-0.0719787,-0.0966398,14.4664,0.0002,-1.22533e-14,1.11284e-09,-1.22533e-14,0.0002,-1.34274e-09,1.11284e-09,-1.34274e-09,0.0002
0.611218,0.282527,-1.66562,0.6112,0.282548,-1.66554,0.0109182,-0.0719733,-0.0966201,14.6184,0.0002,-7.07705e-15,7.12216e-10,-7.07705e-15,0.0002,-8.59355e-10,7.12216e-10,-8.59355e-10,0.0002
0.61123,0.282539,-1.6656,0.611275,0.282587,-1.6655,0.0109297,-0.0719612,-0.0965958,14.3315,0.0002,-4.21594e-15,4.55818e-10,-4.21594e-15,0.0002,-5.49987e-10,4.55818e-10,-5.49987e-10,0.0002
0.611233,0.282551,-1.66558,0.611247,0.282602,-1.66552,0.0109332,-0.0719486,-0.0965799,14.6613,0.0002,-2.56985e-15,2.91724e-10,-2.56985e-15,0.0002,-3.51992e-10,2.91724e-10,-3.51992e-10,0.0002
0.611238,0.282554,-1.66559,0.611259,0.282565,-1.66562,0.0109384,-0.0719458,-0.0965871,14.4403,0.0002,-1.59213e-15,1.86703e-10,-1.59213e-15,0.0002,-2.25275e-10,1.86703e-10,-2.25275e-10,0.0002
0.611229,0.282556,-1.66542,0.611298,0.282556,-1.6654,0.0109291,-0.0719436,-0.0964237,14.5554,0.0002,3.80049e-15,-2.02099e-10,3.80049e-15,0.0002,-3.53234e-09,-2.02099e-10,-3.53234e-09,0.0002
0.611231,0.282566,-1.66551,0.61119,0.282663,-1.66552,0.0109309,-0.0719338,-0.0965074,14.4261,0.0002,-8.09129e-15,1.72565e-09,-8.09129e-15,0.0002,-7.27549e-10,1.72565e-09,-7.27549e-10,0.0002
0.611243,0.282563,-1.6655,0.61129,0.282549,-1.66546,0.0109427,-0.0719373,-0.0964986,14.457,0.0002,-4.53561e-15,1.10441e-09,-4.53561e-15,0.0002,-4.65631e-10,1.10441e-09,-4.65631e-10,0.0002
0.611249,0.282571,-1.66543,0.611323,0.282547,-1.66547,0.0109492,-0.0719288,-0.0964301,14.5503,0.0002,1.25399e-14,-1.14804e-09,1.25399e-14,0.0002,-1.83131e-09,-1.14804e-09,-1.83131e-09,0.0002
0.611248,0.282596,-1.66545,0.611241,0.282693,-1.66553,0.0109477,-0.0719044,-0.09645,14.4841,0.0002,6.94909e-15,-7.34744e-10,6.94909e-15,0.0002,-1.17204e-09,-7.34744e-10,-1.17204e-09,0.0002
0.611241,0.28254,-1.66543,0.611214,0.282315,-1.66537,0.0109409,-0.0719605,-0.0964344,14.5319,0.0002,4.00651e-15,-4.70236e-10,4.00651e-15,0.0002,-7.50104e-10,-4.70236e-10,-7.50104e-10,0.0002
0.611237,0.282507,-1.66547,0.61122,0.282379,-1.66559,0.0109368,-0.0719927,-0.0964661,14.5588,0.0002,2.38357e-15,-3.00951e-10,2.38357e-15,0.0002,-4.80066e-10,-3.00951e-10,-4.80066e-10,0.0002
0.611253,0.282477,-1.66546,0.61132,0.282354,-1.66543,0.0109534,-0.0720234,-0.0964597,14.752,0.0002,1.45151e-15,-1.92609e-10,1.45151e-15,0.0002,-3.07243e-10,-1.92609e-10,-3.07243e-10,0.0002
0.611251,0.28247,-1.66546,0.611243,0.282446,-1.66548,0.0109512,-0.0720296,-0.096464,14.5817,0.0002,8.98669e-16,-1.2327e-10,8.98669e-16,0.0002,-1.96635e-10,-1.2327e-10,-1.96635e-10,0.0002
0.611237,0.282515,-1.66547,0.611182,0.282696,-1.66551,0.0109374,-0.0719845,-0.0964737,14.5614,0.0002,5.62738e-16,-7.88925e-11,5.62738e-16,0.0002,-1.25847e-10,-7.88925e-11,-1.25847e-10,0.0002
0.611245,0.28253,-1.66548,0.611274,0.282587,-1.66549,0.0109447,-0.0719702,-0.0964778,14.5588,0.0002,3.55069e-16,-5.04912e-11,3.55069e-16,0.0002,-8.05418e-11,-5.04912e-11,-8.05418e-11,0.0002
0.611239,0.282494,-1.66547,0.611217,0.282351,-1.66546,0.0109392,-0.072006,-0.0964748,14.7408,0.0002,2.25162e-16,-3.23144e-11,2.25162e-16,0.0002,-5.15467e-11,-3.23144e-11,-5.15467e-11,0.0002
0.611261,0.28248,-1.66546,0.611245,0.282434,-1.66539,0.0109614,-0.0720201,-0.0964588,14.4242,0.0002,6.7677e-15,3.01065e-10,6.7677e-15,0.0002,3.35516e-09,3.01065e-10,3.35516e-09,0.0002
0.611252,0.282465,-1.66538,0.611261,0.282345,-1.6654,0.0109518,-0.0720355,-0.0963826,14.7473,0.0002,-5.59754e-15,-1.66212e-09,-5.59754e-15,0.0002,6.13924e-10,-1.66212e-09,6.13924e-10,0.0002
0.611249,0.282439,-1.66543,0.611237,0.282338,-1.6656,0.0109488,-0.0720607,-0.0964269,14.5935,0.0002,-3.05997e-15,-1.06376e-09,-3.05997e-15,0.0002,3.92911e-10,-1.06376e-09,3.92911e-10,0.0002
0.611343,0.282485,-1.66535,0.61167,0.282728,-1.6647,0.0110426,-0.0720145,-0.0963455,14.9952,0.0002,1.31306e-14,1.17419e-09,1.31306e-14,0.0002,1.78461e-09,1.17419e-09,1.78461e-09,0.0002
0.611336,0.282506,-1.66538,0.611309,0.282586,-1.66554,0.0110359,-0.0719944,-0.0963844,14.5709,0.0002,7.33072e-15,7.51483e-10,7.33072e-15,0.0002,1.14215e-09,7.51483e-10,1.14215e-09,0.0002
0.611321,0.282498,-1.66542,0.61126,0.28247,-1.66557,0.0110208,-0.0720016,-0.0964219,14.7,0.0002,4.25221e-15,4.80949e-10,4.25221e-15,0.0002,7.30975e-10,4.80949e-10,7.30975e-10,0.0002
0.611371,0.282569,-1.66528,0.611574,0.282853,-1.6647,0.0110714,-0.0719305,-0.0962776,14.865,0.0002,2.54141e-15,3.07807e-10,2.54141e-15,0.0002,4.67824e-10,3.07807e-10,4.67824e-10,0.0002
0.611337,0.282572,-1.66532,0.6112,0.282583,-1.66551,0.0110371,-0.0719278,-0.0963243,14.4791,0.0002,1.55278e-15,1.96997e-10,1.55278e-15,0.0002,2.99407e-10,1.96997e-10,2.99407e-10,0.0002
0.61132,0.282574,-1.66544,0.6113,0.282523,-1.66559,0.0110201,-0.0719261,-0.0964407,14.6024,0.0002,1.60268e-14,-1.72876e-09,1.60268e-14,0.0002,-1.34171e-09,-1.72876e-09,-1.34171e-09,0.0002
0.611328,0.28254,-1.6654,0.611312,0.282463,-1.66554,0.0110281,-0.0719598,-0.0963968,14.6074,0.0002,6.14836e-15,7.48367e-10,6.14836e-15,0.0002,6.74716e-10,7.48367e-10,6.74716e-10,0.0002
0.611318,0.282574,-1.66548,0.611328,0.28265,-1.66548,0.0110184,-0.0719263,-0.0964763,14.6328,0.0002,1.22646e-14,-1.376e-09,1.22646e-14,0.0002,-1.10138e-09,-1.376e-09,-1.10138e-09,0.0002
0.61132,0.282564,-1.66539,0.611385,0.282573,-1.66534,0.0110201,-0.071936,-0.096386,14.696,0.0002,-7.96452e-15,6.52709e-10,-7.96452e-15,0.0002,-2.55971e-09,6.52709e-10,-2.55971e-09,0.0002
0.611308,0.282577,-1.66542,0.611261,0.282627,-1.66556,0.0110082,-0.0719233,-0.0964209,14.6851,0.0002,-4.24187e-15,4.17734e-10,-4.24187e-15,0.0002,-1.63822e-09,4.17734e-10,-1.63822e-09,0.0002
0.611292,0.282566,-1.66544,0.611229,0.282525,-1.6655,0.0109923,-0.0719337,-0.0964365,14.4471,0.0002,-2.36442e-15,2.6735e-10,-2.36442e-15,0.0002,-1.04846e-09,2.6735e-10,-1.04846e-09,0.0002
0.611298,0.28256,-1.66547,0.611323,0.282534,-1.66561,0.0109985,-0.0719401,-0.0964714,14.5682,0.0002,-1.36971e-15,1.71104e-10,-1.36971e-15,0.0002,-6.71013e-10,1.71104e-10,-6.71013e-10,0.0002
0.611282,0.282565,-1.66546,0.611218,0.282585,-1.66543,0.0109824,-0.0719351,-0.0964634,14.4308,0.0002,-8.17831e-16,1.09506e-10,-8.17831e-16,0.0002,-4.29448e-10,1.09506e-10,-4.29448e-10,0.0002
0.611289,0.282555,-1.66546,0.611314,0.282515,-1.66544,0.0109887,-0.0719451,-0.0964583,14.489,0.0002,-4.99334e-16,7.00841e-11,-4.99334e-16,0.0002,-2.74847e-10,7.00841e-11,-2.74847e-10,0.0002
0.611283,0.282576,-1.66544,0.611259,0.28266,-1.66535,0.0109828,-0.0719241,-0.0964362,14.4303,0.0002,-3.09711e-16,4.48538e-11,-3.09711e-16,0.0002,-1.75902e-10,4.48538e-11,-1.75902e-10,0.0002
0.611261,0.282564,-1.66542,0.611172,0.282516,-1.66538,0.0109607,-0.0719361,-0.0964247,14.4432,0.0002,-1.94175e-16,2.87064e-11,-1.94175e-16,0.0002,-1.12577e-10,2.87064e-11,-1.12577e-10,0.0002
0.61126,0.282575,-1.66542,0.611259,0.282618,-1.66541,0.0109604,-0.0719252,-0.096422,14.4785,0.0002,-1.22618e-16,1.83721e-11,-1.22618e-16,0.0002,-7.20495e-11,1.83721e-11,-7.20495e-11,0.0002
0.611232,0.282568,-1.66544,0.611116,0.282542,-1.66552,0.0109316,-0.0719318,-0.0964423,14.4834,0.0002,-7.77976e-17,1.17582e-11,-7.77976e-17,0.0002,-4.61117e-11,1.17582e-11,-4.61117e-11,0.0002
0.611283,0.2826,-1.66523,0.611488,0.282726,-1.66437,0.010983,-0.0719003,-0.0962284,15.1468,0.0002,-4.95129e-17,7.52522e-12,-4.95129e-17,0.0002,-2.95115e-11,7.52522e-12,-2.95115e-11,0.0002
0.611256,0.282607,-1.66527,0.611146,0.282638,-1.66545,0.0109555,-0.0718926,-0.0962726,14.5844,0.0002,-3.15745e-17,4.81614e-12,-3.15745e-17,0.0002,-1.88873e-11,4.81614e-12,-1.88873e-11,0.0002
0.611243,0.282601,-1.66533,0.611193,0.282575,-1.66558,0.0109431,-0.0718991,-0.0963341,14.715,0.0002,-2.01611e-17,3.08233e-12,-2.01611e-17,0.0002,-1.20879e-11,3.08233e-12,-1.20879e-11,0.0002
0.611249,0.282604,-1.66533,0.611272,0.282619,-1.66529,0.0109488,-0.0718956,-0.0963259,14.5984,0.0002,-1.2884e-17,1.97269e-12,-1.2884e-17,0.0002,-7.73626e-12,1.97269e-12,-7.73626e-12,0.0002
0.611245,0.282581,-1.66536,0.611232,0.282489,-1.66547,0.0109454,-0.0719187,-0.0963552,14.5982,0.0002,-8.23797e-18,1.26252e-12,-8.23797e-18,0.0002,-4.9512e-12,1.26252e-12,-4.9512e-12,0.0002
0.61126,0.282566,-1.66528,0.611262,0.282455,-1.66532,0.0109603,-0.0719343,-0.096284,14.7448,0.0002,-1.86288e-14,-1.53276e-09,-1.86288e-14,0.0002,1.85147e-09,-1.53276e-09,1.85147e-09,0.0002
0.611238,0.282555,-1.6654,0.611207,0.282562,-1.66556,0.0109381,-0.0719446,-0.0964027,14.5794,0.0002,-5.26964e-15,5.5244e-10,-5.26964e-15,0.0002,-6.69834e-10,5.5244e-10,-6.69834e-10,0.0002
0.611233,0.282529,-1.66543,0.611214,0.282422,-1.66552,0.0109332,-0.0719713,-0.0964269,14.7025,0.0002,-3.18311e-15,3.53562e-10,-3.18311e-15,0.0002,-4.28694e-10,3.53562e-10,-4.28694e-10,0.0002
0.611239,0.282524,-1.66542,0.61126,0.282504,-1.66541,0.0109386,-0.0719763,-0.0964242,14.5594,0.0002,-1.95958e-15,2.2628e-10,-1.95958e-15,0.0002,-2.74364e-10,2.2628e-10,-2.74364e-10,0.0002
0.611242,0.282548,-1.6654,0.611255,0.282643,-1.66532,0.0109419,-0.0719525,-0.096404,14.5128,0.0002,-1.22235e-15,1.44819e-10,-1.22235e-15,0.0002,-1.75593e-10,1.44819e-10,-1.75593e-10,0.0002
0.611259,0.282548,-1.66542,0.611325,0.282549,-1.66546,0.0109585,-0.0719522,-0.0964154,14.4907,0.0002,-7.69283e-16,9.26841e-11,-7.69283e-16,0.0002,-1.12379e-10,9.26841e-11,-1.12379e-10,0.0002
0.61124,0.282549,-1.66545,0.611167,0.282556,-1.66559,0.0109401,-0.0719507,-0.0964498,14.3424,0.0002,-4.87008e-16,5.93178e-11,-4.87008e-16,0.0002,-7.19228e-11,5.93178e-11,-7.19228e-11,0.0002
0.611234,0.282539,-1.66545,0.611209,0.282498,-1.66545,0.0109339,-0.0719609,-0.0964503,14.6699,0.0002,-3.09501e-16,3.79634e-11,-3.09501e-16,0.0002,-4.60306e-11,3.79634e-11,-4.60306e-11,0.0002
0.611248,0.282513,-1.66547,0.611303,0.28241,-1.66557,0.0109477,-0.0719867,-0.0964733,14.6878,0.0002,-1.97186e-16,2.42966e-11,-1.97186e-16,0.0002,-2.94596e-11,2.42966e-11,-2.94596e-11,0.0002
0.61124,0.282522,-1.66548,0.61121,0.282559,-1.66549,0.0109402,-0.0719777,-0.0964759,14.5141,0.0002,-1.25832e-16,1.55498e-11,-1.25832e-16,0.0002,-1.88541e-11,1.55498e-11,-1.88541e-11,0.0002
0.611227,0.282505,-1.6655,0.611173,0.282438,-1.66558,0.0109268,-0.0719945,-0.0964964,14.4185,0.0002,-8.03827e-17,9.95188e-12,-8.03827e-17,0.0002,-1.20666e-11,9.95188e-12,-1.20666e-11,0.0002
0.611228,0.282491,-1.66556,0.611183,0.28249,-1.66551,0.0109276,-0.0720091,-0.0965618,14.539,0.0002,1.85818e-14,1.86147e-09,1.85818e-14,0.0002,1.52529e-09,1.86147e-09,1.52529e-09,0.0002
0.611242,0.282492,-1.66559,0.611301,0.282494,-1.66569,0.0109423,-0.0720085,-0.0965868,14.5435,0.0002,1.04386e-14,1.19134e-09,1.04386e-14,0.0002,9.76186e-10,1.19134e-09,9.76186e-10,0.0002
0.611313,0.282526,-1.66541,0.611594,0.282664,-1.66471,0.0110126,-0.071974,-0.096412,15.152,0.0002,6.08527e-15,7.62459e-10,6.08527e-15,0.0002,6.24759e-10,7.62459e-10,6.24759e-10,0.0002
0.611283,0.282541,-1.66546,0.611155,0.282497,-1.66566,0.0109832,-0.0719587,-0.0964608,14.5482,0.0002,-1.13594e-14,-2.9002e-09,-1.13594e-14,0.0002,7.2138e-10,-2.9002e-09,7.2138e-10,0.0002
0.611275,0.282533,-1.66545,0.611244,0.282497,-1.66543,0.0109754,-0.0719675,-0.0964547,14.5471,0.0002,-6.19887e-15,-1.85613e-09,-6.19887e-15,0.0002,4.61683e-10,-1.85613e-09,4.61683e-10,0.0002
0.611266,0.282512,-1.66552,0.611285,0.282475,-1.66546,0.0109656,-0.0719885,-0.0965193,14.5781,0.0002,-4.75776e-15,3.45171e-10,-4.75776e-15,0.0002,-1.55956e-09,3.45171e-10,-1.55956e-09,0.0002
0.611306,0.28257,-1.66521,0.611466,0.282804,-1.66459,0.0110056,-0.07193,-0.0962061,14.8785,0.0002,-2.76935e-15,2.2091e-10,-2.76935e-15,0.0002,-9.98119e-10,2.2091e-10,-9.98119e-10,0.0002
0.611271,0.282533,-1.66525,0.611132,0.282385,-1.66541,0.0109708,-0.071967,-0.0962467,14.6072,0.0002,-1.65949e-15,1.41382e-10,-1.65949e-15,0.0002,-6.38796e-10,1.41382e-10,-6.38796e-10,0.0002
0.611262,0.282552,-1.66531,0.611227,0.282628,-1.66556,0.010962,-0.0719479,-0.09631,14.4562,0.0002,-1.01583e-15,9.04846e-11,-1.01583e-15,0.0002,-4.0883e-10,9.04846e-11,-4.0883e-10,0.0002
0.611235,0.2825,-1.66534,0.611128,0.28229,-1.66546,0.0109353,-0.0720003,-0.0963409,14.7094,0.0002,-6.31193e-16,5.79101e-11,-6.31193e-16,0.0002,-2.61651e-10,5.79101e-11,-2.61651e-10,0.0002
0.611221,0.282505,-1.66537,0.611162,0.282528,-1.66547,0.0109206,-0.0719946,-0.0963658,14.5254,0.0002,-3.96205e-16,3.70625e-11,-3.96205e-16,0.0002,-1.67457e-10,3.70625e-11,-1.67457e-10,0.0002
0.611209,0.282507,-1.66539,0.611164,0.282511,-1.66551,0.0109092,-0.0719934,-0.0963945,14.4688,0.0002,-2.50394e-16,2.372e-11,-2.50394e-16,0.0002,-1.07172e-10,2.372e-11,-1.07172e-10,0.0002
0.611193,0.28245,-1.66541,0.611129,0.282221,-1.66549,0.010893,-0.0720505,-0.0964137,14.6049,0.0002,-1.5895e-16,1.51808e-11,-1.5895e-16,0.0002,-6.85902e-11,1.51808e-11,-6.85902e-11,0.0002
0.611197,0.282446,-1.66543,0.611214,0.282432,-1.66547,0.0108973,-0.0720539,-0.0964259,14.5155,0.0002,-1.01195e-16,9.71571e-12,-1.01195e-16,0.0002,-4.38978e-11,9.71571e-12,-4.38978e-11,0.0002
0.611177,0.282494,-1.66536,0.611143,0.282629,-1.66544,0.0108769,-0.0719057,-0.0963644,14.422,0.0002,1.88796e-14,-1.84853e-09,1.88796e-14,0.0002,-1.56153e-09,-1.84853e-09,-1.56153e-09,0.0002
0.611176,0.282494,-1.66545,0.611232,0.282542,-1.66549,0.0108763,-0.0719057,-0.0964526,14.4629,0.0002,-3.71366e-15,3.50198e-10,-3.71366e-15,0.0002,-2.85428e-09,3.50198e-10,-2.85428e-09,0.0002
0.611175,0.282507,-1.6654,0.611111,0.282509,-1.66551,0.0108749,-0.0719931,-0.0964002,14.5189,0.0002,5.80836e-16,-1.30926e-09,5.80836e-16,0.0002,2.80518e-11,-1.30926e-09,2.80518e-11,0.0002
0.61123,0.282553,-1.66523,0.611452,0.282737,-1.66455,0.0109304,-0.0719471,-0.0962301,14.9257,0.0002,3.9054e-16,-8.37928e-10,3.9054e-16,0.0002,1.79532e-11,-8.37928e-10,1.79532e-11,0.0002
0.611212,0.282551,-1.66526,0.61114,0.282541,-1.6654,0.0109124,-0.0719494,-0.0962642,14.6765,0.0002,2.57648e-16,-5.36274e-10,2.57648e-16,0.0002,1.149e-11,-5.36274e-10,1.149e-11,0.0002
0.611223,0.28255,-1.66537,0.611218,0.282606,-1.6655,0.0109232,-0.0718499,-0.0963745,14.4179,0.0002,1.54684e-14,1.51153e-09,1.54684e-14,0.0002,1.5408e-09,1.51153e-09,1.5408e-09,0.0002
0.611218,0.282531,-1.66538,0.611199,0.282455,-1.6654,0.0109183,-0.0718689,-0.096379,14.6149,0.0002,8.70737e-15,9.6738e-10,8.70737e-15,0.0002,9.86111e-10,9.6738e-10,9.86111e-10,0.0002
0.611185,0.282508,-1.66542,0.611051,0.282415,-1.6656,0.0108848,-0.0718922,-0.0964223,14.541,0.0002,5.0843e-15,6.19123e-10,5.0843e-15,0.0002,6.31111e-10,6.19123e-10,6.31111e-10,0.0002
0.611196,0.282492,-1.66541,0.611239,0.282428,-1.66538,0.0108955,-0.0719081,-0.0964134,14.6202,0.0002,3.0539e-15,3.96239e-10,3.0539e-15,0.0002,4.03911e-10,3.96239e-10,4.03911e-10,0.0002
0.611186,0.282473,-1.66545,0.611147,0.282396,-1.66558,0.0108859,-0.0719272,-0.0964461,14.4798,0.0002,1.87255e-15,2.53593e-10,1.87255e-15,0.0002,2.58503e-10,2.53593e-10,2.58503e-10,0.0002
0.611187,0.282484,-1.66545,0.611189,0.282527,-1.66547,0.0108866,-0.0719163,-0.096451,14.5064,0.0002,1.16487e-15,1.62299e-10,1.16487e-15,0.0002,1.65442e-10,1.62299e-10,1.65442e-10,0.0002
0.611189,0.282469,-1.66548,0.611196,0.28241,-1.66559,0.0108886,-0.0719311,-0.0964779,14.7202,0.0002,7.31768e-16,1.03872e-10,7.31768e-16,0.0002,1.05883e-10,1.03872e-10,1.05883e-10,0.0002
0.611197,0.282473,-1.6655,0.611233,0.28249,-1.66558,0.0108974,-0.0719269,-0.0964979,14.5655,0.0002,4.627e-16,6.64779e-11,4.627e-16,0.0002,6.7765e-11,6.64779e-11,6.7765e-11,0.0002
0.611185,0.28247,-1.66552,0.611135,0.282457,-1.6656,0.0108849,-0.0719301,-0.0965182,14.538,0.0002,2.93822e-16,4.25458e-11,2.93822e-16,0.0002,4.33696e-11,4.25458e-11,4.33696e-11,0.0002
0.611189,0.282472,-1.66555,0.611205,0.282481,-1.6657,0.0108888,-0.0719279,-0.0965536,14.4679,0.0002,1.87101e-16,2.72293e-11,1.87101e-16,0.0002,2.77566e-11,2.72293e-11,2.77566e-11,0.0002
0.611185,0.282473,-1.66554,0.611171,0.282477,-1.66547,0.0108852,-0.0719269,-0.0965362,14.5569,0.0002,1.19358e-16,1.74268e-11,1.19358e-16,0.0002,1.77642e-11,1.74268e-11,1.77642e-11,0.0002
0.611218,0.282465,-1.66555,0.611349,0.282431,-1.66562,0.0109179,-0.0719354,-0.0965521,14.4485,0.0002,7.62305e-17,1.11531e-11,7.62305e-17,0.0002,1.13691e-11,1.11531e-11,1.13691e-11,0.0002
0.61118,0.282402,-1.66561,0.611029,0.282153,-1.66583,0.0108802,-0.0719977,-0.0966067,14.6705,0.0002,4.87226e-17,7.13801e-12,4.87226e-17,0.0002,7.27621e-12,7.13801e-12,7.27621e-12,0.0002
0.611165,0.282397,-1.66563,0.611103,0.282374,-1.66573,0.0108647,-0.0720034,-0.0966321,14.6138,0.0002,3.11559e-17,4.56832e-12,3.11559e-17,0.0002,4.65678e-12,4.56832e-12,4.65678e-12,0.0002
0.611174,0.282374,-1.66571,0.611261,0.282228,-1.66571,0.0108743,-0.0720256,-0.0967115,14.4843,0.0002,1.86163e-14,-1.85239e-09,1.86163e-14,0.0002,-1.52978e-09,-1.85239e-09,-1.52978e-09,0.0002
0.611199,0.28236,-1.66572,0.611297,0.282302,-1.66576,0.0108988,-0.0720401,-0.0967217,14.6101,0.0002,1.04636e-14,-1.18553e-09,1.04636e-14,0.0002,-9.7906e-10,-1.18553e-09,-9.7906e-10,0.0002
0.611222,0.282354,-1.66573,0.611218,0.282447,-1.66574,0.0109217,-0.0720458,-0.0967258,14.5057,0.0002,5.02284e-14,2.95192e-09,5.02284e-14,0.0002,2.43889e-09,2.95192e-09,2.43889e-09,0.0002
0.61121,0.282402,-1.66564,0.611212,0.282534,-1.66561,0.0109101,-0.0719983,-0.0966383,14.4317,0.0002,9.1144e-15,3.40147e-11,9.1144e-15,0.0002,2.80053e-11,3.40147e-11,2.80053e-11,0.0002
0.611216,0.282399,-1.66563,0.611238,0.282386,-1.66559,0.0109157,-0.0720014,-0.0966296,14.6327,0.0002,5.83273e-15,2.17694e-11,5.83273e-15,0.0002,1.79234e-11,2.17694e-11,1.79234e-11,0.0002
0.611224,0.282392,-1.66562,0.61126,0.282367,-1.6656,0.0109245,-0.0720077,-0.0966231,14.5928,0.0002,3.73275e-15,1.39324e-11,3.73275e-15,0.0002,1.1471e-11,1.39324e-11,1.1471e-11,0.0002
0.611241,0.282385,-1.66564,0.611307,0.282355,-1.66569,0.0109409,-0.0720151,-0.096637,14.4197,0.0002,2.38888e-15,8.91674e-12,2.38888e-15,0.0002,7.34141e-12,8.91674e-12,7.34141e-12,0.0002
0.611243,0.282379,-1.66568,0.611251,0.282354,-1.66585,0.010943,-0.0720212,-0.0966797,14.5435,0.0002,1.52885e-15,5.70672e-12,1.52885e-15,0.0002,4.6985e-12,5.70672e-12,4.6985e-12,0.0002
0.611252,0.282377,-1.66568,0.611289,0.282371,-1.66568,0.0109522,-0.0720227,-0.0966794,14.6032,0.0002,9.78449e-16,3.6523e-12,9.78449e-16,0.0002,3.00704e-12,3.6523e-12,3.00704e-12,0.0002
0.611245,0.282381,-1.66567,0.611215,0.282398,-1.66562,0.0109446,-0.0720187,-0.0966681,14.554,0.0002,6.26202e-16,2.33747e-12,6.26202e-16,0.0002,1.92451e-12,2.33747e-12,1.92451e-12,0.0002
0.611248,0.282362,-1.66562,0.611263,0.282286,-1.66543,0.0109483,-0.0720377,-0.0966203,14.4782,0.0002,4.00767e-16,1.49598e-12,4.00767e-16,0.0002,1.23168e-12,1.49598e-12,1.23168e-12,0.0002
0.611272,0.282394,-1.66564,0.611369,0.28252,-1.66572,0.0109724,-0.0720061,-0.0966398,14.4815,0.0002,2.5649e-16,9.57428e-13,2.5649e-16,0.0002,7.88278e-13,9.57428e-13,7.88278e-13,0.0002
0.611283,0.282414,-1.66564,0.611326,0.282495,-1.66565,0.0109832,-0.0719859,-0.0966411,14.6726,0.0002,1.64153e-16,6.12754e-13,1.64153e-16,0.0002,5.04498e-13,6.12754e-13,5.04498e-13,0.0002
0.61128,0.282419,-1.66563,0.611266,0.282437,-1.66557,0.0109798,-0.0719813,-0.0966269,14.5681,0.0002,1.05058e-16,3.92163e-13,1.05058e-16,0.0002,3.22879e-13,3.92163e-13,3.22879e-13,0.0002
0.611268,0.282439,-1.66564,0.611221,0.28252,-1.66569,0.0109679,-0.071961,-0.0966395,14.5555,0.0002,6.72369e-17,2.50984e-13,6.72369e-17,0.0002,2.06642e-13,2.50984e-13,2.06642e-13,0.0002
0.611253,0.28245,-1.66565,0.611193,0.282495,-1.6657,0.0109529,-0.0719498,-0.0966512,14.5265,0.0002,4.30316e-17,1.6063e-13,4.30316e-17,0.0002,1.32251e-13,1.6063e-13,1.32251e-13,0.0002
0.611273,0.282442,-1.66566,0.611354,0.282407,-1.66569,0.0109731,-0.0719584,-0.0966582,14.4626,0.0002,2.75402e-17,1.02803e-13,2.75402e-17,0.0002,8.46407e-14,1.02803e-13,8.46407e-14,0.0002
0.611256,0.282463,-1.66567,0.611186,0.282551,-1.66571,0.0109557,-0.0719366,-0.0966689,14.5667,0.0002,1.76257e-17,6.5794e-14,1.76257e-17,0.0002,5.41701e-14,6.5794e-14,5.41701e-14,0.0002
0.611265,0.282417,-1.66568,0.611303,0.28223,-1.66575,0.0109652,-0.0719833,-0.0966843,14.6175,0.0002,1.12805e-17,4.21081e-14,1.12805e-17,0.0002,3.46688e-14,4.21081e-14,3.46688e-14,0.0002
0.611246,0.282414,-1.66567,0.611171,0.282401,-1.66559,0.0109464,-0.0719864,-0.0966654,14.3354,0.0002,7.2195e-18,2.69492e-14,7.2195e-18,0.0002,2.21881e-14,2.69492e-14,2.21881e-14,0.0002
0.611238,0.282403,-1.66566,0.611206,0.282362,-1.66563,0.0109382,-0.0719968,-0.0966581,14.5521,0.0002,4.62048e-18,1.72475e-14,4.62048e-18,0.0002,1.42004e-14,1.72475e-14,1.42004e-14,0.0002
0.611236,0.2824,-1.66564,0.611228,0.282389,-1.66557,0.0109361,-0.0719996,-0.0966409,14.5666,0.0002,2.95711e-18,1.10384e-14,2.95711e-18,0.0002,9.08823e-15,1.10384e-14,9.08823e-15,0.0002
0.611237,0.282403,-1.66564,0.611243,0.282413,-1.66564,0.0109375,-0.071997,-0.0966401,14.6011,0.0002,1.89255e-18,7.06457e-15,1.89255e-18,0.0002,5.81647e-15,7.06457e-15,5.81647e-15,0.0002
0.61123,0.282398,-1.66563,0.611201,0.282377,-1.66559,0.0109301,-0.0720022,-0.0966308,14.3008,0.0002,1.21123e-18,4.52133e-15,1.21123e-18,0.0002,3.72254e-15,4.52133e-15,3.72254e-15,0.0002
0.611228,0.282387,-1.66564,0.611221,0.282346,-1.66569,0.0109283,-0.0720126,-0.0966417,14.4981,0.0002,7.75188e-19,2.89365e-15,7.75188e-19,0.0002,2.38242e-15,2.89365e-15,2.38242e-15,0.0002
0.611228,0.282397,-1.66564,0.611225,0.282434,-1.66564,0.0109277,-0.0720032,-0.0966411,14.655,0.0002,4.9612e-19,1.85194e-15,4.9612e-19,0.0002,1.52475e-15,1.85194e-15,1.52475e-15,0.0002
0.611228,0.282417,-1.66569,0.611231,0.282496,-1.66587,0.0109283,-0.0719834,-0.0966862,14.5975,0.0002,3.17517e-19,1.18524e-15,3.17517e-19,0.0002,9.75841e-16,1.18524e-15,9.75841e-16,0.0002
0.611238,0.282405,-1.66566,0.611275,0.28236,-1.66554,0.0109376,-0.0719947,-0.0966563,14.5778,0.0002,2.03211e-19,7.58553e-16,2.03211e-19,0.0002,6.24538e-16,7.58553e-16,6.24538e-16,0.0002
0.611245,0.282391,-1.66566,0.611276,0.282336,-1.6657,0.0109453,-0.0720085,-0.0966647,14.5712,0.0002,1.30055e-19,4.85474e-16,1.30055e-19,0.0002,3.99704e-16,4.85474e-16,3.99704e-16,0.0002
0.611239,0.282354,-1.66558,0.611273,0.282254,-1.66558,0.0109392,-0.0720456,-0.0965837,14.3975,0.0002,-1.86629e-14,1.533e-09,-1.86629e-14,0.0002,-1.85512e-09,1.533e-09,-1.85512e-09,0.0002
0.611255,0.282366,-1.6656,0.611317,0.282411,-1.66569,0.0109547,-0.0720343,-0.0966047,14.4135,0.0002,-1.04882e-14,9.81118e-10,-1.04882e-14,0.0002,-1.18728e-09,9.81118e-10,-1.18728e-09,0.0002
0.611236,0.282369,-1.66564,0.611161,0.282382,-1.66578,0.010936,-0.0721311,-0.0966392,14.5142,0.0002,-6.11605e-15,6.27915e-10,-6.11605e-15,0.0002,-7.59856e-10,6.27915e-10,-7.59856e-10,0.0002
0.611259,0.282382,-1.66564,0.61135,0.282435,-1.66563,0.0109587,-0.0720179,-0.096637,14.5087,0.0002,-3.66998e-15,4.01866e-10,-3.66998e-15,0.0002,-4.86308e-10,4.01866e-10,-4.86308e-10,0.0002
0.611243,0.282426,-1.66565,0.611182,0.2826,-1.6657,0.0109435,-0.0720742,-0.0966487,14.4702,0.0002,-2.24873e-15,2.57194e-10,-2.24873e-15,0.0002,-3.11237e-10,2.57194e-10,-3.11237e-10,0.0002
0.611252,0.282424,-1.66567,0.611287,0.282415,-1.66576,0.0109522,-0.0720763,-0.0966707,14.4741,0.0002,-1.3982e-15,1.64604e-10,-1.3982e-15,0.0002,-1.99192e-10,1.64604e-10,-1.99192e-10,0.0002
0.611265,0.282435,-1.66566,0.611317,0.282481,-1.66561,0.0109651,-0.0720648,-0.0966594,14.4744,0.0002,-8.78061e-16,1.05347e-10,-8.78061e-16,0.0002,-1.27483e-10,1.05347e-10,-1.27483e-10,0.0002
0.61126,0.282429,-1.66574,0.611287,0.282348,-1.66576,0.01096,-0.0720707,-0.0967437,14.4556,0.0002,1.84221e-14,-1.78793e-09,1.84221e-14,0.0002,-1.6143e-09,-1.78793e-09,-1.6143e-09,0.0002
0.611331,0.28253,-1.66547,0.611615,0.282934,-1.66436,0.011031,-0.0718698,-0.0964672,14.9076,0.0002,1.03124e-14,-1.14428e-09,1.03124e-14,0.0002,-1.03315e-09,-1.14428e-09,-1.03315e-09,0.0002
0.61131,0.282506,-1.66555,0.61118,0.282468,-1.66556,0.0110103,-0.0718939,-0.0965498,14.5582,0.0002,9.24052e-15,1.12272e-09,9.24052e-15,0.0002,8.71851e-10,1.12272e-09,8.71851e-10,0.0002
0.611302,0.282481,-1.66554,0.611268,0.282381,-1.66552,0.0110019,-0.0719189,-0.0965433,14.5196,0.0002,5.41276e-15,7.18542e-10,5.41276e-15,0.0002,5.57985e-10,7.18542e-10,5.57985e-10,0.0002
0.611289,0.282489,-1.66547,0.611287,0.282462,-1.66552,0.0109894,-0.0719111,-0.0964744,14.5402,0.0002,1.29486e-14,-1.39506e-09,1.29486e-14,0.0002,-1.17611e-09,-1.39506e-09,-1.17611e-09,0.0002
0.611271,0.282486,-1.66542,0.611149,0.28253,-1.66554,0.0109708,-0.0719144,-0.0964247,14.6412,0.0002,7.96489e-15,9.61984e-10,7.96489e-15,0.0002,7.80638e-10,9.61984e-10,7.80638e-10,0.0002
0.611288,0.282481,-1.66553,0.611309,0.282521,-1.66561,0.010988,-0.0719189,-0.0965259,14.5842,0.0002,3.5653e-14,2.47066e-09,3.5653e-14,0.0002,2.03276e-09,2.47066e-09,2.03276e-09,0.0002
0.611267,0.282465,-1.66556,0.611185,0.282402,-1.66569,0.0109674,-0.0719347,-0.0965581,14.4507,0.0002,2.02465e-14,1.58122e-09,2.02465e-14,0.0002,1.30096e-09,1.58122e-09,1.30096e-09,0.0002
0.611262,0.282461,-1.66559,0.61124,0.282446,-1.66572,0.010962,-0.0719387,-0.0965905,14.5895,0.0002,1.19045e-14,1.01198e-09,1.19045e-14,0.0002,8.32617e-10,1.01198e-09,8.32617e-10,0.0002
0.611263,0.28245,-1.66568,0.61121,0.282356,-1.66573,0.0109632,-0.0719501,-0.0966815,14.5021,0.0002,-8.94983e-15,-8.8517e-10,-8.94983e-15,0.0002,2.38812e-09,-8.8517e-10,2.38812e-09,0.0002
0.611257,0.282438,-1.6657,0.611231,0.282388,-1.66577,0.0109567,-0.0719625,-0.0966992,14.6726,0.0002,-4.64558e-15,-5.66509e-10,-4.64558e-15,0.0002,1.5284e-09,-5.66509e-10,1.5284e-09,0.0002
0.611215,0.282433,-1.66563,0.611094,0.282355,-1.66567,0.0109147,-0.0719674,-0.096629,14.4635,0.0002,7.87143e-15,-2.21774e-09,7.87143e-15,0.0002,-5.54758e-10,-2.21774e-09,-5.54758e-10,0.0002
0.611227,0.28242,-1.66569,0.611227,0.282426,-1.66563,0.0109268,-0.0719803,-0.0966928,14.5284,0.0002,4.47015e-15,4.35955e-10,4.47015e-15,0.0002,1.17772e-09,4.35955e-10,1.17772e-09,0.0002
0.611201,0.282456,-1.66567,0.611203,0.28259,-1.6656,0.0109009,-0.0719442,-0.0966745,14.5048,0.0002,1.96948e-15,-4.34742e-11,1.96948e-15,0.0002,-2.63434e-09,-4.34742e-11,-2.63434e-09,0.0002
0.611201,0.282394,-1.6656,0.611151,0.282204,-1.66562,0.0109005,-0.0720061,-0.0965991,14.5818,0.0002,-9.40711e-16,1.82731e-09,-9.40711e-16,0.0002,-1.52997e-10,1.82731e-09,-1.52997e-10,0.0002
0.611191,0.282388,-1.66563,0.611153,0.282363,-1.66573,0.0108909,-0.0720123,-0.0966259,14.4647,0.0002,-4.58914e-16,1.16948e-09,-4.58914e-16,0.0002,-9.79181e-11,1.16948e-09,-9.79181e-11,0.0002
0.611262,0.282491,-1.66539,0.611544,0.282903,-1.66445,0.0109617,-0.0719093,-0.0963909,14.8408,0.0002,-2.35074e-16,7.48466e-10,-2.35074e-16,0.0002,-6.26676e-11,7.48466e-10,-6.26676e-11,0.0002
0.611251,0.28247,-1.66543,0.61121,0.282387,-1.66557,0.0109513,-0.0719301,-0.0964261,14.5602,0.0002,-1.26432e-16,4.79018e-10,-1.26432e-16,0.0002,-4.01073e-11,4.79018e-10,-4.01073e-11,0.0002
0.611221,0.282487,-1.66546,0.611099,0.282557,-1.66557,0.0109208,-0.0719127,-0.0964555,14.5035,0.0002,-7.108e-17,3.06572e-10,-7.108e-17,0.0002,-2.56686e-11,3.06572e-10,-2.56686e-11,0.0002
0.611213,0.282467,-1.66551,0.611181,0.282385,-1.66575,0.0109129,-0.0719332,-0.0965148,14.5161,0.0002,-4.14622e-17,1.96206e-10,-4.14622e-17,0.0002,-1.64279e-11,1.96206e-10,-1.64279e-11,0.0002
0.61122,0.282505,-1.66548,0.611189,0.282607,-1.66565,0.0109197,-0.0718955,-0.0964779,14.4524,0.0002,-1.70546e-14,-1.4077e-09,-1.70546e-14,0.0002,1.84437e-09,-1.4077e-09,1.84437e-09,0.0002
0.611198,0.282483,-1.66551,0.611109,0.282397,-1.66562,0.0108977,-0.0719169,-0.0965066,14.5607,0.0002,-9.58565e-15,-9.0093e-10,-9.58565e-15,0.0002,1.1804e-09,-9.0093e-10,1.1804e-09,0.0002
0.611238,0.28254,-1.66545,0.611448,0.282709,-1.6649,0.0109381,-0.0718602,-0.0964478,14.9915,0.0002,9.67632e-15,-2.43171e-09,9.67632e-15,0.0002,-7.7754e-10,-2.43171e-09,-7.7754e-10,0.0002
0.611216,0.282539,-1.66548,0.611127,0.282535,-1.6656,0.0109159,-0.0719613,-0.096478,14.5845,0.0002,5.22478e-15,-1.5563e-09,5.22478e-15,0.0002,-4.97625e-10,-1.5563e-09,-4.97625e-10,0.0002
0.61122,0.282521,-1.66543,0.611189,0.282508,-1.66556,0.0109201,-0.071879,-0.0964319,14.6582,0.0002,7.71243e-15,8.58801e-10,7.71243e-15,0.0002,1.21486e-09,8.58801e-10,1.21486e-09,0.0002
0.611174,0.282519,-1.66554,0.611039,0.282451,-1.66567,0.0108742,-0.0718815,-0.0965438,14.3295,0.0002,8.07035e-15,-1.30537e-09,8.07035e-15,0.0002,-7.55622e-10,-1.30537e-09,-7.55622e-10,0.0002
0.611183,0.282497,-1.66556,0.611219,0.282411,-1.66561,0.0108832,-0.072003,-0.0965569,14.5584,0.0002,4.66e-15,-8.35437e-10,4.66e-15,0.0002,-4.83598e-10,-8.35437e-10,-4.83598e-10,0.0002
0.611172,0.282487,-1.66554,0.611125,0.282448,-1.66549,0.0108715,-0.0719129,-0.0965429,14.6754,0.0002,2.77555e-15,-5.3468e-10,2.77555e-15,0.0002,-3.09503e-10,-5.3468e-10,-3.09503e-10,0.0002
0.611163,0.282487,-1.66556,0.611128,0.282486,-1.66561,0.0108627,-0.0719131,-0.0965558,14.461,0.0002,1.69162e-15,-3.42195e-10,1.69162e-15,0.0002,-1.98082e-10,-3.42195e-10,-1.98082e-10,0.0002
0.611139,0.282461,-1.66558,0.611043,0.282357,-1.66567,0.0108388,-0.0719391,-0.0965781,14.6633,0.0002,1.04793e-15,-2.19005e-10,1.04793e-15,0.0002,-1.26772e-10,-2.19005e-10,-1.26772e-10,0.0002
0.611161,0.282442,-1.66559,0.611248,0.282364,-1.66565,0.0108605,-0.0719584,-0.0965925,14.4982,0.0002,6.56462e-16,-1.40163e-10,6.56462e-16,0.0002,-8.11343e-11,-1.40163e-10,-8.11343e-11,0.0002
0.6112,0.282474,-1.66549,0.611311,0.282664,-1.66542,0.0109002,-0.0719256,-0.0964936,14.5076,0.0002,1.75432e-14,1.7653e-09,1.75432e-14,0.0002,1.4812e-09,1.7653e-09,1.4812e-09,0.0002
0.611195,0.282476,-1.66549,0.611176,0.282482,-1.66549,0.0108954,-0.071924,-0.0964929,14.5649,0.0002,9.88888e-15,1.12979e-09,9.88888e-15,0.0002,9.47971e-10,1.12979e-09,9.47971e-10,0.0002
0.611192,0.282457,-1.66551,0.61118,0.282383,-1.66559,0.0108923,-0.0719425,-0.0965115,14.6006,0.0002,5.78053e-15,7.23068e-10,5.78053e-15,0.0002,6.06701e-10,7.23068e-10,6.06701e-10,0.0002
0.61115,0.282463,-1.6656,0.611028,0.282426,-1.66564,0.0108499,-0.0719373,-0.0966009,14.5816,0.0002,1.27553e-14,-1.39236e-09,1.27553e-14,0.0002,-1.1447e-09,-1.39236e-09,-1.1447e-09,0.0002
0.611148,0.282452,-1.6656,0.611138,0.28241,-1.66558,0.0108475,-0.0719479,-0.0965976,14.4564,0.0002,7.34733e-15,-8.91112e-10,7.34733e-15,0.0002,-7.32606e-10,-8.91112e-10,-7.32606e-10,0.0002
0.61115,0.282432,-1.66564,0.61116,0.282352,-1.66579,0.01085,-0.0719679,-0.0966367,14.4712,0.0002,4.36804e-15,-5.70312e-10,4.36804e-15,0.0002,-4.68868e-10,-5.70312e-10,-4.68868e-10,0.0002
0.611182,0.28244,-1.66572,0.61126,0.282527,-1.66571,0.0108816,-0.0719605,-0.0967156,14.4401,0.0002,1.39957e-14,1.49032e-09,1.39957e-14,0.0002,1.23268e-09,1.49032e-09,1.23268e-09,0.0002
0.611195,0.28242,-1.66571,0.61125,0.28234,-1.66571,0.0108953,-0.0719804,-0.0967135,14.4715,0.0002,8.01668e-15,9.53804e-10,8.01668e-15,0.0002,7.88914e-10,9.53804e-10,7.88914e-10,0.0002
0.611209,0.282423,-1.66571,0.611264,0.282434,-1.6657,0.0109091,-0.0719774,-0.0967111,14.5652,0.0002,4.74541e-15,6.10434e-10,4.74541e-15,0.0002,5.04905e-10,6.10434e-10,5.04905e-10,0.0002
0.611206,0.282414,-1.66571,0.611195,0.282379,-1.66572,0.0109064,-0.0719862,-0.0967126,14.5152,0.0002,2.87926e-15,3.90678e-10,2.87926e-15,0.0002,3.23139e-10,3.90678e-10,3.23139e-10,0.0002
0.611207,0.282414,-1.66573,0.611211,0.282415,-1.6658,0.0109073,-0.071986,-0.0967308,14.4609,0.0002,1.77809e-15,2.50034e-10,1.77809e-15,0.0002,2.06809e-10,2.50034e-10,2.06809e-10,0.0002
0.611201,0.282424,-1.66563,0.611226,0.282408,-1.66554,0.0109014,-0.0719755,-0.0966291,14.5559,0.0002,1.65529e-14,-1.6952e-09,1.65529e-14,0.0002,-1.40052e-09,-1.6952e-09,-1.40052e-09,0.0002
0.611218,0.282421,-1.66563,0.611284,0.282409,-1.66562,0.0109179,-0.0719787,-0.0966278,14.4141,0.0002,9.37827e-15,-1.08493e-09,9.37827e-15,0.0002,-8.9633e-10,-1.08493e-09,-8.9633e-10,0.0002
0.611271,0.282456,-1.66549,0.611481,0.282595,-1.66494,0.0109705,-0.0719439,-0.0964901,14.9369,0.0002,5.5042e-15,-6.94353e-10,5.5042e-15,0.0002,-5.73651e-10,-6.94353e-10,-5.73651e-10,0.0002
0.61126,0.282466,-1.66542,0.611278,0.282553,-1.66546,0.0109604,-0.071934,-0.0964206,14.5467,0.0002,-1.36305e-14,1.08893e-09,-1.36305e-14,0.0002,-2.22199e-09,1.08893e-09,-2.22199e-09,0.0002
0.611318,0.282482,-1.6654,0.611491,0.282498,-1.66502,0.0110182,-0.071918,-0.0964038,14.8478,0.0002,-3.35658e-15,-8.36237e-10,-3.35658e-15,0.0002,4.32915e-10,-8.36237e-10,4.32915e-10,0.0002
0.611309,0.282461,-1.66552,0.611223,0.282433,-1.66567,0.0110087,-0.0719393,-0.0965214,14.6985,0.0002,1.46888e-14,1.31977e-09,1.46888e-14,0.0002,1.81025e-09,1.31977e-09,1.81025e-09,0.0002
0.611287,0.282473,-1.66549,0.611248,0.282465,-1.66567,0.0109871,-0.0719269,-0.096487,14.6025,0.0002,4.23984e-15,-1.01025e-09,4.23984e-15,0.0002,-3.74701e-10,-1.01025e-09,-3.74701e-10,0.0002
0.611268,0.282429,-1.6655,0.611202,0.282361,-1.66554,0.0109681,-0.0719706,-0.0964976,14.452,0.0002,-8.6019e-15,2.74159e-09,-8.6019e-15,0.0002,-5.61597e-10,2.74159e-09,-5.61597e-10,0.0002
0.611266,0.282401,-1.66551,0.61126,0.282288,-1.66558,0.0109664,-0.0719988,-0.0965149,14.4863,0.0002,-4.7169e-15,1.75462e-09,-4.7169e-15,0.0002,-3.59422e-10,1.75462e-09,-3.59422e-10,0.0002
0.611249,0.282407,-1.66552,0.61118,0.282428,-1.66556,0.0109492,-0.0719935,-0.0965238,14.5302,0.0002,-2.69593e-15,1.12295e-09,-2.69593e-15,0.0002,-2.3003e-10,1.12295e-09,-2.3003e-10,0.0002
0.611268,0.282474,-1.66552,0.611341,0.282743,-1.66551,0.0109676,-0.0719261,-0.0965208,14.374,0.0002,-1.59314e-15,7.18691e-10,-1.59314e-15,0.0002,-1.47219e-10,7.18691e-10,-1.47219e-10,0.0002
0.611247,0.282477,-1.66546,0.611108,0.282444,-1.66554,0.0109474,-0.0719226,-0.0964609,14.5779,0.0002,-1.30824e-14,-1.0733e-09,-1.30824e-14,0.0002,1.76068e-09,-1.0733e-09,1.76068e-09,0.0002
0.611212,0.282447,-1.66548,0.611071,0.282327,-1.66557,0.010912,-0.0719527,-0.0964832,14.7,0.0002,-7.40521e-15,-6.86913e-10,-7.40521e-15,0.0002,1.12683e-09,-6.86913e-10,1.12683e-09,0.0002
0.611215,0.282443,-1.66548,0.611226,0.282425,-1.66548,0.0109148,-0.0719572,-0.096482,14.5849,0.0002,-4.34303e-15,-4.39624e-10,-4.34303e-15,0.0002,7.21173e-10,-4.39624e-10,7.21173e-10,0.0002
0.611198,0.282431,-1.6655,0.611131,0.282386,-1.66555,0.0108981,-0.0719687,-0.0964957,14.5607,0.0002,-2.61721e-15,-2.81359e-10,-2.61721e-15,0.0002,4.61551e-10,-2.81359e-10,4.61551e-10,0.0002
0.611206,0.282429,-1.66554,0.611236,0.282419,-1.66572,0.0109057,-0.071971,-0.0965402,14.4949,0.0002,-1.60852e-15,-1.8007e-10,-1.60852e-15,0.0002,2.95393e-10,-1.8007e-10,2.95393e-10,0.0002
0.611199,0.282438,-1.66556,0.61117,0.282474,-1.66566,0.0108985,-0.0719621,-0.0965649,14.5738,0.0002,-1.00222e-15,-1.15245e-10,-1.00222e-15,0.0002,1.89051e-10,-1.15245e-10,1.89051e-10,0.0002
0.611189,0.282399,-1.6656,0.611151,0.282246,-1.66572,0.010889,-0.0720005,-0.0965955,14.5672,0.0002,-6.30267e-16,-7.37567e-11,-6.30267e-16,0.0002,1.20993e-10,-7.37567e-11,1.20993e-10,0.0002
0.611182,0.282412,-1.66559,0.611154,0.282464,-1.66559,0.0108819,-0.0719876,-0.0965945,14.4188,0.0002,-3.98802e-16,-4.72043e-11,-3.98802e-16,0.0002,7.74354e-11,-4.72043e-11,7.74354e-11,0.0002
0.611202,0.282389,-1.66562,0.611285,0.282295,-1.66572,0.0109024,-0.072011,-0.0966192,14.6259,0.0002,-2.53362e-16,-3.02107e-11,-2.53362e-16,0.0002,4.95586e-11,-3.02107e-11,4.95586e-11,0.0002
0.610967,0.278331,-1.66816,0.611814,0.280356,-1.66848,0.0109666,-0.0766694,-0.0971589,14.5747,0.000200002,-2.2496e-10,5.84123e-07,-2.2496e-10,0.0002,-5.86853e-08,5.84123e-07,-5.86853e-08,0.0002
0.610871,0.274799,-1.66871,0.612236,0.278454,-1.67092,0.0108705,-0.0801011,-0.0977103,14.6075,0.000200006,-6.10603e-10,9.42892e-07,-6.10603e-10,0.0002,-9.31389e-08,9.42892e-07,-9.31389e-08,0.000199999
0.610848,0.274587,-1.66918,0.611326,0.279349,-1.67232,0.0108483,-0.0787128,-0.0991786,15.4337,0.000200005,-5.06357e-10,7.82967e-07,-5.06357e-10,0.0002,-7.71848e-08,7.82967e-07,-7.71848e-08,0.000199998
0.610639,0.271382,-1.67007,0.61183,0.278293,-1.67398,0.0106389,-0.079118,-0.100075,15.4745,0.00020001,-9.73442e-10,1.13258e-06,-9.73442e-10,0.0002,-1.13386e-07,1.13258e-06,-1.13386e-07,0.000199997
0.610574,0.26796,-1.6718,0.612572,0.275904,-1.67713,0.0105744,-0.0795401,-0.102801,15.4807,0.000200015,-1.54683e-09,1.41719e-06,-1.54683e-09,0.0002,-1.43515e-07,1.41719e-06,-1.43515e-07,0.000199996
0.610576,0.265005,-1.67387,0.612836,0.273217,-1.68056,0.0105755,-0.0795945,-0.104868,15.4934,0.000200019,-1.9871e-09,1.54807e-06,-1.9871e-09,0.0002,-1.6221e-07,1.54807e-06,-1.6221e-07,0.000199994
0.610906,0.264288,-1.67539,0.613575,0.27352,-1.68055,0.0109055,-0.0765122,-0.106392,15.5314,0.000200017,-1.78587e-09,1.37816e-06,-1.78587e-09,0.0002,-1.4569e-07,1.37816e-06,-1.4569e-07,0.000199994
0.610984,0.2614,-1.67752,0.613467,0.27042,-1.68381,0.0109843,-0.0749002,-0.108516,16.0718,0.00020002,-2.1283e-09,1.54046e-06,-2.1283e-09,0.0002,-1.61022e-07,1.54046e-06,-1.61022e-07,0.000199993
0.610828,0.25675,-1.67802,0.612486,0.259511,-1.6775,0.010828,-0.0750505,-0.108017,12.5146,0.000200024,-2.50432e-09,1.66935e-06,-2.50432e-09,0.0002,-1.7671e-07,1.66935e-06,-1.7671e-07,0.000199992
0.610885,0.253691,-1.67847,0.613183,0.258671,-1.67901,0.0108847,-0.0731087,-0.108466,12.5616,0.000200023,-2.56506e-09,1.61914e-06,-2.56506e-09,0.0002,-1.79398e-07,1.61914e-06,-1.79398e-07,0.000199992
0.611015,0.250235,-1.67938,0.613706,0.256771,-1.68149,0.0110152,-0.0713645,-0.108383,12.5884,0.000200025,-2.74764e-09,1.6877e-06,-2.74764e-09,0.0002,-1.83777e-07,1.6877e-06,-1.83777e-07,0.000199991
0.611197,0.246724,-1.68035,0.614349,0.25504,-1.68394,0.011197,-0.0696763,-0.109353,12.5928,0.000200028,-3.05215e-09,1.7958e-06,-3.05215e-09,0.0002,-1.93983e-07,1.7958e-06,-1.93983e-07,0.00019999
0.611237,0.243474,-1.68217,0.613724,0.250494,-1.68852,0.011237,-0.0676264,-0.111174,13.361,0.000200029,-3.14713e-09,1.7901e-06,-3.14713e-09,0.0002,-1.965e-07,1.7901e-06,-1.965e-07,0.00019999
0.610788,0.237704,-1.6802,0.611259,0.236149,-1.67265,0.0107882,-0.0678962,-0.109203,9.55218,0.00020003,-3.30771e-09,1.83407e-06,-3.30771e-09,0.0002,-2.00984e-07,1.83407e-06,-2.00984e-07,0.000199989
0.61046,0.232585,-1.67944,0.611482,0.233786,-1.67575,0.0104596,-0.0677153,-0.108437,9.53997,0.000200031,-3.44836e-09,1.86722e-06,-3.44836e-09,0.0002,-2.0491e-07,1.86722e-06,-2.0491e-07,0.000199989
0.610196,0.228185,-1.67924,0.611537,0.232095,-1.67879,0.0101963,-0.0666153,-0.108241,9.16758,0.000200032,-3.55166e-09,1.88325e-06,-3.55166e-09,0.0002,-2.07864e-07,1.88325e-06,-2.07864e-07,0.000199988
0.610055,0.224225,-1.67971,0.611804,0.229904,-1.68191,0.0100547,-0.0651753,-0.108709,8.81171,0.000200033,-3.58375e-09,1.89389e-06,-3.58375e-09,0.0002,-2.06237e-07,1.89389e-06,-2.06237e-07,0.000199988
0.609951,0.22046,-1.68109,0.612049,0.227327,-1.68631,0.00995084,-0.0634399,-0.110088,8.27451,0.000200034,-3.68746e-09,1.91381e-06,-3.68746e-09,0.0002,-2.10489e-07,1.91381e-06,-2.10489e-07,0.000199988
0.610018,0.217416,-1.68231,0.61263,0.226328,-1.68752,0.010018,-0.0610839,-0.111306,8.34649,0.000200033,-3.66036e-09,1.89978e-06,-3.66036e-09,0.0002,-2.07691e-07,1.89978e-06,-2.07691e-07,0.000199988
0.609256,0.211062,-1.68092,0.608625,0.207741,-1.67601,0.0092565,-0.0620383,-0.109922,8.60977,0.000200034,-3.75444e-09,1.92266e-06,-3.75444e-09,0.0002,-2.11952e-07,1.92266e-06,-2.11952e-07,0.000199987
0.608711,0.205851,-1.68041,0.608821,0.205943,-1.67837,0.00871137,-0.0618487,-0.109412,8.5765,0.000200034,-3.71385e-09,1.90019e-06,-3.71385e-09,0.0002,-2.09698e-07,1.90019e-06,-2.09698e-07,0.000199987
0.608359,0.200955,-1.6807,0.609385,0.203356,-1.68186,0.00835939,-0.0612454,-0.1097,8.66758,0.000200034,-3.76807e-09,1.91967e-06,-3.76807e-09,0.0002,-2.11637e-07,1.91967e-06,-2.11637e-07,0.000199987
0.608186,0.196947,-1.68146,0.609788,0.201903,-1.68422,0.00818611,-0.0599531,-0.110465,8.69544,0.000200034,-3.70404e-09,1.90016e-06,-3.70404e-09,0.0002,-2.07896e-07,1.90016e-06,-2.07896e-07,0.000199987
0.608087,0.19299,-1.68276,0.610198,0.199141,-1.68795,0.0080874,-0.0584101,-0.111759,8.79182,0.000200034,-3.76743e-09,1.91957e-06,-3.76743e-09,0.0002,-2.11225e-07,1.91957e-06,-2.11225e-07,0.000199987
0.607997,0.189706,-1.6845,0.610114,0.197429,-1.69117,0.00799696,-0.056394,-0.113501,8.36643,0.000200034,-3.75209e-09,1.89619e-06,-3.75209e-09,0.0002,-2.12017e-07,1.89619e-06,-2.12017e-07,0.000199987
0.607005,0.182802,-1.68276,0.605452,0.177071,-1.67577,0.00700498,-0.0578976,-0.111758,8.57991,0.000200034,-3.82236e-09,1.9134e-06,-3.82236e-09,0.0002,-2.15612e-07,1.9134e-06,-2.15612e-07,0.000199987
0.606262,0.177154,-1.6819,0.605646,0.175432,-1.67814,0.00626205,-0.0582463,-0.110898,8.56227,0.000200034,-3.79391e-09,1.89224e-06,-3.79391e-09,0.0002,-2.14824e-07,1.89224e-06,-2.14824e-07,0.000199987
0.60572,0.172006,-1.6817,0.605973,0.17319,-1.68093,0.00572031,-0.0578942,-0.110705,8.57105,0.000200034,-3.82169e-09,1.9077e-06,-3.82169e-09,0.0002,-2.15208e-07,1.9077e-06,-2.15208e-07,0.000199987
0.605341,0.167709,-1.68222,0.606274,0.17133,-1.68427,0.00534123,-0.0568912,-0.111217,8.6378,0.000200033,-3.79826e-09,1.8868e-06,-3.79826e-09,0.0002,-2.15312e-07,1.8868e-06,-2.15312e-07,0.000199987
0.605102,0.163653,-1.68322,0.606627,0.169196,-1.68722,0.00510175,-0.0555474,-0.112216,8.73693,0.000200034,-3.827e-09,1.9042e-06,-3.827e-09,0.0002,-2.15743e-07,1.9042e-06,-2.15743e-07,0.000199987
0.604991,0.160245,-1.68455,0.606949,0.16732,-1.68991,0.00499098,-0.0536554,-0.113553,8.7788,0.000200033,-3.76342e-09,1.88144e-06,-3.76342e-09,0.0002,-2.12898e-07,1.88144e-06,-2.12898e-07,0.000199987
0.60391,0.153261,-1.68261,0.601927,0.147058,-1.67514,0.00391025,-0.055239,-0.11161,8.44338,0.000200034,-3.79256e-09,1.89909e-06,-3.79256e-09,0.0002,-2.13886e-07,1.89909e-06,-2.13886e-07,0.000199987
0.603102,0.147572,-1.68159,0.602263,0.145633,-1.67749,0.00310168,-0.0556275,-0.110587,8.39096,0.000200033,-3.78268e-09,1.88122e-06,-3.78268e-09,0.0002,-2.15069e-07,1.88122e-06,-2.15069e-07,0.000199987
0.602503,0.142569,-1.68117,0.602443,0.144178,-1.6798,0.00250285,-0.0553313,-0.110165,8.39169,0.000200034,-3.7743e-09,1.89579e-06,-3.7743e-09,0.0002,-2.12838e-07,1.89579e-06,-2.12838e-07,0.000199987
0.602064,0.138287,-1.68162,0.602669,0.141817,-1.68314,0.00206396,-0.0543133,-0.110623,8.39702,0.000200033,-3.72273e-09,1.87433e-06,-3.72273e-09,0.0002,-2.11235e-07,1.87433e-06,-2.11235e-07,0.000199987
0.601771,0.134274,-1.68251,0.602946,0.139898,-1.68607,0.00177091,-0.0529263,-0.111511,8.48587,0.000200033,-3.71195e-09,1.89326e-06,-3.71195e-09,0.0002,-2.08961e-07,1.89326e-06,-2.08961e-07,0.000199987
0.60071,0.127068,-1.68042,0.598681,0.118864,-1.67207,0.000710054,-0.0549323,-0.109425,8.2623,0.000200033,-3.6603e-09,1.87111e-06,-3.6603e-09,0.0002,-2.07711e-07,1.87111e-06,-2.07711e-07,0.000199988
0.599824,0.120841,-1.67913,0.598593,0.117508,-1.67392,-0.000175919,-0.0557588,-0.108126,8.1671,0.000200033,-3.68648e-09,1.88753e-06,-3.68648e-09,0.0002,-2.08885e-07,1.88753e-06,-2.08885e-07,0.000199988
0.599173,0.115739,-1.67862,0.598787,0.11595,-1.67657,-0.000827093,-0.0555611,-0.107616,8.12691,0.000200033,-3.61566e-09,1.86769e-06,-3.61566e-09,0.0002,-2.05429e-07,1.86769e-06,-2.05429e-07,0.000199988
0.598676,0.110965,-1.67895,0.598982,0.11339,-1.68061,-0.00132446,-0.0550352,-0.107951,8.20358,0.000200033,-3.6116e-09,1.88398e-06,-3.6116e-09,0.0002,-2.04247e-07,1.88398e-06,-2.04247e-07,0.000199988
0.598297,0.107168,-1.67949,0.599153,0.112583,-1.68167,-0.00170296,-0.0535323,-0.108495,8.23999,0.000200033,-3.5982e-09,1.86506e-06,-3.5982e-09,0.0002,-2.05729e-07,1.86506e-06,-2.05729e-07,0.000199988
0.598035,0.103265,-1.68095,0.599293,0.10912,-1.68676,-0.00196469,-0.0521352,-0.109946,8.39127,0.000200033,-3.58335e-09,1.88072e-06,-3.58335e-09,0.0002,-2.03223e-07,1.88072e-06,-2.03223e-07,0.000199988
0.597143,0.0963935,-1.6795,0.595766,0.0894244,-1.67308,-0.0028573,-0.0538065,-0.108501,8.19246,0.000200032,-3.54479e-09,1.85981e-06,-3.54479e-09,0.0002,-2.02736e-07,1.85981e-06,-2.02736e-07,0.000199988
0.596417,0.0904702,-1.67856,0.595755,0.0881971,-1.67511,-0.00358344,-0.0544298,-0.107561,8.19239,0.000200033,-3.55782e-09,1.87548e-06,-3.55782e-09,0.0002,-2.02765e-07,1.87548e-06,-2.02765e-07,0.000199988
0.595872,0.0855808,-1.67854,0.595953,0.0864788,-1.67813,-0.00412841,-0.0541192,-0.107538,8.20637,0.000200032,-3.523e-09,1.85476e-06,-3.523e-09,0.0002,-2.02334e-07,1.85476e-06,-2.02334e-07,0.000199988
0.595453,0.0811257,-1.67902,0.596114,0.0846622,-1.68095,-0.00454656,-0.0532743,-0.10802,8.24711,0.000200033,-3.55075e-09,1.87044e-06,-3.55075e-09,0.0002,-2.0341e-07,1.87044e-06,-2.0341e-07,0.000199988
0.595132,0.0773959,-1.68008,0.596158,0.0828198,-1.684,-0.00486753,-0.0518041,-0.109078,8.36123,0.000200032,-3.51325e-09,1.84812e-06,-3.51325e-09,0.0002,-2.0268e-07,1.84812e-06,-2.0268e-07,0.000199988
0.594887,0.0738709,-1.68143,0.596261,0.0811789,-1.68653,-0.00511288,-0.0500291,-0.110431,8.43814,0.000200033,-3.54127e-09,1.86795e-06,-3.54127e-09,0.0002,-2.03233e-07,1.86795e-06,-2.03233e-07,0.000199988
0.593984,0.0667027,-1.67876,0.592505,0.058339,-1.66807,-0.00601563,-0.0519973,-0.107759,7.92589,0.000200032,-3.49977e-09,1.84485e-06,-3.49977e-09,0.0002,-2.02205e-07,1.84485e-06,-2.02205e-07,0.000199988
0.593208,0.0605834,-1.6767,0.592323,0.0574753,-1.66847,-0.00679182,-0.0528166,-0.105702,7.8611,0.000200032,-3.53541e-09,1.86409e-06,-3.53541e-09,0.0002,-2.03479e-07,1.86409e-06,-2.03479e-07,0.000199988
0.592618,0.0556685,-1.67554,0.592422,0.0563673,-1.67122,-0.00738245,-0.0525315,-0.104542,7.85805,0.000200032,-3.483e-09,1.84423e-06,-3.483e-09,0.0002,-2.01111e-07,1.84423e-06,-2.01111e-07,0.000199988
0.592126,0.0511995,-1.67536,0.592387,0.0545848,-1.67461,-0.00787385,-0.0517005,-0.104355,7.99281,0.000200032,-3.48706e-09,1.86054e-06,-3.48706e-09,0.0002,-2.00224e-07,1.86054e-06,-2.00224e-07,0.000199988
0.591762,0.0475285,-1.67577,0.592456,0.0531517,-1.67744,-0.00823805,-0.0502215,-0.104773,8.05909,0.000200032,-3.41115e-09,1.84053e-06,-3.41115e-09,0.0002,-1.96333e-07,1.84053e-06,-1.96333e-07,0.000199988
0.590957,0.0395275,-1.67192,0.589796,0.0288022,-1.6565,-0.00904347,-0.0529625,-0.100919,6.66256,0.000200032,-3.43309e-09,1.85816e-06,-3.43309e-09,0.0002,-1.97323e-07,1.85816e-06,-1.97323e-07,0.000199988
0.590216,0.0330406,-1.66894,0.58923,0.0273647,-1.65733,-0.00978389,-0.0542794,-0.0979386,5.81892,0.000200032,-3.35972e-09,1.83738e-06,-3.35972e-09,0.0002,-1.93713e-07,1.83738e-06,-1.93713e-07,0.000199988
0.589549,0.0275249,-1.66653,0.588853,0.0266423,-1.65687,-0.010451,-0.0545451,-0.0955262,5.52649,0.000200032,-3.33017e-09,1.85323e-06,-3.33017e-09,0.0002,-1.90662e-07,1.85323e-06,-1.90662e-07,0.000199988
0.589044,0.0232073,-1.66461,0.588835,0.0262246,-1.65725,-0.0109557,-0.0537127,-0.0936093,5.56179,0.000200032,-3.19909e-09,1.8349e-06,-3.19909e-09,0.0002,-1.82566e-07,1.8349e-06,-1.82566e-07,0.000199988
0.588614,0.0192101,-1.66386,0.588904,0.024344,-1.66115,-0.0113856,-0.0524799,-0.0928553,5.66573,0.000200032,-3.18616e-09,1.85008e-06,-3.18616e-09,0.0002,-1.82077e-07,1.85008e-06,-1.82077e-07,0.000199988
0.58823,0.0152373,-1.66449,0.588653,0.019512,-1.66673,-0.0117702,-0.0513127,-0.093493,5.81668,0.000200031,-3.10434e-09,1.82933e-06,-3.10434e-09,0.0002,-1.78513e-07,1.82933e-06,-1.78513e-07,0.000199988
0.587428,0.00800984,-1.65991,0.586045,0.00024077,-1.64127,-0.0125717,-0.0533102,-0.0889137,4.84007,0.000200032,-3.11716e-09,1.84651e-06,-3.11716e-09,0.0002,-1.79511e-07,1.84651e-06,-1.79511e-07,0.000199988
0.586844,0.00224164,-1.65677,0.586162,-0.000690148,-1.64417,-0.013156,-0.0539484,-0.0857651,4.95653,0.000200031,-3.00033e-09,1.82575e-06,-3.00033e-09,0.0002,-1.7243e-07,1.82575e-06,-1.7243e-07,0.000199988
0.586338,-0.00280356,-1.65459,0.585987,-0.00183135,-1.64618,-0.0136618,-0.0537636,-0.0835857,4.97863,0.000200032,-2.93365e-09,1.84501e-06,-2.93365e-09,0.0002,-1.66896e-07,1.84501e-06,-1.66896e-07,0.000199988
0.585919,-0.00682165,-1.65334,0.58593,-0.00270332,-1.64804,-0.014081,-0.0526616,-0.0823403,4.99328,0.000200031,-2.84395e-09,1.82664e-06,-2.84395e-09,0.0002,-1.62813e-07,1.82664e-06,-1.62813e-07,0.000199988
0.585557,-0.0107053,-1.65305,0.585895,-0.00520357,-1.65222,-0.0144426,-0.0513353,-0.0820521,5.08154,0.000200032,-2.82129e-09,1.84209e-06,-2.82129e-09,0.0002,-1.61536e-07,1.84209e-06,-1.61536e-07,0.000199988
0.58527,-0.0139246,-1.65338,0.585733,-0.00671236,-1.65437,-0.0147304,-0.0494346,-0.0823794,5.11054,0.000200031,-2.70321e-09,1.82174e-06,-2.70321e-09,0.0002,-1.54721e-07,1.82174e-06,-1.54721e-07,0.000199988
0.585045,-0.0210123,-1.65071,0.585841,-0.0286924,-1.64003,-0.0149549,-0.0514023,-0.0797071,4.69063,0.000200031,-2.7123e-09,1.82694e-06,-2.7123e-09,0.0002,-1.5715e-07,1.82694e-06,-1.5715e-07,0.000199988
0.584871,-0.0264792,-1.64949,0.585519,-0.0294624,-1.64397,-0.0151289,-0.0520192,-0.0784852,4.72432,0.00020003,-2.51195e-09,1.77329e-06,-2.51195e-09,0.0002,-1.45631e-07,1.77329e-06,-1.45631e-07,0.000199989
0.584775,-0.0307184,-1.64832,0.585728,-0.0299641,-1.64303,-0.0152255,-0.0518584,-0.0773185,4.62347,0.000200028,-2.32178e-09,1.70143e-06,-2.32178e-09,0.0002,-1.37966e-07,1.70143e-06,-1.37966e-07,0.000199989
0.584734,-0.0336913,-1.64753,0.585713,-0.030523,-1.64436,-0.0152655,-0.0510113,-0.076526,4.64242,0.000200025,-2.03069e-09,1.57068e-06,-2.03069e-09,0.0002,-1.2572e-07,1.57068e-06,-1.2572e-07,0.00019999
0.584695,-0.0358404,-1.64743,0.585575,-0.0315564,-1.64672,-0.0153048,-0.0499504,-0.0764283,4.67226,0.000200021,-1.72705e-09,1.41735e-06,-1.72705e-09,0.0002,-1.13884e-07,1.41735e-06,-1.13884e-07,0.000199991
0.584697,-0.03713,-1.64746,0.585503,-0.031896,-1.6476,-0.0153031,-0.04863,-0.0764617,4.71512,0.000200017,-1.38943e-09,1.23963e-06,-1.38943e-09,0.0002,-9.84175e-08,1.23963e-06,-9.84175e-08,0.000199992
0.584605,-0.0412295,-1.64477,0.584748,-0.0493996,-1.63432,-0.0153947,-0.0506615,-0.0737696,4.73301,0.000200013,-1.06367e-09,1.05646e-06,-1.06367e-09,0.0002,-8.14697e-08,1.05646e-06,-8.14697e-08,0.000199994
0.58449,-0.0448642,-1.64312,0.584766,-0.0495927,-1.63618,-0.0155101,-0.0520902,-0.0721151,4.86707,0.000200011,-9.0639e-10,9.8994e-07,-9.0639e-10,0.0002,-7.71276e-08,9.8994e-07,-7.71276e-08,0.000199995
0.584254,-0.0485766,-1.64154,0.58423,-0.0502701,-1.63653,-0.0157459,-0.0523826,-0.0705444,4.73439,0.000200011,-8.87429e-10,1.05447e-06,-8.87429e-10,0.0002,-7.97198e-08,1.05447e-06,-7.97198e-08,0.000199995
0.584004,-0.0521727,-1.64088,0.584095,-0.0508543,-1.63824,-0.0159964,-0.0519425,-0.069883,4.7395,0.000200013,-9.68222e-10,1.17727e-06,-9.68222e-10,0.0002,-8.66249e-08,1.17727e-06,-8.66249e-08,0.000199995
0.583762,-0.0557958,-1.64059,0.584041,-0.0517709,-1.64036,-0.0162379,-0.0510828,-0.069588,4.72437,0.000200016,-1.13415e-09,1.34598e-06,-1.13415e-09,0.0002,-9.51887e-08,1.34598e-06,-9.51887e-08,0.000199995
0.583443,-0.0617114,-1.63872,0.583403,-0.0674956,-1.63159,-0.0165574,-0.0523194,-0.0677248,5.21699,0.000200018,-1.28061e-09,1.43335e-06,-1.28061e-09,0.0002,-1.02561e-07,1.43335e-06,-1.02561e-07,0.000199994
0.583126,-0.0670366,-1.63791,0.583199,-0.0680673,-1.63402,-0.0168743,-0.0527366,-0.0669107,5.15869,0.000200021,-1.47812e-09,1.56583e-06,-1.47812e-09,0.0002,-1.09861e-07,1.56583e-06,-1.09861e-07,0.000199993
0.582838,-0.071182,-1.6375,0.583005,-0.0687185,-1.63616,-0.0171624,-0.051972,-0.066498,5.15378,0.000200023,-1.5898e-09,1.6115e-06,-1.5898e-09,0.0002,-1.12927e-07,1.6115e-06,-1.12927e-07,0.000199992
0.582544,-0.0751551,-1.63808,0.582763,-0.0704617,-1.63978,-0.0174559,-0.0508851,-0.067082,5.114,0.000200025,-1.72597e-09,1.69007e-06,-1.72597e-09,0.0002,-1.16381e-07,1.69007e-06,-1.16381e-07,0.000199991
0.582308,-0.078158,-1.63874,0.582663,-0.0705897,-1.6417,-0.0176916,-0.048888,-0.0677426,5.16763,0.000200026,-1.76385e-09,1.7082e-06,-1.76385e-09,0.0002,-1.1495e-07,1.7082e-06,-1.1495e-07,0.000199991
0.582036,-0.0812819,-1.64012,0.582406,-0.0730895,-1.64498,-0.0179643,-0.0469019,-0.0691171,5.13543,0.000200027,-1.8682e-09,1.75529e-06,-1.8682e-09,0.0002,-1.18726e-07,1.75529e-06,-1.18726e-07,0.00019999
0.581721,-0.0880009,-1.63831,0.581868,-0.095038,-1.6311,-0.0182788,-0.0486009,-0.0673115,5.79782,0.000200028,-1.95312e-09,1.75798e-06,-1.95312e-09,0.0002,-1.23457e-07,1.75798e-06,-1.23457e-07,0.00019999
0.581408,-0.0936589,-1.6372,0.581496,-0.0957016,-1.63276,-0.0185923,-0.0491389,-0.0662001,5.59942,0.000200029,-2.00183e-09,1.78378e-06,-2.00183e-09,0.0002,-1.2355e-07,1.78378e-06,-1.2355e-07,0.00019999
0.581115,-0.0981469,-1.63676,0.581245,-0.0962528,-1.63498,-0.0188848,-0.0485969,-0.0657565,5.58793,0.000200029,-1.99016e-09,1.77657e-06,-1.99016e-09,0.0002,-1.21297e-07,1.77657e-06,-1.21297e-07,0.000199989
0.580825,-0.102074,-1.63697,0.581043,-0.0970886,-1.63781,-0.0191746,-0.047424,-0.0659667,5.57681,0.00020003,-2.01715e-09,1.79913e-06,-2.01715e-09,0.0002,-1.21368e-07,1.79913e-06,-1.21368e-07,0.000199989
0.580538,-0.105183,-1.63763,0.580728,-0.0978798,-1.6403,-0.0194616,-0.0455025,-0.0666345,5.58936,0.00020003,-1.99087e-09,1.78301e-06,-1.99087e-09,0.0002,-1.19527e-07,1.78301e-06,-1.19527e-07,0.000199989
0.580266,-0.108051,-1.63879,0.580554,-0.0988857,-1.64307,-0.0197339,-0.0432712,-0.0677867,5.60893,0.00020003,-1.99988e-09,1.80163e-06,-1.99988e-09,0.0002,-1.19057e-07,1.80163e-06,-1.19057e-07,0.000199989
0.579947,-0.115051,-1.63665,0.579919,-0.123308,-1.6281,-0.0200531,-0.0452512,-0.0656481,8.93518,0.00020003,-1.98951e-09,1.78452e-06,-1.98951e-09,0.0002,-1.19198e-07,1.78452e-06,-1.19198e-07,0.000199989
0.579644,-0.120884,-1.63526,0.57978,-0.123571,-1.62937,-0.0203561,-0.0459836,-0.0642557,8.89391,0.00020003,-2.03089e-09,1.80242e-06,-2.03089e-09,0.0002,-1.21591e-07,1.80242e-06,-1.21591e-07,0.000199989
0.579389,-0.125494,-1.6346,0.579561,-0.124241,-1.63228,-0.020611,-0.0455937,-0.0635968,8.8706,0.00020003,-1.96484e-09,1.78359e-06,-1.96484e-09,0.0002,-1.16731e-07,1.78359e-06,-1.16731e-07,0.000199989
0.579133,-0.129441,-1.63441,0.579418,-0.12464,-1.63367,-0.0208666,-0.0444512,-0.0634111,8.91212,0.00020003,-1.97124e-09,1.80032e-06,-1.97124e-09,0.0002,-1.16798e-07,1.80032e-06,-1.16798e-07,0.000199989
0.578861,-0.132793,-1.63522,0.579109,-0.126516,-1.63812,-0.0211394,-0.042803,-0.0642176,8.77709,0.00020003,-1.95271e-09,1.78206e-06,-1.95271e-09,0.0002,-1.16628e-07,1.78206e-06,-1.16628e-07,0.000199989
0.578615,-0.135662,-1.63635,0.578999,-0.126656,-1.64025,-0.0213847,-0.0406019,-0.0653507,8.87234,0.00020003,-1.96395e-09,1.79592e-06,-1.96395e-09,0.0002,-1.17027e-07,1.79592e-06,-1.17027e-07,0.000199989
0.577984,-0.142834,-1.63421,0.576707,-0.151833,-1.6253,-0.0220157,-0.042834,-0.0632054,13.8713,0.00020003,-1.96213e-09,1.77916e-06,-1.96213e-09,0.0002,-1.17996e-07,1.77916e-06,-1.17996e-07,0.000199989
0.577465,-0.148862,-1.63316,0.576588,-0.152429,-1.62866,-0.0225351,-0.0437621,-0.0621605,13.86,0.00020003,-1.94641e-09,1.79591e-06,-1.94641e-09,0.0002,-1.15596e-07,1.79591e-06,-1.15596e-07,0.000199989
0.576965,-0.153575,-1.63249,0.576161,-0.152787,-1.62979,-0.0230352,-0.0434749,-0.0614874,13.8557,0.00020003,-1.90224e-09,1.7777e-06,-1.90224e-09,0.0002,-1.13217e-07,1.7777e-06,-1.13217e-07,0.000199989
0.576535,-0.157733,-1.63253,0.576091,-0.153876,-1.63334,-0.0234649,-0.0426326,-0.0615331,13.7366,0.00020003,-1.90143e-09,1.79325e-06,-1.90143e-09,0.0002,-1.12846e-07,1.79325e-06,-1.12846e-07,0.000199989
0.57611,-0.161039,-1.63312,0.575757,-0.154743,-1.63609,-0.0238899,-0.0409394,-0.0621198,13.6025,0.00020003,-1.89715e-09,1.77242e-06,-1.89715e-09,0.0002,-1.1415e-07,1.77242e-06,-1.1415e-07,0.000199989
0.575744,-0.168861,-1.63103,0.575403,-0.179705,-1.62237,-0.0242562,-0.0436611,-0.0600335,14.1338,0.00020003,-1.88362e-09,1.78825e-06,-1.88362e-09,0.0002,-1.12209e-07,1.78825e-06,-1.12209e-07,0.000199989
0.575401,-0.174972,-1.62938,0.575089,-0.179926,-1.6237,-0.024599,-0.0448718,-0.0583756,13.8104,0.000200029,-1.81133e-09,1.7679e-06,-1.81133e-09,0.0002,-1.07558e-07,1.7679e-06,-1.07558e-07,0.000199989
0.575068,-0.180119,-1.6287,0.574945,-0.180272,-1.62507,-0.0249325,-0.0450194,-0.0577043,13.7851,0.00020003,-1.82836e-09,1.78529e-06,-1.82836e-09,0.0002,-1.09043e-07,1.78529e-06,-1.09043e-07,0.000199989
0.57478,-0.184182,-1.62859,0.574751,-0.181,-1.62811,-0.02522,-0.0440816,-0.0575859,13.8426,0.000200029,-1.77254e-09,1.76428e-06,-1.77254e-09,0.0002,-1.05829e-07,1.76428e-06,-1.05829e-07,0.000199989
0.574493,-0.187762,-1.62906,0.574548,-0.1817,-1.63097,-0.0255065,-0.0426623,-0.0580635,13.7899,0.00020003,-1.76996e-09,1.78141e-06,-1.76996e-09,0.0002,-1.05467e-07,1.78141e-06,-1.05467e-07,0.000199989
0.574249,-0.190604,-1.6299,0.574395,-0.182485,-1.63354,-0.0257509,-0.0405037,-0.0588965,13.7792,0.000200029,-1.71343e-09,1.76358e-06,-1.71343e-09,0.0002,-1.02114e-07,1.76358e-06,-1.02114e-07,0.000199989
0.573592,-0.198013,-1.62761,0.572107,-0.207421,-1.61814,-0.0264083,-0.0429129,-0.0566116,20.1457,0.000200029,-1.74853e-09,1.77572e-06,-1.74853e-09,0.0002,-1.05393e-07,1.77572e-06,-1.05393e-07,0.000199989
0.573001,-0.203892,-1.62607,0.571683,-0.207974,-1.62051,-0.0269988,-0.0438922,-0.0550658,20.0939,0.000200029,-1.70537e-09,1.7582e-06,-1.70537e-09,0.0002,-1.02715e-07,1.7582e-06,-1.02715e-07,0.000199989
0.572522,-0.208905,-1.62561,0.571652,-0.208615,-1.62345,-0.0274782,-0.0439049,-0.0546072,20.0558,0.000200029,-1.68013e-09,1.77601e-06,-1.68013e-09,0.0002,-1.00089e-07,1.77601e-06,-1.00089e-07,0.000199989
0.572042,-0.212769,-1.62547,0.571176,-0.208895,-1.62491,-0.0279582,-0.0428685,-0.0544698,20.0048,0.000200029,-1.63505e-09,1.75505e-06,-1.63505e-09,0.0002,-9.79861e-08,1.75505e-06,-9.79861e-08,0.000199989
0.571576,-0.21618,-1.62582,0.570891,-0.209597,-1.62755,-0.0284243,-0.0412796,-0.0548242,19.9679,0.000200029,-1.65551e-09,1.77043e-06,-1.65551e-09,0.0002,-9.97837e-08,1.77043e-06,-9.97837e-08,0.000199989
0.571195,-0.218778,-1.62662,0.570766,-0.209847,-1.62918,-0.0288049,-0.0389783,-0.0556239,20.054,0.000200029,-1.62094e-09,1.75147e-06,-1.62094e-09,0.0002,-9.80232e-08,1.75147e-06,-9.80232e-08,0.000199989
0.570916,-0.226183,-1.62454,0.570787,-0.235563,-1.61652,-0.0290842,-0.0413827,-0.0535385,21.4538,0.000200029,-1.6155e-09,1.76829e-06,-1.6155e-09,0.0002,-9.71566e-08,1.76829e-06,-9.71566e-08,0.000199989
0.570683,-0.232,-1.62331,0.570737,-0.235937,-1.61838,-0.0293171,-0.0423,-0.0523061,21.433,0.000200029,-1.58046e-09,1.75015e-06,-1.58046e-09,0.0002,-9.54486e-08,1.75015e-06,-9.54486e-08,0.000199989
0.570437,-0.236912,-1.6227,0.570485,-0.236378,-1.62029,-0.0295634,-0.0422118,-0.0517029,21.4236,0.000200029,-1.57808e-09,1.76576e-06,-1.57808e-09,0.0002,-9.50222e-08,1.76576e-06,-9.50222e-08,0.000199989
0.570197,-0.240751,-1.62269,0.570243,-0.236777,-1.62265,-0.0298028,-0.041151,-0.0516921,21.3948,0.000200029,-1.53968e-09,1.74859e-06,-1.53968e-09,0.0002,-9.29473e-08,1.74859e-06,-9.29473e-08,0.000199989
0.569947,-0.244108,-1.62337,0.570013,-0.237461,-1.62544,-0.0300527,-0.0395076,-0.0523702,21.3641,0.000200029,-1.53977e-09,1.76138e-06,-1.53977e-09,0.0002,-9.29503e-08,1.76138e-06,-9.29503e-08,0.000199989
0.569718,-0.251751,-1.62127,0.569765,-0.263362,-1.61322,-0.0302818,-0.0423506,-0.0502744,21.1085,0.000200028,-1.52041e-09,1.73379e-06,-1.52041e-09,0.0002,-9.30593e-08,1.73379e-06,-9.30593e-08,0.000199989
0.569521,-0.257854,-1.62012,0.569623,-0.263678,-1.6155,-0.0304788,-0.0438542,-0.0491196,20.8474,0.000200028,-1.45904e-09,1.70438e-06,-1.45904e-09,0.0002,-8.96057e-08,1.70438e-06,-8.96057e-08,0.00019999
0.569368,-0.262378,-1.61941,0.569541,-0.264006,-1.6166,-0.0306318,-0.0441779,-0.0484148,20.8539,0.000200026,-1.32995e-09,1.61762e-06,-1.32995e-09,0.0002,-8.3353e-08,1.61762e-06,-8.3353e-08,0.00019999
0.569212,-0.265683,-1.61919,0.56934,-0.2643,-1.61797,-0.030788,-0.0438833,-0.0481892,20.8669,0.000200023,-1.18709e-09,1.50255e-06,-1.18709e-09,0.0002,-7.78227e-08,1.50255e-06,-7.78227e-08,0.000199991
0.569066,-0.267926,-1.61937,0.569073,-0.264786,-1.6201,-0.0309343,-0.0430259,-0.0483709,20.7463,0.000200019,-9.92685e-10,1.34913e-06,-9.92685e-10,0.0002,-6.8573e-08,1.34913e-06,-6.8573e-08,0.000199992
0.568945,-0.269323,-1.61978,0.568961,-0.264928,-1.62144,-0.0310548,-0.0419232,-0.0487849,20.6589,0.000200016,-8.00559e-10,1.18295e-06,-8.00559e-10,0.0002,-5.94191e-08,1.18295e-06,-5.94191e-08,0.000199993
0.568937,-0.273859,-1.61811,0.569145,-0.284028,-1.6114,-0.0310632,-0.044459,-0.0471077,21.5705,0.000200012,-6.00476e-10,1.01219e-06,-6.00476e-10,0.0002,-4.71276e-08,1.01219e-06,-4.71276e-08,0.000199994
0.567795,-0.276933,-1.61705,0.569033,-0.284226,-1.6125,-0.0310046,-0.0461325,-0.0460472,21.4969,0.000200009,-1.37972e-09,8.07603e-07,-1.37972e-09,0.0002,-2.16614e-07,8.07603e-07,-2.16614e-07,0.000199995
0.565832,-0.279137,-1.6163,0.568868,-0.284722,-1.61336,-0.0301683,-0.0475367,-0.0453035,21.6595,0.000200006,-2.30666e-09,6.19958e-07,-2.30666e-09,0.000200002,-4.87506e-07,6.19958e-07,-4.87506e-07,0.000199996
0.563279,-0.280548,-1.61596,0.568347,-0.284967,-1.61528,-0.0288208,-0.0484476,-0.0449642,21.5897,0.000200004,-2.80037e-09,4.35904e-07,-2.80037e-09,0.000200004,-8.00953e-07,4.35904e-07,-8.00953e-07,0.000199997
0.560617,-0.28165,-1.61647,0.568037,-0.285554,-1.6176,-0.0270833,-0.0492502,-0.0454731,21.5919,0.000200002,-2.78881e-09,2.95288e-07,-2.78881e-09,0.000200009,-1.0908e-06,2.95288e-07,-1.0908e-06,0.000199996
0.558223,-0.282438,-1.61694,0.567961,-0.285903,-1.61917,-0.0245769,-0.0498377,-0.0459416,21.4647,0.000200002,-2.30457e-09,1.79524e-07,-2.30457e-09,0.000200013,-1.31601e-06,1.79524e-07,-1.31601e-06,0.000199995
0.554246,-0.283762,-1.61624,0.558699,-0.289603,-1.61382,-0.0235538,-0.051062,-0.0452415,18.2611,0.000200001,-1.66766e-09,9.67793e-08,-1.66766e-09,0.000200017,-1.49381e-06,9.67793e-08,-1.49381e-06,0.000199994
0.550913,-0.284866,-1.61602,0.558412,-0.290007,-1.61521,-0.0215873,-0.052166,-0.0450236,18.266,0.000200001,-1.01394e-09,3.84328e-08,-1.01394e-09,0.000200021,-1.62267e-06,3.84328e-08,-1.62267e-06,0.000199993
0.548131,-0.285859,-1.6162,0.558105,-0.29053,-1.61729,-0.0191693,-0.0530588,-0.0452039,18.2093,0.0002,-4.78661e-10,2.60622e-09,-4.78661e-10,0.000200024,-1.71371e-06,2.60622e-09,-1.71371e-06,0.000199992
0.545744,-0.286831,-1.61712,0.557624,-0.29136,-1.62051,-0.0161558,-0.0539314,-0.0461194,18.241,0.0002,-8.59981e-11,-1.76154e-08,-8.59981e-11,0.000200027,-1.78231e-06,-1.76154e-08,-1.78231e-06,0.000199991
0.543687,-0.287725,-1.61823,0.55694,-0.291921,-1.6227,-0.0128127,-0.0547253,-0.047226,18.1978,0.0002,1.98504e-10,-2.95089e-08,1.98504e-10,0.000200029,-1.82797e-06,-2.95089e-08,-1.82797e-06,0.00019999
0.541957,-0.288602,-1.6198,0.556582,-0.292517,-1.62645,-0.00914254,-0.0555022,-0.0487981,18.512,0.0002,3.13274e-10,-2.94084e-08,3.13274e-10,0.000200031,-1.85927e-06,-2.94084e-08,-1.85927e-06,0.000199989
0.535299,-0.288753,-1.62211,0.530111,-0.289614,-1.63169,-0.0105014,-0.0553527,-0.0511108,20.7817,0.0002,3.14431e-10,-2.34632e-08,3.14431e-10,0.000200032,-1.87622e-06,-2.34632e-08,-1.87622e-06,0.000199989
0.529591,-0.288965,-1.62407,0.528071,-0.289724,-1.6319,-0.0108086,-0.0552652,-0.0530671,20.6839,0.0002,1.73319e-10,-9.14285e-09,1.73319e-10,0.000200032,-1.88256e-06,-9.14285e-09,-1.88256e-06,0.000199988
0.524994,-0.289318,-1.62617,0.527019,-0.290482,-1.63493,-0.0104062,-0.0553181,-0.0551726,20.5521,0.0002,-9.73416e-12,5.37766e-09,-9.73416e-12,0.000200032,-1.85801e-06,5.37766e-09,-1.85801e-06,0.000199988
0.521603,-0.289657,-1.62814,0.526602,-0.290637,-1.63602,-0.0090968,-0.0552568,-0.0571389,20.6042,0.0002,-1.87674e-10,1.82385e-08,-1.87674e-10,0.00020003,-1.78296e-06,1.82385e-08,-1.78296e-06,0.000199988
0.519218,-0.290173,-1.63064,0.525946,-0.291942,-1.64032,-0.00738233,-0.0554733,-0.0596353,20.4012,0.0002,-2.81666e-10,2.43572e-08,-2.81666e-10,0.000200027,-1.66163e-06,2.43572e-08,-1.66163e-06,0.000199989
0.513586,-0.290072,-1.63285,0.504881,-0.289355,-1.642,-0.00961427,-0.0549718,-0.0618459,23.0768,0.0002,-3.30732e-10,2.8334e-08,-3.30732e-10,0.000200024,-1.50568e-06,2.8334e-08,-1.50568e-06,0.00019999
0.509085,-0.290146,-1.63546,0.50241,-0.290058,-1.64529,-0.0113148,-0.0548465,-0.064463,22.8367,0.0002,-3.62925e-10,3.30698e-08,-3.62925e-10,0.000200019,-1.32598e-06,3.30698e-08,-1.32598e-06,0.000199992
0.505486,-0.29031,-1.63769,0.500169,-0.290769,-1.64725,-0.0126136,-0.0547104,-0.0666925,22.4535,0.0002,-3.13859e-10,2.96861e-08,-3.13859e-10,0.000200015,-1.13904e-06,2.96861e-08,-1.13904e-06,0.000199993
0.50172,-0.290606,-1.64049,0.49692,-0.292172,-1.65137,-0.0139801,-0.0549055,-0.0694901,22.0105,0.0002,-1.54455e-10,8.90433e-09,-1.54455e-10,0.000200013,-1.05745e-06,8.90433e-09,-1.05745e-06,0.000199994
0.49783,-0.290421,-1.64218,0.49657,-0.29105,-1.64895,-0.01417,-0.0548213,-0.071182,22.0471,0.0002,2.02865e-10,-3.64807e-08,2.02865e-10,0.000200013,-1.13438e-06,-3.64807e-08,-1.13438e-06,0.000199995
0.493785,-0.290213,-1.64388,0.494611,-0.291608,-1.65066,-0.0140154,-0.0549126,-0.0728757,21.9007,0.0002,7.72564e-10,-9.29798e-08,7.72564e-10,0.000200015,-1.27033e-06,-9.29798e-08,-1.27033e-06,0.000199995
0.488468,-0.289455,-1.64494,0.486035,-0.289172,-1.64886,-0.014532,-0.054455,-0.0739363,23.0707,0.0002,1.4761e-09,-1.46336e-07,1.4761e-09,0.000200018,-1.41574e-06,-1.46336e-07,-1.41574e-06,0.000199994
0.482891,-0.289104,-1.64643,0.480257,-0.290553,-1.65274,-0.0152092,-0.0544036,-0.0754302,22.1196,0.0002,2.1267e-09,-1.83041e-07,2.1267e-09,0.00020002,-1.53587e-06,-1.83041e-07,-1.53587e-06,0.000199993
0.477692,-0.288851,-1.64821,0.477344,-0.291058,-1.65474,-0.0152075,-0.0545513,-0.0772142,21.7428,0.0002,2.80446e-09,-2.18037e-07,2.80446e-09,0.000200023,-1.63739e-06,-2.18037e-07,-1.63739e-06,0.000199992
0.473182,-0.28903,-1.65032,0.47586,-0.292776,-1.65845,-0.0145184,-0.0551305,-0.0793186,21.7035,0.0002,3.27738e-09,-2.33725e-07,3.27738e-09,0.000200025,-1.71133e-06,-2.33725e-07,-1.71133e-06,0.000199991
0.469383,-0.289272,-1.6524,0.475101,-0.293539,-1.66043,-0.0130166,-0.0556717,-0.0813959,21.7932,0.000200001,3.74167e-09,-2.52486e-07,3.74167e-09,0.000200027,-1.76468e-06,-2.52486e-07,-1.76468e-06,0.00019999
0.466214,-0.289619,-1.65426,0.474622,-0.294106,-1.66237,-0.0108856,-0.0564192,-0.0832559,22.2705,0.000200001,4.02006e-09,-2.57658e-07,4.02006e-09,0.000200029,-1.80441e-06,-2.57658e-07,-1.80441e-06,0.00019999
0.459647,-0.288753,-1.65571,0.454497,-0.288568,-1.66187,-0.0120532,-0.0558532,-0.084713,22.908,0.000200001,4.29941e-09,-2.67505e-07,4.29941e-09,0.00020003,-1.83092e-06,-2.67505e-07,-1.83092e-06,0.000199989
0.453727,-0.288192,-1.65738,0.451087,-0.288931,-1.66373,-0.0127725,-0.0555918,-0.086378,22.3534,0.000200001,4.38655e-09,-2.64438e-07,4.38655e-09,0.000200031,-1.84518e-06,-2.64438e-07,-1.84518e-06,0.000199989
0.448452,-0.287784,-1.65894,0.448591,-0.289195,-1.66553,-0.0126484,-0.055484,-0.0879422,21.947,0.000200001,4.47118e-09,-2.64076e-07,4.47118e-09,0.000200032,-1.86095e-06,-2.64076e-07,-1.86095e-06,0.000199988
0.444006,-0.287675,-1.66111,0.447306,-0.290274,-1.66981,-0.0117936,-0.0555754,-0.0901108,22.1555,0.000200001,4.5074e-09,-2.62818e-07,4.5074e-09,0.000200032,-1.86595e-06,-2.62818e-07,-1.86595e-06,0.000199988
0.440341,-0.287808,-1.66343,0.446823,-0.291265,-1.67243,-0.0100586,-0.0560077,-0.0924318,22.6815,0.000200001,4.49094e-09,-2.586e-07,4.49094e-09,0.000200032,-1.87109e-06,-2.586e-07,-1.87109e-06,0.000199988
0.432991,-0.286325,-1.66492,0.424752,-0.283121,-1.67054,-0.0121086,-0.054725,-0.093922,25.3029,0.000200001,4.41035e-09,-2.50694e-07,4.41035e-09,0.000200033,-1.8748e-06,-2.50694e-07,-1.8748e-06,0.000199988
0.426091,-0.285323,-1.66709,0.41964,-0.284111,-1.67608,-0.0137091,-0.0538225,-0.096091,24.5411,0.000200001,4.35564e-09,-2.46536e-07,4.35564e-09,0.000200033,-1.87706e-06,-2.46536e-07,-1.87706e-06,0.000199988
0.420177,-0.284674,-1.66945,0.417523,-0.284755,-1.6789,-0.0143229,-0.0532741,-0.0984512,24.6911,0.000200001,4.25586e-09,-2.39825e-07,4.25586e-09,0.000200033,-1.87372e-06,-2.39825e-07,-1.87372e-06,0.000199988
0.415144,-0.284309,-1.67176,0.416133,-0.285369,-1.68099,-0.0139564,-0.0530089,-0.100756,24.8938,0.000200001,4.12502e-09,-2.3068e-07,4.12502e-09,0.000200033,-1.87544e-06,-2.3068e-07,-1.87544e-06,0.000199988
0.410902,-0.284012,-1.67367,0.414963,-0.28526,-1.68134,-0.0129976,-0.0528122,-0.10267,24.4341,0.0002,3.993e-09,-2.22657e-07,3.993e-09,0.000200033,-1.87332e-06,-2.22657e-07,-1.87332e-06,0.000199988
0.407441,-0.28401,-1.67596,0.41458,-0.286325,-1.68481,-0.0111585,-0.0528099,-0.104958,25.4385,0.0002,3.8432e-09,-2.13611e-07,3.8432e-09,0.000200033,-1.87065e-06,-2.13611e-07,-1.87065e-06,0.000199988
0.399457,-0.282609,-1.6751,0.388464,-0.279178,-1.67164,-0.0139433,-0.0514095,-0.104099,27.6188,0.0002,3.72296e-09,-2.07435e-07,3.72296e-09,0.000200033,-1.86726e-06,-2.07435e-07,-1.86726e-06,0.000199988
0.392742,-0.281637,-1.67477,0.386911,-0.27966,-1.67313,-0.0152578,-0.0503366,-0.103772,27.5615,0.0002,3.52946e-09,-1.94676e-07,3.52946e-09,0.000200033,-1.86773e-06,-1.94676e-07,-1.86773e-06,0.000199988
0.387195,-0.280963,-1.67477,0.385888,-0.280021,-1.67474,-0.0156053,-0.0495632,-0.103768,27.6118,0.0002,3.3044e-09,-1.8063e-07,3.3044e-09,0.000200032,-1.86351e-06,-1.8063e-07,-1.86351e-06,0.000199988
0.382291,-0.28051,-1.67508,0.383686,-0.280262,-1.67631,-0.015209,-0.0490098,-0.104077,27.5558,0.0002,3.05981e-09,-1.65222e-07,3.05981e-09,0.000200033,-1.8649e-06,-1.65222e-07,-1.8649e-06,0.000199988
0.37848,-0.28029,-1.67565,0.383998,-0.280806,-1.67762,-0.0139197,-0.0485903,-0.104648,27.8852,0.0002,2.79701e-09,-1.49659e-07,2.79701e-09,0.000200032,-1.85784e-06,-1.49659e-07,-1.85784e-06,0.000199988
0.375103,-0.280227,-1.67632,0.382538,-0.281146,-1.67964,-0.0119974,-0.0482266,-0.105318,28.0141,0.0002,2.51091e-09,-1.31992e-07,2.51091e-09,0.000200032,-1.85927e-06,-1.31992e-07,-1.85927e-06,0.000199988
0.367974,-0.279237,-1.67531,0.360219,-0.27615,-1.67126,-0.0139264,-0.0469374,-0.104313,30.8332,0.0002,2.20587e-09,-1.13756e-07,2.20587e-09,0.000200032,-1.85411e-06,-1.13756e-07,-1.85411e-06,0.000199988
0.362004,-0.278636,-1.67494,0.358917,-0.276792,-1.67345,-0.0146964,-0.0459364,-0.103945,31.2067,0.0002,1.84601e-09,-9.12648e-08,1.84601e-09,0.000200032,-1.8519e-06,-9.12648e-08,-1.8519e-06,0.000199988
0.356921,-0.278236,-1.67479,0.357301,-0.276976,-1.67416,-0.0146788,-0.0450363,-0.10379,31.2564,0.0002,1.48343e-09,-6.95023e-08,1.48343e-09,0.000200032,-1.84781e-06,-6.95023e-08,-1.84781e-06,0.000199988
0.352844,-0.277972,-1.67492,0.356467,-0.277017,-1.6751,-0.0137562,-0.0442715,-0.103917,31.1635,0.0002,1.10942e-09,-4.77963e-08,1.10942e-09,0.000200031,-1.82035e-06,-4.77963e-08,-1.82035e-06,0.000199988
0.349728,-0.277888,-1.6751,0.355774,-0.277463,-1.67581,-0.0122722,-0.0436877,-0.104096,31.2682,0.0002,7.48375e-10,-2.74681e-08,7.48375e-10,0.00020003,-1.75726e-06,-2.74681e-08,-1.75726e-06,0.000199989
0.347308,-0.277924,-1.67564,0.353744,-0.277903,-1.67747,-0.0106916,-0.043324,-0.104635,31.3199,0.0002,4.5055e-10,-1.17108e-08,4.5055e-10,0.000200027,-1.6402e-06,-1.17108e-08,-1.6402e-06,0.000199989
0.341817,-0.277784,-1.67487,0.333625,-0.276878,-1.6715,-0.0126833,-0.0427841,-0.103872,34.7095,0.0002,2.01919e-10,2.55181e-09,2.01919e-10,0.000200023,-1.49049e-06,2.55181e-09,-1.49049e-06,0.00019999
0.337499,-0.277647,-1.67438,0.331631,-0.276942,-1.67275,-0.0142012,-0.0422474,-0.103385,34.7447,0.0002,8.67083e-11,6.31884e-09,8.67083e-11,0.000200019,-1.31879e-06,6.31884e-09,-1.31879e-06,0.000199992
0.33392,-0.277667,-1.67448,0.328679,-0.277353,-1.67453,-0.0154804,-0.0419671,-0.103477,34.2066,0.0002,-4.14103e-11,1.65974e-08,-4.14103e-11,0.000200015,-1.13445e-06,1.65974e-08,-1.13445e-06,0.000199993
0.331649,-0.278092,-1.69143,0.328584,-0.279988,-1.68148,-0.0162507,-0.0422924,-0.101433,36.4052,0.0002,4.08149e-11,-1.17195e-09,4.08149e-11,0.000200011,-9.18331e-07,-1.17195e-09,-9.18331e-07,0.000199995
0.329794,-0.279015,-1.71698,0.325728,-0.28323,-1.69536,-0.0172063,-0.0433146,-0.0959785,37.1359,0.0002,1.31697e-10,-2.39245e-08,1.31697e-10,0.000200008,-6.94357e-07,-2.39245e-08,-6.94357e-07,0.000199996
0.325013,-0.279827,-1.74429,0.307327,-0.284259,-1.71004,-0.0215869,-0.0443275,-0.0872881,37.6496,0.0002,2.1712e-10,-5.80252e-08,2.1712e-10,0.000200005,-4.88431e-07,-5.80252e-08,-4.88431e-07,0.000199997
0.322142,-0.281489,-1.77176,0.311063,-0.28955,-1.74451,-0.0243577,-0.0463887,-0.0807588,48.3643,0.0002,2.27926e-10,-8.46405e-08,2.27926e-10,0.000200003,-3.23449e-07,-8.46405e-08,-3.23449e-07,0.000199998
0.319847,-0.283323,-1.80119,0.310324,-0.292396,-1.77352,-0.026653,-0.0486226,-0.0741884,54.8178,0.0002,1.98397e-10,-1.10406e-07,1.98397e-10,0.000200002,-1.93406e-07,-1.10406e-07,-1.93406e-07,0.000199999
0.318291,-0.28532,-1.8286,0.311364,-0.294982,-1.80049,-0.0284093,-0.0510205,-0.0676042,59.5889,0.0002,1.38915e-10,-1.23827e-07,1.38915e-10,0.000200001,-9.87811e-08,-1.23827e-07,-9.87811e-08,0.000199999
0.316308,-0.287844,-1.85464,0.307346,-0.299685,-1.81306,-0.0305917,-0.0540442,-0.057638,60.0733,0.0002,7.3561e-11,-1.34077e-07,7.3561e-11,0.000200001,-2.7046e-08,-1.34077e-07,-2.7046e-08,0.000199999
0.31501,-0.290438,-1.87843,0.308675,-0.302582,-1.83646,-0.03219,-0.0570383,-0.0474322,64.2334,0.0002,1.4852e-11,-1.40842e-07,1.4852e-11,0.0002,2.23126e-08,-1.40842e-07,2.23126e-08,0.0002
0.312513,-0.287638,-1.91047,0.301086,-0.278214,-1.89388,-0.0349869,-0.0547382,-0.0434723,39.1439,0.0002,-4.02711e-11,-1.45044e-07,-4.02711e-11,0.0002,6.28588e-08,-1.45044e-07,6.28588e-08,0.0002
0.310533,-0.286757,-1.93257,0.302965,-0.282735,-1.91586,-0.0367671,-0.0535566,-0.0405656,41.4374,0.0002,-1.11663e-11,-7.71761e-08,-1.11663e-11,0.0002,2.87644e-08,-7.71761e-08,2.87644e-08,0.0002
0.307998,-0.286863,-1.95297,0.300487,-0.284519,-1.92473,-0.0387019,-0.0528627,-0.0339685,41.6204,0.0002,-1.63731e-11,3.64372e-08,-1.63731e-11,0.0002,-6.8294e-08,3.64372e-08,-6.8294e-08,0.0002
0.306014,-0.288025,-1.97521,0.300676,-0.289578,-1.95371,-0.0399856,-0.0533246,-0.0292137,46.7224,0.0002,-1.04387e-10,1.19426e-07,-1.04387e-10,0.0002,-1.29983e-07,1.19426e-07,-1.29983e-07,0.0002
0.303994,-0.289275,-1.99667,0.298262,-0.291504,-1.96153,-0.0413063,-0.0537752,-0.0196705,47.4379,0.0002,-1.89241e-10,1.61709e-07,-1.89241e-10,0.0002,-1.62179e-07,1.61709e-07,-1.62179e-07,0.0002
0.302212,-0.290678,-2.01707,0.296978,-0.293916,-1.97835,-0.0426879,-0.0546782,-0.0110716,51.4154,0.0002,-2.31458e-10,1.76286e-07,-2.31458e-10,0.0002,-1.67923e-07,1.76286e-07,-1.67923e-07,0.0002
0.301739,-0.287462,-2.05284,0.301184,-0.272705,-2.06604,-0.0427609,-0.0509615,-0.0138384,38.5433,0.0002,-2.24976e-10,1.72282e-07,-2.24976e-10,0.0002,-1.51751e-07,1.72282e-07,-1.51751e-07,0.0002
0.300935,-0.285409,-2.08331,0.298496,-0.275923,-2.0782,-0.0433654,-0.0485085,-0.0133117,42.5959,0.0002,-1.81964e-10,1.50084e-07,-1.81964e-10,0.0002,-1.23503e-07,1.50084e-07,-1.23503e-07,0.0002
0.300709,-0.283999,-2.11424,0.29985,-0.277712,-2.09985,-0.0434912,-0.0469987,-0.00923992,45.0054,0.0002,-1.19443e-10,1.16466e-07,-1.19443e-10,0.0002,-8.15116e-08,1.16466e-07,-8.15116e-08,0.0002
0.300633,-0.283256,-2.14093,0.299788,-0.280022,-2.11405,-0.0436668,-0.0461559,-0.00293403,46.5516,0.0002,-6.55031e-11,8.33211e-08,-6.55031e-11,0.0002,-3.55497e-08,8.33211e-08,-3.55497e-08,0.0002
0.301065,-0.282861,-2.16735,0.30167,-0.281835,-2.12887,-0.0435355,-0.0458609,0.00665204,51.695,0.0002,-2.91858e-11,3.69892e-08,-2.91858e-11,0.0002,1.34203e-08,3.69892e-08,1.34203e-08,0.0002
0.302809,-0.281351,-2.20827,0.308322,-0.276043,-2.23642,-0.0420907,-0.0445513,-0.00127401,37.9027,0.0002,-1.96738e-11,1.60694e-09,-1.96738e-11,0.0002,5.62927e-08,1.60694e-09,5.62927e-08,0.0002
0.303753,-0.280857,-2.24449,0.305681,-0.279761,-2.2446,-0.0416473,-0.0442565,-0.00149304,40.549,0.0002,-2.86914e-11,-2.50803e-08,-2.86914e-11,0.0002,9.60612e-08,-2.50803e-08,9.60612e-08,0.0002
0.304366,-0.281389,-2.27485,0.305029,-0.284409,-2.26101,-0.0415342,-0.0449886,0.00215433,44.3855,0.0002,-4.39224e-11,-4.23262e-08,-4.39224e-11,0.0002,1.19775e-07,-4.23262e-08,1.19775e-07,0.0002
0.305125,-0.282511,-2.30579,0.306064,-0.288021,-2.28543,-0.0412746,-0.0464111,0.00620933,47.7758,0.0002,-6.59019e-11,-5.66952e-08,-6.59019e-11,0.0002,1.45176e-07,-5.66952e-08,1.45176e-07,0.0002
0.305699,-0.284059,-2.33013,0.305948,-0.291221,-2.29191,-0.0412009,-0.048159,0.0158704,47.8111,0.0002,-8.28353e-11,-6.38661e-08,-8.28353e-11,0.0002,1.5985e-07,-6.38661e-08,1.5985e-07,0.0002
0.306094,-0.285846,-2.35188,0.305537,-0.293936,-2.29539,-0.0414064,-0.0501455,0.0291164,49.03,0.0002,-9.57422e-11,-6.66605e-08,-9.57422e-11,0.0002,1.7235e-07,-6.66605e-08,1.7235e-07,0.0002
0.308443,-0.283113,-2.39421,0.315651,-0.273058,-2.4286,-0.0395566,-0.0476135,0.0207881,39.5079,0.0002,-1.06995e-10,-6.94759e-08,-1.06995e-10,0.0002,1.80914e-07,-6.94759e-08,1.80914e-07,0.0002
0.309784,-0.281953,-2.43273,0.312928,-0.278117,-2.44364,-0.0388159,-0.0466529,0.0172665,41.6492,0.0002,-1.12079e-10,-6.81179e-08,-1.12079e-10,0.0002,1.87515e-07,-6.81179e-08,1.87515e-07,0.0002
0.31061,-0.281744,-2.46337,0.311674,-0.281656,-2.45099,-0.0384903,-0.046644,0.0196289,44.5526,0.0002,-1.12511e-10,-6.46185e-08,-1.12511e-10,0.0002,1.92554e-07,-6.46185e-08,1.92554e-07,0.0002
0.311131,-0.282678,-2.4923,0.31096,-0.287114,-2.46482,-0.0385693,-0.0476785,0.0267021,46.2789,0.0002,-1.09529e-10,-5.99957e-08,-1.09529e-10,0.0002,1.96427e-07,-5.99957e-08,1.96427e-07,0.0002
0.311435,-0.284212,-2.51673,0.310383,-0.290988,-2.48018,-0.0388647,-0.0493116,0.0352657,49.5817,0.0002,-1.0445e-10,-5.50762e-08,-1.0445e-10,0.0002,1.99378e-07,-5.50762e-08,1.99378e-07,0.0002
0.311585,-0.285179,-2.54802,0.309894,-0.289613,-2.53061,-0.0393147,-0.0503791,0.03898,59.1333,0.0002,-9.7846e-11,-4.99699e-08,-9.7846e-11,0.0002,2.01682e-07,-4.99699e-08,2.01682e-07,0.0002
0.313651,-0.282489,-2.59066,0.319666,-0.27217,-2.62664,-0.0377488,-0.0477894,0.0303356,39.6627,0.0002,-8.98755e-11,-4.50633e-08,-8.98755e-11,0.0002,2.01211e-07,-4.50633e-08,2.01211e-07,0.0002
0.314816,-0.281361,-2.6294,0.317066,-0.277186,-2.64211,-0.0371844,-0.0467612,0.0266013,40.9395,0.0002,-7.90983e-11,-3.74137e-08,-7.90983e-11,0.0002,2.06059e-07,-3.74137e-08,2.06059e-07,0.0002
0.31536,-0.281413,-2.66076,0.31536,-0.281877,-2.65224,-0.0372402,-0.0468125,0.0282376,44.9687,0.0002,-6.51079e-11,-2.95642e-08,-6.51079e-11,0.0002,2.01815e-07,-2.95642e-08,2.01815e-07,0.0002
0.315716,-0.282463,-2.69146,0.314793,-0.286898,-2.6717,-0.0374839,-0.0479631,0.0325395,48.4957,0.0002,-5.32643e-11,-2.2857e-08,-5.32643e-11,0.0002,2.04588e-07,-2.2857e-08,2.04588e-07,0.0002
0.315873,-0.28408,-2.71592,0.314219,-0.290754,-2.6804,-0.037827,-0.0495804,0.0410824,49.086,0.0002,-4.22925e-11,-1.72884e-08,-4.22925e-11,0.0002,2.04199e-07,-1.72884e-08,2.04199e-07,0.0002
0.315976,-0.286046,-2.74102,0.314103,-0.294063,-2.69917,-0.0383238,-0.0515456,0.0519837,52.3273,0.0002,-3.15259e-11,-1.17691e-08,-3.15259e-11,0.0002,2.03995e-07,-1.17691e-08,2.03995e-07,0.0002
0.318124,-0.283103,-2.78607,0.324452,-0.271248,-2.83327,-0.0367759,-0.0485028,0.0399307,37.9167,0.0002,-1.83073e-11,-4.36629e-09,-1.83073e-11,0.0002,2.02885e-07,-4.36629e-09,2.02885e-07,0.0002
0.319322,-0.28158,-2.82591,0.321755,-0.275377,-2.84338,-0.0361781,-0.0469798,0.0350879,39.8259,0.0002,-5.22589e-12,2.7153e-09,-5.22589e-12,0.0002,2.05174e-07,2.7153e-09,2.05174e-07,0.0002
0.319873,-0.281161,-2.85765,0.319894,-0.279312,-2.85189,-0.0361266,-0.046461,0.0363513,43.0662,0.0002,7.87843e-12,9.85972e-09,7.87843e-12,0.0002,2.01002e-07,9.85972e-09,2.01002e-07,0.0002
0.320086,-0.281767,-2.88698,0.318655,-0.284,-2.86332,-0.0365138,-0.046967,0.0410233,45.1247,0.0002,1.97658e-11,1.59449e-08,1.97658e-11,0.0002,2.01317e-07,1.59449e-08,2.01317e-07,0.0002
0.320041,-0.283198,-2.91196,0.31766,-0.288545,-2.87852,-0.0370585,-0.0482978,0.0490447,48.0426,0.0002,3.61377e-11,2.58959e-08,3.61377e-11,0.0002,1.98653e-07,2.58959e-08,1.98653e-07,0.0002
0.321364,-0.28135,-2.953,0.324391,-0.273586,-2.97623,-0.0363364,-0.04635,0.0430004,48.6435,0.0002,4.60618e-11,3.01386e-08,4.60618e-11,0.0002,1.99183e-07,3.01386e-08,1.99183e-07,0.0002
0.323043,-0.279428,-2.99486,0.32758,-0.271304,-3.02928,-0.0351572,-0.0442283,0.0341424,38.4418,0.0002,5.45329e-11,3.42391e-08,5.45329e-11,0.0002,1.96993e-07,3.42391e-08,1.96993e-07,0.0002
0.323814,-0.278949,-3.03284,0.324779,-0.276472,-3.04443,-0.0349858,-0.0436491,0.0311635,40.1183,0.0002,6.63179e-11,4.17656e-08,6.63179e-11,0.0002,1.93371e-07,4.17656e-08,1.93371e-07,0.0002
0.324139,-0.279431,-3.06052,0.323277,-0.280694,-3.05349,-0.0351609,-0.0439311,0.0334755,43.2951,0.0002,8.00582e-11,5.03099e-08,8.00582e-11,0.0002,1.92207e-07,5.03099e-08,1.92207e-07,0.0002
0.324278,-0.280346,-3.07693,0.322752,-0.283448,-3.05874,-0.0355222,-0.0446459,0.0380682,44.5719,0.0002,8.49035e-11,5.20941e-08,8.49035e-11,0.0002,1.88991e-07,5.20941e-08,1.88991e-07,0.0002
0.324463,-0.281573,-3.08451,0.323176,-0.285727,-3.06816,-0.0358369,-0.0456733,0.0424878,46.0747,0.0002,9.4473e-11,5.88933e-08,9.4473e-11,0.0002,1.85361e-07,5.88933e-08,1.85361e-07,0.0002
0.325199,-0.279628,-3.1149,0.331272,-0.270278,3.12229,-0.0346015,-0.0434277,0.0302858,40.7734,0.0002,3.58302e-11,8.58019e-08,3.58302e-11,0.0002,1.8293e-08,8.58019e-08,1.8293e-08,0.0002
0.32461,-0.278918,3.12933,0.329621,-0.273765,3.08366,-0.0331902,-0.0422177,0.0193267,37.1089,0.0002,-1.65805e-10,1.24482e-07,-1.65805e-10,0.0002,-2.24887e-07,1.24482e-07,-2.24887e-07,0.0002
0.322012,-0.279552,3.09061,0.325828,-0.278826,3.07164,-0.032388,-0.0420523,0.0146138,37.4978,0.0002,-6.91045e-10,1.70938e-07,-6.91045e-10,0.000200002,-6.01284e-07,1.70938e-07,-6.01284e-07,0.000199999
0.318421,-0.280902,3.05849,0.320024,-0.282202,3.06077,-0.0318788,-0.0426016,0.0154871,39.4696,0.0002,-1.43204e-09,2.23307e-07,-1.43204e-09,0.000200006,-8.99839e-07,2.23307e-07,-8.99839e-07,0.000199999
0.314813,-0.282997,3.02827,0.318953,-0.2869,3.0496,-0.0308874,-0.0436967,0.0202708,43.2587,0.000200001,-2.27906e-09,2.59885e-07,-2.27906e-09,0.00020001,-1.17593e-06,2.59885e-07,-1.17593e-06,0.000199997
0.311363,-0.285395,2.99921,0.316296,-0.290264,3.0191,-0.0296373,-0.0450949,0.0252074,48.9688,0.000200001,-3.07829e-09,2.91519e-07,-3.07829e-09,0.000200014,-1.35778e-06,2.91519e-07,-1.35778e-06,0.000199996
0.307709,-0.284092,2.95492,0.31318,-0.274435,2.92199,-0.0282912,-0.042792,0.0169203,38.7415,0.000200001,-3.84117e-09,3.15645e-07,-3.84117e-09,0.000200018,-1.51471e-06,3.15645e-07,-1.51471e-06,0.000199994
0.303854,-0.283895,2.91725,0.308002,-0.278656,2.90346,-0.0271458,-0.0416952,0.0132531,39.2222,0.000200001,-4.36465e-09,3.27412e-07,-4.36465e-09,0.000200021,-1.59922e-06,3.27412e-07,-1.59922e-06,0.000199993
0.299763,-0.28471,2.88323,0.303976,-0.283204,2.89126,-0.0261371,-0.0414104,0.0152261,44.0876,0.000200001,-4.83353e-09,3.35521e-07,-4.83353e-09,0.000200024,-1.68746e-06,3.35521e-07,-1.68746e-06,0.000199992
0.296259,-0.286115,2.85756,0.302191,-0.286855,2.87648,-0.0246414,-0.0418147,0.0195614,47.7536,0.000200001,-5.18169e-09,3.44728e-07,-5.18169e-09,0.000200026,-1.72387e-06,3.44728e-07,-1.72387e-06,0.000199991
0.293018,-0.287642,2.842,0.300794,-0.28873,2.86289,-0.0226824,-0.0423421,0.0249963,50.2661,0.000200001,-5.59995e-09,3.60012e-07,-5.59995e-09,0.000200028,-1.77143e-06,3.60012e-07,-1.77143e-06,0.00019999
0.290331,-0.286253,2.8203,0.299617,-0.276053,2.7806,-0.0202692,-0.0398528,0.0153012,39.9545,0.000200001,-6.03099e-09,3.85579e-07,-6.03099e-09,0.000200028,-1.7735e-06,3.85579e-07,-1.7735e-06,0.00019999
0.287732,-0.285018,2.80212,0.298112,-0.275696,2.75136,-0.0177681,-0.0374179,0.00311682,36.2114,0.000200001,-6.4071e-09,4.01641e-07,-6.4071e-09,0.000200029,-1.79655e-06,4.01641e-07,-1.79655e-06,0.000199989
0.285156,-0.284163,2.79037,0.294924,-0.275863,2.75329,-0.0152442,-0.0353631,-0.00663066,36.7959,0.000200002,-6.78174e-09,4.24963e-07,-6.78174e-09,0.000200029,-1.78929e-06,4.24963e-07,-1.78929e-06,0.000199989
0.282737,-0.283541,2.78156,0.29369,-0.276384,2.74827,-0.0126631,-0.0333415,-0.0144412,37.0075,0.000200002,-7.03071e-09,4.33153e-07,-7.03071e-09,0.00020003,-1.80238e-06,4.33153e-07,-1.80238e-06,0.000199989
0.280607,-0.283217,2.77407,0.292066,-0.27696,2.74381,-0.0097927,-0.0317167,-0.0229346,37.537,0.000200002,-7.24925e-09,4.46731e-07,-7.24925e-09,0.00020003,-1.78998e-06,4.46731e-07,-1.78998e-06,0.000199988
0.278469,-0.282974,2.76749,0.290551,-0.277467,2.73992,-0.00683062,-0.0300744,-0.029515,37.707,0.000200002,-7.3029e-09,4.41268e-07,-7.3029e-09,0.00020003,-1.80329e-06,4.41268e-07,-1.80329e-06,0.000199988
0.272303,-0.284312,2.75748,0.267618,-0.285064,2.7165,-0.00799677,-0.0301116,-0.0395215,33.7389,0.000200002,-7.34588e-09,4.44294e-07,-7.34588e-09,0.00020003,-1.78968e-06,4.44294e-07,-1.78968e-06,0.000199988
0.26684,-0.285364,2.74884,0.265677,-0.28556,2.71366,-0.00845986,-0.0297638,-0.0481571,33.371,0.000200002,-7.19563e-09,4.25517e-07,-7.19563e-09,0.00020003,-1.80433e-06,4.25517e-07,-1.80433e-06,0.000199988
0.26265,-0.28619,2.74208,0.265877,-0.285219,2.71471,-0.00764994,-0.0292905,-0.0549206,33.1083,0.000200002,-7.077e-09,4.19091e-07,-7.077e-09,0.00020003,-1.79198e-06,4.19091e-07,-1.79198e-06,0.000199988
0.258793,-0.286839,2.736,0.264047,-0.285714,2.7117,-0.00650651,-0.028539,-0.0609963,33.2387,0.000200002,-6.82097e-09,3.95984e-07,-6.82097e-09,0.00020003,-1.8066e-06,3.95984e-07,-1.8066e-06,0.000199988
0.25555,-0.287474,2.73056,0.262515,-0.28612,2.70912,-0.00475033,-0.0278739,-0.0664355,32.9724,0.000200001,-6.61305e-09,3.85641e-07,-6.61305e-09,0.00020003,-1.7926e-06,3.85641e-07,-1.7926e-06,0.000199988
0.252528,-0.287937,2.72562,0.261136,-0.286422,2.70614,-0.00267159,-0.0271371,-0.0713829,32.8963,0.000200001,-6.31014e-09,3.61559e-07,-6.31014e-09,0.00020003,-1.80795e-06,3.61559e-07,-1.80795e-06,0.000199988
0.245132,-0.28939,2.72289,0.235512,-0.291639,2.71166,-0.00516832,-0.0272903,-0.0741098,32.351,0.000200001,-6.06415e-09,3.49493e-07,-6.06415e-09,0.00020003,-1.79515e-06,3.49493e-07,-1.79515e-06,0.000199988
0.238968,-0.290438,2.72074,0.235062,-0.291434,2.71245,-0.00633173,-0.0271381,-0.0762614,32.3249,0.000200001,-5.78446e-09,3.28858e-07,-5.78446e-09,0.000200031,-1.81217e-06,3.28858e-07,-1.81217e-06,0.000199988
0.234038,-0.29138,2.71833,0.234139,-0.291882,2.70867,-0.00626214,-0.0268795,-0.0786736,32.4998,0.000200001,-5.54167e-09,3.1833e-07,-5.54167e-09,0.00020003,-1.7934e-06,3.1833e-07,-1.7934e-06,0.000199988
0.229657,-0.292142,2.71598,0.232904,-0.292347,2.70626,-0.00564348,-0.0264424,-0.0810226,32.6036,0.000200001,-5.2678e-09,2.98389e-07,-5.2678e-09,0.000200031,-1.81181e-06,2.98389e-07,-1.81181e-06,0.000199988
0.226136,-0.292847,2.71357,0.231943,-0.292639,2.70391,-0.00416402,-0.0260474,-0.0834337,32.9753,0.000200001,-5.07376e-09,2.91308e-07,-5.07376e-09,0.00020003,-1.79537e-06,2.91308e-07,-1.79537e-06,0.000199988
0.222956,-0.293357,2.71128,0.230886,-0.292934,2.70179,-0.00234428,-0.0253568,-0.0857239,33.2934,0.000200001,-4.76344e-09,2.68644e-07,-4.76344e-09,0.00020003,-1.80928e-06,2.68644e-07,-1.80928e-06,0.000199988
0.215634,-0.294484,2.71117,0.206144,-0.296147,2.71075,-0.00476633,-0.0254838,-0.0858281,34.1919,0.000200001,-4.58629e-09,2.63096e-07,-4.58629e-09,0.00020003,-1.79138e-06,2.63096e-07,-1.79138e-06,0.000199988
0.209253,-0.295346,2.71045,0.204358,-0.296477,2.70757,-0.00604714,-0.0252463,-0.0865469,34.0321,0.000200001,-4.31491e-09,2.43606e-07,-4.31491e-09,0.00020003,-1.80634e-06,2.43606e-07,-1.80634e-06,0.000199988
0.203967,-0.296152,2.70902,0.202665,-0.29691,2.70358,-0.006433,-0.0250517,-0.0879838,34.9273,0.000200001,-4.13432e-09,2.36638e-07,-4.13432e-09,0.00020003,-1.79066e-06,2.36638e-07,-1.79066e-06,0.000199989
0.199505,-0.296684,2.70784,0.202204,-0.296751,2.70311,-0.00589485,-0.0245836,-0.0891643,33.8599,0.000200001,-3.88249e-09,2.19072e-07,-3.88249e-09,0.00020003,-1.80319e-06,2.19072e-07,-1.80319e-06,0.000199989
0.195871,-0.297204,2.70632,0.201192,-0.297123,2.69994,-0.00462873,-0.0241043,-0.0906782,35.2113,0.0002,-3.70714e-09,2.1177e-07,-3.70714e-09,0.00020003,-1.78907e-06,2.1177e-07,-1.78907e-06,0.000199989
0.187586,-0.298183,2.70637,0.174951,-0.300373,2.70654,-0.00781405,-0.0241833,-0.0906335,36.1858,0.0002,-3.41426e-09,1.90694e-07,-3.41426e-09,0.00020003,-1.80114e-06,1.90694e-07,-1.80114e-06,0.000199989
0.180854,-0.299041,2.70581,0.173718,-0.300555,2.70357,-0.00964561,-0.0241412,-0.09119,36.8218,0.0002,-3.24476e-09,1.84193e-07,-3.24476e-09,0.00020003,-1.78582e-06,1.84193e-07,-1.78582e-06,0.000199989
0.175269,-0.299649,2.7051,0.173374,-0.30066,2.70254,-0.010231,-0.0238494,-0.091905,37.1179,0.0002,-2.96086e-09,1.64226e-07,-2.96086e-09,0.00020003,-1.79704e-06,1.64226e-07,-1.79704e-06,0.000199989
0.170797,-0.300157,2.70411,0.172663,-0.300642,2.70078,-0.00980304,-0.0235572,-0.0928926,36.5404,0.0002,-2.77101e-09,1.55658e-07,-2.77101e-09,0.00020003,-1.78206e-06,1.55658e-07,-1.78206e-06,0.000199989
0.166872,-0.30046,2.70283,0.171607,-0.30072,2.69773,-0.00872843,-0.0230603,-0.0941661,37.3897,0.0002,-2.43957e-09,1.31951e-07,-2.43957e-09,0.00020003,-1.79428e-06,1.31951e-07,-1.79428e-06,0.000199989
0.16371,-0.300784,2.70145,0.170784,-0.300938,2.69589,-0.00688985,-0.0226845,-0.0955541,37.3956,0.0002,-2.23968e-09,1.22985e-07,-2.23968e-09,0.00020003,-1.77914e-06,1.22985e-07,-1.77914e-06,0.000199989
0.155977,-0.301332,2.70222,0.145411,-0.302799,2.70498,-0.00962347,-0.0225322,-0.0947828,38.086,0.0002,-1.91915e-09,1.00931e-07,-1.91915e-09,0.00020003,-1.79041e-06,1.00931e-07,-1.79041e-06,0.000199989
0.149831,-0.30181,2.70239,0.144785,-0.302907,2.70306,-0.0108686,-0.02241,-0.0946131,38.3089,0.0002,-1.7009e-09,9.04246e-08,-1.7009e-09,0.000200029,-1.7709e-06,9.04246e-08,-1.7709e-06,0.000199989
0.144624,-0.302086,2.70224,0.14408,-0.302919,2.70134,-0.011076,-0.0220862,-0.0947574,38.8374,0.0002,-1.35915e-09,6.69381e-08,-1.35915e-09,0.00020003,-1.78241e-06,6.69381e-08,-1.78241e-06,0.000199989
0.140454,-0.302355,2.70167,0.143438,-0.302999,2.69969,-0.0103458,-0.0218552,-0.0953306,38.6776,0.0002,-1.15381e-09,5.73173e-08,-1.15381e-09,0.000200029,-1.76986e-06,5.73173e-08,-1.76986e-06,0.000199989
0.136867,-0.302453,2.70093,0.142717,-0.303044,2.69767,-0.00893336,-0.0214532,-0.0960662,38.9681,0.0002,-7.81796e-10,3.15184e-08,-7.81796e-10,0.00020003,-1.77904e-06,3.15184e-08,-1.77904e-06,0.000199989
0.134025,-0.302568,2.7,0.142165,-0.303095,2.69623,-0.00687517,-0.0211678,-0.0970049,38.9477,0.0002,-5.44169e-10,1.9299e-08,-5.44169e-10,0.000200029,-1.76272e-06,1.9299e-08,-1.76272e-06,0.000199989
0.1269,-0.302688,2.70106,0.118609,-0.30379,2.70562,-0.00900044,-0.020888,-0.09594,38.7767,0.0002,-1.32087e-10,-9.21295e-09,-1.32087e-10,0.000200029,-1.7748e-06,-9.21295e-09,-1.7748e-06,0.000199989
0.12121,-0.302821,2.70156,0.117734,-0.303836,2.70354,-0.00988973,-0.0207209,-0.0954422,39.2008,0.0002,1.17139e-10,-2.20806e-08,1.17139e-10,0.000200029,-1.75275e-06,-2.20806e-08,-1.75275e-06,0.000199989
0.116649,-0.302801,2.7016,0.117174,-0.303797,2.70176,-0.00975113,-0.0205007,-0.0954002,39.3765,0.0002,5.01178e-10,-4.8662e-08,5.01178e-10,0.000200028,-1.72235e-06,-4.8662e-08,-1.72235e-06,0.000199989
0.113283,-0.302831,2.70121,0.116559,-0.303734,2.69997,-0.00881734,-0.020331,-0.0957881,39.9224,0.0002,6.52483e-10,-5.58096e-08,6.52483e-10,0.000200026,-1.63797e-06,-5.58096e-08,-1.63797e-06,0.00019999
0.110849,-0.3028,2.7003,0.115958,-0.303766,2.69699,-0.00755099,-0.0202,-0.0966952,38.9676,0.0002,8.20955e-10,-6.9611e-08,8.20955e-10,0.000200023,-1.52327e-06,-6.9611e-08,-1.52327e-06,0.000199991
0.104624,-0.302675,2.70194,0.0920218,-0.302985,2.70849,-0.0106758,-0.0199749,-0.0950558,39.2212,0.0002,8.3521e-10,-7.22891e-08,8.3521e-10,0.00020002,-1.36826e-06,-7.22891e-08,-1.36826e-06,0.000199992
0.100154,-0.302533,2.70314,0.0924779,-0.302732,2.7079,-0.0126457,-0.019833,-0.0938635,42.6662,0.0002,7.85405e-10,-7.19224e-08,7.85405e-10,0.000200016,-1.20208e-06,-7.19224e-08,-1.20208e-06,0.000199993
0.0967259,-0.302491,2.70317,0.0911391,-0.3029,2.70363,-0.0139741,-0.019791,-0.0938281,40.1132,0.0002,6.62519e-10,-6.46188e-08,6.62519e-10,0.000200013,-1.02937e-06,-6.46188e-08,-1.02937e-06,0.000199994
0.0944917,-0.301367,2.70324,0.0911736,-0.302674,2.70348,-0.0147083,-0.0197668,-0.0937645,39.7596,0.0002,1.4611e-09,-2.2713e-07,1.4611e-09,0.000200009,-8.38563e-07,-2.2713e-07,-8.38563e-07,0.000199995
0.0931711,-0.299542,2.7034,0.0912255,-0.302789,2.70372,-0.0149289,-0.0205416,-0.0935997,39.7759,0.000200002,2.36488e-09,-4.82931e-07,2.36488e-09,0.000200006,-6.43443e-07,-4.82931e-07,-6.43443e-07,0.000199996
0.092359,-0.297236,2.70402,0.0918784,-0.302925,2.70587,-0.014741,-0.021936,-0.0929757,39.1175,0.000200004,3.10037e-09,-7.864e-07,3.10037e-09,0.000200004,-5.00154e-07,-7.864e-07,-5.00154e-07,0.000199996
0.0891187,-0.294214,2.70422,0.0777917,-0.298972,2.70494,-0.0171813,-0.023014,-0.0927764,36.4838,0.000200008,3.27198e-09,-1.04243e-06,3.27198e-09,0.000200003,-3.72221e-07,-1.04243e-06,-3.72221e-07,0.000199996
0.0871578,-0.291586,2.70532,0.0809651,-0.298319,2.70935,-0.0183422,-0.024786,-0.0916759,37.142,0.000200011,3.17338e-09,-1.21922e-06,3.17338e-09,0.000200002,-2.90074e-07,-1.21922e-06,-2.90074e-07,0.000199996
0.0859294,-0.289532,2.70594,0.0820187,-0.29808,2.70835,-0.0188706,-0.0268317,-0.091062,37.0097,0.000200014,2.77536e-09,-1.31689e-06,2.77536e-09,0.000200001,-2.17087e-07,-1.31689e-06,-2.17087e-07,0.000199995
0.0841979,-0.288301,2.70591,0.0781048,-0.298605,2.70605,-0.0201021,-0.029401,-0.0910909,36.8085,0.000200015,2.30581e-09,-1.33004e-06,2.30581e-09,0.000200001,-1.65479e-07,-1.33004e-06,-1.65479e-07,0.000199995
0.0828981,-0.287669,2.70592,0.0781234,-0.298594,2.70594,-0.0210019,-0.0320688,-0.0910754,36.8861,0.000200015,1.77632e-09,-1.28172e-06,1.77632e-09,0.000200001,-1.19469e-07,-1.28172e-06,-1.19469e-07,0.000199994
0.0818609,-0.287611,2.70583,0.0780504,-0.298622,2.70576,-0.0216391,-0.0349106,-0.091165,36.7987,0.000200013,1.32262e-09,-1.18008e-06,1.32262e-09,0.0002,-8.72606e-08,-1.18008e-06,-8.72606e-08,0.000199995
0.080888,-0.283283,2.70522,0.0771939,-0.275343,2.70273,-0.022412,-0.0328834,-0.091782,35.6693,0.000200011,9.50959e-10,-1.055e-06,9.50959e-10,0.0002,-6.26856e-08,-1.055e-06,-6.26856e-08,0.000199995
0.0802609,-0.279353,2.70488,0.0773485,-0.275299,2.7035,-0.0228391,-0.0316529,-0.0921223,35.8187,0.000200011,5.85979e-10,-1.04857e-06,5.85979e-10,0.0002,-2.74651e-08,-1.04857e-06,-2.74651e-08,0.000199996
0.0802871,-0.275736,2.70565,0.0791976,-0.275551,2.70776,-0.0227129,-0.0317358,-0.0913545,35.1853,0.000200012,1.2734e-10,-1.12813e-06,1.2734e-10,0.0002,2.1007e-08,-1.12813e-06,2.1007e-08,0.000199996
0.0803312,-0.272267,2.70603,0.0793234,-0.275318,2.70759,-0.0226688,-0.0325672,-0.090965,35.1542,0.000200014,-2.71625e-10,-1.26357e-06,-2.71625e-10,0.0002,5.17291e-08,-1.26357e-06,5.17291e-08,0.000199995
0.0804856,-0.269168,2.70618,0.079251,-0.275144,2.70739,-0.0225144,-0.033968,-0.0908188,35.2463,0.000200017,-8.15294e-10,-1.39653e-06,-8.15294e-10,0.0002,9.28114e-08,-1.39653e-06,9.28114e-08,0.000199994
0.080541,-0.266595,2.70633,0.0792331,-0.275121,2.70726,-0.022459,-0.0361954,-0.0906656,35.4139,0.000200019,-1.17383e-09,-1.4958e-06,-1.17383e-09,0.0002,1.08674e-07,-1.4958e-06,1.08674e-07,0.000199994
0.0804178,-0.26068,2.70517,0.0781417,-0.255503,2.70015,-0.0225822,-0.0349802,-0.0918327,35.3072,0.000200021,-1.50195e-09,-1.54887e-06,-1.50195e-09,0.0002,1.25027e-07,-1.54887e-06,1.25027e-07,0.000199993
0.0805118,-0.256191,2.70491,0.0794586,-0.255232,2.70357,-0.0224882,-0.0346906,-0.0920873,34.7766,0.000200021,-1.60402e-09,-1.53528e-06,-1.60402e-09,0.0002,1.25299e-07,-1.53528e-06,1.25299e-07,0.000199992
0.0805844,-0.252952,2.7046,0.0795355,-0.255043,2.70365,-0.0223156,-0.0352517,-0.0924019,35.0126,0.00020002,-1.59099e-09,-1.46405e-06,-1.59099e-09,0.0002,1.22812e-07,-1.46405e-06,1.22812e-07,0.000199992
0.0805854,-0.250782,2.70431,0.0794723,-0.254906,2.70346,-0.0223146,-0.0363817,-0.092692,34.799,0.000200018,-1.45166e-09,-1.34672e-06,-1.45166e-09,0.0002,1.14144e-07,-1.34672e-06,1.14144e-07,0.000199993
0.0805249,-0.249475,2.704,0.0794402,-0.254953,2.70307,-0.0223751,-0.0376753,-0.0930019,34.8966,0.000200015,-1.22618e-09,-1.20439e-06,-1.22618e-09,0.0002,9.98255e-08,-1.20439e-06,9.98255e-08,0.000199994
0.0801317,-0.244143,2.70269,0.0777007,-0.231352,2.69745,-0.0227683,-0.0345435,-0.0943061,36.3854,0.000200012,-1.01845e-09,-1.04402e-06,-1.01845e-09,0.0002,9.02629e-08,-1.04402e-06,9.02629e-08,0.000199995
0.0803915,-0.239409,2.70248,0.0804329,-0.230346,2.70164,-0.0225085,-0.0321094,-0.0945163,36.1687,0.000200011,-9.28466e-10,-9.84098e-07,-9.28466e-10,0.0002,8.9531e-08,-9.84098e-07,8.9531e-08,0.000199995
0.0801529,-0.235147,2.70217,0.077118,-0.231637,2.7006,-0.0229471,-0.0313472,-0.0948252,36.3435,0.000200011,-1.17398e-09,-1.06306e-06,-1.17398e-09,0.0002,1.23515e-07,-1.06306e-06,1.23515e-07,0.000199996
0.0808447,-0.230951,2.70252,0.0809913,-0.230381,2.70359,-0.0225553,-0.0312506,-0.0944795,35.7117,0.000200013,-1.61488e-09,-1.19926e-06,-1.61488e-09,0.0002,1.63107e-07,-1.19926e-06,1.63107e-07,0.000199995
0.0814297,-0.227137,2.70278,0.0810358,-0.229984,2.70383,-0.0222703,-0.0320371,-0.0942174,35.7451,0.000200016,-2.1058e-09,-1.34668e-06,-2.1058e-09,0.0002,1.92155e-07,-1.34668e-06,1.92155e-07,0.000199995
0.0820099,-0.223923,2.70291,0.0811171,-0.229822,2.70373,-0.0219901,-0.0335228,-0.0940905,35.9384,0.000200018,-2.689e-09,-1.46197e-06,-2.689e-09,0.0002,2.26105e-07,-1.46197e-06,2.26105e-07,0.000199994
0.0826493,-0.217654,2.70252,0.0823725,-0.212225,2.70064,-0.0216507,-0.032254,-0.0944795,38.3828,0.000200021,-3.0734e-09,-1.56438e-06,-3.0734e-09,0.0002,2.34765e-07,-1.56438e-06,2.34765e-07,0.000199993
0.0832774,-0.212629,2.70249,0.0824927,-0.21219,2.7027,-0.0213226,-0.0322293,-0.0945062,38.3514,0.000200023,-3.52919e-09,-1.63024e-06,-3.52919e-09,0.000200001,2.55865e-07,-1.63024e-06,2.55865e-07,0.000199992
0.0837383,-0.20851,2.70245,0.0824591,-0.212187,2.70226,-0.0211617,-0.03321,-0.0945505,38.4751,0.000200025,-3.84463e-09,-1.68823e-06,-3.84463e-09,0.000200001,2.63617e-07,-1.68823e-06,2.63617e-07,0.000199991
0.0841916,-0.205084,2.70214,0.0827509,-0.211418,2.70121,-0.0210084,-0.0347842,-0.0948619,38.8137,0.000200026,-4.11588e-09,-1.72162e-06,-4.11588e-09,0.000200001,2.72554e-07,-1.72162e-06,2.72554e-07,0.000199991
0.0844859,-0.202373,2.70195,0.0826737,-0.211866,2.70118,-0.0210141,-0.0372729,-0.0950536,38.4751,0.000200027,-4.23607e-09,-1.75265e-06,-4.23607e-09,0.000200001,2.69814e-07,-1.75265e-06,2.69814e-07,0.00019999
0.0847401,-0.200231,2.70179,0.0827144,-0.211862,2.70117,-0.0210599,-0.0401313,-0.0952086,38.5744,0.000200028,-4.32843e-09,-1.76795e-06,-4.32843e-09,0.000200001,2.69816e-07,-1.76795e-06,2.69816e-07,0.00019999
0.0856963,-0.192783,2.70119,0.0865804,-0.183298,2.69909,-0.0204037,-0.0378827,-0.0958107,38.6102,0.000200029,-4.35444e-09,-1.78144e-06,-4.35444e-09,0.000200001,2.66075e-07,-1.78144e-06,2.66075e-07,0.000199989
0.086593,-0.186866,2.70127,0.0871252,-0.183394,2.70095,-0.019707,-0.0370658,-0.0957314,38.5758,0.000200029,-4.40964e-09,-1.78632e-06,-4.40964e-09,0.000200001,2.67809e-07,-1.78632e-06,2.67809e-07,0.000199989
0.0872626,-0.182076,2.70124,0.0871335,-0.183345,2.70112,-0.0192374,-0.037376,-0.0957616,38.5184,0.00020003,-4.37131e-09,-1.79686e-06,-4.37131e-09,0.000200001,2.61185e-07,-1.79686e-06,2.61185e-07,0.000199989
0.0877923,-0.178254,2.70106,0.0870979,-0.183159,2.70098,-0.0189077,-0.0386545,-0.0959397,38.6849,0.00020003,-4.32789e-09,-1.79598e-06,-4.32789e-09,0.000200001,2.57245e-07,-1.79598e-06,2.57245e-07,0.000199989
0.0881806,-0.175154,2.70108,0.0871329,-0.183103,2.70086,-0.0187194,-0.0406539,-0.0959159,38.7217,0.00020003,-4.21864e-09,-1.80059e-06,-4.21864e-09,0.000200001,2.47715e-07,-1.80059e-06,2.47715e-07,0.000199989
0.0893426,-0.166878,2.69972,0.0912553,-0.153903,2.69426,-0.0177574,-0.0374776,-0.0972805,34.296,0.00020003,-4.15087e-09,-1.79675e-06,-4.15087e-09,0.000200001,2.44092e-07,-1.79675e-06,2.44092e-07,0.000199989
0.0903245,-0.16004,2.6994,0.0918467,-0.153028,2.6978,-0.0168755,-0.0357396,-0.0976022,34.0644,0.00020003,-4.00161e-09,-1.8008e-06,-4.00161e-09,0.000200001,2.32562e-07,-1.8008e-06,2.32562e-07,0.000199989
0.0911705,-0.154614,2.69915,0.0919094,-0.15302,2.69846,-0.0161295,-0.035414,-0.0978549,33.8454,0.00020003,-3.9702e-09,-1.79592e-06,-3.9702e-09,0.000200001,2.33267e-07,-1.79592e-06,2.33267e-07,0.000199989
0.0917494,-0.150184,2.69875,0.0918223,-0.152824,2.69783,-0.0156506,-0.036084,-0.0982459,33.9698,0.00020003,-3.81016e-09,-1.80086e-06,-3.81016e-09,0.0002,2.20821e-07,-1.80086e-06,2.20821e-07,0.000199989
0.0922399,-0.146677,2.69863,0.0918256,-0.152654,2.6978,-0.0152601,-0.037577,-0.0983739,33.96,0.00020003,-3.71894e-09,-1.79268e-06,-3.71894e-09,0.0002,2.16999e-07,-1.79268e-06,2.16999e-07,0.000199989
0.0925444,-0.143675,2.69831,0.0916466,-0.151975,2.69703,-0.0150556,-0.0397749,-0.0986935,34.3277,0.00020003,-3.56623e-09,-1.79715e-06,-3.56623e-09,0.0002,2.06112e-07,-1.79715e-06,2.06112e-07,0.000199989
0.0935163,-0.135701,2.69769,0.0951002,-0.123852,2.69552,-0.0140837,-0.0367707,-0.0993149,32.6923,0.00020003,-3.50639e-09,-1.79172e-06,-3.50639e-09,0.0002,2.04899e-07,-1.79172e-06,2.04899e-07,0.000199989
0.0942857,-0.129275,2.69757,0.0954249,-0.123735,2.69712,-0.0133143,-0.0354554,-0.0994298,32.3981,0.00020003,-3.3386e-09,-1.79178e-06,-3.3386e-09,0.0002,1.92983e-07,-1.79178e-06,1.92983e-07,0.000199989
0.0949182,-0.124151,2.69737,0.0953866,-0.123696,2.69691,-0.0126818,-0.0353306,-0.0996271,32.5441,0.00020003,-3.25231e-09,-1.78808e-06,-3.25231e-09,0.0002,1.89361e-07,-1.78808e-06,1.89361e-07,0.000199989
0.0953553,-0.120024,2.69717,0.0953713,-0.123601,2.69666,-0.0122447,-0.0362937,-0.0988344,32.5303,0.00020003,-3.06779e-09,-1.78702e-06,-3.06779e-09,0.0002,1.76489e-07,-1.78702e-06,1.76489e-07,0.000199989
0.0957299,-0.116729,2.69702,0.0953982,-0.12359,2.69676,-0.0117701,-0.0379892,-0.0989788,32.4983,0.00020003,-2.96252e-09,-1.78486e-06,-2.96252e-09,0.0002,1.71457e-07,-1.78486e-06,1.71457e-07,0.000199989
0.0959329,-0.113884,2.69677,0.0950922,-0.122632,2.69544,-0.0114671,-0.0402139,-0.0992314,32.7038,0.00020003,-2.81694e-09,-1.78641e-06,-2.81694e-09,0.0002,1.62082e-07,-1.78641e-06,1.62082e-07,0.000199989
0.0966252,-0.106199,2.69594,0.097714,-0.0953488,2.69295,-0.0106748,-0.037499,-0.100059,32.2374,0.00020003,-2.70413e-09,-1.77977e-06,-2.70413e-09,0.0002,1.5649e-07,-1.77977e-06,1.5649e-07,0.000199989
0.0971768,-0.0998468,2.69627,0.098136,-0.0945842,2.69696,-0.0100232,-0.0362168,-0.0997294,31.8547,0.00020003,-2.4805e-09,-1.78362e-06,-2.4805e-09,0.0002,1.402e-07,-1.78362e-06,1.402e-07,0.000199989
0.0976672,-0.0947538,2.69625,0.0981662,-0.0943652,2.69651,-0.00933281,-0.0360938,-0.0997461,31.9881,0.00020003,-2.38455e-09,-1.78089e-06,-2.38455e-09,0.0002,1.36661e-07,-1.78089e-06,1.36661e-07,0.000199989
0.0979679,-0.0905476,2.6963,0.0980875,-0.0938893,2.69619,-0.00883214,-0.0369376,-0.0996955,31.8766,0.00020003,-2.17671e-09,-1.78501e-06,-2.17671e-09,0.0002,1.22019e-07,-1.78501e-06,1.22019e-07,0.000199989
0.0982945,-0.0871749,2.6961,0.0984602,-0.0934705,2.69559,-0.00820549,-0.0385049,-0.0999033,31.669,0.00020003,-2.02986e-09,-1.7755e-06,-2.02986e-09,0.0002,1.14463e-07,-1.7755e-06,1.14463e-07,0.000199989
0.0983962,-0.0843941,2.69563,0.0980519,-0.0933107,2.69378,-0.00790383,-0.0407541,-0.100366,32.0856,0.00020003,-1.77593e-09,-1.77755e-06,-1.77593e-09,0.0002,9.66229e-08,-1.77755e-06,9.66229e-08,0.000199989
0.0987447,-0.0766684,2.69511,0.0993257,-0.0656634,2.693,-0.00715531,-0.0379584,-0.100893,34.8926,0.000200029,-1.60126e-09,-1.77431e-06,-1.60126e-09,0.0002,8.71044e-08,-1.77431e-06,8.71044e-08,0.000199989
0.098984,-0.070347,2.69555,0.099658,-0.0650228,2.69703,-0.00661598,-0.036647,-0.100446,34.437,0.000200029,-1.29035e-09,-1.77423e-06,-1.29035e-09,0.0002,6.52805e-08,-1.77423e-06,6.52805e-08,0.000199989
0.0992291,-0.0652826,2.69581,0.0996587,-0.0644445,2.69682,-0.00587089,-0.0364126,-0.100194,34.4325,0.000200029,-1.14416e-09,-1.75683e-06,-1.14416e-09,0.0002,5.97563e-08,-1.75683e-06,5.97563e-08,0.000199989
0.0993315,-0.0615094,2.69598,0.0997204,-0.0646133,2.69701,-0.00536845,-0.0371994,-0.100019,34.5463,0.000200028,-8.36522e-10,-1.70659e-06,-8.36522e-10,0.0002,3.93047e-08,-1.70659e-06,3.93047e-08,0.000199989
0.0994217,-0.0587585,2.6962,0.0997712,-0.0639538,2.69677,-0.00487825,-0.0384885,-0.0997985,34.3218,0.000200026,-5.91904e-10,-1.6105e-06,-5.91904e-10,0.0002,2.56576e-08,-1.6105e-06,2.56576e-08,0.00019999
0.0994692,-0.051787,2.69595,0.0997643,-0.0379801,2.69496,-0.00443077,-0.035007,-0.100046,34.7685,0.000200022,-3.70633e-10,-1.4812e-06,-3.70633e-10,0.0002,1.27613e-08,-1.4812e-06,1.27613e-08,0.000199991
0.0995006,-0.0465825,2.69598,0.0997964,-0.0375118,2.69675,-0.00409938,-0.0327125,-0.100015,34.2912,0.000200019,-2.02593e-10,-1.32384e-06,-2.02593e-10,0.0002,2.97872e-09,-1.32384e-06,2.97872e-09,0.000199992
0.0995776,-0.0428129,2.69658,0.0998826,-0.0371541,2.69898,-0.00372235,-0.0313029,-0.0994167,34.1098,0.000200015,-1.36317e-10,-1.14866e-06,-1.36317e-10,0.0002,2.55716e-09,-1.14866e-06,2.55716e-09,0.000199993
0.0995805,-0.0401445,2.69704,0.0998635,-0.0369582,2.6992,-0.00351951,-0.0304855,-0.0989564,34.1828,0.000200012,-3.55179e-11,-9.74734e-07,-3.55179e-11,0.0002,-6.61639e-09,-9.74734e-07,-6.61639e-09,0.000199994
0.0998648,-0.0375648,2.71006,0.0999164,-0.0367075,2.70083,-0.00323516,-0.0301028,-0.100945,34.0401,0.00020001,-1.9035e-10,-9.27096e-07,-1.9035e-10,0.0002,2.41575e-08,-9.27096e-07,2.41575e-08,0.000199995
0.100357,-0.0348883,2.72775,0.100027,-0.0368266,2.70235,-0.00294316,-0.0306513,-0.107246,33.9591,0.00020001,-5.36785e-10,-9.99839e-07,-5.36785e-10,0.0002,7.41632e-08,-9.99839e-07,7.41632e-08,0.000199996
0.100118,-0.030228,2.74602,0.095813,-0.0274527,2.73271,-0.00348158,-0.0300509,-0.110977,32.5551,0.000200012,-1.16803e-09,-1.1501e-06,-1.16803e-09,0.0002,1.40675e-07,-1.1501e-06,1.40675e-07,0.000199996
0.100351,-0.0259871,2.7542,0.0976013,-0.0262724,2.72815,-0.00354903,-0.0301481,-0.1178,32.2531,0.000200014,-1.8639e-09,-1.29057e-06,-1.8639e-09,0.0002,1.92937e-07,-1.29057e-06,1.92937e-07,0.000199995
0.100544,-0.0223922,2.75526,0.0973866,-0.0261667,2.72806,-0.003756,-0.0312382,-0.124738,32.2976,0.000200017,-2.58751e-09,-1.40905e-06,-2.58751e-09,0.0002,2.36982e-07,-1.40905e-06,2.36982e-07,0.000199994
0.100801,-0.0194023,2.75311,0.0978411,-0.0261346,2.73021,-0.0037991,-0.0329623,-0.129888,32.0594,0.000200019,-3.25054e-09,-1.50156e-06,-3.25054e-09,0.000200001,2.70246e-07,-1.50156e-06,2.70246e-07,0.000199993
0.101063,-0.0169515,2.74916,0.0981785,-0.0262108,2.72919,-0.00393699,-0.0354215,-0.134844,32.0049,0.000200021,-3.79366e-09,-1.57222e-06,-3.79366e-09,0.000200001,2.91901e-07,-1.57222e-06,2.91901e-07,0.000199993
0.10121,-0.0149773,2.74478,0.0975321,-0.0262449,2.72756,-0.00409025,-0.0383073,-0.139225,32.1097,0.000200023,-4.33858e-09,-1.62051e-06,-4.33858e-09,0.000200001,3.17747e-07,-1.62051e-06,3.17747e-07,0.000199992
0.102205,-0.00836591,2.74937,0.102431,-0.00146178,2.76933,-0.00349499,-0.0366859,-0.134629,34.8536,0.000200024,-4.73049e-09,-1.66101e-06,-4.73049e-09,0.000200001,3.3039e-07,-1.66101e-06,3.3039e-07,0.000199991
0.10301,-0.00284035,2.75398,0.102372,-0.000217741,2.774,-0.0029899,-0.0360703,-0.130019,34.0262,0.000200025,-5.05201e-09,-1.6849e-06,-5.05201e-09,0.000200001,3.419e-07,-1.6849e-06,3.419e-07,0.000199991
0.1036,0.00178264,2.75831,0.102399,0.000631389,2.77626,-0.00269971,-0.0364574,-0.124688,33.4237,0.000200026,-5.18464e-09,-1.70561e-06,-5.18464e-09,0.000200001,3.39016e-07,-1.70561e-06,3.39016e-07,0.00019999
0.104069,0.00555845,2.76194,0.102271,0.00118784,2.77646,-0.00253136,-0.0376015,-0.121057,33.5284,0.000200027,-5.28482e-09,-1.71369e-06,-5.28482e-09,0.000200001,3.39393e-07,-1.71369e-06,3.39393e-07,0.00019999
0.104345,0.00869313,2.76467,0.102117,0.00163311,2.77621,-0.0025548,-0.0394869,-0.118328,33.6583,0.000200027,-5.23005e-09,-1.72307e-06,-5.23005e-09,0.000200001,3.2799e-07,-1.72307e-06,3.2799e-07,0.00019999
0.105604,0.0159817,2.76713,0.107175,0.0255402,2.7773,-0.00159616,-0.0371183,-0.115865,33.8141,0.000200028,-5.21882e-09,-1.72908e-06,-5.21882e-09,0.000200001,3.24306e-07,-1.72908e-06,3.24306e-07,0.00019999
0.106403,0.0220993,2.77014,0.106472,0.0269144,2.78214,-0.000996863,-0.0360307,-0.112862,32.4978,0.000200028,-5.09556e-09,-1.73474e-06,-5.09556e-09,0.000200001,3.11815e-07,-1.73474e-06,3.11815e-07,0.000199989
0.107024,0.0271779,2.77294,0.106429,0.0278299,2.78413,-0.000676048,-0.0358621,-0.110062,32.2725,0.000200028,-4.97543e-09,-1.73868e-06,-4.97543e-09,0.000200001,3.01933e-07,-1.73868e-06,3.01933e-07,0.000199989
0.107477,0.0313308,2.77543,0.106345,0.0282372,2.78474,-0.000423001,-0.0367092,-0.107573,32.4146,0.000200028,-4.82771e-09,-1.74272e-06,-4.82771e-09,0.000200001,2.90575e-07,-1.74272e-06,2.90575e-07,0.000199989
0.107858,0.0346751,2.77743,0.106452,0.0285785,2.78544,-0.000241553,-0.0382649,-0.105571,32.4353,0.000200028,-4.69231e-09,-1.73796e-06,-4.69231e-09,0.000200001,2.82578e-07,-1.73796e-06,2.82578e-07,0.000199989
0.108147,0.0374524,2.77882,0.10664,0.028874,2.78438,-0.000153387,-0.0404876,-0.104181,32.3272,0.000200028,-4.49394e-09,-1.74192e-06,-4.49394e-09,0.000200001,2.67885e-07,-1.74192e-06,2.67885e-07,0.000199989
0.109334,0.0448693,2.77925,0.111185,0.0549957,2.78129,0.000834304,-0.0379607,-0.103751,32.52,0.000200028,-4.40898e-09,-1.73996e-06,-4.40898e-09,0.000200001,2.65007e-07,-1.73996e-06,2.65007e-07,0.000199989
0.109972,0.0510364,2.78031,0.11003,0.0560752,2.7852,0.00137225,-0.0367736,-0.102686,31.9855,0.000200028,-4.21705e-09,-1.74137e-06,-4.21705e-09,0.000200001,2.51206e-07,-1.74137e-06,2.51206e-07,0.000199989
0.110475,0.0560673,2.78155,0.110015,0.0567278,2.78619,0.00177471,-0.0366127,-0.101446,32.0914,0.000200028,-4.05028e-09,-1.737e-06,-4.05028e-09,0.000200001,2.41343e-07,-1.737e-06,2.41343e-07,0.000199989
0.110867,0.06019,2.78258,0.110049,0.0570779,2.78699,0.00196675,-0.03747,-0.100421,32.0096,0.000200028,-3.90218e-09,-1.73868e-06,-3.90218e-09,0.000200001,2.32372e-07,-1.73868e-06,2.32372e-07,0.000199989
0.111138,0.0635743,2.78363,0.109888,0.057607,2.78749,0.00213789,-0.0389257,-0.0993734,31.8395,0.000200028,-3.7654e-09,-1.73665e-06,-3.7654e-09,0.000200001,2.24693e-07,-1.73665e-06,2.24693e-07,0.000199989
0.111323,0.0663319,2.78443,0.109876,0.0577507,2.78766,0.00232348,-0.0411681,-0.0985652,31.6896,0.000200028,-3.61451e-09,-1.73882e-06,-3.61451e-09,0.0002,2.14989e-07,-1.73882e-06,2.14989e-07,0.000199989
0.112088,0.0738242,2.78431,0.112906,0.0844212,2.78381,0.002988,-0.0384758,-0.0986896,31.0057,0.000200028,-3.49454e-09,-1.73269e-06,-3.49454e-09,0.0002,2.09081e-07,-1.73269e-06,2.09081e-07,0.000199989
0.112685,0.079889,2.78444,0.113037,0.0845323,2.78527,0.00358472,-0.037411,-0.0985611,30.9924,0.000200028,-3.34785e-09,-1.73651e-06,-3.34785e-09,0.0002,1.99241e-07,-1.73651e-06,1.99241e-07,0.000199989
0.11314,0.0847883,2.78473,0.112941,0.0849367,2.78589,0.0040404,-0.0374117,-0.0982702,30.9596,0.000200028,-3.22698e-09,-1.7336e-06,-3.22698e-09,0.0002,1.92623e-07,-1.7336e-06,1.92623e-07,0.000199989
0.113425,0.0888668,2.78523,0.112782,0.0855888,2.78689,0.00432482,-0.0382332,-0.0977734,30.9387,0.000200028,-3.05668e-09,-1.73632e-06,-3.05668e-09,0.0002,1.8078e-07,-1.73632e-06,1.8078e-07,0.000199989
0.113727,0.0921294,2.78578,0.113014,0.0859275,2.78801,0.0046269,-0.0397706,-0.0972163,30.9579,0.000200028,-2.96878e-09,-1.72715e-06,-2.96878e-09,0.0002,1.77944e-07,-1.72715e-06,1.77944e-07,0.000199989
0.113898,0.0948677,2.78626,0.112995,0.0862211,2.78815,0.00479839,-0.0420323,-0.0967423,30.6164,0.000200028,-2.79702e-09,-1.73243e-06,-2.79702e-09,0.0002,1.65396e-07,-1.73243e-06,1.65396e-07,0.000199989
0.114899,0.102068,2.78569,0.117216,0.111579,2.7831,0.00589905,-0.0396318,-0.097313,31.0096,0.000200028,-2.67256e-09,-1.72609e-06,-2.67256e-09,0.0002,1.58846e-07,-1.72609e-06,1.58846e-07,0.000199989
0.115304,0.108204,2.78574,0.115522,0.113243,2.78629,0.00640384,-0.0383959,-0.097256,30.7195,0.000200028,-2.49765e-09,-1.72874e-06,-2.49765e-09,0.0002,1.46721e-07,-1.72874e-06,1.46721e-07,0.00019999
0.115616,0.113087,2.78598,0.11544,0.11335,2.78659,0.006916,-0.0383131,-0.0970239,30.6832,0.000200028,-2.36579e-09,-1.72288e-06,-2.36579e-09,0.0002,1.39646e-07,-1.72288e-06,1.39646e-07,0.00019999
0.115814,0.117331,2.78626,0.115423,0.114898,2.78739,0.00721415,-0.0389687,-0.0967402,30.5209,0.000200028,-2.1881e-09,-1.7237e-06,-2.1881e-09,0.0002,1.27641e-07,-1.7237e-06,1.27641e-07,0.00019999
0.115917,0.120592,2.7866,0.115224,0.114425,2.78795,0.00751659,-0.0404075,-0.0964015,30.5704,0.000200028,-2.02004e-09,-1.71785e-06,-2.02004e-09,0.0002,1.17414e-07,-1.71785e-06,1.17414e-07,0.00019999
0.116732,0.128097,2.78594,0.118982,0.13863,2.78334,0.00853232,-0.0378033,-0.0970573,31.5343,0.000200028,-1.85318e-09,-1.72287e-06,-1.85318e-09,0.0002,1.06644e-07,-1.72287e-06,1.06644e-07,0.00019999
0.117032,0.134263,2.78591,0.117317,0.139809,2.78609,0.00913232,-0.0364374,-0.0970922,31.0263,0.000200028,-1.69677e-09,-1.7143e-06,-1.69677e-09,0.0002,9.76569e-08,-1.7143e-06,9.76569e-08,0.00019999
0.117127,0.139359,2.78602,0.116847,0.140251,2.78648,0.00952668,-0.0362405,-0.0969776,30.9829,0.000200028,-1.49524e-09,-1.72094e-06,-1.49524e-09,0.0002,8.36753e-08,-1.72094e-06,8.36753e-08,0.00019999
0.117228,0.143678,2.7863,0.116996,0.141792,2.78742,0.00992781,-0.0366219,-0.0966978,30.988,0.000200028,-1.33204e-09,-1.71443e-06,-1.33204e-09,0.0002,7.4292e-08,-1.71443e-06,7.4292e-08,0.00019999
0.117169,0.14714,2.78665,0.116639,0.141649,2.78838,0.0101688,-0.0380598,-0.0963457,30.9604,0.000200028,-1.09348e-09,-1.71601e-06,-1.09348e-09,0.0002,5.75892e-08,-1.71601e-06,5.75892e-08,0.00019999
0.117126,0.149994,2.78712,0.116605,0.142207,2.78868,0.0105263,-0.0399058,-0.0958759,30.818,0.000200027,-9.29749e-10,-1.71266e-06,-9.29749e-10,0.0002,4.85923e-08,-1.71266e-06,4.85923e-08,0.00019999
0.117294,0.157387,2.78649,0.117979,0.167609,2.78427,0.0111936,-0.0374128,-0.0965109,31.113,0.000200027,-6.65042e-10,-1.71524e-06,-6.65042e-10,0.0002,2.98774e-08,-1.71524e-06,2.98774e-08,0.00019999
0.11742,0.163274,2.78648,0.117898,0.167944,2.78614,0.0117201,-0.0362258,-0.0965182,31.112,0.000200027,-4.83265e-10,-1.70176e-06,-4.83265e-10,0.0002,1.98449e-08,-1.70176e-06,1.98449e-08,0.00019999
0.117427,0.167971,2.78657,0.117671,0.168817,2.78726,0.0122272,-0.0360286,-0.0964272,31.05,0.000200026,-2.67405e-10,-1.66324e-06,-2.67405e-10,0.0002,6.06383e-09,-1.66324e-06,6.06383e-09,0.00019999
0.117427,0.171433,2.78679,0.117633,0.168985,2.78766,0.0127271,-0.0365671,-0.0962102,31.1586,0.000200024,-1.13296e-10,-1.58582e-06,-1.13296e-10,0.0002,-2.45651e-09,-1.58582e-06,-2.45651e-09,0.00019999
0.117354,0.173913,2.787,0.117409,0.169587,2.78814,0.013054,-0.0376873,-0.0960034,30.991,0.000200022,3.38139e-11,-1.47073e-06,3.38139e-11,0.0002,-1.23069e-08,-1.47073e-06,-1.23069e-08,0.000199991
0.117436,0.175861,2.78741,0.118161,0.171662,2.78938,0.0135361,-0.0387391,-0.0955908,30.4453,0.000200019,1.3766e-10,-1.32498e-06,1.3766e-10,0.0002,-2.00034e-08,-1.32498e-06,-2.00034e-08,0.000199992
0.117484,0.18162,2.78715,0.117952,0.194852,2.78578,0.0138838,-0.0353804,-0.0958533,30.6364,0.000200015,1.71253e-10,-1.16161e-06,1.71253e-10,0.0002,-2.2033e-08,-1.16161e-06,-2.2033e-08,0.000199993
0.117474,0.185908,2.78712,0.117718,0.195247,2.78703,0.0140743,-0.0329916,-0.0958781,30.6768,0.000200012,1.78639e-10,-9.93532e-07,1.78639e-10,0.0002,-2.31493e-08,-9.93532e-07,-2.31493e-08,0.000199994
0.116818,0.18868,2.77415,0.118656,0.193774,2.78356,0.0144182,-0.0316203,-0.0928489,30.7494,0.000200009,8.7462e-10,-8.29981e-07,8.7462e-10,0.0002,-1.53095e-07,-8.29981e-07,-1.53095e-07,0.000199996
0.115603,0.190485,2.75459,0.119027,0.193823,2.7824,0.0154031,-0.0307155,-0.0864104,30.9764,0.000200006,1.70478e-09,-6.6422e-07,1.70478e-09,0.000200001,-3.55959e-07,-6.6422e-07,-3.55959e-07,0.000199996
0.113807,0.191213,2.7318,0.120868,0.191432,2.77464,0.0171171,-0.0304869,-0.0762009,31.7439,0.000200005,2.69462e-09,-5.32201e-07,2.69462e-09,0.000200003,-6.75755e-07,-5.32201e-07,-6.75755e-07,0.000199997
0.113348,0.196728,2.70484,0.127906,0.21769,2.72894,0.0207783,-0.0250721,-0.0701569,34.2125,0.000200003,3.06086e-09,-3.97449e-07,3.06086e-09,0.000200007,-9.53548e-07,-3.97449e-07,-9.53548e-07,0.000199997
0.112732,0.200453,2.6795,0.129111,0.214892,2.72177,0.0248115,-0.0212469,-0.0595007,35.5143,0.000200002,3.13417e-09,-3.00839e-07,3.13417e-09,0.000200011,-1.20954e-06,-3.00839e-07,-1.20954e-06,0.000199996
0.112945,0.201578,2.65602,0.133003,0.206366,2.69962,0.0297951,-0.0200218,-0.0489836,38.7061,0.000200001,2.81044e-09,-2.16433e-07,2.81044e-09,0.000200015,-1.38624e-06,-2.16433e-07,-1.38624e-06,0.000199995
0.113425,0.201486,2.6314,0.135687,0.201866,2.6787,0.035265,-0.0198136,-0.0375966,42.4456,0.000200001,2.37966e-09,-1.52824e-07,2.37966e-09,0.000200019,-1.53657e-06,-1.52824e-07,-1.53657e-06,0.000199994
0.112554,0.200703,2.60304,0.128912,0.19872,2.62705,0.0394044,-0.0202974,-0.0319591,56.6384,0.000200001,1.73285e-09,-9.05093e-08,1.73285e-09,0.000200022,-1.61842e-06,-9.05093e-08,-1.61842e-06,0.000199993
0.11362,0.199347,2.57934,0.1388,0.195231,2.62989,0.0456395,-0.0213532,-0.0196647,51.4294,0.0002,1.28537e-09,-5.76518e-08,1.28537e-09,0.000200025,-1.70503e-06,-5.76518e-08,-1.70503e-06,0.000199992
0.106967,0.202261,2.55043,0.100694,0.21561,2.57241,0.0441066,-0.0181386,-0.0145729,34.9598,0.0002,6.54317e-10,-1.27837e-08,6.54317e-10,0.000200026,-1.74316e-06,-1.27837e-08,-1.74316e-06,0.000199991
0.101833,0.204,2.52103,0.102405,0.212653,2.54864,0.0442227,-0.0160004,-0.00796856,37.1069,0.0002,2.07717e-10,1.18794e-08,2.07717e-10,0.000200028,-1.79224e-06,1.18794e-08,-1.79224e-06,0.00019999
0.098307,0.205193,2.49594,0.104793,0.212129,2.53282,0.045887,-0.0145075,0.000943483,38.9923,0.0002,-2.84692e-10,4.09465e-08,-2.84692e-10,0.000200029,-1.80763e-06,4.09465e-08,-1.80763e-06,0.00019999
0.095578,0.205798,2.47071,0.105975,0.210429,2.51427,0.048468,-0.013502,0.0117075,42.7835,0.0002,-6.24495e-10,5.62156e-08,-6.24495e-10,0.00020003,-1.84082e-06,5.62156e-08,-1.84082e-06,0.000199989
0.0936726,0.205723,2.44755,0.106815,0.208169,2.49145,0.0518026,-0.0131769,0.0225483,46.1573,0.0002,-1.09666e-09,8.48968e-08,-1.09666e-09,0.000200031,-1.84528e-06,8.48968e-08,-1.84528e-06,0.000199989
0.0923559,0.205108,2.42237,0.10861,0.205362,2.46608,0.0558459,-0.0134916,0.0333658,50.925,0.0002,-1.42706e-09,9.98047e-08,-1.42706e-09,0.000200032,-1.87252e-06,9.98047e-08,-1.87252e-06,0.000199988
0.0821397,0.205642,2.38931,0.0621876,0.210647,2.39399,0.0509097,-0.0125581,0.0343096,32.9258,0.0002,-1.92455e-09,1.31103e-07,-1.92455e-09,0.000200032,-1.87035e-06,1.31103e-07,-1.87035e-06,0.000199988
0.0744388,0.206134,2.35919,0.0652049,0.21083,2.38323,0.0485988,-0.0116662,0.0391892,34.7537,0.0002,-2.14864e-09,1.37172e-07,-2.14864e-09,0.000200033,-1.89017e-06,1.37172e-07,-1.89017e-06,0.000199988
0.0687642,0.206394,2.33466,0.0670764,0.21081,2.3731,0.0482442,-0.0110055,0.0486562,35.3241,0.0002,-2.50365e-09,1.5821e-07,-2.50365e-09,0.000200033,-1.88597e-06,1.5821e-07,-1.88597e-06,0.000199988
0.064803,0.206448,2.30828,0.0705685,0.20996,2.34664,0.049723,-0.0105521,0.0582823,38.6288,0.0002,-2.73609e-09,1.67272e-07,-2.73609e-09,0.000200033,-1.90254e-06,1.67272e-07,-1.90254e-06,0.000199988
0.0616662,0.206529,2.28935,0.0702871,0.210839,2.34921,0.0519522,-0.0101705,0.0723461,38.7717,0.0002,-3.08606e-09,1.88698e-07,-3.08606e-09,0.000200034,-1.90032e-06,1.88698e-07,-1.90032e-06,0.000199988
0.0594152,0.206156,2.2649,0.07221,0.208575,2.31093,0.0551922,-0.0101438,0.0838952,44.0776,0.0002,-3.38516e-09,2.03083e-07,-3.38516e-09,0.000200034,-1.91894e-06,2.03083e-07,-1.91894e-06,0.000199987
0.0482092,0.204841,2.22633,0.0247458,0.203066,2.20763,0.0494022,-0.0110593,0.0793268,29.0789,0.0002,-3.75256e-09,2.25503e-07,-3.75256e-09,0.000200034,-1.91434e-06,2.25503e-07,-1.91434e-06,0.000199987
0.0403821,0.203791,2.19066,0.0310595,0.203024,2.19118,0.0471081,-0.0118085,0.0786608,32.2264,0.0002,-3.91905e-09,2.28611e-07,-3.91905e-09,0.000200035,-1.93211e-06,2.28611e-07,-1.93211e-06,0.000199987
0.0345972,0.202779,2.15972,0.0330785,0.20242,2.17121,0.0467772,-0.012421,0.0807223,33.0435,0.0002,-4.09391e-09,2.36503e-07,-4.09391e-09,0.000200035,-1.9323e-06,2.36503e-07,-1.9323e-06,0.000199987
0.0296316,0.201834,2.13465,0.0317681,0.201928,2.17724,0.0473916,-0.0130656,0.0916528,31.7666,0.0002,-4.13822e-09,2.33387e-07,-4.13822e-09,0.000200035,-1.9459e-06,2.33387e-07,-1.9459e-06,0.000199987
0.0261373,0.200681,2.11402,0.0338122,0.20045,2.16706,0.0493873,-0.0139192,0.104023,33.6285,0.000200001,-4.32616e-09,2.45361e-07,-4.32616e-09,0.000200035,-1.94438e-06,2.45361e-07,-1.94438e-06,0.000199987
0.0142645,0.200731,2.06751,-0.010827,0.204062,2.01426,0.0431345,-0.0135687,0.0915142,31.3262,0.000200001,-4.51702e-09,2.54338e-07,-4.51702e-09,0.000200036,-1.962e-06,2.54338e-07,-1.962e-06,0.000199987
0.00523891,0.200978,2.03395,-0.0088709,0.205166,2.00106,0.0396489,-0.0130218,0.0829531,30.0997,0.000200001,-4.64297e-09,2.6031e-07,-4.64297e-09,0.000200036,-1.96029e-06,2.6031e-07,-1.96029e-06,0.000199987
-0.0021499,0.201336,2.01533,-0.00939842,0.205216,2.00092,0.0379001,-0.0124643,0.0793349,29.8299,0.000200001,-4.43958e-09,2.40002e-07,-4.43958e-09,0.000200036,-1.96877e-06,2.40002e-07,-1.96877e-06,0.000199986
-0.00782385,0.201611,2.00548,-0.00845798,0.205174,1.99815,0.0377361,-0.0120888,0.0774753,30.1203,0.000200001,-4.29181e-09,2.29588e-07,-4.29181e-09,0.000200036,-1.96616e-06,2.29588e-07,-1.96616e-06,0.000199986
-0.0125195,0.201985,2.0019,-0.00902536,0.205228,1.99907,0.0386405,-0.0117146,0.0769017,29.9672,0.0002,-3.91396e-09,2.01892e-07,-3.91396e-09,0.000200036,-1.97113e-06,2.01892e-07,-1.97113e-06,0.000199986
-0.0162719,0.202284,2.00074,-0.00935231,0.205288,1.999,0.0403781,-0.0114161,0.0767435,29.8589,0.0002,-3.64493e-09,1.8733e-07,-3.64493e-09,0.000200036,-1.96311e-06,1.8733e-07,-1.96311e-06,0.000199986
-0.0265117,0.205303,1.97428,-0.045184,0.217454,1.8673,0.0357283,-0.00839724,0.0502757,31.5409,0.0002,-3.28107e-09,1.64713e-07,-3.28107e-09,0.000200036,-1.96592e-06,1.64713e-07,-1.96592e-06,0.000199986
-0.0351221,0.207368,1.96165,-0.0474941,0.215943,1.90934,0.0325879,-0.00643237,0.0366464,48.2041,0.0002,-2.82175e-09,1.36478e-07,-2.82175e-09,0.000200036,-1.96284e-06,1.36478e-07,-1.96284e-06,0.000199986
-0.0426536,0.209997,1.94362,-0.0505975,0.219756,1.86974,0.0306164,-0.00390268,0.0186226,31.4897,0.0002,-2.141e-09,9.24788e-08,-2.141e-09,0.000200036,-1.96455e-06,9.24788e-08,-1.96455e-06,0.000199987
-0.0469998,0.211754,1.92947,-0.0424406,0.218088,1.87232,0.0317102,-0.00224611,0.00447413,32.2668,0.0002,-1.55492e-09,5.95947e-08,-1.55492e-09,0.000200036,-1.95874e-06,5.95947e-08,-1.95874e-06,0.000199987
-0.052794,0.213651,1.91998,-0.0539967,0.22004,1.88209,0.031446,-0.000548665,-0.00501809,33.8055,0.0002,-8.08714e-10,1.45732e-08,-8.08714e-10,0.000200036,-1.95654e-06,1.45732e-08,-1.95654e-06,0.000199987
-0.0551838,0.21436,1.90788,-0.0428896,0.215788,1.85918,0.0344762,-3.98155e-05,-0.0171178,31.9738,0.0002,-2.13179e-10,-1.66414e-08,-2.13179e-10,0.000200036,-1.95154e-06,-1.66414e-08,-1.95154e-06,0.000199987
-0.0630698,0.217156,1.89527,-0.0727786,0.226149,1.84558,0.0320902,0.00245577,-0.0297255,32.3258,0.0002,5.44523e-10,-6.13853e-08,5.44523e-10,0.000200036,-1.94821e-06,-6.13853e-08,-1.94821e-06,0.000199987
-0.0695,0.219357,1.88517,-0.0735799,0.225979,1.84484,0.0311,0.00435655,-0.0398283,31.9264,0.0002,1.15441e-09,-9.33553e-08,1.15441e-09,0.000200035,-1.93999e-06,-9.33553e-08,-1.93999e-06,0.000199987
-0.0747422,0.221265,1.87702,-0.0739957,0.226121,1.84416,0.0312578,0.00596538,-0.0479789,31.8521,0.0002,1.8865e-09,-1.3585e-07,1.8865e-09,0.000200035,-1.93728e-06,-1.3585e-07,-1.93728e-06,0.000199987
-0.0788337,0.222819,1.87044,-0.0737388,0.226201,1.84447,0.0325663,0.00711927,-0.0545606,31.9035,0.0002,2.48556e-09,-1.6763e-07,2.48556e-09,0.000200035,-1.92737e-06,-1.6763e-07,-1.92737e-06,0.000199987
-0.0819703,0.22415,1.86539,-0.0729457,0.226158,1.8449,0.0349297,0.00794994,-0.0596118,32.1502,0.0002,3.15102e-09,-2.05389e-07,3.15102e-09,0.000200035,-1.92452e-06,-2.05389e-07,-1.92452e-06,0.000199987
-0.0898929,0.226749,1.85976,-0.100305,0.233674,1.83731,0.0323071,0.0100494,-0.0652404,31.4584,0.0002,3.68966e-09,-2.3394e-07,3.68966e-09,0.000200034,-1.91354e-06,-2.3394e-07,-1.91354e-06,0.000199987
-0.0960632,0.228946,1.85502,-0.0994999,0.233684,1.83643,0.0315368,0.0117463,-0.0699806,31.3491,0.000200001,4.33315e-09,-2.72236e-07,4.33315e-09,0.000200034,-1.9054e-06,-2.72236e-07,-1.9054e-06,0.000199987
-0.101362,0.230666,1.85248,-0.101543,0.233709,1.84233,0.0315384,0.0128665,-0.0725246,31.7192,0.000200001,4.75433e-09,-2.93181e-07,4.75433e-09,0.000200034,-1.89232e-06,-2.93181e-07,-1.89232e-06,0.000199987
-0.105401,0.232203,1.84961,-0.100457,0.233696,1.83818,0.0328989,0.0137027,-0.0753899,31.382,0.000200001,5.3805e-09,-3.32125e-07,5.3805e-09,0.000200033,-1.887e-06,-3.32125e-07,-1.887e-06,0.000199987
-0.108474,0.23341,1.84714,-0.100005,0.233728,1.83696,0.0350258,0.0141105,-0.0778598,31.3675,0.000200001,5.77755e-09,-3.53095e-07,5.77755e-09,0.000200033,-1.87266e-06,-3.53095e-07,-1.87266e-06,0.000199987
-0.110748,0.234549,1.84479,-0.098965,0.233698,1.8351,0.0380519,0.0144493,-0.0802088,31.7079,0.000200001,6.42574e-09,-3.95277e-07,6.42574e-09,0.000200033,-1.8673e-06,-3.95277e-07,-1.8673e-06,0.000199987
-0.118435,0.23654,1.8433,-0.129162,0.239573,1.83734,0.0354647,0.0155405,-0.0816996,29.6027,0.000200001,6.67422e-09,-4.08587e-07,6.67422e-09,0.000200032,-1.83618e-06,-4.08587e-07,-1.83618e-06,0.000199987
-0.124454,0.238175,1.84251,-0.130201,0.239533,1.83935,0.0341465,0.0162752,-0.0824892,29.4623,0.000200002,6.79803e-09,-4.26162e-07,6.79803e-09,0.00020003,-1.76176e-06,-4.26162e-07,-1.76176e-06,0.000199988
-0.128771,0.23937,1.84183,-0.129772,0.239599,1.83912,0.0340293,0.0166695,-0.083167,29.5355,0.000200002,6.46253e-09,-4.1734e-07,6.46253e-09,0.000200027,-1.64823e-06,-4.1734e-07,-1.64823e-06,0.000199989
-0.131748,0.240248,1.84132,-0.129928,0.239611,1.83927,0.0345524,0.0168481,-0.0836784,29.5662,0.000200001,5.8505e-09,-3.99305e-07,5.8505e-09,0.000200023,-1.49424e-06,-3.99305e-07,-1.49424e-06,0.00019999
-0.13367,0.240783,1.84075,-0.129887,0.239522,1.83879,0.0356297,0.0167828,-0.0842476,29.6245,0.000200001,4.9955e-09,-3.63851e-07,4.9955e-09,0.000200019,-1.32358e-06,-3.63851e-07,-1.32358e-06,0.000199991
-0.134577,0.241107,1.84009,-0.129058,0.239619,1.83744,0.0370229,0.0166069,-0.0849108,29.4891,0.000200001,4.0598e-09,-3.21322e-07,4.0598e-09,0.000200015,-1.13992e-06,-3.21322e-07,-1.13992e-06,0.000199993
-0.140265,0.242641,1.8394,-0.152499,0.246422,1.83698,0.0338353,0.0177405,-0.0855978,27.2901,0.000200001,3.38848e-09,-2.80462e-07,3.38848e-09,0.000200013,-1.06615e-06,-2.80462e-07,-1.06615e-06,0.000199994
-0.1456,0.243729,1.83899,-0.152622,0.246331,1.83704,0.0321998,0.0187291,-0.0860082,27.2205,0.000200001,2.97156e-09,-2.3509e-07,2.97156e-09,0.000200013,-1.14064e-06,-2.3509e-07,-1.14064e-06,0.000199994
-0.150758,0.244481,1.83894,-0.154222,0.246026,1.83876,0.0313421,0.0194806,-0.0860555,27.1779,0.000200001,2.69886e-09,-1.97145e-07,2.69886e-09,0.000200015,-1.2793e-06,-1.97145e-07,-1.2793e-06,0.000199994
-0.15538,0.245113,1.83918,-0.154788,0.246062,1.84079,0.03152,0.0201134,-0.0858155,27.2679,0.0002,2.5836e-09,-1.77344e-07,2.5836e-09,0.000200018,-1.42923e-06,-1.77344e-07,-1.42923e-06,0.000199994
-0.159108,0.24554,1.83932,-0.15428,0.246065,1.83988,0.0326918,0.0206404,-0.0856787,27.1428,0.0002,2.38035e-09,-1.51547e-07,2.38035e-09,0.000200021,-1.54636e-06,-1.51547e-07,-1.54636e-06,0.000199993
-0.162383,0.245947,1.8395,-0.154828,0.245874,1.84024,0.0346165,0.0211469,-0.0854965,26.7254,0.0002,2.41571e-09,-1.51599e-07,2.41571e-09,0.000200023,-1.6506e-06,-1.51599e-07,-1.6506e-06,0.000199992
-0.168139,0.246866,1.83941,-0.170394,0.249036,1.8394,0.0340608,0.0220661,-0.0855858,25.1338,0.0002,2.38616e-09,-1.45288e-07,2.38616e-09,0.000200026,-1.72089e-06,-1.45288e-07,-1.72089e-06,0.000199991
-0.172689,0.247716,1.83915,-0.169851,0.249011,1.83843,0.0348106,0.0229158,-0.08585,24.896,0.0002,2.59149e-09,-1.60092e-07,2.59149e-09,0.000200028,-1.77455e-06,-1.60092e-07,-1.77455e-06,0.00019999
-0.1763,0.248362,1.83914,-0.170303,0.249009,1.83879,0.0363996,0.0234623,-0.0858616,25.0338,0.0002,2.67938e-09,-1.64306e-07,2.67938e-09,0.000200029,-1.78978e-06,-1.64306e-07,-1.78978e-06,0.00019999
-0.179006,0.248909,1.83914,-0.170888,0.248803,1.83914,0.0384939,0.0239089,-0.0858625,24.5544,0.0002,2.82561e-09,-1.78505e-07,2.82561e-09,0.000200028,-1.75148e-06,-1.78505e-07,-1.75148e-06,0.00019999
-0.180689,0.249257,1.83894,-0.170449,0.248696,1.8388,0.041011,0.0240569,-0.0860582,24.498,0.0002,2.73825e-09,-1.76767e-07,2.73825e-09,0.000200026,-1.66397e-06,-1.76767e-07,-1.66397e-06,0.00019999
-0.187314,0.250016,1.83881,-0.199463,0.251201,1.8386,0.0380861,0.0247158,-0.0861901,24.5768,0.0002,2.5345e-09,-1.7229e-07,2.5345e-09,0.000200023,-1.52408e-06,-1.7229e-07,-1.52408e-06,0.000199991
-0.192126,0.250601,1.83871,-0.199339,0.25128,1.8383,0.0362739,0.0252008,-0.0862912,24.714,0.0002,2.23996e-09,-1.63311e-07,2.23996e-09,0.00020002,-1.36052e-06,-1.63311e-07,-1.36052e-06,0.000199992
-0.195266,0.250932,1.83831,-0.19819,0.251088,1.83704,0.0356338,0.025332,-0.0866878,24.5956,0.0002,1.81858e-09,-1.41639e-07,1.81858e-09,0.000200016,-1.17911e-06,-1.41639e-07,-1.17911e-06,0.000199993
-0.197999,0.251135,1.82952,-0.198893,0.251227,1.83819,0.0352013,0.0255355,-0.084475,24.3817,0.0002,1.47006e-09,-1.19127e-07,1.47006e-09,0.000200013,-1.07523e-06,-1.19127e-07,-1.07523e-06,0.000199994
-0.200094,0.251331,1.80584,-0.194144,0.252226,1.82985,0.0367059,0.0260315,-0.078159,25.3482,0.0002,1.22133e-09,-9.17923e-08,1.22133e-09,0.000200013,-1.14605e-06,-9.17923e-08,-1.14605e-06,0.000199994
-0.201602,0.251609,1.78336,-0.190061,0.253452,1.82076,0.0394978,0.0266088,-0.0696407,26.6834,0.0002,9.79054e-10,-6.28158e-08,9.79054e-10,0.000200015,-1.29547e-06,-6.28158e-08,-1.29547e-06,0.000199994
-0.206223,0.252426,1.75358,-0.204811,0.25647,1.77355,0.0397766,0.0279257,-0.0644213,30.4988,0.0002,7.8308e-10,-4.33357e-08,7.8308e-10,0.000200019,-1.46588e-06,-4.33357e-08,-1.46588e-06,0.000199994
-0.209274,0.253354,1.73407,-0.200867,0.258347,1.77356,0.0418265,0.0292537,-0.0539285,28.7415,0.0002,4.93881e-10,-1.86898e-08,4.93881e-10,0.000200022,-1.59792e-06,-1.86898e-08,-1.59792e-06,0.000199993
-0.212116,0.25414,1.72651,-0.202342,0.2584,1.77758,0.0442842,0.0304401,-0.0414918,28.146,0.0002,3.02969e-10,-7.39369e-09,3.02969e-10,0.000200025,-1.69932e-06,-7.39369e-09,-1.69932e-06,0.000199992
-0.213919,0.254838,1.72569,-0.19991,0.259025,1.76977,0.0477808,0.0315379,-0.030309,29.2279,0.0002,-3.59493e-11,1.63525e-08,-3.59493e-11,0.000200027,-1.76706e-06,1.63525e-08,-1.76706e-06,0.000199991
-0.215659,0.255427,1.73152,-0.201052,0.258991,1.7736,0.0514405,0.0325265,-0.019482,28.739,0.0002,-2.96865e-10,3.06459e-08,-2.96865e-10,0.000200029,-1.82138e-06,3.06459e-08,-1.82138e-06,0.00019999
-0.21755,0.255543,1.74137,-0.203633,0.257546,1.78713,0.05485,0.0329432,-0.0086334,27.3888,0.0002,-6.28372e-10,5.07238e-08,-6.28372e-10,0.000200031,-1.85343e-06,5.07238e-08,-1.85343e-06,0.000199989
-0.229275,0.253919,1.73013,-0.254593,0.247963,1.68482,0.0485252,0.0316193,-0.0198673,26.7859,0.0002,-9.23165e-10,6.67494e-08,-9.23165e-10,0.000200032,-1.87608e-06,6.67494e-08,-1.87608e-06,0.000199989
-0.238749,0.252477,1.72117,-0.255043,0.246987,1.68367,0.0444505,0.0304769,-0.0288296,25.898,0.0002,-1.01076e-09,6.6112e-08,-1.01076e-09,0.000200032,-1.89145e-06,6.6112e-08,-1.89145e-06,0.000199988
-0.246218,0.251569,1.71383,-0.254408,0.247943,1.68251,0.0423823,0.0297686,-0.036173,26.6602,0.0002,-9.31154e-10,5.47757e-08,-9.31154e-10,0.000200033,-1.90392e-06,5.47757e-08,-1.90392e-06,0.000199988
-0.252447,0.250726,1.70828,-0.255821,0.247121,1.6851,0.0415529,0.0291263,-0.0427194,26.0812,0.0002,-7.18941e-10,3.64818e-08,-7.18941e-10,0.000200033,-1.90764e-06,3.64818e-08,-1.90764e-06,0.000199988
-0.257455,0.250136,1.70423,-0.255901,0.247173,1.68705,0.0419454,0.0287358,-0.046767,26.2106,0.0002,-3.73374e-10,1.08388e-08,-3.73374e-10,0.000200034,-1.91142e-06,1.08388e-08,-1.91142e-06,0.000199988
-0.266747,0.251385,1.69586,-0.282551,0.255466,1.66211,0.0379527,0.0300849,-0.055138,28.6543,0.0002,-5.52201e-11,-9.38298e-09,-5.52201e-11,0.000200034,-1.90704e-06,-9.38298e-09,-1.90704e-06,0.000199988
-0.274213,0.252364,1.68923,-0.282604,0.254814,1.66338,0.0358873,0.0310643,-0.0617668,28.762,0.0002,4.48179e-10,-4.31932e-08,4.48179e-10,0.000200034,-1.90766e-06,-4.31932e-08,-1.90766e-06,0.000199987
-0.28057,0.253222,1.68453,-0.284702,0.255159,1.6654,0.0348302,0.0319223,-0.0664734,28.6885,0.0002,8.73919e-10,-6.81359e-08,8.73919e-10,0.000200034,-1.90254e-06,-6.81359e-08,-1.90254e-06,0.000199987
-0.285579,0.253994,1.68067,-0.284375,0.254995,1.66558,0.0352206,0.0325943,-0.0703293,28.6331,0.0002,1.44848e-09,-1.04706e-07,1.44848e-09,0.000200034,-1.89761e-06,-1.04706e-07,-1.89761e-06,0.000199987
-0.28967,0.254633,1.6778,-0.284951,0.254992,1.66631,0.0364298,0.0330331,-0.0732038,28.6119,0.0002,1.93946e-09,-1.3293e-07,1.93946e-09,0.000200033,-1.88933e-06,-1.3293e-07,-1.88933e-06,0.000199987
-0.292974,0.25529,1.67538,-0.285042,0.255054,1.66636,0.0384265,0.0334896,-0.075619,28.7445,0.0002,2.58312e-09,-1.73341e-07,2.58312e-09,0.000200033,-1.886e-06,-1.73341e-07,-1.886e-06,0.000199988
-0.301587,0.257222,1.6702,-0.315236,0.26187,1.64951,0.0350131,0.0350221,-0.0807999,30.6772,0.0002,3.08826e-09,-2.01796e-07,3.08826e-09,0.000200033,-1.87352e-06,-2.01796e-07,-1.87352e-06,0.000199988
-0.30891,0.258978,1.66617,-0.317841,0.262341,1.64975,0.03289,0.0363783,-0.0848319,30.4614,0.0002,3.68469e-09,-2.40165e-07,3.68469e-09,0.000200032,-1.85134e-06,-2.40165e-07,-1.85134e-06,0.000199988
-0.314778,0.2604,1.66286,-0.319303,0.262575,1.64998,0.0318224,0.0373,-0.0881364,30.38,0.000200001,4.01022e-09,-2.615e-07,4.01022e-09,0.000200031,-1.79167e-06,-2.615e-07,-1.79167e-06,0.000199988
-0.319117,0.261297,1.66097,-0.319555,0.261294,1.65309,0.0317832,0.0377974,-0.0900269,29.8615,0.000200001,4.16576e-09,-2.79625e-07,4.16576e-09,0.000200028,-1.68845e-06,-2.79625e-07,-1.68845e-06,0.000199989
-0.322172,0.262208,1.65868,-0.319775,0.262765,1.64981,0.0325277,0.0382085,-0.0923245,30.6862,0.000200001,3.95096e-09,-2.75041e-07,3.95096e-09,0.000200025,-1.54885e-06,-2.75041e-07,-1.54885e-06,0.00019999
-0.323935,0.263029,1.65622,-0.318691,0.263472,1.64704,0.0338654,0.038629,-0.0947817,30.9834,0.000200001,3.56851e-09,-2.64376e-07,3.56851e-09,0.000200021,-1.38506e-06,-2.64376e-07,-1.38506e-06,0.000199991
-0.329358,0.265485,1.65414,-0.341265,0.272988,1.64586,0.0309417,0.0407845,-0.0968602,31.2808,0.000200001,3.01316e-09,-2.41399e-07,3.01316e-09,0.000200017,-1.20001e-06,-2.41399e-07,-1.20001e-06,0.000199992
-0.334396,0.267746,1.63836,-0.342781,0.275211,1.63813,0.0287043,0.042846,-0.0966418,31.3359,0.0002,2.5844e-09,-2.10917e-07,2.5844e-09,0.000200015,-1.14362e-06,-2.10917e-07,-1.14362e-06,0.000199993
-0.339442,0.270268,1.61643,-0.344838,0.279399,1.62592,0.0273577,0.0454676,-0.0945726,33.7066,0.0002,2.29851e-09,-1.79268e-07,2.29851e-09,0.000200015,-1.20391e-06,-1.79268e-07,-1.20391e-06,0.000199994
-0.344262,0.272767,1.59846,-0.345672,0.28238,1.61398,0.0270376,0.0482675,-0.0905387,33.8888,0.0002,2.04531e-09,-1.4369e-07,2.04531e-09,0.000200017,-1.34138e-06,-1.4369e-07,-1.34138e-06,0.000199994
-0.34899,0.274957,1.58734,-0.348671,0.283369,1.60169,0.0270103,0.0506574,-0.0866557,35.4315,0.0002,1.81668e-09,-1.16313e-07,1.81668e-09,0.000200019,-1.47312e-06,-1.16313e-07,-1.47312e-06,0.000199993
-0.35293,0.277315,1.58513,-0.348729,0.286484,1.60591,0.0280695,0.0533154,-0.0818667,33.8117,0.0002,1.5909e-09,-9.41118e-08,1.5909e-09,0.000200022,-1.58108e-06,-9.41118e-08,-1.58108e-06,0.000199993
-0.35945,0.277069,1.58034,-0.365046,0.275516,1.57416,0.0266505,0.0533691,-0.0826599,33.2994,0.0002,1.40083e-09,-7.84915e-08,1.40083e-09,0.000200024,-1.66722e-06,-7.84915e-08,-1.66722e-06,0.000199992
-0.365314,0.276939,1.57845,-0.367922,0.275827,1.57403,0.0259859,0.0535393,-0.0845535,33.3673,0.0002,1.25416e-09,-6.82176e-08,1.25416e-09,0.000200026,-1.7342e-06,-6.82176e-08,-1.7342e-06,0.000199991
-0.37028,0.27685,1.57773,-0.369135,0.275829,1.57519,0.0262197,0.0537502,-0.085266,33.1976,0.0002,1.1737e-09,-6.40921e-08,1.1737e-09,0.000200028,-1.78215e-06,-6.40921e-08,-1.78215e-06,0.00019999
-0.374743,0.27683,1.57778,-0.371423,0.275815,1.57605,0.027157,0.0539304,-0.085219,33.1871,0.0002,1.22116e-09,-7.0027e-08,1.22116e-09,0.000200029,-1.818e-06,-7.0027e-08,-1.818e-06,0.00019999
-0.378702,0.276854,1.57788,-0.373421,0.275966,1.57667,0.0283977,0.054154,-0.085122,33.4495,0.0002,1.28622e-09,-7.55613e-08,1.28622e-09,0.00020003,-1.83925e-06,-7.55613e-08,-1.83925e-06,0.000199989
-0.385168,0.27691,1.57663,-0.38986,0.275728,1.571,0.0273318,0.0544097,-0.0873671,31.0759,0.0002,1.48725e-09,-9.10968e-08,1.48725e-09,0.000200031,-1.85463e-06,-9.10968e-08,-1.85463e-06,0.000199989
-0.39056,0.276906,1.57592,-0.391064,0.275377,1.57243,0.0271396,0.0544058,-0.0880769,30.8004,0.0002,1.69737e-09,-1.05306e-07,1.69737e-09,0.000200032,-1.86103e-06,-1.05306e-07,-1.86103e-06,0.000199988
-0.395018,0.27692,1.57548,-0.391784,0.275046,1.57368,0.0279815,0.0544205,-0.0885214,30.7632,0.0002,2.03331e-09,-1.28598e-07,2.03331e-09,0.000200032,-1.86516e-06,-1.28598e-07,-1.86516e-06,0.000199988
-0.39891,0.276951,1.57553,-0.393567,0.274991,1.57539,0.02929,0.0544514,-0.0884713,30.7901,0.0002,2.35376e-09,-1.48879e-07,2.35376e-09,0.000200032,-1.8627e-06,-1.48879e-07,-1.8627e-06,0.000199988
-0.402179,0.277043,1.5757,-0.394344,0.274799,1.57604,0.0313208,0.0543426,-0.088302,30.9039,0.0002,2.80349e-09,-1.7884e-07,2.80349e-09,0.000200032,-1.8612e-06,-1.7884e-07,-1.8612e-06,0.000199988
-0.404567,0.277092,1.57574,-0.393524,0.274579,1.57623,0.034133,0.0541923,-0.0882554,30.6193,0.0002,3.17513e-09,-2.0146e-07,3.17513e-09,0.000200032,-1.85006e-06,-2.0146e-07,-1.85006e-06,0.000199988
-0.409901,0.277549,1.5761,-0.411385,0.276252,1.57783,0.0338986,0.0542493,-0.0878988,27.8237,0.0002,3.58099e-09,-2.29634e-07,3.58099e-09,0.000200031,-1.81917e-06,-2.29634e-07,-1.81917e-06,0.000199988
-0.414022,0.277773,1.57677,-0.412299,0.275711,1.57943,0.0342777,0.0541733,-0.0872285,27.494,0.0002,3.73558e-09,-2.42564e-07,3.73558e-09,0.000200029,-1.74668e-06,-2.42564e-07,-1.74668e-06,0.000199989
-0.417056,0.277908,1.57751,-0.413266,0.27565,1.58075,0.0353445,0.053908,-0.0864929,27.6578,0.000200001,3.66003e-09,-2.45822e-07,3.66003e-09,0.000200026,-1.62716e-06,-2.45822e-07,-1.62716e-06,0.000199989
-0.419127,0.277872,1.57845,-0.413774,0.275302,1.5822,0.0366735,0.053572,-0.0855517,27.4824,0.000200001,3.3515e-09,-2.36074e-07,3.3515e-09,0.000200023,-1.4775e-06,-2.36074e-07,-1.4775e-06,0.00019999
-0.4203,0.277682,1.57943,-0.413804,0.274804,1.58332,0.0384001,0.0530816,-0.0845736,26.8065,0.0002,2.90913e-09,-2.19815e-07,2.90913e-09,0.000200019,-1.30345e-06,-2.19815e-07,-1.30345e-06,0.000199992
-0.420829,0.277433,1.58037,-0.414044,0.274676,1.58383,0.0400712,0.0525326,-0.083628,26.7417,0.0002,2.39707e-09,-1.97759e-07,2.39707e-09,0.000200015,-1.11888e-06,-1.97759e-07,-1.11888e-06,0.000199993
-0.425379,0.278694,1.56663,-0.432871,0.282683,1.57615,0.0380208,0.0536943,-0.0813659,23.2514,0.0002,1.99191e-09,-1.67937e-07,1.99191e-09,0.000200013,-1.05784e-06,-1.67937e-07,-1.05784e-06,0.000199994
-0.428483,0.280217,1.54137,-0.426747,0.285585,1.55272,0.0385168,0.0553172,-0.0786335,26.3024,0.0002,1.7869e-09,-1.45888e-07,1.7869e-09,0.000200013,-1.12864e-06,-1.45888e-07,-1.12864e-06,0.000199995
-0.431416,0.281911,1.51615,-0.425253,0.288751,1.54995,0.0399839,0.0572107,-0.0698505,26.8478,0.0002,1.62881e-09,-1.1922e-07,1.62881e-09,0.000200015,-1.29357e-06,-1.1922e-07,-1.29357e-06,0.000199994
-0.433453,0.283822,1.49419,-0.421763,0.291829,1.53595,0.0428473,0.0594221,-0.0588135,29.4753,0.0002,1.48324e-09,-9.7416e-08,1.48324e-09,0.000200018,-1.46143e-06,-9.7416e-08,-1.46143e-06,0.000199994
-0.434799,0.285766,1.47696,-0.419393,0.294277,1.52338,0.0467015,0.061666,-0.0470431,30.4793,0.0002,1.25772e-09,-7.27704e-08,1.25772e-09,0.000200022,-1.59981e-06,-7.27704e-08,-1.59981e-06,0.000199993
-0.441702,0.284252,1.4588,-0.448435,0.278765,1.46614,0.0449984,0.0604516,-0.0451955,21.8186,0.0002,9.2309e-10,-4.41887e-08,9.2309e-10,0.000200025,-1.69207e-06,-4.41887e-08,-1.69207e-06,0.000199992
-0.447235,0.28305,1.45165,-0.448106,0.278995,1.46487,0.0447653,0.0595498,-0.0423541,21.7785,0.0002,5.36902e-10,-1.60211e-08,5.36902e-10,0.000200027,-1.76332e-06,-1.60211e-08,-1.76332e-06,0.000199991
-0.451768,0.281976,1.451,-0.44873,0.278433,1.46681,0.0454324,0.0588763,-0.0379957,21.6891,0.0002,1.94797e-10,4.9284e-09,1.94797e-10,0.000200029,-1.80596e-06,4.9284e-09,-1.80596e-06,0.00019999
-0.455543,0.281584,1.45227,-0.449237,0.280877,1.4624,0.0470574,0.0588842,-0.0357304,22.6562,0.0002,-1.62087e-10,2.60937e-08,-1.62087e-10,0.00020003,-1.84079e-06,2.60937e-08,-1.84079e-06,0.000199989
-0.458767,0.280674,1.45578,-0.450378,0.277874,1.46977,0.0491334,0.0583739,-0.0322231,21.4993,0.0002,-4.18566e-10,3.83987e-08,-4.18566e-10,0.000200031,-1.85923e-06,3.83987e-08,-1.85923e-06,0.000199989
-0.461621,0.279686,1.45968,-0.45165,0.276636,1.47334,0.0516793,0.057686,-0.0283219,21.4082,0.0002,-6.37222e-10,4.85977e-08,-6.37222e-10,0.000200032,-1.87432e-06,4.85977e-08,-1.87432e-06,0.000199989
-0.471572,0.278935,1.45719,-0.490129,0.276308,1.4453,0.0469276,0.0572345,-0.0318109,16.3038,0.0002,-7.0866e-10,4.80236e-08,-7.0866e-10,0.000200032,-1.87936e-06,4.80236e-08,-1.87936e-06,0.000199988
-0.479722,0.278197,1.45579,-0.491023,0.275576,1.44922,0.0441782,0.0566968,-0.033209,16.1157,0.0002,-7.07793e-10,4.39188e-08,-7.07793e-10,0.000200033,-1.88413e-06,4.39188e-08,-1.88413e-06,0.000199988
-0.486256,0.27762,1.45511,-0.491132,0.275329,1.45142,0.0428442,0.0563198,-0.0338873,16.2373,0.0002,-5.61952e-10,3.01968e-08,-5.61952e-10,0.000200033,-1.88603e-06,3.01968e-08,-1.88603e-06,0.000199988
-0.492281,0.277201,1.45479,-0.495147,0.275339,1.45316,0.0422191,0.0561005,-0.0342097,16.1351,0.0002,-3.51772e-10,1.40848e-08,-3.51772e-10,0.000200033,-1.88646e-06,1.40848e-08,-1.88646e-06,0.000199988
-0.497544,0.276818,1.4552,-0.497491,0.274933,1.45652,0.0421563,0.0558182,-0.0337965,16.2641,0.0002,-1.05351e-10,-2.81259e-09,-1.05351e-10,0.000200033,-1.88257e-06,-2.81259e-09,-1.88257e-06,0.000199988
-0.501978,0.276468,1.45622,-0.498696,0.274496,1.46026,0.0430215,0.0554682,-0.0337804,16.2398,0.0002,1.82465e-10,-2.16559e-08,1.82465e-10,0.000200033,-1.87741e-06,-2.16559e-08,-1.87741e-06,0.000199988
-0.509691,0.276493,1.45507,-0.519543,0.275726,1.45044,0.0405095,0.0554926,-0.0339344,13.1369,0.0002,4.75922e-10,-3.97934e-08,4.75922e-10,0.000200033,-1.87335e-06,-3.97934e-08,-1.87335e-06,0.000199988
-0.515866,0.27657,1.45449,-0.51962,0.275596,1.45217,0.0396343,0.0553702,-0.0345108,13.2224,0.0002,8.71958e-10,-6.56978e-08,8.71958e-10,0.000200033,-1.86915e-06,-6.56978e-08,-1.86915e-06,0.000199988
-0.521469,0.276675,1.4542,-0.523184,0.275528,1.45364,0.0392311,0.0552753,-0.0348043,13.15,0.0002,1.28866e-09,-9.2118e-08,1.28866e-09,0.000200032,-1.85849e-06,-9.2118e-08,-1.85849e-06,0.000199988
-0.526438,0.276789,1.45462,-0.525513,0.275206,1.45662,0.0394619,0.0550892,-0.0343802,13.2011,0.0002,1.79828e-09,-1.24972e-07,1.79828e-09,0.000200032,-1.85494e-06,-1.24972e-07,-1.85494e-06,0.000199988
-0.530513,0.276782,1.45569,-0.526559,0.274597,1.45965,0.0404873,0.054682,-0.0333057,13.0605,0.0002,2.22035e-09,-1.504e-07,2.22035e-09,0.000200032,-1.83502e-06,-1.504e-07,-1.83502e-06,0.000199988
-0.533596,0.276703,1.45685,-0.526942,0.27393,1.46208,0.0422042,0.054203,-0.0321502,12.9306,0.0002,2.60568e-09,-1.76843e-07,2.60568e-09,0.00020003,-1.7817e-06,-1.76843e-07,-1.7817e-06,0.000199988
-0.539636,0.277392,1.45612,-0.546568,0.277765,1.45286,0.0404637,0.0543917,-0.0328848,10.9702,0.0002,2.74917e-09,-1.88231e-07,2.74917e-09,0.000200028,-1.69171e-06,-1.88231e-07,-1.69171e-06,0.000199989
-0.544338,0.27792,1.45566,-0.548156,0.277695,1.45353,0.0395624,0.0545196,-0.0333362,10.7076,0.0002,2.73482e-09,-1.94514e-07,2.73482e-09,0.000200025,-1.56229e-06,-1.94514e-07,-1.56229e-06,0.00019999
-0.54801,0.278259,1.45519,-0.550236,0.277678,1.45359,0.0389902,0.0544586,-0.0338139,10.4879,0.0002,2.48571e-09,-1.86059e-07,2.48571e-09,0.000200021,-1.39869e-06,-1.86059e-07,-1.39869e-06,0.000199991
-0.550951,0.278511,1.45506,-0.552646,0.277703,1.45454,0.0386493,0.0543105,-0.033942,10.5701,0.0002,2.17247e-09,-1.77046e-07,2.17247e-09,0.000200017,-1.21732e-06,-1.77046e-07,-1.21732e-06,0.000199992
-0.553073,0.278613,1.45509,-0.553488,0.27755,1.45522,0.0385271,0.054113,-0.0339076,10.5573,0.0002,1.79322e-09,-1.60472e-07,1.79322e-09,0.000200013,-1.03741e-06,-1.60472e-07,-1.03741e-06,0.000199994
-0.557432,0.278054,1.45388,-0.569489,0.281971,1.4494,0.0355683,0.0546543,-0.0351159,9.62973,0.0002,9.45218e-11,9.48574e-08,9.45218e-11,0.00020001,-8.35951e-07,9.48574e-08,-8.35951e-07,0.000199995
-0.560064,0.276679,1.45335,-0.567203,0.281323,1.45222,0.033736,0.056279,-0.0356473,9.93524,0.000200001,-1.31362e-09,3.85482e-07,-1.31362e-09,0.000200007,-6.43477e-07,3.85482e-07,-6.43477e-07,0.000199996
-0.56201,0.273895,1.45321,-0.567453,0.280798,1.45333,0.0320897,0.0577953,-0.0347887,9.74692,0.000200005,-2.67926e-09,8.23855e-07,-2.67926e-09,0.000200004,-4.86864e-07,8.23855e-07,-4.86864e-07,0.000199996
-0.563721,0.271476,1.45315,-0.569397,0.281207,1.45327,0.0305788,0.0603763,-0.0348532,9.80983,0.000200009,-3.06123e-09,1.14826e-06,-3.06123e-09,0.000200003,-3.49014e-07,1.14826e-06,-3.49014e-07,0.000199996
-0.564859,0.26883,1.45366,-0.568443,0.280567,1.45481,0.0294406,0.06333,-0.0353402,9.54393,0.000200016,-3.09706e-09,1.44913e-06,-3.09706e-09,0.000200002,-2.54497e-07,1.44913e-06,-2.54497e-07,0.000199995
-0.566104,0.266699,1.45406,-0.570614,0.280875,1.45475,0.0281958,0.0668989,-0.0349437,9.76202,0.000200021,-2.73311e-09,1.65381e-06,-2.73311e-09,0.000200001,-1.7793e-07,1.65381e-06,-1.7793e-07,0.000199993
-0.567326,0.261773,1.45216,-0.571719,0.266057,1.44431,0.0268738,0.067873,-0.0368404,9.29265,0.000200027,-2.32655e-09,1.82614e-06,-2.32655e-09,0.000200001,-1.26748e-07,1.82614e-06,-1.26748e-07,0.000199991
-0.568325,0.257889,1.45082,-0.571958,0.265932,1.44518,0.0256748,0.069989,-0.038183,9.35485,0.000200031,-1.89009e-09,1.92328e-06,-1.89009e-09,0.0002,-9.0459e-08,1.92328e-06,-9.0459e-08,0.00019999
-0.569404,0.254668,1.44895,-0.573205,0.266585,1.44156,0.0244961,0.0728684,-0.0400456,8.9714,0.000200035,-1.60026e-09,2.02447e-06,-1.60026e-09,0.0002,-7.13024e-08,2.02447e-06,-7.13024e-08,0.000199988
-0.570498,0.252408,1.44675,-0.574515,0.267226,1.43798,0.0232024,0.0767076,-0.0422521,8.8144,0.000200037,-1.28417e-09,2.05921e-06,-1.28417e-09,0.0002,-5.34203e-08,2.05921e-06,-5.34203e-08,0.000199987
-0.571175,0.250151,1.44648,-0.573469,0.266207,1.44513,0.0223255,0.0806507,-0.0425192,9.03453,0.00020004,-1.12046e-09,2.12046e-06,-1.12046e-09,0.0002,-4.67512e-08,2.12046e-06,-4.67512e-08,0.000199986
-0.571975,0.248671,1.44545,-0.574818,0.266616,1.44135,0.0214252,0.0851711,-0.0435541,8.87994,0.00020004,-9.5094e-10,2.12061e-06,-9.5094e-10,0.0002,-3.9597e-08,2.12061e-06,-3.9597e-08,0.000199986
-0.572218,0.241108,1.44194,-0.57258,0.235938,1.42824,0.0209817,0.0838083,-0.04706,7.12509,0.000200042,-8.93777e-10,2.15973e-06,-8.93777e-10,0.0002,-3.90771e-08,2.15973e-06,-3.90771e-08,0.000199985
-0.572517,0.235202,1.43958,-0.573105,0.235587,1.43047,0.020483,0.0840019,-0.0494195,7.18391,0.000200042,-8.74361e-10,2.15052e-06,-8.74361e-10,0.0002,-4.05574e-08,2.15052e-06,-4.05574e-08,0.000199985
-0.572766,0.229934,1.43913,-0.57313,0.23378,1.43733,0.0201342,0.0848343,-0.0498713,7.89087,0.000200043,-9.27443e-10,2.17349e-06,-9.27443e-10,0.0002,-4.53544e-08,2.17349e-06,-4.53544e-08,0.000199984
-0.573041,0.226095,1.43839,-0.573622,0.234598,1.43543,0.0196594,0.0870949,-0.0506131,7.33987,0.000200043,-9.04727e-10,2.15444e-06,-9.04727e-10,0.0002,-4.43169e-08,2.15444e-06,-4.43169e-08,0.000199984
-0.573311,0.222918,1.43739,-0.573703,0.235125,1.43342,0.0191889,0.0900181,-0.0516091,7.21448,0.000200044,-9.69138e-10,2.17597e-06,-9.69138e-10,0.0002,-4.8712e-08,2.17597e-06,-4.8712e-08,0.000199984
-0.573519,0.220569,1.43666,-0.573792,0.23503,1.43375,0.018881,0.0937687,-0.0523383,7.20468,0.000200043,-9.57304e-10,2.156e-06,-9.57304e-10,0.0002,-4.77924e-08,2.156e-06,-4.77924e-08,0.000199984
-0.573681,0.211933,1.43443,-0.573529,0.202302,1.42548,0.018519,0.0912332,-0.0545726,5.55477,0.000200044,-1.03032e-09,2.17693e-06,-1.03032e-09,0.0002,-5.23115e-08,2.17693e-06,-5.23115e-08,0.000199984
-0.573743,0.205029,1.43291,-0.573227,0.201151,1.42684,0.0183573,0.0903293,-0.0560891,5.71048,0.000200043,-1.07582e-09,2.15273e-06,-1.07582e-09,0.0002,-5.52673e-08,2.15273e-06,-5.52673e-08,0.000199984
-0.573885,0.199212,1.43199,-0.573542,0.200732,1.4283,0.0180148,0.0906119,-0.0570112,5.87812,0.000200044,-1.20523e-09,2.17091e-06,-1.20523e-09,0.0002,-6.29881e-08,2.17091e-06,-6.29881e-08,0.000199984
-0.57398,0.194713,1.43147,-0.57355,0.200393,1.42971,0.0178204,0.0921128,-0.0575299,5.88529,0.000200043,-1.25613e-09,2.1469e-06,-1.25613e-09,0.0002,-6.54621e-08,2.1469e-06,-6.54621e-08,0.000199984
-0.574078,0.190822,1.43135,-0.573628,0.200003,1.43116,0.0175224,0.0943618,-0.0576549,5.92395,0.000200044,-1.33202e-09,2.16569e-06,-1.33202e-09,0.0002,-6.87969e-08,2.16569e-06,-6.87969e-08,0.000199984
-0.574118,0.181764,1.42899,-0.573417,0.169161,1.41955,0.0173815,0.0913041,-0.0600099,6.35463,0.000200043,-1.32726e-09,2.14209e-06,-1.32726e-09,0.0002,-6.76855e-08,2.14209e-06,-6.76855e-08,0.000199984
-0.574057,0.173814,1.42715,-0.572703,0.166735,1.41943,0.0173427,0.0894336,-0.061854,6.40226,0.000200044,-1.45575e-09,2.16207e-06,-1.45575e-09,0.0002,-7.54264e-08,2.16207e-06,-7.54264e-08,0.000199984
-0.574145,0.167613,1.42634,-0.573524,0.166318,1.42311,0.0170551,0.0892134,-0.06266,6.3814,0.000200043,-1.50294e-09,2.13582e-06,-1.50294e-09,0.0002,-7.79839e-08,2.13582e-06,-7.79839e-08,0.000199984
-0.574258,0.162327,1.42595,-0.573637,0.165798,1.42471,0.0168423,0.0899865,-0.0630479,6.44703,0.000200043,-1.61314e-09,2.15459e-06,-1.61314e-09,0.0002,-8.37492e-08,2.15459e-06,-8.37492e-08,0.000199984
-0.574257,0.158413,1.42543,-0.573285,0.166161,1.42333,0.0167431,0.0920235,-0.0635705,6.39222,0.000200043,-1.62396e-09,2.12763e-06,-1.62396e-09,0.0002,-8.3717e-08,2.12763e-06,-8.3717e-08,0.000199984
-0.57435,0.154982,1.42551,-0.573617,0.165708,1.42585,0.0165504,0.0946417,-0.0634865,6.37232,0.000200043,-1.72192e-09,2.14403e-06,-1.72192e-09,0.0002,-8.90171e-08,2.14403e-06,-8.90171e-08,0.000199984
-0.574382,0.145941,1.42354,-0.573392,0.133218,1.41532,0.0164178,0.0915407,-0.0654576,6.84456,0.000200042,-1.73492e-09,2.1223e-06,-1.73492e-09,0.0002,-8.92871e-08,2.1223e-06,-8.92871e-08,0.000199984
-0.574529,0.138369,1.42244,-0.573846,0.132573,1.41834,0.0161714,0.0899986,-0.0665582,6.72539,0.000200043,-1.85425e-09,2.14198e-06,-1.85425e-09,0.0002,-9.60532e-08,2.14198e-06,-9.60532e-08,0.000199984
-0.574581,0.132422,1.42187,-0.573688,0.13197,1.41924,0.0160189,0.0899718,-0.0671325,6.86598,0.000200042,-1.85677e-09,2.11752e-06,-1.85677e-09,0.0002,-9.55915e-08,2.11752e-06,-9.55915e-08,0.000199984
-0.574712,0.127432,1.42152,-0.573934,0.131798,1.42014,0.0157878,0.0909916,-0.0674756,6.93814,0.000200042,-1.97253e-09,2.13356e-06,-1.97253e-09,0.0002,-1.02264e-07,2.13356e-06,-1.02264e-07,0.000199984
-0.574834,0.123521,1.42181,-0.574225,0.131051,1.4236,0.0154663,0.0929811,-0.067187,6.92308,0.000200042,-1.96557e-09,2.10679e-06,-1.96557e-09,0.0002,-1.01351e-07,2.10679e-06,-1.01351e-07,0.000199984
-0.574992,0.120219,1.42203,-0.574351,0.13134,1.42289,0.015308,0.0956693,-0.0669711,6.93782,0.000200042,-2.05404e-09,2.12669e-06,-2.05404e-09,0.0002,-1.05992e-07,2.12669e-06,-1.05992e-07,0.000199984
-0.574578,0.11134,1.41987,-0.571647,0.0990353,1.41148,0.0156218,0.0926804,-0.0691349,5.52249,0.000200042,-2.04634e-09,2.10384e-06,-2.04634e-09,0.0002,-1.0524e-07,2.10384e-06,-1.0524e-07,0.000199984
-0.574394,0.103954,1.41863,-0.572235,0.0985637,1.41399,0.0157059,0.0912638,-0.0703677,5.54533,0.000200042,-2.14473e-09,2.11942e-06,-2.14473e-09,0.0002,-1.10973e-07,2.11942e-06,-1.10973e-07,0.000199984
-0.574244,0.0981866,1.41799,-0.572318,0.0982673,1.41541,0.0157564,0.0913666,-0.0710064,5.58681,0.000200041,-2.16581e-09,2.09712e-06,-2.16581e-09,0.0002,-1.12315e-07,2.09712e-06,-1.12315e-07,0.000199984
-0.574161,0.093316,1.41798,-0.572369,0.0979294,1.41725,0.0157392,0.0924441,-0.071024,5.59746,0.000200042,-2.27142e-09,2.11311e-06,-2.27142e-09,0.0002,-1.18187e-07,2.11311e-06,-1.18187e-07,0.000199984
-0.574114,0.0895915,1.41801,-0.572601,0.0976781,1.41847,0.0157855,0.0945675,-0.0709863,5.59126,0.000200041,-2.27655e-09,2.08775e-06,-2.27655e-09,0.0002,-1.18381e-07,2.08775e-06,-1.18381e-07,0.000199985
-0.574313,0.0806735,1.41601,-0.573553,0.0690919,1.40797,0.0154867,0.0915935,-0.0729907,5.49073,0.000200041,-2.35564e-09,2.1071e-06,-2.35564e-09,0.0002,-1.22175e-07,2.1071e-06,-1.22175e-07,0.000199985
-0.574383,0.0731172,1.41471,-0.57321,0.0658698,1.4092,0.0153172,0.0898772,-0.0742856,5.39635,0.000200041,-2.35587e-09,2.08383e-06,-2.35587e-09,0.0002,-1.22263e-07,2.08383e-06,-1.22263e-07,0.000199985
-0.574572,0.0667687,1.41418,-0.573683,0.0653429,1.41205,0.0151278,0.0894587,-0.0748154,5.46374,0.000200041,-2.48511e-09,2.10054e-06,-2.48511e-09,0.0002,-1.30036e-07,2.10054e-06,-1.30036e-07,0.000199985
-0.574656,0.0618405,1.41384,-0.573518,0.0650452,1.4131,0.0150437,0.0903605,-0.075156,5.49943,0.000200041,-2.49203e-09,2.0776e-06,-2.49203e-09,0.0002,-1.30226e-07,2.0776e-06,-1.30226e-07,0.000199985
-0.574805,0.057637,1.41398,-0.573729,0.0647318,1.41484,0.0147946,0.092067,-0.0740188,5.52007,0.000200041,-2.61615e-09,2.09456e-06,-2.61615e-09,0.0002,-1.37275e-07,2.09456e-06,-1.37275e-07,0.000199985
-0.574895,0.0544509,1.41429,-0.573692,0.0646088,1.41549,0.0147054,0.0946909,-0.0737148,5.49402,0.00020004,-2.63535e-09,2.07323e-06,-2.63535e-09,0.0002,-1.38253e-07,2.07323e-06,-1.38253e-07,0.000199985
-0.575298,0.0460094,1.41267,-0.575216,0.0361017,1.4062,0.0142018,0.0921494,-0.0753296,5.10592,0.000200041,-2.69099e-09,2.09038e-06,-2.69099e-09,0.0002,-1.40068e-07,2.09038e-06,-1.40068e-07,0.000199985
-0.575629,0.0389779,1.41175,-0.57538,0.0335993,1.4084,0.0138713,0.0909079,-0.0762451,4.99203,0.00020004,-2.66393e-09,2.06571e-06,-2.66393e-09,0.0002,-1.38574e-07,2.06571e-06,-1.38574e-07,0.000199985
-0.575933,0.0329218,1.41158,-0.57542,0.0324957,1.41055,0.0135669,0.0907218,-0.0774206,5.21589,0.000200041,-2.75184e-09,2.08349e-06,-2.75184e-09,0.0002,-1.43556e-07,2.08349e-06,-1.43556e-07,0.000199985
-0.57622,0.0281564,1.41191,-0.575722,0.0318275,1.41292,0.0131803,0.0917364,-0.0770875,5.29641,0.00020004,-2.76298e-09,2.06072e-06,-2.76298e-09,0.0002,-1.44845e-07,2.06072e-06,-1.44845e-07,0.000199985
-0.576485,0.0240249,1.41243,-0.575841,0.0311347,1.41511,0.012915,0.0934649,-0.0755749,5.40925,0.00020004,-2.83543e-09,2.07498e-06,-2.83543e-09,0.0002,-1.48502e-07,2.07498e-06,-1.48502e-07,0.000199985
-0.576657,0.0209912,1.41317,-0.575693,0.0315307,1.41553,0.0127431,0.0961912,-0.0748265,5.23993,0.00020004,-2.83319e-09,2.05338e-06,-2.83319e-09,0.0002,-1.48749e-07,2.05338e-06,-1.48749e-07,0.000199985
-0.577216,0.0124344,1.41155,-0.5776,0.00188108,1.40535,0.0121842,0.0934844,-0.0764544,5.15263,0.00020004,-2.90166e-09,2.07177e-06,-2.90166e-09,0.0002,-1.51935e-07,2.07177e-06,-1.51935e-07,0.000199985
-0.577667,0.00547525,1.41088,-0.577752,0.000201907,1.4082,0.011733,0.0922652,-0.0771233,5.25308,0.000200039,-2.88139e-09,2.04791e-06,-2.88139e-09,0.0002,-1.5116e-07,2.04791e-06,-1.5116e-07,0.000199985
-0.578089,-0.00039462,1.41089,-0.577861,-0.000320698,1.41063,0.0113108,0.0922254,-0.0771092,5.38466,0.00020004,-2.99283e-09,2.06425e-06,-2.99283e-09,0.0002,-1.57915e-07,2.06425e-06,-1.57915e-07,0.000199985
-0.578404,-0.00500063,1.41125,-0.577981,-0.000858649,1.41269,0.0109961,0.0933394,-0.0767485,5.41093,0.000200039,-2.95674e-09,2.04306e-06,-2.95674e-09,0.0002,-1.5546e-07,2.04306e-06,-1.5546e-07,0.000199985
-0.578697,-0.00893324,1.41189,-0.578008,-0.00121212,1.4141,0.0107035,0.0952668,-0.0761144,5.36627,0.00020004,-3.03467e-09,2.05781e-06,-3.03467e-09,0.0002,-1.59844e-07,2.05781e-06,-1.59844e-07,0.000199985
-0.578922,-0.0120088,1.41281,-0.578104,-0.00186275,1.41649,0.0104782,0.0978912,-0.0751943,5.48696,0.000200039,-3.01053e-09,2.03509e-06,-3.01053e-09,0.0002,-1.58798e-07,2.03509e-06,-1.58798e-07,0.000199985
-0.579176,-0.0206558,1.41239,-0.578259,-0.0317493,1.41069,0.010224,0.0950442,-0.0756122,5.34608,0.000200039,-3.08768e-09,2.05421e-06,-3.08768e-09,0.0002,-1.62822e-07,2.05421e-06,-1.62822e-07,0.000199985
-0.579342,-0.0276007,1.4127,-0.578226,-0.0329942,1.41424,0.0101583,0.0937993,-0.0753023,5.38922,0.000200039,-3.06248e-09,2.03087e-06,-3.06248e-09,0.0002,-1.61812e-07,2.03087e-06,-1.61812e-07,0.000199985
-0.5795,-0.0334543,1.41328,-0.578271,-0.0334744,1.41623,0.0100003,0.0936457,-0.074719,5.41554,0.000200039,-3.11841e-09,2.04813e-06,-3.11841e-09,0.0002,-1.64415e-07,2.04813e-06,-1.64415e-07,0.000199985
-0.579579,-0.0380618,1.41434,-0.578129,-0.0341621,1.41858,0.0100207,0.0947382,-0.0736554,5.44988,0.000200039,-3.09181e-09,2.02508e-06,-3.09181e-09,0.0002,-1.63548e-07,2.02508e-06,-1.63548e-07,0.000199985
-0.579643,-0.0420237,1.41561,-0.577911,-0.0346098,1.42067,0.00995668,0.0965763,-0.0723871,5.47375,0.000200039,-3.19998e-09,2.04012e-06,-3.19998e-09,0.0002,-1.70368e-07,2.04012e-06,-1.70368e-07,0.000199985
-0.580373,-0.051119,1.41196,-0.581337,-0.065186,1.39736,0.00932684,0.093081,-0.0760366,5.61335,0.000200038,-3.13243e-09,2.02009e-06,-3.13243e-09,0.0002,-1.65692e-07,2.02009e-06,-1.65692e-07,0.000199986
-0.581054,-0.0588897,1.40953,-0.581544,-0.066732,1.39978,0.00864605,0.0911103,-0.0784736,5.79067,0.000200039,-3.253e-09,2.03676e-06,-3.253e-09,0.0002,-1.73511e-07,2.03676e-06,-1.73511e-07,0.000199986
-0.581557,-0.0650287,1.40805,-0.581502,-0.067395,1.40212,0.0082427,0.0906713,-0.0799545,5.77399,0.000200038,-3.26195e-09,2.01368e-06,-3.26195e-09,0.0002,-1.74864e-07,2.01368e-06,-1.74864e-07,0.000199986
-0.581996,-0.0702511,1.40724,-0.581509,-0.0679019,1.40404,0.00790421,0.0911489,-0.0807558,5.82486,0.000200039,-3.39238e-09,2.03239e-06,-3.39238e-09,0.0002,-1.82295e-07,2.03239e-06,-1.82295e-07,0.000199986
-0.582324,-0.0744261,1.40724,-0.581504,-0.0690568,1.40722,0.00767603,0.0925739,-0.0807596,5.96567,0.000200038,-3.42089e-09,2.00682e-06,-3.42089e-09,0.0002,-1.8491e-07,2.00682e-06,-1.8491e-07,0.000199986
-0.582686,-0.0781414,1.40764,-0.581848,-0.0698819,1.40922,0.00731391,0.0945586,-0.0803635,6.18631,0.000200038,-3.55402e-09,2.02404e-06,-3.55402e-09,0.0002,-1.92127e-07,2.02404e-06,-1.92127e-07,0.000199986
-0.583904,-0.086465,1.40267,-0.586402,-0.0977132,1.38281,0.00619607,0.091835,-0.0853324,6.61188,0.000200038,-3.53809e-09,2.0015e-06,-3.53809e-09,0.0002,-1.90925e-07,2.0015e-06,-1.90925e-07,0.000199986
-0.584854,-0.0935169,1.39925,-0.586191,-0.0987202,1.38559,0.00534626,0.0905831,-0.0887501,6.72757,0.000200038,-3.62919e-09,2.0175e-06,-3.62919e-09,0.0002,-1.95434e-07,2.0175e-06,-1.95434e-07,0.000199986
-0.585499,-0.0992331,1.39728,-0.585586,-0.100179,1.38942,0.00490114,0.0904669,-0.0907153,6.97922,0.000200037,-3.69931e-09,1.99279e-06,-3.69931e-09,0.0002,-2.01733e-07,1.99279e-06,-2.01733e-07,0.000199986
-0.586048,-0.10416,1.39615,-0.585563,-0.100902,1.39159,0.00445236,0.0911401,-0.091853,7.12886,0.000200038,-3.89161e-09,2.01035e-06,-3.89161e-09,0.0002,-2.13019e-07,2.01035e-06,-2.13019e-07,0.000199986
-0.58649,-0.108136,1.39563,-0.585664,-0.102141,1.39356,0.00411028,0.0927638,-0.0923693,7.25493,0.000200037,-3.97033e-09,1.98738e-06,-3.97033e-09,0.0002,-2.18515e-07,1.98738e-06,-2.18515e-07,0.000199986
-0.586849,-0.111339,1.39498,-0.585563,-0.101352,1.39203,0.00385125,0.0952614,-0.0930246,7.08954,0.000200037,-4.11596e-09,2.00143e-06,-4.11596e-09,0.0002,-2.25703e-07,2.00143e-06,-2.25703e-07,0.000199986
-0.588179,-0.118776,1.39164,-0.590761,-0.126749,1.37831,0.00272063,0.0934241,-0.0963625,6.37924,0.000200037,-4.13395e-09,1.97823e-06,-4.13395e-09,0.0002,-2.26859e-07,1.97823e-06,-2.26859e-07,0.000199986
-0.589236,-0.125213,1.38954,-0.590519,-0.128143,1.38115,0.00176417,0.0925865,-0.0984613,6.38403,0.000200037,-4.30189e-09,1.99659e-06,-4.30189e-09,0.0002,-2.3599e-07,1.99659e-06,-2.3599e-07,0.000199986
-0.589921,-0.130389,1.38849,-0.589878,-0.129376,1.38461,0.00127872,0.0930114,-0.0995098,6.68208,0.000200037,-4.33517e-09,1.97269e-06,-4.33517e-09,0.000200001,-2.38655e-07,1.97269e-06,-2.38655e-07,0.000199986
-0.590492,-0.13492,1.38798,-0.589695,-0.130306,1.38626,0.000908269,0.09408,-0.100019,6.69265,0.000200037,-4.54117e-09,1.99015e-06,-4.54117e-09,0.000200001,-2.50607e-07,1.99015e-06,-2.50607e-07,0.000199986
-0.590921,-0.138627,1.38819,-0.589833,-0.131799,1.38904,0.000579437,0.0959734,-0.0998067,7.12315,0.000200036,-4.54191e-09,1.96645e-06,-4.54191e-09,0.000200001,-2.50401e-07,1.96645e-06,-2.50401e-07,0.000199986
-0.592502,-0.146669,1.38538,-0.59565,-0.156219,1.37445,-0.00080244,0.093531,-0.102624,6.9763,0.000200037,-4.6848e-09,1.98278e-06,-4.6848e-09,0.000200001,-2.57722e-07,1.98278e-06,-2.57722e-07,0.000199986
-0.593663,-0.153263,1.38391,-0.595193,-0.157983,1.37775,-0.00176289,0.0924367,-0.104087,6.8418,0.000200036,-4.73749e-09,1.96224e-06,-4.73749e-09,0.000200001,-2.62034e-07,1.96224e-06,-2.62034e-07,0.000199986
-0.594564,-0.158984,1.3832,-0.594909,-0.159371,1.38066,-0.0024637,0.0923161,-0.104803,6.89037,0.000200036,-4.90017e-09,1.97569e-06,-4.90017e-09,0.000200001,-2.70978e-07,1.97569e-06,-2.70978e-07,0.000199986
-0.595205,-0.163715,1.38333,-0.59471,-0.161083,1.38352,-0.00280519,0.0930849,-0.104675,7.05078,0.000200036,-4.90348e-09,1.95414e-06,-4.90348e-09,0.000200001,-2.71394e-07,1.95414e-06,-2.71394e-07,0.000199986
-0.595676,-0.167732,1.38363,-0.59419,-0.161383,1.38486,-0.00307625,0.0946678,-0.104366,7.26919,0.000200036,-5.08345e-09,1.96783e-06,-5.08345e-09,0.000200001,-2.82032e-07,1.96783e-06,-2.82032e-07,0.000199986
-0.596044,-0.170929,1.3842,-0.594398,-0.162277,1.38614,-0.00324359,0.0969714,-0.1038,7.11743,0.000200036,-5.06309e-09,1.94518e-06,-5.06309e-09,0.000200001,-2.80878e-07,1.94518e-06,-2.80878e-07,0.000199986
-0.597644,-0.178556,1.38189,-0.600459,-0.186685,1.37265,-0.00454362,0.0949438,-0.106115,7.41194,0.000200036,-5.23585e-09,1.96156e-06,-5.23585e-09,0.000200001,-2.90818e-07,1.96156e-06,-2.90818e-07,0.000199986
-0.598841,-0.184904,1.38058,-0.600289,-0.188894,1.37567,-0.00544086,0.0940964,-0.107424,7.50364,0.000200035,-5.23303e-09,1.94034e-06,-5.23303e-09,0.000200001,-2.91151e-07,1.94034e-06,-2.91151e-07,0.000199986
-0.59978,-0.190465,1.38014,-0.599878,-0.190453,1.37841,-0.0061798,0.0940348,-0.107857,7.58703,0.000200036,-5.42309e-09,1.95407e-06,-5.42309e-09,0.000200001,-3.02688e-07,1.95407e-06,-3.02688e-07,0.000199986
-0.600477,-0.195108,1.38025,-0.599816,-0.192356,1.38129,-0.00657736,0.0948924,-0.107754,7.79814,0.000200035,-5.4427e-09,1.93271e-06,-5.4427e-09,0.000200001,-3.04684e-07,1.93271e-06,-3.04684e-07,0.000199987
-0.601,-0.199055,1.38078,-0.599426,-0.192643,1.38258,-0.00669989,0.0964449,-0.107222,7.80743,0.000200035,-5.59717e-09,1.94716e-06,-5.59717e-09,0.000200001,-3.12876e-07,1.94716e-06,-3.12876e-07,0.000199987
-0.601325,-0.202165,1.38146,-0.599125,-0.193403,1.38416,-0.00672543,0.0988348,-0.106543,7.83279,0.000200035,-5.59028e-09,1.9244e-06,-5.59028e-09,0.000200001,-3.13362e-07,1.9244e-06,-3.13362e-07,0.000199987
-0.602959,-0.209564,1.37961,-0.60553,-0.217015,1.37194,-0.00805858,0.0969356,-0.108387,6.30195,0.000200035,-5.77795e-09,1.94071e-06,-5.77795e-09,0.000200001,-3.24254e-07,1.94071e-06,-3.24254e-07,0.000199987
-0.604191,-0.215698,1.37858,-0.60537,-0.219128,1.37478,-0.0088913,0.0963023,-0.109419,6.27802,0.000200035,-5.78881e-09,1.91748e-06,-5.78881e-09,0.000200001,-3.26176e-07,1.91748e-06,-3.26176e-07,0.000199987
-0.605143,-0.221055,1.37838,-0.604921,-0.220461,1.37724,-0.00944311,0.0964449,-0.109624,6.30796,0.000200035,-5.97859e-09,1.93193e-06,-5.97859e-09,0.000200001,-3.37184e-07,1.93193e-06,-3.37184e-07,0.000199987
-0.605857,-0.225393,1.37852,-0.604783,-0.221675,1.3794,-0.00975737,0.0975074,-0.109483,6.42904,0.000200034,-6.02926e-09,1.91042e-06,-6.02926e-09,0.000200001,-3.41967e-07,1.91042e-06,-3.41967e-07,0.000199987
-0.606367,-0.229083,1.37916,-0.604495,-0.222772,1.38139,-0.00986721,0.0991173,-0.108842,6.56182,0.000200034,-6.06043e-09,1.89669e-06,-6.06043e-09,0.000200001,-3.44826e-07,1.89669e-06,-3.44826e-07,0.000199987
-0.60667,-0.231744,1.37987,-0.604186,-0.22344,1.38301,-0.00976955,0.101356,-0.108133,6.64043,0.000200032,-5.84705e-09,1.81986e-06,-5.84705e-09,0.000200001,-3.40044e-07,1.81986e-06,-3.40044e-07,0.000199987
-0.608167,-0.23777,1.37911,-0.610851,-0.244695,1.37576,-0.0108667,0.0996299,-0.108895,6.90944,0.000200029,-5.38686e-09,1.71464e-06,-5.38686e-09,0.000200001,-3.22144e-07,1.71464e-06,-3.22144e-07,0.000199988
-0.609259,-0.242411,1.37889,-0.610719,-0.246591,1.37805,-0.0116589,0.0986885,-0.109106,6.89377,0.000200025,-4.73649e-09,1.55773e-06,-4.73649e-09,0.000200001,-2.98982e-07,1.55773e-06,-2.98982e-07,0.000199989
-0.609939,-0.246068,1.37942,-0.610299,-0.248746,1.38122,-0.0120387,0.0980322,-0.108577,6.95274,0.000200021,-3.96028e-09,1.37912e-06,-3.96028e-09,0.000200001,-2.67304e-07,1.37912e-06,-2.67304e-07,0.000199991
-0.610341,-0.248652,1.37995,-0.610106,-0.249378,1.38205,-0.0122413,0.0979483,-0.108051,6.9137,0.000200017,-3.15598e-09,1.19e-06,-3.15598e-09,0.000200001,-2.30625e-07,1.19e-06,-2.30625e-07,0.000199992
-0.610513,-0.250454,1.38067,-0.609722,-0.250205,1.38323,-0.0123131,0.0980458,-0.107331,6.93431,0.000200013,-2.42422e-09,1.00019e-06,-2.42422e-09,0.0002,-1.95408e-07,1.00019e-06,-1.95408e-07,0.000199994
-0.61176,-0.254224,1.37932,-0.615508,-0.263586,1.37392,-0.0133596,0.0956758,-0.108683,9.03752,0.000200009,-1.81092e-09,8.23277e-07,-1.81092e-09,0.0002,-1.63776e-07,8.23277e-07,-1.63776e-07,0.000199995
-0.612521,-0.256918,1.37828,-0.614763,-0.263626,1.37476,-0.014021,0.0939817,-0.109723,9.29568,0.000200007,-1.28861e-09,6.57194e-07,-1.28861e-09,0.0002,-1.30097e-07,6.57194e-07,-1.30097e-07,0.000199996
-0.613171,-0.259064,1.3777,-0.615194,-0.264725,1.37539,-0.0146709,0.092636,-0.110301,8.88998,0.000200005,-8.93556e-10,5.14135e-07,-8.93556e-10,0.0002,-1.01494e-07,5.14135e-07,-1.01494e-07,0.000199997
-0.61364,-0.260862,1.37748,-0.615104,-0.266239,1.37695,-0.0150397,0.0912378,-0.110515,8.79435,0.000200003,-6.03229e-10,3.8717e-07,-6.03229e-10,0.0002,-7.80601e-08,3.8717e-07,-7.80601e-08,0.000199998
-0.613917,-0.262126,1.37728,-0.614803,-0.266035,1.37709,-0.0153174,0.0902737,-0.110722,8.80423,0.000200002,-3.96076e-10,2.84527e-07,-3.96076e-10,0.0002,-5.71562e-08,2.84527e-07,-5.71562e-08,0.000199999
-0.614128,-0.263293,1.37751,-0.61485,-0.267331,1.37842,-0.0155282,0.0893074,-0.110492,8.60941,0.000200001,-2.55182e-10,2.02136e-07,-2.55182e-10,0.0002,-4.0507e-08,2.02136e-07,-4.0507e-08,0.000199999
-0.614437,-0.264921,1.37769,-0.61557,-0.271184,1.37874,-0.015837,0.087679,-0.110309,10.5269,0.000200001,-1.63469e-10,1.3739e-07,-1.63469e-10,0.0002,-2.92295e-08,1.3739e-07,-2.92295e-08,0.000199999
-0.614654,-0.266151,1.37788,-0.615397,-0.270988,1.37862,-0.0160539,0.0865487,-0.110123,10.476,0.000200001,-1.05268e-10,9.06165e-08,-1.05268e-10,0.0002,-2.27001e-08,9.06165e-08,-2.27001e-08,0.0002
-0.614779,-0.267237,1.37812,-0.615365,-0.271457,1.37908,-0.0161792,0.0854627,-0.109883,10.4656,0.0002,-6.56059e-11,6.19873e-08,-6.56059e-11,0.0002,-1.18403e-08,6.19873e-08,-1.18403e-08,0.0002
-0.614842,-0.268276,1.37846,-0.615074,-0.272324,1.38049,-0.016242,0.0844245,-0.109535,10.5115,0.0002,-4.19622e-11,4.30122e-08,-4.19622e-11,0.0002,-8.23006e-09,4.30122e-08,-8.23006e-09,0.0002
-0.614806,-0.269328,1.37926,-0.614642,-0.273432,1.38182,-0.0161059,0.0833723,-0.108736,10.493,0.0002,-2.69217e-11,3.08685e-08,-2.69217e-11,0.0002,-5.91726e-09,3.08685e-08,-5.91726e-09,0.0002
-0.614835,-0.270083,1.37959,-0.614871,-0.272959,1.38121,-0.0161353,0.0827168,-0.108411,10.4868,0.0002,-1.76768e-11,2.44434e-08,-1.76768e-11,0.0002,-6.42982e-09,2.44434e-08,-6.42982e-09,0.0002
-0.61477,-0.27087,1.38015,-0.614594,-0.27389,1.38238,-0.0160703,0.0819304,-0.107854,10.5059,0.0002,-1.09932e-11,1.9632e-08,-1.09932e-11,0.0002,-1.42051e-09,1.9632e-08,-1.42051e-09,0.0002
-0.614768,-0.271477,1.38057,-0.614635,-0.273823,1.38228,-0.016068,0.0813229,-0.107426,10.4836,0.0002,-7.43675e-12,1.52613e-08,-7.43675e-12,0.0002,-4.89579e-09,1.52613e-08,-4.89579e-09,0.0002
-0.614717,-0.272027,1.38094,-0.614535,-0.274061,1.38274,-0.016017,0.0807728,-0.107056,10.5439,0.0002,-4.76106e-12,1.5102e-08,-4.76106e-12,0.0002,-2.42798e-09,1.5102e-08,-2.42798e-09,0.0002
-0.614685,-0.272523,1.38143,-0.614497,-0.274462,1.38306,-0.0159855,0.0803774,-0.10657,10.478,0.0002,-3.18608e-12,1.10154e-08,-3.18608e-12,0.0002,-3.54606e-09,1.10154e-08,-3.54606e-09,0.0002
-0.614638,-0.273007,1.38182,-0.614365,-0.274797,1.3837,-0.0159378,0.0798933,-0.10618,10.5091,0.0002,-2.29187e-12,1.17432e-08,-2.29187e-12,0.0002,-4.90209e-09,1.17432e-08,-4.90209e-09,0.0002
-0.614531,-0.273616,1.38232,-0.614189,-0.275929,1.38431,-0.015831,0.0792839,-0.105682,9.95316,0.0002,-1.31533e-12,1.14978e-08,-1.31533e-12,0.0002,-4.33878e-10,1.14978e-08,-4.33878e-10,0.0002
-0.614471,-0.274151,1.38284,-0.614106,-0.276207,1.38491,-0.0157709,0.0788487,-0.105164,9.97965,0.0002,-1.1071e-12,1.0064e-08,-1.1071e-12,0.0002,-4.25847e-09,1.0064e-08,-4.25847e-09,0.0002
-0.614366,-0.274565,1.38325,-0.614031,-0.276095,1.38488,-0.015666,0.0784351,-0.104755,9.9412,0.0002,-5.72623e-13,1.04204e-08,-5.72623e-13,0.0002,-1.79169e-11,1.04204e-08,-1.79169e-11,0.0002
-0.614294,-0.27491,1.38361,-0.613882,-0.276205,1.38505,-0.0155941,0.0780901,-0.104394,9.96691,0.0002,-6.11428e-13,9.37817e-09,-6.11428e-13,0.0002,-3.98975e-09,9.37817e-09,-3.98975e-09,0.0002
-0.614175,-0.275357,1.38402,-0.613743,-0.277085,1.38601,-0.0154753,0.0776426,-0.103977,9.93783,0.0002,-3.3442e-13,7.99079e-09,-3.3442e-13,0.0002,-1.19831e-09,7.99079e-09,-1.19831e-09,0.0002
-0.614043,-0.275835,1.38465,-0.613432,-0.277601,1.38682,-0.015343,0.0772645,-0.103353,9.95594,0.0002,-4.01514e-13,9.81463e-09,-4.01514e-13,0.0002,-3.38661e-09,9.81463e-09,-3.38661e-09,0.0002
-0.613897,-0.276292,1.38509,-0.613356,-0.278057,1.38719,-0.0151971,0.0768078,-0.102908,9.93834,0.0002,-1.94572e-13,8.26871e-09,-1.94572e-13,0.0002,-8.10234e-10,8.26871e-09,-8.10234e-10,0.0002
-0.613787,-0.276743,1.3857,-0.613266,-0.278401,1.3878,-0.0150872,0.0763566,-0.102302,9.95871,0.0002,-3.08608e-13,9.9953e-09,-3.08608e-13,0.0002,-3.13321e-09,9.9953e-09,-3.13321e-09,0.0002
-0.613674,-0.277085,1.38603,-0.613262,-0.278388,1.38768,-0.0149737,0.0760152,-0.101969,9.88923,0.0002,-1.3283e-13,8.38291e-09,-1.3283e-13,0.0002,-6.45971e-10,8.38291e-09,-6.45971e-10,0.0002
-0.613601,-0.277409,1.38646,-0.61323,-0.278556,1.38788,-0.0149012,0.0757914,-0.101536,9.93815,0.0002,-2.67517e-13,1.00708e-08,-2.67517e-13,0.0002,-3.02367e-09,1.00708e-08,-3.02367e-09,0.0002
-0.613479,-0.277733,1.38682,-0.613032,-0.278968,1.38857,-0.0147788,0.0754671,-0.101179,9.88262,0.0002,-1.05542e-13,8.43022e-09,-1.05542e-13,0.0002,-5.7434e-10,8.43022e-09,-5.7434e-10,0.0002
-0.613412,-0.277997,1.38722,-0.613085,-0.279012,1.38852,-0.0147124,0.0752027,-0.100775,9.90477,0.0002,-1.56339e-13,6.75717e-09,-1.56339e-13,0.0002,-2.35176e-09,6.75717e-09,-2.35176e-09,0.0002
-0.613316,-0.27828,1.38748,-0.612952,-0.279243,1.38883,-0.0146157,0.0749203,-0.100519,9.94619,0.0002,-9.76323e-14,9.65459e-09,-9.76323e-14,0.0002,-7.64336e-10,9.65459e-09,-7.64336e-10,0.0002
-0.613234,-0.278553,1.38777,-0.612843,-0.279605,1.38923,-0.0145335,0.0747467,-0.100233,9.90857,0.0002,-1.6125e-13,7.54176e-09,-1.6125e-13,0.0002,-2.47267e-09,7.54176e-09,-2.47267e-09,0.0002
-0.613125,-0.278764,1.38819,-0.612715,-0.279442,1.38956,-0.0144251,0.0745356,-0.09981,10.0462,0.0002,-9.93773e-14,1.01562e-08,-9.93773e-14,0.0002,-8.37984e-10,1.01562e-08,-8.37984e-10,0.0002
-0.61306,-0.278945,1.38838,-0.612739,-0.279624,1.38943,-0.0143602,0.0743553,-0.0996248,9.83489,0.0002,-1.66361e-13,7.8642e-09,-1.66361e-13,0.0002,-2.51884e-09,7.8642e-09,-2.51884e-09,0.0002
-0.612989,-0.279128,1.38859,-0.612744,-0.2798,1.38977,-0.0142885,0.0741718,-0.0994095,9.92983,0.0002,-5.44762e-14,7.01537e-09,-5.44762e-14,0.0002,-2.47459e-10,7.01537e-09,-2.47459e-10,0.0002
-0.612934,-0.279335,1.38896,-0.612634,-0.280015,1.39012,-0.0142338,0.0739651,-0.0990403,9.81402,0.0002,-1.95778e-13,9.20227e-09,-1.95778e-13,0.0002,-2.75657e-09,9.20227e-09,-2.75657e-09,0.0002
-0.612864,-0.279501,1.3892,-0.612585,-0.280163,1.39015,-0.0141641,0.0738994,-0.0988028,9.81537,0.0002,-1.1231e-13,5.88946e-09,-1.1231e-13,0.0002,-1.7642e-09,5.88946e-09,-1.7642e-09,0.0002
-0.612803,-0.279716,1.38938,-0.612475,-0.280429,1.39043,-0.0141026,0.0736843,-0.09862,9.90407,0.0002,-2.46006e-13,8.48286e-09,-2.46006e-13,0.0002,-3.72517e-09,8.48286e-09,-3.72517e-09,0.0002
-0.612742,-0.279869,1.38963,-0.612501,-0.280484,1.39065,-0.0139423,0.0735305,-0.0983658,9.9158,0.0002,-1.41264e-13,5.42903e-09,-1.41264e-13,0.0002,-2.38411e-09,5.42903e-09,-2.38411e-09,0.0002
-0.612673,-0.280067,1.38989,-0.612419,-0.280693,1.39061,-0.0138729,0.0733326,-0.0981079,9.75421,0.0002,-9.35496e-14,8.80266e-09,-9.35496e-14,0.0002,-7.71357e-10,8.80266e-09,-7.71357e-10,0.0002
-0.612658,-0.280213,1.39002,-0.612534,-0.280754,1.39087,-0.0138575,0.0731868,-0.0979761,9.80798,0.0002,-1.51808e-13,7.0013e-09,-1.51808e-13,0.0002,-2.47387e-09,7.0013e-09,-2.47387e-09,0.0002
-0.61264,-0.280255,1.39007,-0.612572,-0.28042,1.39026,-0.0138405,0.0732454,-0.097928,9.75803,0.0002,-8.82894e-14,4.48083e-09,-8.82894e-14,0.0002,-1.58328e-09,4.48083e-09,-1.58328e-09,0.0002
-0.612597,-0.280411,1.39023,-0.61234,-0.280889,1.39116,-0.0137965,0.073089,-0.0977733,9.7586,0.0002,-2.13227e-13,7.58361e-09,-2.13227e-13,0.0002,-3.60525e-09,7.58361e-09,-3.60525e-09,0.0002
-0.61254,-0.280534,1.39047,-0.612355,-0.280966,1.39113,-0.0137397,0.0729657,-0.0975288,9.8743,0.0002,-9.10716e-14,6.83304e-09,-9.10716e-14,0.0002,-9.38783e-10,6.83304e-09,-9.38783e-10,0.0002
-0.612521,-0.280662,1.39057,-0.612387,-0.281129,1.3913,-0.0137214,0.0728383,-0.0974272,9.83777,0.0002,-1.34985e-13,5.74189e-09,-1.34985e-13,0.0002,-2.58023e-09,5.74189e-09,-2.58023e-09,0.0002
-0.612479,-0.280719,1.39063,-0.612351,-0.280884,1.39118,-0.0136789,0.0727814,-0.0973693,9.95239,0.0002,-4.94593e-14,5.65408e-09,-4.94593e-14,0.0002,-2.82399e-10,5.65408e-09,-2.82399e-10,0.0002
-0.61247,-0.280822,1.39082,-0.61237,-0.281191,1.39127,-0.0136695,0.0727783,-0.0971775,9.66064,0.0002,-9.72398e-14,4.98799e-09,-9.72398e-14,0.0002,-2.15971e-09,4.98799e-09,-2.15971e-09,0.0002
-0.612442,-0.280917,1.39097,-0.612312,-0.281193,1.39154,-0.0136418,0.0726832,-0.0970338,9.729,0.0002,-1.13241e-13,6.54074e-09,-1.13241e-13,0.0002,-1.99143e-09,6.54074e-09,-1.99143e-09,0.0002
-0.612417,-0.281007,1.39101,-0.61236,-0.281308,1.39152,-0.013617,0.0725926,-0.0969869,9.82766,0.0002,-2.69407e-14,6.1648e-09,-2.69407e-14,0.0002,9.52097e-11,6.1648e-09,9.52097e-11,0.0002
-0.612411,-0.281083,1.39115,-0.612262,-0.281302,1.39168,-0.0136106,0.0725165,-0.0968528,9.84547,0.0002,-1.90058e-13,6.68543e-09,-1.90058e-13,0.0002,-3.89619e-09,6.68543e-09,-3.89619e-09,0.0002
-0.612372,-0.281188,1.39129,-0.612301,-0.281481,1.39186,-0.0135716,0.0724124,-0.0967111,9.8041,0.0002,-2.49395e-14,8.23543e-09,-2.49395e-14,0.0002,2.46928e-10,8.23543e-09,2.46928e-10,0.0002
-0.612336,-0.281255,1.39141,-0.612194,-0.281522,1.39192,-0.013536,0.0724454,-0.0965859,9.81409,0.0002,-1.70024e-14,5.27067e-09,-1.70024e-14,0.0002,1.58034e-10,5.27067e-09,1.58034e-10,0.0002
-0.612322,-0.281388,1.3915,-0.612187,-0.281776,1.39217,-0.0135224,0.0723117,-0.0964991,9.88417,0.0002,-1.45492e-13,8.09258e-09,-1.45492e-13,0.0002,-2.48448e-09,8.09258e-09,-2.48448e-09,0.0002
-0.612326,-0.281491,1.39181,-0.612341,-0.281901,1.39304,-0.0135261,0.0722092,-0.0961908,9.17648,0.0002,-8.28205e-14,5.17925e-09,-8.28205e-14,0.0002,-1.59007e-09,5.17925e-09,-1.59007e-09,0.0002
-0.612265,-0.281542,1.39178,-0.612002,-0.281641,1.39229,-0.0134651,0.0721583,-0.0962223,8.72561,0.0002,-9.76738e-14,6.66365e-09,-9.76738e-14,0.0002,-1.62409e-09,6.66365e-09,-1.62409e-09,0.0002
-0.612198,-0.28166,1.39196,-0.611974,-0.28207,1.39239,-0.0133984,0.0720402,-0.0960357,8.70077,0.0002,-1.42702e-14,6.24214e-09,-1.42702e-14,0.0002,3.32229e-10,6.24214e-09,3.32229e-10,0.0002
-0.612173,-0.281711,1.39214,-0.612011,-0.281874,1.3925,-0.0133732,0.0719889,-0.0958641,8.65942,0.0002,-7.7917e-14,5.36698e-09,-7.7917e-14,0.0002,-1.76452e-09,5.36698e-09,-1.76452e-09,0.0002
-0.612134,-0.281766,1.39215,-0.611917,-0.281944,1.39254,-0.0133342,0.0719338,-0.0958465,8.75522,0.0002,-1.17556e-13,4.80691e-09,-1.17556e-13,0.0002,-3.10642e-09,4.80691e-09,-3.10642e-09,0.0002
-0.612098,-0.281822,1.39215,-0.611994,-0.281984,1.39243,-0.0132976,0.0719779,-0.0958548,8.67501,0.0002,-4.78822e-14,5.05353e-09,-4.78822e-14,0.0002,-6.16034e-10,5.05353e-09,-6.16034e-10,0.0002
-0.612088,-0.281886,1.39227,-0.611986,-0.282101,1.39243,-0.0132876,0.0719135,-0.0957338,8.74198,0.0002,-9.23652e-14,4.60663e-09,-9.23652e-14,0.0002,-2.37116e-09,4.60663e-09,-2.37116e-09,0.0002
-0.612053,-0.281964,1.3922,-0.611897,-0.282171,1.39256,-0.0132533,0.0718356,-0.0958029,8.69299,0.0002,-1.11875e-13,6.29745e-09,-1.11875e-13,0.0002,-2.12246e-09,6.29745e-09,-2.12246e-09,0.0002
-0.612036,-0.281979,1.39226,-0.611966,-0.282035,1.39252,-0.0132358,0.0718215,-0.0957384,8.59816,0.0002,-6.47564e-14,4.03037e-09,-6.47564e-14,0.0002,-1.35837e-09,4.03037e-09,-1.35837e-09,0.0002
-0.612015,-0.282002,1.39244,-0.611868,-0.282055,1.39283,-0.0132145,0.0717976,-0.0955614,8.68174,0.0002,-9.77392e-14,3.95204e-09,-9.77392e-14,0.0002,-2.8461e-09,3.95204e-09,-2.8461e-09,0.0002
-0.61198,-0.28208,1.39245,-0.611868,-0.282222,1.3928,-0.0131805,0.0717205,-0.0955522,8.65134,0.0002,-8.08397e-14,7.85537e-09,-8.08397e-14,0.0002,-1.05294e-09,7.85537e-09,-1.05294e-09,0.0002
-0.611958,-0.282133,1.39244,-0.611871,-0.282347,1.39242,-0.0131585,0.071767,-0.0955579,8.85355,0.0002,-4.75025e-14,5.02744e-09,-4.75025e-14,0.0002,-6.73879e-10,5.02744e-09,-6.73879e-10,0.0002
-0.611975,-0.282198,1.39247,-0.611981,-0.282413,1.39227,-0.0131754,0.0717023,-0.0955295,8.82585,0.0002,-9.20953e-14,4.59052e-09,-9.20953e-14,0.0002,-2.40777e-09,4.59052e-09,-2.40777e-09,0.0002
-0.611962,-0.282291,1.39233,-0.611888,-0.282561,1.39243,-0.0131618,0.0716088,-0.0956652,8.81978,0.0002,-1.12083e-13,6.28726e-09,-1.12083e-13,0.0002,-2.14521e-09,6.28726e-09,-2.14521e-09,0.0002
-0.61193,-0.282331,1.39237,-0.611802,-0.28249,1.39249,-0.0131298,0.0715691,-0.0956336,8.84342,0.0002,-6.48276e-14,4.02385e-09,-6.48276e-14,0.0002,-1.37293e-09,4.02385e-09,-1.37293e-09,0.0002
-0.61195,-0.282385,1.3925,-0.611967,-0.282558,1.3927,-0.0131495,0.0715151,-0.0955034,8.6679,0.0002,-9.77893e-14,3.94807e-09,-9.77893e-14,0.0002,-2.85527e-09,3.94807e-09,-2.85527e-09,0.0002
-0.611934,-0.282453,1.39255,-0.611852,-0.282622,1.39279,-0.0131338,0.0714467,-0.095445,8.74847,0.0002,-1.20257e-13,5.8762e-09,-1.20257e-13,0.0002,-2.43099e-09,5.8762e-09,-2.43099e-09,0.0002
-0.611898,-0.282518,1.39252,-0.611797,-0.282717,1.3927,-0.0130979,0.0713815,-0.0954793,8.87335,0.0002,-3.81415e-14,5.73732e-09,-3.81415e-14,0.0002,-1.82962e-10,5.73732e-09,-1.82962e-10,0.0002
-0.611877,-0.28254,1.39256,-0.611792,-0.282624,1.39273,-0.0129768,0.0714605,-0.0954367,8.89135,0.0002,-2.38731e-14,3.67189e-09,-2.38731e-14,0.0002,-1.17096e-10,3.67189e-09,-1.17096e-10,0.0002
-0.611892,-0.282569,1.39255,-0.611892,-0.282642,1.39283,-0.0130921,0.0714315,-0.0954472,8.85919,0.0002,-6.40237e-14,3.72289e-09,-6.40237e-14,0.0002,-2.05148e-09,3.72289e-09,-2.05148e-09,0.0002
-0.611898,-0.282583,1.39264,-0.611862,-0.282599,1.39269,-0.0129985,0.0714168,-0.0953557,8.85745,0.0002,-9.76085e-14,3.75583e-09,-9.76085e-14,0.0002,-3.28929e-09,3.75583e-09,-3.28929e-09,0.0002
-0.611887,-0.282627,1.39275,-0.611884,-0.282739,1.39287,-0.0129869,0.0713733,-0.095247,8.81729,0.0002,-4.39706e-14,4.37995e-09,-4.39706e-14,0.0002,-7.31785e-10,4.37995e-09,-7.31785e-10,0.0002
-0.611887,-0.282644,1.39269,-0.611931,-0.282649,1.39278,-0.0129872,0.0713565,-0.0953053,8.82842,0.0002,1.04983e-14,4.77945e-09,1.04983e-14,0.0002,9.04919e-10,4.77945e-09,9.04919e-10,0.0002
-0.612021,-0.282688,1.39229,-0.612494,-0.282821,1.39101,-0.013121,0.0713125,-0.0957054,8.7369,0.0002,-4.7759e-14,4.43199e-09,-4.7759e-14,0.0002,-1.39721e-09,4.43199e-09,-1.39721e-09,0.0002
-0.6121,-0.282756,1.39236,-0.612415,-0.283028,1.39261,-0.0131997,0.0712444,-0.0946427,9.38971,0.0002,-2.73953e-14,2.83648e-09,-2.73953e-14,0.0002,-8.94217e-10,2.83648e-09,-8.94217e-10,0.0002
-0.612205,-0.282775,1.39214,-0.612564,-0.282808,1.39097,-0.013305,0.0712254,-0.0948568,8.77439,0.0002,-6.2745e-14,3.18814e-09,-6.2745e-14,0.0002,-2.54891e-09,3.18814e-09,-2.54891e-09,0.0002
-0.612319,-0.282767,1.39185,-0.612776,-0.282734,1.39066,-0.0134191,0.0712335,-0.0951536,8.71231,0.0002,-3.59962e-14,2.04041e-09,-3.59962e-14,0.0002,-1.6313e-09,2.04041e-09,-1.6313e-09,0.0002
-0.612473,-0.28272,1.39151,-0.613068,-0.28243,1.39018,-0.0135728,0.0713799,-0.0954878,8.66141,0.0002,-6.27848e-14,4.6549e-09,-6.27848e-14,0.0002,-1.64982e-09,4.6549e-09,-1.64982e-09,0.0002
-0.612596,-0.282684,1.39121,-0.613029,-0.282499,1.39033,-0.0136965,0.0714157,-0.095788,8.81162,0.0002,-1.02214e-13,4.34995e-09,-1.02214e-13,0.0002,-3.03387e-09,4.34995e-09,-3.03387e-09,0.0002
-0.612693,-0.282605,1.39098,-0.613079,-0.282287,1.39005,-0.0137929,0.0714951,-0.0970196,8.95168,0.0002,-5.86597e-14,2.78397e-09,-5.86597e-14,0.0002,-1.94168e-09,2.78397e-09,-1.94168e-09,0.0002
-0.612805,-0.282598,1.39092,-0.613294,-0.282509,1.39101,-0.0139045,0.0715019,-0.0970773,9.47623,0.0002,-1.71083e-14,3.76045e-09,-1.71083e-14,0.0002,1.27082e-10,3.76045e-09,1.27082e-10,0.0002
-0.612912,-0.282636,1.39111,-0.613322,-0.282683,1.39122,-0.0140117,0.071464,-0.0968911,9.23484,0.0002,-3.23835e-14,5.75527e-09,-3.23835e-14,0.0002,-5.2702e-10,5.75527e-09,-5.2702e-10,0.0002
-0.613031,-0.282583,1.39098,-0.613445,-0.282328,1.3908,-0.0141308,0.071517,-0.0970161,9.45371,0.0002,-8.78189e-14,5.05338e-09,-8.78189e-14,0.0002,-2.31583e-09,5.05338e-09,-2.31583e-09,0.0002
-0.613114,-0.282553,1.3909,-0.613449,-0.282435,1.39057,-0.0142143,0.0715466,-0.0970991,9.25384,0.0002,-5.02123e-14,3.23416e-09,-5.02123e-14,0.0002,-1.48213e-09,3.23416e-09,-1.48213e-09,0.0002
-0.613208,-0.282589,1.3909,-0.613582,-0.282733,1.39091,-0.0143079,0.0715107,-0.0970963,9.2215,0.0002,-2.96816e-14,2.06987e-09,-2.96816e-14,0.0002,-9.48564e-10,2.06987e-09,-9.48564e-10,0.0002
-0.613266,-0.282629,1.39082,-0.61348,-0.282686,1.39112,-0.0143661,0.0714705,-0.09718,9.23051,0.0002,-5.00218e-14,4.67309e-09,-5.00218e-14,0.0002,-1.21656e-09,4.67309e-09,-1.21656e-09,0.0002
-0.613259,-0.282558,1.39062,-0.613233,-0.282271,1.38983,-0.0143595,0.0716423,-0.0973772,8.86368,0.0002,-2.91032e-14,2.99078e-09,-2.91032e-14,0.0002,-7.78599e-10,2.99078e-09,-7.78599e-10,0.0002
-0.613262,-0.282525,1.39044,-0.613274,-0.282395,1.38971,-0.0143623,0.0716749,-0.096559,8.67314,0.0002,-1.74338e-14,1.9141e-09,-1.74338e-14,0.0002,-4.98303e-10,1.9141e-09,-4.98303e-10,0.0002
-0.613274,-0.282525,1.39037,-0.613301,-0.282418,1.39009,-0.0143739,0.0716754,-0.0966294,8.78262,0.0002,-3.59987e-14,4.57321e-09,-3.59987e-14,0.0002,-9.29412e-10,4.57321e-09,-9.29412e-10,0.0002
-0.613282,-0.282437,1.39031,-0.61325,-0.282045,1.38973,-0.0143815,0.0717627,-0.0966948,8.84301,0.0002,-8.2005e-14,4.29572e-09,-8.2005e-14,0.0002,-2.57415e-09,4.29572e-09,-2.57415e-09,0.0002
-0.613312,-0.282379,1.39019,-0.613435,-0.282144,1.38972,-0.0144121,0.0718214,-0.0968116,8.85191,0.0002,-4.68216e-14,2.74926e-09,-4.68216e-14,0.0002,-1.64746e-09,2.74926e-09,-1.64746e-09,0.0002
-0.613323,-0.282338,1.3899,-0.613345,-0.282071,1.38938,-0.0144226,0.071862,-0.0971002,8.86169,0.0002,-7.13209e-14,5.10746e-09,-7.13209e-14,0.0002,-1.66625e-09,5.10746e-09,-1.66625e-09,0.0002
-0.613359,-0.282313,1.39003,-0.613504,-0.282212,1.39054,-0.0144589,0.0718872,-0.0969714,9.24846,0.0002,-4.12881e-14,3.26878e-09,-4.12881e-14,0.0002,-1.0664e-09,3.26878e-09,-1.0664e-09,0.0002
-0.613362,-0.282233,1.38988,-0.613373,-0.281913,1.3893,-0.0144617,0.0719672,-0.0971177,8.84319,0.0002,-2.46397e-14,2.09202e-09,-2.46397e-14,0.0002,-6.82495e-10,2.09202e-09,-6.82495e-10,0.0002
-0.613429,-0.28224,1.39005,-0.613639,-0.282224,1.39042,-0.0145295,0.0719603,-0.0969472,9.31247,0.0002,-5.41307e-14,2.70679e-09,-5.41307e-14,0.0002,-2.4168e-09,2.70679e-09,-2.4168e-09,0.0002
-0.613419,-0.282165,1.3899,-0.613375,-0.281865,1.38928,-0.0145185,0.0721353,-0.0971017,8.67628,0.0002,-3.12943e-14,1.73234e-09,-3.12943e-14,0.0002,-1.54675e-09,1.73234e-09,-1.54675e-09,0.0002
-0.613425,-0.282184,1.38974,-0.613493,-0.282197,1.38944,-0.0145249,0.0721164,-0.0972571,8.65587,0.0002,-3.79773e-15,3.08889e-09,-3.79773e-15,0.0002,3.77694e-10,3.08889e-09,3.77694e-10,0.0002
-0.613423,-0.282094,1.38955,-0.613353,-0.281694,1.38908,-0.0145229,0.0722057,-0.0974536,8.92501,0.0002,-4.43215e-14,3.3442e-09,-4.43215e-14,0.0002,-1.73868e-09,3.3442e-09,-1.73868e-09,0.0002
-0.613413,-0.282071,1.3896,-0.613419,-0.281916,1.38948,-0.0144135,0.072229,-0.0974028,8.85863,0.0002,-2.87776e-15,4.12075e-09,-2.87776e-15,0.0002,2.54475e-10,4.12075e-09,2.54475e-10,0.0002
-0.61343,-0.282043,1.38958,-0.613495,-0.28193,1.38951,-0.0144298,0.0722573,-0.0974204,8.78581,0.0002,-2.37866e-15,2.63728e-09,-2.37866e-15,0.0002,1.62864e-10,2.63728e-09,1.62864e-10,0.0002
-0.613448,-0.282095,1.38941,-0.613502,-0.282202,1.38936,-0.0144481,0.0722045,-0.097592,8.70338,0.0002,-1.97392e-14,5.03542e-09,-1.97392e-14,0.0002,-5.0968e-10,5.03542e-09,-5.0968e-10,0.0002
-0.61346,-0.282074,1.38945,-0.613446,-0.281943,1.38929,-0.0144601,0.0722264,-0.097553,8.82324,0.0002,-7.39012e-14,4.58963e-09,-7.39012e-14,0.0002,-2.30684e-09,4.58963e-09,-2.30684e-09,0.0002
-0.613501,-0.282092,1.38959,-0.613666,-0.282163,1.39018,-0.0145013,0.0722085,-0.0974072,9.28501,0.0002,-4.18759e-14,2.93736e-09,-4.18759e-14,0.0002,-1.47638e-09,2.93736e-09,-1.47638e-09,0.0002
-0.613541,-0.282123,1.38969,-0.613702,-0.282251,1.39007,-0.0145414,0.0721766,-0.0973115,9.15785,0.0002,-2.45802e-14,1.87991e-09,-2.45802e-14,0.0002,-9.44883e-10,1.87991e-09,-9.44883e-10,0.0002
-0.613554,-0.282121,1.38968,-0.613647,-0.282051,1.38998,-0.0145541,0.0722788,-0.0973169,9.34731,0.0002,5.88281e-15,3.18362e-09,5.88281e-15,0.0002,7.62474e-10,3.18362e-09,7.62474e-10,0.0002
-0.613534,-0.282109,1.38956,-0.613391,-0.282017,1.3894,-0.0145338,0.0722911,-0.0974372,8.83081,0.0002,-3.73504e-14,3.40471e-09,-3.73504e-14,0.0002,-1.49251e-09,3.40471e-09,-1.49251e-09,0.0002
-0.613539,-0.282079,1.38948,-0.613558,-0.28196,1.38916,-0.0145387,0.0723208,-0.0975173,8.70925,0.0002,-2.13025e-14,2.17901e-09,-2.13025e-14,0.0002,-9.55204e-10,2.17901e-09,-9.55204e-10,0.0002
-0.613575,-0.282108,1.38953,-0.613761,-0.282161,1.38942,-0.0145747,0.0722921,-0.0974661,9.75675,0.0002,9.76668e-15,3.37511e-09,9.76668e-15,0.0002,7.55775e-10,3.37511e-09,7.55775e-10,0.0002
-0.61363,-0.282114,1.38973,-0.613791,-0.282097,1.39018,-0.0146303,0.0722857,-0.0972733,10.2248,0.0002,-3.65591e-14,3.52728e-09,-3.65591e-14,0.0002,-1.49678e-09,3.52728e-09,-1.49678e-09,0.0002
-0.613654,-0.282081,1.38958,-0.613747,-0.281949,1.38901,-0.0146536,0.0723187,-0.0974176,9.65062,0.0002,-2.06947e-14,2.25746e-09,-2.06947e-14,0.0002,-9.57939e-10,2.25746e-09,-9.57939e-10,0.0002
-0.613729,-0.282105,1.3896,-0.613968,-0.282156,1.38996,-0.0147288,0.0722953,-0.0974047,10.0769,0.0002,-5.41842e-14,2.81176e-09,-5.41842e-14,0.0002,-2.59371e-09,2.81176e-09,-2.59371e-09,0.0002
-0.613627,-0.282183,1.38972,-0.613219,-0.282494,1.39021,-0.0146268,0.0722174,-0.0972823,9.88057,0.0002,-3.09439e-14,1.79953e-09,-3.09439e-14,0.0002,-1.65997e-09,1.79953e-09,-1.65997e-09,0.0002
-0.613631,-0.282189,1.38962,-0.61369,-0.282153,1.38955,-0.0146309,0.072211,-0.0973794,9.64144,0.0002,-3.97858e-15,3.13214e-09,-3.97858e-15,0.0002,3.04874e-10,3.13214e-09,3.04874e-10,0.0002
-0.613648,-0.282135,1.38958,-0.613656,-0.281874,1.38909,-0.0146484,0.0722654,-0.0974228,9.70146,0.0002,-4.51065e-14,3.37195e-09,-4.51065e-14,0.0002,-1.78524e-09,3.37195e-09,-1.78524e-09,0.0002
-0.613701,-0.282149,1.38968,-0.613914,-0.282205,1.3901,-0.0147015,0.0722514,-0.0973179,10.1218,0.0002,-2.5786e-14,2.15805e-09,-2.5786e-14,0.0002,-1.14255e-09,2.15805e-09,-1.14255e-09,0.0002
-0.613672,-0.282124,1.38957,-0.613554,-0.282026,1.38915,-0.0146719,0.0723759,-0.0974253,9.76044,0.0002,-1.52406e-14,1.38115e-09,-1.52406e-14,0.0002,-7.31233e-10,1.38115e-09,-7.31233e-10,0.0002
-0.61365,-0.282114,1.38953,-0.613561,-0.282072,1.38934,-0.0146498,0.0723863,-0.0974716,9.69087,0.0002,-9.23692e-15,8.83936e-10,-9.23692e-15,0.0002,-4.67989e-10,8.83936e-10,-4.67989e-10,0.0002
-0.613659,-0.28207,1.38936,-0.613636,-0.281855,1.38898,-0.0146594,0.0724295,-0.0976441,9.67639,0.0002,-3.35071e-14,1.9326e-09,-3.35071e-14,0.0002,-2.28021e-09,1.9326e-09,-2.28021e-09,0.0002
-0.613652,-0.282103,1.38928,-0.613666,-0.282172,1.38928,-0.0146522,0.0723968,-0.097722,9.73879,0.0002,-9.30255e-15,3.2178e-09,-9.30255e-15,0.0002,-9.27967e-11,3.2178e-09,-9.27967e-11,0.0002
-0.613642,-0.282062,1.3892,-0.6136,-0.2819,1.3889,-0.0146418,0.0724376,-0.097798,9.63738,0.0002,-5.80075e-15,2.05939e-09,-5.80075e-15,0.0002,-5.93899e-11,2.05939e-09,-5.93899e-11,0.0002
-0.613665,-0.282055,1.38912,-0.613756,-0.282024,1.38881,-0.0146648,0.0724453,-0.0978762,9.56001,0.0002,-3.64986e-15,1.31801e-09,-3.64986e-15,0.0002,-3.80095e-11,1.31801e-09,-3.80095e-11,0.0002
-0.613679,-0.282036,1.38913,-0.613674,-0.281918,1.38884,-0.0146789,0.0724641,-0.0978701,9.66752,0.0002,-3.12586e-14,2.20992e-09,-3.12586e-14,0.0002,-2.00536e-09,2.20992e-09,-2.00536e-09,0.0002
-0.61372,-0.282064,1.38927,-0.613886,-0.282175,1.38986,-0.0147204,0.0724364,-0.097725,10.2465,0.0002,-1.77365e-14,1.41435e-09,-1.77365e-14,0.0002,-1.28343e-09,1.41435e-09,-1.28343e-09,0.0002
-0.613794,-0.282066,1.3894,-0.614088,-0.282076,1.3899,-0.0147939,0.0724339,-0.0975998,9.98537,0.0002,-1.04219e-14,9.05184e-10,-1.04219e-14,0.0002,-8.21396e-10,9.05184e-10,-8.21396e-10,0.0002
-0.61376,-0.28206,1.38923,-0.613667,-0.281972,1.38888,-0.0147601,0.0724403,-0.0977669,9.59612,0.0002,9.83796e-15,2.56019e-09,9.83796e-15,0.0002,8.40934e-10,2.56019e-09,8.40934e-10,0.0002
-0.613801,-0.282048,1.38925,-0.613904,-0.281957,1.38965,-0.0148013,0.0724522,-0.0977467,10.1831,0.0002,-2.9046e-14,3.00482e-09,-2.9046e-14,0.0002,-1.44291e-09,3.00482e-09,-1.44291e-09,0.0002
-0.613789,-0.28201,1.38919,-0.613741,-0.281857,1.38891,-0.0147892,0.0724904,-0.0978146,9.63521,0.0002,-1.63696e-14,1.92309e-09,-1.63696e-14,0.0002,-9.2346e-10,1.92309e-09,-9.2346e-10,0.0002
-0.613813,-0.282096,1.38942,-0.613952,-0.282379,1.39003,-0.0148132,0.0724041,-0.0975824,10.1666,0.0002,1.15515e-14,3.21173e-09,1.15515e-14,0.0002,7.75502e-10,3.21173e-09,7.75502e-10,0.0002
-0.613812,-0.282076,1.38938,-0.613745,-0.281956,1.38891,-0.0148119,0.0724236,-0.0976195,9.76526,0.0002,-3.3915e-14,3.42248e-09,-3.3915e-14,0.0002,-1.48431e-09,3.42248e-09,-1.48431e-09,0.0002
-0.613791,-0.282064,1.38929,-0.613709,-0.282016,1.38893,-0.0147914,0.0724358,-0.0977104,9.65263,0.0002,-1.91046e-14,2.19039e-09,-1.91046e-14,0.0002,-9.4996e-10,2.19039e-09,-9.4996e-10,0.0002
-0.613797,-0.282105,1.3892,-0.613756,-0.282228,1.38913,-0.0147966,0.0723945,-0.0978049,9.62657,0.0002,-5.2602e-14,2.76826e-09,-5.2602e-14,0.0002,-2.589e-09,2.76826e-09,-2.589e-09,0.0002
-0.613783,-0.282055,1.38915,-0.613729,-0.281855,1.38898,-0.0147832,0.0725446,-0.0978487,9.68856,0.0002,-2.99958e-14,1.77168e-09,-2.99958e-14,0.0002,-1.65696e-09,1.77168e-09,-1.65696e-09,0.0002
-0.61378,-0.28202,1.38912,-0.613767,-0.281877,1.38899,-0.0147799,0.0725802,-0.0978801,9.7232,0.0002,-1.76943e-14,1.13388e-09,-1.76943e-14,0.0002,-1.06045e-09,1.13388e-09,-1.06045e-09,0.0002
-0.613813,-0.282056,1.38918,-0.613986,-0.282138,1.38975,-0.0148127,0.0725441,-0.0978174,10.1285,0.0002,4.73428e-15,2.70694e-09,4.73428e-15,0.0002,6.87381e-10,2.70694e-09,6.87381e-10,0.0002
-0.613813,-0.282033,1.38913,-0.613814,-0.28194,1.38891,-0.0148129,0.0725674,-0.0978722,9.77836,0.0002,2.07726e-15,1.73244e-09,2.07726e-15,0.0002,4.39924e-10,1.73244e-09,4.39924e-10,0.0002
-0.613805,-0.28199,1.38906,-0.613772,-0.281819,1.38878,-0.0148047,0.07261,-0.0979412,9.74599,0.0002,9.39229e-16,1.10876e-09,9.39229e-16,0.0002,2.81551e-10,1.10876e-09,2.81551e-10,0.0002
-0.613875,-0.282028,1.38918,-0.614033,-0.282096,1.38967,-0.014875,0.0725718,-0.0978192,10.2901,0.0002,-8.5828e-14,3.44183e-09,-8.5828e-14,0.0002,-3.78227e-09,3.44183e-09,-3.78227e-09,0.0002
-0.613834,-0.281996,1.3891,-0.61367,-0.281866,1.38878,-0.014834,0.0726043,-0.0978992,9.72962,0.0002,-4.82647e-14,2.20277e-09,-4.82647e-14,0.0002,-2.42066e-09,2.20277e-09,-2.42066e-09,0.0002
-0.613824,-0.281974,1.38905,-0.613786,-0.281888,1.38883,-0.0148244,0.0726258,-0.0979541,9.6709,0.0002,-2.81594e-14,1.40977e-09,-2.81594e-14,0.0002,-1.54922e-09,1.40977e-09,-1.54922e-09,0.0002
-0.613831,-0.281989,1.38899,-0.613859,-0.282047,1.38878,-0.0148314,0.0726113,-0.0980068,9.64301,0.0002,-1.69038e-14,9.02254e-10,-1.69038e-14,0.0002,-9.915e-10,9.02254e-10,-9.915e-10,0.0002
-0.613823,-0.281931,1.38893,-0.613788,-0.2817,1.38869,-0.0148228,0.0726689,-0.0980677,9.67834,0.0002,-1.03604e-14,5.77443e-10,-1.03604e-14,0.0002,-6.3456e-10,5.77443e-10,-6.3456e-10,0.0002
-0.613821,-0.281917,1.38888,-0.613815,-0.281859,1.38869,-0.0148211,0.0726833,-0.0981153,9.66328,0.0002,-6.44304e-15,3.69563e-10,-6.44304e-15,0.0002,-4.06119e-10,3.69563e-10,-4.06119e-10,0.0002
