EKF_x,EKF_y,EKF_theta,PM_x,PM_y,PM_theta,errorEKF_x,errorEKF_y,errorEKF_theta,errorPM,EKFCovXX,EKFCovXY,EKFCovXTheta,EKFCovYX,EKFCovYY,EKFCovYTheta,EKFCovThetaX,EKFCovThetaY,EKFCovThetaTheta
-0.67518,-0.311331,1.61733,-0.67518,-0.311331,1.61733,-0.000748577,0.0101037,0.023706,0.944951,0.000999999,-2.29378e-23,-5.3154e-14,-1.82599e-23,0.000999999,-1.19969e-15,-5.31571e-14,-1.19959e-15,0.000999999
-0.675044,-0.311738,1.61789,-0.674915,-0.312126,1.61843,-0.000612743,0.0096965,0.0242716,0.970989,0.000512195,-5.46553e-24,-1.26482e-14,-4.35241e-24,0.000512195,-2.85471e-16,-1.26489e-14,-2.85447e-16,0.000512195
-0.674973,-0.311925,1.61818,-0.674845,-0.312259,1.61869,-0.000315082,0.00988609,0.020398,0.970989,0.000359875,-2.2405e-24,-5.18272e-15,-1.78439e-24,0.000359875,-1.16975e-16,-5.18303e-15,-1.16965e-16,0.000359875
-0.673273,-0.312758,1.6161,-0.669127,-0.314789,1.61102,0.00138441,0.0090537,0.0183177,0.577165,0.000290717,-1.12737e-24,-2.60733e-15,-8.97912e-25,0.000290717,-5.88479e-17,-2.60749e-15,-5.88429e-17,0.000290717
-0.672231,-0.313297,1.61483,-0.669172,-0.314879,1.61111,0.00242743,0.00855984,0.0166702,0.588971,0.000254131,-6.27245e-25,-1.45052e-15,-4.99591e-25,0.000254131,-3.27383e-17,-1.4506e-15,-3.27356e-17,0.000254131
-0.671517,-0.313679,1.61399,-0.66917,-0.314936,1.61124,0.00314132,0.00817757,0.0158323,0.588971,0.000233206,-3.68825e-25,-8.52865e-16,-2.93768e-25,0.000233206,-1.92493e-17,-8.52915e-16,-1.92476e-17,0.000233206
-0.670983,-0.313961,1.61339,-0.669099,-0.314958,1.61128,0.00367493,0.00789536,0.0152339,0.588971,0.000220702,-2.23997e-25,-5.1795e-16,-1.78415e-25,0.000220702,-1.16902e-17,-5.1798e-16,-1.16892e-17,0.000220702
-0.670571,-0.314177,1.61296,-0.669046,-0.314975,1.61135,0.00411169,0.00766346,0.0147994,0.588971,0.000213033,-1.38728e-25,-3.20775e-16,-1.10498e-25,0.000213033,-7.23994e-18,-3.20794e-16,-7.23932e-18,0.000213033
-0.670238,-0.314345,1.61263,-0.668976,-0.314983,1.61137,0.00444386,0.00749555,0.0144686,0.588971,0.000208255,-8.69643e-26,-2.01081e-16,-6.9268e-26,0.000208255,-4.53843e-18,-2.01093e-16,-4.53804e-18,0.000208255
-0.670652,-0.314018,1.61383,-0.672253,-0.312749,1.6185,0.00381883,0.00752246,0.0191243,0.660712,0.000205249,-5.49297e-26,-1.27009e-16,-4.37522e-26,0.000205249,-2.8666e-18,-1.27016e-16,-2.86636e-18,0.000205249
-0.670988,-0.313758,1.61479,-0.672307,-0.312741,1.61851,0.00348236,0.00778207,0.020076,0.653863,0.000203345,-3.48618e-26,-8.06072e-17,-2.77679e-26,0.000203345,-1.81932e-18,-8.0612e-17,-1.81916e-18,0.000203345
-0.671263,-0.313542,1.61557,-0.672345,-0.312688,1.61866,0.0032081,0.00799836,0.020859,0.680036,0.000202135,-2.21927e-26,-5.13136e-17,-1.76768e-26,0.000202135,-1.15816e-18,-5.13166e-17,-1.15806e-18,0.000202135
-0.671489,-0.31337,1.61617,-0.672387,-0.31269,1.61858,0.00316238,0.00830779,0.0194046,0.677645,0.000201364,-1.4155e-26,-3.27288e-17,-1.12746e-26,0.000201364,-7.38694e-19,-3.27307e-17,-7.38631e-19,0.000201364
-0.671677,-0.313241,1.61664,-0.672423,-0.312728,1.61848,0.00297489,0.00843688,0.019868,0.653863,0.000200872,-9.03945e-27,-2.09008e-17,-7.20005e-27,0.000200872,-4.71734e-19,-2.0902e-17,-4.71694e-19,0.000200872
-0.672063,-0.313187,1.6168,-0.673604,-0.312972,1.61744,0.00265048,0.00859895,0.0188096,0.674142,0.000200558,-5.77719e-27,-1.33579e-17,-4.60162e-27,0.000200558,-3.01489e-19,-1.33586e-17,-3.01463e-19,0.000200558
-0.67237,-0.313146,1.61692,-0.673596,-0.312983,1.61739,0.00234335,0.00863984,0.0189274,0.661629,0.000200357,-3.6941e-27,-8.54141e-18,-2.94241e-27,0.000200357,-1.92781e-19,-8.54191e-18,-1.92764e-19,0.000200357
-0.672618,-0.313109,1.61701,-0.673606,-0.312961,1.6174,0.00209588,0.008677,0.0190247,0.674142,0.000200228,-2.36288e-27,-5.46338e-18,-1.88207e-27,0.000200228,-1.23309e-19,-5.4637e-18,-1.23299e-19,0.000200228
-0.672814,-0.313092,1.61706,-0.673596,-0.313025,1.61723,0.00172535,0.00838952,0.0224075,0.648296,0.000200146,-1.51169e-27,-3.49529e-18,-1.20408e-27,0.000200146,-7.88891e-20,-3.49549e-18,-7.88824e-20,0.000200146
-0.67297,-0.313076,1.61709,-0.673596,-0.313012,1.61723,0.00156887,0.00840558,0.0224412,0.648296,0.000200093,-9.67256e-28,-2.23646e-18,-7.70434e-28,0.000200093,-5.04772e-20,-2.23659e-18,-5.0473e-20,0.000200093
-0.673098,-0.313046,1.61714,-0.673609,-0.312927,1.61735,0.00144726,0.00838229,0.0228135,0.667475,0.00020006,-6.18951e-28,-1.43112e-18,-4.93004e-28,0.00020006,-3.23006e-20,-1.43121e-18,-3.22979e-20,0.00020006
-0.672532,-0.312777,1.61662,-0.670268,-0.311701,1.61454,0.00201325,0.00865148,0.0222924,0.566749,0.000200038,-3.96091e-28,-9.1583e-19,-3.15492e-28,0.000200038,-2.06704e-20,-9.15884e-19,-2.06687e-20,0.000200038
-0.672064,-0.312553,1.61619,-0.670191,-0.311655,1.61448,0.00248154,0.00887593,0.0218637,0.572709,0.000200025,-2.53483e-28,-5.86095e-19,-2.01903e-28,0.000200025,-1.32283e-20,-5.8613e-19,-1.32271e-20,0.000200025
-0.671677,-0.312365,1.61583,-0.670131,-0.311613,1.61437,0.00308874,0.00933629,0.0181096,0.562432,0.000200016,-1.62223e-28,-3.75086e-19,-1.29213e-28,0.000200016,-8.46575e-21,-3.75108e-19,-8.46503e-21,0.000200016
-0.671359,-0.312207,1.61553,-0.670087,-0.311578,1.61433,0.00340683,0.00949371,0.0178106,0.562432,0.00020001,-1.0382e-28,-2.40049e-19,-8.26941e-29,0.00020001,-5.41794e-21,-2.40063e-19,-5.41748e-21,0.00020001
-0.671097,-0.312072,1.61528,-0.670049,-0.311529,1.61429,0.00369221,0.00965614,0.0173324,0.555675,0.000200006,-6.64436e-29,-1.53629e-19,-5.29234e-29,0.000200006,-3.46743e-21,-1.53638e-19,-3.46713e-21,0.000200006
-0.671648,-0.31245,1.61643,-0.673852,-0.313965,1.62103,0.0031412,0.00927752,0.0184814,1.11886,0.000200004,-4.25235e-29,-9.83215e-20,-3.38706e-29,0.000200004,-2.21913e-21,-9.83273e-20,-2.21894e-21,0.000200004
-0.672083,-0.312775,1.61738,-0.673821,-0.314071,1.62115,0.00240284,0.00860869,0.0237656,1.12544,0.000200003,-2.72148e-29,-6.29254e-20,-2.1677e-29,0.000200003,-1.42023e-21,-6.29291e-20,-1.42011e-21,0.000200003
-0.672423,-0.31305,1.61816,-0.673783,-0.314152,1.6213,0.00206276,0.00833323,0.0245513,1.13512,0.000200002,-1.74174e-29,-4.02721e-20,-1.38733e-29,0.000200002,-9.08946e-22,-4.02744e-20,-9.08869e-22,0.000200002
-0.672694,-0.313277,1.61881,-0.673777,-0.314182,1.62139,0.00179181,0.00810676,0.025197,1.12196,0.000200001,-1.11471e-29,-2.57741e-20,-8.87886e-30,0.000200001,-5.81724e-22,-2.57756e-20,-5.81675e-22,0.000200001
-0.672906,-0.313468,1.61934,-0.673753,-0.314233,1.62149,0.00159654,0.00801563,0.0250829,1.12196,0.000200001,-7.13415e-30,-1.64954e-20,-5.68246e-30,0.000200001,-3.72303e-22,-1.64963e-20,-3.72271e-22,0.000200001
-0.673067,-0.313631,1.61976,-0.673713,-0.314283,1.62143,0.00143496,0.00785264,0.0255008,1.13622,0.0002,-4.56585e-30,-1.0557e-20,-3.63677e-30,0.0002,-2.38273e-22,-1.05576e-20,-2.38253e-22,0.0002
-0.672636,-0.313163,1.62473,-0.670912,-0.311292,1.64459,0.00182838,0.00837174,0.0303774,0.463244,0.0002,-2.92214e-30,-6.75649e-21,-2.32753e-30,0.0002,-1.52495e-22,-6.75689e-21,-1.52482e-22,0.0002
-0.67227,-0.312909,1.62854,-0.670704,-0.311782,1.64534,0.00219477,0.00862543,0.0341893,0.460976,0.0002,-7.55786e-14,3.58066e-09,-7.55786e-14,0.0002,-3.21638e-09,3.58066e-09,-3.21638e-09,0.0002
-0.671972,-0.312841,1.63141,-0.670594,-0.312132,1.646,0.00249255,0.00869332,0.0370598,0.454219,0.0002,-8.74175e-13,1.62707e-08,-8.74175e-13,0.0002,-8.07913e-09,1.62707e-08,-8.07913e-09,0.0002
-0.671715,-0.312846,1.63358,-0.670503,-0.312424,1.64641,0.00310295,0.00898723,0.0356413,0.455016,0.0002,-1.92556e-12,2.44079e-08,-1.92556e-12,0.0002,-1.11548e-08,2.44079e-08,-1.11548e-08,0.0002
-0.671471,-0.31284,1.63571,-0.670397,-0.312704,1.64684,0.00334684,0.00899289,0.0377747,0.46853,0.0002,-1.66398e-12,1.92292e-08,-1.66398e-12,0.0002,-1.03245e-08,1.92292e-08,-1.03245e-08,0.0002
-0.672216,-0.31245,1.63301,-0.675192,-0.310891,1.62324,0.00247097,0.00941532,0.0349025,0.996107,0.0002,-9.633e-13,1.23067e-08,-9.633e-13,0.0002,-6.6077e-09,1.23067e-08,-6.6077e-09,0.0002
-0.672828,-0.312104,1.631,-0.67528,-0.310721,1.62293,0.00185805,0.00976129,0.0328864,1.01758,0.0002,-5.74877e-13,7.8763e-09,-5.74877e-13,0.0002,-4.22893e-09,7.8763e-09,-4.22893e-09,0.0002
-0.673338,-0.311796,1.62932,-0.675378,-0.310565,1.62263,0.00134804,0.0100691,0.0312135,0.984463,0.0002,-3.50867e-13,5.04083e-09,-3.50867e-13,0.0002,-2.70651e-09,5.04083e-09,-2.70651e-09,0.0002
-0.673748,-0.311531,1.62794,-0.675387,-0.310467,1.6224,0.000691539,0.0100604,0.0332381,0.977841,0.0002,-2.1757e-13,3.22613e-09,-2.1757e-13,0.0002,-1.73217e-09,3.22613e-09,-1.73217e-09,0.0002
-0.674088,-0.311285,1.6268,-0.675446,-0.310301,1.62225,0.000351934,0.0103063,0.0321011,0.990813,0.0002,-1.36384e-13,2.06472e-09,-1.36384e-13,0.0002,-1.10859e-09,2.06472e-09,-1.10859e-09,0.0002
-0.674371,-0.311075,1.62586,-0.675503,-0.310238,1.62209,0.000240601,0.0107992,0.0280283,0.964322,0.0002,-8.61135e-14,1.32142e-09,-8.61135e-14,0.0002,-7.09496e-10,1.32142e-09,-7.09496e-10,0.0002
-0.674282,-0.311315,1.62548,-0.673928,-0.312271,1.62396,0.000329072,0.01056,0.0276479,0.761899,0.0002,-5.46326e-14,8.45711e-10,-5.46326e-14,0.0002,-4.54077e-10,8.45711e-10,-4.54077e-10,0.0002
-0.674211,-0.311511,1.62518,-0.673923,-0.312295,1.624,0.000400828,0.010364,0.0273518,0.761899,0.0002,-3.47683e-14,5.41255e-10,-3.47683e-14,0.0002,-2.9061e-10,5.41255e-10,-2.9061e-10,0.0002
-0.67413,-0.31165,1.62506,-0.67391,-0.312321,1.62403,0.000494344,0.01024,0.0270056,0.761899,0.0002,-8.60557e-14,-3.23738e-09,-8.60557e-14,0.0002,3.0269e-09,-3.23738e-09,3.0269e-09,0.0002
-0.674054,-0.311574,1.62526,-0.673905,-0.312343,1.62403,0.000570385,0.0103161,0.0272141,0.76861,0.0002,-1.66614e-12,-3.64275e-08,-1.66614e-12,0.0002,6.87046e-09,-3.64275e-08,6.87046e-09,0.0002
-0.674105,-0.311079,1.62583,-0.673926,-0.312275,1.62396,0.000519159,0.0108109,0.0277818,0.761899,0.0002,6.34258e-12,-1.2488e-07,6.34258e-12,0.0002,-8.06322e-09,-1.2488e-07,-8.06322e-09,0.0002
-0.674208,-0.31062,1.62524,-0.674003,-0.314181,1.62338,0.000380228,0.0113047,0.0270982,0.93112,0.0002,4.20935e-11,-2.52674e-07,4.20935e-11,0.0002,-2.48806e-08,-2.52674e-07,-2.48806e-08,0.0002
-0.674268,-0.309724,1.62418,-0.674084,-0.313997,1.62307,0.000319855,0.0122011,0.0260441,0.92218,0.000200001,8.66329e-11,-4.13199e-07,8.66329e-11,0.0002,-2.94327e-08,-4.13199e-07,-2.94327e-08,0.0002
-0.674399,-0.308578,1.62327,-0.674189,-0.313754,1.62271,-2.79605e-05,0.0130734,0.0285579,0.902046,0.000200002,1.75877e-10,-5.76766e-07,1.75877e-10,0.0002,-4.20997e-08,-5.76766e-07,-4.20997e-08,0.000199999
-0.67459,-0.307178,1.62268,-0.674305,-0.313451,1.62239,-0.000218859,0.0144734,0.027969,0.902986,0.000200004,3.31453e-10,-7.49084e-07,3.31453e-10,0.0002,-6.03335e-08,-7.49084e-07,-6.03335e-08,0.000199999
-0.67467,-0.305811,1.62201,-0.674432,-0.313203,1.62193,-0.00029937,0.0158397,0.0273018,0.9096,0.000200006,3.96675e-10,-8.9085e-07,3.96675e-10,0.0002,-5.63041e-08,-8.9085e-07,-5.63041e-08,0.000199998
-0.674762,-0.30454,1.62137,-0.674546,-0.31295,1.62141,-1.91328e-05,0.0142529,0.0246236,0.894427,0.000200008,4.51621e-10,-1.00198e-06,4.51621e-10,0.0002,-5.44828e-08,-1.00198e-06,-5.44828e-08,0.000199998
-0.674665,-0.301939,1.6208,-0.673813,-0.304715,1.62164,7.87329e-05,0.0168542,0.024055,0.6584,0.000200009,4.56746e-10,-1.06309e-06,4.56746e-10,0.0002,-4.90782e-08,-1.06309e-06,-4.90782e-08,0.000199997
-0.674646,-0.29976,1.61986,-0.674006,-0.304328,1.62075,-9.97855e-05,0.0131902,0.0260128,0.66275,0.00020001,4.79245e-10,-1.10544e-06,4.79245e-10,0.0002,-4.87811e-08,-1.10544e-06,-4.87811e-08,0.000199997
-0.674742,-0.297873,1.61845,-0.674236,-0.303913,1.62006,-0.000196242,0.0150768,0.0246039,0.639199,0.000200011,5.73418e-10,-1.14229e-06,5.73418e-10,0.0002,-5.85961e-08,-1.14229e-06,-5.85961e-08,0.000199996
-0.67486,-0.296201,1.61634,-0.67444,-0.303311,1.6193,-0.000314254,0.0167492,0.0224952,0.619331,0.000200012,6.46278e-10,-1.17273e-06,6.46278e-10,0.0002,-6.41197e-08,-1.17273e-06,-6.41197e-08,0.000199996
-0.674959,-0.294751,1.61387,-0.674691,-0.302763,1.61848,0.00022287,0.00932487,0.0164738,0.6404,0.000200013,6.39289e-10,-1.19258e-06,6.39289e-10,0.0002,-5.95797e-08,-1.19258e-06,-5.95797e-08,0.000199996
-0.67503,-0.293414,1.61173,-0.674865,-0.302313,1.61763,0.000152362,0.0106617,0.0143279,0.627067,0.000200013,5.76365e-10,-1.21919e-06,5.76365e-10,0.0002,-4.93172e-08,-1.21919e-06,-4.93172e-08,0.000199995
-0.673708,-0.289685,1.60635,-0.668541,-0.288821,1.59938,0.00131475,0.00498062,0.0120929,0.238533,0.000200014,4.01773e-10,-1.22995e-06,4.01773e-10,0.0002,-2.79133e-08,-1.22995e-06,-2.79133e-08,0.000199995
-0.6726,-0.286522,1.6025,-0.668358,-0.2875,1.59745,0.00242345,0.00814313,0.00823639,0.200071,0.000200014,2.42113e-10,-1.22321e-06,2.42113e-10,0.0002,-1.18148e-08,-1.22321e-06,-1.18148e-08,0.000199995
-0.671759,-0.28377,1.60006,-0.668212,-0.286375,1.59554,0.00326411,0.0108953,0.00580412,0.202815,0.000200014,2.20664e-10,-1.21847e-06,2.20664e-10,0.0002,-1.40012e-08,-1.21847e-06,-1.40012e-08,0.000199995
-0.671014,-0.281371,1.59848,-0.668095,-0.285396,1.59425,0.00409809,0.00516159,0.0148427,0.193552,0.000200014,1.4946e-10,-1.21564e-06,1.4946e-10,0.0002,-7.87541e-09,-1.21564e-06,-7.87541e-09,0.000199995
-0.670454,-0.279236,1.5972,-0.667975,-0.284413,1.59262,0.00465827,0.00729692,0.0135632,0.201097,0.000200014,1.74709e-10,-1.21695e-06,1.74709e-10,0.0002,-1.37347e-08,-1.21695e-06,-1.37347e-08,0.000199995
-0.671889,-0.272618,1.59522,-0.677431,-0.259867,1.58777,0.00318177,0.00567707,0.0154717,2.3116,0.000200014,1.93575e-10,-1.21779e-06,1.93575e-10,0.0002,-1.69229e-08,-1.21779e-06,-1.69229e-08,0.000199995
-0.673015,-0.267282,1.59376,-0.677548,-0.259662,1.58735,0.0020564,0.0110131,0.0140081,2.29508,0.000200014,1.49123e-10,-1.21852e-06,1.49123e-10,0.0002,-1.14026e-08,-1.21852e-06,-1.14026e-08,0.000199995
-0.673922,-0.263012,1.59253,-0.677602,-0.259439,1.58708,0.0011489,0.015284,0.0127815,2.29136,0.000200014,1.07217e-10,-1.21217e-06,1.07217e-10,0.0002,-7.06982e-09,-1.21217e-06,-7.06982e-09,0.000199995
-0.674684,-0.259463,1.59148,-0.677569,-0.259199,1.58675,0.000213043,0.0100346,0.0147027,2.27473,0.000200014,1.2833e-10,-1.22158e-06,1.2833e-10,0.0002,-1.08691e-08,-1.22158e-06,-1.08691e-08,0.000199995
-0.675286,-0.256576,1.59025,-0.677654,-0.258858,1.58633,-0.000389727,0.0129212,0.0134684,2.28545,0.000200014,1.13463e-10,-1.22427e-06,1.13463e-10,0.0002,-9.18794e-09,-1.22427e-06,-9.18794e-09,0.000199995
-0.675823,-0.254204,1.58898,-0.677722,-0.258538,1.58594,-0.00139464,0.0107443,0.0125767,2.27955,0.000200014,1.51315e-10,-1.22587e-06,1.51315e-10,0.0002,-1.42567e-08,-1.22587e-06,-1.42567e-08,0.000199995
-0.674746,-0.251029,1.58753,-0.670302,-0.252686,1.58539,-0.000318126,0.0139195,0.0111285,0.322834,0.000200014,1.52413e-10,-1.24397e-06,1.52413e-10,0.0002,-1.36576e-08,-1.24397e-06,-1.36576e-08,0.000199995
-0.673849,-0.248433,1.58669,-0.670469,-0.252093,1.58439,0.000579127,0.0165154,0.0102882,0.309235,0.000200014,6.3851e-11,-1.24553e-06,6.3851e-11,0.0002,-2.52938e-09,-1.24553e-06,-2.52938e-09,0.000199995
-0.673112,-0.246295,1.58633,-0.6705,-0.251682,1.58338,0.00147816,0.00968581,0.0110939,0.317265,0.000200014,-3.56091e-11,-1.24317e-06,-3.56091e-11,0.0002,8.13769e-09,-1.24317e-06,8.13769e-09,0.000199995
-0.672528,-0.244475,1.58569,-0.670527,-0.251135,1.58261,0.00206309,0.0115056,0.0104486,0.304537,0.000200014,-1.14585e-10,-1.24166e-06,-1.14585e-10,0.0002,1.5238e-08,-1.24166e-06,1.5238e-08,0.000199995
-0.672172,-0.242845,1.58466,-0.670563,-0.250577,1.58158,0.00252191,0.00423646,0.0122581,0.300373,0.000200015,-3.80596e-11,-1.25064e-06,-3.80596e-11,0.0002,3.07909e-09,-1.25064e-06,3.07909e-09,0.000199995
-0.672069,-0.238479,1.58704,-0.671478,-0.235159,1.59814,0.00262548,0.00860273,0.0146429,0.422329,0.000200015,-6.07479e-12,-1.25303e-06,-6.07479e-12,0.0002,-7.24811e-10,-1.25303e-06,-7.24811e-10,0.000199995
-0.672025,-0.234938,1.58839,-0.671545,-0.235022,1.59791,0.00266892,0.012144,0.0159885,0.422329,0.000200015,5.42999e-11,-1.25791e-06,5.42999e-11,0.0002,-7.40054e-09,-1.25791e-06,-7.40054e-09,0.000199995
-0.672013,-0.232104,1.5898,-0.671659,-0.234807,1.59752,0.00214646,0.00564781,0.0126794,0.422329,0.000200015,1.07079e-10,-1.25422e-06,1.07079e-10,0.0002,-1.24063e-08,-1.25422e-06,-1.24063e-08,0.000199995
-0.671987,-0.229746,1.59126,-0.671777,-0.234564,1.59713,0.00217295,0.00800649,0.0141444,0.410835,0.000200015,9.96949e-11,-1.25877e-06,9.96949e-11,0.0002,-9.80011e-09,-1.25877e-06,-9.80011e-09,0.000199995
-0.672018,-0.227832,1.59264,-0.671929,-0.234319,1.59661,0.00302555,0.00139177,0.0174633,0.387846,0.000200015,1.25966e-10,-1.25821e-06,1.25966e-10,0.0002,-1.23089e-08,-1.25821e-06,-1.23089e-08,0.000199995
-0.672074,-0.226194,1.59344,-0.672071,-0.234003,1.59611,0.00296922,0.00302883,0.0182608,0.416582,0.000200015,1.51991e-10,-1.26464e-06,1.51991e-10,0.0002,-1.45711e-08,-1.26464e-06,-1.45711e-08,0.000199994
-0.672057,-0.220257,1.59441,-0.671737,-0.210651,1.59882,0.00287968,-0.000765698,0.0211925,0.502652,0.000200015,1.71752e-10,-1.26195e-06,1.71752e-10,0.0002,-1.61131e-08,-1.26195e-06,-1.61131e-08,0.000199994
-0.67203,-0.215462,1.5947,-0.671666,-0.210426,1.59845,0.00290634,0.00402922,0.0214826,0.500725,0.000200015,1.87976e-10,-1.26023e-06,1.87976e-10,0.0002,-1.73055e-08,-1.26023e-06,-1.73055e-08,0.000199994
-0.672145,-0.211432,1.59513,-0.672133,-0.209873,1.59738,0.00279134,0.00805981,0.0219144,0.476292,0.000200015,2.63999e-10,-1.27257e-06,2.63999e-10,0.0002,-2.55624e-08,-1.27257e-06,-2.55624e-08,0.000199994
-0.672142,-0.208117,1.59541,-0.672193,-0.209328,1.59652,0.00261429,0.00726477,0.018882,0.459303,0.000200015,1.82351e-10,-1.27747e-06,1.82351e-10,0.0002,-1.40142e-08,-1.27747e-06,-1.40142e-08,0.000199994
-0.672207,-0.205367,1.59587,-0.672334,-0.208619,1.59561,0.00254864,0.0100149,0.0193357,0.457877,0.000200015,1.73298e-10,-1.27363e-06,1.73298e-10,0.0002,-1.36249e-08,-1.27363e-06,-1.36249e-08,0.000199994
-0.672122,-0.20122,1.59577,-0.67164,-0.198887,1.5954,0.00268398,-0.000224181,0.0233625,0.543309,0.000200015,1.66722e-10,-1.27117e-06,1.66722e-10,0.0002,-1.33466e-08,-1.27117e-06,-1.33466e-08,0.000199994
-0.672082,-0.197869,1.59579,-0.671671,-0.198819,1.59533,0.00272453,0.00312719,0.0233766,0.537933,0.000200015,1.9169e-10,-1.27292e-06,1.9169e-10,0.0002,-1.66727e-08,-1.27292e-06,-1.66727e-08,0.000199994
-0.67212,-0.195211,1.59514,-0.671816,-0.198718,1.59514,0.00268572,0.0057849,0.0227302,0.532556,0.000200015,2.63401e-10,-1.26707e-06,2.63401e-10,0.0002,-2.509e-08,-1.26707e-06,-2.509e-08,0.000199994
-0.672171,-0.193022,1.59476,-0.671917,-0.198616,1.59479,0.00253378,0.0031795,0.0212491,0.52718,0.000200015,3.20785e-10,-1.27014e-06,3.20785e-10,0.0002,-3.04647e-08,-1.27014e-06,-3.04647e-08,0.000199994
-0.672143,-0.191138,1.59435,-0.671996,-0.19839,1.59428,0.00256176,0.00506328,0.0208422,0.520831,0.000200015,2.53997e-10,-1.28604e-06,2.53997e-10,0.0002,-2.04411e-08,-1.28604e-06,-2.04411e-08,0.000199994
-0.672205,-0.189689,1.59446,-0.672121,-0.198143,1.59386,0.00227332,-0.002355,0.0212012,0.50978,0.000200015,2.79384e-10,-1.27896e-06,2.79384e-10,0.0002,-2.39413e-08,-1.27896e-06,-2.39413e-08,0.000199994
-0.672169,-0.184234,1.5966,-0.671626,-0.176445,1.60515,0.00230906,0.00310053,0.0233374,0.506988,0.000200015,2.96716e-10,-1.26762e-06,2.96716e-10,0.0002,-2.5952e-08,-1.26762e-06,-2.5952e-08,0.000199994
-0.672115,-0.179811,1.59822,-0.671579,-0.176474,1.60523,0.00236312,0.00752341,0.0249599,0.498175,0.000200015,2.93096e-10,-1.27064e-06,2.93096e-10,0.0002,-2.50001e-08,-1.27064e-06,-2.50001e-08,0.000199994
-0.672079,-0.176182,1.59945,-0.671599,-0.176236,1.60491,0.00245993,0.00183706,0.0248533,0.500319,0.000200015,2.98533e-10,-1.27936e-06,2.98533e-10,0.0002,-2.53219e-08,-1.27936e-06,-2.53219e-08,0.000199994
-0.672098,-0.17325,1.60007,-0.671622,-0.175869,1.60409,0.00244138,0.00476932,0.0254685,0.505638,0.000200015,3.60747e-10,-1.27794e-06,3.60747e-10,0.0002,-3.25937e-08,-1.27794e-06,-3.25937e-08,0.000199994
-0.672064,-0.170743,1.60063,-0.671582,-0.175492,1.6034,0.00240256,-0.00174139,0.0267816,0.490485,0.000200015,3.62244e-10,-1.29082e-06,3.62244e-10,0.0002,-3.12418e-08,-1.29082e-06,-3.12418e-08,0.000199994
-0.67179,-0.165573,1.6001,-0.670381,-0.159677,1.59746,0.00267652,0.00342789,0.0262478,0.294416,0.000200016,3.65069e-10,-1.29905e-06,3.65069e-10,0.0002,-3.07653e-08,-1.29905e-06,-3.07653e-08,0.000199994
-0.671557,-0.161499,1.59997,-0.670435,-0.159667,1.59742,0.00290956,0.00750218,0.026125,0.294416,0.000200016,3.32405e-10,-1.29422e-06,3.32405e-10,0.0002,-2.66853e-08,-1.29422e-06,-2.66853e-08,0.000199994
-0.671362,-0.158202,1.59936,-0.67039,-0.15948,1.5969,0.00321451,0.00160141,0.0276777,0.28934,0.000200016,3.03696e-10,-1.29113e-06,3.03696e-10,0.0002,-2.37778e-08,-1.29113e-06,-2.37778e-08,0.000199994
-0.671186,-0.155498,1.59822,-0.670096,-0.158928,1.59577,0.00339022,0.00430552,0.0265446,0.274112,0.000200015,3.31768e-10,-1.28217e-06,3.31768e-10,0.0002,-2.80048e-08,-1.28217e-06,-2.80048e-08,0.000199994
-0.671096,-0.153299,1.59676,-0.670051,-0.158423,1.59455,0.00238954,-0.00309854,0.0224137,0.276214,0.000200015,4.29357e-10,-1.26597e-06,4.29357e-10,0.0002,-3.99519e-08,-1.26597e-06,-3.99519e-08,0.000199994
-0.670932,-0.151269,1.59569,-0.669914,-0.15782,1.59346,0.0025532,-0.00106817,0.0213368,0.271613,0.000200015,4.28041e-10,-1.27971e-06,4.28041e-10,0.0002,-3.752e-08,-1.27971e-06,-3.752e-08,0.000199994
-0.67136,-0.145833,1.59711,-0.672652,-0.138759,1.60385,0.0021252,0.00436798,0.0227645,0.581332,0.000200015,4.21158e-10,-1.28851e-06,4.21158e-10,0.0002,-3.55794e-08,-1.28851e-06,-3.55794e-08,0.000199994
-0.671675,-0.141548,1.59891,-0.672724,-0.138871,1.60402,0.0023414,0.00431352,0.0261009,0.571332,0.000200015,3.62677e-10,-1.28749e-06,3.62677e-10,0.0002,-2.83854e-08,-1.28749e-06,-2.83854e-08,0.000199994
-0.671969,-0.138097,1.60032,-0.67271,-0.138752,1.60387,0.00204728,0.00776425,0.0275074,0.576332,0.000200015,3.80439e-10,-1.28663e-06,3.80439e-10,0.0002,-3.14166e-08,-1.28663e-06,-3.14166e-08,0.000199994
-0.672209,-0.135267,1.6008,-0.672825,-0.138513,1.60322,0.00232825,0.00130013,0.0307255,0.576332,0.000200016,3.7146e-10,-1.28958e-06,3.7146e-10,0.0002,-3.04062e-08,-1.28958e-06,-3.04062e-08,0.000199994
-0.672387,-0.13296,1.60081,-0.672863,-0.138199,1.60291,0.00214971,0.00360637,0.0307357,0.569301,0.000200015,3.34585e-10,-1.28816e-06,3.34585e-10,0.0002,-2.62993e-08,-1.28816e-06,-2.62993e-08,0.000199994
-0.672583,-0.131017,1.60072,-0.67291,-0.137916,1.60247,0.00195437,0.00554939,0.0306548,0.554301,0.000200016,3.66233e-10,-1.29385e-06,3.66233e-10,0.0002,-3.068e-08,-1.29385e-06,-3.068e-08,0.000199994
-0.672727,-0.125916,1.60011,-0.672879,-0.120392,1.59767,0.00166277,0.00131375,0.0265239,0.584125,0.000200016,3.97468e-10,-1.30429e-06,3.97468e-10,0.0002,-3.38922e-08,-1.30429e-06,-3.38922e-08,0.000199994
-0.672881,-0.12187,1.60005,-0.672873,-0.120352,1.5977,0.00150884,0.00535954,0.0264558,0.588881,0.000200016,4.76651e-10,-1.30397e-06,4.76651e-10,0.0002,-4.2504e-08,-1.30397e-06,-4.2504e-08,0.000199994
-0.672944,-0.11865,1.60009,-0.672897,-0.120338,1.59769,0.00219608,-0.000716844,0.028602,0.588881,0.000200016,4.49817e-10,-1.30067e-06,4.49817e-10,0.0002,-3.77372e-08,-1.30067e-06,-3.77372e-08,0.000199994
-0.672949,-0.116008,1.5996,-0.672879,-0.120016,1.59712,0.00219154,0.00192472,0.0281121,0.570807,0.000200016,3.66596e-10,-1.29876e-06,3.66596e-10,0.0002,-2.76633e-08,-1.29876e-06,-2.76633e-08,0.000199994
-0.672948,-0.113883,1.59888,-0.672869,-0.119741,1.59651,0.00219235,0.00405043,0.0273903,0.568689,0.000200016,2.94754e-10,-1.29073e-06,2.94754e-10,0.0002,-2.06717e-08,-1.29073e-06,-2.06717e-08,0.000199994
-0.672855,-0.108302,1.59925,-0.672053,-0.100651,1.60177,0.00108043,-2.25505e-05,0.0262602,0.440967,0.000200016,3.26831e-10,-1.29552e-06,3.26831e-10,0.0002,-2.62959e-08,-1.29552e-06,-2.62959e-08,0.000199994
-0.672729,-0.103801,1.59956,-0.671995,-0.100685,1.60184,0.00120669,0.00447871,0.0265696,0.440967,0.000200016,3.01139e-10,-1.30558e-06,3.01139e-10,0.0002,-2.34571e-08,-1.30558e-06,-2.34571e-08,0.000199994
-0.672657,-0.100205,1.60051,-0.672042,-0.100602,1.60171,0.00170246,-0.0013041,0.0251166,0.435992,0.000200016,3.13883e-10,-1.3085e-06,3.13883e-10,0.0002,-2.55209e-08,-1.3085e-06,-2.55209e-08,0.000199994
-0.672539,-0.0972815,1.60105,-0.671841,-0.100264,1.60117,0.00182094,0.00161941,0.025663,0.415284,0.000200016,2.97523e-10,-1.30707e-06,2.97523e-10,0.0002,-2.37239e-08,-1.30707e-06,-2.37239e-08,0.000199994
-0.672399,-0.0949099,1.60127,-0.671723,-0.0999971,1.60057,0.00196099,0.00399107,0.0258757,0.404901,0.000200016,2.55893e-10,-1.30285e-06,2.55893e-10,0.0002,-1.92637e-08,-1.30285e-06,-1.92637e-08,0.000199994
-0.672236,-0.0929672,1.60076,-0.671578,-0.0996672,1.5998,0.00266242,-0.00345963,0.0277947,0.389976,0.000200016,1.91564e-10,-1.29685e-06,1.91564e-10,0.0002,-1.27023e-08,-1.29685e-06,-1.27023e-08,0.000199994
-0.672048,-0.0875535,1.60139,-0.671151,-0.0804722,1.60441,0.00285101,0.00195407,0.0284191,0.552956,0.000200016,1.70564e-10,-1.29631e-06,1.70564e-10,0.0002,-1.18342e-08,-1.29631e-06,-1.18342e-08,0.000199994
-0.671935,-0.0832016,1.60213,-0.671118,-0.0805738,1.60461,0.00172728,-0.00253546,0.0268651,0.552956,0.000200016,2.19948e-10,-1.30256e-06,2.19948e-10,0.0002,-1.87029e-08,-1.30256e-06,-1.87029e-08,0.000199994
-0.671751,-0.0796693,1.60256,-0.670867,-0.0801135,1.60375,0.00191132,0.000996867,0.0272896,0.552956,0.000200016,2.03013e-10,-1.29996e-06,2.03013e-10,0.0002,-1.64343e-08,-1.29996e-06,-1.64343e-08,0.000199994
-0.67152,-0.0768054,1.60312,-0.670463,-0.0797106,1.60278,0.00214204,0.00386081,0.0278488,0.547905,0.000200016,1.90402e-10,-1.29149e-06,1.90402e-10,0.0002,-1.52012e-08,-1.29149e-06,-1.52012e-08,0.000199994
-0.671255,-0.0743229,1.60321,-0.669949,-0.0790694,1.60153,0.00373368,-0.00270202,0.0314737,0.529345,0.000200016,2.15091e-10,-1.29616e-06,2.15091e-10,0.0002,-1.83461e-08,-1.29616e-06,-1.83461e-08,0.000199994
-0.671562,-0.0688675,1.60554,-0.672457,-0.0615085,1.61485,0.00342709,0.00275335,0.0338019,0.622266,0.000200016,2.30678e-10,-1.29235e-06,2.30678e-10,0.0002,-1.99398e-08,-1.29235e-06,-1.99398e-08,0.000199994
-0.6718,-0.0645456,1.60694,-0.672505,-0.0616177,1.6151,0.00318931,0.00707521,0.0351965,0.61809,0.000200016,2.19019e-10,-1.28661e-06,2.19019e-10,0.0002,-1.82206e-08,-1.28661e-06,-1.82206e-08,0.000199994
-0.672086,-0.0609638,1.60831,-0.672642,-0.0615155,1.61482,0.00271243,0.0058494,0.0331868,0.622266,0.000200016,3.1038e-10,-1.29956e-06,3.1038e-10,0.0002,-2.87531e-08,-1.29956e-06,-2.87531e-08,0.000199994
-0.672251,-0.0580284,1.60983,-0.672629,-0.0612835,1.61437,0.00254773,0.00878483,0.0347108,0.617241,0.000200016,3.06146e-10,-1.31161e-06,3.06146e-10,0.0002,-2.63808e-08,-1.31161e-06,-2.63808e-08,0.000199994
-0.672379,-0.0557324,1.61139,-0.67262,-0.0611202,1.614,0.00241974,0.0110808,0.0362705,0.59714,0.000200016,3.01989e-10,-1.3057e-06,3.01989e-10,0.0002,-2.52987e-08,-1.3057e-06,-2.52987e-08,0.000199994
-0.672506,-0.053846,1.61246,-0.672622,-0.0609739,1.61363,0.00174458,-0.00131986,0.0383394,0.602663,0.000200016,3.34372e-10,-1.30516e-06,3.34372e-10,0.0002,-2.88142e-08,-1.30516e-06,-2.88142e-08,0.000199994
-0.672895,-0.0490855,1.6118,-0.674399,-0.0444114,1.60967,0.00135603,0.00344067,0.0376812,0.635928,0.000200016,2.68015e-10,-1.29504e-06,2.68015e-10,0.0002,-2.05158e-08,-1.29504e-06,-2.05158e-08,0.000199994
-0.673306,-0.0452768,1.61084,-0.674477,-0.0443928,1.60956,0.00146797,0.00232521,0.0327264,0.635928,0.000200016,3.25439e-10,-1.28801e-06,3.25439e-10,0.0002,-2.82663e-08,-1.28801e-06,-2.82663e-08,0.000199994
-0.673622,-0.0421119,1.61012,-0.674511,-0.0443386,1.60934,0.00115148,0.00549017,0.0320139,0.630928,0.000200016,3.48831e-10,-1.30067e-06,3.48831e-10,0.0002,-3.01146e-08,-1.30067e-06,-3.01146e-08,0.000199994
-0.673992,-0.0395083,1.60982,-0.674559,-0.0442786,1.60914,0.000209195,-0.000903095,0.0322251,0.635928,0.000200016,5.17915e-10,-1.3183e-06,5.17915e-10,0.0002,-4.85464e-08,-1.3183e-06,-4.85464e-08,0.000199994
-0.674223,-0.0374806,1.60988,-0.674572,-0.0442486,1.60908,-2.18331e-05,0.00112458,0.0322849,0.640928,0.000200016,5.57855e-10,-1.31979e-06,5.57855e-10,0.0002,-4.9783e-08,-1.31979e-06,-4.9783e-08,0.000199994
-0.674785,-0.0318706,1.61257,-0.676699,-0.0242133,1.62175,-0.000584104,0.00673451,0.0349721,0.394122,0.000200016,4.95529e-10,-1.31773e-06,4.95529e-10,0.0002,-4.03284e-08,-1.31773e-06,-4.03284e-08,0.000199994
-0.675255,-0.0274511,1.61443,-0.676685,-0.0242317,1.62184,-0.000456945,0.00117719,0.0350586,0.409998,0.000200016,4.75695e-10,-1.30606e-06,4.75695e-10,0.0002,-3.8339e-08,-1.30606e-06,-3.8339e-08,0.000199994
-0.675696,-0.0239427,1.61582,-0.676677,-0.0242472,1.6219,-0.000897678,0.00468554,0.0364502,0.409998,0.000200016,5.51354e-10,-1.29472e-06,5.51354e-10,0.0002,-4.79171e-08,-1.29472e-06,-4.79171e-08,0.000199994
-0.67602,-0.0210274,1.61685,-0.676721,-0.0241381,1.62146,-0.0012584,-0.00167871,0.0399067,0.399998,0.000200016,5.68513e-10,-1.30133e-06,5.68513e-10,0.0002,-4.84968e-08,-1.30133e-06,-4.84968e-08,0.000199994
-0.676361,-0.0185911,1.61765,-0.676789,-0.0239212,1.62085,-0.00159894,0.000757638,0.0407079,0.389998,0.000200016,6.80515e-10,-1.31528e-06,6.80515e-10,0.0002,-6.00831e-08,-1.31528e-06,-6.00831e-08,0.000199994
-0.676587,-0.0166263,1.61869,-0.676883,-0.0237512,1.62027,-0.00108001,-0.00658482,0.039071,0.394998,0.000200016,6.84142e-10,-1.32124e-06,6.84142e-10,0.0002,-5.7837e-08,-1.32124e-06,-5.7837e-08,0.000199994
-0.676431,-0.0112088,1.61834,-0.675557,-0.00422072,1.6149,-0.000923888,-0.00116738,0.0387241,0.59901,0.000200016,5.9165e-10,-1.31534e-06,5.9165e-10,0.0002,-4.61457e-08,-1.31534e-06,-4.61457e-08,0.000199994
-0.676388,-0.00692364,1.6177,-0.675664,-0.00413069,1.61461,-0.000880605,0.00311781,0.0380787,0.608911,0.000200016,5.94465e-10,-1.30088e-06,5.94465e-10,0.0002,-4.80297e-08,-1.30088e-06,-4.80297e-08,0.000199994
-0.676417,-0.00344729,1.61673,-0.675765,-0.00409249,1.61439,-0.000759184,-0.00341098,0.0399155,0.59419,0.000200016,6.56036e-10,-1.29813e-06,6.56036e-10,0.0002,-5.58172e-08,-1.29813e-06,-5.58172e-08,0.000199994
-0.676492,-0.000529274,1.61573,-0.675901,-0.00393482,1.61384,-0.000834038,-0.000492963,0.0389243,0.584289,0.000200016,7.43538e-10,-1.31324e-06,7.43538e-10,0.0002,-6.44599e-08,-1.31324e-06,-6.44599e-08,0.000199994
-0.676616,0.00186391,1.61513,-0.676127,-0.00374346,1.61325,-0.00154691,-0.007274,0.0371037,0.584289,0.000200016,8.42516e-10,-1.32618e-06,8.42516e-10,0.0002,-7.32526e-08,-1.32618e-06,-7.32526e-08,0.000199994
-0.676737,0.00772529,1.61522,-0.676558,0.0162958,1.61556,-0.00166776,-0.00141261,0.0371873,0.544118,0.000200016,8.19502e-10,-1.32473e-06,8.19502e-10,0.0002,-6.79986e-08,-1.32473e-06,-6.79986e-08,0.000199994
-0.676878,0.0123042,1.61545,-0.676807,0.0163823,1.61533,-0.00180818,0.00316633,0.0374167,0.544118,0.000200016,7.82696e-10,-1.30339e-06,7.82696e-10,0.0002,-6.3887e-08,-1.30339e-06,-6.3887e-08,0.000199994
-0.676959,0.0160386,1.61547,-0.676956,0.0164056,1.61504,-0.00137413,0.00185455,0.0351393,0.54902,0.000200016,6.74463e-10,-1.30039e-06,6.74463e-10,0.0002,-5.15587e-08,-1.30039e-06,-5.15587e-08,0.000199994
-0.677144,0.0190852,1.61499,-0.677118,0.0165073,1.61464,-0.00155868,0.0049011,0.0346635,0.544118,0.000200016,7.0805e-10,-1.30467e-06,7.0805e-10,0.0002,-5.73389e-08,-1.30467e-06,-5.73389e-08,0.000199994
-0.677337,0.0216067,1.61465,-0.677348,0.0167157,1.61379,-0.00189033,-0.00160945,0.0372903,0.52451,0.000200016,7.41907e-10,-1.31422e-06,7.41907e-10,0.0002,-6.12355e-08,-1.31422e-06,-6.12355e-08,0.000199994
-0.677546,0.0237516,1.61391,-0.677619,0.0171412,1.61252,-0.00209911,0.000535473,0.0365548,0.534314,0.000200016,7.72413e-10,-1.32714e-06,7.72413e-10,0.0002,-6.37366e-08,-1.32714e-06,-6.37366e-08,0.000199994
-0.677659,0.0290983,1.61398,-0.677646,0.0356012,1.61839,-0.00221237,0.00588212,0.0366218,0.49505,0.000200016,6.93764e-10,-1.32568e-06,6.93764e-10,0.0002,-5.4035e-08,-1.32568e-06,-5.4035e-08,0.000199994
-0.677809,0.0333306,1.61444,-0.677742,0.0355976,1.61834,-0.00240978,0.00052847,0.0379901,0.485149,0.000200016,6.87046e-10,-1.31764e-06,6.87046e-10,0.0002,-5.46145e-08,-1.31764e-06,-5.46145e-08,0.000199994
-0.677934,0.0367899,1.61371,-0.677864,0.0358543,1.61754,-0.00253492,0.00398777,0.037265,0.5,0.000200016,6.5333e-10,-1.31605e-06,6.5333e-10,0.0002,-5.13965e-08,-1.31605e-06,-5.13965e-08,0.000199994
-0.678058,0.0397146,1.61267,-0.678005,0.0366401,1.61521,-0.00188824,-0.00308419,0.0327588,0.509901,0.000200016,6.24511e-10,-1.31505e-06,6.24511e-10,0.0002,-4.89942e-08,-1.31505e-06,-4.89942e-08,0.000199994
-0.678224,0.0421924,1.61176,-0.678166,0.0375504,1.61279,-0.00205475,-0.000606407,0.0318526,0.524752,0.000200016,6.545e-10,-1.30734e-06,6.545e-10,0.0002,-5.37308e-08,-1.30734e-06,-5.37308e-08,0.000199994
-0.678383,0.0443732,1.61102,-0.678309,0.0383292,1.61064,-0.00221342,0.00157431,0.0311102,0.534653,0.000200016,6.82595e-10,-1.30921e-06,6.82595e-10,0.0002,-5.68554e-08,-1.30921e-06,-5.68554e-08,0.000199994
-0.678538,0.0496012,1.61238,-0.678531,0.0558497,1.61678,-0.00241011,-0.00238793,0.0375394,0.455446,0.000200016,6.73855e-10,-1.30714e-06,6.73855e-10,0.0002,-5.53941e-08,-1.30714e-06,-5.53941e-08,0.000199994
-0.678696,0.0537643,1.61373,-0.67869,0.0557534,1.61706,-0.00256808,0.00177516,0.0388891,0.455446,0.000200016,6.7275e-10,-1.30579e-06,6.7275e-10,0.0002,-5.52182e-08,-1.30579e-06,-5.52182e-08,0.000199994
-0.678803,0.0571156,1.61475,-0.6788,0.0558488,1.61678,-0.00274502,-0.00454939,0.0439339,0.455446,0.000200016,6.19014e-10,-1.30519e-06,6.19014e-10,0.0002,-4.89388e-08,-1.30519e-06,-4.89388e-08,0.000199994
-0.678978,0.0598083,1.61454,-0.678933,0.0562395,1.61525,-0.00291947,-0.00185676,0.0437229,0.460396,0.000200016,6.56612e-10,-1.29416e-06,6.56612e-10,0.0002,-5.47314e-08,-1.29416e-06,-5.47314e-08,0.000199994
-0.679097,0.0621721,1.61403,-0.679036,0.0568531,1.61351,-0.00303838,0.000507043,0.0432071,0.475248,0.000200016,6.38673e-10,-1.30101e-06,6.38673e-10,0.0002,-5.21317e-08,-1.30101e-06,-5.21317e-08,0.000199994
-0.678924,0.0678528,1.61122,-0.677557,0.0755945,1.60154,-0.0028811,0.00160902,0.0412371,0.365618,0.000200016,6.85179e-10,-1.3119e-06,6.85179e-10,0.0002,-5.73158e-08,-1.3119e-06,-5.73158e-08,0.000199994
-0.678817,0.0724339,1.6094,-0.677847,0.0756654,1.60108,-0.00277393,0.00619018,0.0394157,0.356049,0.000200016,6.8682e-10,-1.32246e-06,6.8682e-10,0.0002,-5.63348e-08,-1.32246e-06,-5.63348e-08,0.000199994
-0.678714,0.0760413,1.60821,-0.677899,0.0756917,1.6009,-0.00260926,0.000311334,0.0397025,0.360834,0.000200016,6.44536e-10,-1.31918e-06,6.44536e-10,0.0002,-5.12137e-08,-1.31918e-06,-5.12137e-08,0.000199994
-0.678694,0.0789483,1.607,-0.67801,0.0758051,1.60062,-0.00258977,0.00321837,0.038494,0.358852,0.000200016,6.63463e-10,-1.31685e-06,6.63463e-10,0.0002,-5.4056e-08,-1.31685e-06,-5.4056e-08,0.000199994
-0.678594,0.0812373,1.6052,-0.678137,0.0759216,1.60004,-0.00248952,0.00550735,0.0366862,0.349282,0.000200016,5.18236e-10,-1.3058e-06,5.18236e-10,0.0002,-3.75061e-08,-1.3058e-06,-3.75061e-08,0.000199994
-0.678652,0.083252,1.60252,-0.678511,0.0765316,1.59852,-0.002081,-0.00654625,0.0292154,0.349282,0.000200016,4.8477e-10,-1.30861e-06,4.8477e-10,0.0002,-3.60764e-08,-1.30861e-06,-3.60764e-08,0.000199994
-0.679032,0.0886802,1.60109,-0.680042,0.0955117,1.60573,-0.00246127,-0.00111805,0.0277897,0.59033,0.000200016,4.77891e-10,-1.31375e-06,4.77891e-10,0.0002,-3.69661e-08,-1.31375e-06,-3.69661e-08,0.000199994
-0.679275,0.0930861,1.59933,-0.680063,0.0957118,1.6052,-0.00270438,0.00328787,0.0260258,0.600846,0.000200016,3.79566e-10,-1.32074e-06,3.79566e-10,0.0002,-2.64345e-08,-1.32074e-06,-2.64345e-08,0.000199994
-0.679584,0.0966607,1.59798,-0.680132,0.0960828,1.60398,-0.00303087,-0.0025952,0.0266607,0.592938,0.000200016,4.43015e-10,-1.32138e-06,4.43015e-10,0.0002,-3.59573e-08,-1.32138e-06,-3.59573e-08,0.000199994
-0.679844,0.099687,1.59714,-0.680225,0.0969149,1.60203,-0.00329074,0.000431089,0.0258157,0.599219,0.000200016,4.93919e-10,-1.3218e-06,4.93919e-10,0.0002,-4.1781e-08,-1.3218e-06,-4.1781e-08,0.000199994
-0.680068,0.10237,1.5965,-0.680318,0.0978008,1.60018,-0.00351487,0.0031145,0.0251822,0.621254,0.000200017,5.39884e-10,-1.33569e-06,5.39884e-10,0.0002,-4.56896e-08,-1.33569e-06,-4.56896e-08,0.000199994
-0.680156,0.10454,1.59622,-0.680429,0.0984297,1.59873,-0.0033546,-0.00470785,0.0298438,0.633012,0.000200016,4.18354e-10,-1.32798e-06,4.18354e-10,0.0002,-3.07647e-08,-1.32798e-06,-3.07647e-08,0.000199994
-0.679684,0.109685,1.59775,-0.6779,0.115686,1.60439,-0.00288194,0.000437242,0.0313709,0.496122,0.000200016,2.62034e-10,-1.31642e-06,2.62034e-10,0.0002,-1.44719e-08,-1.31642e-06,-1.44719e-08,0.000199994
-0.679326,0.113653,1.59957,-0.677788,0.115379,1.60528,-0.00304542,-0.00396859,0.0354454,0.491492,0.000200016,2.03897e-10,-1.29524e-06,2.03897e-10,0.0002,-1.14304e-08,-1.29524e-06,-1.14304e-08,0.000199994
-0.679063,0.116888,1.60133,-0.677776,0.115361,1.60531,-0.00278244,-0.000734191,0.037214,0.491492,0.000200016,2.03367e-10,-1.29178e-06,2.03367e-10,0.0002,-1.41845e-08,-1.29178e-06,-1.41845e-08,0.000199994
-0.678907,0.119608,1.60182,-0.677917,0.115709,1.60428,-0.00262615,0.00198592,0.0376975,0.491492,0.000200016,2.42605e-10,-1.29966e-06,2.42605e-10,0.0002,-2.00586e-08,-1.29966e-06,-2.00586e-08,0.000199994
-0.678847,0.121955,1.60191,-0.67802,0.116148,1.60279,-0.00256573,0.00433363,0.037787,0.502803,0.000200016,3.42342e-10,-1.3181e-06,3.42342e-10,0.0002,-3.12704e-08,-1.3181e-06,-3.12704e-08,0.000199994
-0.678573,0.127447,1.60172,-0.677316,0.134628,1.60463,-0.001809,0.00528736,0.0438943,0.405405,0.000200016,2.954e-10,-1.31671e-06,2.954e-10,0.0002,-2.40938e-08,-1.31671e-06,-2.40938e-08,0.000199994
-0.678345,0.131799,1.6018,-0.677276,0.134635,1.6047,-0.00196238,0.000151163,0.043751,0.414414,0.000200016,2.536e-10,-1.30902e-06,2.536e-10,0.0002,-1.93308e-08,-1.30902e-06,-1.93308e-08,0.000199994
-0.678126,0.135251,1.60279,-0.677213,0.134589,1.60469,-0.00174362,0.00360319,0.0447414,0.400901,0.000200016,1.95316e-10,-1.3008e-06,1.95316e-10,0.0002,-1.33525e-08,-1.3008e-06,-1.33525e-08,0.000199994
-0.678013,0.138075,1.60357,-0.677196,0.134804,1.60412,-0.00168071,-0.00321454,0.0439434,0.40991,0.000200016,2.42939e-10,-1.29861e-06,2.42939e-10,0.0002,-2.03604e-08,-1.29861e-06,-2.03604e-08,0.000199994
-0.677917,0.140509,1.60351,-0.677155,0.135255,1.60275,-0.0015848,-0.000780106,0.0438805,0.414414,0.000200016,2.89515e-10,-1.3108e-06,2.89515e-10,0.0002,-2.54165e-08,-1.3108e-06,-2.54165e-08,0.000199994
-0.677834,0.142667,1.60265,-0.677125,0.136093,1.60075,-0.00150147,0.00137755,0.0430174,0.418919,0.000200016,3.27396e-10,-1.32542e-06,3.27396e-10,0.0002,-2.85939e-08,-1.32542e-06,-2.85939e-08,0.000199994
-0.67775,0.148083,1.60152,-0.67707,0.154754,1.59859,-0.00050704,-0.00298252,0.0383632,0.318584,0.000200016,3.49652e-10,-1.32798e-06,3.49652e-10,0.0002,-2.99934e-08,-1.32798e-06,-2.99934e-08,0.000199994
-0.677662,0.152448,1.60025,-0.677075,0.154806,1.59825,-0.000418859,0.00138264,0.0370873,0.318584,0.000200016,3.31347e-10,-1.33314e-06,3.31347e-10,0.0002,-2.68636e-08,-1.33314e-06,-2.68636e-08,0.000199994
-0.67756,0.15588,1.59949,-0.677047,0.154819,1.59803,-0.00100018,-0.00367956,0.0407633,0.314159,0.000200016,2.77927e-10,-1.32634e-06,2.77927e-10,0.0002,-2.07331e-08,-1.32634e-06,-2.07331e-08,0.000199994
-0.677468,0.158657,1.5996,-0.677015,0.154981,1.59744,-0.000908674,-0.000901864,0.0408692,0.318584,0.000200016,2.36866e-10,-1.32199e-06,2.36866e-10,0.0002,-1.69426e-08,-1.32199e-06,-1.69426e-08,0.000199994
-0.677439,0.160925,1.59933,-0.677022,0.155214,1.59669,-0.000878858,0.0013656,0.0405968,0.314159,0.000200016,2.63848e-10,-1.31901e-06,2.63848e-10,0.0002,-2.12481e-08,-1.31901e-06,-2.12481e-08,0.000199994
-0.677728,0.166835,1.60218,-0.678464,0.175485,1.6141,-0.000772497,0.00225213,0.0394886,0.828045,0.000200016,2.86163e-10,-1.32391e-06,2.86163e-10,0.0002,-2.38232e-08,-1.32391e-06,-2.38232e-08,0.000199994
-0.677925,0.171422,1.60482,-0.678257,0.174782,1.61592,-0.000969587,0.00683963,0.0421343,0.825352,0.000200016,3.15956e-10,-1.32702e-06,3.15956e-10,0.0002,-2.68394e-08,-1.32702e-06,-2.68394e-08,0.000199994
-0.678069,0.175062,1.60686,-0.678159,0.174631,1.61657,-0.00143419,-0.0040428,0.0472936,0.857237,0.000200016,3.49145e-10,-1.32898e-06,3.49145e-10,0.0002,-2.99148e-08,-1.32898e-06,-2.99148e-08,0.000199994
-0.678111,0.177942,1.60864,-0.678214,0.174669,1.61624,-0.00147627,-0.00116305,0.0490659,0.827169,0.000200016,2.62494e-10,-1.32389e-06,2.62494e-10,0.0002,-1.91365e-08,-1.32389e-06,-1.91365e-08,0.000199994
-0.678177,0.180245,1.61071,-0.678271,0.174775,1.61592,-0.00154298,0.00114011,0.0511442,0.823626,0.000200016,2.31927e-10,-1.3171e-06,2.31927e-10,0.0002,-1.67755e-08,-1.3171e-06,-1.67755e-08,0.000199994
-0.678294,0.182168,1.61188,-0.678347,0.174975,1.61548,-0.00172181,-0.00214027,0.0490153,0.829662,0.000200016,2.77487e-10,-1.31927e-06,2.77487e-10,0.0002,-2.30722e-08,-1.31927e-06,-2.30722e-08,0.000199994
-0.677934,0.18772,1.60804,-0.675995,0.194834,1.59375,-0.00136234,0.00341155,0.0451799,0.44958,0.000200016,3.80567e-10,-1.32718e-06,3.80567e-10,0.0002,-3.44872e-08,-1.32718e-06,-3.44872e-08,0.000199994
-0.677595,0.192111,1.60463,-0.675888,0.194896,1.5936,-0.000602982,-0.00204635,0.0453208,0.445895,0.000200016,4.09298e-10,-1.32224e-06,4.09298e-10,0.0002,-3.59786e-08,-1.32224e-06,-3.59786e-08,0.000199994
-0.67724,0.195652,1.60178,-0.675809,0.194919,1.5935,-0.000247746,0.00149465,0.0424706,0.445895,0.000200016,3.28214e-10,-1.32286e-06,3.28214e-10,0.0002,-2.51681e-08,-1.32286e-06,-2.51681e-08,0.000199994
-0.676974,0.198443,1.59968,-0.675717,0.194929,1.59338,1.8853e-05,0.00428561,0.0403736,0.445895,0.000200016,3.07464e-10,-1.31625e-06,3.07464e-10,0.0002,-2.36103e-08,-1.31625e-06,-2.36103e-08,0.000199994
-0.676704,0.200675,1.59867,-0.67557,0.195029,1.59309,0.000273661,-0.00285789,0.0420739,0.441694,0.000200016,2.56671e-10,-1.30873e-06,2.56671e-10,0.0002,-1.85524e-08,-1.30873e-06,-1.85524e-08,0.000199994
-0.676524,0.206493,1.59824,-0.675734,0.214765,1.59496,0.000453306,0.00296001,0.0416409,0.371927,0.000200016,2.18252e-10,-1.31753e-06,2.18252e-10,0.0002,-1.52292e-08,-1.31753e-06,-1.52292e-08,0.000199994
-0.676337,0.211146,1.59726,-0.675726,0.21475,1.59488,0.000980926,-0.00187338,0.0427864,0.356189,0.000200016,1.25131e-10,-1.32335e-06,1.25131e-10,0.0002,-5.71801e-09,-1.32335e-06,-5.71801e-09,0.000199994
-0.676104,0.214975,1.59595,-0.675622,0.21475,1.59487,0.00121356,0.00195641,0.0414806,0.352022,0.000200017,-4.05291e-11,-1.34433e-06,-4.05291e-11,0.0002,1.09263e-08,-1.34433e-06,1.09263e-08,0.000199994
-0.675893,0.217957,1.59447,-0.675515,0.214767,1.59474,0.00142518,0.0049385,0.0399954,0.35758,0.000200017,-1.80116e-10,-1.34413e-06,-1.80116e-10,0.0002,2.28067e-08,-1.34413e-06,2.28067e-08,0.000199994
-0.675769,0.220341,1.59352,-0.675446,0.214869,1.59439,0.00115183,-0.00222656,0.0341675,0.352523,0.000200017,-2.00228e-10,-1.34034e-06,-2.00228e-10,0.0002,2.08101e-08,-1.34034e-06,2.08101e-08,0.000199994
-0.675647,0.222253,1.59296,-0.675239,0.215008,1.59383,0.00127379,-0.000313913,0.0336081,0.34419,0.000200017,-1.83152e-10,-1.33444e-06,-1.83152e-10,0.0002,1.64732e-08,-1.33444e-06,1.64732e-08,0.000199994
-0.675623,0.227627,1.5932,-0.676042,0.23443,1.59415,0.000905555,-0.00425721,0.0363583,0.485385,0.000200016,-2.84588e-10,-1.32416e-06,-2.84588e-10,0.0002,2.73547e-08,-1.32416e-06,2.73547e-08,0.000199994
-0.675648,0.232017,1.5934,-0.676044,0.234465,1.5942,0.000879926,0.000132973,0.0365597,0.501232,0.000200017,-3.02916e-10,-1.33105e-06,-3.02916e-10,0.0002,2.70961e-08,-1.33105e-06,2.70961e-08,0.000199994
-0.675689,0.235463,1.59324,-0.67604,0.234453,1.59417,0.000839653,0.00357839,0.0364048,0.501232,0.000200016,-2.85827e-10,-1.32517e-06,-2.85827e-10,0.0002,2.38453e-08,-1.32517e-06,2.38453e-08,0.000199994
-0.675678,0.238218,1.5929,-0.676037,0.23444,1.59413,0.000491211,-0.00317102,0.0408642,0.489484,0.000200016,-3.31293e-10,-1.32155e-06,-3.31293e-10,0.0002,2.87655e-08,-1.32155e-06,2.87655e-08,0.000199994
-0.675625,0.240428,1.59283,-0.676031,0.234469,1.5941,0.000544517,-0.000960429,0.0407925,0.494706,0.000200016,-4.25973e-10,-1.31938e-06,-4.25973e-10,0.0002,3.87581e-08,-1.31938e-06,3.87581e-08,0.000199994
-0.675276,0.242127,1.59337,-0.676006,0.234513,1.59399,0.000810233,-0.00853183,0.039934,0.490607,0.000200016,-9.03684e-10,-1.30547e-06,-9.03684e-10,0.0002,9.27583e-08,-1.30547e-06,9.27583e-08,0.000199994
-0.674583,0.247438,1.594,-0.675119,0.25478,1.59337,0.00150326,-0.00322049,0.0405565,0.463115,0.000200016,-1.57502e-09,-1.28049e-06,-1.57502e-09,0.0002,1.64712e-07,-1.28049e-06,1.64712e-07,0.000199994
-0.673698,0.251334,1.59417,-0.675097,0.254783,1.59328,0.00238801,0.000675397,0.0407266,0.454918,0.000200014,-2.41836e-09,-1.20789e-06,-2.41836e-09,0.0002,2.63058e-07,-1.20789e-06,2.63058e-07,0.000199994
-0.672336,0.253729,1.59459,-0.674997,0.254824,1.59317,0.00296039,-0.00673924,0.0409221,0.45082,0.000200012,-3.46106e-09,-1.04483e-06,-3.46106e-09,0.000200001,4.27324e-07,-1.04483e-06,4.27324e-07,0.000199995
-0.671034,0.255305,1.59491,-0.67461,0.254809,1.59306,0.00426261,-0.00516354,0.0412413,0.438525,0.000200009,-4.01044e-09,-8.86646e-07,-4.01044e-09,0.000200002,5.54091e-07,-8.86646e-07,5.54091e-07,0.000199995
-0.66997,0.256338,1.59545,-0.674207,0.254848,1.59295,0.00218077,-0.0111306,0.0465538,0.430328,0.000200007,-4.06626e-09,-7.47928e-07,-4.06626e-09,0.000200003,6.25807e-07,-7.47928e-07,6.25807e-07,0.000199996
-0.667623,0.260408,1.59649,-0.667513,0.272444,1.59126,0.00452751,-0.0070596,0.0475895,0.620433,0.000200005,-3.92e-09,-6.16029e-07,-3.92e-09,0.000200004,6.96406e-07,-6.16029e-07,6.96406e-07,0.000199996
-0.665609,0.263522,1.59761,-0.667375,0.272454,1.59118,0.00654184,-0.00394657,0.0487102,0.625497,0.000200004,-3.67011e-09,-5.08706e-07,-3.67011e-09,0.000200005,7.5908e-07,-5.08706e-07,7.5908e-07,0.000199997
-0.66382,0.265866,1.59878,-0.667249,0.272446,1.59099,0.00604699,-0.00367647,0.0488585,0.616658,0.000200003,-3.36902e-09,-4.17392e-07,-3.36902e-09,0.000200006,8.23544e-07,-4.17392e-07,8.23544e-07,0.000199997
-0.662305,0.267681,1.59997,-0.66694,0.27246,1.59073,0.00756207,-0.00186091,0.05005,0.616658,0.000200002,-3.04725e-09,-3.4938e-07,-3.04725e-09,0.000200006,8.68379e-07,-3.4938e-07,8.68379e-07,0.000199997
-0.661137,0.268991,1.60018,-0.666856,0.27249,1.59064,0.00371789,-0.00251025,0.0426406,0.616658,0.000200001,-2.62093e-09,-2.81815e-07,-2.62093e-09,0.000200007,8.87602e-07,-2.81815e-07,8.87602e-07,0.000199997
-0.657704,0.270967,1.60013,-0.65424,0.276406,1.58696,0.00715082,-0.000534876,0.0425886,0.448871,0.000200001,-2.42024e-09,-2.62557e-07,-2.42024e-09,0.000200007,8.95676e-07,-2.62557e-07,8.95676e-07,0.000199997
-0.654926,0.272577,1.59987,-0.65397,0.276454,1.58642,0.0099293,0.00107525,0.0423352,0.440503,0.000200001,-2.28905e-09,-2.53465e-07,-2.28905e-09,0.000200007,8.97347e-07,-2.53465e-07,8.97347e-07,0.000199997
-0.652633,0.273961,1.59982,-0.653612,0.276516,1.58613,0.00644864,0.00121166,0.0356899,0.418733,0.000200001,-2.27674e-09,-2.61253e-07,-2.27674e-09,0.000200007,8.97974e-07,-2.61253e-07,8.97974e-07,0.000199997
-0.650656,0.275079,1.59949,-0.652896,0.276567,1.58576,0.00842574,0.00232949,0.0353646,0.408499,0.000200001,-2.2755e-09,-2.66136e-07,-2.2755e-09,0.000200007,8.98406e-07,-2.66136e-07,8.98406e-07,0.000199997
-0.648735,0.275815,1.59836,-0.652283,0.276596,1.58556,0.00476981,0.00176824,0.0222552,0.408388,0.000200001,-2.17802e-09,-2.42654e-07,-2.17802e-09,0.000200008,9.33671e-07,-2.42654e-07,9.33671e-07,0.000199997
-0.647026,0.276411,1.597,-0.652063,0.276624,1.5853,0.00647842,0.00236411,0.020887,0.412572,0.000200001,-2.12807e-09,-2.27629e-07,-2.12807e-09,0.000200009,9.76769e-07,-2.27629e-07,9.76769e-07,0.000199997
-0.643135,0.277563,1.60045,-0.638356,0.280122,1.61113,0.0103697,0.00351635,0.0243365,0.577836,0.0002,-1.98487e-09,-2.09478e-07,-1.98487e-09,0.000200009,9.70669e-07,-2.09478e-07,9.70669e-07,0.000199997
-0.639934,0.278598,1.60269,-0.638214,0.280122,1.61115,0.00764443,0.00384768,0.017523,0.578321,0.0002,-2.00446e-09,-2.16142e-07,-2.00446e-09,0.000200009,9.76283e-07,-2.16142e-07,9.76283e-07,0.000199997
-0.637275,0.279876,1.60398,-0.637753,0.280121,1.61118,0.0103031,0.00512602,0.0188068,0.574538,0.000200001,-2.49061e-09,-2.92516e-07,-2.49061e-09,0.000200009,9.80904e-07,-2.92516e-07,9.80904e-07,0.000199997
-0.635104,0.281386,1.60511,-0.637336,0.28011,1.61118,0.00770205,0.00687558,0.0163969,0.574383,0.000200001,-3.37071e-09,-4.20021e-07,-3.37071e-09,0.000200009,9.77673e-07,-4.20021e-07,9.77673e-07,0.000199996
-0.63323,0.282834,1.6055,-0.636915,0.280119,1.61124,0.00957659,0.00832359,0.0167951,0.583477,0.000200002,-4.32897e-09,-5.39546e-07,-4.32897e-09,0.000200009,9.84451e-07,-5.39546e-07,9.84451e-07,0.000199996
-0.631628,0.284126,1.60581,-0.636801,0.280128,1.61119,0.0111784,0.00961479,0.017104,0.579321,0.000200003,-5.25824e-09,-6.3705e-07,-5.25824e-09,0.000200009,1.0016e-06,-6.3705e-07,1.0016e-06,0.000199996
-0.62921,0.285558,1.60666,-0.630442,0.281085,1.61109,0.0105443,0.0102641,0.0166186,0.565885,0.000200004,-6.08996e-09,-7.33156e-07,-6.08996e-09,0.000200009,9.90662e-07,-7.33156e-07,9.90662e-07,0.000199995
-0.627223,0.286772,1.60719,-0.630267,0.281102,1.61088,0.0125313,0.0114786,0.0171494,0.553807,0.000200005,-6.78634e-09,-8.05236e-07,-6.78634e-09,0.000200009,9.86468e-07,-8.05236e-07,9.86468e-07,0.000199995
-0.625632,0.287785,1.6078,-0.629824,0.281109,1.61076,0.00897224,0.0100489,0.0265272,0.549916,0.000200006,-7.26101e-09,-8.57952e-07,-7.26101e-09,0.000200009,9.69666e-07,-8.57952e-07,9.69666e-07,0.000199995
-0.624313,0.288575,1.60796,-0.629485,0.281117,1.61072,0.0102911,0.0108396,0.026694,0.549337,0.000200007,-7.55502e-09,-8.88238e-07,-7.55502e-09,0.000200009,9.5556e-07,-8.88238e-07,9.5556e-07,0.000199994
-0.623155,0.28927,1.60839,-0.629278,0.2811,1.61063,0.0060198,0.00758401,0.0276209,0.546011,0.000200007,-7.88204e-09,-9.18386e-07,-7.88204e-09,0.000200009,9.56169e-07,-9.18386e-07,9.56169e-07,0.000199994
-0.620948,0.291387,1.60863,-0.622556,0.289016,1.61065,0.00822688,0.0097002,0.0278648,0.775752,0.000200008,-8.03532e-09,-9.34001e-07,-8.03532e-09,0.000200008,9.46378e-07,-9.34001e-07,9.46378e-07,0.000199994
-0.619165,0.292955,1.60903,-0.622494,0.289031,1.61061,0.0100098,0.0112686,0.0282597,0.783415,0.000200008,-8.01692e-09,-9.23757e-07,-8.01692e-09,0.000200008,9.4071e-07,-9.23757e-07,9.4071e-07,0.000199994
-0.617598,0.294172,1.60933,-0.622437,0.289029,1.61054,0.00740332,0.00804487,0.0281715,0.771921,0.000200008,-8.07722e-09,-9.11312e-07,-8.07722e-09,0.000200009,9.57618e-07,-9.11312e-07,9.57618e-07,0.000199994
-0.6164,0.295292,1.60862,-0.622359,0.289021,1.61045,0.0086013,0.00916465,0.0274623,0.760426,0.000200008,-8.19923e-09,-9.26465e-07,-8.19923e-09,0.000200009,9.57623e-07,-9.26465e-07,9.57623e-07,0.000199994
-0.615517,0.296187,1.60825,-0.622319,0.289042,1.61038,0.00948381,0.0100603,0.0270885,0.755033,0.000200008,-8.20512e-09,-9.35505e-07,-8.20512e-09,0.000200008,9.44176e-07,-9.35505e-07,9.44176e-07,0.000199994
-0.614818,0.296839,1.60762,-0.622256,0.289043,1.61028,0.00451857,0.00473199,0.0297391,0.758864,0.000200008,-8.12225e-09,-9.30712e-07,-8.12225e-09,0.000200008,9.328e-07,-9.30712e-07,9.328e-07,0.000199994
-0.611593,0.299641,1.60598,-0.609583,0.30043,1.60771,0.00774309,0.00753325,0.0281,0.727045,0.000200008,-8.18309e-09,-9.27891e-07,-8.18309e-09,0.000200008,9.46393e-07,-9.27891e-07,9.46393e-07,0.000199994
-0.608795,0.301926,1.60402,-0.60955,0.30041,1.60758,0.00463026,0.00376244,0.0299014,0.719498,0.000200008,-8.48785e-09,-9.33144e-07,-8.48785e-09,0.000200009,9.89687e-07,-9.33144e-07,9.89687e-07,0.000199994
-0.606624,0.303704,1.60263,-0.609488,0.300395,1.60744,0.00680066,0.0055398,0.0285135,0.723271,0.000200008,-8.59912e-09,-9.28631e-07,-8.59912e-09,0.000200009,1.00457e-06,-9.28631e-07,1.00457e-06,0.000199994
-0.604961,0.305074,1.60172,-0.609444,0.300376,1.60741,0.00552621,0.00378607,0.0257846,0.715724,0.000200008,-8.54995e-09,-9.18119e-07,-8.54995e-09,0.000200009,1.00107e-06,-9.18119e-07,1.00107e-06,0.000199994
-0.603622,0.306217,1.60098,-0.6094,0.3004,1.60734,0.00686553,0.00492878,0.0250439,0.72117,0.000200008,-8.54803e-09,-9.17869e-07,-8.54803e-09,0.000200009,9.98923e-07,-9.17869e-07,9.98923e-07,0.000199994
-0.599971,0.309678,1.59806,-0.596687,0.312904,1.59102,0.0105158,0.00838961,0.0221194,0.688539,0.000200008,-8.63109e-09,-9.28165e-07,-8.63109e-09,0.000200009,1.00052e-06,-9.28165e-07,1.00052e-06,0.000199994
-0.597035,0.312373,1.59619,-0.596532,0.312878,1.59078,0.0039904,0.00240986,0.0256193,0.681104,0.000200008,-8.60877e-09,-9.23634e-07,-8.60877e-09,0.000200009,9.99182e-07,-9.23634e-07,9.99182e-07,0.000199994
-0.594603,0.314506,1.59516,-0.596453,0.312883,1.59052,0.00642233,0.00454368,0.0245881,0.683879,0.000200008,-8.62968e-09,-9.17153e-07,-8.62968e-09,0.000200009,1.00902e-06,-9.17153e-07,1.00902e-06,0.000199994
-0.592561,0.316172,1.59412,-0.596406,0.312886,1.59049,0.00846411,0.0062097,0.0235514,0.683879,0.000200008,-8.68325e-09,-9.06053e-07,-8.68325e-09,0.00020001,1.02952e-06,-9.06053e-07,1.02952e-06,0.000199994
-0.590997,0.317591,1.59324,-0.596322,0.31291,1.59021,0.002995,0.00184293,0.0232466,0.680161,0.000200008,-8.73022e-09,-9.11845e-07,-8.73022e-09,0.00020001,1.02904e-06,-9.11845e-07,1.02904e-06,0.000199993
-0.589818,0.318634,1.59229,-0.596275,0.312889,1.59008,0.00417394,0.00288598,0.0223048,0.677581,0.000200008,-8.59255e-09,-9.01219e-07,-8.59255e-09,0.00020001,1.0158e-06,-9.01219e-07,1.0158e-06,0.000199994
-0.585232,0.322269,1.58845,-0.578581,0.327402,1.57257,0.00220692,0.000196652,0.0203026,0.442179,0.000200007,-8.47469e-09,-8.80952e-07,-8.47469e-09,0.00020001,1.02137e-06,-8.80952e-07,1.02137e-06,0.000199994
-0.581266,0.325236,1.5851,-0.577747,0.327299,1.57116,0.00617358,0.00316386,0.016946,0.427889,0.000200007,-8.59049e-09,-8.80525e-07,-8.59049e-09,0.00020001,1.04627e-06,-8.80525e-07,1.04627e-06,0.000199994
-0.577862,0.327621,1.58219,-0.577258,0.327382,1.57007,0.00957685,0.0055495,0.0140443,0.425816,0.000200007,-8.80281e-09,-8.79227e-07,-8.80281e-09,0.000200011,1.08369e-06,-8.79227e-07,1.08369e-06,0.000199993
-0.575161,0.329484,1.57953,-0.576959,0.327394,1.56942,0.00883512,0.00440707,0.00865452,0.416332,0.000200007,-8.83817e-09,-8.70126e-07,-8.83817e-09,0.000200011,1.09509e-06,-8.70126e-07,1.09509e-06,0.000199993
-0.57303,0.33078,1.5779,-0.576812,0.327408,1.56932,0.0109663,0.0057033,0.00702455,0.415927,0.000200007,-8.58116e-09,-8.32771e-07,-8.58116e-09,0.000200011,1.09308e-06,-8.32771e-07,1.09308e-06,0.000199993
-0.571115,0.33165,1.57652,-0.576624,0.32743,1.56894,0.00589066,0.000183712,0.00737449,0.412195,0.000200006,-8.31939e-09,-7.81207e-07,-8.31939e-09,0.000200011,1.11968e-06,-7.81207e-07,1.11968e-06,0.000199993
-0.566978,0.334504,1.57916,-0.564172,0.338539,1.58865,0.0100273,0.00303767,0.0100104,0.641022,0.000200005,-8.10176e-09,-7.34027e-07,-8.10176e-09,0.000200012,1.15761e-06,-7.34027e-07,1.15761e-06,0.000199993
-0.563815,0.336547,1.58158,-0.564166,0.338496,1.58866,0.01319,0.00508063,0.0124301,0.625061,0.000200005,-7.5375e-09,-6.67517e-07,-7.5375e-09,0.000200012,1.15769e-06,-6.67517e-07,1.15769e-06,0.000199994
-0.561301,0.337651,1.58299,-0.56416,0.338484,1.58863,0.00847302,0.00183937,0.0126925,0.624834,0.000200004,-6.44827e-09,-5.40578e-07,-6.44827e-09,0.000200012,1.15491e-06,-5.40578e-07,1.15491e-06,0.000199994
-0.559343,0.338388,1.58401,-0.564126,0.338489,1.5886,0.0104301,0.00257626,0.0137142,0.62284,0.000200003,-5.39915e-09,-4.35926e-07,-5.39915e-09,0.000200012,1.14306e-06,-4.35926e-07,1.14306e-06,0.000199994
-0.557687,0.338992,1.58545,-0.564099,0.338553,1.58861,0.00506675,-0.000183023,0.0202734,0.644658,0.000200002,-4.6497e-09,-3.69864e-07,-4.6497e-09,0.000200012,1.14893e-06,-3.69864e-07,1.14893e-06,0.000199994
-0.553298,0.341056,1.58679,-0.549204,0.346847,1.59158,0.00945599,0.00188139,0.0216084,0.678592,0.000200001,-4.02384e-09,-3.1456e-07,-4.02384e-09,0.000200013,1.16642e-06,-3.1456e-07,1.16642e-06,0.000199995
-0.549955,0.342602,1.58709,-0.549098,0.346852,1.59139,0.0127988,0.00342733,0.0219143,0.685512,0.000200001,-3.37269e-09,-2.61871e-07,-3.37269e-09,0.000200012,1.14721e-06,-2.61871e-07,1.14721e-06,0.000199995
-0.54759,0.343768,1.58638,-0.549056,0.346838,1.59126,0.00747817,0.00249916,0.0275299,0.688634,0.000200001,-2.74002e-09,-2.16865e-07,-2.74002e-09,0.000200011,1.08407e-06,-2.16865e-07,1.08407e-06,0.000199995
-0.546115,0.344607,1.58496,-0.549017,0.346831,1.59116,0.00895376,0.0033384,0.0261089,0.694824,0.000200001,-2.10909e-09,-1.7298e-07,-2.10909e-09,0.00020001,9.75862e-07,-1.7298e-07,9.75862e-07,0.000199996
-0.545141,0.345143,1.58339,-0.548997,0.346817,1.59107,0.00339364,0.00376192,0.0120992,0.692093,0.0002,-1.51745e-09,-1.23566e-07,-1.51745e-09,0.000200008,8.72865e-07,-1.23566e-07,8.72865e-07,0.000199996
-0.542482,0.345702,1.5809,-0.53887,0.34825,1.5854,0.00605223,0.0043203,0.00960528,0.844201,0.0002,-9.72948e-10,-6.74835e-08,-9.72948e-10,0.000200007,7.83362e-07,-6.74835e-08,7.83362e-07,0.000199997
-0.540535,0.346117,1.57895,-0.538812,0.348224,1.58515,0.00799951,0.00473596,0.00766406,0.840878,0.0002,-5.78817e-10,-2.74541e-08,-5.78817e-10,0.000200006,6.95447e-07,-2.74541e-08,6.95447e-07,0.000199997
-0.53912,0.346546,1.57831,-0.538779,0.348192,1.58503,0.00561653,0.00618245,0.0114578,0.833681,0.0002,-3.84291e-10,-1.85622e-08,-3.84291e-10,0.000200005,6.15248e-07,-1.85622e-08,6.15248e-07,0.000199998
-0.53807,0.346935,1.57882,-0.538758,0.348217,1.58501,0.00666705,0.00657084,0.0119709,0.843681,0.0002,-2.8054e-10,-1.97e-08,-2.8054e-10,0.000200004,5.50264e-07,-1.97e-08,5.50264e-07,0.000199998
-0.537358,0.34732,1.58006,-0.538759,0.348177,1.58502,0.00484943,0.0068039,0.019021,0.833681,0.0002,-2.54156e-10,-3.41198e-08,-2.54156e-10,0.000200003,4.88134e-07,-3.41198e-08,4.88134e-07,0.000199999
-0.536877,0.347597,1.58167,-0.538779,0.348233,1.58502,0.00533004,0.00708045,0.0206337,0.847015,0.0002,-2.14021e-10,-3.66796e-08,-2.14021e-10,0.000200002,4.34784e-07,-3.66796e-08,4.34784e-07,0.000199999
-0.534861,0.3478,1.58155,-0.530508,0.347416,1.57538,0.00734641,0.00728322,0.0205139,0.913384,0.0002,-2.48409e-10,-6.23743e-08,-2.48409e-10,0.000200002,3.96909e-07,-6.23743e-08,3.96909e-07,0.000199999
-0.533214,0.348064,1.58174,-0.530441,0.347392,1.57525,0.00548869,0.00826411,0.023931,0.920074,0.0002,-3.16321e-10,-9.59091e-08,-3.16321e-10,0.000200002,3.75849e-07,-9.59091e-08,3.75849e-07,0.000199999
-0.531718,0.348357,1.58186,-0.530396,0.347369,1.57511,0.00698465,0.00855747,0.0240535,0.913081,0.0002,-4.22771e-10,-1.31354e-07,-4.22771e-10,0.000200002,3.89411e-07,-1.31354e-07,3.89411e-07,0.000199999
-0.530236,0.348744,1.58183,-0.530343,0.347369,1.57497,0.00763641,0.00859085,0.0173594,0.927068,0.0002,-6.24464e-10,-1.78423e-07,-6.24464e-10,0.000200002,4.42028e-07,-1.78423e-07,4.42028e-07,0.000199999
-0.528699,0.349092,1.58219,-0.530293,0.347341,1.57485,0.00917286,0.00893945,0.0177228,0.916578,0.0002,-8.9916e-10,-2.16167e-07,-8.9916e-10,0.000200002,5.30015e-07,-2.16167e-07,5.30015e-07,0.000199999
-0.527058,0.349312,1.58237,-0.530255,0.347347,1.57479,0.0108145,0.00915952,0.0178985,0.917117,0.0002,-1.19604e-09,-2.31042e-07,-1.19604e-09,0.000200003,6.51098e-07,-2.31042e-07,6.51098e-07,0.000199999
-0.524263,0.349834,1.59059,-0.524297,0.349737,1.61932,0.0110785,0.0094394,0.021356,1.08777,0.0002,-1.37313e-09,-2.13669e-07,-1.37313e-09,0.000200005,7.76655e-07,-2.13669e-07,7.76655e-07,0.000199998
-0.521996,0.350225,1.59718,-0.524353,0.349738,1.61944,0.0133451,0.00982999,0.027955,1.08282,0.0002,-1.47444e-09,-1.98843e-07,-1.47444e-09,0.000200006,8.63403e-07,-1.98843e-07,8.63403e-07,0.000199998
-0.520023,0.350509,1.60268,-0.524404,0.349734,1.6195,0.0135166,0.0100075,0.022963,1.08282,0.0002,-1.54769e-09,-1.85814e-07,-1.54769e-09,0.000200007,9.4589e-07,-1.85814e-07,9.4589e-07,0.000199998
-0.518269,0.350583,1.60667,-0.524401,0.34974,1.61954,0.0152709,0.0100818,0.026955,1.08282,0.0002,-1.4595e-09,-1.5311e-07,-1.4595e-09,0.000200009,1.02648e-06,-1.5311e-07,1.02648e-06,0.000199997
-0.516819,0.350533,1.60925,-0.524404,0.349781,1.61953,0.0167209,0.0100313,0.0295254,1.08642,0.0002,-1.23876e-09,-1.13371e-07,-1.23876e-09,0.00020001,1.08548e-06,-1.13371e-07,1.08548e-06,0.000199997
-0.513941,0.349351,1.60624,-0.516149,0.344263,1.59787,0.0158824,0.0114972,0.0160298,1.13406,0.0002,-1.03604e-09,-8.56341e-08,-1.03604e-09,0.000200011,1.13355e-06,-8.56341e-08,1.13355e-06,0.000199996
-0.51171,0.348435,1.60319,-0.516071,0.34423,1.59777,0.0181133,0.0105807,0.0129849,1.12663,0.0002,-9.00338e-10,-7.2566e-08,-9.00338e-10,0.000200012,1.15051e-06,-7.2566e-08,1.15051e-06,0.000199996
-0.50983,0.347681,1.60065,-0.515915,0.344248,1.59776,0.0154018,0.0133054,0.00710331,1.13019,0.0002,-7.68614e-10,-5.97636e-08,-7.68614e-10,0.000200012,1.17174e-06,-5.97636e-08,1.17174e-06,0.000199996
-0.508312,0.347075,1.5984,-0.515849,0.34425,1.59767,0.0169194,0.0126993,0.00484618,1.13019,0.0002,-6.59505e-10,-5.03509e-08,-6.59505e-10,0.000200013,1.18535e-06,-5.03509e-08,1.18535e-06,0.000199995
-0.506983,0.346525,1.59647,-0.515813,0.344244,1.59759,0.018249,0.012149,0.00292267,1.13019,0.0002,-4.97514e-10,-3.35131e-08,-4.97514e-10,0.000200013,1.21136e-06,-3.35131e-08,1.21136e-06,0.000199995
-0.506044,0.345992,1.59493,-0.515812,0.344237,1.59757,0.0138037,0.0148086,0.0109305,1.12663,0.0002,-2.5015e-10,-7.77754e-09,-2.5015e-10,0.000200013,1.20792e-06,-7.77754e-09,1.20792e-06,0.000199995
-0.503538,0.344007,1.59385,-0.505764,0.336711,1.59629,0.01631,0.0128236,0.00984601,0.995037,0.0002,-1.14031e-12,1.6858e-08,-1.14031e-12,0.000200013,1.16502e-06,1.6858e-08,1.16502e-06,0.000199995
-0.501715,0.342372,1.59245,-0.505719,0.336612,1.59623,0.0150552,0.0124224,0.00836133,0.959926,0.0002,2.07691e-10,3.73404e-08,2.07691e-10,0.000200012,1.10698e-06,3.73404e-08,1.10698e-06,0.000199995
-0.50021,0.341173,1.59134,-0.50569,0.336731,1.59622,0.01656,0.0112228,0.00724652,0.991756,0.0002,2.63492e-10,3.72108e-08,2.63492e-10,0.000200011,1.07634e-06,3.72108e-08,1.07634e-06,0.000199996
-0.498941,0.340297,1.59013,-0.505673,0.336616,1.5962,0.0118062,0.0125274,0.00614118,0.963036,0.0002,1.83859e-10,2.0485e-08,1.83859e-10,0.000200011,1.06662e-06,2.0485e-08,1.06662e-06,0.000199996
-0.497949,0.339746,1.58927,-0.505661,0.336636,1.59619,0.0127991,0.0119772,0.00527877,0.966545,0.0002,-4.63863e-11,-1.35758e-08,-4.63863e-11,0.000200011,1.05659e-06,-1.35758e-08,1.05659e-06,0.000199996
-0.495185,0.338609,1.58706,-0.494758,0.333628,1.59069,0.015563,0.0108399,0.00307299,0.944579,0.0002,-1.2202e-10,-2.07239e-08,-1.2202e-10,0.00020001,1.0164e-06,-2.07239e-08,1.0164e-06,0.000199996
-0.492965,0.337609,1.58526,-0.494722,0.333616,1.5905,0.0105136,0.00929043,0.0109809,0.954888,0.0002,-8.18032e-11,-1.09362e-08,-8.18032e-11,0.00020001,9.90879e-07,-1.09362e-08,9.90879e-07,0.000199996
-0.491158,0.336825,1.58389,-0.494672,0.333601,1.59035,0.0123206,0.00850658,0.00961413,0.954733,0.0002,-6.60975e-11,-7.54493e-09,-6.60975e-11,0.000200009,9.77907e-07,-7.54493e-09,9.77907e-07,0.000199996
-0.489749,0.336151,1.58278,-0.494647,0.333593,1.59026,0.0137292,0.00783283,0.0085045,0.958036,0.0002,-6.24e-12,1.9705e-09,-6.24e-12,0.000200009,9.62868e-07,1.9705e-09,9.62868e-07,0.000199997
-0.488746,0.335523,1.58189,-0.494635,0.333588,1.59022,0.00920304,0.00705392,0.00914897,0.954576,0.0002,1.26046e-10,2.2231e-08,1.26046e-10,0.000200008,9.3294e-07,2.2231e-08,9.3294e-07,0.000199997
-0.487941,0.33506,1.58054,-0.49462,0.333574,1.59017,0.010008,0.0065906,0.00780092,0.954576,0.0002,1.87716e-10,2.89207e-08,1.87716e-10,0.000200008,9.13701e-07,2.89207e-08,9.13701e-07,0.000199997
-0.484765,0.334562,1.5771,-0.482057,0.332681,1.57784,0.00655161,0.00699062,0.0152197,1.12778,0.0002,1.74257e-10,2.33573e-08,1.74257e-10,0.000200008,9.04712e-07,2.33573e-08,9.04712e-07,0.000199997
-0.482273,0.334181,1.57462,-0.481987,0.332688,1.57765,0.00904302,0.00661022,0.01274,1.13117,0.0002,1.45394e-10,1.74016e-08,1.45394e-10,0.000200008,8.88722e-07,1.74016e-08,8.88722e-07,0.000199997
-0.48029,0.333796,1.57273,-0.481933,0.332615,1.57761,0.00475512,0.00613084,0.0185527,1.11348,0.0002,1.84437e-10,2.45303e-08,1.84437e-10,0.000200007,8.75087e-07,2.45303e-08,8.75087e-07,0.000199997
-0.478742,0.333482,1.57141,-0.481912,0.332603,1.57752,0.00630298,0.00581734,0.0172328,1.11007,0.0002,2.16231e-10,2.95853e-08,2.16231e-10,0.000200007,8.59531e-07,2.95853e-08,8.59531e-07,0.000199997
-0.477353,0.33338,1.57065,-0.481899,0.332609,1.57746,0.00769237,0.00571514,0.0164742,1.11682,0.0002,1.10434e-10,9.32002e-09,1.10434e-10,0.000200007,8.7343e-07,9.32002e-09,8.7343e-07,0.000199997
-0.476242,0.333313,1.57003,-0.4819,0.332687,1.57737,0.00623957,0.00594002,0.0214405,1.15084,0.0002,2.49156e-11,-3.40436e-09,2.49156e-11,0.000200007,8.82333e-07,-3.40436e-09,8.82333e-07,0.000199997
-0.472784,0.333111,1.56481,-0.469481,0.33226,1.55481,0.00969763,0.0057378,0.0162212,1.02357,0.0002,-5.27274e-13,-4.40853e-09,-5.27274e-13,0.000200007,9.01627e-07,-4.40853e-09,9.01627e-07,0.000199997
-0.469959,0.332953,1.56077,-0.469401,0.332316,1.55447,0.00555206,0.00555205,0.0218449,1.04707,0.0002,-7.69375e-12,-3.3223e-09,-7.69375e-12,0.000200008,9.20789e-07,-3.3223e-09,9.20789e-07,0.000199997
-0.467695,0.332832,1.55783,-0.469277,0.332261,1.55432,0.00781579,0.00543074,0.0188969,1.04029,0.0002,-2.45258e-11,-4.81727e-09,-2.45258e-11,0.000200008,9.2969e-07,-4.81727e-09,9.2969e-07,0.000199997
-0.465945,0.332594,1.55537,-0.469256,0.332315,1.55434,0.00956537,0.00519315,0.0164398,1.04825,0.0002,1.13582e-10,1.89392e-08,1.13582e-10,0.000200008,9.24823e-07,1.89392e-08,9.24823e-07,0.000199997
-0.464388,0.33228,1.55265,-0.469203,0.332249,1.55419,0.00607925,0.00547866,0.0175195,1.01775,0.0002,3.43563e-10,5.27074e-08,3.43563e-10,0.000200008,9.45135e-07,5.27074e-08,9.45135e-07,0.000199997
-0.46146,0.332068,1.55012,-0.460792,0.332456,1.55451,0.00900688,0.00526619,0.0149933,1.3705,0.0002,5.34901e-10,7.54624e-08,5.34901e-10,0.000200008,9.58001e-07,7.54624e-08,9.58001e-07,0.000199997
-0.459213,0.332011,1.5481,-0.460852,0.332389,1.5545,0.00470709,0.00586396,0.0150806,1.35718,0.0002,5.49876e-10,7.01728e-08,5.49876e-10,0.000200008,9.53016e-07,7.01728e-08,9.53016e-07,0.000199997
-0.457223,0.33188,1.54631,-0.460855,0.331466,1.55415,0.00669769,0.00573326,0.0132873,1.16593,0.0002,4.68246e-10,5.13181e-08,4.68246e-10,0.000200009,9.80846e-07,5.13181e-08,9.80846e-07,0.000199997
-0.455592,0.331923,1.54496,-0.460877,0.332216,1.55459,0.00832822,0.0057761,0.0119416,1.32054,0.0002,4.03255e-10,4.01086e-08,4.03255e-10,0.000200009,1.00545e-06,4.01086e-08,1.00545e-06,0.000199997
-0.454393,0.331909,1.54392,-0.460886,0.331444,1.55427,0.00205485,0.00587662,0.0228849,1.18896,0.0002,2.33759e-10,1.58836e-08,2.33759e-10,0.000200009,1.00468e-06,1.58836e-08,1.00468e-06,0.000199997
-0.45341,0.332026,1.54348,-0.460869,0.332197,1.55464,0.00303784,0.0059933,0.0224398,1.31013,0.0002,1.25768e-10,4.11818e-09,1.25768e-10,0.000200009,1.00749e-06,4.11818e-09,1.00749e-06,0.000199997
-0.448959,0.332202,1.5407,-0.44274,0.333332,1.54046,0.00748912,0.00616969,0.0196646,0.918315,0.0002,1.81686e-10,1.7177e-08,1.81686e-10,0.00020001,1.01548e-06,1.7177e-08,1.01548e-06,0.000199997
-0.445319,0.3324,1.53896,-0.442672,0.333326,1.54025,0.00545119,0.00604309,0.0224085,0.918317,0.0002,1.71754e-10,1.64472e-08,1.71754e-10,0.00020001,1.03109e-06,1.64472e-08,1.03109e-06,0.000199996
-0.442302,0.332465,1.53772,-0.442559,0.333315,1.54001,0.00846812,0.00610808,0.0211704,0.917972,0.0002,2.67433e-10,3.06106e-08,2.67433e-10,0.00020001,1.05422e-06,3.06106e-08,1.05422e-06,0.000199996
-0.439838,0.332467,1.5365,-0.442511,0.333296,1.53989,0.00229313,0.00717122,0.0249201,0.908008,0.0002,4.01807e-10,4.73069e-08,4.01807e-10,0.000200011,1.07556e-06,4.73069e-08,1.07556e-06,0.000199996
-0.438082,0.332582,1.53539,-0.442437,0.333294,1.53973,0.00404896,0.00728542,0.0238069,0.908008,0.0002,3.71711e-10,4.01623e-08,3.71711e-10,0.00020001,1.05238e-06,4.01623e-08,1.05238e-06,0.000199996
-0.434223,0.332334,1.53128,-0.429957,0.331454,1.52575,0.00790818,0.00703736,0.0197041,1.43078,0.0002,2.99684e-10,2.91223e-08,2.99684e-10,0.00020001,1.03099e-06,2.91223e-08,1.03099e-06,0.000199996
-0.431157,0.332111,1.52769,-0.429953,0.331455,1.52575,0.0052512,0.00734924,0.0219821,1.43423,0.0002,2.74793e-10,2.69174e-08,2.74793e-10,0.00020001,1.01374e-06,2.69174e-08,1.01374e-06,0.000199996
-0.428664,0.331844,1.52462,-0.429946,0.331469,1.52578,0.00774432,0.00708277,0.0189086,1.43072,0.0002,3.5856e-10,4.07837e-08,3.5856e-10,0.00020001,1.00883e-06,4.07837e-08,1.00883e-06,0.000199996
-0.426603,0.33169,1.52227,-0.429944,0.33148,1.5258,0.0025385,0.00711569,0.0273675,1.42727,0.0002,3.71441e-10,4.10248e-08,3.71441e-10,0.00020001,1.01632e-06,4.10248e-08,1.01632e-06,0.000199996
-0.424931,0.331537,1.52089,-0.429931,0.331459,1.52573,0.00421023,0.00696228,0.0259888,1.43078,0.0002,4.09376e-10,4.53836e-08,4.09376e-10,0.00020001,1.02431e-06,4.53836e-08,1.02431e-06,0.000199996
-0.423545,0.33145,1.5202,-0.429909,0.331452,1.52571,0.00239432,0.00702559,0.028327,1.42733,0.0002,3.99298e-10,4.20513e-08,3.99298e-10,0.00020001,1.03656e-06,4.20513e-08,1.03656e-06,0.000199996
-0.419511,0.331187,1.51571,-0.414844,0.330809,1.50086,0.00642802,0.0067619,0.023838,1.26343,0.0002,4.25708e-10,4.57878e-08,4.25708e-10,0.00020001,1.03047e-06,4.57878e-08,1.03047e-06,0.000199996
-0.416198,0.330897,1.513,-0.41471,0.330788,1.5006,0.00974136,0.00647242,0.0211261,1.27178,0.0002,5.30488e-10,6.01523e-08,5.30488e-10,0.00020001,1.03613e-06,6.01523e-08,1.03613e-06,0.000199996
-0.413407,0.330607,1.51098,-0.414634,0.330764,1.50032,0.00714258,0.00621755,0.0203593,1.27815,0.0002,6.84112e-10,7.82312e-08,6.84112e-10,0.00020001,1.05968e-06,7.82312e-08,1.05968e-06,0.000199996
-0.411176,0.330383,1.50919,-0.414534,0.330714,1.49999,0.00937422,0.00599435,0.018575,1.27257,0.0002,7.8468e-10,8.70536e-08,7.8468e-10,0.000200011,1.07147e-06,8.70536e-08,1.07147e-06,0.000199996
-0.409366,0.330191,1.50704,-0.414196,0.330645,1.49944,0.00381428,0.00762513,0.0198465,1.26513,0.0002,8.60068e-10,9.32859e-08,8.60068e-10,0.000200011,1.07213e-06,9.32859e-08,1.07213e-06,0.000199996
-0.407914,0.33018,1.50516,-0.414121,0.33062,1.49923,0.0052655,0.00761353,0.0179749,1.26513,0.0002,7.51476e-10,7.41662e-08,7.51476e-10,0.000200011,1.07059e-06,7.41662e-08,1.07059e-06,0.000199996
-0.404268,0.330301,1.50549,-0.401313,0.330571,1.50835,0.00891196,0.00773453,0.018302,1.33933,0.0002,5.13959e-10,4.13757e-08,5.13959e-10,0.00020001,1.05734e-06,4.13757e-08,1.05734e-06,0.000199996
-0.401313,0.33035,1.50617,-0.401322,0.330562,1.50835,0.00481351,0.0080599,0.0162472,1.33933,0.0002,3.78065e-10,2.73111e-08,3.78065e-10,0.00020001,1.05521e-06,2.73111e-08,1.05521e-06,0.000199996
-0.398913,0.33026,1.50691,-0.401313,0.33056,1.50833,0.00721348,0.00796964,0.0169899,1.33575,0.0002,4.19274e-10,3.8771e-08,4.19274e-10,0.00020001,1.05932e-06,3.8771e-08,1.05932e-06,0.000199996
-0.396901,0.329993,1.5076,-0.401322,0.330571,1.50829,0.00301232,0.00792209,0.0208713,1.3465,0.0002,6.84092e-10,7.74162e-08,6.84092e-10,0.000200011,1.07702e-06,7.74162e-08,1.07702e-06,0.000199996
-0.395283,0.329821,1.50815,-0.4013,0.330564,1.50828,0.00462946,0.00775055,0.0214213,1.33933,0.0002,8.50391e-10,9.50798e-08,8.50391e-10,0.000200011,1.0888e-06,9.50798e-08,1.0888e-06,0.000199996
-0.391017,0.329643,1.51017,-0.386053,0.329664,1.51413,0.00889604,0.0075725,0.0234447,0.824146,0.0002,8.1583e-10,8.47386e-08,8.1583e-10,0.000200011,1.08407e-06,8.47386e-08,1.08407e-06,0.000199996
-0.387577,0.329523,1.51252,-0.386031,0.329663,1.51414,0.00479972,0.00899827,0.0220815,0.831472,0.0002,7.53427e-10,7.3788e-08,7.53427e-10,0.000200011,1.0847e-06,7.3788e-08,1.0847e-06,0.000199996
-0.384872,0.329539,1.51406,-0.385985,0.329664,1.51398,0.00750387,0.00901503,0.0236153,0.827687,0.0002,5.68137e-10,4.8446e-08,5.68137e-10,0.000200011,1.07591e-06,4.8446e-08,1.07591e-06,0.000199996
-0.382705,0.329512,1.51567,-0.385738,0.329653,1.51386,0.00259682,0.00989793,0.0261431,0.824024,0.0002,4.61016e-10,3.78688e-08,4.61016e-10,0.000200011,1.06312e-06,3.78688e-08,1.06312e-06,0.000199996
-0.380927,0.329467,1.51727,-0.385622,0.329642,1.51381,0.00437432,0.00985306,0.0277367,0.824024,0.0002,4.01813e-10,3.39258e-08,4.01813e-10,0.000200011,1.05817e-06,3.39258e-08,1.05817e-06,0.000199996
-0.378009,0.328599,1.51908,-0.377894,0.326067,1.51859,0.00729267,0.0089846,0.0295501,0.950987,0.0002,4.93019e-10,5.10376e-08,4.93019e-10,0.00020001,1.04716e-06,5.10376e-08,1.04716e-06,0.000199996
-0.375648,0.327966,1.52022,-0.377888,0.32605,1.51858,0.0071883,0.00864277,0.0229901,0.950987,0.0002,4.96933e-10,5.14353e-08,4.96933e-10,0.00020001,1.04407e-06,5.14353e-08,1.04407e-06,0.000199996
-0.373738,0.32744,1.52103,-0.377882,0.326054,1.51859,0.00909834,0.00811668,0.0238006,0.954691,0.0002,5.22665e-10,5.48784e-08,5.22665e-10,0.00020001,1.04534e-06,5.48784e-08,1.04534e-06,0.000199996
-0.372167,0.326975,1.52168,-0.377868,0.326055,1.51859,0.00528544,0.00929741,0.0218185,0.947283,0.0002,5.92384e-10,6.39039e-08,5.92384e-10,0.00020001,1.05264e-06,6.39039e-08,1.05264e-06,0.000199996
-0.370946,0.326733,1.52219,-0.377868,0.326051,1.51853,0.00650632,0.00905548,0.0223253,0.950264,0.0002,4.99999e-10,4.87104e-08,4.99999e-10,0.00020001,1.05151e-06,4.87104e-08,1.05151e-06,0.000199996
-0.369904,0.326515,1.52269,-0.377855,0.326046,1.5185,0.00754831,0.00883701,0.0228288,0.942856,0.0002,4.5285e-10,4.26261e-08,4.5285e-10,0.00020001,1.06082e-06,4.26261e-08,1.06082e-06,0.000199996
-0.366384,0.325684,1.52634,-0.364732,0.323021,1.53322,0.00376981,0.00954474,0.0222734,1.90977,0.0002,4.91698e-10,4.90566e-08,4.91698e-10,0.000200011,1.07652e-06,4.90566e-08,1.07652e-06,0.000199996
-0.363508,0.324915,1.52958,-0.364726,0.323015,1.53321,0.0066461,0.00877494,0.0255066,1.90977,0.0002,6.42018e-10,6.89958e-08,6.42018e-10,0.000200011,1.09614e-06,6.89958e-08,1.09614e-06,0.000199996
-0.361332,0.324352,1.53174,-0.364726,0.323016,1.53318,0.00251703,0.00960665,0.0295134,1.90977,0.0002,6.90745e-10,7.3045e-08,6.90745e-10,0.000200011,1.08866e-06,7.3045e-08,1.08866e-06,0.000199996
-0.3596,0.323938,1.5334,-0.364677,0.32286,1.53333,0.00424895,0.00919297,0.0311752,1.86498,0.0002,6.45271e-10,6.45178e-08,6.45271e-10,0.000200011,1.08091e-06,6.45178e-08,1.08091e-06,0.000199996
-0.358246,0.323663,1.53419,-0.36473,0.323013,1.5332,0.00560357,0.00891745,0.0319604,1.90616,0.0002,5.78017e-10,5.51457e-08,5.78017e-10,0.000200011,1.07269e-06,5.51457e-08,1.07269e-06,0.000199996
-0.357235,0.323417,1.53464,-0.364668,0.322863,1.53332,0.000533514,0.00988069,0.0202158,1.86568,0.0002,5.15777e-10,4.84595e-08,5.15777e-10,0.000200011,1.05384e-06,4.84595e-08,1.05384e-06,0.000199996
-0.353657,0.322684,1.53589,-0.351147,0.320059,1.53832,0.00411149,0.00914811,0.0214668,1.90102,0.0002,4.49939e-10,4.10256e-08,4.49939e-10,0.00020001,1.0521e-06,4.10256e-08,1.0521e-06,0.000199996
-0.350713,0.322028,1.53731,-0.351157,0.31993,1.53835,-0.000434044,0.00869128,0.0236392,1.86232,0.0002,4.49234e-10,4.28621e-08,4.49234e-10,0.000200011,1.06438e-06,4.28621e-08,1.06438e-06,0.000199996
-0.348318,0.32142,1.53803,-0.351161,0.319931,1.53836,0.00196018,0.0080827,0.0243641,1.86232,0.0002,5.48625e-10,5.7513e-08,5.48625e-10,0.000200011,1.0786e-06,5.7513e-08,1.0786e-06,0.000199996
-0.346463,0.320957,1.53851,-0.351147,0.319932,1.53833,0.0038152,0.00762048,0.024836,1.86592,0.0002,5.97603e-10,6.29221e-08,5.97603e-10,0.000200011,1.07763e-06,6.29221e-08,1.07763e-06,0.000199996
-0.345061,0.320783,1.53909,-0.351158,0.320043,1.53832,-0.00167641,0.0090776,0.0224479,1.90051,0.0002,4.34098e-10,3.84591e-08,4.34098e-10,0.000200011,1.06428e-06,3.84591e-08,1.06428e-06,0.000199996
-0.340971,0.3203,1.54205,-0.336737,0.318476,1.55186,0.00241383,0.00859484,0.0254143,2.00406,0.0002,3.56696e-10,2.99096e-08,3.56696e-10,0.000200011,1.06913e-06,2.99096e-08,1.06913e-06,0.000199996
-0.337811,0.31987,1.54494,-0.33676,0.318545,1.55186,-0.000764104,0.00837821,0.029125,2.01653,0.0002,3.52854e-10,3.27728e-08,3.52854e-10,0.00020001,1.05496e-06,3.27728e-08,1.05496e-06,0.000199996
-0.3352,0.319595,1.54788,-0.336777,0.31846,1.55186,0.00184727,0.0081031,0.03206,1.99598,0.0002,2.54034e-10,1.99619e-08,2.54034e-10,0.000200011,1.05988e-06,1.99619e-08,1.05988e-06,0.000199996
-0.333105,0.319254,1.55045,-0.336732,0.318473,1.55194,0.00394255,0.00776182,0.0346306,2.00772,0.0002,3.10703e-10,3.09498e-08,3.10703e-10,0.000200011,1.06259e-06,3.09498e-08,1.06259e-06,0.000199996
-0.331535,0.318887,1.5524,-0.336721,0.318505,1.55191,0.00208347,0.00768719,0.0339482,2.01505,0.0002,4.62925e-10,5.37465e-08,4.62925e-10,0.00020001,1.04705e-06,5.37465e-08,1.04705e-06,0.000199996
-0.330223,0.31858,1.55426,-0.336761,0.318545,1.55187,0.00339513,0.00738079,0.0358083,2.01362,0.0002,6.04499e-10,7.10446e-08,6.04499e-10,0.00020001,1.04733e-06,7.10446e-08,1.04733e-06,0.000199996
-0.326127,0.318334,1.55605,-0.32165,0.317771,1.5539,0.00749087,0.00713427,0.0375999,1.69494,0.0002,5.468e-10,5.769e-08,5.468e-10,0.00020001,1.05132e-06,5.769e-08,1.05132e-06,0.000199996
-0.322915,0.318161,1.55697,-0.321657,0.317765,1.5539,8.33062e-05,0.00852537,0.0335156,1.6986,0.0002,4.65265e-10,4.51705e-08,4.65265e-10,0.00020001,1.04372e-06,4.51705e-08,1.04372e-06,0.000199996
-0.320324,0.318092,1.55759,-0.321657,0.31779,1.55388,0.00267512,0.00845668,0.0341397,1.69643,0.0002,3.29546e-10,2.66991e-08,3.29546e-10,0.00020001,1.04239e-06,2.66991e-08,1.04239e-06,0.000199996
-0.318227,0.318141,1.55861,-0.321656,0.31778,1.55389,0.0018819,0.00890811,0.0257381,1.6986,0.0002,1.04177e-10,-2.57641e-09,1.04177e-10,0.00020001,1.04513e-06,-2.57641e-09,1.04513e-06,0.000199996
-0.316466,0.31797,1.55984,-0.321648,0.317792,1.55388,0.00364292,0.0087368,0.0269656,1.69643,0.0002,1.60638e-10,1.22673e-08,1.60638e-10,0.00020001,1.06014e-06,1.22673e-08,1.06014e-06,0.000199996
-0.311867,0.317684,1.56174,-0.305796,0.317554,1.55799,0.00824223,0.00845131,0.0288735,1.77416,0.0002,3.30756e-10,3.82799e-08,3.30756e-10,0.000200011,1.07303e-06,3.82799e-08,1.07303e-06,0.000199996
-0.308208,0.317566,1.56337,-0.3058,0.317557,1.55798,0.0050255,0.00804254,0.0233013,1.77608,0.0002,3.42624e-10,3.70871e-08,3.42624e-10,0.000200011,1.07804e-06,3.70871e-08,1.07804e-06,0.000199996
-0.305304,0.317532,1.56478,-0.305808,0.317531,1.55797,0.0079301,0.00800847,0.0247059,1.77043,0.0002,2.71096e-10,2.54115e-08,2.71096e-10,0.000200011,1.07791e-06,2.54115e-08,1.07791e-06,0.000199996
-0.303087,0.317532,1.56601,-0.305811,0.317549,1.55799,0.00275225,0.00877981,0.0216171,1.77043,0.0002,1.8257e-10,1.38933e-08,1.8257e-10,0.000200011,1.06082e-06,1.38933e-08,1.06082e-06,0.000199996
-0.301332,0.317558,1.56709,-0.305801,0.317567,1.55798,0.00450686,0.00880643,0.022703,1.77235,0.0002,8.75983e-11,2.60891e-09,8.75983e-11,0.00020001,1.04648e-06,2.60891e-09,1.04648e-06,0.000199996
-0.299825,0.317515,1.56807,-0.305817,0.317558,1.558,-0.000960383,0.00869788,0.0214084,1.76861,0.0002,8.29854e-11,5.15375e-09,8.29854e-11,0.00020001,1.05431e-06,5.15375e-09,1.05431e-06,0.000199996
-0.29612,0.317529,1.57098,-0.29374,0.317945,1.56968,0.00274517,0.00871156,0.0243198,2.24787,0.0002,1.29419e-10,1.33066e-08,1.29419e-10,0.000200011,1.07294e-06,1.33066e-08,1.07294e-06,0.000199996
-0.293154,0.317548,1.57291,-0.293732,0.317966,1.56976,0.00571151,0.00873139,0.0262497,2.24357,0.0002,1.62242e-10,1.75711e-08,1.62242e-10,0.000200011,1.08489e-06,1.75711e-08,1.08489e-06,0.000199996
-0.290858,0.317652,1.57465,-0.293692,0.317969,1.56972,0.00135017,0.00867284,0.0121934,2.24357,0.0002,8.45006e-11,5.88501e-09,8.45006e-11,0.000200011,1.07887e-06,5.88501e-09,1.07887e-06,0.000199996
-0.28902,0.317737,1.57563,-0.293685,0.317961,1.56969,0.00318832,0.00875712,0.0131681,2.24027,0.0002,1.91902e-11,-2.06553e-09,1.91902e-11,0.000200011,1.07501e-06,-2.06553e-09,1.07501e-06,0.000199996
-0.287567,0.317826,1.57631,-0.293669,0.317957,1.56972,-0.0026935,0.00918612,0.00713903,2.23976,0.0002,-5.6793e-11,-1.08577e-08,-5.6793e-11,0.000200011,1.06911e-06,-1.08577e-08,1.06911e-06,0.000199996
-0.286319,0.31794,1.57664,-0.293664,0.317952,1.56969,-0.00144577,0.00930055,0.00747265,2.23976,0.0002,-1.65981e-10,-2.35552e-08,-1.65981e-10,0.000200011,1.07889e-06,-2.35552e-08,1.07889e-06,0.000199996
-0.28179,0.317619,1.58159,-0.275906,0.316713,1.59364,0.00308362,0.00897922,0.0124227,1.78278,0.0002,-3.27621e-11,-1.1068e-09,-3.27621e-11,0.000200011,1.08198e-06,-1.1068e-09,1.08198e-06,0.000199996
-0.278298,0.317326,1.58472,-0.27593,0.316714,1.59361,-0.00124603,0.00926531,0.00887014,1.78278,0.0002,1.13906e-10,1.87724e-08,1.13906e-10,0.000200011,1.06367e-06,1.87724e-08,1.06367e-06,0.000199996
-0.275482,0.317161,1.58649,-0.275926,0.316719,1.5936,0.0015693,0.00910076,0.0106447,1.78278,0.0002,1.50374e-10,2.04138e-08,1.50374e-10,0.000200011,1.05526e-06,2.04138e-08,1.05526e-06,0.000199996
-0.273169,0.317098,1.58698,-0.275934,0.316719,1.5936,0.000315541,0.00891854,0.00981424,1.77526,0.0002,1.02976e-10,1.08786e-08,1.02976e-10,0.000200011,1.05994e-06,1.08786e-08,1.05994e-06,0.000199996
-0.271402,0.317176,1.58718,-0.275918,0.316724,1.59365,0.00208212,0.00899597,0.0100076,1.78278,0.0002,-7.79036e-11,-1.55292e-08,-7.79036e-11,0.00020001,1.04902e-06,-1.55292e-08,1.04902e-06,0.000199996
-0.267416,0.316983,1.58946,-0.262948,0.315519,1.6017,0.00606814,0.00880332,0.012288,1.85936,0.0002,-1.97351e-10,-2.92856e-08,-1.97351e-10,0.00020001,1.03867e-06,-2.92856e-08,1.03867e-06,0.000199996
-0.264164,0.316726,1.59201,-0.262957,0.315523,1.60169,0.00300993,0.00739192,0.0128261,1.85936,0.0002,-1.82477e-10,-2.24381e-08,-1.82477e-10,0.00020001,1.0425e-06,-2.24381e-08,1.0425e-06,0.000199996
-0.261495,0.316458,1.59477,-0.262948,0.315509,1.60171,0.00567909,0.00712401,0.0155931,1.85936,0.0002,-1.06897e-10,-9.38006e-09,-1.06897e-10,0.00020001,1.05538e-06,-9.38006e-09,1.05538e-06,0.000199996
-0.259273,0.31621,1.5972,-0.262949,0.315521,1.60172,0.00136425,0.00704051,0.0144261,1.85559,0.0002,-6.59351e-12,4.26289e-09,-6.59351e-12,0.000200011,1.07741e-06,4.26289e-09,1.07741e-06,0.000199996
-0.257561,0.316077,1.59862,-0.262949,0.315521,1.60173,0.00307619,0.00690768,0.0158491,1.85559,0.0002,-2.24305e-12,2.35029e-09,-2.24305e-12,0.000200011,1.08105e-06,2.35029e-09,1.08105e-06,0.000199996
-0.253391,0.315947,1.59879,-0.248619,0.315084,1.6005,0.00724612,0.00677766,0.016017,2.00791,0.0002,-7.2942e-11,-9.00097e-09,-7.2942e-11,0.000200011,1.07289e-06,-9.00097e-09,1.07289e-06,0.000199996
-0.250038,0.315991,1.59861,-0.248619,0.315073,1.60052,0.00286935,0.00760481,0.0173649,2.00406,0.0002,-2.97397e-10,-4.0089e-08,-2.97397e-10,0.000200011,1.07042e-06,-4.0089e-08,1.07042e-06,0.000199996
-0.247271,0.316032,1.59847,-0.248618,0.315092,1.60048,0.00563682,0.00764585,0.0172199,2.00791,0.0002,-4.81292e-10,-6.0289e-08,-4.81292e-10,0.000200011,1.08245e-06,-6.0289e-08,1.08245e-06,0.000199996
-0.245095,0.315933,1.59856,-0.248612,0.315079,1.60048,0.00172498,0.00624612,0.0203903,2.00412,0.0002,-4.73806e-10,-5.26641e-08,-4.73806e-10,0.000200011,1.0839e-06,-5.26641e-08,1.0839e-06,0.000199996
-0.243225,0.315858,1.59946,-0.248607,0.315089,1.6005,0.00359469,0.00617154,0.0212946,2.01163,0.0002,-4.74557e-10,-4.88045e-08,-4.74557e-10,0.000200011,1.10522e-06,-4.88045e-08,1.10522e-06,0.000199996
-0.24164,0.315714,1.60019,-0.248601,0.315076,1.60049,0.00517907,0.00602796,0.0220168,2.00785,0.0002,-3.8015e-10,-3.34981e-08,-3.8015e-10,0.000200012,1.13286e-06,-3.34981e-08,1.13286e-06,0.000199996
-0.23766,0.315697,1.6007,-0.234293,0.315667,1.60277,0.00155862,0.00661933,0.0158036,2.7242,0.0002,-2.67039e-10,-1.96323e-08,-2.67039e-10,0.000200012,1.12684e-06,-1.96323e-08,1.12684e-06,0.000199996
-0.234432,0.31585,1.6013,-0.234266,0.315648,1.60267,0.00478605,0.0067729,0.0164034,2.72044,0.0002,-3.85279e-10,-3.84891e-08,-3.85279e-10,0.000200012,1.12896e-06,-3.84891e-08,1.12896e-06,0.000199996
-0.231766,0.316018,1.60116,-0.234264,0.315637,1.60268,-0.000279135,0.00685934,0.0144748,2.71668,0.0002,-5.40599e-10,-5.76971e-08,-5.40599e-10,0.000200012,1.14373e-06,-5.76971e-08,1.14373e-06,0.000199996
-0.229739,0.316089,1.60074,-0.234268,0.315659,1.60266,0.00174849,0.00693093,0.0140492,2.7242,0.0002,-5.75318e-10,-5.90615e-08,-5.75318e-10,0.000200012,1.13649e-06,-5.90615e-08,1.13649e-06,0.000199996
-0.228142,0.316122,1.60112,-0.234296,0.315651,1.60264,0.00334458,0.00696308,0.0144296,2.72044,0.0002,-5.72789e-10,-5.66252e-08,-5.72789e-10,0.000200012,1.12855e-06,-5.66252e-08,1.12855e-06,0.000199996
-0.226857,0.316102,1.60164,-0.23426,0.315635,1.60267,-0.0019284,0.00742533,0.0140263,2.71668,0.0002,-5.19878e-10,-4.85191e-08,-5.19878e-10,0.000200012,1.12366e-06,-4.85191e-08,1.12366e-06,0.000199996
-0.222389,0.315781,1.60362,-0.217273,0.314068,1.60849,0.00253953,0.00710408,0.0160151,4.22285,0.0002,-4.83496e-10,-4.39614e-08,-4.83496e-10,0.000200012,1.12733e-06,-4.39614e-08,1.12733e-06,0.000199996
-0.218968,0.315539,1.60511,-0.217291,0.314051,1.60847,0.00596057,0.00686293,0.0174991,4.22261,0.0002,-4.73089e-10,-4.44077e-08,-4.73089e-10,0.000200012,1.10572e-06,-4.44077e-08,1.10572e-06,0.000199996
-0.216161,0.315312,1.60586,-0.217372,0.314063,1.60834,0.00262013,0.00729511,0.0188863,4.21495,0.0002,-4.26695e-10,-3.87308e-08,-4.26695e-10,0.000200012,1.10572e-06,-3.87308e-08,1.10572e-06,0.000199996
-0.213856,0.315238,1.60635,-0.217374,0.314056,1.60834,0.00492548,0.00722122,0.0193826,4.21078,0.0002,-5.21831e-10,-5.27075e-08,-5.21831e-10,0.000200012,1.11532e-06,-5.27075e-08,1.11532e-06,0.000199996
-0.211971,0.315185,1.60613,-0.217383,0.314071,1.60835,0.00352345,0.00785512,0.0167403,4.21048,0.0002,-6.03266e-10,-6.1775e-08,-6.03266e-10,0.000200012,1.12827e-06,-6.1775e-08,1.12827e-06,0.000199996
-0.208652,0.314987,1.60545,-0.208001,0.313021,1.60328,0.00684206,0.00765746,0.0160647,3.43766,0.0002,-7.3646e-10,-7.75983e-08,-7.3646e-10,0.000200012,1.12599e-06,-7.75983e-08,1.12599e-06,0.000199996
-0.205974,0.314817,1.60481,-0.207995,0.313065,1.60329,0.0031103,0.00795226,0.0150235,3.44791,0.0002,-8.14454e-10,-8.41157e-08,-8.14454e-10,0.000200012,1.12807e-06,-8.41157e-08,1.12807e-06,0.000199996
-0.203716,0.314605,1.60493,-0.20807,0.313102,1.60332,0.00536836,0.00774078,0.0151372,3.47497,0.0002,-7.87104e-10,-7.54418e-08,-7.87104e-10,0.000200012,1.15028e-06,-7.54418e-08,1.15028e-06,0.000199996
-0.201927,0.314302,1.60492,-0.208077,0.31318,1.60335,0.0071573,0.00743781,0.0151306,3.48291,0.0002,-5.76485e-10,-4.59575e-08,-5.76485e-10,0.000200012,1.16191e-06,-4.59575e-08,1.16191e-06,0.000199995
-0.200497,0.314146,1.60512,-0.208067,0.313188,1.60335,0.00233022,0.00879199,0.0164938,3.47918,0.0002,-5.11049e-10,-4.08e-08,-5.11049e-10,0.000200013,1.16889e-06,-4.08e-08,1.16889e-06,0.000199995
-0.199465,0.313983,1.60467,-0.207989,0.313011,1.60339,0.00336229,0.0086287,0.0160418,3.45229,0.0002,-4.51067e-10,-3.65574e-08,-4.51067e-10,0.000200012,1.15295e-06,-3.65574e-08,1.15295e-06,0.000199995
-0.196349,0.313512,1.60552,-0.195995,0.310968,1.61101,0.000628271,0.00939922,0.0058221,3.73176,0.0002,-4.72413e-10,-4.31387e-08,-4.72413e-10,0.000200012,1.12541e-06,-4.31387e-08,1.12541e-06,0.000199995
-0.19377,0.313106,1.6064,-0.195997,0.311014,1.61098,0.00320687,0.00899316,0.00670483,3.75028,0.0002,-4.52065e-10,-4.14471e-08,-4.52065e-10,0.000200012,1.1216e-06,-4.14471e-08,1.1216e-06,0.000199996
-0.19171,0.312825,1.60731,-0.196003,0.311017,1.61096,0.00526696,0.00871224,0.00761314,3.75398,0.0002,-4.9027e-10,-4.76249e-08,-4.9027e-10,0.000200012,1.11891e-06,-4.76249e-08,1.11891e-06,0.000199996
-0.18995,0.312457,1.60815,-0.196001,0.311019,1.61098,0.000894926,0.00892192,0.0117485,3.75398,0.0002,-3.5786e-10,-2.88112e-08,-3.5786e-10,0.000200012,1.13504e-06,-2.88112e-08,1.13504e-06,0.000199996
-0.188537,0.31208,1.60861,-0.195994,0.311024,1.61098,0.0023078,0.00854506,0.0122101,3.75028,0.0002,-1.50012e-10,-3.40839e-09,-1.50012e-10,0.000200012,1.14587e-06,-3.40839e-09,1.14587e-06,0.000199996
-0.184336,0.311523,1.60905,-0.180613,0.309104,1.61134,-0.001515,0.00983038,0.0143583,3.73544,0.0002,-1.421e-10,-7.74964e-09,-1.421e-10,0.000200012,1.15204e-06,-7.74964e-09,1.15204e-06,0.000199995
-0.18096,0.311278,1.60949,-0.180614,0.309143,1.61126,0.00186003,0.00958529,0.014797,3.75054,0.0002,-3.77839e-10,-4.1503e-08,-3.77839e-10,0.000200012,1.15821e-06,-4.1503e-08,1.15821e-06,0.000199995
-0.178299,0.311026,1.60964,-0.180604,0.309079,1.61129,0.00452103,0.00933325,0.0149476,3.73167,0.0002,-5.13585e-10,-5.61177e-08,-5.13585e-10,0.000200012,1.15562e-06,-5.61177e-08,1.15562e-06,0.000199995
-0.176254,0.310791,1.60975,-0.180604,0.30914,1.61123,0.00351008,0.00872896,0.0106578,3.75761,0.0002,-5.56873e-10,-5.82067e-08,-5.56873e-10,0.000200012,1.14061e-06,-5.82067e-08,1.14061e-06,0.000199995
-0.174489,0.310605,1.61025,-0.1806,0.309128,1.61122,0.0052748,0.00854296,0.0111583,3.76139,0.0002,-6.0182e-10,-6.05959e-08,-6.0182e-10,0.000200012,1.1514e-06,-6.05959e-08,1.1514e-06,0.000199995
-0.172985,0.310289,1.61064,-0.180597,0.309119,1.6112,-0.000127746,0.00824012,0.0181638,3.75761,0.0002,-4.36488e-10,-3.56714e-08,-4.36488e-10,0.000200013,1.17297e-06,-3.56714e-08,1.17297e-06,0.000199995
-0.168538,0.309741,1.60979,-0.16492,0.307974,1.60588,0.00431988,0.00769267,0.0173128,3.72051,0.0002,-2.26967e-10,-1.03142e-08,-2.26967e-10,0.000200013,1.20419e-06,-1.03142e-08,1.20419e-06,0.000199995
-0.165141,0.309446,1.60895,-0.165701,0.308064,1.60507,0.00771675,0.00739773,0.0164694,3.69453,0.0002,-2.18747e-10,-1.4104e-08,-2.18747e-10,0.000200014,1.22336e-06,-1.4104e-08,1.22336e-06,0.000199995
-0.16224,0.309428,1.60811,-0.165384,0.308071,1.6053,0.00270672,0.00798615,0.0134546,3.70147,0.0002,-5.0322e-10,-5.0815e-08,-5.0322e-10,0.000200014,1.25474e-06,-5.0815e-08,1.25474e-06,0.000199995
-0.159967,0.30939,1.60714,-0.165307,0.308074,1.60534,0.00497958,0.00794779,0.0124842,3.69853,0.0002,-6.98698e-10,-6.9956e-08,-6.98698e-10,0.000200015,1.2648e-06,-6.9956e-08,1.2648e-06,0.000199995
-0.158172,0.309333,1.60647,-0.165319,0.308063,1.60534,-0.00140936,0.00718494,0.00924166,3.69477,0.0002,-8.15546e-10,-7.82943e-08,-8.15546e-10,0.000200015,1.26799e-06,-7.82943e-08,1.26799e-06,0.000199995
-0.156685,0.309081,1.60593,-0.165321,0.308088,1.60532,7.6974e-05,0.00693244,0.0087002,3.69477,0.0002,-6.19866e-10,-4.95508e-08,-6.19866e-10,0.000200015,1.27806e-06,-4.95508e-08,1.27806e-06,0.000199994
-0.151484,0.308732,1.60481,-0.145906,0.307564,1.60292,0.00527799,0.00658402,0.00757848,3.94669,0.0002,-4.05476e-10,-2.46834e-08,-4.05476e-10,0.000200016,1.30514e-06,-2.46834e-08,1.30514e-06,0.000199994
-0.147787,0.308523,1.60283,-0.147902,0.307829,1.60112,0.000927906,0.00665283,0.00748669,3.74404,0.0002,-2.49852e-10,-1.08509e-08,-2.49852e-10,0.000200016,1.31214e-06,-1.08509e-08,1.31214e-06,0.000199994
-0.144906,0.308491,1.60041,-0.1489,0.30787,1.60009,0.00380934,0.00662113,0.00507487,3.7078,0.0002,-3.04662e-10,-2.16999e-08,-3.04662e-10,0.000200016,1.33641e-06,-2.16999e-08,1.33641e-06,0.000199994
-0.142767,0.30846,1.59741,-0.149094,0.307875,1.59988,0.00594831,0.00659026,0.00206891,3.68284,0.0002,-3.31767e-10,-2.62719e-08,-3.31767e-10,0.000200016,1.33158e-06,-2.62719e-08,1.33158e-06,0.000199994
-0.141113,0.308347,1.59468,-0.148544,0.307898,1.60034,-0.00625909,0.00648938,-0.000857916,3.70296,0.0002,-2.13978e-10,-1.32984e-08,-2.13978e-10,0.000200016,1.30162e-06,-1.32984e-08,1.30162e-06,0.000199994
-0.135517,0.307808,1.592,-0.127807,0.305434,1.60202,-0.000662363,0.00595072,-0.00353524,3.52739,0.0002,-1.71255e-10,-1.04921e-08,-1.71255e-10,0.000200016,1.30272e-06,-1.04921e-08,1.30272e-06,0.000199994
-0.131111,0.307379,1.58865,-0.127953,0.305462,1.60215,0.00374346,0.00552222,-0.00689276,3.5044,0.0002,-1.22116e-10,-6.61072e-09,-1.22116e-10,0.000200016,1.29662e-06,-6.61072e-09,1.29662e-06,0.000199994
-0.127719,0.307059,1.58423,-0.129149,0.305479,1.60125,0.00308164,0.00505738,-0.0053403,3.35806,0.0002,-9.57071e-11,-5.23351e-09,-9.57071e-11,0.000200016,1.30969e-06,-5.23351e-09,1.30969e-06,0.000199994
-0.125249,0.306738,1.57958,-0.130265,0.305506,1.60033,0.00555162,0.0047357,-0.00998884,3.26838,0.0002,3.44382e-11,8.54849e-09,3.44382e-11,0.000200016,1.31469e-06,8.54849e-09,1.31469e-06,0.000199994
-0.123389,0.30636,1.57544,-0.131274,0.305367,1.59925,-0.00105927,0.00418799,-0.00447121,3.16774,0.0002,2.77374e-10,3.33378e-08,2.77374e-10,0.000200016,1.33142e-06,3.33378e-08,1.33142e-06,0.000199994
-0.122064,0.305802,1.57214,-0.131255,0.305406,1.5993,0.000265545,0.00362982,-0.00777427,3.16756,0.0002,8.28505e-10,9.19226e-08,8.28505e-10,0.000200016,1.31456e-06,9.19226e-08,1.31456e-06,0.000199994
-0.116723,0.304815,1.56283,-0.109086,0.30454,1.56647,-0.00334597,0.00266084,0.0060967,3.43879,0.0002,1.67015e-09,1.81839e-07,1.67015e-09,0.000200016,1.27925e-06,1.81839e-07,1.27925e-06,0.000199994
-0.11252,0.303614,1.5557,-0.109087,0.30458,1.5665,0.000856345,0.00146078,-0.00103186,3.44259,0.000200001,2.83739e-09,3.07756e-07,2.83739e-09,0.000200015,1.24417e-06,3.07756e-07,1.24417e-06,0.000199994
-0.109473,0.302205,1.55036,-0.109862,0.304617,1.56575,0.0039039,5.09688e-05,-0.00636769,3.36579,0.000200002,4.21334e-09,4.61965e-07,4.21334e-09,0.000200014,1.19493e-06,4.61965e-07,1.19493e-06,0.000199994
-0.107424,0.300636,1.54659,-0.110471,0.304563,1.56512,-0.00308302,-0.00115682,0.0138779,3.3004,0.000200003,5.55337e-09,6.29331e-07,5.55337e-09,0.000200013,1.11941e-06,6.29331e-07,1.11941e-06,0.000199994
-0.106066,0.299103,1.54347,-0.110458,0.304557,1.56515,-0.0017254,-0.00268983,0.0107609,3.289,0.000200005,6.54612e-09,7.80596e-07,6.54612e-09,0.000200011,1.02411e-06,7.80596e-07,1.02411e-06,0.000199994
-0.101231,0.296559,1.53122,-0.0908144,0.29928,1.51526,-0.00493182,-0.00137357,0.0142984,3.13623,0.000200006,7.25725e-09,9.11565e-07,7.25725e-09,0.000200009,9.40421e-07,9.11565e-07,9.40421e-07,0.000199994
-0.0975343,0.294416,1.52131,-0.0907993,0.299289,1.51527,-0.00123489,-0.00351635,0.00439382,3.13623,0.000200008,7.60931e-09,1.01473e-06,7.60931e-09,0.000200008,8.57124e-07,1.01473e-06,8.57124e-07,0.000199994
-0.0948948,0.292666,1.51318,-0.0908113,0.299283,1.51526,0.00140457,-0.00526718,-0.00374113,3.13623,0.00020001,7.44911e-09,1.08736e-06,7.44911e-09,0.000200006,7.51457e-07,1.08736e-06,7.51457e-07,0.000199994
-0.092826,0.291222,1.5063,-0.0910613,0.299207,1.51498,-0.00243761,0.000958122,0.0141323,3.12791,0.000200011,7.26075e-09,1.13917e-06,7.26075e-09,0.000200005,6.83261e-07,1.13917e-06,6.83261e-07,0.000199994
-0.0913954,0.290034,1.50017,-0.0910609,0.299205,1.51496,-0.00100704,-0.000230652,0.00800497,3.12412,0.000200012,6.80885e-09,1.17813e-06,6.80885e-09,0.000200004,6.01773e-07,1.17813e-06,6.01773e-07,0.000199994
-0.0904072,0.28911,1.49517,-0.0910608,0.299207,1.51496,-0.00415443,0.00720766,0.0241864,3.1398,0.000200013,6.20612e-09,1.19877e-06,6.20612e-09,0.000200003,5.23338e-07,1.19877e-06,5.23338e-07,0.000199994
-0.0874483,0.284683,1.47873,-0.0798728,0.281261,1.45123,-0.00119546,0.00278076,0.00774858,2.02377,0.000200013,5.76581e-09,1.22308e-06,5.76581e-09,0.000200003,4.73606e-07,1.22308e-06,4.73606e-07,0.000199994
-0.0851359,0.281073,1.46526,-0.0798776,0.281252,1.45121,0.00111694,-0.000829727,-0.00571792,2.02685,0.000200014,5.36316e-09,1.25071e-06,5.36316e-09,0.000200002,4.29662e-07,1.25071e-06,4.29662e-07,0.000199994
-0.0834247,0.278279,1.45428,-0.0798705,0.28126,1.45121,0.00130153,0.000712786,-0.00145931,2.02377,0.000200014,4.81086e-09,1.25421e-06,4.81086e-09,0.000200002,3.76394e-07,1.25421e-06,3.76394e-07,0.000199994
-0.0822547,0.276129,1.44518,-0.0798667,0.281272,1.45118,0.00247154,-0.00143722,-0.0105613,2.02377,0.000200014,4.08231e-09,1.24357e-06,4.08231e-09,0.000200001,3.0805e-07,1.24357e-06,3.0805e-07,0.000199994
-0.0813492,0.274428,1.43758,-0.0798596,0.281259,1.45117,0.00112758,0.00618472,0.0040937,2.02377,0.000200014,3.46904e-09,1.23354e-06,3.46904e-09,0.000200001,2.57216e-07,1.23354e-06,2.57216e-07,0.000199994
-0.0806842,0.27303,1.43171,-0.0798591,0.281267,1.45118,0.00179257,0.00478702,-0.00177528,2.02377,0.000200014,2.93496e-09,1.2333e-06,2.93496e-09,0.000200001,2.13757e-07,1.2333e-06,2.13757e-07,0.000199994
-0.0794251,0.268149,1.41583,-0.0759805,0.262209,1.3947,0.0030516,-9.46391e-05,-0.0176621,1.60411,0.000200014,2.54699e-09,1.22384e-06,2.54699e-09,0.000200001,1.88284e-07,1.22384e-06,1.88284e-07,0.000199994
-0.0784028,0.264231,1.40312,-0.0759967,0.262191,1.3947,0.00183136,0.00499034,0.00111728,1.60411,0.000200014,2.26771e-09,1.21968e-06,2.26771e-09,0.0002,1.71785e-07,1.21968e-06,1.71785e-07,0.000199995
-0.0775095,0.261017,1.39347,-0.0759912,0.262204,1.3947,0.00272463,0.00177602,-0.00853305,1.60772,0.000200014,2.16112e-09,1.23065e-06,2.16112e-09,0.0002,1.70902e-07,1.23065e-06,1.70902e-07,0.000199995
-0.07683,0.258466,1.38564,-0.0760055,0.262197,1.39469,0.00198339,0.00692565,0.00670906,1.60772,0.000200014,2.03221e-09,1.23427e-06,2.03221e-09,0.0002,1.63223e-07,1.23427e-06,1.63223e-07,0.000199995
-0.0760133,0.25633,1.37979,-0.0760023,0.262205,1.39469,0.00280004,0.00478946,0.000861635,1.60382,0.000200015,2.30423e-09,1.25287e-06,2.30423e-09,0.0002,2.0047e-07,1.25287e-06,2.0047e-07,0.000199995
-0.0746996,0.251044,1.36484,-0.0729139,0.244717,1.34334,0.00411374,-0.000496832,-0.0140868,1.76933,0.000200015,2.68295e-09,1.27606e-06,2.68295e-09,0.0002,2.40253e-07,1.27606e-06,2.40253e-07,0.000199994
-0.0735912,0.246857,1.353,-0.0728768,0.244718,1.3434,0.00443733,0.00442342,0.000177947,1.7686,0.000200015,3.01945e-09,1.28471e-06,3.01945e-09,0.000200001,2.7083e-07,1.28471e-06,2.7083e-07,0.000199994
-0.0724578,0.24353,1.34393,-0.0728816,0.244719,1.34338,0.00557065,0.00109631,-0.00888793,1.77525,0.000200015,3.5899e-09,1.28747e-06,3.5899e-09,0.000200001,3.27944e-07,1.28747e-06,3.27944e-07,0.000199994
-0.0712528,0.241029,1.33698,-0.0729229,0.244722,1.34334,0.00481098,0.00774772,0.00839048,1.77312,0.000200015,4.36704e-09,1.26447e-06,4.36704e-09,0.000200001,4.12206e-07,1.26447e-06,4.12206e-07,0.000199994
-0.0701334,0.239335,1.33121,-0.0728995,0.244722,1.34333,0.00593039,0.0060538,0.00262113,1.76554,0.000200014,4.98508e-09,1.20161e-06,4.98508e-09,0.000200002,4.89248e-07,1.20161e-06,4.89248e-07,0.000199994
-0.069026,0.237969,1.3264,-0.0728862,0.244729,1.34339,0.00572831,0.00942134,0.0069303,1.7686,0.000200013,5.67178e-09,1.16451e-06,5.67178e-09,0.000200003,5.70846e-07,1.16451e-06,5.70846e-07,0.000199994
-0.0678754,0.232694,1.31359,-0.0723557,0.22403,1.29864,0.00687889,0.00414586,-0.00588131,1.7276,0.000200013,6.42613e-09,1.14394e-06,6.42613e-09,0.000200003,6.55813e-07,1.14394e-06,6.55813e-07,0.000199994
-0.0668112,0.22866,1.30344,-0.0723632,0.224044,1.29863,0.00794314,0.000112048,-0.0160272,1.73122,0.000200012,7.00519e-09,1.10279e-06,7.00519e-09,0.000200004,7.31375e-07,1.10279e-06,7.31375e-07,0.000199994
-0.0657933,0.225587,1.29512,-0.0723663,0.224018,1.29862,0.00526362,0.00556357,0.00841953,1.72397,0.000200011,7.4613e-09,1.05251e-06,7.4613e-09,0.000200005,8.04796e-07,1.05251e-06,8.04796e-07,0.000199994
-0.0648385,0.223344,1.28826,-0.0723719,0.224028,1.29862,0.00621843,0.00332007,0.00155583,1.73122,0.00020001,7.72649e-09,9.87853e-07,7.72649e-09,0.000200006,8.73347e-07,9.87853e-07,8.73347e-07,0.000199994
-0.0640612,0.221689,1.28245,-0.072373,0.224027,1.29861,0.00699564,0.00166581,-0.00424746,1.73122,0.000200009,7.76174e-09,9.25268e-07,7.76174e-09,0.000200007,9.18538e-07,9.25268e-07,9.18538e-07,0.000199994
-0.061591,0.217295,1.26667,-0.0629799,0.208213,1.2455,0.00337331,0.00849878,0.00691551,1.82426,0.000200008,7.62913e-09,8.63759e-07,7.62913e-09,0.000200008,9.49324e-07,8.63759e-07,9.49324e-07,0.000199994
-0.0595173,0.213813,1.25384,-0.0629637,0.208206,1.24553,0.00544705,0.0050169,-0.00591291,1.82426,0.000200007,7.55123e-09,8.21431e-07,7.55123e-09,0.000200008,9.81781e-07,8.21431e-07,9.81781e-07,0.000199994
-0.0576238,0.211,1.24326,-0.0629496,0.208215,1.24553,0.00734046,0.0022038,-0.016485,1.82785,0.000200007,7.71145e-09,8.01661e-07,7.71145e-09,0.000200009,1.0377e-06,8.01661e-07,1.0377e-06,0.000199994
-0.0562702,0.208626,1.23512,-0.0629631,0.20821,1.24552,0.00147127,0.00631439,0.00593806,1.82426,0.000200006,7.8372e-09,8.09989e-07,7.8372e-09,0.00020001,1.0467e-06,8.09989e-07,1.0467e-06,0.000199994
-0.0553686,0.206544,1.22954,-0.0629394,0.208293,1.24558,0.00237289,0.00423272,0.000364902,1.82548,0.000200007,7.98495e-09,8.4745e-07,7.98495e-09,0.00020001,1.02169e-06,8.4745e-07,1.02169e-06,0.000199994
-0.0548624,0.204471,1.22519,-0.0629446,0.208293,1.2456,0.00287907,0.00215959,-0.00398581,1.83264,0.000200008,8.30254e-09,9.36946e-07,8.30254e-09,0.000200009,9.69746e-07,9.36946e-07,9.69746e-07,0.000199994
-0.0526145,0.200023,1.21277,-0.0511625,0.195343,1.19879,-0.0015337,0.00317337,0.00563823,2.11056,0.000200009,8.16304e-09,1.01885e-06,8.16304e-09,0.000200008,8.61e-07,1.01885e-06,8.61e-07,0.000199994
-0.050905,0.196412,1.20275,-0.0502907,0.195334,1.19942,0.000175845,-0.000438109,-0.00437999,2.22419,0.00020001,7.71698e-09,1.08112e-06,7.71698e-09,0.000200006,7.46972e-07,1.08112e-06,7.46972e-07,0.000199994
-0.0497151,0.193268,1.19475,-0.0501698,0.195325,1.19948,-0.00448288,0.00278584,0.0107576,2.22117,0.000200012,7.23201e-09,1.16219e-06,7.23201e-09,0.000200005,6.39481e-07,1.16219e-06,6.39481e-07,0.000199994
-0.0490264,0.190639,1.18804,-0.0501799,0.195316,1.19949,-0.00379409,0.000156921,0.00404709,2.22117,0.000200013,6.51075e-09,1.23228e-06,6.51075e-09,0.000200004,5.26835e-07,1.23228e-06,5.26835e-07,0.000199994
-0.0486974,0.188572,1.18287,-0.0501654,0.195314,1.19946,-0.00600535,0.00165175,0.00913046,2.22468,0.000200014,5.5726e-09,1.27117e-06,5.5726e-09,0.000200003,4.17538e-07,1.27117e-06,4.17538e-07,0.000199994
-0.0466187,0.183358,1.16849,-0.0399874,0.17824,1.14715,-0.00392663,-0.00356221,-0.00524966,1.65502,0.000200015,4.65076e-09,1.31629e-06,4.65076e-09,0.000200002,3.22139e-07,1.31629e-06,3.22139e-07,0.000199994
-0.0452174,0.179126,1.15667,-0.0399924,0.178243,1.14715,-0.00252533,-0.00779387,-0.0170657,1.65149,0.000200016,3.54148e-09,1.35549e-06,3.54148e-09,0.000200001,2.1605e-07,1.35549e-06,2.1605e-07,0.000199994
-0.0442559,0.175818,1.14648,-0.0400481,0.178224,1.14709,-0.00468015,-0.00161741,-0.00314552,1.64795,0.000200017,2.41838e-09,1.36775e-06,2.41838e-09,0.000200001,1.2132e-07,1.36775e-06,1.2132e-07,0.000199994
-0.0434363,0.173168,1.13864,-0.0400382,0.178233,1.14707,-0.00386052,-0.00426742,-0.0109927,1.64795,0.000200017,1.6174e-09,1.37662e-06,1.6174e-09,0.0002,6.64856e-08,1.37662e-06,6.64856e-08,0.000199994
-0.0427819,0.171054,1.13237,-0.0399765,0.178262,1.14712,-0.0032429,0.00344099,0.00531912,1.65149,0.000200017,9.91325e-10,1.38219e-06,9.91325e-10,0.0002,2.74591e-08,1.38219e-06,2.74591e-08,0.000199993
-0.0422824,0.169486,1.12725,-0.0399779,0.17826,1.14713,-0.00274349,0.00187263,0.000200469,1.65149,0.000200017,4.90182e-10,1.36589e-06,4.90182e-10,0.0002,-2.54426e-09,1.36589e-06,-2.54426e-09,0.000199993
-0.0419133,0.164221,1.1149,-0.0397978,0.158203,1.10483,-0.00237436,-0.00339258,-0.0121473,1.20477,0.000200017,1.10605e-10,1.35535e-06,1.10605e-10,0.0002,-2.40847e-08,1.35535e-06,-2.40847e-08,0.000199994
-0.0416394,0.159916,1.10524,-0.039805,0.158207,1.10485,-0.00179521,0.00189789,0.00503595,1.21138,0.000200017,-2.15922e-10,1.36352e-06,-2.15922e-10,0.0002,-4.37134e-08,1.36352e-06,-4.37134e-08,0.000199994
-0.0413976,0.156455,1.0975,-0.0397975,0.158212,1.10483,-0.00155335,-0.0015632,-0.00270251,1.20477,0.000200017,-4.42677e-10,1.37157e-06,-4.42677e-10,0.0002,-5.50173e-08,1.37157e-06,-5.50173e-08,0.000199994
-0.0410294,0.153685,1.09172,-0.0398045,0.158211,1.10483,-0.000460886,0.0051728,0.0152197,1.20788,0.000200018,-3.61934e-10,1.37708e-06,-3.61934e-10,0.0002,-3.54193e-08,1.37708e-06,-3.54193e-08,0.000199993
-0.0406595,0.151401,1.0872,-0.0398009,0.15821,1.10483,-9.09848e-05,0.00288901,0.0107013,1.20788,0.000200018,-1.87541e-10,1.39158e-06,-1.87541e-10,0.0002,-1.22626e-08,1.39158e-06,-1.22626e-08,0.000199993
-0.040198,0.149725,1.08359,-0.0398015,0.15822,1.10484,0.000370541,0.00121345,0.00708751,1.20437,0.000200018,1.90746e-10,1.37735e-06,1.90746e-10,0.0002,2.83391e-08,1.37735e-06,2.83391e-08,0.000199993
-0.0399988,0.144449,1.06964,-0.0417598,0.13841,1.04856,0.00120193,0.00543945,0.0122131,1.26416,0.000200017,9.06237e-10,1.36385e-06,9.06237e-10,0.0002,1.01565e-07,1.36385e-06,1.01565e-07,0.000199993
-0.0396565,0.140154,1.05828,-0.0417666,0.138399,1.04856,0.00154421,0.0011447,0.000850111,1.2607,0.000200017,1.70307e-09,1.36702e-06,1.70307e-09,0.0002,1.74593e-07,1.36702e-06,1.74593e-07,0.000199993
-0.0392654,0.136809,1.0495,-0.0417229,0.13839,1.04854,0.00185356,0.00645446,0.0148066,1.2607,0.000200017,2.42973e-09,1.35464e-06,2.42973e-09,0.0002,2.36613e-07,1.35464e-06,2.36613e-07,0.000199993
-0.0387276,0.134166,1.04216,-0.0417299,0.138403,1.04855,0.00239127,0.00381064,0.00747266,1.25724,0.000200017,3.26443e-09,1.34279e-06,3.26443e-09,0.000200001,3.10372e-07,1.34279e-06,3.10372e-07,0.000199993
-0.0383373,0.132038,1.03619,-0.0417242,0.138402,1.04855,0.00278167,0.00168312,0.00150248,1.25724,0.000200017,3.8222e-09,1.33755e-06,3.8222e-09,0.000200001,3.49355e-07,1.33755e-06,3.49355e-07,0.000199993
-0.0375974,0.127277,1.01956,-0.0394501,0.121914,0.991343,0.00151884,0.00650438,0.00763755,1.37173,0.000200016,4.18176e-09,1.29318e-06,4.18176e-09,0.000200001,3.80694e-07,1.29318e-06,3.80694e-07,0.000199994
-0.0369706,0.123474,1.00625,-0.0394514,0.121927,0.991343,0.0021456,0.0027015,-0.00566961,1.37173,0.000200015,4.44576e-09,1.26519e-06,4.44576e-09,0.000200001,4.02842e-07,1.26519e-06,4.02842e-07,0.000199994
-0.0364264,0.120401,0.995294,-0.0394687,0.121895,0.991338,0.00268988,-0.000371198,-0.0166261,1.37833,0.000200015,4.67729e-09,1.25211e-06,4.67729e-09,0.000200002,4.21429e-07,1.25211e-06,4.21429e-07,0.000199994
-0.0359749,0.117948,0.98684,-0.0394502,0.121923,0.991341,0.00205301,0.00172723,-0.0111797,1.37503,0.000200015,4.84419e-09,1.24449e-06,4.84419e-09,0.000200002,4.33356e-07,1.24449e-06,4.33356e-07,0.000199994
-0.0353231,0.116011,0.980385,-0.039434,0.121918,0.991324,0.00270475,-0.000210124,-0.017635,1.37503,0.000200015,5.31461e-09,1.23645e-06,5.31461e-09,0.000200002,4.85572e-07,1.23645e-06,4.85572e-07,0.000199994
-0.0345001,0.110981,0.972258,-0.0390918,0.104164,0.977589,0.00128551,0.00278022,-0.00453321,2.06933,0.000200014,5.94531e-09,1.21996e-06,5.94531e-09,0.000200003,5.57716e-07,1.21996e-06,5.57716e-07,0.000199994
-0.0337588,0.107246,0.965761,-0.0391021,0.104178,0.977609,0.0020268,-0.000954461,-0.0110293,2.07567,0.000200013,6.33879e-09,1.16452e-06,6.33879e-09,0.000200003,6.16438e-07,1.16452e-06,6.16438e-07,0.000199994
-0.0331853,0.104315,0.96016,-0.0391044,0.104196,0.977649,-0.000252271,0.0045113,0.00461652,2.07893,0.000200012,6.54085e-09,1.12137e-06,6.54085e-09,0.000200004,6.4969e-07,1.12137e-06,6.4969e-07,0.000199994
-0.0327657,0.101809,0.955298,-0.038957,0.104227,0.977803,0.000167276,0.00200455,-0.000246052,2.02732,0.000200012,6.69991e-09,1.12141e-06,6.69991e-09,0.000200004,6.58355e-07,1.12141e-06,6.58355e-07,0.000199994
-0.0327045,0.0997221,0.952048,-0.0389845,0.104228,0.977891,0.000228557,-8.19612e-05,-0.00349623,2.02406,0.000200012,6.54171e-09,1.13408e-06,6.54171e-09,0.000200004,6.20256e-07,1.13408e-06,6.20256e-07,0.000199994
-0.0330914,0.0979109,0.949596,-0.0389715,0.104216,0.97811,-0.00384533,0.0052938,0.022042,2.01099,0.000200013,5.94309e-09,1.16361e-06,5.94309e-09,0.000200003,5.24772e-07,1.16361e-06,5.24772e-07,0.000199994
-0.0310157,0.0923544,0.9337,-0.0256004,0.0850836,0.908912,-0.00176959,-0.000262705,0.00614642,2.55389,0.000200014,5.29547e-09,1.22205e-06,5.29547e-09,0.000200002,4.29672e-07,1.22205e-06,4.29672e-07,0.000199994
-0.0295079,0.0877398,0.921609,-0.0255824,0.0850991,0.908931,-0.00497619,0.00266444,0.0207857,2.55353,0.000200015,4.59196e-09,1.28799e-06,4.59196e-09,0.000200002,3.41093e-07,1.28799e-06,3.41093e-07,0.000199994
-0.0284056,0.0840957,0.911931,-0.0256484,0.0850834,0.908902,-0.00387382,-0.000979635,0.0111069,2.5409,0.000200016,3.85499e-09,1.32263e-06,3.85499e-09,0.000200001,2.67512e-07,1.32263e-06,2.67512e-07,0.000199994
-0.0289219,0.081122,0.903688,-0.0316736,0.0850597,0.908,-0.00439015,-0.00395337,0.00286439,2.32856,0.000200016,2.99843e-09,1.35342e-06,2.99843e-09,0.000200001,1.87285e-07,1.35342e-06,1.87285e-07,0.000199994
-0.0282323,0.0787066,0.897079,-0.0256658,0.0850813,0.908912,-0.00575727,0.00268471,0.0127478,2.53432,0.000200017,2.1744e-09,1.3796e-06,2.1744e-09,0.0002,1.17799e-07,1.3796e-06,1.17799e-07,0.000199994
-0.0275297,0.0768827,0.891896,-0.0256959,0.085073,0.908925,-0.00505461,0.000860804,0.00756495,2.53289,0.000200017,1.75172e-09,1.37901e-06,1.75172e-09,0.0002,9.72553e-08,1.37901e-06,9.72553e-08,0.000199994
-0.0268669,0.07171,0.87729,-0.0256546,0.0661387,0.856641,-0.00439189,-0.00431189,-0.00704082,1.20213,0.000200017,1.67242e-09,1.36637e-06,1.67242e-09,0.0002,1.09345e-07,1.36637e-06,1.09345e-07,0.000199994
-0.0261197,0.0675593,0.86571,-0.0256598,0.0661316,0.856653,-0.00309973,0.000927719,0.00698457,1.19882,0.000200017,1.92123e-09,1.36053e-06,1.92123e-09,0.0002,1.48843e-07,1.36053e-06,1.48843e-07,0.000199994
-0.0256226,0.0641399,0.856653,-0.025651,0.0661441,0.85665,-0.00260265,-0.00249168,-0.00207279,1.20544,0.000200017,1.98045e-09,1.37308e-06,1.98045e-09,0.0002,1.5524e-07,1.37308e-06,1.5524e-07,0.000199993
-0.0253086,0.0613873,0.848525,-0.0253859,0.0661133,0.855342,-0.00256816,0.00468404,0.0146259,1.08737,0.000200018,1.81213e-09,1.38286e-06,1.81213e-09,0.0002,1.35175e-07,1.38286e-06,1.35175e-07,0.000199993
-0.025528,0.0592738,0.84192,-0.0253776,0.0661101,0.85535,-0.00278751,0.00257056,0.00802128,1.08473,0.000200018,9.67852e-10,1.37401e-06,9.67852e-10,0.0002,4.50558e-08,1.37401e-06,4.50558e-08,0.000199993
-0.0261135,0.0535263,0.826387,-0.025342,0.0453058,0.804614,-0.00421625,0.00658088,0.0160305,1.33302,0.000200017,-1.96715e-10,1.35128e-06,-1.96715e-10,0.0002,-6.96905e-08,1.35128e-06,-6.96905e-08,0.000199993
-0.0267244,0.0488118,0.814375,-0.0253496,0.0453008,0.804608,-0.0048271,0.00186637,0.00401812,1.33629,0.000200017,-1.32601e-09,1.35505e-06,-1.32601e-09,0.0002,-1.68839e-07,1.35505e-06,-1.68839e-07,0.000199994
-0.0271094,0.0449636,0.804872,-0.0253422,0.0453157,0.804627,-0.00521213,-0.00198179,-0.00548478,1.33302,0.000200017,-2.08178e-09,1.37001e-06,-2.08178e-09,0.0002,-2.1858e-07,1.37001e-06,-2.1858e-07,0.000199993
-0.0270125,0.0418068,0.797574,-0.0253453,0.0453109,0.804598,-0.0047135,0.00388978,0.0161568,1.33302,0.000200018,-2.08696e-09,1.3923e-06,-2.08696e-09,0.0002,-1.87464e-07,1.3923e-06,-1.87464e-07,0.000199993
-0.0264971,0.0393192,0.791734,-0.0253437,0.0453116,0.804598,-0.00419805,0.00140214,0.0103173,1.33302,0.000200018,-1.41198e-09,1.40116e-06,-1.41198e-09,0.0002,-9.91323e-08,1.40116e-06,-9.91323e-08,0.000199993
-0.0256764,0.0374226,0.78737,-0.025349,0.0453086,0.804584,-0.00337737,-0.000494453,0.00595291,1.33302,0.000200018,-2.57801e-10,1.39265e-06,-2.57801e-10,0.0002,2.20324e-08,1.39265e-06,2.20324e-08,0.000199993
-0.0250938,0.0325882,0.778107,-0.0265282,0.028136,0.77523,-0.00178227,-0.000839731,0.00942716,1.09282,0.000200018,9.16005e-10,1.36854e-06,9.16005e-10,0.0002,1.31292e-07,1.36854e-06,1.31292e-07,0.000199993
-0.0245755,0.0286858,0.770178,-0.026496,0.02814,0.775224,-0.00126394,-0.00474211,0.00149789,1.09282,0.000200017,1.84906e-09,1.35921e-06,1.84906e-09,0.0002,2.06027e-07,1.35921e-06,2.06027e-07,0.000199993
-0.0243539,0.0255315,0.763937,-0.0264902,0.0281364,0.775216,0.000349931,0.0017912,0.015432,1.09602,0.000200017,2.25815e-09,1.35829e-06,2.25815e-09,0.0002,2.21096e-07,1.35829e-06,2.21096e-07,0.000199993
-0.0243693,0.0230105,0.758738,-0.0265003,0.0281426,0.775221,0.000334506,-0.000729747,0.0102337,1.09282,0.000200017,2.25425e-09,1.35739e-06,2.25425e-09,0.0002,1.987e-07,1.35739e-06,1.987e-07,0.000199993
-0.0246037,0.020873,0.754683,-0.0264995,0.0281233,0.775217,-0.00113818,0.00620974,0.0274852,1.09282,0.000200018,1.91103e-09,1.37512e-06,1.91103e-09,0.0002,1.47533e-07,1.37512e-06,1.47533e-07,0.000199993
-0.025125,0.0147194,0.737738,-0.0275021,0.00624413,0.707248,-0.0016595,5.61499e-05,0.0105404,1.5198,0.000200018,1.55845e-09,1.39598e-06,1.55845e-09,0.0002,1.07473e-07,1.39598e-06,1.07473e-07,0.000199993
-0.0252683,0.00992963,0.724288,-0.0275162,0.00622998,0.707257,-0.00180273,-0.00473359,-0.00290945,1.51656,0.000200018,1.634e-09,1.38818e-06,1.634e-09,0.0002,1.22576e-07,1.38818e-06,1.22576e-07,0.000199993
-0.0249432,0.00624861,0.713009,-0.0275162,0.0062381,0.707247,-0.00148693,0.000762849,0.00795226,1.51331,0.000200017,2.28054e-09,1.36021e-06,2.28054e-09,0.0002,1.99322e-07,1.36021e-06,1.99322e-07,0.000199993
-0.0244294,0.00325011,0.703364,-0.0275022,0.00624685,0.707241,-0.000973136,-0.00223565,-0.00169322,1.5196,0.000200017,3.12545e-09,1.35212e-06,3.12545e-09,0.000200001,2.8551e-07,1.35212e-06,2.8551e-07,0.000199993
-0.0240091,0.00102157,0.695651,-0.0274476,0.0062295,0.707256,-0.00160342,0.00506097,0.018939,1.53908,0.000200017,3.69824e-09,1.31969e-06,3.69824e-09,0.000200001,3.38689e-07,1.31969e-06,3.38689e-07,0.000199993
-0.0237494,-0.000668146,0.68979,-0.0275068,0.00624219,0.70725,-0.00134375,0.00337125,0.0130786,1.5198,0.000200016,3.98243e-09,1.28474e-06,3.98243e-09,0.000200001,3.61254e-07,1.28474e-06,3.61254e-07,0.000199994
-0.0232249,-0.00597585,0.675816,-0.0256677,-0.0126752,0.661876,-0.000819224,-0.00193645,-0.000895617,1.50876,0.000200016,4.23458e-09,1.28769e-06,4.23458e-09,0.000200001,3.75237e-07,1.28769e-06,3.75237e-07,0.000199994
-0.022728,-0.0101499,0.664429,-0.0256679,-0.0126764,0.661864,-0.000322329,-0.00611045,-0.0122832,1.50876,0.000200016,4.46772e-09,1.27898e-06,4.46772e-09,0.000200001,3.93614e-07,1.27898e-06,3.93614e-07,0.000199994
-0.0222474,-0.0133865,0.655009,-0.0256858,-0.0126753,0.661868,0.000158301,-0.00934712,-0.0217023,1.50876,0.000200015,4.68987e-09,1.258e-06,4.68987e-09,0.000200001,4.16856e-07,1.258e-06,4.16856e-07,0.000199994
-0.0217274,-0.0160007,0.647371,-0.0256846,-0.0126752,0.661866,-0.000645565,-0.00818923,-0.0183546,1.50876,0.000200015,5.02459e-09,1.24952e-06,5.02459e-09,0.000200002,4.51351e-07,1.24952e-06,4.51351e-07,0.000199994
-0.0214717,-0.0180121,0.641255,-0.0255725,-0.0126693,0.661835,-0.00180873,-0.00553289,-0.0128737,1.52775,0.000200014,4.99105e-09,1.23168e-06,4.99105e-09,0.000200002,4.42903e-07,1.23168e-06,4.42903e-07,0.000199994
-0.0211981,-0.0195463,0.636679,-0.0255399,-0.0126811,0.661864,-0.0015352,-0.00706709,-0.0174496,1.53087,0.000200014,4.99144e-09,1.20836e-06,4.99144e-09,0.000200002,4.4676e-07,1.20836e-06,4.4676e-07,0.000199994
-0.0197226,-0.0244119,0.620918,-0.019219,-0.030981,0.603433,-0.00412457,0.000978634,0.0119325,1.87176,0.000200014,5.0336e-09,1.18629e-06,5.0336e-09,0.000200002,4.58123e-07,1.18629e-06,4.58123e-07,0.000199994
-0.0189568,-0.0279593,0.607892,-0.0211647,-0.0308898,0.603944,-0.00335874,-0.00256869,-0.00109352,1.74006,0.000200012,4.85525e-09,1.12113e-06,4.85525e-09,0.000200002,4.58418e-07,1.12113e-06,4.58418e-07,0.000199994
-0.0185591,-0.0301585,0.598087,-0.0212067,-0.0308817,0.603911,-0.00601821,0.00346902,0.0090233,1.72901,0.00020001,4.18973e-09,9.77849e-07,4.18973e-09,0.000200002,4.24951e-07,9.77849e-07,4.24951e-07,0.000199995
-0.0185282,-0.0314301,0.591284,-0.0206191,-0.0309307,0.603934,-0.00598727,0.00219738,0.00222044,1.71173,0.000200008,3.14506e-09,8.06096e-07,3.14506e-09,0.000200001,3.39006e-07,8.06096e-07,3.39006e-07,0.000199996
-0.0187345,-0.0320677,0.586566,-0.0205849,-0.0309311,0.603927,-0.00619361,0.0015598,-0.00249775,1.70853,0.000200006,2.1655e-09,6.35004e-07,2.1655e-09,0.000200001,2.4648e-07,6.35004e-07,2.4648e-07,0.000199997
-0.0171674,-0.0355116,0.572926,-0.01148,-0.0463731,0.552519,-0.00829464,0.00566621,0.00960933,1.90672,0.000200004,1.46674e-09,4.99107e-07,1.46674e-09,0.000200001,1.77589e-07,4.99107e-07,1.77589e-07,0.000199998
-0.0159176,-0.0381454,0.562525,-0.0114788,-0.0463918,0.552487,-0.00704482,0.00303243,-0.000791829,1.91631,0.000200003,9.94619e-10,3.92546e-07,9.94619e-10,0.0002,1.31804e-07,3.92546e-07,1.31804e-07,0.000199998
-0.0148327,-0.0402687,0.554102,-0.0114912,-0.0463745,0.552497,-0.00677501,0.00479908,0.0182474,1.90672,0.000200002,7.201e-10,3.27839e-07,7.201e-10,0.0002,1.15788e-07,3.27839e-07,1.15788e-07,0.000199999
-0.013935,-0.0420446,0.547187,-0.0115596,-0.0463958,0.55265,-0.00587732,0.00302317,0.0113326,1.89871,0.000200001,5.58545e-10,2.98332e-07,5.58545e-10,0.0002,1.11938e-07,2.98332e-07,1.11938e-07,0.000199999
-0.0140586,-0.0434207,0.542097,-0.0159412,-0.0462795,0.553829,-0.00600097,0.0016471,0.00624238,1.64563,0.000200001,4.58555e-10,2.76202e-07,4.58555e-10,0.0002,1.14725e-07,2.76202e-07,1.14725e-07,0.000199999
-0.0129317,-0.0453574,0.529197,-0.00981941,-0.0501016,0.510202,-0.00590393,0.00102682,0.0107085,1.19377,0.000200001,4.03904e-10,2.72785e-07,4.03904e-10,0.0002,1.1833e-07,2.72785e-07,1.1833e-07,0.000199999
-0.0121229,-0.0468865,0.518773,-0.00982577,-0.0501042,0.510199,-0.0050951,-0.000502222,0.000284657,1.1906,0.000200001,3.40244e-10,2.674e-07,3.40244e-10,0.0002,1.05445e-07,2.674e-07,1.05445e-07,0.0002
-0.01154,-0.0481418,0.510587,-0.010091,-0.0501155,0.510446,-0.0052905,0.000142654,0.0142333,1.14223,0.000200001,2.9505e-10,2.68887e-07,2.9505e-10,0.0002,9.49358e-08,2.68887e-07,9.49358e-08,0.0002
-0.0112064,-0.0490425,0.504504,-0.0107175,-0.0500688,0.510707,-0.00495694,-0.000758002,0.00815026,1.06692,0.000200001,2.5241e-10,2.54838e-07,2.5241e-10,0.0002,8.68613e-08,2.54838e-07,8.68613e-08,0.0002
-0.0109875,-0.0498122,0.49974,-0.0107207,-0.0500639,0.510701,-0.00473796,-0.00152768,0.0033861,1.06692,0.000200001,2.13737e-10,2.5386e-07,2.13737e-10,0.0002,7.38483e-08,2.5386e-07,7.38483e-08,0.0002
-0.0110666,-0.0508496,0.496457,-0.0110656,-0.0500876,0.510756,-0.00557353,-0.000279918,0.0222843,1.04779,0.000200001,1.50454e-10,3.19663e-07,1.50454e-10,0.0002,3.51101e-08,3.19663e-07,3.51101e-08,0.0002
-0.0114778,-0.0534027,0.484275,-0.011242,-0.0574191,0.469185,-0.00598479,-0.00283302,0.0101021,1.1966,0.000200001,-4.04319e-11,4.02465e-07,-4.04319e-11,0.0002,-3.81676e-08,4.02465e-07,-3.81676e-08,0.0002
-0.0120725,-0.0555484,0.474018,-0.0112457,-0.0574088,0.469215,-0.00639716,-0.00400278,0.0083363,1.18693,0.000200002,-3.74642e-10,4.71881e-07,-3.74642e-10,0.0002,-1.28497e-07,4.71881e-07,-1.28497e-07,0.000199999
-0.0127216,-0.0573574,0.465295,-0.0112678,-0.0573639,0.469216,-0.00704627,-0.00581187,-0.000386413,1.18048,0.000200002,-7.94506e-10,5.31918e-07,-7.94506e-10,0.0002,-2.14502e-07,5.31918e-07,-2.14502e-07,0.000199999
-0.0133503,-0.0589303,0.458417,-0.0112562,-0.0573941,0.469196,-0.00815584,-0.0048375,0.016091,1.19015,0.000200003,-1.2579e-09,5.88849e-07,-1.2579e-09,0.000200001,-2.88414e-07,5.88849e-07,-2.88414e-07,0.000199999
-0.0140474,-0.0602764,0.452911,-0.0112449,-0.057377,0.469181,-0.00885291,-0.00618365,0.0105851,1.1837,0.000200003,-1.80516e-09,6.39007e-07,-1.80516e-09,0.000200001,-3.68085e-07,6.39007e-07,-3.68085e-07,0.000199999
-0.0147515,-0.0614,0.448393,-0.0112386,-0.0573912,0.469135,-0.00955701,-0.0073072,0.00606741,1.19338,0.000200004,-2.37378e-09,6.7721e-07,-2.37378e-09,0.000200002,-4.43528e-07,6.7721e-07,-4.43528e-07,0.000199998
-0.0154971,-0.0632623,0.434874,-0.0125774,-0.0622816,0.420123,-0.00676615,-0.00503083,0.0107177,1.04568,0.000200004,-2.74077e-09,7.02708e-07,-2.74077e-09,0.000200002,-4.73314e-07,7.02708e-07,-4.73314e-07,0.000199998
-0.0157731,-0.0646089,0.423753,-0.0125946,-0.0622768,0.420144,-0.00704218,-0.00637743,-0.000404032,1.04568,0.000200004,-2.70747e-09,6.95629e-07,-2.70747e-09,0.000200002,-4.41983e-07,6.95629e-07,-4.41983e-07,0.000199998
-0.0155486,-0.0656588,0.414855,-0.0126094,-0.0622655,0.420143,-0.00289118,-0.00244905,0.0162968,1.05334,0.000200004,-2.33341e-09,6.87116e-07,-2.33341e-09,0.000200001,-3.51387e-07,6.87116e-07,-3.51387e-07,0.000199998
-0.0151866,-0.0663439,0.407834,-0.0125997,-0.0622645,0.420114,-0.00252914,-0.00313412,0.00927583,1.04904,0.000200004,-1.86379e-09,6.56931e-07,-1.86379e-09,0.000200001,-2.65134e-07,6.56931e-07,-2.65134e-07,0.000199998
-0.0146788,-0.0668179,0.402315,-0.0125963,-0.0622699,0.42009,-0.00202131,-0.00360809,0.00375745,1.05226,0.000200004,-1.3568e-09,6.25963e-07,-1.3568e-09,0.000200001,-1.75597e-07,6.25963e-07,-1.75597e-07,0.000199998
-0.0159216,-0.0690809,0.388859,-0.0206559,-0.0720555,0.374385,-0.000793623,-0.00111979,0.0150186,1.00562,0.000200004,-9.86104e-10,5.95374e-07,-9.86104e-10,0.0002,-1.20161e-07,5.95374e-07,-1.20161e-07,0.000199998
-0.0168935,-0.0705786,0.378816,-0.020666,-0.072048,0.374365,-0.00176554,-0.00261749,0.0049753,1.00562,0.000200003,-6.83065e-10,5.25761e-07,-6.83065e-10,0.0002,-8.141e-08,5.25761e-07,-8.141e-08,0.000199999
-0.0176751,-0.0715482,0.370968,-0.0206664,-0.0720483,0.374262,-0.00254708,-0.00358706,-0.00287226,1.00562,0.000200002,-4.6835e-10,4.44505e-07,-4.6835e-10,0.0002,-5.76454e-08,4.44505e-07,-5.76454e-08,0.000199999
-0.0183109,-0.07219,0.364686,-0.0206725,-0.072051,0.374238,-0.00228429,-0.000315207,0.0160874,1.00562,0.000200002,-3.25239e-10,3.70947e-07,-3.25239e-10,0.0002,-4.41562e-08,3.70947e-07,-4.41562e-08,0.000199999
-0.0187711,-0.0725944,0.35966,-0.0206652,-0.0720557,0.374237,-0.00274454,-0.000719537,0.0110616,1.00562,0.000200001,-2.12127e-10,3.06319e-07,-2.12127e-10,0.0002,-2.80513e-08,3.06319e-07,-2.80513e-08,0.000199999
-0.0190591,-0.0729536,0.355535,-0.020668,-0.07205,0.374229,-0.00241006,0.00137806,0.0314191,1.00884,0.000200001,-1.17162e-10,2.71036e-07,-1.17162e-10,0.0002,-5.00208e-09,2.71036e-07,-5.00208e-09,0.000199999
-0.0193706,-0.0743727,0.344724,-0.0210164,-0.0777069,0.334606,-0.00272153,-4.1038e-05,0.0206083,1.07638,0.000200001,-5.51873e-11,2.48501e-07,-5.51873e-11,0.0002,9.47879e-09,2.48501e-07,9.47879e-09,0.0002
-0.0197543,-0.07562,0.336191,-0.0210845,-0.0777116,0.334664,-0.0031053,-0.00128839,0.0120748,1.08505,0.000200001,-4.47914e-11,2.51715e-07,-4.47914e-11,0.0002,-1.17074e-09,2.51715e-07,-1.17074e-09,0.0002
-0.0199596,-0.0766007,0.329049,-0.0210993,-0.0777028,0.334644,-0.00344527,-0.000860151,0.0235796,1.0787,0.000200001,-1.38722e-11,2.5145e-07,-1.38722e-11,0.0002,8.39398e-09,2.5145e-07,8.39398e-09,0.0002
-0.0200217,-0.0773309,0.323443,-0.0210457,-0.077703,0.334662,-0.00350737,-0.00159033,0.0179737,1.08879,0.000200001,3.04999e-11,2.42749e-07,3.04999e-11,0.0002,2.89586e-08,2.42749e-07,2.89586e-08,0.0002
-0.0202019,-0.077822,0.319169,-0.0210823,-0.0777038,0.334677,-0.00407834,-0.000515712,0.0270021,1.08505,0.000200001,2.96865e-11,2.22113e-07,2.96865e-11,0.0002,2.24075e-08,2.22113e-07,2.24075e-08,0.0002
-0.0202909,-0.078177,0.31606,-0.0210693,-0.0777153,0.334678,-0.00416737,-0.000870647,0.0238932,1.08505,0.0002,3.8473e-11,2.02552e-07,3.8473e-11,0.0002,2.66316e-08,2.02552e-07,2.66316e-08,0.0002
-0.0204618,-0.0792782,0.303301,-0.0213775,-0.081526,0.283319,-0.00433828,-0.00197188,0.0111341,1.06373,0.0002,3.95913e-11,1.98623e-07,3.95913e-11,0.0002,2.47267e-08,1.98623e-07,2.47267e-08,0.0002
-0.0205843,-0.0801995,0.292671,-0.0213553,-0.0815234,0.283277,-0.00406789,-0.00114968,0.0209315,1.06207,0.0002,4.23087e-11,2.02716e-07,4.23087e-11,0.0002,2.45701e-08,2.02716e-07,2.45701e-08,0.0002
-0.0206685,-0.0810178,0.284174,-0.0213943,-0.0815201,0.28331,-0.00415202,-0.0019679,0.0124345,1.06698,0.0002,5.05492e-11,2.18492e-07,5.05492e-11,0.0002,2.74855e-08,2.18492e-07,2.74855e-08,0.0002
-0.0206866,-0.0815951,0.277265,-0.021351,-0.0815279,0.283269,-0.00409836,-0.0011328,0.0232302,1.06207,0.0002,6.36585e-11,2.16082e-07,6.36585e-11,0.0002,3.56296e-08,2.16082e-07,3.56296e-08,0.0002
-0.020722,-0.0820817,0.271643,-0.0213738,-0.0815176,0.283312,-0.00413379,-0.0016194,0.0176079,1.06047,0.0002,7.05758e-11,2.18849e-07,7.05758e-11,0.0002,3.79271e-08,2.18849e-07,3.79271e-08,0.0002
-0.0205563,-0.0823427,0.262829,-0.0199783,-0.0810919,0.261215,-0.00455426,-0.000481751,0.0298074,0.893865,0.0002,5.56519e-11,2.13501e-07,5.56519e-11,0.0002,2.64396e-08,2.13501e-07,2.64396e-08,0.0002
-0.0204995,-0.0825643,0.25559,-0.0201414,-0.0811011,0.261309,-0.00449748,-0.000703395,0.0225684,0.86973,0.0002,3.40014e-11,2.11805e-07,3.40014e-11,0.0002,1.18331e-08,2.11805e-07,1.18331e-08,0.0002
-0.0204855,-0.0828004,0.250009,-0.0201373,-0.0811361,0.261325,-0.00448347,-0.000939547,0.0169874,0.871547,0.0002,9.46743e-12,2.18949e-07,9.46743e-12,0.0002,-2.97402e-09,2.18949e-07,-2.97402e-09,0.0002
-0.0204426,-0.082983,0.245524,-0.0199705,-0.081105,0.261225,-0.00488609,0.000495875,0.0336346,0.89072,0.0002,-1.07977e-11,2.2346e-07,-1.07977e-11,0.0002,-1.29158e-08,2.2346e-07,-1.29158e-08,0.0002
-0.0204689,-0.0831143,0.242473,-0.0201378,-0.0811086,0.261323,-0.00491245,0.000364561,0.0305837,0.874691,0.0002,-3.24935e-11,2.23798e-07,-3.24935e-11,0.0002,-2.37076e-08,2.23798e-07,-2.37076e-08,0.0002
-0.0205373,-0.0833024,0.240346,-0.0201382,-0.0811368,0.261337,-0.00465369,0.00230739,0.0491114,0.868402,0.000200001,-6.33299e-11,2.36281e-07,-6.33299e-11,0.0002,-3.83803e-08,2.36281e-07,-3.83803e-08,0.0002
-0.0202503,-0.0852037,0.225654,-0.0185543,-0.0899553,0.196382,-0.00436662,0.000406136,0.0344194,1.89412,0.000200001,-7.73503e-11,2.42649e-07,-7.73503e-11,0.0002,-4.13458e-08,2.42649e-07,-4.13458e-08,0.0002
-0.0199837,-0.0867148,0.213278,-0.0185535,-0.0899577,0.196374,-0.00410005,-0.00110499,0.0220427,1.89743,0.000200001,-7.85087e-11,2.44985e-07,-7.85087e-11,0.0002,-3.80095e-08,2.44985e-07,-3.80095e-08,0.0002
-0.0197339,-0.0879125,0.203581,-0.018559,-0.0899484,0.196364,-0.00293888,-0.000725241,0.0327855,1.89081,0.000200001,-6.91483e-11,2.44946e-07,-6.91483e-11,0.0002,-3.02966e-08,2.44946e-07,-3.02966e-08,0.0002
-0.0199571,-0.0888117,0.196128,-0.0206179,-0.0898621,0.197886,-0.00316207,-0.00162446,0.0253322,1.5752,0.000200001,-6.35518e-11,2.38181e-07,-6.35518e-11,0.0002,-2.75383e-08,2.38181e-07,-2.75383e-08,0.0002
-0.0203035,-0.089557,0.190091,-0.0211551,-0.0898258,0.198034,-0.00399055,-0.00029536,0.0396516,1.56664,0.000200001,-7.58182e-11,2.39041e-07,-7.58182e-11,0.0002,-3.57837e-08,2.39041e-07,-3.57837e-08,0.0002
-0.0206245,-0.090217,0.177638,-0.0212412,-0.090572,0.159913,-0.0043116,-0.000955335,0.0271982,1.02299,0.0002,-8.65069e-11,2.26091e-07,-8.65069e-11,0.0002,-4.40482e-08,2.26091e-07,-4.40482e-08,0.0002
-0.0208013,-0.0907299,0.16726,-0.0212461,-0.0905768,0.159909,-0.00448834,-0.00146824,0.0168206,1.02299,0.0002,-7.55656e-11,2.15232e-07,-7.55656e-11,0.0002,-3.68645e-08,2.15232e-07,-3.68645e-08,0.0002
-0.0209287,-0.0911154,0.159262,-0.0212512,-0.0905762,0.159875,-0.0043541,-0.00117853,0.0196763,1.02299,0.0002,-6.33929e-11,2.04292e-07,-6.33929e-11,0.0002,-3.015e-08,2.04292e-07,-3.015e-08,0.0002
-0.0209966,-0.0913756,0.152867,-0.0212481,-0.0905796,0.159892,-0.00442197,-0.00143871,0.0132811,1.01982,0.0002,-4.65766e-11,1.89482e-07,-4.65766e-11,0.0002,-2.06801e-08,1.89482e-07,-2.06801e-08,0.0002
-0.0210514,-0.0915831,0.147748,-0.0212442,-0.0905766,0.159876,-0.004048,-0.000209524,0.0267308,1.02299,0.0002,-3.4982e-11,1.79994e-07,-3.4982e-11,0.0002,-1.4995e-08,1.79994e-07,-1.4995e-08,0.0002
-0.0210853,-0.0916814,0.143341,-0.0212467,-0.0905695,0.159873,-0.00408193,-0.000307803,0.0223243,1.01982,0.0002,-2.41766e-11,1.63327e-07,-2.41766e-11,0.0002,-9.72623e-09,1.63327e-07,-9.72623e-09,0.0002
-0.0212917,-0.0924716,0.129877,-0.0223124,-0.0941586,0.111214,-0.00428834,-0.00109798,0.00885998,0.958235,0.0002,-1.02238e-11,1.51746e-07,-1.02238e-11,0.0002,1.66509e-10,1.51746e-07,1.66509e-10,0.0002
-0.0214349,-0.0930833,0.118798,-0.0222855,-0.0941723,0.11123,-0.00415536,-0.000304986,0.0211072,0.958235,0.0002,1.50843e-12,1.4063e-07,1.50843e-12,0.0002,8.81207e-09,1.4063e-07,8.81207e-09,0.0002
-0.0215976,-0.0935764,0.109314,-0.0223083,-0.0941635,0.111231,-0.00431807,-0.000798124,0.0116235,0.958235,0.0002,3.22668e-12,1.34355e-07,3.22668e-12,0.0002,7.06229e-09,1.34355e-07,7.06229e-09,0.0002
-0.021665,-0.0939455,0.102028,-0.0222925,-0.0941776,0.111182,-0.004324,-0.00014871,0.024213,0.961471,0.0002,1.17238e-11,1.25947e-07,1.17238e-11,0.0002,1.53595e-08,1.25947e-07,1.53595e-08,0.0002
-0.0217875,-0.0942198,0.096309,-0.0223017,-0.0941431,0.111214,-0.00444648,-0.000422971,0.018494,0.951762,0.0002,8.99388e-12,1.18198e-07,8.99388e-12,0.0002,9.90236e-09,1.18198e-07,9.90236e-09,0.0002
-0.0220627,-0.0950533,0.0828706,-0.0227542,-0.0969606,0.0658633,-0.00472166,-0.00125645,0.00505562,1.12687,0.0002,-3.37028e-12,1.21204e-07,-3.37028e-12,0.0002,-6.76512e-09,1.21204e-07,-6.76512e-09,0.0002
-0.0223038,-0.0957443,0.0722314,-0.0227507,-0.0969726,0.065903,-0.00447042,-0.00102603,0.0213234,1.12687,0.0002,-1.71294e-11,1.26594e-07,-1.71294e-11,0.0002,-2.11806e-08,1.26594e-07,-2.11806e-08,0.0002
-0.0224401,-0.0962253,0.0638056,-0.0227528,-0.0969589,0.0658134,-0.00460669,-0.00150697,0.0128976,1.12687,0.0002,-1.90806e-11,1.19028e-07,-1.90806e-11,0.0002,-2.1377e-08,1.19028e-07,-2.1377e-08,0.0002
-0.0226295,-0.0967019,0.0574789,-0.0227526,-0.0969672,0.065813,-0.00485246,-0.000675481,0.0290777,1.12687,0.0002,-3.32753e-11,1.2847e-07,-3.32753e-11,0.0002,-3.46419e-08,1.2847e-07,-3.46419e-08,0.0002
-0.0228201,-0.0971701,0.0526235,-0.022755,-0.0969661,0.0658071,-0.00504302,-0.00114362,0.0242222,1.12687,0.0002,-5.53082e-11,1.48317e-07,-5.53082e-11,0.0002,-4.95756e-08,1.48317e-07,-4.95756e-08,0.0002
-0.0229508,-0.0974818,0.0486336,-0.0227296,-0.0969787,0.0657973,-0.00517373,-0.00145539,0.0202324,1.12965,0.0002,-6.76965e-11,1.5053e-07,-6.76965e-11,0.0002,-5.65149e-08,1.5053e-07,-5.65149e-08,0.0002
-0.0231498,-0.0983931,0.0356281,-0.0233104,-0.0993525,0.0172463,-0.0051083,-0.00199798,0.0197411,1.21281,0.0002,-8.37639e-11,1.82313e-07,-8.37639e-11,0.0002,-5.65525e-08,1.82313e-07,-5.65525e-08,0.0002
-0.0233095,-0.0991136,0.0254241,-0.0232889,-0.0993149,0.0172135,-0.00526807,-0.00271851,0.00953713,1.21913,0.0002,-9.72126e-11,2.02388e-07,-9.72126e-11,0.0002,-5.76708e-08,2.02388e-07,-5.76708e-08,0.0002
-0.0233789,-0.0996522,0.0170647,-0.0233998,-0.0993528,0.0172677,-0.00533744,-0.00325707,0.00117771,1.19061,0.0002,-8.73548e-11,2.07968e-07,-8.73548e-11,0.0002,-4.57862e-08,2.07968e-07,-4.57862e-08,0.0002
-0.0235648,-0.10004,0.0103746,-0.0233981,-0.0993414,0.0172552,-0.00551301,-0.00132496,0.022989,1.18726,0.0002,-1.05167e-10,2.04833e-07,-1.05167e-10,0.0002,-5.9314e-08,2.04833e-07,-5.9314e-08,0.0002
-0.0236026,-0.100378,0.00512684,-0.0233686,-0.0993822,0.0172587,-0.00555088,-0.00166293,0.0177412,1.20537,0.0002,-9.79378e-11,2.05996e-07,-9.79378e-11,0.0002,-5.14177e-08,2.05996e-07,-5.14177e-08,0.0002
-0.0236234,-0.100549,0.00091974,-0.0233105,-0.0993126,0.0172143,-0.00539302,0.000317518,0.0379243,1.21591,0.0002,-8.79695e-11,1.93055e-07,-8.79695e-11,0.0002,-4.6714e-08,1.93055e-07,-4.6714e-08,0.0002
-0.0237426,-0.101288,-0.0105286,-0.0237816,-0.102545,-0.0231993,-0.00551226,-0.00042124,0.0264759,1.22994,0.0002,-7.87086e-11,1.77908e-07,-7.87086e-11,0.0002,-4.3911e-08,1.77908e-07,-4.3911e-08,0.0002
-0.0237985,-0.101789,-0.0200986,-0.0237928,-0.102517,-0.0231856,-0.00556812,-0.000921738,0.0169059,1.22994,0.0002,-6.15836e-11,1.54562e-07,-6.15836e-11,0.0002,-3.56978e-08,1.54562e-07,-3.56978e-08,0.0002
-0.0238421,-0.102193,-0.0281725,-0.0237826,-0.102538,-0.0232049,-0.00489126,0.000310585,0.0328032,1.22704,0.0002,-5.00097e-11,1.39543e-07,-5.00097e-11,0.0002,-3.08516e-08,1.39543e-07,-3.08516e-08,0.0002
-0.0238802,-0.102516,-0.0348379,-0.0237935,-0.102535,-0.0232007,-0.00492937,-1.21901e-05,0.0261379,1.22994,0.0002,-4.21672e-11,1.29862e-07,-4.21672e-11,0.0002,-2.80882e-08,1.29862e-07,-2.80882e-08,0.0002
-0.0238423,-0.102797,-0.0402794,-0.0237624,-0.102532,-0.0232293,-0.00480768,0.000410353,0.0281638,1.22682,0.0002,-2.91555e-11,1.27463e-07,-2.91555e-11,0.0002,-1.65465e-08,1.27463e-07,-1.65465e-08,0.0002
-0.0238497,-0.103139,-0.0575653,-0.0241283,-0.103325,-0.0878928,-0.00481507,6.8305e-05,0.0108779,1.59174,0.0002,-1.36847e-11,1.19477e-07,-1.36847e-11,0.0002,-2.26278e-09,1.19477e-07,-2.26278e-09,0.0002
-0.0239652,-0.103391,-0.0714973,-0.0241421,-0.10335,-0.0878915,-0.0049305,-0.000183678,-0.00305414,1.58818,0.0002,-1.54931e-11,1.09964e-07,-1.54931e-11,0.0002,-1.05316e-08,1.09964e-07,-1.05316e-08,0.0002
-0.0240298,-0.103529,-0.0825385,-0.0241258,-0.103349,-0.0878874,-0.00535113,0.000769603,0.0124816,1.59174,0.0002,-1.36399e-11,9.38459e-08,-1.36399e-11,0.0002,-1.20648e-08,9.38459e-08,-1.20648e-08,0.0002
-0.0241789,-0.103595,-0.0910996,-0.0248391,-0.103321,-0.0875626,-0.00550024,0.000703414,0.00392054,1.51585,0.0002,-8.09784e-12,7.7319e-08,-8.09784e-12,0.0002,-5.89555e-09,7.7319e-08,-5.89555e-09,0.0002
-0.0243606,-0.103751,-0.0976409,-0.0247843,-0.103331,-0.0875775,-0.00578617,0.00163012,0.0180603,1.51128,0.0002,-1.12912e-11,8.26669e-08,-1.12912e-11,0.0002,-1.39488e-08,8.26669e-08,-1.39488e-08,0.0002
-0.0245234,-0.103917,-0.10266,-0.0248471,-0.103329,-0.0875441,-0.00594895,0.00146415,0.013041,1.5087,0.0002,-1.57365e-11,9.27932e-08,-1.57365e-11,0.0002,-2.00344e-08,9.27932e-08,-2.00344e-08,0.0002
-0.0246269,-0.104664,-0.112693,-0.0245055,-0.106643,-0.118668,-0.00605249,0.000716262,0.003008,1.134,0.0002,-2.22531e-11,9.17007e-08,-2.22531e-11,0.0002,-3.01282e-08,9.17007e-08,-3.01282e-08,0.0002
-0.0247526,-0.105263,-0.120929,-0.024503,-0.106671,-0.118681,-0.00595209,0.000405164,0.0210109,1.14691,0.0002,-3.11966e-11,8.99967e-08,-3.11966e-11,0.0002,-4.36766e-08,8.99967e-08,-4.36766e-08,0.0002
-0.024836,-0.105766,-0.12783,-0.0245058,-0.10668,-0.118687,-0.00603546,-9.82521e-05,0.0141102,1.14691,0.0002,-3.75504e-11,9.25108e-08,-3.75504e-11,0.0002,-4.96836e-08,9.25108e-08,-4.96836e-08,0.0002
-0.0248931,-0.106076,-0.133761,-0.0245065,-0.106637,-0.118669,-0.0057503,0.00071827,0.0339482,1.134,0.0002,-3.67433e-11,8.04726e-08,-3.67433e-11,0.0002,-5.192e-08,8.04726e-08,-5.192e-08,0.0002
-0.0249223,-0.106346,-0.138816,-0.0245137,-0.106636,-0.118669,-0.00577951,0.000447647,0.028893,1.14045,0.0002,-3.55499e-11,7.64968e-08,-3.55499e-11,0.0002,-5.0605e-08,7.64968e-08,-5.0605e-08,0.0002
-0.0249869,-0.106441,-0.150973,-0.0251243,-0.105981,-0.158195,-0.00584414,0.000352506,0.0167364,1.19619,0.0002,-2.85075e-11,7.58827e-08,-2.85075e-11,0.0002,-3.64335e-08,7.58827e-08,-3.64335e-08,0.0002
-0.025028,-0.106473,-0.160702,-0.0250975,-0.105968,-0.158214,-0.00538682,0.00106809,0.0233673,1.20508,0.0002,-2.13927e-11,6.87201e-08,-2.13927e-11,0.0002,-2.65975e-08,6.87201e-08,-2.65975e-08,0.0002
-0.0250253,-0.106504,-0.168485,-0.0251265,-0.105963,-0.158216,-0.0053841,0.00103724,0.0155838,1.18984,0.0002,-1.37488e-11,6.52619e-08,-1.37488e-11,0.0002,-1.37909e-08,6.52619e-08,-1.37909e-08,0.0002
-0.0249671,-0.106452,-0.174503,-0.025123,-0.105963,-0.158205,-0.00524794,0.0014018,0.0381002,1.18984,0.0002,-4.79655e-12,5.08843e-08,-4.79655e-12,0.0002,3.36182e-09,5.08843e-08,3.36182e-09,0.0002
-0.0249563,-0.106405,-0.178902,-0.0250909,-0.105974,-0.158201,-0.00523715,0.00144832,0.0337008,1.20829,0.0002,-1.59776e-12,4.05037e-08,-1.59776e-12,0.0002,7.59744e-09,4.05037e-08,7.59744e-09,0.0002
-0.0249641,-0.106344,-0.182112,-0.0250857,-0.105974,-0.158205,-0.00524499,0.0015101,0.0304911,1.21143,0.0002,-5.21929e-13,2.99021e-08,-5.21929e-13,0.0002,7.56936e-09,2.99021e-08,7.56936e-09,0.0002
-0.0251304,-0.106543,-0.194461,-0.0252194,-0.106584,-0.208664,-0.00531979,0.00181911,0.0279972,1.07409,0.0002,-4.94673e-12,4.32866e-08,-4.94673e-12,0.0002,-1.36883e-08,4.32866e-08,-1.36883e-08,0.0002
-0.0253024,-0.106761,-0.204028,-0.0252405,-0.106586,-0.208655,-0.00549171,0.00160176,0.0184303,1.0677,0.0002,-1.44567e-11,6.09443e-08,-1.44567e-11,0.0002,-3.29714e-08,6.09443e-08,-3.29714e-08,0.0002
-0.0253758,-0.107034,-0.211894,-0.0252438,-0.106588,-0.208683,-0.00559131,0.00128099,0.0405982,1.06451,0.0002,-2.31961e-11,8.81864e-08,-2.31961e-11,0.0002,-3.52051e-08,8.81864e-08,-3.52051e-08,0.0002
-0.025487,-0.107286,-0.218192,-0.0252463,-0.106588,-0.208709,-0.00570255,0.00102956,0.0343001,1.06451,0.0002,-3.7701e-11,1.10662e-07,-3.7701e-11,0.0002,-4.51521e-08,1.10662e-07,-4.51521e-08,0.0002
-0.0255277,-0.107453,-0.223651,-0.0252525,-0.106581,-0.208739,-0.00583552,0.0020668,0.0481616,1.0677,0.0002,-4.25106e-11,1.19793e-07,-4.25106e-11,0.0002,-4.37213e-08,1.19793e-07,-4.37213e-08,0.0002
-0.0253891,-0.108446,-0.241913,-0.0240923,-0.110739,-0.279253,-0.00569696,0.00107343,0.0298992,1.32439,0.0002,-5.43779e-11,1.30614e-07,-5.43779e-11,0.0002,-5.12523e-08,1.30614e-07,-5.12523e-08,0.0002
-0.0253697,-0.109153,-0.257044,-0.0240923,-0.110749,-0.27927,-0.00567756,0.000366481,0.0147685,1.32764,0.0002,-7.06982e-11,1.22966e-07,-7.06982e-11,0.0002,-7.1029e-08,1.22966e-07,-7.1029e-08,0.0002
-0.0252778,-0.10967,-0.269044,-0.0240914,-0.110749,-0.279265,-0.00525497,0.000782316,0.0258962,1.32764,0.0002,-6.9237e-11,1.10333e-07,-6.9237e-11,0.0002,-7.17338e-08,1.10333e-07,-7.17338e-08,0.0002
-0.025068,-0.11003,-0.278496,-0.0244687,-0.11074,-0.279041,-0.00504511,0.000422707,0.0164443,1.29348,0.0002,-4.26892e-11,9.39881e-08,-4.26892e-11,0.0002,-3.84311e-08,9.39881e-08,-3.84311e-08,0.0002
-0.0250722,-0.110251,-0.286049,-0.0249755,-0.110725,-0.278998,-0.00415379,0.00145336,0.0336052,1.26897,0.0002,-2.94352e-11,7.3206e-08,-2.94352e-11,0.0002,-2.84602e-08,7.3206e-08,-2.84602e-08,0.0002
-0.0250223,-0.110401,-0.292297,-0.0249715,-0.110737,-0.278991,-0.00410392,0.00130311,0.0273571,1.27221,0.0002,-1.71424e-11,5.53464e-08,-1.71424e-11,0.0002,-1.36861e-08,5.53464e-08,-1.36861e-08,0.0002
-0.0250783,-0.110081,-0.299713,-0.0255901,-0.10827,-0.290044,-0.00415987,0.00162333,0.019941,0.955016,0.0002,-8.48279e-12,5.24694e-08,-8.48279e-12,0.0002,1.87057e-10,5.24694e-08,1.87057e-10,0.0002
-0.0252363,-0.109862,-0.305337,-0.0255522,-0.108303,-0.29005,-0.00382775,0.00223878,0.0372733,0.965,0.0002,-9.2199e-12,5.52392e-08,-9.2199e-12,0.0002,-1.03709e-08,5.52392e-08,-1.03709e-08,0.0002
-0.0253304,-0.109695,-0.31045,-0.0255922,-0.108287,-0.290017,-0.0039219,0.00240507,0.03216,0.961346,0.0002,-8.25148e-12,5.90567e-08,-8.25148e-12,0.0002,-1.07956e-08,5.90567e-08,-1.07956e-08,0.0002
-0.0253926,-0.109583,-0.314231,-0.0255938,-0.108259,-0.290019,-0.00426999,0.00309756,0.0552235,0.958181,0.0002,-7.13493e-12,6.57818e-08,-7.13493e-12,0.0002,-9.02066e-09,6.57818e-08,-9.02066e-09,0.0002
-0.0254612,-0.109448,-0.317261,-0.0255487,-0.108298,-0.290047,-0.00433857,0.0032329,0.0521934,0.958671,0.0002,-7.61841e-12,6.14578e-08,-7.61841e-12,0.0002,-1.22755e-08,6.14578e-08,-1.22755e-08,0.0002
-0.0256283,-0.109393,-0.319468,-0.0255731,-0.108291,-0.29,-0.00450568,0.00328759,0.0499859,0.951852,0.0002,-1.64295e-11,6.71947e-08,-1.64295e-11,0.0002,-3.16757e-08,6.71947e-08,-3.16757e-08,0.0002
-0.0258661,-0.109876,-0.334986,-0.0264058,-0.111274,-0.359791,-0.00463509,0.00313884,0.0430497,1.18498,0.0002,-1.68481e-11,6.01333e-08,-1.68481e-11,0.0002,-3.33082e-08,6.01333e-08,-3.33082e-08,0.0002
-0.0260802,-0.110278,-0.347302,-0.0263859,-0.111288,-0.359821,-0.00484916,0.00273758,0.0307334,1.19148,0.0002,-1.9069e-11,5.74668e-08,-1.9069e-11,0.0002,-3.89672e-08,5.74668e-08,-3.89672e-08,0.0002
-0.026184,-0.110529,-0.357145,-0.02639,-0.11127,-0.359771,-0.00449221,0.00308365,0.0533664,1.18174,0.0002,-1.44304e-11,4.51593e-08,-1.44304e-11,0.0002,-3.16916e-08,4.51593e-08,-3.16916e-08,0.0002
-0.0262974,-0.110743,-0.365126,-0.0264044,-0.111275,-0.359787,-0.00460562,0.00286931,0.0453854,1.18174,0.0002,-1.27574e-11,3.91726e-08,-1.27574e-11,0.0002,-3.15154e-08,3.91726e-08,-3.15154e-08,0.0002
-0.0263587,-0.11084,-0.371718,-0.0264069,-0.1113,-0.359789,-0.00466691,0.00277281,0.038793,1.19148,0.0002,-8.1415e-12,2.25792e-08,-8.1415e-12,0.0002,-2.65044e-08,2.25792e-08,-2.65044e-08,0.0002
-0.0267172,-0.110874,-0.386634,-0.0280893,-0.11115,-0.405409,-0.00371761,0.00272241,0.0404715,1.00253,0.0002,-4.53569e-12,1.0024e-08,-4.53569e-12,0.0002,-1.88524e-08,1.0024e-08,-1.88524e-08,0.0002
-0.0270272,-0.110944,-0.398359,-0.0281284,-0.111166,-0.40541,-0.00402765,0.00265233,0.0287461,0.998465,0.0002,-3.19139e-12,8.23994e-09,-3.19139e-12,0.0002,-1.65194e-08,8.23994e-09,-1.65194e-08,0.0002
-0.0272273,-0.110949,-0.408053,-0.0281103,-0.111168,-0.405425,-0.00427333,0.00283393,0.0458151,1.0049,0.0002,-1.5567e-12,-9.72576e-10,-1.5567e-12,0.0002,-7.86725e-09,-9.72576e-10,-7.86725e-09,0.0002
-0.027446,-0.111043,-0.415704,-0.0280969,-0.111166,-0.405422,-0.004492,0.00274028,0.0381641,0.999696,0.0002,-1.61167e-12,7.32511e-09,-1.61167e-12,0.0002,-1.22922e-08,7.32511e-09,-1.22922e-08,0.0002
-0.0276276,-0.111118,-0.421824,-0.0281294,-0.111169,-0.405418,-0.00467365,0.00266506,0.032044,1.00168,0.0002,-1.99693e-12,1.25799e-08,-1.99693e-12,0.0002,-1.51848e-08,1.25799e-08,-1.51848e-08,0.0002
-0.0278124,-0.111228,-0.42662,-0.028099,-0.111167,-0.405434,-0.0048534,0.00310722,0.0495864,1.00291,0.0002,-4.47672e-12,2.37468e-08,-4.47672e-12,0.0002,-2.44482e-08,2.37468e-08,-2.44482e-08,0.0002
-0.0280573,-0.111418,-0.440779,-0.0285236,-0.111829,-0.459634,-0.00509837,0.00291729,0.0354274,1.06027,0.0002,-6.54776e-12,2.63099e-08,-6.54776e-12,0.0002,-3.20891e-08,2.63099e-08,-3.20891e-08,0.0002
-0.0282149,-0.111585,-0.45169,-0.0285207,-0.111818,-0.459626,-0.00482526,0.00274161,0.0376129,1.06348,0.0002,-7.73106e-12,3.06839e-08,-7.73106e-12,0.0002,-3.09993e-08,3.06839e-08,-3.09993e-08,0.0002
-0.0283041,-0.111734,-0.460211,-0.0285247,-0.111809,-0.459617,-0.00491447,0.00259181,0.0290925,1.06027,0.0002,-7.72007e-12,3.63951e-08,-7.72007e-12,0.0002,-2.43506e-08,3.63951e-08,-2.43506e-08,0.0002
-0.0283867,-0.111826,-0.467135,-0.0285296,-0.111809,-0.459638,-0.00499702,0.00250035,0.0221683,1.06027,0.0002,-7.16001e-12,3.54364e-08,-7.16001e-12,0.0002,-2.17378e-08,3.54364e-08,-2.17378e-08,0.0002
-0.0285389,-0.11193,-0.472987,-0.028531,-0.111821,-0.45965,-0.00534069,0.00301396,0.0550732,1.05705,0.0002,-1.08338e-11,3.91697e-08,-1.08338e-11,0.0002,-3.39093e-08,3.91697e-08,-3.39093e-08,0.0002
-0.0284509,-0.111896,-0.488129,-0.0278546,-0.111531,-0.509879,-0.00525271,0.00304731,0.0399316,0.946568,0.0002,-8.972e-12,3.25325e-08,-8.972e-12,0.0002,-2.94557e-08,3.25325e-08,-2.94557e-08,0.0002
-0.02836,-0.111867,-0.500651,-0.0277513,-0.111519,-0.509856,-0.00516181,0.00307662,0.027409,0.956092,0.0002,-7.61415e-12,2.81624e-08,-7.61415e-12,0.0002,-2.67213e-08,2.81624e-08,-2.67213e-08,0.0002
-0.0282374,-0.111892,-0.510566,-0.0277292,-0.111517,-0.509855,-0.00429929,0.00361676,0.0367184,0.952917,0.0002,-6.35029e-12,3.32275e-08,-6.35029e-12,0.0002,-1.78182e-08,3.32275e-08,-1.78182e-08,0.0002
-0.0280952,-0.111861,-0.5185,-0.0278993,-0.11153,-0.509867,-0.00415714,0.00364758,0.0287844,0.943393,0.0002,-2.09491e-12,2.80377e-08,-2.09491e-12,0.0002,4.06009e-10,2.80377e-08,4.06009e-10,0.0002
-0.0279996,-0.111881,-0.52495,-0.0277393,-0.111526,-0.509862,-0.00435866,0.00378367,0.0452617,0.959266,0.0002,-5.55114e-13,3.19104e-08,-5.55114e-13,0.0002,3.92553e-09,3.19104e-08,3.92553e-09,0.0002
-0.028259,-0.112084,-0.539925,-0.0288958,-0.112634,-0.558425,-0.00461802,0.003581,0.0302859,1.04339,0.0002,-2.69082e-12,2.86598e-08,-2.69082e-12,0.0002,-1.02866e-08,2.86598e-08,-1.02866e-08,0.0002
-0.028477,-0.11221,-0.551597,-0.0289107,-0.112606,-0.558432,-0.00460893,0.00329805,0.0353184,1.03368,0.0002,-3.7173e-12,2.17115e-08,-3.7173e-12,0.0002,-2.06242e-08,2.17115e-08,-2.06242e-08,0.0002
-0.0286951,-0.112388,-0.560726,-0.028906,-0.112634,-0.558429,-0.00482701,0.00311969,0.0261888,1.04015,0.0002,-7.43247e-12,2.86289e-08,-7.43247e-12,0.0002,-3.45241e-08,2.86289e-08,-3.45241e-08,0.0002
-0.0288214,-0.112547,-0.567619,-0.0288428,-0.112605,-0.558442,-0.00495332,0.00296114,0.0192966,1.04662,0.0002,-1.06629e-11,3.65445e-08,-1.06629e-11,0.0002,-3.78152e-08,3.65445e-08,-3.78152e-08,0.0002
-0.028683,-0.11284,-0.572923,-0.0289009,-0.112639,-0.558432,-0.00456285,0.00232286,0.0380978,1.05002,0.0002,-2.44491e-12,6.748e-08,-2.44491e-12,0.0002,-9.67735e-11,6.748e-08,-9.67735e-11,0.0002
-0.0281805,-0.113384,-0.577272,-0.0288279,-0.112605,-0.558436,-0.00406037,0.0017779,0.0337496,1.04948,0.0002,7.46803e-11,1.38966e-07,7.46803e-11,0.0002,8.35823e-08,1.38966e-07,8.35823e-08,0.0002
-0.0272149,-0.114252,-0.591199,-0.028804,-0.112858,-0.609645,-0.00242981,0.00157136,0.0451731,1.03201,0.0002,3.76814e-10,2.45385e-07,3.76814e-10,0.0002,2.27397e-07,2.45385e-07,2.27397e-07,0.0002
-0.0261238,-0.115233,-0.603583,-0.028805,-0.112866,-0.609642,-0.00133866,0.000590566,0.0327895,1.03201,0.000200001,9.35721e-10,3.60325e-07,9.35721e-10,0.000200001,3.6924e-07,3.60325e-07,3.6924e-07,0.0002
-0.0250897,-0.115843,-0.614106,-0.0288459,-0.112864,-0.609617,-0.000304647,-1.95904e-05,0.0222667,1.01609,0.000200001,1.47364e-09,4.07389e-07,1.47364e-09,0.000200002,4.86453e-07,4.07389e-07,4.86453e-07,0.000199999
-0.0245309,-0.116021,-0.621804,-0.0288029,-0.112854,-0.60964,-0.000394765,0.000541966,0.0352645,1.03201,0.000200001,1.62701e-09,3.88278e-07,1.62701e-09,0.000200002,5.17266e-07,3.88278e-07,5.17266e-07,0.000199999
-0.0246552,-0.115778,-0.626921,-0.0288675,-0.112874,-0.609607,-0.000519066,0.000784116,0.0301476,1.0129,0.000200001,1.31958e-09,3.13092e-07,1.31958e-09,0.000200002,4.48244e-07,3.13092e-07,4.48244e-07,0.000199999
-0.0249935,-0.115413,-0.630602,-0.0288429,-0.112869,-0.609615,-0.00507774,0.00343862,0.0494245,1.01927,0.000200001,9.64326e-10,2.37215e-07,9.64326e-10,0.000200001,3.65438e-07,2.37215e-07,3.65438e-07,0.000199999
-0.0245497,-0.115674,-0.643556,-0.0244505,-0.115585,-0.659661,-0.00463395,0.0031773,0.0364705,1.19519,0.0002,6.94232e-10,1.87679e-07,6.94232e-10,0.000200001,2.87796e-07,1.87679e-07,2.87796e-07,0.000199999
-0.0242917,-0.115866,-0.654123,-0.0244669,-0.115584,-0.659647,-0.00437599,0.00298531,0.0259032,1.19577,0.0002,4.96254e-10,1.53825e-07,4.96254e-10,0.000200001,2.22678e-07,1.53825e-07,2.22678e-07,0.000199999
-0.0241767,-0.116,-0.66279,-0.0244533,-0.115573,-0.659675,-0.0071165,0.00635731,0.0403826,1.19519,0.0002,3.4888e-10,1.2955e-07,3.4888e-10,0.0002,1.65718e-07,1.2955e-07,1.65718e-07,0.0002
-0.0241167,-0.116111,-0.670033,-0.0244608,-0.115573,-0.659673,-0.00705652,0.00624632,0.0331392,1.19519,0.0002,2.48123e-10,1.14765e-07,2.48123e-10,0.0002,1.24199e-07,1.14765e-07,1.24199e-07,0.0002
-0.0241649,-0.116182,-0.676037,-0.0244721,-0.115579,-0.659683,-0.00783808,0.00763396,0.0474956,1.19519,0.0002,1.68516e-10,1.02168e-07,1.68516e-10,0.0002,8.25217e-08,1.02168e-07,8.25217e-08,0.0002
-0.0232874,-0.117867,-0.691206,-0.0199666,-0.124167,-0.710477,-0.00696057,0.00594923,0.0323267,1.34374,0.0002,1.11583e-10,7.92806e-08,1.11583e-10,0.0002,5.90307e-08,7.92806e-08,5.90307e-08,0.0002
-0.0226148,-0.119217,-0.703441,-0.0199641,-0.124166,-0.710463,-0.006288,0.00459925,0.0200909,1.34374,0.0002,7.31005e-11,6.51284e-08,7.31005e-11,0.0002,3.8987e-08,6.51284e-08,3.8987e-08,0.0002
-0.022128,-0.120178,-0.713195,-0.0201691,-0.124173,-0.710289,-0.00605713,0.00406821,0.018526,1.32095,0.0002,4.46149e-11,3.68813e-08,4.46149e-11,0.0002,2.46079e-08,3.68813e-08,2.46079e-08,0.0002
-0.0217954,-0.120956,-0.721003,-0.0201555,-0.124194,-0.710314,-0.00572455,0.00329067,0.0107179,1.32962,0.0002,2.63931e-11,1.93939e-08,2.63931e-11,0.0002,5.84428e-09,1.93939e-08,5.84428e-09,0.0002
-0.0216221,-0.121547,-0.726635,-0.0201593,-0.124165,-0.710345,-0.00584509,0.00312978,0.0349805,1.32849,0.0002,1.59667e-11,4.11574e-09,1.59667e-11,0.0002,-2.08155e-08,4.11574e-09,-2.08155e-08,0.0002
-0.021512,-0.122085,-0.730621,-0.0201713,-0.124177,-0.71034,-0.00573502,0.00259211,0.030994,1.322,0.0002,9.36692e-12,4.06894e-09,9.36692e-12,0.0002,-4.2165e-08,4.06894e-09,-4.2165e-08,0.0002
-0.0215207,-0.122747,-0.745352,-0.0206612,-0.125202,-0.768566,-0.00574368,0.00193037,0.0162631,1.18606,0.0002,3.35561e-12,8.73579e-09,3.35561e-12,0.0002,-5.56134e-08,8.73579e-09,-5.56134e-08,0.0002
-0.0214347,-0.123333,-0.757862,-0.0206567,-0.125214,-0.768571,-0.00464284,0.00126683,0.0327249,1.18606,0.0002,-2.956e-12,2.04599e-08,-2.956e-12,0.0002,-4.95892e-08,2.04599e-08,-4.95892e-08,0.0002
-0.0211771,-0.124005,-0.76777,-0.020639,-0.1252,-0.768583,-0.00438526,0.000595378,0.0228176,1.18398,0.0002,-5.22273e-12,6.09604e-08,-5.22273e-12,0.0002,-1.64418e-08,6.09604e-08,-1.64418e-08,0.0002
-0.0208207,-0.124631,-0.775692,-0.020637,-0.125204,-0.768567,-0.00402881,-3.105e-05,0.0148949,1.18606,0.0002,1.87916e-11,1.01278e-07,1.87916e-11,0.0002,2.84769e-08,1.01278e-07,2.84769e-08,0.0002
-0.0205269,-0.125167,-0.782204,-0.0210381,-0.125224,-0.7684,-0.00322849,-8.43557e-05,0.027985,1.13911,0.0002,6.45337e-11,1.32215e-07,6.45337e-11,0.0002,7.11522e-08,1.32215e-07,7.11522e-08,0.0002
-0.0202327,-0.125653,-0.787414,-0.0210382,-0.125212,-0.7684,-0.00293429,-0.000570864,0.0227755,1.13911,0.0002,1.25609e-10,1.62049e-07,1.25609e-10,0.0002,1.07585e-07,1.62049e-07,1.07585e-07,0.0002
-0.0200321,-0.126111,-0.802186,-0.0213118,-0.125667,-0.819351,-0.00231499,-0.000599489,0.0363586,1.11782,0.0002,1.81569e-10,1.76745e-07,1.81569e-10,0.0002,1.35331e-07,1.76745e-07,1.35331e-07,0.0002
-0.0199047,-0.126477,-0.813899,-0.0213059,-0.12565,-0.819349,-0.00218758,-0.000965984,0.0246451,1.11782,0.0002,2.20291e-10,1.86985e-07,2.20291e-10,0.0002,1.472e-07,1.86985e-07,1.472e-07,0.0002
-0.0198078,-0.126805,-0.823169,-0.0213111,-0.125657,-0.819361,-0.00209073,-0.00129348,0.0153753,1.11782,0.0002,2.53742e-10,1.99045e-07,2.53742e-10,0.0002,1.5375e-07,1.99045e-07,1.5375e-07,0.0002
-0.0197665,-0.127124,-0.830483,-0.0213179,-0.125636,-0.819369,-0.00332692,0.000469679,0.0318533,1.11926,0.0002,2.80536e-10,2.16689e-07,2.80536e-10,0.0002,1.51946e-07,2.16689e-07,1.51946e-07,0.0002
-0.0196725,-0.127355,-0.836437,-0.0213084,-0.125648,-0.819369,-0.00323283,0.000238413,0.0258988,1.11782,0.0002,3.09496e-10,2.24103e-07,3.09496e-10,0.0002,1.60003e-07,2.24103e-07,1.60003e-07,0.0002
-0.0192059,-0.127535,-0.851158,-0.0194702,-0.126169,-0.868635,-0.00345755,0.00167555,0.0395137,1.08931,0.0002,3.18821e-10,2.10308e-07,3.18821e-10,0.0002,1.70624e-07,2.10308e-07,1.70624e-07,0.0002
-0.0188014,-0.127595,-0.862935,-0.0194791,-0.126169,-0.868644,-0.00305302,0.00161563,0.0277359,1.08931,0.0002,3.14695e-10,1.88444e-07,3.14695e-10,0.0002,1.82326e-07,1.88444e-07,1.82326e-07,0.0002
-0.0184448,-0.127588,-0.872045,-0.0194783,-0.126166,-0.868633,-0.00368476,0.00281406,0.0457273,1.08931,0.0002,3.03849e-10,1.66112e-07,3.03849e-10,0.0002,1.94834e-07,1.66112e-07,1.94834e-07,0.0002
-0.0181309,-0.127579,-0.879234,-0.0194783,-0.126126,-0.868655,-0.00337081,0.00282263,0.0385387,1.08159,0.0002,2.98934e-10,1.52983e-07,2.98934e-10,0.0002,2.07218e-07,1.52983e-07,2.07218e-07,0.0002
-0.0180251,-0.127511,-0.884467,-0.0194773,-0.126177,-0.868658,-0.00326502,0.00289062,0.0333048,1.09258,0.0002,2.57445e-10,1.3307e-07,2.57445e-10,0.0002,1.91888e-07,1.3307e-07,1.91888e-07,0.0002
-0.0181364,-0.127577,-0.888546,-0.0194835,-0.126109,-0.868632,-0.0042697,0.00393176,0.0553653,1.08159,0.0002,2.22828e-10,1.41435e-07,2.22828e-10,0.0002,1.5059e-07,1.41435e-07,1.5059e-07,0.0002
-0.0183902,-0.129117,-0.905645,-0.0199376,-0.13338,-0.937289,-0.00452344,0.00239219,0.0382665,1.46319,0.0002,1.86948e-10,1.5061e-07,1.86948e-10,0.0002,1.13817e-07,1.5061e-07,1.13817e-07,0.0002
-0.0185735,-0.130379,-0.919526,-0.0199502,-0.133369,-0.937266,-0.00544683,0.00197634,0.0395985,1.45567,0.0002,1.64179e-10,1.6217e-07,1.64179e-10,0.0002,9.33868e-08,1.6217e-07,9.33868e-08,0.0002
-0.0187233,-0.13142,-0.930738,-0.0199283,-0.133371,-0.937287,-0.00559666,0.000935812,0.0283861,1.46319,0.0002,1.46793e-10,1.74614e-07,1.46793e-10,0.0002,7.86987e-08,1.74614e-07,7.86987e-08,0.0002
-0.0188178,-0.132257,-0.940224,-0.0199356,-0.133369,-0.937279,-0.00569108,9.91012e-05,0.0189003,1.45597,0.0002,1.38157e-10,1.83543e-07,1.38157e-10,0.0002,7.3212e-08,1.83543e-07,7.3212e-08,0.0002
-0.0188702,-0.132955,-0.948016,-0.019934,-0.13334,-0.937262,-0.00596347,0.000950395,0.0287762,1.45958,0.0002,1.38788e-10,1.95016e-07,1.38788e-10,0.0002,7.29554e-08,1.95016e-07,7.29554e-08,0.0002
-0.0179735,-0.133577,-0.961553,-0.0153664,-0.133763,-0.973783,-0.00506676,0.00032822,0.0152392,1.0764,0.0002,1.44662e-10,1.98648e-07,1.44662e-10,0.0002,7.77563e-08,1.98648e-07,7.77563e-08,0.0002
-0.0171667,-0.134031,-0.972486,-0.0153988,-0.133754,-0.97378,-0.00428629,0.00140673,0.0333604,1.06434,0.0002,1.65497e-10,1.94612e-07,1.65497e-10,0.0002,9.57926e-08,1.94612e-07,9.57926e-08,0.0002
-0.0165836,-0.13439,-0.98123,-0.0154023,-0.133776,-0.97377,-0.00370319,0.00104806,0.024616,1.06634,0.0002,1.67811e-10,1.90638e-07,1.67811e-10,0.0002,9.71566e-08,1.90638e-07,9.71566e-08,0.0002
-0.0161777,-0.134664,-0.98823,-0.0153998,-0.133762,-0.973793,-0.00329725,0.000774244,0.017616,1.06763,0.0002,1.55829e-10,1.86432e-07,1.55829e-10,0.0002,8.80285e-08,1.86432e-07,8.80285e-08,0.0002
-0.0158001,-0.134928,-0.993103,-0.0153919,-0.133778,-0.973778,-0.00358233,0.00188016,0.0372075,1.06634,0.0002,1.60041e-10,1.90632e-07,1.60041e-10,0.0002,9.01878e-08,1.90632e-07,9.01878e-08,0.0002
-0.0154105,-0.13503,-0.996585,-0.0153646,-0.133754,-0.973769,-0.0031928,0.00177858,0.0337252,1.07311,0.0002,1.68963e-10,1.76736e-07,1.68963e-10,0.0002,1.04803e-07,1.76736e-07,1.04803e-07,0.0002
-0.0149201,-0.135901,-1.01181,-0.0146435,-0.13731,-1.03597,-0.00339001,0.00267732,0.0423694,0.798072,0.0002,1.91703e-10,1.79505e-07,1.91703e-10,0.0002,1.21254e-07,1.79505e-07,1.21254e-07,0.0002
-0.0142915,-0.136628,-1.02451,-0.0146504,-0.137312,-1.03596,-0.00276135,0.00195102,0.0296729,0.798072,0.0002,2.60185e-10,1.86461e-07,2.60185e-10,0.0002,1.69285e-07,1.86461e-07,1.69285e-07,0.0002
-0.0137294,-0.137321,-1.03467,-0.0146699,-0.137303,-1.03597,-0.00219935,0.00125755,0.0195141,0.787868,0.0002,3.53771e-10,2.09623e-07,3.53771e-10,0.0002,2.09545e-07,2.09623e-07,2.09545e-07,0.0002
-0.0132071,-0.137937,-1.04321,-0.01469,-0.137333,-1.03597,-0.00161664,0.00106047,0.0341515,0.792574,0.0002,4.65052e-10,2.3388e-07,4.65052e-10,0.0002,2.47061e-07,2.3388e-07,2.47061e-07,0.0002
-0.0129487,-0.138447,-1.04932,-0.0146678,-0.137296,-1.03598,-0.00135825,0.000551055,0.0280416,0.787868,0.000200001,5.19075e-10,2.53194e-07,5.19075e-10,0.000200001,2.44553e-07,2.53194e-07,2.44553e-07,0.0002
-0.0125676,-0.139441,-1.06388,-0.0126061,-0.139525,-1.08743,-0.00243858,0.00142684,0.0405851,1.025,0.000200001,5.22289e-10,2.86051e-07,5.22289e-10,0.0002,2.06808e-07,2.86051e-07,2.06808e-07,0.0002
-0.0122319,-0.140309,-1.07552,-0.0126207,-0.139513,-1.08744,-0.00210289,0.000558272,0.0289362,1.02234,0.000200001,5.38089e-10,3.19758e-07,5.38089e-10,0.0002,1.87346e-07,3.19758e-07,1.87346e-07,0.0002
-0.0119463,-0.14095,-1.08525,-0.0125911,-0.139523,-1.08741,-0.00181729,-8.25727e-05,0.0192094,1.02829,0.000200001,5.37188e-10,3.3279e-07,5.37188e-10,0.0002,1.76062e-07,3.3279e-07,1.76062e-07,0.0002
-0.0116523,-0.141519,-1.09345,-0.0126293,-0.139518,-1.08742,-0.00347699,0.00242823,0.0363231,1.01906,0.000200001,5.70117e-10,3.50682e-07,5.70117e-10,0.0002,1.79811e-07,3.50682e-07,1.79811e-07,0.0002
-0.0113592,-0.141992,-1.10021,-0.0126069,-0.139507,-1.08743,-0.00318385,0.0019555,0.0295562,1.025,0.000200001,6.19534e-10,3.65706e-07,6.19534e-10,0.0002,1.90187e-07,3.65706e-07,1.90187e-07,0.000199999
-0.011081,-0.142422,-1.10594,-0.0126136,-0.139523,-1.08743,-0.00331022,0.00248625,0.0271328,1.02171,0.000200001,6.85822e-10,3.83491e-07,6.85822e-10,0.0002,2.034e-07,3.83491e-07,2.034e-07,0.000199999
-0.0102566,-0.143846,-1.1193,-0.00964434,-0.144821,-1.13185,-0.00248573,0.00106201,0.0137737,0.992826,0.000200001,7.50796e-10,3.96891e-07,7.50796e-10,0.0002,2.1557e-07,3.96891e-07,2.1557e-07,0.000199999
-0.00971896,-0.144948,-1.13019,-0.00964976,-0.144812,-1.13182,-0.00194813,-4.03282e-05,0.00288453,0.983054,0.000200001,7.40194e-10,4.00116e-07,7.40194e-10,0.0002,2.03167e-07,4.00116e-07,2.03167e-07,0.000199999
-0.00933569,-0.145856,-1.13828,-0.0096623,-0.144837,-1.13184,-0.00236453,0.00173435,0.0146111,0.989568,0.000200001,7.12936e-10,4.05675e-07,7.12936e-10,0.0002,1.87564e-07,4.05675e-07,1.87564e-07,0.000199999
-0.00912392,-0.146574,-1.14475,-0.00964004,-0.144802,-1.13182,-0.00215276,0.00101633,0.00813918,0.992826,0.000200002,6.45425e-10,4.09072e-07,6.45425e-10,0.0002,1.61157e-07,4.09072e-07,1.61157e-07,0.000199999
-0.00889704,-0.147142,-1.15024,-0.00967128,-0.1448,-1.13181,-0.00324247,0.00314114,0.0328128,0.983054,0.000200002,6.16841e-10,4.10512e-07,6.16841e-10,0.0002,1.53946e-07,4.10512e-07,1.53946e-07,0.000199999
-0.00865888,-0.14762,-1.15484,-0.00965601,-0.144805,-1.13184,-0.00300431,0.00266364,0.0282125,0.983054,0.000200002,6.21565e-10,4.15251e-07,6.21565e-10,0.0002,1.57432e-07,4.15251e-07,1.57432e-07,0.000199999
-0.00809906,-0.149139,-1.16968,-0.00787588,-0.150529,-1.18766,-0.0024445,0.0011441,0.0133678,1.17899,0.000200002,6.39501e-10,4.15867e-07,6.39501e-10,0.0002,1.65215e-07,4.15867e-07,1.65215e-07,0.000199999
-0.00773164,-0.150296,-1.18155,-0.00787778,-0.150526,-1.18764,-0.00279162,0.00306189,0.0242057,1.17571,0.000200002,6.07584e-10,4.07208e-07,6.07584e-10,0.0002,1.56482e-07,4.07208e-07,1.56482e-07,0.000199999
-0.00748545,-0.151237,-1.19105,-0.00789164,-0.150513,-1.18762,-0.00254543,0.00212086,0.0147115,1.17571,0.000200002,5.64515e-10,4.04776e-07,5.64515e-10,0.0002,1.42891e-07,4.04776e-07,1.42891e-07,0.000199999
-0.00730915,-0.151954,-1.19781,-0.00788999,-0.150524,-1.18761,-0.00306476,0.00377141,0.0388062,1.17571,0.000200001,5.16416e-10,3.97231e-07,5.16416e-10,0.0002,1.30507e-07,3.97231e-07,1.30507e-07,0.000199999
-0.00725557,-0.152559,-1.2026,-0.00791394,-0.150522,-1.18758,-0.00301118,0.00316579,0.0340212,1.16916,0.000200001,4.4903e-10,3.97485e-07,4.4903e-10,0.0002,1.09034e-07,3.97485e-07,1.09034e-07,0.000199999
-0.00661111,-0.154859,-1.21768,-0.00524764,-0.159519,-1.24697,-0.00236672,0.000865938,0.0189364,1.65747,0.000200001,4.36575e-10,3.99318e-07,4.36575e-10,0.0002,1.09856e-07,3.99318e-07,1.09856e-07,0.000199999
-0.00606539,-0.156689,-1.22872,-0.0052557,-0.159528,-1.24699,-0.00226286,0.00203599,0.0327192,1.65418,0.000200001,4.39369e-10,3.98717e-07,4.39369e-10,0.0002,1.14782e-07,3.98717e-07,1.14782e-07,0.000199999
-0.00558873,-0.15815,-1.23693,-0.00522694,-0.15958,-1.24697,-0.0017862,0.000574375,0.0245149,1.66076,0.000200001,4.54534e-10,3.96534e-07,4.54534e-10,0.0002,1.22889e-07,3.96534e-07,1.22889e-07,0.000199999
-0.00524086,-0.15923,-1.24287,-0.00523371,-0.159526,-1.24698,-0.00148434,0.000541706,0.0302714,1.66076,0.000200001,4.42877e-10,3.82617e-07,4.42877e-10,0.0002,1.22628e-07,3.82617e-07,1.22628e-07,0.000199999
-0.00497863,-0.160062,-1.24721,-0.00523193,-0.159565,-1.24699,-0.00122212,-0.000290488,0.0259281,1.66405,0.000200001,4.21728e-10,3.67493e-07,4.21728e-10,0.0002,1.19597e-07,3.67493e-07,1.19597e-07,0.000199999
-0.00468419,-0.161194,-1.25691,-0.00439961,-0.161873,-1.28175,-0.00172271,0.0016302,0.0349467,0.751488,0.000200001,3.79364e-10,3.57937e-07,3.79364e-10,0.0002,1.06473e-07,3.57937e-07,1.06473e-07,0.000199999
-0.00447948,-0.162017,-1.26467,-0.00440466,-0.161864,-1.28171,-0.001518,0.000806777,0.027192,0.750741,0.000200001,3.27207e-10,3.39143e-07,3.27207e-10,0.0002,9.27236e-08,3.39143e-07,9.27236e-08,0.0002
-0.00448899,-0.162552,-1.27005,-0.00439321,-0.16186,-1.28175,-0.00152752,0.000272646,0.0218098,0.74822,0.000200001,2.20859e-10,3.07402e-07,2.20859e-10,0.0002,5.55564e-08,3.07402e-07,5.55564e-08,0.0002
-0.00446088,-0.163031,-1.27404,-0.00440373,-0.161852,-1.28173,-0.0021051,0.00164558,0.0291572,0.751488,0.000200001,1.59647e-10,2.95824e-07,1.59647e-10,0.0002,3.75753e-08,2.95824e-07,3.75753e-08,0.0002
-0.00438862,-0.16351,-1.27755,-0.00440596,-0.161847,-1.28173,-0.00203283,0.00116739,0.0256524,0.751488,0.000200001,1.34025e-10,3.03721e-07,1.34025e-10,0.0002,3.38264e-08,3.03721e-07,3.38264e-08,0.0002
-0.00426847,-0.163966,-1.28014,-0.00441317,-0.161869,-1.28172,-0.00191269,0.000711148,0.0230583,0.751488,0.000200001,1.39985e-10,3.19893e-07,1.39985e-10,0.0002,4.14828e-08,3.19893e-07,4.14828e-08,0.0002
-0.00377071,-0.165058,-1.28691,-0.00262442,-0.165353,-1.30518,-0.00166566,0.00154036,0.0236314,1.02917,0.000200001,1.66942e-10,3.34884e-07,1.66942e-10,0.0002,5.45191e-08,3.34884e-07,5.45191e-08,0.0002
-0.00339266,-0.166023,-1.29232,-0.00262206,-0.16534,-1.30516,-0.00128761,0.000574992,0.018222,1.02917,0.000200001,1.88199e-10,3.59634e-07,1.88199e-10,0.0002,5.92266e-08,3.59634e-07,5.92266e-08,0.0002
-0.00306981,-0.166879,-1.29665,-0.00262052,-0.165348,-1.30517,-0.000828462,0.00184342,0.0245917,1.02917,0.000200001,2.18518e-10,3.887e-07,2.18518e-10,0.0002,6.51666e-08,3.887e-07,6.51666e-08,0.0002
-0.0027554,-0.167701,-1.30022,-0.00262972,-0.165344,-1.3052,-0.000514055,0.00102109,0.0210182,1.02673,0.000200002,2.78442e-10,4.29457e-07,2.78442e-10,0.0002,7.79355e-08,4.29457e-07,7.79355e-08,0.000199999
-0.00249716,-0.168468,-1.30318,-0.00262311,-0.165344,-1.30516,-0.000255813,0.000254536,0.0180636,1.02917,0.000200002,3.40103e-10,4.72985e-07,3.40103e-10,0.0002,8.66645e-08,4.72985e-07,8.66645e-08,0.000199999
-0.00225379,-0.16914,-1.30565,-0.00261522,-0.165356,-1.30519,-0.000209853,0.00232352,0.0169419,1.02917,0.000200002,4.13094e-10,5.09917e-07,4.13094e-10,0.0002,9.75987e-08,5.09917e-07,9.75987e-08,0.000199999
-0.00202043,-0.170756,-1.3086,-0.00237874,-0.17041,-1.31055,2.35043e-05,0.000707117,0.013994,1.04698,0.000200003,4.74803e-10,5.44395e-07,4.74803e-10,0.0002,1.03476e-07,5.44395e-07,1.03476e-07,0.000199999
-0.00185593,-0.172068,-1.31168,-0.0024051,-0.170373,-1.31056,-0.00109334,0.00276657,0.0206707,1.04236,0.000200003,5.13087e-10,5.70778e-07,5.13087e-10,0.0002,1.03978e-07,5.70778e-07,1.03978e-07,0.000199999
-0.00173804,-0.173077,-1.31518,-0.00241051,-0.170373,-1.31056,-0.000975453,0.00175771,0.0171674,1.04236,0.000200003,5.26048e-10,5.81239e-07,5.26048e-10,0.0002,1.01612e-07,5.81239e-07,1.01612e-07,0.000199999
-0.00170404,-0.173747,-1.31892,-0.00241004,-0.170378,-1.31057,-0.00094145,0.00108778,0.0134328,1.04236,0.000200003,4.81521e-10,5.65852e-07,4.81521e-10,0.0002,8.99022e-08,5.65852e-07,8.99022e-08,0.000199999
-0.00164241,-0.174339,-1.32325,-0.0024131,-0.170372,-1.31057,-0.00110218,0.00445914,0.0143589,1.04236,0.000200003,4.68575e-10,5.6522e-07,4.68575e-10,0.0002,8.71302e-08,5.6522e-07,8.71302e-08,0.000199999
-0.00129707,-0.176519,-1.331,-0.00102848,-0.178282,-1.32785,-0.000756839,0.00227844,0.0066078,0.988907,0.000200003,4.84245e-10,5.8481e-07,4.84245e-10,0.0002,8.90997e-08,5.8481e-07,8.90997e-08,0.000199999
-0.000940883,-0.178353,-1.33772,-0.00103735,-0.178281,-1.32787,-0.000549309,0.00248474,0.00139545,0.992274,0.000200003,5.54002e-10,6.11853e-07,5.54002e-10,0.0002,1.02315e-07,6.11853e-07,1.02315e-07,0.000199999
-0.000593997,-0.179828,-1.343,-0.00103473,-0.178288,-1.32787,-0.000202423,0.00100974,-0.00387933,0.988907,0.000200004,6.50414e-10,6.30504e-07,6.50414e-10,0.0002,1.19916e-07,6.30504e-07,1.19916e-07,0.000199999
-0.000388831,-0.180998,-1.3467,-0.00103814,-0.178266,-1.32788,2.74276e-06,-0.000160826,-0.00758384,0.988907,0.000200004,6.76917e-10,6.41589e-07,6.76917e-10,0.0002,1.19369e-07,6.41589e-07,1.19369e-07,0.000199999
-0.000243292,-0.181963,-1.34894,-0.00103402,-0.178276,-1.32787,-0.000491081,0.00405855,0.0132295,0.98554,0.000200004,6.84112e-10,6.52858e-07,6.84112e-10,0.0002,1.15759e-07,6.52858e-07,1.15759e-07,0.000199999
-0.000158109,-0.182613,-1.34949,-0.0010334,-0.178285,-1.32788,-0.000405898,0.00340887,0.0126798,0.988907,0.000200004,6.53522e-10,6.4015e-07,6.53522e-10,0.0002,1.08909e-07,6.4015e-07,1.08909e-07,0.000199999
-0.00018322,-0.185226,-1.35564,-0.00144227,-0.189401,-1.36469,-0.00101855,0.00556083,0.0241827,1.296,0.000200004,6.24302e-10,6.10557e-07,6.24302e-10,0.0002,1.07104e-07,6.10557e-07,1.07104e-07,0.000199999
-0.000285631,-0.187372,-1.36014,-0.00146262,-0.189374,-1.36467,-0.00112096,0.00341512,0.019683,1.286,0.000200003,5.57064e-10,6.01341e-07,5.57064e-10,0.0002,9.29398e-08,6.01341e-07,9.29398e-08,0.000199999
-0.000319294,-0.189119,-1.36415,-0.00145929,-0.189362,-1.36467,-0.00170697,0.00509835,0.0319412,1.286,0.000200003,5.36e-10,6.00827e-07,5.36e-10,0.0002,9.08768e-08,6.00827e-07,9.08768e-08,0.000199999
-0.000335499,-0.19056,-1.36839,-0.00143832,-0.189371,-1.36467,-0.00172317,0.00365689,0.0276965,1.28934,0.000200003,5.26114e-10,6.0733e-07,5.26114e-10,0.0002,8.97722e-08,6.0733e-07,8.97722e-08,0.000199999
-0.000288471,-0.191796,-1.37262,-0.00141952,-0.18941,-1.36468,-0.00167614,0.00242078,0.0234698,1.30467,0.000200004,5.60153e-10,6.23682e-07,5.60153e-10,0.0002,9.72184e-08,6.23682e-07,9.72184e-08,0.000199999
-0.000234686,-0.192801,-1.37631,-0.00144824,-0.189404,-1.36469,-0.00184404,0.00636389,0.0380064,1.296,0.000200004,6.02953e-10,6.3702e-07,6.02953e-10,0.0002,1.04888e-07,6.3702e-07,1.04888e-07,0.000199999
7.97404e-05,-0.195031,-1.39432,-5.4902e-05,-0.196528,-1.43686,-0.00152961,0.00413471,0.0199966,1.69332,0.000200004,6.60243e-10,6.44479e-07,6.60243e-10,0.0002,1.15421e-07,6.44479e-07,1.15421e-07,0.000199999
0.000234129,-0.196832,-1.40935,-4.76949e-05,-0.19653,-1.43687,-0.00286992,0.00669389,0.0129264,1.69332,0.000200004,6.31002e-10,6.52399e-07,6.31002e-10,0.0002,1.04285e-07,6.52399e-07,1.04285e-07,0.000199999
0.000332611,-0.198082,-1.42127,-6.23487e-05,-0.196529,-1.43686,-0.00277143,0.00544413,0.00100659,1.68943,0.000200004,5.65819e-10,6.27103e-07,5.65819e-10,0.0002,9.22612e-08,6.27103e-07,9.22612e-08,0.000199999
0.000420652,-0.199057,-1.43071,-6.49539e-05,-0.196523,-1.43691,-0.00268339,0.00446899,-0.00843427,1.69722,0.000200004,5.15701e-10,6.07351e-07,5.15701e-10,0.0002,8.49825e-08,6.07351e-07,8.49825e-08,0.000199999
0.00047203,-0.199791,-1.43808,-9.7277e-05,-0.1965,-1.43699,-0.00261934,0.00800227,0.00927333,1.68943,0.000200003,4.64161e-10,5.88192e-07,4.64161e-10,0.0002,7.75327e-08,5.88192e-07,7.75327e-08,0.000199999
0.000712981,-0.202631,-1.4419,0.00070118,-0.208542,-1.43234,-0.00237839,0.00516224,0.00545173,1.39344,0.000200003,4.35788e-10,5.51144e-07,4.35788e-10,0.0002,7.87023e-08,5.51144e-07,7.87023e-08,0.000199999
0.000804152,-0.204639,-1.44361,0.000706958,-0.208547,-1.43232,-0.00228722,0.00315454,0.00374334,1.39344,0.000200003,3.42015e-10,4.84859e-07,3.42015e-10,0.0002,6.34574e-08,4.84859e-07,6.34574e-08,0.000199999
0.000899791,-0.206112,-1.44373,0.000701647,-0.208543,-1.43234,-0.00198142,0.00656989,0.016476,1.39344,0.000200002,2.80539e-10,4.21334e-07,2.80539e-10,0.0002,5.79046e-08,4.21334e-07,5.79046e-08,0.000199999
0.00104109,-0.207117,-1.44342,0.000717467,-0.208569,-1.43232,-0.00184011,0.00556541,0.0167921,1.40372,0.000200002,2.50496e-10,3.51963e-07,2.50496e-10,0.0002,6.45182e-08,3.51963e-07,6.45182e-08,0.000199999
0.00102637,-0.207787,-1.44307,0.000705099,-0.208571,-1.43234,-0.00185484,0.00489556,0.0171452,1.40029,0.000200001,1.79504e-10,2.86039e-07,1.79504e-10,0.0002,4.89323e-08,2.86039e-07,4.89323e-08,0.000199999
0.00101332,-0.208324,-1.44278,0.000701361,-0.208579,-1.43234,-0.00252864,0.00714986,0.0342471,1.40029,0.000200001,1.32468e-10,2.43844e-07,1.32468e-10,0.0002,3.89788e-08,2.43844e-07,3.89788e-08,0.0002
0.00141486,-0.210222,-1.44946,0.00304038,-0.216094,-1.4689,-0.0021271,0.00525229,0.0275745,0.837681,0.000200001,8.90377e-11,2.10938e-07,8.90377e-11,0.0002,2.50478e-08,2.10938e-07,2.50478e-08,0.0002
0.0016796,-0.211811,-1.45448,0.00303995,-0.216094,-1.46891,-0.00279172,0.00519527,0.0263661,0.837681,0.000200001,4.91516e-11,2.01236e-07,4.91516e-11,0.0002,6.87163e-09,2.01236e-07,6.87163e-09,0.0002
0.00201071,-0.213173,-1.45819,0.00305296,-0.216087,-1.46889,-0.00246061,0.00383281,0.0226578,0.834173,0.000200001,4.60341e-11,2.0993e-07,4.60341e-11,0.0002,1.3793e-08,2.0993e-07,1.3793e-08,0.0002
0.00217025,-0.214487,-1.46075,0.00304901,-0.216079,-1.4689,-0.00230106,0.00251855,0.0201016,0.834173,0.000200001,2.26371e-11,2.51628e-07,2.26371e-11,0.0002,1.47825e-09,2.51628e-07,1.47825e-09,0.0002
0.00239135,-0.215809,-1.4629,0.00305594,-0.21609,-1.46891,-0.00218514,0.0023245,0.0231312,0.837681,0.000200001,3.071e-11,3.2116e-07,3.071e-11,0.0002,8.26172e-09,3.2116e-07,8.26172e-09,0.0002
0.00278032,-0.217589,-1.46552,0.00362236,-0.218903,-1.47444,-0.00179617,0.000544422,0.0205124,0.941692,0.000200001,8.5005e-11,3.91282e-07,8.5005e-11,0.0002,2.87567e-08,3.91282e-07,2.87567e-08,0.0002
0.00310908,-0.219181,-1.46824,0.00363228,-0.218895,-1.47447,-0.000772896,0.000432737,0.0206812,0.945997,0.000200002,1.524e-10,4.63318e-07,1.524e-10,0.0002,4.40723e-08,4.63318e-07,4.40723e-08,0.000199999
0.00331826,-0.220612,-1.4701,0.00361892,-0.218906,-1.47446,-0.000563716,-0.00099814,0.0188162,0.942512,0.000200002,1.92202e-10,5.34218e-07,1.92202e-10,0.0002,4.56407e-08,5.34218e-07,4.56407e-08,0.000199999
0.00346571,-0.221787,-1.47233,0.00362182,-0.218941,-1.4745,-0.000416262,-0.00217318,0.0165921,0.952965,0.000200003,2.09358e-10,5.83364e-07,2.09358e-10,0.0002,4.29356e-08,5.83364e-07,4.29356e-08,0.000199999
0.00365507,-0.222738,-1.47401,0.0036616,-0.218923,-1.4745,-0.000643886,0.00107288,0.0166752,0.95645,0.000200003,2.61193e-10,6.17244e-07,2.61193e-10,0.0002,5.11899e-08,6.17244e-07,5.11899e-08,0.000199999
0.00371894,-0.223355,-1.47523,0.00362087,-0.21891,-1.47445,-0.000580018,0.000456226,0.0154483,0.948661,0.000200003,2.42625e-10,6.1622e-07,2.42625e-10,0.0002,4.3663e-08,6.1622e-07,4.3663e-08,0.000199999
0.00367681,-0.224832,-1.47867,0.00337488,-0.224557,-1.48723,-0.00100746,0.0044001,0.0163038,1.09012,0.000200003,1.97317e-10,5.9218e-07,1.97317e-10,0.0002,3.29722e-08,5.9218e-07,3.29722e-08,0.000199999
0.00365146,-0.225903,-1.48152,0.00336921,-0.224547,-1.48724,-0.00103281,0.00332842,0.0134496,1.09012,0.000200003,1.63951e-10,5.59556e-07,1.63951e-10,0.0002,2.72731e-08,5.59556e-07,2.72731e-08,0.000199999
0.00364378,-0.226696,-1.4837,0.00336253,-0.224551,-1.48725,-0.00104049,0.00253564,0.0112684,1.09395,0.000200003,1.44928e-10,5.28223e-07,1.44928e-10,0.0002,2.56267e-08,5.28223e-07,2.56267e-08,0.000199999
0.003678,-0.227331,-1.48566,0.0033574,-0.224571,-1.48726,-0.000886191,0.00420037,0.0110751,1.09395,0.000200003,1.52503e-10,5.07608e-07,1.52503e-10,0.0002,3.09398e-08,5.07608e-07,3.09398e-08,0.000199999
0.00364233,-0.227861,-1.48712,0.00335687,-0.224553,-1.48731,-0.000921862,0.00366954,0.00960582,1.09395,0.000200002,1.2635e-10,4.98686e-07,1.2635e-10,0.0002,2.41412e-08,4.98686e-07,2.41412e-08,0.000199999
0.00401419,-0.229607,-1.48725,0.00560441,-0.231564,-1.48414,-0.00107027,0.00503222,0.00834835,0.996077,0.000200002,7.92427e-11,4.79976e-07,7.92427e-11,0.0002,1.17157e-08,4.79976e-07,1.17157e-08,0.000199999
0.00430882,-0.230962,-1.48735,0.00560864,-0.231566,-1.48415,-0.000775634,0.00367761,0.00824533,0.996077,0.000200002,4.23492e-11,4.61218e-07,4.23492e-11,0.0002,3.18113e-09,4.61218e-07,3.18113e-09,0.000199999
0.00458635,-0.232041,-1.48806,0.00560457,-0.231562,-1.48415,-0.000498103,0.00259835,0.00754098,0.996077,0.000200002,3.52678e-11,4.48653e-07,3.52678e-11,0.0002,4.36754e-09,4.48653e-07,4.36754e-09,0.000199999
0.00482477,-0.232838,-1.48935,0.00560726,-0.231557,-1.48415,-0.000187664,0.00469456,0.0114531,0.996077,0.000200002,3.73454e-11,4.30165e-07,3.73454e-11,0.0002,7.45474e-09,4.30165e-07,7.45474e-09,0.000199999
0.00493371,-0.233526,-1.49162,0.00560491,-0.231563,-1.48417,-7.87223e-05,0.00400625,0.00917588,0.996077,0.000200002,2.38799e-12,4.26183e-07,2.38799e-12,0.0002,-4.02289e-09,4.26183e-07,-4.02289e-09,0.000199999
0.00506875,-0.234161,-1.49427,0.00560167,-0.231578,-1.48418,0.000114409,0.00609188,0.00839533,0.992453,0.000200002,-4.65941e-12,4.36678e-07,-4.65941e-12,0.0002,-4.07371e-09,4.36678e-07,-4.07371e-09,0.000199999
0.00480715,-0.236698,-1.49964,0.00360697,-0.240776,-1.49676,-0.000147185,0.00355506,0.00303249,1.13505,0.000200002,5.38891e-12,4.73703e-07,5.38891e-12,0.0002,8.61592e-10,4.73703e-07,8.61592e-10,0.000199999
0.00468045,-0.238756,-1.50392,0.00359884,-0.24074,-1.49674,-0.000273888,0.00149659,-0.00125423,1.13686,0.000200002,5.83143e-11,5.03322e-07,5.83143e-11,0.0002,1.70058e-08,5.03322e-07,1.70058e-08,0.000199999
0.0046201,-0.240443,-1.50653,0.00359454,-0.24074,-1.49675,-0.00010415,0.00268858,0.00571271,1.13325,0.000200002,1.27557e-10,5.28703e-07,1.27557e-10,0.0002,3.39015e-08,5.28703e-07,3.39015e-08,0.000199999
0.00456979,-0.241787,-1.50819,0.00359438,-0.240712,-1.49671,-0.000154463,0.0013446,0.00405286,1.12964,0.000200003,1.82663e-10,5.44995e-07,1.82663e-10,0.0002,4.42839e-08,5.44995e-07,4.42839e-08,0.000199999
0.0045229,-0.242787,-1.50828,0.00359859,-0.24076,-1.49675,-0.000159712,0.0044376,0.0147789,1.13505,0.000200003,2.17802e-10,5.41834e-07,2.17802e-10,0.0002,5.00951e-08,5.41834e-07,5.00951e-08,0.000199999
0.00439943,-0.244929,-1.51145,0.00400247,-0.247947,-1.5169,-0.000283185,0.00229617,0.0116058,1.06172,0.000200003,1.53025e-10,5.24248e-07,1.53025e-10,0.0002,2.92088e-08,5.24248e-07,2.92088e-08,0.000199999
0.00432121,-0.246702,-1.51348,0.00399113,-0.247938,-1.51691,-0.000361406,0.000522483,0.00958373,1.05808,0.000200003,1.15464e-10,5.2298e-07,1.15464e-10,0.0002,1.93845e-08,5.2298e-07,1.93845e-08,0.000199999
0.00424134,-0.248187,-1.5154,0.0039981,-0.247944,-1.51687,-0.00103985,0.00283513,0.0263022,1.06172,0.000200003,7.5763e-11,5.32554e-07,7.5763e-11,0.0002,9.81622e-09,5.32554e-07,9.81622e-09,0.000199999
0.00424496,-0.249475,-1.51704,0.00399411,-0.247932,-1.51688,-0.00103623,0.001547,0.024659,1.06172,0.000200003,8.42033e-11,5.55119e-07,8.42033e-11,0.0002,1.43958e-08,5.55119e-07,1.43958e-08,0.000199999
0.00418649,-0.250575,-1.51869,0.00399409,-0.247942,-1.51698,-0.00103655,0.00233582,0.0284744,1.06878,0.000200003,5.58222e-11,5.80301e-07,5.58222e-11,0.0002,7.22238e-09,5.80301e-07,7.22238e-09,0.000199999
0.00416175,-0.251519,-1.52052,0.00398577,-0.247952,-1.51697,-0.00106129,0.00139151,0.026643,1.06515,0.000200003,4.62692e-11,6.06441e-07,4.62692e-11,0.0002,6.01909e-09,6.06441e-07,6.01909e-09,0.000199999
0.00430893,-0.254109,-1.52542,0.00476189,-0.256809,-1.53469,-0.000820157,0.00293813,0.0260877,1.30799,0.000200004,5.42302e-11,6.33209e-07,5.42302e-11,0.0002,8.73516e-09,6.33209e-07,8.73516e-09,0.000199999
0.00440974,-0.256219,-1.52913,0.00469106,-0.256785,-1.53462,-0.000719347,0.000828535,0.0223844,1.30425,0.000200004,5.85274e-11,6.5716e-07,5.85274e-11,0.0002,9.62749e-09,6.5716e-07,9.62749e-09,0.000199999
0.00452819,-0.257904,-1.53167,0.00468646,-0.256783,-1.5346,-0.000600893,-0.000857043,0.0198401,1.3083,0.000200004,8.8667e-11,6.72229e-07,8.8667e-11,0.0002,1.61974e-08,6.72229e-07,1.61974e-08,0.000199999
0.00460673,-0.259066,-1.53341,0.00476194,-0.2568,-1.53469,-0.000462639,0.00297156,0.0242972,1.31168,0.000200004,8.73274e-11,6.51414e-07,8.73274e-11,0.0002,1.53039e-08,6.51414e-07,1.53039e-08,0.000199999
0.00458826,-0.259848,-1.5347,0.00470882,-0.256796,-1.53467,-0.000481111,0.00218943,0.0230117,1.30726,0.000200004,3.73485e-11,6.14661e-07,3.73485e-11,0.0002,3.31223e-09,6.14661e-07,3.31223e-09,0.000199999
0.00461408,-0.260345,-1.53511,0.00472876,-0.256798,-1.53467,-0.00066702,0.00569047,0.0176342,1.30726,0.000200003,2.34265e-11,5.70487e-07,2.34265e-11,0.0002,1.61288e-09,5.70487e-07,1.61288e-09,0.000199999
0.00440066,-0.262661,-1.53767,0.00391794,-0.2667,-1.54532,-0.000880436,0.00337419,0.0150745,1.42914,0.000200003,-2.33473e-11,5.32369e-07,-2.33473e-11,0.0002,-1.01313e-08,5.32369e-07,-1.01313e-08,0.000199999
0.00431649,-0.264468,-1.53951,0.00393873,-0.266698,-1.54533,-0.000964611,0.00156699,0.0132307,1.43128,0.000200003,-1.2959e-11,5.00699e-07,-1.2959e-11,0.0002,-4.64912e-09,5.00699e-07,-4.64912e-09,0.000199999
0.00424416,-0.265872,-1.54119,0.00392365,-0.266698,-1.54532,-0.000907424,0.00388592,0.0156216,1.42914,0.000200002,-6.08333e-12,4.73631e-07,-6.08333e-12,0.0002,-1.6854e-09,4.73631e-07,-1.6854e-09,0.000199999
0.00423494,-0.267037,-1.54253,0.00395185,-0.266706,-1.54532,-0.000916643,0.00272045,0.0142775,1.43501,0.000200002,1.97902e-11,4.62916e-07,1.97902e-11,0.0002,6.95516e-09,4.62916e-07,6.95516e-09,0.000199999
0.00422203,-0.26797,-1.5436,0.00392765,-0.266709,-1.54531,-0.000929555,0.00178733,0.0132053,1.42755,0.000200002,3.90875e-11,4.56069e-07,3.90875e-11,0.0002,1.22703e-08,4.56069e-07,1.22703e-08,0.000199999
0.00413309,-0.270272,-1.54641,0.00355368,-0.274482,-1.55297,-0.000913887,0.00298882,0.01762,1.35837,0.000200002,5.28118e-11,4.51699e-07,5.28118e-11,0.0002,1.5418e-08,4.51699e-07,1.5418e-08,0.000199999
0.00407765,-0.272131,-1.54876,0.00353067,-0.274471,-1.55297,-0.000969328,0.0011291,0.0152731,1.36349,0.000200002,7.21907e-11,4.52248e-07,7.21907e-11,0.0002,2.04445e-08,4.52248e-07,2.04445e-08,0.000199999
0.00401824,-0.273681,-1.55074,0.00356121,-0.274459,-1.55298,-0.00102874,-0.000420572,0.01329,1.35484,0.000200002,7.75692e-11,4.62903e-07,7.75692e-11,0.0002,2.00652e-08,4.62903e-07,2.00652e-08,0.000199999
0.00399003,-0.274982,-1.55201,0.00355218,-0.274447,-1.55296,-0.00118979,0.00178478,0.0123784,1.3586,0.000200002,9.2803e-11,4.79877e-07,9.2803e-11,0.0002,2.31427e-08,4.79877e-07,2.31427e-08,0.000199999
0.00392148,-0.276026,-1.55282,0.00353984,-0.27446,-1.55296,-0.00125834,0.000740649,0.0115673,1.35799,0.000200002,8.22292e-11,4.90873e-07,8.22292e-11,0.0002,1.81207e-08,4.90873e-07,1.81207e-08,0.000199999
0.00380209,-0.2768,-1.55316,0.00354542,-0.274466,-1.55294,-0.00137772,-3.32355e-05,0.0112329,1.35799,0.000200002,3.83811e-11,4.87883e-07,3.83811e-11,0.0002,4.44083e-09,4.87883e-07,4.44083e-09,0.000199999
0.00411558,-0.278412,-1.55355,0.00526612,-0.278907,-1.55408,-0.00150194,0.00158974,0.0139027,1.14659,0.000200002,3.79383e-11,5.02804e-07,3.79383e-11,0.0002,6.15443e-09,5.02804e-07,6.15443e-09,0.000199999
0.00432393,-0.27966,-1.55365,0.00527225,-0.278904,-1.55406,-0.00129359,0.000342177,0.0138011,1.14278,0.000200002,1.53835e-11,5.05666e-07,1.53835e-11,0.0002,3.02946e-10,5.05666e-07,3.02946e-10,0.000199999
0.00447072,-0.280682,-1.55342,0.00527856,-0.278916,-1.55404,-0.00150481,0.00228906,0.015364,1.14659,0.000200002,-1.32202e-11,5.10961e-07,-1.32202e-11,0.0002,-6.73248e-09,5.10961e-07,-6.73248e-09,0.000199999
0.00465185,-0.281395,-1.55291,0.00528733,-0.278929,-1.55401,-0.00132368,0.00157631,0.0158672,1.14659,0.000200002,-1.43086e-12,4.97155e-07,-1.43086e-12,0.0002,-1.21931e-09,4.97155e-07,-1.21931e-09,0.000199999
0.00479535,-0.281879,-1.55209,0.00528749,-0.278925,-1.554,-0.000873394,0.00525669,0.019266,1.14659,0.000200002,7.94536e-12,4.74705e-07,7.94536e-12,0.0002,2.22174e-09,4.74705e-07,2.22174e-09,0.000199999
0.0046853,-0.284216,-1.5514,0.00405861,-0.288992,-1.5533,-0.000983437,0.00291989,0.0199559,1.56946,0.000200002,2.45461e-11,4.50059e-07,2.45461e-11,0.0002,7.7318e-09,4.50059e-07,7.7318e-09,0.000199999
0.00455323,-0.286113,-1.55104,0.00404444,-0.288914,-1.55321,-0.00111551,0.00102285,0.020318,1.53845,0.000200002,1.80504e-11,4.41227e-07,1.80504e-11,0.0002,4.65408e-09,4.41227e-07,4.65408e-09,0.000199999
0.00442635,-0.287614,-1.55107,0.00404492,-0.288938,-1.55323,-0.00126448,0.00256945,0.0187042,1.55396,0.000200002,2.73642e-12,4.3224e-07,2.73642e-12,0.0002,-7.91308e-10,4.3224e-07,-7.91308e-10,0.000199999
0.00438737,-0.288831,-1.5516,0.00403504,-0.288913,-1.55321,-0.00130346,0.00135321,0.0181712,1.54146,0.000200002,1.94773e-11,4.29689e-07,1.94773e-11,0.0002,5.89801e-09,4.29689e-07,5.89801e-09,0.000199999
0.00433959,-0.289869,-1.55234,0.00405294,-0.28892,-1.55324,-0.00123459,0.001642,0.014959,1.5462,0.000200002,2.39915e-11,4.38334e-07,2.39915e-11,0.0002,6.8261e-09,4.38334e-07,6.8261e-09,0.000199999
0.004337,-0.290658,-1.55313,0.00402386,-0.288926,-1.5532,-0.00123718,0.000853135,0.0141661,1.55524,0.000200002,4.57577e-11,4.36944e-07,4.57577e-11,0.0002,1.39419e-08,4.36944e-07,1.39419e-08,0.000199999
0.00415651,-0.292377,-1.55334,0.00344491,-0.29425,-1.55054,-0.00141768,-0.000865156,0.0139597,1.4222,0.000200002,3.34494e-11,4.39637e-07,3.34494e-11,0.0002,8.20015e-09,4.39637e-07,8.20015e-09,0.000199999
0.00405426,-0.293791,-1.55329,0.00344014,-0.294242,-1.5505,-0.000964334,0.00251965,0.0102907,1.41818,0.000200002,4.35501e-11,4.48052e-07,4.35501e-11,0.0002,1.1454e-08,4.48052e-07,1.1454e-08,0.000199999
0.00397109,-0.294923,-1.55284,0.00343425,-0.294244,-1.55051,-0.0010475,0.00138749,0.0107429,1.41417,0.000200002,5.20116e-11,4.53433e-07,5.20116e-11,0.0002,1.36312e-08,4.53433e-07,1.36312e-08,0.000199999
0.00388511,-0.295894,-1.55237,0.00343644,-0.294246,-1.55051,-0.00166485,0.00184995,0.0114787,1.41818,0.000200002,4.99962e-11,4.67144e-07,4.99962e-11,0.0002,1.19021e-08,4.67144e-07,1.19021e-08,0.000199999
0.00379512,-0.296612,-1.55211,0.00344089,-0.294273,-1.55052,-0.00175483,0.00113162,0.0117448,1.41015,0.000200002,3.64132e-11,4.65771e-07,3.64132e-11,0.0002,7.26538e-09,4.65771e-07,7.26538e-09,0.000199999
0.00387566,-0.298905,-1.55184,0.00419717,-0.302436,-1.55129,-0.0016743,-0.00116077,0.0120112,1.57304,0.000200002,2.70512e-11,4.78504e-07,2.70512e-11,0.0002,4.64164e-09,4.78504e-07,4.64164e-09,0.000199999
0.00391758,-0.300636,-1.55173,0.0041998,-0.302451,-1.55127,-0.00180256,0.000498883,0.0175646,1.56104,0.000200002,7.93004e-12,4.69703e-07,7.93004e-12,0.0002,-7.38177e-10,4.69703e-07,-7.38177e-10,0.000199999
0.00406125,-0.302124,-1.55153,0.00420864,-0.302447,-1.55126,-0.00165889,-0.000989291,0.0177611,1.56618,0.000200002,4.78271e-11,4.80759e-07,4.78271e-11,0.0002,1.31989e-08,4.80759e-07,1.31989e-08,0.000199999
0.00408867,-0.303275,-1.55179,0.00419859,-0.302456,-1.55127,-0.00145003,0.00162583,0.0153834,1.56104,0.000200002,3.65861e-11,4.8129e-07,3.65861e-11,0.0002,8.32118e-09,4.8129e-07,8.32118e-09,0.000199999
0.00410856,-0.304152,-1.55241,0.00419203,-0.302446,-1.55127,-0.00143014,0.000749197,0.014762,1.56504,0.000200002,2.59978e-11,4.74825e-07,2.59978e-11,0.0002,4.94165e-09,4.74825e-07,4.94165e-09,0.000199999
0.00410325,-0.304791,-1.55239,0.00420153,-0.302453,-1.55127,-0.00143545,0.000109802,0.014783,1.56104,0.000200002,6.69732e-12,4.6054e-07,6.69732e-12,0.0002,-8.04909e-10,4.6054e-07,-8.04909e-10,0.000199999
0.00408879,-0.30669,-1.55288,0.00405232,-0.309285,-1.55536,-0.0014681,0.0013767,0.0134927,1.6707,0.000200002,2.62939e-12,4.54739e-07,2.62939e-12,0.0002,-9.52709e-10,4.54739e-07,-9.52709e-10,0.000199999
0.00406208,-0.308166,-1.55325,0.00398143,-0.309285,-1.55528,-0.00149481,-9.97202e-05,0.0131153,1.67866,0.000200002,-5.70772e-13,4.44221e-07,-5.70772e-13,0.0002,-1.2486e-09,4.44221e-07,-1.2486e-09,0.000199999
0.00406357,-0.309323,-1.55387,0.00399127,-0.30927,-1.55527,-0.0014112,0.00199069,0.0158043,1.67464,0.000200002,6.50471e-12,4.34027e-07,6.50471e-12,0.0002,1.78881e-09,4.34027e-07,1.78881e-09,0.000199999
0.00406084,-0.310249,-1.55435,0.00397317,-0.309275,-1.55527,-0.00141393,0.00106457,0.0153158,1.67464,0.000200002,1.18942e-11,4.27504e-07,1.18942e-11,0.0002,3.64127e-09,4.27504e-07,3.64127e-09,0.000199999
0.00411805,-0.310951,-1.55477,0.00406235,-0.309297,-1.55537,-0.000904806,0.00357151,0.0149351,1.67866,0.000200002,3.39192e-11,4.16415e-07,3.39192e-11,0.0002,1.14494e-08,4.16415e-07,1.14494e-08,0.000199999
0.00413707,-0.311577,-1.5552,0.00403054,-0.309295,-1.55537,-0.000885788,0.00294599,0.0145026,1.67063,0.000200002,4.25952e-11,4.19585e-07,4.25952e-11,0.0002,1.31262e-08,4.19585e-07,1.31262e-08,0.000199999
0.00395672,-0.313503,-1.5562,0.00305752,-0.316213,-1.55864,-0.00106614,0.00101941,0.0135039,1.5832,0.000200002,4.96636e-11,4.28423e-07,4.96636e-11,0.0002,1.42367e-08,4.28423e-07,1.42367e-08,0.000199999
0.00380906,-0.315005,-1.5572,0.00304605,-0.316225,-1.55864,-0.00124864,0.000837716,0.0150179,1.57487,0.000200002,5.33498e-11,4.27279e-07,5.33498e-11,0.0002,1.46514e-08,4.27279e-07,1.46514e-08,0.000199999
0.00371271,-0.316311,-1.55811,0.00304385,-0.316224,-1.55865,-0.00134498,-0.000469012,0.014107,1.57487,0.000200002,6.75628e-11,4.43526e-07,6.75628e-11,0.0002,1.83642e-08,4.43526e-07,1.83642e-08,0.000199999
0.00359303,-0.317269,-1.55864,0.00305233,-0.316207,-1.55866,-0.00146467,-0.00142656,0.0135833,1.57904,0.000200002,5.66484e-11,4.404e-07,5.66484e-11,0.0002,1.36576e-08,4.404e-07,1.36576e-08,0.000199999
0.00347403,-0.317929,-1.55937,0.00304951,-0.31621,-1.55867,-0.00181421,0.00113631,0.00771142,1.57904,0.000200002,3.61122e-11,4.21423e-07,3.61122e-11,0.0002,6.90797e-09,4.21423e-07,6.90797e-09,0.000199999
0.00255156,-0.320067,-1.56141,-0.00147975,-0.325538,-1.56698,-0.00273668,-0.00100153,0.00566906,2.12332,0.000200001,5.17289e-11,3.68293e-07,5.17289e-11,0.0002,1.56946e-08,3.68293e-07,1.56946e-08,0.000199999
0.00183068,-0.321536,-1.56294,-0.00148869,-0.325498,-1.56698,-0.00316609,0.000771391,0.00782897,2.11932,0.000200001,6.1754e-11,2.96845e-07,6.1754e-11,0.0002,2.42008e-08,2.96845e-07,2.42008e-08,0.0002
0.00118994,-0.322569,-1.56406,-0.0014844,-0.325536,-1.56699,-0.00380684,-0.000262576,0.00670852,2.12332,0.000200001,4.51427e-11,2.27391e-07,4.51427e-11,0.0002,1.91713e-08,2.27391e-07,1.91713e-08,0.0002
0.000611394,-0.323287,-1.56485,-0.00149216,-0.325517,-1.56697,-0.00468057,0.00155234,0.00272893,2.11932,0.0002,2.10364e-11,1.65994e-07,2.10364e-11,0.0002,5.59525e-09,1.65994e-07,5.59525e-09,0.0002
0.000146307,-0.323778,-1.56528,-0.00150139,-0.325527,-1.56697,-0.00514566,0.00106163,0.00230443,2.12332,0.0002,8.12738e-12,1.13083e-07,8.12738e-12,0.0002,-3.18523e-09,1.13083e-07,-3.18523e-09,0.0002
-0.000182652,-0.324174,-1.56582,-0.00149909,-0.325547,-1.56697,-0.00547462,0.000665124,0.00175773,2.11932,0.0002,5.31349e-12,7.91801e-08,5.31349e-12,0.0002,-2.00273e-09,7.91801e-08,-2.00273e-09,0.0002
0.000497106,-0.325119,-1.56494,0.00268124,-0.328583,-1.56088,-0.00479486,-0.000279834,0.00264304,1.45616,0.0002,1.02064e-11,6.08029e-08,1.02064e-11,0.0002,1.57845e-08,6.08029e-08,1.57845e-08,0.0002
0.00111409,-0.325982,-1.56414,0.0027249,-0.328589,-1.56095,-0.00417787,-0.0011429,0.00344061,1.46217,0.0002,1.96933e-11,6.5981e-08,1.96933e-11,0.0002,3.74882e-08,6.5981e-08,3.74882e-08,0.0002
0.00166879,-0.326738,-1.56359,0.00270856,-0.3286,-1.56089,-0.00379991,-0.000531991,0.00353702,1.45023,0.0002,3.68322e-11,7.942e-08,3.68322e-11,0.0002,6.16733e-08,7.942e-08,6.16733e-08,0.0002
0.00207395,-0.327298,-1.56295,0.00272947,-0.328589,-1.56092,-0.00339475,-0.00109204,0.00417569,1.46217,0.0002,4.53889e-11,8.12339e-08,4.53889e-11,0.0002,7.03252e-08,8.12339e-08,7.03252e-08,0.0002
0.00286354,-0.327786,-1.56264,0.00271484,-0.328594,-1.56086,-0.00260516,-0.00157972,0.00449089,1.45762,0.0002,9.84601e-11,8.86121e-08,9.84601e-11,0.0002,1.50799e-07,8.86121e-08,1.50799e-07,0.0002
0.00425552,-0.328268,-1.56245,0.00310985,-0.328878,-1.5591,-0.00121318,-0.00206253,0.00468168,1.37101,0.0002,2.23173e-10,9.93443e-08,2.23173e-10,0.000200001,3.11251e-07,9.93443e-08,3.11251e-07,0.0002
0.00562546,-0.328657,-1.5625,0.00311502,-0.328907,-1.55909,0.000156761,-0.0024516,0.00462933,1.37516,0.0002,3.60009e-10,1.05923e-07,3.60009e-10,0.000200001,4.54776e-07,1.05923e-07,4.54776e-07,0.0002
0.00678481,-0.328986,-1.56223,0.00311214,-0.328892,-1.55909,0.00131611,-0.00278035,0.00489647,1.37101,0.0002,4.90581e-10,1.13372e-07,4.90581e-10,0.000200002,5.56882e-07,1.13372e-07,5.56882e-07,0.000199999
0.007628,-0.329119,-1.56202,0.00312163,-0.32888,-1.5591,0.00126416,-0.00162215,0.0132393,1.37516,0.0002,5.02293e-10,9.77577e-08,5.02293e-10,0.000200003,6.08463e-07,9.77577e-08,6.08463e-07,0.000199999
0.00838544,-0.329225,-1.56247,0.00311043,-0.328884,-1.55909,0.0020216,-0.0017279,0.01279,1.37516,0.0002,5.08593e-10,8.78048e-08,5.08593e-10,0.000200003,6.55074e-07,8.78048e-08,6.55074e-07,0.000199999
0.00916526,-0.329397,-1.56387,0.00312479,-0.328904,-1.5591,0.00280142,-0.00189946,0.0113936,1.37931,0.0002,5.8709e-10,9.53549e-08,5.8709e-10,0.000200004,7.12164e-07,9.53549e-08,7.12164e-07,0.000199999
0.0103157,-0.329982,-1.56663,0.00564929,-0.331048,-1.55751,0.00395189,-0.0024848,0.00862607,1.41727,0.0002,6.75162e-10,1.04713e-07,6.75162e-10,0.000200005,7.51957e-07,1.04713e-07,7.51957e-07,0.000199998
0.0112559,-0.330512,-1.56979,0.00564109,-0.331026,-1.55756,0.00489209,-0.00301431,0.00547181,1.4131,0.0002,8.0556e-10,1.22083e-07,8.0556e-10,0.000200005,7.80632e-07,1.22083e-07,7.80632e-07,0.000199998
0.0120246,-0.330999,-1.57346,0.00561719,-0.331019,-1.5576,0.00136987,-0.000735514,-0.00400913,1.4131,0.0002,9.72769e-10,1.44801e-07,9.72769e-10,0.000200006,8.02064e-07,1.44801e-07,8.02064e-07,0.000199998
0.0126145,-0.331287,-1.5763,0.00560215,-0.331016,-1.55762,0.00195979,-0.00102272,-0.00684628,1.4131,0.0002,1.01516e-09,1.43362e-07,1.01516e-09,0.000200006,8.12312e-07,1.43362e-07,8.12312e-07,0.000199998
0.0132144,-0.331435,-1.57857,0.00560532,-0.33102,-1.55763,0.00255964,-0.0011711,-0.00911751,1.4131,0.0002,9.92779e-10,1.29942e-07,9.92779e-10,0.000200006,8.3932e-07,1.29942e-07,8.3932e-07,0.000199998
0.0149836,-0.332137,-1.58578,0.0113238,-0.333922,-1.58203,0.00432891,-0.00187261,-0.016333,1.78948,0.0002,9.75404e-10,1.19261e-07,9.75404e-10,0.000200007,8.80366e-07,1.19261e-07,8.80366e-07,0.000199998
0.0165061,-0.332675,-1.59083,0.01133,-0.333859,-1.58203,0.00585135,-0.00241092,-0.0213801,1.79353,0.0002,9.64421e-10,1.11566e-07,9.64421e-10,0.000200007,9.23488e-07,1.11566e-07,9.23488e-07,0.000199997
0.0176606,-0.333088,-1.59457,0.0113331,-0.333848,-1.58208,-0.00278428,0.00122188,0.00551182,1.80245,0.0002,9.336e-10,1.04642e-07,9.336e-10,0.000200008,9.40802e-07,1.04642e-07,9.40802e-07,0.000199997
0.0186494,-0.333486,-1.59725,0.0113484,-0.333838,-1.58208,-0.00179556,0.000823663,0.00283295,1.80245,0.0002,9.88648e-10,1.11896e-07,9.88648e-10,0.000200008,9.61666e-07,1.11896e-07,9.61666e-07,0.000199997
0.0194187,-0.333708,-1.59783,0.0113368,-0.333864,-1.58206,-0.00102622,0.000601868,0.00224613,1.79429,0.0002,9.2437e-10,9.96897e-08,9.2437e-10,0.000200009,9.7211e-07,9.96897e-08,9.7211e-07,0.000199997
0.0200346,-0.333764,-1.59705,0.0113252,-0.333885,-1.58202,-0.000410359,0.000545733,0.00302714,1.78536,0.0002,7.38634e-10,7.11227e-08,7.38634e-10,0.000200009,9.79434e-07,7.11227e-08,9.79434e-07,0.000199997
0.0238298,-0.335,-1.59945,0.0271899,-0.340382,-1.59916,0.00338491,-0.000690681,0.000633022,1.41775,0.0002,4.64523e-10,3.25507e-08,4.64523e-10,0.000200009,1.00513e-06,3.25507e-08,1.00513e-06,0.000199997
0.0268273,-0.335776,-1.60136,0.0271777,-0.340369,-1.59913,0.00638237,-0.0014667,-0.00127678,1.40608,0.0002,2.28765e-11,-2.54578e-08,2.28765e-11,0.000200009,1.01586e-06,-2.54578e-08,1.01586e-06,0.000199997
0.0291917,-0.336272,-1.60268,0.0272015,-0.340374,-1.59915,-0.00173164,0.00100996,0.0354207,1.41775,0.0002,-4.53706e-10,-8.25996e-08,-4.53706e-10,0.000200009,1.01666e-06,-8.25996e-08,1.01666e-06,0.000199997
0.0310437,-0.336625,-1.6031,0.0272087,-0.340363,-1.59908,-0.00536983,0.000937188,0.0456082,1.41869,0.0002,-8.57332e-10,-1.25999e-07,-8.57332e-10,0.000200009,1.01064e-06,-1.25999e-07,1.01064e-06,0.000199996
0.032505,-0.336804,-1.60333,0.0271962,-0.340379,-1.59906,-0.00390858,0.000757928,0.0453777,1.40608,0.0002,-1.26649e-09,-1.7079e-07,-1.26649e-09,0.000200009,1.00398e-06,-1.7079e-07,1.00398e-06,0.000199996
0.033666,-0.336625,-1.60404,0.0272133,-0.340368,-1.59909,-0.00274755,0.000936713,0.044671,1.42195,0.0002,-1.9013e-09,-2.5028e-07,-1.9013e-09,0.000200009,9.9815e-07,-2.5028e-07,9.9815e-07,0.000199996
0.0366448,-0.33659,-1.6125,0.0366825,-0.340155,-1.63702,0.000231247,0.000972086,0.036207,1.44279,0.000200001,-2.30705e-09,-2.8291e-07,-2.30705e-09,0.00020001,1.01778e-06,-2.8291e-07,1.01778e-06,0.000199996
0.0390534,-0.33651,-1.61937,0.0366673,-0.340151,-1.63699,0.00263979,0.00105238,0.029339,1.44256,0.000200001,-2.66513e-09,-3.10581e-07,-2.66513e-09,0.00020001,1.03523e-06,-3.10581e-07,1.03523e-06,0.000199996
0.040943,-0.336454,-1.62528,0.0366762,-0.340162,-1.63701,-0.00706097,0.00122612,0.0310579,1.44279,0.000200001,-2.90162e-09,-3.25802e-07,-2.90162e-09,0.00020001,1.04055e-06,-3.25802e-07,1.04055e-06,0.000199996
0.0424684,-0.33661,-1.6299,0.036678,-0.340162,-1.63695,-0.00553555,0.00106999,0.0264445,1.43954,0.000200001,-2.84989e-09,-3.02582e-07,-2.84989e-09,0.00020001,1.04632e-06,-3.02582e-07,1.04632e-06,0.000199996
0.0436982,-0.336699,-1.63379,0.036707,-0.340164,-1.63692,-0.0043057,0.000981366,0.0225532,1.44357,0.000200001,-2.82917e-09,-2.9266e-07,-2.82917e-09,0.00020001,1.05089e-06,-2.9266e-07,1.05089e-06,0.000199996
0.0468026,-0.336795,-1.63879,0.0480859,-0.341123,-1.64532,-0.0012013,0.000885599,0.0175485,1.46517,0.000200001,-2.9446e-09,-3.13698e-07,-2.9446e-09,0.00020001,1.02886e-06,-3.13698e-07,1.02886e-06,0.000199996
0.0491709,-0.336463,-1.64249,0.0481013,-0.341113,-1.64534,0.001167,0.00121796,0.0138534,1.46917,0.000200001,-3.4125e-09,-3.91706e-07,-3.4125e-09,0.000200009,9.96169e-07,-3.91706e-07,9.96169e-07,0.000199996
0.0509142,-0.33598,-1.64482,0.0481001,-0.341127,-1.64535,-0.00326801,0.00264082,0.0240775,1.47317,0.000200002,-3.91029e-09,-4.76594e-07,-3.91029e-09,0.000200009,9.5116e-07,-4.76594e-07,9.5116e-07,0.000199996
0.0522113,-0.335495,-1.64617,0.0480919,-0.341187,-1.64532,-0.00197086,0.00312598,0.0227319,1.46913,0.000200002,-4.31785e-09,-5.48645e-07,-4.31785e-09,0.000200008,9.07053e-07,-5.48645e-07,9.07053e-07,0.000199996
0.0532041,-0.335135,-1.64725,0.0480894,-0.341126,-1.64534,-0.000978035,0.00348558,0.0216518,1.46917,0.000200003,-4.53574e-09,-5.88092e-07,-4.53574e-09,0.000200008,8.71843e-07,-5.88092e-07,8.71843e-07,0.000199996
0.0540042,-0.334776,-1.64811,0.0480815,-0.341189,-1.64533,-0.000178025,0.00384449,0.0207916,1.46517,0.000200003,-4.76001e-09,-6.26595e-07,-4.76001e-09,0.000200007,8.50626e-07,-6.26595e-07,8.50626e-07,0.000199996
0.0560317,-0.334501,-1.65183,0.0548414,-0.341266,-1.66305,0.00184953,0.0041194,0.0170725,1.4993,0.000200004,-4.95096e-09,-6.54301e-07,-4.95096e-09,0.000200007,8.40759e-07,-6.54301e-07,8.40759e-07,0.000199996
0.0576127,-0.334323,-1.6546,0.0548468,-0.34126,-1.66306,-0.00285564,0.00219139,0.0208143,1.4993,0.000200004,-5.02046e-09,-6.64777e-07,-5.02046e-09,0.000200007,8.27979e-07,-6.64777e-07,8.27979e-07,0.000199996
0.0588121,-0.334233,-1.65732,0.0548545,-0.341222,-1.66303,-0.00165629,0.00228136,0.0180889,1.48716,0.000200004,-4.96466e-09,-6.61185e-07,-4.96466e-09,0.000200006,8.09599e-07,-6.61185e-07,8.09599e-07,0.000199996
0.0597482,-0.33419,-1.65961,0.0548424,-0.341259,-1.66305,-0.000720156,0.0023241,0.0158016,1.49525,0.000200004,-4.88094e-09,-6.54995e-07,-4.88094e-09,0.000200006,7.94818e-07,-6.54995e-07,7.94818e-07,0.000199996
0.060572,-0.334059,-1.66113,0.0548413,-0.341261,-1.66305,0.000103627,0.00245576,0.0142832,1.49525,0.000200004,-4.9463e-09,-6.6654e-07,-4.9463e-09,0.000200006,7.97494e-07,-6.6654e-07,7.97494e-07,0.000199996
0.0626124,-0.33284,-1.66257,0.0614035,-0.335751,-1.66577,-0.00149187,0.0010118,0.0115957,1.49123,0.000200004,-5.05822e-09,-6.76063e-07,-5.05822e-09,0.000200006,8.09963e-07,-6.76063e-07,8.09963e-07,0.000199996
0.0642241,-0.331887,-1.66342,0.0614086,-0.335755,-1.66576,-0.0037455,-0.00151873,0.00957064,1.49123,0.000200004,-5.11316e-09,-6.78764e-07,-5.11316e-09,0.000200006,8.14505e-07,-6.78764e-07,8.14505e-07,0.000199996
0.0654457,-0.331185,-1.66399,0.0614126,-0.335766,-1.66577,-0.00252395,-0.000817136,0.00899532,1.49532,0.000200004,-5.05492e-09,-6.71061e-07,-5.05492e-09,0.000200006,8.06477e-07,-6.71061e-07,8.06477e-07,0.000199996
0.0665395,-0.330526,-1.66435,0.0614137,-0.335755,-1.66576,-0.00143015,-0.000158173,0.00864077,1.49123,0.000200004,-5.16983e-09,-6.81362e-07,-5.16983e-09,0.000200006,8.1997e-07,-6.81362e-07,8.1997e-07,0.000199996
0.067468,-0.329918,-1.66484,0.061429,-0.335752,-1.66576,-0.000501561,0.000450131,0.00815118,1.49123,0.000200004,-5.36878e-09,-7.00684e-07,-5.36878e-09,0.000200006,8.36811e-07,-7.00684e-07,8.36811e-07,0.000199996
0.0681863,-0.329451,-1.66492,0.061418,-0.33575,-1.66574,0.000216667,0.000917065,0.00807297,1.48715,0.000200005,-5.49159e-09,-7.09949e-07,-5.49159e-09,0.000200007,8.43909e-07,-7.09949e-07,8.43909e-07,0.000199996
0.0705207,-0.327247,-1.6644,0.0702272,-0.326613,-1.66286,0.00255109,0.00312041,0.00858791,1.56758,0.000200005,-5.5834e-09,-7.15854e-07,-5.5834e-09,0.000200007,8.48472e-07,-7.15854e-07,8.48472e-07,0.000199996
0.0724224,-0.325472,-1.66387,0.0702843,-0.326649,-1.66277,-0.00433036,-0.00392285,0.00883155,1.56896,0.000200005,-5.68564e-09,-7.22902e-07,-5.68564e-09,0.000200007,8.54928e-07,-7.22902e-07,8.54928e-07,0.000199996
0.0739683,-0.324034,-1.66334,0.0702937,-0.326655,-1.66276,-0.00278441,-0.00248425,0.00936399,1.5696,0.000200005,-5.79745e-09,-7.30694e-07,-5.79745e-09,0.000200007,8.62588e-07,-7.30694e-07,8.62588e-07,0.000199996
0.0753422,-0.322766,-1.66312,0.0702885,-0.326651,-1.66277,-0.00141049,-0.00121637,0.00958029,1.56896,0.000200005,-6.09679e-09,-7.54214e-07,-6.09679e-09,0.000200007,8.89634e-07,-7.54214e-07,8.89634e-07,0.000199996
0.0764617,-0.321774,-1.66284,0.0702947,-0.326649,-1.66277,-0.000291032,-0.000224659,0.00985813,1.5696,0.000200005,-6.32706e-09,-7.65681e-07,-6.32706e-09,0.000200008,9.09919e-07,-7.65681e-07,9.09919e-07,0.000199995
0.0796041,-0.318253,-1.66134,0.0818845,-0.312734,-1.66001,0.00285135,0.00329606,0.0113609,1.20317,0.000200005,-6.39091e-09,-7.64182e-07,-6.39091e-09,0.000200008,9.11471e-07,-7.64182e-07,9.11471e-07,0.000199995
0.0820459,-0.315494,-1.66024,0.0818782,-0.312742,-1.65999,0.00529315,0.00605505,0.0124627,1.19891,0.000200005,-6.32212e-09,-7.54418e-07,-6.32212e-09,0.000200008,9.01006e-07,-7.54418e-07,9.01006e-07,0.000199995
0.0840164,-0.31335,-1.65946,0.0818916,-0.312734,-1.65998,-0.00342542,-0.00317295,0.0100524,1.20289,0.000200005,-6.21317e-09,-7.38007e-07,-6.21317e-09,0.000200008,8.96538e-07,-7.38007e-07,8.96538e-07,0.000199995
0.0855282,-0.311689,-1.65894,0.081919,-0.312726,-1.65997,-0.00429381,-0.00395228,0.0107336,1.19891,0.000200005,-6.01972e-09,-7.18438e-07,-6.01972e-09,0.000200007,8.82446e-07,-7.18438e-07,8.82446e-07,0.000199995
0.0867757,-0.310725,-1.65738,0.0819482,-0.312713,-1.65996,-0.00304636,-0.0029879,0.01229,1.19492,0.000200004,-5.55826e-09,-6.47996e-07,-5.55826e-09,0.000200007,8.78156e-07,-6.47996e-07,8.78156e-07,0.000199996
0.0879801,-0.31053,-1.65489,0.0819513,-0.312731,-1.65994,-0.00184199,-0.0027929,0.0147815,1.20289,0.000200003,-4.7899e-09,-5.12326e-07,-4.7899e-09,0.000200008,9.08203e-07,-5.12326e-07,9.08203e-07,0.000199996
0.0915939,-0.308973,-1.65078,0.0953301,-0.304499,-1.65249,0.00177189,-0.0012357,0.0188874,1.13302,0.000200002,-3.91639e-09,-3.85919e-07,-3.91639e-09,0.000200008,9.23867e-07,-3.85919e-07,9.23867e-07,0.000199996
0.0946232,-0.307968,-1.64675,0.0953743,-0.3045,-1.65237,0.00480116,-0.000231134,0.0229216,1.13553,0.000200001,-3.0421e-09,-2.67629e-07,-3.0421e-09,0.000200008,9.54566e-07,-2.67629e-07,9.54566e-07,0.000199996
0.0972314,-0.30728,-1.64362,0.0953864,-0.304498,-1.65236,0.00740936,0.000457255,0.0260478,1.13553,0.000200001,-2.27666e-09,-1.74207e-07,-2.27666e-09,0.000200009,1.00348e-06,-1.74207e-07,1.00348e-06,0.000199996
0.0994444,-0.306777,-1.64112,0.0953995,-0.304501,-1.65233,-0.00130165,-0.00806025,0.0197647,1.13169,0.000200001,-1.64154e-09,-1.07475e-07,-1.64154e-09,0.00020001,1.05469e-06,-1.07475e-07,1.05469e-06,0.000199996
0.101308,-0.306337,-1.63931,0.0954287,-0.304505,-1.6523,-0.00599561,-0.00927045,0.00943814,1.13169,0.0002,-1.20542e-09,-7.15987e-08,-1.20542e-09,0.000200011,1.1015e-06,-7.15987e-08,1.1015e-06,0.000199996
0.106257,-0.305442,-1.63287,0.112203,-0.30183,-1.62368,-0.00104669,-0.00837555,0.0158813,0.944633,0.0002,-8.54642e-10,-4.45302e-08,-8.54642e-10,0.000200012,1.14821e-06,-4.45302e-08,1.14821e-06,0.000199996
0.110261,-0.304804,-1.62874,0.112241,-0.301845,-1.62364,0.00295769,-0.00773793,0.0200082,0.937509,0.0002,-5.03774e-10,-1.54969e-08,-5.03774e-10,0.000200012,1.1841e-06,-1.54969e-08,1.1841e-06,0.000199996
0.113469,-0.304246,-1.62625,0.112246,-0.301857,-1.62354,0.00616501,-0.00717962,0.0225023,0.94124,0.0002,-3.04115e-10,-5.10092e-09,-3.04115e-10,0.000200013,1.20748e-06,-5.10092e-09,1.20748e-06,0.000199995
0.116019,-0.303688,-1.62455,0.112245,-0.301862,-1.62348,0.00871551,-0.00662209,0.0241978,0.94124,0.0002,-3.07588e-10,-1.657e-08,-3.07588e-10,0.000200013,1.21998e-06,-1.657e-08,1.21998e-06,0.000199995
0.117972,-0.30304,-1.62288,0.112288,-0.301847,-1.62343,0.0106684,-0.00597391,0.0258744,0.933545,0.0002,-5.80287e-10,-5.63138e-08,-5.80287e-10,0.000200013,1.21254e-06,-5.63138e-08,1.21254e-06,0.000199995
0.119421,-0.302345,-1.62111,0.112313,-0.301856,-1.62339,-0.00332639,-0.00580888,0.00724562,0.933545,0.0002,-1.01801e-09,-1.10905e-07,-1.01801e-09,0.000200013,1.18864e-06,-1.10905e-07,1.18864e-06,0.000199995
0.123788,-0.301621,-1.61586,0.128168,-0.30093,-1.6031,-0.00739951,-0.00557464,0.000674958,0.699642,0.0002,-1.30842e-09,-1.39336e-07,-1.30842e-09,0.000200013,1.1797e-06,-1.39336e-07,1.1797e-06,0.000199995
0.12728,-0.301065,-1.61203,0.128179,-0.300875,-1.60296,-0.00390752,-0.00501899,0.00449535,0.675454,0.0002,-1.48736e-09,-1.52717e-07,-1.48736e-09,0.000200013,1.17336e-06,-1.52717e-07,1.17336e-06,0.000199995
0.130098,-0.300643,-1.6099,0.128208,-0.30091,-1.60291,-0.001089,-0.00459664,0.00663045,0.69016,0.0002,-1.6007e-09,-1.58852e-07,-1.6007e-09,0.000200013,1.17239e-06,-1.58852e-07,1.17239e-06,0.000199995
0.132372,-0.300344,-1.60818,0.128313,-0.300907,-1.60284,0.00118481,-0.00429745,0.00835229,0.69016,0.0002,-1.63445e-09,-1.56877e-07,-1.63445e-09,0.000200013,1.17137e-06,-1.56877e-07,1.17137e-06,0.000199995
0.134165,-0.300101,-1.60761,0.1284,-0.300913,-1.60274,0.00297816,-0.00405405,0.00892159,0.69016,0.0002,-1.65079e-09,-1.56161e-07,-1.65079e-09,0.000200013,1.16389e-06,-1.56161e-07,1.16389e-06,0.000199995
0.135602,-0.299992,-1.60714,0.128426,-0.300925,-1.6027,0.00441489,-0.00394591,0.00938545,0.697513,0.0002,-1.55708e-09,-1.42335e-07,-1.55708e-09,0.000200013,1.15855e-06,-1.42335e-07,1.15855e-06,0.000199995
0.139519,-0.300167,-1.60585,0.142174,-0.301932,-1.59859,6.61278e-07,-0.00287248,0.00753016,0.770737,0.0002,-1.40676e-09,-1.23403e-07,-1.40676e-09,0.000200013,1.15814e-06,-1.23403e-07,1.15814e-06,0.000199995
0.142686,-0.300198,-1.60491,0.142213,-0.301929,-1.59857,0.00316728,-0.00290362,0.00846694,0.770816,0.0002,-1.42396e-09,-1.28657e-07,-1.42396e-09,0.000200013,1.16184e-06,-1.28657e-07,1.16184e-06,0.000199995
0.145253,-0.299986,-1.60301,0.142235,-0.301912,-1.59848,0.00573396,-0.00269218,0.010373,0.767139,0.0002,-1.73931e-09,-1.70313e-07,-1.73931e-09,0.000200013,1.16874e-06,-1.70313e-07,1.16874e-06,0.000199995
0.147299,-0.299791,-1.60075,0.142306,-0.301899,-1.59844,0.00778024,-0.0024966,0.0126303,0.770816,0.0002,-2.02419e-09,-2.01674e-07,-2.02419e-09,0.000200013,1.16961e-06,-2.01674e-07,1.16961e-06,0.000199995
0.149056,-0.299973,-1.59914,0.142321,-0.301889,-1.59838,0.00953686,-0.00267844,0.0142409,0.770816,0.0002,-1.84806e-09,-1.67574e-07,-1.84806e-09,0.000200013,1.18884e-06,-1.67574e-07,1.18884e-06,0.000199995
0.152983,-0.300623,-1.5971,0.155173,-0.303597,-1.59567,0.0134647,-0.00332892,0.0162758,0.786138,0.0002,-1.48157e-09,-1.19538e-07,-1.48157e-09,0.000200013,1.19355e-06,-1.19538e-07,1.19355e-06,0.000199995
0.156074,-0.301116,-1.59599,0.155229,-0.303593,-1.59564,0.016555,-0.00382162,0.0173929,0.790106,0.0002,-1.21618e-09,-9.30566e-08,-1.21618e-09,0.000200013,1.18642e-06,-9.30566e-08,1.18642e-06,0.000199995
0.158591,-0.301509,-1.5953,0.155242,-0.303593,-1.59565,0.00144359,-0.00193964,0.0169781,0.793769,0.0002,-1.02029e-09,-7.6305e-08,-1.02029e-09,0.000200013,1.18865e-06,-7.6305e-08,1.18865e-06,0.000199995
0.160709,-0.30172,-1.59485,0.155217,-0.303601,-1.5956,0.00356131,-0.00215093,0.017434,0.789801,0.0002,-1.01593e-09,-8.24283e-08,-1.01593e-09,0.000200013,1.20748e-06,-8.24283e-08,1.20748e-06,0.000199995
0.162346,-0.301777,-1.59458,0.15524,-0.303581,-1.59559,0.00519889,-0.00220736,0.0176967,0.786443,0.0002,-1.15532e-09,-1.03745e-07,-1.15532e-09,0.000200014,1.20972e-06,-1.03745e-07,1.20972e-06,0.000199995
0.16602,-0.302271,-1.59313,0.167826,-0.305137,-1.58986,0.00887316,-0.00270198,0.019154,0.508246,0.0002,-1.07218e-09,-9.42936e-08,-1.07218e-09,0.000200013,1.18676e-06,-9.42936e-08,1.18676e-06,0.000199995
0.16885,-0.302766,-1.59196,0.168035,-0.305128,-1.58936,0.011703,-0.0031961,0.0203177,0.504706,0.0002,-8.72724e-10,-7.22999e-08,-8.72724e-10,0.000200013,1.14784e-06,-7.22999e-08,1.14784e-06,0.000199995
0.171212,-0.303282,-1.59144,0.168112,-0.305098,-1.58931,0.0140648,-0.00371264,0.0208448,0.499596,0.0002,-5.74595e-10,-3.77718e-08,-5.74595e-10,0.000200012,1.13611e-06,-3.77718e-08,1.13611e-06,0.000199995
0.173059,-0.303742,-1.59142,0.168115,-0.305131,-1.5893,0.00513763,-0.00355627,0.0161653,0.512282,0.0002,-2.96788e-10,-9.01674e-09,-2.96788e-10,0.000200012,1.12165e-06,-9.01674e-09,1.12165e-06,0.000199995
0.174519,-0.30405,-1.59151,0.168131,-0.305148,-1.58925,0.00659819,-0.00386349,0.0160814,0.51607,0.0002,-1.63744e-10,-8.46802e-10,-1.63744e-10,0.000200012,1.10921e-06,-8.46802e-10,1.10921e-06,0.000199996
0.175924,-0.304222,-1.59168,0.168137,-0.305077,-1.58926,-0.000645412,-0.00299964,0.00958832,0.500589,0.0002,-1.38696e-10,-4.93781e-09,-1.38696e-10,0.000200012,1.13889e-06,-4.93781e-09,1.13889e-06,0.000199996
0.179471,-0.304602,-1.59311,0.180242,-0.306665,-1.59676,0.0029014,-0.00337946,0.00815625,0.440073,0.0002,-2.31927e-10,-2.12029e-08,-2.31927e-10,0.000200012,1.15818e-06,-2.12029e-08,1.15818e-06,0.000199995
0.182292,-0.304888,-1.59374,0.180265,-0.30667,-1.59673,0.00572278,-0.00366533,0.00753415,0.425532,0.0002,-3.36062e-10,-3.47533e-08,-3.36062e-10,0.000200013,1.16721e-06,-3.47533e-08,1.16721e-06,0.000199995
0.184599,-0.3052,-1.59381,0.180309,-0.306652,-1.59668,0.00802943,-0.00397797,0.00746148,0.43285,0.0002,-3.14544e-10,-2.96195e-08,-3.14544e-10,0.000200013,1.17949e-06,-2.96195e-08,1.17949e-06,0.000199995
0.186462,-0.305648,-1.59417,0.180315,-0.306683,-1.59665,0.00989274,-0.00442583,0.00709958,0.436643,0.0002,-5.38611e-11,4.56454e-09,-5.38611e-11,0.000200013,1.19006e-06,4.56454e-09,1.19006e-06,0.000199995
0.18795,-0.306176,-1.59487,0.180321,-0.306682,-1.59663,-0.00220452,-0.00224293,0.00878892,0.436643,0.0002,3.7239e-10,5.40435e-08,3.7239e-10,0.000200013,1.19616e-06,5.40435e-08,1.19616e-06,0.000199995
0.189144,-0.306429,-1.59564,0.18032,-0.306679,-1.59663,-0.00101081,-0.00249559,0.00802196,0.436643,0.0002,4.95645e-10,5.89084e-08,4.95645e-10,0.000200013,1.20068e-06,5.89084e-08,1.20068e-06,0.000199995
0.193321,-0.307226,-1.59429,0.195671,-0.310234,-1.58524,0.00316651,-0.00329277,0.00937209,0.690555,0.0002,4.62549e-10,4.61271e-08,4.62549e-10,0.000200014,1.2278e-06,4.61271e-08,1.2278e-06,0.000199995
0.19672,-0.307742,-1.59278,0.195731,-0.310264,-1.58518,0.00656544,-0.00380816,0.0108791,0.697828,0.0002,2.53193e-10,1.68377e-08,2.53193e-10,0.000200014,1.25247e-06,1.68377e-08,1.25247e-06,0.000199995
0.199387,-0.308171,-1.59105,0.195795,-0.310257,-1.58514,0.00923296,-0.00423706,0.0126119,0.701464,0.0002,9.67719e-11,2.68215e-10,9.67719e-11,0.000200015,1.25794e-06,2.68215e-10,1.25794e-06,0.000199995
0.201312,-0.308661,-1.58952,0.195931,-0.310285,-1.58494,0.0111571,-0.00472731,0.0141416,0.705101,0.0002,1.56316e-10,1.18887e-08,1.56316e-10,0.000200014,1.22352e-06,1.18887e-08,1.22352e-06,0.000199995
0.202892,-0.309137,-1.5885,0.195931,-0.310287,-1.58494,0.0127375,-0.0052033,0.0151593,0.705101,0.0002,3.11406e-10,3.25312e-08,3.11406e-10,0.000200014,1.20806e-06,3.25312e-08,1.20806e-06,0.000199995
0.206956,-0.309764,-1.58795,0.209395,-0.311422,-1.58367,0.00283575,-0.00418663,0.0109199,0.423812,0.0002,4.66662e-10,4.92975e-08,4.66662e-10,0.000200014,1.21513e-06,4.92975e-08,1.21513e-06,0.000199995
0.21032,-0.310099,-1.58788,0.209523,-0.311441,-1.58343,0.00301215,-0.00361487,0.0108633,0.432705,0.0002,3.7448e-10,3.3039e-08,3.7448e-10,0.000200014,1.23376e-06,3.3039e-08,1.23376e-06,0.000199995
0.213,-0.310301,-1.5877,0.209568,-0.311435,-1.58335,0.0056924,-0.00381743,0.0110416,0.443775,0.0002,2.09288e-10,1.22718e-08,2.09288e-10,0.000200014,1.24246e-06,1.22718e-08,1.24246e-06,0.000199995
0.215019,-0.310378,-1.58693,0.209574,-0.311441,-1.58332,0.00771148,-0.0038941,0.0118113,0.447465,0.0002,-3.90236e-11,-1.54102e-08,-3.90236e-11,0.000200014,1.22784e-06,-1.54102e-08,1.22784e-06,0.000199995
0.216778,-0.310606,-1.5861,0.209667,-0.311417,-1.58328,0.0094701,-0.00412187,0.0126426,0.454845,0.0002,-1.337e-11,-6.02206e-09,-1.337e-11,0.000200014,1.23843e-06,-6.02206e-09,1.23843e-06,0.000199995
0.218154,-0.310912,-1.58542,0.209734,-0.311409,-1.58324,0.0108459,-0.00442815,0.0133166,0.451155,0.0002,1.77199e-10,1.99241e-08,1.77199e-10,0.000200014,1.2381e-06,1.99241e-08,1.2381e-06,0.000199995
0.22241,-0.311225,-1.5846,0.225297,-0.311774,-1.57976,0.015102,-0.00474065,0.014138,0.510854,0.0002,3.33129e-10,3.6562e-08,3.33129e-10,0.000200014,1.2447e-06,3.6562e-08,1.2447e-06,0.000199995
0.225848,-0.311321,-1.58465,0.225345,-0.311763,-1.57964,0.00291316,-0.00420028,0.0192144,0.521204,0.0002,2.60595e-10,2.34794e-08,2.60595e-10,0.000200015,1.25268e-06,2.34794e-08,1.25268e-06,0.000199995
0.228662,-0.311358,-1.58445,0.225449,-0.31177,-1.57953,-0.00210833,-0.00389202,0.0191088,0.524801,0.0002,1.41581e-10,8.30402e-09,1.41581e-10,0.000200015,1.2647e-06,8.30402e-09,1.2647e-06,0.000199995
0.231024,-0.311243,-1.58377,0.225461,-0.311781,-1.57947,0.000253484,-0.00377658,0.019794,0.524801,0.0002,-1.5781e-10,-2.53792e-08,-1.5781e-10,0.000200015,1.28973e-06,-2.53792e-08,1.28973e-06,0.000199994
0.232895,-0.311214,-1.58208,0.225481,-0.311775,-1.57945,0.00212488,-0.00374728,0.0214848,0.521204,0.0002,-3.19114e-10,-3.77804e-08,-3.19114e-10,0.000200016,1.30216e-06,-3.77804e-08,1.30216e-06,0.000199994
0.234288,-0.311295,-1.58041,0.225501,-0.311783,-1.57945,0.00351825,-0.0038283,0.0231475,0.521204,0.0002,-3.00163e-10,-2.98604e-08,-3.00163e-10,0.000200016,1.29289e-06,-2.98604e-08,1.29289e-06,0.000199994
0.23902,-0.311524,-1.57854,0.243489,-0.311685,-1.57622,0.00824984,-0.00405806,0.0250202,0.454139,0.0002,-2.48689e-11,5.16051e-09,-2.48689e-11,0.000200016,1.29009e-06,5.16051e-09,1.29009e-06,0.000199994
0.242715,-0.311731,-1.57709,0.243568,-0.311715,-1.57597,-0.00463704,-0.00398734,0.023886,0.450489,0.0002,2.13563e-10,3.00583e-08,2.13563e-10,0.000200015,1.27131e-06,3.00583e-08,1.27131e-06,0.000199994
0.245752,-0.311787,-1.5764,0.243648,-0.311712,-1.57571,-0.00160036,-0.00404302,0.0245772,0.461438,0.0002,2.53357e-10,2.86796e-08,2.53357e-10,0.000200015,1.26961e-06,2.86796e-08,1.26961e-06,0.000199994
0.248211,-0.311597,-1.57553,0.243685,-0.311715,-1.57564,0.000858974,-0.00385347,0.0254546,0.461438,0.0002,-3.88156e-11,-1.01146e-08,-3.88156e-11,0.000200015,1.27212e-06,-1.01146e-08,1.27212e-06,0.000199994
0.250115,-0.311507,-1.57533,0.243688,-0.311715,-1.5756,0.00276282,-0.00376306,0.0256463,0.465088,0.0002,-1.90002e-10,-2.48844e-08,-1.90002e-10,0.000200015,1.26346e-06,-2.48844e-08,1.26346e-06,0.000199994
0.254172,-0.312279,-1.57559,0.256466,-0.315381,-1.57917,0.00681969,-0.004535,0.0253923,0.489466,0.0002,-1.65837e-10,-1.75945e-08,-1.65837e-10,0.000200015,1.25444e-06,-1.75945e-08,1.25444e-06,0.000199994
0.257369,-0.313008,-1.57607,0.256549,-0.315409,-1.57902,0.0100175,-0.00526382,0.0249102,0.486692,0.0002,-3.37908e-13,4.32717e-09,-3.37908e-13,0.000200015,1.23838e-06,4.32717e-09,1.23838e-06,0.000199995
0.26003,-0.313574,-1.57675,0.256743,-0.315429,-1.57896,0.0126783,-0.00583008,0.0242255,0.505279,0.0002,1.07689e-10,1.53879e-08,1.07689e-10,0.000200014,1.23832e-06,1.53879e-08,1.23832e-06,0.000199995
0.262238,-0.313925,-1.57759,0.256819,-0.315448,-1.57885,0.002564,-0.00571524,0.0176496,0.505279,0.0002,5.7067e-11,5.99503e-09,5.7067e-11,0.000200015,1.24858e-06,5.99503e-09,1.24858e-06,0.000199995
0.264013,-0.314207,-1.57845,0.256859,-0.315449,-1.57879,-0.00603556,-0.00462886,0.015837,0.501562,0.0002,1.65469e-11,4.82885e-10,1.65469e-11,0.000200015,1.25516e-06,4.82885e-10,1.25516e-06,0.000199995
0.265392,-0.314348,-1.57976,0.256864,-0.315451,-1.57879,-0.00465675,-0.00477007,0.0145267,0.501562,0.0002,-1.22661e-10,-1.59726e-08,-1.22661e-10,0.000200015,1.25269e-06,-1.59726e-08,1.25269e-06,0.000199995
0.270006,-0.314534,-1.57944,0.274317,-0.315581,-1.56521,-4.25017e-05,-0.00495589,0.0148489,0.50671,0.0002,-1.37208e-10,-1.49085e-08,-1.37208e-10,0.000200015,1.25443e-06,-1.49085e-08,1.25443e-06,0.000199995
0.273853,-0.31481,-1.5798,0.274458,-0.31558,-1.56517,0.00380402,-0.00523117,0.0144938,0.50295,0.0002,2.77467e-11,6.6545e-09,2.77467e-11,0.000200015,1.27571e-06,6.6545e-09,1.27571e-06,0.000199994
0.276944,-0.315157,-1.58091,0.27453,-0.315584,-1.56519,0.00689518,-0.00557872,0.0133764,0.506987,0.0002,3.41911e-10,4.15296e-08,3.41911e-10,0.000200015,1.28902e-06,4.15296e-08,1.28902e-06,0.000199994
0.279466,-0.315436,-1.58201,0.274563,-0.315582,-1.56516,0.00941752,-0.00585807,0.0122835,0.499468,0.0002,6.00511e-10,6.46047e-08,6.00511e-10,0.000200016,1.30429e-06,6.46047e-08,1.30429e-06,0.000199994
0.281347,-0.315342,-1.58216,0.274611,-0.315581,-1.56519,-0.000413165,-0.00414615,0.0170458,0.506987,0.0002,3.52316e-10,2.80476e-08,3.52316e-10,0.000200016,1.29103e-06,2.80476e-08,1.29103e-06,0.000199994
0.286263,-0.315447,-1.58599,0.291346,-0.316657,-1.58628,-0.00295518,-0.00358319,0.0175989,0.555056,0.0002,6.1867e-11,-5.62621e-09,6.1867e-11,0.000200016,1.2929e-06,-5.62621e-09,1.2929e-06,0.000199994
0.290187,-0.315535,-1.58956,0.291407,-0.316544,-1.58624,0.000968561,-0.00367101,0.0140281,0.543362,0.0002,-1.21394e-10,-2.17532e-08,-1.21394e-10,0.000200016,1.29073e-06,-2.17532e-08,1.29073e-06,0.000199994
0.293432,-0.315699,-1.59334,0.291407,-0.316661,-1.58618,0.00421301,-0.00383443,0.0102518,0.558746,0.0002,-1.52938e-10,-1.92596e-08,-1.52938e-10,0.000200016,1.30618e-06,-1.92596e-08,1.30618e-06,0.000199994
0.296043,-0.315942,-1.59646,0.291392,-0.316657,-1.58619,0.00682491,-0.0040772,0.00712595,0.558746,0.0002,-5.97499e-12,1.31713e-09,-5.97499e-12,0.000200016,1.31901e-06,1.31713e-09,1.31901e-06,0.000199994
0.297943,-0.316073,-1.59866,0.29139,-0.316657,-1.5862,0.00872403,-0.0042089,0.00493334,0.558746,0.0002,3.02375e-11,4.65519e-09,3.02375e-11,0.000200016,1.29689e-06,4.65519e-09,1.29689e-06,0.000199994
0.299551,-0.316248,-1.6,0.291419,-0.316547,-1.58621,0.0103321,-0.00438378,0.0035928,0.543362,0.0002,1.8373e-10,2.16e-08,1.8373e-10,0.000200016,1.29588e-06,2.16e-08,1.29588e-06,0.000199994
0.303543,-0.316984,-1.60478,0.304859,-0.318864,-1.60424,-0.000737866,-0.00275258,0.0187075,0.283518,0.0002,4.5609e-10,5.02518e-08,4.5609e-10,0.000200016,1.29803e-06,5.02518e-08,1.29803e-06,0.000199994
0.306849,-0.317536,-1.60922,0.305204,-0.318854,-1.60421,-0.00387956,-0.000439295,0.0238554,0.286868,0.0002,6.37502e-10,6.46636e-08,6.37502e-10,0.000200016,1.30626e-06,6.46636e-08,1.30626e-06,0.000199994
0.309567,-0.317903,-1.61174,0.305345,-0.318851,-1.60418,-0.00116146,-0.000805991,0.0213439,0.286868,0.0002,6.74956e-10,6.20748e-08,6.74956e-10,0.000200016,1.31881e-06,6.20748e-08,1.31881e-06,0.000199994
0.311624,-0.318052,-1.61194,0.305472,-0.318873,-1.60394,0.000895149,-0.000955818,0.0211423,0.286868,0.0002,4.75871e-10,3.57405e-08,4.75871e-10,0.000200016,1.30406e-06,3.57405e-08,1.30406e-06,0.000199994
0.313285,-0.318151,-1.61075,0.305657,-0.318866,-1.6039,-0.00444197,-0.000214207,0.0374439,0.292634,0.0002,2.79679e-10,1.46636e-08,2.79679e-10,0.000200016,1.29136e-06,1.46636e-08,1.29136e-06,0.000199994
0.316953,-0.319206,-1.61391,0.317238,-0.32371,-1.626,-0.000774393,-0.00126899,0.0342832,0.459838,0.0002,9.46578e-11,-2.81115e-09,9.46578e-11,0.000200016,1.28675e-06,-2.81115e-09,1.28675e-06,0.000199994
0.320129,-0.320177,-1.61683,0.317838,-0.323658,-1.62592,-0.00124384,-0.00118651,0.0359883,0.467659,0.0002,1.49067e-10,8.99161e-09,1.49067e-10,0.000200016,1.30336e-06,8.99161e-09,1.30336e-06,0.000199994
0.32274,-0.321114,-1.61885,0.318118,-0.323683,-1.62588,0.00136698,-0.00212334,0.0339672,0.470859,0.0002,4.18262e-10,4.17173e-08,4.18262e-10,0.000200016,1.31625e-06,4.17173e-08,1.31625e-06,0.000199994
0.324727,-0.321914,-1.62046,0.318259,-0.323741,-1.62583,0.0033537,-0.00292407,0.032362,0.477444,0.0002,6.86158e-10,6.94482e-08,6.86158e-10,0.000200016,1.3037e-06,6.94482e-08,1.3037e-06,0.000199994
0.326206,-0.322379,-1.62154,0.318305,-0.32373,-1.62583,-0.00142721,-0.000850248,0.0287641,0.481093,0.0002,6.48812e-10,5.96107e-08,6.48812e-10,0.000200015,1.27657e-06,5.96107e-08,1.27657e-06,0.000199994
0.327422,-0.322718,-1.62188,0.318356,-0.323654,-1.62581,-0.000211258,-0.00118902,0.0284246,0.466495,0.0002,5.88376e-10,5.02767e-08,5.88376e-10,0.000200015,1.26277e-06,5.02767e-08,1.26277e-06,0.000199994
0.331456,-0.324455,-1.61661,0.333846,-0.331606,-1.59599,-0.0018186,-0.000262316,0.0380439,0.711892,0.0002,4.25152e-10,3.0743e-08,4.25152e-10,0.000200015,1.24782e-06,3.0743e-08,1.24782e-06,0.000199994
0.334802,-0.326098,-1.61319,0.334077,-0.331624,-1.59587,0.00152809,-0.00190507,0.0414587,0.716535,0.0002,6.23555e-10,5.78104e-08,6.23555e-10,0.000200015,1.24994e-06,5.78104e-08,1.24994e-06,0.000199994
0.337589,-0.327457,-1.6102,0.334201,-0.331649,-1.59562,0.00431451,-0.00326457,0.0444479,0.719553,0.0002,8.38996e-10,8.0861e-08,8.38996e-10,0.000200015,1.26474e-06,8.0861e-08,1.26474e-06,0.000199994
0.339925,-0.328383,-1.60777,0.334276,-0.331699,-1.59544,-0.000541046,-0.00120513,0.0385269,0.723163,0.0002,7.81255e-10,6.75644e-08,7.81255e-10,0.000200015,1.28903e-06,6.75644e-08,1.28903e-06,0.000199994
0.341704,-0.328886,-1.60528,0.334317,-0.33172,-1.59529,0.00123795,-0.00170848,0.0410185,0.736158,0.0002,3.86594e-10,1.95399e-08,3.86594e-10,0.000200015,1.289e-06,1.95399e-08,1.289e-06,0.000199994
0.345449,-0.329787,-1.60917,0.345598,-0.334338,-1.62624,-0.000359385,-0.000114357,0.0428795,0.507512,0.0002,-2.41031e-11,-2.23875e-08,-2.41031e-11,0.000200016,1.29946e-06,-2.23875e-08,1.29946e-06,0.000199994
0.348268,-0.330336,-1.61183,0.345734,-0.334336,-1.62608,0.00245962,-0.000663141,0.0402166,0.512214,0.0002,-5.58262e-10,-7.61024e-08,-5.58262e-10,0.000200015,1.27329e-06,-7.61024e-08,1.27329e-06,0.000199994
0.350626,-0.330701,-1.61435,0.345798,-0.334358,-1.62592,0.00481759,-0.00102825,0.0377052,0.505679,0.0002,-1.06576e-09,-1.22123e-07,-1.06576e-09,0.000200015,1.27088e-06,-1.22123e-07,1.27088e-06,0.000199994
0.352715,-0.331154,-1.61686,0.345882,-0.334357,-1.62587,-0.000501038,-0.000223312,0.0271983,0.505679,0.0002,-1.2511e-09,-1.24994e-07,-1.2511e-09,0.000200016,1.29913e-06,-1.24994e-07,1.29913e-06,0.000199994
0.354349,-0.331563,-1.61825,0.345915,-0.334363,-1.62586,0.00113254,-0.000632268,0.025809,0.502056,0.0002,-1.30853e-09,-1.19496e-07,-1.30853e-09,0.000200016,1.31018e-06,-1.19496e-07,1.31018e-06,0.000199994
0.355485,-0.331928,-1.6204,0.345922,-0.33438,-1.62588,-0.00109049,-1.19416e-05,0.0273993,0.509302,0.0002,-1.26087e-09,-1.09206e-07,-1.26087e-09,0.000200016,1.28983e-06,-1.09206e-07,1.28983e-06,0.000199994
0.359059,-0.332663,-1.6208,0.359564,-0.336726,-1.62082,0.00248392,-0.000746404,0.0269986,0.445371,0.0002,-1.23527e-09,-1.05735e-07,-1.23527e-09,0.000200015,1.26684e-06,-1.05735e-07,1.26684e-06,0.000199994
0.361995,-0.333149,-1.62101,0.359598,-0.336728,-1.62077,0.00541932,-0.00123221,0.026793,0.448918,0.0002,-1.35569e-09,-1.19876e-07,-1.35569e-09,0.000200015,1.26319e-06,-1.19876e-07,1.26319e-06,0.000199994
0.364518,-0.333541,-1.62095,0.359626,-0.336703,-1.62072,0.00218765,-0.00126386,0.028516,0.452327,0.0002,-1.46154e-09,-1.27584e-07,-1.46154e-09,0.000200015,1.28804e-06,-1.27584e-07,1.28804e-06,0.000199994
0.366602,-0.333913,-1.62123,0.359645,-0.336657,-1.62076,0.00427119,-0.00163513,0.0282411,0.461496,0.0002,-1.4582e-09,-1.21643e-07,-1.4582e-09,0.000200016,1.31364e-06,-1.21643e-07,1.31364e-06,0.000199994
0.368211,-0.334203,-1.62091,0.35967,-0.336742,-1.62066,-0.00253602,-0.00191328,0.0283296,0.459856,0.0002,-1.47817e-09,-1.21934e-07,-1.47817e-09,0.000200016,1.31999e-06,-1.21934e-07,1.31999e-06,0.000199994
0.372766,-0.334612,-1.62122,0.375849,-0.336549,-1.62138,0.00201885,-0.0023216,0.0280249,0.432804,0.0002,-1.19589e-09,-8.76924e-08,-1.19589e-09,0.000200016,1.32914e-06,-8.76924e-08,1.32914e-06,0.000199994
0.376364,-0.335165,-1.62155,0.375994,-0.336528,-1.62135,0.00561619,-0.00287477,0.0276854,0.431828,0.0002,-6.4154e-10,-2.86989e-08,-6.4154e-10,0.000200016,1.3229e-06,-2.86989e-08,1.3229e-06,0.000199994
0.379259,-0.335523,-1.62182,0.376058,-0.33653,-1.62131,0.000390862,-0.00397228,0.0285126,0.431828,0.0002,-3.27009e-10,-4.37858e-09,-3.27009e-10,0.000200016,1.3196e-06,-4.37858e-09,1.3196e-06,0.000199994
0.381628,-0.335768,-1.62161,0.376103,-0.336517,-1.62128,0.00276045,-0.0042172,0.0287216,0.433612,0.0002,-1.50682e-10,4.61421e-09,-1.50682e-10,0.000200016,1.32463e-06,4.61421e-09,1.32463e-06,0.000199994
0.383426,-0.33594,-1.62174,0.376138,-0.336534,-1.62124,0.0045581,-0.00438895,0.0285876,0.442467,0.0002,-6.27542e-11,6.18795e-09,-6.27542e-11,0.000200016,1.31103e-06,6.18795e-09,1.31103e-06,0.000199994
0.384927,-0.336183,-1.62258,0.376163,-0.336522,-1.62125,-0.00200912,-0.00392604,0.0241532,0.44425,0.0002,1.50811e-10,2.52017e-08,1.50811e-10,0.000200016,1.31163e-06,2.52017e-08,1.31163e-06,0.000199994
0.39043,-0.336406,-1.62346,0.397569,-0.336564,-1.61871,0.00349343,-0.00414855,0.0232707,1.10651,0.0002,3.51304e-10,4.17742e-08,3.51304e-10,0.000200016,1.31519e-06,4.17742e-08,1.31519e-06,0.000199994
0.394823,-0.336763,-1.62479,0.397567,-0.33661,-1.61874,-0.0004608,-0.00423344,0.0233776,1.1192,0.0002,7.42957e-10,8.03536e-08,7.42957e-10,0.000200016,1.31592e-06,8.03536e-08,1.31592e-06,0.000199994
0.398429,-0.336928,-1.62628,0.397571,-0.336611,-1.61877,0.00314592,-0.00439834,0.0218915,1.11892,0.0002,8.91116e-10,8.63161e-08,8.91116e-10,0.000200016,1.33104e-06,8.63161e-08,1.33104e-06,0.000199994
0.401278,-0.336857,-1.62788,0.397552,-0.336447,-1.61876,0.00599403,-0.00432681,0.0202899,1.08818,0.0002,7.59449e-10,6.35294e-08,7.59449e-10,0.000200017,1.33547e-06,6.35294e-08,1.33547e-06,0.000199994
0.403517,-0.336759,-1.62978,0.397556,-0.33646,-1.61875,-0.00044783,-0.00352023,0.0285902,1.08818,0.0002,5.89382e-10,4.28825e-08,5.89382e-10,0.000200017,1.33192e-06,4.28825e-08,1.33192e-06,0.000199994
0.405238,-0.336848,-1.6316,0.397568,-0.336557,-1.61869,0.00127355,-0.00360915,0.026771,1.10993,0.0002,6.60455e-10,5.38812e-08,6.60455e-10,0.000200016,1.31792e-06,5.38812e-08,1.31792e-06,0.000199994
0.409869,-0.337384,-1.63799,0.413855,-0.338508,-1.64128,-0.0021013,-0.0035444,0.0224533,0.695722,0.0002,7.86231e-10,6.87995e-08,7.86231e-10,0.000200016,1.30845e-06,6.87995e-08,1.30845e-06,0.000199994
0.413608,-0.337636,-1.6432,0.413864,-0.338524,-1.64127,0.00163803,-0.00379663,0.0172416,0.697942,0.0002,6.53483e-10,5.10767e-08,6.53483e-10,0.000200016,1.30778e-06,5.10767e-08,1.30778e-06,0.000199994
0.41666,-0.337874,-1.64623,0.413856,-0.338522,-1.64126,0.00469004,-0.0040342,0.0142133,0.701426,0.0002,5.9946e-10,4.56914e-08,5.9946e-10,0.000200016,1.31723e-06,4.56914e-08,1.31723e-06,0.000199994
0.419103,-0.338067,-1.64803,0.413861,-0.338509,-1.64128,0.000482181,-0.00230324,0.0269675,0.695722,0.0002,5.67307e-10,4.33264e-08,5.67307e-10,0.000200016,1.32326e-06,4.33264e-08,1.32326e-06,0.000199994
0.421085,-0.338443,-1.64968,0.41387,-0.338525,-1.64124,0.00246433,-0.00267912,0.0253227,0.697942,0.0002,8.54673e-10,7.72759e-08,8.54673e-10,0.000200016,1.33111e-06,7.72759e-08,1.33111e-06,0.000199994
0.42586,-0.339268,-1.65517,0.429945,-0.340894,-1.66265,-0.000416781,-0.00141655,0.0272674,0.487899,0.0002,1.11714e-09,1.02848e-07,1.11714e-09,0.000200017,1.33239e-06,1.02848e-07,1.33239e-06,0.000199994
0.429619,-0.339635,-1.65894,0.429942,-0.340892,-1.66262,0.00334219,-0.00178278,0.0234983,0.493411,0.0002,9.09063e-10,7.2831e-08,9.09063e-10,0.000200016,1.32354e-06,7.2831e-08,1.32354e-06,0.000199994
0.432622,-0.339716,-1.66081,0.42992,-0.340968,-1.66257,0.00262396,-0.000837892,0.024752,0.489551,0.0002,4.21513e-10,1.71344e-08,4.21513e-10,0.000200016,1.31782e-06,1.71344e-08,1.31782e-06,0.000199994
0.434968,-0.339716,-1.66219,0.429929,-0.340975,-1.66256,0.00497019,-0.000838225,0.0233655,0.489551,0.0002,-4.90678e-11,-2.87914e-08,-4.90678e-11,0.000200016,1.30497e-06,-2.87914e-08,1.30497e-06,0.000199994
0.436911,-0.33993,-1.6635,0.429931,-0.340939,-1.66253,0.00691322,-0.00105259,0.0220554,0.48533,0.0002,-1.02264e-10,-2.22748e-08,-1.02264e-10,0.000200016,1.30721e-06,-2.22748e-08,1.30721e-06,0.000199994
0.438511,-0.340306,-1.66445,0.429933,-0.340963,-1.66254,0.000956144,-0.000206661,0.0268976,0.495431,0.0002,1.47831e-10,1.39066e-08,1.47831e-10,0.000200016,1.31593e-06,1.39066e-08,1.31593e-06,0.000199994
0.442373,-0.341805,-1.66656,0.442878,-0.346493,-1.66824,0.00481749,-0.00170631,0.0247866,0.561243,0.0002,4.7958e-10,5.1192e-08,4.7958e-10,0.000200016,1.32019e-06,5.1192e-08,1.32019e-06,0.000199994
0.445433,-0.342878,-1.66825,0.442887,-0.346494,-1.66822,0.00126533,-0.000681524,0.0266838,0.557954,0.0002,5.67082e-10,5.50784e-08,5.67082e-10,0.000200016,1.31803e-06,5.50784e-08,1.31803e-06,0.000199994
0.447792,-0.34358,-1.66866,0.442897,-0.346488,-1.6682,0.00362387,-0.00138394,0.0262742,0.557954,0.0002,4.078e-10,3.24379e-08,4.078e-10,0.000200016,1.30203e-06,3.24379e-08,1.30203e-06,0.000199994
0.449707,-0.344081,-1.66888,0.442902,-0.346485,-1.66821,0.00553922,-0.00188462,0.0260479,0.561243,0.0002,1.96013e-10,8.24988e-09,1.96013e-10,0.000200016,1.29619e-06,8.24988e-09,1.29619e-06,0.000199994
0.451313,-0.344575,-1.66968,0.442892,-0.346495,-1.66817,0.00141534,-0.000135569,0.0259448,0.561243,0.0002,1.60827e-10,8.12879e-09,1.60827e-10,0.000200016,1.30465e-06,8.12879e-09,1.30465e-06,0.000199994
0.455415,-0.346062,-1.67054,0.456336,-0.351881,-1.66827,0.00551639,-0.00162232,0.0250769,0.607711,0.0002,1.61503e-10,1.05958e-08,1.61503e-10,0.000200016,1.33038e-06,1.05958e-08,1.33038e-06,0.000199994
0.458762,-0.34713,-1.67102,0.456392,-0.351879,-1.66824,0.00204312,-0.000488592,0.0289671,0.610906,0.0002,-5.39356e-12,-7.15356e-09,-5.39356e-12,0.000200017,1.35568e-06,-7.15356e-09,1.35568e-06,0.000199994
0.461378,-0.347812,-1.67098,0.456426,-0.351897,-1.66816,0.00465977,-0.00117012,0.0290148,0.617296,0.0002,-3.92152e-10,-4.69905e-08,-3.92152e-10,0.000200017,1.36106e-06,-4.69905e-08,1.36106e-06,0.000199994
0.463393,-0.348307,-1.67094,0.456438,-0.351901,-1.66817,0.00667499,-0.00166541,0.0290536,0.614101,0.0002,-7.6173e-10,-8.06514e-08,-7.6173e-10,0.000200017,1.35164e-06,-8.06514e-08,1.35164e-06,0.000199994
0.464829,-0.3483,-1.66987,0.456423,-0.35189,-1.66816,0.00306159,0.00117551,0.0364632,0.614101,0.0002,-1.58439e-09,-1.67171e-07,-1.58439e-09,0.000200016,1.31777e-06,-1.67171e-07,1.31777e-06,0.000199994
0.465848,-0.347895,-1.66963,0.456436,-0.351894,-1.66816,0.00408033,0.00158038,0.036699,0.617296,0.000200001,-2.70498e-09,-2.86329e-07,-2.70498e-09,0.000200016,1.27504e-06,-2.86329e-07,1.27504e-06,0.000199994
0.468532,-0.348569,-1.67025,0.465122,-0.357012,-1.67112,0.00106644,0.00294649,0.0352897,0.615957,0.000200001,-3.6213e-09,-3.67329e-07,-3.6213e-09,0.000200015,1.26868e-06,-3.67329e-07,1.26868e-06,0.000199994
0.470449,-0.348863,-1.67073,0.465131,-0.356971,-1.67105,0.00298318,0.00265227,0.0348093,0.603338,0.000200002,-4.50633e-09,-4.56822e-07,-4.50633e-09,0.000200015,1.22749e-06,-4.56822e-07,1.22749e-06,0.000199994
0.471909,-0.349009,-1.67132,0.465145,-0.356991,-1.67104,0.0044435,0.00250569,0.0342229,0.603338,0.000200002,-5.2155e-09,-5.287e-07,-5.2155e-09,0.000200014,1.18911e-06,-5.287e-07,1.18911e-06,0.000199994
0.472969,-0.349143,-1.6723,0.465141,-0.357023,-1.67102,0.00239623,0.00220134,0.0270212,0.619111,0.000200003,-5.63804e-09,-5.72548e-07,-5.63804e-09,0.000200013,1.14757e-06,-5.72548e-07,1.14757e-06,0.000199994
0.473789,-0.349118,-1.67329,0.465146,-0.357008,-1.67101,0.0032161,0.00222721,0.0260332,0.612802,0.000200003,-6.05746e-09,-6.21142e-07,-6.05746e-09,0.000200012,1.1166e-06,-6.21142e-07,1.1166e-06,0.000199994
0.474423,-0.349071,-1.67398,0.465128,-0.35699,-1.67103,-0.000866971,0.00149973,0.024603,0.606493,0.000200004,-6.36449e-09,-6.55651e-07,-6.36449e-09,0.000200012,1.09397e-06,-6.55651e-07,1.09397e-06,0.000199994
0.47715,-0.348286,-1.67512,0.476392,-0.353439,-1.67706,0.00186049,0.00228536,0.0234618,0.864401,0.000200004,-6.60513e-09,-6.85245e-07,-6.60513e-09,0.000200011,1.0734e-06,-6.85245e-07,1.0734e-06,0.000199994
0.479459,-0.347673,-1.67583,0.476386,-0.353444,-1.67708,0.00416945,0.00289776,0.0227546,0.867576,0.000200004,-6.85067e-09,-7.0172e-07,-6.85067e-09,0.000200011,1.08077e-06,-7.0172e-07,1.08077e-06,0.000199994
0.481267,-0.347135,-1.67681,0.476377,-0.353432,-1.67711,0.000611902,0.000173194,0.0306492,0.85888,0.000200005,-7.05439e-09,-7.1927e-07,-7.05439e-09,0.000200011,1.07977e-06,-7.1927e-07,1.07977e-06,0.000199994
0.482719,-0.346665,-1.6778,0.476379,-0.353446,-1.67709,0.00206387,0.000642638,0.0296578,0.861226,0.000200005,-7.25254e-09,-7.36785e-07,-7.25254e-09,0.000200011,1.08019e-06,-7.36785e-07,1.08019e-06,0.000199994
0.483884,-0.346248,-1.6786,0.476366,-0.353442,-1.67711,-0.00296487,-0.00297982,0.0314021,0.858052,0.000200005,-7.44886e-09,-7.54375e-07,-7.44886e-09,0.000200011,1.08147e-06,-7.54375e-07,1.08147e-06,0.000199994
0.487583,-0.344153,-1.6822,0.490045,-0.344431,-1.69244,0.000733883,-0.000885072,0.0278022,0.815029,0.000200005,-7.58213e-09,-7.6162e-07,-7.58213e-09,0.000200011,1.08548e-06,-7.6162e-07,1.08548e-06,0.000199994
0.490635,-0.342448,-1.68508,0.490047,-0.344422,-1.69245,0.00378625,0.000820285,0.0249208,0.821608,0.000200005,-7.78306e-09,-7.70074e-07,-7.78306e-09,0.000200011,1.10335e-06,-7.70074e-07,1.10335e-06,0.000199994
0.492926,-0.341127,-1.68728,0.490057,-0.344387,-1.69244,-0.00144232,-0.0035747,0.0198328,0.812357,0.000200005,-7.75211e-09,-7.66955e-07,-7.75211e-09,0.000200011,1.09072e-06,-7.66955e-07,1.09072e-06,0.000199994
0.494668,-0.340155,-1.68904,0.490058,-0.344422,-1.69244,0.000298814,-0.00260272,0.0180743,0.818318,0.000200005,-7.55707e-09,-7.52188e-07,-7.55707e-09,0.000200011,1.06812e-06,-7.52188e-07,1.06812e-06,0.000199994
0.496103,-0.339385,-1.69003,0.49005,-0.344422,-1.69244,-0.00457741,-0.00591637,0.0209615,0.821608,0.000200005,-7.42717e-09,-7.41473e-07,-7.42717e-09,0.000200011,1.06075e-06,-7.41473e-07,1.06075e-06,0.000199994
0.500178,-0.33637,-1.69355,0.504341,-0.332953,-1.70609,-0.000502226,-0.00290077,0.0174395,0.600517,0.000200005,-7.50669e-09,-7.53702e-07,-7.50669e-09,0.000200011,1.06548e-06,-7.53702e-07,1.06548e-06,0.000199994
0.503539,-0.333974,-1.69647,0.504618,-0.332988,-1.70557,0.00285842,-0.000504653,0.0145194,0.607459,0.000200005,-7.59728e-09,-7.59226e-07,-7.59728e-09,0.000200011,1.07631e-06,-7.59226e-07,1.07631e-06,0.000199994
0.506128,-0.332006,-1.69876,0.504715,-0.333005,-1.70532,-0.00128032,-0.0034414,0.0210027,0.615415,0.000200005,-7.63382e-09,-7.70934e-07,-7.63382e-09,0.000200011,1.06466e-06,-7.70934e-07,1.06466e-06,0.000199994
0.508198,-0.330475,-1.70058,0.504723,-0.333001,-1.70529,0.000789752,-0.0019112,0.0191786,0.614995,0.000200006,-7.60595e-09,-7.70817e-07,-7.60595e-09,0.000200011,1.05697e-06,-7.70817e-07,1.05697e-06,0.000199994
0.509974,-0.329312,-1.70267,0.50471,-0.333003,-1.70534,0.00256543,-0.000747716,0.0170885,0.617645,0.000200005,-7.61045e-09,-7.60344e-07,-7.61045e-09,0.000200011,1.07213e-06,-7.60344e-07,1.07213e-06,0.000199994
0.511462,-0.328327,-1.70468,0.504679,-0.332992,-1.70544,-0.00317127,-0.00426973,0.013435,0.612911,0.000200005,-7.72856e-09,-7.61418e-07,-7.72856e-09,0.000200011,1.09397e-06,-7.61418e-07,1.09397e-06,0.000199994
0.514786,-0.325727,-1.70523,0.515517,-0.324397,-1.70022,0.000153396,-0.00166979,0.0128782,0.620517,0.000200006,-7.89876e-09,-7.75695e-07,-7.89876e-09,0.000200011,1.10359e-06,-7.75695e-07,1.10359e-06,0.000199994
0.517364,-0.323675,-1.70588,0.515554,-0.324384,-1.70019,-0.0025116,-0.00440468,0.0174322,0.616798,0.000200006,-7.92116e-09,-7.79613e-07,-7.92116e-09,0.000200011,1.09557e-06,-7.79613e-07,1.09557e-06,0.000199994
0.519532,-0.322215,-1.70742,0.515569,-0.32436,-1.70015,-0.000343205,-0.00294405,0.0158866,0.602664,0.000200005,-7.79873e-09,-7.51581e-07,-7.79873e-09,0.000200011,1.10746e-06,-7.51581e-07,1.10746e-06,0.000199994
0.521379,-0.321198,-1.70949,0.515579,-0.324398,-1.70018,-0.00108128,-0.00339403,0.0117274,0.619734,0.000200005,-7.60348e-09,-7.09505e-07,-7.60348e-09,0.000200012,1.13306e-06,-7.09505e-07,1.13306e-06,0.000199994
0.522937,-0.320441,-1.71177,0.515585,-0.3244,-1.70018,0.000477233,-0.00263704,0.0094495,0.623268,0.000200005,-7.42604e-09,-6.7268e-07,-7.42604e-09,0.000200012,1.16259e-06,-6.7268e-07,1.16259e-06,0.000199994
0.524234,-0.320052,-1.71463,0.515555,-0.324361,-1.70018,0.00177422,-0.00224784,0.00659238,0.602664,0.000200004,-7.03159e-09,-6.11885e-07,-7.03159e-09,0.000200013,1.19073e-06,-6.11885e-07,1.19073e-06,0.000199994
0.527305,-0.318869,-1.71945,0.524851,-0.319084,-1.70612,0.00199143,-0.00334705,0.00563391,0.509126,0.000200003,-6.57213e-09,-5.42763e-07,-6.57213e-09,0.000200014,1.23623e-06,-5.42763e-07,1.23623e-06,0.000199994
0.529812,-0.318003,-1.72363,0.524825,-0.31909,-1.7062,0.00449915,-0.00248132,0.00145318,0.515883,0.000200003,-6.11072e-09,-4.84372e-07,-6.11072e-09,0.000200015,1.27462e-06,-4.84372e-07,1.27462e-06,0.000199994
0.531667,-0.317358,-1.72603,0.524835,-0.319083,-1.70615,0.00378773,-0.000410778,0.00866925,0.509126,0.000200002,-5.60912e-09,-4.39264e-07,-5.60912e-09,0.000200015,1.27445e-06,-4.39264e-07,1.27445e-06,0.000199994
0.5331,-0.316821,-1.72659,0.52487,-0.319101,-1.70604,0.00522088,0.000126327,0.00811388,0.509126,0.000200002,-5.24387e-09,-4.15061e-07,-5.24387e-09,0.000200015,1.2649e-06,-4.15061e-07,1.2649e-06,0.000199994
0.53431,-0.316318,-1.72597,0.524907,-0.319111,-1.70592,0.00643096,0.000629107,0.00872884,0.515883,0.000200002,-5.10547e-09,-4.12256e-07,-5.10547e-09,0.000200015,1.26758e-06,-4.12256e-07,1.26758e-06,0.000199994
0.536451,-0.316443,-1.72924,0.531043,-0.322297,-1.72883,0.00700846,0.00189961,0.0277695,0.398839,0.000200002,-5.1768e-09,-4.33529e-07,-5.1768e-09,0.000200015,1.25884e-06,-4.33529e-07,1.25884e-06,0.000199994
0.538023,-0.316469,-1.73134,0.531019,-0.322325,-1.72883,0.00858139,0.00187447,0.0256729,0.398839,0.000200002,-5.28433e-09,-4.5987e-07,-5.28433e-09,0.000200014,1.23181e-06,-4.5987e-07,1.23181e-06,0.000199994
0.539319,-0.316504,-1.73365,0.530992,-0.322359,-1.72891,0.00728902,0.00333956,0.0325593,0.398839,0.000200002,-5.37289e-09,-4.74391e-07,-5.37289e-09,0.000200014,1.22175e-06,-4.74391e-07,1.22175e-06,0.000199994
0.540528,-0.316673,-1.73622,0.530989,-0.322366,-1.7289,0.00849794,0.00317139,0.029987,0.398839,0.000200002,-5.34048e-09,-4.6041e-07,-5.34048e-09,0.000200014,1.24326e-06,-4.6041e-07,1.24326e-06,0.000199994
0.541524,-0.316794,-1.73819,0.531001,-0.322364,-1.72894,0.00949355,0.00305047,0.028024,0.392013,0.000200002,-5.33694e-09,-4.53115e-07,-5.33694e-09,0.000200015,1.26133e-06,-4.53115e-07,1.26133e-06,0.000199994
0.54227,-0.316926,-1.73997,0.53099,-0.322352,-1.72898,0.00833566,0.00455925,0.03355,0.392013,0.000200002,-5.25614e-09,-4.41869e-07,-5.25614e-09,0.000200015,1.26538e-06,-4.41869e-07,1.26538e-06,0.000199994
0.543447,-0.318018,-1.74546,0.5339,-0.326192,-1.74769,0.00951248,0.0034672,0.0280646,0.405029,0.000200002,-4.92321e-09,-4.0292e-07,-4.92321e-09,0.000200015,1.26635e-06,-4.0292e-07,1.26635e-06,0.000199994
0.544531,-0.318985,-1.74952,0.533924,-0.326173,-1.74765,0.00986035,0.00505959,0.035497,0.405029,0.000200001,-4.57549e-09,-3.61373e-07,-4.57549e-09,0.000200015,1.28919e-06,-3.61373e-07,1.28919e-06,0.000199994
0.545232,-0.319627,-1.75184,0.533934,-0.32616,-1.74762,0.0105617,0.00441836,0.0331815,0.411629,0.000200001,-4.41839e-09,-3.55674e-07,-4.41839e-09,0.000200015,1.27707e-06,-3.55674e-07,1.27707e-06,0.000199994
0.545768,-0.320164,-1.75296,0.533926,-0.326175,-1.74758,0.0110977,0.00388054,0.0320618,0.408407,0.000200001,-4.26998e-09,-3.48665e-07,-4.26998e-09,0.000200015,1.26552e-06,-3.48665e-07,1.26552e-06,0.000199994
0.546345,-0.320643,-1.75292,0.533947,-0.326163,-1.74759,0.0105913,0.00459316,0.0373376,0.408407,0.000200001,-4.14958e-09,-3.36507e-07,-4.14958e-09,0.000200015,1.28093e-06,-3.36507e-07,1.28093e-06,0.000199994
0.547791,-0.322178,-1.75663,0.538207,-0.331649,-1.77037,0.0120378,0.00305863,0.0336288,0.402126,0.000200001,-4.07656e-09,-3.25526e-07,-4.07656e-09,0.000200016,1.31074e-06,-3.25526e-07,1.31074e-06,0.000199994
0.549004,-0.323488,-1.75949,0.538222,-0.331656,-1.77034,0.0115544,0.00453616,0.044394,0.412141,0.000200001,-3.92091e-09,-3.04819e-07,-3.92091e-09,0.000200016,1.33836e-06,-3.04819e-07,1.33836e-06,0.000199994
0.549883,-0.324675,-1.76187,0.538222,-0.331652,-1.77032,0.012434,0.00334943,0.0420125,0.408797,0.000200001,-3.56913e-09,-2.68595e-07,-3.56913e-09,0.000200017,1.34182e-06,-2.68595e-07,1.34182e-06,0.000199994
0.550588,-0.325738,-1.76367,0.538222,-0.331657,-1.77032,0.0131384,0.00228635,0.0402116,0.412141,0.000200001,-3.13328e-09,-2.26966e-07,-3.13328e-09,0.000200017,1.34431e-06,-2.26966e-07,1.34431e-06,0.000199994
0.551178,-0.326792,-1.76541,0.538227,-0.33166,-1.7703,0.0124806,0.00365088,0.0430356,0.408815,0.0002,-2.51077e-09,-1.6724e-07,-2.51077e-09,0.000200017,1.35015e-06,-1.6724e-07,1.35015e-06,0.000199994
0.551616,-0.327697,-1.76671,0.538224,-0.331664,-1.77032,0.0129186,0.00274537,0.0417396,0.408815,0.0002,-1.93636e-09,-1.18868e-07,-1.93636e-09,0.000200017,1.34861e-06,-1.18868e-07,1.34861e-06,0.000199994
0.552112,-0.33008,-1.77348,0.539358,-0.339843,-1.79789,0.0112814,0.00347485,0.0385407,0.358459,0.0002,-1.51275e-09,-8.9815e-08,-1.51275e-09,0.000200017,1.33429e-06,-8.9815e-08,1.33429e-06,0.000199994
0.55258,-0.33206,-1.77868,0.539345,-0.339864,-1.79789,0.0117497,0.00149482,0.0333354,0.358459,0.0002,-1.10015e-09,-5.8742e-08,-1.10015e-09,0.000200017,1.33716e-06,-5.8742e-08,1.33716e-06,0.000199994
0.553068,-0.333654,-1.78232,0.53937,-0.339861,-1.79785,0.0122372,-9.97075e-05,0.0296994,0.361793,0.0002,-7.77414e-10,-3.64752e-08,-7.77414e-10,0.000200017,1.35636e-06,-3.64752e-08,1.35636e-06,0.000199994
0.553482,-0.334919,-1.78492,0.539365,-0.339854,-1.79785,0.00869852,0.00224755,0.0249836,0.361793,0.0002,-5.48352e-10,-2.32145e-08,-5.48352e-10,0.000200017,1.37267e-06,-2.32145e-08,1.37267e-06,0.000199994
0.553768,-0.336035,-1.78772,0.539361,-0.33986,-1.79785,0.00898494,0.00113148,0.0221824,0.361793,0.0002,-2.22401e-10,2.94177e-09,-2.22401e-10,0.000200018,1.37617e-06,2.94177e-09,1.37617e-06,0.000199994
0.554021,-0.336913,-1.78986,0.539354,-0.33984,-1.79789,0.00624284,0.00398692,0.0125389,0.358459,0.0002,1.18289e-11,1.84206e-08,1.18289e-11,0.000200018,1.38241e-06,1.84206e-08,1.38241e-06,0.000199993
0.556047,-0.339001,-1.78747,0.548807,-0.34687,-1.77576,0.00826915,0.00189882,0.0149314,0.323228,0.0002,2.03194e-10,3.06944e-08,2.03194e-10,0.000200018,1.37565e-06,3.06944e-08,1.37565e-06,0.000199993
0.557598,-0.340914,-1.7852,0.549142,-0.346948,-1.77504,0.00657278,0.00300569,0.0264194,0.320055,0.0002,6.51968e-10,7.41997e-08,6.51968e-10,0.000200017,1.3493e-06,7.41997e-08,1.3493e-06,0.000199994
0.558747,-0.342268,-1.7832,0.549252,-0.346969,-1.77466,0.00772216,0.0016521,0.028416,0.321924,0.0002,7.22849e-10,7.25701e-08,7.22849e-10,0.000200017,1.31435e-06,7.25701e-08,1.31435e-06,0.000199994
0.559848,-0.34356,-1.78099,0.549296,-0.346969,-1.77467,0.00882293,0.000360096,0.0306331,0.325596,0.0002,1.05847e-09,1.04048e-07,1.05847e-09,0.000200016,1.31961e-06,1.04048e-07,1.31961e-06,0.000199994
0.560663,-0.344641,-1.77888,0.549344,-0.346982,-1.77457,0.00605178,0.000996019,0.0298385,0.328974,0.0002,1.36355e-09,1.30814e-07,1.36355e-09,0.000200016,1.31101e-06,1.30814e-07,1.31101e-06,0.000199994
0.563066,-0.346916,-1.77663,0.558056,-0.353213,-1.76861,0.00845464,-0.00127888,0.0320882,0.317151,0.0002,1.82767e-09,1.75368e-07,1.82767e-09,0.000200016,1.30664e-06,1.75368e-07,1.30664e-06,0.000199994
0.565033,-0.348853,-1.77486,0.558279,-0.353278,-1.76823,0.0104219,-0.00321597,0.0338624,0.327085,0.0002,2.32108e-09,2.20244e-07,2.32108e-09,0.000200016,1.30389e-06,2.20244e-07,1.30389e-06,0.000199994
0.566699,-0.350337,-1.77354,0.558441,-0.35334,-1.76773,0.00525887,0.000741632,0.0280864,0.327085,0.0002,2.60073e-09,2.36305e-07,2.60073e-09,0.000200016,1.31172e-06,2.36305e-07,1.31172e-06,0.000199994
0.568071,-0.351504,-1.77297,0.558506,-0.353339,-1.76756,0.00663071,-0.000425021,0.0286566,0.326842,0.0002,2.78429e-09,2.4362e-07,2.78429e-09,0.000200016,1.32081e-06,2.4362e-07,1.32081e-06,0.000199994
0.569324,-0.352072,-1.77181,0.55869,-0.353353,-1.76712,0.00587572,0.00174692,0.0320022,0.336413,0.0002,2.42149e-09,1.89009e-07,2.42149e-09,0.000200017,1.34573e-06,1.89009e-07,1.34573e-06,0.000199994
0.570378,-0.352254,-1.77051,0.558782,-0.353372,-1.76683,0.00693021,0.00156526,0.0333039,0.339724,0.0002,1.71603e-09,1.09248e-07,1.71603e-09,0.000200017,1.3672e-06,1.09248e-07,1.3672e-06,0.000199994
0.572762,-0.354265,-1.76801,0.566608,-0.364298,-1.76053,0.00931423,-0.000446082,0.0357986,0.284584,0.0002,6.9271e-10,8.0152e-09,6.9271e-10,0.000200017,1.377e-06,8.0152e-09,1.377e-06,0.000199994
0.57453,-0.355452,-1.76594,0.566794,-0.364339,-1.76016,0.0072722,0.00354055,0.0385233,0.294517,0.0002,-7.13186e-10,-1.2608e-07,-7.13186e-10,0.000200017,1.35503e-06,-1.2608e-07,1.35503e-06,0.000199994
0.57577,-0.356037,-1.76519,0.566781,-0.364329,-1.76008,0.00851307,0.00295609,0.039271,0.307762,0.000200001,-2.23543e-09,-2.69683e-07,-2.23543e-09,0.000200016,1.31406e-06,-2.69683e-07,1.31406e-06,0.000199994
0.576773,-0.356464,-1.76479,0.566798,-0.364341,-1.76006,0.00727137,0.00731816,0.0398878,0.311074,0.000200001,-3.41392e-09,-3.68483e-07,-3.41392e-09,0.000200016,1.28906e-06,-3.68483e-07,1.28906e-06,0.000199994
0.577522,-0.356771,-1.76416,0.566826,-0.364335,-1.76004,0.00802042,0.00701107,0.0405224,0.311074,0.000200001,-4.29176e-09,-4.37377e-07,-4.29176e-09,0.000200015,1.26355e-06,-4.37377e-07,1.26355e-06,0.000199994
0.579002,-0.357232,-1.76533,0.572261,-0.366116,-1.76793,0.00950052,0.00654978,0.0393455,0.305738,0.000200002,-5.0053e-09,-5.056e-07,-5.0053e-09,0.000200014,1.21366e-06,-5.056e-07,1.21366e-06,0.000199994
0.580147,-0.357563,-1.76651,0.572019,-0.366125,-1.76807,0.00849814,0.00665282,0.03547,0.24074,0.000200002,-5.55276e-09,-5.55358e-07,-5.55276e-09,0.000200014,1.18338e-06,-5.55358e-07,1.18338e-06,0.000199994
0.581067,-0.357721,-1.76734,0.572033,-0.366129,-1.76805,0.00941797,0.00649447,0.0346392,0.23744,0.000200003,-6.06654e-09,-6.04129e-07,-6.06654e-09,0.000200013,1.16423e-06,-6.04129e-07,1.16423e-06,0.000199994
0.581594,-0.357848,-1.76739,0.572064,-0.366119,-1.76806,0.00573241,0.00625608,0.0391743,0.24074,0.000200003,-6.28999e-09,-6.35287e-07,-6.28999e-09,0.000200012,1.11728e-06,-6.35287e-07,1.11728e-06,0.000199994
0.582009,-0.357949,-1.76742,0.572036,-0.366118,-1.76807,0.00614804,0.0061549,0.0391374,0.24074,0.000200004,-6.4293e-09,-6.55211e-07,-6.4293e-09,0.000200012,1.08724e-06,-6.55211e-07,1.08724e-06,0.000199994
0.58235,-0.358033,-1.76724,0.572075,-0.366131,-1.76804,0.00648854,0.00607102,0.0393229,0.247341,0.000200004,-6.51726e-09,-6.68045e-07,-6.51726e-09,0.000200011,1.06796e-06,-6.68045e-07,1.06796e-06,0.000199994
0.583476,-0.358798,-1.76629,0.575866,-0.369991,-1.76192,0.00331253,0.0021926,0.0376642,0.532292,0.000200004,-6.71867e-09,-6.86827e-07,-6.71867e-09,0.000200011,1.07172e-06,-6.86827e-07,1.07172e-06,0.000199994
0.584421,-0.359392,-1.76558,0.575971,-0.369994,-1.7617,0.00425806,0.00159839,0.0383665,0.530055,0.000200004,-6.90926e-09,-7.01842e-07,-6.90926e-09,0.000200011,1.07791e-06,-7.01842e-07,1.07791e-06,0.000199994
0.585169,-0.359887,-1.76488,0.576057,-0.370016,-1.76152,-0.00165573,-0.00195259,0.0464811,0.526642,0.000200005,-7.01597e-09,-7.09098e-07,-7.01597e-09,0.000200011,1.07765e-06,-7.09098e-07,1.07765e-06,0.000199994
0.585855,-0.360232,-1.76398,0.576123,-0.370012,-1.76139,-0.000969805,-0.00229714,0.047381,0.526866,0.000200005,-7.20729e-09,-7.22217e-07,-7.20729e-09,0.000200011,1.08919e-06,-7.22217e-07,1.08919e-06,0.000199994
0.586391,-0.360529,-1.76334,0.576187,-0.370042,-1.76127,-0.000434226,-0.00259402,0.0480235,0.526866,0.000200005,-7.31604e-09,-7.28233e-07,-7.31604e-09,0.000200011,1.09237e-06,-7.28233e-07,1.09237e-06,0.000199994
0.590205,-0.358483,-1.76778,0.593035,-0.358501,-1.78503,-0.00379371,-0.00553476,0.0414782,0.408437,0.000200005,-7.39525e-09,-7.32235e-07,-7.39525e-09,0.000200011,1.09431e-06,-7.32235e-07,1.09431e-06,0.000199994
0.593352,-0.356856,-1.7709,0.593366,-0.358605,-1.78442,-0.000646726,-0.00390809,0.0383554,0.409067,0.000200005,-7.48398e-09,-7.35863e-07,-7.48398e-09,0.000200011,1.10063e-06,-7.35863e-07,1.10063e-06,0.000199994
0.595938,-0.355548,-1.77323,0.593568,-0.35863,-1.78408,-0.00155107,-0.00463707,0.0354281,0.41109,0.000200005,-7.58348e-09,-7.39645e-07,-7.58348e-09,0.000200011,1.10948e-06,-7.39645e-07,1.10948e-06,0.000199994
0.598069,-0.354471,-1.77529,0.593619,-0.358633,-1.78401,0.000579948,-0.00356064,0.0333748,0.41794,0.000200005,-7.73196e-09,-7.46317e-07,-7.73196e-09,0.000200012,1.12387e-06,-7.46317e-07,1.12387e-06,0.000199994
0.599748,-0.35363,-1.77703,0.593607,-0.358634,-1.784,-0.00549906,-0.00751462,0.03241,0.41794,0.000200005,-7.80262e-09,-7.47042e-07,-7.80262e-09,0.000200012,1.12965e-06,-7.47042e-07,1.12965e-06,0.000199994
0.60109,-0.352956,-1.77844,0.593591,-0.358618,-1.78407,-0.00415721,-0.00684091,0.0310015,0.414515,0.000200005,-7.84998e-09,-7.46789e-07,-7.84998e-09,0.000200012,1.13382e-06,-7.46789e-07,1.13382e-06,0.000199994
0.605194,-0.350095,-1.7791,0.608864,-0.346918,-1.78333,-5.32776e-05,-0.00398001,0.0303353,0.466506,0.000200005,-7.84203e-09,-7.43578e-07,-7.84203e-09,0.000200012,1.13274e-06,-7.43578e-07,1.13274e-06,0.000199994
0.608584,-0.347757,-1.77969,0.609018,-0.346913,-1.78305,-0.00406867,-0.0067736,0.0265946,0.46671,0.000200005,-7.94917e-09,-7.49079e-07,-7.94917e-09,0.000200012,1.14435e-06,-7.49079e-07,1.14435e-06,0.000199994
0.611154,-0.34601,-1.78017,0.609192,-0.346961,-1.78263,-0.00149848,-0.00502742,0.0261098,0.477386,0.000200005,-7.75692e-09,-7.33934e-07,-7.75692e-09,0.000200012,1.12373e-06,-7.33934e-07,1.12373e-06,0.000199994
0.613174,-0.344651,-1.78052,0.609262,-0.346981,-1.78245,-0.00688535,-0.00845311,0.0283174,0.470269,0.000200005,-7.52647e-09,-7.18808e-07,-7.52647e-09,0.000200012,1.10259e-06,-7.18808e-07,1.10259e-06,0.000199994
0.61486,-0.343534,-1.78056,0.609357,-0.346998,-1.78227,-0.00519951,-0.00733644,0.0282781,0.473827,0.000200005,-7.42416e-09,-7.14335e-07,-7.42416e-09,0.000200011,1.09716e-06,-7.14335e-07,1.09716e-06,0.000199994
0.618809,-0.340333,-1.78134,0.622044,-0.335805,-1.78704,-0.00125057,-0.0041357,0.027504,0.341728,0.000200005,-7.48086e-09,-7.23462e-07,-7.48086e-09,0.000200011,1.10311e-06,-7.23462e-07,1.10311e-06,0.000199994
0.622056,-0.337793,-1.78222,0.622403,-0.335778,-1.78678,-0.00442001,-0.00645251,0.023354,0.351699,0.000200005,-7.51304e-09,-7.24798e-07,-7.51304e-09,0.000200011,1.10984e-06,-7.24798e-07,1.10984e-06,0.000199994
0.624716,-0.335772,-1.78325,0.622712,-0.335835,-1.78637,-0.00175992,-0.00443197,0.022317,0.369221,0.000200005,-7.53766e-09,-7.25088e-07,-7.53766e-09,0.000200012,1.11452e-06,-7.25088e-07,1.11452e-06,0.000199994
0.626891,-0.334144,-1.78394,0.622813,-0.33585,-1.78616,-0.00361237,-0.00505737,0.0246536,0.37298,0.000200005,-7.59402e-09,-7.27515e-07,-7.59402e-09,0.000200012,1.12179e-06,-7.27515e-07,1.12179e-06,0.000199994
0.62861,-0.332872,-1.78403,0.622958,-0.335836,-1.78597,-0.0018935,-0.00378575,0.0245584,0.366994,0.000200005,-7.56093e-09,-7.23785e-07,-7.56093e-09,0.000200012,1.1184e-06,-7.23785e-07,1.1184e-06,0.000199994
0.63001,-0.331864,-1.78407,0.623087,-0.335882,-1.78577,-0.000492782,-0.00277758,0.0245215,0.374568,0.000200005,-7.53304e-09,-7.2136e-07,-7.53304e-09,0.000200012,1.11625e-06,-7.2136e-07,1.11625e-06,0.000199994
0.634389,-0.328812,-1.78321,0.639532,-0.324614,-1.77876,-0.00401047,-0.00435065,0.0225875,0.386307,0.000200005,-7.47169e-09,-7.16929e-07,-7.47169e-09,0.000200012,1.11101e-06,-7.16929e-07,1.11101e-06,0.000199994
0.637961,-0.326374,-1.78263,0.639879,-0.324642,-1.77824,-0.000439235,-0.00191228,0.0231689,0.407941,0.000200005,-7.42489e-09,-7.14331e-07,-7.42489e-09,0.000200011,1.1075e-06,-7.14331e-07,1.1075e-06,0.000199994
