EKF_x,EKF_y,EKF_theta,PM_x,PM_y,PM_theta,errorEKF_x,errorEKF_y,errorEKF_theta,errorPM,EKFCovXX,EKFCovXY,EKFCovXTheta,EKFCovYX,EKFCovYY,EKFCovYTheta,EKFCovThetaX,EKFCovThetaY,EKFCovThetaTheta
-0.670664,-0.317396,1.61594,-0.670664,-0.317396,1.61594,0.0037676,0.00403823,0.0223211,0.908395,0.000999999,-2.29378e-23,-5.3154e-14,-1.82599e-23,0.000999999,-1.19969e-15,-5.31571e-14,-1.19959e-15,0.000999999
-0.670411,-0.318054,1.61707,-0.670171,-0.318681,1.61814,0.00402012,0.00338031,0.0234483,0.960135,0.000512195,-5.46553e-24,-1.26482e-14,-4.35241e-24,0.000512195,-2.85471e-16,-1.26489e-14,-2.85447e-16,0.000512195
-0.670301,-0.318351,1.61755,-0.670106,-0.31888,1.6184,0.00435615,0.00346022,0.0197662,0.957566,0.000359875,-2.2405e-24,-5.18272e-15,-1.78439e-24,0.000359875,-1.16975e-16,-5.18303e-15,-1.16965e-16,0.000359875
-0.668563,-0.319278,1.61565,-0.664321,-0.321538,1.61102,0.0060947,0.00253385,0.017868,0.557031,0.000290717,-1.12737e-24,-2.60733e-15,-8.97912e-25,0.000290717,-5.88479e-17,-2.60749e-15,-5.88429e-17,0.000290717
-0.667504,-0.319883,1.61447,-0.664395,-0.321659,1.61102,0.00715467,0.00197397,0.0163118,0.588971,0.000254131,-6.27245e-25,-1.45052e-15,-4.99591e-25,0.000254131,-3.27383e-17,-1.4506e-15,-3.27356e-17,0.000254131
-0.666781,-0.320307,1.61369,-0.664403,-0.321701,1.61113,0.0078777,0.00154995,0.0155333,0.588971,0.000233206,-3.68825e-25,-8.52865e-16,-2.93768e-25,0.000233206,-1.92493e-17,-8.52915e-16,-1.92476e-17,0.000233206
-0.666246,-0.320615,1.61313,-0.664356,-0.321703,1.61116,0.00841274,0.00124185,0.0149751,0.588971,0.000220702,-2.23997e-25,-5.1795e-16,-1.78415e-25,0.000220702,-1.16902e-17,-5.1798e-16,-1.16892e-17,0.000220702
-0.665826,-0.320853,1.61272,-0.664275,-0.321734,1.61119,0.00885643,0.000987395,0.0145608,0.588971,0.000213033,-1.38728e-25,-3.20775e-16,-1.10498e-25,0.000213033,-7.23994e-18,-3.20794e-16,-7.23932e-18,0.000213033
-0.665491,-0.321039,1.61241,-0.664218,-0.321745,1.61123,0.00919128,0.000801764,0.0142513,0.588971,0.000208255,-8.69643e-26,-2.01081e-16,-6.9268e-26,0.000208255,-4.53843e-18,-2.01093e-16,-4.53804e-18,0.000208255
-0.665892,-0.320713,1.61369,-0.667444,-0.319449,1.61862,0.00857898,0.000827395,0.0189757,0.680036,0.000205249,-5.49297e-26,-1.27009e-16,-4.37522e-26,0.000205249,-2.8666e-18,-1.27016e-16,-2.86636e-18,0.000205249
-0.666219,-0.320453,1.61469,-0.6675,-0.319438,1.61864,0.00825191,0.00108664,0.0199834,0.680036,0.000203345,-3.48618e-26,-8.06072e-17,-2.77679e-26,0.000203345,-1.81932e-18,-8.0612e-17,-1.81916e-18,0.000203345
-0.666483,-0.320261,1.61546,-0.667528,-0.319501,1.61849,0.00798734,0.00127916,0.0207508,0.653863,0.000202135,-2.21927e-26,-5.13136e-17,-1.76768e-26,0.000202135,-1.15816e-18,-5.13166e-17,-1.15806e-18,0.000202135
-0.666703,-0.320107,1.61606,-0.667576,-0.319498,1.61846,0.00794815,0.00157069,0.0192945,0.653863,0.000201364,-1.4155e-26,-3.27288e-17,-1.12746e-26,0.000201364,-7.38694e-19,-3.27307e-17,-7.38631e-19,0.000201364
-0.666881,-0.319986,1.61655,-0.667589,-0.319501,1.61849,0.00777034,0.00169242,0.0197817,0.653863,0.000200872,-9.03945e-27,-2.09008e-17,-7.20005e-27,0.000200872,-4.71734e-19,-2.0902e-17,-4.71694e-19,0.000200872
-0.667263,-0.319942,1.61672,-0.668785,-0.319766,1.61741,0.00745079,0.0018446,0.0187331,0.661629,0.000200558,-5.77719e-27,-1.33579e-17,-4.60162e-27,0.000200558,-3.01489e-19,-1.33586e-17,-3.01463e-19,0.000200558
-0.667563,-0.319919,1.61683,-0.668762,-0.319831,1.61726,0.0071504,0.00186677,0.0188406,0.641629,0.000200357,-3.6941e-27,-8.54141e-18,-2.94241e-27,0.000200357,-1.92781e-19,-8.54191e-18,-1.92764e-19,0.000200357
-0.667804,-0.319899,1.61691,-0.668767,-0.31982,1.61723,0.00690943,0.00188672,0.0189197,0.648296,0.000200228,-2.36288e-27,-5.46338e-18,-1.88207e-27,0.000200228,-1.23309e-19,-5.4637e-18,-1.23299e-19,0.000200228
-0.668002,-0.31987,1.617,-0.668791,-0.319751,1.61734,0.00653706,0.00161219,0.0223468,0.654962,0.000200146,-1.51169e-27,-3.49529e-18,-1.20408e-27,0.000200146,-7.88891e-20,-3.49549e-18,-7.88824e-20,0.000200146
-0.668161,-0.319846,1.61706,-0.668795,-0.319754,1.61731,0.00637833,0.00163536,0.0224102,0.648296,0.000200093,-9.67256e-28,-2.23646e-18,-7.70434e-28,0.000200093,-5.04772e-20,-2.23659e-18,-5.0473e-20,0.000200093
-0.668285,-0.319826,1.6171,-0.668785,-0.319746,1.61728,0.00625972,0.00160231,0.022775,0.641629,0.00020006,-6.18951e-28,-1.43112e-18,-4.93004e-28,0.00020006,-3.23006e-20,-1.43121e-18,-3.22979e-20,0.00020006
-0.667722,-0.319558,1.61659,-0.66547,-0.318487,1.61454,0.00682284,0.00187029,0.0222624,0.572709,0.000200038,-3.96091e-28,-9.1583e-19,-3.15492e-28,0.000200038,-2.06704e-20,-9.15884e-19,-2.06687e-20,0.000200038
-0.667254,-0.319337,1.61617,-0.665381,-0.318449,1.61449,0.00729121,0.00209224,0.0218422,0.565952,0.000200025,-2.53483e-28,-5.86095e-19,-2.01903e-28,0.000200025,-1.32283e-20,-5.8613e-19,-1.32271e-20,0.000200025
-0.666867,-0.319151,1.61582,-0.665321,-0.318407,1.6144,0.00789843,0.00255053,0.0180969,0.562432,0.000200016,-1.62223e-28,-3.75086e-19,-1.29213e-28,0.000200016,-8.46575e-21,-3.75108e-19,-8.46503e-21,0.000200016
-0.666549,-0.318994,1.61552,-0.665277,-0.318368,1.61433,0.00821652,0.00270706,0.0178,0.569189,0.00020001,-1.0382e-28,-2.40049e-19,-8.26941e-29,0.00020001,-5.41794e-21,-2.40063e-19,-5.41748e-21,0.00020001
-0.666287,-0.318859,1.61527,-0.665239,-0.31832,1.61428,0.0085019,0.00286868,0.017321,0.555675,0.000200006,-6.64436e-29,-1.53629e-19,-5.29234e-29,0.000200006,-3.46743e-21,-1.53638e-19,-3.46713e-21,0.000200006
-0.66683,-0.319231,1.61642,-0.669003,-0.320718,1.621,0.00795875,0.00249687,0.0184665,1.13202,0.000200004,-4.25235e-29,-9.83215e-20,-3.38706e-29,0.000200004,-2.21913e-21,-9.83273e-20,-2.21894e-21,0.000200004
-0.667259,-0.319554,1.61736,-0.668975,-0.320845,1.62116,0.00722601,0.00182949,0.023755,1.12544,0.000200003,-2.72148e-29,-6.29254e-20,-2.1677e-29,0.000200003,-1.42023e-21,-6.29291e-20,-1.42011e-21,0.000200003
-0.667595,-0.319827,1.61815,-0.668935,-0.320921,1.62129,0.00689085,0.00155615,0.0245411,1.13512,0.000200002,-1.74174e-29,-4.02721e-20,-1.38733e-29,0.000200002,-9.08946e-22,-4.02744e-20,-9.08869e-22,0.000200002
-0.667861,-0.320054,1.6188,-0.668928,-0.320962,1.62138,0.00662414,0.00132913,0.0251868,1.12196,0.000200001,-1.11471e-29,-2.57741e-20,-8.87886e-30,0.000200001,-5.81724e-22,-2.57756e-20,-5.81675e-22,0.000200001
-0.668064,-0.320243,1.61932,-0.668877,-0.320998,1.62143,0.0064376,0.00124053,0.0250631,1.12964,0.000200001,-7.13415e-30,-1.64954e-20,-5.68246e-30,0.000200001,-3.72303e-22,-1.64963e-20,-3.72271e-22,0.000200001
-0.668224,-0.320403,1.61974,-0.66886,-0.321042,1.62143,0.00627846,0.00108079,0.0254837,1.13622,0.0002,-4.56585e-30,-1.0557e-20,-3.63677e-30,0.0002,-2.38273e-22,-1.05576e-20,-2.38253e-22,0.0002
-0.667767,-0.319919,1.62472,-0.665938,-0.317983,1.64464,0.00669792,0.00161612,0.0303733,0.463244,0.0002,-2.92214e-30,-6.75649e-21,-2.32753e-30,0.0002,-1.52495e-22,-6.75689e-21,-1.52482e-22,0.0002
-0.66738,-0.319647,1.62855,-0.665733,-0.31845,1.6454,0.00708465,0.00188741,0.0341991,0.467732,0.0002,-7.55786e-14,3.58064e-09,-7.55786e-14,0.0002,-3.21639e-09,3.58064e-09,-3.21639e-09,0.0002
-0.667064,-0.319562,1.63141,-0.665614,-0.318781,1.64598,0.00740045,0.00197314,0.0370642,0.448259,0.0002,-8.74164e-13,1.62707e-08,-8.74164e-13,0.0002,-8.079e-09,1.62707e-08,-8.079e-09,0.0002
-0.666789,-0.319555,1.63359,-0.665506,-0.319088,1.64645,0.00802866,0.00227832,0.0356543,0.455016,0.0002,-1.92554e-12,2.4408e-08,-1.92554e-12,0.0002,-1.11546e-08,2.4408e-08,-1.11546e-08,0.0002
-0.666535,-0.319541,1.63573,-0.665417,-0.319372,1.64688,0.00828348,0.0022922,0.0377942,0.46853,0.0002,-1.66397e-12,1.92293e-08,-1.66397e-12,0.0002,-1.03244e-08,1.92293e-08,-1.03244e-08,0.0002
-0.667294,-0.319162,1.63303,-0.670331,-0.317647,1.62326,0.00739256,0.00270359,0.0349225,1.00273,0.0002,-9.63291e-13,1.23068e-08,-9.63291e-13,0.0002,-6.60761e-09,1.23068e-08,-6.60761e-09,0.0002
-0.667918,-0.318822,1.63101,-0.670413,-0.317463,1.62293,0.00676872,0.0030435,0.0329027,1.01758,0.0002,-5.74871e-13,7.87633e-09,-5.74871e-13,0.0002,-4.22887e-09,7.87633e-09,-4.22887e-09,0.0002
-0.668438,-0.318526,1.62933,-0.670518,-0.317342,1.62259,0.0062487,0.00333957,0.0312179,0.971218,0.0002,-3.50864e-13,5.04085e-09,-3.50864e-13,0.0002,-2.70648e-09,5.04085e-09,-2.70648e-09,0.0002
-0.668858,-0.318264,1.62794,-0.67054,-0.317216,1.62239,0.00558129,0.00332708,0.0332401,0.971218,0.0002,-2.17568e-13,3.22614e-09,-2.17568e-13,0.0002,-1.73214e-09,3.22614e-09,-1.73214e-09,0.0002
-0.669205,-0.318026,1.6268,-0.670593,-0.317076,1.62225,0.0052343,0.00356458,0.0321012,0.970945,0.0002,-1.36382e-13,2.06473e-09,-1.36382e-13,0.0002,-1.10857e-09,2.06473e-09,-1.10857e-09,0.0002
-0.669493,-0.31782,1.62586,-0.670646,-0.316996,1.62209,0.00511792,0.00405419,0.0280283,0.964322,0.0002,-8.61127e-14,1.32143e-09,-8.61127e-14,0.0002,-7.09486e-10,1.32143e-09,-7.09486e-10,0.0002
-0.669407,-0.318061,1.62548,-0.66906,-0.319023,1.62398,0.00520463,0.00381368,0.0276532,0.761899,0.0002,-5.46321e-14,8.45714e-10,-5.46321e-14,0.0002,-4.54071e-10,8.45714e-10,-4.54071e-10,0.0002
-0.669336,-0.318259,1.62518,-0.669051,-0.319054,1.62397,0.00527572,0.00361514,0.0273502,0.76861,0.0002,-3.47679e-14,5.41257e-10,-3.47679e-14,0.0002,-2.90606e-10,5.41257e-10,-2.90606e-10,0.0002
-0.669257,-0.318401,1.62505,-0.669043,-0.319081,1.624,0.0053676,0.00348898,0.0269973,0.76861,0.0002,-8.60556e-14,-3.23737e-09,-8.60556e-14,0.0002,3.02691e-09,-3.23737e-09,3.02691e-09,0.0002
-0.669183,-0.318327,1.62526,-0.669041,-0.319101,1.62402,0.00544186,0.00356376,0.0272061,0.76861,0.0002,-1.66621e-12,-3.64274e-08,-1.66621e-12,0.0002,6.87075e-09,-3.64274e-08,6.87075e-09,0.0002
-0.669235,-0.317833,1.62582,-0.669062,-0.319031,1.62394,0.00538916,0.0040577,0.0277701,0.76861,0.0002,6.34175e-12,-1.24881e-07,6.34175e-12,0.0002,-8.06221e-09,-1.24881e-07,-8.06221e-09,0.0002
-0.669337,-0.317374,1.62523,-0.669129,-0.320937,1.62339,0.00525101,0.00455083,0.0270908,0.935603,0.0002,4.2089e-11,-2.52675e-07,4.2089e-11,0.0002,-2.4878e-08,-2.52675e-07,-2.4878e-08,0.0002
-0.669402,-0.316477,1.62418,-0.669236,-0.320749,1.62306,0.00518621,0.00544764,0.0260354,0.928891,0.000200001,8.66226e-11,-4.132e-07,8.66226e-11,0.0002,-2.94291e-08,-4.132e-07,-2.94291e-08,0.0002
-0.669535,-0.315329,1.62327,-0.669335,-0.320499,1.62273,0.00483598,0.00632164,0.0285564,0.908757,0.000200002,1.75857e-10,-5.76767e-07,1.75857e-10,0.0002,-4.20947e-08,-5.76767e-07,-4.20947e-08,0.000199999
-0.669729,-0.313931,1.62267,-0.669456,-0.320211,1.62237,0.00464214,0.00772006,0.0279637,0.909697,0.000200004,3.31431e-10,-7.49085e-07,3.31431e-10,0.0002,-6.03297e-08,-7.49085e-07,-6.03297e-08,0.000199999
-0.669809,-0.312569,1.622,-0.66957,-0.319978,1.6219,0.00456168,0.00908219,0.0272924,0.916312,0.000200006,3.96642e-10,-8.9085e-07,3.96642e-10,0.0002,-5.62995e-08,-8.9085e-07,-5.62995e-08,0.000199998
-0.669901,-0.311304,1.62136,-0.669684,-0.319739,1.6214,0.004842,0.00748906,0.0246152,0.894427,0.000200008,4.51567e-10,-1.00198e-06,4.51567e-10,0.0002,-5.44758e-08,-1.00198e-06,-5.44758e-08,0.000199998
-0.669806,-0.308703,1.62079,-0.668964,-0.311483,1.62161,0.00493757,0.0100895,0.0240424,0.6584,0.000200009,4.56679e-10,-1.06309e-06,4.56679e-10,0.0002,-4.90702e-08,-1.06309e-06,-4.90702e-08,0.000199997
-0.669789,-0.306525,1.61985,-0.669159,-0.311092,1.62073,0.0047568,0.00642564,0.025998,0.66275,0.00020001,4.79153e-10,-1.10544e-06,4.79153e-10,0.0002,-4.87706e-08,-1.10544e-06,-4.87706e-08,0.000199997
-0.669891,-0.304641,1.61844,-0.669409,-0.310691,1.62006,0.00465456,0.00830963,0.0245915,0.639199,0.000200011,5.73297e-10,-1.14229e-06,5.73297e-10,0.0002,-5.85829e-08,-1.14229e-06,-5.85829e-08,0.000199996
-0.670012,-0.302967,1.61633,-0.669604,-0.310073,1.61929,0.00453348,0.00998298,0.0224848,0.624273,0.000200012,6.46142e-10,-1.17273e-06,6.46142e-10,0.0002,-6.41058e-08,-1.17273e-06,-6.41058e-08,0.000199996
-0.670117,-0.301519,1.61387,-0.669871,-0.309538,1.6185,0.00506495,0.00255684,0.0164695,0.6404,0.000200013,6.39149e-10,-1.19258e-06,6.39149e-10,0.0002,-5.95662e-08,-1.19258e-06,-5.95662e-08,0.000199996
-0.670194,-0.300188,1.61173,-0.670056,-0.309107,1.61765,0.00498779,0.00388856,0.0143277,0.623252,0.000200013,5.76242e-10,-1.21919e-06,5.76242e-10,0.0002,-4.93067e-08,-1.21919e-06,-4.93067e-08,0.000199995
-0.668894,-0.29647,1.60635,-0.663813,-0.295656,1.59936,0.00612861,-0.0018049,0.0120875,0.244943,0.000200014,4.0168e-10,-1.22995e-06,4.0168e-10,0.0002,-2.79065e-08,-1.22995e-06,-2.79065e-08,0.000199995
-0.667807,-0.293318,1.60248,-0.66365,-0.294338,1.59742,0.0072162,0.00134717,0.00822489,0.194892,0.000200014,2.42026e-10,-1.22321e-06,2.42026e-10,0.0002,-1.1808e-08,-1.22321e-06,-1.1808e-08,0.000199995
-0.666989,-0.290582,1.60005,-0.663533,-0.293252,1.5955,0.0080343,0.00408326,0.00578709,0.196405,0.000200014,2.20561e-10,-1.21847e-06,2.20561e-10,0.0002,-1.39919e-08,-1.21847e-06,-1.39919e-08,0.000199995
-0.666271,-0.288196,1.59846,-0.663459,-0.292271,1.5942,0.00884148,-0.00166318,0.0148202,0.193552,0.000200014,1.49324e-10,-1.21564e-06,1.49324e-10,0.0002,-7.86202e-09,-1.21564e-06,-7.86202e-09,0.000199995
-0.665729,-0.286073,1.59717,-0.663323,-0.2913,1.59256,0.00938339,0.000459556,0.0135341,0.201097,0.000200014,1.74527e-10,-1.21695e-06,1.74527e-10,0.0002,-1.37162e-08,-1.21695e-06,-1.37162e-08,0.000199995
-0.667187,-0.279461,1.59521,-0.672821,-0.266731,1.58784,0.00788388,-0.00116548,0.015462,2.3116,0.000200014,1.93334e-10,-1.21779e-06,1.93334e-10,0.0002,-1.68983e-08,-1.21779e-06,-1.68983e-08,0.000199995
-0.66833,-0.274139,1.59375,-0.672931,-0.266576,1.58736,0.00674166,0.00415635,0.0140025,2.29508,0.000200014,1.48904e-10,-1.21852e-06,1.48904e-10,0.0002,-1.13826e-08,-1.21852e-06,-1.13826e-08,0.000199995
-0.669246,-0.269881,1.59252,-0.672963,-0.266361,1.58707,0.00582489,0.00841419,0.0127751,2.30452,0.000200014,1.07034e-10,-1.21218e-06,1.07034e-10,0.0002,-7.05461e-09,-1.21218e-06,-7.05461e-09,0.000199995
-0.67002,-0.266346,1.59148,-0.672956,-0.266138,1.58674,0.0048763,0.00315101,0.0146965,2.28064,0.000200014,1.28172e-10,-1.22158e-06,1.28172e-10,0.0002,-1.08565e-08,-1.22158e-06,-1.08565e-08,0.000199995
-0.670631,-0.263468,1.59024,-0.673032,-0.265785,1.58633,0.00426536,0.00602879,0.013464,2.29112,0.000200014,1.13324e-10,-1.22427e-06,1.13324e-10,0.0002,-9.17714e-09,-1.22427e-06,-9.17714e-09,0.000199995
-0.671179,-0.261107,1.58898,-0.673125,-0.265487,1.58596,0.00324872,0.00384072,0.0125761,2.27955,0.000200014,1.51197e-10,-1.22587e-06,1.51197e-10,0.0002,-1.42478e-08,-1.22587e-06,-1.42478e-08,0.000199995
-0.670108,-0.257935,1.58752,-0.665688,-0.259605,1.58536,0.00431957,0.0070127,0.0111221,0.322834,0.000200014,1.52323e-10,-1.24397e-06,1.52323e-10,0.0002,-1.36516e-08,-1.24397e-06,-1.36516e-08,0.000199995
-0.669224,-0.255344,1.58668,-0.665895,-0.259022,1.58439,0.00520392,0.00960412,0.0102841,0.309235,0.000200014,6.3763e-11,-1.24553e-06,6.3763e-11,0.0002,-2.52272e-09,-1.24553e-06,-2.52272e-09,0.000199995
-0.668494,-0.253214,1.58633,-0.665908,-0.258631,1.58339,0.00609649,0.00276689,0.0110912,0.317265,0.000200014,-3.56884e-11,-1.24317e-06,-3.56884e-11,0.0002,8.14376e-09,-1.24317e-06,8.14376e-09,0.000199995
-0.667918,-0.251398,1.58568,-0.665953,-0.258074,1.58259,0.00667258,0.00458256,0.0104441,0.304537,0.000200014,-1.14653e-10,-1.24166e-06,-1.14653e-10,0.0002,1.52431e-08,-1.24166e-06,1.52431e-08,0.000199995
-0.667571,-0.24977,1.58465,-0.665997,-0.257509,1.58156,0.00712274,-0.00268837,0.0122498,0.300373,0.000200015,-3.81269e-11,-1.25064e-06,-3.81269e-11,0.0002,3.08444e-09,-1.25064e-06,3.08444e-09,0.000199995
-0.667449,-0.245393,1.58704,-0.666781,-0.242031,1.59815,0.00724554,0.00168853,0.0146376,0.428076,0.000200015,-6.15583e-12,-1.25303e-06,-6.15583e-12,0.0002,-7.17591e-10,-1.25303e-06,-7.17591e-10,0.000199995
-0.667392,-0.241845,1.58838,-0.66686,-0.241901,1.5979,0.007302,0.00523693,0.0159819,0.422329,0.000200015,5.42186e-11,-1.25791e-06,5.42186e-11,0.0002,-7.39347e-09,-1.25791e-06,-7.39347e-09,0.000199995
-0.667372,-0.239008,1.5898,-0.666985,-0.241694,1.59753,0.00678766,-0.00125525,0.0126774,0.422329,0.000200015,1.06994e-10,-1.25422e-06,1.06994e-10,0.0002,-1.23988e-08,-1.25422e-06,-1.23988e-08,0.000199995
-0.667338,-0.236645,1.59126,-0.667099,-0.241446,1.59714,0.00682149,0.00110764,0.0141449,0.410835,0.000200015,9.96231e-11,-1.25877e-06,9.96231e-11,0.0002,-9.79438e-09,-1.25877e-06,-9.79438e-09,0.000199995
-0.667367,-0.23472,1.59265,-0.667268,-0.241164,1.59666,0.00767653,-0.00549629,0.0174743,0.405088,0.000200015,1.25915e-10,-1.25821e-06,1.25915e-10,0.0002,-1.23055e-08,-1.25821e-06,-1.23055e-08,0.000199995
-0.667419,-0.233082,1.59344,-0.6674,-0.240886,1.59609,0.00762433,-0.00385823,0.0182651,0.410835,0.000200015,1.51995e-10,-1.26464e-06,1.51995e-10,0.0002,-1.45739e-08,-1.26464e-06,-1.45739e-08,0.000199994
-0.667398,-0.22714,1.59442,-0.667065,-0.217517,1.59883,0.007538,-0.00764858,0.0211982,0.50827,0.000200015,1.71775e-10,-1.26195e-06,1.71775e-10,0.0002,-1.61169e-08,-1.26195e-06,-1.61169e-08,0.000199994
-0.667368,-0.222341,1.5947,-0.666992,-0.217289,1.59844,0.00756788,-0.0028498,0.0214842,0.500725,0.000200015,1.88017e-10,-1.26023e-06,1.88017e-10,0.0002,-1.73105e-08,-1.26023e-06,-1.73105e-08,0.000199994
-0.667483,-0.218311,1.59513,-0.667471,-0.216753,1.59737,0.00745288,0.00118059,0.0219146,0.476292,0.000200015,2.64038e-10,-1.27257e-06,2.64038e-10,0.0002,-2.55664e-08,-1.27257e-06,-2.55664e-08,0.000199994
-0.66748,-0.214997,1.59541,-0.667531,-0.216215,1.59653,0.00727582,0.000383956,0.0188835,0.459303,0.000200015,1.82382e-10,-1.27747e-06,1.82382e-10,0.0002,-1.40168e-08,-1.27747e-06,-1.40168e-08,0.000199994
-0.667546,-0.212254,1.59586,-0.667672,-0.215532,1.59559,0.00721018,0.00312763,0.0193337,0.457877,0.000200015,1.73327e-10,-1.27363e-06,1.73327e-10,0.0002,-1.36273e-08,-1.27363e-06,-1.36273e-08,0.000199994
-0.667459,-0.208107,1.59577,-0.666969,-0.205774,1.59541,0.00734739,-0.00711151,0.0233618,0.543309,0.000200015,1.66736e-10,-1.27117e-06,1.66736e-10,0.0002,-1.33473e-08,-1.27117e-06,-1.33473e-08,0.000199994
-0.667418,-0.204756,1.59579,-0.667007,-0.205707,1.59534,0.00738799,-0.00376016,0.0233793,0.537598,0.000200015,1.91697e-10,-1.27292e-06,1.91697e-10,0.0002,-1.66728e-08,-1.27292e-06,-1.66728e-08,0.000199994
-0.667457,-0.202102,1.59514,-0.667152,-0.205625,1.59511,0.00734927,-0.00110626,0.0227264,0.532519,0.000200015,2.63416e-10,-1.26707e-06,2.63416e-10,0.0002,-2.50913e-08,-1.26707e-06,-2.50913e-08,0.000199994
-0.667507,-0.199913,1.59476,-0.667253,-0.205506,1.59478,0.00719733,-0.00371152,0.0212452,0.52718,0.000200015,3.20781e-10,-1.27014e-06,3.20781e-10,0.0002,-3.04638e-08,-1.27014e-06,-3.04638e-08,0.000199994
-0.667479,-0.198026,1.59435,-0.667333,-0.205268,1.59429,0.00722523,-0.00182529,0.0208409,0.520831,0.000200015,2.53979e-10,-1.28604e-06,2.53979e-10,0.0002,-2.04387e-08,-1.28604e-06,-2.04387e-08,0.000199994
-0.66754,-0.19658,1.59446,-0.667453,-0.205041,1.59385,0.00693767,-0.00924533,0.0211983,0.510078,0.000200015,2.79364e-10,-1.27896e-06,2.79364e-10,0.0002,-2.39392e-08,-1.27896e-06,-2.39392e-08,0.000199994
-0.667494,-0.191116,1.5966,-0.66691,-0.183295,1.60516,0.00698373,-0.00378159,0.023337,0.506988,0.000200015,2.9669e-10,-1.26762e-06,2.9669e-10,0.0002,-2.59494e-08,-1.26762e-06,-2.59494e-08,0.000199994
-0.667431,-0.186683,1.59822,-0.666856,-0.183308,1.60525,0.00704735,0.00065108,0.0249627,0.503494,0.000200015,2.93075e-10,-1.27064e-06,2.93075e-10,0.0002,-2.49982e-08,-1.27064e-06,-2.49982e-08,0.000199994
-0.667395,-0.183053,1.59946,-0.666915,-0.1831,1.60492,0.0071441,-0.00503361,0.0248584,0.500319,0.000200015,2.98527e-10,-1.27936e-06,2.98527e-10,0.0002,-2.5322e-08,-1.27936e-06,-2.5322e-08,0.000199994
-0.66741,-0.18012,1.60008,-0.666922,-0.182734,1.60413,0.00712872,-0.00210007,0.0254806,0.505638,0.000200015,3.60763e-10,-1.27794e-06,3.60763e-10,0.0002,-3.2596e-08,-1.27794e-06,-3.2596e-08,0.000199994
-0.667376,-0.177612,1.60064,-0.666891,-0.182362,1.60339,0.00709067,-0.00861084,0.0267876,0.493978,0.000200015,3.62306e-10,-1.29082e-06,3.62306e-10,0.0002,-3.12491e-08,-1.29082e-06,-3.12491e-08,0.000199994
-0.667101,-0.172444,1.6001,-0.665685,-0.166551,1.59746,0.00736624,-0.00344249,0.0262538,0.294416,0.000200016,3.65143e-10,-1.29905e-06,3.65143e-10,0.0002,-3.07728e-08,-1.29905e-06,-3.07728e-08,0.000199994
-0.666868,-0.168371,1.59998,-0.665749,-0.166544,1.5974,0.00759851,0.000630438,0.0261254,0.294416,0.000200016,3.32485e-10,-1.29422e-06,3.32485e-10,0.0002,-2.66929e-08,-1.29422e-06,-2.66929e-08,0.000199994
-0.666674,-0.165077,1.59935,-0.665709,-0.166368,1.59687,0.00790193,-0.00527355,0.0276726,0.28934,0.000200016,3.03759e-10,-1.29113e-06,3.03759e-10,0.0002,-2.37828e-08,-1.29113e-06,-2.37828e-08,0.000199994
-0.666501,-0.162376,1.59822,-0.665421,-0.165815,1.59577,0.00807519,-0.00257189,0.0265413,0.274112,0.000200015,3.31795e-10,-1.28217e-06,3.31795e-10,0.0002,-2.80056e-08,-1.28217e-06,-2.80056e-08,0.000199994
-0.666414,-0.160174,1.59676,-0.665382,-0.165288,1.59454,0.00707133,-0.00997354,0.0224086,0.290538,0.000200015,4.29363e-10,-1.26597e-06,4.29363e-10,0.0002,-3.9951e-08,-1.26597e-06,-3.9951e-08,0.000199994
-0.666261,-0.15815,1.59569,-0.665285,-0.164724,1.59347,0.0072245,-0.00794893,0.0213353,0.271613,0.000200015,4.28023e-10,-1.27971e-06,4.28023e-10,0.0002,-3.7517e-08,-1.27971e-06,-3.7517e-08,0.000199994
-0.666679,-0.152708,1.59712,-0.667933,-0.145612,1.60389,0.00680604,-0.00250718,0.0227702,0.576332,0.000200015,4.21137e-10,-1.28851e-06,4.21137e-10,0.0002,-3.55768e-08,-1.28851e-06,-3.55768e-08,0.000199994
-0.666982,-0.14842,1.59891,-0.667985,-0.14573,1.60401,0.00703397,-0.00255848,0.0261042,0.571332,0.000200015,3.62682e-10,-1.28749e-06,3.62682e-10,0.0002,-2.83864e-08,-1.28749e-06,-2.83864e-08,0.000199994
-0.667271,-0.144965,1.60032,-0.667991,-0.145604,1.60386,0.00674515,0.000896276,0.0275094,0.576332,0.000200015,3.80457e-10,-1.28663e-06,3.80457e-10,0.0002,-3.14188e-08,-1.28663e-06,-3.14188e-08,0.000199994
-0.667505,-0.142131,1.6008,-0.668095,-0.145361,1.60325,0.00703258,-0.00556376,0.0307328,0.576332,0.000200016,3.71482e-10,-1.28958e-06,3.71482e-10,0.0002,-3.04085e-08,-1.28958e-06,-3.04085e-08,0.000199994
-0.667683,-0.139827,1.60081,-0.668159,-0.145076,1.60289,0.00685399,-0.00326001,0.0307367,0.574301,0.000200015,3.34631e-10,-1.28816e-06,3.34631e-10,0.0002,-2.63042e-08,-1.28816e-06,-2.63042e-08,0.000199994
-0.667878,-0.137882,1.60073,-0.668205,-0.144772,1.60249,0.00665864,-0.00131509,0.0306611,0.559301,0.000200016,3.66272e-10,-1.29385e-06,3.66272e-10,0.0002,-3.06836e-08,-1.29385e-06,-3.06836e-08,0.000199994
-0.668025,-0.132768,1.60015,-0.668183,-0.127196,1.59781,0.00636516,-0.00553853,0.0265573,0.60051,0.000200016,3.97524e-10,-1.30429e-06,3.97524e-10,0.0002,-3.38975e-08,-1.30429e-06,-3.38975e-08,0.000199994
-0.668183,-0.128722,1.60009,-0.668191,-0.127204,1.59778,0.00620698,-0.00149271,0.026497,0.590609,0.000200016,4.76828e-10,-1.30397e-06,4.76828e-10,0.0002,-4.25231e-08,-1.30397e-06,-4.25231e-08,0.000199994
-0.66825,-0.125504,1.60014,-0.668219,-0.127198,1.59776,0.00688997,-0.00757061,0.0286496,0.59556,0.000200016,4.50119e-10,-1.30066e-06,4.50119e-10,0.0002,-3.77687e-08,-1.30066e-06,-3.77687e-08,0.000199994
-0.668259,-0.122868,1.59964,-0.668205,-0.126899,1.59713,0.00688137,-0.00493485,0.0281512,0.570807,0.000200016,3.67019e-10,-1.29876e-06,3.67019e-10,0.0002,-2.77056e-08,-1.29876e-06,-2.77056e-08,0.000199994
-0.668261,-0.120748,1.59892,-0.668191,-0.126628,1.59653,0.00687981,-0.00281455,0.0274258,0.568689,0.000200016,2.9523e-10,-1.29073e-06,2.9523e-10,0.0002,-2.07168e-08,-1.29073e-06,-2.07168e-08,0.000199994
-0.668165,-0.115166,1.59929,-0.667351,-0.107509,1.60181,0.00577054,-0.0068861,0.0262962,0.440967,0.000200016,3.27336e-10,-1.29552e-06,3.27336e-10,0.0002,-2.63414e-08,-1.29552e-06,-2.63414e-08,0.000199994
-0.668033,-0.110663,1.59959,-0.667273,-0.10754,1.60183,0.00590299,-0.00238304,0.0265961,0.440967,0.000200016,3.0167e-10,-1.30558e-06,3.0167e-10,0.0002,-2.35034e-08,-1.30558e-06,-2.35034e-08,0.000199994
-0.667955,-0.107074,1.60053,-0.667317,-0.1075,1.60171,0.00640444,-0.00817307,0.0251378,0.426042,0.000200016,3.14392e-10,-1.3085e-06,3.14392e-10,0.0002,-2.55631e-08,-1.3085e-06,-2.55631e-08,0.000199994
-0.667837,-0.10415,1.60107,-0.667139,-0.107133,1.60118,0.00652287,-0.00524955,0.0256808,0.410309,0.000200016,2.97989e-10,-1.30707e-06,2.97989e-10,0.0002,-2.37608e-08,-1.30707e-06,-2.37608e-08,0.000199994
-0.6677,-0.10178,1.60128,-0.667037,-0.10687,1.60056,0.00665969,-0.00287876,0.0258885,0.404901,0.000200016,2.5631e-10,-1.30285e-06,2.5631e-10,0.0002,-1.92957e-08,-1.30285e-06,-1.92957e-08,0.000199994
-0.667544,-0.0998395,1.60078,-0.666909,-0.10655,1.59983,0.00735503,-0.010332,0.0278118,0.389976,0.000200016,1.91922e-10,-1.29685e-06,1.91922e-10,0.0002,-1.27286e-08,-1.29685e-06,-1.27286e-08,0.000199994
-0.667352,-0.094422,1.60141,-0.666443,-0.0873257,1.60443,0.00754664,-0.00491449,0.0284371,0.552956,0.000200016,1.70894e-10,-1.29631e-06,1.70894e-10,0.0002,-1.1859e-08,-1.29631e-06,-1.1859e-08,0.000199994
-0.667239,-0.0900661,1.60215,-0.666422,-0.0874219,1.60462,0.00642286,-0.00939995,0.0268819,0.552956,0.000200016,2.20265e-10,-1.30256e-06,2.20265e-10,0.0002,-1.87273e-08,-1.30256e-06,-1.87273e-08,0.000199994
-0.66705,-0.0865363,1.60257,-0.666144,-0.0869907,1.60374,0.00661249,-0.00587017,0.0273021,0.552956,0.000200016,2.03314e-10,-1.29996e-06,2.03314e-10,0.0002,-1.64577e-08,-1.29996e-06,-1.64577e-08,0.000199994
-0.666819,-0.0836677,1.60314,-0.665761,-0.086554,1.60284,0.00684318,-0.00300151,0.0278719,0.549547,0.000200016,1.90673e-10,-1.29149e-06,1.90673e-10,0.0002,-1.52219e-08,-1.29149e-06,-1.52219e-08,0.000199994
-0.666554,-0.0811885,1.60323,-0.665248,-0.0859481,1.60153,0.00843477,-0.00956763,0.0314921,0.529345,0.000200016,2.15384e-10,-1.29616e-06,2.15384e-10,0.0002,-1.83702e-08,-1.29616e-06,-1.83702e-08,0.000199994
-0.666849,-0.0757216,1.60556,-0.667694,-0.0683166,1.61487,0.00814058,-0.00410075,0.0338202,0.622266,0.000200016,2.30969e-10,-1.29235e-06,2.30969e-10,0.0002,-1.99638e-08,-1.29235e-06,-1.99638e-08,0.000199994
-0.667083,-0.0713891,1.60696,-0.667777,-0.0684186,1.61512,0.00790577,0.000231752,0.0352155,0.623116,0.000200016,2.19306e-10,-1.28661e-06,2.19306e-10,0.0002,-1.82443e-08,-1.28661e-06,-1.82443e-08,0.000199994
-0.667361,-0.0677998,1.60833,-0.667878,-0.0683215,1.61484,0.00743819,-0.000986569,0.0332055,0.61809,0.000200016,3.10672e-10,-1.29956e-06,3.10672e-10,0.0002,-2.87773e-08,-1.29956e-06,-2.87773e-08,0.000199994
-0.66752,-0.0648642,1.60985,-0.667875,-0.0681187,1.61438,0.00727907,0.00194903,0.0347279,0.612216,0.000200016,3.06443e-10,-1.31161e-06,3.06443e-10,0.0002,-2.64052e-08,-1.31161e-06,-2.64052e-08,0.000199994
-0.667642,-0.0625596,1.61142,-0.667858,-0.0679131,1.61408,0.00715708,0.00425358,0.0362998,0.612216,0.000200016,3.02279e-10,-1.3057e-06,3.02279e-10,0.0002,-2.53223e-08,-1.3057e-06,-2.53223e-08,0.000199994
-0.667763,-0.0606698,1.61249,-0.667854,-0.0677841,1.61367,0.006488,-0.00814368,0.0383704,0.607688,0.000200016,3.34706e-10,-1.30516e-06,3.34706e-10,0.0002,-2.88431e-08,-1.30516e-06,-2.88431e-08,0.000199994
-0.668146,-0.0559102,1.61182,-0.66963,-0.0512398,1.60967,0.00610453,-0.00338407,0.0377051,0.630928,0.000200016,2.68386e-10,-1.29504e-06,2.68386e-10,0.0002,-2.05485e-08,-1.29504e-06,-2.05485e-08,0.000199994
-0.668553,-0.0521,1.61085,-0.669708,-0.0512094,1.60955,0.00622054,-0.00449791,0.0327435,0.635928,0.000200016,3.25811e-10,-1.28801e-06,3.25811e-10,0.0002,-2.82982e-08,-1.28801e-06,-2.82982e-08,0.000199994
-0.668868,-0.0489293,1.61014,-0.66975,-0.0511332,1.60935,0.00590563,-0.00132724,0.0320298,0.635947,0.000200016,3.49181e-10,-1.30067e-06,3.49181e-10,0.0002,-3.01432e-08,-1.30067e-06,-3.01432e-08,0.000199994
-0.669236,-0.046326,1.60984,-0.669796,-0.0510977,1.60914,0.00496508,-0.00772084,0.0322368,0.635928,0.000200016,5.18245e-10,-1.3183e-06,5.18245e-10,0.0002,-4.85724e-08,-1.3183e-06,-4.85724e-08,0.000199994
-0.669465,-0.0442996,1.60989,-0.669808,-0.0510728,1.60908,0.00473574,-0.00569445,0.0322941,0.635928,0.000200016,5.58149e-10,-1.31979e-06,5.58149e-10,0.0002,-4.98053e-08,-1.31979e-06,-4.98053e-08,0.000199994
-0.670009,-0.0386742,1.61258,-0.671849,-0.0309549,1.62178,0.00419209,-6.90448e-05,0.0349838,0.404122,0.000200016,4.95785e-10,-1.31773e-06,4.95785e-10,0.0002,-4.0347e-08,-1.31773e-06,-4.0347e-08,0.000199994
-0.670465,-0.0342497,1.61444,-0.671835,-0.0310105,1.62184,0.00433391,-0.00562142,0.0350674,0.394078,0.000200016,4.75928e-10,-1.30606e-06,4.75928e-10,0.0002,-3.83563e-08,-1.30606e-06,-3.83563e-08,0.000199994
-0.670893,-0.0307364,1.61582,-0.671826,-0.0310214,1.62187,0.00390537,-0.00210818,0.0364525,0.404998,0.000200016,5.51559e-10,-1.29472e-06,5.51559e-10,0.0002,-4.79322e-08,-1.29472e-06,-4.79322e-08,0.000199994
-0.671208,-0.0278107,1.61685,-0.671869,-0.0308798,1.62148,0.00355437,-0.00846202,0.0399118,0.400167,0.000200016,5.68674e-10,-1.30133e-06,5.68674e-10,0.0002,-4.85076e-08,-1.30133e-06,-4.85076e-08,0.000199994
-0.671545,-0.0253714,1.61765,-0.671959,-0.0306895,1.62084,0.00321725,-0.00602267,0.0407105,0.389998,0.000200016,6.80654e-10,-1.31528e-06,6.80654e-10,0.0002,-6.00925e-08,-1.31528e-06,-6.00925e-08,0.000199994
-0.671769,-0.0234049,1.61869,-0.672055,-0.0305233,1.62027,0.00373853,-0.0133635,0.0390727,0.394998,0.000200016,6.84254e-10,-1.32124e-06,6.84254e-10,0.0002,-5.78443e-08,-1.32124e-06,-5.78443e-08,0.000199994
-0.671613,-0.0179909,1.61834,-0.670742,-0.0110164,1.61487,0.003894,-0.00794944,0.0387202,0.59901,0.000200016,5.91738e-10,-1.31534e-06,5.91738e-10,0.0002,-4.61512e-08,-1.31534e-06,-4.61512e-08,0.000199994
-0.671572,-0.0137106,1.61769,-0.670856,-0.0109372,1.61457,0.00393533,-0.00366913,0.038069,0.59901,0.000200016,5.94512e-10,-1.30088e-06,5.94512e-10,0.0002,-4.80314e-08,-1.30088e-06,-4.80314e-08,0.000199994
-0.671602,-0.0102383,1.61672,-0.670953,-0.0108999,1.61441,0.00405594,-0.010202,0.0399115,0.59419,0.000200016,6.5603e-10,-1.29813e-06,6.5603e-10,0.0002,-5.58137e-08,-1.29813e-06,-5.58137e-08,0.000199994
-0.67168,-0.00732195,1.61573,-0.671102,-0.0107341,1.61385,0.00397783,-0.00728564,0.0389228,0.584289,0.000200016,7.43513e-10,-1.31324e-06,7.43513e-10,0.0002,-6.44558e-08,-1.31324e-06,-6.44558e-08,0.000199994
-0.67181,-0.00493383,1.61513,-0.671343,-0.0105614,1.61325,0.00325929,-0.0140717,0.0371016,0.579338,0.000200016,8.42488e-10,-1.32618e-06,8.42488e-10,0.0002,-7.32492e-08,-1.32618e-06,-7.32492e-08,0.000199994
-0.671928,0.000929045,1.61521,-0.671736,0.00950548,1.61555,0.00314165,-0.00820886,0.0371843,0.544118,0.000200016,8.19471e-10,-1.32473e-06,8.19471e-10,0.0002,-6.79954e-08,-1.32473e-06,-6.79954e-08,0.000199994
-0.672067,0.00551122,1.61545,-0.671994,0.00960225,1.61535,0.00300203,-0.00362668,0.0374175,0.54902,0.000200016,7.82661e-10,-1.30339e-06,7.82661e-10,0.0002,-6.38836e-08,-1.30339e-06,-6.38836e-08,0.000199994
-0.672149,0.009244,1.61547,-0.672146,0.00960449,1.61505,0.00343607,-0.00494009,0.0351411,0.544118,0.000200016,6.74439e-10,-1.30039e-06,6.74439e-10,0.0002,-5.15569e-08,-1.30039e-06,-5.15569e-08,0.000199994
-0.672335,0.0122905,1.615,-0.672316,0.00971223,1.61465,0.00324994,-0.00189362,0.0346665,0.544118,0.000200016,7.0804e-10,-1.30467e-06,7.0804e-10,0.0002,-5.73387e-08,-1.30467e-06,-5.73387e-08,0.000199994
-0.672532,0.0148107,1.61465,-0.672558,0.00991431,1.6138,0.00291439,-0.0084055,0.0372934,0.52451,0.000200016,7.41912e-10,-1.31422e-06,7.41912e-10,0.0002,-6.12368e-08,-1.31422e-06,-6.12368e-08,0.000199994
-0.672746,0.0169523,1.61392,-0.672842,0.0103286,1.61253,0.00270006,-0.00626389,0.036559,0.534314,0.000200016,7.72431e-10,-1.32714e-06,7.72431e-10,0.0002,-6.37389e-08,-1.32714e-06,-6.37389e-08,0.000199994
-0.672859,0.0223024,1.61399,-0.672843,0.0288191,1.6184,0.00258751,-0.000913802,0.0366258,0.49505,0.000200016,6.93796e-10,-1.32568e-06,6.93796e-10,0.0002,-5.40385e-08,-1.32568e-06,-5.40385e-08,0.000199994
-0.673008,0.026538,1.61444,-0.672938,0.0288182,1.61835,0.00239083,-0.00626414,0.0379943,0.490099,0.000200016,6.87087e-10,-1.31764e-06,6.87087e-10,0.0002,-5.46186e-08,-1.31764e-06,-5.46186e-08,0.000199994
-0.673134,0.0299915,1.61371,-0.673067,0.0290331,1.61752,0.00226496,-0.00281055,0.0372639,0.480198,0.000200016,6.53379e-10,-1.31605e-06,6.53379e-10,0.0002,-5.14011e-08,-1.31605e-06,-5.14011e-08,0.000199994
-0.673259,0.0329163,1.61267,-0.673213,0.0298415,1.6152,0.00291018,-0.00988258,0.0327554,0.509901,0.000200016,6.24544e-10,-1.31505e-06,6.24544e-10,0.0002,-4.89967e-08,-1.31505e-06,-4.89967e-08,0.000199994
-0.673428,0.0353935,1.61176,-0.673379,0.0307494,1.61279,0.00274144,-0.0074053,0.0318485,0.524752,0.000200016,6.54511e-10,-1.30734e-06,6.54511e-10,0.0002,-5.37307e-08,-1.30734e-06,-5.37307e-08,0.000199994
-0.673591,0.0375703,1.61101,-0.673535,0.0315107,1.61061,0.00257832,-0.0052285,0.0311021,0.529703,0.000200016,6.82585e-10,-1.30921e-06,6.82585e-10,0.0002,-5.68535e-08,-1.30921e-06,-5.68535e-08,0.000199994
-0.673746,0.0428029,1.61238,-0.673739,0.0490692,1.6168,0.00238163,-0.00918628,0.0375361,0.455446,0.000200016,6.73814e-10,-1.30714e-06,6.73814e-10,0.0002,-5.53891e-08,-1.30714e-06,-5.53891e-08,0.000199994
-0.673904,0.0469747,1.61373,-0.673899,0.0489987,1.6171,0.00222362,-0.00501445,0.038894,0.455446,0.000200016,6.72704e-10,-1.30579e-06,6.72704e-10,0.0002,-5.52134e-08,-1.30579e-06,-5.52134e-08,0.000199994
-0.674012,0.0503284,1.61476,-0.674008,0.0490713,1.6168,0.00204665,-0.0113366,0.043941,0.460396,0.000200016,6.18998e-10,-1.30519e-06,6.18998e-10,0.0002,-4.8938e-08,-1.30519e-06,-4.8938e-08,0.000199994
-0.674186,0.0530183,1.61455,-0.674141,0.0494387,1.61525,0.00187217,-0.00864668,0.0437285,0.465347,0.000200016,6.56629e-10,-1.29416e-06,6.56629e-10,0.0002,-5.47342e-08,-1.29416e-06,-5.47342e-08,0.000199994
-0.674307,0.0553797,1.61403,-0.674252,0.0500507,1.61352,0.00175179,-0.00628537,0.0432118,0.475248,0.000200016,6.3871e-10,-1.30101e-06,6.3871e-10,0.0002,-5.21361e-08,-1.30101e-06,-5.21361e-08,0.000199994
-0.674137,0.0610472,1.61122,-0.672783,0.0687366,1.60156,0.00190586,-0.0051965,0.0412445,0.365618,0.000200016,6.85228e-10,-1.3119e-06,6.85228e-10,0.0002,-5.73209e-08,-1.3119e-06,-5.73209e-08,0.000199994
-0.674035,0.0656175,1.6094,-0.673088,0.0688054,1.60105,0.00200741,-0.000626233,0.0394159,0.356049,0.000200016,6.86889e-10,-1.32246e-06,6.86889e-10,0.0002,-5.63416e-08,-1.32246e-06,-5.63416e-08,0.000199994
-0.673936,0.06922,1.60821,-0.673134,0.068851,1.60089,0.00216881,-0.00650993,0.0397012,0.360834,0.000200016,6.4459e-10,-1.31918e-06,6.4459e-10,0.0002,-5.12181e-08,-1.31918e-06,-5.12181e-08,0.000199994
-0.673918,0.0721205,1.607,-0.67324,0.0689513,1.60062,0.00218669,-0.0036094,0.0384917,0.368421,0.000200016,6.63498e-10,-1.31685e-06,6.63498e-10,0.0002,-5.40583e-08,-1.31685e-06,-5.40583e-08,0.000199994
-0.673818,0.0744016,1.60519,-0.67336,0.0690544,1.60002,0.00228696,-0.00132831,0.0366817,0.349282,0.000200016,5.18252e-10,-1.3058e-06,5.18252e-10,0.0002,-3.75066e-08,-1.3058e-06,-3.75066e-08,0.000199994
-0.673877,0.0764107,1.60251,-0.673743,0.0696676,1.59852,0.00269386,-0.0133876,0.0292111,0.349282,0.000200016,4.84763e-10,-1.30861e-06,4.84763e-10,0.0002,-3.60745e-08,-1.30861e-06,-3.60745e-08,0.000199994
-0.674265,0.0818411,1.60109,-0.675308,0.0886817,1.60573,0.0023055,-0.00795711,0.0277868,0.59033,0.000200016,4.77866e-10,-1.31375e-06,4.77866e-10,0.0002,-3.69629e-08,-1.31375e-06,-3.69629e-08,0.000199994
-0.674513,0.0862441,1.59933,-0.675319,0.0888581,1.60524,0.00205786,-0.00355411,0.0260319,0.600846,0.000200016,3.79533e-10,-1.32074e-06,3.79533e-10,0.0002,-2.6431e-08,-1.32074e-06,-2.6431e-08,0.000199994
-0.674826,0.0898178,1.59799,-0.675393,0.0892361,1.60399,0.00172677,-0.00943813,0.0266665,0.597589,0.000200016,4.43015e-10,-1.32138e-06,4.43015e-10,0.0002,-3.5958e-08,-1.32138e-06,-3.5958e-08,0.000199994
-0.675098,0.0928462,1.59714,-0.675528,0.0900825,1.60202,0.00145476,-0.00640973,0.0258188,0.60387,0.000200016,4.93943e-10,-1.3218e-06,4.93943e-10,0.0002,-4.17842e-08,-1.3218e-06,-4.17842e-08,0.000199994
-0.675333,0.0955165,1.59649,-0.675628,0.0908946,1.60012,0.00121953,-0.00373938,0.0251732,0.607921,0.000200017,5.39917e-10,-1.33569e-06,5.39917e-10,0.0002,-4.56932e-08,-1.33569e-06,-4.56932e-08,0.000199994
-0.675434,0.0976836,1.59621,-0.675755,0.0915655,1.59869,0.0013678,-0.0115638,0.0298298,0.633012,0.000200016,4.18343e-10,-1.32798e-06,4.18343e-10,0.0002,-3.07627e-08,-1.32798e-06,-3.07627e-08,0.000199994
-0.674962,0.102827,1.59774,-0.673182,0.108822,1.6044,0.00183956,-0.00642037,0.0313613,0.500751,0.000200016,2.61967e-10,-1.31642e-06,2.61967e-10,0.0002,-1.44641e-08,-1.31642e-06,-1.44641e-08,0.000199994
-0.674603,0.106799,1.59956,-0.673058,0.108538,1.6053,0.0016777,-0.0108228,0.035442,0.496122,0.000200016,2.03809e-10,-1.29524e-06,2.03809e-10,0.0002,-1.1421e-08,-1.29524e-06,-1.1421e-08,0.000199994
-0.674341,0.110038,1.60134,-0.673057,0.108533,1.60533,0.00193986,-0.00758321,0.0372154,0.496122,0.000200016,2.03285e-10,-1.29178e-06,2.03285e-10,0.0002,-1.41769e-08,-1.29178e-06,-1.41769e-08,0.000199994
-0.674185,0.112761,1.60182,-0.673195,0.108872,1.60428,0.00209611,-0.00486066,0.0376995,0.496122,0.000200016,2.42548e-10,-1.29966e-06,2.42548e-10,0.0002,-2.00544e-08,-1.29966e-06,-2.00544e-08,0.000199994
-0.674127,0.115105,1.60191,-0.673309,0.109281,1.60279,0.00215414,-0.00251705,0.0377881,0.498174,0.000200016,3.42308e-10,-1.3181e-06,3.42308e-10,0.0002,-3.12687e-08,-1.3181e-06,-3.12687e-08,0.000199994
-0.67385,0.120599,1.60173,-0.672579,0.127792,1.60464,0.00291411,-0.00156042,0.043898,0.40991,0.000200016,2.9538e-10,-1.31671e-06,2.9538e-10,0.0002,-2.40933e-08,-1.31671e-06,-2.40933e-08,0.000199994
-0.673621,0.124951,1.6018,-0.672549,0.127784,1.6047,0.00276154,-0.00669717,0.0437532,0.414414,0.000200016,2.53602e-10,-1.30902e-06,2.53602e-10,0.0002,-1.93322e-08,-1.30902e-06,-1.93322e-08,0.000199994
-0.673403,0.128409,1.6028,-0.672493,0.127773,1.60473,0.00297942,-0.00323858,0.0447508,0.414414,0.000200016,1.95327e-10,-1.3008e-06,1.95327e-10,0.0002,-1.33544e-08,-1.3008e-06,-1.33544e-08,0.000199994
-0.673288,0.131232,1.60358,-0.672465,0.127954,1.60411,0.00304395,-0.0100579,0.0439496,0.40991,0.000200016,2.42986e-10,-1.29861e-06,2.42986e-10,0.0002,-2.0366e-08,-1.29861e-06,-2.0366e-08,0.000199994
-0.673194,0.133665,1.60352,-0.672438,0.128405,1.60275,0.00313821,-0.00762493,0.043886,0.414414,0.000200016,2.89578e-10,-1.3108e-06,2.89578e-10,0.0002,-2.5423e-08,-1.3108e-06,-2.5423e-08,0.000199994
-0.673113,0.13582,1.60265,-0.672414,0.129236,1.60075,0.00321909,-0.00546971,0.0430216,0.418919,0.000200016,3.27469e-10,-1.32542e-06,3.27469e-10,0.0002,-2.86008e-08,-1.32542e-06,-2.86008e-08,0.000199994
-0.673034,0.141231,1.60153,-0.67237,0.147882,1.59859,0.00420942,-0.00983467,0.0383683,0.318584,0.000200016,3.49725e-10,-1.32798e-06,3.49725e-10,0.0002,-2.99998e-08,-1.32798e-06,-2.99998e-08,0.000199994
-0.67295,0.145592,1.60025,-0.672379,0.147934,1.59826,0.00429349,-0.00547357,0.0370934,0.323009,0.000200016,3.31424e-10,-1.33314e-06,3.31424e-10,0.0002,-2.68702e-08,-1.33314e-06,-2.68702e-08,0.000199994
-0.672852,0.149018,1.5995,-0.672355,0.147934,1.59804,0.00370807,-0.0105415,0.0407688,0.314159,0.000200016,2.7801e-10,-1.32634e-06,2.7801e-10,0.0002,-2.07402e-08,-1.32634e-06,-2.07402e-08,0.000199994
-0.672764,0.151791,1.5996,-0.672327,0.148099,1.59744,0.00379548,-0.00776785,0.0408749,0.318584,0.000200016,2.36951e-10,-1.32199e-06,2.36951e-10,0.0002,-1.69498e-08,-1.32199e-06,-1.69498e-08,0.000199994
-0.672742,0.154057,1.59933,-0.672354,0.14834,1.59666,0.00381798,-0.00550201,0.0405956,0.314159,0.000200016,2.63935e-10,-1.31901e-06,2.63935e-10,0.0002,-2.12553e-08,-1.31901e-06,-2.12553e-08,0.000199994
-0.673018,0.159979,1.60219,-0.673704,0.168677,1.61416,0.00393696,-0.00460356,0.0395,0.828045,0.000200016,2.86224e-10,-1.32391e-06,2.86224e-10,0.0002,-2.38273e-08,-1.32391e-06,-2.38273e-08,0.000199994
-0.6732,0.164582,1.60483,-0.673472,0.168002,1.61592,0.00375491,-1.00587e-06,0.0421424,0.825352,0.000200016,3.16047e-10,-1.32702e-06,3.16047e-10,0.0002,-2.68474e-08,-1.32702e-06,-2.68474e-08,0.000199994
-0.673325,0.168232,1.60687,-0.673337,0.167842,1.61655,0.00330978,-0.010873,0.0472958,0.857237,0.000200016,3.49248e-10,-1.32898e-06,3.49248e-10,0.0002,-2.99238e-08,-1.32898e-06,-2.99238e-08,0.000199994
-0.673352,0.171118,1.60864,-0.673397,0.167871,1.61623,0.00328231,-0.00798669,0.0490657,0.83579,0.000200016,2.62581e-10,-1.32389e-06,2.62581e-10,0.0002,-1.91434e-08,-1.32389e-06,-1.91434e-08,0.000199994
-0.673413,0.173429,1.61072,-0.673481,0.167992,1.61593,0.00322187,-0.00567555,0.0511461,0.825352,0.000200016,2.31991e-10,-1.3171e-06,2.31991e-10,0.0002,-1.67799e-08,-1.3171e-06,-1.67799e-08,0.000199994
-0.673528,0.175352,1.61187,-0.673579,0.168158,1.61545,0.00304387,-0.00895629,0.0490103,0.816731,0.000200016,2.77542e-10,-1.31927e-06,2.77542e-10,0.0002,-2.30759e-08,-1.31927e-06,-2.30759e-08,0.000199994
-0.673186,0.18089,1.60803,-0.671315,0.187949,1.59374,0.00338625,-0.00341828,0.0451731,0.453782,0.000200016,3.80586e-10,-1.32718e-06,3.80586e-10,0.0002,-3.44872e-08,-1.32718e-06,-3.44872e-08,0.000199994
-0.672862,0.18527,1.60462,-0.671213,0.188008,1.59357,0.00413097,-0.00888783,0.0453109,0.445895,0.000200016,4.09282e-10,-1.32224e-06,4.09282e-10,0.0002,-3.59754e-08,-1.32224e-06,-3.59754e-08,0.000199994
-0.672518,0.1888,1.60177,-0.671132,0.188025,1.59349,0.00447484,-0.00535737,0.0424606,0.445895,0.000200016,3.28158e-10,-1.32286e-06,3.28158e-10,0.0002,-2.51613e-08,-1.32286e-06,-2.51613e-08,0.000199994
-0.672262,0.191584,1.59968,-0.671052,0.18804,1.5934,0.00473001,-0.00257377,0.0403712,0.441694,0.000200016,3.07379e-10,-1.31625e-06,3.07379e-10,0.0002,-2.36012e-08,-1.31625e-06,-2.36012e-08,0.000199994
-0.672004,0.19381,1.59868,-0.670916,0.188141,1.59311,0.0049734,-0.00972297,0.0420756,0.441694,0.000200016,2.56596e-10,-1.30873e-06,2.56596e-10,0.0002,-1.85455e-08,-1.30873e-06,-1.85455e-08,0.000199994
-0.671826,0.199623,1.59824,-0.671042,0.207873,1.59497,0.0051514,-0.00391046,0.0416428,0.371927,0.000200016,2.18201e-10,-1.31753e-06,2.18201e-10,0.0002,-1.52256e-08,-1.31753e-06,-1.52256e-08,0.000199994
-0.671644,0.204276,1.59726,-0.671052,0.207885,1.59491,0.00567409,-0.00874279,0.0427945,0.36776,0.000200016,1.25101e-10,-1.32335e-06,1.25101e-10,0.0002,-5.71659e-09,-1.32335e-06,-5.71659e-09,0.000199994
-0.671415,0.208107,1.59596,-0.67095,0.207884,1.59491,0.00590256,-0.0049122,0.0414946,0.363593,0.000200017,-4.05142e-11,-1.34433e-06,-4.05142e-11,0.0002,1.09231e-08,-1.34433e-06,1.09231e-08,0.000199994
-0.671209,0.211088,1.59447,-0.670854,0.207894,1.59473,0.00610845,-0.00193087,0.0400046,0.365913,0.000200017,-1.80042e-10,-1.34413e-06,-1.80042e-10,0.0002,2.27979e-08,-1.34413e-06,2.27979e-08,0.000199994
-0.671092,0.213467,1.59352,-0.670795,0.207975,1.59437,0.00582866,-0.00910085,0.0341724,0.352523,0.000200017,-2.0013e-10,-1.34034e-06,-2.0013e-10,0.0002,2.08e-08,-1.34034e-06,2.08e-08,0.000199994
-0.670976,0.215375,1.59296,-0.67059,0.208113,1.59382,0.00594506,-0.00719231,0.0336092,0.34419,0.000200017,-1.83057e-10,-1.33444e-06,-1.83057e-10,0.0002,1.64644e-08,-1.33444e-06,1.64644e-08,0.000199994
-0.670953,0.220753,1.59321,-0.67138,0.227573,1.59419,0.00557492,-0.0111313,0.0363671,0.501232,0.000200016,-2.84512e-10,-1.32416e-06,-2.84512e-10,0.0002,2.73486e-08,-1.32416e-06,2.73486e-08,0.000199994
-0.67098,0.225136,1.5934,-0.671378,0.227552,1.59416,0.00554859,-0.00674878,0.0365575,0.493582,0.000200017,-3.02822e-10,-1.33105e-06,-3.02822e-10,0.0002,2.7088e-08,-1.33105e-06,2.7088e-08,0.000199994
-0.671022,0.228577,1.59324,-0.671379,0.227549,1.59415,0.00550672,-0.00330767,0.0363982,0.489484,0.000200016,-2.85765e-10,-1.32517e-06,-2.85765e-10,0.0002,2.38412e-08,-1.32517e-06,2.38412e-08,0.000199994
-0.671012,0.231334,1.59291,-0.671378,0.227566,1.59417,0.00515669,-0.0100547,0.0408683,0.501232,0.000200016,-3.31275e-10,-1.32155e-06,-3.31275e-10,0.0002,2.8766e-08,-1.32155e-06,2.8766e-08,0.000199994
-0.670962,0.233546,1.59284,-0.671378,0.227591,1.59413,0.0052075,-0.00784296,0.0408021,0.498804,0.000200016,-4.25945e-10,-1.31938e-06,-4.25945e-10,0.0002,3.87564e-08,-1.31938e-06,3.87564e-08,0.000199994
-0.670616,0.235242,1.59338,-0.671359,0.227619,1.59399,0.00546996,-0.0154167,0.0399426,0.490607,0.000200016,-9.03627e-10,-1.30547e-06,-9.03627e-10,0.0002,9.27528e-08,-1.30547e-06,9.27528e-08,0.000199994
-0.669924,0.24055,1.59401,-0.670465,0.247879,1.59338,0.00616179,-0.0101086,0.0405662,0.463115,0.000200016,-1.57494e-09,-1.28049e-06,-1.57494e-09,0.0002,1.64705e-07,-1.28049e-06,1.64705e-07,0.000199994
-0.66904,0.244444,1.59417,-0.670438,0.247883,1.59326,0.00704655,-0.0062152,0.0407307,0.454918,0.000200014,-2.41827e-09,-1.2079e-06,-2.41827e-09,0.0002,2.63049e-07,-1.2079e-06,2.63049e-07,0.000199994
-0.667678,0.246837,1.5946,-0.670339,0.247929,1.59317,0.00761892,-0.0136308,0.0409263,0.45082,0.000200012,-3.461e-09,-1.04483e-06,-3.461e-09,0.000200001,4.27318e-07,-1.04483e-06,4.27318e-07,0.000199995
-0.666378,0.248411,1.59491,-0.669963,0.247909,1.59306,0.00891869,-0.0120568,0.0412433,0.438525,0.000200009,-4.0104e-09,-8.86649e-07,-4.0104e-09,0.000200002,5.54086e-07,-8.86649e-07,5.54086e-07,0.000199995
-0.665314,0.249444,1.59545,-0.669551,0.247954,1.59295,0.00683686,-0.018024,0.0465548,0.434426,0.000200007,-4.06623e-09,-7.47931e-07,-4.06623e-09,0.000200003,6.25804e-07,-7.47931e-07,6.25804e-07,0.000199996
-0.662968,0.253517,1.59649,-0.66286,0.265561,1.59127,0.00918291,-0.0139509,0.0475909,0.628497,0.000200005,-3.91999e-09,-6.16031e-07,-3.91999e-09,0.000200004,6.96404e-07,-6.16031e-07,6.96404e-07,0.000199996
-0.660954,0.256626,1.59761,-0.662719,0.265539,1.59117,0.0111973,-0.0108426,0.0487104,0.621464,0.000200004,-3.6701e-09,-5.08707e-07,-3.6701e-09,0.000200005,7.59078e-07,-5.08707e-07,7.59078e-07,0.000199997
-0.659165,0.258968,1.59878,-0.662592,0.265538,1.59098,0.0107026,-0.0105748,0.0488575,0.616658,0.000200003,-3.36901e-09,-4.17393e-07,-3.36901e-09,0.000200006,8.23543e-07,-4.17393e-07,8.23543e-07,0.000199997
-0.65765,0.260781,1.59997,-0.662288,0.265552,1.59072,0.012217,-0.00876138,0.0500488,0.616658,0.000200002,-3.04724e-09,-3.4938e-07,-3.04724e-09,0.000200006,8.68379e-07,-3.4938e-07,8.68379e-07,0.000199997
-0.65648,0.262089,1.60018,-0.662193,0.265583,1.59064,0.00837456,-0.00941221,0.0426385,0.616658,0.000200001,-2.62093e-09,-2.81814e-07,-2.62093e-09,0.000200007,8.87602e-07,-2.81814e-07,8.87602e-07,0.000199997
-0.653053,0.264061,1.60012,-0.649612,0.269488,1.58694,0.0118018,-0.0074401,0.0425831,0.448871,0.000200001,-2.42024e-09,-2.62556e-07,-2.42024e-09,0.000200007,8.95676e-07,-2.62556e-07,8.95676e-07,0.000199997
-0.650279,0.265667,1.59987,-0.64934,0.269524,1.58641,0.0145762,-0.0058349,0.0423295,0.440503,0.000200001,-2.28904e-09,-2.53462e-07,-2.28904e-09,0.000200007,8.97347e-07,-2.53462e-07,8.97347e-07,0.000199997
-0.647988,0.26705,1.59981,-0.648973,0.269601,1.58612,0.0110939,-0.00569943,0.0356845,0.422917,0.000200001,-2.27672e-09,-2.6125e-07,-2.27672e-09,0.000200007,8.97974e-07,-2.6125e-07,8.97974e-07,0.000199997
-0.646017,0.268166,1.59949,-0.648282,0.269645,1.58574,0.0130648,-0.00458382,0.0353562,0.408499,0.000200001,-2.27547e-09,-2.66133e-07,-2.27547e-09,0.000200007,8.98407e-07,-2.66133e-07,8.98407e-07,0.000199997
-0.644093,0.268898,1.59835,-0.647632,0.269663,1.58552,0.0094112,-0.00514922,0.0222412,0.408388,0.000200001,-2.17798e-09,-2.42649e-07,-2.17798e-09,0.000200008,9.33672e-07,-2.42649e-07,9.33672e-07,0.000199997
-0.64238,0.269491,1.59699,-0.647397,0.269691,1.58531,0.0111246,-0.00455631,0.0208766,0.412572,0.000200001,-2.12801e-09,-2.27621e-07,-2.12801e-09,0.000200009,9.76771e-07,-2.27621e-07,9.76771e-07,0.000199997
-0.638467,0.270665,1.60044,-0.633602,0.273315,1.61113,0.0150374,-0.00338143,0.0243275,0.581773,0.0002,-1.9848e-09,-2.09469e-07,-1.9848e-09,0.000200009,9.70671e-07,-2.09469e-07,9.70671e-07,0.000199997
-0.635244,0.271717,1.60269,-0.633435,0.273307,1.61117,0.0123344,-0.00303355,0.0175194,0.578321,0.0002,-2.00439e-09,-2.16133e-07,-2.00439e-09,0.000200009,9.76285e-07,-2.16133e-07,9.76285e-07,0.000199997
-0.632568,0.273013,1.60398,-0.632976,0.273328,1.61119,0.0150104,-0.00173758,0.0188065,0.582258,0.000200001,-2.49055e-09,-2.92509e-07,-2.49055e-09,0.000200009,9.80905e-07,-2.92509e-07,9.80905e-07,0.000199997
-0.630388,0.274533,1.60511,-0.632584,0.273299,1.61118,0.0124182,2.25721e-05,0.0163972,0.574383,0.000200001,-3.37066e-09,-4.20016e-07,-3.37066e-09,0.000200009,9.77675e-07,-4.20016e-07,9.77675e-07,0.000199996
-0.628507,0.275984,1.6055,-0.632167,0.273276,1.61122,0.0142991,0.00147267,0.0167913,0.576128,0.000200002,-4.32894e-09,-5.39543e-07,-4.32894e-09,0.000200009,9.84452e-07,-5.39543e-07,9.84452e-07,0.000199996
-0.6269,0.277277,1.60581,-0.632051,0.273287,1.61118,0.0159064,0.00276586,0.0170982,0.572191,0.000200003,-5.25821e-09,-6.37047e-07,-5.25821e-09,0.000200009,1.0016e-06,-6.37047e-07,1.0016e-06,0.000199996
-0.624471,0.278714,1.60666,-0.625661,0.274261,1.6111,0.0152829,0.00342017,0.0166154,0.565885,0.000200004,-6.08993e-09,-7.33152e-07,-6.08993e-09,0.000200009,9.90664e-07,-7.33152e-07,9.90664e-07,0.000199995
-0.622479,0.279935,1.60719,-0.625504,0.27429,1.61089,0.0172748,0.00464104,0.0171477,0.553807,0.000200005,-6.78632e-09,-8.05232e-07,-6.78632e-09,0.000200009,9.8647e-07,-8.05232e-07,9.8647e-07,0.000199995
-0.620887,0.280952,1.6078,-0.625072,0.274296,1.61077,0.0137173,0.0032162,0.026527,0.546025,0.000200006,-7.261e-09,-8.57949e-07,-7.261e-09,0.000200009,9.69669e-07,-8.57949e-07,9.69669e-07,0.000199995
-0.619566,0.281745,1.60796,-0.624732,0.274297,1.61071,0.0150379,0.00400935,0.026693,0.549337,0.000200007,-7.55501e-09,-8.88236e-07,-7.55501e-09,0.000200009,9.55562e-07,-8.88236e-07,9.55562e-07,0.000199994
-0.618405,0.282444,1.60839,-0.624516,0.274291,1.61062,0.0107696,0.000757929,0.0276192,0.549902,0.000200007,-7.88203e-09,-9.18385e-07,-7.88203e-09,0.000200009,9.5617e-07,-9.18385e-07,9.5617e-07,0.000199994
-0.616193,0.284559,1.60863,-0.617782,0.282183,1.61065,0.0129815,0.00287269,0.0278634,0.771921,0.000200008,-8.03532e-09,-9.33999e-07,-8.03532e-09,0.000200008,9.46379e-07,-9.33999e-07,9.46379e-07,0.000199994
-0.614403,0.286126,1.60902,-0.617706,0.282194,1.61059,0.0147712,0.00443918,0.0282546,0.768089,0.000200008,-8.01692e-09,-9.23756e-07,-8.01692e-09,0.000200008,9.40711e-07,-9.23756e-07,9.40711e-07,0.000199994
-0.612833,0.287345,1.60933,-0.617659,0.282212,1.61054,0.0121679,0.00121787,0.0281664,0.771921,0.000200008,-8.07722e-09,-9.11309e-07,-8.07722e-09,0.000200009,9.57621e-07,-9.11309e-07,9.57621e-07,0.000199994
-0.611638,0.288468,1.60862,-0.617608,0.282211,1.61046,0.0133632,0.00234116,0.0274618,0.764258,0.000200008,-8.19922e-09,-9.26462e-07,-8.19922e-09,0.000200009,9.57626e-07,-9.26462e-07,9.57626e-07,0.000199994
-0.610752,0.289365,1.60825,-0.617538,0.282225,1.6104,0.0142494,0.00323816,0.027092,0.762696,0.000200008,-8.20512e-09,-9.35502e-07,-8.20512e-09,0.000200008,9.44179e-07,-9.35502e-07,9.44179e-07,0.000199994
-0.610054,0.29002,1.60762,-0.617499,0.282232,1.61027,0.00928251,-0.00208787,0.0297403,0.758864,0.000200008,-8.12225e-09,-9.30711e-07,-8.12225e-09,0.000200008,9.328e-07,-9.30711e-07,9.328e-07,0.000199994
-0.606832,0.292815,1.60599,-0.604831,0.293579,1.60776,0.0125046,0.000707219,0.0281105,0.718835,0.000200008,-8.18309e-09,-9.27892e-07,-8.18309e-09,0.000200008,9.46392e-07,-9.27892e-07,9.46392e-07,0.000199994
-0.604036,0.2951,1.60404,-0.604802,0.293583,1.60761,0.00938912,-0.00306373,0.0299158,0.719498,0.000200008,-8.48785e-09,-9.33148e-07,-8.48785e-09,0.000200009,9.89683e-07,-9.33148e-07,9.89683e-07,0.000199994
-0.601867,0.296876,1.60265,-0.60474,0.293563,1.60746,0.0115574,-0.00128752,0.0285306,0.719498,0.000200008,-8.59913e-09,-9.28639e-07,-8.59913e-09,0.000200009,1.00457e-06,-9.28639e-07,1.00457e-06,0.000199994
-0.600203,0.298248,1.60174,-0.604684,0.293553,1.6074,0.0102837,-0.00304041,0.025797,0.715724,0.000200008,-8.54997e-09,-9.1813e-07,-8.54997e-09,0.000200009,1.00106e-06,-9.1813e-07,1.00106e-06,0.000199994
-0.598867,0.299384,1.60099,-0.604655,0.293542,1.60734,0.0116204,-0.001904,0.0250528,0.713623,0.000200008,-8.54804e-09,-9.17881e-07,-8.54804e-09,0.000200009,9.98913e-07,-9.17881e-07,9.98913e-07,0.000199994
-0.595236,0.302827,1.59806,-0.592029,0.305978,1.59099,0.0152514,0.00153832,0.0221213,0.692257,0.000200008,-8.63111e-09,-9.28176e-07,-8.63111e-09,0.000200009,1.00051e-06,-9.28176e-07,1.00051e-06,0.000199994
-0.592319,0.30551,1.59619,-0.591891,0.305972,1.59079,0.00870699,-0.00445232,0.0256232,0.681104,0.000200008,-8.60878e-09,-9.23641e-07,-8.60878e-09,0.000200009,9.99175e-07,-9.23641e-07,9.99175e-07,0.000199994
-0.589904,0.307635,1.59516,-0.591821,0.305974,1.59052,0.0111219,-0.00232786,0.0245919,0.683879,0.000200008,-8.62969e-09,-9.17159e-07,-8.62969e-09,0.000200009,1.00902e-06,-9.17159e-07,1.00902e-06,0.000199994
-0.587874,0.309293,1.59412,-0.591767,0.305977,1.59048,0.0131516,-0.000669486,0.0235525,0.683879,0.000200008,-8.68326e-09,-9.06059e-07,-8.68326e-09,0.00020001,1.02951e-06,-9.06059e-07,1.02951e-06,0.000199994
-0.586323,0.310707,1.59324,-0.591701,0.306003,1.59023,0.00766919,-0.0050419,0.0232512,0.681298,0.000200008,-8.73023e-09,-9.11849e-07,-8.73023e-09,0.00020001,1.02903e-06,-9.11849e-07,1.02903e-06,0.000199993
-0.585153,0.311744,1.5923,-0.591647,0.305978,1.59007,0.00883883,-0.0040041,0.0223058,0.677581,0.000200008,-8.59256e-09,-9.01223e-07,-8.59256e-09,0.00020001,1.0158e-06,-9.01223e-07,1.0158e-06,0.000199994
-0.580593,0.315352,1.58845,-0.574043,0.320378,1.57257,0.0068466,-0.0067201,0.0203037,0.434716,0.000200007,-8.47469e-09,-8.80955e-07,-8.47469e-09,0.00020001,1.02137e-06,-8.80955e-07,1.02137e-06,0.000199994
-0.576644,0.318305,1.58508,-0.573197,0.320315,1.57109,0.0107954,-0.0037664,0.0169339,0.427889,0.000200007,-8.5905e-09,-8.80528e-07,-8.5905e-09,0.00020001,1.04627e-06,-8.80528e-07,1.04627e-06,0.000199994
-0.573263,0.320677,1.58218,-0.572748,0.320383,1.57004,0.0141763,-0.00139446,0.014027,0.423846,0.000200007,-8.8028e-09,-8.79224e-07,-8.8028e-09,0.000200011,1.08369e-06,-8.79224e-07,1.08369e-06,0.000199993
-0.57058,0.322531,1.57952,-0.572449,0.320407,1.56944,0.0134167,-0.00254531,0.00864508,0.42347,0.000200007,-8.83815e-09,-8.70117e-07,-8.83815e-09,0.000200011,1.0951e-06,-8.70117e-07,1.0951e-06,0.000199993
-0.568467,0.323817,1.5779,-0.572325,0.320403,1.56933,0.015529,-0.00125951,0.00701879,0.415927,0.000200007,-8.58113e-09,-8.32761e-07,-8.58113e-09,0.000200011,1.09309e-06,-8.32761e-07,1.09309e-06,0.000199993
-0.566567,0.324677,1.57652,-0.572134,0.320416,1.56893,0.0104387,-0.0067893,0.00736954,0.408464,0.000200006,-8.31935e-09,-7.81198e-07,-8.31935e-09,0.000200011,1.11969e-06,-7.81198e-07,1.11969e-06,0.000199993
-0.562412,0.327529,1.57916,-0.559533,0.331561,1.58867,0.0145937,-0.00393645,0.0100094,0.62847,0.000200005,-8.10172e-09,-7.34019e-07,-8.10172e-09,0.000200012,1.15762e-06,-7.34019e-07,1.15762e-06,0.000199993
-0.559238,0.329584,1.58158,-0.559546,0.331578,1.58867,0.017767,-0.00188218,0.0124315,0.625061,0.000200005,-7.53746e-09,-6.67512e-07,-7.53746e-09,0.000200012,1.15769e-06,-6.67512e-07,1.15769e-06,0.000199994
-0.556712,0.330697,1.58299,-0.559525,0.331565,1.58863,0.0130616,-0.00511473,0.0126942,0.624834,0.000200004,-6.44824e-09,-5.40575e-07,-6.44824e-09,0.000200012,1.15491e-06,-5.40575e-07,1.15491e-06,0.000199994
-0.554749,0.331441,1.58401,-0.559506,0.331572,1.5886,0.0150249,-0.00437046,0.0137149,0.62284,0.000200003,-5.39914e-09,-4.35925e-07,-5.39914e-09,0.000200012,1.14306e-06,-4.35925e-07,1.14306e-06,0.000199994
-0.553089,0.332048,1.58545,-0.55949,0.331621,1.58859,0.00966444,-0.00712671,0.0202706,0.641022,0.000200002,-4.64969e-09,-3.69864e-07,-4.64969e-09,0.000200012,1.14893e-06,-3.69864e-07,1.14893e-06,0.000199994
-0.54869,0.334121,1.58679,-0.544558,0.339948,1.59158,0.0140635,-0.00505334,0.0216075,0.678592,0.000200001,-4.02383e-09,-3.14559e-07,-4.02383e-09,0.000200013,1.16642e-06,-3.14559e-07,1.16642e-06,0.000199995
-0.54534,0.335675,1.58709,-0.544454,0.339957,1.5914,0.0174135,-0.00349948,0.0219145,0.692432,0.000200001,-3.37268e-09,-2.6187e-07,-3.37268e-09,0.000200012,1.14721e-06,-2.6187e-07,1.14721e-06,0.000199995
-0.542971,0.336847,1.58638,-0.544418,0.339939,1.59127,0.0120976,-0.00442205,0.0275309,0.685162,0.000200001,-2.74001e-09,-2.16865e-07,-2.74001e-09,0.000200011,1.08407e-06,-2.16865e-07,1.08407e-06,0.000199995
-0.541491,0.337688,1.58496,-0.544378,0.339919,1.59116,0.0135772,-0.00358115,0.0261096,0.695565,0.000200001,-2.10909e-09,-1.7298e-07,-2.10909e-09,0.00020001,9.75862e-07,-1.7298e-07,9.75862e-07,0.000199996
-0.540515,0.338227,1.5834,-0.54436,0.339911,1.5911,0.00801976,-0.00315499,0.0121057,0.691351,0.0002,-1.51745e-09,-1.23566e-07,-1.51745e-09,0.000200008,8.72865e-07,-1.23566e-07,8.72865e-07,0.000199996
-0.537861,0.338782,1.5809,-0.534269,0.341318,1.5854,0.0106734,-0.00259971,0.00961035,0.844201,0.0002,-9.72954e-10,-6.7485e-08,-9.72954e-10,0.000200007,7.83362e-07,-6.7485e-08,7.83362e-07,0.000199997
-0.535918,0.339198,1.57896,-0.534215,0.341305,1.58516,0.0126159,-0.00218367,0.00766913,0.844201,0.0002,-5.78826e-10,-2.7456e-08,-5.78826e-10,0.000200006,6.95447e-07,-2.7456e-08,6.95447e-07,0.000199997
-0.534506,0.339631,1.57831,-0.534173,0.341294,1.58502,0.0102309,-0.000732883,0.0114593,0.850348,0.0002,-3.84301e-10,-1.85643e-08,-3.84301e-10,0.000200005,6.15248e-07,-1.85643e-08,6.15248e-07,0.000199998
-0.533459,0.340006,1.57882,-0.534163,0.341238,1.585,0.0112775,-0.000357291,0.01197,0.833681,0.0002,-2.80548e-10,-1.97016e-08,-2.80548e-10,0.000200004,5.50264e-07,-1.97016e-08,5.50264e-07,0.000199998
-0.532749,0.340391,1.58006,-0.534157,0.34124,1.58501,0.00945837,-0.000126003,0.0190189,0.833681,0.0002,-2.54161e-10,-3.41207e-08,-2.54161e-10,0.000200003,4.88134e-07,-3.41207e-08,4.88134e-07,0.000199999
-0.532268,0.340655,1.58168,-0.534167,0.341241,1.58506,0.0099395,0.000138138,0.0206405,0.833681,0.0002,-2.14023e-10,-3.66799e-08,-2.14023e-10,0.000200002,4.34784e-07,-3.66799e-08,4.34784e-07,0.000199999
-0.530266,0.340848,1.58156,-0.525969,0.340427,1.57539,0.0119416,0.000331695,0.0205214,0.920074,0.0002,-2.48413e-10,-6.23753e-08,-2.48413e-10,0.000200002,3.96909e-07,-6.23753e-08,3.96909e-07,0.000199999
-0.528631,0.341106,1.58175,-0.525905,0.340409,1.57525,0.0100721,0.00130627,0.0239378,0.916578,0.0002,-3.16325e-10,-9.59106e-08,-3.16325e-10,0.000200002,3.75848e-07,-9.59106e-08,3.75848e-07,0.000199999
-0.527145,0.341395,1.58187,-0.525864,0.340388,1.57512,0.0115578,0.00159506,0.0240602,0.913081,0.0002,-4.22776e-10,-1.31356e-07,-4.22776e-10,0.000200002,3.8941e-07,-1.31356e-07,3.8941e-07,0.000199999
-0.525673,0.341777,1.58183,-0.525823,0.340388,1.57494,0.0121989,0.0016247,0.0173599,0.923571,0.0002,-6.24471e-10,-1.78426e-07,-6.24471e-10,0.000200002,4.42026e-07,-1.78426e-07,4.42026e-07,0.000199999
-0.524144,0.342127,1.58219,-0.525767,0.34038,1.57486,0.013728,0.00197427,0.0177242,0.926606,0.0002,-8.99167e-10,-2.16169e-07,-8.99167e-10,0.000200002,5.30014e-07,-2.16169e-07,5.30014e-07,0.000199999
-0.522509,0.342341,1.58236,-0.525732,0.34035,1.57477,0.0153631,0.00218796,0.0178941,0.916117,0.0002,-1.19605e-09,-2.31044e-07,-1.19605e-09,0.000200003,6.51097e-07,-2.31044e-07,6.51097e-07,0.000199999
-0.519661,0.342903,1.5906,-0.519481,0.342969,1.61938,0.0156807,0.00250858,0.0213658,1.08418,0.0002,-1.37312e-09,-2.13669e-07,-1.37312e-09,0.000200005,7.76655e-07,-2.13669e-07,7.76655e-07,0.000199998
-0.517349,0.343325,1.59719,-0.519526,0.342963,1.61943,0.0179922,0.00293037,0.0279616,1.08282,0.0002,-1.47446e-09,-1.98846e-07,-1.47446e-09,0.000200006,8.63402e-07,-1.98846e-07,8.63402e-07,0.000199998
-0.515337,0.343636,1.60269,-0.519564,0.342966,1.61951,0.0182023,0.00313427,0.0229705,1.08282,0.0002,-1.54772e-09,-1.85819e-07,-1.54772e-09,0.000200007,9.45889e-07,-1.85819e-07,9.45889e-07,0.000199998
-0.513553,0.343737,1.60667,-0.519564,0.343001,1.6195,0.0199867,0.00323552,0.0269534,1.08642,0.0002,-1.45955e-09,-1.53116e-07,-1.45955e-09,0.000200009,1.02648e-06,-1.53116e-07,1.02648e-06,0.000199997
-0.512082,0.343703,1.60925,-0.519581,0.343016,1.61957,0.0214581,0.00320152,0.0295329,1.08642,0.0002,-1.23879e-09,-1.13374e-07,-1.23879e-09,0.00020001,1.08548e-06,-1.13374e-07,1.08548e-06,0.000199997
-0.50921,0.342513,1.60625,-0.511441,0.337389,1.59788,0.0206137,0.00465866,0.0160362,1.13648,0.0002,-1.03609e-09,-8.56394e-08,-1.03609e-09,0.000200011,1.13354e-06,-8.56394e-08,1.13354e-06,0.000199996
-0.506985,0.341592,1.6032,-0.511372,0.337372,1.59777,0.0228382,0.00373806,0.0129905,1.12338,0.0002,-9.00396e-10,-7.25721e-08,-9.00396e-10,0.000200012,1.15051e-06,-7.25721e-08,1.15051e-06,0.000199996
-0.505112,0.340832,1.60066,-0.511223,0.337371,1.59776,0.02012,0.00645575,0.00710873,1.12663,0.0002,-7.68678e-10,-5.977e-08,-7.68678e-10,0.000200012,1.17174e-06,-5.977e-08,1.17174e-06,0.000199996
-0.503604,0.340218,1.59839,-0.51118,0.337363,1.59762,0.0216278,0.00584209,0.00484191,1.12663,0.0002,-6.59572e-10,-5.03573e-08,-6.59572e-10,0.000200013,1.18535e-06,-5.03573e-08,1.18535e-06,0.000199995
-0.502281,0.339663,1.59647,-0.511141,0.337364,1.59759,0.0229501,0.00528729,0.00291876,1.13019,0.0002,-4.9755e-10,-3.35153e-08,-4.9755e-10,0.000200013,1.21136e-06,-3.35153e-08,1.21136e-06,0.000199995
-0.501345,0.339129,1.59493,-0.51112,0.337368,1.59758,0.0185031,0.00794546,0.0109295,1.13019,0.0002,-2.50162e-10,-7.77724e-09,-2.50162e-10,0.000200013,1.20792e-06,-7.77724e-09,1.20792e-06,0.000199995
-0.498838,0.337142,1.59384,-0.501064,0.329842,1.59626,0.0210093,0.00595922,0.00983868,0.998546,0.0002,-1.14482e-12,1.68586e-08,-1.14482e-12,0.000200013,1.16502e-06,1.68586e-08,1.16502e-06,0.000199995
-0.497022,0.335505,1.59244,-0.501053,0.329732,1.59622,0.0197479,0.00555488,0.0083537,0.959926,0.0002,2.07708e-10,3.73434e-08,2.07708e-10,0.000200012,1.10698e-06,3.73434e-08,1.10698e-06,0.000199995
-0.495523,0.334277,1.59133,-0.501026,0.329724,1.59621,0.0212469,0.00432732,0.00723693,0.959926,0.0002,2.63526e-10,3.72155e-08,2.63526e-10,0.000200011,1.07634e-06,3.72155e-08,1.07634e-06,0.000199996
-0.494257,0.333403,1.59012,-0.500997,0.329731,1.5962,0.0164909,0.00563405,0.00613262,0.963036,0.0002,1.83911e-10,2.04916e-08,1.83911e-10,0.000200011,1.06662e-06,2.04916e-08,1.06662e-06,0.000199996
-0.493267,0.332852,1.58926,-0.500992,0.32974,1.59617,0.0174806,0.00508337,0.00526848,0.963036,0.0002,-4.63242e-11,-1.35684e-08,-4.63242e-11,0.000200011,1.05659e-06,-1.35684e-08,1.05659e-06,0.000199996
-0.490511,0.331713,1.58705,-0.490118,0.326725,1.59067,0.0202362,0.00394426,0.00306011,0.948015,0.0002,-1.2195e-10,-2.07156e-08,-1.2195e-10,0.00020001,1.0164e-06,-2.07156e-08,1.0164e-06,0.000199996
-0.488299,0.330711,1.58525,-0.490088,0.326708,1.59049,0.015179,0.00239238,0.0109699,0.954888,0.0002,-8.17226e-11,-1.09265e-08,-8.17226e-11,0.00020001,9.90879e-07,-1.09265e-08,9.90879e-07,0.000199996
-0.4865,0.329924,1.58389,-0.490045,0.326688,1.59038,0.0169784,0.00160547,0.0096106,0.954733,0.0002,-6.60126e-11,-7.53496e-09,-6.60126e-11,0.000200009,9.77907e-07,-7.53496e-09,9.77907e-07,0.000199996
-0.485096,0.32925,1.58278,-0.490013,0.326689,1.59026,0.0183822,0.000931149,0.00850052,0.958036,0.0002,-6.16903e-12,1.97807e-09,-6.16903e-12,0.000200009,9.62868e-07,1.97807e-09,9.62868e-07,0.000199997
-0.484096,0.328618,1.58189,-0.489998,0.326668,1.59023,0.0138529,0.000148756,0.00914766,0.958036,0.0002,1.26105e-10,2.22371e-08,1.26105e-10,0.000200008,9.3294e-07,2.22371e-08,9.3294e-07,0.000199997
-0.483295,0.328156,1.58054,-0.489989,0.326675,1.59018,0.0146539,-0.000313261,0.00780206,0.958036,0.0002,1.87762e-10,2.8925e-08,1.87762e-10,0.000200008,9.13701e-07,2.8925e-08,9.13701e-07,0.000199997
-0.480135,0.327645,1.5771,-0.477494,0.325712,1.57784,0.0111809,7.37201e-05,0.015221,1.12778,0.0002,1.74287e-10,2.33597e-08,1.74287e-10,0.000200008,9.04712e-07,2.33597e-08,9.04712e-07,0.000199997
-0.477657,0.327251,1.57462,-0.477425,0.325704,1.57764,0.0136587,-0.000320211,0.0127389,1.12665,0.0002,1.45413e-10,1.74027e-08,1.45413e-10,0.000200008,8.88722e-07,1.74027e-08,8.88722e-07,0.000199997
-0.47569,0.326857,1.57272,-0.477395,0.325641,1.57758,0.00935525,-0.000808253,0.0185448,1.11007,0.0002,1.84452e-10,2.45313e-08,1.84452e-10,0.000200007,8.75087e-07,2.45313e-08,8.75087e-07,0.000199997
-0.474156,0.326538,1.5714,-0.47738,0.325637,1.57752,0.0108894,-0.00112701,0.0172249,1.11348,0.0002,2.16254e-10,2.95883e-08,2.16254e-10,0.000200007,8.59531e-07,2.95883e-08,8.59531e-07,0.000199997
-0.472777,0.32643,1.57065,-0.477365,0.325637,1.57747,0.0122683,-0.00123461,0.01647,1.11682,0.0002,1.10467e-10,9.3245e-09,1.10467e-10,0.000200007,8.7343e-07,9.3245e-09,8.7343e-07,0.000199997
-0.471672,0.326359,1.57003,-0.477356,0.325715,1.57739,0.0108091,-0.00101419,0.0214411,1.15084,0.0002,2.49484e-11,-3.40014e-09,2.49484e-11,0.000200007,8.82333e-07,-3.40014e-09,8.82333e-07,0.000199997
-0.468248,0.326129,1.56481,-0.465082,0.325169,1.55478,0.014233,-0.00124385,0.0162161,1.01479,0.0002,-5.03509e-13,-4.40604e-09,-5.03509e-13,0.000200007,9.01627e-07,-4.40604e-09,9.01627e-07,0.000199997
-0.465452,0.325953,1.56077,-0.465009,0.325244,1.55446,0.0100588,-0.00144775,0.0218398,1.04707,0.0002,-7.66551e-12,-3.31895e-09,-7.66551e-12,0.000200008,9.20789e-07,-3.31895e-09,9.20789e-07,0.000199997
-0.463212,0.325826,1.55783,-0.464891,0.325233,1.55435,0.0122984,-0.00157467,0.0188986,1.04825,0.0002,-2.44939e-11,-4.81339e-09,-2.44939e-11,0.000200008,9.2969e-07,-4.81339e-09,9.2969e-07,0.000199997
-0.461482,0.325576,1.55537,-0.464871,0.325245,1.55433,0.0140283,-0.0018253,0.0164398,1.04825,0.0002,1.13602e-10,1.89411e-08,1.13602e-10,0.000200008,9.24823e-07,1.89411e-08,9.24823e-07,0.000199997
-0.459942,0.325257,1.55265,-0.464826,0.325206,1.55417,0.0105251,-0.00154462,0.017516,1.02792,0.0002,3.43579e-10,5.27086e-08,3.43579e-10,0.000200008,9.45135e-07,5.27086e-08,9.45135e-07,0.000199997
-0.457027,0.32503,1.55011,-0.456407,0.325361,1.55447,0.0134404,-0.00177136,0.0149825,1.3705,0.0002,5.3492e-10,7.54644e-08,5.3492e-10,0.000200008,9.58001e-07,7.54644e-08,9.58001e-07,0.000199997
-0.454786,0.324966,1.54809,-0.456448,0.325315,1.55451,0.00913467,-0.00118089,0.0150733,1.35718,0.0002,5.49913e-10,7.01777e-08,5.49913e-10,0.000200008,9.53016e-07,7.01777e-08,9.53016e-07,0.000199997
-0.452802,0.324823,1.5463,-0.456461,0.324363,1.55416,0.0111185,-0.00132327,0.0132844,1.15607,0.0002,4.68292e-10,5.1324e-08,4.68292e-10,0.000200009,9.80846e-07,5.1324e-08,9.80846e-07,0.000199997
-0.451174,0.324712,1.54489,-0.456471,0.324389,1.55423,0.0127461,-0.00143497,0.0118672,1.18567,0.0002,4.03298e-10,4.01135e-08,4.03298e-10,0.000200009,1.00545e-06,4.01135e-08,1.00545e-06,0.000199997
-0.449977,0.324884,1.54393,-0.456477,0.325161,1.55458,0.00647095,-0.0011486,0.0228874,1.32514,0.0002,2.33969e-10,1.59135e-08,2.33969e-10,0.000200009,1.00468e-06,1.59135e-08,1.00468e-06,0.000199997
-0.448996,0.324995,1.54348,-0.456463,0.325144,1.55461,0.00745199,-0.0010374,0.022437,1.32054,0.0002,1.25927e-10,4.13644e-09,1.25927e-10,0.000200009,1.00749e-06,4.13644e-09,1.00749e-06,0.000199997
-0.44457,0.32515,1.5407,-0.438452,0.326192,1.54046,0.011878,-0.000883004,0.0196617,0.914867,0.0002,1.81813e-10,1.71898e-08,1.81813e-10,0.00020001,1.01548e-06,1.71898e-08,1.01548e-06,0.000199997
-0.440949,0.32533,1.53896,-0.438377,0.326189,1.54026,0.0098213,-0.00102658,0.0224083,0.918317,0.0002,1.71857e-10,1.64565e-08,1.71857e-10,0.00020001,1.03109e-06,1.64565e-08,1.03109e-06,0.000199996
-0.437947,0.325384,1.53772,-0.438265,0.326192,1.54001,0.0128229,-0.000972255,0.0211703,0.917972,0.0002,2.6751e-10,3.06166e-08,2.6751e-10,0.00020001,1.05422e-06,3.06166e-08,1.05422e-06,0.000199996
-0.435495,0.325374,1.5365,-0.438215,0.326152,1.53988,0.00663622,7.81302e-05,0.0249171,0.911052,0.0002,4.01863e-10,4.73108e-08,4.01863e-10,0.000200011,1.07556e-06,4.73108e-08,1.07556e-06,0.000199996
-0.43375,0.325485,1.53538,-0.438148,0.326184,1.53972,0.00838115,0.00018895,0.0238036,0.911468,0.0002,3.71759e-10,4.01659e-08,3.71759e-10,0.00020001,1.05238e-06,4.01659e-08,1.05238e-06,0.000199996
-0.429919,0.325216,1.53129,-0.425768,0.324253,1.52577,0.0122117,-7.9958e-05,0.019706,1.43415,0.0002,2.99726e-10,2.91258e-08,2.99726e-10,0.00020001,1.03099e-06,2.91258e-08,1.03099e-06,0.000199996
-0.426875,0.324982,1.52771,-0.425756,0.324282,1.52582,0.00953342,0.000220875,0.0219976,1.42383,0.0002,2.74818e-10,2.69189e-08,2.74818e-10,0.00020001,1.01374e-06,2.69189e-08,1.01374e-06,0.000199996
-0.424404,0.324703,1.52463,-0.425775,0.324278,1.52579,0.0120042,-5.81883e-05,0.0189214,1.43078,0.0002,3.58541e-10,4.07791e-08,3.58541e-10,0.00020001,1.00883e-06,4.07791e-08,1.00883e-06,0.000199996
-0.42236,0.324535,1.52226,-0.425772,0.324269,1.52573,0.00678088,-3.92689e-05,0.0273639,1.43078,0.0002,3.71393e-10,4.10172e-08,3.71393e-10,0.00020001,1.01632e-06,4.10172e-08,1.01632e-06,0.000199996
-0.420702,0.324375,1.52089,-0.425757,0.32427,1.52574,0.0084389,-0.000199632,0.0259891,1.43078,0.0002,4.09346e-10,4.538e-08,4.09346e-10,0.00020001,1.02431e-06,4.538e-08,1.02431e-06,0.000199996
-0.419324,0.324291,1.52021,-0.425721,0.3243,1.52577,0.00661487,-0.000134253,0.0283398,1.42038,0.0002,3.99274e-10,4.20489e-08,3.99274e-10,0.00020001,1.03656e-06,4.20489e-08,1.03656e-06,0.000199996
-0.415329,0.323998,1.51571,-0.410814,0.323506,1.50084,0.0106104,-0.000426584,0.023845,1.27178,0.0002,4.25658e-10,4.57816e-08,4.25658e-10,0.00020001,1.03047e-06,4.57816e-08,1.03047e-06,0.000199996
-0.412052,0.323688,1.513,-0.410712,0.323497,1.50059,0.0138868,-0.000736548,0.0211296,1.27712,0.0002,5.30432e-10,6.01456e-08,5.30432e-10,0.00020001,1.03613e-06,6.01456e-08,1.03613e-06,0.000199996
-0.409289,0.323377,1.51098,-0.410625,0.323453,1.50029,0.0112607,-0.00101188,0.0203557,1.27815,0.0002,6.84059e-10,7.82255e-08,6.84059e-10,0.00020001,1.05968e-06,7.82255e-08,1.05968e-06,0.000199996
-0.407081,0.323137,1.50919,-0.410534,0.323403,1.49997,0.0134687,-0.00125161,0.0185692,1.26885,0.0002,7.8465e-10,8.70513e-08,7.8465e-10,0.000200011,1.07147e-06,8.70513e-08,1.07147e-06,0.000199996
-0.405287,0.322932,1.50703,-0.410182,0.323334,1.49943,0.00789267,0.000366323,0.0198406,1.26513,0.0002,8.60062e-10,9.32867e-08,8.60062e-10,0.000200011,1.07213e-06,9.32867e-08,1.07213e-06,0.000199996
-0.403852,0.322911,1.50516,-0.410124,0.32331,1.49925,0.00932754,0.0003445,0.0179745,1.26513,0.0002,7.51489e-10,7.41689e-08,7.51489e-10,0.000200011,1.07059e-06,7.41689e-08,1.07059e-06,0.000199996
-0.400209,0.323035,1.50549,-0.397265,0.32332,1.50834,0.0129714,0.000469167,0.0183004,1.34291,0.0002,5.13971e-10,4.13776e-08,5.13971e-10,0.00020001,1.05734e-06,4.13776e-08,1.05734e-06,0.000199996
-0.397253,0.323083,1.50616,-0.397262,0.323285,1.50833,0.00887301,0.000792231,0.0162417,1.33575,0.0002,3.78078e-10,2.73129e-08,3.78078e-10,0.00020001,1.05521e-06,2.73129e-08,1.05521e-06,0.000199996
-0.394853,0.322991,1.50691,-0.39725,0.323287,1.50833,0.0112737,0.00070106,0.0169869,1.33506,0.0002,4.19299e-10,3.87742e-08,4.19299e-10,0.00020001,1.05932e-06,3.87742e-08,1.05932e-06,0.000199996
-0.39284,0.322721,1.5076,-0.397259,0.323283,1.50831,0.00707314,0.00064975,0.0208719,1.33865,0.0002,6.8412e-10,7.74195e-08,6.8412e-10,0.000200011,1.07702e-06,7.74195e-08,1.07702e-06,0.000199996
-0.391224,0.322549,1.50815,-0.397244,0.323289,1.50829,0.00868926,0.000477721,0.0214244,1.33933,0.0002,8.50411e-10,9.50817e-08,8.50411e-10,0.000200011,1.0888e-06,9.50817e-08,1.0888e-06,0.000199996
-0.386951,0.322377,1.51018,-0.381962,0.322423,1.51413,0.0129622,0.000306075,0.0234476,0.824146,0.0002,8.15836e-10,8.47386e-08,8.15836e-10,0.000200011,1.08407e-06,8.47386e-08,1.08407e-06,0.000199996
-0.383503,0.322262,1.51252,-0.381929,0.322424,1.51413,0.00887305,0.0017372,0.0220819,0.831472,0.0002,7.53423e-10,7.37869e-08,7.53423e-10,0.000200011,1.0847e-06,7.37869e-08,1.0847e-06,0.000199996
-0.380795,0.322281,1.51406,-0.381892,0.322417,1.51398,0.011581,0.00175689,0.0236163,0.827687,0.0002,5.68132e-10,4.84451e-08,5.68132e-10,0.000200011,1.07591e-06,4.84451e-08,1.07591e-06,0.000199996
-0.378627,0.322257,1.51567,-0.381657,0.322409,1.51386,0.00667455,0.00264262,0.0261437,0.824024,0.0002,4.61009e-10,3.78679e-08,4.61009e-10,0.000200011,1.06312e-06,3.78679e-08,1.06312e-06,0.000199996
-0.376846,0.322215,1.51727,-0.381527,0.322401,1.51382,0.00845545,0.00260063,0.0277388,0.824024,0.0002,4.01806e-10,3.3925e-08,4.01806e-10,0.000200011,1.05817e-06,3.3925e-08,1.05817e-06,0.000199996
-0.373916,0.321349,1.51908,-0.373757,0.318831,1.51859,0.011385,0.00173542,0.0295527,0.954691,0.0002,4.93008e-10,5.10363e-08,4.93008e-10,0.00020001,1.04716e-06,5.10363e-08,1.04716e-06,0.000199996
-0.371548,0.320721,1.52022,-0.373756,0.318824,1.5186,0.0112887,0.00139829,0.0229947,0.954691,0.0002,4.96919e-10,5.14335e-08,4.96919e-10,0.00020001,1.04407e-06,5.14335e-08,1.04407e-06,0.000199996
-0.369635,0.320199,1.52103,-0.373769,0.318828,1.51855,0.0132013,0.000875859,0.0237964,0.953968,0.0002,5.22641e-10,5.48755e-08,5.22641e-10,0.00020001,1.04534e-06,5.48755e-08,1.04534e-06,0.000199996
-0.36806,0.319737,1.52167,-0.373748,0.318828,1.51856,0.00939191,0.00205935,0.021811,0.943579,0.0002,5.92377e-10,6.39036e-08,5.92377e-10,0.00020001,1.05264e-06,6.39036e-08,1.05264e-06,0.000199996
-0.366837,0.319501,1.52218,-0.373749,0.318843,1.51851,0.0106154,0.00182342,0.0223164,0.950992,0.0002,5.00014e-10,4.87131e-08,5.00014e-10,0.00020001,1.05151e-06,4.87131e-08,1.05151e-06,0.000199996
-0.365791,0.319288,1.52268,-0.373725,0.318841,1.51848,0.0116617,0.00161033,0.0228184,0.954696,0.0002,4.52886e-10,4.26313e-08,4.52886e-10,0.00020001,1.06082e-06,4.26313e-08,1.06082e-06,0.000199996
-0.362247,0.31847,1.52633,-0.360498,0.315854,1.53321,0.00790738,0.0023299,0.0222637,1.90977,0.0002,4.91757e-10,4.9064e-08,4.91757e-10,0.000200011,1.07652e-06,4.9064e-08,1.07652e-06,0.000199996
-0.359341,0.317689,1.52959,-0.360443,0.315748,1.53331,0.0108129,0.00154974,0.0255194,1.88664,0.0002,6.42092e-10,6.90045e-08,6.42092e-10,0.000200011,1.09614e-06,6.90045e-08,1.09614e-06,0.000199996
-0.357153,0.317138,1.53176,-0.360496,0.31585,1.53319,0.00669642,0.0023932,0.0295272,1.90977,0.0002,6.90766e-10,7.30457e-08,6.90766e-10,0.000200011,1.08866e-06,7.30457e-08,1.08866e-06,0.000199996
-0.35541,0.316732,1.53341,-0.360442,0.31568,1.53333,0.00843957,0.00198633,0.0311847,1.86568,0.0002,6.45247e-10,6.45129e-08,6.45247e-10,0.000200011,1.08091e-06,6.45129e-08,1.08091e-06,0.000199996
-0.354035,0.316433,1.53422,-0.36044,0.315692,1.53332,0.00981422,0.00168808,0.0319917,1.86498,0.0002,5.77972e-10,5.5139e-08,5.77972e-10,0.000200011,1.07269e-06,5.5139e-08,1.07269e-06,0.000199996
-0.35302,0.316201,1.53466,-0.360436,0.315699,1.5333,0.00474851,0.00266457,0.020238,1.86498,0.0002,5.15662e-10,4.84437e-08,5.15662e-10,0.000200011,1.05384e-06,4.84437e-08,1.05384e-06,0.000199996
-0.349432,0.315484,1.5359,-0.346883,0.312919,1.53831,0.00833627,0.00194737,0.0214836,1.90102,0.0002,4.49791e-10,4.10071e-08,4.49791e-10,0.00020001,1.0521e-06,4.10071e-08,1.0521e-06,0.000199996
-0.346479,0.31484,1.53732,-0.346888,0.31279,1.53835,0.00379972,0.00150285,0.0236525,1.86232,0.0002,4.49073e-10,4.28437e-08,4.49073e-10,0.000200011,1.06438e-06,4.28437e-08,1.06438e-06,0.000199996
-0.344074,0.314243,1.53804,-0.346874,0.312802,1.53835,0.0062045,0.00090619,0.0243736,1.86592,0.0002,5.48464e-10,5.74959e-08,5.48464e-10,0.000200011,1.07861e-06,5.74959e-08,1.07861e-06,0.000199996
-0.34222,0.313785,1.5385,-0.346905,0.312775,1.53825,0.00805907,0.000447696,0.0248281,1.86398,0.0002,5.97456e-10,6.29075e-08,5.97456e-10,0.000200011,1.07764e-06,6.29075e-08,1.07764e-06,0.000199996
-0.340813,0.313613,1.53908,-0.346892,0.312887,1.53829,0.00257189,0.00190808,0.0224362,1.89895,0.0002,4.34009e-10,3.84527e-08,4.34009e-10,0.000200011,1.06428e-06,3.84527e-08,1.06428e-06,0.000199996
-0.336697,0.313164,1.54206,-0.332363,0.31147,1.55193,0.00668717,0.00145814,0.0254184,2.02348,0.0002,3.56664e-10,2.991e-08,3.56664e-10,0.000200011,1.06913e-06,2.991e-08,1.06913e-06,0.000199996
-0.33352,0.312746,1.54495,-0.332395,0.311471,1.55188,0.0035275,0.00125417,0.0291327,2.02348,0.0002,3.52823e-10,3.27716e-08,3.52823e-10,0.00020001,1.05496e-06,3.27716e-08,1.05496e-06,0.000199996
-0.330885,0.312497,1.54789,-0.332367,0.311466,1.55189,0.00616263,0.0010051,0.0320708,2.02348,0.0002,2.53993e-10,1.99582e-08,2.53993e-10,0.000200011,1.05988e-06,1.99582e-08,1.05988e-06,0.000199996
-0.328776,0.312172,1.55045,-0.332351,0.311454,1.55187,0.00827089,0.000679573,0.0346259,2.0297,0.0002,3.10644e-10,3.09432e-08,3.10644e-10,0.000200011,1.06259e-06,3.09432e-08,1.06259e-06,0.000199996
-0.327207,0.311793,1.55239,-0.332398,0.311363,1.55191,0.00641069,0.000593108,0.0339436,2.00406,0.0002,4.62892e-10,5.3744e-08,4.62892e-10,0.00020001,1.04705e-06,5.3744e-08,1.04705e-06,0.000199996
-0.325884,0.311497,1.55426,-0.332373,0.311503,1.55188,0.00773449,0.00029732,0.0358066,2.03447,0.0002,6.04487e-10,7.10448e-08,6.04487e-10,0.00020001,1.04733e-06,7.10448e-08,1.04733e-06,0.000199996
-0.32178,0.311253,1.55605,-0.317271,0.310704,1.55389,0.0118383,5.40196e-05,0.0375955,1.6986,0.0002,5.46797e-10,5.76907e-08,5.46797e-10,0.00020001,1.05132e-06,5.76907e-08,1.05132e-06,0.000199996
-0.318559,0.311087,1.55696,-0.317267,0.310719,1.55388,0.00443932,0.0014518,0.0335079,1.69643,0.0002,4.65275e-10,4.51726e-08,4.65275e-10,0.00020001,1.04372e-06,4.51726e-08,1.04372e-06,0.000199996
-0.315966,0.311021,1.55758,-0.317291,0.310729,1.55387,0.00703307,0.00138553,0.0341325,1.68737,0.0002,3.29575e-10,2.67034e-08,3.29575e-10,0.00020001,1.04239e-06,2.67034e-08,1.04239e-06,0.000199996
-0.313863,0.31107,1.5586,-0.317268,0.31071,1.55387,0.00624589,0.00183716,0.0257295,1.69643,0.0002,1.04219e-10,-2.57097e-09,1.04219e-10,0.00020001,1.04513e-06,-2.57097e-09,1.04513e-06,0.000199996
-0.312101,0.3109,1.55983,-0.317278,0.310729,1.55389,0.00800813,0.00166747,0.0269619,1.69469,0.0002,1.60694e-10,1.22742e-08,1.60694e-10,0.00020001,1.06014e-06,1.22742e-08,1.06014e-06,0.000199996
-0.307496,0.310618,1.56174,-0.3014,0.310501,1.55796,0.0126135,0.00138524,0.0288658,1.77235,0.0002,3.3081e-10,3.82858e-08,3.3081e-10,0.000200011,1.07303e-06,3.82858e-08,1.07303e-06,0.000199996
-0.303832,0.310502,1.56336,-0.301402,0.310504,1.55797,0.00940208,0.00097909,0.0232943,1.77235,0.0002,3.42686e-10,3.70939e-08,3.42686e-10,0.000200011,1.07804e-06,3.70939e-08,1.07804e-06,0.000199996
-0.300918,0.310473,1.56477,-0.301385,0.31049,1.55799,0.0123161,0.000949563,0.024703,1.77043,0.0002,2.71163e-10,2.54186e-08,2.71163e-10,0.000200011,1.07791e-06,2.54186e-08,1.07791e-06,0.000199996
-0.298696,0.310476,1.566,-0.301403,0.310504,1.55797,0.00714276,0.00172354,0.0216099,1.77235,0.0002,1.82628e-10,1.3899e-08,1.82628e-10,0.000200011,1.06082e-06,1.3899e-08,1.06082e-06,0.000199996
-0.296939,0.310497,1.56709,-0.301399,0.310484,1.55797,0.00889962,0.00174475,0.0226962,1.77416,0.0002,8.76589e-11,2.61517e-09,8.76589e-11,0.00020001,1.04648e-06,2.61517e-09,1.04648e-06,0.000199996
-0.295429,0.310454,1.56806,-0.301406,0.310501,1.55799,0.00343597,0.00163703,0.0214011,1.76861,0.0002,8.30491e-11,5.16038e-09,8.30491e-11,0.00020001,1.05431e-06,5.16038e-09,1.05431e-06,0.000199996
-0.291705,0.310485,1.57098,-0.289251,0.310971,1.56971,0.00716016,0.00166815,0.02432,2.24407,0.0002,1.29488e-10,1.33137e-08,1.29488e-10,0.000200011,1.07294e-06,1.33137e-08,1.07294e-06,0.000199996
-0.288724,0.310515,1.57291,-0.289242,0.310972,1.56975,0.0101414,0.00169784,0.0262478,2.24357,0.0002,1.62294e-10,1.75756e-08,1.62294e-10,0.000200011,1.08489e-06,1.75756e-08,1.08489e-06,0.000199996
-0.286417,0.310623,1.57465,-0.289206,0.310957,1.56972,0.00579127,0.00164351,0.0121923,2.24357,0.0002,8.45433e-11,5.8886e-09,8.45433e-11,0.000200011,1.07887e-06,5.8886e-09,1.07887e-06,0.000199996
-0.284567,0.310712,1.57563,-0.289186,0.310953,1.56972,0.00764093,0.00173213,0.0131733,2.23976,0.0002,1.92244e-11,-2.06281e-09,1.92244e-11,0.000200011,1.07501e-06,-2.06281e-09,1.07501e-06,0.000199996
-0.283107,0.310804,1.57631,-0.28918,0.310945,1.56971,0.00176626,0.00216376,0.007142,2.23976,0.0002,-5.67822e-11,-1.0858e-08,-5.67822e-11,0.000200011,1.06911e-06,-1.0858e-08,1.06911e-06,0.000199996
-0.281855,0.310922,1.57664,-0.289179,0.310951,1.56967,0.00301902,0.00228255,0.00747072,2.23646,0.0002,-1.65983e-10,-2.35565e-08,-1.65983e-10,0.000200011,1.07889e-06,-2.35565e-08,1.07889e-06,0.000199996
-0.27729,0.310627,1.58159,-0.271263,0.309826,1.59362,0.00758402,0.0019874,0.0124186,1.78654,0.0002,-3.27593e-11,-1.10689e-09,-3.27593e-11,0.000200011,1.08198e-06,-1.10689e-09,1.08198e-06,0.000199996
-0.273762,0.310355,1.58472,-0.271255,0.309828,1.59363,0.00328931,0.00229466,0.00887081,1.78278,0.0002,1.13918e-10,1.87738e-08,1.13918e-10,0.000200011,1.06367e-06,1.87738e-08,1.06367e-06,0.000199996
-0.270922,0.310204,1.58651,-0.271265,0.309812,1.59365,0.0061298,0.0021429,0.0106564,1.77902,0.0002,1.50382e-10,2.04145e-08,1.50382e-10,0.000200011,1.05526e-06,2.04145e-08,1.05526e-06,0.000199996
-0.268584,0.310152,1.587,-0.271249,0.309821,1.59364,0.00490104,0.00197271,0.0098312,1.78278,0.0002,1.0295e-10,1.08745e-08,1.0295e-10,0.000200011,1.05994e-06,1.08745e-08,1.05994e-06,0.000199996
-0.266804,0.310237,1.58719,-0.271266,0.309815,1.59366,0.00668102,0.00205766,0.0100233,1.77902,0.0002,-7.79676e-11,-1.55382e-08,-7.79676e-11,0.00020001,1.04902e-06,-1.55382e-08,1.04902e-06,0.000199996
-0.262796,0.310061,1.58947,-0.258239,0.308664,1.60169,0.010689,0.0018815,0.0122994,1.85936,0.0002,-1.9744e-10,-2.92971e-08,-1.9744e-10,0.00020001,1.03867e-06,-2.92971e-08,1.03867e-06,0.000199996
-0.259524,0.309817,1.59201,-0.25824,0.308663,1.60169,0.00765008,0.000482471,0.012835,1.85936,0.0002,-1.82576e-10,-2.24497e-08,-1.82576e-10,0.00020001,1.0425e-06,-2.24497e-08,1.0425e-06,0.000199996
-0.256839,0.309561,1.59478,-0.258233,0.308661,1.60172,0.0103343,0.000226775,0.0156032,1.85559,0.0002,-1.06997e-10,-9.39096e-09,-1.06997e-10,0.00020001,1.05538e-06,-9.39096e-09,1.05538e-06,0.000199996
-0.254608,0.309321,1.5972,-0.258243,0.308667,1.6017,0.00602969,0.000152027,0.0144299,1.85936,0.0002,-6.69841e-12,4.25188e-09,-6.69841e-12,0.000200011,1.07741e-06,4.25188e-09,1.07741e-06,0.000199996
-0.252886,0.309242,1.59862,-0.258237,0.3089,1.60171,0.00775091,7.26962e-05,0.0158495,1.89411,0.0002,-2.33282e-12,2.34175e-09,-2.33282e-12,0.000200011,1.08105e-06,2.34175e-09,1.08105e-06,0.000199996
-0.248709,0.309106,1.59879,-0.243908,0.308221,1.60051,0.0119281,-6.28487e-05,0.0160203,2.00785,0.0002,-7.30093e-11,-9.00657e-09,-7.30093e-11,0.000200011,1.07289e-06,-9.00657e-09,1.07289e-06,0.000199996
-0.245352,0.309149,1.59861,-0.243917,0.308227,1.60049,0.00755526,0.000763173,0.0173623,2.00791,0.0002,-2.97455e-10,-4.00939e-08,-2.97455e-10,0.000200011,1.07042e-06,-4.00939e-08,1.07042e-06,0.000199996
-0.242578,0.309181,1.59847,-0.243896,0.308206,1.60051,0.01033,0.000795476,0.0172239,2.00785,0.0002,-4.81327e-10,-6.02911e-08,-4.81327e-10,0.000200011,1.08245e-06,-6.02911e-08,1.08245e-06,0.000199996
-0.2404,0.309082,1.59856,-0.243911,0.308229,1.60048,0.00641978,-0.000604134,0.020394,2.00791,0.0002,-4.73842e-10,-5.26671e-08,-4.73842e-10,0.000200011,1.0839e-06,-5.26671e-08,1.0839e-06,0.000199996
-0.238529,0.309001,1.59947,-0.243908,0.308207,1.6005,0.00829031,-0.000685129,0.0212971,2.00406,0.0002,-4.74594e-10,-4.88079e-08,-4.74594e-10,0.000200011,1.10522e-06,-4.88079e-08,1.10522e-06,0.000199996
-0.236943,0.308858,1.60018,-0.243897,0.308221,1.60047,0.00987632,-0.000828283,0.0220144,2.00791,0.0002,-3.80186e-10,-3.35013e-08,-3.80186e-10,0.000200012,1.13286e-06,-3.35013e-08,1.13286e-06,0.000199996
-0.23296,0.308841,1.6007,-0.229582,0.308814,1.60277,0.00625872,-0.000236311,0.0158005,2.7242,0.0002,-2.67059e-10,-1.96333e-08,-2.67059e-10,0.000200012,1.12684e-06,-1.96333e-08,1.12684e-06,0.000199996
-0.22973,0.308992,1.6013,-0.229557,0.30878,1.60266,0.00948804,-8.51017e-05,0.0163998,2.71668,0.0002,-3.85283e-10,-3.84886e-08,-3.85283e-10,0.000200012,1.12897e-06,-3.84886e-08,1.12897e-06,0.000199996
-0.227063,0.30916,1.60116,-0.229554,0.308778,1.60267,0.00442447,1.10821e-06,0.0144704,2.71292,0.0002,-5.40589e-10,-5.76952e-08,-5.40589e-10,0.000200012,1.14373e-06,-5.76952e-08,1.14373e-06,0.000199996
-0.225038,0.30923,1.60073,-0.22958,0.308797,1.60263,0.00644905,7.20191e-05,0.0140404,2.72044,0.0002,-5.75296e-10,-5.90585e-08,-5.75296e-10,0.000200012,1.13649e-06,-5.90585e-08,1.13649e-06,0.000199996
-0.223432,0.309262,1.60112,-0.229547,0.308787,1.60268,0.00805475,0.000103245,0.0144293,2.72044,0.0002,-5.72746e-10,-5.66198e-08,-5.72746e-10,0.000200012,1.12855e-06,-5.66198e-08,1.12855e-06,0.000199996
-0.222146,0.309242,1.60164,-0.229545,0.308776,1.60268,0.00278273,0.000565674,0.0140283,2.71668,0.0002,-5.19843e-10,-4.85154e-08,-5.19843e-10,0.000200012,1.12366e-06,-4.85154e-08,1.12366e-06,0.000199996
-0.217671,0.308928,1.60362,-0.212526,0.307243,1.60846,0.00725783,0.000251387,0.0160114,4.22261,0.0002,-4.83475e-10,-4.39599e-08,-4.83475e-10,0.000200012,1.12733e-06,-4.39599e-08,1.12733e-06,0.000199996
-0.214239,0.308693,1.6051,-0.212521,0.307227,1.60846,0.0106893,1.60738e-05,0.0174937,4.22678,0.0002,-4.73064e-10,-4.44053e-08,-4.73064e-10,0.000200012,1.10572e-06,-4.44053e-08,1.10572e-06,0.000199996
-0.211407,0.308467,1.60587,-0.212516,0.307225,1.60845,0.0073743,0.000450204,0.0189047,4.22261,0.0002,-4.2666e-10,-3.87271e-08,-4.2666e-10,0.000200012,1.10572e-06,-3.87271e-08,1.10572e-06,0.000199996
-0.2091,0.308396,1.60637,-0.21261,0.307227,1.60834,0.00968144,0.000379537,0.0193971,4.21078,0.0002,-5.2186e-10,-5.27126e-08,-5.2186e-10,0.000200012,1.11532e-06,-5.27126e-08,1.11532e-06,0.000199996
-0.207191,0.30834,1.60617,-0.21251,0.307213,1.60847,0.0083029,0.00101047,0.0167759,4.21868,0.0002,-6.03334e-10,-6.17843e-08,-6.03334e-10,0.000200012,1.12827e-06,-6.17843e-08,1.12827e-06,0.000199996
-0.203882,0.308141,1.60548,-0.20327,0.306169,1.60327,0.0116119,0.000811327,0.0160906,3.43766,0.0002,-7.3662e-10,-7.76186e-08,-7.3662e-10,0.000200012,1.12598e-06,-7.76186e-08,1.12598e-06,0.000199996
-0.201216,0.30796,1.60483,-0.203281,0.306167,1.60328,0.00786884,0.00109575,0.0150403,3.43393,0.0002,-8.14656e-10,-8.41393e-08,-8.14656e-10,0.000200012,1.12807e-06,-8.41393e-08,1.12807e-06,0.000199996
-0.198963,0.307762,1.60495,-0.203341,0.306313,1.60336,0.010121,0.000897649,0.0151586,3.47908,0.0002,-7.87317e-10,-7.54641e-08,-7.87317e-10,0.000200012,1.15028e-06,-7.54641e-08,1.15028e-06,0.000199996
-0.197181,0.307454,1.60494,-0.203356,0.306312,1.60335,0.0119035,0.000589761,0.0151482,3.48646,0.0002,-5.76718e-10,-4.59809e-08,-5.76718e-10,0.000200012,1.16191e-06,-4.59809e-08,1.16191e-06,0.000199995
-0.195757,0.307297,1.60513,-0.203355,0.306336,1.60333,0.00706952,0.00194313,0.0165022,3.49019,0.0002,-5.11283e-10,-4.08225e-08,-5.11283e-10,0.000200013,1.16889e-06,-4.08225e-08,1.16889e-06,0.000199995
-0.194748,0.307169,1.60467,-0.203364,0.306338,1.60333,0.00807885,0.001815,0.0160384,3.48273,0.0002,-4.51267e-10,-3.65752e-08,-4.51267e-10,0.000200012,1.15295e-06,-3.65752e-08,1.15295e-06,0.000199995
-0.191621,0.3067,1.60552,-0.191222,0.30416,1.611,0.00535615,0.00258657,0.00581798,3.73176,0.0002,-4.7255e-10,-4.31487e-08,-4.7255e-10,0.000200012,1.12541e-06,-4.31487e-08,1.12541e-06,0.000199995
-0.189032,0.306294,1.6064,-0.191217,0.304204,1.61098,0.00794518,0.00218099,0.00669959,3.75398,0.0002,-4.52152e-10,-4.14519e-08,-4.52152e-10,0.000200012,1.1216e-06,-4.14519e-08,1.1216e-06,0.000199996
-0.186963,0.306012,1.60731,-0.191219,0.3042,1.61097,0.0100146,0.00189913,0.00761176,3.75028,0.0002,-4.90316e-10,-4.76258e-08,-4.90316e-10,0.000200012,1.11891e-06,-4.76258e-08,1.11891e-06,0.000199996
-0.185195,0.305645,1.60815,-0.191218,0.304209,1.61097,0.00564961,0.00210942,0.0117461,3.75398,0.0002,-3.57885e-10,-2.88112e-08,-3.57885e-10,0.000200012,1.13504e-06,-2.88112e-08,1.13504e-06,0.000199996
-0.183777,0.305266,1.60861,-0.191212,0.304203,1.61097,0.00706789,0.00173079,0.0122059,3.75028,0.0002,-1.50021e-10,-3.40739e-09,-1.50021e-10,0.000200012,1.14587e-06,-3.40739e-09,1.14587e-06,0.000199996
-0.179576,0.304718,1.60904,-0.175854,0.302335,1.61132,0.00324482,0.00302513,0.0143516,3.75808,0.0002,-1.42092e-10,-7.74725e-09,-1.42092e-10,0.000200012,1.15204e-06,-7.74725e-09,1.15204e-06,0.000199995
-0.176196,0.304472,1.60948,-0.17583,0.302333,1.61126,0.00662463,0.00277896,0.014793,3.75054,0.0002,-3.77809e-10,-4.14987e-08,-3.77809e-10,0.000200012,1.15821e-06,-4.14987e-08,1.15821e-06,0.000199995
-0.173531,0.30423,1.60962,-0.175818,0.302326,1.61123,0.00928996,0.00253737,0.0149338,3.75054,0.0002,-5.13549e-10,-5.61133e-08,-5.13549e-10,0.000200012,1.15562e-06,-5.61133e-08,1.15562e-06,0.000199995
-0.171482,0.30399,1.60973,-0.175819,0.302321,1.61122,0.00828232,0.00192835,0.0106442,3.76139,0.0002,-5.56804e-10,-5.81984e-08,-5.56804e-10,0.000200012,1.14061e-06,-5.81984e-08,1.14061e-06,0.000199995
-0.169714,0.303803,1.61024,-0.175813,0.302318,1.61123,0.0100501,0.00174049,0.0111478,3.76139,0.0002,-6.01723e-10,-6.05848e-08,-6.01723e-10,0.000200012,1.1514e-06,-6.05848e-08,1.1514e-06,0.000199995
-0.16821,0.303487,1.61064,-0.17582,0.30232,1.61122,0.00464796,0.00143836,0.0181609,3.76139,0.0002,-4.36377e-10,-3.56597e-08,-4.36377e-10,0.000200013,1.17297e-06,-3.56597e-08,1.17297e-06,0.000199995
-0.163771,0.302932,1.60979,-0.160188,0.301135,1.60586,0.0090868,0.000883552,0.0173053,3.72232,0.0002,-2.2687e-10,-1.03055e-08,-2.2687e-10,0.000200013,1.20419e-06,-1.03055e-08,1.20419e-06,0.000199995
-0.160378,0.302632,1.60894,-0.160954,0.301227,1.60507,0.0124797,0.000583112,0.0164632,3.69453,0.0002,-2.18647e-10,-1.4095e-08,-2.18647e-10,0.000200014,1.22336e-06,-1.4095e-08,1.22336e-06,0.000199995
-0.157468,0.30261,1.60813,-0.160572,0.301237,1.60541,0.0074794,0.00116769,0.0134707,3.70605,0.0002,-5.0312e-10,-5.08062e-08,-5.0312e-10,0.000200014,1.25474e-06,-5.08062e-08,1.25474e-06,0.000199995
-0.155203,0.302571,1.60716,-0.160575,0.301254,1.60536,0.00974421,0.00112916,0.0125,3.69853,0.0002,-6.98683e-10,-6.99578e-08,-6.98683e-10,0.000200015,1.2648e-06,-6.99578e-08,1.2648e-06,0.000199995
-0.153412,0.302516,1.60648,-0.160576,0.301252,1.60532,0.00335088,0.000367724,0.00924943,3.69853,0.0002,-8.15599e-10,-7.83026e-08,-8.15599e-10,0.000200015,1.26799e-06,-7.83026e-08,1.26799e-06,0.000199995
-0.151929,0.302256,1.60594,-0.160581,0.301231,1.60532,0.00483309,0.000107402,0.00870637,3.69101,0.0002,-6.19941e-10,-4.95598e-08,-6.19941e-10,0.000200015,1.27806e-06,-4.95598e-08,1.27806e-06,0.000199994
-0.146856,0.301927,1.60473,-0.141786,0.30084,1.60249,0.00990689,-0.000221472,0.00749854,3.87657,0.0002,-4.05562e-10,-2.46922e-08,-4.05562e-10,0.000200016,1.30514e-06,-2.46922e-08,1.30514e-06,0.000199994
-0.14306,0.301698,1.60281,-0.142781,0.300926,1.60135,0.00565516,-0.000172009,0.00746926,3.78872,0.0002,-2.4959e-10,-1.08184e-08,-2.4959e-10,0.000200016,1.31214e-06,-1.08184e-08,1.31214e-06,0.000199994
-0.140164,0.301662,1.60044,-0.144099,0.301023,1.6003,0.00855137,-0.00020789,0.00510269,3.71099,0.0002,-3.04373e-10,-2.16705e-08,-3.04373e-10,0.000200016,1.33641e-06,-2.16705e-08,1.33641e-06,0.000199994
-0.137895,0.301628,1.59753,-0.143701,0.301029,1.60036,0.0108204,-0.000241432,0.00218793,3.72295,0.0002,-3.31659e-10,-2.62663e-08,-3.31659e-10,0.000200016,1.33158e-06,-2.62663e-08,1.33158e-06,0.000199994
-0.136262,0.301508,1.59477,-0.143774,0.301033,1.60031,-0.00140744,-0.000348769,-0.000768844,3.71054,0.0002,-2.14359e-10,-1.33483e-08,-2.14359e-10,0.000200016,1.30162e-06,-1.33483e-08,1.30162e-06,0.000199994
-0.130703,0.300967,1.59207,-0.123145,0.298579,1.60198,0.0041513,-0.000890682,-0.00347068,3.54272,0.0002,-1.71921e-10,-1.05658e-08,-1.71921e-10,0.000200016,1.30272e-06,-1.05658e-08,1.30272e-06,0.000199994
-0.12638,0.300522,1.58864,-0.123553,0.298543,1.60184,0.0084743,-0.00133511,-0.00690138,3.47603,0.0002,-1.22891e-10,-6.68782e-09,-1.22891e-10,0.000200016,1.29662e-06,-6.68782e-09,1.29662e-06,0.000199994
-0.123004,0.300194,1.58422,-0.124497,0.298582,1.60122,0.00779671,-0.00180785,-0.00535237,3.34866,0.0002,-9.62719e-11,-5.27872e-09,-9.62719e-11,0.000200016,1.30969e-06,-5.27872e-09,1.30969e-06,0.000199994
-0.120861,0.299869,1.57923,-0.127181,0.298633,1.59861,0.00994034,-0.00213339,-0.0103432,3.16656,0.0002,3.40662e-11,8.52531e-09,3.40662e-11,0.000200016,1.31469e-06,8.52531e-09,1.31469e-06,0.000199994
-0.118935,0.299493,1.57517,-0.126557,0.29851,1.5993,0.00339506,-0.00267941,-0.00474458,3.17513,0.0002,2.78619e-10,3.34967e-08,2.78619e-10,0.000200016,1.33141e-06,3.34967e-08,1.33141e-06,0.000199994
-0.117496,0.298928,1.57197,-0.12623,0.298507,1.59955,0.00483379,-0.00324395,-0.00794347,3.1928,0.0002,8.30578e-10,9.21506e-08,8.30578e-10,0.000200016,1.31453e-06,9.21506e-08,1.31453e-06,0.000199994
-0.112176,0.297902,1.56269,-0.104627,0.297475,1.56648,0.00120033,-0.00425152,0.00596239,3.43499,0.0002,1.67233e-09,1.82059e-07,1.67233e-09,0.000200016,1.27921e-06,1.82059e-07,1.27921e-06,0.000199994
-0.108129,0.296682,1.55546,-0.105316,0.297571,1.56588,0.00524726,-0.00547187,-0.00126492,3.3649,0.000200001,2.83943e-09,3.07954e-07,2.83943e-09,0.000200015,1.24412e-06,3.07954e-07,1.24412e-06,0.000199994
-0.105065,0.295249,1.55018,-0.105382,0.297571,1.56576,0.00831221,-0.00690458,-0.00655137,3.35729,0.000200002,4.21534e-09,4.62184e-07,4.21534e-09,0.000200014,1.19483e-06,4.62184e-07,1.19483e-06,0.000199994
-0.102971,0.29367,1.54649,-0.105839,0.297556,1.56537,0.00136992,-0.00812256,0.013782,3.31677,0.000200003,5.55496e-09,6.29537e-07,5.55496e-09,0.000200013,1.11929e-06,6.29537e-07,1.11929e-06,0.000199994
-0.101613,0.292126,1.54339,-0.106004,0.297537,1.56511,0.00272751,-0.0096664,0.0106758,3.2966,0.000200005,6.54715e-09,7.80757e-07,6.54715e-09,0.000200011,1.024e-06,7.80757e-07,1.024e-06,0.000199994
-0.0968471,0.289532,1.53115,-0.0867048,0.292052,1.51524,-0.000547729,-0.0084005,0.0142272,3.13453,0.000200006,7.2578e-09,9.11693e-07,7.2578e-09,0.000200009,9.40313e-07,9.11693e-07,9.40313e-07,0.000199994
-0.0932067,0.287348,1.52125,-0.0866973,0.292055,1.51525,0.00309266,-0.0105849,0.00433348,3.13453,0.000200008,7.60949e-09,1.01483e-06,7.60949e-09,0.000200008,8.57024e-07,1.01483e-06,8.57024e-07,0.000199994
-0.0906155,0.285565,1.51313,-0.0867243,0.292055,1.51525,0.0056839,-0.0123676,-0.00379076,3.11508,0.00020001,7.44901e-09,1.08744e-06,7.44901e-09,0.000200006,7.51367e-07,1.08744e-06,7.51367e-07,0.000199994
-0.0885396,0.284111,1.50631,-0.0867477,0.29205,1.51523,0.00184879,-0.00615344,0.014143,3.12158,0.000200011,7.26048e-09,1.13923e-06,7.26048e-09,0.000200005,6.83181e-07,1.13923e-06,6.83181e-07,0.000199994
-0.0871447,0.282907,1.50018,-0.0869532,0.292018,1.51495,0.00324362,-0.00735731,0.00801055,3.12848,0.000200012,6.80862e-09,1.17817e-06,6.80862e-09,0.000200004,6.01727e-07,1.17817e-06,6.01727e-07,0.000199994
-0.0861866,0.281961,1.49517,-0.0869605,0.291967,1.51496,6.6161e-05,5.83661e-05,0.0241909,3.136,0.000200013,6.20595e-09,1.1988e-06,6.20595e-09,0.000200003,5.23311e-07,1.1988e-06,5.23311e-07,0.000199994
-0.0833453,0.277466,1.47873,-0.0762404,0.273772,1.45121,0.00290746,-0.00443652,0.0077486,2.02377,0.000200013,5.76569e-09,1.22309e-06,5.76569e-09,0.000200003,4.73591e-07,1.22309e-06,4.73591e-07,0.000199994
-0.0811271,0.273802,1.46526,-0.0762452,0.273769,1.45119,0.00512573,-0.00810023,-0.0057208,2.02298,0.000200014,5.36306e-09,1.25072e-06,5.36306e-09,0.000200002,4.29653e-07,1.25072e-06,4.29653e-07,0.000199994
-0.0794912,0.270966,1.45428,-0.0762381,0.273778,1.45121,0.00523505,-0.00660005,-0.0014608,2.02377,0.000200014,4.81078e-09,1.25422e-06,4.81078e-09,0.000200002,3.76387e-07,1.25422e-06,3.76387e-07,0.000199994
-0.0783848,0.268779,1.44517,-0.076251,0.273775,1.45116,0.00634145,-0.00878706,-0.0105678,2.02343,0.000200014,4.08224e-09,1.24357e-06,4.08224e-09,0.000200001,3.08045e-07,1.24357e-06,3.08045e-07,0.000199994
-0.0775277,0.267052,1.43758,-0.0762318,0.273778,1.45118,0.00494906,-0.00119128,0.00408923,2.03073,0.000200014,3.46896e-09,1.23354e-06,3.46896e-09,0.000200001,2.57209e-07,1.23354e-06,2.57209e-07,0.000199994
-0.0769028,0.265632,1.43171,-0.076238,0.273779,1.45115,0.00557394,-0.00261153,-0.00178405,2.02298,0.000200014,2.93489e-09,1.23331e-06,2.93489e-09,0.000200001,2.13751e-07,1.23331e-06,2.13751e-07,0.000199994
-0.0757644,0.260691,1.41582,-0.0728022,0.254514,1.39468,0.00671231,-0.00755248,-0.0176736,1.60772,0.000200014,2.54691e-09,1.22385e-06,2.54691e-09,0.000200001,1.88276e-07,1.22385e-06,1.88276e-07,0.000199994
-0.0748327,0.256728,1.40311,-0.0727888,0.254507,1.3947,0.00540146,-0.00251259,0.00110718,1.60772,0.000200014,2.26761e-09,1.21968e-06,2.26761e-09,0.0002,1.71775e-07,1.21968e-06,1.71775e-07,0.000199995
-0.0740112,0.253476,1.39345,-0.07278,0.254512,1.39468,0.00622291,-0.00576463,-0.00854609,1.608,0.000200014,2.16101e-09,1.23065e-06,2.16101e-09,0.0002,1.70891e-07,1.23065e-06,1.70891e-07,0.000199995
-0.0733847,0.250898,1.38563,-0.0727724,0.254518,1.39471,0.00542864,-0.000642588,0.0067031,1.60411,0.000200014,2.03208e-09,1.23427e-06,2.03208e-09,0.0002,1.6321e-07,1.23427e-06,1.6321e-07,0.000199995
-0.0726164,0.248737,1.37979,-0.0727984,0.254512,1.3947,0.00619701,-0.00280369,0.00085727,1.6113,0.000200015,2.3041e-09,1.25287e-06,2.3041e-09,0.0002,2.00459e-07,1.25287e-06,2.00459e-07,0.000199995
-0.071419,0.243404,1.36484,-0.0700984,0.236888,1.34333,0.00739439,-0.00813725,-0.0140927,1.76554,0.000200015,2.68284e-09,1.27606e-06,2.68284e-09,0.0002,2.40244e-07,1.27606e-06,2.40244e-07,0.000199994
-0.0704097,0.239176,1.35298,-0.0700916,0.236874,1.34335,0.00761882,-0.00325777,0.000163296,1.76933,0.000200015,3.01934e-09,1.28472e-06,3.01934e-09,0.000200001,2.70822e-07,1.28472e-06,2.70822e-07,0.000199994
-0.0693567,0.235818,1.34391,-0.0701014,0.236882,1.34334,0.0086718,-0.00661612,-0.00890902,1.76554,0.000200015,3.58977e-09,1.28747e-06,3.58977e-09,0.000200001,3.27931e-07,1.28747e-06,3.27931e-07,0.000199994
-0.0682049,0.233292,1.33696,-0.070088,0.236884,1.34334,0.00785886,1.01022e-05,0.00837422,1.77312,0.000200015,4.36688e-09,1.26447e-06,4.36688e-09,0.000200001,4.12189e-07,1.26447e-06,4.12189e-07,0.000199994
-0.0671317,0.231578,1.3312,-0.0700826,0.236887,1.34334,0.00893207,-0.00170334,0.0026086,1.76933,0.000200014,4.98493e-09,1.20162e-06,4.98493e-09,0.000200002,4.8923e-07,1.20162e-06,4.8923e-07,0.000199994
-0.066066,0.230194,1.32637,-0.0700923,0.236884,1.3433,0.00868831,0.00164643,0.0069031,1.76933,0.000200013,5.67165e-09,1.16452e-06,5.67165e-09,0.000200003,5.70829e-07,1.16452e-06,5.70829e-07,0.000199994
-0.0650197,0.224882,1.31356,-0.0699169,0.21607,1.29863,0.00973458,-0.00366599,-0.00590611,1.72397,0.000200013,6.42598e-09,1.14396e-06,6.42598e-09,0.000200003,6.55792e-07,1.14396e-06,6.55792e-07,0.000199994
-0.0640355,0.220817,1.30342,-0.0699076,0.216075,1.29863,0.0107188,-0.00773125,-0.0160483,1.7276,0.000200012,7.00506e-09,1.10281e-06,7.00506e-09,0.000200004,7.31353e-07,1.10281e-06,7.31353e-07,0.000199994
-0.0630827,0.217727,1.2951,-0.0699157,0.216089,1.29861,0.00797418,-0.00229699,0.00839908,1.73122,0.000200011,7.4612e-09,1.05253e-06,7.4612e-09,0.000200005,8.04774e-07,1.05253e-06,8.04774e-07,0.000199994
-0.06218,0.215464,1.28824,-0.0699217,0.216071,1.29862,0.0088769,-0.00455984,0.00153833,1.7276,0.00020001,7.72643e-09,9.87872e-07,7.72643e-09,0.000200006,8.73327e-07,9.87872e-07,8.73327e-07,0.000199994
-0.0614436,0.213793,1.28244,-0.0699188,0.216064,1.29864,0.00961328,-0.0062307,-0.00425482,1.7276,0.000200009,7.76171e-09,9.25286e-07,7.76171e-09,0.000200007,9.1852e-07,9.25286e-07,9.1852e-07,0.000199994
-0.059083,0.209381,1.26667,-0.0609104,0.200228,1.24556,0.00588135,0.000584655,0.00692087,1.82548,0.000200008,7.62912e-09,8.63773e-07,7.62912e-09,0.000200008,9.4931e-07,8.63773e-07,9.4931e-07,0.000199994
-0.0570976,0.20588,1.25385,-0.0608977,0.200195,1.2456,0.00786672,-0.00291651,-0.00589611,1.82222,0.000200007,7.55122e-09,8.21438e-07,7.55122e-09,0.000200008,9.81774e-07,8.21438e-07,9.81774e-07,0.000199994
-0.0552807,0.203055,1.24328,-0.0609128,0.200222,1.24556,0.00968359,-0.00574132,-0.0164667,1.82548,0.000200007,7.71143e-09,8.01659e-07,7.71143e-09,0.000200009,1.0377e-06,8.01659e-07,1.0377e-06,0.000199994
-0.0539904,0.200656,1.23514,-0.0609367,0.200142,1.24555,0.0037511,-0.00165527,0.00595829,1.82191,0.000200006,7.83716e-09,8.0998e-07,7.83716e-09,0.00020001,1.0467e-06,8.0998e-07,1.0467e-06,0.000199994
-0.0531398,0.198553,1.22956,-0.060915,0.200219,1.24559,0.00460166,-0.00375782,0.000382342,1.82548,0.000200007,7.98492e-09,8.47438e-07,7.98492e-09,0.00020001,1.0217e-06,8.47438e-07,1.0217e-06,0.000199994
-0.0526764,0.196448,1.22521,-0.0609299,0.200139,1.24559,0.00506504,-0.00586353,-0.00397337,1.82908,0.000200008,8.30253e-09,9.36933e-07,8.30253e-09,0.000200009,9.6976e-07,9.36933e-07,9.6976e-07,0.000199994
-0.0505344,0.191978,1.21278,-0.0495059,0.187208,1.19882,0.000546465,-0.00487203,0.00565415,2.11407,0.000200009,8.16306e-09,1.01884e-06,8.16306e-09,0.000200008,8.61014e-07,1.01884e-06,8.61014e-07,0.000199994
-0.0490633,0.188338,1.20267,-0.0494005,0.187149,1.19897,0.00201755,-0.00851171,-0.00445899,2.1011,0.00020001,7.71704e-09,1.08111e-06,7.71704e-09,0.000200006,7.46988e-07,1.08111e-06,7.46988e-07,0.000199994
-0.0479116,0.185177,1.19468,-0.0485181,0.187161,1.19948,-0.00267933,-0.00530587,0.0106939,2.22117,0.000200012,7.23184e-09,1.1622e-06,7.23184e-09,0.000200005,6.39454e-07,1.1622e-06,6.39454e-07,0.000199994
-0.0472524,0.182537,1.18798,-0.0485235,0.187171,1.19947,-0.00202011,-0.00794542,0.00399335,2.22117,0.000200013,6.51038e-09,1.23229e-06,6.51038e-09,0.000200004,5.26786e-07,1.23229e-06,5.26786e-07,0.000199994
-0.0469497,0.180461,1.18283,-0.0485224,0.18717,1.19948,-0.00425764,-0.00645892,0.00909114,2.22117,0.000200014,5.57208e-09,1.27118e-06,5.57208e-09,0.000200003,4.17481e-07,1.27118e-06,4.17481e-07,0.000199994
-0.0449749,0.175226,1.16846,-0.0387591,0.170026,1.14716,-0.00228288,-0.0116937,-0.00527974,1.64795,0.000200015,4.65018e-09,1.3163e-06,4.65018e-09,0.000200002,3.22083e-07,1.3163e-06,3.22083e-07,0.000199994
-0.0436557,0.170975,1.15665,-0.0387591,0.170012,1.14717,-0.000963687,-0.0159453,-0.017085,1.65149,0.000200016,3.54089e-09,1.3555e-06,3.54089e-09,0.000200001,2.15999e-07,1.3555e-06,2.15999e-07,0.000199994
-0.042762,0.167651,1.14647,-0.0388252,0.169992,1.1471,-0.00318629,-0.00978502,-0.00316007,1.64795,0.000200017,2.41784e-09,1.36776e-06,2.41784e-09,0.000200001,1.21278e-07,1.36776e-06,1.21278e-07,0.000199994
-0.0419835,0.164995,1.13863,-0.0387499,0.170035,1.14711,-0.00240774,-0.0124411,-0.0109954,1.64795,0.000200017,1.61693e-09,1.37662e-06,1.61693e-09,0.0002,6.64511e-08,1.37662e-06,6.64511e-08,0.000199994
-0.0413763,0.162866,1.13237,-0.0387596,0.170013,1.14712,-0.00183731,-0.00474765,0.0053168,1.65502,0.000200017,9.90963e-10,1.38219e-06,9.90963e-10,0.0002,2.74356e-08,1.38219e-06,2.74356e-08,0.000199993
-0.0409268,0.161284,1.12724,-0.0388214,0.170007,1.14706,-0.0013878,-0.00632875,0.00018548,1.64795,0.000200017,4.89909e-10,1.36589e-06,4.89909e-10,0.0002,-2.56039e-09,1.36589e-06,-2.56039e-09,0.000199993
-0.0406537,0.156007,1.11489,-0.0389224,0.149939,1.10482,-0.00111475,-0.0116063,-0.0121605,1.20477,0.000200017,1.10345e-10,1.35535e-06,1.10345e-10,0.0002,-2.41023e-08,1.35535e-06,-2.41023e-08,0.000199994
-0.0404584,0.151692,1.10522,-0.0389379,0.149946,1.10485,-0.000614146,-0.00632529,0.00502434,1.20437,0.000200017,-2.16171e-10,1.36352e-06,-2.16171e-10,0.0002,-4.37312e-08,1.36352e-06,-4.37312e-08,0.000199994
-0.0402778,0.148222,1.09749,-0.0389229,0.149941,1.10484,-0.000433603,-0.00979601,-0.00270973,1.20126,0.000200017,-4.42914e-10,1.37157e-06,-4.42914e-10,0.0002,-5.50344e-08,1.37157e-06,-5.50344e-08,0.000199994
-0.0399588,0.145443,1.09171,-0.0389304,0.149933,1.10483,0.000609715,-0.00306888,0.0152149,1.20788,0.000200018,-3.62142e-10,1.37708e-06,-3.62142e-10,0.0002,-3.54339e-08,1.37708e-06,-3.54339e-08,0.000199993
-0.039628,0.143152,1.0872,-0.0389259,0.149935,1.10483,0.000940482,-0.00535935,0.0106972,1.20788,0.000200018,-1.87717e-10,1.39158e-06,-1.87717e-10,0.0002,-1.22743e-08,1.39158e-06,-1.22743e-08,0.000199993
-0.0391976,0.141468,1.08358,-0.0389254,0.149928,1.10483,0.00137092,-0.00704366,0.00708196,1.21138,0.000200018,1.906e-10,1.37735e-06,1.906e-10,0.0002,2.83296e-08,1.37735e-06,2.83296e-08,0.000199993
-0.0391184,0.13618,1.06964,-0.0413593,0.130092,1.04856,0.00208231,-0.00282979,0.0122077,1.2607,0.000200017,9.06108e-10,1.36385e-06,9.06108e-10,0.0002,1.01556e-07,1.36385e-06,1.01556e-07,0.000199993
-0.0388696,0.131875,1.05827,-0.0413537,0.130076,1.04855,0.00233109,-0.00713513,0.000844343,1.26416,0.000200017,1.70295e-09,1.36702e-06,1.70295e-09,0.0002,1.74584e-07,1.36702e-06,1.74584e-07,0.000199993
-0.0385546,0.128526,1.0495,-0.0413169,0.130092,1.04856,0.00256429,-0.00182904,0.0148056,1.25724,0.000200017,2.42962e-09,1.35464e-06,2.42962e-09,0.0002,2.36605e-07,1.35464e-06,2.36605e-07,0.000199993
-0.0380759,0.125876,1.04216,-0.0413139,0.130091,1.04855,0.00304304,-0.00447867,0.0074713,1.25724,0.000200017,3.26435e-09,1.34279e-06,3.26435e-09,0.000200001,3.10366e-07,1.34279e-06,3.10366e-07,0.000199993
-0.0377328,0.123743,1.03619,-0.0413087,0.130083,1.04854,0.00338614,-0.00661199,0.00149755,1.2607,0.000200017,3.82213e-09,1.33755e-06,3.82213e-09,0.000200001,3.49351e-07,1.33755e-06,3.49351e-07,0.000199993
-0.037131,0.118978,1.01955,-0.039536,0.113602,0.991347,0.00198522,-0.00179405,0.00763339,1.37833,0.000200016,4.18169e-09,1.29318e-06,4.18169e-09,0.000200001,3.80689e-07,1.29318e-06,3.80689e-07,0.000199994
-0.0366081,0.115172,1.00625,-0.039504,0.113612,0.99135,0.00250817,-0.00560018,-0.00567225,1.37173,0.000200015,4.4457e-09,1.2652e-06,4.4457e-09,0.000200001,4.02837e-07,1.2652e-06,4.02837e-07,0.000199994
-0.036144,0.112103,0.995291,-0.039507,0.113611,0.991336,0.00297226,-0.00866938,-0.0166292,1.37173,0.000200015,4.67724e-09,1.25212e-06,4.67724e-09,0.000200002,4.21424e-07,1.25212e-06,4.21424e-07,0.000199994
-0.0357598,0.109646,0.986839,-0.0395043,0.113603,0.991349,0.00226811,-0.0065753,-0.011181,1.37503,0.000200015,4.84415e-09,1.24449e-06,4.84415e-09,0.000200002,4.33352e-07,1.24449e-06,4.33352e-07,0.000199994
-0.0351648,0.107704,0.980384,-0.0395028,0.113596,0.991328,0.00286308,-0.00851656,-0.0176355,1.37503,0.000200015,5.31457e-09,1.23645e-06,5.31457e-09,0.000200002,4.85569e-07,1.23645e-06,4.85569e-07,0.000199994
-0.0344087,0.102679,0.972277,-0.0392688,0.0958823,0.977692,0.00137691,-0.0055213,-0.00451336,2.06586,0.000200014,5.94529e-09,1.21996e-06,5.94529e-09,0.000200003,5.57714e-07,1.21996e-06,5.57714e-07,0.000199994
-0.0337235,0.0989449,0.965784,-0.0392912,0.0958782,0.977642,0.00206215,-0.00925557,-0.0110072,2.07893,0.000200013,6.33881e-09,1.16452e-06,6.33881e-09,0.000200003,6.16444e-07,1.16452e-06,6.16444e-07,0.000199994
-0.0331898,0.0960134,0.960191,-0.0392687,0.0958895,0.977715,-0.000256755,-0.00379073,0.00464712,2.06586,0.000200012,6.5409e-09,1.12136e-06,6.5409e-09,0.000200004,6.49702e-07,1.12136e-06,6.49702e-07,0.000199994
-0.0328151,0.0935002,0.955313,-0.0391859,0.0958926,0.977758,0.000117906,-0.00630389,-0.00023077,2.03713,0.000200012,6.7e-09,1.12139e-06,6.7e-09,0.000200004,6.58376e-07,1.12139e-06,6.58376e-07,0.000199994
-0.032779,0.0914105,0.95206,-0.0391597,0.0959035,0.977891,0.000154048,-0.00839358,-0.00348415,2.02406,0.000200012,6.54183e-09,1.13407e-06,6.54183e-09,0.000200004,6.20275e-07,1.13407e-06,6.20275e-07,0.000199994
-0.0331863,0.0895953,0.949601,-0.0391479,0.0958844,0.978088,-0.00394023,-0.00302179,0.0220472,2.00772,0.000200013,5.94322e-09,1.1636e-06,5.94322e-09,0.000200003,5.2479e-07,1.1636e-06,5.2479e-07,0.000199994
-0.0312431,0.0840449,0.933703,-0.0263582,0.0767987,0.908907,-0.00199708,-0.00857216,0.00614886,2.55389,0.000200014,5.2956e-09,1.22205e-06,5.2956e-09,0.000200002,4.29686e-07,1.22205e-06,4.29686e-07,0.000199994
-0.0298556,0.0794299,0.921604,-0.0264105,0.0767872,0.908898,-0.00532387,-0.00564551,0.0207802,2.53761,0.000200015,4.59208e-09,1.28799e-06,4.59208e-09,0.000200002,3.41103e-07,1.28799e-06,3.41103e-07,0.000199994
-0.0300412,0.0757881,0.91174,-0.0324293,0.0767866,0.908013,-0.00550941,-0.00928724,0.0109163,2.32528,0.000200016,3.85505e-09,1.32262e-06,3.85505e-09,0.000200001,2.67515e-07,1.32262e-06,2.67515e-07,0.000199994
-0.0291769,0.0728264,0.903728,-0.0264115,0.0768112,0.908915,-0.0046452,-0.0122489,0.00290417,2.53761,0.000200016,2.99762e-09,1.35342e-06,2.99762e-09,0.000200001,1.87191e-07,1.35342e-06,1.87191e-07,0.000199994
-0.0285853,0.0704126,0.897108,-0.0264109,0.0767935,0.908903,-0.00611027,-0.0056093,0.0127771,2.5409,0.000200017,2.17392e-09,1.3796e-06,2.17392e-09,0.0002,1.17759e-07,1.3796e-06,1.17759e-07,0.000199994
-0.0291606,0.0685924,0.891726,-0.0324317,0.0767979,0.908001,-0.0066855,-0.00742953,0.00739487,2.32389,0.000200017,1.75149e-09,1.37901e-06,1.75149e-09,0.0002,9.72442e-08,1.37901e-06,9.72442e-08,0.000199994
-0.028408,0.0634305,0.877154,-0.0268349,0.0579025,0.85664,-0.00593293,-0.0125914,-0.00717639,1.20544,0.000200017,1.67153e-09,1.36638e-06,1.67153e-09,0.0002,1.09256e-07,1.36638e-06,1.09256e-07,0.000199994
-0.0275856,0.059291,0.865604,-0.026824,0.0579083,0.856659,-0.00456561,-0.00734061,0.00687795,1.20875,0.000200017,1.91997e-09,1.36054e-06,1.91997e-09,0.0002,1.4872e-07,1.36054e-06,1.4872e-07,0.000199994
-0.027033,0.0558778,0.856566,-0.0268384,0.057907,0.856638,-0.00401304,-0.0107538,-0.00216019,1.20213,0.000200017,1.97899e-09,1.3731e-06,1.97899e-09,0.0002,1.55108e-07,1.3731e-06,1.55108e-07,0.000199993
-0.0266755,0.0531306,0.848454,-0.026578,0.0578787,0.855336,-0.00393504,-0.0035726,0.0145552,1.08737,0.000200018,1.81062e-09,1.38287e-06,1.81062e-09,0.0002,1.35047e-07,1.38287e-06,1.35047e-07,0.000199993
-0.0268672,0.0510226,0.841868,-0.0266058,0.0578806,0.85537,-0.00412675,-0.00568062,0.00796896,1.08681,0.000200018,9.66392e-10,1.37402e-06,9.66392e-10,0.0002,4.49388e-08,1.37402e-06,4.49388e-08,0.000199993
-0.0275078,0.0452911,0.826346,-0.0269559,0.0371344,0.80462,-0.0056105,-0.0016543,0.0159895,1.33629,0.000200017,-1.98018e-10,1.35128e-06,-1.98018e-10,0.0002,-6.97901e-08,1.35128e-06,-6.97901e-08,0.000199993
-0.0281606,0.0405914,0.814343,-0.0269535,0.0371394,0.804614,-0.00626335,-0.00635404,0.00398627,1.33302,0.000200017,-1.32716e-09,1.35505e-06,-1.32716e-09,0.0002,-1.68923e-07,1.35505e-06,-1.68923e-07,0.000199994
-0.0285815,0.0367545,0.804843,-0.0269571,0.0371514,0.804611,-0.0066842,-0.010191,-0.00551367,1.33302,0.000200017,-2.08277e-09,1.37001e-06,-2.08277e-09,0.0002,-2.1865e-07,1.37001e-06,-2.1865e-07,0.000199993
-0.0285125,0.0336067,0.79755,-0.0269565,0.0371472,0.804596,-0.00621345,-0.00431029,0.0161332,1.33302,0.000200018,-2.08783e-09,1.39229e-06,-2.08783e-09,0.0002,-1.87523e-07,1.39229e-06,-1.87523e-07,0.000199993
-0.0280202,0.0311255,0.791712,-0.0269592,0.0371437,0.804586,-0.00572117,-0.0067915,0.0102957,1.33302,0.000200018,-1.41273e-09,1.40115e-06,-1.41273e-09,0.0002,-9.91824e-08,1.40115e-06,-9.91824e-08,0.000199993
-0.027218,0.0292319,0.787355,-0.0269644,0.03713,0.804598,-0.00491895,-0.00868509,0.00593822,1.32975,0.000200018,-2.58449e-10,1.39265e-06,-2.58449e-10,0.0002,2.19897e-08,1.39265e-06,2.19897e-08,0.000199993
-0.0266971,0.0244132,0.778091,-0.0283782,0.0200237,0.775211,-0.00338558,-0.00901472,0.00941129,1.09602,0.000200018,9.15474e-10,1.36854e-06,9.15474e-10,0.0002,1.31257e-07,1.36854e-06,1.31257e-07,0.000199993
-0.0262269,0.020523,0.770163,-0.02834,0.0200262,0.775213,-0.00291541,-0.0129049,0.00148285,1.09602,0.000200017,1.84861e-09,1.35922e-06,1.84861e-09,0.0002,2.05997e-07,1.35922e-06,2.05997e-07,0.000199993
-0.0260465,0.0173765,0.763926,-0.0283471,0.0200124,0.775225,-0.00134265,-0.00636381,0.0154214,1.09282,0.000200017,2.25776e-09,1.3583e-06,2.25776e-09,0.0002,2.2107e-07,1.3583e-06,2.2107e-07,0.000199993
-0.0260936,0.0148626,0.758729,-0.0283514,0.020023,0.775219,-0.00138979,-0.00887768,0.0102246,1.09282,0.000200017,2.25391e-09,1.35739e-06,2.25391e-09,0.0002,1.98678e-07,1.35739e-06,1.98678e-07,0.000199993
-0.026353,0.0127327,0.754675,-0.0283485,0.0200135,0.775214,-0.00288744,-0.00193056,0.0274771,1.09282,0.000200018,1.91075e-09,1.37512e-06,1.91075e-09,0.0002,1.47515e-07,1.37512e-06,1.47515e-07,0.000199993
-0.0270065,0.00661282,0.737732,-0.0299125,-0.00172744,0.707257,-0.00354102,-0.0080504,0.0105347,1.51331,0.000200018,1.5582e-09,1.39598e-06,1.5582e-09,0.0002,1.07457e-07,1.39598e-06,1.07457e-07,0.000199993
-0.0272527,0.00185245,0.72428,-0.029912,-0.00172971,0.707242,-0.00378712,-0.0128108,-0.00291757,1.51656,0.000200018,1.6338e-09,1.38818e-06,1.6338e-09,0.0002,1.22563e-07,1.38818e-06,1.22563e-07,0.000199993
-0.0270072,-0.00180871,0.712999,-0.0298982,-0.00173971,0.707233,-0.0035509,-0.00729447,0.00794239,1.5196,0.000200017,2.28035e-09,1.36021e-06,2.28035e-09,0.0002,1.9931e-07,1.36021e-06,1.9931e-07,0.000199993
-0.0265596,-0.00479096,0.703353,-0.0298968,-0.00172919,0.707232,-0.00310326,-0.0102767,-0.00170343,1.51635,0.000200017,3.12528e-09,1.35212e-06,3.12528e-09,0.000200001,2.85498e-07,1.35212e-06,2.85498e-07,0.000199993
-0.0261923,-0.00700137,0.695639,-0.029843,-0.00172084,0.70724,-0.00378664,-0.00296197,0.0189273,1.53908,0.000200017,3.69808e-09,1.3197e-06,3.69808e-09,0.000200001,3.38676e-07,1.3197e-06,3.38676e-07,0.000199993
-0.0259633,-0.00868103,0.689779,-0.0298432,-0.0017304,0.707239,-0.00355766,-0.00464163,0.0130668,1.53584,0.000200016,3.98228e-09,1.28475e-06,3.98228e-09,0.000200001,3.61241e-07,1.28475e-06,3.61241e-07,0.000199994
-0.0255498,-0.0139548,0.675802,-0.0284366,-0.0205183,0.661855,-0.00314419,-0.00991539,-0.000909825,1.5056,0.000200016,4.23442e-09,1.28769e-06,4.23442e-09,0.000200001,3.75223e-07,1.28769e-06,3.75223e-07,0.000199994
-0.0251426,-0.018104,0.664416,-0.0284411,-0.0205315,0.66186,-0.00273698,-0.0140646,-0.012296,1.51182,0.000200016,4.46756e-09,1.27898e-06,4.46756e-09,0.000200001,3.93598e-07,1.27898e-06,3.93598e-07,0.000199994
-0.0247296,-0.0213184,0.654998,-0.0284381,-0.020518,0.661863,-0.00232391,-0.017279,-0.0217138,1.5056,0.000200015,4.68971e-09,1.258e-06,4.68971e-09,0.000200001,4.16841e-07,1.258e-06,4.16841e-07,0.000199994
-0.0242646,-0.0239178,0.647359,-0.0284414,-0.0205334,0.661853,-0.00318275,-0.0161064,-0.0183669,1.50876,0.000200015,5.02443e-09,1.24953e-06,5.02443e-09,0.000200002,4.51336e-07,1.24953e-06,4.51336e-07,0.000199994
-0.0240533,-0.0259161,0.641248,-0.0283321,-0.0205203,0.66185,-0.00439039,-0.0134368,-0.0128807,1.53092,0.000200014,4.99089e-09,1.23169e-06,4.99089e-09,0.000200002,4.42889e-07,1.23169e-06,4.42889e-07,0.000199994
-0.023819,-0.0274409,0.636669,-0.0283175,-0.0205381,0.661842,-0.00415607,-0.0149617,-0.0174598,1.52764,0.000200014,4.9913e-09,1.20836e-06,4.9913e-09,0.000200002,4.46747e-07,1.20836e-06,4.46747e-07,0.000199994
-0.0224603,-0.0322635,0.620916,-0.0224238,-0.0386607,0.603465,-0.0068622,-0.00687296,0.0119302,1.87176,0.000200014,5.03348e-09,1.1863e-06,5.03348e-09,0.000200002,4.58111e-07,1.1863e-06,4.58111e-07,0.000199994
-0.0217883,-0.0357775,0.607889,-0.0243718,-0.0385745,0.603941,-0.00619027,-0.0103869,-0.00109637,1.74006,0.000200012,4.85516e-09,1.12114e-06,4.85516e-09,0.000200002,4.5841e-07,1.12114e-06,4.5841e-07,0.000199994
-0.0214659,-0.0379511,0.598087,-0.0244145,-0.0385718,0.603923,-0.00892499,-0.00432359,0.00902317,1.73222,0.00020001,4.18966e-09,9.77852e-07,4.18966e-09,0.000200002,4.24945e-07,9.77852e-07,4.24945e-07,0.000199995
-0.0214922,-0.0392009,0.591282,-0.0238122,-0.0386142,0.603926,-0.00895131,-0.00557341,0.00221858,1.70853,0.000200008,3.14501e-09,8.06098e-07,3.14501e-09,0.000200001,3.39002e-07,8.06098e-07,3.39002e-07,0.000199996
-0.0217539,-0.039821,0.586561,-0.0238256,-0.0386145,0.603909,-0.00921299,-0.00619351,-0.00250309,1.70853,0.000200006,2.16547e-09,6.35005e-07,2.16547e-09,0.000200001,2.46477e-07,6.35005e-07,2.46477e-07,0.000199997
-0.0202961,-0.0432164,0.572913,-0.0150458,-0.0538839,0.552476,-0.0114233,-0.00203861,0.00959626,1.91631,0.000200004,1.46672e-09,4.99108e-07,1.46672e-09,0.000200001,1.77587e-07,4.99108e-07,1.77587e-07,0.000199998
-0.019135,-0.0458081,0.562515,-0.0150511,-0.0538859,0.552488,-0.0102622,-0.00463023,-0.000802104,1.91311,0.000200003,9.94603e-10,3.92547e-07,9.94603e-10,0.0002,1.31802e-07,3.92547e-07,1.31802e-07,0.000199998
-0.0181165,-0.0479075,0.554088,-0.0150408,-0.053918,0.552467,-0.0100589,-0.00283974,0.0182333,1.92398,0.000200002,7.20088e-10,3.27839e-07,7.20088e-10,0.0002,1.15785e-07,3.27839e-07,1.15785e-07,0.000199999
-0.0172685,-0.0496547,0.547166,-0.0150916,-0.0538912,0.5526,-0.00921084,-0.00458698,0.0113113,1.90083,0.000200001,5.58535e-10,2.98333e-07,5.58535e-10,0.0002,1.11935e-07,2.98333e-07,1.11935e-07,0.000199999
-0.0174708,-0.0510082,0.54207,-0.019668,-0.0537766,0.553777,-0.00941317,-0.00594044,0.00621479,1.68498,0.000200001,4.58545e-10,2.76204e-07,4.58545e-10,0.0002,1.14721e-07,2.76204e-07,1.14721e-07,0.000199999
-0.0164294,-0.0528916,0.529163,-0.0136591,-0.0574222,0.510142,-0.00940166,-0.00650734,0.0106744,1.19377,0.000200001,4.03894e-10,2.72787e-07,4.03894e-10,0.0002,1.18325e-07,2.72787e-07,1.18325e-07,0.000199999
-0.0156971,-0.0543822,0.518744,-0.013706,-0.0574462,0.510187,-0.00866934,-0.00799794,0.000254769,1.18743,0.000200001,3.40231e-10,2.67402e-07,3.40231e-10,0.0002,1.05439e-07,2.67402e-07,1.05439e-07,0.0002
-0.0151843,-0.0556089,0.510559,-0.0140153,-0.0574678,0.510426,-0.00893477,-0.0073244,0.0142054,1.14223,0.000200001,2.95035e-10,2.68889e-07,2.95035e-10,0.0002,9.49288e-08,2.68889e-07,9.49288e-08,0.0002
-0.0149466,-0.0564892,0.504497,-0.0148413,-0.057434,0.510782,-0.00869711,-0.00820468,0.00814276,1.05731,0.000200001,2.52396e-10,2.5484e-07,2.52396e-10,0.0002,8.68545e-08,2.5484e-07,8.68545e-08,0.0002
-0.0147581,-0.0572486,0.499729,-0.0146132,-0.0574592,0.510678,-0.0085086,-0.00896409,0.00337563,1.07644,0.000200001,2.13725e-10,2.53862e-07,2.13725e-10,0.0002,7.38433e-08,2.53862e-07,7.38433e-08,0.0002
-0.0147945,-0.0582654,0.496437,-0.0146222,-0.0574209,0.510695,-0.0093014,-0.00769573,0.0222639,1.06692,0.000200001,1.50441e-10,3.19664e-07,1.50441e-10,0.0002,3.51052e-08,3.19664e-07,3.51052e-08,0.0002
-0.0152999,-0.060768,0.484262,-0.0154411,-0.0645826,0.469202,-0.0098069,-0.0101984,0.0100889,1.19338,0.000200001,-4.04546e-11,4.02465e-07,-4.04546e-11,0.0002,-3.81748e-08,4.02465e-07,-3.81748e-08,0.0002
-0.0159722,-0.0628755,0.474005,-0.0154556,-0.0645831,0.469203,-0.0102969,-0.0113299,0.00832306,1.19015,0.000200002,-3.74669e-10,4.71879e-07,-3.74669e-10,0.0002,-1.28505e-07,4.71879e-07,-1.28505e-07,0.000199999
-0.0166789,-0.0646554,0.465285,-0.0154554,-0.0645453,0.469216,-0.0110036,-0.0131098,-0.00039719,1.1837,0.000200002,-7.94536e-10,5.31915e-07,-7.94536e-10,0.0002,-2.1451e-07,5.31915e-07,-2.1451e-07,0.000199999
-0.0173553,-0.0662054,0.458409,-0.0154519,-0.0645778,0.469203,-0.0121608,-0.0121126,0.0160835,1.19015,0.000200003,-1.25793e-09,5.88846e-07,-1.25793e-09,0.000200001,-2.88422e-07,5.88846e-07,-2.88422e-07,0.000199999
-0.0180961,-0.0675344,0.452902,-0.0154688,-0.0645665,0.469167,-0.0129017,-0.0134416,0.010576,1.18693,0.000200003,-1.80519e-09,6.39003e-07,-1.80519e-09,0.000200001,-3.68092e-07,6.39003e-07,-3.68092e-07,0.000199999
-0.0188337,-0.0686397,0.448389,-0.0154548,-0.0645578,0.469153,-0.0136393,-0.0145469,0.00606361,1.19015,0.000200004,-2.3738e-09,6.77206e-07,-2.3738e-09,0.000200002,-4.43535e-07,6.77206e-07,-4.43535e-07,0.000199998
-0.0196756,-0.070446,0.434873,-0.0171408,-0.0692412,0.420135,-0.0109446,-0.0122145,0.0107165,1.05547,0.000200004,-2.7408e-09,7.02704e-07,-2.7408e-09,0.000200002,-4.73319e-07,7.02704e-07,-4.73319e-07,0.000199998
-0.0200267,-0.0717487,0.42375,-0.0171485,-0.0692412,0.42014,-0.0112958,-0.0135173,-0.00040634,1.04568,0.000200004,-2.70749e-09,6.95627e-07,-2.70749e-09,0.000200002,-4.41987e-07,6.95627e-07,-4.41987e-07,0.000199998
-0.0198607,-0.0727631,0.414846,-0.0171551,-0.0692278,0.420111,-0.00720321,-0.00955336,0.0162883,1.04904,0.000200004,-2.33342e-09,6.87115e-07,-2.33342e-09,0.000200001,-3.5139e-07,6.87115e-07,-3.5139e-07,0.000199998
-0.0195508,-0.0734216,0.40783,-0.0171725,-0.0692358,0.420132,-0.00689332,-0.0102118,0.00927231,1.05334,0.000200004,-1.86381e-09,6.5693e-07,-1.86381e-09,0.000200001,-2.65138e-07,6.5693e-07,-2.65138e-07,0.000199998
-0.0190814,-0.0738718,0.402317,-0.0171528,-0.0692289,0.420112,-0.00642395,-0.0106621,0.00375898,1.05226,0.000200004,-1.35681e-09,6.25963e-07,-1.35681e-09,0.000200001,-1.756e-07,6.25963e-07,-1.756e-07,0.000199998
-0.020418,-0.0760742,0.38886,-0.0255272,-0.0788059,0.374386,-0.00529,-0.00811306,0.0150197,1.00562,0.000200004,-9.86115e-10,5.95374e-07,-9.86115e-10,0.0002,-1.20163e-07,5.95374e-07,-1.20163e-07,0.000199998
-0.0214639,-0.0775258,0.378817,-0.0255324,-0.0788108,0.374368,-0.0063359,-0.00956468,0.00497656,1.00884,0.000200003,-6.83072e-10,5.25761e-07,-6.83072e-10,0.0002,-8.1411e-08,5.25761e-07,-8.1411e-08,0.000199999
-0.0223077,-0.0784536,0.37097,-0.0255481,-0.0787868,0.374266,-0.00717971,-0.0104925,-0.00287052,1.00241,0.000200002,-4.68354e-10,4.44505e-07,-4.68354e-10,0.0002,-5.76459e-08,4.44505e-07,-5.76459e-08,0.000199999
-0.0229919,-0.0790653,0.364687,-0.0255471,-0.0788056,0.374235,-0.00696532,-0.00719049,0.0160881,1.00241,0.000200002,-3.25242e-10,3.70947e-07,-3.25242e-10,0.0002,-4.41564e-08,3.70947e-07,-4.41564e-08,0.000199999
-0.0234914,-0.0794431,0.359656,-0.0255426,-0.0787985,0.374213,-0.00746485,-0.00756832,0.0110574,1.00884,0.000200001,-2.12129e-10,3.06319e-07,-2.12129e-10,0.0002,-2.80514e-08,3.06319e-07,-2.80514e-08,0.000199999
-0.0238097,-0.0797838,0.355529,-0.0255397,-0.0788061,0.374218,-0.00716065,-0.00545218,0.0314136,1.00562,0.000200001,-1.17164e-10,2.71036e-07,-1.17164e-10,0.0002,-5.00242e-09,2.71036e-07,-5.00242e-09,0.000199999
-0.024214,-0.081148,0.344735,-0.0262314,-0.0842625,0.334685,-0.007565,-0.00681634,0.0206194,1.08187,0.000200001,-5.51891e-11,2.48501e-07,-5.51891e-11,0.0002,9.47815e-09,2.48501e-07,9.47815e-09,0.0002
-0.0246616,-0.0823501,0.336201,-0.0262471,-0.0842607,0.334671,-0.0080126,-0.00801844,0.012085,1.0787,0.000200001,-4.4791e-11,2.51715e-07,-4.4791e-11,0.0002,-1.17011e-09,2.51715e-07,-1.17011e-09,0.0002
-0.0248995,-0.0832939,0.329051,-0.0261698,-0.0842485,0.334614,-0.00838519,-0.00755334,0.0235816,1.07955,0.000200001,-1.38703e-11,2.5145e-07,-1.38703e-11,0.0002,8.39529e-09,2.5145e-07,8.39529e-09,0.0002
-0.0250068,-0.0839944,0.323451,-0.0262117,-0.0842476,0.334692,-0.0084925,-0.00825379,0.0179812,1.08505,0.000200001,3.05017e-11,2.42748e-07,3.05017e-11,0.0002,2.89596e-08,2.42748e-07,2.89596e-08,0.0002
-0.0252175,-0.0844621,0.319174,-0.0262199,-0.0842503,0.334672,-0.00909399,-0.00715579,0.027007,1.08187,0.000200001,2.96885e-11,2.22113e-07,2.96885e-11,0.0002,2.24086e-08,2.22113e-07,2.24086e-08,0.0002
-0.0253287,-0.0847975,0.316064,-0.0261957,-0.0842577,0.334679,-0.00920516,-0.00749119,0.0238972,1.08822,0.0002,3.84748e-11,2.02552e-07,3.84748e-11,0.0002,2.66326e-08,2.02552e-07,2.66326e-08,0.0002
-0.0255773,-0.0858293,0.303296,-0.0268038,-0.0877993,0.283277,-0.00945378,-0.00852297,0.0111289,1.05882,0.0002,3.95931e-11,1.98623e-07,3.95931e-11,0.0002,2.47276e-08,1.98623e-07,2.47276e-08,0.0002
-0.0257689,-0.0866954,0.292668,-0.0268163,-0.0877984,0.283283,-0.0092525,-0.00764554,0.0209284,1.05882,0.0002,4.23095e-11,2.02716e-07,4.23095e-11,0.0002,2.45704e-08,2.02716e-07,2.45704e-08,0.0002
-0.025909,-0.0874675,0.284172,-0.0268585,-0.0877852,0.28331,-0.00939256,-0.00841761,0.012432,1.06373,0.0002,5.05494e-11,2.18492e-07,5.05494e-11,0.0002,2.74853e-08,2.18492e-07,2.74853e-08,0.0002
-0.0259797,-0.0880045,0.277271,-0.0268545,-0.0877761,0.283308,-0.00939148,-0.00754221,0.0232359,1.06373,0.0002,6.36583e-11,2.16082e-07,6.36583e-11,0.0002,3.56293e-08,2.16082e-07,3.56293e-08,0.0002
-0.0260436,-0.088467,0.27164,-0.0268091,-0.0878064,0.283275,-0.00945534,-0.00800469,0.017605,1.06352,0.0002,7.05762e-11,2.18849e-07,7.05762e-11,0.0002,3.79273e-08,2.18849e-07,3.79273e-08,0.0002
-0.0259331,-0.0886815,0.262821,-0.025576,-0.0872451,0.261187,-0.00993105,-0.00682062,0.0297994,0.893865,0.0002,5.56519e-11,2.13501e-07,5.56519e-11,0.0002,2.64395e-08,2.13501e-07,2.64395e-08,0.0002
-0.0258873,-0.0888667,0.255564,-0.0255729,-0.0872575,0.261211,-0.00988525,-0.00700578,0.0225424,0.89072,0.0002,3.40006e-11,2.11805e-07,3.40006e-11,0.0002,1.18325e-08,2.11805e-07,1.18325e-08,0.0002
-0.0259171,-0.0890693,0.249986,-0.025744,-0.0872708,0.261315,-0.00991504,-0.00720839,0.0169644,0.866585,0.0002,9.46364e-12,2.18948e-07,9.46364e-12,0.0002,-2.97659e-09,2.18948e-07,-2.97659e-09,0.0002
-0.025938,-0.0892343,0.245526,-0.0257212,-0.0872863,0.261327,-0.0103815,-0.00575545,0.0336366,0.868708,0.0002,-1.08035e-11,2.2346e-07,-1.08035e-11,0.0002,-1.29194e-08,2.2346e-07,-1.29194e-08,0.0002
-0.0260204,-0.0893473,0.242467,-0.0259138,-0.0872681,0.261281,-0.010464,-0.0058684,0.0305768,0.887247,0.0002,-3.24978e-11,2.23798e-07,-3.24978e-11,0.0002,-2.37097e-08,2.23798e-07,-2.37097e-08,0.0002
-0.0261351,-0.0895228,0.240326,-0.0259206,-0.0873067,0.261266,-0.0102514,-0.00391297,0.0490917,0.887247,0.000200001,-6.33341e-11,2.36281e-07,-6.33341e-11,0.0002,-3.83823e-08,2.36281e-07,-3.83823e-08,0.0002
-0.0259241,-0.091338,0.225641,-0.0245324,-0.0957456,0.196394,-0.0100404,-0.00572821,0.0344058,1.89743,0.000200001,-7.73563e-11,2.42649e-07,-7.73563e-11,0.0002,-4.13489e-08,2.42649e-07,-4.13489e-08,0.0002
-0.0257235,-0.0927802,0.213265,-0.0245571,-0.095747,0.196365,-0.00983981,-0.00717034,0.02203,1.89743,0.000200001,-7.85152e-11,2.44985e-07,-7.85152e-11,0.0002,-3.80127e-08,2.44985e-07,-3.80127e-08,0.0002
-0.0256506,-0.0939221,0.203706,-0.0251839,-0.0957349,0.197042,-0.00885552,-0.00673485,0.0329105,1.75526,0.000200001,-6.9155e-11,2.44945e-07,-6.9155e-11,0.0002,-3.02997e-08,2.44945e-07,-3.02997e-08,0.0002
-0.0259959,-0.0947678,0.196262,-0.0271455,-0.0956042,0.198055,-0.00920083,-0.00758057,0.0254659,1.56996,0.000200001,-6.35411e-11,2.38182e-07,-6.35411e-11,0.0002,-2.75301e-08,2.38182e-07,-2.75301e-08,0.0002
-0.0263326,-0.0954796,0.190201,-0.0271456,-0.0956139,0.198048,-0.0100196,-0.00621788,0.0397614,1.56664,0.000200001,-7.57918e-11,2.39044e-07,-7.57918e-11,0.0002,-3.57669e-08,2.39044e-07,-3.57669e-08,0.0002
-0.0266888,-0.0960673,0.177724,-0.0274464,-0.0961333,0.159904,-0.0103759,-0.00680561,0.0272842,1.02617,0.0002,-8.64759e-11,2.26095e-07,-8.64759e-11,0.0002,-4.40294e-08,2.26095e-07,-4.40294e-08,0.0002
-0.0268914,-0.0965213,0.167325,-0.02744,-0.0961326,0.159891,-0.0105785,-0.00725962,0.0168857,1.02299,0.0002,-7.5534e-11,2.15235e-07,-7.5534e-11,0.0002,-3.68465e-08,2.15235e-07,-3.68465e-08,0.0002
-0.027039,-0.0968599,0.159315,-0.0274422,-0.096133,0.159881,-0.0104644,-0.00692301,0.0197296,1.02299,0.0002,-6.33639e-11,2.04295e-07,-6.33639e-11,0.0002,-3.01341e-08,2.04295e-07,-3.01341e-08,0.0002
-0.0271255,-0.0970845,0.152907,-0.0274514,-0.0961464,0.15988,-0.0105509,-0.00714766,0.0133213,1.02299,0.0002,-4.65519e-11,1.89484e-07,-4.65519e-11,0.0002,-2.06668e-08,1.89484e-07,-2.06668e-08,0.0002
-0.0271959,-0.0972644,0.14778,-0.0274514,-0.096147,0.15988,-0.0101926,-0.00589074,0.0267637,1.02299,0.0002,-3.49614e-11,1.79995e-07,-3.49614e-11,0.0002,-1.49841e-08,1.79995e-07,-1.49841e-08,0.0002
-0.027242,-0.0973373,0.143368,-0.0274517,-0.0961241,0.159879,-0.0102386,-0.0059637,0.0223517,1.02299,0.0002,-2.41605e-11,1.63328e-07,-2.41605e-11,0.0002,-9.71768e-09,1.63328e-07,-9.71768e-09,0.0002
-0.0275065,-0.0980474,0.129896,-0.0287597,-0.0994139,0.1112,-0.0105031,-0.00667376,0.0088792,0.958235,0.0002,-1.02112e-11,1.51746e-07,-1.02112e-11,0.0002,1.73276e-10,1.51746e-07,1.73276e-10,0.0002
-0.0277003,-0.0985897,0.118814,-0.0287535,-0.0994015,0.111234,-0.0104208,-0.00581146,0.0211234,0.951762,0.0002,1.51797e-12,1.4063e-07,1.51797e-12,0.0002,8.81724e-09,1.4063e-07,8.81724e-09,0.0002
-0.0279022,-0.0990279,0.109327,-0.0287693,-0.0993952,0.111229,-0.0106226,-0.00624963,0.011636,0.954999,0.0002,3.23401e-12,1.34355e-07,3.23401e-12,0.0002,7.06631e-09,1.34355e-07,7.06631e-09,0.0002
-0.0280001,-0.0993625,0.102037,-0.0287498,-0.0994561,0.111176,-0.0106591,-0.00556562,0.0242218,0.967944,0.0002,1.17293e-11,1.25947e-07,1.17293e-11,0.0002,1.53626e-08,1.25947e-07,1.53626e-08,0.0002
-0.0281466,-0.0996044,0.0963136,-0.028757,-0.0993982,0.111202,-0.0108056,-0.00580752,0.0184986,0.954999,0.0002,8.99794e-12,1.18198e-07,8.99794e-12,0.0002,9.90466e-09,1.18198e-07,9.90466e-09,0.0002
-0.0284838,-0.100356,0.0828791,-0.0294234,-0.101935,0.0658875,-0.0111428,-0.00655893,0.00506412,1.12687,0.0002,-3.36722e-12,1.21204e-07,-3.36722e-12,0.0002,-6.76344e-09,1.21204e-07,-6.76344e-09,0.0002
-0.0287785,-0.100975,0.0722335,-0.0294397,-0.101916,0.0658797,-0.0109452,-0.00625669,0.0213255,1.12687,0.0002,-1.71268e-11,1.26594e-07,-1.71268e-11,0.0002,-2.11791e-08,1.26594e-07,-2.11791e-08,0.0002
-0.0289539,-0.101403,0.0638059,-0.029423,-0.101924,0.0658067,-0.0111205,-0.00668444,0.0128979,1.12322,0.0002,-1.90788e-11,1.19028e-07,-1.90788e-11,0.0002,-2.13759e-08,1.19028e-07,-2.13759e-08,0.0002
-0.0291744,-0.101834,0.0574802,-0.0294219,-0.101916,0.0658183,-0.0113974,-0.00580712,0.029079,1.12365,0.0002,-3.32739e-11,1.2847e-07,-3.32739e-11,0.0002,-3.46412e-08,1.2847e-07,-3.46412e-08,0.0002
-0.0293957,-0.102268,0.0526312,-0.0294537,-0.10193,0.0658406,-0.0116187,-0.00624166,0.0242299,1.11722,0.0002,-5.53071e-11,1.48317e-07,-5.53071e-11,0.0002,-4.95751e-08,1.48317e-07,-4.95751e-08,0.0002
-0.0295534,-0.102549,0.0486453,-0.0294403,-0.101922,0.0658248,-0.0117764,-0.00652249,0.020244,1.12043,0.0002,-6.76954e-11,1.50531e-07,-6.76954e-11,0.0002,-5.65141e-08,1.50531e-07,-5.65141e-08,0.0002
-0.0298131,-0.10336,0.035633,-0.0302165,-0.10392,0.0172249,-0.0117717,-0.00696509,0.0197461,1.22236,0.0002,-8.37619e-11,1.82314e-07,-8.37619e-11,0.0002,-5.6551e-08,1.82314e-07,-5.6551e-08,0.0002
-0.030024,-0.104008,0.0254304,-0.0302079,-0.103921,0.0172257,-0.0119826,-0.00761336,0.00954344,1.21591,0.0002,-9.72104e-11,2.02388e-07,-9.72104e-11,0.0002,-5.76694e-08,2.02388e-07,-5.76694e-08,0.0002
-0.0301348,-0.104499,0.0170649,-0.0303212,-0.104006,0.017244,-0.0120933,-0.00810354,0.00117797,1.19631,0.0002,-8.73525e-11,2.07969e-07,-8.73525e-11,0.0002,-4.57848e-08,2.07969e-07,-4.57848e-08,0.0002
-0.0303468,-0.104843,0.0103756,-0.0302851,-0.103968,0.0172591,-0.0122951,-0.00612742,0.02299,1.20277,0.0002,-1.05166e-10,2.04833e-07,-1.05166e-10,0.0002,-5.93131e-08,2.04833e-07,-5.93131e-08,0.0002
-0.0304179,-0.105138,0.00512577,-0.0303168,-0.103969,0.0172498,-0.0123662,-0.00642226,0.0177401,1.19048,0.0002,-9.79364e-11,2.05996e-07,-9.79364e-11,0.0002,-5.1417e-08,2.05996e-07,-5.1417e-08,0.0002
-0.0304574,-0.105286,0.000921935,-0.0302191,-0.103956,0.0172297,-0.012227,-0.00441861,0.0379265,1.21461,0.0002,-8.79685e-11,1.93055e-07,-8.79685e-11,0.0002,-4.67136e-08,1.93055e-07,-4.67136e-08,0.0002
-0.0306299,-0.105944,-0.0105235,-0.0308821,-0.106879,-0.0231821,-0.0123995,-0.00507703,0.0264811,1.22994,0.0002,-7.87078e-11,1.77908e-07,-7.87078e-11,0.0002,-4.39106e-08,1.77908e-07,-4.39106e-08,0.0002
-0.0307261,-0.10638,-0.0200942,-0.0308819,-0.106853,-0.0231837,-0.0124957,-0.00551346,0.0169104,1.22994,0.0002,-6.15829e-11,1.54563e-07,-6.15829e-11,0.0002,-3.56974e-08,1.54563e-07,-3.56974e-08,0.0002
-0.0308064,-0.106734,-0.0281651,-0.0308933,-0.106877,-0.0231854,-0.0118555,-0.00423075,0.0328106,1.22994,0.0002,-5.0009e-11,1.39543e-07,-5.0009e-11,0.0002,-3.08511e-08,1.39543e-07,-3.08511e-08,0.0002
-0.0308707,-0.107014,-0.0348312,-0.0308887,-0.106862,-0.0231968,-0.0119198,-0.00451061,0.0261446,1.22675,0.0002,-4.21664e-11,1.29862e-07,-4.21664e-11,0.0002,-2.80876e-08,1.29862e-07,-2.80876e-08,0.0002
-0.0308594,-0.107264,-0.0402716,-0.0308862,-0.106877,-0.0232172,-0.0118248,-0.00405735,0.0281715,1.22704,0.0002,-2.91547e-11,1.27464e-07,-2.91547e-11,0.0002,-1.65458e-08,1.27464e-07,-1.65458e-08,0.0002
-0.0309364,-0.107493,-0.0575607,-0.0314934,-0.107225,-0.0879006,-0.0119018,-0.00428579,0.0108825,1.58818,0.0002,-1.36839e-11,1.19477e-07,-1.36839e-11,0.0002,-2.26206e-09,1.19477e-07,-2.26206e-09,0.0002
-0.0311074,-0.107646,-0.071493,-0.0315065,-0.107209,-0.0878884,-0.0120727,-0.00443881,-0.00304986,1.59174,0.0002,-1.54924e-11,1.09964e-07,-1.54924e-11,0.0002,-1.0531e-08,1.09964e-07,-1.0531e-08,0.0002
-0.0312569,-0.107708,-0.0825186,-0.0316925,-0.107223,-0.0878047,-0.0125783,-0.0034094,0.0125015,1.54701,0.0002,-1.36394e-11,9.3846e-08,-1.36394e-11,0.0002,-1.20643e-08,9.3846e-08,-1.20643e-08,0.0002
-0.031411,-0.107714,-0.0910966,-0.0320913,-0.1072,-0.0876274,-0.0127324,-0.00341564,0.0039235,1.51705,0.0002,-8.09732e-12,7.7319e-08,-8.09732e-12,0.0002,-5.89488e-09,7.7319e-08,-5.89488e-09,0.0002
-0.0316327,-0.107818,-0.0976299,-0.0322161,-0.107191,-0.0875344,-0.0130582,-0.002437,0.0180713,1.5087,0.0002,-1.12908e-11,8.26669e-08,-1.12908e-11,0.0002,-1.39483e-08,8.26669e-08,-1.39483e-08,0.0002
-0.031802,-0.107944,-0.10266,-0.032152,-0.107197,-0.0875853,-0.0132276,-0.00256303,0.0130415,1.51128,0.0002,-1.57359e-11,9.27934e-08,-1.57359e-11,0.0002,-2.00336e-08,9.27934e-08,-2.00336e-08,0.0002
-0.0319442,-0.108621,-0.112696,-0.0319771,-0.110315,-0.118683,-0.0133697,-0.00323988,0.00300524,1.14422,0.0002,-2.22527e-11,9.17008e-08,-2.22527e-11,0.0002,-3.01277e-08,9.17008e-08,-3.01277e-08,0.0002
-0.0321041,-0.109157,-0.120932,-0.0319915,-0.110318,-0.118683,-0.0133035,-0.00348911,0.0210083,1.14691,0.0002,-3.11963e-11,8.99967e-08,-3.11963e-11,0.0002,-4.36763e-08,8.99967e-08,-4.36763e-08,0.0002
-0.0322127,-0.109608,-0.127837,-0.0319835,-0.11031,-0.118712,-0.0134122,-0.00393974,0.0141032,1.14422,0.0002,-3.75503e-11,9.25107e-08,-3.75503e-11,0.0002,-4.96835e-08,9.25107e-08,-4.96835e-08,0.0002
-0.0322922,-0.109877,-0.133768,-0.0319952,-0.110278,-0.118675,-0.0131494,-0.00308311,0.0339414,1.13723,0.0002,-3.67432e-11,8.04724e-08,-3.67432e-11,0.0002,-5.19201e-08,8.04724e-08,-5.19201e-08,0.0002
-0.0323351,-0.110122,-0.138832,-0.0319812,-0.110308,-0.11872,-0.0131923,-0.00332789,0.0288772,1.14745,0.0002,-3.55498e-11,7.64965e-08,-3.55498e-11,0.0002,-5.06052e-08,7.64965e-08,-5.06052e-08,0.0002
-0.0324398,-0.110128,-0.150986,-0.0327377,-0.109314,-0.1582,-0.0132971,-0.00333449,0.0167228,1.19543,0.0002,-2.85077e-11,7.58825e-08,-2.85077e-11,0.0002,-3.64341e-08,7.58825e-08,-3.64341e-08,0.0002
-0.0325121,-0.110092,-0.160714,-0.0327062,-0.109314,-0.15822,-0.0128709,-0.00255066,0.0233554,1.20829,0.0002,-2.13929e-11,6.87199e-08,-2.13929e-11,0.0002,-2.65981e-08,6.87199e-08,-2.65981e-08,0.0002
-0.0325369,-0.110069,-0.168495,-0.0327481,-0.109314,-0.158216,-0.0128957,-0.00252802,0.0155742,1.19305,0.0002,-1.37491e-11,6.52618e-08,-1.37491e-11,0.0002,-1.37916e-08,6.52618e-08,-1.37916e-08,0.0002
-0.0325009,-0.109972,-0.17451,-0.0327459,-0.109303,-0.158203,-0.0127818,-0.00211846,0.0380928,1.18984,0.0002,-4.7968e-12,5.08844e-08,-4.7968e-12,0.0002,3.3613e-09,5.08844e-08,3.3613e-09,0.0002
-0.0325156,-0.109891,-0.178908,-0.0327522,-0.109319,-0.158202,-0.0127965,-0.00203699,0.0336948,1.19305,0.0002,-1.59793e-12,4.05037e-08,-1.59793e-12,0.0002,7.59705e-09,4.05037e-08,7.59705e-09,0.0002
-0.0325396,-0.109797,-0.182114,-0.0327261,-0.109302,-0.158192,-0.0128205,-0.00194383,0.030489,1.19864,0.0002,-5.22042e-13,2.99021e-08,-5.22042e-13,0.0002,7.56908e-09,2.99021e-08,7.56908e-09,0.0002
-0.0327492,-0.109896,-0.194462,-0.0330112,-0.10953,-0.20866,-0.0129386,-0.00153336,0.0279962,1.0709,0.0002,-4.94684e-12,4.32866e-08,-4.94684e-12,0.0002,-1.36885e-08,4.32866e-08,-1.36885e-08,0.0002
-0.0329537,-0.110031,-0.20403,-0.0330218,-0.109529,-0.20866,-0.013143,-0.00166888,0.0184284,1.0677,0.0002,-1.44568e-11,6.09443e-08,-1.44568e-11,0.0002,-3.29716e-08,6.09443e-08,-3.29716e-08,0.0002
-0.0330527,-0.11024,-0.211895,-0.0330231,-0.109536,-0.208678,-0.0132682,-0.00192508,0.0405976,1.06451,0.0002,-2.31963e-11,8.81863e-08,-2.31963e-11,0.0002,-3.52053e-08,8.81863e-08,-3.52053e-08,0.0002
-0.0331849,-0.110439,-0.218194,-0.0330284,-0.10953,-0.208714,-0.0134005,-0.00212371,0.0342986,1.06451,0.0002,-3.77011e-11,1.10661e-07,-3.77011e-11,0.0002,-4.51523e-08,1.10661e-07,-4.51523e-08,0.0002
-0.0332441,-0.110567,-0.223651,-0.0330429,-0.10954,-0.208734,-0.013552,-0.00104777,0.0481614,1.06451,0.0002,-4.25108e-11,1.19793e-07,-4.25108e-11,0.0002,-4.37214e-08,1.19793e-07,-4.37214e-08,0.0002
-0.0331588,-0.111415,-0.24192,-0.0320749,-0.113127,-0.279288,-0.0134666,-0.00189584,0.029892,1.32764,0.0002,-5.43781e-11,1.30614e-07,-5.43781e-11,0.0002,-5.12524e-08,1.30614e-07,-5.12524e-08,0.0002
-0.0331812,-0.112007,-0.257051,-0.032071,-0.113142,-0.279275,-0.013489,-0.00248763,0.0147616,1.32764,0.0002,-7.06984e-11,1.22966e-07,-7.06984e-11,0.0002,-7.10293e-08,1.22966e-07,-7.10293e-08,0.0002
-0.0331208,-0.112433,-0.269052,-0.0320602,-0.113144,-0.279277,-0.0130979,-0.00197998,0.0258884,1.32764,0.0002,-6.92372e-11,1.10332e-07,-6.92372e-11,0.0002,-7.17342e-08,1.10332e-07,-7.17342e-08,0.0002
-0.0330281,-0.112717,-0.278498,-0.0328974,-0.113125,-0.279021,-0.0130052,-0.00226408,0.0164419,1.26459,0.0002,-4.26895e-11,9.39879e-08,-4.26895e-11,0.0002,-3.84316e-08,9.39879e-08,-3.84316e-08,0.0002
-0.0330332,-0.112883,-0.286049,-0.0329399,-0.113136,-0.278986,-0.0121147,-0.00117826,0.0336057,1.26897,0.0002,-2.94354e-11,7.32058e-08,-2.94354e-11,0.0002,-2.84605e-08,7.32058e-08,-2.84605e-08,0.0002
-0.0329872,-0.112987,-0.292297,-0.0329519,-0.11314,-0.278993,-0.0120688,-0.00128278,0.0273571,1.27221,0.0002,-1.71425e-11,5.53463e-08,-1.71425e-11,0.0002,-1.36863e-08,5.53463e-08,-1.36863e-08,0.0002
-0.033043,-0.11262,-0.299723,-0.0335541,-0.110619,-0.290095,-0.0121245,-0.00091505,0.0199308,0.968164,0.0002,-8.48289e-12,5.24694e-08,-8.48289e-12,0.0002,1.86923e-10,5.24694e-08,1.86923e-10,0.0002
-0.0332073,-0.112347,-0.305338,-0.0335487,-0.110578,-0.290014,-0.0117988,-0.000246877,0.0372725,0.958671,0.0002,-9.22005e-12,5.5239e-08,-9.22005e-12,0.0002,-1.03712e-08,5.5239e-08,-1.03712e-08,0.0002
-0.0333078,-0.112146,-0.31045,-0.0335947,-0.110597,-0.290012,-0.0118992,-4.5461e-05,0.0321604,0.961346,0.0002,-8.2516e-12,5.90566e-08,-8.2516e-12,0.0002,-1.07959e-08,5.90566e-08,-1.07959e-08,0.0002
-0.033372,-0.112015,-0.314232,-0.0335816,-0.110616,-0.290028,-0.0122494,0.000665625,0.0552219,0.961346,0.0002,-7.13502e-12,6.57818e-08,-7.13502e-12,0.0002,-9.02078e-09,6.57818e-08,-9.02078e-09,0.0002
-0.0334434,-0.111849,-0.317259,-0.0335423,-0.110576,-0.290033,-0.0123208,0.000831774,0.052195,0.955506,0.0002,-7.61848e-12,6.14578e-08,-7.61848e-12,0.0002,-1.22756e-08,6.14578e-08,-1.22756e-08,0.0002
-0.0336074,-0.111778,-0.319477,-0.0335397,-0.110607,-0.290048,-0.0124848,0.000903453,0.0499776,0.958671,0.0002,-1.64296e-11,6.71947e-08,-1.64296e-11,0.0002,-3.16758e-08,6.71947e-08,-3.16758e-08,0.0002
-0.0338727,-0.112135,-0.334991,-0.0345223,-0.113031,-0.359785,-0.0126417,0.000880142,0.0430441,1.18823,0.0002,-1.68482e-11,6.01332e-08,-1.68482e-11,0.0002,-3.33084e-08,6.01332e-08,-3.33084e-08,0.0002
-0.0341133,-0.112431,-0.347295,-0.0345252,-0.113017,-0.359765,-0.0128823,0.000584686,0.0307402,1.18174,0.0002,-1.9069e-11,5.74666e-08,-1.9069e-11,0.0002,-3.89674e-08,5.74666e-08,-3.89674e-08,0.0002
-0.0342416,-0.112605,-0.357147,-0.0345451,-0.11304,-0.359807,-0.0125497,0.00100735,0.0533646,1.18823,0.0002,-1.44304e-11,4.51592e-08,-1.44304e-11,0.0002,-3.16917e-08,4.51592e-08,-3.16917e-08,0.0002
-0.0343669,-0.112749,-0.365128,-0.0345216,-0.112999,-0.359789,-0.0126751,0.000863512,0.0453834,1.18643,0.0002,-1.27574e-11,3.91726e-08,-1.27574e-11,0.0002,-3.15155e-08,3.91726e-08,-3.15155e-08,0.0002
-0.0344374,-0.112793,-0.371721,-0.0345225,-0.113042,-0.359795,-0.0127456,0.000819649,0.0387903,1.19148,0.0002,-8.1415e-12,2.25792e-08,-8.1415e-12,0.0002,-2.65044e-08,2.25792e-08,-2.65044e-08,0.0002
-0.0348241,-0.112713,-0.386635,-0.036309,-0.112533,-0.405406,-0.0118245,0.000883254,0.0404701,1.00291,0.0002,-4.53569e-12,1.0024e-08,-4.53569e-12,0.0002,-1.88524e-08,1.0024e-08,-1.88524e-08,0.0002
-0.0351595,-0.112689,-0.398359,-0.0363621,-0.112534,-0.405404,-0.0121599,0.000907389,0.0287461,0.992034,0.0002,-3.19139e-12,8.23991e-09,-3.19139e-12,0.0002,-1.65195e-08,8.23991e-09,-1.65195e-08,0.0002
-0.0353786,-0.112618,-0.408051,-0.0363377,-0.11253,-0.405413,-0.0124246,0.00116568,0.0458177,0.998465,0.0002,-1.5567e-12,-9.72596e-10,-1.5567e-12,0.0002,-7.86726e-09,-9.72596e-10,-7.86726e-09,0.0002
-0.0356097,-0.112653,-0.415703,-0.0363104,-0.112541,-0.405424,-0.0126557,0.00113077,0.0381657,1.00291,0.0002,-1.61167e-12,7.32512e-09,-1.61167e-12,0.0002,-1.22922e-08,7.32512e-09,-1.22922e-08,0.0002
-0.0358061,-0.112681,-0.421818,-0.0363667,-0.112542,-0.405391,-0.0128521,0.00110272,0.0320507,0.995249,0.0002,-1.99693e-12,1.25799e-08,-1.99693e-12,0.0002,-1.51848e-08,1.25799e-08,-1.51848e-08,0.0002
-0.035996,-0.112753,-0.426611,-0.0363036,-0.112543,-0.405415,-0.0130371,0.00158218,0.0495955,1.00291,0.0002,-4.47672e-12,2.37469e-08,-4.47672e-12,0.0002,-2.44481e-08,2.37469e-08,-2.44481e-08,0.0002
-0.0362588,-0.112824,-0.44077,-0.0367964,-0.11276,-0.459626,-0.0132999,0.00151114,0.0354363,1.06027,0.0002,-6.54778e-12,2.63101e-08,-6.54778e-12,0.0002,-3.20889e-08,2.63101e-08,-3.20889e-08,0.0002
-0.0364317,-0.112894,-0.451684,-0.0367985,-0.112742,-0.459629,-0.013042,0.00143184,0.0376194,1.06027,0.0002,-7.73106e-12,3.06842e-08,-7.73106e-12,0.0002,-3.09991e-08,3.06842e-08,-3.09991e-08,0.0002
-0.0365319,-0.112972,-0.460209,-0.0367966,-0.112758,-0.459635,-0.0131423,0.00135403,0.0290941,1.06027,0.0002,-7.72004e-12,3.63953e-08,-7.72004e-12,0.0002,-2.43504e-08,3.63953e-08,-2.43504e-08,0.0002
-0.0366221,-0.113003,-0.467132,-0.0367954,-0.112745,-0.45963,-0.0132324,0.00132299,0.0221713,1.06348,0.0002,-7.15998e-12,3.54365e-08,-7.15998e-12,0.0002,-2.17376e-08,3.54365e-08,-2.17376e-08,0.0002
-0.0367807,-0.113055,-0.472984,-0.0367984,-0.112741,-0.459647,-0.0135825,0.00188804,0.0550761,1.05705,0.0002,-1.08338e-11,3.91698e-08,-1.08338e-11,0.0002,-3.39092e-08,3.91698e-08,-3.39092e-08,0.0002
-0.0367058,-0.112898,-0.488123,-0.0361618,-0.112035,-0.509861,-0.0135076,0.00204586,0.0399375,0.940219,0.0002,-8.97199e-12,3.25326e-08,-8.97199e-12,0.0002,-2.94556e-08,3.25326e-08,-2.94556e-08,0.0002
-0.0366204,-0.112774,-0.500649,-0.0360337,-0.112049,-0.509869,-0.0134222,0.00216951,0.0274109,0.959266,0.0002,-7.61414e-12,2.81625e-08,-7.61414e-12,0.0002,-2.67212e-08,2.81625e-08,-2.67212e-08,0.0002
-0.0365068,-0.112722,-0.510566,-0.0360346,-0.112039,-0.509866,-0.0125687,0.0027867,0.0367179,0.956092,0.0002,-6.35027e-12,3.32276e-08,-6.35027e-12,0.0002,-1.78181e-08,3.32276e-08,-1.78181e-08,0.0002
-0.036369,-0.112627,-0.518502,-0.0361908,-0.11204,-0.509877,-0.012431,0.00288156,0.0287819,0.946568,0.0002,-2.09489e-12,2.80377e-08,-2.09489e-12,0.0002,4.06075e-10,2.80377e-08,4.06075e-10,0.0002
-0.0362767,-0.112596,-0.524951,-0.0360291,-0.112038,-0.509857,-0.0126357,0.00306856,0.0452607,0.956092,0.0002,-5.55107e-13,3.19105e-08,-5.55107e-13,0.0002,3.92554e-09,3.19105e-08,3.92554e-09,0.0002
-0.0365463,-0.112679,-0.539925,-0.0372242,-0.11275,-0.558421,-0.0129053,0.00298572,0.0302858,1.04662,0.0002,-2.69081e-12,2.86598e-08,-2.69081e-12,0.0002,-1.02866e-08,2.86598e-08,-1.02866e-08,0.0002
-0.0367708,-0.11271,-0.551593,-0.0372303,-0.112724,-0.55841,-0.0129027,0.00279825,0.0353226,1.04028,0.0002,-3.7173e-12,2.17115e-08,-3.7173e-12,0.0002,-2.06242e-08,2.17115e-08,-2.06242e-08,0.0002
-0.0369941,-0.112804,-0.560722,-0.0372259,-0.112713,-0.558423,-0.013126,0.00270418,0.0261934,1.03691,0.0002,-7.43248e-12,2.8629e-08,-7.43248e-12,0.0002,-3.45241e-08,2.8629e-08,-3.45241e-08,0.0002
-0.0371366,-0.112906,-0.56761,-0.0372226,-0.112738,-0.558416,-0.0132685,0.00260217,0.0193054,1.04015,0.0002,-1.06629e-11,3.65447e-08,-1.06629e-11,0.0002,-3.78151e-08,3.65447e-08,-3.78151e-08,0.0002
-0.0370035,-0.113145,-0.572912,-0.037243,-0.112728,-0.558409,-0.0128834,0.00201786,0.0381093,1.03691,0.0002,-2.44471e-12,6.74799e-08,-2.44471e-12,0.0002,-9.63033e-11,6.74799e-08,-9.63033e-11,0.0002
-0.0365027,-0.113655,-0.577256,-0.0371565,-0.11274,-0.558405,-0.0123825,0.00150696,0.033765,1.05271,0.0002,7.46811e-11,1.38965e-07,7.46811e-11,0.0002,8.35837e-08,1.38965e-07,8.35837e-08,0.0002
-0.0355378,-0.114405,-0.591185,-0.0371302,-0.11254,-0.609639,-0.0107527,0.00141827,0.0451869,1.03201,0.0002,3.76814e-10,2.45381e-07,3.76814e-10,0.0002,2.27401e-07,2.45381e-07,2.27401e-07,0.0002
-0.0344441,-0.115291,-0.60357,-0.0371148,-0.112544,-0.609635,-0.00965895,0.000532579,0.0328022,1.03201,0.000200001,9.3572e-10,3.6032e-07,9.3572e-10,0.000200001,3.69245e-07,3.6032e-07,3.69245e-07,0.0002
-0.0334038,-0.11583,-0.614094,-0.037135,-0.112569,-0.609612,-0.00861869,-6.92591e-06,0.0222781,1.02883,0.000200001,1.47364e-09,4.07382e-07,1.47364e-09,0.000200002,4.86459e-07,4.07382e-07,4.86459e-07,0.000199999
-0.032864,-0.115951,-0.62179,-0.0372124,-0.112557,-0.609615,-0.00872789,0.000611423,0.0352787,1.00972,0.000200001,1.627e-09,3.88272e-07,1.627e-09,0.000200002,5.1727e-07,3.88272e-07,5.1727e-07,0.000199999
-0.0329883,-0.115654,-0.626909,-0.0372005,-0.11253,-0.609608,-0.00885217,0.00090865,0.0301589,1.01614,0.000200001,1.31957e-09,3.13086e-07,1.31957e-09,0.000200002,4.48248e-07,3.13086e-07,4.48248e-07,0.000199999
-0.0333205,-0.115249,-0.630595,-0.0371455,-0.112547,-0.60963,-0.0134047,0.00360261,0.0494308,1.02883,0.000200001,9.64317e-10,2.37211e-07,9.64317e-10,0.000200001,3.65441e-07,2.37211e-07,3.65441e-07,0.000199999
-0.0328694,-0.115397,-0.643547,-0.0327411,-0.114855,-0.659645,-0.0129537,0.00345452,0.036479,1.19519,0.0002,6.94226e-10,1.87676e-07,6.94226e-10,0.000200001,2.87798e-07,1.87676e-07,2.87798e-07,0.000199999
-0.0326015,-0.115497,-0.654119,-0.0327369,-0.114849,-0.659663,-0.0126858,0.00335412,0.0259069,1.19519,0.0002,4.9625e-10,1.53822e-07,4.9625e-10,0.000200001,2.2268e-07,1.53822e-07,2.2268e-07,0.000199999
-0.0324847,-0.11556,-0.662784,-0.0327543,-0.114849,-0.659663,-0.0154245,0.00679712,0.0403881,1.19577,0.0002,3.48878e-10,1.29549e-07,3.48878e-10,0.0002,1.65719e-07,1.29549e-07,1.65719e-07,0.0002
-0.0324219,-0.115615,-0.67003,-0.0327547,-0.114854,-0.659679,-0.0153617,0.00674199,0.0331425,1.1968,0.0002,2.48121e-10,1.14764e-07,2.48121e-10,0.0002,1.242e-07,1.14764e-07,1.242e-07,0.0002
-0.0324672,-0.115639,-0.676035,-0.0327629,-0.114845,-0.659686,-0.0161404,0.00817735,0.0474975,1.19519,0.0002,1.68515e-10,1.02168e-07,1.68515e-10,0.0002,8.25223e-08,1.02168e-07,8.25223e-08,0.0002
-0.0315759,-0.1172,-0.691202,-0.0281999,-0.123007,-0.710464,-0.0152491,0.00661578,0.0323307,1.34698,0.0002,1.11583e-10,7.92801e-08,1.11583e-10,0.0002,5.90312e-08,7.92801e-08,5.90312e-08,0.0002
-0.0308746,-0.118453,-0.703456,-0.028109,-0.123015,-0.710552,-0.0145478,0.00536272,0.0200764,1.36758,0.0002,7.31002e-11,6.51281e-08,7.31002e-11,0.0002,3.89873e-08,6.51281e-08,3.89873e-08,0.0002
-0.0303413,-0.119335,-0.713246,-0.0281965,-0.123012,-0.710487,-0.0142705,0.00491117,0.0184748,1.35135,0.0002,4.46148e-11,3.68811e-08,4.46148e-11,0.0002,2.46082e-08,3.68811e-08,2.46082e-08,0.0002
-0.0300176,-0.12005,-0.721045,-0.0284129,-0.123041,-0.71032,-0.0139467,0.00419579,0.0106758,1.32638,0.0002,2.6393e-11,1.93932e-08,2.6393e-11,0.0002,5.84469e-09,1.93932e-08,5.84469e-09,0.0002
-0.0298481,-0.120594,-0.726667,-0.0284008,-0.12302,-0.710338,-0.0140711,0.00408282,0.0349481,1.32524,0.0002,1.59668e-11,4.1143e-09,1.59668e-11,0.0002,-2.08149e-08,4.1143e-09,-2.08149e-08,0.0002
-0.0297415,-0.121091,-0.730647,-0.0284147,-0.123017,-0.71034,-0.0139645,0.00358661,0.030968,1.322,0.0002,9.36743e-12,4.06708e-09,9.36743e-12,0.0002,-4.21646e-08,4.06708e-09,-4.21646e-08,0.0002
-0.0297367,-0.121625,-0.745375,-0.0288231,-0.123572,-0.768577,-0.0139597,0.00305195,0.01624,1.18398,0.0002,3.35639e-12,8.73386e-09,3.35639e-12,0.0002,-5.56133e-08,8.73386e-09,-5.56133e-08,0.0002
-0.0296368,-0.122107,-0.757883,-0.0288033,-0.123569,-0.76858,-0.0128449,0.00249314,0.0327045,1.18398,0.0002,-2.95538e-12,2.04583e-08,-2.95538e-12,0.0002,-4.95895e-08,2.04583e-08,-4.95895e-08,0.0002
-0.0293741,-0.122699,-0.767786,-0.0288151,-0.123577,-0.768583,-0.0125822,0.00190094,0.0228013,1.18606,0.0002,-5.22296e-12,6.09597e-08,-5.22296e-12,0.0002,-1.64429e-08,6.09597e-08,-1.64429e-08,0.0002
-0.0290897,-0.123265,-0.775672,-0.0291943,-0.123594,-0.768401,-0.0122978,0.00133554,0.0149151,1.13911,0.0002,1.87905e-11,1.01278e-07,1.87905e-11,0.0002,2.84751e-08,1.01278e-07,2.84751e-08,0.0002
-0.0287728,-0.123749,-0.78219,-0.0291917,-0.123601,-0.768408,-0.0114744,0.00133355,0.0279997,1.13911,0.0002,6.45333e-11,1.32214e-07,6.45333e-11,0.0002,7.11525e-08,1.32214e-07,7.11525e-08,0.0002
-0.0284668,-0.124194,-0.787403,-0.029225,-0.123588,-0.768404,-0.0111684,0.000888226,0.0227864,1.13584,0.0002,1.2561e-10,1.62048e-07,1.2561e-10,0.0002,1.07587e-07,1.62048e-07,1.07587e-07,0.0002
-0.0282338,-0.124536,-0.802176,-0.0293841,-0.123631,-0.819349,-0.0105167,0.000975081,0.0363678,1.11782,0.0002,1.8157e-10,1.76743e-07,1.8157e-10,0.0002,1.35332e-07,1.76743e-07,1.35332e-07,0.0002
-0.0280817,-0.124811,-0.813892,-0.0293841,-0.123618,-0.819352,-0.0103646,0.000699926,0.0246519,1.12106,0.0002,2.20292e-10,1.86983e-07,2.20292e-10,0.0002,1.47202e-07,1.86983e-07,1.47202e-07,0.0002
-0.0279633,-0.125064,-0.823162,-0.0293804,-0.123618,-0.819353,-0.0102462,0.000447119,0.0153825,1.11782,0.0002,2.53743e-10,1.99043e-07,2.53743e-10,0.0002,1.53752e-07,1.99043e-07,1.53752e-07,0.0002
-0.0279018,-0.125327,-0.830476,-0.0293721,-0.123614,-0.819362,-0.0114621,0.00226657,0.0318606,1.11782,0.0002,2.80537e-10,2.16687e-07,2.80537e-10,0.0002,1.51948e-07,2.16687e-07,1.51948e-07,0.0002
-0.0277933,-0.125508,-0.836432,-0.0293718,-0.123599,-0.81937,-0.0113537,0.00208563,0.0259043,1.11459,0.0002,3.09498e-10,2.24102e-07,3.09498e-10,0.0002,1.60005e-07,2.24102e-07,1.60005e-07,0.0002
-0.0272974,-0.125569,-0.851149,-0.0274442,-0.123727,-0.868614,-0.011549,0.00364168,0.0395224,1.08894,0.0002,3.18822e-10,2.10307e-07,3.18822e-10,0.0002,1.70625e-07,2.10307e-07,1.70625e-07,0.0002
-0.0268656,-0.125523,-0.862929,-0.0274342,-0.123674,-0.868648,-0.0111172,0.00368764,0.0277422,1.08486,0.0002,3.14695e-10,1.88443e-07,3.14695e-10,0.0002,1.82328e-07,1.88443e-07,1.82328e-07,0.0002
-0.0264862,-0.125439,-0.872043,-0.0274281,-0.123709,-0.868651,-0.0117261,0.00496298,0.0457289,1.09466,0.0002,3.03849e-10,1.66111e-07,3.03849e-10,0.0002,1.94835e-07,1.66111e-07,1.94835e-07,0.0002
-0.0261556,-0.125372,-0.879229,-0.0274367,-0.123684,-0.868639,-0.0113956,0.00503006,0.0385433,1.08159,0.0002,2.98934e-10,1.52982e-07,2.98934e-10,0.0002,2.07218e-07,1.52982e-07,2.07218e-07,0.0002
-0.0260363,-0.125248,-0.884455,-0.0274345,-0.123692,-0.868616,-0.0112763,0.00515355,0.0333169,1.08449,0.0002,2.57445e-10,1.33069e-07,2.57445e-10,0.0002,1.91889e-07,1.33069e-07,1.91889e-07,0.0002
-0.0261359,-0.125291,-0.888537,-0.0274358,-0.123732,-0.868634,-0.0122691,0.00621752,0.0553746,1.08931,0.0002,2.22828e-10,1.41435e-07,2.22828e-10,0.0002,1.50591e-07,1.41435e-07,1.50591e-07,0.0002
-0.0263422,-0.12669,-0.905634,-0.0276999,-0.130391,-0.937271,-0.0124755,0.0048186,0.0382777,1.46319,0.0002,1.86948e-10,1.50609e-07,1.86948e-10,0.0002,1.13818e-07,1.50609e-07,1.13818e-07,0.0002
-0.0264886,-0.127844,-0.919516,-0.0277177,-0.1304,-0.937262,-0.0133619,0.00451131,0.0396082,1.45928,0.0002,1.6418e-10,1.62169e-07,1.6418e-10,0.0002,9.33883e-08,1.62169e-07,9.33883e-08,0.0002
-0.0266121,-0.128799,-0.930727,-0.0277118,-0.130408,-0.937271,-0.0134854,0.00355652,0.0283972,1.4607,0.0002,1.46795e-10,1.74613e-07,1.46795e-10,0.0002,7.87004e-08,1.74613e-07,7.87004e-08,0.0002
-0.0266819,-0.129567,-0.940214,-0.0277011,-0.130405,-0.937276,-0.0135552,0.00278836,0.0189099,1.45958,0.0002,1.3816e-10,1.83542e-07,1.3816e-10,0.0002,7.32139e-08,1.83542e-07,7.32139e-08,0.0002
-0.0267165,-0.130216,-0.948013,-0.0277088,-0.1304,-0.937286,-0.0138097,0.00368985,0.0287791,1.46319,0.0002,1.38791e-10,1.95015e-07,1.38791e-10,0.0002,7.29574e-08,1.95015e-07,7.29574e-08,0.0002
-0.0257867,-0.130733,-0.961551,-0.0230474,-0.130501,-0.973784,-0.01288,0.00317221,0.0152413,1.06434,0.0002,1.44664e-10,1.98647e-07,1.44664e-10,0.0002,7.77578e-08,1.98647e-07,7.77578e-08,0.0002
-0.0249421,-0.131106,-0.972484,-0.0230227,-0.130503,-0.973782,-0.0120616,0.00433208,0.0333619,1.0764,0.0002,1.65499e-10,1.94612e-07,1.65499e-10,0.0002,9.57937e-08,1.94612e-07,9.57937e-08,0.0002
-0.0243324,-0.131397,-0.981233,-0.0230446,-0.130513,-0.973792,-0.0114519,0.00404094,0.0246131,1.06763,0.0002,1.67812e-10,1.90637e-07,1.67812e-10,0.0002,9.71574e-08,1.90637e-07,9.71574e-08,0.0002
-0.0239074,-0.13162,-0.988231,-0.0230533,-0.130516,-0.973787,-0.0110269,0.00381791,0.0176149,1.06634,0.0002,1.5583e-10,1.86432e-07,1.5583e-10,0.0002,8.80289e-08,1.86432e-07,8.80289e-08,0.0002
-0.0235157,-0.131842,-0.993107,-0.0230512,-0.130521,-0.973794,-0.011298,0.00496648,0.0372035,1.06634,0.0002,1.60042e-10,1.90632e-07,1.60042e-10,0.0002,9.01879e-08,1.90632e-07,9.01879e-08,0.0002
-0.0231136,-0.131907,-0.99659,-0.0230174,-0.130486,-0.973777,-0.0108959,0.00490119,0.0337205,1.06982,0.0002,1.68964e-10,1.76737e-07,1.68964e-10,0.0002,1.04802e-07,1.76737e-07,1.04802e-07,0.0002
-0.0225739,-0.132658,-1.01181,-0.0221,-0.133586,-1.03595,-0.0110438,0.00592029,0.042369,0.799377,0.0002,1.91703e-10,1.79505e-07,1.91703e-10,0.0002,1.21254e-07,1.79505e-07,1.21254e-07,0.0002
-0.0219032,-0.133289,-1.02451,-0.022094,-0.13359,-1.03596,-0.0103731,0.00528981,0.0296721,0.794671,0.0002,2.60185e-10,1.86461e-07,2.60185e-10,0.0002,1.69284e-07,1.86461e-07,1.69284e-07,0.0002
-0.0213058,-0.133907,-1.03467,-0.0221047,-0.133588,-1.03598,-0.00977569,0.00467166,0.0195108,0.791269,0.0002,3.53771e-10,2.09623e-07,3.53771e-10,0.0002,2.09544e-07,2.09623e-07,2.09544e-07,0.0002
-0.0207518,-0.134459,-1.04322,-0.022108,-0.133599,-1.03599,-0.00916131,0.00453869,0.0341451,0.791269,0.0002,4.65052e-10,2.33881e-07,4.65052e-10,0.0002,2.47061e-07,2.33881e-07,2.47061e-07,0.0002
-0.0204747,-0.134923,-1.04932,-0.0221193,-0.133589,-1.03596,-0.00888429,0.00407491,0.0280395,0.792574,0.000200001,5.19075e-10,2.53195e-07,5.19075e-10,0.000200001,2.44552e-07,2.53195e-07,2.44552e-07,0.0002
-0.0200402,-0.1358,-1.06388,-0.0198649,-0.135416,-1.08742,-0.00991117,0.00506759,0.0405837,1.01577,0.000200001,5.22288e-10,2.86052e-07,5.22288e-10,0.0002,2.06807e-07,2.86052e-07,2.06807e-07,0.0002
-0.0196571,-0.136574,-1.07552,-0.0198563,-0.135402,-1.08743,-0.00952808,0.00429312,0.0289379,1.01906,0.000200001,5.38088e-10,3.19758e-07,5.38088e-10,0.0002,1.87345e-07,3.19758e-07,1.87345e-07,0.0002
-0.0193392,-0.137139,-1.08525,-0.0198551,-0.135407,-1.08744,-0.00921024,0.0037284,0.0192061,1.02234,0.000200001,5.37188e-10,3.3279e-07,5.37188e-10,0.0002,1.76062e-07,3.3279e-07,1.76062e-07,0.0002
-0.0190145,-0.137648,-1.09345,-0.0198682,-0.135408,-1.08743,-0.0108391,0.00629902,0.0363188,1.01906,0.000200001,5.70116e-10,3.50683e-07,5.70116e-10,0.0002,1.7981e-07,3.50683e-07,1.7981e-07,0.0002
-0.0186962,-0.138073,-1.10022,-0.0198434,-0.135397,-1.08742,-0.0105209,0.00587409,0.0295547,1.025,0.000200001,6.19532e-10,3.65707e-07,6.19532e-10,0.0002,1.90186e-07,3.65707e-07,1.90186e-07,0.000199999
-0.0183967,-0.138462,-1.10594,-0.0198437,-0.1354,-1.08743,-0.0106259,0.0064458,0.027132,1.025,0.000200001,6.8582e-10,3.83492e-07,6.8582e-10,0.0002,2.03399e-07,3.83492e-07,2.03399e-07,0.000199999
-0.0175235,-0.13979,-1.1193,-0.0167163,-0.140376,-1.13184,-0.00975265,0.00511856,0.0137743,0.983054,0.000200001,7.50794e-10,3.96891e-07,7.50794e-10,0.0002,2.1557e-07,3.96891e-07,2.1557e-07,0.000199999
-0.0169451,-0.14082,-1.13019,-0.0167126,-0.140396,-1.13184,-0.00917424,0.00408795,0.00288121,0.986311,0.000200001,7.40193e-10,4.00116e-07,7.40193e-10,0.0002,2.03167e-07,4.00116e-07,2.03167e-07,0.000199999
-0.0165264,-0.141669,-1.13828,-0.0167116,-0.140415,-1.13184,-0.00955528,0.00592154,0.0146086,0.989568,0.000200001,7.12934e-10,4.05675e-07,7.12934e-10,0.0002,1.87563e-07,4.05675e-07,1.87563e-07,0.000199999
-0.016292,-0.14234,-1.14475,-0.0167177,-0.140379,-1.13181,-0.00932088,0.00525064,0.00813975,0.986311,0.000200002,6.45422e-10,4.09072e-07,6.45422e-10,0.0002,1.61157e-07,4.09072e-07,1.61157e-07,0.000199999
-0.0160388,-0.142872,-1.15024,-0.0167076,-0.140387,-1.13182,-0.0103842,0.0074111,0.032813,0.983054,0.000200002,6.1684e-10,4.10513e-07,6.1684e-10,0.0002,1.53945e-07,4.10513e-07,1.53945e-07,0.000199999
-0.0157825,-0.143317,-1.15484,-0.0167074,-0.140372,-1.13183,-0.010128,0.00696616,0.0282141,0.986311,0.000200002,6.21564e-10,4.15251e-07,6.21564e-10,0.0002,1.57432e-07,4.15251e-07,1.57432e-07,0.000199999
-0.0151607,-0.144734,-1.16967,-0.0146897,-0.145715,-1.18759,-0.00950617,0.00554887,0.0133832,1.17244,0.000200002,6.395e-10,4.15867e-07,6.395e-10,0.0002,1.65215e-07,4.15867e-07,1.65215e-07,0.000199999
-0.0147441,-0.145811,-1.18154,-0.0146933,-0.14572,-1.18763,-0.00980406,0.00754682,0.0242207,1.17244,0.000200002,6.07589e-10,4.07207e-07,6.07589e-10,0.0002,1.56484e-07,4.07207e-07,1.56484e-07,0.000199999
-0.0144536,-0.146687,-1.19103,-0.0146827,-0.145703,-1.18761,-0.00951359,0.00667076,0.0147265,1.17571,0.000200002,5.64524e-10,4.04774e-07,5.64524e-10,0.0002,1.42895e-07,4.04774e-07,1.42895e-07,0.000199999
-0.0142368,-0.147354,-1.1978,-0.0146558,-0.145725,-1.18762,-0.00999244,0.00837116,0.0388165,1.17899,0.000200001,5.16428e-10,3.97229e-07,5.16428e-10,0.0002,1.30512e-07,3.97229e-07,1.30512e-07,0.000199999
-0.0141491,-0.147923,-1.2026,-0.0146708,-0.145738,-1.18764,-0.00990472,0.00780243,0.0340176,1.18227,0.000200001,4.49043e-10,3.97484e-07,4.49043e-10,0.0002,1.09039e-07,3.97484e-07,1.09039e-07,0.000199999
-0.0134233,-0.150122,-1.21768,-0.0117345,-0.15438,-1.24693,-0.0091789,0.00560318,0.0189413,1.66076,0.000200001,4.36583e-10,3.99317e-07,4.36583e-10,0.0002,1.09859e-07,3.99317e-07,1.09859e-07,0.000199999
-0.0128114,-0.151857,-1.22871,-0.011737,-0.154319,-1.24698,-0.00900885,0.00686765,0.0327262,1.65747,0.000200001,4.39377e-10,3.98716e-07,4.39377e-10,0.0002,1.14784e-07,3.98716e-07,1.14784e-07,0.000199999
-0.0122855,-0.153237,-1.23691,-0.0117271,-0.154341,-1.24693,-0.008483,0.00548758,0.0245287,1.65418,0.000200001,4.54543e-10,3.96534e-07,4.54543e-10,0.0002,1.22891e-07,3.96534e-07,1.22891e-07,0.000199999
-0.0119036,-0.154258,-1.24286,-0.0117603,-0.154319,-1.24698,-0.00814709,0.00551373,0.0302823,1.65089,0.000200001,4.42887e-10,3.82616e-07,4.42887e-10,0.0002,1.22631e-07,3.82616e-07,1.22631e-07,0.000199999
-0.0116096,-0.155036,-1.2472,-0.0117357,-0.154324,-1.24699,-0.00785305,0.00473539,0.0259375,1.65747,0.000200001,4.21738e-10,3.67492e-07,4.21738e-10,0.0002,1.196e-07,3.67492e-07,1.196e-07,0.000199999
-0.0112495,-0.156083,-1.2569,-0.0107025,-0.15642,-1.28173,-0.00828803,0.00674154,0.034958,0.74822,0.000200001,3.79374e-10,3.57936e-07,3.79374e-10,0.0002,1.06476e-07,3.57936e-07,1.06476e-07,0.000199999
-0.0109932,-0.15684,-1.26466,-0.0107119,-0.156424,-1.28173,-0.0080317,0.00598399,0.0271983,0.751488,0.000200001,3.27217e-10,3.39142e-07,3.27217e-10,0.0002,9.2727e-08,3.39142e-07,9.2727e-08,0.0002
-0.010964,-0.157325,-1.27004,-0.0107135,-0.156438,-1.28172,-0.00800252,0.00549895,0.0218208,0.750741,0.000200001,2.20867e-10,3.07401e-07,2.20867e-10,0.0002,5.55591e-08,3.07401e-07,5.55591e-08,0.0002
-0.0109027,-0.157764,-1.27403,-0.010713,-0.156423,-1.28173,-0.00854695,0.0069125,0.029166,0.751488,0.000200001,1.59655e-10,2.95824e-07,1.59655e-10,0.0002,3.75782e-08,2.95824e-07,3.75782e-08,0.0002
-0.0108013,-0.15821,-1.27754,-0.0107018,-0.15642,-1.28172,-0.00844547,0.00646648,0.0256615,0.74822,0.000200001,1.34034e-10,3.03721e-07,1.34034e-10,0.0002,3.38293e-08,3.03721e-07,3.38293e-08,0.0002
-0.0106558,-0.158642,-1.28014,-0.0106992,-0.156446,-1.28174,-0.00830001,0.00603502,0.0230611,0.751488,0.000200001,1.39994e-10,3.19893e-07,1.39994e-10,0.0002,4.14857e-08,3.19893e-07,4.14857e-08,0.0002
-0.0101179,-0.159681,-1.28691,-0.00881123,-0.159767,-1.30518,-0.00801288,0.00691674,0.0236343,1.02917,0.000200001,1.66949e-10,3.34884e-07,1.66949e-10,0.0002,5.45213e-08,3.34884e-07,5.45213e-08,0.0002
-0.00970918,-0.160606,-1.29232,-0.00881574,-0.15976,-1.30519,-0.00760413,0.00599211,0.0182174,1.02343,0.000200001,1.88206e-10,3.59633e-07,1.88206e-10,0.0002,5.92285e-08,3.59633e-07,5.92285e-08,0.0002
-0.00936136,-0.161431,-1.29665,-0.00881217,-0.159776,-1.30519,-0.00712002,0.00729134,0.0245854,1.02673,0.000200001,2.18521e-10,3.887e-07,2.18521e-10,0.0002,6.5167e-08,3.887e-07,6.5167e-08,0.0002
-0.00902167,-0.162228,-1.30022,-0.00879485,-0.15977,-1.30518,-0.00678032,0.00649425,0.0210169,1.02917,0.000200002,2.78441e-10,4.29457e-07,2.78441e-10,0.0002,7.79346e-08,4.29457e-07,7.79346e-08,0.000199999
-0.00874464,-0.162976,-1.30318,-0.00879541,-0.159778,-1.30517,-0.00650329,0.00574634,0.018061,1.02917,0.000200002,3.40101e-10,4.72985e-07,3.40101e-10,0.0002,8.66637e-08,4.72985e-07,8.66637e-08,0.000199999
-0.00848774,-0.163631,-1.30565,-0.00879504,-0.159777,-1.30519,-0.00644381,0.00783273,0.0169384,1.02917,0.000200002,4.1309e-10,5.09917e-07,4.1309e-10,0.0002,9.75977e-08,5.09917e-07,9.75977e-08,0.000199999
-0.00823684,-0.165227,-1.3086,-0.00852497,-0.164802,-1.31055,-0.0061929,0.00623599,0.0139929,1.04698,0.000200003,4.74798e-10,5.44396e-07,4.74798e-10,0.0002,1.03474e-07,5.44396e-07,1.03474e-07,0.000199999
-0.0080595,-0.166529,-1.31168,-0.00855735,-0.16479,-1.31055,-0.00729692,0.0083063,0.0206704,1.04366,0.000200003,5.13081e-10,5.70779e-07,5.13081e-10,0.0002,1.03976e-07,5.70779e-07,1.03976e-07,0.000199999
-0.00793021,-0.167525,-1.31518,-0.00855702,-0.164769,-1.31057,-0.00716762,0.00731029,0.0171663,1.04236,0.000200003,5.26044e-10,5.81239e-07,5.26044e-10,0.0002,1.01611e-07,5.81239e-07,1.01611e-07,0.000199999
-0.00788821,-0.168188,-1.31892,-0.00856221,-0.164793,-1.31057,-0.00712562,0.00664692,0.0134314,1.0503,0.000200003,4.81517e-10,5.65852e-07,4.81517e-10,0.0002,8.99014e-08,5.65852e-07,8.99014e-08,0.000199999
-0.0078197,-0.168778,-1.32325,-0.0085629,-0.164804,-1.31056,-0.00727947,0.01002,0.0143604,1.0503,0.000200003,4.68571e-10,5.6522e-07,4.68571e-10,0.0002,8.71295e-08,5.6522e-07,8.71295e-08,0.000199999
-0.00744892,-0.170926,-1.331,-0.00707858,-0.17256,-1.32786,-0.00690869,0.00787145,0.0066071,0.992274,0.000200003,4.84243e-10,5.84811e-07,4.84243e-10,0.0002,8.90995e-08,5.84811e-07,8.90995e-08,0.000199999
-0.00707024,-0.172736,-1.33773,-0.0070767,-0.172568,-1.32788,-0.00667867,0.00810173,0.00139265,0.992274,0.000200003,5.54e-10,6.11853e-07,5.54e-10,0.0002,1.02315e-07,6.11853e-07,1.02315e-07,0.000199999
-0.00670634,-0.17419,-1.343,-0.00707896,-0.172567,-1.32788,-0.00631477,0.00664757,-0.00388342,0.992274,0.000200004,6.5041e-10,6.30504e-07,6.5041e-10,0.0002,1.19915e-07,6.30504e-07,1.19915e-07,0.000199999
-0.00648658,-0.17535,-1.34671,-0.00707747,-0.172575,-1.32789,-0.00609501,0.00548772,-0.00758833,0.988907,0.000200004,6.7691e-10,6.4159e-07,6.7691e-10,0.0002,1.19367e-07,6.4159e-07,1.19367e-07,0.000199999
-0.00632938,-0.176301,-1.34894,-0.00707346,-0.172563,-1.32787,-0.00657717,0.00971997,0.0132264,0.98554,0.000200004,6.84102e-10,6.52858e-07,6.84102e-10,0.0002,1.15757e-07,6.52858e-07,1.15757e-07,0.000199999
-0.00623525,-0.176938,-1.34949,-0.00707475,-0.17256,-1.32788,-0.00648304,0.00908294,0.0126782,0.98554,0.000200004,6.53511e-10,6.40151e-07,6.53511e-10,0.0002,1.08907e-07,6.40151e-07,1.08907e-07,0.000199999
-0.00621387,-0.179498,-1.35564,-0.007287,-0.18346,-1.36468,-0.0070492,0.0112885,0.0241835,1.29133,0.000200004,6.24293e-10,6.10557e-07,6.24293e-10,0.0002,1.07103e-07,6.10557e-07,1.07103e-07,0.000199999
-0.00627693,-0.181602,-1.36014,-0.00729646,-0.183438,-1.36469,-0.00711226,0.00918442,0.0196813,1.28934,0.000200003,5.57058e-10,6.01341e-07,5.57058e-10,0.0002,9.2939e-08,6.01341e-07,9.2939e-08,0.000199999
-0.00627624,-0.183327,-1.36416,-0.00727873,-0.183478,-1.36471,-0.00766392,0.0108906,0.0319319,1.29934,0.000200003,5.35994e-10,6.00827e-07,5.35994e-10,0.0002,9.08759e-08,6.00827e-07,9.08759e-08,0.000199999
-0.00626883,-0.184747,-1.36841,-0.00727704,-0.183471,-1.3647,-0.0076565,0.00947055,0.0276816,1.29934,0.000200003,5.26102e-10,6.07331e-07,5.26102e-10,0.0002,8.97696e-08,6.07331e-07,8.97696e-08,0.000199999
-0.00620856,-0.185955,-1.37263,-0.0072866,-0.183458,-1.36468,-0.00759623,0.00826218,0.0234591,1.296,0.000200004,5.6013e-10,6.23682e-07,5.6013e-10,0.0002,9.72132e-08,6.23682e-07,9.72132e-08,0.000199999
-0.006134,-0.186933,-1.37632,-0.0072645,-0.183429,-1.36467,-0.00774336,0.012232,0.0380022,1.29133,0.000200004,6.02925e-10,6.37021e-07,6.02925e-10,0.0002,1.04882e-07,6.37021e-07,1.04882e-07,0.000199999
-0.00571565,-0.189071,-1.39433,-0.00543457,-0.190201,-1.43686,-0.007325,0.0100945,0.0199933,1.69332,0.000200004,6.60217e-10,6.4448e-07,6.60217e-10,0.0002,1.15416e-07,6.4448e-07,1.15416e-07,0.000199999
-0.00548116,-0.190798,-1.40936,-0.00544254,-0.190198,-1.43688,-0.00858521,0.0127282,0.0129217,1.69332,0.000200004,6.30978e-10,6.52399e-07,6.30978e-10,0.0002,1.04281e-07,6.52399e-07,1.04281e-07,0.000199999
-0.00531732,-0.191986,-1.42128,-0.0054508,-0.190189,-1.43688,-0.00842137,0.0115396,0.00100019,1.69332,0.000200004,5.65798e-10,6.27104e-07,5.65798e-10,0.0002,9.22578e-08,6.27104e-07,9.22578e-08,0.000199999
-0.00517713,-0.192913,-1.43072,-0.00545411,-0.190185,-1.43691,-0.00828118,0.010613,-0.00843974,1.69722,0.000200004,5.1568e-10,6.07352e-07,5.1568e-10,0.0002,8.4979e-08,6.07352e-07,8.4979e-08,0.000199999
-0.00508295,-0.193612,-1.43808,-0.00548102,-0.190182,-1.437,-0.00817432,0.0141811,0.00926727,1.68849,0.000200003,4.64142e-10,5.88193e-07,4.64142e-10,0.0002,7.75294e-08,5.88193e-07,7.75294e-08,0.000199999
-0.00481645,-0.196426,-1.4419,-0.00472605,-0.202234,-1.43233,-0.00790782,0.011367,0.00544793,1.39344,0.000200003,4.35771e-10,5.51144e-07,4.35771e-10,0.0002,7.86991e-08,5.51144e-07,7.86991e-08,0.000199999
-0.00470373,-0.198414,-1.44361,-0.00471473,-0.202239,-1.43233,-0.00779511,0.00937991,0.00373943,1.39344,0.000200003,3.42002e-10,4.8486e-07,3.42002e-10,0.0002,6.34549e-08,4.8486e-07,6.34549e-08,0.000199999
-0.00459179,-0.199873,-1.44374,-0.00472474,-0.202246,-1.43233,-0.007473,0.0128094,0.0164749,1.39344,0.000200002,2.80528e-10,4.21334e-07,2.80528e-10,0.0002,5.79025e-08,4.21334e-07,5.79025e-08,0.000199999
-0.00443939,-0.200859,-1.44342,-0.00471862,-0.202238,-1.43233,-0.0073206,0.0118233,0.0167892,1.39687,0.000200002,2.50489e-10,3.51963e-07,2.50489e-10,0.0002,6.45168e-08,3.51963e-07,6.45168e-08,0.000199999
-0.00444396,-0.201515,-1.44307,-0.00472461,-0.202243,-1.43233,-0.00732517,0.0111673,0.0171447,1.39344,0.000200001,1.79499e-10,2.86039e-07,1.79499e-10,0.0002,4.89312e-08,2.86039e-07,4.89312e-08,0.000199999
-0.00444672,-0.202044,-1.44278,-0.00471755,-0.202266,-1.43234,-0.00798869,0.0134299,0.0342465,1.40029,0.000200001,1.32465e-10,2.43844e-07,1.32465e-10,0.0002,3.89781e-08,2.43844e-07,3.89781e-08,0.0002
-0.00398721,-0.203896,-1.44946,-0.00212981,-0.209587,-1.46891,-0.00752918,0.0115779,0.0275716,0.837681,0.000200001,8.90355e-11,2.10938e-07,8.90355e-11,0.0002,2.50473e-08,2.10938e-07,2.50473e-08,0.0002
-0.00367575,-0.205447,-1.45449,-0.00212847,-0.20958,-1.46891,-0.00814706,0.0115587,0.0263634,0.837681,0.000200001,4.91498e-11,2.01236e-07,4.91498e-11,0.0002,6.87112e-09,2.01236e-07,6.87112e-09,0.0002
-0.00331275,-0.206782,-1.4582,-0.00214292,-0.209586,-1.46892,-0.00778407,0.0102238,0.0226495,0.837681,0.000200001,4.60326e-11,2.0993e-07,4.60326e-11,0.0002,1.37924e-08,2.0993e-07,1.37924e-08,0.0002
-0.00312673,-0.208076,-1.46076,-0.00214204,-0.209587,-1.46891,-0.00759805,0.00892969,0.0200929,0.837681,0.000200001,2.26343e-11,2.51628e-07,2.26343e-11,0.0002,1.47694e-09,2.51628e-07,1.47694e-09,0.0002
-0.00288692,-0.209379,-1.4629,-0.00214743,-0.209587,-1.4689,-0.0074634,0.00875397,0.0231268,0.837681,0.000200001,3.07045e-11,3.2116e-07,3.07045e-11,0.0002,8.25949e-09,3.2116e-07,8.25949e-09,0.0002
-0.00246266,-0.211141,-1.46553,-0.00147939,-0.212381,-1.47448,-0.00703914,0.0069924,0.0205015,0.95645,0.000200001,8.4998e-11,3.91282e-07,8.4998e-11,0.0002,2.87544e-08,3.91282e-07,2.87544e-08,0.0002
-0.00211801,-0.212721,-1.46825,-0.00153124,-0.212389,-1.47446,-0.00599999,0.00689219,0.0206745,0.955629,0.000200002,1.52387e-10,4.63319e-07,1.52387e-10,0.0002,4.40685e-08,4.63319e-07,4.40685e-08,0.000199999
-0.00189712,-0.214143,-1.47011,-0.00154954,-0.212401,-1.47448,-0.0057791,0.0054704,0.0188079,0.952145,0.000200002,1.92185e-10,5.34218e-07,1.92185e-10,0.0002,4.56367e-08,5.34218e-07,4.56367e-08,0.000199999
-0.00173715,-0.215304,-1.47233,-0.00153099,-0.2124,-1.47449,-0.00561913,0.00430989,0.0165872,0.952965,0.000200003,2.09337e-10,5.83364e-07,2.09337e-10,0.0002,4.2931e-08,5.83364e-07,4.2931e-08,0.000199999
-0.00153761,-0.216245,-1.474,-0.00149036,-0.212392,-1.47448,-0.00583657,0.00756552,0.0166753,0.95645,0.000200003,2.61171e-10,6.17244e-07,2.61171e-10,0.0002,5.11858e-08,6.17244e-07,5.11858e-08,0.000199999
-0.00146652,-0.216856,-1.47523,-0.00153569,-0.212387,-1.47445,-0.00576548,0.00695496,0.0154484,0.945177,0.000200003,2.42609e-10,6.16221e-07,2.42609e-10,0.0002,4.36604e-08,6.16221e-07,4.36604e-08,0.000199999
-0.00148536,-0.218313,-1.47867,-0.00169416,-0.217959,-1.48723,-0.00616963,0.0109186,0.0163039,1.09012,0.000200003,1.97306e-10,5.9218e-07,1.97306e-10,0.0002,3.29705e-08,5.9218e-07,3.29705e-08,0.000199999
-0.00149326,-0.21937,-1.48152,-0.00170577,-0.217954,-1.48723,-0.00617753,0.00986171,0.0134526,1.09012,0.000200003,1.63943e-10,5.59556e-07,1.63943e-10,0.0002,2.7272e-08,5.59556e-07,2.7272e-08,0.000199999
-0.00148514,-0.22015,-1.4837,-0.00170315,-0.217955,-1.48727,-0.00616941,0.0090815,0.0112679,1.09012,0.000200003,1.44924e-10,5.28223e-07,1.44924e-10,0.0002,2.56266e-08,5.28223e-07,2.56266e-08,0.000199999
-0.00143923,-0.220768,-1.48566,-0.00171306,-0.217943,-1.48727,-0.00600343,0.0107627,0.0110718,1.09395,0.000200003,1.52501e-10,5.07608e-07,1.52501e-10,0.0002,3.09396e-08,5.07608e-07,3.09396e-08,0.000199999
-0.00146617,-0.221294,-1.48713,-0.00171669,-0.217966,-1.4873,-0.00603036,0.0102368,0.00960519,1.09012,0.000200002,1.26347e-10,4.98686e-07,1.26347e-10,0.0002,2.41405e-08,4.98686e-07,2.41405e-08,0.000199999
-0.00109021,-0.223036,-1.48725,0.000516432,-0.22498,-1.48415,-0.00617467,0.0116028,0.00834693,0.996077,0.000200002,7.92396e-11,4.79976e-07,7.92396e-11,0.0002,1.17152e-08,4.79976e-07,1.17152e-08,0.000199999
-0.00079275,-0.224388,-1.48736,0.000518402,-0.224982,-1.48416,-0.00587721,0.0102511,0.00824202,0.996077,0.000200002,4.23464e-11,4.61218e-07,4.23464e-11,0.0002,3.18056e-09,4.61218e-07,3.18056e-09,0.000199999
-0.000511919,-0.225465,-1.48806,0.000519499,-0.224976,-1.48415,-0.00559637,0.00917434,0.00753949,0.996077,0.000200002,3.52643e-11,4.48653e-07,3.52643e-11,0.0002,4.36667e-09,4.48653e-07,4.36667e-09,0.000199999
-0.000271593,-0.226262,-1.48935,0.000518546,-0.224983,-1.48415,-0.00528402,0.0112702,0.0114527,0.996077,0.000200002,3.73423e-11,4.30165e-07,3.73423e-11,0.0002,7.45397e-09,4.30165e-07,7.45397e-09,0.000199999
-0.000161354,-0.226948,-1.49162,0.000514997,-0.224973,-1.48416,-0.00517379,0.0105849,0.00917876,0.992453,0.000200002,2.38548e-12,4.26183e-07,2.38548e-12,0.0002,-4.02344e-09,4.26183e-07,-4.02344e-09,0.000199999
-2.5391e-05,-0.22758,-1.49427,0.000511209,-0.224984,-1.48417,-0.00497973,0.0126734,0.00839872,0.992453,0.000200002,-4.65991e-12,4.36678e-07,-4.65991e-12,0.0002,-4.07359e-09,4.36678e-07,-4.07359e-09,0.000199999
-0.000270512,-0.230101,-1.49963,-0.00140482,-0.234118,-1.49676,-0.00522485,0.010152,0.00303565,1.13686,0.000200002,5.3907e-12,4.73703e-07,5.3907e-12,0.0002,8.62327e-10,4.73703e-07,8.62327e-10,0.000199999
-0.000383057,-0.232153,-1.50392,-0.00140802,-0.234109,-1.49675,-0.0053374,0.00810028,-0.00125394,1.14408,0.000200002,5.8318e-11,5.03322e-07,5.8318e-11,0.0002,1.70069e-08,5.03322e-07,1.70069e-08,0.000199999
-0.000431619,-0.233837,-1.50653,-0.00141002,-0.234127,-1.49676,-0.00515587,0.00929425,0.00571233,1.13505,0.000200002,1.2756e-10,5.28703e-07,1.2756e-10,0.0002,3.39023e-08,5.28703e-07,3.39023e-08,0.000199999
-0.000473666,-0.235178,-1.50819,-0.00141594,-0.234092,-1.49674,-0.00519792,0.00795327,0.00404721,1.13686,0.000200003,1.82666e-10,5.44995e-07,1.82666e-10,0.0002,4.42843e-08,5.44995e-07,4.42843e-08,0.000199999
-0.000513014,-0.236169,-1.50829,-0.00140718,-0.234105,-1.49675,-0.00519563,0.0110555,0.0147751,1.14047,0.000200003,2.178e-10,5.41835e-07,2.178e-10,0.0002,5.00942e-08,5.41835e-07,5.00942e-08,0.000199999
-0.000604429,-0.238286,-1.51146,-0.00087316,-0.241204,-1.5169,-0.00528704,0.00893905,0.0116033,1.05444,0.000200003,1.5302e-10,5.24248e-07,1.5302e-10,0.0002,2.92076e-08,5.24248e-07,2.92076e-08,0.000199999
-0.000654787,-0.240037,-1.51348,-0.000873391,-0.241183,-1.51691,-0.0053374,0.00718782,0.00958034,1.06878,0.000200003,1.15459e-10,5.2298e-07,1.15459e-10,0.0002,1.93833e-08,5.2298e-07,1.93833e-08,0.000199999
-0.00071278,-0.241502,-1.51541,-0.000868416,-0.241179,-1.5169,-0.00599397,0.00952038,0.0262934,1.06878,0.000200003,7.57568e-11,5.32554e-07,7.57568e-11,0.0002,9.81476e-09,5.32554e-07,9.81476e-09,0.000199999
-0.000692048,-0.242776,-1.51705,-0.000874419,-0.241176,-1.51689,-0.00597324,0.00824631,0.024651,1.06515,0.000200003,8.41916e-11,5.55119e-07,8.41916e-11,0.0002,1.43929e-08,5.55119e-07,1.43929e-08,0.000199999
-0.000739191,-0.24387,-1.51869,-0.000886318,-0.241215,-1.51696,-0.00596223,0.00904069,0.028473,1.05808,0.000200003,5.5806e-11,5.80301e-07,5.5806e-11,0.0002,7.21876e-09,5.80301e-07,7.21876e-09,0.000199999
-0.000751458,-0.244805,-1.52052,-0.000877502,-0.241198,-1.51699,-0.0059745,0.00810609,0.0266384,1.07268,0.000200003,4.6255e-11,6.06441e-07,4.6255e-11,0.0002,6.01645e-09,6.06441e-07,6.01645e-09,0.000199999
-0.000584099,-0.247366,-1.52541,-5.06309e-05,-0.249953,-1.53461,-0.00571318,0.00968116,0.0261002,1.30461,0.000200004,5.42145e-11,6.33209e-07,5.42145e-11,0.0002,8.73235e-09,6.33209e-07,8.73235e-09,0.000199999
-0.000439734,-0.249459,-1.52913,1.59306e-05,-0.24996,-1.53468,-0.00556882,0.00758798,0.0223834,1.31168,0.000200004,5.85289e-11,6.5716e-07,5.85289e-11,0.0002,9.62885e-09,6.5716e-07,9.62885e-09,0.000199999
-0.000302622,-0.251132,-1.53167,-6.96945e-05,-0.249956,-1.53461,-0.00543171,0.00591579,0.0198379,1.30794,0.000200004,8.86679e-11,6.72229e-07,8.86679e-11,0.0002,1.6198e-08,6.72229e-07,1.6198e-08,0.000199999
-0.000209647,-0.252281,-1.53342,3.33994e-06,-0.249968,-1.5347,-0.00527902,0.0097562,0.0242943,1.30762,0.000200004,8.73262e-11,6.51414e-07,8.73262e-11,0.0002,1.53038e-08,6.51414e-07,1.53038e-08,0.000199999
-0.00020759,-0.253055,-1.5347,-4.85754e-06,-0.24997,-1.53468,-0.00527696,0.00898245,0.0230061,1.30393,0.000200004,3.73454e-11,6.14661e-07,3.73454e-11,0.0002,3.31159e-09,6.14661e-07,3.31159e-09,0.000199999
-0.000169576,-0.253544,-1.53512,-6.0319e-06,-0.249964,-1.53469,-0.00545067,0.0124917,0.0176251,1.30393,0.000200003,2.34205e-11,5.70487e-07,2.34205e-11,0.0002,1.61147e-09,5.70487e-07,1.61147e-09,0.000199999
-0.000360834,-0.255844,-1.53767,-0.000754907,-0.259817,-1.54531,-0.00564193,0.0101917,0.0150678,1.42914,0.000200003,-2.3357e-11,5.32369e-07,-2.3357e-11,0.0002,-1.01338e-08,5.32369e-07,-1.01338e-08,0.000199999
-0.000425577,-0.257638,-1.53951,-0.000725633,-0.259817,-1.54531,-0.00570667,0.00839728,0.0132286,1.43501,0.000200003,-1.29697e-11,5.00699e-07,-1.29697e-11,0.0002,-4.65172e-09,5.00699e-07,-4.65172e-09,0.000199999
-0.000483988,-0.259032,-1.54119,-0.000748821,-0.259819,-1.54531,-0.00563557,0.0107259,0.0156204,1.42755,0.000200002,-6.09212e-12,4.73631e-07,-6.09212e-12,0.0002,-1.68738e-09,4.73631e-07,-1.68738e-09,0.000199999
-0.00048846,-0.260187,-1.54253,-0.000752554,-0.259817,-1.54532,-0.00564004,0.00957015,0.0142758,1.42755,0.000200002,1.97831e-11,4.62916e-07,1.97831e-11,0.0002,6.9537e-09,4.62916e-07,6.9537e-09,0.000199999
-0.000491953,-0.261113,-1.54361,-0.000748619,-0.259821,-1.54532,-0.00564353,0.00864473,0.0132014,1.43128,0.000200002,3.90816e-11,4.56069e-07,3.90816e-11,0.0002,1.22691e-08,4.56069e-07,1.22691e-08,0.000199999
-0.000564504,-0.263396,-1.54641,-0.00107837,-0.267532,-1.55298,-0.00561149,0.00986472,0.0176154,1.36397,0.000200002,5.28056e-11,4.51699e-07,5.28056e-11,0.0002,1.54166e-08,4.51699e-07,1.54166e-08,0.000199999
-0.000602151,-0.265248,-1.54876,-0.00107794,-0.267559,-1.55297,-0.00564913,0.00801233,0.0152685,1.36727,0.000200002,7.21839e-11,4.52248e-07,7.21839e-11,0.0002,2.04428e-08,4.52248e-07,2.04428e-08,0.000199999
-0.000654368,-0.266793,-1.55074,-0.00108261,-0.267554,-1.55297,-0.00570135,0.00646696,0.0132871,1.36727,0.000200002,7.75616e-11,4.62903e-07,7.75616e-11,0.0002,2.00633e-08,4.62903e-07,2.00633e-08,0.000199999
-0.000671108,-0.268096,-1.55202,-0.00106305,-0.267567,-1.55296,-0.00585093,0.00867085,0.0123746,1.35676,0.000200002,9.27955e-11,4.79877e-07,9.27955e-11,0.0002,2.3141e-08,4.79877e-07,2.3141e-08,0.000199999
-0.000731747,-0.269136,-1.55283,-0.0010817,-0.267555,-1.55298,-0.00591157,0.00763045,0.0115607,1.36727,0.000200002,8.22212e-11,4.90873e-07,8.22212e-11,0.0002,1.81189e-08,4.90873e-07,1.81189e-08,0.000199999
-0.000844379,-0.269904,-1.55317,-0.00107393,-0.267548,-1.55297,-0.0060242,0.00686223,0.0112212,1.36349,0.000200002,3.83714e-11,4.87883e-07,3.83714e-11,0.0002,4.43853e-09,4.87883e-07,4.43853e-09,0.000199999
-0.000526427,-0.271514,-1.55355,0.00064198,-0.271998,-1.55406,-0.00614395,0.00848784,0.0138961,1.13896,0.000200002,3.79235e-11,5.02804e-07,3.79235e-11,0.0002,6.15072e-09,5.02804e-07,6.15072e-09,0.000199999
-0.00031418,-0.272757,-1.55366,0.000649764,-0.271983,-1.55407,-0.0059317,0.00724489,0.0137931,1.14659,0.000200002,1.5368e-11,5.05666e-07,1.5368e-11,0.0002,2.99354e-10,5.05666e-07,2.99354e-10,0.000199999
-0.000165777,-0.273774,-1.55342,0.000648542,-0.271985,-1.55403,-0.0061413,0.0091974,0.0153592,1.13896,0.000200002,-1.3237e-11,5.10961e-07,-1.3237e-11,0.0002,-6.73627e-09,5.10961e-07,-6.73627e-09,0.000199999
1.93034e-05,-0.274483,-1.55292,0.000670602,-0.272006,-1.55401,-0.00595622,0.00848747,0.0158639,1.14659,0.000200002,-1.44595e-12,4.97155e-07,-1.44595e-12,0.0002,-1.22254e-09,4.97155e-07,-1.22254e-09,0.000199999
0.000166052,-0.274964,-1.5521,0.000671218,-0.271995,-1.554,-0.00550269,0.0121717,0.0192619,1.14278,0.000200002,7.93278e-12,4.74705e-07,7.93278e-12,0.0002,2.21915e-09,4.74705e-07,2.21915e-09,0.000199999
5.18997e-05,-0.277288,-1.55139,-0.00059138,-0.282014,-1.55323,-0.00561684,0.00984756,0.019967,1.54444,0.000200002,2.45354e-11,4.50059e-07,2.45354e-11,0.0002,7.72955e-09,4.50059e-07,7.72955e-09,0.000199999
-8.2374e-05,-0.279188,-1.55103,-0.000599983,-0.282002,-1.55321,-0.00575111,0.00794733,0.0203284,1.55524,0.000200002,1.80476e-11,4.41227e-07,1.80476e-11,0.0002,4.65435e-09,4.41227e-07,4.65435e-09,0.000199999
-0.000207907,-0.280701,-1.55106,-0.000583911,-0.282067,-1.55326,-0.00589874,0.00948315,0.0187062,1.56171,0.000200002,2.73912e-12,4.3224e-07,2.73912e-12,0.0002,-7.89575e-10,4.3224e-07,-7.89575e-10,0.000199999
-0.000238972,-0.28192,-1.55161,-0.000559544,-0.282015,-1.55327,-0.0059298,0.00826359,0.0181621,1.55396,0.000200002,1.94806e-11,4.29689e-07,1.94806e-11,0.0002,5.89943e-09,4.29689e-07,5.89943e-09,0.000199999
-0.000283053,-0.282972,-1.55236,-0.000554794,-0.282073,-1.55328,-0.00585724,0.00853971,0.0149432,1.56946,0.000200002,2.399e-11,4.38334e-07,2.399e-11,0.0002,6.82552e-09,4.38334e-07,6.82552e-09,0.000199999
-0.000278338,-0.283758,-1.55316,-0.000562099,-0.282018,-1.55325,-0.00585252,0.00775301,0.014143,1.55396,0.000200002,4.57494e-11,4.36944e-07,4.57494e-11,0.0002,1.39391e-08,4.36944e-07,1.39391e-08,0.000199999
-0.00046692,-0.28548,-1.55336,-0.00121085,-0.287365,-1.55052,-0.0060411,0.00603184,0.013945,1.41015,0.000200002,3.34322e-11,4.39637e-07,3.34322e-11,0.0002,8.19465e-09,4.39637e-07,8.19465e-09,0.000199999
-0.000570745,-0.286895,-1.5533,-0.0011911,-0.287349,-1.55051,-0.00558934,0.00941586,0.0102768,1.41818,0.000200002,4.35292e-11,4.48052e-07,4.35292e-11,0.0002,1.1448e-08,4.48052e-07,1.1448e-08,0.000199999
-0.000653123,-0.288024,-1.55286,-0.00118668,-0.287332,-1.55054,-0.00567171,0.00828684,0.0107248,1.4222,0.000200002,5.19886e-11,4.53434e-07,5.19886e-11,0.0002,1.36251e-08,4.53434e-07,1.36251e-08,0.000199999
-0.000739745,-0.288992,-1.55239,-0.00119093,-0.287333,-1.55051,-0.0062897,0.00875193,0.0114639,1.4222,0.000200002,4.99685e-11,4.67144e-07,4.99685e-11,0.0002,1.1895e-08,4.67144e-07,1.1895e-08,0.000199999
-0.000831688,-0.289706,-1.55212,-0.00119371,-0.287351,-1.55052,-0.00638165,0.00803769,0.0117344,1.41818,0.000200002,3.63847e-11,4.65771e-07,3.63847e-11,0.0002,7.25835e-09,4.65771e-07,7.25835e-09,0.000199999
-0.000751169,-0.291997,-1.55184,-0.000429745,-0.295521,-1.55128,-0.00630113,0.00574709,0.0120053,1.57304,0.000200002,2.70234e-11,4.78504e-07,2.70234e-11,0.0002,4.63527e-09,4.78504e-07,4.63527e-09,0.000199999
-0.00071154,-0.293724,-1.55174,-0.000438377,-0.295524,-1.5513,-0.00643168,0.00741062,0.0175546,1.57304,0.000200002,7.90646e-12,4.69703e-07,7.90646e-12,0.0002,-7.43219e-10,4.69703e-07,-7.43219e-10,0.000199999
-0.000571118,-0.295213,-1.55154,-0.000436674,-0.29554,-1.55127,-0.00629126,0.00592142,0.0177504,1.56104,0.000200002,4.78038e-11,4.80759e-07,4.78038e-11,0.0002,1.31938e-08,4.80759e-07,1.31938e-08,0.000199999
-0.000545404,-0.296361,-1.5518,-0.00044223,-0.29553,-1.55127,-0.0060841,0.00853965,0.0153731,1.56104,0.000200002,3.65628e-11,4.8129e-07,3.65628e-11,0.0002,8.31611e-09,4.8129e-07,8.31611e-09,0.000199999
-0.000524938,-0.297235,-1.55242,-0.000439122,-0.295519,-1.55128,-0.00606364,0.00766553,0.0147516,1.57304,0.000200002,2.59752e-11,4.74825e-07,2.59752e-11,0.0002,4.93668e-09,4.74825e-07,4.93668e-09,0.000199999
-0.00052969,-0.297872,-1.5524,-0.000429132,-0.295521,-1.55129,-0.00606839,0.00702932,0.0147712,1.57304,0.000200002,6.67593e-12,4.6054e-07,6.67593e-12,0.0002,-8.09712e-10,4.6054e-07,-8.09712e-10,0.000199999
-0.000538682,-0.29977,-1.55289,-0.000553268,-0.302364,-1.55535,-0.00609557,0.00829638,0.0134847,1.67465,0.000200002,2.60796e-12,4.54739e-07,2.60796e-12,0.0002,-9.57673e-10,4.54739e-07,-9.57673e-10,0.000199999
-0.00055091,-0.301246,-1.55328,-0.00057339,-0.302361,-1.55537,-0.0061078,0.0068207,0.0130907,1.67063,0.000200002,-5.90072e-13,4.44221e-07,-5.90072e-13,0.0002,-1.25299e-09,4.44221e-07,-1.25299e-09,0.000199999
-0.000553084,-0.302403,-1.55389,-0.000639956,-0.302352,-1.55528,-0.00602785,0.00891073,0.0157826,1.67464,0.000200002,6.48011e-12,4.34027e-07,6.48011e-12,0.0002,1.78232e-09,4.34027e-07,1.78232e-09,0.000199999
-0.00055131,-0.303326,-1.55437,-0.000620912,-0.302338,-1.55528,-0.00602608,0.00798788,0.0152967,1.67464,0.000200002,1.18667e-11,4.27505e-07,1.18667e-11,0.0002,3.63387e-09,4.27505e-07,3.63387e-09,0.000199999
-0.000500255,-0.304027,-1.55478,-0.000580583,-0.302371,-1.55535,-0.00552311,0.0104952,0.0149249,1.66662,0.000200002,3.38913e-11,4.16416e-07,3.38913e-11,0.0002,1.1442e-08,4.16416e-07,1.1442e-08,0.000199999
-0.000479471,-0.304653,-1.5552,-0.000578963,-0.302371,-1.55535,-0.00550233,0.00986979,0.0144995,1.66662,0.000200002,4.25699e-11,4.19586e-07,4.25699e-11,0.0002,1.31199e-08,4.19586e-07,1.31199e-08,0.000199999
-0.00065335,-0.306576,-1.5562,-0.00152662,-0.309272,-1.55864,-0.00567621,0.00794663,0.0135009,1.5832,0.000200002,4.96432e-11,4.28423e-07,4.96432e-11,0.0002,1.42322e-08,4.28423e-07,1.42322e-08,0.000199999
-0.000795329,-0.308072,-1.5572,-0.00153564,-0.309269,-1.55863,-0.00585303,0.00777068,0.0150177,1.57904,0.000200002,5.33335e-11,4.2728e-07,5.33335e-11,0.0002,1.4648e-08,4.2728e-07,1.4648e-08,0.000199999
-0.00088836,-0.309373,-1.55811,-0.00154397,-0.309263,-1.55865,-0.00594606,0.00646959,0.0141071,1.57487,0.000200002,6.75506e-11,4.43526e-07,6.75506e-11,0.0002,1.8362e-08,4.43526e-07,1.8362e-08,0.000199999
-0.00100733,-0.310333,-1.55864,-0.0015452,-0.309281,-1.55865,-0.00606503,0.00550946,0.0135847,1.57487,0.000200002,5.66397e-11,4.404e-07,5.66397e-11,0.0002,1.36562e-08,4.404e-07,1.36562e-08,0.000199999
-0.00112634,-0.310993,-1.55937,-0.00155092,-0.309274,-1.55866,-0.00641458,0.00807241,0.00771465,1.5707,0.000200002,3.61067e-11,4.21423e-07,3.61067e-11,0.0002,6.90727e-09,4.21423e-07,6.90727e-09,0.000199999
-0.00203322,-0.313131,-1.5614,-0.00600221,-0.318598,-1.56696,-0.00732146,0.00593518,0.00567598,2.12732,0.000200001,5.17259e-11,3.68293e-07,5.17259e-11,0.0002,1.56945e-08,3.68293e-07,1.56945e-08,0.000199999
-0.00274207,-0.314606,-1.56294,-0.00601327,-0.318598,-1.56701,-0.00773884,0.00770073,0.00782955,2.12332,0.000200001,6.1753e-11,2.96845e-07,6.1753e-11,0.0002,2.42011e-08,2.96845e-07,2.42011e-08,0.0002
-0.00337582,-0.315629,-1.56405,-0.00602225,-0.318552,-1.56693,-0.00837259,0.00667771,0.00672047,2.11932,0.000200001,4.5142e-11,2.27391e-07,4.5142e-11,0.0002,1.91716e-08,2.27391e-07,1.91716e-08,0.0002
-0.00394697,-0.316339,-1.56483,-0.00602098,-0.318539,-1.56693,-0.00923893,0.00850017,0.00274745,2.12732,0.0002,2.10362e-11,1.65994e-07,2.10362e-11,0.0002,5.59565e-09,1.65994e-07,5.59565e-09,0.0002
-0.004406,-0.316834,-1.56526,-0.00602948,-0.318601,-1.56698,-0.00969797,0.00800506,0.00231819,2.12732,0.0002,8.12735e-12,1.13084e-07,8.12735e-12,0.0002,-3.18485e-09,1.13084e-07,-3.18485e-09,0.0002
-0.00473063,-0.317213,-1.56581,-0.00602974,-0.318517,-1.56697,-0.0100226,0.00762596,0.00176926,2.11932,0.0002,5.31351e-12,7.91802e-08,5.31351e-12,0.0002,-2.00239e-09,7.91802e-08,-2.00239e-09,0.0002
-0.0040482,-0.318163,-1.56494,-0.00185339,-0.321645,-1.56094,-0.00934017,0.00667649,0.00263945,1.46217,0.0002,1.02064e-11,6.08027e-08,1.02064e-11,0.0002,1.57848e-08,6.08027e-08,1.57848e-08,0.0002
-0.00343742,-0.319022,-1.56414,-0.00185144,-0.321616,-1.56092,-0.00872939,0.00581677,0.00344278,1.46489,0.0002,1.96934e-11,6.5981e-08,1.96934e-11,0.0002,3.74884e-08,6.5981e-08,3.74884e-08,0.0002
-0.00288844,-0.319776,-1.56359,-0.00187156,-0.321628,-1.56089,-0.00835715,0.00643008,0.00353937,1.46228,0.0002,3.68323e-11,7.94199e-08,3.68323e-11,0.0002,6.16735e-08,7.94199e-08,6.16735e-08,0.0002
-0.00249227,-0.320336,-1.56294,-0.0018727,-0.321629,-1.56086,-0.00796097,0.00586957,0.00418841,1.45616,0.0002,4.5389e-11,8.12337e-08,4.5389e-11,0.0002,7.03254e-08,8.12337e-08,7.03254e-08,0.0002
-0.00170223,-0.320824,-1.56264,-0.00184916,-0.321632,-1.56091,-0.00717093,0.00538205,0.00449065,1.45798,0.0002,9.84591e-11,8.86107e-08,9.84591e-11,0.0002,1.50799e-07,8.86107e-08,1.50799e-07,0.0002
-0.000311587,-0.321313,-1.56245,-0.00146257,-0.32195,-1.5591,-0.00578029,0.00489251,0.0046814,1.37931,0.0002,2.23172e-10,9.93434e-08,2.23172e-10,0.000200001,3.11251e-07,9.93434e-08,3.11251e-07,0.0002
0.00105786,-0.321698,-1.5625,-0.00145457,-0.321932,-1.55906,-0.00441084,0.00450761,0.00463411,1.37101,0.0002,3.60008e-10,1.05923e-07,3.60008e-10,0.000200001,4.54776e-07,1.05923e-07,4.54776e-07,0.0002
0.00221396,-0.322027,-1.56223,-0.00147173,-0.321933,-1.55909,-0.00325474,0.00417883,0.00490074,1.37101,0.0002,4.90575e-10,1.1337e-07,4.90575e-10,0.000200002,5.56882e-07,1.1337e-07,5.56882e-07,0.000199999
0.00305586,-0.32216,-1.56202,-0.00145567,-0.321919,-1.55909,-0.00330798,0.00533737,0.0132448,1.36862,0.0002,5.02283e-10,9.77556e-08,5.02283e-10,0.000200003,6.08464e-07,9.77556e-08,6.08464e-07,0.000199999
0.00381557,-0.322268,-1.56247,-0.00145035,-0.321937,-1.55909,-0.00254827,0.00522905,0.0127936,1.37516,0.0002,5.08579e-10,8.7802e-08,5.08579e-10,0.000200003,6.55074e-07,8.7802e-08,6.55074e-07,0.000199999
0.00459214,-0.32244,-1.56386,-0.00146135,-0.32195,-1.55909,-0.0017717,0.00505696,0.0113986,1.37931,0.0002,5.87074e-10,9.5352e-08,5.87074e-10,0.000200004,7.12164e-07,9.5352e-08,7.12164e-07,0.000199999
0.00573673,-0.323033,-1.56663,0.00104678,-0.324126,-1.55751,-0.000627113,0.00446465,0.00862943,1.41727,0.0002,6.75142e-10,1.04709e-07,6.75142e-10,0.000200005,7.51957e-07,1.04709e-07,7.51957e-07,0.000199998
0.00667616,-0.323569,-1.56979,0.00105825,-0.324113,-1.55756,0.000312321,0.00392786,0.00547309,1.42143,0.0002,8.05539e-10,1.2208e-07,8.05539e-10,0.000200005,7.80633e-07,1.2208e-07,7.80633e-07,0.000199998
0.00744274,-0.324058,-1.57346,0.00102701,-0.324083,-1.55761,-0.00321198,0.00620556,-0.00400947,1.4131,0.0002,9.72751e-10,1.44799e-07,9.72751e-10,0.000200006,8.02064e-07,1.44799e-07,8.02064e-07,0.000199998
0.0080314,-0.324351,-1.5763,0.001014,-0.3241,-1.55764,-0.00262332,0.00591338,-0.00684921,1.42143,0.0002,1.01515e-09,1.4336e-07,1.01515e-09,0.000200006,8.12312e-07,1.4336e-07,8.12312e-07,0.000199998
0.00863035,-0.324499,-1.57857,0.00101768,-0.324086,-1.55763,-0.00202438,0.00576446,-0.00912032,1.4131,0.0002,9.92775e-10,1.29942e-07,9.92775e-10,0.000200006,8.3932e-07,1.29942e-07,8.3932e-07,0.000199998
0.0104336,-0.325163,-1.58579,0.00690964,-0.326799,-1.58204,-0.000221126,0.00510051,-0.0163369,1.79764,0.0002,9.75407e-10,1.19262e-07,9.75407e-10,0.000200007,8.80366e-07,1.19262e-07,8.80366e-07,0.000199998
0.0119868,-0.325676,-1.59084,0.00693383,-0.326759,-1.58208,0.00133208,0.00458763,-0.0213943,1.81068,0.0002,9.64432e-10,1.11568e-07,9.64432e-10,0.000200007,9.23488e-07,1.11568e-07,9.23488e-07,0.000199997
0.0131614,-0.326084,-1.59457,0.00691398,-0.326826,-1.58203,-0.00728352,0.00822514,0.0055107,1.78948,0.0002,9.3364e-10,1.04648e-07,9.3364e-10,0.000200008,9.40802e-07,1.04648e-07,9.40802e-07,0.000199997
0.0141624,-0.326465,-1.59725,0.00691032,-0.326748,-1.58206,-0.00628256,0.00784447,0.00283484,1.8141,0.0002,9.88682e-10,1.119e-07,9.88682e-10,0.000200008,9.61666e-07,1.119e-07,9.61666e-07,0.000199997
0.0149437,-0.326681,-1.59783,0.00690993,-0.326816,-1.58204,-0.0055012,0.00762809,0.00225277,1.79771,0.0002,9.24391e-10,9.96919e-08,9.24391e-10,0.000200009,9.7211e-07,9.96919e-08,9.7211e-07,0.000199997
0.0155724,-0.326729,-1.59705,0.00691407,-0.326816,-1.58203,-0.00487256,0.00758049,0.00303148,1.79771,0.0002,7.38635e-10,7.11217e-08,7.38635e-10,0.000200009,9.79434e-07,7.11217e-08,9.79434e-07,0.000199997
0.0193951,-0.327949,-1.59944,0.0228649,-0.333267,-1.59913,-0.00104984,0.00636014,0.000641017,1.40608,0.0002,4.64512e-10,3.25484e-08,4.64512e-10,0.000200009,1.00513e-06,3.25484e-08,1.00513e-06,0.000199997
0.0224232,-0.328715,-1.60135,0.0228962,-0.333267,-1.59915,0.00197829,0.00559436,-0.00127278,1.41775,0.0002,2.2847e-11,-2.54623e-08,2.2847e-11,0.000200009,1.01586e-06,-2.54623e-08,1.01586e-06,0.000199997
0.0248068,-0.329199,-1.60268,0.0228935,-0.333253,-1.59914,-0.0061165,0.00808305,0.0354247,1.41775,0.0002,-4.53739e-10,-8.26039e-08,-4.53739e-10,0.000200009,1.01666e-06,-8.26039e-08,1.01666e-06,0.000199997
0.0266777,-0.329541,-1.6031,0.0229181,-0.333239,-1.59908,-0.00973585,0.0080206,0.0456108,1.42195,0.0002,-8.57366e-10,-1.26003e-07,-8.57366e-10,0.000200009,1.01064e-06,-1.26003e-07,1.01064e-06,0.000199996
0.0281515,-0.329711,-1.60333,0.0228926,-0.333249,-1.59908,-0.00826212,0.00785082,0.0453771,1.40608,0.0002,-1.26653e-09,-1.70794e-07,-1.26653e-09,0.000200009,1.00398e-06,-1.70794e-07,1.00398e-06,0.000199996
0.0293218,-0.329526,-1.60404,0.0229066,-0.333246,-1.59908,-0.00709173,0.00803552,0.044673,1.41869,0.0002,-1.90133e-09,-2.50282e-07,-1.90133e-09,0.000200009,9.9815e-07,-2.50282e-07,9.9815e-07,0.000199996
0.032361,-0.329454,-1.61249,0.0326401,-0.332872,-1.63698,-0.00405259,0.0081078,0.036216,1.44666,0.000200001,-2.30707e-09,-2.82912e-07,-2.30707e-09,0.00020001,1.01778e-06,-2.82912e-07,1.01778e-06,0.000199996
0.0348174,-0.329349,-1.61936,0.0326227,-0.33289,-1.63698,-0.00159621,0.00821331,0.029348,1.4425,0.000200001,-2.66517e-09,-3.10586e-07,-2.66517e-09,0.00020001,1.03523e-06,-3.10586e-07,1.03523e-06,0.000199996
0.0367475,-0.329268,-1.62527,0.0326429,-0.332875,-1.637,-0.0112564,0.00841231,0.0310673,1.44279,0.000200001,-2.90167e-09,-3.25809e-07,-2.90167e-09,0.00020001,1.04054e-06,-3.25809e-07,1.04054e-06,0.000199996
0.0383069,-0.329405,-1.62989,0.0326524,-0.332878,-1.63697,-0.00969704,0.00827583,0.0264492,1.43954,0.000200001,-2.84996e-09,-3.02589e-07,-2.84996e-09,0.00020001,1.04632e-06,-3.02589e-07,1.04632e-06,0.000199996
0.0395631,-0.329476,-1.63379,0.0326773,-0.332872,-1.63697,-0.00844083,0.00820437,0.0225475,1.43976,0.000200001,-2.82923e-09,-2.92666e-07,-2.82923e-09,0.00020001,1.05089e-06,-2.92666e-07,1.05089e-06,0.000199996
0.0426998,-0.329563,-1.6388,0.0441124,-0.333854,-1.64534,-0.0053041,0.00811787,0.0175413,1.46913,0.000200001,-2.94463e-09,-3.13701e-07,-2.94463e-09,0.00020001,1.02886e-06,-3.13701e-07,1.02886e-06,0.000199996
0.0450927,-0.329229,-1.64249,0.0441212,-0.333875,-1.64532,-0.00291127,0.00845148,0.0138504,1.46517,0.000200001,-3.41251e-09,-3.91705e-07,-3.41251e-09,0.000200009,9.9617e-07,-3.91705e-07,9.9617e-07,0.000199996
0.0468558,-0.328727,-1.64482,0.0441212,-0.333796,-1.64534,-0.00732641,0.00989383,0.0240758,1.46517,0.000200002,-3.91029e-09,-4.76593e-07,-3.91029e-09,0.000200009,9.51161e-07,-4.76593e-07,9.51161e-07,0.000199996
0.0481704,-0.32823,-1.64617,0.0441209,-0.333874,-1.64532,-0.00601178,0.0103908,0.0227305,1.46517,0.000200002,-4.31785e-09,-5.48644e-07,-4.31785e-09,0.000200008,9.07054e-07,-5.48644e-07,9.07054e-07,0.000199996
0.0491785,-0.327869,-1.64725,0.0441247,-0.333855,-1.64533,-0.0050037,0.0107517,0.0216537,1.46917,0.000200003,-4.53574e-09,-5.88091e-07,-4.53574e-09,0.000200008,8.71844e-07,-5.88091e-07,8.71844e-07,0.000199996
0.0499923,-0.327485,-1.64811,0.0441252,-0.333799,-1.64532,-0.00418983,0.0111353,0.020794,1.47317,0.000200003,-4.76001e-09,-6.26595e-07,-4.76001e-09,0.000200007,8.50626e-07,-6.26595e-07,8.50626e-07,0.000199996
0.0520557,-0.327191,-1.65183,0.0510087,-0.333877,-1.66307,-0.00212644,0.0114299,0.0170714,1.49525,0.000200004,-4.95096e-09,-6.54301e-07,-4.95096e-09,0.000200007,8.40758e-07,-6.54301e-07,8.40758e-07,0.000199996
0.0536658,-0.326998,-1.6546,0.0510162,-0.33388,-1.66306,-0.00680252,0.00951577,0.0208134,1.4993,0.000200004,-5.02046e-09,-6.64777e-07,-5.02046e-09,0.000200007,8.27979e-07,-6.64777e-07,8.27979e-07,0.000199996
0.0548867,-0.3269,-1.65732,0.0510152,-0.333853,-1.66304,-0.00558165,0.00961467,0.0180868,1.48716,0.000200004,-4.96466e-09,-6.61184e-07,-4.96466e-09,0.000200006,8.09599e-07,-6.61184e-07,8.09599e-07,0.000199996
0.0558413,-0.326847,-1.65961,0.0510091,-0.333877,-1.66305,-0.00462709,0.00966725,0.0158004,1.4993,0.000200004,-4.88094e-09,-6.54994e-07,-4.88094e-09,0.000200006,7.94819e-07,-6.54994e-07,7.94819e-07,0.000199996
0.056682,-0.326709,-1.66113,0.051019,-0.333887,-1.66306,-0.00378637,0.0098051,0.0142797,1.5074,0.000200004,-4.9463e-09,-6.66539e-07,-4.9463e-09,0.000200006,7.97495e-07,-6.66539e-07,7.97495e-07,0.000199996
0.058739,-0.32548,-1.66258,0.0575966,-0.328349,-1.66577,-0.00536524,0.00837169,0.0115917,1.48715,0.000200004,-5.05822e-09,-6.76062e-07,-5.05822e-09,0.000200006,8.09964e-07,-6.76062e-07,8.09964e-07,0.000199996
0.0603615,-0.324518,-1.66342,0.057589,-0.328354,-1.66576,-0.00760812,0.0058493,0.00956642,1.49123,0.000200004,-5.11316e-09,-6.78762e-07,-5.11316e-09,0.000200006,8.14507e-07,-6.78762e-07,8.14507e-07,0.000199996
0.0615929,-0.323811,-1.664,0.0575992,-0.328367,-1.66577,-0.00637672,0.00655714,0.00899266,1.49123,0.000200004,-5.05492e-09,-6.71058e-07,-5.05492e-09,0.000200006,8.06479e-07,-6.71058e-07,8.06479e-07,0.000199996
0.0626899,-0.323146,-1.66435,0.0575772,-0.328353,-1.66574,-0.00527966,0.00722166,0.00864283,1.48715,0.000200004,-5.16982e-09,-6.8136e-07,-5.16982e-09,0.000200006,8.19972e-07,-6.8136e-07,8.19972e-07,0.000199996
0.0636226,-0.322536,-1.66484,0.0576,-0.328365,-1.66576,-0.004347,0.00783138,0.00815307,1.49123,0.000200004,-5.36878e-09,-7.00683e-07,-5.36878e-09,0.000200006,8.36812e-07,-7.00683e-07,8.36812e-07,0.000199996
0.0643479,-0.322069,-1.66492,0.0576078,-0.328364,-1.66577,-0.00362171,0.00829924,0.00806985,1.49123,0.000200005,-5.49159e-09,-7.09949e-07,-5.49159e-09,0.000200007,8.43909e-07,-7.09949e-07,8.43909e-07,0.000199996
0.0666828,-0.319866,-1.6644,0.0663911,-0.319237,-1.66285,-0.00128685,0.0105013,0.00858861,1.5696,0.000200005,-5.5834e-09,-7.15853e-07,-5.5834e-09,0.000200007,8.48472e-07,-7.15853e-07,8.48472e-07,0.000199996
0.068587,-0.318088,-1.66387,0.0664592,-0.319252,-1.66278,-0.00816572,0.00346129,0.00883084,1.5696,0.000200005,-5.68564e-09,-7.22902e-07,-5.68564e-09,0.000200007,8.54929e-07,-7.22902e-07,8.54929e-07,0.000199996
0.0701316,-0.316647,-1.66333,0.0664518,-0.31926,-1.66275,-0.00662109,0.00490205,0.00936649,1.5696,0.000200005,-5.79745e-09,-7.30693e-07,-5.79745e-09,0.000200007,8.62589e-07,-7.30693e-07,8.62589e-07,0.000199996
0.0715039,-0.315379,-1.66312,0.0664439,-0.319264,-1.66276,-0.00524877,0.00617005,0.00958456,1.56896,0.000200005,-6.09679e-09,-7.54215e-07,-6.09679e-09,0.000200007,8.89633e-07,-7.54215e-07,8.89633e-07,0.000199996
0.0726217,-0.314389,-1.66284,0.0664479,-0.31927,-1.66278,-0.00413103,0.00716016,0.00985992,1.56896,0.000200005,-6.32706e-09,-7.65683e-07,-6.32706e-09,0.000200008,9.09917e-07,-7.65683e-07,9.09917e-07,0.000199995
0.0757606,-0.310871,-1.66134,0.0780272,-0.30536,-1.66,-0.000992098,0.0106787,0.0113631,1.20317,0.000200005,-6.39091e-09,-7.64183e-07,-6.39091e-09,0.000200008,9.1147e-07,-7.64183e-07,9.1147e-07,0.000199995
0.0781984,-0.308114,-1.66024,0.0780146,-0.305373,-1.65999,0.00144567,0.0134351,0.0124644,1.19891,0.000200005,-6.32213e-09,-7.54419e-07,-6.32213e-09,0.000200008,9.01005e-07,-7.54419e-07,9.01005e-07,0.000199995
0.0801671,-0.30597,-1.65946,0.0780353,-0.305357,-1.65999,-0.00727466,0.00420634,0.0100516,1.20289,0.000200005,-6.21317e-09,-7.38008e-07,-6.21317e-09,0.000200008,8.96537e-07,-7.38008e-07,8.96537e-07,0.000199995
0.0816784,-0.304312,-1.65894,0.0780667,-0.305359,-1.65996,-0.00814366,0.0034245,0.0107338,1.20289,0.000200005,-6.01973e-09,-7.18439e-07,-6.01973e-09,0.000200007,8.82446e-07,-7.18439e-07,8.82446e-07,0.000199995
0.0829221,-0.303354,-1.65738,0.0780798,-0.305364,-1.65996,-0.00689993,0.00438329,0.012291,1.20289,0.000200004,-5.55827e-09,-6.47996e-07,-5.55827e-09,0.000200007,8.78155e-07,-6.47996e-07,8.78155e-07,0.000199996
0.084126,-0.303158,-1.65489,0.0780952,-0.305358,-1.65994,-0.00569607,0.00457871,0.014782,1.20289,0.000200003,-4.7899e-09,-5.12327e-07,-4.7899e-09,0.000200008,9.08202e-07,-5.12327e-07,9.08202e-07,0.000199996
0.0877287,-0.301606,-1.65078,0.0914199,-0.297154,-1.65249,-0.0020934,0.00613069,0.0188878,1.13302,0.000200002,-3.9164e-09,-3.8592e-07,-3.9164e-09,0.000200008,9.23867e-07,-3.8592e-07,9.23867e-07,0.000199996
0.0907496,-0.300606,-1.64675,0.0914672,-0.297154,-1.65236,0.000927502,0.0071311,0.0229229,1.13553,0.000200001,-3.04211e-09,-2.6763e-07,-3.04211e-09,0.000200008,9.54566e-07,-2.6763e-07,9.54566e-07,0.000199996
0.0933506,-0.299922,-1.64362,0.0914768,-0.297157,-1.65236,0.0035285,0.00781522,0.0260489,1.13553,0.000200001,-2.27667e-09,-1.74207e-07,-2.27667e-09,0.000200009,1.00348e-06,-1.74207e-07,1.00348e-06,0.000199996
0.0955581,-0.299422,-1.64112,0.0914915,-0.297156,-1.65234,-0.00518794,-0.000704929,0.0197623,1.13169,0.000200001,-1.64155e-09,-1.07476e-07,-1.64155e-09,0.00020001,1.05469e-06,-1.07476e-07,1.05469e-06,0.000199996
0.097417,-0.298983,-1.63931,0.091518,-0.29716,-1.65229,-0.00988677,-0.00191719,0.00943801,1.12786,0.0002,-1.20542e-09,-7.15984e-08,-1.20542e-09,0.000200011,1.1015e-06,-7.15984e-08,1.1015e-06,0.000199996
0.102318,-0.298115,-1.63287,0.108073,-0.294613,-1.62368,-0.00498574,-0.00104941,0.0158823,0.948365,0.0002,-8.54641e-10,-4.45299e-08,-8.54641e-10,0.000200012,1.14821e-06,-4.45299e-08,1.14821e-06,0.000199996
0.106277,-0.297486,-1.62872,0.108074,-0.294561,-1.62356,-0.00102701,-0.000420151,0.0200253,0.90732,0.0002,-5.03777e-10,-1.54972e-08,-5.03777e-10,0.000200012,1.1841e-06,-1.54972e-08,1.1841e-06,0.000199996
0.109453,-0.296934,-1.62623,0.108104,-0.294568,-1.62349,0.00214889,0.000132559,0.0225249,0.911051,0.0002,-3.04178e-10,-5.10881e-09,-3.04178e-10,0.000200013,1.20748e-06,-5.10881e-09,1.20748e-06,0.000199995
0.11198,-0.29639,-1.62454,0.108111,-0.294618,-1.6235,0.00467582,0.000676564,0.0242121,0.933777,0.0002,-3.0772e-10,-1.65852e-08,-3.0772e-10,0.000200013,1.21998e-06,-1.65852e-08,1.21998e-06,0.000199995
0.113915,-0.295753,-1.62286,0.10816,-0.294607,-1.62342,0.0066111,0.00131304,0.0258861,0.926082,0.0002,-5.80438e-10,-5.63297e-08,-5.80438e-10,0.000200013,1.21254e-06,-5.63297e-08,1.21254e-06,0.000199995
0.115349,-0.295067,-1.62111,0.108182,-0.294618,-1.6234,-0.00739828,0.00146834,0.00725325,0.929814,0.0002,-1.01816e-09,-1.1092e-07,-1.01816e-09,0.000200013,1.18864e-06,-1.1092e-07,1.18864e-06,0.000199995
0.119673,-0.294372,-1.61584,0.123885,-0.293796,-1.60306,-0.0115137,0.00167405,0.000688079,0.68126,0.0002,-1.30855e-09,-1.39349e-07,-1.30855e-09,0.000200013,1.1797e-06,-1.39349e-07,1.1797e-06,0.000199995
0.123135,-0.293839,-1.61202,0.123915,-0.293739,-1.60296,-0.0080516,0.00220711,0.00450739,0.675454,0.0002,-1.4875e-09,-1.52731e-07,-1.4875e-09,0.000200013,1.17336e-06,-1.52731e-07,1.17336e-06,0.000199995
0.125928,-0.293435,-1.60989,0.123935,-0.293771,-1.60293,-0.00525875,0.00261194,0.00663616,0.686484,0.0002,-1.60084e-09,-1.58866e-07,-1.60084e-09,0.000200013,1.17239e-06,-1.58866e-07,1.17239e-06,0.000199995
0.128181,-0.293147,-1.60817,0.12404,-0.293757,-1.60284,-0.00300567,0.00289925,0.00835754,0.69016,0.0002,-1.63458e-09,-1.56888e-07,-1.63458e-09,0.000200013,1.17137e-06,-1.56888e-07,1.17137e-06,0.000199995
0.129957,-0.292914,-1.60761,0.12412,-0.293768,-1.60276,-0.00123015,0.00313241,0.00892281,0.69016,0.0002,-1.6509e-09,-1.5617e-07,-1.6509e-09,0.000200013,1.16388e-06,-1.5617e-07,1.16388e-06,0.000199995
0.13138,-0.292815,-1.60714,0.124149,-0.293783,-1.6027,0.000192877,0.00323167,0.00938608,0.697513,0.0002,-1.55717e-09,-1.42341e-07,-1.55717e-09,0.000200013,1.15855e-06,-1.42341e-07,1.15855e-06,0.000199995
0.13528,-0.292999,-1.60585,0.137866,-0.294807,-1.59858,-0.00423849,0.00429464,0.00753202,0.76706,0.0002,-1.40682e-09,-1.23408e-07,-1.40682e-09,0.000200013,1.15814e-06,-1.23408e-07,1.15814e-06,0.000199995
0.138431,-0.293037,-1.60491,0.137893,-0.294795,-1.59856,-0.00108798,0.00425693,0.00847013,0.763463,0.0002,-1.42401e-09,-1.2866e-07,-1.42401e-09,0.000200013,1.16184e-06,-1.2866e-07,1.16184e-06,0.000199995
0.140988,-0.292834,-1.603,0.137931,-0.294792,-1.59848,0.00146891,0.00446029,0.0103757,0.767139,0.0002,-1.73936e-09,-1.70317e-07,-1.73936e-09,0.000200013,1.16874e-06,-1.70317e-07,1.16874e-06,0.000199995
0.143025,-0.292646,-1.60074,0.137997,-0.294787,-1.59842,0.00350645,0.00464785,0.0126368,0.770816,0.0002,-2.02423e-09,-2.01678e-07,-2.02423e-09,0.000200013,1.16961e-06,-2.01678e-07,1.16961e-06,0.000199995
0.144777,-0.292839,-1.59913,0.138024,-0.294798,-1.59838,0.0052584,0.00445529,0.0142463,0.778169,0.0002,-1.84812e-09,-1.67579e-07,-1.84812e-09,0.000200013,1.18884e-06,-1.67579e-07,1.18884e-06,0.000199995
0.148696,-0.293493,-1.5971,0.15085,-0.296482,-1.59565,0.00917737,0.00380096,0.0162835,0.782475,0.0002,-1.48163e-09,-1.19544e-07,-1.48163e-09,0.000200013,1.19355e-06,-1.19544e-07,1.19355e-06,0.000199995
0.151776,-0.29399,-1.59597,0.15089,-0.296486,-1.59559,0.0122573,0.00330368,0.0174085,0.778812,0.0002,-1.21625e-09,-9.30634e-08,-1.21625e-09,0.000200013,1.18642e-06,-9.30634e-08,1.18642e-06,0.000199995
0.154288,-0.294388,-1.59529,0.150916,-0.296488,-1.59565,-0.00285975,0.00518167,0.0169914,0.793769,0.0002,-1.02039e-09,-7.6316e-08,-1.02039e-09,0.000200013,1.18865e-06,-7.6316e-08,1.18865e-06,0.000199995
0.1564,-0.294598,-1.59484,0.150888,-0.296476,-1.59562,-0.000747137,0.00497113,0.0174411,0.779117,0.0002,-1.01606e-09,-8.24413e-08,-1.01606e-09,0.000200013,1.20748e-06,-8.24413e-08,1.20748e-06,0.000199995
0.158027,-0.294668,-1.59458,0.150876,-0.296524,-1.59563,0.000879244,0.00490168,0.0176959,0.80079,0.0002,-1.15544e-09,-1.03756e-07,-1.15544e-09,0.000200014,1.20971e-06,-1.03756e-07,1.20971e-06,0.000199995
0.161693,-0.295168,-1.59313,0.163466,-0.298056,-1.58986,0.00454536,0.00440158,0.0191538,0.508246,0.0002,-1.07227e-09,-9.43006e-08,-1.07227e-09,0.000200013,1.18676e-06,-9.43006e-08,1.18676e-06,0.000199995
0.164513,-0.295665,-1.59196,0.163659,-0.298037,-1.58935,0.00736548,0.00390492,0.02032,0.500918,0.0002,-8.72787e-10,-7.23043e-08,-8.72787e-10,0.000200013,1.14784e-06,-7.23043e-08,1.14784e-06,0.000199995
0.166865,-0.29619,-1.59142,0.163726,-0.29804,-1.58927,0.00971739,0.00337968,0.0208564,0.500918,0.0002,-5.74647e-10,-3.77755e-08,-5.74647e-10,0.000200012,1.13611e-06,-3.77755e-08,1.13611e-06,0.000199995
0.168707,-0.296643,-1.59142,0.163744,-0.298004,-1.58932,0.000785511,0.00354313,0.0161721,0.499505,0.0002,-2.96859e-10,-9.02369e-09,-2.96859e-10,0.000200012,1.12165e-06,-9.02369e-09,1.12165e-06,0.000199995
0.170164,-0.296952,-1.5915,0.163763,-0.298058,-1.58925,0.00224294,0.00323409,0.0160865,0.512282,0.0002,-1.63816e-10,-8.53935e-10,-1.63816e-10,0.000200012,1.10921e-06,-8.53935e-10,1.10921e-06,0.000199996
0.171569,-0.297139,-1.59167,0.16378,-0.298051,-1.58922,-0.00500089,0.00408354,0.00960006,0.51607,0.0002,-1.38767e-10,-4.94455e-09,-1.38767e-10,0.000200012,1.13889e-06,-4.94455e-09,1.13889e-06,0.000199996
0.175124,-0.29751,-1.5931,0.175927,-0.299538,-1.59675,-0.00144592,0.00371269,0.00816788,0.428962,0.0002,-2.32019e-10,-2.12122e-08,-2.32019e-10,0.000200012,1.15818e-06,-2.12122e-08,1.15818e-06,0.000199995
0.177952,-0.297792,-1.59373,0.17595,-0.299561,-1.59673,0.00138196,0.00343018,0.00754394,0.432666,0.0002,-3.3617e-10,-3.47643e-08,-3.3617e-10,0.000200013,1.16721e-06,-3.47643e-08,1.16721e-06,0.000199995
0.180262,-0.298101,-1.5938,0.175989,-0.299536,-1.59668,0.00369271,0.00312164,0.00746957,0.43285,0.0002,-3.1466e-10,-2.96307e-08,-3.1466e-10,0.000200013,1.17949e-06,-2.96307e-08,1.17949e-06,0.000199995
0.18213,-0.298546,-1.59416,0.175999,-0.299571,-1.59663,0.00556007,0.00267631,0.0071088,0.436643,0.0002,-5.39762e-11,4.55382e-09,-5.39762e-11,0.000200013,1.19006e-06,4.55382e-09,1.19006e-06,0.000199995
0.18362,-0.299067,-1.59487,0.176001,-0.299543,-1.59665,-0.00653478,0.00486658,0.00879187,0.432939,0.0002,3.72272e-10,5.40326e-08,3.72272e-10,0.000200013,1.19616e-06,5.40326e-08,1.19616e-06,0.000199995
0.184817,-0.299319,-1.59564,0.176009,-0.299569,-1.59663,-0.00533717,0.00461398,0.00802478,0.436643,0.0002,4.95547e-10,5.89002e-08,4.95547e-10,0.000200013,1.20069e-06,5.89002e-08,1.20069e-06,0.000199995
0.18898,-0.300127,-1.59428,0.191272,-0.303177,-1.58523,-0.00117438,0.00380625,0.00937709,0.690555,0.0002,4.62464e-10,4.61205e-08,4.62464e-10,0.000200014,1.2278e-06,4.61205e-08,1.2278e-06,0.000199995
0.192369,-0.30065,-1.59278,0.191341,-0.303201,-1.58517,0.00221478,0.00328385,0.0108847,0.697828,0.0002,2.53111e-10,1.68312e-08,2.53111e-10,0.000200014,1.25247e-06,1.68312e-08,1.25247e-06,0.000199995
0.19503,-0.301085,-1.59104,0.191408,-0.303197,-1.58511,0.00487501,0.00284852,0.0126206,0.701464,0.0002,9.66897e-11,2.61442e-10,9.66897e-11,0.000200015,1.25794e-06,2.61442e-10,1.25794e-06,0.000199995
0.196942,-0.301579,-1.58951,0.191516,-0.30322,-1.58495,0.0067878,0.00235414,0.0141471,0.705101,0.0002,1.56226e-10,1.18807e-08,1.56226e-10,0.000200014,1.22352e-06,1.18807e-08,1.22352e-06,0.000199995
0.198516,-0.302057,-1.5885,0.191529,-0.303214,-1.58494,0.00836178,0.00187641,0.0151629,0.701464,0.0002,3.11321e-10,3.25237e-08,3.11321e-10,0.000200014,1.20806e-06,3.25237e-08,1.20806e-06,0.000199995
0.202574,-0.302688,-1.58795,0.204989,-0.304363,-1.58366,-0.0015461,0.00288902,0.010923,0.423812,0.0002,4.66586e-10,4.92911e-08,4.66586e-10,0.000200014,1.21513e-06,4.92911e-08,1.21513e-06,0.000199995
0.205932,-0.303031,-1.58787,0.205112,-0.304405,-1.58342,-0.00137549,0.00345285,0.0108687,0.434882,0.0002,3.74411e-10,3.30335e-08,3.74411e-10,0.000200014,1.23376e-06,3.30335e-08,1.23376e-06,0.000199995
0.208607,-0.303235,-1.58769,0.205151,-0.304377,-1.58335,0.00129884,0.00324849,0.0110472,0.447465,0.0002,2.09217e-10,1.22658e-08,2.09217e-10,0.000200014,1.24246e-06,1.22658e-08,1.24246e-06,0.000199995
0.210621,-0.303315,-1.58692,0.205157,-0.304388,-1.58332,0.00331325,0.0031693,0.011817,0.447465,0.0002,-3.90956e-11,-1.54165e-08,-3.90956e-11,0.000200014,1.22784e-06,-1.54165e-08,1.22784e-06,0.000199995
0.212375,-0.303544,-1.58609,0.205247,-0.304362,-1.58328,0.00506738,0.00293984,0.0126485,0.454845,0.0002,-1.34451e-11,-6.02864e-09,-1.34451e-11,0.000200014,1.23843e-06,-6.02864e-09,1.23843e-06,0.000199995
0.213746,-0.303856,-1.58542,0.205306,-0.304373,-1.58324,0.00643816,0.0026284,0.0133218,0.454845,0.0002,1.77122e-10,1.99173e-08,1.77122e-10,0.000200014,1.2381e-06,1.99173e-08,1.2381e-06,0.000199995
0.217995,-0.304171,-1.5846,0.220854,-0.304733,-1.57976,0.0106871,0.00231263,0.0141418,0.510854,0.0002,3.33052e-10,3.65553e-08,3.33052e-10,0.000200014,1.2447e-06,3.65553e-08,1.2447e-06,0.000199995
0.22143,-0.304272,-1.58464,0.220915,-0.30473,-1.57964,-0.00150489,0.00284894,0.0192185,0.521204,0.0002,2.60523e-10,2.34734e-08,2.60523e-10,0.000200015,1.25269e-06,2.34734e-08,1.25269e-06,0.000199995
0.22424,-0.30431,-1.58445,0.221011,-0.304725,-1.57952,-0.00653032,0.00315641,0.0191144,0.521204,0.0002,1.41511e-10,8.29827e-09,1.41511e-10,0.000200015,1.2647e-06,8.29827e-09,1.2647e-06,0.000199995
0.226597,-0.304195,-1.58376,0.221015,-0.304733,-1.57948,-0.00417329,0.0032717,0.0197968,0.524801,0.0002,-1.57886e-10,-2.53856e-08,-1.57886e-10,0.000200015,1.28973e-06,-2.53856e-08,1.28973e-06,0.000199994
0.228464,-0.304168,-1.58207,0.221034,-0.304741,-1.57945,-0.00230604,0.00329828,0.0214876,0.521204,0.0002,-3.19182e-10,-3.77858e-08,-3.19182e-10,0.000200016,1.30216e-06,-3.77858e-08,1.30216e-06,0.000199994
0.229855,-0.304249,-1.58041,0.221059,-0.304736,-1.57944,-0.000914941,0.00321755,0.0231514,0.521204,0.0002,-3.00224e-10,-2.98651e-08,-3.00224e-10,0.000200016,1.29289e-06,-2.98651e-08,1.29289e-06,0.000199994
0.234584,-0.304482,-1.57854,0.239043,-0.304656,-1.57622,0.00381411,0.0029844,0.0250234,0.454139,0.0002,-2.49292e-11,5.1557e-09,-2.49292e-11,0.000200016,1.29009e-06,5.1557e-09,1.29009e-06,0.000199994
0.238274,-0.304693,-1.57709,0.239108,-0.304693,-1.57598,-0.00907766,0.00305103,0.023887,0.454139,0.0002,2.13507e-10,3.00538e-08,2.13507e-10,0.000200015,1.27131e-06,3.00538e-08,1.27131e-06,0.000199994
0.241306,-0.304752,-1.5764,0.239184,-0.30469,-1.5757,-0.00604561,0.00299213,0.0245791,0.457788,0.0002,2.53311e-10,2.86762e-08,2.53311e-10,0.000200015,1.26961e-06,2.86762e-08,1.26961e-06,0.000199994
0.243761,-0.304561,-1.57552,0.239215,-0.304676,-1.57562,-0.00359117,0.00318237,0.0254591,0.465088,0.0002,-3.88563e-11,-1.01176e-08,-3.88563e-11,0.000200015,1.27212e-06,-1.01176e-08,1.27212e-06,0.000199994
0.245661,-0.30447,-1.57533,0.239222,-0.304676,-1.5756,-0.00169054,0.00327336,0.0256499,0.465088,0.0002,-1.90048e-10,-2.48883e-08,-1.90048e-10,0.000200015,1.26346e-06,-2.48883e-08,1.26346e-06,0.000199994
0.249718,-0.305245,-1.57559,0.25201,-0.308358,-1.57918,0.00236588,0.00249872,0.0253919,0.496901,0.0002,-1.65884e-10,-1.75986e-08,-1.65884e-10,0.000200015,1.25444e-06,-1.75986e-08,1.25444e-06,0.000199994
0.252917,-0.305981,-1.57608,0.252104,-0.308411,-1.57905,0.00556545,0.00176264,0.0249027,0.508997,0.0002,-3.71749e-13,4.32472e-09,-3.71749e-13,0.000200015,1.23838e-06,4.32472e-09,1.23838e-06,0.000199995
0.255581,-0.306545,-1.57676,0.252303,-0.30839,-1.57898,0.00822874,0.00119877,0.0242155,0.497844,0.0002,1.07692e-10,1.53897e-08,1.07692e-10,0.000200014,1.23832e-06,1.53897e-08,1.23832e-06,0.000199995
0.25779,-0.306892,-1.5776,0.252375,-0.3084,-1.57884,-0.00188449,0.00131754,0.0176441,0.501562,0.0002,5.71083e-11,6.00074e-09,5.71083e-11,0.000200015,1.24858e-06,6.00074e-09,1.24858e-06,0.000199995
0.259564,-0.307173,-1.57846,0.252407,-0.308408,-1.57879,-0.0104849,0.00240556,0.0158319,0.501562,0.0002,1.66014e-11,4.89062e-10,1.66014e-11,0.000200015,1.25516e-06,4.89062e-10,1.25516e-06,0.000199995
0.260941,-0.307312,-1.57977,0.252404,-0.308409,-1.5788,-0.00910809,0.00226587,0.0145207,0.501562,0.0002,-1.22599e-10,-1.59663e-08,-1.22599e-10,0.000200015,1.25269e-06,-1.59663e-08,1.25269e-06,0.000199995
0.26554,-0.307511,-1.57945,0.26979,-0.308608,-1.56521,-0.00450894,0.00206748,0.0148425,0.50671,0.0002,-1.37138e-10,-1.49018e-08,-1.37138e-10,0.000200015,1.25443e-06,-1.49018e-08,1.25443e-06,0.000199995
0.269373,-0.307798,-1.57981,0.269926,-0.308614,-1.56519,-0.000675628,0.00178083,0.0144834,0.506987,0.0002,2.78255e-11,6.66182e-09,2.78255e-11,0.000200015,1.27571e-06,6.66182e-09,1.27571e-06,0.000199994
0.272454,-0.308152,-1.58091,0.269998,-0.308608,-1.56515,0.00240493,0.00142595,0.0133773,0.499468,0.0002,3.42013e-10,4.15393e-08,3.42013e-10,0.000200015,1.28902e-06,4.15393e-08,1.28902e-06,0.000199994
0.274968,-0.308437,-1.58201,0.270033,-0.308605,-1.56518,0.00491938,0.00114114,0.0122791,0.506987,0.0002,6.00585e-10,6.46104e-08,6.00585e-10,0.000200016,1.30429e-06,6.46104e-08,1.30429e-06,0.000199994
0.276846,-0.308348,-1.58217,0.270096,-0.308608,-1.5652,-0.00491472,0.00284788,0.0170414,0.506987,0.0002,3.52387e-10,2.80532e-08,3.52387e-10,0.000200016,1.29103e-06,2.80532e-08,1.29103e-06,0.000199994
0.281781,-0.308434,-1.58599,0.286939,-0.309566,-1.58627,-0.00743785,0.00343021,0.0175979,0.554432,0.0002,6.1938e-11,-5.62051e-09,6.1938e-11,0.000200016,1.2929e-06,-5.62051e-09,1.2929e-06,0.000199994
0.285723,-0.308511,-1.58956,0.287019,-0.309479,-1.58624,-0.00349512,0.00335282,0.0140284,0.543362,0.0002,-1.21337e-10,-2.17492e-08,-1.21337e-10,0.000200016,1.29073e-06,-2.17492e-08,1.29073e-06,0.000199994
0.288981,-0.308662,-1.59334,0.287007,-0.309574,-1.5862,-0.000237857,0.00320204,0.0102493,0.562436,0.0002,-1.52898e-10,-1.92572e-08,-1.52898e-10,0.000200016,1.30618e-06,-1.92572e-08,1.30618e-06,0.000199994
0.291607,-0.308878,-1.59648,0.287011,-0.309483,-1.58624,0.00238794,0.00298663,0.0071135,0.561812,0.0002,-5.93508e-12,1.31995e-09,-5.93508e-12,0.000200016,1.31901e-06,1.31995e-09,1.31901e-06,0.000199994
0.293514,-0.309008,-1.59867,0.286996,-0.309588,-1.5862,0.00429579,0.00285596,0.00492373,0.558746,0.0002,3.03144e-11,4.66263e-09,3.03144e-11,0.000200016,1.29689e-06,4.66263e-09,1.29689e-06,0.000199994
0.295129,-0.309183,-1.60001,0.287024,-0.309479,-1.58622,0.00591046,0.00268171,0.00358328,0.543362,0.0002,1.83827e-10,2.16093e-08,1.83827e-10,0.000200016,1.29588e-06,2.16093e-08,1.29588e-06,0.000199994
0.299147,-0.309903,-1.60479,0.300568,-0.311722,-1.60426,-0.0051334,0.00432818,0.0186974,0.287222,0.0002,4.56202e-10,5.02622e-08,4.56202e-10,0.000200016,1.29803e-06,5.02622e-08,1.29803e-06,0.000199994
0.302479,-0.310442,-1.60924,0.300938,-0.311708,-1.60422,-0.00824928,0.00665459,0.0238444,0.286868,0.0002,6.37628e-10,6.46751e-08,6.37628e-10,0.000200016,1.30626e-06,6.46751e-08,1.30626e-06,0.000199994
0.30522,-0.310798,-1.61174,0.301086,-0.311705,-1.60416,-0.00550901,0.00629845,0.0213376,0.286868,0.0002,6.75098e-10,6.20874e-08,6.75098e-10,0.000200016,1.31881e-06,6.20874e-08,1.31881e-06,0.000199994
0.307292,-0.310938,-1.61195,0.301203,-0.311716,-1.60395,-0.00343657,0.00615912,0.0211344,0.290572,0.0002,4.76003e-10,3.57515e-08,4.76003e-10,0.000200016,1.30406e-06,3.57515e-08,1.30406e-06,0.000199994
0.308971,-0.311032,-1.61075,0.301411,-0.311727,-1.60391,-0.00875639,0.00690542,0.0374353,0.28893,0.0002,2.79808e-10,1.46743e-08,2.79808e-10,0.000200016,1.29136e-06,1.46743e-08,1.29136e-06,0.000199994
0.312679,-0.312058,-1.61392,0.313125,-0.316449,-1.62602,-0.00504862,0.00587889,0.0342724,0.459838,0.0002,9.47874e-11,-2.80036e-09,9.47874e-11,0.000200016,1.28675e-06,-2.80036e-09,1.28675e-06,0.000199994
0.315886,-0.313011,-1.61684,0.313719,-0.316422,-1.62591,-0.00548715,0.00597914,0.0359811,0.467659,0.0002,1.49208e-10,9.00366e-09,1.49208e-10,0.000200016,1.30335e-06,9.00366e-09,1.30335e-06,0.000199994
0.318522,-0.313944,-1.61886,0.314003,-0.316494,-1.62589,-0.00285062,0.00504685,0.0339596,0.467209,0.0002,4.18399e-10,4.17285e-08,4.18399e-10,0.000200016,1.31625e-06,4.17285e-08,1.31625e-06,0.000199994
0.320527,-0.314722,-1.62046,0.314134,-0.316462,-1.62578,-0.000845435,0.00426794,0.0323646,0.477444,0.0002,6.8629e-10,6.94589e-08,6.8629e-10,0.000200016,1.3037e-06,6.94589e-08,1.3037e-06,0.000199994
0.322024,-0.315178,-1.62154,0.314193,-0.316492,-1.62584,-0.00560905,0.00635083,0.0287649,0.481093,0.0002,6.48899e-10,5.96164e-08,6.48899e-10,0.000200015,1.27657e-06,5.96164e-08,1.27657e-06,0.000199994
0.323253,-0.315516,-1.62188,0.314238,-0.316451,-1.62582,-0.00438027,0.00601245,0.0284243,0.477444,0.0002,5.88435e-10,5.028e-08,5.88435e-10,0.000200015,1.26277e-06,5.028e-08,1.26277e-06,0.000199994
0.327258,-0.317268,-1.6166,0.329534,-0.32448,-1.59594,-0.00601619,0.0069241,0.0380538,0.705705,0.0002,4.25195e-10,3.07452e-08,4.25195e-10,0.000200015,1.24782e-06,3.07452e-08,1.24782e-06,0.000199994
0.330582,-0.318928,-1.61319,0.329763,-0.324521,-1.59588,-0.00269262,0.00526465,0.0414637,0.716535,0.0002,6.23549e-10,5.78073e-08,6.23549e-10,0.000200015,1.24994e-06,5.78073e-08,1.24994e-06,0.000199994
0.333346,-0.320303,-1.6102,0.32987,-0.324559,-1.59564,7.17597e-05,0.00388917,0.0444485,0.730383,0.0002,8.38968e-10,8.08567e-08,8.38968e-10,0.000200015,1.26474e-06,8.08567e-08,1.26474e-06,0.000199994
0.335665,-0.32124,-1.60777,0.329947,-0.3246,-1.59544,-0.00480108,0.00593775,0.0385272,0.726773,0.0002,7.81229e-10,6.75613e-08,7.81229e-10,0.000200015,1.28903e-06,6.75613e-08,1.28903e-06,0.000199994
0.337432,-0.321746,-1.60528,0.329999,-0.324592,-1.5953,-0.00303364,0.00543154,0.0410176,0.728938,0.0002,3.86572e-10,1.95378e-08,3.86572e-10,0.000200015,1.289e-06,1.95378e-08,1.289e-06,0.000199994
0.341211,-0.322629,-1.60917,0.341492,-0.327108,-1.62622,-0.00459791,0.00704381,0.042883,0.503889,0.0002,-2.4116e-11,-2.23883e-08,-2.4116e-11,0.000200016,1.29947e-06,-2.23883e-08,1.29947e-06,0.000199994
0.344052,-0.323159,-1.61184,0.341605,-0.327085,-1.6261,-0.00175703,0.00651354,0.0402141,0.506769,0.0002,-5.58284e-10,-7.61045e-08,-5.58284e-10,0.000200015,1.27329e-06,-7.61045e-08,1.27329e-06,0.000199994
0.346429,-0.323512,-1.61435,0.341678,-0.327119,-1.62593,0.000620251,0.00616087,0.0377011,0.505679,0.0002,-1.06577e-09,-1.22123e-07,-1.06577e-09,0.000200015,1.27088e-06,-1.22123e-07,1.27088e-06,0.000199994
0.348531,-0.323957,-1.61687,0.34175,-0.327128,-1.62587,-0.00468532,0.00697379,0.0271949,0.505679,0.0002,-1.25109e-09,-1.24992e-07,-1.25109e-09,0.000200016,1.29913e-06,-1.24992e-07,1.29913e-06,0.000199994
0.350176,-0.324358,-1.61826,0.34179,-0.327126,-1.62587,-0.00303985,0.00657269,0.0258041,0.502056,0.0002,-1.30851e-09,-1.19493e-07,-1.30851e-09,0.000200016,1.31018e-06,-1.19493e-07,1.31018e-06,0.000199994
0.35132,-0.324716,-1.6204,0.341787,-0.327138,-1.62586,-0.00525546,0.00720055,0.0273991,0.500243,0.0002,-1.26083e-09,-1.09202e-07,-1.26083e-09,0.000200016,1.28983e-06,-1.09202e-07,1.28983e-06,0.000199994
0.354896,-0.325449,-1.6208,0.355407,-0.329508,-1.62079,-0.00167941,0.00646716,0.027004,0.448781,0.0002,-1.23524e-09,-1.05733e-07,-1.23524e-09,0.000200015,1.26684e-06,-1.05733e-07,1.26684e-06,0.000199994
0.357834,-0.325934,-1.62099,0.355451,-0.329513,-1.62072,0.00125925,0.00598187,0.026807,0.452327,0.0002,-1.35569e-09,-1.19877e-07,-1.35569e-09,0.000200015,1.26319e-06,-1.19877e-07,1.26319e-06,0.000199994
0.360362,-0.326334,-1.62094,0.355486,-0.329525,-1.62071,-0.0019684,0.005943,0.0285286,0.459856,0.0002,-1.46159e-09,-1.27591e-07,-1.46159e-09,0.000200015,1.28804e-06,-1.27591e-07,1.28804e-06,0.000199994
0.362451,-0.326706,-1.62123,0.355513,-0.329453,-1.62079,0.000119959,0.00557122,0.0282446,0.461633,0.0002,-1.4583e-09,-1.21654e-07,-1.4583e-09,0.000200016,1.31364e-06,-1.21654e-07,1.31364e-06,0.000199994
0.364061,-0.326993,-1.62092,0.355525,-0.329514,-1.62071,-0.00668604,0.00529737,0.0283214,0.459419,0.0002,-1.47826e-09,-1.21942e-07,-1.47826e-09,0.000200016,1.31999e-06,-1.21942e-07,1.31999e-06,0.000199994
0.368616,-0.3274,-1.62122,0.371699,-0.329334,-1.6214,-0.00213113,0.00488994,0.0280153,0.432804,0.0002,-1.19593e-09,-8.76939e-08,-1.19593e-09,0.000200016,1.32914e-06,-8.76939e-08,1.32914e-06,0.000199994
0.372216,-0.327952,-1.62156,0.371856,-0.329309,-1.62134,0.00146866,0.00433822,0.0276794,0.431828,0.0002,-6.41525e-10,-2.86953e-08,-6.41525e-10,0.000200016,1.3229e-06,-2.86953e-08,1.3229e-06,0.000199994
0.375113,-0.328313,-1.62182,0.371919,-0.329329,-1.62131,-0.00375509,0.00323833,0.0285077,0.431828,0.0002,-3.2697e-10,-4.37343e-09,-3.2697e-10,0.000200016,1.3196e-06,-4.37343e-09,1.3196e-06,0.000199994
0.377482,-0.328557,-1.62161,0.371957,-0.329301,-1.62128,-0.00138548,0.00299435,0.0287179,0.433612,0.0002,-1.5063e-10,4.61985e-09,-1.5063e-10,0.000200016,1.32463e-06,4.61985e-09,1.32463e-06,0.000199994
0.379282,-0.328723,-1.62175,0.372003,-0.329296,-1.62127,0.000414324,0.00282776,0.0285778,0.437158,0.0002,-6.2699e-11,6.19327e-09,-6.2699e-11,0.000200016,1.31103e-06,6.19327e-09,1.31103e-06,0.000199994
0.380781,-0.32897,-1.62258,0.372008,-0.32932,-1.62123,-0.00615513,0.0032877,0.0241501,0.446013,0.0002,1.50893e-10,2.52098e-08,1.50893e-10,0.000200016,1.31163e-06,2.52098e-08,1.31163e-06,0.000199994
0.38628,-0.329173,-1.62346,0.393402,-0.329257,-1.61868,-0.000656856,0.00308392,0.0232749,1.08574,0.0002,3.5138e-10,4.17808e-08,3.5138e-10,0.000200016,1.31519e-06,4.17808e-08,1.31519e-06,0.000199994
0.390672,-0.329533,-1.62479,0.393414,-0.32939,-1.61875,-0.00461169,0.00299656,0.0233797,1.11209,0.0002,7.42997e-10,8.03559e-08,7.42997e-10,0.000200016,1.31592e-06,8.03559e-08,1.31592e-06,0.000199994
0.394277,-0.329701,-1.62628,0.393414,-0.329395,-1.61876,-0.00100615,0.00282903,0.0218946,1.11551,0.0002,8.91136e-10,8.63165e-08,8.91136e-10,0.000200016,1.33105e-06,8.63165e-08,1.33105e-06,0.000199994
0.397128,-0.329636,-1.62788,0.393412,-0.329253,-1.61877,0.00184446,0.00289378,0.0202915,1.08485,0.0002,7.5945e-10,6.35282e-08,7.5945e-10,0.000200017,1.33547e-06,6.35282e-08,1.33547e-06,0.000199994
0.399364,-0.329545,-1.62978,0.393392,-0.329272,-1.61874,-0.00460039,0.00369391,0.0285932,1.08262,0.0002,5.89374e-10,4.28809e-08,5.89374e-10,0.000200017,1.33192e-06,4.28809e-08,1.33192e-06,0.000199994
0.401085,-0.329623,-1.63161,0.393413,-0.329286,-1.61874,-0.00287938,0.00361628,0.0267644,1.10532,0.0002,6.60436e-10,5.38788e-08,6.60436e-10,0.000200016,1.31792e-06,5.38788e-08,1.31792e-06,0.000199994
0.405746,-0.330145,-1.63799,0.409852,-0.331214,-1.64127,-0.00622428,0.0036947,0.0224485,0.695722,0.0002,7.86241e-10,6.88011e-08,7.86241e-10,0.000200016,1.30845e-06,6.88011e-08,1.30845e-06,0.000199994
0.409509,-0.330382,-1.6432,0.409861,-0.33121,-1.64126,-0.00246089,0.00345746,0.0172391,0.697942,0.0002,6.53511e-10,5.10798e-08,6.53511e-10,0.000200016,1.30777e-06,5.10798e-08,1.30777e-06,0.000199994
0.412582,-0.330606,-1.64623,0.409863,-0.331202,-1.64127,0.000612342,0.00323314,0.0142076,0.692238,0.0002,5.99493e-10,4.56946e-08,5.99493e-10,0.000200016,1.31723e-06,4.56946e-08,1.31723e-06,0.000199994
0.415041,-0.330793,-1.64803,0.409864,-0.33121,-1.64126,-0.00357954,0.00497034,0.0269667,0.697942,0.0002,5.67357e-10,4.33312e-08,5.67357e-10,0.000200016,1.32326e-06,4.33312e-08,1.32326e-06,0.000199994
0.417033,-0.331162,-1.64968,0.40986,-0.331213,-1.64126,-0.00158721,0.004602,0.0253178,0.699206,0.0002,8.54715e-10,7.72794e-08,8.54715e-10,0.000200016,1.33111e-06,7.72794e-08,1.33111e-06,0.000199994
0.421852,-0.331974,-1.65516,0.426109,-0.333545,-1.66258,-0.00442522,0.00587821,0.0272784,0.487899,0.0002,1.11719e-09,1.02853e-07,1.11719e-09,0.000200017,1.33239e-06,1.02853e-07,1.33239e-06,0.000199994
0.425644,-0.332326,-1.65893,0.426098,-0.333528,-1.66262,-0.000633402,0.00552574,0.0235067,0.484532,0.0002,9.09057e-10,7.28287e-08,9.09057e-10,0.000200016,1.32354e-06,7.28287e-08,1.32354e-06,0.000199994
0.428673,-0.332393,-1.6608,0.426082,-0.333589,-1.66258,-0.0013241,0.00648467,0.0247559,0.489551,0.0002,4.21472e-10,1.7129e-08,4.21472e-10,0.000200016,1.31782e-06,1.7129e-08,1.31782e-06,0.000199994
0.431041,-0.33238,-1.6622,0.426087,-0.333588,-1.66257,0.00104322,0.00649738,0.0233651,0.492064,0.0002,-4.91163e-11,-2.87967e-08,-4.91163e-11,0.000200016,1.30497e-06,-2.87967e-08,1.30497e-06,0.000199994
0.433002,-0.332582,-1.66351,0.426093,-0.333537,-1.66256,0.00300397,0.00629615,0.0220483,0.486677,0.0002,-1.023e-10,-2.2278e-08,-1.023e-10,0.000200016,1.30721e-06,-2.2278e-08,1.30721e-06,0.000199994
0.434614,-0.332953,-1.66446,0.426082,-0.333594,-1.66257,-0.00294141,0.00714599,0.0268864,0.489551,0.0002,1.47833e-10,1.3908e-08,1.47833e-10,0.000200016,1.31593e-06,1.3908e-08,1.31593e-06,0.000199994
0.438493,-0.334443,-1.66658,0.439071,-0.339093,-1.66826,0.000937901,0.0056557,0.0247748,0.561243,0.0002,4.79629e-10,5.11982e-08,4.79629e-10,0.000200016,1.32019e-06,5.11982e-08,1.32019e-06,0.000199994
0.441569,-0.335507,-1.66825,0.439083,-0.339089,-1.66821,-0.00259916,0.00668903,0.0266753,0.557954,0.0002,5.6717e-10,5.5088e-08,5.6717e-10,0.000200016,1.31803e-06,5.5088e-08,1.31803e-06,0.000199994
0.44394,-0.336203,-1.66867,0.439099,-0.339084,-1.66823,-0.000227304,0.00599339,0.0262619,0.561243,0.0002,4.07902e-10,3.24479e-08,4.07902e-10,0.000200016,1.30203e-06,3.24479e-08,1.30203e-06,0.000199994
0.445862,-0.336698,-1.66889,0.439083,-0.339083,-1.66821,0.0016945,0.00549773,0.0260395,0.564533,0.0002,1.96139e-10,8.26199e-09,1.96139e-10,0.000200016,1.29619e-06,8.26199e-09,1.29619e-06,0.000199994
0.447477,-0.337189,-1.66968,0.439087,-0.339091,-1.66818,-0.00242146,0.00725098,0.0259371,0.561243,0.0002,1.60959e-10,8.14055e-09,1.60959e-10,0.000200016,1.30465e-06,8.14055e-09,1.30465e-06,0.000199994
0.451586,-0.338671,-1.67055,0.452541,-0.344472,-1.66827,0.00168791,0.00576871,0.0250716,0.604516,0.0002,1.61637e-10,1.06071e-08,1.61637e-10,0.000200016,1.33038e-06,1.06071e-08,1.33038e-06,0.000199994
0.454939,-0.339735,-1.67103,0.452595,-0.344467,-1.66825,-0.00177907,0.00690648,0.0289626,0.610906,0.0002,-5.26744e-12,-7.14359e-09,-5.26744e-12,0.000200017,1.35568e-06,-7.14359e-09,1.35568e-06,0.000199994
0.45756,-0.340415,-1.67098,0.452623,-0.344495,-1.66816,0.000841384,0.00622632,0.029011,0.617296,0.0002,-3.92037e-10,-4.69818e-08,-3.92037e-10,0.000200017,1.36106e-06,-4.69818e-08,1.36106e-06,0.000199994
0.459578,-0.340906,-1.67094,0.452632,-0.344484,-1.66818,0.00285917,0.00573529,0.0290472,0.610906,0.0002,-7.61629e-10,-8.0644e-08,-7.61629e-10,0.000200017,1.35165e-06,-8.0644e-08,1.35165e-06,0.000199994
0.461018,-0.3409,-1.66987,0.452632,-0.344489,-1.66813,-0.000749391,0.00857614,0.0364623,0.614101,0.0002,-1.58429e-09,-1.67163e-07,-1.58429e-09,0.000200016,1.31777e-06,-1.67163e-07,1.31777e-06,0.000199994
0.462041,-0.340493,-1.66963,0.452646,-0.344486,-1.66816,0.000273547,0.00898249,0.0366984,0.610906,0.000200001,-2.7049e-09,-2.86323e-07,-2.7049e-09,0.000200016,1.27504e-06,-2.86323e-07,1.27504e-06,0.000199994
0.46473,-0.341165,-1.67025,0.461339,-0.349601,-1.67109,-0.00273568,0.0103503,0.0352947,0.619111,0.000200001,-3.62124e-09,-3.67325e-07,-3.62124e-09,0.000200015,1.26868e-06,-3.67325e-07,1.26868e-06,0.000199994
0.466652,-0.34146,-1.67073,0.461354,-0.349571,-1.67106,-0.000813912,0.0100553,0.0348125,0.606493,0.000200002,-4.5063e-09,-4.56822e-07,-4.5063e-09,0.000200015,1.22749e-06,-4.56822e-07,1.22749e-06,0.000199994
0.468115,-0.34161,-1.67132,0.461364,-0.349609,-1.67105,0.00064953,0.00990462,0.0342237,0.619111,0.000200002,-5.21549e-09,-5.28702e-07,-5.21549e-09,0.000200014,1.18911e-06,-5.28702e-07,1.18911e-06,0.000199994
0.469178,-0.341733,-1.67229,0.461364,-0.349567,-1.67099,-0.00139435,0.00961158,0.0270274,0.603338,0.000200003,-5.63804e-09,-5.72549e-07,-5.63804e-09,0.000200013,1.14757e-06,-5.72549e-07,1.14757e-06,0.000199994
0.470002,-0.34171,-1.67328,0.461376,-0.349614,-1.67101,-0.000570382,0.00963433,0.0260369,0.619111,0.000200003,-6.05747e-09,-6.21145e-07,-6.05747e-09,0.000200012,1.1166e-06,-6.21145e-07,1.1166e-06,0.000199994
0.470639,-0.341664,-1.67397,0.461355,-0.349584,-1.67102,-0.00465072,0.00890662,0.024607,0.603338,0.000200004,-6.36451e-09,-6.55655e-07,-6.36451e-09,0.000200012,1.09397e-06,-6.55655e-07,1.09397e-06,0.000199994
0.473376,-0.34087,-1.67512,0.472656,-0.345989,-1.67711,-0.00191359,0.00970079,0.0234557,0.85888,0.000200004,-6.60514e-09,-6.85248e-07,-6.60514e-09,0.000200011,1.0734e-06,-6.85248e-07,1.0734e-06,0.000199994
0.475693,-0.340253,-1.67583,0.47265,-0.346002,-1.67707,0.000403034,0.0103184,0.0227513,0.867576,0.000200004,-6.85067e-09,-7.0172e-07,-6.85067e-09,0.000200011,1.08077e-06,-7.0172e-07,1.08077e-06,0.000199994
0.477509,-0.339712,-1.67681,0.472652,-0.346001,-1.6771,-0.00314622,0.00759599,0.0306489,0.861226,0.000200005,-7.05439e-09,-7.19268e-07,-7.05439e-09,0.000200011,1.07977e-06,-7.19268e-07,1.07977e-06,0.000199994
0.478968,-0.339235,-1.67781,0.472657,-0.345988,-1.67711,-0.00168699,0.00807253,0.0296537,0.855705,0.000200005,-7.25254e-09,-7.36784e-07,-7.25254e-09,0.000200011,1.08019e-06,-7.36784e-07,1.08019e-06,0.000199994
0.480137,-0.338814,-1.6786,0.472633,-0.345994,-1.6771,-0.00671211,0.0044538,0.0313998,0.858052,0.000200005,-7.44886e-09,-7.54373e-07,-7.44886e-09,0.000200011,1.08147e-06,-7.54373e-07,1.08147e-06,0.000199994
0.483861,-0.336703,-1.6822,0.486428,-0.336914,-1.69246,-0.00298727,0.00656525,0.0277971,0.815029,0.000200005,-7.58212e-09,-7.61617e-07,-7.58212e-09,0.000200011,1.08549e-06,-7.61617e-07,1.08549e-06,0.000199994
0.486936,-0.334987,-1.68508,0.486436,-0.336918,-1.69244,8.71729e-05,0.0082813,0.0249186,0.815029,0.000200005,-7.78304e-09,-7.7007e-07,-7.78304e-09,0.000200011,1.10335e-06,-7.7007e-07,1.10335e-06,0.000199994
0.489244,-0.333668,-1.68728,0.486438,-0.336934,-1.69242,-0.00512527,0.00388472,0.0198337,0.818318,0.000200005,-7.7521e-09,-7.66952e-07,-7.7521e-09,0.000200011,1.09072e-06,-7.66952e-07,1.09072e-06,0.000199994
0.490998,-0.332689,-1.68903,0.48644,-0.336927,-1.69243,-0.00337127,0.00486391,0.018077,0.818318,0.000200005,-7.55706e-09,-7.52186e-07,-7.55706e-09,0.000200011,1.06813e-06,-7.52186e-07,1.06813e-06,0.000199994
0.492443,-0.331914,-1.69002,0.486431,-0.336931,-1.69242,-0.00823734,0.00155527,0.0209672,0.818318,0.000200005,-7.42716e-09,-7.41473e-07,-7.42716e-09,0.000200011,1.06075e-06,-7.41473e-07,1.06075e-06,0.000199994
0.496545,-0.328887,-1.69355,0.500814,-0.325427,-1.70612,-0.00413566,0.00458165,0.0174388,0.607366,0.000200005,-7.5067e-09,-7.53704e-07,-7.5067e-09,0.000200011,1.06548e-06,-7.53704e-07,1.06548e-06,0.000199994
0.499929,-0.326479,-1.69647,0.5011,-0.325444,-1.70558,-0.000751845,0.00699023,0.0145159,0.610432,0.000200005,-7.59729e-09,-7.59227e-07,-7.59729e-09,0.000200011,1.07631e-06,-7.59227e-07,1.07631e-06,0.000199994
0.502535,-0.324501,-1.69876,0.50119,-0.325464,-1.70534,-0.00487335,0.00406266,0.0209959,0.617645,0.000200005,-7.63382e-09,-7.70933e-07,-7.63382e-09,0.000200011,1.06466e-06,-7.70933e-07,1.06466e-06,0.000199994
0.504619,-0.322965,-1.7006,0.501197,-0.325466,-1.70534,-0.00278997,0.00559891,0.0191638,0.618408,0.000200006,-7.60594e-09,-7.70814e-07,-7.60594e-09,0.000200011,1.05698e-06,-7.70814e-07,1.05698e-06,0.000199994
0.506404,-0.321791,-1.70269,0.50118,-0.325438,-1.70535,-0.0010045,0.00677335,0.0170737,0.610819,0.000200005,-7.61042e-09,-7.60336e-07,-7.61042e-09,0.000200011,1.07213e-06,-7.60336e-07,1.07213e-06,0.000199994
0.5079,-0.320808,-1.70469,0.501149,-0.325484,-1.70546,-0.00673304,0.00324858,0.0134194,0.620706,0.000200005,-7.72851e-09,-7.61407e-07,-7.72851e-09,0.000200011,1.09398e-06,-7.61407e-07,1.09398e-06,0.000199994
0.511225,-0.318201,-1.70524,0.511958,-0.316841,-1.7002,-0.00340769,0.00585612,0.0128689,0.609134,0.000200006,-7.8987e-09,-7.75682e-07,-7.8987e-09,0.000200011,1.1036e-06,-7.75682e-07,1.1036e-06,0.000199994
0.513803,-0.316147,-1.70589,0.511993,-0.316847,-1.70019,-0.00607278,0.00312333,0.017423,0.609731,0.000200006,-7.9211e-09,-7.79601e-07,-7.9211e-09,0.000200011,1.09558e-06,-7.79601e-07,1.09558e-06,0.000199994
0.515971,-0.314692,-1.70744,0.512008,-0.316861,-1.70019,-0.00390423,0.00457816,0.0158715,0.616798,0.000200005,-7.79867e-09,-7.5157e-07,-7.79867e-09,0.000200011,1.10747e-06,-7.5157e-07,1.10747e-06,0.000199994
0.517819,-0.313676,-1.70951,0.512022,-0.316876,-1.70018,-0.00464149,0.00412797,0.0117149,0.623268,0.000200005,-7.6034e-09,-7.09491e-07,-7.6034e-09,0.000200012,1.13307e-06,-7.09491e-07,1.13307e-06,0.000199994
0.519377,-0.312909,-1.71178,0.512023,-0.316825,-1.70017,-0.00308326,0.00489546,0.00944117,0.602664,0.000200005,-7.42594e-09,-6.72666e-07,-7.42594e-09,0.000200012,1.1626e-06,-6.72666e-07,1.1626e-06,0.000199994
0.520674,-0.312529,-1.71464,0.511995,-0.316876,-1.70018,-0.00178609,0.00527522,0.00658492,0.620332,0.000200004,-7.03149e-09,-6.11873e-07,-7.03149e-09,0.000200013,1.19074e-06,-6.11873e-07,1.19074e-06,0.000199994
0.523754,-0.311342,-1.71945,0.521338,-0.311543,-1.7061,-0.00155951,0.00417969,0.00563185,0.509126,0.000200003,-6.57203e-09,-5.42751e-07,-6.57203e-09,0.000200014,1.23624e-06,-5.42751e-07,1.23624e-06,0.000199994
0.526271,-0.310474,-1.72362,0.521323,-0.311552,-1.70617,0.000957987,0.00504776,0.00145645,0.515883,0.000200003,-6.11064e-09,-4.84363e-07,-6.11064e-09,0.000200015,1.27462e-06,-4.84363e-07,1.27462e-06,0.000199994
0.528132,-0.309826,-1.72603,0.521326,-0.311536,-1.70615,0.000253076,0.00712188,0.00867186,0.509126,0.000200002,-5.60906e-09,-4.39261e-07,-5.60906e-09,0.000200015,1.27445e-06,-4.39261e-07,1.27445e-06,0.000199994
0.529569,-0.309286,-1.72659,0.521355,-0.311556,-1.70606,0.00169024,0.0076613,0.00811162,0.512505,0.000200002,-5.24384e-09,-4.15059e-07,-5.24384e-09,0.000200015,1.2649e-06,-4.15059e-07,1.2649e-06,0.000199994
0.530785,-0.308782,-1.72597,0.521405,-0.311568,-1.7059,0.00290589,0.00816573,0.00872958,0.519261,0.000200002,-5.10544e-09,-4.12254e-07,-5.10544e-09,0.000200015,1.26758e-06,-4.12254e-07,1.26758e-06,0.000199994
0.532957,-0.308893,-1.72924,0.527677,-0.31469,-1.72882,0.00351525,0.00945021,0.0277717,0.398839,0.000200002,-5.17678e-09,-4.33528e-07,-5.17678e-09,0.000200015,1.25884e-06,-4.33528e-07,1.25884e-06,0.000199994
0.534564,-0.308903,-1.73134,0.527696,-0.3147,-1.72886,0.0051222,0.00943988,0.025668,0.392013,0.000200002,-5.28433e-09,-4.5987e-07,-5.28433e-09,0.000200014,1.23181e-06,-4.5987e-07,1.23181e-06,0.000199994
0.535884,-0.308926,-1.73365,0.52765,-0.31473,-1.7289,0.00385325,0.0109176,0.0325576,0.392013,0.000200002,-5.37287e-09,-4.74389e-07,-5.37287e-09,0.000200014,1.22175e-06,-4.74389e-07,1.22175e-06,0.000199994
0.537116,-0.309083,-1.73623,0.527671,-0.31473,-1.72892,0.00508586,0.0107609,0.029982,0.385188,0.000200002,-5.34047e-09,-4.60408e-07,-5.34047e-09,0.000200014,1.24326e-06,-4.60408e-07,1.24326e-06,0.000199994
0.538123,-0.309196,-1.73819,0.527646,-0.314733,-1.72893,0.00609294,0.0106484,0.0280223,0.392013,0.000200002,-5.33691e-09,-4.53111e-07,-5.33691e-09,0.000200015,1.26133e-06,-4.53111e-07,1.26133e-06,0.000199994
0.538878,-0.309324,-1.73996,0.527629,-0.314733,-1.72894,0.00494306,0.0121613,0.0335557,0.398839,0.000200002,-5.25611e-09,-4.41866e-07,-5.25611e-09,0.000200015,1.26538e-06,-4.41866e-07,1.26538e-06,0.000199994
0.540093,-0.310395,-1.74545,0.530702,-0.318488,-1.74769,0.00615866,0.0110897,0.028069,0.405029,0.000200002,-4.9232e-09,-4.02921e-07,-4.9232e-09,0.000200015,1.26635e-06,-4.02921e-07,1.26635e-06,0.000199994
0.541209,-0.311352,-1.74952,0.530731,-0.318499,-1.74763,0.00653862,0.0126924,0.0355037,0.405029,0.000200001,-4.57551e-09,-3.61375e-07,-4.57551e-09,0.000200015,1.28919e-06,-3.61375e-07,1.28919e-06,0.000199994
0.541935,-0.311987,-1.75183,0.530737,-0.318495,-1.74761,0.00726487,0.0120576,0.0331887,0.405029,0.000200001,-4.41843e-09,-3.55679e-07,-4.41843e-09,0.000200015,1.27707e-06,-3.55679e-07,1.27707e-06,0.000199994
0.542495,-0.312516,-1.75295,0.530745,-0.318489,-1.74758,0.00782411,0.011529,0.0320673,0.405029,0.000200001,-4.27004e-09,-3.48671e-07,-4.27004e-09,0.000200015,1.26552e-06,-3.48671e-07,1.26552e-06,0.000199994
0.543084,-0.312989,-1.75292,0.530736,-0.318486,-1.74757,0.00733023,0.0122474,0.0373442,0.415007,0.000200001,-4.14964e-09,-3.36513e-07,-4.14964e-09,0.000200015,1.28093e-06,-3.36513e-07,1.28093e-06,0.000199994
0.544577,-0.314505,-1.75663,0.535182,-0.323901,-1.77039,0.00882403,0.0107316,0.033631,0.405471,0.000200001,-4.07664e-09,-3.25534e-07,-4.07664e-09,0.000200016,1.31074e-06,-3.25534e-07,1.31074e-06,0.000199994
0.545826,-0.315797,-1.75949,0.535191,-0.323894,-1.77036,0.00837709,0.0122269,0.0443911,0.408815,0.000200001,-3.92098e-09,-3.04825e-07,-3.92098e-09,0.000200016,1.33836e-06,-3.04825e-07,1.33836e-06,0.000199994
0.546736,-0.316975,-1.76187,0.535195,-0.323916,-1.77034,0.00928677,0.011049,0.0420057,0.408815,0.000200001,-3.56917e-09,-2.68597e-07,-3.56917e-09,0.000200017,1.34182e-06,-2.68597e-07,1.34182e-06,0.000199994
0.547465,-0.318031,-1.76368,0.535198,-0.323918,-1.77034,0.0100158,0.00999371,0.0402022,0.408815,0.000200001,-3.13328e-09,-2.26964e-07,-3.13328e-09,0.000200017,1.34431e-06,-2.26964e-07,1.34431e-06,0.000199994
0.548076,-0.319076,-1.76542,0.53521,-0.323908,-1.77031,0.00937901,0.0113672,0.0430256,0.412141,0.0002,-2.51073e-09,-1.67234e-07,-2.51073e-09,0.000200017,1.35015e-06,-1.67234e-07,1.35015e-06,0.000199994
0.548531,-0.319973,-1.76672,0.535204,-0.323907,-1.77031,0.00983351,0.0104698,0.0417337,0.412141,0.0002,-1.93628e-09,-1.18859e-07,-1.93628e-09,0.000200017,1.34861e-06,-1.18859e-07,1.34861e-06,0.000199994
0.549084,-0.322335,-1.7735,0.536556,-0.332018,-1.79796,0.00825298,0.0112192,0.0385227,0.35368,0.0002,-1.51266e-09,-8.98068e-08,-1.51266e-09,0.000200017,1.33429e-06,-8.98068e-08,1.33429e-06,0.000199994
0.549603,-0.324296,-1.77871,0.536572,-0.332022,-1.79792,0.00877241,0.00925861,0.033315,0.35368,0.0002,-1.10001e-09,-5.8728e-08,-1.10001e-09,0.000200017,1.33716e-06,-5.8728e-08,1.33716e-06,0.000199994
0.550122,-0.325873,-1.78234,0.536547,-0.332009,-1.79787,0.00929079,0.00768163,0.0296786,0.358459,0.0002,-7.77212e-10,-3.64561e-08,-7.77212e-10,0.000200017,1.35636e-06,-3.64561e-08,1.35636e-06,0.000199994
0.550562,-0.327126,-1.78493,0.53655,-0.332012,-1.79785,0.00577858,0.010041,0.0249663,0.358459,0.0002,-5.48101e-10,-2.31917e-08,-5.48101e-10,0.000200017,1.37267e-06,-2.31917e-08,1.37267e-06,0.000199994
0.550868,-0.32823,-1.78774,0.536539,-0.332006,-1.79788,0.00608462,0.0089368,0.0221626,0.358459,0.0002,-2.22131e-10,2.96495e-09,-2.22131e-10,0.000200018,1.37617e-06,2.96495e-09,1.37617e-06,0.000199994
0.551142,-0.329106,-1.78988,0.536562,-0.332023,-1.79791,0.00336418,0.0117946,0.0125195,0.357013,0.0002,1.21239e-11,1.84453e-08,1.21239e-11,0.000200018,1.38241e-06,1.84453e-08,1.38241e-06,0.000199993
0.55315,-0.3312,-1.78748,0.545839,-0.339095,-1.77573,0.00537262,0.00969997,0.0149211,0.31985,0.0002,2.03502e-10,3.07198e-08,2.03502e-10,0.000200018,1.37565e-06,3.07198e-08,1.37565e-06,0.000199993
0.554683,-0.33312,-1.7852,0.546154,-0.339183,-1.77501,0.00365804,0.0107998,0.0264177,0.323433,0.0002,6.5224e-10,7.42207e-08,6.5224e-10,0.000200017,1.3493e-06,7.42207e-08,1.3493e-06,0.000199994
0.555816,-0.33448,-1.78321,0.546256,-0.33921,-1.77467,0.00479123,0.00943929,0.0284129,0.325302,0.0002,7.23054e-10,7.25843e-08,7.23054e-10,0.000200017,1.31435e-06,7.25843e-08,1.31435e-06,0.000199994
0.556905,-0.335777,-1.78099,0.546306,-0.339204,-1.77466,0.00588019,0.00814288,0.0306338,0.328974,0.0002,1.05863e-09,1.04058e-07,1.05863e-09,0.000200016,1.31961e-06,1.04058e-07,1.31961e-06,0.000199994
0.557709,-0.336862,-1.77888,0.546343,-0.339215,-1.77457,0.00309745,0.00877559,0.0298396,0.328974,0.0002,1.36366e-09,1.3082e-07,1.36366e-09,0.000200016,1.31101e-06,1.3082e-07,1.31101e-06,0.000199994
0.560097,-0.339147,-1.77664,0.555029,-0.345482,-1.76863,0.00548567,0.00649085,0.0320847,0.324011,0.0002,1.82775e-09,1.75372e-07,1.82775e-09,0.000200016,1.30664e-06,1.75372e-07,1.30664e-06,0.000199994
0.562056,-0.341088,-1.77486,0.555268,-0.345529,-1.76822,0.00744464,0.00454965,0.0338624,0.327085,0.0002,2.32115e-09,2.20248e-07,2.32115e-09,0.000200016,1.30389e-06,2.20248e-07,1.30389e-06,0.000199994
0.563709,-0.342575,-1.77354,0.5554,-0.345595,-1.76772,0.00226871,0.00850318,0.0280883,0.327085,0.0002,2.60078e-09,2.36307e-07,2.60078e-09,0.000200016,1.31172e-06,2.36307e-07,1.31172e-06,0.000199994
0.565072,-0.343747,-1.77297,0.555471,-0.345603,-1.76756,0.00363154,0.00733136,0.0286582,0.326842,0.0002,2.78431e-09,2.43621e-07,2.78431e-09,0.000200016,1.32081e-06,2.43621e-07,1.32081e-06,0.000199994
0.566318,-0.344321,-1.7718,0.555655,-0.34562,-1.7671,0.00286931,0.00949865,0.0320077,0.336413,0.0002,2.4215e-09,1.89009e-07,2.4215e-09,0.000200017,1.34573e-06,1.89009e-07,1.34573e-06,0.000199994
0.567363,-0.344504,-1.77051,0.555729,-0.345629,-1.76686,0.00391442,0.00931512,0.0333039,0.336413,0.0002,1.71601e-09,1.09245e-07,1.71601e-09,0.000200017,1.3672e-06,1.09245e-07,1.3672e-06,0.000199994
0.569732,-0.346521,-1.76801,0.563519,-0.356577,-1.76051,0.00628363,0.007298,0.035804,0.281272,0.0002,6.92694e-10,8.01328e-09,6.92694e-10,0.000200017,1.377e-06,8.01328e-09,1.377e-06,0.000199994
0.571479,-0.347712,-1.76593,0.563662,-0.356615,-1.76014,0.00422145,0.0112808,0.0385309,0.30114,0.0002,-7.13221e-10,-1.26083e-07,-7.13221e-10,0.000200017,1.35503e-06,-1.26083e-07,1.35503e-06,0.000199994
0.572711,-0.348304,-1.76519,0.563685,-0.356627,-1.7601,0.0054534,0.0106888,0.0392717,0.304451,0.000200001,-2.23549e-09,-2.69689e-07,-2.23549e-09,0.000200016,1.31405e-06,-2.69689e-07,1.31405e-06,0.000199994
0.573705,-0.348733,-1.76479,0.563693,-0.356617,-1.76005,0.00420274,0.0150492,0.0398899,0.311074,0.000200001,-3.41397e-09,-3.68487e-07,-3.41397e-09,0.000200016,1.28906e-06,-3.68487e-07,1.28906e-06,0.000199994
0.574444,-0.349042,-1.76415,0.56371,-0.356616,-1.76002,0.00494218,0.0147398,0.040527,0.314385,0.000200001,-4.2918e-09,-4.37381e-07,-4.2918e-09,0.000200015,1.26355e-06,-4.37381e-07,1.26355e-06,0.000199994
0.575926,-0.3495,-1.76534,0.56919,-0.358371,-1.76795,0.00642378,0.0142818,0.0393436,0.299159,0.000200002,-5.00534e-09,-5.05604e-07,-5.00534e-09,0.000200014,1.21366e-06,-5.05604e-07,1.21366e-06,0.000199994
0.577077,-0.349827,-1.76651,0.568972,-0.358379,-1.76808,0.0054275,0.0143878,0.0354677,0.24074,0.000200002,-5.55279e-09,-5.5536e-07,-5.55279e-09,0.000200014,1.18338e-06,-5.5536e-07,1.18338e-06,0.000199994
0.578002,-0.349984,-1.76735,0.568988,-0.358383,-1.76807,0.00635248,0.0142317,0.0346339,0.23744,0.000200003,-6.06655e-09,-6.0413e-07,-6.06655e-09,0.000200013,1.16423e-06,-6.0413e-07,1.16423e-06,0.000199994
0.578523,-0.350109,-1.76739,0.568974,-0.358374,-1.76806,0.00266206,0.013995,0.0391707,0.23414,0.000200003,-6.28999e-09,-6.35285e-07,-6.28999e-09,0.000200012,1.11728e-06,-6.35285e-07,1.11728e-06,0.000199994
0.578944,-0.350212,-1.76742,0.568992,-0.358386,-1.76805,0.00308283,0.0138923,0.0391391,0.23744,0.000200004,-6.4293e-09,-6.55209e-07,-6.4293e-09,0.000200012,1.08724e-06,-6.55209e-07,1.08724e-06,0.000199994
0.579289,-0.350292,-1.76724,0.569034,-0.358377,-1.76804,0.003428,0.0138117,0.0393228,0.244041,0.000200004,-6.51726e-09,-6.68044e-07,-6.51726e-09,0.000200011,1.06796e-06,-6.68044e-07,1.06796e-06,0.000199994
0.58041,-0.351061,-1.76629,0.57278,-0.362268,-1.76192,0.000246811,0.00992967,0.0376649,0.532292,0.000200004,-6.71867e-09,-6.86826e-07,-6.71867e-09,0.000200011,1.07172e-06,-6.86826e-07,1.07172e-06,0.000199994
0.581353,-0.351656,-1.76558,0.572894,-0.362265,-1.76168,0.00119003,0.00933395,0.0383712,0.526642,0.000200004,-6.90926e-09,-7.01842e-07,-6.90926e-09,0.000200011,1.07791e-06,-7.01842e-07,1.07791e-06,0.000199994
0.582096,-0.352153,-1.76488,0.572964,-0.362288,-1.76152,-0.00472879,0.00578143,0.0464834,0.526642,0.000200005,-7.01598e-09,-7.091e-07,-7.01598e-09,0.000200011,1.07765e-06,-7.091e-07,1.07765e-06,0.000199994
0.582778,-0.3525,-1.76398,0.573032,-0.362289,-1.76138,-0.0040464,0.0054348,0.0473843,0.526866,0.000200005,-7.2073e-09,-7.22219e-07,-7.2073e-09,0.000200011,1.08919e-06,-7.22219e-07,1.08919e-06,0.000199994
0.583309,-0.352798,-1.76333,0.573086,-0.362314,-1.76125,-0.00351575,0.00513712,0.0480302,0.526866,0.000200005,-7.31606e-09,-7.28236e-07,-7.31606e-09,0.000200011,1.09237e-06,-7.28236e-07,1.09237e-06,0.000199994
0.587152,-0.350737,-1.76778,0.590097,-0.350698,-1.78505,-0.00684647,0.00221082,0.0414806,0.408437,0.000200005,-7.39527e-09,-7.32239e-07,-7.39527e-09,0.000200011,1.09431e-06,-7.32239e-07,1.09431e-06,0.000199994
0.590322,-0.349099,-1.77091,0.590424,-0.350799,-1.78445,-0.00367734,0.00384959,0.0383516,0.40563,0.000200005,-7.484e-09,-7.35867e-07,-7.484e-09,0.000200011,1.10062e-06,-7.35867e-07,1.10062e-06,0.000199994
0.592927,-0.347783,-1.77324,0.590634,-0.350836,-1.7841,-0.0045623,0.00312786,0.0354208,0.41109,0.000200005,-7.58349e-09,-7.39646e-07,-7.58349e-09,0.000200011,1.10948e-06,-7.39646e-07,1.10948e-06,0.000199994
0.595074,-0.346698,-1.77529,0.590689,-0.350827,-1.78399,-0.00241507,0.00421233,0.0333722,0.414515,0.000200005,-7.73195e-09,-7.46315e-07,-7.73195e-09,0.000200012,1.12387e-06,-7.46315e-07,1.12387e-06,0.000199994
0.596767,-0.345851,-1.77704,0.59068,-0.350831,-1.78403,-0.0084804,0.000264337,0.0324023,0.414515,0.000200005,-7.80261e-09,-7.47039e-07,-7.80261e-09,0.000200012,1.12965e-06,-7.47039e-07,1.12965e-06,0.000199994
0.598116,-0.345176,-1.77844,0.590646,-0.350832,-1.78406,-0.00713134,0.000939398,0.0309959,0.41109,0.000200005,-7.84996e-09,-7.46784e-07,-7.84996e-09,0.000200012,1.13383e-06,-7.46784e-07,1.13383e-06,0.000199994
0.602231,-0.342314,-1.77911,0.605947,-0.339132,-1.78335,-0.0030161,0.00380138,0.0303264,0.466506,0.000200005,-7.842e-09,-7.43572e-07,-7.842e-09,0.000200012,1.13274e-06,-7.43572e-07,1.13274e-06,0.000199994
0.60563,-0.339977,-1.7797,0.6061,-0.339139,-1.78306,-0.00702255,0.00100631,0.026585,0.470269,0.000200005,-7.94913e-09,-7.49072e-07,-7.94913e-09,0.000200012,1.14435e-06,-7.49072e-07,1.14435e-06,0.000199994
0.608207,-0.338229,-1.78018,0.60627,-0.339172,-1.78264,-0.00444587,0.00275437,0.0261002,0.473827,0.000200005,-7.75687e-09,-7.33925e-07,-7.75687e-09,0.000200012,1.12374e-06,-7.33925e-07,1.12374e-06,0.000199994
0.610232,-0.336867,-1.78053,0.60634,-0.339189,-1.78246,-0.00982772,-0.000669409,0.0283084,0.470269,0.000200005,-7.52642e-09,-7.18799e-07,-7.52642e-09,0.000200012,1.1026e-06,-7.18799e-07,1.1026e-06,0.000199994
0.611918,-0.33575,-1.78057,0.606419,-0.339214,-1.78227,-0.00814098,0.000447246,0.0282712,0.473827,0.000200005,-7.42411e-09,-7.14326e-07,-7.42411e-09,0.000200011,1.09716e-06,-7.14326e-07,1.09716e-06,0.000199994
0.615874,-0.332546,-1.78135,0.619137,-0.328002,-1.78707,-0.00418509,0.0036518,0.0274928,0.341728,0.000200005,-7.48081e-09,-7.23453e-07,-7.48081e-09,0.000200011,1.10311e-06,-7.23453e-07,1.10311e-06,0.000199994
0.619127,-0.330005,-1.78223,0.619492,-0.327987,-1.78681,-0.00734959,0.00133574,0.0233393,0.351765,0.000200005,-7.51298e-09,-7.24788e-07,-7.51298e-09,0.000200011,1.10985e-06,-7.24788e-07,1.10985e-06,0.000199994
0.62179,-0.327981,-1.78327,0.619799,-0.328031,-1.7864,-0.00468621,0.00335947,0.0222999,0.37298,0.000200005,-7.53759e-09,-7.25076e-07,-7.53759e-09,0.000200012,1.11452e-06,-7.25076e-07,1.11452e-06,0.000199994
0.623968,-0.326351,-1.78396,0.619902,-0.32805,-1.78619,-0.00653561,0.00273574,0.0246341,0.37298,0.000200005,-7.59394e-09,-7.27501e-07,-7.59394e-09,0.000200012,1.1218e-06,-7.27501e-07,1.1218e-06,0.000199994
0.625688,-0.325086,-1.78405,0.620043,-0.328078,-1.78596,-0.00481504,0.00400037,0.0245443,0.382031,0.000200005,-7.56083e-09,-7.23768e-07,-7.56083e-09,0.000200012,1.11841e-06,-7.23768e-07,1.11841e-06,0.000199994
0.62709,-0.324076,-1.78408,0.62017,-0.328084,-1.78579,-0.00341336,0.00501093,0.0245065,0.374568,0.000200005,-7.53294e-09,-7.21343e-07,-7.53294e-09,0.000200012,1.11626e-06,-7.21343e-07,1.11626e-06,0.000199994
0.631467,-0.321024,-1.78322,0.636601,-0.316828,-1.77875,-0.00693322,0.00343741,0.0225783,0.386307,0.000200005,-7.47159e-09,-7.16913e-07,-7.47159e-09,0.000200012,1.11102e-06,-7.16913e-07,1.11102e-06,0.000199994
0.635034,-0.318588,-1.78264,0.636936,-0.316866,-1.77823,-0.00336607,0.00587331,0.0231627,0.404065,0.000200005,-7.4248e-09,-7.14316e-07,-7.4248e-09,0.000200011,1.10751e-06,-7.14316e-07,1.10751e-06,0.000199994
