EKF_x,EKF_y,EKF_theta,PM_x,PM_y,PM_theta,errorEKF_x,errorEKF_y,errorEKF_theta,errorPM,EKFCovXX,EKFCovXY,EKFCovXTheta,EKFCovYX,EKFCovYY,EKFCovYTheta,EKFCovThetaX,EKFCovThetaY,EKFCovThetaTheta,counter
0.607692,0.288975,-1.6567,0.607692,0.288975,-1.6567,0.00769244,-0.0654248,-0.0877004,14.471,0.000999999,0,0,0,0.000999999,0,0,0,0.000999999,0
0.60896,0.285951,-1.66143,0.610167,0.283071,-1.66594,0.00895998,-0.0684488,-0.0924334,14.5318,0.000512195,0,0,0,0.000512195,0,0,0,0.000512195,0
0.609565,0.284893,-1.66319,0.610615,0.282988,-1.66646,0.00956469,-0.0695073,-0.0941909,14.5526,0.000359875,-2.45245e-14,-2.52645e-09,-2.45245e-14,0.000359875,3.03111e-09,-2.52645e-09,3.03111e-09,0.000359875,0
0.609976,0.284096,-1.66442,0.610979,0.282154,-1.66743,0.00997574,-0.0704036,-0.0954234,14.6007,0.000290717,-9.60529e-15,-1.27101e-09,-9.60529e-15,0.000290717,1.5249e-09,-1.27101e-09,1.5249e-09,0.000290717,0
0.610229,0.283936,-1.6646,0.610971,0.283464,-1.66511,0.0102288,-0.0704643,-0.0955977,14.8274,0.000254131,-4.5394e-15,-7.0709e-10,-4.5394e-15,0.000254131,8.48331e-10,-7.0709e-10,8.48331e-10,0.000254131,0
0.610432,0.283568,-1.66522,0.611102,0.282359,-1.66728,0.0104324,-0.070832,-0.0962238,14.6389,0.000233206,-2.3986e-15,-4.1575e-10,-2.3986e-15,0.000233206,4.98796e-10,-4.1575e-10,4.98796e-10,0.000233206,0
0.610545,0.283312,-1.66568,0.610942,0.28241,-1.66731,0.0105449,-0.0710875,-0.0966833,14.4411,0.000220702,-1.35854e-15,-2.52487e-10,-1.35854e-15,0.000220702,3.02922e-10,-2.52487e-10,3.02922e-10,0.000220702,0
0.610619,0.283125,-1.66565,0.610894,0.282431,-1.66554,0.0105193,-0.0712753,-0.0966518,14.577,0.000213033,-8.04091e-16,-1.5637e-10,-8.04091e-16,0.000213033,1.87605e-10,-1.5637e-10,1.87605e-10,0.000213033,0
0.610691,0.282993,-1.66567,0.610962,0.282491,-1.66573,0.0106906,-0.0714074,-0.0966685,14.473,0.000208255,-4.89493e-16,-9.80219e-11,-4.89493e-16,0.000208255,1.17602e-10,-9.80219e-11,1.17602e-10,0.000208255,0
0.610763,0.282874,-1.66567,0.611044,0.282417,-1.66567,0.0107631,-0.0715255,-0.096669,14.4681,0.000205249,-3.03391e-16,-6.19135e-11,-3.03391e-16,0.000205249,7.42808e-11,-6.19135e-11,7.42808e-11,0.000205249,0
0.610786,0.283081,-1.66516,0.610878,0.28389,-1.66315,0.0106864,-0.0713191,-0.0961565,14.4966,0.000203345,-1.90225e-16,-3.9294e-11,-1.90225e-16,0.000203345,4.7143e-11,-3.9294e-11,4.7143e-11,0.000203345,0
0.610813,0.282984,-1.66522,0.610917,0.282604,-1.66547,0.0108128,-0.0714155,-0.09622,14.6402,0.000202135,-1.20154e-16,-2.50141e-11,-1.20154e-16,0.000202135,3.00107e-11,-2.50141e-11,3.00107e-11,0.000202135,0
0.61082,0.282872,-1.66526,0.610851,0.282424,-1.6654,0.0108205,-0.0715285,-0.0962561,14.4254,0.000201364,-7.62541e-17,-1.59545e-11,-7.62541e-17,0.000201364,1.91414e-11,-1.59545e-11,1.91414e-11,0.000201364,0
0.610824,0.282714,-1.6654,0.610836,0.282087,-1.66595,0.0108237,-0.0716861,-0.096396,14.5748,0.000200872,-4.85404e-17,-1.01886e-11,-4.85404e-17,0.000200872,1.22238e-11,-1.01886e-11,1.22238e-11,0.000200872,0
0.610855,0.28265,-1.66548,0.610981,0.282394,-1.66581,0.0108553,-0.0717502,-0.0964799,14.5591,0.000200558,-3.0959e-17,-6.51162e-12,-3.0959e-17,0.000200558,7.81232e-12,-6.51162e-12,7.81232e-12,0.000200558,0
0.610902,0.28254,-1.66556,0.611086,0.282102,-1.66589,0.0108016,-0.0718599,-0.0965615,14.7416,0.000200357,-1.977e-17,-4.16372e-12,-1.977e-17,0.000200357,4.99543e-12,-4.16372e-12,4.99543e-12,0.000200357,0
0.610941,0.282501,-1.66561,0.611098,0.282345,-1.66581,0.010841,-0.071899,-0.0966121,14.6303,0.000200228,-1.2635e-17,-2.66326e-12,-1.2635e-17,0.000200228,3.19525e-12,-2.66326e-12,3.19525e-12,0.000200228,0
0.610966,0.28245,-1.66566,0.611064,0.282246,-1.66583,0.0108656,-0.07195,-0.0966561,14.6036,0.000200146,-8.07907e-18,-1.70386e-12,-8.07907e-18,0.000200146,2.04421e-12,-1.70386e-12,2.04421e-12,0.000200146,0
0.610997,0.28244,-1.66564,0.61112,0.282401,-1.66559,0.0108966,-0.0719597,-0.0966431,14.5515,0.000200093,-5.16762e-18,-1.09022e-12,-5.16762e-18,0.000200093,1.30799e-12,-1.09022e-12,1.30799e-12,0.000200093,0
0.610964,0.282511,-1.66559,0.610835,0.282792,-1.66537,0.0108642,-0.0718893,-0.0965883,14.568,0.00020006,-3.30605e-18,-6.97635e-13,-3.30605e-18,0.00020006,8.36989e-13,-6.97635e-13,8.36989e-13,0.00020006,0
0.611001,0.282417,-1.66569,0.61115,0.282044,-1.66609,0.0109015,-0.0719826,-0.0966882,14.7046,0.000200038,-2.11537e-18,-4.46444e-13,-2.11537e-18,0.000200038,5.35621e-13,-4.46444e-13,5.35621e-13,0.000200038,0
0.611006,0.28237,-1.66586,0.611024,0.282182,-1.66593,0.0109059,-0.0720298,-0.0968636,14.7955,0.000200025,-1.35363e-18,-2.85707e-13,-1.35363e-18,0.000200025,3.42777e-13,-2.85707e-13,3.42777e-13,0.000200025,0
0.611031,0.282377,-1.66576,0.611073,0.282357,-1.66567,0.0109309,-0.0720228,-0.0967611,14.6049,0.000200016,-1.86681e-14,-1.53294e-09,-1.86681e-14,0.000200016,1.8558e-09,-1.53294e-09,1.8558e-09,0.000200016,0
0.611027,0.282342,-1.66572,0.611059,0.282145,-1.66587,0.0109269,-0.0721576,-0.0967188,14.5844,0.00020001,3.5807e-15,-2.83642e-09,3.5807e-15,0.00020001,-3.45219e-10,-2.83642e-09,-3.45219e-10,0.00020001,0
0.611053,0.282579,-1.66563,0.611158,0.283526,-1.66529,0.0109531,-0.071921,-0.0966336,14.7947,0.000200006,1.79028e-15,-1.81528e-09,1.79028e-15,0.000200006,-2.20937e-10,-1.81528e-09,-2.20937e-10,0.000200006,0
0.611091,0.282495,-1.66603,0.611244,0.28216,-1.66759,0.0109913,-0.0720048,-0.0970251,14.4583,0.000200004,9.40428e-16,-1.16177e-09,9.40428e-16,0.000200004,-1.41398e-10,-1.16177e-09,-1.41398e-10,0.000200004,0
0.611105,0.282673,-1.6659,0.61116,0.283385,-1.6654,0.0110051,-0.0718268,-0.0968993,14.7214,0.000200003,5.17764e-16,-7.43526e-10,5.17764e-16,0.000200003,-9.04942e-11,-7.43526e-10,-9.04942e-11,0.000200003,0
0.611128,0.282549,-1.66629,0.611218,0.282053,-1.66788,0.0110278,-0.071951,-0.0972945,14.5873,0.000200002,2.96918e-16,-4.75855e-10,2.96918e-16,0.000200002,-5.7916e-11,-4.75855e-10,-5.7916e-11,0.000200002,0
0.611147,0.282456,-1.66668,0.611178,0.28214,-1.66793,0.0110474,-0.0720444,-0.0976842,14.6644,0.000200001,1.53209e-14,1.55179e-09,1.53209e-14,0.000200001,1.49448e-09,1.55179e-09,1.49448e-09,0.000200001,0
0.611173,0.282386,-1.6669,0.611274,0.282105,-1.66776,0.0110728,-0.0721145,-0.0978985,14.5729,0.000200001,8.61798e-15,9.93144e-10,8.61798e-15,0.000200001,9.56463e-10,9.93144e-10,9.56463e-10,0.000200001,0
0.611183,0.282595,-1.66649,0.611281,0.28348,-1.66519,0.0110829,-0.0718051,-0.0974927,14.8068,0.0002,-1.52219e-14,2.16632e-09,-1.52219e-14,0.0002,-1.24488e-09,2.16632e-09,-1.24488e-09,0.0002,0
0.61119,0.282472,-1.66678,0.611217,0.281982,-1.66793,0.0110898,-0.0719277,-0.0977803,14.5605,0.0002,-8.36124e-15,1.38644e-09,-8.36124e-15,0.0002,-7.9672e-10,1.38644e-09,-7.9672e-10,0.0002,0
0.611196,0.282575,-1.66662,0.611222,0.282988,-1.66596,0.0110961,-0.0719246,-0.0976154,14.8795,0.0002,-4.78564e-15,8.87324e-10,-4.78564e-15,0.0002,-5.09901e-10,8.87324e-10,-5.09901e-10,0.0002,0
0.611193,0.282422,-1.66687,0.611228,0.281753,-1.66818,0.0110929,-0.0720776,-0.0978651,14.4153,0.0002,1.40945e-14,-1.28869e-09,1.40945e-14,0.0002,-1.85757e-09,-1.28869e-09,-1.85757e-09,0.0002,0
0.611218,0.282552,-1.66673,0.61127,0.283131,-1.66586,0.011118,-0.0719475,-0.0977274,14.9281,0.0002,3.67491e-15,1.03244e-09,3.67491e-15,0.0002,3.4163e-10,1.03244e-09,3.4163e-10,0.0002,0
0.611208,0.2824,-1.66697,0.611171,0.281789,-1.66793,0.0111085,-0.0721002,-0.0979671,14.5847,0.0002,2.17136e-15,6.60762e-10,2.17136e-15,0.0002,2.18643e-10,6.60762e-10,2.18643e-10,0.0002,0
0.611232,0.28229,-1.66719,0.611328,0.281853,-1.66806,0.0111325,-0.0722096,-0.0981858,14.5992,0.0002,1.3157e-15,4.22887e-10,1.3157e-15,0.0002,1.39932e-10,4.22887e-10,1.39932e-10,0.0002,0
0.611219,0.282331,-1.66724,0.611164,0.282494,-1.66748,0.0111188,-0.0721689,-0.0982443,14.4098,0.0002,8.11749e-16,2.70648e-10,8.11749e-16,0.0002,8.95562e-11,2.70648e-10,8.95562e-11,0.0002,0
0.611244,0.282493,-1.66686,0.611286,0.283093,-1.66566,0.0111438,-0.072007,-0.0978648,14.6879,0.0002,-1.66085e-14,-1.35685e-09,-1.66085e-14,0.0002,1.91485e-09,-1.35685e-09,1.91485e-09,0.0002,0
0.611274,0.282353,-1.66711,0.611396,0.281792,-1.66809,0.0111741,-0.0721472,-0.0981095,14.517,0.0002,-9.29919e-15,-8.68384e-10,-9.29919e-15,0.0002,1.22551e-09,-8.68384e-10,1.22551e-09,0.0002,0
0.611482,0.286771,-1.66629,0.612312,0.304443,-1.66301,0.0113817,-0.0677291,-0.0972898,13.558,0.0002,-5.4066e-15,-5.55765e-10,-5.4066e-15,0.0002,7.84324e-10,-5.55765e-10,7.84324e-10,0.0002,62
0.61154,0.290665,-1.66516,0.611716,0.306191,-1.66096,0.0114401,-0.0638354,-0.0961605,13.4164,0.0002,-3.12742e-14,-1.88753e-09,-3.12742e-14,0.0002,2.35804e-09,-1.88753e-09,2.35804e-09,0.0002,62
0.611455,0.294082,-1.664,0.611175,0.307798,-1.65904,0.0113554,-0.0604183,-0.0949996,13.3552,0.0002,-6.51086e-15,3.2562e-10,-6.51086e-15,0.0002,-3.45441e-10,3.2562e-10,-3.45441e-10,0.0002,62
0.611315,0.297144,-1.6626,0.61081,0.309442,-1.65734,0.0112148,-0.057356,-0.0936048,13.2833,0.0002,-2.75464e-14,1.74448e-09,-2.75464e-14,0.0002,-2.07364e-09,1.74448e-09,-2.07364e-09,0.0002,62
0.611112,0.299931,-1.66112,0.610241,0.311029,-1.65549,0.0110116,-0.0545693,-0.0921191,13.2455,0.0002,-7.50377e-15,-4.22198e-10,-7.50377e-15,0.0002,5.23286e-10,-4.22198e-10,5.23286e-10,0.0002,62
0.610827,0.302421,-1.65964,0.609687,0.312383,-1.65375,0.0107266,-0.0520788,-0.0906448,13.1225,0.0002,-4.6893e-15,-2.70207e-10,-4.6893e-15,0.0002,3.34903e-10,-2.70207e-10,3.34903e-10,0.0002,62
0.610495,0.304705,-1.65809,0.609217,0.313782,-1.65217,0.0103949,-0.0497952,-0.0890858,13.0331,0.0002,1.4906e-14,-2.01879e-09,1.4906e-14,0.0002,-1.3298e-09,-2.01879e-09,-1.3298e-09,0.0002,62
0.610161,0.30675,-1.65671,0.608717,0.314939,-1.65056,0.0100605,-0.0477502,-0.0877068,13.0043,0.0002,-1.56282e-14,-9.94783e-10,-1.56282e-14,0.0002,2.53932e-09,-9.94783e-10,2.53932e-09,0.0002,62
0.609747,0.308699,-1.65511,0.608152,0.316543,-1.64906,0.00964733,-0.0458013,-0.0861148,12.9915,0.0002,-3.21351e-15,9.12891e-10,-3.21351e-15,0.0002,-2.16148e-10,9.12891e-10,-2.16148e-10,0.0002,62
0.609324,0.310482,-1.65364,0.607628,0.317614,-1.64772,0.0092235,-0.0440183,-0.0846351,12.9046,0.0002,-1.95562e-15,5.84251e-10,-1.95562e-15,0.0002,-1.38335e-10,5.84251e-10,-1.38335e-10,0.0002,62
0.608875,0.312151,-1.65215,0.607081,0.318829,-1.6462,0.00877503,-0.0423488,-0.0831473,12.6609,0.0002,-1.21021e-15,3.7392e-10,-1.21021e-15,0.0002,-8.85344e-11,3.7392e-10,-8.85344e-11,0.0002,62
0.60844,0.313763,-1.65064,0.606749,0.320153,-1.64491,0.00834012,-0.0407371,-0.0816355,12.6701,0.0002,1.62308e-14,-1.59492e-09,1.62308e-14,0.0002,-1.61459e-09,-1.59492e-09,-1.61459e-09,0.0002,62
0.608043,0.315221,-1.64933,0.606404,0.321109,-1.6438,0.00794266,-0.0392792,-0.0803323,12.5694,0.0002,4.95369e-15,8.1137e-10,4.95369e-15,0.0002,5.27072e-10,8.1137e-10,5.27072e-10,0.0002,62
0.607595,0.316612,-1.64793,0.605803,0.322177,-1.64234,0.0074947,-0.0378879,-0.0789332,12.4361,0.0002,2.95141e-15,5.19277e-10,2.95141e-15,0.0002,3.37326e-10,5.19277e-10,3.37326e-10,0.0002,62
0.607072,0.317838,-1.64621,0.60498,0.32274,-1.63931,0.00697168,-0.0366624,-0.0772082,12.5535,0.0002,1.79922e-15,3.32337e-10,1.79922e-15,0.0002,2.15889e-10,3.32337e-10,2.15889e-10,0.0002,61
0.606582,0.319056,-1.64453,0.604624,0.323929,-1.63781,0.00648216,-0.0354441,-0.0755288,12.6924,0.0002,1.11476e-15,2.12696e-10,1.11476e-15,0.0002,1.38169e-10,2.12696e-10,1.38169e-10,0.0002,62
0.606153,0.320234,-1.64298,0.604438,0.324946,-1.6368,0.00605328,-0.034266,-0.0739833,12.5633,0.0002,6.98402e-16,1.36125e-10,6.98402e-16,0.0002,8.8428e-11,1.36125e-10,8.8428e-11,0.0002,61
0.605688,0.321382,-1.64159,0.603879,0.325915,-1.63572,0.00558848,-0.0331184,-0.0725939,12.5545,0.0002,1.76701e-14,-1.733e-09,1.76701e-14,0.0002,-1.51779e-09,-1.733e-09,-1.51779e-09,0.0002,61
0.605278,0.322496,-1.64023,0.603637,0.326955,-1.63477,0.00517826,-0.0320037,-0.0712283,12.5324,0.0002,9.9621e-15,-1.10912e-09,9.9621e-15,0.0002,-9.71387e-10,-1.10912e-09,-9.71387e-10,0.0002,61
0.604837,0.323533,-1.63898,0.603071,0.327678,-1.63398,0.00473683,-0.0309673,-0.0699788,12.6084,0.0002,5.82412e-15,-7.09838e-10,5.82412e-15,0.0002,-6.21688e-10,-7.09838e-10,-6.21688e-10,0.0002,62
0.604449,0.324576,-1.63769,0.602897,0.328747,-1.63255,0.00434878,-0.0299245,-0.0686924,12.6898,0.0002,3.50149e-15,-4.54296e-10,3.50149e-15,0.0002,-3.9788e-10,-4.54296e-10,-3.9788e-10,0.0002,62
0.60403,0.325575,-1.63644,0.602411,0.329623,-1.63173,0.00392993,-0.0289249,-0.0674361,12.6415,0.0002,-1.58767e-14,1.29353e-09,-1.58767e-14,0.0002,-2.06616e-09,1.29353e-09,-2.06616e-09,0.0002,62
0.603667,0.326541,-1.63534,0.602158,0.330355,-1.63063,0.00356693,-0.0279589,-0.0663385,12.6028,0.0002,-4.03461e-15,-7.58408e-10,-4.03461e-15,0.0002,4.87434e-10,-7.58408e-10,4.87434e-10,0.0002,62
0.603309,0.327473,-1.63416,0.601827,0.331255,-1.62974,0.00320878,-0.0270275,-0.0651561,12.6191,0.0002,1.50938e-14,1.3224e-09,1.50938e-14,0.0002,1.9005e-09,1.3224e-09,1.9005e-09,0.0002,62
0.602944,0.328365,-1.63305,0.601542,0.331983,-1.62895,0.0028441,-0.0261353,-0.064051,12.622,0.0002,-7.8114e-15,2.43701e-09,-7.8114e-15,0.0002,-5.89583e-10,2.43701e-09,-5.89583e-10,0.0002,62
0.602617,0.329245,-1.63207,0.60131,0.332767,-1.62815,0.00251738,-0.0252549,-0.0630702,12.5334,0.0002,-4.26364e-15,1.55969e-09,-4.26364e-15,0.0002,-3.77333e-10,1.55969e-09,-3.77333e-10,0.0002,62
0.602297,0.330097,-1.63115,0.601017,0.333506,-1.62745,0.00219731,-0.0244027,-0.0621464,12.6185,0.0002,-2.42741e-15,9.98201e-10,-2.42741e-15,0.0002,-2.41493e-10,9.98201e-10,-2.41493e-10,0.0002,62
0.601998,0.330891,-1.6303,0.600803,0.334066,-1.6269,0.00189837,-0.023609,-0.0612974,12.4891,0.0002,-1.43012e-15,6.38849e-10,-1.43012e-15,0.0002,-1.54556e-10,6.38849e-10,-1.54556e-10,0.0002,62
0.601719,0.331622,-1.62946,0.600599,0.334544,-1.62612,0.00161859,-0.0228783,-0.0604629,12.2865,0.0002,-8.64723e-16,4.08863e-10,-8.64723e-16,0.0002,-9.89155e-11,4.08863e-10,-9.89155e-11,0.0002,62
0.601412,0.332362,-1.62864,0.600187,0.335321,-1.62535,0.00131229,-0.0221384,-0.0596404,12.2574,0.0002,-5.32716e-16,2.61672e-10,-5.32716e-16,0.0002,-6.33059e-11,2.61672e-10,-6.33059e-11,0.0002,62
0.601117,0.333047,-1.62795,0.599985,0.335735,-1.62485,0.00101689,-0.0214525,-0.0589463,12.2092,0.0002,1.72627e-14,-1.62988e-09,1.72627e-14,0.0002,-1.64084e-09,-1.62988e-09,-1.64084e-09,0.0002,62
0.600834,0.333663,-1.62725,0.599654,0.336179,-1.62413,0.000734274,-0.0208375,-0.0582475,12.2574,0.0002,5.21549e-15,7.53118e-10,5.21549e-15,0.0002,5.51435e-10,7.53118e-10,5.51435e-10,0.0002,62
0.600569,0.334334,-1.62647,0.599506,0.337022,-1.62337,0.00046856,-0.0201655,-0.0574723,12.1661,0.0002,3.12528e-15,4.81995e-10,3.12528e-15,0.0002,3.52919e-10,4.81995e-10,3.52919e-10,0.0002,62
0.600382,0.334819,-1.6258,0.599584,0.336811,-1.62342,0.000281665,-0.0196815,-0.0567985,12.2064,0.0002,2.6706e-14,2.1021e-09,2.6706e-14,0.0002,1.83037e-09,2.1021e-09,1.83037e-09,0.0002,62
0.600216,0.335306,-1.62524,0.599554,0.337256,-1.623,0.000116227,-0.019194,-0.056238,12.2102,0.0002,1.51218e-14,1.34535e-09,1.51218e-14,0.0002,1.17144e-09,1.34535e-09,1.17144e-09,0.0002,62
0.599997,0.335814,-1.62471,0.599122,0.337845,-1.62258,-0.000102589,-0.0186862,-0.0557056,12.1578,0.0002,8.87106e-15,8.61022e-10,8.87106e-15,0.0002,7.49722e-10,8.61022e-10,7.49722e-10,0.0002,62
0.599874,0.336228,-1.62423,0.599381,0.337887,-1.6223,-0.000225918,-0.0182716,-0.0552255,12.2447,0.0002,5.34697e-15,5.51054e-10,5.34697e-15,0.0002,4.79822e-10,5.51054e-10,4.79822e-10,0.0002,62
0.599708,0.336656,-1.62374,0.599045,0.338367,-1.62178,-0.000391814,-0.017844,-0.0547366,12.1077,0.0002,3.28668e-15,3.52674e-10,3.28668e-15,0.0002,3.07086e-10,3.52674e-10,3.07086e-10,0.0002,62
0.599523,0.337077,-1.62323,0.598785,0.33876,-1.62123,-0.000576547,-0.0174231,-0.0542348,12.0906,0.0002,2.04803e-15,2.25712e-10,2.04803e-15,0.0002,1.96535e-10,2.25712e-10,1.96535e-10,0.0002,62
0.599408,0.337456,-1.62283,0.598948,0.338972,-1.62122,-0.000691588,-0.0170441,-0.0538313,12.1144,0.0002,1.28803e-15,1.44455e-10,1.28803e-15,0.0002,1.25782e-10,1.44455e-10,1.25782e-10,0.0002,62
0.599236,0.337712,-1.62245,0.598549,0.338738,-1.62094,-0.000863509,-0.0167878,-0.0534522,12.1509,0.0002,8.15033e-16,9.24515e-11,8.15033e-16,0.0002,8.05007e-11,9.24515e-11,8.05007e-11,0.0002,62
0.599115,0.337997,-1.62208,0.59863,0.339135,-1.62061,-0.000984752,-0.0165032,-0.0530834,12.1733,0.0002,5.17811e-16,5.9169e-11,5.17811e-16,0.0002,5.15205e-11,5.9169e-11,5.15205e-11,0.0002,62
0.599042,0.338197,-1.62191,0.598801,0.338941,-1.6209,-0.00105767,-0.0163031,-0.0529109,12.1766,0.0002,1.84459e-14,-1.74896e-09,1.84459e-14,0.0002,-1.57911e-09,-1.74896e-09,-1.57911e-09,0.0002,61
0.59896,0.338338,-1.62164,0.598579,0.338957,-1.62087,-0.0011403,-0.0161623,-0.0526395,12.2052,0.0002,5.60273e-15,6.66958e-10,5.60273e-15,0.0002,6.02043e-10,6.66958e-10,6.02043e-10,0.0002,61
0.598864,0.338499,-1.62141,0.598479,0.339146,-1.62047,-0.00123635,-0.0160005,-0.0524054,12.1283,0.0002,3.38016e-15,4.26853e-10,3.38016e-15,0.0002,3.85308e-10,4.26853e-10,3.85308e-10,0.0002,61
0.598786,0.338623,-1.62126,0.598476,0.339116,-1.6207,-0.00131392,-0.0158773,-0.0522648,12.2309,0.0002,2.07909e-15,2.73186e-10,2.07909e-15,0.0002,2.46597e-10,2.73186e-10,2.46597e-10,0.0002,61
0.598724,0.338757,-1.62108,0.598474,0.339292,-1.62035,-0.0013764,-0.0157435,-0.0520817,12.1766,0.0002,1.29613e-15,1.74839e-10,1.29613e-15,0.0002,1.57822e-10,1.74839e-10,1.57822e-10,0.0002,61
0.598659,0.338887,-1.621,0.59845,0.339351,-1.62034,-0.00144124,-0.0156135,-0.0519977,12.2022,0.0002,1.73541e-14,-1.67331e-09,1.73541e-14,0.0002,-1.51286e-09,-1.67331e-09,-1.51286e-09,0.0002,61
0.598618,0.339026,-1.6208,0.598453,0.339584,-1.62002,-0.00148235,-0.0154739,-0.0518027,12.1858,0.0002,9.81052e-15,-1.07092e-09,9.81052e-15,0.0002,-9.68232e-10,-1.07092e-09,-9.68232e-10,0.0002,61
0.598541,0.339234,-1.62052,0.598179,0.340014,-1.61969,-0.00155888,-0.0152663,-0.0515167,12.3579,0.0002,-1.46213e-14,-2.30004e-09,-1.46213e-14,0.0002,1.16483e-09,-2.30004e-09,1.16483e-09,0.0002,64
0.598484,0.339408,-1.62037,0.598256,0.340107,-1.61978,-0.00161596,-0.0150915,-0.05137,12.387,0.0002,-7.98592e-15,-1.47202e-09,-7.98592e-15,0.0002,7.45493e-10,-1.47202e-09,7.45493e-10,0.0002,64
0.59846,0.339489,-1.6203,0.598366,0.339811,-1.62002,-0.00163966,-0.0150111,-0.0513006,12.3804,0.0002,-4.54913e-15,-9.42096e-10,-4.54913e-15,0.0002,4.77115e-10,-9.42096e-10,4.77115e-10,0.0002,64
0.598443,0.339448,-1.62029,0.598374,0.339284,-1.62026,-0.00165684,-0.0150521,-0.0512925,12.248,0.0002,-2.6813e-15,-6.02941e-10,-2.6813e-15,0.0002,3.05354e-10,-6.02941e-10,3.05354e-10,0.0002,61
0.598437,0.339483,-1.62021,0.598413,0.339624,-1.6199,-0.00166288,-0.015017,-0.0512138,12.2223,0.0002,-1.62177e-15,-3.85882e-10,-1.62177e-15,0.0002,1.95426e-10,-3.85882e-10,1.95426e-10,0.0002,61
0.598449,0.339528,-1.62018,0.598498,0.339707,-1.62003,-0.00165069,-0.0149721,-0.0511763,12.1967,0.0002,-9.99322e-16,-2.46965e-10,-9.99322e-16,0.0002,1.25073e-10,-2.46965e-10,1.25073e-10,0.0002,61
0.598449,0.339446,-1.62023,0.598446,0.339119,-1.62047,-0.00165143,-0.015054,-0.0512343,12.2112,0.0002,-6.23751e-16,-1.58057e-10,-6.23751e-16,0.0002,8.00467e-11,-1.58057e-10,8.00467e-11,0.0002,61
0.598416,0.339453,-1.62018,0.598283,0.339483,-1.61997,-0.00168446,-0.0150467,-0.0511819,12.1858,0.0002,-3.92723e-16,-1.01157e-10,-3.92723e-16,0.0002,5.12299e-11,-1.01157e-10,5.12299e-11,0.0002,61
0.598399,0.33944,-1.62017,0.598335,0.339387,-1.62012,-0.00170065,-0.0150599,-0.0511693,12.225,0.0002,-2.48689e-16,-6.47403e-11,-2.48689e-16,0.0002,3.27871e-11,-6.47403e-11,3.27871e-11,0.0002,61
0.598402,0.339409,-1.62018,0.59841,0.339284,-1.62022,-0.00169844,-0.0150912,-0.0511792,12.1796,0.0002,-1.58074e-16,-4.14338e-11,-1.58074e-16,0.0002,2.09838e-11,-4.14338e-11,2.09838e-11,0.0002,61
0.598384,0.339466,-1.62009,0.598315,0.339697,-1.61975,-0.00171578,-0.0150335,-0.051093,12.1717,0.0002,-1.00722e-16,-2.65176e-11,-1.00722e-16,0.0002,1.34296e-11,-2.65176e-11,1.34296e-11,0.0002,61
0.598323,0.339658,-1.61992,0.598078,0.340424,-1.61921,-0.00177698,-0.0148421,-0.0509161,12.2312,0.0002,-6.428e-17,-1.69713e-11,-6.428e-17,0.0002,8.59494e-12,-1.69713e-11,8.59494e-12,0.0002,62
0.598285,0.339862,-1.6198,0.598184,0.340621,-1.61903,-0.00181483,-0.0146384,-0.0508025,12.2341,0.0002,1.89213e-14,-1.79419e-09,1.89213e-14,0.0002,-1.61045e-09,-1.79419e-09,-1.61045e-09,0.0002,62
0.598277,0.339966,-1.61968,0.598246,0.340385,-1.61918,-0.00182276,-0.0145337,-0.0506781,12.3253,0.0002,1.06302e-14,-1.14828e-09,1.06302e-14,0.0002,-1.03069e-09,-1.14828e-09,-1.03069e-09,0.0002,62
0.598269,0.340054,-1.61963,0.598237,0.340402,-1.61944,-0.00183091,-0.0144465,-0.0506296,12.2807,0.0002,6.19739e-15,-7.34899e-10,6.19739e-15,0.0002,-6.59639e-10,-7.34899e-10,-6.59639e-10,0.0002,62
0.598235,0.34004,-1.61961,0.598101,0.339987,-1.61952,-0.00186457,-0.0144598,-0.0506076,12.2286,0.0002,3.71813e-15,-4.70335e-10,3.71813e-15,0.0002,-4.22169e-10,-4.70335e-10,-4.22169e-10,0.0002,61
0.59825,0.340014,-1.6196,0.598307,0.339911,-1.61956,-0.00185017,-0.0144855,-0.0505986,12.223,0.0002,2.27794e-15,-3.01015e-10,2.27794e-15,0.0002,-2.70188e-10,-3.01015e-10,-2.70188e-10,0.0002,61
0.598258,0.339988,-1.61964,0.598292,0.339881,-1.61981,-0.00184179,-0.0145123,-0.0506412,12.1873,0.0002,1.41624e-15,-1.92649e-10,1.41624e-15,0.0002,-1.72921e-10,-1.92649e-10,-1.72921e-10,0.0002,61
0.598271,0.339987,-1.61965,0.598322,0.339984,-1.6197,-0.00182913,-0.014513,-0.0506522,12.1858,0.0002,8.89338e-16,-1.23296e-10,8.89338e-16,0.0002,-1.10669e-10,-1.23296e-10,-1.10669e-10,0.0002,61
0.598301,0.339945,-1.61968,0.598424,0.339778,-1.61981,-0.00179856,-0.0145549,-0.0506846,12.2262,0.0002,5.6219e-16,-7.89092e-11,5.6219e-16,0.0002,-7.08282e-11,-7.89092e-11,-7.08282e-11,0.0002,61
0.598261,0.340038,-1.61958,0.598098,0.340411,-1.61914,-0.00183923,-0.0144618,-0.0505756,12.26,0.0002,3.5694e-16,-5.05019e-11,3.5694e-16,0.0002,-4.53301e-11,-5.05019e-11,-4.53301e-11,0.0002,62
0.598219,0.34013,-1.61949,0.598053,0.340497,-1.61916,-0.00198077,-0.0143701,-0.0504916,12.2821,0.0002,2.27269e-16,-3.23212e-11,2.27269e-16,0.0002,-2.90113e-11,-3.23212e-11,-2.90113e-11,0.0002,62
0.598175,0.340206,-1.61943,0.597998,0.340511,-1.61916,-0.00202508,-0.0142938,-0.0504254,12.2802,0.0002,1.44972e-16,-2.06856e-11,1.44972e-16,0.0002,-1.85672e-11,-2.06856e-11,-1.85672e-11,0.0002,62
0.598168,0.34025,-1.61937,0.598138,0.340426,-1.61913,-0.00193249,-0.0142499,-0.0503666,12.3061,0.0002,9.25857e-17,-1.32388e-11,9.25857e-17,0.0002,-1.1883e-11,-1.32388e-11,-1.1883e-11,0.0002,62
0.598141,0.34024,-1.61932,0.598033,0.340202,-1.61915,-0.00205936,-0.0142596,-0.0503224,12.2944,0.0002,5.91743e-17,-8.47281e-12,5.91743e-17,0.0002,-7.60513e-12,-8.47281e-12,-7.60513e-12,0.0002,62
0.59814,0.340296,-1.61929,0.598139,0.340516,-1.61915,-0.00205962,-0.0142045,-0.0502887,12.2889,0.0002,3.78385e-17,-5.4226e-12,3.78385e-17,0.0002,-4.86728e-12,-5.4226e-12,-4.86728e-12,0.0002,62
0.598122,0.340331,-1.61924,0.598047,0.34047,-1.61904,-0.00207828,-0.0141695,-0.0502392,12.2371,0.0002,2.42032e-17,-3.47046e-12,2.42032e-17,0.0002,-3.11506e-12,-3.47046e-12,-3.11506e-12,0.0002,62
0.598114,0.340229,-1.6193,0.598083,0.339824,-1.61956,-0.00208606,-0.0142707,-0.0503036,12.2145,0.0002,1.54845e-17,-2.2211e-12,1.54845e-17,0.0002,-1.99364e-12,-2.2211e-12,-1.99364e-12,0.0002,61
0.598142,0.340186,-1.61927,0.598198,0.339964,-1.61945,-0.0020582,-0.0143137,-0.0502684,12.2029,0.0002,-1.89076e-14,-1.61875e-09,-1.89076e-14,0.0002,1.7808e-09,-1.61875e-09,1.7808e-09,0.0002,61
0.598152,0.340104,-1.6193,0.598248,0.339828,-1.61973,-0.00204818,-0.0143955,-0.0502967,12.1967,0.0002,-5.32697e-15,5.81389e-10,-5.32697e-15,0.0002,-6.42308e-10,5.81389e-10,-6.42308e-10,0.0002,61
0.598159,0.340019,-1.61944,0.598135,0.33973,-1.61971,-0.00204142,-0.0144815,-0.0504428,12.3198,0.0002,1.48362e-14,2.15441e-09,1.48362e-14,0.0002,1.20598e-09,2.15441e-09,1.20598e-09,0.0002,62
0.598143,0.340027,-1.61945,0.59808,0.340061,-1.61947,-0.00205718,-0.0144729,-0.0504483,12.3088,0.0002,8.16491e-15,1.37882e-09,8.16491e-15,0.0002,7.71825e-10,1.37882e-09,7.71825e-10,0.0002,62
0.598151,0.339985,-1.6195,0.598184,0.339818,-1.61968,-0.002049,-0.0145147,-0.0504955,12.3311,0.0002,4.68067e-15,8.82448e-10,4.68067e-15,0.0002,4.93968e-10,8.82448e-10,4.93968e-10,0.0002,62
0.598186,0.33988,-1.61961,0.598325,0.339457,-1.62007,-0.00201428,-0.0146203,-0.05061,12.3535,0.0002,2.77245e-15,5.64766e-10,2.77245e-15,0.0002,3.16139e-10,5.64766e-10,3.16139e-10,0.0002,62
0.598213,0.339881,-1.6196,0.598322,0.339885,-1.61955,-0.0019871,-0.0146192,-0.0505984,12.323,0.0002,1.68295e-15,3.61451e-10,1.68295e-15,0.0002,2.02329e-10,3.61451e-10,2.02329e-10,0.0002,62
0.598209,0.339842,-1.6196,0.598194,0.339685,-1.61959,-0.00199093,-0.0146584,-0.0505971,12.334,0.0002,1.03964e-15,2.31328e-10,1.03964e-15,0.0002,1.29491e-10,2.31328e-10,1.29491e-10,0.0002,62
0.59825,0.339823,-1.61963,0.598415,0.339749,-1.61977,-0.00194981,-0.014677,-0.0506326,12.323,0.0002,6.50036e-16,1.4805e-10,6.50036e-16,0.0002,8.2874e-11,1.4805e-10,8.2874e-11,0.0002,62
0.598215,0.339903,-1.61957,0.598075,0.340224,-1.61932,-0.00198475,-0.0145968,-0.05057,12.2686,0.0002,4.09741e-16,9.47521e-11,4.09741e-16,0.0002,5.30394e-11,9.47521e-11,5.30394e-11,0.0002,62
0.598204,0.339993,-1.61954,0.598159,0.340354,-1.61942,-0.00199592,-0.0145067,-0.0505409,12.3058,0.0002,2.59661e-16,6.06413e-11,2.59661e-16,0.0002,3.39452e-11,6.06413e-11,3.39452e-11,0.0002,62
0.598178,0.340084,-1.61947,0.598073,0.340446,-1.61919,-0.00202209,-0.0144162,-0.0504712,12.2975,0.0002,1.65129e-16,3.88105e-11,1.65129e-16,0.0002,2.17249e-11,3.88105e-11,2.17249e-11,0.0002,62
0.598158,0.340189,-1.61938,0.598079,0.34061,-1.61903,-0.00204182,-0.0143109,-0.050382,12.2835,0.0002,1.05251e-16,2.48387e-11,1.05251e-16,0.0002,1.3904e-11,2.48387e-11,1.3904e-11,0.0002,62
0.598098,0.340238,-1.61934,0.597859,0.340433,-1.61918,-0.00210172,-0.0142621,-0.0503416,12.2889,0.0002,6.71838e-17,1.58968e-11,6.71838e-17,0.0002,8.89853e-12,1.58968e-11,8.89853e-12,0.0002,62
0.598156,0.340116,-1.61943,0.598385,0.339628,-1.61977,-0.00204439,-0.0143841,-0.0504281,12.2257,0.0002,4.29252e-17,1.01739e-11,4.29252e-17,0.0002,5.69506e-12,1.01739e-11,5.69506e-12,0.0002,61
0.598148,0.340137,-1.61942,0.598119,0.340224,-1.6194,-0.00205168,-0.0143625,-0.0504215,12.1807,0.0002,2.74425e-17,6.51131e-12,2.74425e-17,0.0002,3.64484e-12,6.51131e-12,3.64484e-12,0.0002,61
0.5982,0.340076,-1.61948,0.598407,0.339832,-1.61971,-0.00199992,-0.0144236,-0.0504801,12.1888,0.0002,1.7551e-17,4.16724e-12,1.7551e-17,0.0002,2.3327e-12,4.16724e-12,2.3327e-12,0.0002,61
0.598193,0.340002,-1.61951,0.598167,0.339703,-1.61965,-0.00200662,-0.0144983,-0.0505132,12.22,0.0002,1.12277e-17,2.66703e-12,1.12277e-17,0.0002,1.49293e-12,2.66703e-12,1.49293e-12,0.0002,61
0.598229,0.340021,-1.61957,0.598424,0.340042,-1.6195,-0.00197059,-0.0144791,-0.0505747,12.1858,0.0002,1.8891e-14,-1.78097e-09,1.8891e-14,0.0002,-1.61571e-09,-1.78097e-09,-1.61571e-09,0.0002,61
0.598242,0.340022,-1.61955,0.598294,0.340028,-1.61947,-0.00195769,-0.0144777,-0.0505533,12.2059,0.0002,1.06169e-14,-1.13982e-09,1.06169e-14,0.0002,-1.03406e-09,-1.13982e-09,-1.03406e-09,0.0002,61
0.598238,0.339972,-1.61957,0.598221,0.339771,-1.61964,-0.00196203,-0.0145279,-0.0505698,12.2401,0.0002,6.19137e-15,-7.29484e-10,6.19137e-15,0.0002,-6.61795e-10,-7.29484e-10,-6.61795e-10,0.0002,61
0.598251,0.339958,-1.61954,0.598195,0.339907,-1.61944,-0.00194937,-0.014542,-0.050544,12.1973,0.0002,-3.45935e-15,-3.0094e-10,-3.45935e-15,0.0002,2.9758e-09,-3.0094e-10,2.9758e-09,0.0002,61
0.598219,0.339957,-1.61954,0.598095,0.339951,-1.61953,-0.00198051,-0.0145434,-0.050542,12.2658,0.0002,-1.75547e-15,-1.92602e-10,-1.75547e-15,0.0002,1.90451e-09,-1.92602e-10,1.90451e-09,0.0002,61
0.598211,0.339909,-1.61954,0.598284,0.339714,-1.61955,-0.00198882,-0.0145908,-0.0505443,12.2145,0.0002,4.18712e-15,-2.891e-10,4.18712e-15,0.0002,-2.18046e-09,-2.891e-10,-2.18046e-09,0.0002,61
0.598177,0.339999,-1.61939,0.597984,0.340309,-1.61909,-0.00202314,-0.0145007,-0.0503909,12.2544,0.0002,-3.9134e-15,-1.80192e-09,-3.9134e-15,0.0002,3.86971e-10,-1.80192e-09,3.86971e-10,0.0002,62
0.598134,0.340114,-1.61932,0.597962,0.340572,-1.61903,-0.00206615,-0.0143861,-0.0503197,12.2404,0.0002,-2.14757e-15,-1.15323e-09,-2.14757e-15,0.0002,2.47661e-10,-1.15323e-09,2.47661e-10,0.0002,62
0.598135,0.340147,-1.61936,0.598087,0.340334,-1.61923,-0.00206542,-0.0143533,-0.0503649,12.2747,0.0002,1.17074e-14,1.0443e-09,1.17074e-14,0.0002,1.77552e-09,1.0443e-09,1.77552e-09,0.0002,62
0.600087,0.334357,-1.62547,0.607898,0.311198,-1.6499,-0.000112753,-0.020143,-0.0564719,12.9457,0.0002,6.54344e-15,6.68349e-10,6.54344e-15,0.0002,1.13633e-09,6.68349e-10,1.13633e-09,0.0002,46
0.601707,0.329635,-1.6305,0.608187,0.310746,-1.65063,0.00150712,-0.0248653,-0.0615042,12.8755,0.0002,3.79895e-15,4.27743e-10,3.79895e-15,0.0002,7.27251e-10,4.27743e-10,7.27251e-10,0.0002,46
0.603127,0.325684,-1.63475,0.608806,0.30988,-1.65174,0.00292684,-0.0288161,-0.0657505,12.7276,0.0002,2.27206e-15,2.73756e-10,2.27206e-15,0.0002,4.65441e-10,2.73756e-10,4.65441e-10,0.0002,45
0.602876,0.326756,-1.63379,0.601978,0.331037,-1.62996,0.00267581,-0.0277441,-0.0647918,12.6386,0.0002,1.90671e-15,-4.23091e-11,1.90671e-15,0.0002,-3.09855e-09,-4.23091e-11,-3.09855e-09,0.0002,63
0.602635,0.327751,-1.63287,0.601669,0.331732,-1.6292,0.00243452,-0.0267489,-0.0638739,12.6638,0.0002,1.15317e-15,-2.70778e-11,1.15317e-15,0.0002,-1.98307e-09,-2.70778e-11,-1.98307e-09,0.0002,63
0.602387,0.328687,-1.63202,0.601291,0.332438,-1.62861,0.00218714,-0.0258129,-0.0630204,12.4891,0.0002,3.27232e-15,1.93809e-10,3.27232e-15,0.0002,2.12767e-09,1.93809e-10,2.12767e-09,0.0002,61
0.602152,0.329573,-1.63117,0.601209,0.333118,-1.62779,0.00195154,-0.0249266,-0.0621745,12.5334,0.0002,1.88315e-15,1.24038e-10,1.88315e-15,0.0002,1.36171e-09,1.24038e-10,1.36171e-09,0.0002,61
0.601904,0.330382,-1.63035,0.600916,0.333618,-1.62704,0.0017045,-0.0241177,-0.0613481,12.3796,0.0002,1.11874e-15,7.9384e-11,1.11874e-15,0.0002,8.71493e-10,7.9384e-11,8.71493e-10,0.0002,61
0.601679,0.331164,-1.62954,0.600775,0.334292,-1.62631,0.00147853,-0.0233358,-0.0605413,12.3095,0.0002,6.80572e-16,5.08058e-11,6.80572e-16,0.0002,5.57756e-10,5.08058e-11,5.57756e-10,0.0002,61
0.601446,0.331821,-1.62883,0.600517,0.334448,-1.62598,0.00124616,-0.022679,-0.0598301,12.3388,0.0002,4.21057e-16,3.25157e-11,4.21057e-16,0.0002,3.56964e-10,3.25157e-11,3.56964e-10,0.0002,61
0.601244,0.33248,-1.62817,0.600436,0.335116,-1.62551,0.00104421,-0.02202,-0.0591661,12.2207,0.0002,2.63534e-16,2.081e-11,2.63534e-16,0.0002,2.28457e-10,2.081e-11,2.28457e-10,0.0002,61
0.600995,0.333043,-1.62753,0.599997,0.335293,-1.62499,0.000794783,-0.0214573,-0.0585302,12.082,0.0002,1.66228e-16,1.33184e-11,1.66228e-16,0.0002,1.46212e-10,1.33184e-11,1.46212e-10,0.0002,61
0.60082,0.333569,-1.62694,0.600229,0.335671,-1.62458,0.000620369,-0.0209305,-0.0579408,12.1486,0.0002,4.10012e-15,-1.8446e-10,4.10012e-15,0.0002,-3.30434e-09,-1.8446e-10,-3.30434e-09,0.0002,61
0.600632,0.334207,-1.62619,0.599831,0.336811,-1.62351,0.000432451,-0.0202934,-0.0571917,12.2121,0.0002,-4.94905e-15,1.67632e-09,-4.94905e-15,0.0002,-5.11111e-10,1.67632e-09,-5.11111e-10,0.0002,62
0.600453,0.334754,-1.62567,0.599684,0.336997,-1.62325,0.000252734,-0.0197464,-0.0566675,12.1978,0.0002,2.36062e-14,2.86628e-09,2.36062e-14,0.0002,1.27761e-09,2.86628e-09,1.27761e-09,0.0002,62
0.600252,0.335295,-1.62503,0.599497,0.337407,-1.62278,5.16245e-05,-0.0192046,-0.0560271,12.2552,0.0002,3.17187e-15,4.20833e-11,3.17187e-15,0.0002,-7.88277e-10,4.20833e-11,-7.88277e-10,0.0002,62
0.600026,0.335807,-1.62449,0.599175,0.337795,-1.62205,-0.000173723,-0.0186934,-0.0554944,12.1953,0.0002,2.65859e-14,-1.76463e-09,2.65859e-14,0.0002,-2.11131e-09,-1.76463e-09,-2.11131e-09,0.0002,62
0.599867,0.336165,-1.62413,0.599179,0.337656,-1.62233,-0.000333216,-0.0183346,-0.0551256,12.2724,0.0002,6.20616e-15,6.61343e-10,6.20616e-15,0.0002,2.56529e-10,6.61343e-10,2.56529e-10,0.0002,62
0.599702,0.336668,-1.62356,0.599041,0.33868,-1.62132,-0.000498411,-0.0178317,-0.0545642,12.2039,0.0002,3.88508e-15,4.23259e-10,3.88508e-15,0.0002,1.64178e-10,4.23259e-10,1.64178e-10,0.0002,62
0.599486,0.33708,-1.62312,0.598622,0.338728,-1.62134,-0.000714289,-0.0174199,-0.0541187,12.1834,0.0002,2.45087e-15,2.70886e-10,2.45087e-15,0.0002,1.05074e-10,2.70886e-10,1.05074e-10,0.0002,62
0.599323,0.337502,-1.62263,0.598672,0.339192,-1.62066,-0.000876933,-0.0169976,-0.0536264,12.1725,0.0002,1.55399e-15,1.73367e-10,1.55399e-15,0.0002,6.72475e-11,1.73367e-10,6.72475e-11,0.0002,62
0.599188,0.337835,-1.62223,0.598646,0.339166,-1.62062,-0.00101244,-0.0166649,-0.053226,12.261,0.0002,9.88582e-16,1.10955e-10,9.88582e-16,0.0002,4.30384e-11,1.10955e-10,4.30384e-11,0.0002,62
0.599046,0.33819,-1.6218,0.598481,0.339611,-1.62009,-0.00115382,-0.0163098,-0.0527995,12.1927,0.0002,6.30247e-16,7.10112e-11,6.30247e-16,0.0002,2.75446e-11,7.10112e-11,2.75446e-11,0.0002,62
0.598975,0.338456,-1.62141,0.598636,0.339467,-1.62018,-0.00122473,-0.0160444,-0.0524125,12.2557,0.0002,-1.81565e-14,-1.56742e-09,-1.81565e-14,0.0002,1.80374e-09,-1.56742e-09,1.80374e-09,0.0002,62
0.5989,0.33862,-1.62122,0.5986,0.339275,-1.62044,-0.00129981,-0.0158805,-0.052217,12.316,0.0002,-1.01726e-14,-1.00315e-09,-1.01726e-14,0.0002,1.15439e-09,-1.00315e-09,1.15439e-09,0.0002,62
0.59881,0.338823,-1.62104,0.598447,0.339637,-1.62032,-0.00139038,-0.015677,-0.0520374,12.3081,0.0002,-5.91758e-15,-6.42017e-10,-5.91758e-15,0.0002,7.38811e-10,-6.42017e-10,7.38811e-10,0.0002,62
0.598749,0.339043,-1.62077,0.598507,0.339924,-1.61972,-0.00145081,-0.0154568,-0.0517733,12.2478,0.0002,-3.5444e-15,-4.10891e-10,-3.5444e-15,0.0002,4.72839e-10,-4.10891e-10,4.72839e-10,0.0002,62
0.598696,0.339233,-1.62059,0.598485,0.339991,-1.61985,-0.00150374,-0.0152671,-0.0515877,12.2736,0.0002,-2.16894e-15,-2.6297e-10,-2.16894e-15,0.0002,3.02617e-10,-2.6297e-10,3.02617e-10,0.0002,62
0.598661,0.339376,-1.62042,0.598522,0.33995,-1.61975,-0.00153853,-0.0151237,-0.0514203,12.2478,0.0002,-1.34738e-15,-1.68301e-10,-1.34738e-15,0.0002,1.93675e-10,-1.68301e-10,1.93675e-10,0.0002,62
0.598556,0.339556,-1.62018,0.598136,0.340273,-1.61921,-0.00164361,-0.0149444,-0.0511779,12.2736,0.0002,-8.45632e-16,-1.07713e-10,-8.45632e-16,0.0002,1.23952e-10,-1.07713e-10,1.23952e-10,0.0002,62
0.598492,0.339745,-1.61997,0.598236,0.340505,-1.61916,-0.00170774,-0.0147546,-0.0509735,12.2391,0.0002,-5.34369e-16,-6.8936e-11,-5.34369e-16,0.0002,7.93292e-11,-6.8936e-11,7.93292e-11,0.0002,62
0.598433,0.339883,-1.61977,0.598194,0.340431,-1.61897,-0.00176745,-0.0146174,-0.0507734,12.2564,0.0002,-3.39196e-16,-4.4119e-11,-3.39196e-16,0.0002,5.07707e-11,-4.4119e-11,5.07707e-11,0.0002,62
0.598387,0.339976,-1.61967,0.598204,0.340349,-1.61925,-0.00181306,-0.0145242,-0.0506684,12.2508,0.0002,-2.15939e-16,-2.82362e-11,-2.15939e-16,0.0002,3.24933e-11,-2.82362e-11,3.24933e-11,0.0002,62
0.598345,0.34005,-1.61958,0.598178,0.340347,-1.61924,-0.00185492,-0.0144499,-0.0505819,12.2997,0.0002,-1.37731e-16,-1.80712e-11,-1.37731e-16,0.0002,2.07957e-11,-1.80712e-11,2.07957e-11,0.0002,62
0.598282,0.340134,-1.61949,0.598031,0.34047,-1.61912,-0.0019177,-0.0143659,-0.0504887,12.328,0.0002,-8.79554e-17,-1.15655e-11,-8.79554e-17,0.0002,1.33092e-11,-1.15655e-11,1.33092e-11,0.0002,62
0.598261,0.340172,-1.61943,0.598174,0.340325,-1.61919,-0.00193934,-0.0143276,-0.0504299,12.2513,0.0002,-5.62127e-17,-7.40195e-12,-5.62127e-17,0.0002,8.51791e-12,-7.40195e-12,8.51791e-12,0.0002,62
0.598228,0.34023,-1.61938,0.598099,0.340459,-1.61916,-0.00197173,-0.0142702,-0.0503756,12.2686,0.0002,-3.59438e-17,-4.73725e-12,-3.59438e-17,0.0002,5.45146e-12,-4.73725e-12,5.45146e-12,0.0002,62
0.598225,0.34029,-1.61937,0.598156,0.340479,-1.61903,-0.00197496,-0.0142102,-0.0503699,12.3081,0.0002,-1.9009e-14,-1.61994e-09,-1.9009e-14,0.0002,1.78594e-09,-1.61994e-09,1.78594e-09,0.0002,62
0.598213,0.340179,-1.61933,0.598114,0.339793,-1.61948,-0.0019871,-0.0143208,-0.0503278,12.2029,0.0002,1.05947e-14,7.45421e-10,1.05947e-14,0.0002,2.76021e-09,7.45421e-10,2.76021e-09,0.0002,61
0.598167,0.340273,-1.61934,0.598032,0.340593,-1.61909,-0.0020334,-0.0142268,-0.0503447,12.2544,0.0002,-1.0844e-15,-1.3053e-09,-1.0844e-15,0.0002,1.49535e-10,-1.3053e-09,1.49535e-10,0.0002,62
0.598185,0.34033,-1.61924,0.598257,0.340555,-1.61883,-0.00201541,-0.0141704,-0.0502409,12.3397,0.0002,-5.94078e-16,-8.35395e-10,-5.94078e-16,0.0002,9.57025e-11,-8.35395e-10,9.57025e-11,0.0002,62
0.59817,0.340405,-1.61918,0.598111,0.340707,-1.61892,-0.00203007,-0.0140951,-0.050177,12.2772,0.0002,-3.39276e-16,-5.34653e-10,-3.39276e-16,0.0002,6.12496e-11,-5.34653e-10,6.12496e-11,0.0002,62
0.598162,0.340484,-1.61909,0.598133,0.340798,-1.61876,-0.00203754,-0.0140164,-0.0500944,12.3112,0.0002,-2.0037e-16,-3.42178e-10,-2.0037e-16,0.0002,3.91997e-11,-3.42178e-10,3.91997e-11,0.0002,62
0.598106,0.340539,-1.61904,0.597883,0.340759,-1.61884,-0.00209353,-0.0139613,-0.0500439,12.2772,0.0002,-1.21369e-16,-2.18994e-10,-1.21369e-16,0.0002,2.50878e-11,-2.18994e-10,2.50878e-11,0.0002,62
0.598088,0.340593,-1.61898,0.598012,0.340811,-1.61871,-0.00211244,-0.0139069,-0.0499774,12.2681,0.0002,-7.48633e-17,-1.40156e-10,-7.48633e-17,0.0002,1.60562e-11,-1.40156e-10,1.60562e-11,0.0002,62
0.598066,0.340576,-1.61889,0.598033,0.340557,-1.61883,-0.00213441,-0.0139241,-0.0498853,12.2095,0.0002,-1.78046e-14,1.5282e-09,-1.78046e-14,0.0002,-1.77127e-09,1.5282e-09,-1.77127e-09,0.0002,62
0.59805,0.340651,-1.61889,0.597939,0.341007,-1.61858,-0.00214965,-0.0138491,-0.0498878,12.2798,0.0002,6.03569e-15,2.75971e-09,6.03569e-15,0.0002,4.8417e-10,2.75971e-09,4.8417e-10,0.0002,62
0.598021,0.340697,-1.61884,0.597906,0.34088,-1.61867,-0.00217855,-0.0138032,-0.0498439,12.2571,0.0002,3.17872e-15,1.76621e-09,3.17872e-15,0.0002,3.09869e-10,1.76621e-09,3.09869e-10,0.0002,62
0.598076,0.340661,-1.61881,0.598238,0.340467,-1.61901,-0.00212413,-0.0138389,-0.0498127,12.323,0.0002,-6.05375e-15,-4.87766e-10,-6.05375e-15,0.0002,1.97965e-09,-4.87766e-10,1.97965e-09,0.0002,62
0.598061,0.340691,-1.6188,0.598001,0.340813,-1.61876,-0.00213903,-0.0138085,-0.0498027,12.2909,0.0002,-3.38001e-15,-3.1217e-10,-3.38001e-15,0.0002,1.26698e-09,-3.1217e-10,1.26698e-09,0.0002,62
0.598069,0.34071,-1.61891,0.598149,0.340729,-1.61903,-0.00213149,-0.0137899,-0.0499107,12.3233,0.0002,9.59623e-15,-1.98131e-09,9.59623e-15,0.0002,-8.07068e-10,-1.98131e-09,-8.07068e-10,0.0002,62
0.598061,0.340728,-1.6189,0.598032,0.340801,-1.61886,-0.00213871,-0.0137718,-0.0499002,12.2858,0.0002,5.32287e-15,-1.26804e-09,5.32287e-15,0.0002,-5.16524e-10,-1.26804e-09,-5.16524e-10,0.0002,62
0.598053,0.340667,-1.61893,0.598022,0.340422,-1.61905,-0.00214652,-0.0138329,-0.0499293,12.2544,0.0002,3.07129e-15,-8.11546e-10,3.07129e-15,0.0002,-3.30575e-10,-8.11546e-10,-3.30575e-10,0.0002,62
0.598072,0.340684,-1.61889,0.598145,0.340753,-1.61873,-0.00212829,-0.0138158,-0.0498897,12.3052,0.0002,1.82827e-15,-5.19389e-10,1.82827e-15,0.0002,-2.11568e-10,-5.19389e-10,-2.11568e-10,0.0002,62
0.598039,0.340706,-1.6188,0.597965,0.340844,-1.61876,-0.00216073,-0.0137939,-0.0498,12.4041,0.0002,-1.53539e-14,1.28565e-09,-1.53539e-14,0.0002,-1.91681e-09,1.28565e-09,-1.91681e-09,0.0002,63
0.598038,0.340663,-1.61882,0.598035,0.340492,-1.61888,-0.00216165,-0.0138368,-0.0498158,12.4361,0.0002,-8.56472e-15,8.22817e-10,-8.56472e-15,0.0002,-1.22676e-09,8.22817e-10,-1.22676e-09,0.0002,63
0.598058,0.340695,-1.6188,0.598136,0.340822,-1.61872,-0.00214203,-0.0138051,-0.049796,12.2793,0.0002,-4.96461e-15,5.26603e-10,-4.96461e-15,0.0002,-7.85126e-10,5.26603e-10,-7.85126e-10,0.0002,62
0.598055,0.340606,-1.61886,0.598044,0.340249,-1.61913,-0.00214473,-0.0138943,-0.0498624,12.2944,0.0002,-2.96566e-15,3.37026e-10,-2.96566e-15,0.0002,-5.02481e-10,3.37026e-10,-5.02481e-10,0.0002,62
0.598035,0.340673,-1.61886,0.597905,0.340999,-1.61853,-0.00216466,-0.0138269,-0.0498596,12.2874,0.0002,1.56342e-14,1.99732e-09,1.56342e-14,0.0002,1.29624e-09,1.99732e-09,1.29624e-09,0.0002,62
0.598051,0.340738,-1.61874,0.598164,0.34094,-1.61858,-0.00214906,-0.0136623,-0.0497395,12.2879,0.0002,4.32435e-15,-5.03077e-10,4.32435e-15,0.0002,-7.88522e-10,-5.03077e-10,-7.88522e-10,0.0002,62
0.598028,0.340722,-1.61881,0.597884,0.340717,-1.61879,-0.00217238,-0.0137776,-0.0498132,12.2716,0.0002,1.21619e-14,1.45945e-09,1.21619e-14,0.0002,1.11339e-09,1.45945e-09,1.11339e-09,0.0002,62
0.597995,0.34076,-1.61873,0.597913,0.340855,-1.61871,-0.0022054,-0.01374,-0.049729,12.2996,0.0002,7.61905e-15,-8.47235e-10,7.61905e-15,0.0002,-9.05627e-10,-8.47235e-10,-9.05627e-10,0.0002,62
0.598,0.340712,-1.6188,0.59797,0.340576,-1.61876,-0.00220012,-0.013788,-0.0497983,12.26,0.0002,1.08658e-14,1.23918e-09,1.08658e-14,0.0002,1.03846e-09,1.23918e-09,1.03846e-09,0.0002,62
0.59802,0.340767,-1.61869,0.598151,0.340932,-1.61859,-0.00218004,-0.0137328,-0.0496933,12.3112,0.0002,9.02034e-15,-9.88189e-10,9.02034e-15,0.0002,-9.53607e-10,-9.88189e-10,-9.53607e-10,0.0002,62
0.598008,0.340805,-1.61865,0.59796,0.340954,-1.61847,-0.00219204,-0.0136954,-0.0496481,12.3284,0.0002,5.29054e-15,-6.32441e-10,5.29054e-15,0.0002,-6.10309e-10,-6.32441e-10,-6.10309e-10,0.0002,62
0.598056,0.340824,-1.61869,0.598249,0.340902,-1.61887,-0.00214378,-0.0135759,-0.0496927,12.3768,0.0002,3.18832e-15,-4.04762e-10,3.18832e-15,0.0002,-3.90597e-10,-4.04762e-10,-3.90597e-10,0.0002,62
0.598054,0.340814,-1.6187,0.598047,0.340775,-1.61871,-0.00214572,-0.0135858,-0.0496967,12.2939,0.0002,1.95958e-15,-2.59048e-10,1.95958e-15,0.0002,-2.49982e-10,-2.59048e-10,-2.49982e-10,0.0002,62
0.598061,0.340692,-1.61884,0.598039,0.340261,-1.61908,-0.00213857,-0.0137076,-0.0498361,12.1808,0.0002,1.65062e-14,1.61556e-09,1.65062e-14,0.0002,1.45813e-09,1.61556e-09,1.45813e-09,0.0002,61
0.598081,0.340577,-1.61888,0.598103,0.340066,-1.61936,-0.00211918,-0.0138228,-0.0498764,12.2065,0.0002,-7.3812e-15,-5.84196e-10,-7.3812e-15,0.0002,2.71453e-09,-5.84196e-10,2.71453e-09,0.0002,61
0.598105,0.340443,-1.61891,0.598258,0.339959,-1.61937,-0.00209497,-0.0139567,-0.0499126,12.1858,0.0002,-9.347e-18,1.2442e-09,-9.347e-18,0.0002,-4.40897e-11,1.2442e-09,-4.40897e-11,0.0002,61
0.598093,0.340444,-1.61895,0.598047,0.340447,-1.61912,-0.00210653,-0.013956,-0.049954,12.3117,0.0002,2.21044e-17,7.96287e-10,2.21044e-17,0.0002,-2.82174e-11,7.96287e-10,-2.82174e-11,0.0002,62
0.598085,0.340603,-1.61895,0.598101,0.341183,-1.6186,-0.00211523,-0.013897,-0.049947,12.2737,0.0002,1.37418e-14,-1.27215e-09,1.37418e-14,0.0002,-1.63572e-09,-1.27215e-09,-1.63572e-09,0.0002,62
0.598073,0.340621,-1.61892,0.598024,0.340692,-1.61882,-0.00212741,-0.0138792,-0.0499223,12.2685,0.0002,7.72935e-15,-8.14173e-10,7.72935e-15,0.0002,-1.04686e-09,-8.14173e-10,-1.04686e-09,0.0002,62
0.59805,0.340672,-1.61887,0.59796,0.340877,-1.61867,-0.00215,-0.0137281,-0.0498719,12.2996,0.0002,4.51039e-15,-5.21071e-10,4.51039e-15,0.0002,-6.69992e-10,-5.21071e-10,-6.69992e-10,0.0002,62
0.598079,0.340631,-1.61892,0.598195,0.340466,-1.61913,-0.00212107,-0.0138693,-0.0499227,12.2772,0.0002,2.7079e-15,-3.33485e-10,2.7079e-15,0.0002,-4.28795e-10,-3.33485e-10,-4.28795e-10,0.0002,62
0.59814,0.340542,-1.61901,0.598382,0.340188,-1.61934,-0.00206044,-0.0139579,-0.0500062,12.2316,0.0002,1.65984e-15,-2.13431e-10,1.65984e-15,0.0002,-2.74429e-10,-2.13431e-10,-2.74429e-10,0.0002,61
0.598111,0.340529,-1.61902,0.597998,0.340477,-1.61908,-0.00208871,-0.0139709,-0.0500211,12.0753,0.0002,1.03231e-15,-1.36596e-10,1.03231e-15,0.0002,-1.75634e-10,-1.36596e-10,-1.75634e-10,0.0002,61
0.59812,0.340517,-1.61901,0.598155,0.340467,-1.61899,-0.00208001,-0.0139833,-0.050014,12.2006,0.0002,6.48396e-16,-8.74212e-11,6.48396e-16,0.0002,-1.12406e-10,-8.74212e-11,-1.12406e-10,0.0002,61
0.598166,0.340437,-1.61917,0.598302,0.340175,-1.61947,-0.00203359,-0.0140627,-0.0501679,12.1723,0.0002,1.78897e-14,1.72592e-09,1.78897e-14,0.0002,1.54562e-09,1.72592e-09,1.54562e-09,0.0002,61
0.598158,0.340411,-1.61914,0.598126,0.340306,-1.61905,-0.00204168,-0.014089,-0.0501444,12.1924,0.0002,1.00836e-14,1.10459e-09,1.00836e-14,0.0002,9.89195e-10,1.10459e-09,9.89195e-10,0.0002,61
0.598187,0.340333,-1.6192,0.5983,0.34002,-1.61941,-0.00201328,-0.0141673,-0.0501977,12.2348,0.0002,5.89406e-15,7.06936e-10,5.89406e-15,0.0002,6.33085e-10,7.06936e-10,6.33085e-10,0.0002,61
0.598192,0.340347,-1.61921,0.598211,0.340406,-1.61927,-0.00200833,-0.0141527,-0.0502127,12.3233,0.0002,3.54305e-15,4.52439e-10,3.54305e-15,0.0002,4.05174e-10,4.52439e-10,4.05174e-10,0.0002,62
0.598165,0.340463,-1.61913,0.598057,0.340927,-1.61879,-0.00203534,-0.0140367,-0.0501282,12.2772,0.0002,2.1737e-15,2.89561e-10,2.1737e-15,0.0002,2.59311e-10,2.89561e-10,2.59311e-10,0.0002,62
0.598194,0.34046,-1.61913,0.598309,0.340447,-1.61913,-0.00200644,-0.01404,-0.0501283,12.2492,0.0002,1.35272e-15,1.85319e-10,1.35272e-15,0.0002,1.65959e-10,1.85319e-10,1.65959e-10,0.0002,62
0.598154,0.34045,-1.6191,0.597997,0.340409,-1.61899,-0.00204577,-0.0140503,-0.0500999,12.3007,0.0002,8.49995e-16,1.18604e-10,8.49995e-16,0.0002,1.06214e-10,1.18604e-10,1.06214e-10,0.0002,62
0.598143,0.340545,-1.61904,0.598097,0.340925,-1.61882,-0.00205719,-0.0139553,-0.0500442,12.3219,0.0002,5.37547e-16,7.59066e-11,5.37547e-16,0.0002,6.79769e-11,7.59066e-11,6.79769e-11,0.0002,62
0.59816,0.340439,-1.61913,0.598227,0.340015,-1.61945,-0.00204032,-0.0140613,-0.0501252,12.2316,0.0002,3.41388e-16,4.85802e-11,3.41388e-16,0.0002,4.35052e-11,4.85802e-11,4.35052e-11,0.0002,61
0.598167,0.340349,-1.61912,0.598139,0.339937,-1.61944,-0.00203334,-0.0141515,-0.0501237,12.2059,0.0002,-1.86297e-14,-1.58655e-09,-1.86297e-14,0.0002,1.80963e-09,-1.58655e-09,1.80963e-09,0.0002,61
0.598146,0.340312,-1.61923,0.59812,0.340219,-1.61934,-0.00205383,-0.0141875,-0.0502311,12.192,0.0002,-5.20016e-15,6.01969e-10,-5.20016e-15,0.0002,-6.23879e-10,6.01969e-10,-6.23879e-10,0.0002,61
0.598146,0.340384,-1.61914,0.598146,0.340669,-1.61876,-0.0020538,-0.0141163,-0.0501377,12.3147,0.0002,-3.13581e-15,3.8526e-10,-3.13581e-15,0.0002,-3.99283e-10,3.8526e-10,-3.99283e-10,0.0002,62
0.59816,0.340439,-1.61911,0.598214,0.340662,-1.61901,-0.00204016,-0.0140606,-0.0501117,12.2662,0.0002,-1.92816e-15,2.46567e-10,-1.92816e-15,0.0002,-2.55541e-10,2.46567e-10,-2.55541e-10,0.0002,62
0.598151,0.340392,-1.61912,0.598115,0.340201,-1.61918,-0.00204914,-0.0141083,-0.0501249,12.2351,0.0002,-1.20176e-15,1.57803e-10,-1.20176e-15,0.0002,-1.63546e-10,1.57803e-10,-1.63546e-10,0.0002,61
0.59815,0.34026,-1.61924,0.598145,0.339734,-1.61968,-0.00205033,-0.0142399,-0.0502365,12.2456,0.0002,-7.55915e-16,1.00994e-10,-7.55915e-16,0.0002,-1.0467e-10,1.00994e-10,-1.0467e-10,0.0002,61
0.598172,0.340161,-1.61933,0.59826,0.339762,-1.61972,-0.00202827,-0.0143395,-0.0503338,12.2742,0.0002,-4.78373e-16,6.46359e-11,-4.78373e-16,0.0002,-6.69885e-11,6.46359e-11,-6.69885e-11,0.0002,61
0.598231,0.340137,-1.61936,0.598466,0.340044,-1.61948,-0.00196932,-0.0143627,-0.0503624,12.1858,0.0002,-3.03942e-16,4.1367e-11,-3.03942e-16,0.0002,-4.28726e-11,4.1367e-11,-4.28726e-11,0.0002,61
0.598247,0.340067,-1.61943,0.598314,0.339787,-1.61972,-0.00195255,-0.0144328,-0.0504335,12.2371,0.0002,-1.93615e-16,2.64749e-11,-1.93615e-16,0.0002,-2.74385e-11,2.64749e-11,-2.74385e-11,0.0002,61
0.598254,0.340015,-1.61949,0.59828,0.339806,-1.61972,-0.001946,-0.0144851,-0.0504898,12.2006,0.0002,-1.23542e-16,1.69439e-11,-1.23542e-16,0.0002,-1.75606e-11,1.69439e-11,-1.75606e-11,0.0002,61
0.598259,0.34003,-1.61942,0.598223,0.340039,-1.61946,-0.00194113,-0.0144701,-0.050421,12.1744,0.0002,-1.87465e-14,-1.60615e-09,-1.87465e-14,0.0002,1.77114e-09,-1.60615e-09,1.77114e-09,0.0002,61
0.598286,0.339891,-1.61963,0.598452,0.339388,-1.62017,-0.00191363,-0.0146085,-0.0506344,12.217,0.0002,-5.40284e-15,5.88897e-10,-5.40284e-15,0.0002,-6.48995e-10,5.88897e-10,-6.48995e-10,0.0002,61
0.598315,0.339858,-1.61974,0.59848,0.339669,-1.61987,-0.00188497,-0.0146419,-0.0507443,12.1967,0.0002,1.65121e-14,-1.40598e-09,1.65121e-14,0.0002,-2.03181e-09,-1.40598e-09,-2.03181e-09,0.0002,61
0.598311,0.339882,-1.61972,0.598293,0.339975,-1.61963,-0.00188929,-0.0146185,-0.0507217,12.1632,0.0002,9.10513e-15,-8.99824e-10,9.10513e-15,0.0002,-1.30036e-09,-8.99824e-10,-1.30036e-09,0.0002,61
0.598313,0.339975,-1.6196,0.598266,0.340296,-1.61942,-0.00188716,-0.0145255,-0.0505987,12.2802,0.0002,-1.15932e-14,-2.19247e-09,-1.15932e-14,0.0002,9.50526e-10,-2.19247e-09,9.50526e-10,0.0002,62
0.598276,0.340105,-1.61947,0.598129,0.340625,-1.61896,-0.00192395,-0.0143954,-0.0504707,12.2686,0.0002,-6.35266e-15,-1.40318e-09,-6.35266e-15,0.0002,6.08337e-10,-1.40318e-09,6.08337e-10,0.0002,62
0.598262,0.3402,-1.61938,0.598204,0.34058,-1.61901,-0.00193831,-0.0143003,-0.0503789,12.2889,0.0002,-3.62866e-15,-8.98034e-10,-3.62866e-15,0.0002,3.89335e-10,-8.98034e-10,3.89335e-10,0.0002,62
0.598225,0.340272,-1.61931,0.598081,0.340559,-1.61903,-0.00197454,-0.0142284,-0.0503089,12.2576,0.0002,-2.14333e-15,-5.74742e-10,-2.14333e-15,0.0002,2.49175e-10,-5.74742e-10,2.49175e-10,0.0002,62
0.598227,0.340273,-1.61927,0.598231,0.340278,-1.6191,-0.00197333,-0.0142271,-0.050267,12.3025,0.0002,-1.29841e-15,-3.67835e-10,-1.29841e-15,0.0002,1.59472e-10,-3.67835e-10,1.59472e-10,0.0002,62
0.598241,0.340283,-1.61926,0.598298,0.340326,-1.61924,-0.00195914,-0.0142166,-0.0502616,12.3081,0.0002,-8.00946e-16,-2.35414e-10,-8.00946e-16,0.0002,1.02062e-10,-2.35414e-10,1.02062e-10,0.0002,62
0.598221,0.340317,-1.61926,0.598143,0.340449,-1.61925,-0.00197863,-0.0141834,-0.0502594,12.2835,0.0002,-5.00304e-16,-1.50665e-10,-5.00304e-16,0.0002,6.53196e-11,-1.50665e-10,6.53196e-11,0.0002,62
0.5982,0.340396,-1.61918,0.598114,0.340711,-1.61888,-0.00200019,-0.0141044,-0.0501825,12.1581,0.0002,-3.15156e-16,-9.64257e-11,-3.15156e-16,0.0002,4.18046e-11,-9.64257e-11,4.18046e-11,0.0002,62
0.598164,0.340479,-1.6191,0.598023,0.340813,-1.61877,-0.00203559,-0.0140209,-0.0501009,12.2458,0.0002,-1.99636e-16,-6.17124e-11,-1.99636e-16,0.0002,2.67549e-11,-6.17124e-11,2.67549e-11,0.0002,62
0.598145,0.340566,-1.61902,0.598067,0.340913,-1.61868,-0.00205511,-0.0139342,-0.0500172,12.2747,0.0002,-1.26921e-16,-3.9496e-11,-1.26921e-16,0.0002,1.71232e-11,-3.9496e-11,1.71232e-11,0.0002,62
0.598133,0.340515,-1.61913,0.598037,0.340369,-1.61927,-0.00206666,-0.0139848,-0.0501317,12.3092,0.0002,1.86938e-14,1.75659e-09,1.86938e-14,0.0002,1.62851e-09,1.75659e-09,1.62851e-09,0.0002,62
0.598112,0.340503,-1.61903,0.598084,0.340507,-1.61892,-0.0020876,-0.0139965,-0.0500254,12.3112,0.0002,-1.04971e-14,2.74185e-09,-1.04971e-14,0.0002,-7.39554e-10,2.74185e-09,-7.39554e-10,0.0002,62
0.598092,0.340525,-1.61901,0.598013,0.340611,-1.61893,-0.00210756,-0.013975,-0.0500062,12.2835,0.0002,-5.67991e-15,1.75478e-09,-5.67991e-15,0.0002,-4.73315e-10,1.75478e-09,-4.73315e-10,0.0002,62
0.598053,0.340613,-1.61902,0.597948,0.340911,-1.61875,-0.00214659,-0.0138867,-0.0500194,12.2916,0.0002,7.32557e-15,-6.58792e-10,7.32557e-15,0.0002,-1.92049e-09,-6.58792e-10,-1.92049e-09,0.0002,62
0.598085,0.340669,-1.61892,0.598153,0.340843,-1.61885,-0.00211546,-0.0138306,-0.0499226,12.3179,0.0002,-6.75496e-15,-2.03946e-09,-6.75496e-15,0.0002,5.52504e-10,-2.03946e-09,5.52504e-10,0.0002,62
0.598094,0.340687,-1.619,0.59819,0.34081,-1.61897,-0.00210556,-0.0138126,-0.0499953,12.3061,0.0002,-3.64584e-15,3.12467e-10,-3.64584e-15,0.0002,-1.42812e-09,3.12467e-10,-1.42812e-09,0.0002,62
0.59809,0.34071,-1.61895,0.598074,0.340799,-1.61875,-0.00210957,-0.0137903,-0.0499464,12.3007,0.0002,-2.10486e-15,1.99979e-10,-2.10486e-15,0.0002,-9.13994e-10,1.99979e-10,-9.13994e-10,0.0002,62
0.598122,0.34062,-1.61893,0.598193,0.340209,-1.61918,-0.00207787,-0.0138804,-0.0499296,12.1637,0.0002,-1.2462e-14,-1.48997e-09,-1.2462e-14,0.0002,1.19654e-09,-1.48997e-09,1.19654e-09,0.0002,61
0.598162,0.340551,-1.61899,0.59832,0.340276,-1.61922,-0.00203839,-0.0139491,-0.0499868,12.2433,0.0002,-7.06285e-15,-9.53583e-10,-7.06285e-15,0.0002,7.65788e-10,-9.53583e-10,7.65788e-10,0.0002,61
0.598182,0.340423,-1.61912,0.598264,0.339911,-1.61963,-0.00201788,-0.0140771,-0.0501151,12.2058,0.0002,-4.14634e-15,-6.10293e-10,-4.14634e-15,0.0002,4.90104e-10,-6.10293e-10,4.90104e-10,0.0002,61
0.598164,0.340491,-1.61905,0.598092,0.340762,-1.61881,-0.00203594,-0.0140092,-0.0500542,12.2802,0.0002,-2.50052e-15,-3.90588e-10,-2.50052e-15,0.0002,3.13667e-10,-3.90588e-10,3.13667e-10,0.0002,62
0.598145,0.340577,-1.61899,0.598067,0.34092,-1.61874,-0.00205545,-0.0139233,-0.0499919,12.306,0.0002,-1.5376e-15,-2.49976e-10,-1.5376e-15,0.0002,2.00747e-10,-2.49976e-10,2.00747e-10,0.0002,62
0.59814,0.340537,-1.61909,0.59817,0.340324,-1.61917,-0.00206043,-0.0139627,-0.050092,12.1699,0.0002,1.81526e-14,-1.94182e-09,1.81526e-14,0.0002,-1.48912e-09,-1.94182e-09,-1.48912e-09,0.0002,61
0.598115,0.340584,-1.61892,0.59807,0.340821,-1.61856,-0.00208541,-0.0139161,-0.0499221,12.2685,0.0002,-4.36444e-15,3.74939e-10,-4.36444e-15,0.0002,-2.73477e-09,3.74939e-10,-2.73477e-09,0.0002,62
0.598121,0.340643,-1.61881,0.598097,0.340934,-1.61866,-0.00207877,-0.0138573,-0.0498059,12.2511,0.0002,-1.26643e-15,2.02142e-09,-1.26643e-15,0.0002,-1.32251e-10,2.02142e-09,-1.32251e-10,0.0002,62
0.598132,0.340541,-1.61892,0.598175,0.340134,-1.61938,-0.00206794,-0.0139591,-0.0499208,12.1803,0.0002,-6.73641e-16,1.29371e-09,-6.73641e-16,0.0002,-8.46403e-11,1.29371e-09,-8.46403e-11,0.0002,61
0.59816,0.340512,-1.619,0.598269,0.340288,-1.61932,-0.0020396,-0.0139883,-0.05,12.2266,0.0002,-1.92948e-15,-2.57148e-09,-1.92948e-15,0.0002,1.09554e-10,-2.57148e-09,1.09554e-10,0.0002,61
0.598187,0.340415,-1.61914,0.598243,0.340083,-1.61939,-0.00201293,-0.0140851,-0.0501411,12.179,0.0002,1.17398e-15,1.36098e-10,1.17398e-15,0.0002,1.6877e-09,1.36098e-10,1.6877e-09,0.0002,61
0.59819,0.340373,-1.61904,0.5982,0.340205,-1.61927,-0.00201039,-0.0141272,-0.0500399,12.2266,0.0002,6.33743e-16,8.7103e-11,6.33743e-16,0.0002,1.08013e-09,8.7103e-11,1.08013e-09,0.0002,61
0.598177,0.340283,-1.61914,0.598235,0.339916,-1.61956,-0.00202264,-0.0142174,-0.0501443,12.2316,0.0002,2.03073e-15,-1.08382e-10,2.03073e-15,0.0002,-2.70815e-09,-1.08382e-10,-2.70815e-09,0.0002,61
0.598189,0.340242,-1.61921,0.598236,0.340079,-1.61949,-0.00201087,-0.0142582,-0.0502127,12.2316,0.0002,1.14939e-15,-6.93646e-11,1.14939e-15,0.0002,-1.73322e-09,-6.93646e-11,-1.73322e-09,0.0002,61
0.598203,0.340233,-1.61927,0.59821,0.340252,-1.61917,-0.00199661,-0.0142673,-0.0502671,12.1979,0.0002,6.14362e-15,1.73779e-09,6.14362e-15,0.0002,5.07944e-10,1.73779e-09,5.07944e-10,0.0002,61
0.598225,0.340157,-1.61927,0.598257,0.339805,-1.6196,-0.00197484,-0.0143427,-0.050271,12.2029,0.0002,-5.87857e-15,-5.052e-10,-5.87857e-15,0.0002,2.1071e-09,-5.052e-10,2.1071e-09,0.0002,61
0.598228,0.340262,-1.61916,0.598288,0.340623,-1.61901,-0.00197236,-0.0142385,-0.0501551,12.332,0.0002,3.35848e-15,-2.10535e-09,3.35848e-15,0.0002,-2.68836e-10,-2.10535e-09,-2.68836e-10,0.0002,62
0.598208,0.340402,-1.6192,0.59813,0.340964,-1.61876,-0.00199185,-0.014098,-0.0502034,12.2651,0.0002,1.85964e-15,-1.34743e-09,1.85964e-15,0.0002,-1.72055e-10,-1.34743e-09,-1.72055e-10,0.0002,62
0.598242,0.340403,-1.6192,0.598377,0.340408,-1.61918,-0.00195799,-0.0140968,-0.0501992,12.3144,0.0002,1.07147e-15,-8.62353e-10,1.07147e-15,0.0002,-1.10115e-10,-8.62353e-10,-1.10115e-10,0.0002,62
0.598262,0.34043,-1.61919,0.598341,0.340535,-1.61918,-0.0019381,-0.0140705,-0.0501943,12.3352,0.0002,6.37123e-16,-5.51906e-10,6.37123e-16,0.0002,-7.04737e-11,-5.51906e-10,-7.04737e-11,0.0002,62
0.598234,0.340514,-1.61913,0.598123,0.340854,-1.61886,-0.00196588,-0.0139856,-0.0501277,12.192,0.0002,3.87845e-16,-3.5322e-10,3.87845e-16,0.0002,-4.51031e-11,-3.5322e-10,-4.51031e-11,0.0002,62
0.598207,0.3404,-1.61918,0.598099,0.339941,-1.61941,-0.00199297,-0.0141003,-0.0501848,12.192,0.0002,2.40064e-16,-2.26061e-10,2.40064e-16,0.0002,-2.8866e-11,-2.26061e-10,-2.8866e-11,0.0002,61
0.598206,0.340338,-1.61922,0.598201,0.340092,-1.61936,-0.00199418,-0.0141618,-0.0502202,12.2145,0.0002,1.503e-16,-1.44679e-10,1.503e-16,0.0002,-1.84742e-11,-1.44679e-10,-1.84742e-11,0.0002,61
0.598156,0.340359,-1.61911,0.598014,0.340493,-1.61901,-0.0020436,-0.014141,-0.0501149,12.1552,0.0002,-1.78626e-14,1.52488e-09,-1.78626e-14,0.0002,-1.79377e-09,1.52488e-09,-1.79377e-09,0.0002,61
0.598164,0.340345,-1.61908,0.598138,0.34024,-1.61926,-0.00203621,-0.0141547,-0.0500803,12.297,0.0002,-5.34822e-15,-6.41738e-10,-5.34822e-15,0.0002,6.33762e-10,-6.41738e-10,6.33762e-10,0.0002,62
0.598149,0.340381,-1.61905,0.598091,0.340526,-1.61893,-0.00205073,-0.0141186,-0.0500493,12.3061,0.0002,-3.21462e-15,-4.10712e-10,-3.21462e-15,0.0002,4.05608e-10,-4.10712e-10,4.05608e-10,0.0002,62
0.598128,0.340433,-1.61906,0.598043,0.340637,-1.6191,-0.00207189,-0.0140675,-0.0500597,12.3093,0.0002,-1.97207e-15,-2.62856e-10,-1.97207e-15,0.0002,2.59589e-10,-2.62856e-10,2.59589e-10,0.0002,62
0.598113,0.340534,-1.61905,0.598102,0.340882,-1.61871,-0.00208729,-0.0140664,-0.0500538,12.2458,0.0002,1.75304e-14,-1.95017e-09,1.75304e-14,0.0002,-1.45134e-09,-1.95017e-09,-1.45134e-09,0.0002,62
0.59812,0.340509,-1.61912,0.598096,0.340468,-1.61905,-0.00208045,-0.0140907,-0.0501171,12.2867,0.0002,4.57476e-15,5.33823e-10,4.57476e-15,0.0002,6.88629e-10,5.33823e-10,6.88629e-10,0.0002,62
0.598119,0.340539,-1.61906,0.598115,0.34066,-1.61882,-0.00208141,-0.0139605,-0.0500571,12.2058,0.0002,2.73963e-15,3.41647e-10,2.73963e-15,0.0002,4.40723e-10,3.41647e-10,4.40723e-10,0.0002,62
0.598117,0.340555,-1.61908,0.59811,0.340618,-1.61916,-0.00208318,-0.0139449,-0.0500773,12.2747,0.0002,1.67627e-15,2.18654e-10,1.67627e-15,0.0002,2.82063e-10,2.18654e-10,2.82063e-10,0.0002,62
0.598133,0.340613,-1.61904,0.598199,0.340842,-1.6189,-0.00206674,-0.0139874,-0.0500424,12.204,0.0002,1.04124e-15,1.39939e-10,1.04124e-15,0.0002,1.8052e-10,1.39939e-10,1.8052e-10,0.0002,62
0.598086,0.340702,-1.61895,0.597897,0.341057,-1.61858,-0.00211397,-0.0137985,-0.0499491,12.2254,0.0002,6.53457e-16,8.95607e-11,6.53457e-16,0.0002,1.15533e-10,8.95607e-11,1.15533e-10,0.0002,62
0.598072,0.340728,-1.61894,0.598015,0.340835,-1.61891,-0.00212815,-0.0137719,-0.0499422,12.2801,0.0002,4.12915e-16,5.73188e-11,4.12915e-16,0.0002,7.3941e-11,5.73188e-11,7.3941e-11,0.0002,62
0.598058,0.34072,-1.61895,0.598004,0.340688,-1.61897,-0.00214172,-0.0137798,-0.0499472,12.2747,0.0002,2.62095e-16,3.6684e-11,2.62095e-16,0.0002,4.73223e-11,3.6684e-11,4.73223e-11,0.0002,62
0.598079,0.340662,-1.61897,0.598164,0.340427,-1.61907,-0.00212061,-0.0139385,-0.0499711,12.2064,0.0002,1.66852e-16,2.34778e-11,1.66852e-16,0.0002,3.02862e-11,2.34778e-11,3.02862e-11,0.0002,61
0.5981,0.340611,-1.61901,0.598184,0.34041,-1.61917,-0.00209971,-0.0139889,-0.0500117,12.1784,0.0002,1.06421e-16,1.50258e-11,1.06421e-16,0.0002,1.93832e-11,1.50258e-11,1.93832e-11,0.0002,61
0.598159,0.340492,-1.61911,0.598396,0.340018,-1.6195,-0.00214054,-0.0141075,-0.0501087,12.2176,0.0002,6.79606e-17,9.6165e-12,6.79606e-17,0.0002,1.24052e-11,9.6165e-12,1.24052e-11,0.0002,61
0.598181,0.340501,-1.61908,0.598266,0.340537,-1.61895,-0.00201916,-0.0140986,-0.0500773,12.3167,0.0002,4.34337e-17,6.15456e-12,4.34337e-17,0.0002,7.93936e-12,6.15456e-12,7.93936e-12,0.0002,62
0.598165,0.340556,-1.61903,0.598101,0.340776,-1.61884,-0.00203516,-0.0140437,-0.0500296,12.3179,0.0002,2.77725e-17,3.93892e-12,2.77725e-17,0.0002,5.08119e-12,3.93892e-12,5.08119e-12,0.0002,62
0.598194,0.340429,-1.61913,0.598414,0.339914,-1.61951,-0.00200649,-0.0141712,-0.0501257,12.2286,0.0002,3.61875e-15,-1.61572e-10,3.61875e-15,0.0002,-3.39618e-09,-1.61572e-10,-3.39618e-09,0.0002,61
0.598214,0.340408,-1.61913,0.598296,0.340323,-1.61914,-0.00198592,-0.0141923,-0.0501294,12.1783,0.0002,2.03505e-15,-1.03406e-10,2.03505e-15,0.0002,-2.17356e-09,-1.03406e-10,-2.17356e-09,0.0002,61
0.598226,0.340288,-1.61922,0.598272,0.339809,-1.61957,-0.00207439,-0.0143121,-0.0502177,12.2316,0.0002,1.18735e-15,-6.618e-11,1.18735e-15,0.0002,-1.39108e-09,-6.618e-11,-1.39108e-09,0.0002,61
0.598223,0.34036,-1.61915,0.598213,0.340648,-1.61889,-0.00207698,-0.01424,-0.0501527,12.2885,0.0002,7.12771e-16,-4.23552e-11,7.12771e-16,0.0002,-8.90289e-10,-4.23552e-11,-8.90289e-10,0.0002,62
0.598207,0.340485,-1.61907,0.598034,0.340886,-1.61873,-0.00209252,-0.0141145,-0.0500675,12.2458,0.0002,-6.37599e-14,-3.26201e-09,-6.37599e-14,0.0002,2.99414e-09,-3.26201e-09,2.99414e-09,0.0002,62
0.59818,0.340546,-1.619,0.598072,0.340788,-1.61874,-0.00211957,-0.014054,-0.0500021,12.3815,0.0002,-3.58057e-14,-2.08769e-09,-3.58057e-14,0.0002,1.91625e-09,-2.08769e-09,1.91625e-09,0.0002,63
0.598167,0.34054,-1.61897,0.598167,0.340569,-1.61917,-0.00213348,-0.0140596,-0.0499726,12.3956,0.0002,-1.11404e-14,2.81742e-10,-1.11404e-14,0.0002,-5.55191e-10,2.81742e-10,-5.55191e-10,0.0002,63
0.598122,0.34057,-1.61907,0.597943,0.340688,-1.61881,-0.00217821,-0.0140301,-0.0500665,12.3729,0.0002,-7.04979e-15,1.80315e-10,-7.04979e-15,0.0002,-3.55322e-10,1.80315e-10,-3.55322e-10,0.0002,63
0.598118,0.340461,-1.61905,0.598158,0.340077,-1.61931,-0.00218208,-0.0141388,-0.0500516,12.2059,0.0002,-2.71579e-14,1.73315e-09,-2.71579e-14,0.0002,-2.0091e-09,1.73315e-09,-2.0091e-09,0.0002,61
0.598193,0.340363,-1.61921,0.598442,0.340025,-1.61954,-0.00210707,-0.0142372,-0.050213,12.2172,0.0002,5.42733e-17,2.89114e-09,5.42733e-17,0.0002,3.31665e-10,2.89114e-09,3.31665e-10,0.0002,61
0.598178,0.340406,-1.61912,0.598171,0.340522,-1.61908,-0.00212159,-0.0141941,-0.0501231,12.2715,0.0002,-3.66447e-15,6.8399e-11,-3.66447e-15,0.0002,-1.40522e-09,6.8399e-11,-1.40522e-09,0.0002,62
0.59821,0.340465,-1.61909,0.59823,0.340704,-1.61895,-0.00209003,-0.0140354,-0.0500877,12.2975,0.0002,1.37797e-15,2.08186e-10,1.37797e-15,0.0002,2.50008e-09,2.08186e-10,2.50008e-09,0.0002,62
0.598187,0.340507,-1.61906,0.598094,0.340677,-1.61895,-0.00211324,-0.014093,-0.0500592,12.2801,0.0002,6.15413e-16,1.33239e-10,6.15413e-16,0.0002,1.60005e-09,1.33239e-10,1.60005e-09,0.0002,62
0.598166,0.340551,-1.61904,0.598191,0.340719,-1.61895,-0.00213372,-0.0140495,-0.0500372,12.2943,0.0002,9.41916e-16,-7.89207e-11,9.41916e-16,0.0002,-2.3754e-09,-7.89207e-11,-2.3754e-09,0.0002,62
0.598174,0.340556,-1.61904,0.598097,0.340582,-1.61906,-0.00212638,-0.0140441,-0.0500424,12.2716,0.0002,1.40398e-15,1.1361e-10,1.40398e-15,0.0002,1.87918e-09,1.1361e-10,1.87918e-09,0.0002,62
0.598164,0.340603,-1.61898,0.598128,0.34079,-1.61874,-0.00213553,-0.0139974,-0.0499819,12.2974,0.0002,7.89237e-16,7.27103e-11,7.89237e-16,0.0002,1.20267e-09,7.27103e-11,1.20267e-09,0.0002,62
0.598184,0.340557,-1.61903,0.598263,0.340373,-1.61924,-0.00211582,-0.0140434,-0.0500335,12.2064,0.0002,4.60339e-16,4.65346e-11,4.60339e-16,0.0002,7.69712e-10,4.65346e-11,7.69712e-10,0.0002,61
0.598192,0.340453,-1.61911,0.598224,0.340037,-1.61943,-0.00210787,-0.0141473,-0.0501119,12.2572,0.0002,2.76278e-16,2.97821e-11,2.76278e-16,0.0002,4.92615e-10,2.97821e-11,4.92615e-10,0.0002,61
0.598218,0.340317,-1.61931,0.598376,0.339827,-1.61978,-0.00208234,-0.0142826,-0.0503095,12.2262,0.0002,-1.56218e-14,1.63644e-09,-1.56218e-14,0.0002,-1.46675e-09,1.63644e-09,-1.46675e-09,0.0002,61
0.598226,0.340363,-1.61925,0.598257,0.340544,-1.61899,-0.00207447,-0.0142374,-0.0502459,12.2975,0.0002,-8.76902e-15,1.04732e-09,-8.76902e-15,0.0002,-9.38721e-10,1.04732e-09,-9.38721e-10,0.0002,62
0.598189,0.340464,-1.61915,0.598045,0.340868,-1.61874,-0.00211052,-0.0141362,-0.0501455,12.2168,0.0002,-5.1088e-15,6.70287e-10,-5.1088e-15,0.0002,-6.00781e-10,6.70287e-10,-6.00781e-10,0.0002,62
0.59823,0.340535,-1.61903,0.598335,0.340771,-1.6189,-0.00207033,-0.0139646,-0.0500338,12.3438,0.0002,-1.28806e-14,-1.18862e-09,-1.28806e-14,0.0002,1.39732e-09,-1.18862e-09,1.39732e-09,0.0002,62
0.598221,0.340623,-1.61895,0.598188,0.340972,-1.61862,-0.0020786,-0.0138772,-0.0499505,12.3051,0.0002,-7.3932e-15,-7.60718e-10,-7.3932e-15,0.0002,8.94286e-10,-7.60718e-10,8.94286e-10,0.0002,62
0.598232,0.340593,-1.61898,0.598272,0.340476,-1.61907,-0.0020684,-0.0139066,-0.0499753,12.3543,0.0002,-4.38333e-15,-4.86859e-10,-4.38333e-15,0.0002,5.72343e-10,-4.86859e-10,5.72343e-10,0.0002,62
0.598188,0.340648,-1.61885,0.598071,0.340919,-1.61866,-0.00211161,-0.0138517,-0.0498488,12.1723,0.0002,-1.40462e-14,1.30632e-09,-1.40462e-14,0.0002,-1.41525e-09,1.30632e-09,-1.41525e-09,0.0002,62
0.598175,0.340679,-1.61883,0.59812,0.340804,-1.61876,-0.00212537,-0.0138206,-0.0498313,12.2743,0.0002,-8.04298e-15,8.36044e-10,-8.04298e-15,0.0002,-9.05758e-10,8.36044e-10,-9.05758e-10,0.0002,62
0.598189,0.340734,-1.61887,0.598189,0.340903,-1.61869,-0.00211127,-0.0138658,-0.0498662,12.262,0.0002,-1.12649e-14,-1.08281e-09,-1.12649e-14,0.0002,1.20189e-09,-1.08281e-09,1.20189e-09,0.0002,62
0.59821,0.340743,-1.61886,0.598296,0.340779,-1.61884,-0.00208973,-0.0137567,-0.04986,12.2995,0.0002,-6.54318e-15,-6.93001e-10,-6.54318e-15,0.0002,7.69207e-10,-6.93001e-10,7.69207e-10,0.0002,62
0.598227,0.340715,-1.61894,0.598347,0.340654,-1.61892,-0.00207346,-0.0137847,-0.0499351,12.332,0.0002,-1.24179e-14,1.17431e-09,-1.24179e-14,0.0002,-1.28933e-09,1.17431e-09,-1.28933e-09,0.0002,62
0.598235,0.34068,-1.61894,0.598267,0.340537,-1.61895,-0.00206541,-0.0138203,-0.0499383,12.3112,0.0002,-7.17226e-15,7.51559e-10,-7.17226e-15,0.0002,-8.25168e-10,7.51559e-10,-8.25168e-10,0.0002,62
0.598219,0.34074,-1.61887,0.598157,0.340979,-1.61858,-0.00208087,-0.0137604,-0.0498669,12.2853,0.0002,-4.27272e-15,4.80998e-10,-4.27272e-15,0.0002,-5.28108e-10,4.80998e-10,-5.28108e-10,0.0002,62
0.598207,0.340776,-1.6188,0.598158,0.340921,-1.61855,-0.002093,-0.0137242,-0.0498029,12.26,0.0002,-2.60449e-15,3.07838e-10,-2.60449e-15,0.0002,-3.37989e-10,3.07838e-10,-3.37989e-10,0.0002,62
0.59818,0.34082,-1.61873,0.598074,0.340998,-1.61844,-0.00211958,-0.0136797,-0.0497305,12.1636,0.0002,-1.6136e-15,1.97017e-10,-1.6136e-15,0.0002,-2.16313e-10,1.97017e-10,-2.16313e-10,0.0002,62
0.598163,0.340833,-1.61859,0.598199,0.340878,-1.61867,-0.00213702,-0.0136671,-0.0495911,12.3146,0.0002,-5.0133e-17,-3.6446e-11,-5.0133e-17,0.0002,-3.53795e-09,-3.6446e-11,-3.53795e-09,0.0002,62
0.598143,0.340842,-1.61866,0.598011,0.340934,-1.61861,-0.00215732,-0.0136581,-0.0496593,12.3031,0.0002,-7.89666e-15,1.75786e-09,-7.89666e-15,0.0002,-6.45977e-10,1.75786e-09,-6.45977e-10,0.0002,62
0.598138,0.340868,-1.61865,0.598118,0.340975,-1.6186,-0.0021623,-0.0136315,-0.0496467,12.2921,0.0002,-4.47247e-15,1.12503e-09,-4.47247e-15,0.0002,-4.13425e-10,1.12503e-09,-4.13425e-10,0.0002,62
0.598129,0.340902,-1.61857,0.598146,0.340982,-1.6186,-0.00217079,-0.0135977,-0.0495745,12.2597,0.0002,1.17375e-14,-1.061e-09,1.17375e-14,0.0002,-1.88309e-09,-1.061e-09,-1.88309e-09,0.0002,62
0.598122,0.340887,-1.61857,0.598092,0.340825,-1.61856,-0.00217832,-0.0136132,-0.0495709,12.2857,0.0002,6.48907e-15,-6.79038e-10,6.48907e-15,0.0002,-1.20518e-09,-6.79038e-10,-1.20518e-09,0.0002,62
0.598098,0.340924,-1.61857,0.598003,0.341072,-1.61854,-0.00220213,-0.0135761,-0.0495654,12.2587,0.0002,3.734e-15,-4.34584e-10,3.734e-15,0.0002,-7.71312e-10,-4.34584e-10,-7.71312e-10,0.0002,62
0.59811,0.340841,-1.61864,0.598161,0.340507,-1.61894,-0.00218956,-0.0136594,-0.0496394,12.3116,0.0002,2.21814e-15,-2.78134e-10,2.21814e-15,0.0002,-4.9364e-10,-2.78134e-10,-4.9364e-10,0.0002,62
0.598111,0.34087,-1.6186,0.598112,0.340988,-1.61843,-0.00218924,-0.0136299,-0.0495976,12.3016,0.0002,1.34931e-15,-1.78006e-10,1.34931e-15,0.0002,-3.15929e-10,-1.78006e-10,-3.15929e-10,0.0002,62
0.598116,0.340881,-1.61858,0.598136,0.340925,-1.61852,-0.00218421,-0.0136189,-0.049583,12.2799,0.0002,8.34767e-16,-1.13924e-10,8.34767e-16,0.0002,-2.02195e-10,-1.13924e-10,-2.02195e-10,0.0002,62
0.598114,0.340892,-1.61857,0.598109,0.340937,-1.61851,-0.00218562,-0.0136078,-0.049569,12.3117,0.0002,5.22457e-16,-7.29112e-11,5.22457e-16,0.0002,-1.29405e-10,-7.29112e-11,-1.29405e-10,0.0002,62
0.598115,0.340878,-1.61859,0.598116,0.340823,-1.61866,-0.00218532,-0.0136217,-0.0495864,12.3284,0.0002,3.29542e-16,-4.66632e-11,3.29542e-16,0.0002,-8.2819e-11,-4.66632e-11,-8.2819e-11,0.0002,63
0.598152,0.34086,-1.61861,0.598301,0.340788,-1.61871,-0.00214812,-0.0136398,-0.0496103,12.2944,0.0002,2.08928e-16,-2.98644e-11,2.08928e-16,0.0002,-5.30042e-11,-2.98644e-11,-5.30042e-11,0.0002,63
0.598117,0.340881,-1.61856,0.59787,0.340967,-1.61835,-0.00218319,-0.0136194,-0.0495578,12.3637,0.0002,3.29928e-15,1.43554e-10,3.29928e-15,0.0002,3.36558e-09,1.43554e-10,3.36558e-09,0.0002,63
0.598114,0.340885,-1.61851,0.598153,0.340845,-1.61862,-0.00218616,-0.0136155,-0.0495058,12.2427,0.0002,-5.36802e-15,-1.689e-09,-5.36802e-15,0.0002,5.35319e-10,-1.689e-09,5.35319e-10,0.0002,62
0.598098,0.340824,-1.61858,0.598035,0.340582,-1.61888,-0.00220185,-0.013676,-0.0495798,12.3052,0.0002,-2.97261e-15,-1.08096e-09,-2.97261e-15,0.0002,3.42604e-10,-1.08096e-09,3.42604e-10,0.0002,62
0.598097,0.340817,-1.61867,0.598043,0.340846,-1.61873,-0.00220274,-0.0136827,-0.0496731,12.2458,0.0002,1.24194e-14,1.08935e-09,1.24194e-14,0.0002,1.8376e-09,1.08935e-09,1.8376e-09,0.0002,62
0.598123,0.340884,-1.61863,0.598227,0.341151,-1.61847,-0.00217681,-0.0136159,-0.049632,12.1688,0.0002,6.92347e-15,6.97185e-10,6.92347e-15,0.0002,1.17606e-09,6.97185e-10,1.17606e-09,0.0002,62
0.598112,0.340891,-1.61863,0.598068,0.340917,-1.6186,-0.00218786,-0.0136093,-0.0496265,12.3031,0.0002,4.01122e-15,4.46198e-10,4.01122e-15,0.0002,7.5268e-10,4.46198e-10,7.5268e-10,0.0002,62
0.598109,0.340908,-1.61863,0.598098,0.340979,-1.61863,-0.00219062,-0.0135917,-0.0496265,12.1636,0.0002,2.39523e-15,2.85567e-10,2.39523e-15,0.0002,4.81715e-10,2.85567e-10,4.81715e-10,0.0002,62
0.598115,0.340966,-1.61855,0.598139,0.341199,-1.61825,-0.00218473,-0.0135336,-0.0495516,12.3048,0.0002,1.46251e-15,1.82763e-10,1.46251e-15,0.0002,3.08298e-10,1.82763e-10,3.08298e-10,0.0002,62
0.598095,0.340947,-1.61866,0.598065,0.340813,-1.61878,-0.00220482,-0.0135533,-0.0496603,12.3006,0.0002,1.62752e-14,-1.66415e-09,1.62752e-14,0.0002,-1.42107e-09,-1.66415e-09,-1.42107e-09,0.0002,62
0.598133,0.340931,-1.61861,0.598234,0.340922,-1.61871,-0.00216694,-0.0135693,-0.0496075,12.337,0.0002,6.17978e-15,7.15981e-10,6.17978e-15,0.0002,7.08985e-10,7.15981e-10,7.08985e-10,0.0002,62
0.59816,0.340922,-1.61872,0.598316,0.340829,-1.61883,-0.00214043,-0.0135785,-0.0497162,12.2594,0.0002,1.24412e-14,-1.32298e-09,1.24412e-14,0.0002,-1.16453e-09,-1.32298e-09,-1.16453e-09,0.0002,62
0.598152,0.340938,-1.61863,0.59818,0.341056,-1.61861,-0.00214754,-0.0135616,-0.0496308,12.311,0.0002,-9.76163e-15,7.71662e-10,-9.76163e-15,0.0002,-2.52643e-09,7.71662e-10,-2.52643e-09,0.0002,62
0.598148,0.340899,-1.61867,0.598131,0.34074,-1.61882,-0.00215178,-0.0136012,-0.0496684,12.3426,0.0002,-5.24927e-15,4.93864e-10,-5.24927e-15,0.0002,-1.61691e-09,4.93864e-10,-1.61691e-09,0.0002,62
0.59812,0.340894,-1.61866,0.598007,0.340875,-1.61864,-0.00218011,-0.013606,-0.049663,12.2916,0.0002,-2.95069e-15,3.16073e-10,-2.95069e-15,0.0002,-1.03482e-09,3.16073e-10,-1.03482e-09,0.0002,62
0.598112,0.340916,-1.6186,0.598082,0.341006,-1.61835,-0.00218778,-0.0135837,-0.0496,12.2737,0.0002,-1.72097e-15,2.02287e-10,-1.72097e-15,0.0002,-6.62288e-10,2.02287e-10,-6.62288e-10,0.0002,62
0.598095,0.340885,-1.61862,0.598025,0.340759,-1.61872,-0.00220515,-0.0136152,-0.0496238,12.3088,0.0002,-1.03283e-15,1.29463e-10,-1.03283e-15,0.0002,-4.23864e-10,1.29463e-10,-4.23864e-10,0.0002,62
0.598087,0.340914,-1.61855,0.598055,0.341032,-1.61828,-0.00221317,-0.0135859,-0.0495546,12.2772,0.0002,-6.32915e-16,8.28566e-11,-6.32915e-16,0.0002,-2.71273e-10,8.28566e-11,-2.71273e-10,0.0002,62
0.598094,0.340882,-1.6186,0.598122,0.340755,-1.6188,-0.00220614,-0.0136177,-0.0496038,12.2772,0.0002,-3.93557e-16,5.30282e-11,-3.93557e-16,0.0002,-1.73615e-10,5.30282e-11,-1.73615e-10,0.0002,62
0.598084,0.340853,-1.61863,0.598043,0.340736,-1.61874,-0.00221639,-0.0136469,-0.0496317,12.2995,0.0002,-2.47163e-16,3.39381e-11,-2.47163e-16,0.0002,-1.11113e-10,3.39381e-11,-1.11113e-10,0.0002,62
0.598089,0.340832,-1.61861,0.598112,0.340749,-1.6185,-0.00221073,-0.0136678,-0.049606,12.3375,0.0002,-1.56254e-16,2.17204e-11,-1.56254e-16,0.0002,-7.11126e-11,2.17204e-11,-7.11126e-11,0.0002,62
0.598064,0.340893,-1.61854,0.597962,0.341135,-1.61827,-0.00223622,-0.0136073,-0.0495395,12.2906,0.0002,-9.92115e-17,1.3901e-11,-9.92115e-17,0.0002,-4.55121e-11,1.3901e-11,-4.55121e-11,0.0002,62
0.59807,0.340855,-1.61859,0.598096,0.340702,-1.61879,-0.00222984,-0.0136453,-0.0495903,12.2772,0.0002,-6.31714e-17,8.89666e-12,-6.31714e-17,0.0002,-2.91277e-11,8.89666e-12,-2.91277e-11,0.0002,62
0.59806,0.340881,-1.6186,0.598018,0.340986,-1.61863,-0.00224033,-0.0136191,-0.0495991,12.3081,0.0002,-4.0297e-17,5.69386e-12,-4.0297e-17,0.0002,-1.86417e-11,5.69386e-12,-1.86417e-11,0.0002,62
0.59807,0.340888,-1.61861,0.598113,0.340916,-1.61868,-0.00222959,-0.0136121,-0.0496149,12.3167,0.0002,-2.57358e-17,3.64407e-12,-2.57358e-17,0.0002,-1.19307e-11,3.64407e-12,-1.19307e-11,0.0002,62
0.598063,0.34092,-1.61857,0.598032,0.34105,-1.61839,-0.00223734,-0.0135798,-0.0495695,12.2563,0.0002,-1.64486e-17,2.33221e-12,-1.64486e-17,0.0002,-7.63566e-12,2.33221e-12,-7.63566e-12,0.0002,62
0.598037,0.340925,-1.61853,0.597936,0.340942,-1.61839,-0.00226261,-0.0135755,-0.0495344,12.2681,0.0002,-1.0518e-17,1.49261e-12,-1.0518e-17,0.0002,-4.88682e-12,1.49261e-12,-4.88682e-12,0.0002,62
0.598068,0.340948,-1.61844,0.598134,0.340991,-1.6184,-0.00223216,-0.013552,-0.049445,12.3112,0.0002,-1.88796e-14,-1.61774e-09,-1.88796e-14,0.0002,1.77771e-09,-1.61774e-09,1.77771e-09,0.0002,62
0.598081,0.340916,-1.61852,0.598189,0.340838,-1.61851,-0.00221912,-0.0135841,-0.0495218,12.3117,0.0002,-5.34197e-15,5.83218e-10,-5.34197e-15,0.0002,-6.43214e-10,5.83218e-10,-6.43214e-10,0.0002,62
0.59808,0.340926,-1.61852,0.598076,0.340968,-1.6185,-0.00222002,-0.0135737,-0.0495168,12.2772,0.0002,-3.22679e-15,3.73259e-10,-3.22679e-15,0.0002,-4.11657e-10,3.73259e-10,-4.11657e-10,0.0002,62
0.598091,0.340927,-1.61854,0.598134,0.340931,-1.61861,-0.00220918,-0.0135728,-0.049536,12.2848,0.0002,-1.98648e-15,2.38886e-10,-1.98648e-15,0.0002,-2.6346e-10,2.38886e-10,-2.6346e-10,0.0002,62
0.598081,0.340953,-1.61853,0.59804,0.341058,-1.6185,-0.00221939,-0.0135467,-0.0495279,12.2772,0.0002,-1.23912e-15,1.52887e-10,-1.23912e-15,0.0002,-1.68615e-10,1.52887e-10,-1.68615e-10,0.0002,62
0.598116,0.340947,-1.61856,0.598258,0.340921,-1.61868,-0.00218385,-0.0135531,-0.0495577,12.296,0.0002,-7.79839e-16,9.78477e-11,-7.79839e-16,0.0002,-1.07913e-10,9.78477e-11,-1.07913e-10,0.0002,62
0.598096,0.340958,-1.61854,0.598014,0.341,-1.61848,-0.00220427,-0.0135424,-0.0495418,12.2701,0.0002,-4.93691e-16,6.26225e-11,-4.93691e-16,0.0002,-6.90646e-11,6.26225e-11,-6.90646e-11,0.0002,62
0.598118,0.340959,-1.61855,0.598208,0.340963,-1.61857,-0.00218181,-0.0135414,-0.0495465,12.2221,0.0002,-3.13748e-16,4.00784e-11,-3.13748e-16,0.0002,-4.42013e-11,4.00784e-11,-4.42013e-11,0.0002,62
0.598129,0.340965,-1.61856,0.598171,0.340988,-1.61859,-0.00217133,-0.0135355,-0.0495555,12.2853,0.0002,-1.99891e-16,2.56502e-11,-1.99891e-16,0.0002,-2.82888e-11,2.56502e-11,-2.82888e-11,0.0002,62
0.59808,0.340955,-1.61856,0.597885,0.340919,-1.61856,-0.00222012,-0.0135445,-0.0495563,12.2419,0.0002,-1.27559e-16,1.64161e-11,-1.27559e-16,0.0002,-1.81049e-11,1.64161e-11,-1.81049e-11,0.0002,62
0.598057,0.340973,-1.61856,0.597964,0.341045,-1.6186,-0.00224339,-0.0135267,-0.0495648,12.1401,0.0002,-8.14856e-17,1.05063e-11,-8.14856e-17,0.0002,-1.15871e-11,1.05063e-11,-1.15871e-11,0.0002,62
0.598086,0.340946,-1.61866,0.598151,0.340891,-1.61871,-0.00221434,-0.0135542,-0.0496578,12.3289,0.0002,1.88492e-14,1.78786e-09,1.88492e-14,0.0002,1.61094e-09,1.78786e-09,1.61094e-09,0.0002,62
0.598118,0.34082,-1.61876,0.598247,0.340319,-1.61917,-0.00218206,-0.0136796,-0.0497609,12.2177,0.0002,1.05888e-14,1.14423e-09,1.05888e-14,0.0002,1.031e-09,1.14423e-09,1.031e-09,0.0002,61
0.59815,0.340694,-1.61889,0.598279,0.340187,-1.61942,-0.00214985,-0.0138063,-0.0498934,12.2145,0.0002,6.17285e-15,7.32309e-10,6.17285e-15,0.0002,6.59842e-10,7.32309e-10,6.59842e-10,0.0002,61
0.598173,0.340633,-1.61894,0.598257,0.340282,-1.6191,-0.00212745,-0.0138673,-0.0499352,12.1979,0.0002,-8.86494e-15,-2.93078e-09,-8.86494e-15,0.0002,5.85929e-10,-2.93078e-09,5.85929e-10,0.0002,61
0.598161,0.340651,-1.61891,0.598113,0.340725,-1.61882,-0.00213934,-0.0138489,-0.0499127,12.2403,0.0002,-4.79434e-15,-1.8757e-09,-4.79434e-15,0.0002,3.74994e-10,-1.8757e-09,3.74994e-10,0.0002,62
0.598172,0.340641,-1.61897,0.598275,0.340649,-1.61887,-0.00212763,-0.0138594,-0.0499678,12.3253,0.0002,-5.03949e-15,4.17291e-10,-5.03949e-15,0.0002,-1.54171e-09,4.17291e-10,-1.54171e-09,0.0002,62
0.598189,0.340599,-1.61883,0.598258,0.340431,-1.61893,-0.00211052,-0.0139013,-0.0498335,12.3061,0.0002,-2.89588e-15,2.67066e-10,-2.89588e-15,0.0002,-9.86692e-10,2.67066e-10,-9.86692e-10,0.0002,62
0.598138,0.340655,-1.61882,0.597934,0.340883,-1.61875,-0.00216169,-0.0138445,-0.0498159,12.2341,0.0002,-1.71845e-15,1.70922e-10,-1.71845e-15,0.0002,-6.31483e-10,1.70922e-10,-6.31483e-10,0.0002,62
0.598116,0.340687,-1.6188,0.598029,0.340814,-1.61873,-0.00218351,-0.0138128,-0.0497996,12.3147,0.0002,-1.04454e-15,1.0939e-10,-1.04454e-15,0.0002,-4.04149e-10,1.0939e-10,-4.04149e-10,0.0002,62
0.59811,0.340752,-1.61876,0.598082,0.341013,-1.61861,-0.00219033,-0.0137476,-0.0497623,12.2852,0.0002,-6.45873e-16,7.00097e-11,-6.45873e-16,0.0002,-2.58655e-10,7.00097e-11,-2.58655e-10,0.0002,62
0.59808,0.340816,-1.61869,0.597961,0.34107,-1.6184,-0.00222008,-0.013684,-0.0496896,12.2737,0.0002,-4.04087e-16,4.48062e-11,-4.04087e-16,0.0002,-1.65539e-10,4.48062e-11,-1.65539e-10,0.0002,62
0.598054,0.340816,-1.61871,0.597953,0.340815,-1.61878,-0.00224554,-0.0136842,-0.0497074,12.2921,0.0002,-2.54818e-16,2.8676e-11,-2.54818e-16,0.0002,-1.05945e-10,2.8676e-11,-1.05945e-10,0.0002,62
0.598058,0.340852,-1.6187,0.598071,0.340999,-1.61866,-0.00224226,-0.0136476,-0.0496986,12.3232,0.0002,-1.61528e-16,1.83526e-11,-1.61528e-16,0.0002,-6.7805e-11,1.83526e-11,-6.7805e-11,0.0002,62
0.598054,0.340883,-1.61866,0.598037,0.341004,-1.61849,-0.00224644,-0.0136173,-0.0496562,12.2703,0.0002,-1.02741e-16,1.17457e-11,-1.02741e-16,0.0002,-4.33952e-11,1.17457e-11,-4.33952e-11,0.0002,62
0.598031,0.340907,-1.61859,0.597993,0.340949,-1.61862,-0.00226857,-0.0134929,-0.049586,12.3143,0.0002,1.90961e-14,-1.77351e-09,1.90961e-14,0.0002,-1.64625e-09,-1.77351e-09,-1.64625e-09,0.0002,62
0.598045,0.340905,-1.6187,0.598153,0.340948,-1.61883,-0.00225548,-0.0134949,-0.0496987,12.2939,0.0002,-6.11177e-15,4.83271e-10,-6.11177e-15,0.0002,-2.83477e-09,4.83271e-10,-2.83477e-09,0.0002,62
0.598052,0.340926,-1.61863,0.598024,0.34096,-1.61867,-0.00224837,-0.0135739,-0.0496299,12.1837,0.0002,7.57187e-16,-1.30911e-09,7.57187e-16,0.0002,-3.31557e-11,-1.30911e-09,-3.31557e-11,0.0002,62
0.59803,0.340901,-1.61864,0.597945,0.340802,-1.61867,-0.00226966,-0.0135986,-0.0496385,12.2943,0.0002,4.62377e-16,-8.37829e-10,4.62377e-16,0.0002,-2.12196e-11,-8.37829e-10,-2.12196e-11,0.0002,62
0.598056,0.340894,-1.61865,0.598158,0.340865,-1.6187,-0.00224414,-0.0136059,-0.0496513,12.1838,0.0002,2.86819e-16,-5.36211e-10,2.86819e-16,0.0002,-1.35806e-11,-5.36211e-10,-1.35806e-11,0.0002,62
0.598094,0.340894,-1.61869,0.598194,0.340947,-1.61851,-0.00220642,-0.0135064,-0.0496861,12.2701,0.0002,1.53501e-14,1.43811e-09,1.53501e-14,0.0002,1.60951e-09,1.43811e-09,1.60951e-09,0.0002,62
0.598111,0.340897,-1.61872,0.598183,0.340908,-1.61886,-0.00218863,-0.0135035,-0.049721,12.3041,0.0002,8.63898e-15,9.20387e-10,8.63898e-15,0.0002,1.03009e-09,9.20387e-10,1.03009e-09,0.0002,62
0.598097,0.340837,-1.61876,0.598038,0.340597,-1.61891,-0.00220329,-0.0135634,-0.0497595,12.2888,0.0002,5.04353e-15,5.89048e-10,5.04353e-15,0.0002,6.59256e-10,5.89048e-10,6.59256e-10,0.0002,62
0.598098,0.340821,-1.61873,0.598106,0.34076,-1.6186,-0.00220153,-0.0135788,-0.0497272,12.2212,0.0002,3.02903e-15,3.76991e-10,3.02903e-15,0.0002,4.21924e-10,3.76991e-10,4.21924e-10,0.0002,62
0.598042,0.34084,-1.6187,0.597814,0.340914,-1.61861,-0.00225849,-0.0135602,-0.0497044,12.3082,0.0002,1.85714e-15,2.41274e-10,1.85714e-15,0.0002,2.70031e-10,2.41274e-10,2.70031e-10,0.0002,62
0.598034,0.34078,-1.61877,0.598003,0.340542,-1.61902,-0.00226627,-0.0136198,-0.049768,12.263,0.0002,1.15521e-15,1.54415e-10,1.15521e-15,0.0002,1.7282e-10,1.54415e-10,1.7282e-10,0.0002,62
0.598093,0.340731,-1.61881,0.598328,0.340534,-1.61897,-0.00220741,-0.013669,-0.0498084,12.3489,0.0002,7.25674e-16,9.88258e-11,7.25674e-16,0.0002,1.10605e-10,9.88258e-11,1.10605e-10,0.0002,62
0.598091,0.340805,-1.61876,0.598085,0.341102,-1.61855,-0.00220891,-0.0135947,-0.0497577,12.1825,0.0002,4.58835e-16,6.32485e-11,4.58835e-16,0.0002,7.07871e-11,6.32485e-11,7.07871e-11,0.0002,62
0.598093,0.340781,-1.61881,0.598101,0.340682,-1.619,-0.00220693,-0.0136193,-0.0498054,12.3007,0.0002,2.91362e-16,4.04791e-11,2.91362e-16,0.0002,4.53037e-11,4.04791e-11,4.53037e-11,0.0002,62
0.598094,0.340719,-1.61888,0.5981,0.340471,-1.61918,-0.00220557,-0.0136813,-0.0498808,12.1313,0.0002,1.85533e-16,2.59066e-11,1.85533e-16,0.0002,2.89944e-11,2.59066e-11,2.89944e-11,0.0002,61
0.598113,0.340606,-1.61899,0.59819,0.340155,-1.61945,-0.00218651,-0.013794,-0.0499944,12.2437,0.0002,1.18356e-16,1.65802e-11,1.18356e-16,0.0002,1.85564e-11,1.65802e-11,1.85564e-11,0.0002,61
0.598168,0.340461,-1.61911,0.598388,0.339883,-1.6196,-0.00213154,-0.0139387,-0.050115,12.2262,0.0002,7.55905e-17,1.06113e-11,7.55905e-17,0.0002,1.18761e-11,1.06113e-11,1.18761e-11,0.0002,61
0.59814,0.340501,-1.6191,0.598029,0.340658,-1.61902,-0.00215952,-0.0138993,-0.0500953,12.2231,0.0002,4.83134e-17,6.79126e-12,4.83134e-17,0.0002,7.6007e-12,6.79126e-12,7.6007e-12,0.0002,62
0.598175,0.340407,-1.61918,0.598311,0.340033,-1.61954,-0.00212548,-0.0139928,-0.0501838,12.2627,0.0002,3.08941e-17,4.34641e-12,3.08941e-17,0.0002,4.86445e-12,4.34641e-12,4.86445e-12,0.0002,61
0.598175,0.340504,-1.6192,0.598226,0.340838,-1.61893,-0.00212521,-0.0138955,-0.0501957,12.1647,0.0002,1.88681e-14,-1.77936e-09,1.88681e-14,0.0002,-1.61414e-09,-1.77936e-09,-1.61414e-09,0.0002,62
0.598192,0.340524,-1.6192,0.598259,0.340602,-1.6192,-0.00210832,-0.013876,-0.0501965,12.332,0.0002,1.06051e-14,-1.13879e-09,1.06051e-14,0.0002,-1.03305e-09,-1.13879e-09,-1.03305e-09,0.0002,62
0.598197,0.340511,-1.61918,0.598115,0.340568,-1.61909,-0.00210347,-0.0138895,-0.050175,12.2802,0.0002,5.09077e-14,2.83524e-09,5.09077e-14,0.0002,2.57359e-09,2.83524e-09,2.57359e-09,0.0002,62
0.598172,0.340444,-1.61912,0.598122,0.340121,-1.61921,-0.00212839,-0.0139563,-0.0501182,12.1888,0.0002,9.2376e-15,3.2684e-11,9.2376e-15,0.0002,2.95474e-11,3.2684e-11,2.95474e-11,0.0002,61
0.598197,0.340377,-1.61918,0.598299,0.34011,-1.61943,-0.00210295,-0.014023,-0.0501812,12.2855,0.0002,5.91157e-15,2.09178e-11,5.91157e-15,0.0002,1.89103e-11,2.09178e-11,1.89103e-11,0.0002,61
0.598219,0.34038,-1.61917,0.598308,0.340394,-1.6191,-0.00208082,-0.0140197,-0.0501654,12.2009,0.0002,3.7832e-15,1.33874e-11,3.7832e-15,0.0002,1.21026e-11,1.33874e-11,1.21026e-11,0.0002,61
0.598195,0.340417,-1.61912,0.5981,0.340562,-1.61896,-0.00210468,-0.0139833,-0.0501234,12.3763,0.0002,2.42117e-15,8.56792e-12,2.42117e-15,0.0002,7.74567e-12,8.56792e-12,7.74567e-12,0.0002,63
0.598196,0.340368,-1.61916,0.598198,0.340175,-1.61933,-0.00210418,-0.0140317,-0.0501642,12.2801,0.0002,1.54951e-15,5.48347e-12,1.54951e-15,0.0002,4.95723e-12,5.48347e-12,4.95723e-12,0.0002,62
0.59819,0.34048,-1.61908,0.598166,0.340925,-1.61874,-0.00211019,-0.0139204,-0.0500799,12.399,0.0002,9.91674e-16,3.50942e-12,9.91674e-16,0.0002,3.17263e-12,3.50942e-12,3.17263e-12,0.0002,63
0.598161,0.340548,-1.61902,0.598047,0.34082,-1.61879,-0.0021387,-0.0138523,-0.0500214,12.26,0.0002,6.34666e-16,2.24603e-12,6.34666e-16,0.0002,2.03048e-12,2.24603e-12,2.03048e-12,0.0002,62
0.598205,0.340552,-1.61898,0.598379,0.340567,-1.6188,-0.00209521,-0.0138484,-0.0499769,12.3203,0.0002,4.06184e-16,1.43746e-12,4.06184e-16,0.0002,1.29951e-12,1.43746e-12,1.29951e-12,0.0002,62
0.598224,0.340397,-1.6191,0.598303,0.339779,-1.61959,-0.00207554,-0.014003,-0.0501003,12.2316,0.0002,2.59957e-16,9.19974e-13,2.59957e-16,0.0002,8.31685e-13,9.19974e-13,8.31685e-13,0.0002,61
0.598262,0.340307,-1.61918,0.598412,0.339947,-1.61952,-0.00203796,-0.014093,-0.0501844,12.2371,0.0002,1.66372e-16,5.88783e-13,1.66372e-16,0.0002,5.32278e-13,5.88783e-13,5.32278e-13,0.0002,61
0.598303,0.340245,-1.61924,0.598468,0.339996,-1.61948,-0.00199673,-0.0141552,-0.0502427,12.2115,0.0002,1.06478e-16,3.76821e-13,1.06478e-16,0.0002,3.40658e-13,3.76821e-13,3.40658e-13,0.0002,61
0.598283,0.340157,-1.61933,0.598201,0.339804,-1.61966,-0.00201713,-0.0142434,-0.0503256,12.223,0.0002,6.81458e-17,2.41166e-13,6.81458e-17,0.0002,2.18021e-13,2.41166e-13,2.18021e-13,0.0002,61
0.598262,0.34018,-1.61932,0.598177,0.340271,-1.61931,-0.00203837,-0.0142204,-0.0503216,12.1974,0.0002,4.36133e-17,1.54346e-13,4.36133e-17,0.0002,1.39534e-13,1.54346e-13,1.39534e-13,0.0002,61
0.598295,0.340202,-1.61933,0.59843,0.340294,-1.61939,-0.00200465,-0.0141975,-0.0503349,12.1888,0.0002,2.79125e-17,9.87814e-14,2.79125e-17,0.0002,8.93015e-14,9.87814e-14,8.93015e-14,0.0002,61
0.598312,0.340113,-1.6194,0.598378,0.339753,-1.61968,-0.00198803,-0.0142874,-0.0504046,12.2627,0.0002,1.7864e-17,6.32201e-14,1.7864e-17,0.0002,5.7153e-14,6.32201e-14,5.7153e-14,0.0002,61
0.59832,0.340134,-1.61942,0.598354,0.340221,-1.6195,-0.00197959,-0.0142658,-0.0504231,12.2006,0.0002,1.14329e-17,4.04609e-14,1.14329e-17,0.0002,3.65779e-14,4.04609e-14,3.65779e-14,0.0002,61
0.59823,0.340295,-1.61931,0.597868,0.340939,-1.61887,-0.00207013,-0.0141049,-0.0503124,12.3087,0.0002,7.31708e-18,2.5895e-14,7.31708e-18,0.0002,2.34098e-14,2.5895e-14,2.34098e-14,0.0002,63
0.598188,0.340364,-1.61924,0.59802,0.340642,-1.61897,-0.00211202,-0.0140356,-0.0502449,12.3815,0.0002,4.68293e-18,1.65728e-14,4.68293e-18,0.0002,1.49823e-14,1.65728e-14,1.49823e-14,0.0002,63
0.59819,0.340419,-1.61918,0.598198,0.34064,-1.61891,-0.00211,-0.0139805,-0.0501772,12.2767,0.0002,2.99708e-18,1.06066e-14,2.99708e-18,0.0002,9.58867e-15,1.06066e-14,9.58867e-15,0.0002,63
0.598194,0.340473,-1.61915,0.59821,0.340688,-1.61902,-0.00210609,-0.0139268,-0.0501459,12.3058,0.0002,1.91813e-18,6.78821e-15,1.91813e-18,0.0002,6.13675e-15,6.78821e-15,6.13675e-15,0.0002,62
0.598181,0.340485,-1.61911,0.59813,0.340533,-1.61896,-0.00211878,-0.0139149,-0.0501097,12.2853,0.0002,1.2276e-18,4.34445e-15,1.2276e-18,0.0002,3.92752e-15,4.34445e-15,3.92752e-15,0.0002,62
0.598174,0.340375,-1.61919,0.598144,0.339936,-1.6195,-0.00212631,-0.0140248,-0.0501885,12.2467,0.0002,7.85666e-19,2.78045e-15,7.85666e-19,0.0002,2.51361e-15,2.78045e-15,2.51361e-15,0.0002,61
0.598159,0.340434,-1.61915,0.598101,0.340668,-1.61898,-0.00214079,-0.0139662,-0.0501475,12.2564,0.0002,5.02826e-19,1.77949e-15,5.02826e-19,0.0002,1.60871e-15,1.77949e-15,1.60871e-15,0.0002,62
0.598205,0.340375,-1.6192,0.598386,0.340139,-1.61939,-0.00209549,-0.0140252,-0.0501954,12.2433,0.0002,3.21809e-19,1.13887e-15,3.21809e-19,0.0002,1.02958e-15,1.13887e-15,1.02958e-15,0.0002,61
0.59823,0.340299,-1.61924,0.598332,0.339994,-1.6194,-0.00207003,-0.0141013,-0.0502366,12.1888,0.0002,2.05958e-19,7.28878e-16,2.05958e-19,0.0002,6.58929e-16,7.28878e-16,6.58929e-16,0.0002,61
0.598236,0.340237,-1.61931,0.598262,0.339992,-1.61961,-0.00206356,-0.0141627,-0.0503115,12.2115,0.0002,1.31813e-19,4.66482e-16,1.31813e-19,0.0002,4.21714e-16,4.66482e-16,4.21714e-16,0.0002,61
0.59827,0.340128,-1.61932,0.598461,0.339743,-1.61969,-0.00202974,-0.0142716,-0.0503243,12.2145,0.0002,-1.89143e-14,1.61731e-09,-1.89143e-14,0.0002,-1.78209e-09,1.61731e-09,-1.78209e-09,0.0002,61
0.598288,0.340197,-1.61927,0.598358,0.340472,-1.61906,-0.00201215,-0.0142029,-0.0502707,12.2971,0.0002,-1.06295e-14,1.03508e-09,-1.06295e-14,0.0002,-1.14054e-09,1.03508e-09,-1.14054e-09,0.0002,62
0.598254,0.340301,-1.61922,0.598119,0.340717,-1.61901,-0.0020459,-0.0141989,-0.0502179,12.2404,0.0002,-6.19842e-15,6.6245e-10,-6.19842e-15,0.0002,-7.29944e-10,6.6245e-10,-7.29944e-10,0.0002,62
0.598234,0.340366,-1.61917,0.598154,0.340624,-1.61896,-0.00206596,-0.0140343,-0.050166,12.3144,0.0002,-3.71941e-15,4.23968e-10,-3.71941e-15,0.0002,-4.67164e-10,4.23968e-10,-4.67164e-10,0.0002,62
0.598203,0.340443,-1.6191,0.59808,0.340754,-1.61886,-0.00209684,-0.0140566,-0.0501048,12.2916,0.0002,-2.27902e-15,2.7134e-10,-2.27902e-15,0.0002,-2.98985e-10,2.7134e-10,-2.98985e-10,0.0002,62
0.598211,0.340459,-1.61912,0.598244,0.340519,-1.6192,-0.00208869,-0.0140414,-0.0501233,12.2885,0.0002,-1.41703e-15,1.73657e-10,-1.41703e-15,0.0002,-1.91351e-10,1.73657e-10,-1.91351e-10,0.0002,62
0.59825,0.340378,-1.61916,0.598407,0.340056,-1.6193,-0.00204952,-0.014122,-0.0501584,12.2371,0.0002,-8.89888e-16,1.11141e-10,-8.89888e-16,0.0002,-1.22464e-10,1.11141e-10,-1.22464e-10,0.0002,61
0.598273,0.340261,-1.61934,0.598414,0.339739,-1.61976,-0.0020269,-0.0142386,-0.050342,12.223,0.0002,1.85135e-14,-1.71097e-09,1.85135e-14,0.0002,-1.69568e-09,-1.71097e-09,-1.69568e-09,0.0002,61
0.598257,0.340234,-1.61938,0.598193,0.340127,-1.61955,-0.0020429,-0.0141655,-0.050383,12.1858,0.0002,1.03632e-14,-1.09502e-09,1.03632e-14,0.0002,-1.08523e-09,-1.09502e-09,-1.08523e-09,0.0002,61
0.598284,0.340164,-1.61945,0.598342,0.33994,-1.61938,-0.00201576,-0.0142355,-0.0504464,12.2028,0.0002,9.37686e-15,1.08165e-09,9.37686e-15,0.0002,9.2235e-10,1.08165e-09,9.2235e-10,0.0002,61
0.598274,0.340121,-1.61949,0.598233,0.339946,-1.61964,-0.00202595,-0.0142791,-0.0504859,12.1717,0.0002,5.49039e-15,6.92256e-10,5.49039e-15,0.0002,5.90304e-10,6.92256e-10,5.90304e-10,0.0002,61
0.598242,0.340143,-1.61936,0.598166,0.340178,-1.61918,-0.00205774,-0.0142566,-0.050362,12.1637,0.0002,1.3098e-14,-1.33933e-09,1.3098e-14,0.0002,-1.2392e-09,-1.33933e-09,-1.2392e-09,0.0002,61
0.598264,0.340051,-1.61938,0.598302,0.339739,-1.61975,-0.00203578,-0.0143486,-0.050377,12.1687,0.0002,8.0744e-15,9.25002e-10,8.0744e-15,0.0002,8.24129e-10,9.25002e-10,8.24129e-10,0.0002,61
0.598315,0.340022,-1.61949,0.59847,0.339962,-1.61963,-0.00198458,-0.0143775,-0.050491,12.2316,0.0002,3.61423e-14,2.37445e-09,3.61423e-14,0.0002,2.14435e-09,2.37445e-09,2.14435e-09,0.0002,61
0.598304,0.34002,-1.61949,0.598259,0.340009,-1.61947,-0.00199587,-0.0143801,-0.0504876,12.1888,0.0002,2.05241e-14,1.51965e-09,2.05241e-14,0.0002,1.37239e-09,1.51965e-09,1.37239e-09,0.0002,61
0.598311,0.33996,-1.61957,0.598337,0.339722,-1.61989,-0.00198922,-0.0144397,-0.0505683,12.223,0.0002,1.20676e-14,9.72577e-10,1.20676e-14,0.0002,8.78327e-10,9.72577e-10,8.78327e-10,0.0002,61
0.598335,0.339954,-1.61965,0.598379,0.33988,-1.61967,-0.00196452,-0.0144457,-0.0506513,12.2145,0.0002,-1.03082e-14,-9.9412e-10,-1.03082e-14,0.0002,2.34489e-09,-9.9412e-10,2.34489e-09,0.0002,61
0.59833,0.339984,-1.61965,0.598309,0.340103,-1.61964,-0.00196977,-0.014416,-0.0506481,12.1803,0.0002,-5.40369e-15,-6.36237e-10,-5.40369e-15,0.0002,1.50073e-09,-6.36237e-10,1.50073e-09,0.0002,61
0.598287,0.339995,-1.61956,0.598167,0.339984,-1.61951,-0.00201252,-0.0144049,-0.050557,12.1888,0.0002,9.02774e-15,-2.18983e-09,9.02774e-15,0.0002,-6.56242e-10,-2.18983e-09,-6.56242e-10,0.0002,61
0.598319,0.33998,-1.6196,0.598396,0.339977,-1.61946,-0.00198062,-0.0144196,-0.0506017,12.2059,0.0002,4.17304e-15,3.81256e-10,4.17304e-15,0.0002,1.19659e-09,3.81256e-10,1.19659e-09,0.0002,61
0.598269,0.339912,-1.61965,0.598171,0.339633,-1.61983,-0.00203148,-0.014488,-0.0506483,12.1539,0.0002,-1.36557e-16,7.79656e-11,-1.36557e-16,0.0002,-2.63352e-09,7.79656e-11,-2.63352e-09,0.0002,61
0.59824,0.339977,-1.6195,0.598074,0.340292,-1.61923,-0.00206028,-0.0144231,-0.0505017,12.2575,0.0002,-2.57064e-16,1.83253e-09,-2.57064e-16,0.0002,-6.8743e-11,1.83253e-09,-6.8743e-11,0.0002,62
0.598253,0.340023,-1.6195,0.598304,0.340207,-1.61949,-0.00204742,-0.0143772,-0.0504984,12.2544,0.0002,-1.00022e-16,1.17282e-09,-1.00022e-16,0.0002,-4.39955e-11,1.17282e-09,-4.39955e-11,0.0002,62
0.598232,0.340148,-1.61942,0.598151,0.340649,-1.6191,-0.00206782,-0.014252,-0.0504187,12.2747,0.0002,-3.75956e-17,7.50606e-10,-3.75956e-17,0.0002,-2.81571e-11,7.50606e-10,-2.81571e-11,0.0002,62
0.598217,0.340245,-1.61933,0.598158,0.340632,-1.61896,-0.00208268,-0.0141553,-0.0503269,12.2662,0.0002,-1.32401e-17,4.80388e-10,-1.32401e-17,0.0002,-1.80206e-11,4.80388e-10,-1.80206e-11,0.0002,62
0.598178,0.340373,-1.61924,0.59802,0.340887,-1.61889,-0.00212205,-0.0140268,-0.05024,12.2575,0.0002,-4.04135e-18,3.07448e-10,-4.04135e-18,0.0002,-1.15332e-11,3.07448e-10,-1.15332e-11,0.0002,62
0.598119,0.3405,-1.61915,0.597883,0.341008,-1.61878,-0.00218101,-0.0138998,-0.0501471,12.2252,0.0002,-7.70988e-19,1.96767e-10,-7.70988e-19,0.0002,-7.38122e-12,1.96767e-10,-7.38122e-12,0.0002,62
0.598091,0.340495,-1.61909,0.597924,0.340425,-1.61916,-0.00220886,-0.0139048,-0.0500855,12.2975,0.0002,-1.73921e-14,-1.49167e-09,-1.73921e-14,0.0002,1.7771e-09,-1.49167e-09,1.7771e-09,0.0002,62
0.598053,0.340555,-1.61906,0.597901,0.340792,-1.61897,-0.00224699,-0.0138454,-0.0500625,12.2737,0.0002,-9.77368e-15,-9.5467e-10,-9.77368e-15,0.0002,1.13734e-09,-9.5467e-10,1.13734e-09,0.0002,62
0.598036,0.340583,-1.61911,0.598019,0.34064,-1.61898,-0.0022639,-0.0138171,-0.0501095,12.3112,0.0002,1.11888e-14,-2.39293e-09,1.11888e-14,0.0002,-8.8957e-10,-2.39293e-09,-8.8957e-10,0.0002,62
0.598036,0.340661,-1.61905,0.598036,0.340971,-1.61883,-0.00226383,-0.0138394,-0.050054,12.1944,0.0002,6.07097e-15,-1.53148e-09,6.07097e-15,0.0002,-5.69325e-10,-1.53148e-09,-5.69325e-10,0.0002,62
0.598057,0.340688,-1.61892,0.598089,0.340851,-1.61869,-0.00224318,-0.0137124,-0.0499181,12.2437,0.0002,7.68825e-15,8.01529e-10,7.68825e-15,0.0002,1.2534e-09,8.01529e-10,1.2534e-09,0.0002,62
0.598009,0.340716,-1.61896,0.597868,0.340772,-1.61879,-0.0022911,-0.0136845,-0.0499551,12.2629,0.0002,8.49597e-15,-1.26873e-09,8.49597e-15,0.0002,-8.15551e-10,-1.26873e-09,-8.15551e-10,0.0002,62
0.59802,0.340715,-1.61891,0.598065,0.340713,-1.61873,-0.00227995,-0.013785,-0.0499109,12.2975,0.0002,4.90765e-15,-8.11989e-10,4.90765e-15,0.0002,-5.21953e-10,-8.11989e-10,-5.21953e-10,0.0002,62
0.598018,0.340705,-1.6189,0.598012,0.340664,-1.61885,-0.00228159,-0.0136952,-0.0498986,12.3061,0.0002,2.9239e-15,-5.19673e-10,2.9239e-15,0.0002,-3.3405e-10,-5.19673e-10,-3.3405e-10,0.0002,62
0.598021,0.340725,-1.61887,0.598031,0.340806,-1.61874,-0.00227916,-0.0136749,-0.0498668,12.1752,0.0002,1.78241e-15,-3.32591e-10,1.78241e-15,0.0002,-2.13792e-10,-3.32591e-10,-2.13792e-10,0.0002,62
0.597989,0.340755,-1.61884,0.597863,0.340874,-1.61872,-0.00231065,-0.0136451,-0.0498381,12.141,0.0002,1.10434e-15,-2.12858e-10,1.10434e-15,0.0002,-1.36827e-10,-2.12858e-10,-1.36827e-10,0.0002,62
0.59806,0.34066,-1.61896,0.598343,0.340282,-1.61944,-0.00223985,-0.0137396,-0.0499592,12.2296,0.0002,6.91865e-16,-1.36229e-10,6.91865e-16,0.0002,-8.75692e-11,-1.36229e-10,-8.75692e-11,0.0002,61
0.598101,0.340596,-1.61896,0.598215,0.340395,-1.61927,-0.00219868,-0.0138039,-0.0499577,12.1803,0.0002,1.77714e-14,1.69433e-09,1.77714e-14,0.0002,1.56189e-09,1.69433e-09,1.56189e-09,0.0002,61
0.598075,0.340632,-1.61894,0.597972,0.340778,-1.61889,-0.00222457,-0.0137675,-0.0499449,12.2748,0.0002,1.00188e-14,1.08437e-09,1.00188e-14,0.0002,9.99611e-10,1.08437e-09,9.99611e-10,0.0002,62
0.598072,0.340695,-1.61889,0.598059,0.340943,-1.61865,-0.00222785,-0.0137055,-0.0498853,12.3132,0.0002,5.85703e-15,6.93999e-10,5.85703e-15,0.0002,6.39751e-10,6.93999e-10,6.39751e-10,0.0002,62
0.598038,0.34072,-1.61896,0.59795,0.340764,-1.61894,-0.0022624,-0.0136805,-0.0499601,12.3093,0.0002,1.29338e-14,-1.3375e-09,1.29338e-14,0.0002,-1.20835e-09,-1.3375e-09,-1.20835e-09,0.0002,62
0.59801,0.340697,-1.61894,0.597897,0.340606,-1.61888,-0.0022905,-0.0137031,-0.0499449,12.2801,0.0002,7.45015e-15,-8.55999e-10,7.45015e-15,0.0002,-7.73341e-10,-8.55999e-10,-7.73341e-10,0.0002,62
0.598008,0.340686,-1.61896,0.598,0.340644,-1.61904,-0.00229236,-0.0137136,-0.0499646,12.2801,0.0002,4.42916e-15,-5.4784e-10,4.42916e-15,0.0002,-4.94938e-10,-5.4784e-10,-4.94938e-10,0.0002,62
0.59803,0.340717,-1.61899,0.598069,0.340893,-1.61876,-0.00227004,-0.0136834,-0.0499862,12.3126,0.0002,1.4185e-14,1.43117e-09,1.4185e-14,0.0002,1.30088e-09,1.43117e-09,1.30088e-09,0.0002,62
0.598072,0.340683,-1.61899,0.59824,0.340549,-1.619,-0.00222802,-0.0137169,-0.0499899,12.3093,0.0002,8.12514e-15,9.15948e-10,8.12514e-15,0.0002,8.32566e-10,9.15948e-10,8.32566e-10,0.0002,62
0.598088,0.340678,-1.61901,0.598152,0.340656,-1.61907,-0.00221194,-0.0137222,-0.0500067,12.2832,0.0002,4.80965e-15,5.86207e-10,4.80965e-15,0.0002,5.32842e-10,5.86207e-10,5.32842e-10,0.0002,62
0.598086,0.340701,-1.61899,0.59808,0.340795,-1.61894,-0.00221353,-0.0136988,-0.049993,12.303,0.0002,2.91825e-15,3.75172e-10,2.91825e-15,0.0002,3.41019e-10,3.75172e-10,3.41019e-10,0.0002,62
0.598121,0.340627,-1.61902,0.598261,0.340328,-1.61914,-0.00217858,-0.0137734,-0.0500228,12.332,0.0002,1.80217e-15,2.4011e-10,1.80217e-15,0.0002,2.18252e-10,2.4011e-10,2.18252e-10,0.0002,62
0.598157,0.340528,-1.61903,0.598348,0.340077,-1.61939,-0.00214331,-0.0138722,-0.050032,12.2132,0.0002,1.67773e-14,-1.62795e-09,1.67773e-14,0.0002,-1.47814e-09,-1.62795e-09,-1.47814e-09,0.0002,61
0.59816,0.340423,-1.61908,0.598171,0.340003,-1.61929,-0.00214037,-0.0139771,-0.0500828,12.2401,0.0002,9.50545e-15,-1.04189e-09,9.50545e-15,0.0002,-9.46011e-10,-1.04189e-09,-9.46011e-10,0.0002,61
0.598164,0.340345,-1.61917,0.598182,0.340032,-1.61951,-0.00213598,-0.0140553,-0.0501679,12.2059,0.0002,5.57884e-15,-6.6681e-10,5.57884e-15,0.0002,-6.05447e-10,-6.6681e-10,-6.05447e-10,0.0002,61
0.598218,0.340254,-1.61919,0.598489,0.339944,-1.6196,-0.00208214,-0.0141456,-0.0501915,12.2371,0.0002,-1.46742e-14,1.19081e-09,-1.46742e-14,0.0002,-2.16935e-09,1.19081e-09,-2.16935e-09,0.0002,61
0.598235,0.340243,-1.61926,0.59825,0.340147,-1.61924,-0.00206459,-0.014157,-0.0502646,12.2059,0.0002,-3.33475e-15,-8.55124e-10,-3.33475e-15,0.0002,3.93773e-10,-8.55124e-10,3.93773e-10,0.0002,61
0.59827,0.340175,-1.61938,0.598356,0.339959,-1.6195,-0.00203032,-0.0142251,-0.0503757,12.223,0.0002,1.40919e-14,1.23499e-09,1.40919e-14,0.0002,1.86912e-09,1.23499e-09,1.86912e-09,0.0002,61
0.599315,0.336208,-1.62072,0.603548,0.320282,-1.62644,-0.000984786,-0.0181924,-0.0517248,16.1771,0.0002,4.37192e-15,-9.918e-10,4.37192e-15,0.0002,-4.20955e-10,-9.918e-10,-4.20955e-10,0.0002,47
0.600226,0.332637,-1.6222,0.603873,0.318459,-1.62808,-7.43867e-05,-0.0217633,-0.0531962,16.194,0.0002,-6.50688e-15,2.7644e-09,-6.50688e-15,0.0002,-4.39267e-10,2.7644e-09,-4.39267e-10,0.0002,47
0.600138,0.333485,-1.62245,0.599785,0.336879,-1.62346,-0.00016248,-0.0209148,-0.0534489,12.1106,0.0002,-3.54268e-15,1.76922e-09,-3.54268e-15,0.0002,-2.81131e-10,1.76922e-09,-2.81131e-10,0.0002,61
0.599972,0.334227,-1.62254,0.599312,0.337196,-1.62291,-0.000327645,-0.0201726,-0.0535404,12.122,0.0002,-2.01266e-15,1.1323e-09,-2.01266e-15,0.0002,-1.79924e-10,1.1323e-09,-1.79924e-10,0.0002,61
0.599887,0.334882,-1.62258,0.599545,0.337498,-1.62272,-0.000413128,-0.0195184,-0.0535767,12.1519,0.0002,-1.18379e-15,7.24671e-10,-1.18379e-15,0.0002,-1.15151e-10,7.24671e-10,-1.15151e-10,0.0002,61
0.599759,0.335465,-1.62247,0.59919,0.337748,-1.62238,-0.000541422,-0.0189351,-0.0534741,12.1476,0.0002,-1.33975e-14,-1.14769e-09,-1.33975e-14,0.0002,1.71367e-09,-1.14769e-09,1.71367e-09,0.0002,61
0.599638,0.335849,-1.62243,0.599153,0.337388,-1.62224,-0.000662471,-0.0185505,-0.0534274,12.1823,0.0002,-7.5674e-15,-7.34523e-10,-7.5674e-15,0.0002,1.09675e-09,-7.34523e-10,1.09675e-09,0.0002,61
0.599522,0.336295,-1.62231,0.59906,0.338077,-1.62183,-0.000778068,-0.018105,-0.0533083,12.1846,0.0002,-4.43068e-15,-4.70095e-10,-4.43068e-15,0.0002,7.01917e-10,-4.70095e-10,7.01917e-10,0.0002,61
0.599403,0.336798,-1.62211,0.598926,0.338812,-1.62131,-0.000897179,-0.0176016,-0.0531092,12.2121,0.0002,-2.66669e-15,-3.00861e-10,-2.66669e-15,0.0002,4.49227e-10,-3.00861e-10,4.49227e-10,0.0002,62
0.599317,0.337182,-1.62191,0.598972,0.338718,-1.62112,-0.000983288,-0.0172176,-0.0529107,12.2815,0.0002,-1.63748e-15,-1.92551e-10,-1.63748e-15,0.0002,2.87505e-10,-1.92551e-10,2.87505e-10,0.0002,62
0.599228,0.337456,-1.62177,0.598875,0.338552,-1.62122,-0.00107173,-0.0169437,-0.0527726,12.1937,0.0002,-1.01964e-15,-1.23233e-10,-1.01964e-15,0.0002,1.84003e-10,-1.23233e-10,1.84003e-10,0.0002,61
0.599174,0.337688,-1.62164,0.598957,0.338615,-1.62111,-0.00112604,-0.016712,-0.0526411,12.1937,0.0002,-6.40963e-16,-7.88688e-11,-6.40963e-16,0.0002,1.17762e-10,-7.88688e-11,1.17762e-10,0.0002,61
0.599076,0.337915,-1.62147,0.598684,0.338821,-1.6208,-0.00122409,-0.0164853,-0.0524721,12.1434,0.0002,-4.05461e-16,-5.04761e-11,-4.05461e-16,0.0002,7.53678e-11,-5.04761e-11,7.53678e-11,0.0002,61
0.598989,0.338195,-1.62129,0.59864,0.339319,-1.62058,-0.00131131,-0.0162045,-0.052293,12.2533,0.0002,-2.57547e-16,-3.23047e-11,-2.57547e-16,0.0002,4.82354e-11,-3.23047e-11,4.82354e-11,0.0002,62
0.59886,0.334401,-1.62355,0.599321,0.337544,-1.62273,-0.00114009,-0.0205989,-0.0525493,12.207,0.000200002,-1.25955e-10,5.8615e-07,-1.25955e-10,0.0002,-3.27442e-08,5.8615e-07,-3.27442e-08,0.0002,62
0.598924,0.331109,-1.62378,0.600127,0.335784,-1.62473,-0.00107611,-0.0237909,-0.0527841,12.215,0.000200006,-3.36493e-10,9.46102e-07,-3.36493e-10,0.0002,-5.11044e-08,9.46102e-07,-5.11044e-08,0.000199999,62
0.598847,0.331086,-1.62422,0.598852,0.336622,-1.62724,-0.00115308,-0.0222139,-0.0542212,13.0186,0.000200005,-2.78221e-10,7.85629e-07,-2.78221e-10,0.0002,-4.22028e-08,7.85629e-07,-4.22028e-08,0.000199998,61
0.598785,0.327837,-1.62524,0.599681,0.334641,-1.62964,-0.00121494,-0.0226634,-0.0552401,13.0263,0.00020001,-5.38512e-10,1.13652e-06,-5.38512e-10,0.0002,-6.25521e-08,1.13652e-06,-6.25521e-08,0.000199997,61
0.59888,0.324413,-1.62691,0.600544,0.332431,-1.63203,-0.00111965,-0.0230869,-0.0579132,13.3604,0.000200015,-8.62705e-10,1.4222e-06,-8.62705e-10,0.0002,-7.98802e-08,1.4222e-06,-7.98802e-08,0.000199996,60
0.599098,0.321571,-1.62869,0.601311,0.330313,-1.63421,-0.000902146,-0.023029,-0.0596865,13.233,0.000200019,-1.13331e-09,1.55378e-06,-1.13331e-09,0.0002,-9.26463e-08,1.55378e-06,-9.26463e-08,0.000199994,60
0.59945,0.320738,-1.63014,0.601659,0.329558,-1.63502,-0.000549949,-0.0200619,-0.0611414,13.3036,0.000200017,-1.02388e-09,1.38332e-06,-1.02388e-09,0.0002,-8.36295e-08,1.38332e-06,-8.36295e-08,0.000199994,61
0.599769,0.317981,-1.63198,0.602269,0.327604,-1.63715,-0.000230922,-0.0183187,-0.0629842,13.2505,0.000200021,-1.21301e-09,1.54615e-06,-1.21301e-09,0.0002,-9.14493e-08,1.54615e-06,-9.14493e-08,0.000199993,61
0.59985,0.313546,-1.63234,0.601474,0.317252,-1.63123,-0.00015037,-0.0182535,-0.0623385,8.98214,0.000200024,-1.43453e-09,1.67564e-06,-1.43453e-09,0.0002,-1.00999e-07,1.67564e-06,-1.00999e-07,0.000199992,62
0.600065,0.310594,-1.63268,0.602208,0.316074,-1.6328,6.54332e-05,-0.0162061,-0.062682,8.94643,0.000200024,-1.50445e-09,1.62562e-06,-1.50445e-09,0.0002,-1.05724e-07,1.62562e-06,-1.05724e-07,0.000199992,62
0.600386,0.307207,-1.63344,0.602896,0.314095,-1.63492,0.000385795,-0.0143933,-0.0624435,8.91964,0.000200026,-1.59974e-09,1.69432e-06,-1.59974e-09,0.0002,-1.06739e-07,1.69432e-06,-1.06739e-07,0.000199991,62
0.600774,0.303704,-1.63426,0.603717,0.312143,-1.63723,0.000774313,-0.0126963,-0.0632589,8.82301,0.000200028,-1.76704e-09,1.80279e-06,-1.76704e-09,0.0002,-1.11731e-07,1.80279e-06,-1.11731e-07,0.00019999,62
0.601257,0.301037,-1.63543,0.604562,0.310479,-1.63918,0.00125718,-0.0100627,-0.0644281,8.85204,0.000200029,-1.83397e-09,1.79723e-06,-1.83397e-09,0.0002,-1.14257e-07,1.79723e-06,-1.14257e-07,0.00019999,62
0.601854,0.29572,-1.63337,0.605493,0.296057,-1.62551,0.00185363,-0.00988021,-0.0623723,3.1314,0.00020003,-1.91964e-09,1.84139e-06,-1.91964e-09,0.0002,-1.16098e-07,1.84139e-06,-1.16098e-07,0.000199989,64
0.602394,0.290787,-1.6326,0.605875,0.292819,-1.62894,0.00239396,-0.00951291,-0.0616044,3.15126,0.000200032,-1.99673e-09,1.87472e-06,-1.99673e-09,0.0002,-1.18037e-07,1.87472e-06,-1.18037e-07,0.000199989,63
0.602839,0.286528,-1.63222,0.605996,0.291094,-1.63104,0.00283923,-0.00827156,-0.0612213,3.11345,0.000200033,-2.05845e-09,1.89089e-06,-2.05845e-09,0.0002,-1.19962e-07,1.89089e-06,-1.19962e-07,0.000199988,63
0.603262,0.282782,-1.63229,0.606234,0.289403,-1.63289,0.00326181,-0.00661774,-0.0612859,3.08691,0.000200033,-2.0582e-09,1.90146e-06,-2.0582e-09,0.0002,-1.17532e-07,1.90146e-06,-1.17532e-07,0.000199988,63
0.603496,0.278818,-1.63381,0.605913,0.284982,-1.63959,0.00349649,-0.00508179,-0.0628052,2.56283,0.000200034,-2.12003e-09,1.92159e-06,-2.12003e-09,0.0002,-1.20365e-07,1.92159e-06,-1.20365e-07,0.000199988,65
0.603779,0.275651,-1.63518,0.60626,0.284159,-1.64102,0.00377868,-0.00284859,-0.0641808,2.54917,0.000200034,-2.09419e-09,1.90745e-06,-2.09419e-09,0.0002,-1.18028e-07,1.90745e-06,-1.18028e-07,0.000199988,65
0.603585,0.268587,-1.637,0.604336,0.262508,-1.64492,0.00358501,-0.00451255,-0.0659995,1.03104,0.000200034,-2.1552e-09,1.9305e-06,-2.1552e-09,0.0002,-1.21184e-07,1.9305e-06,-1.21184e-07,0.000199987,67
0.603516,0.262824,-1.63915,0.604737,0.260776,-1.64777,0.00351629,-0.0048759,-0.0681501,1.04587,0.000200034,-2.15986e-09,1.90781e-06,-2.15986e-09,0.0002,-1.22131e-07,1.90781e-06,-1.22131e-07,0.000199987,67
0.603553,0.257584,-1.64153,0.605324,0.258688,-1.65107,0.00355275,-0.00461572,-0.070529,1.12963,0.000200034,-2.2367e-09,1.92714e-06,-2.2367e-09,0.0002,-1.26507e-07,1.92714e-06,-1.26507e-07,0.000199987,67
0.603683,0.252859,-1.64421,0.605769,0.255011,-1.65465,0.00368341,-0.00404116,-0.0732115,1.21622,0.000200034,-2.24173e-09,1.90727e-06,-2.24173e-09,0.0002,-1.27059e-07,1.90727e-06,-1.27059e-07,0.000199987,64
0.60387,0.248378,-1.64691,0.606368,0.252507,-1.65772,0.00386995,-0.00302222,-0.0759075,1.36937,0.000200035,-2.34379e-09,1.92654e-06,-2.34379e-09,0.0002,-1.33234e-07,1.92654e-06,-1.33234e-07,0.000199987,64
0.604089,0.244703,-1.64968,0.606742,0.250934,-1.66046,0.00408879,-0.00139713,-0.0786771,1.40541,0.000200034,-2.40364e-09,1.90297e-06,-2.40364e-09,0.0002,-1.38122e-07,1.90297e-06,-1.38122e-07,0.000199987,64
0.603444,0.237008,-1.64982,0.602608,0.228173,-1.65037,0.00344436,-0.00369246,-0.0788163,1.11667,0.000200034,-2.51061e-09,1.92011e-06,-2.51061e-09,0.0002,-1.43904e-07,1.92011e-06,-1.43904e-07,0.000199987,68
0.603014,0.230729,-1.65055,0.603036,0.226546,-1.65315,0.00301435,-0.00467131,-0.0795453,1.17647,0.000200034,-2.55308e-09,1.8987e-06,-2.55308e-09,0.0002,-1.469e-07,1.8987e-06,-1.469e-07,0.000199987,68
0.602729,0.22504,-1.65165,0.603383,0.22412,-1.65607,0.00272853,-0.00486009,-0.0806484,1.2605,0.000200034,-2.6238e-09,1.91393e-06,-2.6238e-09,0.0002,-1.4986e-07,1.91393e-06,-1.4986e-07,0.000199987,66
0.602569,0.22018,-1.65321,0.603801,0.221611,-1.65946,0.00256874,-0.00441965,-0.0822083,1.36134,0.000200034,-2.66751e-09,1.89281e-06,-2.66751e-09,0.0002,-1.53444e-07,1.89281e-06,-1.53444e-07,0.000199987,66
0.602496,0.215703,-1.65497,0.60409,0.219623,-1.66202,0.00249557,-0.00349674,-0.0839676,1.39496,0.000200034,-2.73213e-09,1.91001e-06,-2.73213e-09,0.0002,-1.55909e-07,1.91001e-06,-1.55909e-07,0.000199987,66
0.602515,0.211941,-1.65692,0.60444,0.217659,-1.66474,0.00251547,-0.00195853,-0.0859184,1.49153,0.000200033,-2.72575e-09,1.88701e-06,-2.72575e-09,0.0002,-1.55855e-07,1.88701e-06,-1.55855e-07,0.000199987,66
0.601761,0.204919,-1.65486,0.600477,0.198618,-1.64694,0.00176111,-0.00358083,-0.0838606,1.60234,0.000200034,-2.78006e-09,1.90454e-06,-2.78006e-09,0.0002,-1.58147e-07,1.90454e-06,-1.58147e-07,0.000199987,67
0.601171,0.199129,-1.6537,0.60062,0.196841,-1.64905,0.00117088,-0.00407125,-0.0826992,1.6142,0.000200033,-2.8075e-09,1.88662e-06,-2.8075e-09,0.0002,-1.60892e-07,1.88662e-06,-1.60892e-07,0.000199987,67
0.600735,0.193563,-1.65431,0.600774,0.192976,-1.65705,0.000735421,-0.00433711,-0.0833061,1.22656,0.000200034,-2.80728e-09,1.90108e-06,-2.80728e-09,0.0002,-1.58845e-07,1.90108e-06,-1.58845e-07,0.000199987,68
0.600432,0.188917,-1.65549,0.601056,0.191045,-1.65993,0.000431656,-0.00368298,-0.0844927,1.32031,0.000200033,-2.79032e-09,1.87949e-06,-2.79032e-09,0.0002,-1.58901e-07,1.87949e-06,-1.58901e-07,0.000199987,68
0.600253,0.184433,-1.65702,0.601347,0.188223,-1.66312,0.000252658,-0.00276728,-0.0860156,1.39285,0.000200034,-2.78997e-09,1.89825e-06,-2.78997e-09,0.0002,-1.57318e-07,1.89825e-06,-1.57318e-07,0.000199987,67
0.599461,0.176927,-1.6548,0.597975,0.167576,-1.64592,-0.000539253,-0.00507281,-0.083798,1.53595,0.000200033,-2.77305e-09,1.87597e-06,-2.77305e-09,0.0002,-1.57825e-07,1.87597e-06,-1.57825e-07,0.000199988,68
0.598835,0.170475,-1.65346,0.59809,0.166291,-1.64812,-0.00116486,-0.00612517,-0.0824643,1.53518,0.000200033,-2.8051e-09,1.89236e-06,-2.8051e-09,0.0002,-1.59252e-07,1.89236e-06,-1.59252e-07,0.000199988,68
0.598337,0.164924,-1.65391,0.598076,0.163386,-1.65567,-0.00166343,-0.0063763,-0.0829064,1.19853,0.000200033,-2.75664e-09,1.87241e-06,-2.75664e-09,0.0002,-1.56714e-07,1.87241e-06,-1.56714e-07,0.000199988,71
0.597961,0.159833,-1.65477,0.598246,0.161039,-1.65853,-0.0020392,-0.00616713,-0.0837681,1.22794,0.000200033,-2.7592e-09,1.88858e-06,-2.7592e-09,0.0002,-1.56033e-07,1.88858e-06,-1.56033e-07,0.000199988,71
0.59768,0.15564,-1.65609,0.598463,0.159521,-1.66137,-0.00232018,-0.00505988,-0.0850872,1.3037,0.000200033,-2.7727e-09,1.86963e-06,-2.7727e-09,0.0002,-1.58907e-07,1.86963e-06,-1.58907e-07,0.000199988,71
0.597511,0.151726,-1.6576,0.598639,0.157586,-1.66368,-0.00248929,-0.00367368,-0.0866043,1.40053,0.000200033,-2.76811e-09,1.88513e-06,-2.76811e-09,0.0002,-1.57156e-07,1.88513e-06,-1.57156e-07,0.000199988,71
0.596737,0.14463,-1.65663,0.595377,0.136804,-1.6521,-0.0032633,-0.00557007,-0.0856327,1.07586,0.000200033,-2.75555e-09,1.86415e-06,-2.75555e-09,0.0002,-1.5792e-07,1.86415e-06,-1.5792e-07,0.000199988,72
0.596137,0.13808,-1.65628,0.595517,0.133346,-1.6552,-0.00386341,-0.00681954,-0.0852842,1.22505,0.000200033,-2.77555e-09,1.87975e-06,-2.77555e-09,0.0002,-1.58395e-07,1.87975e-06,-1.58395e-07,0.000199988,72
0.595671,0.132621,-1.65668,0.595633,0.13128,-1.65793,-0.00432909,-0.00707938,-0.0856762,1.31513,0.000200032,-2.76752e-09,1.85894e-06,-2.76752e-09,0.0002,-1.59342e-07,1.85894e-06,-1.59342e-07,0.000199988,72
0.595316,0.127766,-1.65747,0.595776,0.129749,-1.66063,-0.00468402,-0.00663396,-0.0864662,1.34668,0.000200033,-2.80329e-09,1.87458e-06,-2.80329e-09,0.0002,-1.60939e-07,1.87458e-06,-1.60939e-07,0.000199988,72
0.595047,0.12394,-1.65852,0.595842,0.129025,-1.66241,-0.00495282,-0.00525972,-0.087517,1.34907,0.000200032,-2.79119e-09,1.85217e-06,-2.79119e-09,0.0002,-1.6145e-07,1.85217e-06,-1.6145e-07,0.000199988,72
0.594852,0.120378,-1.65973,0.595956,0.127582,-1.66425,-0.00514848,-0.00352218,-0.0887265,1.42802,0.000200033,-2.82039e-09,1.87197e-06,-2.82039e-09,0.0002,-1.62057e-07,1.87197e-06,-1.62057e-07,0.000199988,72
0.594138,0.113389,-1.6586,0.593047,0.10578,-1.65411,-0.00586183,-0.00531067,-0.0876037,1.14483,0.000200032,-2.79679e-09,1.84883e-06,-2.79679e-09,0.0002,-1.61743e-07,1.84883e-06,-1.61743e-07,0.000199988,75
0.593547,0.107212,-1.65824,0.593048,0.103907,-1.65676,-0.00645319,-0.00618758,-0.0872354,1.17241,0.000200033,-2.84104e-09,1.86799e-06,-2.84104e-09,0.0002,-1.63796e-07,1.86799e-06,-1.63796e-07,0.000199988,75
0.593093,0.102119,-1.65848,0.593135,0.102135,-1.65978,-0.00690677,-0.00608094,-0.0874805,1.28966,0.000200032,-2.82417e-09,1.84792e-06,-2.82417e-09,0.0002,-1.63677e-07,1.84792e-06,-1.63677e-07,0.000199988,75
0.59272,0.0972806,-1.65921,0.593133,0.0992191,-1.66214,-0.00728006,-0.00561942,-0.0882112,1.3543,0.000200032,-2.8538e-09,1.86403e-06,-2.8538e-09,0.0002,-1.64651e-07,1.86403e-06,-1.64651e-07,0.000199988,74
0.592445,0.0933227,-1.66021,0.593193,0.0978278,-1.66422,-0.00755527,-0.00442728,-0.0892113,1.41007,0.000200032,-2.81748e-09,1.84378e-06,-2.81748e-09,0.0002,-1.63068e-07,1.84378e-06,-1.63068e-07,0.000199988,74
0.591705,0.085066,-1.65587,0.590455,0.0733495,-1.63849,-0.00829458,-0.00742396,-0.0848676,0.298776,0.000200032,-2.86195e-09,1.86127e-06,-2.86195e-09,0.0002,-1.6544e-07,1.86127e-06,-1.6544e-07,0.000199988,76
0.591144,0.0784077,-1.6526,0.590533,0.0720761,-1.63983,-0.00885638,-0.00891234,-0.0815973,0.328685,0.000200032,-2.81372e-09,1.84037e-06,-2.81372e-09,0.0002,-1.62896e-07,1.84037e-06,-1.62896e-07,0.000199988,76
0.590679,0.0727025,-1.65047,0.590458,0.0710905,-1.64198,-0.00932146,-0.00936748,-0.079474,0.369218,0.000200032,-2.78882e-09,1.85614e-06,-2.78882e-09,0.0002,-1.59863e-07,1.85614e-06,-1.59863e-07,0.000199988,76
0.590347,0.0681707,-1.64914,0.590533,0.070355,-1.6441,-0.0096526,-0.0087493,-0.078135,0.427247,0.000200032,-2.67366e-09,1.83766e-06,-2.67366e-09,0.0002,-1.52432e-07,1.83766e-06,-1.52432e-07,0.000199988,76
0.590039,0.0641452,-1.64839,0.590489,0.0691946,-1.64571,-0.00996085,-0.00754479,-0.0773868,0.466316,0.000200032,-2.66696e-09,1.85277e-06,-2.66696e-09,0.0002,-1.52327e-07,1.85277e-06,-1.52327e-07,0.000199988,76
0.589813,0.0609971,-1.64813,0.590518,0.0686017,-1.64676,-0.0101867,-0.0055529,-0.0771254,0.484307,0.000200032,-2.60092e-09,1.83194e-06,-2.60092e-09,0.0002,-1.49484e-07,1.83194e-06,-1.49484e-07,0.000199988,76
0.589254,0.0534847,-1.64499,0.588558,0.0445977,-1.63214,-0.0107464,-0.00783528,-0.0739926,0.161424,0.000200032,-2.60698e-09,1.84916e-06,-2.60698e-09,0.0002,-1.49865e-07,1.84916e-06,-1.49865e-07,0.000199988,79
0.58884,0.0475247,-1.64293,0.588587,0.0438438,-1.63468,-0.0111604,-0.00866535,-0.0719291,0.207338,0.000200031,-2.50752e-09,1.82823e-06,-2.50752e-09,0.0002,-1.43841e-07,1.82823e-06,-1.43841e-07,0.000199988,79
0.588497,0.0423711,-1.6417,0.58855,0.0429277,-1.63709,-0.0115029,-0.00858888,-0.0706983,0.23603,0.000200032,-2.45129e-09,1.84731e-06,-2.45129e-09,0.0002,-1.39234e-07,1.84731e-06,-1.39234e-07,0.000199988,79
0.588203,0.0382209,-1.64119,0.588489,0.0418282,-1.63882,-0.0117969,-0.00761909,-0.0701854,0.30204,0.000200031,-2.3874e-09,1.82878e-06,-2.3874e-09,0.0002,-1.36782e-07,1.82878e-06,-1.36782e-07,0.000199988,79
0.587718,0.0349604,-1.6391,0.587222,0.0429811,-1.63105,-0.0122822,-0.00566955,-0.0680981,0.341102,0.000200032,-2.38178e-09,1.84411e-06,-2.38178e-09,0.0002,-1.36691e-07,1.84411e-06,-1.36691e-07,0.000199988,79
0.587341,0.0324738,-1.63761,0.587086,0.0426436,-1.63132,-0.0126586,-0.00303616,-0.0666087,0.352756,0.000200031,-2.27175e-09,1.82369e-06,-2.27175e-09,0.0002,-1.29846e-07,1.82369e-06,-1.29846e-07,0.000199988,79
0.586972,0.0251229,-1.63513,0.58687,0.0164135,-1.62522,-0.0130283,-0.00526706,-0.0641308,0.111111,0.000200031,-2.2662e-09,1.82902e-06,-2.2662e-09,0.0002,-1.30798e-07,1.82902e-06,-1.30798e-07,0.000199988,80
0.586721,0.0194361,-1.63393,0.58677,0.0155918,-1.62848,-0.0132788,-0.00610392,-0.0629277,0.0972222,0.00020003,-2.07534e-09,1.77525e-06,-2.07534e-09,0.0002,-1.19352e-07,1.77525e-06,-1.19352e-07,0.000199989,80
0.586489,0.0148875,-1.63344,0.586651,0.0144213,-1.63084,-0.0135114,-0.00625246,-0.0624369,0.119757,0.000200028,-1.90585e-09,1.70331e-06,-1.90585e-09,0.0002,-1.12328e-07,1.70331e-06,-1.12328e-07,0.000199989,80
0.586326,0.0116309,-1.63333,0.586617,0.0136777,-1.63292,-0.013674,-0.00568908,-0.0623338,0.150411,0.000200025,-1.66147e-09,1.57239e-06,-1.66147e-09,0.0002,-1.02139e-07,1.57239e-06,-1.02139e-07,0.00019999,80
0.586193,0.00935658,-1.63356,0.586525,0.0131525,-1.63415,-0.0138075,-0.00475342,-0.0625605,0.177917,0.000200021,-1.41483e-09,1.41888e-06,-1.41483e-09,0.0002,-9.29402e-08,1.41888e-06,-9.29402e-08,0.000199991,80
0.586142,0.00757842,-1.63342,0.586588,0.0108684,-1.63286,-0.0138583,-0.00392158,-0.0624195,0.286536,0.000200017,-1.13826e-09,1.24092e-06,-1.13826e-09,0.0002,-8.03997e-08,1.24092e-06,-8.03997e-08,0.000199992,81
0.585939,0.00335457,-1.63099,0.585529,-0.00530718,-1.62159,-0.014061,-0.00607743,-0.0599908,0.0909091,0.000200013,-8.68945e-10,1.05752e-06,-8.68945e-10,0.0002,-6.62421e-08,1.05752e-06,-6.62421e-08,0.000199994,84
0.585724,-0.000403876,-1.6295,0.585472,-0.00561828,-1.6232,-0.0142757,-0.00762988,-0.0584955,0.104895,0.000200011,-7.42015e-10,9.90936e-07,-7.42015e-10,0.0002,-6.30558e-08,9.90936e-07,-6.30558e-08,0.000199995,84
0.585515,-0.00423046,-1.62837,0.585428,-0.00637005,-1.62516,-0.0144854,-0.00803646,-0.0573736,0.0979021,0.000200012,-7.25027e-10,1.05548e-06,-7.25027e-10,0.0002,-6.49787e-08,1.05548e-06,-6.49787e-08,0.000199995,84
0.585267,-0.00796235,-1.62825,0.585181,-0.0071751,-1.62775,-0.0147326,-0.00773215,-0.0572487,0.104895,0.000200013,-7.90275e-10,1.17835e-06,-7.90275e-10,0.0002,-7.05705e-08,1.17835e-06,-7.05705e-08,0.000199995,84
0.58504,-0.0118604,-1.62821,0.58515,-0.00892157,-1.62901,-0.0149599,-0.00714743,-0.0572105,0.142431,0.000200016,-9.24165e-10,1.34712e-06,-9.24165e-10,0.0002,-7.74247e-08,1.34712e-06,-7.74247e-08,0.000199995,86
0.58476,-0.0176876,-1.62659,0.584668,-0.0231048,-1.62042,-0.0152396,-0.00829563,-0.0555883,0.142857,0.000200018,-1.04956e-09,1.43455e-06,-1.04956e-09,0.0002,-8.41102e-08,1.43455e-06,-8.41102e-08,0.000199994,85
0.584467,-0.0230636,-1.62618,0.584402,-0.024284,-1.62391,-0.0155333,-0.00876365,-0.0551796,0.15,0.000200021,-1.21304e-09,1.56709e-06,-1.21304e-09,0.0002,-9.01791e-08,1.56709e-06,-9.01791e-08,0.000199993,85
0.584206,-0.0273341,-1.62623,0.58428,-0.0253575,-1.62674,-0.0157937,-0.0081241,-0.0552285,0.164286,0.000200023,-1.31034e-09,1.61276e-06,-1.31034e-09,0.0002,-9.31788e-08,1.61276e-06,-9.31788e-08,0.000199992,85
0.583975,-0.0314335,-1.62681,0.584212,-0.0272309,-1.62849,-0.0160248,-0.00716354,-0.0558075,0.228571,0.000200025,-1.42682e-09,1.69134e-06,-1.42682e-09,0.0002,-9.6316e-08,1.69134e-06,-9.6316e-08,0.000199991,87
0.583749,-0.0346844,-1.62752,0.583924,-0.0280948,-1.63069,-0.0162509,-0.00541439,-0.0565206,0.251604,0.000200026,-1.45811e-09,1.70942e-06,-1.45811e-09,0.0002,-9.5042e-08,1.70942e-06,-9.5042e-08,0.000199991,87
0.583531,-0.0376365,-1.62882,0.583883,-0.0287417,-1.63337,-0.0164693,-0.0032565,-0.0578183,0.255154,0.000200028,-1.54939e-09,1.75654e-06,-1.54939e-09,0.0002,-9.85532e-08,1.75654e-06,-9.85532e-08,0.00019999,87
0.583197,-0.0442478,-1.62699,0.58304,-0.0508394,-1.61967,-0.0168031,-0.00484781,-0.0559881,0.162963,0.000200028,-1.63117e-09,1.75927e-06,-1.63117e-09,0.0002,-1.03373e-07,1.75927e-06,-1.03373e-07,0.00019999,89
0.582909,-0.0498585,-1.62626,0.582881,-0.0516987,-1.62332,-0.0170914,-0.00533847,-0.0552552,0.17037,0.000200029,-1.67139e-09,1.78507e-06,-1.67139e-09,0.0002,-1.03236e-07,1.78507e-06,-1.03236e-07,0.00019999,89
0.582645,-0.0543893,-1.62634,0.582696,-0.0526548,-1.62667,-0.0173553,-0.0048393,-0.0553383,0.162963,0.000200029,-1.66241e-09,1.77782e-06,-1.66241e-09,0.0002,-1.01344e-07,1.77782e-06,-1.01344e-07,0.000199989,89
0.582388,-0.0586883,-1.62654,0.582521,-0.0551776,-1.62733,-0.0176122,-0.00403835,-0.0555376,0.286765,0.00020003,-1.68898e-09,1.80035e-06,-1.68898e-09,0.0002,-1.01697e-07,1.80035e-06,-1.01697e-07,0.000199989,88
0.58213,-0.0620914,-1.62719,0.582232,-0.0559538,-1.62978,-0.0178696,-0.00241141,-0.0561874,0.301471,0.00020003,-1.67006e-09,1.78419e-06,-1.67006e-09,0.0002,-1.00349e-07,1.78419e-06,-1.00349e-07,0.000199989,88
0.581937,-0.0655358,-1.6277,0.582294,-0.0586583,-1.62944,-0.0180633,-0.000755842,-0.0567021,0.518855,0.00020003,-1.67763e-09,1.80279e-06,-1.67763e-09,0.0002,-9.98809e-08,1.80279e-06,-9.98809e-08,0.000199989,88
0.581405,-0.0721543,-1.62571,0.580316,-0.0788728,-1.61773,-0.0185947,-0.00235427,-0.0547103,4.13296,0.00020003,-1.66849e-09,1.78571e-06,-1.66849e-09,0.0002,-9.99226e-08,1.78571e-06,-9.99226e-08,0.000199989,91
0.580919,-0.0778134,-1.62485,0.580119,-0.0797956,-1.62107,-0.0190811,-0.00291344,-0.0538483,4.1112,0.00020003,-1.70455e-09,1.80363e-06,-1.70455e-09,0.0002,-1.0203e-07,1.80363e-06,-1.0203e-07,0.000199989,91
0.580564,-0.0823718,-1.62459,0.580147,-0.0809015,-1.62386,-0.0194364,-0.00247175,-0.0535883,4.12552,0.00020003,-1.64583e-09,1.78474e-06,-1.64583e-09,0.0002,-9.7653e-08,1.78474e-06,-9.7653e-08,0.000199989,93
0.580286,-0.0863859,-1.62502,0.580302,-0.0818404,-1.62674,-0.0197144,-0.00139592,-0.0540193,4.14831,0.00020003,-1.65413e-09,1.80145e-06,-1.65413e-09,0.0002,-9.79925e-08,1.80145e-06,-9.79925e-08,0.000199989,93
0.580042,-0.0895936,-1.62596,0.580229,-0.0827292,-1.6294,-0.0199579,0.000396419,-0.0549586,4.14758,0.00020003,-1.64849e-09,1.78315e-06,-1.64849e-09,0.0002,-9.86754e-08,1.78315e-06,-9.86754e-08,0.000199989,93
0.579834,-0.0924995,-1.62724,0.580183,-0.0836304,-1.63175,-0.0201661,0.00256052,-0.0562434,4.17772,0.00020003,-1.66501e-09,1.79698e-06,-1.66501e-09,0.0002,-9.94667e-08,1.79698e-06,-9.94667e-08,0.000199989,93
0.579026,-0.100148,-1.62397,0.576812,-0.11104,-1.61054,-0.0209738,-0.00014823,-0.052969,11.1742,0.00020003,-1.67387e-09,1.7802e-06,-1.67387e-09,0.0002,-1.01021e-07,1.7802e-06,-1.01021e-07,0.000199989,93
0.578308,-0.105795,-1.62301,0.576428,-0.107828,-1.61882,-0.0216922,-0.00069546,-0.0520067,10.4701,0.00020003,-1.65154e-09,1.79696e-06,-1.65154e-09,0.0002,-9.8002e-08,1.79696e-06,-9.8002e-08,0.000199989,95
0.577735,-0.11033,-1.62271,0.576458,-0.108816,-1.62149,-0.0222648,-0.000229544,-0.0517065,10.4923,0.00020003,-1.60913e-09,1.77874e-06,-1.60913e-09,0.0002,-9.55749e-08,1.77874e-06,-9.55749e-08,0.000199989,95
0.577235,-0.11428,-1.62297,0.576318,-0.109581,-1.62466,-0.0227651,0.000820486,-0.0519731,10.4594,0.00020003,-1.60617e-09,1.79428e-06,-1.60617e-09,0.0002,-9.51413e-08,1.79428e-06,-9.51413e-08,0.000199989,95
0.57679,-0.117419,-1.62367,0.576176,-0.110442,-1.6271,-0.0232098,0.00268094,-0.0526729,10.429,0.00020003,-1.60883e-09,1.77345e-06,-1.60883e-09,0.0002,-9.68448e-08,1.77345e-06,-9.68448e-08,0.000199989,95
0.576483,-0.124726,-1.62106,0.576165,-0.1335,-1.6103,-0.0235166,0.000473958,-0.0500619,10.5607,0.00020003,-1.59505e-09,1.78925e-06,-1.59505e-09,0.0002,-9.49548e-08,1.78925e-06,-9.49548e-08,0.000199989,101
0.576192,-0.130526,-1.61912,0.575877,-0.134229,-1.6123,-0.0238083,-0.000426351,-0.0481197,10.5424,0.000200029,-1.52539e-09,1.76886e-06,-1.52539e-09,0.0002,-9.02975e-08,1.76886e-06,-9.02975e-08,0.000199989,101
0.575946,-0.135637,-1.61837,0.575962,-0.13563,-1.61441,-0.0240537,-0.000536877,-0.0473689,10.5202,0.00020003,-1.5353e-09,1.78628e-06,-1.5353e-09,0.0002,-9.12884e-08,1.78628e-06,-9.12884e-08,0.000199989,101
0.575708,-0.139664,-1.61801,0.575666,-0.136329,-1.61657,-0.0242917,0.000436298,-0.0470103,10.4916,0.000200029,-1.4807e-09,1.76525e-06,-1.4807e-09,0.0002,-8.80384e-08,1.76525e-06,-8.80384e-08,0.000199989,101
0.575496,-0.143237,-1.61826,0.575622,-0.137132,-1.61927,-0.0245038,0.00186324,-0.0472622,10.505,0.00020003,-1.47013e-09,1.7824e-06,-1.47013e-09,0.0002,-8.7181e-08,1.7824e-06,-8.7181e-08,0.000199989,101
0.575365,-0.14665,-1.61775,0.575696,-0.140805,-1.616,-0.0246345,0.00345013,-0.0467471,10.8548,0.000200029,-1.41262e-09,1.76455e-06,-1.41262e-09,0.0002,-8.3675e-08,1.76455e-06,-8.3675e-08,0.000199989,100
0.574946,-0.153254,-1.61487,0.574141,-0.159428,-1.60304,-0.025054,0.00184597,-0.0438714,18.73,0.000200029,-1.43124e-09,1.77678e-06,-1.43124e-09,0.0002,-8.57282e-08,1.77678e-06,-8.57282e-08,0.000199989,105
0.574588,-0.158584,-1.61239,0.573909,-0.160457,-1.60308,-0.0254125,0.00141553,-0.0413871,18.6635,0.000200029,-1.37769e-09,1.75928e-06,-1.37769e-09,0.0002,-8.22054e-08,1.75928e-06,-8.22054e-08,0.000199989,105
0.574292,-0.163161,-1.61083,0.573833,-0.161113,-1.60428,-0.0257076,0.00183876,-0.0398301,18.6471,0.000200029,-1.3293e-09,1.77711e-06,-1.3293e-09,0.0002,-7.80583e-08,1.77711e-06,-7.80583e-08,0.000199989,105
0.573999,-0.166747,-1.60993,0.573561,-0.161749,-1.60634,-0.0260009,0.00315265,-0.0389328,18.6226,0.000200029,-1.26832e-09,1.75619e-06,-1.26832e-09,0.0002,-7.47448e-08,1.75619e-06,-7.47448e-08,0.000199989,105
0.573818,-0.170487,-1.60858,0.573885,-0.165201,-1.60346,-0.0261815,0.00441283,-0.0375761,19.0794,0.000200029,-1.26195e-09,1.77166e-06,-1.26195e-09,0.0002,-7.48495e-08,1.77166e-06,-7.48495e-08,0.000199989,105
0.573682,-0.173372,-1.60789,0.573828,-0.165566,-1.60449,-0.0263184,0.00642823,-0.0368864,19.14,0.000200029,-1.20454e-09,1.75275e-06,-1.20454e-09,0.0002,-7.13945e-08,1.75275e-06,-7.13945e-08,0.000199989,105
0.5739,-0.180105,-1.6033,0.57527,-0.18678,-1.58527,-0.0261004,0.00469536,-0.0322971,20.7993,0.000200029,-1.15996e-09,1.76964e-06,-1.15996e-09,0.0002,-6.7979e-08,1.76964e-06,-6.7979e-08,0.000199989,109
0.574147,-0.185515,-1.5993,0.57559,-0.187804,-1.58331,-0.0258531,0.00418492,-0.0282966,20.5768,0.000200029,-1.08888e-09,1.75158e-06,-1.08888e-09,0.0002,-6.36317e-08,1.75158e-06,-6.36317e-08,0.000199989,108
0.574322,-0.190077,-1.59621,0.575464,-0.188122,-1.58389,-0.0256775,0.00462279,-0.0252135,20.5969,0.000200029,-1.02625e-09,1.76731e-06,-1.02625e-09,0.0002,-5.91485e-08,1.76731e-06,-5.91485e-08,0.000199989,108
0.574574,-0.194238,-1.59307,0.575933,-0.191525,-1.58051,-0.0254263,0.00536224,-0.02207,21.0014,0.000200029,-9.37891e-10,1.75021e-06,-9.37891e-10,0.0002,-5.35948e-08,1.75021e-06,-5.35948e-08,0.000199989,107
0.574784,-0.197708,-1.59077,0.575964,-0.191492,-1.58093,-0.025216,0.00689152,-0.0197676,21.0084,0.000200029,-8.63898e-10,1.76313e-06,-8.63898e-10,0.0002,-4.87266e-08,1.76313e-06,-4.87266e-08,0.000199989,107
0.575441,-0.206742,-1.58558,0.578279,-0.223893,-1.56518,-0.0245591,0.00265753,-0.0145788,22.4164,0.000200028,-7.90198e-10,1.73568e-06,-7.90198e-10,0.0002,-4.4968e-08,1.73568e-06,-4.4968e-08,0.000199989,108
0.575973,-0.213976,-1.58161,0.578207,-0.224296,-1.56578,-0.0240271,2.40663e-05,-0.0106133,22.7168,0.000200028,-6.76804e-10,1.70629e-06,-6.76804e-10,0.0002,-3.7582e-08,1.70629e-06,-3.7582e-08,0.00019999,109
0.576366,-0.219413,-1.57863,0.577994,-0.224676,-1.56672,-0.0236343,-0.00121322,-0.00763199,22.6461,0.000200026,-5.44212e-10,1.61945e-06,-5.44212e-10,0.0002,-2.97574e-08,1.61945e-06,-2.97574e-08,0.00019999,109
0.576682,-0.223445,-1.5764,0.57803,-0.224949,-1.56716,-0.0233175,-0.00164537,-0.00539784,22.7514,0.000200023,-4.3546e-10,1.50433e-06,-4.3546e-10,0.0002,-2.44494e-08,1.50433e-06,-2.44494e-08,0.000199991,109
0.576887,-0.226285,-1.57468,0.577717,-0.225516,-1.56782,-0.0231126,-0.00138456,-0.00368047,22.8659,0.000200019,-3.18961e-10,1.35071e-06,-3.18961e-10,0.0002,-1.78204e-08,1.35071e-06,-1.78204e-08,0.000199992,110
0.577081,-0.228119,-1.5733,0.577852,-0.225461,-1.56778,-0.0229192,-0.000719378,-0.00229842,22.9062,0.000200016,-2.25409e-10,1.18434e-06,-2.25409e-10,0.0002,-1.26474e-08,1.18434e-06,-1.26474e-08,0.000199993,110
0.577248,-0.234614,-1.57208,0.577797,-0.252614,-1.56719,-0.0227525,-0.00521379,-0.0010752,28.682,0.000200012,-1.31766e-10,1.01322e-06,-1.31766e-10,0.0002,-5.32957e-09,1.01322e-06,-5.32957e-09,0.000199994,113
0.576218,-0.239619,-1.57142,0.577677,-0.25438,-1.56851,-0.0225816,-0.00881928,-0.000420387,28.1378,0.000200009,-1.04417e-09,8.16678e-07,-1.04417e-09,0.0002,-1.82312e-07,8.16678e-07,-1.82312e-07,0.000199995,111
0.574278,-0.243478,-1.5711,0.577257,-0.255192,-1.56988,-0.0217218,-0.0118776,-0.000102785,28.0608,0.000200006,-2.13065e-09,6.41571e-07,-2.13065e-09,0.000200001,-4.60488e-07,6.41571e-07,-4.60488e-07,0.000199996,111
0.571791,-0.246559,-1.57098,0.577049,-0.256976,-1.57117,-0.0203095,-0.0144591,2.4203e-05,27.4441,0.000200004,-2.83755e-09,4.7179e-07,-2.83755e-09,0.000200004,-7.81394e-07,4.7179e-07,-7.81394e-07,0.000199997,105
0.569197,-0.249001,-1.57135,0.576851,-0.257448,-1.57197,-0.0185031,-0.0166015,-0.000350099,27.4046,0.000200003,-3.06934e-09,3.44242e-07,-3.06934e-09,0.000200008,-1.07697e-06,3.44242e-07,-1.07697e-06,0.000199996,105
0.566838,-0.250878,-1.57156,0.576708,-0.257821,-1.57277,-0.0159619,-0.0182784,-0.000555321,27.3564,0.000200002,-2.82566e-09,2.38736e-07,-2.82566e-09,0.000200013,-1.30695e-06,2.38736e-07,-1.30695e-06,0.000199995,105
0.562697,-0.254367,-1.57275,0.566503,-0.26801,-1.578,-0.0151034,-0.0216668,-0.00175394,27.544,0.000200001,-2.41414e-09,1.64255e-07,-2.41414e-09,0.000200017,-1.48817e-06,1.64255e-07,-1.48817e-06,0.000199994,107
0.559218,-0.256556,-1.57369,0.566152,-0.26518,-1.57752,-0.013282,-0.0238563,-0.00268911,28.1409,0.000200001,-1.9385e-09,1.10621e-07,-1.9385e-09,0.000200021,-1.61945e-06,1.10621e-07,-1.61945e-06,0.000199993,110
0.556416,-0.25841,-1.57451,0.566323,-0.265658,-1.57818,-0.0108837,-0.0256099,-0.00350808,28.1998,0.0002,-1.537e-09,7.74019e-08,-1.537e-09,0.000200024,-1.71197e-06,7.74019e-08,-1.71197e-06,0.000199992,110
0.554078,-0.259974,-1.5754,0.566156,-0.265975,-1.57873,-0.00782246,-0.0270743,-0.00440119,28.2472,0.0002,-1.24761e-09,5.88463e-08,-1.24761e-09,0.000200027,-1.78141e-06,5.88463e-08,-1.78141e-06,0.000199991,110
0.551246,-0.263914,-1.58036,0.561413,-0.279572,-1.60039,-0.00525376,-0.030914,-0.00936202,23.8087,0.0002,-1.04e-09,4.81068e-08,-1.04e-09,0.000200029,-1.82756e-06,4.81068e-08,-1.82756e-06,0.00019999,78
0.548996,-0.267106,-1.5843,0.561545,-0.279573,-1.60051,-0.00210351,-0.0340057,-0.013298,23.8961,0.0002,-9.49943e-10,4.6369e-08,-9.49943e-10,0.000200031,-1.85891e-06,4.6369e-08,-1.85891e-06,0.000199989,78
0.540479,-0.267698,-1.59374,0.52786,-0.2699,-1.63187,-0.00532128,-0.0342983,-0.0227437,27.2216,0.0002,-9.40187e-10,4.93951e-08,-9.40187e-10,0.000200032,-1.87572e-06,4.93951e-08,-1.87572e-06,0.000199989,112
0.533691,-0.268303,-1.60143,0.527846,-0.270298,-1.6322,-0.00670898,-0.0346034,-0.0304306,27.2809,0.0002,-1.00697e-09,5.68211e-08,-1.00697e-09,0.000200032,-1.8818e-06,5.68211e-08,-1.8818e-06,0.000199988,112
0.528388,-0.268893,-1.60766,0.527587,-0.270734,-1.63293,-0.00701206,-0.0348933,-0.0366621,27.2082,0.0002,-1.06252e-09,6.23754e-08,-1.06252e-09,0.000200032,-1.85711e-06,6.23754e-08,-1.85711e-06,0.000199988,112
0.524525,-0.269417,-1.61279,0.527632,-0.270935,-1.63334,-0.00617461,-0.0350171,-0.0417935,27.2167,0.0002,-1.07775e-09,6.57055e-08,-1.07775e-09,0.00020003,-1.78201e-06,6.57055e-08,-1.78201e-06,0.000199988,112
0.521554,-0.271457,-1.61854,0.525938,-0.279203,-1.64131,-0.00504604,-0.0367567,-0.0475443,24.5365,0.0002,-9.98689e-10,6.27216e-08,-9.98689e-10,0.000200027,-1.66076e-06,6.27216e-08,-1.66076e-06,0.000199989,84
0.513369,-0.271688,-1.62584,0.494455,-0.272326,-1.65534,-0.00983105,-0.0365879,-0.0548399,23.9844,0.0002,-8.80962e-10,5.82328e-08,-8.80962e-10,0.000200024,-1.50493e-06,5.82328e-08,-1.50493e-06,0.00019999,90
0.508051,-0.269045,-1.62798,0.498103,-0.257992,-1.63581,-0.012349,-0.033745,-0.0569802,23.2689,0.0002,-7.59537e-10,5.47429e-08,-7.59537e-10,0.000200019,-1.32539e-06,5.47429e-08,-1.32539e-06,0.000199992,120
0.504186,-0.2669,-1.62955,0.497803,-0.258038,-1.63642,-0.0139138,-0.0313002,-0.0585541,23.053,0.0002,-5.95622e-10,4.57296e-08,-5.95622e-10,0.000200015,-1.1386e-06,4.57296e-08,-1.1386e-06,0.000199993,120
0.500161,-0.267837,-1.63501,0.494331,-0.271957,-1.65653,-0.0155389,-0.0321369,-0.0640074,23.8247,0.0002,-3.66147e-10,2.18455e-08,-3.66147e-10,0.000200013,-1.05724e-06,2.18455e-08,-1.05724e-06,0.000199994,94
0.496157,-0.268376,-1.63929,0.494446,-0.271894,-1.65645,-0.0158431,-0.0327762,-0.0682918,23.801,0.0002,3.08341e-11,-2.56889e-08,3.08341e-11,0.000200013,-1.13446e-06,-2.56889e-08,-1.13446e-06,0.000199995,94
0.492343,-0.26864,-1.64279,0.494097,-0.271933,-1.6568,-0.0154572,-0.03334,-0.0717879,23.7661,0.0002,6.31076e-10,-8.44996e-08,6.31076e-10,0.000200015,-1.27059e-06,-8.44996e-08,-1.27059e-06,0.000199995,94
0.485049,-0.268167,-1.64807,0.474696,-0.269152,-1.6689,-0.0179508,-0.0331672,-0.07707,25.1001,0.0002,1.36367e-09,-1.40253e-07,1.36367e-09,0.000200018,-1.416e-06,-1.40253e-07,-1.416e-06,0.000199994,96
0.478907,-0.267589,-1.65292,0.473988,-0.268323,-1.67266,-0.0191933,-0.0328891,-0.0819226,25.1464,0.0002,2.0627e-09,-1.81121e-07,2.0627e-09,0.00020002,-1.53575e-06,-1.81121e-07,-1.53575e-06,0.000199993,98
0.473804,-0.267039,-1.65714,0.473804,-0.26829,-1.67339,-0.0190958,-0.0327395,-0.0861403,24.9709,0.0002,2.80436e-09,-2.21055e-07,2.80436e-09,0.000200023,-1.63665e-06,-2.21055e-07,-1.63665e-06,0.000199992,98
0.469921,-0.267342,-1.659,0.475085,-0.271754,-1.66617,-0.0177787,-0.0334418,-0.0880009,24.3924,0.0002,3.34806e-09,-2.41574e-07,3.34806e-09,0.000200025,-1.70998e-06,-2.41574e-07,-1.70998e-06,0.000199991,100
0.466743,-0.267534,-1.66052,0.474912,-0.271762,-1.6663,-0.0156574,-0.0339341,-0.0895168,24.3864,0.000200001,3.86734e-09,-2.63318e-07,3.86734e-09,0.000200027,-1.7629e-06,-2.63318e-07,-1.7629e-06,0.00019999,100
0.464231,-0.269639,-1.66084,0.475255,-0.281257,-1.6629,-0.0128685,-0.0364392,-0.0898433,25.6371,0.000200001,4.18435e-09,-2.70069e-07,4.18435e-09,0.000200029,-1.80247e-06,-2.70069e-07,-1.80247e-06,0.00019999,100
0.456422,-0.268462,-1.66444,0.446265,-0.267271,-1.67915,-0.0152784,-0.0355625,-0.0934407,25.1642,0.000200001,4.47995e-09,-2.799e-07,4.47995e-09,0.00020003,-1.82898e-06,-2.799e-07,-1.82898e-06,0.000199989,101
0.45034,-0.271516,-1.66574,0.447025,-0.286883,-1.67082,-0.0161602,-0.0389164,-0.0947426,25.8337,0.000200001,4.59461e-09,-2.78244e-07,4.59461e-09,0.000200031,-1.84311e-06,-2.78244e-07,-1.84311e-06,0.000199989,74
0.445451,-0.27392,-1.66655,0.447119,-0.286717,-1.67025,-0.0156487,-0.0416198,-0.0955509,25.8199,0.000200001,4.69808e-09,-2.78597e-07,4.69808e-09,0.000200032,-1.85881e-06,-2.78597e-07,-1.85881e-06,0.000199988,74
0.441564,-0.275879,-1.66734,0.44708,-0.286845,-1.67061,-0.0142363,-0.0437792,-0.0963396,25.8449,0.000200001,4.74089e-09,-2.77244e-07,4.74089e-09,0.000200032,-1.86385e-06,-2.77244e-07,-1.86385e-06,0.000199988,74
0.438476,-0.277475,-1.66797,0.447257,-0.28684,-1.67028,-0.0119245,-0.0456753,-0.0969718,25.8734,0.000200001,4.71779e-09,-2.72047e-07,4.71779e-09,0.000200032,-1.86917e-06,-2.72047e-07,-1.86917e-06,0.000199988,74
0.429807,-0.27671,-1.67022,0.416274,-0.276506,-1.67892,-0.0152933,-0.0451098,-0.0992211,29.4274,0.000200001,4.61761e-09,-2.62374e-07,4.61761e-09,0.000200032,-1.87317e-06,-2.62374e-07,-1.87317e-06,0.000199988,75
0.422881,-0.276101,-1.67186,0.41632,-0.276553,-1.67877,-0.0169185,-0.0446014,-0.100864,29.3976,0.000200001,4.5533e-09,-2.57598e-07,4.5533e-09,0.000200033,-1.87555e-06,-2.57598e-07,-1.87555e-06,0.000199988,75
0.417374,-0.275684,-1.67328,0.41634,-0.276743,-1.67896,-0.0171256,-0.0442836,-0.10228,29.4326,0.000200001,4.44143e-09,-2.50114e-07,4.44143e-09,0.000200033,-1.87235e-06,-2.50114e-07,-1.87235e-06,0.000199988,75
0.412627,-0.272782,-1.67621,0.414744,-0.263806,-1.68784,-0.0164735,-0.0414817,-0.105213,26.1023,0.000200001,4.29425e-09,-2.39853e-07,4.29425e-09,0.000200033,-1.87427e-06,-2.39853e-07,-1.87427e-06,0.000199988,103
0.408843,-0.270485,-1.67848,0.414719,-0.263844,-1.68744,-0.0150574,-0.0392852,-0.107475,26.0795,0.000200001,4.15454e-09,-2.31526e-07,4.15454e-09,0.000200033,-1.87223e-06,-2.31526e-07,-1.87223e-06,0.000199988,103
0.405856,-0.268665,-1.68034,0.414884,-0.263791,-1.6874,-0.0127438,-0.0374653,-0.109337,26.152,0.0002,4.002e-09,-2.22515e-07,4.002e-09,0.000200033,-1.8696e-06,-2.22515e-07,-1.8696e-06,0.000199988,103
0.397655,-0.264882,-1.68219,0.38577,-0.25214,-1.68944,-0.0157454,-0.0336823,-0.111185,29.0808,0.0002,3.87642e-09,-2.16067e-07,3.87642e-09,0.000200033,-1.86628e-06,-2.16067e-07,-1.86628e-06,0.000199988,106
0.391091,-0.261926,-1.68366,0.38584,-0.252251,-1.68911,-0.0169089,-0.0306265,-0.112656,29.2741,0.0002,3.70144e-09,-2.04965e-07,3.70144e-09,0.000200033,-1.86664e-06,-2.04965e-07,-1.86664e-06,0.000199988,106
0.385854,-0.259603,-1.68479,0.385767,-0.252299,-1.68924,-0.0169459,-0.0282028,-0.113791,29.0898,0.0002,3.50524e-09,-1.93149e-07,3.50524e-09,0.000200032,-1.86229e-06,-1.93149e-07,-1.86229e-06,0.000199988,106
0.381658,-0.258551,-1.68558,0.385864,-0.256142,-1.68869,-0.0158421,-0.027051,-0.114577,28.4074,0.0002,3.29339e-09,-1.79969e-07,3.29339e-09,0.000200032,-1.86359e-06,-1.79969e-07,-1.86359e-06,0.000199988,105
0.37841,-0.257752,-1.6861,0.386161,-0.256166,-1.68787,-0.0139905,-0.0260519,-0.115104,28.3502,0.0002,3.05789e-09,-1.6607e-07,3.05789e-09,0.000200032,-1.8565e-06,-1.6607e-07,-1.8565e-06,0.000199988,105
0.375727,-0.257151,-1.68644,0.385929,-0.256126,-1.6884,-0.0113733,-0.0251513,-0.11544,28.3824,0.0002,2.79343e-09,-1.49502e-07,2.79343e-09,0.000200032,-1.858e-06,-1.49502e-07,-1.858e-06,0.000199988,105
0.368218,-0.254843,-1.68677,0.358933,-0.24675,-1.68802,-0.0136815,-0.0225428,-0.115773,31.6921,0.0002,2.50027e-09,-1.31684e-07,2.50027e-09,0.000200032,-1.85296e-06,-1.31684e-07,-1.85296e-06,0.000199988,107
0.362177,-0.253126,-1.68762,0.358795,-0.247116,-1.69092,-0.0145228,-0.0204264,-0.116616,32.0237,0.0002,2.15991e-09,-1.10361e-07,2.15991e-09,0.000200032,-1.85091e-06,-1.10361e-07,-1.85091e-06,0.000199988,106
0.357355,-0.251723,-1.68777,0.358771,-0.246724,-1.6883,-0.0142446,-0.0185225,-0.116765,31.9117,0.0002,1.82105e-09,-9.01192e-08,1.82105e-09,0.000200032,-1.84699e-06,-9.01192e-08,-1.84699e-06,0.000199988,107
0.353959,-0.251377,-1.68719,0.360306,-0.250327,-1.68458,-0.0126405,-0.0176772,-0.116195,30.8921,0.0002,1.46002e-09,-6.92659e-08,1.46002e-09,0.000200031,-1.81972e-06,-6.92659e-08,-1.81972e-06,0.000199988,108
0.351497,-0.251106,-1.68673,0.360157,-0.250131,-1.68485,-0.010503,-0.016906,-0.115728,30.8196,0.0002,1.09003e-09,-4.84802e-08,1.09003e-09,0.00020003,-1.75685e-06,-4.84802e-08,-1.75685e-06,0.000199989,108
0.350282,-0.25339,-1.68572,0.361539,-0.262482,-1.68146,-0.00771777,-0.0187898,-0.114719,32.511,0.0002,7.60378e-10,-3.11557e-08,7.60378e-10,0.000200027,-1.63998e-06,-3.11557e-08,-1.63998e-06,0.000199989,72
0.342903,-0.253844,-1.68797,0.327162,-0.255564,-1.69667,-0.0115973,-0.0188437,-0.11697,32.4692,0.0002,4.63372e-10,-1.43378e-08,4.63372e-10,0.000200023,-1.49042e-06,-1.43378e-08,-1.49042e-06,0.00019999,74
0.337481,-0.254168,-1.68975,0.327199,-0.255532,-1.6972,-0.0142188,-0.0187684,-0.11875,32.5309,0.0002,3.084e-10,-9.26974e-09,3.084e-10,0.000200019,-1.31878e-06,-9.26974e-09,-1.31878e-06,0.000199992,74
0.334702,-0.252712,-1.68809,0.332668,-0.246582,-1.68109,-0.0146977,-0.0170117,-0.11709,35.0582,0.0002,1.42192e-10,2.15709e-09,1.42192e-10,0.000200015,-1.1346e-06,2.15709e-09,-1.1346e-06,0.000199993,110
0.333036,-0.251441,-1.70238,0.332383,-0.246574,-1.68172,-0.0148642,-0.0156411,-0.112378,35.0297,0.0002,1.77357e-10,-1.30302e-08,1.77357e-10,0.000200011,-9.18249e-07,-1.30302e-08,-9.18249e-07,0.000199995,110
0.33217,-0.250348,-1.72323,0.332059,-0.246456,-1.68281,-0.0148305,-0.0146476,-0.102231,35.2682,0.0002,2.24067e-10,-3.26794e-08,2.24067e-10,0.000200008,-6.94044e-07,-3.26794e-08,-6.94044e-07,0.000199996,110
0.327524,-0.248865,-1.74635,0.310377,-0.244074,-1.69531,-0.0190762,-0.0133653,-0.0893494,39.5331,0.0002,2.7546e-10,-6.39029e-08,2.7546e-10,0.000200005,-4.87963e-07,-6.39029e-08,-4.87963e-07,0.000199997,107
0.323748,-0.247387,-1.76534,0.309067,-0.242824,-1.70416,-0.0227517,-0.0122871,-0.0743415,40.2045,0.0002,2.63974e-10,-8.84245e-08,2.63974e-10,0.000200003,-3.23052e-07,-8.84245e-08,-3.23052e-07,0.000199998,107
0.320551,-0.24592,-1.78381,0.307463,-0.24174,-1.7123,-0.025949,-0.0112201,-0.0568138,40.04,0.0002,2.20925e-10,-1.12913e-07,2.20925e-10,0.000200002,-1.93513e-07,-1.12913e-07,-1.93513e-07,0.000199999,107
0.317932,-0.244661,-1.79879,0.306824,-0.241274,-1.72092,-0.0287679,-0.0103607,-0.0377903,42.029,0.0002,1.53882e-10,-1.25859e-07,1.53882e-10,0.000200001,-9.9777e-08,-1.25859e-07,-9.9777e-08,0.000199999,107
0.315516,-0.250426,-1.80868,0.304927,-0.275253,-1.70252,-0.0313842,-0.0166261,-0.0116776,37.199,0.0002,8.45628e-11,-1.36431e-07,8.45628e-11,0.000200001,-2.93338e-08,-1.36431e-07,-2.93338e-08,0.000199999,35
0.313567,-0.255039,-1.81492,0.304776,-0.275314,-1.70275,-0.0336331,-0.0216385,0.0160784,37.1449,0.0002,2.40274e-11,-1.44111e-07,2.40274e-11,0.0002,1.82781e-08,-1.44111e-07,1.82781e-08,0.0002,35
0.312051,-0.257025,-1.86019,0.304616,-0.266815,-1.89647,-0.0354486,-0.0241246,0.00681448,38.6068,0.0002,-3.20423e-11,-1.50109e-07,-3.20423e-11,0.0002,5.6694e-08,-1.50109e-07,5.6694e-08,0.0002,37
0.310396,-0.259108,-1.88854,0.304092,-0.266927,-1.89686,-0.0369036,-0.0259084,0.00346281,38.7838,0.0002,-6.70135e-12,-7.98609e-08,-6.70135e-12,0.0002,2.56202e-08,-7.98609e-08,2.56202e-08,0.0002,37
0.308571,-0.261274,-1.91242,0.303776,-0.267061,-1.8981,-0.0381291,-0.0272738,0.00658171,38.7732,0.0002,-1.45082e-11,3.84519e-08,-1.45082e-11,0.0002,-6.64445e-08,3.84519e-08,-6.64445e-08,0.0002,37
0.307329,-0.263163,-1.93116,0.304817,-0.267513,-1.89565,-0.0386714,-0.0284631,0.0148398,39.4268,0.0002,-1.02801e-10,1.24134e-07,-1.02801e-10,0.0002,-1.24832e-07,1.24134e-07,-1.24832e-07,0.0002,35
0.30636,-0.264637,-1.94826,0.304696,-0.267641,-1.8957,-0.0389396,-0.029137,0.0287395,39.0765,0.0002,-1.8727e-10,1.68118e-07,-1.8727e-10,0.0002,-1.55051e-07,1.68118e-07,-1.55051e-07,0.0002,35
0.30577,-0.265689,-1.96131,0.305151,-0.267406,-1.89317,-0.0391297,-0.0296893,0.0446926,39.4029,0.0002,-2.28731e-10,1.83406e-07,-2.28731e-10,0.0002,-1.59764e-07,1.83406e-07,-1.59764e-07,0.0002,35
0.305236,-0.266028,-2.01001,0.304384,-0.265468,-2.07498,-0.0392645,-0.029528,0.0289872,38.0685,0.0002,-2.20976e-10,1.79215e-07,-2.20976e-10,0.0002,-1.43146e-07,1.79215e-07,-1.43146e-07,0.0002,36
0.304881,-0.266195,-2.04852,0.304219,-0.265582,-2.07557,-0.0394189,-0.0292953,0.021477,38.109,0.0002,-1.78065e-10,1.55613e-07,-1.78065e-10,0.0002,-1.16266e-07,1.55613e-07,-1.16266e-07,0.0002,36
0.30693,-0.265879,-2.07797,0.315141,-0.26396,-2.05765,-0.0372704,-0.0288785,0.0270328,37.9197,0.0002,-1.16088e-10,1.20079e-07,-1.16088e-10,0.0002,-7.61688e-08,1.20079e-07,-7.61688e-08,0.0002,36
0.308657,-0.265567,-2.10068,0.315005,-0.264072,-2.05789,-0.0356433,-0.0284665,0.0373165,37.8884,0.0002,-6.27843e-11,8.50246e-08,-6.27843e-11,0.0002,-3.18228e-08,8.50246e-08,-3.18228e-08,0.0002,36
0.310155,-0.265185,-2.12097,0.315045,-0.264259,-2.05796,-0.034445,-0.0281848,0.0530347,38.2073,0.0002,-2.78886e-11,3.66372e-08,-2.78886e-11,0.0002,1.51189e-08,3.66372e-08,1.51189e-08,0.0002,36
0.310063,-0.266055,-2.17272,0.308262,-0.270317,-2.24418,-0.0348374,-0.0292548,0.034279,39.001,0.0002,-1.99192e-11,-8.06465e-10,-1.99192e-11,0.0002,5.63054e-08,-8.06465e-10,5.63054e-08,0.0002,36
0.309877,-0.266607,-2.21542,0.307316,-0.269747,-2.24146,-0.0355233,-0.0300067,0.027576,38.2147,0.0002,-3.05415e-11,-2.87424e-08,-3.05415e-11,0.0002,9.51034e-08,-2.87424e-08,9.51034e-08,0.0002,36
0.309721,-0.268934,-2.24793,0.307334,-0.279182,-2.24268,-0.0361788,-0.0325341,0.0290735,40.1033,0.0002,-4.6808e-11,-4.63532e-08,-4.6808e-11,0.0002,1.18374e-07,-4.63532e-08,1.18374e-07,0.0002,0
0.309675,-0.270773,-2.2756,0.307424,-0.279217,-2.24216,-0.0367251,-0.0346732,0.0363986,40.3006,0.0002,-6.99262e-11,-6.1106e-08,-6.99262e-11,0.0002,1.43457e-07,-6.1106e-08,1.43457e-07,0.0002,0
0.309558,-0.272227,-2.29624,0.307079,-0.279087,-2.24321,-0.0373424,-0.0363266,0.0497624,40.4121,0.0002,-8.78804e-11,-6.8697e-08,-8.78804e-11,0.0002,1.57887e-07,-6.8697e-08,1.57887e-07,0.0002,0
0.309499,-0.273395,-2.31421,0.30717,-0.279102,-2.2426,-0.0380008,-0.0376951,0.0667896,40.5383,0.0002,-1.02069e-10,-7.2111e-08,-1.02069e-10,0.0002,1.7018e-07,-7.2111e-08,1.7018e-07,0.0002,0
0.310956,-0.274417,-2.36738,0.314607,-0.279409,-2.44511,-0.0370437,-0.0389166,0.0476232,43.0022,0.0002,-1.14601e-10,-7.56047e-08,-1.14601e-10,0.0002,1.78465e-07,-7.56047e-08,1.78465e-07,0.0002,0
0.312044,-0.275246,-2.41166,0.314191,-0.279403,-2.44558,-0.0365555,-0.0399461,0.0383445,43.022,0.0002,-1.20095e-10,-7.39564e-08,-1.20095e-10,0.0002,1.85287e-07,-7.39564e-08,1.85287e-07,0.0002,0
0.312939,-0.27592,-2.44542,0.314287,-0.279395,-2.44556,-0.0361614,-0.0408199,0.037577,42.9996,0.0002,-1.20448e-10,-6.98794e-08,-1.20448e-10,0.0002,1.90669e-07,-6.98794e-08,1.90669e-07,0.0002,0
0.313631,-0.276468,-2.47403,0.314157,-0.279399,-2.44529,-0.0360694,-0.0414678,0.0449664,42.9211,0.0002,-1.17159e-10,-6.46733e-08,-1.17159e-10,0.0002,1.94875e-07,-6.46733e-08,1.94875e-07,0.0002,0
0.312639,-0.276911,-2.49564,0.30642,-0.279384,-2.44778,-0.0376608,-0.0420112,0.0563577,44.5281,0.0002,-1.11877e-10,-5.94124e-08,-1.11877e-10,0.0002,1.98067e-07,-5.94124e-08,1.98067e-07,0.0002,11
0.311844,-0.277289,-2.51459,0.306402,-0.279473,-2.44782,-0.0390557,-0.0424887,0.0724122,44.54,0.0002,-1.05403e-10,-5.43043e-08,-1.05403e-10,0.0002,2.00517e-07,-5.43043e-08,2.00517e-07,0.0002,11
0.314062,-0.277557,-2.56786,0.320688,-0.279091,-2.64635,-0.0373377,-0.042857,0.0531356,40.2929,0.0002,-9.85509e-11,-5.02411e-08,-9.85509e-11,0.0002,1.99988e-07,-5.02411e-08,1.99988e-07,0.0002,21
0.315874,-0.277806,-2.61193,0.320717,-0.279168,-2.64596,-0.0361258,-0.0432062,0.0440705,39.9727,0.0002,-8.80958e-11,-4.24872e-08,-8.80958e-11,0.0002,2.05061e-07,-4.24872e-08,2.05061e-07,0.0002,21
0.317222,-0.278035,-2.64553,0.320439,-0.279235,-2.64594,-0.0353781,-0.0434347,0.0434724,37.4812,0.0002,-7.34069e-11,-3.4032e-08,-7.34069e-11,0.0002,2.01067e-07,-3.4032e-08,2.01067e-07,0.0002,17
0.318498,-0.278293,-2.6744,0.321259,-0.279603,-2.64734,-0.034702,-0.0437928,0.0495993,37.5547,0.0002,-6.10564e-11,-2.6865e-08,-6.10564e-11,0.0002,2.04041e-07,-2.6865e-08,2.04041e-07,0.0002,17
0.317415,-0.278393,-2.69584,0.310807,-0.279054,-2.64826,-0.0362849,-0.0438932,0.0611584,43.6767,0.0002,-4.9758e-11,-2.11029e-08,-4.9758e-11,0.0002,2.03793e-07,-2.11029e-08,2.03793e-07,0.0002,26
0.316516,-0.278493,-2.71468,0.310639,-0.279127,-2.64781,-0.0377842,-0.043993,0.078318,43.6532,0.0002,-3.90471e-11,-1.56819e-08,-3.90471e-11,0.0002,2.03706e-07,-1.56819e-08,2.03706e-07,0.0002,26
0.318344,-0.27697,-2.76765,0.323389,-0.270814,-2.84651,-0.0365563,-0.0423699,0.0583484,35.9234,0.0002,-2.64451e-11,-8.77606e-09,-2.64451e-11,0.0002,2.02758e-07,-8.77606e-09,2.02758e-07,0.0002,33
0.321206,-0.27726,-2.81234,0.330292,-0.27833,-2.84916,-0.0342945,-0.0426603,0.0486629,26.4393,0.0002,-1.3244e-11,-1.49517e-09,-1.3244e-11,0.0002,2.05182e-07,-1.49517e-09,2.05182e-07,0.0002,36
0.323501,-0.277501,-2.84615,0.330498,-0.27831,-2.84872,-0.0324986,-0.0428013,0.0478456,26.5726,0.0002,7.12332e-13,6.21824e-09,7.12332e-13,0.0002,2.01111e-07,6.21824e-09,2.01111e-07,0.0002,36
0.323325,-0.277678,-2.87515,0.320335,-0.278222,-2.85016,-0.033275,-0.042878,0.0528519,40.0802,0.0002,1.33509e-11,1.27784e-08,1.33509e-11,0.0002,2.01492e-07,1.27784e-08,2.01492e-07,0.0002,37
0.323144,-0.277856,-2.89686,0.320209,-0.278234,-2.85035,-0.0339565,-0.0429559,0.0641434,39.7947,0.0002,3.03893e-11,2.30425e-08,3.03893e-11,0.0002,1.98946e-07,2.30425e-08,1.98946e-07,0.0002,37
0.324958,-0.278417,-2.95431,0.329963,-0.28024,-3.04314,-0.0327416,-0.0434168,0.0416942,37.1101,0.0002,4.04328e-11,2.72232e-08,4.04328e-11,0.0002,1.99567e-07,2.72232e-08,1.99567e-07,0.0002,35
0.328811,-0.278994,-2.99585,0.342043,-0.280863,-3.02899,-0.0293888,-0.0437938,0.0331532,24.0831,0.0002,5.05085e-11,3.2464e-08,5.05085e-11,0.0002,1.9722e-07,3.2464e-08,1.9722e-07,0.0002,53
0.33173,-0.279502,-3.03065,0.341284,-0.280988,-3.02954,-0.0270696,-0.044202,0.0333503,24.2107,0.0002,6.3514e-11,4.06961e-08,6.3514e-11,0.0002,1.93496e-07,4.06961e-08,1.93496e-07,0.0002,53
0.333857,-0.279918,-3.05419,0.340193,-0.280943,-3.03059,-0.0254434,-0.0444182,0.0398052,24.2796,0.0002,7.78997e-11,4.94756e-08,7.78997e-11,0.0002,1.92338e-07,4.94756e-08,1.92338e-07,0.0002,53
0.333139,-0.280161,-3.06626,0.32818,-0.28061,-3.03071,-0.0266608,-0.0444612,0.0487388,40.1137,0.0002,8.29038e-11,5.11421e-08,8.29038e-11,0.0002,1.892e-07,5.11421e-08,1.892e-07,0.0002,53
0.332569,-0.280426,-3.06863,0.328242,-0.280776,-3.03141,-0.0277314,-0.0445262,0.0583738,40.1236,0.0002,9.2308e-11,5.75954e-08,9.2308e-11,0.0002,1.85764e-07,5.75954e-08,1.85764e-07,0.0002,53
0.332811,-0.281554,-3.10834,0.336906,-0.284445,3.09153,-0.0269893,-0.0453543,0.0368409,28.1206,0.0002,3.58188e-11,8.65591e-08,3.58188e-11,0.0002,1.93276e-08,8.65591e-08,1.93276e-08,0.0002,60
0.335246,-0.282337,3.14088,0.352325,-0.283081,3.11521,-0.0225536,-0.0456373,0.0308846,20.0337,0.0002,-1.68212e-10,1.26516e-07,-1.68212e-10,0.0002,-2.23764e-07,1.26516e-07,-2.23764e-07,0.0002,66
0.335649,-0.283237,3.10827,0.351401,-0.283314,3.11368,-0.0187509,-0.0457367,0.0322715,20.0788,0.0002,-7.15446e-10,1.7752e-07,-7.15446e-10,0.000200002,-5.9948e-07,1.7752e-07,-5.9948e-07,0.000199999,66
0.334305,-0.284331,3.08399,0.344774,-0.284152,3.11765,-0.0159951,-0.0460305,0.0409891,28.8,0.0002,-1.50945e-09,2.36595e-07,-1.50945e-09,0.000200006,-8.96592e-07,2.36595e-07,-8.96592e-07,0.000199999,71
0.332443,-0.285377,3.06189,0.343395,-0.284378,3.1157,-0.0132567,-0.0460774,0.0538875,28.7247,0.000200001,-2.46643e-09,2.83651e-07,-2.46643e-09,0.00020001,-1.17067e-06,2.83651e-07,-1.17067e-06,0.000199997,71
0.33077,-0.286366,3.04521,0.342538,-0.284554,3.1147,-0.0102303,-0.0460664,0.0712112,28.7051,0.000200001,-3.41271e-09,3.26999e-07,-3.41271e-09,0.000200014,-1.34987e-06,3.26999e-07,-1.34987e-06,0.000199996,71
0.327672,-0.288061,3.00506,0.335101,-0.28932,2.98857,-0.00832812,-0.0467611,0.0670608,17.4343,0.000200001,-4.40067e-09,3.67912e-07,-4.40067e-09,0.000200018,-1.50302e-06,3.67912e-07,-1.50302e-06,0.000199994,70
0.325115,-0.289654,2.97193,0.334162,-0.290421,2.9762,-0.00588469,-0.0474542,0.0679276,18.7511,0.000200001,-5.1264e-09,3.92271e-07,-5.1264e-09,0.000200021,-1.58467e-06,3.92271e-07,-1.58467e-06,0.000199993,70
0.325176,-0.290248,2.94417,0.345643,-0.286475,2.97729,-0.000723754,-0.0469476,0.076175,30.6159,0.000200001,-5.82022e-09,4.13127e-07,-5.82022e-09,0.000200024,-1.67027e-06,4.13127e-07,-1.67027e-06,0.000199992,59
0.325203,-0.290811,2.92614,0.344843,-0.286657,2.97559,0.0043026,-0.0465111,0.0881403,30.6977,0.000200002,-6.36252e-09,4.33375e-07,-6.36252e-09,0.000200025,-1.70375e-06,4.33375e-07,-1.70375e-06,0.000199991,59
0.325022,-0.291327,2.91934,0.344549,-0.286578,2.97531,0.00932223,-0.0460274,0.102338,30.6094,0.000200002,-7.00982e-09,4.62204e-07,-7.00982e-09,0.000200027,-1.74743e-06,4.62204e-07,-1.74743e-06,0.00019999,59
0.320452,-0.292333,2.89701,0.321788,-0.290208,2.8547,0.00985193,-0.045933,0.092009,16.3312,0.000200002,-7.6247e-09,4.99951e-07,-7.6247e-09,0.000200027,-1.74424e-06,4.99951e-07,-1.74424e-06,0.00019999,78
0.316432,-0.293119,2.88351,0.320663,-0.290095,2.85146,0.0109315,-0.0455189,0.0845149,16.2788,0.000200002,-8.16805e-09,5.25079e-07,-8.16805e-09,0.000200028,-1.76401e-06,5.25079e-07,-1.76401e-06,0.000199989,78
0.311825,-0.293601,2.86839,0.31305,-0.289182,2.81777,0.0114246,-0.0448013,0.071389,19.2878,0.000200003,-8.65212e-09,5.55404e-07,-8.65212e-09,0.000200028,-1.75269e-06,5.55404e-07,-1.75269e-06,0.000199989,75
0.307595,-0.293976,2.85669,0.310918,-0.289336,2.81183,0.0121948,-0.0437757,0.060688,19.0928,0.000200003,-8.9921e-09,5.6737e-07,-8.9921e-09,0.000200029,-1.7644e-06,5.6737e-07,-1.7644e-06,0.000199989,75
0.303995,-0.294352,2.84682,0.309179,-0.289518,2.80708,0.0135951,-0.0428519,0.0498225,19.4219,0.000200003,-9.21625e-09,5.79923e-07,-9.21625e-09,0.000200029,-1.75115e-06,5.79923e-07,-1.75115e-06,0.000199988,75
0.301452,-0.294738,2.84112,0.311519,-0.290216,2.81706,0.0161525,-0.0418377,0.0441207,17.4299,0.000200003,-9.298e-09,5.7391e-07,-9.298e-09,0.000200029,-1.7654e-06,5.7391e-07,-1.7654e-06,0.000199988,76
0.29318,-0.295699,2.8255,0.279756,-0.293739,2.76216,0.0128795,-0.0414994,0.0285049,10.4604,0.000200003,-9.32497e-09,5.75505e-07,-9.32497e-09,0.000200029,-1.75181e-06,5.75505e-07,-1.75181e-06,0.000199988,89
0.286386,-0.296376,2.81293,0.279636,-0.293847,2.76204,0.0110859,-0.0407759,0.0159295,10.4481,0.000200003,-9.17291e-09,5.53956e-07,-9.17291e-09,0.000200029,-1.76897e-06,5.53956e-07,-1.76897e-06,0.000199988,89
0.281239,-0.297038,2.80359,0.280361,-0.294249,2.76593,0.0109391,-0.0401379,0.00658667,10.3052,0.000200003,-8.98811e-09,5.41799e-07,-8.98811e-09,0.000200029,-1.75865e-06,5.41799e-07,-1.75865e-06,0.000199988,90
0.277026,-0.297464,2.79604,0.280607,-0.29425,2.76589,0.0117262,-0.0391638,-0.0009579,10.3518,0.000200003,-8.70443e-09,5.14827e-07,-8.70443e-09,0.000200029,-1.77616e-06,5.14827e-07,-1.77616e-06,0.000199988,90
0.273801,-0.297828,2.78996,0.280583,-0.29423,2.76597,0.0135015,-0.0382281,-0.0070385,10.355,0.000200002,-8.42912e-09,4.99647e-07,-8.42912e-09,0.000200029,-1.76404e-06,4.99647e-07,-1.76404e-06,0.000199988,90
0.270971,-0.298103,2.78526,0.280104,-0.294599,2.7668,0.0157711,-0.0373027,-0.0117362,11.5511,0.000200002,-8.1112e-09,4.7354e-07,-8.1112e-09,0.000200029,-1.7817e-06,4.7354e-07,-1.7817e-06,0.000199988,89
0.262919,-0.299457,2.78071,0.25045,-0.300208,2.7622,0.0126189,-0.0373571,-0.0162906,10.704,0.000200002,-7.82347e-09,4.58986e-07,-7.82347e-09,0.000200029,-1.77017e-06,4.58986e-07,-1.77017e-06,0.000199988,91
0.256254,-0.30058,2.77755,0.250133,-0.300727,2.76524,0.0109538,-0.0372798,-0.01945,10.4194,0.000200002,-7.53881e-09,4.37087e-07,-7.53881e-09,0.00020003,-1.789e-06,4.37087e-07,-1.789e-06,0.000199988,91
0.251115,-0.301483,2.77508,0.250166,-0.300717,2.76522,0.0108152,-0.0369834,-0.0219172,10.3666,0.000200002,-7.24481e-09,4.23399e-07,-7.24481e-09,0.000200029,-1.77142e-06,4.23399e-07,-1.77142e-06,0.000199988,91
0.246799,-0.302149,2.77321,0.250109,-0.300768,2.76539,0.0114995,-0.0364487,-0.0237945,10.3874,0.000200002,-6.97601e-09,4.03148e-07,-6.97601e-09,0.00020003,-1.79131e-06,4.03148e-07,-1.79131e-06,0.000199988,91
0.243681,-0.302759,2.77194,0.250881,-0.30099,2.7669,0.0133813,-0.0359593,-0.0250568,10.5735,0.000200002,-6.75109e-09,3.94556e-07,-6.75109e-09,0.000200029,-1.77547e-06,3.94556e-07,-1.77547e-06,0.000199988,91
0.241021,-0.303156,2.771,0.250839,-0.301021,2.76692,0.0157208,-0.0351561,-0.0259981,10.6034,0.000200001,-6.46354e-09,3.73104e-07,-6.46354e-09,0.00020003,-1.79062e-06,3.73104e-07,-1.79062e-06,0.000199988,91
0.232994,-0.304507,2.76832,0.220502,-0.306004,2.7576,0.0125936,-0.0355071,-0.0286816,11.1407,0.000200001,-6.27575e-09,3.67598e-07,-6.27575e-09,0.000200029,-1.77287e-06,3.67598e-07,-1.77287e-06,0.000199988,92
0.226578,-0.305607,2.76676,0.221382,-0.306551,2.76053,0.0112775,-0.0355069,-0.0302396,10.0552,0.000200001,-6.01773e-09,3.48053e-07,-6.01773e-09,0.00020003,-1.78912e-06,3.48053e-07,-1.78912e-06,0.000199988,92
0.221632,-0.306509,2.76547,0.221521,-0.306532,2.76062,0.011232,-0.0354086,-0.0315302,10.0827,0.000200001,-5.80645e-09,3.3907e-07,-5.80645e-09,0.000200029,-1.77409e-06,3.3907e-07,-1.77409e-06,0.000199989,92
0.217659,-0.307213,2.76471,0.222159,-0.306794,2.76165,0.0122587,-0.0351127,-0.0322926,10.3027,0.000200001,-5.56435e-09,3.21601e-07,-5.56435e-09,0.00020003,-1.78773e-06,3.21601e-07,-1.78773e-06,0.000199989,93
0.214635,-0.307796,2.76418,0.222232,-0.306799,2.76176,0.0141348,-0.0346964,-0.0328185,10.3253,0.000200001,-5.3699e-09,3.13368e-07,-5.3699e-09,0.000200029,-1.77408e-06,3.13368e-07,-1.77408e-06,0.000199989,93
0.206021,-0.30905,2.76289,0.191948,-0.311213,2.75771,0.0106209,-0.0350496,-0.0341137,10.1227,0.000200001,-5.10106e-09,2.93567e-07,-5.10106e-09,0.00020003,-1.78725e-06,2.93567e-07,-1.78725e-06,0.000199989,95
0.19953,-0.310255,2.76264,0.193211,-0.31203,2.76167,0.00902953,-0.035355,-0.0343556,9.85814,0.000200001,-4.9089e-09,2.85695e-07,-4.9089e-09,0.000200029,-1.77241e-06,2.85695e-07,-1.77241e-06,0.000199989,96
0.194196,-0.311125,2.76238,0.193192,-0.312003,2.76164,0.00869607,-0.0353248,-0.0346187,9.86135,0.000200001,-4.64013e-09,2.66269e-07,-4.64013e-09,0.00020003,-1.78477e-06,2.66269e-07,-1.78477e-06,0.000199989,96
0.190074,-0.311847,2.76217,0.193215,-0.312029,2.76194,0.00947426,-0.0352475,-0.0348334,9.86364,0.000200001,-4.43549e-09,2.57065e-07,-4.43549e-09,0.000200029,-1.77027e-06,2.57065e-07,-1.77027e-06,0.000199989,96
0.186567,-0.312244,2.76158,0.192883,-0.311663,2.75923,0.0109673,-0.0348442,-0.0354201,11.4236,0.000200001,-4.13035e-09,2.34733e-07,-4.13035e-09,0.00020003,-1.78376e-06,2.34733e-07,-1.78376e-06,0.000199989,94
0.183902,-0.312593,2.76114,0.192856,-0.311646,2.75937,0.0133025,-0.0344926,-0.0358607,11.3751,0.000200001,-3.92432e-09,2.25735e-07,-3.92432e-09,0.000200029,-1.76906e-06,2.25735e-07,-1.76906e-06,0.000199989,94
0.175995,-0.313497,2.76058,0.164663,-0.315236,2.75803,0.0103953,-0.0346971,-0.036419,9.89875,0.0002,-3.63666e-09,2.05534e-07,-3.63666e-09,0.00020003,-1.78148e-06,2.05534e-07,-1.78148e-06,0.000199989,100
0.169875,-0.314224,2.76009,0.164851,-0.31521,2.75811,0.00917514,-0.0348244,-0.0369126,9.93,0.0002,-3.39739e-09,1.93785e-07,-3.39739e-09,0.000200029,-1.76261e-06,1.93785e-07,-1.76261e-06,0.000199989,100
0.164892,-0.314854,2.76007,0.165193,-0.315926,2.75965,0.00919164,-0.034854,-0.0369342,10.9998,0.0002,-3.06804e-09,1.70503e-07,-3.06804e-09,0.000200029,-1.7755e-06,1.70503e-07,-1.7755e-06,0.000199989,99
0.161019,-0.315378,2.75989,0.165131,-0.315886,2.75952,0.0102188,-0.0348776,-0.0371056,11.0187,0.0002,-2.84582e-09,1.59932e-07,-2.84582e-09,0.000200029,-1.76355e-06,1.59932e-07,-1.76355e-06,0.000199989,99
0.157828,-0.315684,2.75985,0.165239,-0.315903,2.75932,0.0120276,-0.0346842,-0.0371544,11.066,0.0002,-2.48847e-09,1.34812e-07,-2.48847e-09,0.000200029,-1.7742e-06,1.34812e-07,-1.7742e-06,0.000199989,99
0.15535,-0.315952,2.75928,0.164918,-0.315927,2.75703,0.0144505,-0.0345522,-0.0377166,13.9949,0.0002,-2.23706e-09,1.22156e-07,-2.23706e-09,0.000200029,-1.7586e-06,1.22156e-07,-1.7586e-06,0.000199989,99
0.147641,-0.316396,2.75846,0.137018,-0.317679,2.75548,0.0117406,-0.0345962,-0.0385396,9.686,0.0002,-1.84888e-09,9.497e-08,-1.84888e-09,0.000200029,-1.7723e-06,9.497e-08,-1.7723e-06,0.000199989,99
0.141865,-0.316937,2.75847,0.138038,-0.318497,2.75851,0.0107646,-0.0348367,-0.0385266,10.3916,0.0002,-1.56417e-09,8.0013e-08,-1.56417e-09,0.000200029,-1.75107e-06,8.0013e-08,-1.75107e-06,0.000199989,101
0.137321,-0.317232,2.75838,0.137949,-0.318426,2.75798,0.0109211,-0.0349318,-0.0386232,10.4133,0.0002,-1.128e-09,5.08983e-08,-1.128e-09,0.000200028,-1.72226e-06,5.08983e-08,-1.72226e-06,0.000199989,101
0.134101,-0.31753,2.75829,0.137978,-0.318541,2.75823,0.0120009,-0.0350299,-0.0387142,10.4099,0.0002,-8.53719e-10,3.83456e-08,-8.53719e-10,0.000200026,-1.63845e-06,3.83456e-08,-1.63845e-06,0.00019999,101
0.131652,-0.317573,2.75723,0.136739,-0.317992,2.75332,0.0132522,-0.034973,-0.0397696,13.1827,0.0002,-5.23412e-10,1.77973e-08,-5.23412e-10,0.000200023,-1.52474e-06,1.77973e-08,-1.52474e-06,0.000199991,99
0.12481,-0.317763,2.75721,0.109766,-0.318691,2.75714,0.00951038,-0.0350633,-0.0397871,9.25714,0.0002,-3.0279e-10,6.07749e-09,-3.0279e-10,0.00020002,-1.37014e-06,6.07749e-09,-1.37014e-06,0.000199992,103
0.119778,-0.317933,2.75724,0.10988,-0.318846,2.75736,0.0069783,-0.0352326,-0.0397554,9.21033,0.0002,-1.3791e-10,-3.69826e-09,-1.3791e-10,0.000200016,-1.2042e-06,-3.69826e-09,-1.2042e-06,0.000199993,103
0.116137,-0.318102,2.75726,0.10972,-0.318918,2.75762,0.00543738,-0.0354023,-0.0397434,9.15761,0.0002,-5.60473e-11,-6.86498e-09,-5.60473e-11,0.000200013,-1.03135e-06,-6.86498e-09,-1.03135e-06,0.000199994,103
0.113676,-0.317149,2.75734,0.109754,-0.318825,2.75765,0.00447581,-0.0355485,-0.0396618,9.17994,0.0002,9.461e-10,-1.80178e-07,9.461e-10,0.000200009,-8.49612e-07,-1.80178e-07,-8.49612e-07,0.000199995,103
0.112009,-0.315367,2.75726,0.109242,-0.318597,2.75658,0.00390909,-0.0363669,-0.0397449,9.2187,0.000200001,2.07532e-09,-4.46614e-07,2.07532e-09,0.000200007,-6.68613e-07,-4.46614e-07,-6.68613e-07,0.000199996,101
0.110767,-0.31306,2.75722,0.109353,-0.31858,2.75644,0.00366702,-0.0377595,-0.0397768,9.22374,0.000200004,3.06692e-09,-7.5771e-07,3.06692e-09,0.000200005,-5.41828e-07,-7.5771e-07,-5.41828e-07,0.000199996,101
0.106238,-0.310093,2.7546,0.09058,-0.314994,2.74402,-6.15896e-05,-0.0388933,-0.0423953,9.15496,0.000200008,3.51209e-09,-1.02053e-06,3.51209e-09,0.000200003,-4.27486e-07,-1.02053e-06,-4.27486e-07,0.000199996,102
0.102611,-0.307633,2.75253,0.0905213,-0.314962,2.74383,-0.00288936,-0.0408334,-0.0444653,9.16745,0.000200011,3.63742e-09,-1.20189e-06,3.63742e-09,0.000200002,-3.5318e-07,-1.20189e-06,-3.5318e-07,0.000199996,102
0.0998389,-0.305772,2.75083,0.0904697,-0.315044,2.7439,-0.00496108,-0.0430723,-0.0461737,9.16093,0.000200014,3.38887e-09,-1.30372e-06,3.38887e-09,0.000200002,-2.82763e-07,-1.30372e-06,-2.82763e-07,0.000199995,102
0.0976757,-0.304623,2.7495,0.0904953,-0.315208,2.74441,-0.00662427,-0.0457232,-0.0475049,11.8247,0.000200015,2.97588e-09,-1.31993e-06,2.97588e-09,0.000200001,-2.29348e-07,-1.31993e-06,-2.29348e-07,0.000199995,104
0.0960087,-0.30404,2.74837,0.0903149,-0.315137,2.7438,-0.00789127,-0.0484403,-0.0486321,11.9043,0.000200014,2.43347e-09,-1.27425e-06,2.43347e-09,0.000200001,-1.7909e-07,-1.27425e-06,-1.7909e-07,0.000199994,104
0.0947155,-0.304032,2.74746,0.0903339,-0.315219,2.74411,-0.00878446,-0.0513316,-0.0495394,11.851,0.000200013,1.91146e-09,-1.17452e-06,1.91146e-09,0.000200001,-1.40674e-07,-1.17452e-06,-1.40674e-07,0.000199995,104
0.0932455,-0.30005,2.7468,0.0879519,-0.293476,2.74414,-0.0100545,-0.0496499,-0.0501964,9.31976,0.000200011,1.44867e-09,-1.0509e-06,1.44867e-09,0.0002,-1.09338e-07,-1.0509e-06,-1.09338e-07,0.000199995,108
0.0921816,-0.296403,2.74631,0.0880027,-0.29349,2.74429,-0.0109184,-0.0487028,-0.0506943,9.35276,0.000200011,1.05964e-09,-1.04614e-06,1.05964e-09,0.0002,-7.28556e-08,-1.04614e-06,-7.28556e-08,0.000199996,108
0.0914468,-0.292957,2.74605,0.0878774,-0.293493,2.74403,-0.0115532,-0.0489566,-0.0509536,9.41506,0.000200012,6.3414e-10,-1.12778e-06,6.3414e-10,0.0002,-2.70051e-08,-1.12778e-06,-2.70051e-08,0.000199996,108
0.0908394,-0.289679,2.74564,0.087885,-0.29353,2.74399,-0.0121606,-0.0499795,-0.0513599,9.39648,0.000200014,3.15885e-10,-1.26445e-06,3.15885e-10,0.0002,-9.03521e-10,-1.26445e-06,-9.03521e-10,0.000199995,108
0.0902059,-0.286635,2.74472,0.0865113,-0.292887,2.74163,-0.0127941,-0.0514349,-0.0522836,15.0654,0.000200017,-1.30217e-10,-1.399e-06,-1.30217e-10,0.0002,3.58041e-08,-1.399e-06,3.58041e-08,0.000199994,108
0.0896151,-0.284099,2.74395,0.0864139,-0.292813,2.74118,-0.0133849,-0.0536986,-0.0530498,15.045,0.000200019,-4.04642e-10,-1.49884e-06,-4.04642e-10,0.0002,4.89598e-08,-1.49884e-06,4.89598e-08,0.000199994,108
0.0883067,-0.278243,2.74202,0.0819569,-0.273359,2.73394,-0.0146933,-0.0525434,-0.0549761,23.6091,0.000200021,-6.81547e-10,-1.55248e-06,-6.81547e-10,0.0002,6.45237e-08,-1.55248e-06,6.45237e-08,0.000199993,75
0.0871657,-0.273848,2.74041,0.0817479,-0.273307,2.7336,-0.0158343,-0.0523482,-0.0565875,23.5811,0.000200021,-7.87252e-10,-1.53888e-06,-7.87252e-10,0.0002,6.65013e-08,-1.53888e-06,6.65013e-08,0.000199992,75
0.0862634,-0.270738,2.73907,0.0818125,-0.273379,2.734,-0.0166366,-0.0530377,-0.0579254,23.5768,0.00020002,-8.31916e-10,-1.46757e-06,-8.31916e-10,0.0002,6.80656e-08,-1.46757e-06,6.80656e-08,0.000199993,75
0.0854915,-0.268678,2.73787,0.0816979,-0.273272,2.73332,-0.0174085,-0.0542778,-0.0591338,23.6012,0.000200018,-7.88291e-10,-1.34995e-06,-7.88291e-10,0.0002,6.49623e-08,-1.34995e-06,6.49623e-08,0.000199993,75
0.0848488,-0.267473,2.73697,0.0817775,-0.273377,2.73367,-0.0180512,-0.0556727,-0.0600314,24.0825,0.000200015,-6.74198e-10,-1.20717e-06,-6.74198e-10,0.0002,5.6843e-08,-1.20717e-06,5.6843e-08,0.000199994,79
0.0850455,-0.2622,2.73814,0.0853203,-0.249674,2.74281,-0.0178545,-0.0526004,-0.0588637,24.4149,0.000200012,-5.8094e-10,-1.04651e-06,-5.8094e-10,0.0002,5.37337e-08,-1.04651e-06,5.37337e-08,0.000199995,78
0.0852624,-0.257727,2.73918,0.0855137,-0.249739,2.74335,-0.0176376,-0.0504273,-0.0578199,24.3732,0.000200011,-5.47566e-10,-9.86623e-07,-5.47566e-10,0.0002,5.49375e-08,-9.86623e-07,5.49375e-08,0.000199995,78
0.0855937,-0.253382,2.74003,0.0853671,-0.249607,2.7431,-0.0175063,-0.0495818,-0.0569717,24.3899,0.000200011,-7.75144e-10,-1.06682e-06,-7.75144e-10,0.0002,8.54363e-08,-1.06682e-06,8.54363e-08,0.000199996,78
0.0858588,-0.249239,2.74026,0.0849113,-0.248971,2.74085,-0.0175412,-0.0495387,-0.0567428,24.6278,0.000200013,-1.14538e-09,-1.20447e-06,-1.14538e-09,0.0002,1.19039e-07,-1.20447e-06,1.19039e-07,0.000199995,79
0.0860354,-0.245499,2.74023,0.0846828,-0.248732,2.7401,-0.0176646,-0.0503993,-0.0567733,24.6395,0.000200016,-1.53535e-09,-1.35291e-06,-1.53535e-09,0.0002,1.42038e-07,-1.35291e-06,1.42038e-07,0.000199995,79
0.0862937,-0.242401,2.74025,0.0848136,-0.248872,2.74064,-0.0177063,-0.0520014,-0.0567526,24.6228,0.000200018,-2.02144e-09,-1.4694e-06,-2.02144e-09,0.0002,1.71494e-07,-1.4694e-06,1.71494e-07,0.000199994,79
0.0865382,-0.236149,2.73955,0.0854049,-0.230877,2.73641,-0.0177618,-0.0507491,-0.0574537,28.004,0.000200021,-2.30603e-09,-1.57206e-06,-2.30603e-09,0.0002,1.76281e-07,-1.57206e-06,1.76281e-07,0.000199993,80
0.0868414,-0.231131,2.73885,0.0854597,-0.230823,2.73635,-0.0177586,-0.0507309,-0.0581537,28.0369,0.000200023,-2.68691e-09,-1.63863e-06,-2.68691e-09,0.0002,1.95078e-07,-1.63863e-06,1.95078e-07,0.000199992,80
0.0870482,-0.227038,2.7384,0.08547,-0.230919,2.73662,-0.0178518,-0.051738,-0.0585958,28.0068,0.000200025,-2.93732e-09,-1.69681e-06,-2.93732e-09,0.0002,2.0121e-07,-1.69681e-06,2.0121e-07,0.000199991,80
0.0871879,-0.22378,2.73794,0.0852093,-0.230887,2.73641,-0.0180121,-0.0534797,-0.059056,29.5628,0.000200027,-3.16651e-09,-1.73043e-06,-3.16651e-09,0.0002,2.09499e-07,-1.73043e-06,2.09499e-07,0.000199991,81
0.0872552,-0.221112,2.73764,0.0852602,-0.230875,2.73643,-0.0182448,-0.0560123,-0.0593564,29.5614,0.000200028,-3.24877e-09,-1.76128e-06,-3.24877e-09,0.0002,2.061e-07,-1.76128e-06,2.061e-07,0.00019999,81
0.0871967,-0.218892,2.73703,0.084622,-0.230303,2.73454,-0.0186033,-0.0587923,-0.0599742,31.1175,0.000200029,-3.31834e-09,-1.77653e-06,-3.31834e-09,0.0002,2.05913e-07,-1.77653e-06,2.05913e-07,0.00019999,81
0.0882689,-0.211519,2.73685,0.0903535,-0.202432,2.7365,-0.0178311,-0.0566195,-0.0601455,26.2193,0.000200029,-3.32848e-09,-1.78982e-06,-3.32848e-09,0.0002,2.02222e-07,-1.78982e-06,2.02222e-07,0.000199989,81
0.0891435,-0.205656,2.73689,0.0903077,-0.202493,2.73641,-0.0171565,-0.055856,-0.0601093,26.3411,0.00020003,-3.37294e-09,-1.79475e-06,-3.37294e-09,0.0002,2.0384e-07,-1.79475e-06,2.0384e-07,0.000199989,81
0.0896994,-0.200843,2.7366,0.0898324,-0.202107,2.73543,-0.0168006,-0.0561435,-0.0604028,27.8296,0.00020003,-3.32059e-09,-1.80504e-06,-3.32059e-09,0.0002,1.96909e-07,-1.80504e-06,1.96909e-07,0.000199989,82
0.0901562,-0.19704,2.73623,0.0898772,-0.202104,2.73541,-0.0165438,-0.0574404,-0.0607674,27.9891,0.00020003,-3.27533e-09,-1.804e-06,-3.27533e-09,0.0002,1.93216e-07,-1.804e-06,1.93216e-07,0.000199989,82
0.0904936,-0.193956,2.7361,0.0899527,-0.202048,2.73527,-0.0164064,-0.059456,-0.0608962,28.0062,0.00020003,-3.16182e-09,-1.80824e-06,-3.16182e-09,0.0002,1.83786e-07,-1.80824e-06,1.83786e-07,0.000199989,82
0.0915838,-0.18571,2.73611,0.0939781,-0.172946,2.73616,-0.0155162,-0.05631,-0.0608875,27.5016,0.00020003,-3.09815e-09,-1.80424e-06,-3.09815e-09,0.0002,1.80565e-07,-1.80424e-06,1.80565e-07,0.000199989,88
0.0923587,-0.179071,2.73615,0.0938102,-0.172933,2.73601,-0.0148413,-0.0547715,-0.0608466,27.4803,0.00020003,-2.93569e-09,-1.80795e-06,-2.93569e-09,0.0002,1.68172e-07,-1.80795e-06,1.68172e-07,0.000199989,88
0.0930477,-0.173786,2.73604,0.0939056,-0.172835,2.73589,-0.0142523,-0.0545856,-0.0609645,27.4854,0.00020003,-2.89817e-09,-1.80316e-06,-2.89817e-09,0.0002,1.68356e-07,-1.80316e-06,1.68356e-07,0.000199989,88
0.0933523,-0.16936,2.73536,0.0930676,-0.172085,2.73332,-0.0140477,-0.0552598,-0.0616354,30.1174,0.00020003,-2.72463e-09,-1.80769e-06,-2.72463e-09,0.0002,1.55202e-07,-1.80769e-06,1.55202e-07,0.000199989,86
0.0935883,-0.165789,2.73476,0.092869,-0.171585,2.73202,-0.0139117,-0.0566893,-0.0622396,30.1198,0.00020003,-2.63529e-09,-1.79939e-06,-2.63529e-09,0.0002,1.51522e-07,-1.79939e-06,1.51522e-07,0.000199989,85
0.0937691,-0.162954,2.73449,0.0931139,-0.171982,2.73342,-0.0138309,-0.0590535,-0.0625072,30.2362,0.00020003,-2.47922e-09,-1.80345e-06,-2.47922e-09,0.0002,1.40686e-07,-1.80345e-06,1.40686e-07,0.000199989,86
0.0947309,-0.155112,2.73502,0.0970526,-0.143869,2.73744,-0.0128691,-0.0561821,-0.0619844,24.8806,0.00020003,-2.42402e-09,-1.79797e-06,-2.42402e-09,0.0002,1.39769e-07,-1.79797e-06,1.39769e-07,0.000199989,83
0.0954132,-0.148795,2.73547,0.0969833,-0.143746,2.73728,-0.0121868,-0.0549746,-0.0615339,25.6219,0.00020003,-2.24763e-09,-1.79764e-06,-2.24763e-09,0.0002,1.27181e-07,-1.79764e-06,1.27181e-07,0.000199989,89
0.0960004,-0.143759,2.73582,0.0970728,-0.143728,2.73755,-0.0115996,-0.0549393,-0.0611826,25.6153,0.00020003,-2.15378e-09,-1.79387e-06,-2.15378e-09,0.0002,1.22902e-07,-1.79387e-06,1.22902e-07,0.000199989,89
0.0963928,-0.139731,2.73605,0.0970227,-0.143753,2.73729,-0.0112072,-0.0560006,-0.0599544,25.6273,0.00020003,-1.95758e-09,-1.79237e-06,-1.95758e-09,0.0002,1.09214e-07,-1.79237e-06,1.09214e-07,0.000199989,89
0.0962288,-0.136369,2.73576,0.0945167,-0.143015,2.73491,-0.0112712,-0.0576285,-0.0602419,32.6299,0.00020003,-1.84157e-09,-1.79007e-06,-1.84157e-09,0.0002,1.03434e-07,-1.79007e-06,1.03434e-07,0.000199989,51
0.0960915,-0.133751,2.73592,0.0946896,-0.143462,2.73625,-0.0113085,-0.0600814,-0.0600776,32.7003,0.00020003,-1.68603e-09,-1.79129e-06,-1.68603e-09,0.0002,9.35641e-08,-1.79129e-06,9.35641e-08,0.000199989,52
0.0964763,-0.12603,2.73619,0.0971635,-0.115088,2.73757,-0.0108237,-0.0573302,-0.0598126,32.0827,0.00020003,-1.56961e-09,-1.78447e-06,-1.56961e-09,0.0002,8.76843e-08,-1.78447e-06,8.76843e-08,0.000199989,55
0.0966515,-0.119649,2.73604,0.0968952,-0.114303,2.7348,-0.0105485,-0.056019,-0.0599628,31.9228,0.00020003,-1.32742e-09,-1.78772e-06,-1.32742e-09,0.0002,7.01974e-08,-1.78772e-06,7.01974e-08,0.000199989,53
0.0968499,-0.114575,2.7358,0.0969664,-0.114302,2.73515,-0.0101501,-0.0559146,-0.0602033,31.8647,0.00020003,-1.22579e-09,-1.78488e-06,-1.22579e-09,0.0002,6.64028e-08,-1.78488e-06,6.64028e-08,0.000199989,53
0.0969289,-0.110472,2.73566,0.0969516,-0.114255,2.73477,-0.00987109,-0.0568621,-0.0603447,32.0471,0.00020003,-1.00992e-09,-1.78843e-06,-1.00992e-09,0.0002,5.15193e-08,-1.78843e-06,5.15193e-08,0.000199989,53
0.0970321,-0.107349,2.73573,0.0970957,-0.114672,2.73635,-0.00946792,-0.0586788,-0.060269,32.12,0.00020003,-8.69873e-10,-1.77863e-06,-8.69873e-10,0.0002,4.44088e-08,-1.77863e-06,4.44088e-08,0.000199989,54
0.0970236,-0.104809,2.73582,0.0970579,-0.114703,2.73617,-0.0092764,-0.0611688,-0.0601814,32.1427,0.00020003,-6.11898e-10,-1.77997e-06,-6.11898e-10,0.0002,2.63617e-08,-1.77997e-06,2.63617e-08,0.000199989,54
0.0972029,-0.0970264,2.7361,0.0979428,-0.0858114,2.73724,-0.00869714,-0.0583164,-0.0598985,35.381,0.00020003,-4.34267e-10,-1.77636e-06,-4.34267e-10,0.0002,1.65391e-08,-1.77636e-06,1.65391e-08,0.000199989,56
0.0972263,-0.090678,2.73614,0.0978369,-0.0852409,2.736,-0.00837373,-0.056978,-0.0598566,35.263,0.000200029,-1.13253e-10,-1.77539e-06,-1.13253e-10,0.0002,-6.06399e-09,-1.77539e-06,-6.06399e-09,0.000199989,55
0.097302,-0.0857007,2.73604,0.0978269,-0.0852174,2.73563,-0.007798,-0.0568307,-0.0599613,35.2811,0.000200029,2.14795e-11,-1.75779e-06,2.14795e-11,0.0002,-1.11312e-08,-1.75779e-06,-1.11312e-08,0.000199989,55
0.0972623,-0.0819931,2.73591,0.0978012,-0.0853458,2.73571,-0.00743775,-0.0576831,-0.060092,35.2979,0.000200028,2.81376e-10,-1.70678e-06,2.81376e-10,0.0002,-2.94822e-08,-1.70678e-06,-2.94822e-08,0.000199989,55
0.0972493,-0.0794169,2.73604,0.0978292,-0.0852985,2.73628,-0.00705073,-0.0591469,-0.0599553,35.2449,0.000200026,4.31768e-10,-1.61023e-06,4.31768e-10,0.0002,-3.90542e-08,-1.61023e-06,-3.90542e-08,0.00019999,55
0.0972082,-0.0723834,2.73719,0.0977614,-0.0583112,2.74178,-0.00669178,-0.0556034,-0.0588109,34.8888,0.000200022,5.27828e-10,-1.48052e-06,5.27828e-10,0.0002,-4.65952e-08,-1.48052e-06,-4.65952e-08,0.000199991,57
0.0971478,-0.0669754,2.7373,0.097563,-0.0570738,2.73839,-0.00645223,-0.0531054,-0.0586993,34.6202,0.000200019,5.55477e-10,-1.32287e-06,5.55477e-10,0.0002,-5.04999e-08,-1.32287e-06,-5.04999e-08,0.000199992,54
0.097163,-0.0631248,2.7375,0.0975985,-0.0571347,2.73831,-0.00613698,-0.0516148,-0.0584987,34.6209,0.000200015,4.74059e-10,-1.14781e-06,4.74059e-10,0.0002,-4.41188e-08,-1.14781e-06,-4.41188e-08,0.000199993,54
0.0971198,-0.060448,2.73762,0.0975164,-0.0572112,2.73841,-0.00598018,-0.050789,-0.058381,34.5915,0.000200012,4.37084e-10,-9.73652e-07,4.37084e-10,0.0002,-4.6283e-08,-9.73652e-07,-4.6283e-08,0.000199994,54
0.0974056,-0.0582354,2.75105,0.0978574,-0.0588828,2.74352,-0.0056944,-0.0507734,-0.0599464,34.9276,0.00020001,2.18012e-10,-9.27306e-07,2.18012e-10,0.0002,-1.35543e-08,-9.27306e-07,-1.35543e-08,0.000199995,58
0.0978471,-0.0558348,2.76877,0.0978354,-0.05896,2.74343,-0.00545291,-0.0515978,-0.0662312,34.9221,0.00020001,-1.19791e-10,-1.00204e-06,-1.19791e-10,0.0002,3.33173e-08,-1.00204e-06,3.33173e-08,0.000199996,58
0.0982153,-0.050118,2.78446,0.0969153,-0.043235,2.76085,-0.00538469,-0.0499409,-0.0725414,33.1368,0.000200012,-6.78754e-10,-1.1549e-06,-6.78754e-10,0.0002,9.3535e-08,-1.1549e-06,9.3535e-08,0.000199996,53
0.0986151,-0.045484,2.79173,0.0971703,-0.0443224,2.76206,-0.00528494,-0.049645,-0.080271,34.0368,0.000200015,-1.29233e-09,-1.29718e-06,-1.29233e-09,0.0002,1.41384e-07,-1.29718e-06,1.41384e-07,0.000199995,58
0.0989773,-0.0415737,2.79197,0.0971513,-0.0442181,2.76149,-0.00532274,-0.0504197,-0.0880297,34.0148,0.000200017,-1.93312e-09,-1.41713e-06,-1.93312e-09,0.0002,1.8203e-07,-1.41713e-06,1.8203e-07,0.000199994,58
0.0992867,-0.0383513,2.78881,0.0971874,-0.0442823,2.76189,-0.00531335,-0.0519113,-0.0941866,34.0206,0.000200019,-2.52329e-09,-1.51068e-06,-2.52329e-09,0.0002,2.12986e-07,-1.51068e-06,2.12986e-07,0.000199993,58
0.0995507,-0.035739,2.78404,0.0973244,-0.0444757,2.7608,-0.00544928,-0.054209,-0.0999625,33.986,0.000200022,-3.00797e-09,-1.58191e-06,-3.00797e-09,0.0002,2.33362e-07,-1.58191e-06,2.33362e-07,0.000199993,59
0.0998159,-0.0335677,2.77923,0.0972653,-0.0441817,2.76029,-0.00548412,-0.0568977,-0.104774,33.9472,0.000200023,-3.51356e-09,-1.6309e-06,-3.51356e-09,0.000200001,2.58779e-07,-1.6309e-06,2.58779e-07,0.000199992,59
0.100356,-0.0264129,2.78697,0.0995692,-0.0174736,2.81952,-0.00534385,-0.0547329,-0.0970287,33.3217,0.000200025,-3.87216e-09,-1.67167e-06,-3.87216e-09,0.000200001,2.71086e-07,-1.67167e-06,2.71086e-07,0.000199991,55
0.100805,-0.02071,2.79321,0.0995477,-0.0175214,2.81975,-0.00519472,-0.05394,-0.0907865,33.3366,0.000200026,-4.15022e-09,-1.69619e-06,-4.15022e-09,0.000200001,2.80477e-07,-1.69619e-06,2.80477e-07,0.000199991,55
0.101114,-0.0161171,2.79839,0.0995985,-0.0175195,2.81971,-0.00518552,-0.0543571,-0.0846121,33.3586,0.000200027,-4.23276e-09,-1.71706e-06,-4.23276e-09,0.000200001,2.7501e-07,-1.71706e-06,2.7501e-07,0.00019999,55
0.10138,-0.0124464,2.8026,0.0995803,-0.0173733,2.81944,-0.00521989,-0.0556064,-0.0804001,33.3511,0.000200027,-4.29382e-09,-1.72543e-06,-4.29382e-09,0.000200001,2.73406e-07,-1.72543e-06,2.73406e-07,0.00019999,55
0.101511,-0.00910887,2.80477,0.0994773,-0.0154732,2.81406,-0.0053885,-0.0572889,-0.0782334,33.2144,0.000200028,-4.20058e-09,-1.73456e-06,-4.20058e-09,0.000200001,2.60211e-07,-1.73456e-06,2.60211e-07,0.00019999,52
0.102328,-0.00141836,2.8082,0.102958,0.00961861,2.82222,-0.00487245,-0.0545184,-0.0748042,32.0187,0.000200028,-4.16515e-09,-1.74052e-06,-4.16515e-09,0.000200001,2.5573e-07,-1.74052e-06,2.5573e-07,0.00019999,56
0.102928,0.00473591,2.81103,0.103006,0.00958699,2.82237,-0.00447164,-0.0533941,-0.0719682,31.9891,0.000200028,-4.01465e-09,-1.74581e-06,-4.01465e-09,0.000200001,2.42054e-07,-1.74581e-06,2.42054e-07,0.000199989,56
0.103419,0.00977222,2.8131,0.103076,0.0101498,2.82136,-0.00428139,-0.0532678,-0.0699021,31.8674,0.000200028,-3.87507e-09,-1.74942e-06,-3.87507e-09,0.000200001,2.31509e-07,-1.74942e-06,2.31509e-07,0.000199989,55
0.103787,0.0137928,2.81488,0.103078,0.0100712,2.82136,-0.00411328,-0.0542472,-0.0681223,31.993,0.000200029,-3.71653e-09,-1.753e-06,-3.71653e-09,0.0002,2.20132e-07,-1.753e-06,2.20132e-07,0.000199989,55
0.104078,0.0169622,2.81616,0.103047,0.0100698,2.8213,-0.00402249,-0.0559778,-0.0668374,31.9504,0.000200028,-3.58544e-09,-1.74786e-06,-3.58544e-09,0.0002,2.12863e-07,-1.74786e-06,2.12863e-07,0.000199989,55
0.10425,0.0198142,2.8164,0.102996,0.0114517,2.81735,-0.00404957,-0.0581258,-0.0665997,32.0101,0.000200029,-3.38903e-09,-1.75116e-06,-3.38903e-09,0.0002,1.98821e-07,-1.75116e-06,1.98821e-07,0.000199989,53
0.105018,0.0272882,2.81769,0.105959,0.0375435,2.82315,-0.00348246,-0.0555418,-0.0653126,31.5935,0.000200029,-3.31889e-09,-1.74894e-06,-3.31889e-09,0.0002,1.97252e-07,-1.74894e-06,1.97252e-07,0.000199989,57
0.105571,0.0334102,2.81819,0.106023,0.0381903,2.82085,-0.00302889,-0.0543998,-0.0648073,31.6232,0.000200029,-3.12915e-09,-1.74979e-06,-3.12915e-09,0.0002,1.83657e-07,-1.74979e-06,1.83657e-07,0.000199989,55
0.106028,0.0382666,2.81882,0.106099,0.0381523,2.82102,-0.00267195,-0.0544134,-0.0641793,31.5037,0.000200028,-2.97243e-09,-1.745e-06,-2.97243e-09,0.0002,1.74479e-07,-1.745e-06,1.74479e-07,0.000199989,55
0.106374,0.0421691,2.81918,0.106077,0.0381036,2.82095,-0.00252562,-0.0554909,-0.0638181,31.3923,0.000200028,-2.83235e-09,-1.74626e-06,-2.83235e-09,0.0002,1.66164e-07,-1.74626e-06,1.66164e-07,0.000199989,55
0.106642,0.0453024,2.81961,0.106066,0.038261,2.82101,-0.00235823,-0.0571976,-0.0633884,31.4968,0.000200028,-2.70887e-09,-1.74387e-06,-2.70887e-09,0.0002,1.59437e-07,-1.74387e-06,1.59437e-07,0.000199989,55
0.106859,0.0482192,2.81887,0.106178,0.0402145,2.81589,-0.00214085,-0.0592808,-0.0641328,31.4925,0.000200028,-2.56931e-09,-1.74559e-06,-2.56931e-09,0.0002,1.50609e-07,-1.74559e-06,1.50609e-07,0.000199989,52
0.107434,0.055641,2.81951,0.108195,0.0658878,2.82206,-0.00166602,-0.056659,-0.0634936,30.8209,0.000200028,-2.4751e-09,-1.73912e-06,-2.4751e-09,0.0002,1.46497e-07,-1.73912e-06,1.46497e-07,0.000199989,56
0.107852,0.061634,2.81998,0.108198,0.0659294,2.82219,-0.00124763,-0.055666,-0.0630213,30.8089,0.000200028,-2.33621e-09,-1.74254e-06,-2.33621e-09,0.0002,1.37063e-07,-1.74254e-06,1.37063e-07,0.000199989,56
0.108194,0.0664955,2.82014,0.108223,0.0664336,2.82078,-0.000906387,-0.0557045,-0.0628605,30.6366,0.000200028,-2.22261e-09,-1.73938e-06,-2.22261e-09,0.0002,1.30679e-07,-1.73938e-06,1.30679e-07,0.000199989,55
0.108412,0.0704483,2.8203,0.108187,0.0666173,2.8206,-0.00068761,-0.0566517,-0.0627042,30.6467,0.000200028,-2.05424e-09,-1.74166e-06,-2.05424e-09,0.0002,1.18908e-07,-1.74166e-06,1.18908e-07,0.000199989,55
0.108631,0.0735092,2.82036,0.108237,0.066447,2.8206,-0.000469404,-0.0583908,-0.0626432,30.7647,0.000200028,-1.97892e-09,-1.73237e-06,-1.97892e-09,0.0002,1.16713e-07,-1.73237e-06,1.16713e-07,0.000199989,55
0.10878,0.0764332,2.81936,0.108403,0.0684897,2.81538,-0.00031991,-0.0604668,-0.0636384,30.5984,0.000200028,-1.8109e-09,-1.73718e-06,-1.8109e-09,0.0002,1.04503e-07,-1.73718e-06,1.04503e-07,0.000199989,52
0.109162,0.0837174,2.81996,0.109694,0.0935149,2.82205,0.000162041,-0.0579826,-0.0630365,30.315,0.000200028,-1.70709e-09,-1.73055e-06,-1.70709e-09,0.0002,9.94131e-08,-1.73055e-06,9.94131e-08,0.000199989,57
0.109657,0.0903153,2.81704,0.110775,0.0971721,2.80565,0.000756874,-0.0562847,-0.0659637,30.4784,0.000200028,-1.53444e-09,-1.73277e-06,-1.53444e-09,0.0002,8.72717e-08,-1.73277e-06,8.72717e-08,0.00019999,51
0.110065,0.0955378,2.81485,0.110772,0.0971297,2.8058,0.00136497,-0.0558622,-0.0681496,30.4828,0.000200028,-1.43055e-09,-1.72659e-06,-1.43055e-09,0.0002,8.2288e-08,-1.72659e-06,8.2288e-08,0.00019999,51
0.11036,0.0997275,2.81299,0.110825,0.0970529,2.80553,0.00176007,-0.0565725,-0.070015,30.5067,0.000200028,-1.28807e-09,-1.72692e-06,-1.28807e-09,0.0002,7.2986e-08,-1.72692e-06,7.2986e-08,0.00019999,51
0.110423,0.102872,2.81359,0.1101,0.0962168,2.81601,0.00202349,-0.0581276,-0.0694093,30.4013,0.000200028,-1.16628e-09,-1.72064e-06,-1.16628e-09,0.0002,6.59965e-08,-1.72064e-06,6.59965e-08,0.00019999,53
0.110438,0.110381,2.81554,0.110123,0.120907,2.82331,0.00223825,-0.0555192,-0.0674635,30.4759,0.000200028,-1.02728e-09,-1.72528e-06,-1.02728e-09,0.0002,5.68997e-08,-1.72528e-06,5.68997e-08,0.00019999,57
0.110462,0.11641,2.81678,0.110263,0.121389,2.82206,0.00256218,-0.0542901,-0.0662224,30.4451,0.000200028,-8.80742e-10,-1.71644e-06,-8.80742e-10,0.0002,4.77089e-08,-1.71644e-06,4.77089e-08,0.00019999,56
0.110432,0.121337,2.81789,0.110299,0.121536,2.82232,0.00283188,-0.0542632,-0.0651128,30.4575,0.000200028,-6.68431e-10,-1.72267e-06,-6.68431e-10,0.0002,3.24454e-08,-1.72267e-06,3.24454e-08,0.00019999,56
0.110397,0.125193,2.81872,0.110257,0.121448,2.82205,0.00309728,-0.0551069,-0.0642792,30.429,0.000200028,-4.96264e-10,-1.71589e-06,-4.96264e-10,0.0002,2.19634e-08,-1.71589e-06,2.19634e-08,0.00019999,56
0.110382,0.128688,2.8185,0.110631,0.123327,2.81795,0.00338232,-0.0565122,-0.0644984,30.5772,0.000200028,-2.42495e-10,-1.71695e-06,-2.42495e-10,0.0002,4.03716e-09,-1.71695e-06,4.03716e-09,0.00019999,54
0.110385,0.131441,2.81841,0.11063,0.123247,2.81771,0.00378469,-0.0584595,-0.0645947,30.5862,0.000200027,-7.3969e-11,-1.71332e-06,-7.3969e-11,0.0002,-5.25097e-09,-1.71332e-06,-5.25097e-09,0.00019999,54
0.110322,0.138705,2.81862,0.110727,0.148425,2.81982,0.0042217,-0.0560947,-0.0643764,30.7449,0.000200027,1.93443e-10,-1.71532e-06,1.93443e-10,0.0002,-2.3946e-08,-1.71532e-06,-2.3946e-08,0.00019999,56
0.110292,0.144552,2.81873,0.110757,0.149071,2.81885,0.00459207,-0.0549478,-0.0642691,30.7128,0.000200027,3.72132e-10,-1.70153e-06,3.72132e-10,0.0002,-3.40086e-08,-1.70153e-06,-3.40086e-08,0.00019999,55
0.110236,0.149061,2.8187,0.110801,0.149169,2.81889,0.00503604,-0.0549391,-0.0643029,30.7118,0.000200026,5.64839e-10,-1.66258e-06,5.64839e-10,0.0002,-4.69104e-08,-1.66258e-06,-4.69104e-08,0.00019999,55
0.110189,0.152335,2.81875,0.110722,0.149151,2.81899,0.0054886,-0.0556652,-0.0642452,30.6957,0.000200024,6.64254e-10,-1.58492e-06,6.64254e-10,0.0002,-5.31016e-08,-1.58492e-06,-5.31016e-08,0.00019999,55
0.110165,0.154614,2.81848,0.110856,0.149504,2.8177,0.00586527,-0.0569858,-0.0645199,30.8405,0.000200022,7.27544e-10,-1.46958e-06,7.27544e-10,0.0002,-5.92818e-08,-1.46958e-06,-5.92818e-08,0.000199991,55
0.110146,0.156008,2.81835,0.110825,0.149611,2.81817,0.0062461,-0.0585915,-0.064646,30.8195,0.000200019,7.26644e-10,-1.32367e-06,7.26644e-10,0.0002,-6.21399e-08,-1.32367e-06,-6.21399e-08,0.000199992,55
0.109748,0.161863,2.81956,0.108779,0.175493,2.82406,0.00614791,-0.0551373,-0.0634414,30.4607,0.000200015,6.48831e-10,-1.16034e-06,6.48831e-10,0.0002,-5.86994e-08,-1.16034e-06,-5.86994e-08,0.000199993,56
0.109444,0.166147,2.82048,0.108788,0.175481,2.82415,0.00604414,-0.0527532,-0.0625222,30.5788,0.000200012,5.53605e-10,-9.92293e-07,5.53605e-10,0.0002,-5.47158e-08,-9.92293e-07,-5.47158e-08,0.000199994,56
0.108364,0.169198,2.80892,0.108734,0.17557,2.824,0.00596431,-0.0511022,-0.0580754,30.4318,0.000200009,1.15284e-09,-8.24468e-07,1.15284e-09,0.0002,-1.79694e-07,-8.24468e-07,-1.79694e-07,0.000199996,56
0.106743,0.171209,2.79075,0.108696,0.175679,2.82413,0.00654317,-0.0499905,-0.0502467,30.4166,0.000200006,1.87789e-09,-6.51643e-07,1.87789e-09,0.000200001,-3.77451e-07,-6.51643e-07,-3.77451e-07,0.000199996,56
0.104414,0.173131,2.76953,0.109451,0.178667,2.81864,0.00772415,-0.0485686,-0.0384737,30.6899,0.000200004,2.72487e-09,-5.07886e-07,2.72487e-09,0.000200003,-6.9309e-07,-5.07886e-07,-6.9309e-07,0.000199997,52
0.102699,0.177613,2.74931,0.112322,0.195222,2.80033,0.010129,-0.0441874,-0.025689,30.9776,0.000200003,2.91458e-09,-3.62193e-07,2.91458e-09,0.000200007,-9.66416e-07,-3.62193e-07,-9.66416e-07,0.000199997,59
0.100847,0.180997,2.73074,0.112332,0.195116,2.80009,0.0129271,-0.0407032,-0.0082583,30.9908,0.000200002,2.75832e-09,-2.5159e-07,2.75832e-09,0.000200011,-1.21925e-06,-2.5159e-07,-1.21925e-06,0.000199996,59
0.0994678,0.184333,2.71619,0.113151,0.199259,2.79559,0.0163178,-0.0372669,0.011189,30.3987,0.000200001,2.18711e-09,-1.53529e-07,2.18711e-09,0.000200015,-1.39287e-06,-1.53529e-07,-1.39287e-06,0.000199995,54
0.0981597,0.186828,2.70292,0.113213,0.199212,2.79571,0.0199997,-0.0344719,0.0339235,30.4332,0.000200001,1.45838e-09,-7.3488e-08,1.45838e-09,0.000200019,-1.5405e-06,-7.3488e-08,-1.5405e-06,0.000199994,54
0.0972343,0.188635,2.69396,0.11324,0.199217,2.79569,0.0240843,-0.0323645,0.0589607,30.4334,0.0002,5.11317e-10,5.62566e-09,5.11317e-10,0.000200022,-1.61879e-06,5.62566e-09,-1.61879e-06,0.000199993,54
0.0966074,0.190972,2.6848,0.114801,0.20414,2.79372,0.0286274,-0.0297276,0.0858041,31.8623,0.0002,-3.65816e-10,6.46374e-08,-3.65816e-10,0.000200025,-1.70247e-06,6.46374e-08,-1.70247e-06,0.000199992,45
0.090337,0.190572,2.64817,0.0853349,0.192458,2.63912,0.027477,-0.0298279,0.083169,28.7386,0.0002,-1.40788e-09,1.33981e-07,-1.40788e-09,0.000200026,-1.73537e-06,1.33981e-07,-1.73537e-06,0.000199991,48
0.0851638,0.190226,2.6173,0.0853212,0.192527,2.63894,0.0275538,-0.0297744,0.0883,28.7464,0.0002,-2.16562e-09,1.71743e-07,-2.16562e-09,0.000200028,-1.78207e-06,1.71743e-07,-1.78207e-06,0.00019999,48
0.0816855,0.191177,2.59124,0.0880646,0.199073,2.62424,0.0292655,-0.0285229,0.0962412,29.1289,0.0002,-2.84023e-09,2.06601e-07,-2.84023e-09,0.000200029,-1.79485e-06,2.06601e-07,-1.79485e-06,0.00019999,40
0.0787644,0.191896,2.56899,0.0880703,0.199136,2.62453,0.0316544,-0.0274039,0.109995,29.1273,0.0002,-3.35457e-09,2.27178e-07,-3.35457e-09,0.00020003,-1.82669e-06,2.27178e-07,-1.82669e-06,0.000199989,40
0.0768234,0.193162,2.55135,0.0894196,0.203247,2.6174,0.0349534,-0.0257381,0.126354,30.3208,0.000200001,-3.93306e-09,2.59545e-07,-3.93306e-09,0.000200031,-1.82822e-06,2.59545e-07,-1.82822e-06,0.000199989,33
0.0751092,0.194115,2.53571,0.0893115,0.203294,2.6177,0.0385992,-0.0244855,0.146714,30.3254,0.000200001,-4.44048e-09,2.82991e-07,-4.44048e-09,0.000200031,-1.85316e-06,2.82991e-07,-1.85316e-06,0.000199988,33
0.0667353,0.192847,2.4878,0.0538148,0.192311,2.433,0.0355053,-0.0253528,0.1328,29.8878,0.000200001,-5.08801e-09,3.23912e-07,-5.08801e-09,0.000200031,-1.84604e-06,3.23912e-07,-1.84604e-06,0.000199988,55
0.0603164,0.193071,2.44579,0.0559342,0.198246,2.42228,0.0344764,-0.0247294,0.125791,29.7946,0.000200001,-5.36542e-09,3.2847e-07,-5.36542e-09,0.000200032,-1.86602e-06,3.2847e-07,-1.86602e-06,0.000199988,46
0.0552885,0.193145,2.4137,0.0558768,0.198269,2.42191,0.0347685,-0.0242546,0.127701,29.762,0.000200001,-5.61319e-09,3.38868e-07,-5.61319e-09,0.000200032,-1.86189e-06,3.38868e-07,-1.86189e-06,0.000199988,46
0.0514363,0.194074,2.38505,0.0573242,0.202677,2.41436,0.0363563,-0.0229255,0.135051,30.2643,0.000200001,-5.7383e-09,3.37606e-07,-5.7383e-09,0.000200033,-1.87974e-06,3.37606e-07,-1.87974e-06,0.000199988,39
0.0484192,0.194673,2.36377,0.0571653,0.202552,2.4143,0.0387052,-0.0220267,0.146772,30.2654,0.000200001,-5.95212e-09,3.49828e-07,-5.95212e-09,0.000200033,-1.87745e-06,3.49828e-07,-1.87745e-06,0.000199988,39
0.0459183,0.195121,2.34508,0.0573067,0.202707,2.41419,0.0416953,-0.0211788,0.164079,30.2541,0.000200001,-6.16571e-09,3.58232e-07,-6.16571e-09,0.000200033,-1.89624e-06,3.58232e-07,-1.89624e-06,0.000199987,39
0.036862,0.193468,2.29416,0.0217667,0.191459,2.22604,0.038055,-0.0224318,0.147157,30.4459,0.000200001,-6.47888e-09,3.79456e-07,-6.47888e-09,0.000200033,-1.88996e-06,3.79456e-07,-1.88996e-06,0.000199987,62
0.0298582,0.193263,2.24985,0.0236272,0.196941,2.21588,0.0365842,-0.022337,0.137853,30.5268,0.000200001,-6.54842e-09,3.74861e-07,-6.54842e-09,0.000200034,-1.90917e-06,3.74861e-07,-1.90917e-06,0.000199987,54
0.0243216,0.19308,2.21598,0.0235654,0.19717,2.21578,0.0365016,-0.0221203,0.136979,30.5219,0.000200001,-6.55516e-09,3.71102e-07,-6.55516e-09,0.000200034,-1.91106e-06,3.71102e-07,-1.91106e-06,0.000199987,54
0.0200003,0.193655,2.18624,0.0244997,0.200832,2.21022,0.0377603,-0.021245,0.143239,30.6349,0.000200001,-6.46849e-09,3.59277e-07,-6.46849e-09,0.000200034,-1.92657e-06,3.59277e-07,-1.92657e-06,0.000199987,47
0.0166173,0.193976,2.16388,0.0244926,0.200671,2.21009,0.0398673,-0.0206237,0.153882,30.822,0.000200001,-6.49892e-09,3.61845e-07,-6.49892e-09,0.000200034,-1.92614e-06,3.61845e-07,-1.92614e-06,0.000199987,47
0.00659355,0.192817,2.108,-0.0111957,0.191964,2.01719,0.0354636,-0.0214835,0.131997,31.8365,0.000200001,-6.58113e-09,3.6453e-07,-6.58113e-09,0.000200035,-1.94458e-06,3.6453e-07,-1.94458e-06,0.000199987,68
-0.00101089,0.193061,2.06745,-0.00951696,0.197787,2.00659,0.0333991,-0.0209392,0.116445,31.8289,0.000200001,-6.52865e-09,3.59269e-07,-6.52865e-09,0.000200035,-1.94462e-06,3.59269e-07,-1.94462e-06,0.000199987,58
-0.00715732,0.193458,2.04329,-0.00948361,0.19797,2.00672,0.0328927,-0.0203424,0.107288,31.8323,0.000200001,-6.14275e-09,3.27208e-07,-6.14275e-09,0.000200035,-1.95588e-06,3.27208e-07,-1.95588e-06,0.000199986,58
-0.0120317,0.193726,2.02954,-0.00951412,0.197687,2.00666,0.0335283,-0.0199738,0.10154,31.699,0.000200001,-5.79905e-09,3.05106e-07,-5.79905e-09,0.000200036,-1.95552e-06,3.05106e-07,-1.95552e-06,0.000199986,58
-0.0159945,0.194325,2.02263,-0.00959467,0.198836,2.00646,0.0351655,-0.0193753,0.0976303,32.131,0.000200001,-5.24609e-09,2.67358e-07,-5.24609e-09,0.000200036,-1.96279e-06,2.67358e-07,-1.96279e-06,0.000199986,54
-0.0190789,0.19482,2.01886,-0.0095136,0.198939,2.00668,0.0375711,-0.0188797,0.0948619,32.1664,0.000200001,-4.80796e-09,2.43756e-07,-4.80796e-09,0.000200036,-1.95641e-06,2.43756e-07,-1.95641e-06,0.000199986,54
-0.0292477,0.19429,1.99135,-0.0476264,0.192602,1.88002,0.0329923,-0.0194095,0.0673489,33.3466,0.000200001,-4.30052e-09,2.13673e-07,-4.30052e-09,0.000200036,-1.9607e-06,2.13673e-07,-1.9607e-06,0.000199986,78
-0.0373401,0.193864,1.96939,-0.047604,0.192396,1.87963,0.0303699,-0.0199359,0.0443876,33.3999,0.0002,-3.72362e-09,1.79837e-07,-3.72362e-09,0.000200036,-1.95887e-06,1.79837e-07,-1.95887e-06,0.000199987,78
-0.043829,0.193693,1.9519,-0.0475909,0.192448,1.88,0.029441,-0.0202071,0.0268953,33.3822,0.0002,-2.87444e-09,1.25711e-07,-2.87444e-09,0.000200036,-1.96195e-06,1.25711e-07,-1.96195e-06,0.000199987,78
-0.0490678,0.19314,1.93843,-0.0480711,0.190454,1.88389,0.0296422,-0.0208597,0.0134283,33.4474,0.0002,-2.16348e-09,8.66652e-08,-2.16348e-09,0.000200036,-1.95704e-06,8.66652e-08,-1.95704e-06,0.000199987,80
-0.0532584,0.192762,1.92749,-0.048034,0.190177,1.88369,0.0309816,-0.0214375,0.00248682,33.4893,0.0002,-1.33204e-09,3.81931e-08,-1.33204e-09,0.000200036,-1.95564e-06,3.81931e-08,-1.95564e-06,0.000199987,80
-0.0563864,0.193081,1.91746,-0.0470338,0.193215,1.87702,0.0332736,-0.0213185,-0.00754361,34.3179,0.0002,-6.6116e-10,3.72417e-09,-6.6116e-10,0.000200036,-1.95114e-06,3.72417e-09,-1.95114e-06,0.000199987,83
-0.0653463,0.194625,1.90793,-0.0793271,0.198968,1.87051,0.0298137,-0.0200753,-0.0170689,33.7345,0.0002,1.32778e-10,-4.16547e-08,1.32778e-10,0.000200036,-1.9484e-06,-4.16547e-08,-1.9484e-06,0.000199987,86
-0.0724651,0.195843,1.90043,-0.0792698,0.198936,1.87044,0.0281349,-0.019157,-0.0245729,33.8845,0.0002,7.41706e-10,-7.19508e-08,7.41706e-10,0.000200035,-1.94075e-06,-7.19508e-08,-1.94075e-06,0.000199987,86
-0.0781273,0.197126,1.89406,-0.0790172,0.199896,1.86829,0.0278727,-0.0181743,-0.0309426,35.2132,0.0002,1.447e-09,-1.11529e-07,1.447e-09,0.000200035,-1.93884e-06,-1.11529e-07,-1.93884e-06,0.000199987,90
-0.0825864,0.198175,1.88877,-0.0789129,0.199966,1.86796,0.0288136,-0.0175251,-0.0362303,35.2467,0.0002,2.01141e-09,-1.40341e-07,2.01141e-09,0.000200035,-1.92965e-06,-1.40341e-07,-1.92965e-06,0.000199987,90
-0.086203,0.199117,1.88472,-0.0790377,0.200013,1.86822,0.030697,-0.0170833,-0.0402801,35.1891,0.0002,2.63769e-09,-1.75242e-07,2.63769e-09,0.000200035,-1.92766e-06,-1.75242e-07,-1.92766e-06,0.000199987,90
-0.095246,0.20038,1.88181,-0.110064,0.202501,1.87017,0.026954,-0.0163204,-0.0431914,31.9827,0.0002,3.14207e-09,-2.01445e-07,3.14207e-09,0.000200035,-1.91741e-06,-2.01445e-07,-1.91741e-06,0.000199987,90
-0.102474,0.201471,1.8793,-0.110042,0.202364,1.86957,0.0251265,-0.0157288,-0.045703,32.0035,0.0002,3.73884e-09,-2.36401e-07,3.73884e-09,0.000200034,-1.9104e-06,-2.36401e-07,-1.9104e-06,0.000199987,90
-0.108216,0.202338,1.87742,-0.110085,0.202509,1.8699,0.0246836,-0.0154622,-0.0475818,32.0001,0.000200001,4.11038e-09,-2.53877e-07,4.11038e-09,0.000200034,-1.89821e-06,-2.53877e-07,-1.89821e-06,0.000199987,90
-0.112781,0.203404,1.87554,-0.109821,0.20359,1.86803,0.025519,-0.0150964,-0.0494605,33.4073,0.000200001,4.69439e-09,-2.90069e-07,4.69439e-09,0.000200034,-1.89416e-06,-2.90069e-07,-1.89416e-06,0.000199987,95
-0.11634,0.204243,1.874,-0.109696,0.203673,1.86755,0.0271604,-0.0150567,-0.0509963,33.4532,0.000200001,5.0587e-09,-3.0889e-07,5.0587e-09,0.000200033,-1.88067e-06,-3.0889e-07,-1.88067e-06,0.000199987,95
-0.118872,0.205674,1.87135,-0.107987,0.206537,1.86043,0.0299282,-0.0144264,-0.0536545,34.6774,0.000200001,5.67666e-09,-3.48961e-07,5.67666e-09,0.000200033,-1.87673e-06,-3.48961e-07,-1.87673e-06,0.000199987,99
-0.127101,0.206684,1.87158,-0.139857,0.206408,1.87248,0.0267988,-0.0143158,-0.0534214,28.5748,0.000200001,5.92165e-09,-3.61868e-07,5.92165e-09,0.000200032,-1.84612e-06,-3.61868e-07,-1.84612e-06,0.000199987,98
-0.133335,0.207547,1.87172,-0.139797,0.206379,1.87224,0.0252649,-0.0143529,-0.0532834,28.6015,0.000200001,6.06802e-09,-3.79609e-07,6.06802e-09,0.00020003,-1.77254e-06,-3.79609e-07,-1.77254e-06,0.000199988,98
-0.137908,0.208129,1.87184,-0.139801,0.206417,1.87229,0.0248916,-0.0145715,-0.0531643,28.5014,0.000200001,5.78388e-09,-3.72279e-07,5.78388e-09,0.000200027,-1.65913e-06,-3.72279e-07,-1.65913e-06,0.000199989,97
-0.140734,0.209602,1.87016,-0.138201,0.211716,1.86346,0.0255661,-0.0137977,-0.0548447,30.4218,0.000200001,5.2534e-09,-3.57226e-07,5.2534e-09,0.000200024,-1.50498e-06,-3.57226e-07,-1.50498e-06,0.00019999,99
-0.142514,0.210635,1.86863,-0.138076,0.211666,1.86287,0.0267859,-0.0133651,-0.0563681,30.4142,0.000200001,4.49707e-09,-3.26287e-07,4.49707e-09,0.00020002,-1.33343e-06,-3.26287e-07,-1.33343e-06,0.000199991,98
-0.143493,0.211328,1.86756,-0.138192,0.21156,1.86331,0.0281067,-0.0131723,-0.0574356,30.2906,0.000200001,3.66487e-09,-2.89084e-07,3.66487e-09,0.000200015,-1.14857e-06,-2.89084e-07,-1.14857e-06,0.000199993,98
-0.14986,0.212083,1.86818,-0.164743,0.213077,1.87095,0.0242398,-0.0128168,-0.0568194,25.1137,0.000200001,3.04835e-09,-2.50554e-07,3.04835e-09,0.000200013,-1.07362e-06,-2.50554e-07,-1.07362e-06,0.000199994,101
-0.155687,0.212539,1.86882,-0.164623,0.213054,1.87108,0.0221134,-0.0124607,-0.0561752,25.1087,0.000200001,2.61599e-09,-2.02739e-07,2.61599e-09,0.000200013,-1.14683e-06,-2.02739e-07,-1.14683e-06,0.000199994,101
-0.160938,0.212862,1.86926,-0.164739,0.21322,1.87099,0.0211621,-0.0121381,-0.0557419,25.0898,0.0002,2.27916e-09,-1.60034e-07,2.27916e-09,0.000200015,-1.28441e-06,-1.60034e-07,-1.28441e-06,0.000199994,101
-0.165518,0.21311,1.86947,-0.164719,0.213097,1.87097,0.0213818,-0.0118903,-0.0555275,25.2049,0.0002,2.07179e-09,-1.35067e-07,2.07179e-09,0.000200018,-1.43377e-06,-1.35067e-07,-1.43377e-06,0.000199994,101
-0.169161,0.213717,1.86888,-0.163969,0.215531,1.86655,0.0226385,-0.0111833,-0.0561154,26.3311,0.0002,1.77791e-09,-1.05344e-07,1.77791e-09,0.000200021,-1.55012e-06,-1.05344e-07,-1.55012e-06,0.000199993,103
-0.172224,0.214292,1.86833,-0.163778,0.215473,1.86614,0.024776,-0.0105083,-0.0566688,26.6011,0.0002,1.72781e-09,-1.02469e-07,1.72781e-09,0.000200024,-1.65434e-06,-1.02469e-07,-1.65434e-06,0.000199992,104
-0.178771,0.214744,1.86954,-0.184155,0.2157,1.87472,0.0234286,-0.0100562,-0.0554559,22.1732,0.0002,1.6347e-09,-9.46708e-08,1.6347e-09,0.000200026,-1.72439e-06,-9.46708e-08,-1.72439e-06,0.000199991,103
-0.184061,0.215051,1.87057,-0.184126,0.214869,1.87499,0.0234385,-0.00974877,-0.054429,22.4169,0.0002,1.77722e-09,-1.07386e-07,1.77722e-09,0.000200028,-1.77852e-06,-1.07386e-07,-1.77852e-06,0.00019999,107
-0.188172,0.215318,1.8715,-0.184118,0.215133,1.87491,0.0245282,-0.00958181,-0.0534984,22.3058,0.0002,1.82126e-09,-1.09996e-07,1.82126e-09,0.000200029,-1.79393e-06,-1.09996e-07,-1.79393e-06,0.00019999,107
-0.190689,0.215986,1.87073,-0.181757,0.216944,1.86766,0.0268107,-0.0090142,-0.0542702,23.2205,0.0002,1.96447e-09,-1.24099e-07,1.96447e-09,0.000200028,-1.7562e-06,-1.24099e-07,-1.7562e-06,0.00019999,112
-0.19232,0.216473,1.87007,-0.18182,0.216986,1.86808,0.02938,-0.0087271,-0.0549291,23.2034,0.0002,1.92615e-09,-1.24764e-07,1.92615e-09,0.000200027,-1.66869e-06,-1.24764e-07,-1.66869e-06,0.00019999,112
-0.199357,0.21689,1.87105,-0.213103,0.2172,1.8753,0.0260427,-0.00840967,-0.053946,20.4605,0.0002,1.81746e-09,-1.24688e-07,1.81746e-09,0.000200023,-1.52872e-06,-1.24688e-07,-1.52872e-06,0.000199991,107
-0.204475,0.217255,1.87158,-0.212859,0.217465,1.8737,0.0239254,-0.00814451,-0.053416,20.6322,0.0002,1.63179e-09,-1.20403e-07,1.63179e-09,0.00020002,-1.365e-06,-1.20403e-07,-1.365e-06,0.000199992,109
-0.208085,0.217441,1.87193,-0.212857,0.217354,1.87361,0.0228145,-0.00815896,-0.0530739,20.6499,0.0002,1.32602e-09,-1.04022e-07,1.32602e-09,0.000200016,-1.18303e-06,-1.04022e-07,-1.18303e-06,0.000199993,109
-0.210869,0.217702,1.86288,-0.211949,0.218354,1.87053,0.0223312,-0.00789809,-0.0511159,21.1215,0.0002,1.05125e-09,-8.4261e-08,1.05125e-09,0.000200013,-1.07852e-06,-8.4261e-08,-1.07852e-06,0.000199994,111
-0.213949,0.217686,1.84064,-0.211949,0.218253,1.87041,0.0228505,-0.00761392,-0.0433586,21.1313,0.0002,7.90452e-10,-5.41971e-08,7.90452e-10,0.000200013,-1.14842e-06,-5.41971e-08,-1.14842e-06,0.000199994,111
-0.217044,0.217535,1.82116,-0.211884,0.218374,1.87054,0.0240557,-0.0074648,-0.0318419,21.121,0.0002,4.701e-10,-1.91985e-08,4.701e-10,0.000200015,-1.29679e-06,-1.91985e-08,-1.29679e-06,0.000199994,111
-0.223342,0.217761,1.79933,-0.228681,0.220481,1.8511,0.0226578,-0.0067394,-0.0186694,19.8707,0.0002,1.37994e-10,8.6452e-09,1.37994e-10,0.000200019,-1.46638e-06,8.6452e-09,-1.46638e-06,0.000199994,107
-0.22852,0.217799,1.78618,-0.228708,0.22043,1.85106,0.0225803,-0.00630086,-0.0018237,19.8752,0.0002,-3.40107e-10,4.47436e-08,-3.40107e-10,0.000200022,-1.59714e-06,4.47436e-08,-1.59714e-06,0.000199993,107
-0.232765,0.217857,1.78287,-0.228694,0.220484,1.85097,0.023635,-0.0058428,0.0148747,19.8844,0.0002,-7.51498e-10,6.84389e-08,-7.51498e-10,0.000200025,-1.69767e-06,6.84389e-08,-1.69767e-06,0.000199992,107
-0.235801,0.218787,1.7855,-0.226841,0.22525,1.84337,0.0258988,-0.00451252,0.0295002,20.5959,0.0002,-1.30293e-09,1.03133e-07,-1.30293e-09,0.000200027,-1.76374e-06,1.03133e-07,-1.76374e-06,0.000199991,99
-0.238313,0.219559,1.79334,-0.226905,0.225235,1.84348,0.0287872,-0.00334069,0.0423377,20.6333,0.0002,-1.77108e-09,1.27421e-07,-1.77108e-09,0.000200029,-1.81681e-06,1.27421e-07,-1.81681e-06,0.00019999,99
-0.240298,0.220155,1.8021,-0.226888,0.225348,1.84357,0.0321022,-0.00244499,0.0521039,20.6413,0.0002,-2.2729e-09,1.5509e-07,-2.2729e-09,0.00020003,-1.84727e-06,1.5509e-07,-1.84727e-06,0.000199989,99
-0.248365,0.220015,1.7811,-0.259084,0.220845,1.69678,0.0294351,-0.00228525,0.0310984,22.2845,0.0002,-2.68855e-09,1.75357e-07,-2.68855e-09,0.000200031,-1.86879e-06,1.75357e-07,-1.86879e-06,0.000199989,98
-0.254711,0.219832,1.76436,-0.258496,0.220113,1.69584,0.0284892,-0.00216842,0.0143633,22.1715,0.0002,-2.78437e-09,1.7078e-07,-2.78437e-09,0.000200032,-1.88469e-06,1.7078e-07,-1.88469e-06,0.000199988,101
-0.259797,0.219746,1.75103,-0.258457,0.220061,1.69579,0.0288026,-0.00205437,0.00102884,22.3021,0.0002,-2.64191e-09,1.51691e-07,-2.64191e-09,0.000200033,-1.89841e-06,1.51691e-07,-1.89841e-06,0.000199988,101
-0.263104,0.219926,1.73859,-0.254768,0.220885,1.68788,0.0308962,-0.001674,-0.0124118,22.621,0.0002,-2.32013e-09,1.24137e-07,-2.32013e-09,0.000200033,-1.90358e-06,1.24137e-07,-1.90358e-06,0.000199988,101
-0.265793,0.220172,1.72869,-0.254943,0.220932,1.68813,0.0336069,-0.00122757,-0.0223129,22.5998,0.0002,-1.82947e-09,8.78683e-08,-1.82947e-09,0.000200034,-1.90889e-06,8.78683e-08,-1.90889e-06,0.000199988,101
-0.275139,0.221904,1.71858,-0.29113,0.228353,1.67789,0.0295615,0.000603586,-0.0324247,26.078,0.0002,-1.34243e-09,5.66382e-08,-1.34243e-09,0.000200034,-1.90561e-06,5.66382e-08,-1.90561e-06,0.000199988,98
-0.282727,0.222113,1.71194,-0.291579,0.22197,1.68604,0.0273734,0.000812717,-0.0390589,26.5495,0.0002,-6.97466e-10,1.46755e-08,-6.97466e-10,0.000200034,-1.90742e-06,1.46755e-08,-1.90742e-06,0.000199987,120
-0.288762,0.222299,1.70682,-0.291577,0.222014,1.686,0.0266381,0.000999061,-0.0441827,26.5542,0.0002,-1.61784e-10,-1.56128e-08,-1.61784e-10,0.000200034,-1.90313e-06,-1.56128e-08,-1.90313e-06,0.000199987,120
-0.29358,0.222562,1.70263,-0.291569,0.221987,1.68617,0.0272199,0.00116243,-0.048375,26.5663,0.0002,4.98392e-10,-5.5921e-08,4.98392e-10,0.000200034,-1.89917e-06,-5.5921e-08,-1.89917e-06,0.000199987,120
-0.295451,0.2256,1.69314,-0.281822,0.235703,1.65532,0.0306492,0.0039998,-0.0578612,27.0501,0.0002,1.05765e-09,-8.68765e-08,1.05765e-09,0.000200034,-1.89161e-06,-8.68765e-08,-1.89161e-06,0.000199987,99
-0.297002,0.228211,1.68556,-0.282039,0.235874,1.65596,0.0343975,0.00641097,-0.0654434,27.0218,0.0002,1.8055e-09,-1.33473e-07,1.8055e-09,0.000200033,-1.88874e-06,-1.33473e-07,-1.88874e-06,0.000199988,99
-0.306665,0.229579,1.68287,-0.324466,0.232297,1.67211,0.0299355,0.00737893,-0.0681345,30.3932,0.0002,2.4358e-09,-1.69495e-07,2.4358e-09,0.000200033,-1.87616e-06,-1.69495e-07,-1.87616e-06,0.000199988,99
-0.314263,0.229202,1.68257,-0.324232,0.224463,1.68098,0.0275366,0.00660175,-0.0684342,30.0102,0.0002,3.11191e-09,-2.11223e-07,3.11191e-09,0.000200032,-1.85439e-06,-2.11223e-07,-1.85439e-06,0.000199988,123
-0.320065,0.22887,1.68218,-0.324254,0.224472,1.68089,0.0265352,0.00576978,-0.068822,30.1718,0.0002,3.48364e-09,-2.33013e-07,3.48364e-09,0.000200031,-1.79531e-06,-2.33013e-07,-1.79531e-06,0.000199988,123
-0.32296,0.231244,1.67663,-0.317579,0.237319,1.65419,0.02794,0.00774378,-0.0743706,30.2663,0.000200001,3.6784e-09,-2.50908e-07,3.6784e-09,0.000200028,-1.69284e-06,-2.50908e-07,-1.69284e-06,0.000199989,101
-0.324769,0.233038,1.67203,-0.317351,0.237265,1.65401,0.0299315,0.0090377,-0.0789686,30.3273,0.000200001,3.5362e-09,-2.4932e-07,3.5362e-09,0.000200025,-1.55311e-06,-2.4932e-07,-1.55311e-06,0.00019999,101
-0.325762,0.234434,1.66828,-0.317412,0.237301,1.65395,0.0320384,0.0100342,-0.0827186,30.3191,0.000200001,3.23581e-09,-2.42647e-07,3.23581e-09,0.000200021,-1.38893e-06,-2.42647e-07,-1.38893e-06,0.000199991,101
-0.332523,0.242063,1.6637,-0.349768,0.270302,1.64556,0.0277771,0.0173632,-0.0873006,39.7537,0.0002,2.75907e-09,-2.23705e-07,2.75907e-09,0.000200017,-1.20334e-06,-2.23705e-07,-1.20334e-06,0.000199992,70
-0.338222,0.248226,1.64705,-0.349245,0.271382,1.64348,0.0248776,0.0233257,-0.0879475,39.7369,0.0002,2.3788e-09,-1.95999e-07,2.3788e-09,0.000200015,-1.14627e-06,-1.95999e-07,-1.14627e-06,0.000199993,70
-0.343351,0.253281,1.62638,-0.349062,0.272712,1.64096,0.0234491,0.0284807,-0.0846236,39.5732,0.0002,2.11423e-09,-1.65616e-07,2.11423e-09,0.000200015,-1.20597e-06,-1.65616e-07,-1.20597e-06,0.000199994,70
-0.347942,0.257428,1.61132,-0.348424,0.273906,1.63855,0.023358,0.0329279,-0.0776786,39.5711,0.0002,1.85329e-09,-1.29271e-07,1.85329e-09,0.000200017,-1.34296e-06,-1.29271e-07,-1.34296e-06,0.000199994,71
-0.351899,0.260881,1.60473,-0.348484,0.274757,1.63722,0.0241012,0.0365805,-0.0692717,39.4366,0.0002,1.59021e-09,-9.91789e-08,1.59021e-09,0.000200019,-1.47439e-06,-9.91789e-08,-1.47439e-06,0.000199993,71
-0.355246,0.263692,1.60517,-0.348661,0.275126,1.63657,0.0257545,0.0396921,-0.0618316,39.3655,0.0002,1.29788e-09,-7.20476e-08,1.29788e-09,0.000200022,-1.58214e-06,-7.20476e-08,-1.58214e-06,0.000199993,71
-0.362747,0.257696,1.60401,-0.372263,0.233708,1.61212,0.0233526,0.0339962,-0.0589944,30.745,0.0002,1.0268e-09,-5.12378e-08,1.0268e-09,0.000200024,-1.66814e-06,-5.12378e-08,-1.66814e-06,0.000199992,104
-0.368791,0.2529,1.60503,-0.372105,0.233744,1.6121,0.022509,0.0295002,-0.0579679,30.6581,0.0002,7.81961e-10,-3.49823e-08,7.81961e-10,0.000200026,-1.73502e-06,-3.49823e-08,-1.73502e-06,0.000199991,104
-0.37369,0.249067,1.60647,-0.372263,0.233727,1.61239,0.0228104,0.0259674,-0.0565265,30.9586,0.0002,5.98098e-10,-2.49436e-08,5.98098e-10,0.000200028,-1.78298e-06,-2.49436e-08,-1.78298e-06,0.00019999,103
-0.377621,0.246068,1.60803,-0.372159,0.233813,1.61223,0.0242786,0.0231681,-0.0549663,31.0222,0.0002,5.44814e-10,-2.54936e-08,5.44814e-10,0.00020003,-1.81909e-06,-2.54936e-08,-1.81909e-06,0.00019999,103
-0.380733,0.243675,1.60926,-0.37204,0.233811,1.61245,0.026367,0.0209749,-0.0537429,31.0767,0.0002,5.21661e-10,-2.66061e-08,5.21661e-10,0.000200031,-1.84056e-06,-2.66061e-08,-1.84056e-06,0.000199989,103
-0.3874,0.244712,1.60411,-0.392867,0.247941,1.58292,0.0251,0.0222124,-0.0598896,33.2217,0.0002,6.46087e-10,-3.8488e-08,6.46087e-10,0.000200031,-1.85648e-06,-3.8488e-08,-1.85648e-06,0.000199989,101
-0.392726,0.245602,1.60003,-0.392934,0.24807,1.5831,0.0249744,0.0231021,-0.0639712,33.215,0.0002,8.34161e-10,-5.30994e-08,8.34161e-10,0.000200032,-1.86325e-06,-5.30994e-08,-1.86325e-06,0.000199988,101
-0.396946,0.246378,1.59654,-0.392727,0.247915,1.58259,0.0260539,0.0238782,-0.067462,33.2492,0.0002,1.1847e-09,-7.89196e-08,1.1847e-09,0.000200032,-1.86786e-06,-7.89196e-08,-1.86786e-06,0.000199988,101
-0.400243,0.247956,1.59338,-0.392491,0.252472,1.58048,0.0279569,0.0254556,-0.0706214,33.5169,0.0002,1.54743e-09,-1.02983e-07,1.54743e-09,0.000200032,-1.86568e-06,-1.02983e-07,-1.86568e-06,0.000199988,98
-0.402818,0.24934,1.59078,-0.392173,0.252512,1.58011,0.0306819,0.0266398,-0.0732199,33.5892,0.0002,2.05818e-09,-1.37511e-07,2.05818e-09,0.000200032,-1.8645e-06,-1.37511e-07,-1.8645e-06,0.000199988,98
-0.404771,0.251128,1.58828,-0.391962,0.255764,1.57868,0.0339286,0.0282284,-0.0757173,34.2446,0.0002,2.50455e-09,-1.65063e-07,2.50455e-09,0.000200032,-1.8534e-06,-1.65063e-07,-1.8534e-06,0.000199988,97
-0.410951,0.251109,1.58841,-0.415779,0.248145,1.5892,0.0328491,0.027809,-0.075589,27.9464,0.0002,2.99662e-09,-1.98369e-07,2.99662e-09,0.000200031,-1.82253e-06,-1.98369e-07,-1.82253e-06,0.000199988,101
-0.415584,0.251093,1.58853,-0.415876,0.24827,1.58896,0.0327162,0.027493,-0.0754726,27.95,0.0002,3.23447e-09,-2.15378e-07,3.23447e-09,0.00020003,-1.74996e-06,-2.15378e-07,-1.74996e-06,0.000199989,101
-0.419269,0.253732,1.59029,-0.41805,0.261723,1.59776,0.033131,0.0297325,-0.0737062,30.7252,0.0002,3.24378e-09,-2.2243e-07,3.24378e-09,0.000200027,-1.63029e-06,-2.2243e-07,-1.63029e-06,0.000199989,70
-0.421723,0.255761,1.59175,-0.417872,0.26164,1.59764,0.0340767,0.0314607,-0.0722496,30.7374,0.0002,3.00959e-09,-2.1552e-07,3.00959e-09,0.000200023,-1.48047e-06,-2.1552e-07,-1.48047e-06,0.00019999,70
-0.422626,0.2554,1.59068,-0.415031,0.251925,1.58636,0.0360739,0.0308004,-0.0733248,28.078,0.0002,2.63583e-09,-2.01895e-07,2.63583e-09,0.000200019,-1.30624e-06,-2.01895e-07,-1.30624e-06,0.000199992,96
-0.422886,0.255059,1.58983,-0.415014,0.251981,1.5861,0.038014,0.0301586,-0.0741735,28.0911,0.0002,2.19025e-09,-1.83085e-07,2.19025e-09,0.000200015,-1.12128e-06,-1.83085e-07,-1.12128e-06,0.000199993,96
-0.429339,0.257356,1.5804,-0.444416,0.265701,1.6072,0.0340607,0.0323555,-0.0675977,25.4352,0.0002,1.82498e-09,-1.55312e-07,1.82498e-09,0.000200013,-1.05975e-06,-1.55312e-07,-1.05975e-06,0.000199994,73
-0.435155,0.259118,1.56327,-0.444232,0.265871,1.60718,0.0318447,0.0342183,-0.0567278,25.4288,0.0002,1.6174e-09,-1.31586e-07,1.6174e-09,0.000200013,-1.13035e-06,-1.31586e-07,-1.13035e-06,0.000199995,73
-0.440209,0.25887,1.54388,-0.44252,0.258521,1.6009,0.0311909,0.0341696,-0.0421233,26.1211,0.0002,1.38826e-09,-9.75486e-08,1.38826e-09,0.000200015,-1.29509e-06,-9.75486e-08,-1.29509e-06,0.000199994,98
-0.444632,0.258565,1.52936,-0.442491,0.258529,1.6008,0.0316679,0.0341647,-0.0236448,26.0871,0.0002,1.11753e-09,-6.59736e-08,1.11753e-09,0.000200018,-1.46275e-06,-6.59736e-08,-1.46275e-06,0.000199994,98
-0.448346,0.258195,1.52054,-0.442443,0.25852,1.60051,0.0331538,0.0340953,-0.00346351,26.0782,0.0002,7.13925e-10,-2.92759e-08,7.13925e-10,0.000200022,-1.60061e-06,-2.92759e-08,-1.60061e-06,0.000199993,98
-0.454528,0.255309,1.50052,-0.458419,0.245163,1.50033,0.032172,0.0315085,-0.00348452,20.0543,0.0002,1.65317e-10,1.27564e-08,1.65317e-10,0.000200025,-1.69184e-06,1.27564e-08,-1.69184e-06,0.000199992,100
-0.459494,0.252976,1.492,-0.458145,0.245227,1.49976,0.032506,0.0294764,-0.0019994,20.2193,0.0002,-3.89298e-10,4.87851e-08,-3.89298e-10,0.000200027,-1.76207e-06,4.87851e-08,-1.76207e-06,0.000199991,100
-0.46347,0.251108,1.48994,-0.458249,0.245175,1.50002,0.03373,0.0280081,0.000935646,20.264,0.0002,-8.469e-10,7.37228e-08,-8.469e-10,0.000200029,-1.804e-06,7.37228e-08,-1.804e-06,0.00019999,101
-0.466726,0.249578,1.49098,-0.458395,0.245142,1.50016,0.0358738,0.0268783,0.00297602,20.0843,0.0002,-1.28373e-09,9.67649e-08,-1.28373e-09,0.00020003,-1.83812e-06,9.67649e-08,-1.83812e-06,0.000199989,100
-0.469396,0.247981,1.49313,-0.458836,0.243191,1.5017,0.0385038,0.0256805,0.00513298,19.083,0.0002,-1.59203e-09,1.09969e-07,-1.59203e-09,0.000200031,-1.85617e-06,1.09969e-07,-1.85617e-06,0.000199989,97
-0.471506,0.246705,1.49514,-0.458603,0.243213,1.50119,0.0417936,0.024705,0.00713584,19.0939,0.0002,-1.83853e-09,1.19947e-07,-1.83853e-09,0.000200032,-1.87099e-06,1.19947e-07,-1.87099e-06,0.000199989,97
-0.479069,0.248515,1.4814,-0.488063,0.256362,1.42465,0.0394308,0.0268155,-0.00759952,17.8941,0.0002,-1.90871e-09,1.17776e-07,-1.90871e-09,0.000200032,-1.8762e-06,1.17776e-07,-1.8762e-06,0.000199988,95
-0.487995,0.251602,1.47977,-0.502414,0.264779,1.47247,0.0359051,0.0301015,-0.00922798,21.0922,0.0002,-1.81167e-09,1.0505e-07,-1.81167e-09,0.000200033,-1.88159e-06,1.0505e-07,-1.88159e-06,0.000199988,101
-0.495146,0.254125,1.47854,-0.502494,0.264717,1.47281,0.0339543,0.0328246,-0.0104555,21.073,0.0002,-1.58579e-09,8.56299e-08,-1.58579e-09,0.000200033,-1.88416e-06,8.56299e-08,-1.88416e-06,0.000199988,101
-0.50087,0.25619,1.47749,-0.502533,0.264728,1.47304,0.0336298,0.0350898,-0.0115122,21.0922,0.0002,-1.30875e-09,6.54812e-08,-1.30875e-09,0.000200033,-1.8852e-06,6.54812e-08,-1.8852e-06,0.000199988,101
-0.505455,0.257864,1.47668,-0.502686,0.264628,1.47321,0.034245,0.0368643,-0.01232,21.0984,0.0002,-1.00338e-09,4.54087e-08,-1.00338e-09,0.000200033,-1.88186e-06,4.54087e-08,-1.88186e-06,0.000199988,100
-0.506964,0.258955,1.46856,-0.491967,0.262766,1.43614,0.0380357,0.0379547,-0.0214367,19.0622,0.0002,-6.60106e-10,2.36533e-08,-6.60106e-10,0.000200033,-1.87723e-06,2.36533e-08,-1.87723e-06,0.000199988,116
-0.51385,0.257764,1.46286,-0.520388,0.252184,1.43996,0.03635,0.0367641,-0.0261434,15.7687,0.0002,-2.49606e-10,-2.50178e-09,-2.49606e-10,0.000200033,-1.8735e-06,-2.50178e-09,-1.8735e-06,0.000199988,119
-0.519333,0.256895,1.45828,-0.520312,0.25211,1.43993,0.0361672,0.0356947,-0.0307163,15.7335,0.0002,2.74441e-10,-3.6609e-08,2.74441e-10,0.000200033,-1.86954e-06,-3.6609e-08,-1.86954e-06,0.000199988,119
-0.523002,0.257725,1.4524,-0.516984,0.259299,1.4295,0.0376983,0.0363254,-0.0366042,16.1621,0.0002,8.22688e-10,-7.09887e-08,8.22688e-10,0.000200032,-1.85892e-06,-7.09887e-08,-1.85892e-06,0.000199988,120
-0.525964,0.258492,1.44775,-0.517032,0.259246,1.4295,0.0399355,0.0367917,-0.0412487,16.1623,0.0002,1.47571e-09,-1.12648e-07,1.47571e-09,0.000200032,-1.8551e-06,-1.12648e-07,-1.8551e-06,0.000199988,120
-0.528236,0.259179,1.44409,-0.517104,0.259413,1.42912,0.0427637,0.0370786,-0.0449135,16.1558,0.0002,2.04521e-09,-1.46961e-07,2.04521e-09,0.000200032,-1.83462e-06,-1.46961e-07,-1.83462e-06,0.000199988,120
-0.529643,0.260632,1.44072,-0.516337,0.263568,1.42795,0.0461565,0.0381323,-0.0482775,15.753,0.0002,2.56915e-09,-1.81687e-07,2.56915e-09,0.00020003,-1.78047e-06,-1.81687e-07,-1.78047e-06,0.000199988,119
-0.53682,0.259643,1.44048,-0.548335,0.253047,1.43911,0.0432798,0.0366427,-0.0485187,12.6088,0.0002,2.82921e-09,-2.00214e-07,2.82921e-09,0.000200028,-1.68964e-06,-2.00214e-07,-1.68964e-06,0.000199989,123
-0.541536,0.260624,1.43831,-0.545459,0.261911,1.4293,0.0423642,0.0372239,-0.050693,12.9604,0.0002,2.87443e-09,-2.09673e-07,2.87443e-09,0.000200025,-1.55975e-06,-2.09673e-07,-1.55975e-06,0.00019999,121
-0.544789,0.261328,1.43646,-0.54538,0.261941,1.42941,0.0422112,0.0375275,-0.0525377,12.9385,0.0002,2.64982e-09,-2.02674e-07,2.64982e-09,0.000200021,-1.39593e-06,-2.02674e-07,-1.39593e-06,0.000199991,121
-0.546959,0.261866,1.43513,-0.545615,0.261982,1.42981,0.0426407,0.0376665,-0.0538687,13.0017,0.0002,2.33429e-09,-1.93701e-07,2.33429e-09,0.000200017,-1.21441e-06,-1.93701e-07,-1.21441e-06,0.000199992,121
-0.548034,0.262866,1.43315,-0.5443,0.265177,1.42524,0.0435659,0.0383657,-0.0558498,11.8043,0.0002,1.93795e-09,-1.76269e-07,1.93795e-09,0.000200013,-1.03456e-06,-1.76269e-07,-1.03456e-06,0.000199994,87
-0.552601,0.262366,1.43114,-0.565357,0.266384,1.42343,0.0403988,0.0389664,-0.0578626,10.6556,0.0002,2.11437e-10,8.09257e-08,2.11437e-10,0.00020001,-8.3842e-07,8.09257e-08,-8.3842e-07,0.000199995,88
-0.555882,0.261115,1.42947,-0.565373,0.266155,1.42379,0.0379183,0.0407147,-0.0595317,10.6488,0.000200001,-1.24894e-09,3.74015e-07,-1.24894e-09,0.000200007,-6.52416e-07,3.74015e-07,-6.52416e-07,0.000199996,88
-0.558381,0.258539,1.42823,-0.565585,0.266199,1.42398,0.0357188,0.0424393,-0.0597687,10.6419,0.000200005,-2.72523e-09,8.14559e-07,-2.72523e-09,0.000200005,-5.06347e-07,8.14559e-07,-5.06347e-07,0.000199996,88
-0.561276,0.253658,1.43105,-0.571284,0.253531,1.44273,0.0330242,0.0425578,-0.056946,10.4298,0.000200009,-3.24759e-09,1.14119e-06,-3.24759e-09,0.000200003,-3.76983e-07,1.14119e-06,-3.76983e-07,0.000199996,121
-0.5638,0.249017,1.43407,-0.572525,0.252768,1.44526,0.0305002,0.0435171,-0.0549305,10.2412,0.000200015,-3.43211e-09,1.44374e-06,-3.43211e-09,0.000200002,-2.88168e-07,1.44374e-06,-2.88168e-07,0.000199995,121
-0.565886,0.245074,1.43691,-0.573419,0.252002,1.44743,0.0284137,0.045274,-0.0520853,10.0599,0.000200021,-3.17921e-09,1.64992e-06,-3.17921e-09,0.000200001,-2.13705e-07,1.64992e-06,-2.13705e-07,0.000199993,121
-0.568666,0.2369,1.43932,-0.579075,0.228195,1.44873,0.025534,0.0429999,-0.0496818,6.43375,0.000200027,-2.85445e-09,1.82332e-06,-2.85445e-09,0.000200001,-1.62801e-07,1.82332e-06,-1.62801e-07,0.000199991,115
-0.571152,0.230063,1.44214,-0.580632,0.226299,1.45322,0.0228476,0.0421627,-0.0468594,6.26708,0.000200031,-2.43065e-09,1.92129e-06,-2.43065e-09,0.000200001,-1.23221e-07,1.92129e-06,-1.23221e-07,0.00019999,114
-0.573454,0.224059,1.4451,-0.582174,0.224849,1.45706,0.0204463,0.042259,-0.0438977,6.1373,0.000200035,-2.11449e-09,2.02306e-06,-2.11449e-09,0.0002,-9.91543e-08,2.02306e-06,-9.91543e-08,0.000199988,115
-0.574476,0.221415,1.44493,-0.578222,0.2347,1.44427,0.0192237,0.0457146,-0.0440746,7.45804,0.000200037,-1.71347e-09,2.05827e-06,-1.71347e-09,0.0002,-7.41861e-08,2.05827e-06,-7.41861e-08,0.000199987,114
-0.575368,0.219433,1.44494,-0.578491,0.23659,1.44474,0.0181319,0.0499331,-0.0440573,8.00348,0.00020004,-1.46363e-09,2.11984e-06,-1.46363e-09,0.0002,-6.15033e-08,2.11984e-06,-6.15033e-08,0.000199986,113
-0.576104,0.217597,1.44512,-0.578718,0.234114,1.44587,0.0172959,0.0540966,-0.0438795,7.45887,0.00020004,-1.21819e-09,2.12019e-06,-1.21819e-09,0.0002,-5.02123e-08,2.12019e-06,-5.02123e-08,0.000199986,114
-0.577438,0.21128,1.44945,-0.582574,0.211101,1.46713,0.0157623,0.0539798,-0.0395542,5.95543,0.000200042,-1.09276e-09,2.15945e-06,-1.09276e-09,0.0002,-4.61316e-08,2.15945e-06,-4.61316e-08,0.000199985,90
-0.578816,0.206145,1.45374,-0.584261,0.209629,1.47131,0.0141837,0.0549454,-0.0352593,5.75004,0.000200042,-9.35284e-10,2.15044e-06,-9.35284e-10,0.0002,-3.93044e-08,2.15044e-06,-3.93044e-08,0.000199985,90
-0.58018,0.201587,1.45799,-0.585614,0.20828,1.47506,0.0127196,0.0564872,-0.031011,5.71786,0.000200043,-8.02599e-10,2.17363e-06,-8.02599e-10,0.0002,-3.3262e-08,2.17363e-06,-3.3262e-08,0.000199984,90
-0.581439,0.19793,1.46199,-0.58666,0.207168,1.47807,0.011261,0.0589298,-0.0270087,5.7292,0.000200043,-5.95897e-10,2.15468e-06,-5.95897e-10,0.0002,-2.21767e-08,2.15468e-06,-2.21767e-08,0.000199984,90
-0.580474,0.194631,1.45801,-0.576349,0.206357,1.44203,0.0120261,0.0617309,-0.0309897,5.16862,0.000200044,-4.53016e-10,2.17638e-06,-4.53016e-10,0.0002,-1.57215e-08,2.17638e-06,-1.57215e-08,0.000199984,102
-0.579629,0.192275,1.4546,-0.576037,0.206718,1.44093,0.0127714,0.0654752,-0.0343967,5.27737,0.000200043,-3.35193e-10,2.15645e-06,-3.35193e-10,0.0002,-1.09351e-08,2.15645e-06,-1.09351e-08,0.000199984,103
-0.578934,0.180651,1.45234,-0.575802,0.159075,1.44326,0.0132658,0.059951,-0.036657,0.703673,0.000200044,-3.45119e-10,2.17748e-06,-3.45119e-10,0.0002,-1.44188e-08,2.17748e-06,-1.44188e-08,0.000199984,103
-0.578197,0.171796,1.44986,-0.574858,0.160121,1.43988,0.0139033,0.0570958,-0.0391411,0.930811,0.000200043,-3.66395e-10,2.15335e-06,-3.66395e-10,0.0002,-1.74062e-08,2.15335e-06,-1.74062e-08,0.000199984,102
-0.577738,0.164424,1.44814,-0.575369,0.159736,1.44123,0.0141617,0.0558236,-0.0408603,0.93373,0.000200044,-4.753e-10,2.17166e-06,-4.753e-10,0.0002,-2.53111e-08,2.17166e-06,-2.53111e-08,0.000199984,102
-0.577263,0.160512,1.44602,-0.574849,0.16855,1.43782,0.0145372,0.0579119,-0.0429818,2.2358,0.000200043,-5.38627e-10,2.14768e-06,-5.38627e-10,0.0002,-2.91115e-08,2.14768e-06,-2.91115e-08,0.000199984,98
-0.576856,0.157187,1.44424,-0.57466,0.168641,1.43743,0.0147436,0.0607272,-0.0447583,2.24388,0.000200044,-6.28265e-10,2.1665e-06,-6.28265e-10,0.0002,-3.40128e-08,2.1665e-06,-3.40128e-08,0.000199984,98
-0.57656,0.145912,1.44255,-0.574852,0.124448,1.43573,0.0149395,0.0554519,-0.0464541,0.698266,0.000200043,-6.67949e-10,2.14285e-06,-6.67949e-10,0.0002,-3.56717e-08,2.14285e-06,-3.56717e-08,0.000199984,99
-0.57647,0.136564,1.44161,-0.575382,0.123911,1.43754,0.0149302,0.0521842,-0.0473887,0.660403,0.000200044,-8.10459e-10,2.16292e-06,-8.10459e-10,0.0002,-4.42106e-08,2.16292e-06,-4.42106e-08,0.000199984,97
-0.576439,0.129261,1.44109,-0.575698,0.123564,1.43901,0.0147612,0.0508605,-0.0479075,0.621064,0.000200043,-8.73516e-10,2.13671e-06,-8.73516e-10,0.0002,-4.71238e-08,2.13671e-06,-4.71238e-08,0.000199984,97
-0.576418,0.123182,1.44076,-0.575631,0.1235,1.43975,0.0146816,0.050842,-0.0482376,0.634222,0.000200043,-9.77793e-10,2.15558e-06,-9.77793e-10,0.0002,-5.23754e-08,2.15558e-06,-5.23754e-08,0.000199984,97
-0.576225,0.119262,1.43937,-0.574784,0.126991,1.43378,0.0147748,0.0528716,-0.04963,1.25066,0.000200043,-9.98582e-10,2.12862e-06,-9.98582e-10,0.0002,-5.25466e-08,2.12862e-06,-5.25466e-08,0.000199984,95
-0.576059,0.115935,1.43809,-0.574558,0.127091,1.43298,0.0148413,0.0555947,-0.0509055,1.2117,0.000200043,-1.09992e-09,2.14508e-06,-1.09992e-09,0.0002,-5.81587e-08,2.14508e-06,-5.81587e-08,0.000199984,95
-0.576188,0.1061,1.43795,-0.575976,0.0902163,1.43705,0.014612,0.0516998,-0.0510497,0.635135,0.000200042,-1.14221e-09,2.12332e-06,-1.14221e-09,0.0002,-6.00983e-08,2.12332e-06,-6.00983e-08,0.000199984,94
-0.57633,0.0978656,1.43784,-0.576034,0.0894395,1.43771,0.0143703,0.0494956,-0.0511603,0.569536,0.000200043,-1.25205e-09,2.14311e-06,-1.25205e-09,0.0002,-6.6077e-08,2.14311e-06,-6.6077e-08,0.000199984,92
-0.576466,0.0914893,1.43823,-0.576319,0.0893354,1.43946,0.0141339,0.0490393,-0.050772,0.546667,0.000200042,-1.25065e-09,2.11868e-06,-1.25065e-09,0.0002,-6.49062e-08,2.11868e-06,-6.49062e-08,0.000199984,92
-0.576598,0.0865051,1.43823,-0.57624,0.0909138,1.43822,0.013902,0.0500651,-0.0507733,0.860927,0.000200043,-1.33954e-09,2.13487e-06,-1.33954e-09,0.0002,-6.98859e-08,2.13487e-06,-6.98859e-08,0.000199984,92
-0.576636,0.0827311,1.43797,-0.57605,0.0908211,1.43756,0.0136642,0.0521911,-0.051033,0.834437,0.000200042,-1.32404e-09,2.10812e-06,-1.32404e-09,0.0002,-6.82435e-08,2.10812e-06,-6.82435e-08,0.000199984,92
-0.576746,0.0794768,1.43802,-0.576298,0.0908051,1.43825,0.0135539,0.0549268,-0.0509762,0.84106,0.000200042,-1.39575e-09,2.12811e-06,-1.39575e-09,0.0002,-7.22249e-08,2.12811e-06,-7.22249e-08,0.000199984,92
-0.576102,0.0700516,1.43582,-0.57262,0.0555784,1.42729,0.0140977,0.0513916,-0.0531769,0.287538,0.000200042,-1.39269e-09,2.10525e-06,-1.39269e-09,0.0002,-7.1744e-08,2.10525e-06,-7.1744e-08,0.000199984,88
-0.575684,0.062325,1.43445,-0.572966,0.0555944,1.42925,0.0144163,0.049635,-0.0545463,0.290961,0.000200042,-1.48251e-09,2.12092e-06,-1.48251e-09,0.0002,-7.71957e-08,2.12092e-06,-7.71957e-08,0.000199984,88
-0.575393,0.0562671,1.43365,-0.573263,0.0552029,1.43041,0.0146072,0.0494471,-0.0553486,0.286667,0.000200041,-1.51261e-09,2.09864e-06,-1.51261e-09,0.0002,-7.89743e-08,2.09864e-06,-7.89743e-08,0.000199984,88
-0.575171,0.0512357,1.43321,-0.57318,0.055225,1.43079,0.0147287,0.0503638,-0.0557893,0.297297,0.000200042,-1.61422e-09,2.11471e-06,-1.61422e-09,0.0002,-8.47719e-08,2.11471e-06,-8.47719e-08,0.000199984,88
-0.574974,0.0473988,1.43265,-0.573178,0.055052,1.43072,0.0149256,0.0523748,-0.0563461,0.29932,0.000200041,-1.63578e-09,2.08934e-06,-1.63578e-09,0.0002,-8.57881e-08,2.08934e-06,-8.57881e-08,0.000199985,88
-0.575022,0.0374873,1.43046,-0.574,0.0219518,1.42167,0.0147779,0.0484073,-0.0585377,0.330046,0.000200041,-1.71921e-09,2.10872e-06,-1.71921e-09,0.0002,-9.00248e-08,2.10872e-06,-9.00248e-08,0.000199985,83
-0.575089,0.0296925,1.42928,-0.574244,0.0215099,1.42422,0.014611,0.0464525,-0.0597189,0.302813,0.000200041,-1.73904e-09,2.08542e-06,-1.73904e-09,0.0002,-9.10556e-08,2.08542e-06,-9.10556e-08,0.000199985,83
-0.575193,0.0232596,1.42856,-0.574303,0.0215168,1.42567,0.0145068,0.0459496,-0.0604387,0.299889,0.000200041,-1.86966e-09,2.10224e-06,-1.86966e-09,0.0002,-9.88872e-08,2.10224e-06,-9.88872e-08,0.000199985,83
-0.575259,0.0182996,1.42796,-0.574363,0.0213957,1.4262,0.014441,0.0468196,-0.0610369,0.299246,0.000200041,-1.89247e-09,2.07928e-06,-1.89247e-09,0.0002,-9.97443e-08,2.07928e-06,-9.97443e-08,0.000199985,84
-0.575367,0.0140916,1.42765,-0.574442,0.0211882,1.42673,0.0142328,0.0485216,-0.0603454,0.303709,0.000200041,-2.01909e-09,2.09632e-06,-2.01909e-09,0.0002,-1.06962e-07,2.09632e-06,-1.06962e-07,0.000199985,84
-0.575445,0.0109495,1.42754,-0.574486,0.0213019,1.42706,0.0141555,0.0511895,-0.0604631,0.300027,0.00020004,-2.05671e-09,2.07498e-06,-2.05671e-09,0.0002,-1.08829e-07,2.07498e-06,-1.08829e-07,0.000199985,84
-0.575805,0.00173869,1.42616,-0.575881,-0.0112251,1.42063,0.0136947,0.0478787,-0.0618424,0.336875,0.000200041,-2.11932e-09,2.09212e-06,-2.11932e-09,0.0002,-1.11115e-07,2.09212e-06,-1.11115e-07,0.000199985,81
-0.576098,-0.00554847,1.42546,-0.576016,-0.01193,1.42298,0.013402,0.0463815,-0.062541,0.289797,0.00020004,-2.108e-09,2.06742e-06,-2.108e-09,0.0002,-1.10223e-07,2.06742e-06,-1.10223e-07,0.000199985,81
-0.576385,-0.0115728,1.42535,-0.576132,-0.0118504,1.4246,0.0131151,0.0462272,-0.063649,0.299942,0.000200041,-2.19333e-09,2.08526e-06,-2.19333e-09,0.0002,-1.14971e-07,2.08526e-06,-1.14971e-07,0.000199985,80
-0.576606,-0.0162378,1.42542,-0.576147,-0.0121455,1.4254,0.0127938,0.0473422,-0.0635753,0.276444,0.00020004,-2.2139e-09,2.06252e-06,-2.2139e-09,0.0002,-1.1653e-07,2.06252e-06,-1.1653e-07,0.000199985,80
-0.576798,-0.0201548,1.42541,-0.576151,-0.0121677,1.42597,0.0126023,0.0492852,-0.0625933,0.28954,0.00020004,-2.28554e-09,2.07682e-06,-2.28554e-09,0.0002,-1.20159e-07,2.07682e-06,-1.20159e-07,0.000199985,80
-0.577982,-0.0231462,1.43058,-0.581588,-0.0124045,1.45068,0.011418,0.0520538,-0.0574223,0.93125,0.00020004,-2.29878e-09,2.05519e-06,-2.29878e-09,0.0002,-1.21189e-07,2.05519e-06,-1.21189e-07,0.000199985,79
-0.57831,-0.0323426,1.42882,-0.578174,-0.0454264,1.42208,0.0110904,0.0487074,-0.0591834,0.346603,0.00020004,-2.32242e-09,2.0738e-06,-2.32242e-09,0.0002,-1.21102e-07,2.0738e-06,-1.21102e-07,0.000199985,79
-0.578571,-0.0395167,1.42786,-0.578272,-0.0456244,1.42403,0.0108291,0.0472733,-0.0601384,0.328613,0.000200039,-2.28306e-09,2.05003e-06,-2.28306e-09,0.0002,-1.18951e-07,2.05003e-06,-1.18951e-07,0.000199985,79
-0.578816,-0.0455457,1.42748,-0.578258,-0.0460801,1.42563,0.0105843,0.0470743,-0.0605191,0.319758,0.00020004,-2.36926e-09,2.06654e-06,-2.36926e-09,0.0002,-1.24493e-07,2.06654e-06,-1.24493e-07,0.000199985,78
-0.578985,-0.0501711,1.42722,-0.578322,-0.0460837,1.42615,0.0104153,0.0481689,-0.0607848,0.305097,0.000200039,-2.33185e-09,2.04532e-06,-2.33185e-09,0.0002,-1.22086e-07,2.04532e-06,-1.22086e-07,0.000199985,78
-0.579166,-0.0540895,1.4272,-0.578375,-0.046287,1.42683,0.0102335,0.0501105,-0.0607975,0.295548,0.00020004,-2.40366e-09,2.06013e-06,-2.40366e-09,0.0002,-1.26501e-07,2.06013e-06,-1.26501e-07,0.000199985,78
-0.58001,-0.0573802,1.43076,-0.582144,-0.048063,1.44501,0.00938983,0.0525198,-0.0572435,0.66875,0.000200039,-2.39519e-09,2.03736e-06,-2.39519e-09,0.0002,-1.26453e-07,2.03736e-06,-1.26453e-07,0.000199985,79
-0.580392,-0.0661755,1.4298,-0.58038,-0.0778326,1.42596,0.00900785,0.0495245,-0.0582014,0.209015,0.000200039,-2.44451e-09,2.05664e-06,-2.44451e-09,0.0002,-1.28618e-07,2.05664e-06,-1.28618e-07,0.000199985,78
-0.580676,-0.0731587,1.42903,-0.580367,-0.0786815,1.42625,0.00882403,0.0482413,-0.058972,0.201376,0.000200039,-2.41868e-09,2.03331e-06,-2.41868e-09,0.0002,-1.27444e-07,2.03331e-06,-1.27444e-07,0.000199985,78
-0.580923,-0.0790488,1.42862,-0.58038,-0.0791911,1.42761,0.00857749,0.0480512,-0.059382,0.191302,0.000200039,-2.4708e-09,2.05059e-06,-2.4708e-09,0.0002,-1.30191e-07,2.05059e-06,-1.30191e-07,0.000199985,77
-0.581116,-0.0835433,1.42853,-0.580405,-0.0791707,1.42818,0.00848404,0.0492567,-0.0594694,0.19382,0.000200039,-2.46589e-09,2.02747e-06,-2.46589e-09,0.0002,-1.30684e-07,2.02747e-06,-1.30684e-07,0.000199985,77
-0.582303,-0.0877971,1.43655,-0.585736,-0.0815018,1.46866,0.00729709,0.0508029,-0.0514536,0.815951,0.000200039,-2.59051e-09,2.0425e-06,-2.59051e-09,0.0002,-1.38773e-07,2.0425e-06,-1.38773e-07,0.000199985,74
-0.582813,-0.0972945,1.43114,-0.583275,-0.11294,1.40952,0.00688745,0.0469055,-0.0568563,0.729212,0.000200038,-2.48326e-09,2.02264e-06,-2.48326e-09,0.0002,-1.30505e-07,2.02264e-06,-1.30505e-07,0.000199986,74
-0.583273,-0.105172,1.42685,-0.583235,-0.113412,1.40968,0.00642669,0.0448275,-0.0611469,0.767921,0.000200039,-2.57453e-09,2.03956e-06,-2.57453e-09,0.0002,-1.36711e-07,2.03956e-06,-1.36711e-07,0.000199986,73
-0.583613,-0.111329,1.42364,-0.583198,-0.11374,1.41078,0.00618749,0.0443709,-0.0643589,0.718538,0.000200038,-2.59491e-09,2.01647e-06,-2.59491e-09,0.0002,-1.38999e-07,2.01647e-06,-1.38999e-07,0.000199986,73
-0.58394,-0.116457,1.4212,-0.583288,-0.113705,1.41145,0.00596026,0.0449426,-0.0667969,0.720104,0.000200039,-2.73709e-09,2.03518e-06,-2.73709e-09,0.0002,-1.47736e-07,2.03518e-06,-1.47736e-07,0.000199986,73
-0.584289,-0.120713,1.42084,-0.583845,-0.115642,1.41939,0.00571072,0.0462866,-0.0671591,0.998864,0.000200038,-2.80643e-09,2.00949e-06,-2.80643e-09,0.0002,-1.5293e-07,2.00949e-06,-1.5293e-07,0.000199986,72
-0.584592,-0.124372,1.42072,-0.583805,-0.115861,1.42026,0.00540818,0.0483275,-0.0672753,0.985376,0.000200038,-2.96204e-09,2.02668e-06,-2.96204e-09,0.0002,-1.61593e-07,2.02668e-06,-1.61593e-07,0.000199986,72
-0.585339,-0.132769,1.41775,-0.586341,-0.14427,1.40585,0.00476143,0.0455312,-0.0702494,0.836314,0.000200038,-2.98015e-09,2.00403e-06,-2.98015e-09,0.0002,-1.62136e-07,2.00403e-06,-1.62136e-07,0.000199986,72
-0.585948,-0.139903,1.41565,-0.586338,-0.145395,1.40725,0.00425197,0.0441972,-0.0723485,0.828591,0.000200038,-3.0669e-09,2.02014e-06,-3.0669e-09,0.0002,-1.65892e-07,2.02014e-06,-1.65892e-07,0.000199986,71
-0.586429,-0.145576,1.41426,-0.586248,-0.14631,1.40871,0.00397098,0.0441239,-0.0737359,0.785113,0.000200037,-3.13408e-09,1.99564e-06,-3.13408e-09,0.0002,-1.71309e-07,1.99564e-06,-1.71309e-07,0.000199986,71
-0.586843,-0.150341,1.41321,-0.586214,-0.146391,1.40898,0.00365688,0.0449592,-0.0747922,0.802553,0.000200038,-3.30435e-09,2.01349e-06,-3.30435e-09,0.0002,-1.81057e-07,2.01349e-06,-1.81057e-07,0.000199986,71
-0.587221,-0.154243,1.41341,-0.586546,-0.147907,1.41423,0.00337935,0.0466572,-0.0745873,1.17946,0.000200037,-3.37944e-09,1.99069e-06,-3.37944e-09,0.0002,-1.86093e-07,1.99069e-06,-1.86093e-07,0.000199986,71
-0.587536,-0.157643,1.41393,-0.586542,-0.148396,1.41567,0.00316362,0.0489571,-0.0740725,1.15853,0.000200038,-3.50334e-09,2.00496e-06,-3.50334e-09,0.0002,-1.91967e-07,2.00496e-06,-1.91967e-07,0.000199986,71
-0.588406,-0.165634,1.41193,-0.589626,-0.175768,1.40395,0.00249354,0.046566,-0.0760676,0.81137,0.000200037,-3.50835e-09,1.98193e-06,-3.50835e-09,0.0002,-1.92038e-07,1.98193e-06,-1.92038e-07,0.000199986,70
-0.589107,-0.17258,1.4109,-0.589484,-0.177483,1.40678,0.00189286,0.0452201,-0.0770978,0.770829,0.000200037,-3.63845e-09,2.00065e-06,-3.63845e-09,0.0002,-1.98861e-07,2.00065e-06,-1.98861e-07,0.000199986,70
-0.589612,-0.178017,1.41036,-0.589336,-0.177995,1.4085,0.00158809,0.0453831,-0.0776402,0.778523,0.000200037,-3.65079e-09,1.977e-06,-3.65079e-09,0.0002,-2.00028e-07,1.977e-06,-2.00028e-07,0.000199986,70
-0.590107,-0.182996,1.4113,-0.589578,-0.180102,1.4154,0.00129321,0.0460043,-0.0766954,1.12703,0.000200037,-3.81974e-09,1.99487e-06,-3.81974e-09,0.0002,-2.09951e-07,1.99487e-06,-2.09951e-07,0.000199986,69
-0.590549,-0.187291,1.41362,-0.590124,-0.182747,1.42288,0.000951123,0.0473093,-0.0743812,1.46562,0.000200037,-3.79805e-09,1.97139e-06,-3.79805e-09,0.0002,-2.082e-07,1.97139e-06,-2.082e-07,0.000199986,68
-0.591652,-0.195753,1.41147,-0.593493,-0.206907,1.40318,4.81539e-05,0.0444467,-0.0765339,0.850116,0.000200037,-3.88706e-09,1.98818e-06,-3.88706e-09,0.0002,-2.1227e-07,1.98818e-06,-2.1227e-07,0.000199986,68
-0.592457,-0.202707,1.41044,-0.593154,-0.208789,1.40603,-0.000557159,0.0429929,-0.077557,0.818563,0.000200036,-3.91183e-09,1.96799e-06,-3.91183e-09,0.0002,-2.14826e-07,1.96799e-06,-2.14826e-07,0.000199986,68
-0.593112,-0.208643,1.40986,-0.59308,-0.209812,1.40783,-0.00101227,0.0426572,-0.0781423,0.827187,0.000200037,-4.03338e-09,1.98185e-06,-4.03338e-09,0.0002,-2.21633e-07,1.98185e-06,-2.21633e-07,0.000199986,69
-0.59355,-0.213432,1.40983,-0.592808,-0.210958,1.40937,-0.00115011,0.043368,-0.078175,0.781745,0.000200036,-4.02425e-09,1.96046e-06,-4.02425e-09,0.0002,-2.21392e-07,1.96046e-06,-2.21392e-07,0.000199986,69
-0.59393,-0.217478,1.40994,-0.592664,-0.211166,1.41042,-0.00132997,0.0449216,-0.0780552,0.774445,0.000200036,-4.17986e-09,1.97449e-06,-4.17986e-09,0.0002,-2.3099e-07,1.97449e-06,-2.3099e-07,0.000199986,69
-0.594203,-0.220547,1.41011,-0.592724,-0.211311,1.41043,-0.00140285,0.0473532,-0.0778944,0.796343,0.000200036,-4.16357e-09,1.95185e-06,-4.16357e-09,0.0002,-2.30135e-07,1.95185e-06,-2.30135e-07,0.000199986,69
-0.595507,-0.22867,1.40859,-0.597759,-0.238692,1.40253,-0.00240702,0.0448296,-0.0794119,0.864498,0.000200036,-4.32445e-09,1.96846e-06,-4.32445e-09,0.000200001,-2.39743e-07,1.96846e-06,-2.39743e-07,0.000199986,68
-0.596415,-0.235374,1.40797,-0.597313,-0.240703,1.40584,-0.00301509,0.043626,-0.0800262,0.826596,0.000200036,-4.32642e-09,1.94731e-06,-4.32642e-09,0.000200001,-2.40137e-07,1.94731e-06,-2.40137e-07,0.000199986,68
-0.597136,-0.241404,1.40907,-0.597047,-0.243162,1.41344,-0.00353583,0.0430965,-0.0789326,1.31775,0.000200036,-4.49691e-09,1.96145e-06,-4.49691e-09,0.000200001,-2.50484e-07,1.96145e-06,-2.50484e-07,0.000199986,67
-0.59764,-0.246165,1.41011,-0.596867,-0.243791,1.4149,-0.00373976,0.0438351,-0.0778929,1.26868,0.000200035,-4.5085e-09,1.94036e-06,-4.5085e-09,0.000200001,-2.515e-07,1.94036e-06,-2.515e-07,0.000199987,67
-0.598046,-0.250304,1.41139,-0.596709,-0.244557,1.4162,-0.00374607,0.0451956,-0.0766088,1.282,0.000200036,-4.62912e-09,1.95526e-06,-4.62912e-09,0.000200001,-2.5758e-07,1.95526e-06,-2.5758e-07,0.000199987,67
-0.598383,-0.253899,1.4139,-0.596966,-0.246966,1.42395,-0.00378273,0.0471008,-0.0740956,1.73387,0.000200035,-4.61286e-09,1.93273e-06,-4.61286e-09,0.000200001,-2.57161e-07,1.93273e-06,-2.57161e-07,0.000199987,64
-0.599766,-0.261712,1.41191,-0.602051,-0.270702,1.40364,-0.00486609,0.0447878,-0.076087,0.833957,0.000200035,-4.75531e-09,1.94968e-06,-4.75531e-09,0.000200001,-2.65216e-07,1.94968e-06,-2.65216e-07,0.000199987,65
-0.600723,-0.268063,1.41073,-0.601474,-0.272256,1.40632,-0.00542293,0.0439366,-0.0772704,0.798246,0.000200035,-4.75872e-09,1.92671e-06,-4.75872e-09,0.000200001,-2.66517e-07,1.92671e-06,-2.66517e-07,0.000199987,65
-0.601502,-0.273453,1.4102,-0.601282,-0.272872,1.40774,-0.00580184,0.0440469,-0.0778044,0.824561,0.000200035,-4.9229e-09,1.9416e-06,-4.9229e-09,0.000200001,-2.76283e-07,1.9416e-06,-2.76283e-07,0.000199987,65
-0.602082,-0.277722,1.40989,-0.601123,-0.27362,1.40897,-0.00598208,0.0451778,-0.0781126,0.8,0.000200035,-4.98146e-09,1.92028e-06,-4.98146e-09,0.000200001,-2.81484e-07,1.92028e-06,-2.81484e-07,0.000199987,65
-0.602537,-0.281211,1.40985,-0.601075,-0.273988,1.40937,-0.00603698,0.0469889,-0.0781512,0.815789,0.000200034,-5.02352e-09,1.90662e-06,-5.02352e-09,0.000200001,-2.84914e-07,1.90662e-06,-2.84914e-07,0.000199987,65
-0.602813,-0.284488,1.41269,-0.600906,-0.278529,1.42435,-0.00591335,0.0486122,-0.0753127,1.83425,0.000200032,-4.87538e-09,1.82959e-06,-4.87538e-09,0.000200001,-2.83049e-07,1.82959e-06,-2.83049e-07,0.000199987,63
-0.603564,-0.290822,1.41454,-0.60394,-0.298859,1.42161,-0.00626375,0.0465785,-0.0734636,2.24889,0.000200029,-4.49036e-09,1.72401e-06,-4.49036e-09,0.000200001,-2.67565e-07,1.72401e-06,-2.67565e-07,0.000199988,65
-0.604108,-0.296489,1.4176,-0.604017,-0.304657,1.42984,-0.00650832,0.0446113,-0.0704009,2.70802,0.000200025,-3.94439e-09,1.56672e-06,-3.94439e-09,0.000200001,-2.47685e-07,1.56672e-06,-2.47685e-07,0.000199989,62
-0.604396,-0.300884,1.42053,-0.603737,-0.306423,1.43194,-0.00649649,0.043216,-0.0674671,2.7256,0.000200021,-3.28254e-09,1.38752e-06,-3.28254e-09,0.000200001,-2.19628e-07,1.38752e-06,-2.19628e-07,0.000199991,62
-0.604529,-0.304143,1.4231,-0.60367,-0.307495,1.43337,-0.00642876,0.0424565,-0.0648976,2.71677,0.000200017,-2.59869e-09,1.19757e-06,-2.59869e-09,0.0002,-1.8743e-07,1.19757e-06,-1.8743e-07,0.000199992,62
-0.604534,-0.306551,1.42549,-0.60344,-0.308661,1.43472,-0.0063336,0.0419485,-0.0625083,2.70943,0.000200013,-1.9851e-09,1.00687e-06,-1.9851e-09,0.0002,-1.57426e-07,1.00687e-06,-1.57426e-07,0.000199994,62
-0.605384,-0.310048,1.4245,-0.607811,-0.318267,1.42054,-0.00698372,0.0398515,-0.0634998,4.92984,0.000200009,-1.47722e-09,8.29106e-07,-1.47722e-09,0.0002,-1.31222e-07,8.29106e-07,-1.31222e-07,0.000199995,61
-0.605946,-0.312769,1.42388,-0.607584,-0.31955,1.42205,-0.00744614,0.0381307,-0.064118,4.86027,0.000200007,-1.04622e-09,6.61933e-07,-1.04622e-09,0.0002,-1.03351e-07,6.61933e-07,-1.03351e-07,0.000199996,61
-0.60633,-0.314894,1.42372,-0.607426,-0.320449,1.42306,-0.00782979,0.0368057,-0.0642818,4.83355,0.000200005,-7.22883e-10,5.17902e-07,-7.22883e-10,0.0002,-8.00939e-08,5.17902e-07,-8.00939e-08,0.000199997,61
-0.606571,-0.316597,1.42373,-0.60721,-0.321576,1.42411,-0.00797081,0.0355026,-0.0642666,4.89246,0.000200003,-4.87808e-10,3.90122e-07,-4.87808e-10,0.0002,-6.16761e-08,3.90122e-07,-6.16761e-08,0.000199998,62
-0.606705,-0.317971,1.42384,-0.607071,-0.322307,1.4249,-0.00810472,0.0344291,-0.0641596,4.8221,0.000200002,-3.19802e-10,2.8671e-07,-3.19802e-10,0.0002,-4.49643e-08,2.8671e-07,-4.49643e-08,0.000199999,62
-0.60675,-0.319105,1.42422,-0.606842,-0.323009,1.42573,-0.00815045,0.0334952,-0.0637817,4.81286,0.000200001,-2.05884e-10,2.03694e-07,-2.05884e-10,0.0002,-3.17672e-08,2.03694e-07,-3.17672e-08,0.000199999,62
-0.607042,-0.320623,1.42416,-0.608119,-0.326441,1.42424,-0.00844243,0.0319769,-0.0638409,6.10885,0.000200001,-1.32204e-10,1.38533e-07,-1.32204e-10,0.0002,-2.32578e-08,1.38533e-07,-2.32578e-08,0.000199999,62
-0.607278,-0.321979,1.42435,-0.608101,-0.327312,1.42514,-0.0086783,0.0307212,-0.0636451,6.07296,0.000200001,-8.55619e-11,9.15305e-08,-8.55619e-11,0.0002,-1.87491e-08,9.15305e-08,-1.87491e-08,0.0002,62
-0.607388,-0.323194,1.42463,-0.607916,-0.327935,1.42574,-0.0087879,0.0295057,-0.0633687,6.05516,0.0002,-5.3009e-11,6.24431e-08,-5.3009e-11,0.0002,-9.1291e-09,6.24431e-08,-9.1291e-09,0.0002,62
-0.607482,-0.324291,1.4249,-0.607843,-0.328575,1.42663,-0.00888195,0.0284085,-0.0630952,5.92144,0.0002,-3.39041e-11,4.33306e-08,-3.39041e-11,0.0002,-6.33884e-09,4.33306e-08,-6.33884e-09,0.0002,62
-0.607524,-0.325294,1.42554,-0.607678,-0.329198,1.42745,-0.00882421,0.0274062,-0.0624594,5.89381,0.0002,-2.17485e-11,3.10989e-08,-2.17485e-11,0.0002,-4.55109e-09,3.10989e-08,-4.55109e-09,0.0002,62
-0.607562,-0.326193,1.42596,-0.607637,-0.329642,1.42793,-0.00886195,0.0266065,-0.0620449,5.9292,0.0002,-1.43313e-11,2.47081e-08,-1.43313e-11,0.0002,-5.33579e-09,2.47081e-08,-5.33579e-09,0.0002,62
-0.607544,-0.327078,1.42644,-0.607562,-0.330497,1.42838,-0.00884399,0.0257218,-0.0615599,6.03604,0.0002,-8.81966e-12,1.96722e-08,-8.81966e-12,0.0002,-5.38383e-10,1.96722e-08,-5.38383e-10,0.0002,62
-0.60757,-0.327887,1.42696,-0.607554,-0.331031,1.42904,-0.00887005,0.0249131,-0.0610398,5.94643,0.0002,-6.03726e-12,1.54686e-08,-6.03726e-12,0.0002,-4.20215e-09,1.54686e-08,-4.20215e-09,0.0002,62
-0.607528,-0.328601,1.42743,-0.607388,-0.331292,1.4296,-0.00882768,0.024199,-0.0605748,5.98214,0.0002,-3.82911e-12,1.51963e-08,-3.82911e-12,0.0002,-1.73744e-09,1.51963e-08,-1.73744e-09,0.0002,62
-0.60751,-0.329212,1.42801,-0.607379,-0.331609,1.43005,-0.00881,0.0236884,-0.0599861,6.01786,0.0002,-2.58886e-12,1.11669e-08,-2.58886e-12,0.0002,-3.03922e-09,1.11669e-08,-3.03922e-09,0.0002,62
-0.607481,-0.329791,1.42844,-0.60729,-0.331957,1.43045,-0.00878107,0.0231093,-0.0595622,5.95575,0.0002,-1.89012e-12,1.19576e-08,-1.89012e-12,0.0002,-4.35631e-09,1.19576e-08,-4.35631e-09,0.0002,62
-0.607394,-0.330326,1.4289,-0.607137,-0.332349,1.43073,-0.0086941,0.0225736,-0.0591036,5.9386,0.0002,-1.03558e-12,1.15047e-08,-1.03558e-12,0.0002,9.80602e-11,1.15047e-08,9.80602e-11,0.0002,62
-0.607407,-0.330829,1.42937,-0.60734,-0.33275,1.43128,-0.00870724,0.0221708,-0.0586269,5.92105,0.0002,-9.21188e-13,1.02509e-08,-9.21188e-13,0.0002,-3.78775e-09,1.02509e-08,-3.78775e-09,0.0002,62
-0.607335,-0.33138,1.42991,-0.607135,-0.333464,1.43207,-0.00863469,0.0216198,-0.0580872,5.7913,0.0002,-4.33509e-13,1.04097e-08,-4.33509e-13,0.0002,4.65539e-10,1.04097e-08,4.65539e-10,0.0002,62
-0.607303,-0.331885,1.43038,-0.607055,-0.333815,1.43224,-0.0086027,0.0211148,-0.0576224,5.85217,0.0002,-5.15508e-13,9.55397e-09,-5.15508e-13,0.0002,-3.54962e-09,9.55397e-09,-3.54962e-09,0.0002,62
-0.607247,-0.332327,1.43076,-0.607072,-0.334036,1.4326,-0.00854742,0.0206727,-0.0572409,5.92982,0.0002,-2.64927e-13,8.03777e-09,-2.64927e-13,0.0002,-8.25131e-10,8.03777e-09,-8.25131e-10,0.0002,62
-0.607216,-0.332669,1.43118,-0.607014,-0.333884,1.43257,-0.00851563,0.0204313,-0.0568157,5.99115,0.0002,-3.39573e-13,9.96195e-09,-3.39573e-13,0.0002,-2.92531e-09,9.96195e-09,-2.92531e-09,0.0002,62
-0.607133,-0.332984,1.43141,-0.606846,-0.334184,1.43264,-0.00843274,0.0201163,-0.0565882,5.93043,0.0002,-1.47162e-13,8.29771e-09,-1.47162e-13,0.0002,-4.24017e-10,8.29771e-09,-4.24017e-10,0.0002,62
-0.607081,-0.333364,1.43186,-0.606801,-0.334735,1.43335,-0.00838137,0.0197359,-0.0561378,5.89565,0.0002,-2.60117e-13,1.01299e-08,-2.60117e-13,0.0002,-2.66545e-09,1.01299e-08,-2.66545e-09,0.0002,62
-0.607015,-0.333721,1.43219,-0.606797,-0.335088,1.4338,-0.00831533,0.0193791,-0.0558129,5.86087,0.0002,-9.42142e-14,8.4042e-09,-9.42142e-14,0.0002,-2.56405e-10,8.4042e-09,-2.56405e-10,0.0002,62
-0.607018,-0.333895,1.43243,-0.606956,-0.334438,1.4331,-0.00831833,0.0193055,-0.0555664,5.93043,0.0002,-2.24387e-13,1.01999e-08,-2.24387e-13,0.0002,-2.55444e-09,1.01999e-08,-2.55444e-09,0.0002,62
-0.606983,-0.334115,1.43262,-0.606889,-0.334938,1.43369,-0.00828342,0.0190848,-0.0553783,5.93043,0.0002,-7.04476e-14,8.44818e-09,-7.04476e-14,0.0002,-1.84262e-10,8.44818e-09,-1.84262e-10,0.0002,62
-0.606946,-0.334395,1.43298,-0.606738,-0.33547,1.43411,-0.00824638,0.0188048,-0.0550168,5.88696,0.0002,-1.31813e-13,6.85808e-09,-1.31813e-13,0.0002,-2.03767e-09,6.85808e-09,-2.03767e-09,0.0002,62
-0.606916,-0.334594,1.43316,-0.606824,-0.335223,1.43417,-0.00821571,0.0186061,-0.0548438,5.93913,0.0002,-5.99878e-14,9.67971e-09,-5.99878e-14,0.0002,-3.20292e-10,9.67971e-09,-3.20292e-10,0.0002,62
-0.606904,-0.334787,1.43329,-0.606795,-0.335513,1.43416,-0.00820361,0.0185132,-0.0547064,5.93043,0.0002,-1.3507e-13,7.64698e-09,-1.3507e-13,0.0002,-2.12419e-09,7.64698e-09,-2.12419e-09,0.0002,62
-0.606881,-0.335073,1.43364,-0.606822,-0.336052,1.43469,-0.0081811,0.018227,-0.0543639,5.91304,0.0002,-5.9406e-14,1.01841e-08,-5.9406e-14,0.0002,-3.73179e-10,1.01841e-08,-3.73179e-10,0.0002,62
-0.606862,-0.335287,1.43382,-0.606728,-0.336098,1.43488,-0.00816245,0.0180129,-0.0541794,5.93043,0.0002,-1.38704e-13,7.97074e-09,-1.38704e-13,0.0002,-2.15734e-09,7.97074e-09,-2.15734e-09,0.0002,62
-0.606808,-0.335475,1.43397,-0.606635,-0.336164,1.4349,-0.00810781,0.0178255,-0.0540276,5.93043,0.0002,-3.0403e-14,7.01951e-09,-3.0403e-14,0.0002,7.25455e-11,7.01951e-09,7.25455e-11,0.0002,62
-0.606803,-0.335658,1.43426,-0.606711,-0.336242,1.43509,-0.0081034,0.0176418,-0.0537406,5.91304,0.0002,-1.63889e-13,9.31794e-09,-1.63889e-13,0.0002,-2.3353e-09,9.31794e-09,-2.3353e-09,0.0002,62
-0.606787,-0.335765,1.43441,-0.606724,-0.336195,1.43502,-0.00808742,0.0176345,-0.0535891,5.93043,0.0002,-9.37476e-14,5.96348e-09,-9.37476e-14,0.0002,-1.49459e-09,5.96348e-09,-1.49459e-09,0.0002,62
-0.606767,-0.335889,1.43451,-0.60661,-0.336233,1.4352,-0.00806684,0.0175109,-0.0534945,5.89565,0.0002,-2.20741e-13,8.64276e-09,-2.20741e-13,0.0002,-3.33692e-09,8.64276e-09,-3.33692e-09,0.0002,62
-0.60675,-0.336041,1.4347,-0.60668,-0.336648,1.43547,-0.00794951,0.017359,-0.053302,5.91304,0.0002,-1.26508e-13,5.53136e-09,-1.26508e-13,0.0002,-2.13563e-09,5.53136e-09,-2.13563e-09,0.0002,62
-0.606716,-0.336181,1.43492,-0.606611,-0.336575,1.4355,-0.00791567,0.0172191,-0.0530789,5.94783,0.0002,-6.4779e-14,8.82876e-09,-6.4779e-14,0.0002,-3.73073e-10,8.82876e-09,-3.73073e-10,0.0002,62
-0.606705,-0.336204,1.43492,-0.6066,-0.336253,1.43522,-0.00790455,0.0171956,-0.0530836,5.95652,0.0002,-1.31428e-13,7.10576e-09,-1.31428e-13,0.0002,-2.1554e-09,7.10576e-09,-2.1554e-09,0.0002,62
-0.606688,-0.33631,1.43506,-0.606624,-0.336731,1.43565,-0.00788842,0.0171904,-0.052937,5.95652,0.0002,-7.62724e-14,4.54768e-09,-7.62724e-14,0.0002,-1.37946e-09,4.54768e-09,-1.37946e-09,0.0002,62
-0.606703,-0.336481,1.43517,-0.606686,-0.337017,1.4359,-0.00790273,0.0170187,-0.0528331,5.93043,0.0002,-1.94293e-13,7.73819e-09,-1.94293e-13,0.0002,-3.26009e-09,7.73819e-09,-3.26009e-09,0.0002,62
-0.606686,-0.336626,1.43541,-0.606667,-0.337145,1.43605,-0.00788643,0.016874,-0.0525931,5.93043,0.0002,-7.20322e-14,6.86849e-09,-7.20322e-14,0.0002,-6.30327e-10,6.86849e-09,-6.30327e-10,0.0002,62
-0.606695,-0.336685,1.43544,-0.606669,-0.336877,1.43588,-0.00789489,0.0168147,-0.0525627,5.93913,0.0002,-1.2132e-13,5.85212e-09,-1.2132e-13,0.0002,-2.31934e-09,5.85212e-09,-2.31934e-09,0.0002,62
-0.60671,-0.336762,1.43549,-0.606814,-0.337009,1.43599,-0.00790953,0.016738,-0.0525147,5.93043,0.0002,-3.52523e-14,5.66124e-09,-3.52523e-14,0.0002,-2.80344e-11,5.66124e-09,-2.80344e-11,0.0002,62
-0.606718,-0.336855,1.43565,-0.606692,-0.337179,1.43598,-0.00791793,0.0167454,-0.0523532,5.92174,0.0002,-8.65116e-14,5.07993e-09,-8.65116e-14,0.0002,-1.93352e-09,5.07993e-09,-1.93352e-09,0.0002,62
-0.606683,-0.336899,1.43573,-0.606529,-0.336973,1.43607,-0.00788293,0.0167007,-0.0522688,5.93913,0.0002,-9.76572e-14,6.62351e-09,-9.76572e-14,0.0002,-1.69602e-09,6.62351e-09,-1.69602e-09,0.0002,62
-0.606669,-0.337022,1.43577,-0.60666,-0.337453,1.43624,-0.00786923,0.0165779,-0.0522309,5.93913,0.0002,-1.15505e-14,6.1545e-09,-1.15505e-14,0.0002,3.71449e-10,6.1545e-09,3.71449e-10,0.0002,62
-0.606695,-0.337011,1.4358,-0.606681,-0.336875,1.43591,-0.00789546,0.0165892,-0.0522021,5.96522,0.0002,-1.76291e-13,6.85314e-09,-1.76291e-13,0.0002,-3.59284e-09,6.85314e-09,-3.59284e-09,0.0002,62
-0.606668,-0.337084,1.43588,-0.606647,-0.337259,1.43621,-0.0078676,0.0165157,-0.0521203,5.93043,0.0002,-8.76687e-16,8.21649e-09,-8.76687e-16,0.0002,6.1495e-10,8.21649e-09,6.1495e-10,0.0002,62
-0.606642,-0.337189,1.43598,-0.606542,-0.33761,1.43638,-0.00784243,0.0165106,-0.0520201,5.94783,0.0002,-3.14808e-15,5.25856e-09,-3.14808e-15,0.0002,3.93568e-10,5.25856e-09,3.93568e-10,0.0002,62
-0.606651,-0.337349,1.43605,-0.606612,-0.337838,1.43664,-0.00785117,0.0163506,-0.0519512,5.92174,0.0002,-1.22705e-13,8.19533e-09,-1.22705e-13,0.0002,-2.12092e-09,8.19533e-09,-2.12092e-09,0.0002,62
-0.60657,-0.33742,1.43611,-0.606246,-0.337704,1.43634,-0.00777005,0.0162798,-0.0518926,4.55652,0.0002,-6.96315e-14,5.24501e-09,-6.96315e-14,0.0002,-1.35739e-09,5.24501e-09,-1.35739e-09,0.0002,62
-0.606497,-0.337477,1.43604,-0.606192,-0.337601,1.43641,-0.00769734,0.0162226,-0.0519593,4.57391,0.0002,-8.03516e-14,6.7293e-09,-8.03516e-14,0.0002,-1.32628e-09,6.7293e-09,-1.32628e-09,0.0002,62
-0.606441,-0.337472,1.43617,-0.606264,-0.337392,1.43637,-0.00764148,0.0162276,-0.0518308,4.5913,0.0002,1.99878e-15,6.22153e-09,1.99878e-15,0.0002,6.08982e-10,6.22153e-09,6.08982e-10,0.0002,62
-0.606443,-0.337579,1.43639,-0.606388,-0.337962,1.43696,-0.00764285,0.0161205,-0.0516093,4.55652,0.0002,-6.52799e-14,5.43982e-09,-6.52799e-14,0.0002,-1.52484e-09,5.43982e-09,-1.52484e-09,0.0002,62
-0.606418,-0.337643,1.43638,-0.606259,-0.337851,1.43664,-0.00761811,0.0160571,-0.0516233,4.55652,0.0002,-1.08932e-13,4.93965e-09,-1.08932e-13,0.0002,-2.89039e-09,4.93965e-09,-2.89039e-09,0.0002,62
-0.606394,-0.337695,1.4364,-0.606345,-0.337845,1.43679,-0.0075943,0.0161047,-0.0516034,4.56522,0.0002,-3.70764e-14,5.07589e-09,-3.70764e-14,0.0002,-3.91709e-10,5.07589e-09,-3.91709e-10,0.0002,62
-0.60639,-0.337772,1.43654,-0.606313,-0.338031,1.4368,-0.00758992,0.0160283,-0.0514585,4.57391,0.0002,-8.42417e-14,4.70705e-09,-8.42417e-14,0.0002,-2.16495e-09,4.70705e-09,-2.16495e-09,0.0002,62
-0.606346,-0.337833,1.43645,-0.606155,-0.337975,1.43674,-0.00754587,0.0159666,-0.0515455,4.6,0.0002,-9.84756e-14,6.38521e-09,-9.84756e-14,0.0002,-1.84165e-09,6.38521e-09,-1.84165e-09,0.0002,62
-0.606493,-0.338452,1.43758,-0.607083,-0.340926,1.44209,-0.00769326,0.0153481,-0.0504177,5.13557,0.0002,-5.70036e-14,4.08653e-09,-5.70036e-14,0.0002,-1.17866e-09,4.08653e-09,-1.17866e-09,0.0002,61
-0.606611,-0.33898,1.43862,-0.607021,-0.341044,1.44245,-0.0078107,0.0148205,-0.0493799,5.15547,0.0002,-9.24067e-14,4.07613e-09,-9.24067e-14,0.0002,-2.66686e-09,4.07613e-09,-2.66686e-09,0.0002,61
-0.606652,-0.33955,1.43942,-0.606847,-0.341664,1.44296,-0.00785168,0.0142505,-0.0485758,5.14354,0.0002,-6.02622e-14,7.89363e-09,-6.02622e-14,0.0002,-6.93167e-10,7.89363e-09,-6.93167e-10,0.0002,61
-0.606707,-0.340026,1.43994,-0.606928,-0.341932,1.442,-0.00790697,0.013874,-0.0480605,5.30181,0.0002,-3.57663e-14,5.05193e-09,-3.57663e-14,0.0002,-4.43627e-10,5.05193e-09,-4.43627e-10,0.0002,61
-0.606776,-0.340396,1.4404,-0.606992,-0.341831,1.44193,-0.00797589,0.0135039,-0.0475998,5.31532,0.0002,-8.33372e-14,4.69849e-09,-8.33372e-14,0.0002,-2.193e-09,4.69849e-09,-2.193e-09,0.0002,61
-0.606812,-0.340694,1.44057,-0.606944,-0.34178,1.44191,-0.00801232,0.013206,-0.0474258,5.35266,0.0002,-9.76957e-14,6.38146e-09,-9.76957e-14,0.0002,-1.84659e-09,6.38146e-09,-1.84659e-09,0.0002,61
-0.606838,-0.340926,1.44088,-0.606943,-0.341852,1.4421,-0.00803837,0.0129744,-0.0471196,5.32379,0.0002,-5.64919e-14,4.08413e-09,-5.64919e-14,0.0002,-1.18181e-09,4.08413e-09,-1.18181e-09,0.0002,61
-0.606858,-0.341224,1.44129,-0.606878,-0.342371,1.44259,-0.00805829,0.0126762,-0.046714,5.32428,0.0002,-9.20552e-14,4.0809e-09,-9.20552e-14,0.0002,-2.66406e-09,4.0809e-09,-2.66406e-09,0.0002,61
-0.606839,-0.341502,1.44161,-0.60675,-0.342508,1.44292,-0.00803931,0.0123982,-0.0463871,5.30733,0.0002,-1.08379e-13,5.98666e-09,-1.08379e-13,0.0002,-2.14454e-09,5.98666e-09,-2.14454e-09,0.0002,61
-0.606852,-0.341709,1.44179,-0.60695,-0.342478,1.4428,-0.00805233,0.012191,-0.0462128,5.32428,0.0002,-2.46775e-14,5.73832e-09,-2.46775e-14,0.0002,9.56398e-11,5.73832e-09,9.56398e-11,0.0002,61
-0.606841,-0.3419,1.44205,-0.606794,-0.342663,1.44308,-0.00794065,0.0121002,-0.0459539,5.35629,0.0002,-1.60746e-14,3.67252e-09,-1.60746e-14,0.0002,6.12095e-11,3.67252e-09,6.12095e-11,0.0002,61
-0.606865,-0.342081,1.44216,-0.606905,-0.342758,1.44293,-0.00806545,0.0119195,-0.0458402,5.34123,0.0002,-5.7804e-14,3.81939e-09,-5.7804e-14,0.0002,-1.86704e-09,3.81939e-09,-1.86704e-09,0.0002,61
-0.6069,-0.342209,1.44241,-0.606977,-0.342678,1.44309,-0.00799968,0.0117907,-0.0455904,5.30239,0.0002,-9.38174e-14,3.9139e-09,-9.38174e-14,0.0002,-3.10072e-09,3.9139e-09,-3.10072e-09,0.0002,61
-0.606882,-0.342334,1.44259,-0.606855,-0.342774,1.44302,-0.00798163,0.0116659,-0.0454054,5.33794,0.0002,-3.60993e-14,4.41034e-09,-3.60993e-14,0.0002,-5.14497e-10,4.41034e-09,-5.14497e-10,0.0002,61
-0.606876,-0.342444,1.44263,-0.606897,-0.342822,1.4431,-0.0079756,0.0115564,-0.0453681,5.34072,0.0002,1.95521e-14,4.72803e-09,1.95521e-14,0.0002,1.14074e-09,4.72803e-09,1.14074e-09,0.0002,61
-0.606922,-0.342441,1.4423,-0.607046,-0.342387,1.4413,-0.00802156,0.0115586,-0.0456987,5.43321,0.0002,-3.94226e-14,4.49603e-09,-3.94226e-14,0.0002,-1.17528e-09,4.49603e-09,-1.17528e-09,0.0002,61
-0.606963,-0.342423,1.4421,-0.60713,-0.342352,1.44131,-0.00806327,0.0115765,-0.0448973,5.42975,0.0002,-2.2525e-14,2.87746e-09,-2.2525e-14,0.0002,-7.52181e-10,2.87746e-09,-7.52181e-10,0.0002,61
-0.60699,-0.342452,1.44201,-0.60704,-0.342523,1.44132,-0.0080905,0.0115475,-0.04499,5.43634,0.0002,-5.93615e-14,3.31095e-09,-5.93615e-14,0.0002,-2.3873e-09,3.31095e-09,-2.3873e-09,0.0002,61
-0.607019,-0.342433,1.44185,-0.607131,-0.342354,1.44122,-0.00811869,0.0115671,-0.0451472,5.47023,0.0002,-3.39444e-14,2.11901e-09,-3.39444e-14,0.0002,-1.52787e-09,2.11901e-09,-1.52787e-09,0.0002,61
-0.607044,-0.342475,1.44178,-0.60713,-0.342539,1.4415,-0.00814373,0.0116249,-0.045217,5.41339,0.0002,-5.53133e-14,4.7313e-09,-5.53133e-14,0.0002,-1.41547e-09,4.7313e-09,-1.41547e-09,0.0002,61
-0.607084,-0.342467,1.44161,-0.607184,-0.342387,1.44125,-0.00818368,0.0116334,-0.0453875,5.4468,0.0002,-9.69623e-14,4.4965e-09,-9.69623e-14,0.0002,-2.8125e-09,4.4965e-09,-2.8125e-09,0.0002,61
-0.607095,-0.342462,1.44153,-0.607141,-0.342442,1.44121,-0.00819515,0.0116384,-0.0464679,5.42923,0.0002,-5.55809e-14,2.87776e-09,-5.55809e-14,0.0002,-1.8e-09,2.87776e-09,-1.8e-09,0.0002,61
-0.607109,-0.342456,1.44138,-0.607212,-0.342373,1.44111,-0.00820931,0.0116441,-0.0466153,5.42975,0.0002,-1.12221e-14,3.74874e-09,-1.12221e-14,0.0002,3.1599e-10,3.74874e-09,3.1599e-10,0.0002,61
-0.607131,-0.34246,1.44147,-0.607202,-0.342371,1.44116,-0.00823062,0.0116399,-0.0465325,5.41146,0.0002,-1.99323e-14,5.7742e-09,-1.99323e-14,0.0002,-2.36441e-10,5.7742e-09,-2.36441e-10,0.0002,61
-0.607132,-0.34245,1.44134,-0.607079,-0.342363,1.44113,-0.00823221,0.0116501,-0.0466634,5.44168,0.0002,-7.81353e-14,5.16335e-09,-7.81353e-14,0.0002,-2.05839e-09,5.16335e-09,-2.05839e-09,0.0002,61
-0.607136,-0.342419,1.44127,-0.607151,-0.342293,1.44103,-0.00823597,0.0116815,-0.0467256,5.4128,0.0002,-4.4565e-14,3.30455e-09,-4.4565e-14,0.0002,-1.31737e-09,3.30455e-09,-1.31737e-09,0.0002,61
-0.607138,-0.342397,1.4412,-0.607148,-0.342313,1.44088,-0.00823841,0.0117025,-0.0468039,5.43564,0.0002,-2.62927e-14,2.11491e-09,-2.62927e-14,0.0002,-8.43116e-10,2.11491e-09,-8.43116e-10,0.0002,61
-0.606997,-0.34186,1.44005,-0.606419,-0.339603,1.43609,-0.0080974,0.0122403,-0.0479526,4.84483,0.0002,-4.15296e-14,4.72832e-09,-4.15296e-14,0.0002,-9.79976e-10,4.72832e-09,-9.79976e-10,0.0002,61
-0.606891,-0.341304,1.43913,-0.606466,-0.339082,1.43548,-0.00799121,0.0128957,-0.0488661,4.83621,0.0002,-2.42065e-14,3.02613e-09,-2.42065e-14,0.0002,-6.27185e-10,3.02613e-09,-6.27185e-10,0.0002,61
-0.606822,-0.340747,1.43828,-0.606548,-0.338519,1.43488,-0.00792248,0.0134528,-0.0487175,4.83621,0.0002,-1.45204e-14,1.93672e-09,-1.45204e-14,0.0002,-4.01398e-10,1.93672e-09,-4.01398e-10,0.0002,61
-0.606769,-0.34031,1.4376,-0.606541,-0.338456,1.43488,-0.00786906,0.0138899,-0.049399,4.81034,0.0002,-2.81956e-14,4.61306e-09,-2.81956e-14,0.0002,-7.06573e-10,4.61306e-09,-7.06573e-10,0.0002,61
-0.606898,-0.340576,1.43818,-0.607353,-0.341593,1.44017,-0.00799781,0.0136241,-0.0488216,5.41697,0.0002,-7.60997e-14,4.41314e-09,-7.60997e-14,0.0002,-2.3647e-09,4.41314e-09,-2.3647e-09,0.0002,61
-0.606972,-0.340864,1.43866,-0.607267,-0.342016,1.44057,-0.00807165,0.0133361,-0.0483433,5.42848,0.0002,-4.33607e-14,2.82441e-09,-4.33607e-14,0.0002,-1.51341e-09,2.82441e-09,-1.51341e-09,0.0002,61
-0.607017,-0.341122,1.43891,-0.607186,-0.342048,1.44054,-0.00811732,0.0130782,-0.0480935,5.45778,0.0002,-6.22716e-14,5.18127e-09,-6.22716e-14,0.0002,-1.41753e-09,5.18127e-09,-1.41753e-09,0.0002,61
-0.607046,-0.341306,1.43927,-0.607159,-0.342043,1.44074,-0.0081456,0.0128939,-0.0477264,5.38098,0.0002,-3.60934e-14,3.31602e-09,-3.60934e-14,0.0002,-9.07221e-10,3.31602e-09,-9.07221e-10,0.0002,61
-0.60707,-0.341497,1.43958,-0.60717,-0.342263,1.4408,-0.0081704,0.0127026,-0.0474213,5.42138,0.0002,-2.15595e-14,2.12225e-09,-2.15595e-14,0.0002,-5.80622e-10,2.12225e-09,-5.80622e-10,0.0002,61
-0.607111,-0.341686,1.43989,-0.607215,-0.342395,1.4408,-0.00821132,0.0125139,-0.0471129,5.41345,0.0002,-5.21134e-14,2.82281e-09,-5.21134e-14,0.0002,-2.2812e-09,2.82281e-09,-2.2812e-09,0.0002,61
-0.60714,-0.341794,1.44006,-0.607256,-0.342228,1.44075,-0.00824025,0.0125056,-0.0469396,5.39126,0.0002,-3.00556e-14,1.8066e-09,-3.00556e-14,0.0002,-1.45997e-09,1.8066e-09,-1.45997e-09,0.0002,61
-0.607158,-0.341899,1.44015,-0.607275,-0.342256,1.44083,-0.00825804,0.0124013,-0.0468495,5.37726,0.0002,-1.17533e-16,3.06535e-09,-1.17533e-16,0.0002,5.30803e-10,3.06535e-09,5.30803e-10,0.0002,61
-0.607209,-0.341995,1.44024,-0.607352,-0.342335,1.44092,-0.00830876,0.0123049,-0.046759,5.38422,0.0002,-4.05765e-14,3.42718e-09,-4.05765e-14,0.0002,-1.56928e-09,3.42718e-09,-1.56928e-09,0.0002,61
-0.60721,-0.342115,1.44051,-0.607259,-0.342535,1.44128,-0.00820974,0.012185,-0.0464877,5.34553,0.0002,3.66442e-15,4.10203e-09,3.66442e-15,0.0002,4.61489e-10,4.10203e-09,4.61489e-10,0.0002,61
-0.607207,-0.342202,1.44067,-0.607196,-0.342549,1.44128,-0.00820699,0.0120983,-0.0463346,5.35394,0.0002,1.37599e-15,2.6253e-09,1.37599e-15,0.0002,2.95353e-10,2.6253e-09,2.95353e-10,0.0002,61
-0.607225,-0.342255,1.4406,-0.607283,-0.342362,1.44095,-0.00822498,0.0120452,-0.0464047,5.37915,0.0002,-9.99795e-15,5.05474e-09,-9.99795e-15,0.0002,-2.53148e-10,5.05474e-09,-2.53148e-10,0.0002,61
-0.607236,-0.342276,1.44073,-0.60722,-0.342315,1.44095,-0.00823595,0.012024,-0.0462694,5.40436,0.0002,-6.61754e-14,4.70154e-09,-6.61754e-14,0.0002,-2.07013e-09,4.70154e-09,-2.07013e-09,0.0002,61
-0.60723,-0.342282,1.44079,-0.607207,-0.342306,1.44105,-0.00823024,0.012018,-0.046206,5.3828,0.0002,-3.73691e-14,3.00898e-09,-3.73691e-14,0.0002,-1.32488e-09,3.00898e-09,-1.32488e-09,0.0002,61
-0.607213,-0.342368,1.44091,-0.607143,-0.34271,1.44135,-0.00821282,0.0119323,-0.0460942,5.37853,0.0002,-2.18751e-14,1.92575e-09,-2.18751e-14,0.0002,-8.47924e-10,1.92575e-09,-8.47924e-10,0.0002,61
-0.607189,-0.342447,1.44095,-0.607141,-0.342705,1.44143,-0.00818931,0.0119529,-0.0460535,5.37915,0.0002,1.02702e-14,3.14037e-09,1.02702e-14,0.0002,9.24125e-10,3.14037e-09,9.24125e-10,0.0002,61
-0.607202,-0.342471,1.44094,-0.607193,-0.342521,1.44124,-0.00820205,0.0119291,-0.0460583,5.39595,0.0002,-3.27485e-14,3.47671e-09,-3.27485e-14,0.0002,-1.31639e-09,3.47671e-09,-1.31639e-09,0.0002,61
-0.607213,-0.342499,1.44101,-0.607259,-0.34261,1.44131,-0.00821339,0.0119013,-0.0459855,5.41784,0.0002,-1.86157e-14,2.2251e-09,-1.86157e-14,0.0002,-8.4249e-10,2.2251e-09,-8.4249e-10,0.0002,61
-0.607258,-0.342695,1.44129,-0.607481,-0.343421,1.44209,-0.00825778,0.011705,-0.0457067,6.47991,0.0002,1.43764e-14,3.33156e-09,1.43764e-14,0.0002,9.28113e-10,3.33156e-09,9.28113e-10,0.0002,61
-0.607312,-0.342853,1.4415,-0.607471,-0.343439,1.44202,-0.00831242,0.0115471,-0.0454987,6.49142,0.0002,-3.17159e-14,3.60004e-09,-3.17159e-14,0.0002,-1.3131e-09,3.60004e-09,-1.3131e-09,0.0002,61
-0.607337,-0.342958,1.44164,-0.607434,-0.343378,1.44219,-0.00833677,0.011442,-0.0453617,6.51852,0.0002,-1.78779e-14,2.30402e-09,-1.78779e-14,0.0002,-8.40382e-10,2.30402e-09,-8.40382e-10,0.0002,61
-0.607384,-0.343003,1.44161,-0.607512,-0.343136,1.44183,-0.00838373,0.0113973,-0.045386,6.49142,0.0002,-5.24569e-14,2.94277e-09,-5.24569e-14,0.0002,-2.44466e-09,2.94277e-09,-2.44466e-09,0.0002,61
-0.607374,-0.343048,1.44167,-0.607336,-0.343231,1.44191,-0.00837415,0.0113516,-0.0453277,6.48777,0.0002,-2.9889e-14,1.88337e-09,-2.9889e-14,0.0002,-1.56458e-09,1.88337e-09,-1.56458e-09,0.0002,61
-0.607387,-0.343063,1.44163,-0.607483,-0.343062,1.44178,-0.00838669,0.011337,-0.0453702,6.52979,0.0002,-1.63414e-16,3.11212e-09,-1.63414e-16,0.0002,4.66926e-10,3.11212e-09,4.66926e-10,0.0002,61
-0.607395,-0.343142,1.44178,-0.60737,-0.343413,1.44207,-0.00839524,0.0112578,-0.0452185,6.53533,0.0002,-4.12634e-14,3.46024e-09,-4.12634e-14,0.0002,-1.60776e-09,3.46024e-09,-1.60776e-09,0.0002,61
-0.607411,-0.343175,1.4418,-0.607473,-0.343305,1.44186,-0.00841078,0.0112251,-0.0452028,6.50823,0.0002,-2.35602e-14,2.21455e-09,-2.35602e-14,0.0002,-1.02897e-09,2.21455e-09,-1.02897e-09,0.0002,61
-0.607403,-0.343234,1.44184,-0.607374,-0.343468,1.442,-0.00840337,0.0112664,-0.0451615,6.53065,0.0002,-1.39118e-14,1.41731e-09,-1.39118e-14,0.0002,-6.5854e-10,1.41731e-09,-6.5854e-10,0.0002,61
-0.607412,-0.343268,1.44185,-0.607444,-0.343404,1.44191,-0.00841157,0.0112324,-0.0451472,6.53033,0.0002,-8.42569e-15,9.07081e-10,-8.42569e-15,0.0002,-4.21465e-10,9.07081e-10,-4.21465e-10,0.0002,61
-0.607451,-0.343325,1.44178,-0.607551,-0.34351,1.44182,-0.00845139,0.0111747,-0.0452174,6.55213,0.0002,-3.34339e-14,2.04913e-09,-3.34339e-14,0.0002,-2.17624e-09,2.04913e-09,-2.17624e-09,0.0002,61
-0.607436,-0.343383,1.44179,-0.607421,-0.343553,1.44215,-0.00843617,0.0111173,-0.045207,6.51589,0.0002,-5.52945e-15,3.21805e-09,-5.52945e-15,0.0002,7.5676e-11,3.21805e-09,7.5676e-11,0.0002,61
-0.607442,-0.343393,1.44183,-0.607465,-0.343435,1.44197,-0.00844203,0.0111068,-0.0451717,6.53533,0.0002,-3.66353e-15,2.05955e-09,-3.66353e-15,0.0002,4.84327e-11,2.05955e-09,4.84327e-11,0.0002,61
-0.607435,-0.34343,1.44189,-0.607405,-0.34358,1.44214,-0.00843462,0.0110695,-0.0451089,6.55586,0.0002,-2.39573e-15,1.31811e-09,-2.39573e-15,0.0002,3.09969e-11,1.31811e-09,3.09969e-11,0.0002,61
-0.60745,-0.343501,1.44202,-0.607451,-0.343737,1.44223,-0.00844976,0.0109991,-0.0449777,6.55277,0.0002,-3.02921e-14,2.31257e-09,-3.02921e-14,0.0002,-1.88637e-09,2.31257e-09,-1.88637e-09,0.0002,61
-0.607463,-0.343459,1.44197,-0.607515,-0.34329,1.44178,-0.00846273,0.0110412,-0.0450254,6.55024,0.0002,-1.71534e-14,1.48005e-09,-1.71534e-14,0.0002,-1.20728e-09,1.48005e-09,-1.20728e-09,0.0002,61
-0.607442,-0.343537,1.44205,-0.607359,-0.343849,1.44235,-0.00844205,0.0109631,-0.0449498,6.53769,0.0002,-1.00633e-14,9.47229e-10,-1.00633e-14,0.0002,-7.72659e-10,9.47229e-10,-7.72659e-10,0.0002,61
-0.607429,-0.343547,1.44198,-0.607422,-0.34353,1.44201,-0.00842892,0.0109525,-0.0450212,6.54373,0.0002,1.19686e-14,2.51244e-09,1.19686e-14,0.0002,9.74477e-10,2.51244e-09,9.74477e-10,0.0002,61
-0.607437,-0.343573,1.44196,-0.607411,-0.34363,1.44218,-0.00843725,0.0109268,-0.0450435,6.52566,0.0002,-2.60734e-14,3.0768e-09,-2.60734e-14,0.0002,-1.28265e-09,3.0768e-09,-1.28265e-09,0.0002,61
-0.607444,-0.343641,1.44205,-0.60747,-0.343913,1.44242,-0.00844377,0.0108588,-0.0449502,6.53905,0.0002,-1.46664e-14,1.96915e-09,-1.46664e-14,0.0002,-8.20896e-10,1.96915e-09,-8.20896e-10,0.0002,61
-0.607419,-0.343669,1.44215,-0.607367,-0.343719,1.44222,-0.00841931,0.0108314,-0.0448522,6.52429,0.0002,1.53991e-14,3.16624e-09,1.53991e-14,0.0002,9.43907e-10,3.16624e-09,9.43907e-10,0.0002,61
-0.607443,-0.343651,1.44217,-0.60748,-0.343535,1.44195,-0.00844345,0.010849,-0.0448282,6.54745,0.0002,-2.9572e-14,3.49586e-09,-2.9572e-14,0.0002,-1.30173e-09,3.49586e-09,-1.30173e-09,0.0002,61
-0.607432,-0.343668,1.4422,-0.607387,-0.343738,1.4423,-0.00843213,0.0108316,-0.0448036,6.54191,0.0002,-1.65961e-14,2.23735e-09,-1.65961e-14,0.0002,-8.3311e-10,2.23735e-09,-8.3311e-10,0.0002,61
-0.607448,-0.343659,1.44212,-0.607452,-0.343576,1.44215,-0.008448,0.0108408,-0.0448757,6.54191,0.0002,-5.10962e-14,2.90116e-09,-5.10962e-14,0.0002,-2.43919e-09,2.90116e-09,-2.43919e-09,0.0002,61
-0.607448,-0.343635,1.44212,-0.607446,-0.343536,1.44208,-0.00844756,0.0109654,-0.0448844,6.52224,0.0002,-2.90784e-14,1.85674e-09,-2.90784e-14,0.0002,-1.56108e-09,1.85674e-09,-1.56108e-09,0.0002,61
-0.607441,-0.343693,1.44219,-0.607413,-0.343929,1.44248,-0.00844073,0.0109066,-0.0448117,6.57702,0.0002,-1.71261e-14,1.18832e-09,-1.71261e-14,0.0002,-9.99091e-10,1.18832e-09,-9.99091e-10,0.0002,61
-0.607431,-0.343661,1.4421,-0.60744,-0.343469,1.44209,-0.00843143,0.0109395,-0.0448956,6.55554,0.0002,7.3596e-15,2.66653e-09,7.3596e-15,0.0002,8.29824e-10,2.66653e-09,8.29824e-10,0.0002,61
-0.607445,-0.343661,1.44211,-0.607499,-0.343664,1.44211,-0.00844493,0.0109387,-0.0448949,6.56178,0.0002,3.57721e-15,1.70658e-09,3.57721e-15,0.0002,5.31087e-10,1.70658e-09,5.31087e-10,0.0002,61
-0.607443,-0.343688,1.44213,-0.607437,-0.343795,1.44221,-0.00844339,0.010912,-0.0448739,6.5629,0.0002,1.82537e-15,1.09221e-09,1.82537e-15,0.0002,3.39896e-10,1.09221e-09,3.39896e-10,0.0002,61
-0.607466,-0.343678,1.4421,-0.607439,-0.343547,1.44198,-0.00846627,0.0109218,-0.0449035,6.55554,0.0002,-8.58243e-14,3.63756e-09,-8.58243e-14,0.0002,-3.59443e-09,3.63756e-09,-3.59443e-09,0.0002,61
-0.607448,-0.343784,1.44223,-0.607377,-0.344207,1.44275,-0.00844846,0.010816,-0.0447734,6.53769,0.0002,-4.82331e-14,2.32804e-09,-4.82331e-14,0.0002,-2.30044e-09,2.32804e-09,-2.30044e-09,0.0002,61
-0.607449,-0.343785,1.44225,-0.60745,-0.343787,1.44235,-0.00844877,0.0108154,-0.044748,6.5411,0.0002,-2.81272e-14,1.48995e-09,-2.81272e-14,0.0002,-1.47228e-09,1.48995e-09,-1.47228e-09,0.0002,61
-0.607462,-0.343728,1.44219,-0.607515,-0.343503,1.44192,-0.00846206,0.0108717,-0.0448136,6.55917,0.0002,-1.68783e-14,9.53566e-10,-1.68783e-14,0.0002,-9.42259e-10,9.53566e-10,-9.42259e-10,0.0002,61
-0.607454,-0.343705,1.44219,-0.607424,-0.343611,1.44218,-0.00845442,0.0108951,-0.0448148,6.5629,0.0002,-1.03421e-14,6.10282e-10,-1.03421e-14,0.0002,-6.03046e-10,6.10282e-10,-6.03046e-10,0.0002,61
-0.607433,-0.343741,1.44224,-0.607346,-0.343887,1.44246,-0.00843279,0.0108587,-0.0447592,6.55736,0.0002,-6.43049e-15,3.90581e-10,-6.43049e-15,0.0002,-3.85949e-10,3.90581e-10,-3.85949e-10,0.0002,61
