EKF_x,EKF_y,EKF_theta,PM_x,PM_y,PM_theta,errorEKF_x,errorEKF_y,errorEKF_theta,errorPM,EKFCovXX,EKFCovXY,EKFCovXTheta,EKFCovYX,EKFCovYY,EKFCovYTheta,EKFCovThetaX,EKFCovThetaY,EKFCovThetaTheta,counter
-0.66341,-0.376679,1.59065,-0.66341,-0.376679,1.59065,0.00014219,0.0101378,0.0158669,0.773021,0.000999999,1.43003e-22,-2.64874e-14,2.70074e-22,0.000999999,-2.67011e-14,-2.64886e-14,-2.66953e-14,0.000999999,0
-0.663308,-0.376891,1.59112,-0.663212,-0.377092,1.59158,0.000217343,0.00987934,0.0164026,0.778333,0.000512195,3.3946e-23,-6.30278e-15,6.4183e-23,0.000512195,-6.35363e-15,-6.30308e-15,-6.35224e-15,0.000512195,0
-0.663264,-0.376985,1.5913,-0.663186,-0.377154,1.59161,0.000261556,0.00978443,0.0165792,0.778333,0.000359875,1.38992e-23,-2.58263e-15,2.62891e-23,0.000359875,-2.60346e-15,-2.58275e-15,-2.6029e-15,0.000359875,0
-0.66324,-0.377039,1.5914,-0.66318,-0.377168,1.59164,0.000286147,0.00973131,0.0166777,0.778333,0.000290717,6.99005e-24,-1.29927e-15,1.32232e-23,0.000290717,-1.30975e-15,-1.29933e-15,-1.30947e-15,0.000290717,0
-0.663455,-0.377217,1.59145,-0.664086,-0.377742,1.5916,8.15034e-05,0.00951232,0.0167697,0.996213,0.000254131,3.88801e-24,-7.22814e-16,7.35563e-24,0.000254131,-7.28644e-16,-7.22847e-16,-7.28486e-16,0.000254131,0
-0.663599,-0.377344,1.5915,-0.664073,-0.377762,1.59166,-6.27898e-05,0.00938527,0.016818,0.996213,0.000233206,2.28581e-24,-4.24995e-16,4.32468e-24,0.000233206,-4.28424e-16,-4.25015e-16,-4.2833e-16,0.000233206,0
-0.663703,-0.377443,1.59154,-0.664069,-0.377792,1.59168,-0.000140017,0.00925046,0.0168887,1.00331,0.000220702,1.3881e-24,-2.58102e-16,2.62632e-24,0.000220702,-2.60184e-16,-2.58114e-16,-2.60128e-16,0.000220702,0
-0.663783,-0.377509,1.59158,-0.66408,-0.377754,1.59171,-0.00022033,0.00918433,0.0169263,0.996213,0.000213033,8.59639e-25,-1.59847e-16,1.62649e-24,0.000213033,-1.61136e-16,-1.59854e-16,-1.61101e-16,0.000213033,0
-0.663844,-0.377566,1.59159,-0.664075,-0.377779,1.59166,-0.000287468,0.00910307,0.0169634,1.00331,0.000208255,5.38861e-25,-1.00202e-16,1.01957e-24,0.000208255,-1.0101e-16,-1.00206e-16,-1.00988e-16,0.000208255,0
-0.663894,-0.377605,1.59162,-0.664087,-0.377756,1.59171,-0.0003374,0.00906391,0.0169865,0.996213,0.000205249,3.40355e-25,-6.32904e-17,6.43984e-25,0.000205249,-6.38009e-17,-6.32933e-17,-6.3787e-17,0.000205249,0
-0.663732,-0.377568,1.59306,-0.663097,-0.377424,1.59871,-0.000175406,0.00910058,0.0184286,0.494857,0.000203345,2.16008e-25,-4.01678e-17,4.08708e-25,0.000203345,-4.04918e-17,-4.01697e-17,-4.0483e-17,0.000203345,0
-0.663596,-0.377568,1.59423,-0.663058,-0.377566,1.59886,-4.90521e-05,0.00911999,0.0195912,0.50221,0.000202135,1.37507e-25,-2.55703e-17,2.60178e-25,0.000202135,-2.57766e-17,-2.55715e-17,-2.5771e-17,0.000202135,0
-0.663474,-0.37758,1.59519,-0.662993,-0.377629,1.599,7.2389e-05,0.00910771,0.0205506,0.508883,0.000201364,8.77043e-26,-1.63093e-17,1.65946e-25,0.000201364,-1.64408e-17,-1.631e-17,-1.64372e-17,0.000201364,0
-0.663368,-0.377597,1.59597,-0.662946,-0.377666,1.5991,0.000164325,0.00908142,0.021345,0.50153,0.000200872,5.60083e-26,-1.04152e-17,1.05974e-25,0.000200872,-1.04992e-17,-1.04157e-17,-1.04969e-17,0.000200872,0
-0.663276,-0.377625,1.59663,-0.662908,-0.377735,1.59922,0.000256644,0.00905385,0.0219954,0.50153,0.000200558,3.57953e-26,-6.65642e-18,6.77288e-26,0.000200558,-6.71012e-18,-6.65673e-18,-6.70866e-18,0.000200558,0
-0.663039,-0.377732,1.59542,-0.662095,-0.378161,1.5906,0.000493138,0.00894633,0.0207874,0.670625,0.000200357,2.28885e-26,-4.25631e-18,4.33078e-26,0.000200357,-4.29065e-18,-4.25651e-18,-4.28971e-18,0.000200357,0
-0.662849,-0.377808,1.59443,-0.662089,-0.378108,1.59051,0.000690414,0.00886909,0.019805,0.670625,0.000200228,1.46403e-26,-2.72249e-18,2.77011e-26,0.000200228,-2.74445e-18,-2.72261e-18,-2.74385e-18,0.000200228,0
-0.662694,-0.37786,1.59364,-0.662076,-0.378072,1.59044,0.000845168,0.00881616,0.0190064,0.670625,0.000200146,9.36636e-27,-1.74175e-18,1.77223e-26,0.000200146,-1.7558e-18,-1.74183e-18,-1.75542e-18,0.000200146,0
-0.66257,-0.377895,1.59298,-0.662074,-0.378033,1.59038,0.000958912,0.00876753,0.0183744,0.670625,0.000200093,5.99307e-27,-1.11446e-18,1.13396e-26,0.000200093,-1.12345e-18,-1.11451e-18,-1.12321e-18,0.000200093,0
-0.662469,-0.377909,1.59245,-0.662063,-0.377965,1.59033,0.00106041,0.00875346,0.0178429,0.663217,0.00020006,3.83499e-27,-7.13149e-19,7.25625e-27,0.00020006,-7.18902e-19,-7.13182e-19,-7.18745e-19,0.00020006,0
-0.662386,-0.377909,1.59201,-0.662056,-0.377906,1.59022,0.00114293,0.00875402,0.0173963,0.670625,0.000200038,2.45416e-27,-4.56372e-19,4.64356e-27,0.000200038,-4.60053e-19,-4.56393e-19,-4.59953e-19,0.000200038,0
-0.662138,-0.378627,1.59095,-0.661143,-0.3815,1.58671,0.00135838,0.00804562,0.0163468,0.579451,0.000200025,1.57057e-27,-2.9206e-19,2.97169e-27,0.000200025,-2.94416e-19,-2.92074e-19,-2.94352e-19,0.000200025,0
-0.661928,-0.379223,1.59012,-0.661091,-0.381608,1.58684,0.0015677,0.00744938,0.0155245,0.586594,0.000200016,1.00512e-27,-1.86911e-19,1.90181e-27,0.000200016,-1.88419e-19,-1.8692e-19,-1.88378e-19,0.000200016,0
-0.66175,-0.379724,1.5895,-0.661037,-0.381729,1.587,0.0017459,0.00694819,0.0148999,0.586594,0.00020001,6.43262e-28,-1.1962e-19,1.21713e-27,0.00020001,-1.20585e-19,-1.19626e-19,-1.20559e-19,0.00020001,0
-0.6616,-0.380143,1.58903,-0.660998,-0.381817,1.58713,0.00187132,0.00654167,0.0144253,0.593736,0.000200006,4.11681e-28,-7.65556e-20,7.78949e-28,0.000200006,-7.71732e-20,-7.65592e-20,-7.71564e-20,0.000200006,0
-0.661472,-0.380492,1.58866,-0.660963,-0.381887,1.5872,0.00199867,0.00619285,0.0140601,0.593736,0.000200004,2.63473e-28,-4.89951e-20,4.98522e-28,0.000200004,-4.93903e-20,-4.89974e-20,-4.93796e-20,0.000200004,0
-0.661906,-0.37979,1.59019,-0.663641,-0.376982,1.59629,0.00153506,0.00693188,0.0155766,0.768165,0.000200003,1.68622e-28,-3.13567e-20,3.19052e-28,0.000200003,-3.16096e-20,-3.13581e-20,-3.16027e-20,0.000200003,0
-0.66225,-0.379231,1.59141,-0.663625,-0.376996,1.59632,0.00119121,0.00749054,0.0168029,0.775411,0.000200002,1.07917e-28,-2.00682e-20,2.04193e-28,0.000200002,-2.02301e-20,-2.00691e-20,-2.02257e-20,0.000200002,0
-0.662526,-0.378786,1.5924,-0.663631,-0.377006,1.59635,0.000883402,0.00796955,0.0177601,0.768165,0.000200001,6.9067e-29,-1.28436e-20,1.30683e-28,0.000200001,-1.29472e-20,-1.28442e-20,-1.29444e-20,0.000200001,0
-0.662746,-0.37843,1.59318,-0.663625,-0.377005,1.59632,0.000663679,0.00832572,0.018544,0.775411,0.000200001,4.42028e-29,-8.21989e-21,8.36369e-29,0.000200001,-8.2862e-21,-8.22027e-21,-8.28439e-21,0.000200001,0
-0.662926,-0.378138,1.59381,-0.663645,-0.376969,1.59631,0.000483823,0.00861794,0.0191697,0.760919,0.0002,2.82898e-29,-5.26072e-21,5.35275e-29,0.0002,-5.30316e-21,-5.26097e-21,-5.30201e-21,0.0002,0
-0.662951,-0.378602,1.59394,-0.663051,-0.380461,1.59445,0.000491095,0.00817231,0.019277,1.38037,0.0002,1.81054e-29,-3.36686e-21,3.42576e-29,0.0002,-3.39402e-21,-3.36702e-21,-3.39328e-21,0.0002,0
-0.662968,-0.378982,1.59406,-0.663034,-0.380501,1.59456,0.000474379,0.00779263,0.0194013,1.35894,0.0002,1.15875e-29,-2.15479e-21,2.19249e-29,0.0002,-2.17217e-21,-2.15489e-21,-2.1717e-21,0.0002,0
-0.662974,-0.379291,1.59418,-0.662997,-0.380526,1.59463,0.000485248,0.00747875,0.0195253,1.36609,0.0002,7.41598e-30,-1.37907e-21,1.40319e-29,0.0002,-1.39019e-21,-1.37913e-21,-1.38989e-21,0.0002,0
-0.662973,-0.379548,1.59428,-0.662972,-0.380578,1.5947,0.000485599,0.00722143,0.0196304,1.36609,0.0002,4.74623e-30,-8.82602e-22,8.98042e-30,0.0002,-8.89721e-22,-8.82642e-22,-8.89527e-22,0.0002,0
-0.662967,-0.379756,1.59437,-0.662943,-0.380587,1.59471,0.000491602,0.00701377,0.0197154,1.35894,0.0002,3.03758e-30,-5.64865e-22,5.74747e-30,0.0002,-5.69421e-22,-5.64891e-22,-5.69297e-22,0.0002,0
-0.662955,-0.379926,1.59444,-0.662905,-0.380607,1.59475,0.000473102,0.00684245,0.0197917,1.38037,0.0002,1.94405e-30,-3.61514e-22,3.67838e-30,0.0002,-3.6443e-22,-3.6153e-22,-3.6435e-22,0.0002,0
-0.663077,-0.37948,1.59421,-0.663565,-0.377697,1.5933,0.000350995,0.00728838,0.0195636,0.85198,0.0002,1.24419e-30,-2.31369e-22,2.35416e-30,0.0002,-2.33235e-22,-2.31379e-22,-2.33184e-22,0.0002,0
-0.663179,-0.379105,1.59402,-0.663589,-0.377603,1.59323,0.000255422,0.00764788,0.0193768,0.838907,0.0002,7.96284e-31,-1.48076e-22,1.50666e-30,0.0002,-1.4927e-22,-1.48083e-22,-1.49238e-22,0.0002,0
-0.663266,-0.378794,1.59385,-0.663611,-0.377553,1.5932,0.000169127,0.00795818,0.0192142,0.830522,0.0002,5.09622e-31,-9.47686e-23,9.64265e-31,0.0002,-9.5533e-23,-9.4773e-23,-9.55122e-23,0.0002,0
-0.663336,-0.378543,1.5937,-0.66362,-0.377535,1.5931,9.82293e-05,0.00821003,0.019064,0.830522,0.0002,3.26158e-31,-6.06519e-23,6.17129e-31,0.0002,-6.11411e-23,-6.06547e-23,-6.11278e-23,0.0002,0
-0.663398,-0.37833,1.59359,-0.663642,-0.377481,1.59313,3.3664e-05,0.0084153,0.0189795,0.830522,0.0002,2.08741e-31,-3.88172e-23,3.94963e-31,0.0002,-3.91303e-23,-3.8819e-23,-3.91218e-23,0.0002,0
-0.663447,-0.377789,1.59307,-0.663646,-0.375624,1.59101,-1.59346e-05,0.00895649,0.0184639,0.582678,0.0002,1.33594e-31,-2.4843e-23,2.52776e-31,0.0002,-2.50434e-23,-2.48442e-23,-2.5038e-23,0.0002,0
-0.663512,-0.37732,1.59261,-0.66377,-0.375444,1.59078,-8.05585e-05,0.00942542,0.0180049,0.57516,0.0002,8.55004e-32,-1.58995e-23,1.61777e-31,0.0002,-1.60278e-23,-1.59003e-23,-1.60243e-23,0.0002,0
-0.663584,-0.376912,1.5922,-0.663871,-0.375279,1.59055,-0.000158328,0.00985159,0.0175816,0.560122,0.0002,5.47202e-32,-1.01757e-23,1.03537e-31,0.0002,-1.02578e-23,-1.01762e-23,-1.02555e-23,0.0002,0
-0.66366,-0.37656,1.59182,-0.663964,-0.375152,1.59028,-0.00023437,0.0102035,0.017197,0.545085,0.0002,3.5021e-32,-6.51245e-24,6.62638e-32,0.0002,-6.56498e-24,-6.51275e-24,-6.56355e-24,0.0002,0
-0.663735,-0.37625,1.59145,-0.664035,-0.375011,1.58997,-0.000340092,0.0105404,0.016808,0.545085,0.0002,2.24134e-32,-4.16797e-24,4.24088e-32,0.0002,-4.20159e-24,-4.16816e-24,-4.20067e-24,0.0002,0
-0.663801,-0.375978,1.5911,-0.664065,-0.374887,1.58973,-0.000406058,0.010813,0.0164638,0.541626,0.0002,1.43446e-32,-2.6675e-24,2.71416e-32,0.0002,-2.68902e-24,-2.66762e-24,-2.68843e-24,0.0002,0
-0.663953,-0.37544,1.59796,-0.664561,-0.373291,1.62539,-0.000499989,0.0113415,0.023311,0.361699,0.0002,9.18053e-33,-1.7072e-24,1.73706e-32,0.0002,-1.72097e-24,-1.70728e-24,-1.7206e-24,0.0002,0
-0.664024,-0.375157,1.60365,-0.664309,-0.374024,1.62641,-0.000571294,0.0116248,0.0290016,0.368908,0.0002,5.87554e-33,-1.09261e-24,1.11172e-32,0.0002,-1.10142e-24,-1.09266e-24,-1.10118e-24,0.0002,0
-0.664033,-0.375062,1.60836,-0.664067,-0.374681,1.62719,-0.000579913,0.01172,0.0337086,0.342006,0.0002,3.76035e-33,-6.99269e-25,7.11502e-33,0.0002,-7.04909e-25,-6.99301e-25,-7.04756e-25,0.0002,0
-0.664012,-0.375097,1.61226,-0.663927,-0.375237,1.62786,-0.000543049,0.01167,0.0376283,0.34564,0.0002,2.40662e-33,-4.47532e-25,4.55361e-33,0.0002,-4.51142e-25,-4.47553e-25,-4.51044e-25,0.0002,0
-0.663965,-0.375205,1.61549,-0.663777,-0.37564,1.62841,-0.00049616,0.0115614,0.0408578,0.348025,0.0002,1.54024e-33,-2.8642e-25,2.91431e-33,0.0002,-2.88731e-25,-2.86434e-25,-2.88668e-25,0.0002,0
-0.663502,-0.375747,1.61146,-0.661654,-0.377912,1.59537,-8.42361e-05,0.011019,0.0368544,0.543931,0.0002,9.85752e-34,-1.83309e-25,1.86516e-33,0.0002,-1.84788e-25,-1.83318e-25,-1.84748e-25,0.0002,0
-0.663227,-0.376124,1.60811,-0.662124,-0.377632,1.59469,0.000191443,0.0106418,0.033499,0.538503,0.0002,6.30881e-34,-1.17318e-25,1.1937e-33,0.0002,-1.18264e-25,-1.17323e-25,-1.18238e-25,0.0002,0
-0.663074,-0.376378,1.60533,-0.662461,-0.377397,1.59424,0.000344542,0.0103871,0.0307243,0.524112,0.0002,4.03764e-34,-7.50834e-26,7.63969e-34,0.0002,-7.56891e-26,-7.50869e-26,-7.56726e-26,0.0002,0
-0.663016,-0.376546,1.60302,-0.662787,-0.377215,1.59376,0.00038095,0.0102297,0.0284102,0.50189,0.0002,2.58409e-34,-4.80534e-26,4.8894e-34,0.0002,-4.8441e-26,-4.80556e-26,-4.84305e-26,0.0002,0
-0.663002,-0.376639,1.60108,-0.662947,-0.377012,1.59334,0.000394747,0.0101365,0.0264734,0.511159,0.0002,1.65382e-34,-3.07542e-26,3.12922e-34,0.0002,-3.10022e-26,-3.07556e-26,-3.09955e-26,0.0002,0
-0.663033,-0.377069,1.59994,-0.663153,-0.378788,1.59539,0.00036457,0.00970677,0.0253348,0.791512,0.0002,1.05844e-34,-1.96827e-26,2.0027e-34,0.0002,-1.98414e-26,-1.96836e-26,-1.98371e-26,0.0002,0
-0.663056,-0.377411,1.59903,-0.663152,-0.378782,1.59535,0.000262784,0.00938905,0.0244167,0.798655,0.0002,6.77404e-35,-1.25969e-26,1.28173e-34,0.0002,-1.26985e-26,-1.25975e-26,-1.26958e-26,0.0002,0
-0.663077,-0.377681,1.59831,-0.663157,-0.37876,1.59542,0.000242648,0.00911941,0.0236962,0.784369,0.0002,4.33538e-35,-8.06202e-27,8.20306e-35,0.0002,-8.12705e-27,-8.06239e-27,-8.12528e-27,0.0002,0
-0.663092,-0.377901,1.59772,-0.663154,-0.37878,1.59536,0.000170941,0.00889952,0.0231272,0.798655,0.0002,2.77465e-35,-5.15969e-27,5.24996e-35,0.0002,-5.20131e-27,-5.15993e-27,-5.20018e-27,0.0002,0
-0.663106,-0.378078,1.59725,-0.663163,-0.378784,1.59539,0.000156787,0.00872292,0.0226616,0.798655,0.0002,1.77577e-35,-3.3022e-27,3.35997e-35,0.0002,-3.32884e-27,-3.30236e-27,-3.32812e-27,0.0002,0
-0.663114,-0.378219,1.59687,-0.663148,-0.378783,1.59537,3.57158e-05,0.00863186,0.0222652,0.798655,0.0002,1.1365e-35,-2.11341e-27,2.15038e-35,0.0002,-2.13046e-27,-2.11351e-27,-2.12999e-27,0.0002,0
-0.662926,-0.378702,1.5967,-0.662173,-0.380637,1.59599,0.000223934,0.00814821,0.0220885,0.961305,0.0002,7.27357e-36,-1.35258e-27,1.37624e-35,0.0002,-1.36349e-27,-1.35265e-27,-1.3632e-27,0.0002,0
-0.66277,-0.379098,1.59657,-0.662144,-0.38068,1.59604,0.000380387,0.00775273,0.0219565,0.961305,0.0002,4.65508e-36,-8.65653e-28,8.80796e-36,0.0002,-8.72636e-28,-8.65693e-28,-8.72446e-28,0.0002,0
-0.662641,-0.379419,1.59648,-0.662124,-0.380704,1.59614,0.000509325,0.00742648,0.0218919,0.968604,0.0002,2.97925e-36,-5.54018e-28,5.6371e-36,0.0002,-5.58487e-28,-5.54043e-28,-5.58365e-28,0.0002,0
-0.662535,-0.37968,1.59643,-0.662115,-0.380722,1.5962,0.000614439,0.00716591,0.0218365,0.968604,0.0002,1.90672e-36,-3.54571e-28,3.60774e-36,0.0002,-3.57432e-28,-3.54588e-28,-3.57354e-28,0.0002,0
-0.662444,-0.379891,1.59639,-0.66208,-0.380736,1.59625,0.000638477,0.00696065,0.0218021,0.975904,0.0002,1.2203e-36,-2.26926e-28,2.30896e-36,0.0002,-2.28756e-28,-2.26936e-28,-2.28706e-28,0.0002,0
-0.662433,-0.379372,1.59427,-0.662388,-0.377298,1.58578,0.000649713,0.00747923,0.0196805,0.560586,0.0002,7.80993e-37,-1.45232e-28,1.47773e-36,0.0002,-1.46404e-28,-1.45239e-28,-1.46372e-28,0.0002,0
-0.662459,-0.3789,1.59245,-0.662565,-0.377012,1.58519,0.000623411,0.00795132,0.017864,0.583142,0.0002,4.99836e-37,-9.29488e-29,9.45748e-37,0.0002,-9.36985e-29,-9.29531e-29,-9.36781e-29,0.0002,0
-0.662522,-0.378476,1.59091,-0.662771,-0.376777,1.58476,0.00053371,0.00834988,0.0163551,0.551106,0.0002,3.19895e-37,-5.94872e-29,6.05279e-37,0.0002,-5.99671e-29,-5.949e-29,-5.9954e-29,0.0002,0
-0.662606,-0.378091,1.5896,-0.662943,-0.376553,1.58436,0.000449522,0.00873442,0.0150432,0.553828,0.0002,2.04733e-37,-3.80718e-29,3.87378e-37,0.0002,-3.83789e-29,-3.80736e-29,-3.83706e-29,0.0002,0
-0.662689,-0.377741,1.58848,-0.663023,-0.376341,1.584,0.000326419,0.00907534,0.0139636,0.553828,0.0002,1.31029e-37,-2.4366e-29,2.47922e-37,0.0002,-2.45625e-29,-2.43671e-29,-2.45572e-29,0.0002,0
-0.662773,-0.377417,1.58751,-0.663109,-0.37612,1.58359,0.000242503,0.00939962,0.0129853,0.546309,0.0002,8.38585e-38,-1.55942e-29,1.5867e-37,0.0002,-1.572e-29,-1.55949e-29,-1.57166e-29,0.0002,0
-0.662979,-0.377704,1.58813,-0.663802,-0.378853,1.59061,3.68629e-05,0.00911226,0.0136053,1.3243,0.0002,5.36695e-38,-9.9803e-30,1.01549e-37,0.0002,-1.00608e-29,-9.98076e-30,-1.00586e-29,0.0002,0
-0.663143,-0.377929,1.58866,-0.6638,-0.378829,1.5908,-0.00013023,0.00889225,0.0141306,1.33305,0.0002,3.43485e-38,-6.38739e-30,6.49913e-38,0.0002,-6.43891e-30,-6.38769e-30,-6.43751e-30,0.0002,0
-0.663271,-0.378122,1.58908,-0.663783,-0.378896,1.59075,-0.000258126,0.00869881,0.0145494,1.33839,0.0002,2.1983e-38,-4.08793e-30,4.15944e-38,0.0002,-4.1209e-30,-4.08812e-30,-4.12001e-30,0.0002,0
-0.66337,-0.378277,1.58942,-0.663764,-0.378895,1.5908,-0.000394751,0.00855027,0.0148934,1.35951,0.0002,1.40691e-38,-2.61628e-30,2.66204e-38,0.0002,-2.63738e-30,-2.6164e-30,-2.63681e-30,0.0002,0
-0.663447,-0.378406,1.58971,-0.663757,-0.37892,1.59084,-0.000472149,0.00842168,0.0151769,1.35951,0.0002,9.00424e-39,-1.67442e-30,1.70371e-38,0.0002,-1.68792e-30,-1.67449e-30,-1.68756e-30,0.0002,0
-0.663651,-0.377753,1.59606,-0.664466,-0.375142,1.62148,-0.000675948,0.00907434,0.0215317,0.533907,0.0002,5.76271e-39,-1.07163e-30,1.09037e-38,0.0002,-1.08027e-30,-1.07168e-30,-1.08004e-30,0.0002,0
-0.663759,-0.377359,1.60137,-0.664192,-0.375786,1.62261,-0.000792256,0.00947582,0.0268406,0.538958,0.0002,3.68814e-39,-6.85841e-31,6.97839e-39,0.0002,-6.91373e-31,-6.85873e-31,-6.91223e-31,0.0002,0
-0.663797,-0.377153,1.60579,-0.663948,-0.376327,1.62345,-0.000829978,0.00968233,0.031257,0.532025,0.0002,2.36041e-39,-4.38938e-31,4.46617e-39,0.0002,-4.42479e-31,-4.38958e-31,-4.42382e-31,0.0002,0
-0.663776,-0.377081,1.6095,-0.663693,-0.376795,1.62434,-0.000742276,0.00973383,0.0349779,0.515164,0.0002,1.51066e-39,-2.8092e-31,2.85835e-39,0.0002,-2.83186e-31,-2.80933e-31,-2.83125e-31,0.0002,0
-0.663723,-0.3771,1.61262,-0.663509,-0.377173,1.62511,-0.000688817,0.00971545,0.0381006,0.522517,0.0002,9.66823e-40,-1.79789e-31,1.82934e-39,0.0002,-1.81239e-31,-1.79797e-31,-1.812e-31,0.0002,0
-0.663647,-0.377559,1.61009,-0.663342,-0.379393,1.59994,-0.000612767,0.00925672,0.0355653,1.21462,0.0002,6.18767e-40,-1.15065e-31,1.17078e-39,0.0002,-1.15993e-31,-1.1507e-31,-1.15968e-31,0.0002,0
-0.663594,-0.37791,1.60804,-0.663382,-0.379316,1.59985,-0.000568092,0.00889109,0.0335386,1.21462,0.0002,3.96011e-40,-7.36416e-32,7.49299e-40,0.0002,-7.42356e-32,-7.3645e-32,-7.42195e-32,0.0002,0
-0.663557,-0.37818,1.60638,-0.663409,-0.37926,1.59975,-0.000531222,0.00862115,0.0318815,1.20033,0.0002,2.53447e-40,-4.71306e-32,4.79551e-40,0.0002,-4.75108e-32,-4.71328e-32,-4.75005e-32,0.0002,0
-0.663532,-0.378395,1.60503,-0.663434,-0.379256,1.59963,-0.000496381,0.00842695,0.0305112,1.1789,0.0002,1.62206e-40,-3.01636e-32,3.06913e-40,0.0002,-3.04069e-32,-3.0165e-32,-3.04003e-32,0.0002,0
-0.663518,-0.378561,1.60394,-0.663462,-0.379222,1.59956,-0.000482356,0.00826162,0.0294171,1.18604,0.0002,1.03812e-40,-1.93047e-32,1.96424e-40,0.0002,-1.94604e-32,-1.93056e-32,-1.94562e-32,0.0002,0
-0.663513,-0.378686,1.60306,-0.663493,-0.379187,1.59954,-0.000477308,0.00813627,0.0285384,1.19179,0.0002,6.64396e-41,-1.2355e-32,1.25711e-40,0.0002,-1.24547e-32,-1.23556e-32,-1.2452e-32,0.0002,0
-0.663365,-0.378513,1.60256,-0.662774,-0.377821,1.60059,-0.00036862,0.0083132,0.0280548,0.573278,0.0002,4.25213e-41,-7.90721e-33,8.04553e-41,0.0002,-7.97099e-33,-7.90757e-33,-7.96925e-33,0.0002,0
-0.663255,-0.378364,1.60215,-0.662813,-0.37777,1.60049,-0.000258167,0.00846177,0.02764,0.575102,0.0002,2.72136e-41,-5.06061e-33,5.14914e-41,0.0002,-5.10143e-33,-5.06085e-33,-5.10032e-33,0.0002,0
-0.663168,-0.378239,1.60181,-0.662822,-0.377737,1.60044,-0.000205522,0.00860224,0.0272878,0.575102,0.0002,1.74167e-41,-3.23879e-33,3.29545e-41,0.0002,-3.26492e-33,-3.23894e-33,-3.26421e-33,0.0002,0
-0.663102,-0.378132,1.60152,-0.662839,-0.377704,1.60037,-0.000139611,0.00870917,0.0270009,0.575102,0.0002,1.11467e-41,-2.07283e-33,2.10909e-41,0.0002,-2.08955e-33,-2.07292e-33,-2.08909e-33,0.0002,0
-0.663054,-0.378042,1.60128,-0.662859,-0.37768,1.60032,-9.08536e-05,0.00879956,0.0267603,0.575102,0.0002,7.13389e-42,-1.32661e-33,1.34982e-41,0.0002,-1.33731e-33,-1.32667e-33,-1.33702e-33,0.0002,0
-0.663185,-0.378098,1.60084,-0.66371,-0.378322,1.59907,-0.000253723,0.00875561,0.0262993,1.03555,0.0002,4.56569e-42,-8.4903e-34,8.63883e-42,0.0002,-8.55878e-34,-8.49069e-34,-8.55692e-34,0.0002,0
-0.663292,-0.378143,1.6005,-0.663719,-0.378323,1.59913,-0.000360577,0.00871062,0.0259568,1.02169,0.0002,2.92204e-42,-5.43379e-34,5.52885e-42,0.0002,-5.47762e-34,-5.43404e-34,-5.47643e-34,0.0002,0
-0.663379,-0.378176,1.60022,-0.663727,-0.378307,1.5991,-0.000478584,0.00869579,0.0256766,1.02169,0.0002,1.87011e-42,-3.47763e-34,3.53846e-42,0.0002,-3.50568e-34,-3.47779e-34,-3.50492e-34,0.0002,0
-0.663451,-0.378197,1.59999,-0.663743,-0.378285,1.59908,-0.000551346,0.00867386,0.0254499,1.02884,0.0002,1.19687e-42,-2.22568e-34,2.26462e-42,0.0002,-2.24363e-34,-2.22578e-34,-2.24315e-34,0.0002,0
-0.66351,-0.378215,1.59981,-0.663744,-0.378285,1.59907,-0.000609809,0.00865629,0.0252656,1.02169,0.0002,7.65996e-43,-1.42444e-34,1.44935e-42,0.0002,-1.43593e-34,-1.4245e-34,-1.43561e-34,0.0002,0
-0.663552,-0.378232,1.59967,-0.66372,-0.378299,1.59911,-0.000683696,0.00866151,0.0251159,1.01455,0.0002,4.90238e-43,-9.11639e-35,9.27587e-43,0.0002,-9.18993e-35,-9.11681e-35,-9.18793e-35,0.0002,0
-0.663285,-0.378682,1.59897,-0.66232,-0.380593,1.59566,-0.000416732,0.00821117,0.0244181,1.05203,0.0002,-7.58861e-14,-3.50064e-09,-7.58861e-14,0.0002,3.30328e-09,-3.50064e-09,3.30328e-09,0.0002,0
-0.663058,-0.379015,1.59834,-0.662356,-0.380564,1.59581,-0.000157931,0.00789571,0.0237465,1.03506,0.0002,-5.40498e-13,-9.23623e-09,-5.40498e-13,0.0002,8.72645e-09,-9.23623e-09,8.72645e-09,0.0002,0
-0.662879,-0.379111,1.59803,-0.662347,-0.380564,1.59578,2.09608e-05,0.00779964,0.0234416,1.03013,0.0002,-3.10091e-12,-4.01212e-08,-3.10091e-12,0.0002,1.14431e-08,-4.01212e-08,1.14431e-08,0.0002,0
-0.662738,-0.379143,1.598,-0.662355,-0.380553,1.5958,0.0001615,0.00776742,0.0234101,1.03506,0.0002,-6.20262e-12,-6.66914e-08,-6.20262e-12,0.0002,1.29945e-08,-6.66914e-08,1.29945e-08,0.0002,0
-0.662791,-0.379138,1.59753,-0.662323,-0.380591,1.59568,8.94569e-05,0.00779113,0.0229252,1.04473,0.0002,6.692e-12,-8.97569e-08,6.692e-12,0.0002,-1.33924e-08,-8.97569e-08,-1.33924e-08,0.0002,0
-0.662736,-0.378322,1.59491,-0.662133,-0.377704,1.58597,0.000144545,0.00860804,0.0203009,0.494884,0.0002,2.00557e-11,-1.42231e-07,2.00557e-11,0.0002,-2.10195e-08,-1.42231e-07,-2.10195e-08,0.0002,0
-0.662681,-0.377311,1.5928,-0.662375,-0.377311,1.58537,0.00020921,0.00962143,0.0181865,0.497779,0.0002,2.71794e-11,-2.2032e-07,2.71794e-11,0.0002,-1.65374e-08,-2.2032e-07,-1.65374e-08,0.0002,0
-0.662664,-0.376284,1.59106,-0.66261,-0.376962,1.58465,0.000226064,0.0106487,0.0164547,0.490846,0.000200001,2.60666e-11,-2.94195e-07,2.60666e-11,0.0002,-1.05306e-08,-2.94195e-07,-1.05306e-08,0.0002,0
-0.662685,-0.375065,1.58954,-0.66276,-0.376467,1.58397,0.000205368,0.0118673,0.0149331,0.477989,0.000200001,2.56152e-11,-3.89112e-07,2.56152e-11,0.0002,-7.38047e-09,-3.89112e-07,-7.38047e-09,0.0002,0
-0.662764,-0.373878,1.58795,-0.662857,-0.376041,1.58314,5.66778e-05,0.0123081,0.0143416,0.491828,0.000200002,4.48063e-11,-4.70151e-07,4.48063e-11,0.0002,-1.21873e-08,-4.70151e-07,-1.21873e-08,0.0002,0
-0.663197,-0.371063,1.59361,-0.664505,-0.367449,1.61728,-0.000376665,0.015124,0.0200014,0.419118,0.000200002,7.74831e-11,-5.45789e-07,7.74831e-11,0.0002,-1.87457e-08,-5.45789e-07,-1.87457e-08,0.000199999,0
-0.663487,-0.368745,1.59804,-0.664497,-0.367449,1.61731,-0.000422081,0.0138293,0.0216721,0.419118,0.000200003,7.36587e-11,-6.04569e-07,7.36587e-11,0.0002,-1.43187e-08,-6.04569e-07,-1.43187e-08,0.000199999,0
-0.663772,-0.366856,1.60155,-0.664529,-0.367268,1.61715,-0.000707818,0.0157183,0.0251838,0.419118,0.000200003,1.01261e-10,-6.41992e-07,1.01261e-10,0.0002,-1.94207e-08,-6.41992e-07,-1.94207e-08,0.000199999,0
-0.663971,-0.365254,1.60453,-0.664567,-0.367037,1.61697,-0.000906335,0.0173195,0.0281641,0.426471,0.000200004,1.00214e-10,-6.72913e-07,1.00214e-10,0.0002,-1.70525e-08,-6.72913e-07,-1.70525e-08,0.000199999,0
-0.664172,-0.363821,1.60696,-0.664647,-0.366589,1.61666,-0.000611455,0.0165194,0.0291803,0.433824,0.000200004,1.20107e-10,-7.02776e-07,1.20107e-10,0.0002,-2.00975e-08,-7.02776e-07,-2.00975e-08,0.000199999,0
-0.664372,-0.362516,1.60896,-0.664714,-0.366115,1.61642,-0.000811822,0.017824,0.0311771,0.441176,0.000200005,1.59025e-10,-7.31943e-07,1.59025e-10,0.0002,-2.65132e-08,-7.31943e-07,-2.65132e-08,0.000199998,0
-0.6638,-0.361046,1.60686,-0.661541,-0.363998,1.59591,0.000146279,0.0147519,0.031544,0.692351,0.000200005,1.27048e-10,-7.51103e-07,1.27048e-10,0.0002,-1.77255e-08,-7.51103e-07,-1.77255e-08,0.000199998,0
-0.663523,-0.359784,1.60495,-0.66193,-0.363658,1.59521,0.000422591,0.0160139,0.0296264,0.680396,0.000200005,1.82519e-10,-7.66144e-07,1.82519e-10,0.0002,-2.8603e-08,-7.66144e-07,-2.8603e-08,0.000199998,0
-0.663245,-0.358713,1.6031,-0.661869,-0.36336,1.59468,0.000700519,0.0170848,0.0277783,0.66982,0.000200005,1.90002e-10,-7.76041e-07,1.90002e-10,0.0002,-2.81406e-08,-7.76041e-07,-2.81406e-08,0.000199998,0
-0.663107,-0.357767,1.60095,-0.662402,-0.363024,1.59393,0.001492,0.0124132,0.0240944,0.664292,0.000200006,1.74669e-10,-7.85909e-07,1.74669e-10,0.0002,-2.38388e-08,-7.85909e-07,-2.38388e-08,0.000199998,0
-0.663047,-0.356967,1.59936,-0.662457,-0.3628,1.59349,0.00155207,0.0132134,0.0224968,0.656472,0.000200006,1.93963e-10,-7.9203e-07,1.93963e-10,0.0002,-2.7344e-08,-7.9203e-07,-2.7344e-08,0.000199998,0
-0.663094,-0.354188,1.5979,-0.663151,-0.352323,1.5926,0.00118826,0.0102911,0.0170811,0.908564,0.000200006,1.73476e-10,-8.02964e-07,1.73476e-10,0.0002,-2.25151e-08,-8.02964e-07,-2.25151e-08,0.000199998,0
-0.663223,-0.351924,1.59671,-0.663305,-0.352009,1.59193,0.00105876,0.0125545,0.015886,0.929641,0.000200006,2.07393e-10,-8.06289e-07,2.07393e-10,0.0002,-2.91459e-08,-8.06289e-07,-2.91459e-08,0.000199998,0
-0.663316,-0.349994,1.59567,-0.663463,-0.351631,1.59153,0.000966649,0.0144845,0.0148511,0.913606,0.000200006,1.98868e-10,-8.15415e-07,1.98868e-10,0.0002,-2.64121e-08,-8.15415e-07,-2.64121e-08,0.000199998,0
-0.663366,-0.348417,1.59452,-0.663572,-0.351257,1.59094,0.000741698,0.0101572,0.0155179,0.906845,0.000200006,1.5086e-10,-8.14628e-07,1.5086e-10,0.0002,-1.7303e-08,-8.14628e-07,-1.7303e-08,0.000199998,0
-0.663429,-0.347149,1.59427,-0.663592,-0.351116,1.59071,0.000678526,0.0114254,0.0152741,0.888735,0.000200006,1.29754e-10,-8.10639e-07,1.29754e-10,0.0002,-1.47202e-08,-8.10639e-07,-1.47202e-08,0.000199998,0
-0.663473,-0.346122,1.5941,-0.663669,-0.350952,1.5903,0.000515699,0.00692203,0.0154499,0.881643,0.000200006,9.52897e-11,-8.04767e-07,9.52897e-11,0.0002,-9.54917e-09,-8.04767e-07,-9.54917e-09,0.000199998,0
-0.663625,-0.343053,1.59522,-0.663804,-0.339701,1.59661,0.000363961,0.0099915,0.0165735,0.739998,0.000200006,1.4043e-10,-8.00681e-07,1.4043e-10,0.0002,-1.97994e-08,-8.00681e-07,-1.97994e-08,0.000199998,0
-0.663715,-0.340454,1.59549,-0.663953,-0.339314,1.59605,0.000273825,0.0125898,0.0168434,0.73251,0.000200006,1.26903e-10,-8.08517e-07,1.26903e-10,0.0002,-1.65394e-08,-8.08517e-07,-1.65394e-08,0.000199998,0
-0.663851,-0.338325,1.59564,-0.664059,-0.339057,1.59572,-9.66379e-06,0.00869132,0.0168321,0.720036,0.000200006,1.5232e-10,-8.13362e-07,1.5232e-10,0.0002,-2.13375e-08,-8.13362e-07,-2.13375e-08,0.000199998,0
-0.66399,-0.336539,1.59523,-0.664213,-0.338642,1.59514,-0.000149352,0.0104774,0.0164213,0.677179,0.000200006,1.72146e-10,-8.16467e-07,1.72146e-10,0.0002,-2.42991e-08,-8.16467e-07,-2.42991e-08,0.000199998,0
-0.664111,-0.335064,1.59447,-0.664371,-0.338309,1.59455,-0.000561796,0.00568224,0.0118245,0.684015,0.000200006,1.66916e-10,-8.15141e-07,1.66916e-10,0.0002,-2.24752e-08,-8.15141e-07,-2.24752e-08,0.000199998,0
-0.664006,-0.332005,1.59565,-0.663335,-0.328909,1.60244,-0.000456732,0.00874186,0.0130034,0.841995,0.000200006,1.61288e-10,-8.14295e-07,1.61288e-10,0.0002,-2.11622e-08,-8.14295e-07,-2.11622e-08,0.000199998,0
-0.663938,-0.329521,1.59655,-0.663409,-0.328728,1.60219,-0.000388373,0.0112258,0.0138956,0.835002,0.000200006,1.58447e-10,-8.13746e-07,1.58447e-10,0.0002,-2.06668e-08,-8.13746e-07,-2.06668e-08,0.000199998,0
-0.663844,-0.327472,1.59752,-0.663528,-0.328535,1.60194,-0.000640221,0.0105885,0.00989091,0.841612,0.000200006,1.04452e-10,-8.17048e-07,1.04452e-10,0.0002,-1.06049e-08,-8.17048e-07,-1.06049e-08,0.000199998,0
-0.663809,-0.325822,1.59811,-0.66362,-0.32837,1.60152,-0.000605152,0.0122387,0.0104826,0.832486,0.000200006,8.04894e-11,-8.15672e-07,8.04894e-11,0.0002,-7.72798e-09,-8.15672e-07,-7.72798e-09,0.000199998,0
-0.66377,-0.32449,1.59905,-0.663672,-0.328206,1.60125,-0.000555356,0.00725076,0.0232314,0.832486,0.000200006,4.60032e-11,-8.11482e-07,4.60032e-11,0.0002,-2.75311e-09,-8.11482e-07,-2.75311e-09,0.000199998,0
-0.663568,-0.321107,1.60053,-0.662792,-0.317046,1.60491,-0.000353989,0.0106335,0.024712,0.774439,0.000200006,2.35387e-11,-8.2241e-07,2.35387e-11,0.0002,-2.30835e-10,-8.2241e-07,-2.30835e-10,0.000199998,0
-0.663331,-0.318358,1.60169,-0.66282,-0.317061,1.60475,-0.000116191,0.013382,0.0258653,0.759181,0.000200006,-6.42579e-11,-8.36619e-07,-6.42579e-11,0.0002,1.43369e-08,-8.36619e-07,1.43369e-08,0.000199998,0
-0.663153,-0.316142,1.60258,-0.662879,-0.316975,1.60462,0.000365159,0.00975965,0.0259516,0.758988,0.000200007,-1.32074e-10,-8.4573e-07,-1.32074e-10,0.0002,2.33023e-08,-8.4573e-07,2.33023e-08,0.000199998,0
-0.663132,-0.314395,1.60251,-0.662951,-0.316767,1.60431,0.00038674,0.011507,0.0258824,0.74248,0.000200007,-8.96312e-11,-8.40823e-07,-8.96312e-11,0.0002,1.23538e-08,-8.40823e-07,1.23538e-08,0.000199998,0
-0.663021,-0.31293,1.60248,-0.663014,-0.316557,1.60392,0.000424067,0.00730111,0.0202131,0.755546,0.000200007,-1.46908e-10,-8.41617e-07,-1.46908e-10,0.0002,2.22306e-08,-8.41617e-07,2.22306e-08,0.000199998,0
-0.66303,-0.311726,1.60261,-0.66308,-0.316382,1.60363,0.000414886,0.00850502,0.0203382,0.741822,0.000200007,-1.16317e-10,-8.41699e-07,-1.16317e-10,0.0002,1.48754e-08,-8.41699e-07,1.48754e-08,0.000199998,0
-0.664265,-0.306473,1.60058,-0.669572,-0.295258,1.59241,-0.000819607,0.0137584,0.0183055,2.46565,0.000200007,-1.46079e-10,-8.52281e-07,-1.46079e-10,0.0002,1.99711e-08,-8.52281e-07,1.99711e-08,0.000199998,0
-0.665275,-0.302249,1.59917,-0.6696,-0.295041,1.59199,-0.00156749,0.0120786,0.0150338,2.47004,0.000200007,-1.53833e-10,-8.55532e-07,-1.53833e-10,0.0002,2.04489e-08,-8.55532e-07,2.04489e-08,0.000199998,0
-0.666115,-0.298837,1.59815,-0.669661,-0.294771,1.59195,-0.00240737,0.0154901,0.0140064,2.43864,0.000200007,-1.42497e-10,-8.54102e-07,-1.42497e-10,0.0002,1.78456e-08,-8.54102e-07,1.78456e-08,0.000199997,0
-0.666689,-0.296096,1.59737,-0.669714,-0.294616,1.59166,-0.0030786,0.0119232,0.0181803,2.43393,0.000200007,-2.29685e-10,-8.50256e-07,-2.29685e-10,0.0002,3.35601e-08,-8.50256e-07,3.35601e-08,0.000199997,0
-0.667194,-0.293919,1.59671,-0.669736,-0.294483,1.59147,-0.00358275,0.0140993,0.0175203,2.43967,0.000200007,-2.61135e-10,-8.40789e-07,-2.61135e-10,0.0002,3.72341e-08,-8.40789e-07,3.72341e-08,0.000199998,0
-0.665982,-0.292117,1.59857,-0.661499,-0.294284,1.60502,-0.0023715,0.0159013,0.0193851,0.690299,0.000200007,-2.6716e-10,-8.38026e-07,-2.6716e-10,0.0002,3.64051e-08,-8.38026e-07,3.64051e-08,0.000199998,0
-0.66498,-0.290659,1.59961,-0.661533,-0.294206,1.60482,-0.00189271,0.0109548,0.0140538,0.690299,0.000200007,-3.05415e-10,-8.36462e-07,-3.05415e-10,0.0002,4.22745e-08,-8.36462e-07,4.22745e-08,0.000199998,0
-0.664168,-0.289449,1.60031,-0.661579,-0.2941,1.60469,-0.00108038,0.0121647,0.0147551,0.683763,0.000200007,-3.52445e-10,-8.38977e-07,-3.52445e-10,0.0002,4.90632e-08,-8.38977e-07,4.90632e-08,0.000199998,0
-0.663608,-0.288464,1.60105,-0.661604,-0.294003,1.60451,-0.000734586,0.00693517,0.0165382,0.670691,0.000200007,-3.11692e-10,-8.40207e-07,-3.11692e-10,0.0002,3.9509e-08,-8.40207e-07,3.9509e-08,0.000199998,0
-0.663101,-0.287635,1.60149,-0.661617,-0.29391,1.60429,-0.000227221,0.00776485,0.0169772,0.681498,0.000200007,-3.33369e-10,-8.44708e-07,-3.33369e-10,0.0002,4.33146e-08,-8.44708e-07,4.33146e-08,0.000199998,0
-0.662374,-0.284779,1.6013,-0.660442,-0.283176,1.6016,0.000764708,0.00750963,0.0173602,0.878978,0.000200007,-4.27336e-10,-8.54813e-07,-4.27336e-10,0.0002,5.90153e-08,-8.54813e-07,5.90153e-08,0.000199998,0
-0.661885,-0.282493,1.60121,-0.66059,-0.28305,1.60137,0.0012537,0.00979606,0.017269,0.866158,0.000200007,-4.43994e-10,-8.57567e-07,-4.43994e-10,0.0002,5.89798e-08,-8.57567e-07,5.89798e-08,0.000199997,0
-0.66145,-0.280615,1.60117,-0.660689,-0.282924,1.60103,0.00168874,0.0116736,0.0172326,0.851503,0.000200007,-5.1337e-10,-8.63042e-07,-5.1337e-10,0.0002,6.90471e-08,-8.63042e-07,6.90471e-08,0.000199997,0
-0.661117,-0.279086,1.60131,-0.660765,-0.282786,1.60085,0.00180878,0.00773652,0.0175943,0.83976,0.000200007,-5.66767e-10,-8.66553e-07,-5.66767e-10,0.0002,7.54202e-08,-8.66553e-07,7.54202e-08,0.000199997,0
-0.660794,-0.277865,1.60149,-0.660808,-0.282705,1.60065,0.00213129,0.00895713,0.0177712,0.82694,0.000200007,-6.63348e-10,-8.65723e-07,-6.63348e-10,0.0002,8.9724e-08,-8.65723e-07,8.9724e-08,0.000199997,0
-0.66054,-0.276918,1.6014,-0.66083,-0.282641,1.60051,0.00238591,0.00990386,0.0176775,0.820529,0.000200007,-7.34307e-10,-8.58384e-07,-7.34307e-10,0.0002,9.91137e-08,-8.58384e-07,9.91137e-08,0.000199997,0
-0.660209,-0.273254,1.60062,-0.660005,-0.267888,1.59697,0.00167631,0.00697088,0.0174362,0.520129,0.000200007,-7.45325e-10,-8.46671e-07,-7.45325e-10,0.0002,9.85573e-08,-8.46671e-07,9.85573e-08,0.000199997,0
-0.659942,-0.270211,1.59961,-0.66009,-0.26765,1.59663,0.00194395,0.0100138,0.0164324,0.517957,0.000200007,-7.76624e-10,-8.4944e-07,-7.76624e-10,0.0002,1.01649e-07,-8.4944e-07,1.01649e-07,0.000199997,0
-0.659741,-0.267682,1.5987,-0.660159,-0.267384,1.5961,0.0015027,0.00615383,0.0195829,0.517341,0.000200007,-8.04858e-10,-8.57977e-07,-8.04858e-10,0.0002,1.03742e-07,-8.57977e-07,1.03742e-07,0.000199997,0
-0.659614,-0.265489,1.5979,-0.660435,-0.266861,1.59522,0.00162941,0.00834657,0.0187831,0.503067,0.000200007,-8.52083e-10,-8.7371e-07,-8.52083e-10,0.0002,1.08445e-07,-8.7371e-07,1.08445e-07,0.000199997,0
-0.659544,-0.2637,1.59688,-0.660492,-0.266578,1.59486,0.00169964,0.0101354,0.0177612,0.486252,0.000200007,-8.69064e-10,-8.80237e-07,-8.69064e-10,0.0002,1.08529e-07,-8.80237e-07,1.08529e-07,0.000199997,0
-0.659339,-0.260275,1.59681,-0.659858,-0.256294,1.59703,0.00158732,0.0076895,0.0146683,0.823303,0.000200007,-8.95697e-10,-8.74271e-07,-8.95697e-10,0.0002,1.12453e-07,-8.74271e-07,1.12453e-07,0.000199997,0
-0.659189,-0.257592,1.5969,-0.659946,-0.256149,1.59677,0.00173686,0.010373,0.0147648,0.810573,0.000200007,-9.06779e-10,-8.56852e-07,-9.06779e-10,0.0002,1.15263e-07,-8.56852e-07,1.15263e-07,0.000199997,0
-0.659068,-0.255455,1.59725,-0.66005,-0.256092,1.59654,0.001385,0.00668072,0.0172376,0.8044,0.000200007,-9.29968e-10,-8.42414e-07,-9.29968e-10,0.0002,1.2041e-07,-8.42414e-07,1.2041e-07,0.000199997,0
-0.658978,-0.253767,1.5977,-0.660089,-0.255993,1.59638,0.00147522,0.00836789,0.0176858,0.79481,0.000200007,-9.41513e-10,-8.26397e-07,-9.41513e-10,0.0002,1.23712e-07,-8.26397e-07,1.23712e-07,0.000199997,0
-0.658885,-0.252334,1.59799,-0.660189,-0.255794,1.59606,0.00156851,0.0098012,0.0179805,0.792169,0.000200006,-9.90173e-10,-8.2316e-07,-9.90173e-10,0.0002,1.32312e-07,-8.2316e-07,1.32312e-07,0.000199998,0
-0.658802,-0.25112,1.59785,-0.660253,-0.255565,1.59574,0.000275297,0.00499221,0.016061,0.779824,0.000200006,-1.04901e-09,-8.2458e-07,-1.04901e-09,0.0002,1.41152e-07,-8.2458e-07,1.41152e-07,0.000199998,0
-0.658249,-0.247686,1.59857,-0.657994,-0.243688,1.60092,0.000828679,0.00842596,0.0167785,0.650211,0.000200007,-1.14359e-09,-8.39258e-07,-1.14359e-09,0.0002,1.53363e-07,-8.39258e-07,1.53363e-07,0.000199998,0
-0.657755,-0.24492,1.59899,-0.658057,-0.2435,1.60068,0.000586073,0.00504201,0.0170214,0.644223,0.000200007,-1.27055e-09,-8.45571e-07,-1.27055e-09,0.0002,1.71294e-07,-8.45571e-07,1.71294e-07,0.000199997,0
-0.657356,-0.242643,1.59913,-0.658139,-0.243284,1.60021,0.000985253,0.00731945,0.0171617,0.638235,0.000200007,-1.39095e-09,-8.5313e-07,-1.39095e-09,0.0002,1.85987e-07,-8.5313e-07,1.85987e-07,0.000199997,0
-0.657081,-0.240804,1.599,-0.658147,-0.243191,1.60003,0.00126027,0.0091588,0.0170308,0.632247,0.000200007,-1.44425e-09,-8.57769e-07,-1.44425e-09,0.0002,1.88622e-07,-8.57769e-07,1.88622e-07,0.000199997,0
-0.656893,-0.239359,1.59875,-0.658207,-0.243003,1.59981,0.00055454,0.00509346,0.0117886,0.629165,0.000200007,-1.45172e-09,-8.50419e-07,-1.45172e-09,0.0002,1.87271e-07,-8.50419e-07,1.87271e-07,0.000199997,0
-0.656547,-0.233678,1.59629,-0.656845,-0.220571,1.58955,0.000900511,0.010774,0.00933049,2.26441,0.000200007,-1.3856e-09,-8.52115e-07,-1.3856e-09,0.0002,1.72767e-07,-8.52115e-07,1.72767e-07,0.000199997,0
-0.656294,-0.229084,1.5948,-0.656872,-0.220422,1.58935,-0.000393071,0.00971788,0.0139504,2.28398,0.000200007,-1.31805e-09,-8.5642e-07,-1.31805e-09,0.0002,1.60553e-07,-8.5642e-07,1.60553e-07,0.000199997,0
-0.656193,-0.225327,1.59375,-0.656959,-0.220217,1.58903,-0.000292067,0.0134748,0.0129025,2.29469,0.000200007,-1.1951e-09,-8.6559e-07,-1.1951e-09,0.0002,1.39346e-07,-8.6559e-07,1.39346e-07,0.000199997,0
-0.656151,-0.22231,1.59313,-0.657061,-0.22005,1.58859,-0.000250596,0.0164919,0.0122846,2.31167,0.000200007,-1.07756e-09,-8.67952e-07,-1.07756e-09,0.0002,1.2266e-07,-8.67952e-07,1.2266e-07,0.000199997,0
-0.65608,-0.219938,1.5926,-0.657095,-0.219835,1.58838,-0.000767985,0.0123748,0.00813967,2.30507,0.000200007,-1.01908e-09,-8.55989e-07,-1.01908e-09,0.0002,1.19292e-07,-8.55989e-07,1.19292e-07,0.000199997,0
-0.655445,-0.218201,1.59592,-0.654346,-0.220656,1.60712,-0.00013374,0.0141118,0.0114565,0.842476,0.000200007,-1.01646e-09,-8.48462e-07,-1.01646e-09,0.0002,1.24101e-07,-8.48462e-07,1.24101e-07,0.000199997,0
-0.654982,-0.216772,1.59816,-0.654328,-0.220669,1.60716,0.000329783,0.0155407,0.0137045,0.842476,0.000200007,-9.79735e-10,-8.50412e-07,-9.79735e-10,0.0002,1.19363e-07,-8.50412e-07,1.19363e-07,0.000199997,0
-0.654618,-0.215625,1.59974,-0.654352,-0.220651,1.60708,0.000693344,0.0166878,0.0152794,0.84819,0.000200007,-9.49022e-10,-8.51738e-07,-9.49022e-10,0.0002,1.15718e-07,-8.51738e-07,1.15718e-07,0.000199997,0
-0.654357,-0.214711,1.60067,-0.654385,-0.220564,1.60698,0.000954868,0.0176011,0.0162102,0.836762,0.000200007,-9.03365e-10,-8.49135e-07,-9.03365e-10,0.0002,1.09715e-07,-8.49135e-07,1.09715e-07,0.000199997,0
-0.654117,-0.213917,1.60158,-0.654436,-0.220467,1.60676,0.000821763,0.0158495,0.0185071,0.842476,0.000200007,-9.08749e-10,-8.54516e-07,-9.08749e-10,0.0002,1.12114e-07,-8.54516e-07,1.12114e-07,0.000199997,0
-0.653952,-0.213252,1.60239,-0.654458,-0.22042,1.60666,0.000986379,0.0165149,0.0193162,0.836762,0.000200007,-8.95779e-10,-8.61301e-07,-8.95779e-10,0.0002,1.09822e-07,-8.61301e-07,1.09822e-07,0.000199997,0
-0.653245,-0.210471,1.60155,-0.651615,-0.20917,1.59821,-0.000463967,0.00684127,0.0197093,0.806777,0.000200007,-8.84279e-10,-8.65683e-07,-8.84279e-10,0.0002,1.08019e-07,-8.65683e-07,1.08019e-07,0.000199997,0
-0.652634,-0.208238,1.60073,-0.651714,-0.209032,1.59799,0.000147252,0.00907444,0.0188926,0.806777,0.000200007,-9.33866e-10,-8.65362e-07,-9.33866e-10,0.0002,1.17479e-07,-8.65362e-07,1.17479e-07,0.000199997,0
-0.652239,-0.206417,1.60026,-0.651756,-0.209059,1.59783,0.000521341,0.00503766,0.0215154,0.784799,0.000200007,-9.00891e-10,-8.71524e-07,-9.00891e-10,0.0002,1.09894e-07,-8.71524e-07,1.09894e-07,0.000199997,0
-0.65191,-0.204946,1.59975,-0.651806,-0.208885,1.59774,0.000850123,0.00650862,0.0210108,0.801282,0.000200007,-8.92436e-10,-8.72145e-07,-8.92436e-10,0.0002,1.08735e-07,-8.72145e-07,1.08735e-07,0.000199997,0
-0.651693,-0.203846,1.59953,-0.651839,-0.208841,1.59759,0.00106734,0.00760787,0.0207854,0.803928,0.000200007,-8.4062e-10,-8.58727e-07,-8.4062e-10,0.0002,1.01665e-07,-8.58727e-07,1.01665e-07,0.000199997,0
-0.651037,-0.200947,1.60147,-0.649711,-0.198646,1.60772,0.000829858,0.00420596,0.0188635,0.587937,0.000200007,-8.56041e-10,-8.47032e-07,-8.56041e-10,0.0002,1.07473e-07,-8.47032e-07,1.07473e-07,0.000199997,0
-0.650541,-0.198555,1.60271,-0.649724,-0.198605,1.60764,0.0013262,0.00659754,0.0200955,0.587937,0.000200007,-8.53289e-10,-8.49713e-07,-8.53289e-10,0.0002,1.07012e-07,-8.49713e-07,1.07012e-07,0.000199997,0
-0.650196,-0.196585,1.60385,-0.649759,-0.198527,1.6074,0.000675252,0.00525693,0.0239914,0.566547,0.000200007,-8.13941e-10,-8.5807e-07,-8.13941e-10,0.0002,9.92356e-08,-8.5807e-07,9.92356e-08,0.000199997,0
-0.649822,-0.194955,1.60439,-0.649793,-0.198385,1.60707,0.00104885,0.00688632,0.0245312,0.566547,0.000200007,-8.79817e-10,-8.67404e-07,-8.79817e-10,0.0002,1.10916e-07,-8.67404e-07,1.10916e-07,0.000199997,0
-0.649558,-0.193606,1.60487,-0.649855,-0.19826,1.60679,0.0013131,0.00823555,0.0250101,0.571895,0.000200007,-9.14913e-10,-8.76695e-07,-9.14913e-10,0.0002,1.14663e-07,-8.76695e-07,1.14663e-07,0.000199997,0
-0.649297,-0.192482,1.6049,-0.649921,-0.198153,1.60657,0.00117449,0.00313639,0.0251794,0.58259,0.000200007,-1.00333e-09,-8.86391e-07,-1.00333e-09,0.0002,1.27121e-07,-8.86391e-07,1.27121e-07,0.000199997,0
-0.648685,-0.189029,1.60346,-0.647839,-0.185268,1.59771,0.00178711,0.00658964,0.0237419,0.696202,0.000200007,-1.04985e-09,-8.89101e-07,-1.04985e-09,0.0002,1.31674e-07,-8.89101e-07,1.31674e-07,0.000199997,0
-0.648286,-0.186252,1.60247,-0.647879,-0.18518,1.59747,0.00218603,0.0093668,0.0227513,0.68562,0.000200007,-1.00636e-09,-8.90328e-07,-1.00636e-09,0.0002,1.2136e-07,-8.90328e-07,1.2136e-07,0.000199997,0
-0.647955,-0.184017,1.60152,-0.647937,-0.185014,1.5972,0.00190422,0.00553746,0.0216395,0.680329,0.000200007,-9.89457e-10,-8.87778e-07,-9.89457e-10,0.0002,1.18629e-07,-8.87778e-07,1.18629e-07,0.000199997,0
-0.647613,-0.182198,1.60112,-0.647983,-0.184866,1.59695,0.00224644,0.00735673,0.0212435,0.680329,0.000200007,-1.05623e-09,-8.86555e-07,-1.05623e-09,0.0002,1.30626e-07,-8.86555e-07,1.30626e-07,0.000199997,0
-0.647365,-0.180759,1.6009,-0.648015,-0.184836,1.59688,0.0014009,0.00291888,0.0145258,0.680329,0.000200007,-1.08757e-09,-8.8225e-07,-1.08757e-09,0.0002,1.35093e-07,-8.8225e-07,1.35093e-07,0.000199997,0
-0.646398,-0.177245,1.60182,-0.644473,-0.172721,1.60292,0.00236778,0.00643243,0.0154471,0.443934,0.000200007,-1.16258e-09,-8.69586e-07,-1.16258e-09,0.0002,1.48584e-07,-8.69586e-07,1.48584e-07,0.000199997,0
-0.64571,-0.174372,1.60211,-0.64446,-0.17261,1.60275,0.00305618,0.00930558,0.0157355,0.443934,0.000200007,-1.14662e-09,-8.67885e-07,-1.14662e-09,0.0002,1.43276e-07,-8.67885e-07,1.43276e-07,0.000199997,0
-0.645167,-0.172047,1.60228,-0.644497,-0.17248,1.60249,0.00260708,0.00537289,0.0203445,0.435423,0.000200007,-1.13112e-09,-8.66811e-07,-1.13112e-09,0.0002,1.39789e-07,-8.66811e-07,1.39789e-07,0.000199997,0
-0.644745,-0.170168,1.60202,-0.644243,-0.172267,1.60199,0.00302924,0.00725189,0.0200783,0.430269,0.000200007,-1.05789e-09,-8.62392e-07,-1.05789e-09,0.0002,1.27524e-07,-8.62392e-07,1.27524e-07,0.000199997,0
-0.644411,-0.168637,1.6014,-0.64416,-0.172017,1.60154,0.00233553,0.00235378,0.0126941,0.412371,0.000200007,-9.80035e-10,-8.56034e-07,-9.80035e-10,0.0002,1.16578e-07,-8.56034e-07,1.16578e-07,0.000199997,0
-0.644187,-0.167334,1.60069,-0.64406,-0.171721,1.60096,0.00255942,0.0036571,0.0119832,0.412371,0.000200007,-8.66148e-10,-8.55036e-07,-8.66148e-10,0.0002,9.94912e-08,-8.55036e-07,9.94912e-08,0.000199997,0
-0.643974,-0.163187,1.59866,-0.643602,-0.156505,1.59313,0.00277213,0.00780423,0.00995429,0.768997,0.000200007,-7.25834e-10,-8.6429e-07,-7.25834e-10,0.0002,7.82305e-08,-8.6429e-07,7.82305e-08,0.000199997,0
-0.643786,-0.159802,1.59739,-0.643732,-0.156385,1.59281,0.00209666,0.00479532,0.0121498,0.768997,0.000200007,-6.61019e-10,-8.77183e-07,-6.61019e-10,0.0002,7.17181e-08,-8.77183e-07,7.17181e-08,0.000199997,0
-0.643677,-0.157085,1.59622,-0.643847,-0.156232,1.59257,0.0022054,0.00751216,0.0109801,0.742589,0.000200007,-5.96155e-10,-8.81912e-07,-5.96155e-10,0.0002,6.46926e-08,-8.81912e-07,6.46926e-08,0.000199997,0
-0.643575,-0.154841,1.59557,-0.643882,-0.156203,1.59244,0.00185498,0.00360417,0.0114571,0.737434,0.000200007,-5.72544e-10,-8.95216e-07,-5.72544e-10,0.0002,6.35881e-08,-8.95216e-07,6.35881e-08,0.000199997,0
-0.643433,-0.153051,1.59535,-0.644017,-0.156024,1.59188,0.00199699,0.00539433,0.0112372,0.737434,0.000200007,-6.35955e-10,-8.9727e-07,-6.35955e-10,0.0002,7.6708e-08,-8.9727e-07,7.6708e-08,0.000199997,0
-0.643287,-0.149976,1.59728,-0.643707,-0.147282,1.60399,0.00192033,0.00244267,0.0132235,0.767555,0.000200007,-6.62968e-10,-8.81467e-07,-6.62968e-10,0.0002,8.23218e-08,-8.81467e-07,8.23218e-08,0.000199997,0
-0.643235,-0.147581,1.59873,-0.643709,-0.147278,1.60397,0.00197264,0.0048379,0.0146658,0.767555,0.000200007,-6.1824e-10,-8.60934e-07,-6.1824e-10,0.0002,7.54248e-08,-8.60934e-07,7.54248e-08,0.000199997,0
-0.643263,-0.14564,1.59976,-0.643729,-0.14725,1.60391,0.00194477,0.00677909,0.0157035,0.77258,0.000200007,-5.24726e-10,-8.5094e-07,-5.24726e-10,0.0002,6.032e-08,-8.5094e-07,6.032e-08,0.000199997,0
-0.643208,-0.143948,1.60058,-0.643745,-0.147206,1.60384,0.00127452,0.00481611,0.018059,0.777485,0.000200007,-5.31382e-10,-8.65362e-07,-5.31382e-10,0.0002,6.33579e-08,-8.65362e-07,6.33579e-08,0.000199997,0
-0.643162,-0.142578,1.60102,-0.643729,-0.147121,1.60379,0.00132048,0.00618668,0.0184954,0.777485,0.000200007,-5.38423e-10,-8.74606e-07,-5.38423e-10,0.0002,6.51236e-08,-8.74606e-07,6.51236e-08,0.000199997,0
-0.642981,-0.138904,1.60145,-0.643104,-0.134348,1.60476,0.00150123,0.00985987,0.0189351,0.87962,0.000200007,-5.65274e-10,-8.84032e-07,-5.65274e-10,0.0002,6.94554e-08,-8.84032e-07,6.94554e-08,0.000199997,0
-0.64284,-0.135913,1.60202,-0.643112,-0.134297,1.60478,0.00160886,0.00651192,0.0161376,0.874669,0.000200007,-5.87861e-10,-8.96888e-07,-5.87861e-10,0.0002,7.17935e-08,-8.96888e-07,7.17935e-08,0.000199997,0
-0.642705,-0.133544,1.60234,-0.64311,-0.134313,1.60467,0.00174372,0.00888109,0.0164621,0.87962,0.000200008,-6.23841e-10,-9.0183e-07,-6.23841e-10,0.0002,7.66534e-08,-9.0183e-07,7.66534e-08,0.000199997,0
-0.642555,-0.13168,1.6024,-0.643116,-0.134266,1.60471,0.00120016,0.00413685,0.0164824,0.869719,0.000200007,-6.89552e-10,-8.98404e-07,-6.89552e-10,0.0002,8.67568e-08,-8.98404e-07,8.67568e-08,0.000199997,0
-0.642372,-0.130264,1.60251,-0.643129,-0.13433,1.60448,0.00138348,0.00555331,0.0165874,0.864768,0.000200007,-7.94997e-10,-8.86331e-07,-7.94997e-10,0.0002,1.03686e-07,-8.86331e-07,1.03686e-07,0.000199997,0
-0.642335,-0.129187,1.60309,-0.643161,-0.134275,1.6044,0.00108844,0.000150779,0.0182242,0.864768,0.000200007,-7.70634e-10,-8.67893e-07,-7.70634e-10,0.0002,9.76044e-08,-8.67893e-07,9.76044e-08,0.000199997,0
-0.642072,-0.125986,1.60386,-0.642292,-0.122696,1.60641,0.00135222,0.00335178,0.0189913,0.955344,0.000200007,-8.07113e-10,-8.59839e-07,-8.07113e-10,0.0002,1.03669e-07,-8.59839e-07,1.03669e-07,0.000199997,0
-0.64177,-0.123439,1.60486,-0.642265,-0.122779,1.60624,0.00165339,0.00589891,0.019986,0.954374,0.000200007,-9.09077e-10,-8.55197e-07,-9.09077e-10,0.0002,1.20765e-07,-8.55197e-07,1.20765e-07,0.000199997,0
-0.641518,-0.121322,1.60514,-0.642293,-0.122706,1.60627,0.0013498,0.00213982,0.01909,0.949258,0.000200007,-1.01355e-09,-8.62564e-07,-1.01355e-09,0.0002,1.34654e-07,-8.62564e-07,1.34654e-07,0.000199997,0
-0.641343,-0.119525,1.60525,-0.642303,-0.122718,1.60619,0.00152475,0.00393674,0.0191964,0.954185,0.000200007,-1.08651e-09,-8.84178e-07,-1.08651e-09,0.0002,1.39511e-07,-8.84178e-07,1.39511e-07,0.000199997,0
-0.641139,-0.118054,1.60566,-0.642302,-0.122669,1.60626,0.00172805,0.0054074,0.019607,0.945492,0.000200007,-1.20338e-09,-9.01793e-07,-1.20338e-09,0.0002,1.5254e-07,-9.01793e-07,1.5254e-07,0.000199997,0
-0.640292,-0.114337,1.60611,-0.638973,-0.110076,1.6074,0.00178662,0.00321877,0.0207084,0.650045,0.000200008,-1.31688e-09,-9.16604e-07,-1.31688e-09,0.0002,1.64067e-07,-9.16604e-07,1.64067e-07,0.000199997,0
-0.639632,-0.111512,1.60637,-0.638978,-0.110073,1.60741,0.00244693,0.00604388,0.0209687,0.650045,0.000200008,-1.36082e-09,-9.02175e-07,-1.36082e-09,0.0002,1.68774e-07,-9.02175e-07,1.68774e-07,0.000199997,0
-0.639035,-0.10921,1.60646,-0.63895,-0.109984,1.60733,0.00153528,0.00181812,0.0242667,0.651719,0.000200008,-1.45369e-09,-8.96713e-07,-1.45369e-09,0.0002,1.81829e-07,-8.96713e-07,1.81829e-07,0.000199997,0
-0.638556,-0.107316,1.60667,-0.638935,-0.109934,1.60702,0.0020143,0.00371194,0.0244817,0.617572,0.000200008,-1.52986e-09,-9.00044e-07,-1.52986e-09,0.0002,1.89829e-07,-9.00044e-07,1.89829e-07,0.000199997,0
-0.638182,-0.105759,1.60691,-0.63887,-0.109824,1.60685,0.00228846,0.00195737,0.0215949,0.641963,0.000200008,-1.56921e-09,-9.0548e-07,-1.56921e-09,0.0002,1.91313e-07,-9.0548e-07,1.91313e-07,0.000199997,0
-0.637499,-0.102119,1.60788,-0.637153,-0.0978668,1.60968,0.00297113,0.00559688,0.0225636,0.653661,0.000200008,-1.63678e-09,-9.09243e-07,-1.63678e-09,0.0002,1.98899e-07,-9.09243e-07,1.98899e-07,0.000199997,0
-0.636874,-0.099257,1.60831,-0.637082,-0.0978083,1.60952,0.00359634,0.00845913,0.0229944,0.648711,0.000200008,-1.73627e-09,-9.01872e-07,-1.73627e-09,0.0002,2.14146e-07,-9.01872e-07,2.14146e-07,0.000199997,0
-0.636401,-0.0970445,1.60862,-0.637019,-0.097762,1.60932,0.00270894,0.00443156,0.0252097,0.662825,0.000200007,-1.75389e-09,-8.83333e-07,-1.75389e-09,0.0002,2.17476e-07,-8.83333e-07,2.17476e-07,0.000199997,0
-0.636007,-0.0953158,1.60892,-0.636845,-0.0976458,1.60907,0.00310339,0.00616026,0.0255068,0.665499,0.000200007,-1.73109e-09,-8.61171e-07,-1.73109e-09,0.0002,2.16463e-07,-8.61171e-07,2.16463e-07,0.000199997,0
-0.635624,-0.0938236,1.60871,-0.636703,-0.0975339,1.6089,0.00348615,0.0076524,0.025296,0.660548,0.000200007,-1.76646e-09,-8.60832e-07,-1.76646e-09,0.0002,2.22166e-07,-8.60832e-07,2.22166e-07,0.000199997,0
-0.635409,-0.092613,1.60859,-0.636629,-0.0975349,1.60865,0.00281687,0.00307142,0.0225523,0.628172,0.000200007,-1.70106e-09,-8.63366e-07,-1.70106e-09,0.0002,2.08708e-07,-8.63366e-07,2.08708e-07,0.000199997,0
-0.634554,-0.089819,1.60744,-0.633653,-0.0884187,1.60437,0.00367226,0.00586548,0.0213974,0.600743,0.000200007,-1.72647e-09,-8.65473e-07,-1.72647e-09,0.0002,2.13815e-07,-8.65473e-07,2.13815e-07,0.000199997,0
-0.633851,-0.0875517,1.60642,-0.633668,-0.0883673,1.60443,0.00283774,0.00176699,0.0215408,0.624811,0.000200007,-1.77357e-09,-8.70241e-07,-1.77357e-09,0.0002,2.20763e-07,-8.70241e-07,2.20763e-07,0.000199997,0
-0.633376,-0.0857053,1.60559,-0.633675,-0.0883998,1.60435,0.00331323,0.00361345,0.0207131,0.605718,0.000200007,-1.74217e-09,-8.79532e-07,-1.74217e-09,0.0002,2.11688e-07,-8.79532e-07,2.11688e-07,0.000199997,0
-0.633019,-0.0842028,1.60504,-0.633688,-0.088375,1.60437,0.00279195,-0.00044179,0.0186982,0.609886,0.000200007,-1.70073e-09,-8.88713e-07,-1.70073e-09,0.0002,2.02587e-07,-8.88713e-07,2.02587e-07,0.000199997,0
-0.632776,-0.0829964,1.60458,-0.633693,-0.0883445,1.60431,0.00303466,0.000764678,0.0182426,0.605718,0.000200007,-1.62827e-09,-8.94321e-07,-1.62827e-09,0.0002,1.9014e-07,-8.94321e-07,1.9014e-07,0.000199997,0
-0.632232,-0.0794323,1.60353,-0.631971,-0.0749227,1.60191,0.00357847,0.00432871,0.0171903,0.536983,0.000200007,-1.55907e-09,-8.84261e-07,-1.55907e-09,0.0002,1.82858e-07,-8.84261e-07,1.82858e-07,0.000199997,0
-0.631898,-0.0766048,1.60382,-0.631957,-0.0749154,1.60186,0.00231248,0.000864448,0.0219384,0.536983,0.000200007,-1.40478e-09,-8.73875e-07,-1.40478e-09,0.0002,1.61188e-07,-8.73875e-07,1.61188e-07,0.000199997,0
-0.631602,-0.0743533,1.60391,-0.631927,-0.0748652,1.6017,0.00260794,0.00311601,0.0220328,0.541814,0.000200007,-1.30323e-09,-8.63947e-07,-1.30323e-09,0.0002,1.50787e-07,-8.63947e-07,1.50787e-07,0.000199997,0
-0.631441,-0.0724439,1.60391,-0.631863,-0.074736,1.60133,0.00148651,-0.00114111,0.024303,0.551476,0.000200007,-1.16027e-09,-8.70745e-07,-1.16027e-09,0.0002,1.30037e-07,-8.70745e-07,1.30037e-07,0.000199997,0
-0.631312,-0.0709607,1.6037,-0.631873,-0.0747448,1.6013,0.00161495,0.000342133,0.0240906,0.541814,0.000200007,-1.0473e-09,-8.68283e-07,-1.0473e-09,0.0002,1.17067e-07,-8.68283e-07,1.17067e-07,0.000199997,0
-0.631194,-0.0697398,1.60299,-0.631896,-0.0746832,1.60117,0.00173331,0.00156306,0.023378,0.536983,0.000200007,-9.86448e-10,-8.70192e-07,-9.86448e-10,0.0002,1.12324e-07,-8.70192e-07,1.12324e-07,0.000199997,0
-0.63083,-0.0663084,1.60333,-0.630217,-0.0625077,1.60521,0.00118622,-0.00136688,0.0244292,0.557375,0.000200007,-8.87588e-10,-8.74465e-07,-8.87588e-10,0.0002,9.91577e-08,-8.74465e-07,9.91577e-08,0.000199997,0
-0.630531,-0.0635308,1.60325,-0.630276,-0.062455,1.605,0.00148532,0.00141074,0.0243498,0.552563,0.000200007,-8.34103e-10,-8.80709e-07,-8.34103e-10,0.0002,9.40391e-08,-8.80709e-07,9.40391e-08,0.000199997,0
-0.630361,-0.0612332,1.60321,-0.630295,-0.0623858,1.60462,0.00163297,0.000382503,0.0206627,0.547732,0.000200007,-7.39722e-10,-8.94585e-07,-7.39722e-10,0.0002,8.02151e-08,-8.94585e-07,8.02151e-08,0.000199997,0
-0.630213,-0.0593991,1.60323,-0.630348,-0.0623026,1.60434,0.00178069,0.00221658,0.0206812,0.534099,0.000200007,-6.85955e-10,-9.00174e-07,-6.85955e-10,0.0002,7.48482e-08,-9.00174e-07,7.48482e-08,0.000199997,0
-0.630207,-0.0579442,1.6033,-0.63038,-0.0622404,1.6041,0.00178715,0.00367153,0.0207523,0.534099,0.000200008,-5.45035e-10,-8.99804e-07,-5.45035e-10,0.0002,5.44672e-08,-8.99804e-07,5.44672e-08,0.000199997,0
-0.630289,-0.0543489,1.60544,-0.630553,-0.050291,1.61347,0.00138359,0.00145065,0.0244195,0.620239,0.000200008,-3.9591e-10,-9.06149e-07,-3.9591e-10,0.0002,3.42915e-08,-9.06149e-07,3.42915e-08,0.000199997,0
-0.630387,-0.0515618,1.60719,-0.630506,-0.050303,1.61369,0.00128562,0.00423772,0.0261741,0.644394,0.000200008,-2.38325e-10,-8.96367e-07,-2.38325e-10,0.0002,1.4344e-08,-8.96367e-07,1.4344e-08,0.000199997,0
-0.630428,-0.0493302,1.60838,-0.630525,-0.0503004,1.61363,0.00063837,6.31496e-05,0.0277873,0.639563,0.000200007,-1.57581e-10,-8.90342e-07,-1.57581e-10,0.0002,7.90655e-09,-8.90342e-07,7.90655e-09,0.000199997,0
-0.630404,-0.0475179,1.60961,-0.630544,-0.0502833,1.61349,0.00066324,0.00187549,0.0290168,0.639563,0.000200007,-1.56398e-10,-8.9027e-07,-1.56398e-10,0.0002,1.3363e-08,-8.9027e-07,1.3363e-08,0.000199997,0
-0.63041,-0.0460818,1.61046,-0.630569,-0.0502419,1.61338,0.000656485,0.00331159,0.0298746,0.649225,0.000200007,-1.39036e-10,-8.867e-07,-1.39036e-10,0.0002,1.32343e-08,-8.867e-07,1.32343e-08,0.000199997,0
-0.630429,-0.0449158,1.61069,-0.63063,-0.0501565,1.61312,0.000474055,-0.00167358,0.027996,0.658887,0.000200007,-1.2714e-10,-8.84417e-07,-1.2714e-10,0.0002,1.30441e-08,-8.84417e-07,1.30441e-08,0.000199997,0
-0.630247,-0.041358,1.61144,-0.62931,-0.0371245,1.61549,0.000656231,0.00188429,0.0287496,0.744745,0.000200007,-5.88392e-11,-8.85954e-07,-5.88392e-11,0.0002,2.47441e-09,-8.85954e-07,2.47441e-09,0.000199997,0
-0.630075,-0.0384934,1.61215,-0.629274,-0.0371435,1.61553,0.000943151,-0.00174762,0.0287639,0.744745,0.000200007,-2.29867e-11,-8.9047e-07,-2.29867e-11,0.0002,-1.30996e-09,-8.9047e-07,-1.30996e-09,0.000199997,0
-0.629975,-0.0361692,1.61258,-0.629354,-0.0370826,1.61533,0.00104223,0.000576566,0.0291909,0.742056,0.000200007,2.546e-11,-8.96619e-07,2.546e-11,0.0002,-7.4614e-09,-8.96619e-07,-7.4614e-09,0.000199997,0
-0.62991,-0.0342864,1.61284,-0.629424,-0.0369651,1.6149,0.00110748,0.00245939,0.0294472,0.747088,0.000200008,6.30741e-11,-9.00552e-07,6.30741e-11,0.0002,-1.15378e-08,-9.00552e-07,-1.15378e-08,0.000199997,0
-0.629844,-0.0327866,1.61352,-0.629467,-0.0368959,1.6147,0.00112103,-0.00279605,0.0316992,0.751919,0.000200008,7.14663e-11,-8.99807e-07,7.14663e-11,0.0002,-1.08971e-08,-8.99807e-07,-1.08971e-08,0.000199997,0
-0.629956,-0.0290306,1.61396,-0.630496,-0.0243361,1.61315,0.00100962,0.000960023,0.0321437,0.510648,0.000200008,3.98579e-11,-9.06421e-07,3.98579e-11,0.0002,-4.28628e-09,-9.06421e-07,-4.28628e-09,0.000199997,0
-0.630069,-0.0260887,1.61419,-0.630523,-0.0243277,1.61304,0.000896086,0.00390191,0.0323729,0.501124,0.000200008,3.14733e-11,-9.00307e-07,3.14733e-11,0.0002,-3.11372e-09,-9.00307e-07,-3.11372e-09,0.000199997,0
-0.630148,-0.0237062,1.61426,-0.630562,-0.0242935,1.61298,0.000720296,-0.000272805,0.0322612,0.510648,0.000200008,6.11754e-12,-8.99943e-07,6.11754e-12,0.0002,8.55849e-10,-8.99943e-07,8.55849e-10,0.000199997,0
-0.630259,-0.0218814,1.61406,-0.630612,-0.0242656,1.61272,0.000608536,0.00155193,0.0320569,0.505886,0.000200007,2.23598e-11,-8.85812e-07,2.23598e-11,0.0002,-2.74888e-09,-8.85812e-07,-2.74888e-09,0.000199997,0
-0.630384,-0.0203046,1.61372,-0.63066,-0.0242072,1.61238,0.000426303,-0.000322701,0.0317716,0.505886,0.000200007,5.98182e-11,-8.93623e-07,5.98182e-11,0.0002,-9.08856e-09,-8.93623e-07,-9.08856e-09,0.000199997,0
-0.630478,-0.0190516,1.6135,-0.630749,-0.024148,1.61211,0.000331767,0.000930283,0.0315524,0.502248,0.000200007,6.83034e-11,-8.9537e-07,6.83034e-11,0.0002,-9.532e-09,-8.9537e-07,-9.532e-09,0.000199997,0
-0.630347,-0.0154051,1.61139,-0.629965,-0.0109365,1.60348,-0.000172194,-0.00480975,0.0309449,0.658654,0.000200008,3.32387e-11,-8.96779e-07,3.32387e-11,0.0002,-2.8607e-09,-8.96779e-07,-2.8607e-09,0.000199997,0
-0.630295,-0.0124233,1.60966,-0.630024,-0.0108172,1.60322,-0.000120233,-0.00182793,0.0292061,0.673077,0.000200008,4.26455e-11,-9.04199e-07,4.26455e-11,0.0002,-4.98527e-09,-9.04199e-07,-4.98527e-09,0.000199997,0
-0.630257,-0.0100388,1.60843,-0.630052,-0.0108219,1.60302,-8.18806e-05,0.000556608,0.0279821,0.644231,0.000200008,4.7801e-11,-9.08952e-07,4.7801e-11,0.0002,-5.85618e-09,-9.08952e-07,-5.85618e-09,0.000199997,0
-0.630247,-0.00818733,1.60773,-0.630074,-0.0107803,1.60284,0.000303025,-0.00038438,0.0256977,0.658654,0.000200008,6.76956e-11,-9.01664e-07,6.76956e-11,0.0002,-9.14892e-09,-9.01664e-07,-9.14892e-09,0.000199997,0
-0.630189,-0.00678584,1.60693,-0.630052,-0.0107612,1.60269,0.000361153,0.00101711,0.0248977,0.653846,0.000200007,3.80357e-11,-8.83654e-07,3.80357e-11,0.0002,-3.63998e-09,-8.83654e-07,-3.63998e-09,0.000199997,0
-0.630273,-0.00312864,1.60768,-0.630451,0.00192686,1.61174,-0.00024581,-0.00197404,0.0284336,0.685446,0.000200007,5.13139e-11,-8.71881e-07,5.13139e-11,0.0002,-6.51261e-09,-8.71881e-07,-6.51261e-09,0.000199997,0
-0.63035,-0.000199952,1.60808,-0.630501,0.00194161,1.61173,-0.000323483,0.000954644,0.028829,0.685446,0.000200007,6.29046e-11,-8.64344e-07,6.29046e-11,0.0002,-8.5034e-09,-8.64344e-07,-8.5034e-09,0.000199997,0
-0.630423,0.00218886,1.60838,-0.630546,0.00195844,1.61165,-0.000396549,0.00334346,0.0291295,0.685446,0.000200007,7.44383e-11,-8.66321e-07,7.44383e-11,0.0002,-1.01488e-08,-8.66321e-07,-1.01488e-08,0.000199997,0
-0.630511,0.00415096,1.60877,-0.630686,0.00200116,1.61136,-0.000438678,-0.00115208,0.0281194,0.685446,0.000200007,8.62468e-11,-8.74385e-07,8.62468e-11,0.0002,-1.1631e-08,-8.74385e-07,-1.1631e-08,0.000199997,0
-0.630562,0.00578423,1.60902,-0.630789,0.00209842,1.61104,-0.000489017,0.00048119,0.0283676,0.680751,0.000200007,5.84901e-11,-8.86603e-07,5.84901e-11,0.0002,-6.15913e-09,-8.86603e-07,-6.15913e-09,0.000199997,0
-0.630878,0.00970327,1.60997,-0.631943,0.0151688,1.61379,-0.000589745,-0.00178061,0.0289625,0.577895,0.000200007,7.64368e-11,-8.94162e-07,7.64368e-11,0.0002,-9.62462e-09,-8.94162e-07,-9.62462e-09,0.000199997,0
-0.6311,0.0128378,1.61074,-0.631996,0.0151571,1.61382,-0.000811821,0.00135394,0.0297331,0.573178,0.000200007,5.29715e-11,-8.99261e-07,5.29715e-11,0.0002,-5.35312e-09,-8.99261e-07,-5.35312e-09,0.000199997,0
-0.63135,0.0153692,1.61166,-0.632033,0.0151823,1.61379,-0.00106203,0.00388532,0.030654,0.582769,0.000200008,9.7754e-11,-9.05514e-07,9.7754e-11,0.0002,-1.33372e-08,-9.05514e-07,-1.33372e-08,0.000199997,0
-0.631452,0.0173042,1.61247,-0.632091,0.0152415,1.6136,-0.000788861,-0.000469278,0.0260353,0.578052,0.000200007,3.02899e-11,-8.93207e-07,3.02899e-11,0.0002,-1.08745e-09,-8.93207e-07,-1.08745e-09,0.000199997,0
-0.631649,0.0188368,1.61274,-0.632136,0.015293,1.61333,-0.000985767,0.00106337,0.0263119,0.578052,0.000200007,7.5478e-11,-8.81222e-07,7.5478e-11,0.0002,-1.02368e-08,-8.81222e-07,-1.02368e-08,0.000199997,0
-0.631769,0.0200362,1.61248,-0.63217,0.015363,1.61301,-0.00110612,0.00226275,0.0260545,0.578633,0.000200007,7.02746e-11,-8.67037e-07,7.02746e-11,0.0002,-8.93422e-09,-8.67037e-07,-8.93422e-09,0.000199997,0
-0.631567,0.023687,1.6111,-0.630997,0.0280623,1.60658,-0.00157625,-0.000557436,0.0243361,0.716981,0.000200007,1.35134e-11,-8.82184e-07,1.35134e-11,0.0002,1.15275e-09,-8.82184e-07,1.15275e-09,0.000199997,0
-0.631426,0.0266325,1.61002,-0.630998,0.0280851,1.60621,-0.00143507,0.00238807,0.0232553,0.693396,0.000200007,-1.44333e-11,-8.95133e-07,-1.44333e-11,0.0002,4.48318e-09,-8.95133e-07,4.48318e-09,0.000199997,0
-0.63127,0.029054,1.6089,-0.630993,0.0281901,1.60598,-0.0013084,-0.0013382,0.0235766,0.70283,0.000200008,-7.76255e-11,-9.10481e-07,-7.76255e-11,0.0002,1.35947e-08,-9.10481e-07,1.35947e-08,0.000199997,0
-0.631188,0.0310488,1.60772,-0.630997,0.0282738,1.60559,-0.00122681,0.000656593,0.0223976,0.707547,0.000200008,-8.81352e-11,-9.26834e-07,-8.81352e-11,0.0002,1.28343e-08,-9.26834e-07,1.28343e-08,0.000199997,0
-0.631187,0.0325966,1.60721,-0.631023,0.0283642,1.6052,-0.000917714,-0.0042802,0.0238248,0.70283,0.000200008,-3.47895e-11,-9.26719e-07,-3.47895e-11,0.0002,2.70457e-09,-9.26719e-07,2.70457e-09,0.000199997,0
-0.631548,0.0362641,1.60802,-0.633037,0.0409274,1.6102,-0.00127799,-0.000612761,0.0246311,0.612538,0.000200008,-3.58471e-11,-9.13291e-07,-3.58471e-11,0.0002,3.60426e-09,-9.13291e-07,3.60426e-09,0.000199997,0
-0.631798,0.0391574,1.60887,-0.633064,0.0409287,1.61019,-0.00152813,0.00228053,0.025481,0.612538,0.000200008,-7.6642e-11,-8.98155e-07,-7.6642e-11,0.0002,1.08977e-08,-8.98155e-07,1.08977e-08,0.000199997,0
-0.631981,0.0414162,1.60922,-0.63309,0.0409641,1.61008,-0.00189008,-0.00151358,0.0278475,0.612668,0.000200007,-1.28476e-10,-8.784e-07,-1.28476e-10,0.0002,1.92114e-08,-8.784e-07,1.92114e-08,0.000199997,0
-0.632202,0.0432509,1.60936,-0.633144,0.0410084,1.60992,-0.00211185,0.000321145,0.0279885,0.617341,0.000200007,-1.08801e-10,-8.68768e-07,-1.08801e-10,0.0002,1.41331e-08,-8.68768e-07,1.41331e-08,0.000199997,0
-0.63235,0.0447701,1.60922,-0.633197,0.0410448,1.60968,-0.00225928,0.00184036,0.0278471,0.609098,0.000200007,-1.29991e-10,-8.69666e-07,-1.29991e-10,0.0002,1.74601e-08,-8.69666e-07,1.74601e-08,0.000199997,0
-0.632236,0.0485137,1.60904,-0.632033,0.0534734,1.60938,-0.00232307,-0.000769656,0.0271028,0.717703,0.000200007,-1.46114e-10,-8.77041e-07,-1.46114e-10,0.0002,1.9374e-08,-8.77041e-07,1.9374e-08,0.000199997,0
-0.632164,0.051529,1.60878,-0.632018,0.0534732,1.60927,-0.00225107,0.00224561,0.0268374,0.703349,0.000200007,-1.38843e-10,-8.8503e-07,-1.38843e-10,0.0002,1.71665e-08,-8.8503e-07,1.71665e-08,0.000199997,0
-0.632087,0.0540576,1.60888,-0.632008,0.0535199,1.60929,-0.00201747,0.00171587,0.0274705,0.732057,0.000200008,-1.50206e-10,-9.07277e-07,-1.50206e-10,0.0002,1.84687e-08,-9.07277e-07,1.84687e-08,0.000199997,0
-0.632099,0.0560697,1.60881,-0.632064,0.0535842,1.60906,-0.00202969,0.00372795,0.0274028,0.732057,0.000200008,-9.81461e-11,-9.17727e-07,-9.81461e-11,0.0002,9.23754e-09,-9.17727e-07,9.23754e-09,0.000199997,0
-0.632082,0.0577378,1.60869,-0.632137,0.0536562,1.60872,-0.00201286,0.00539613,0.0272816,0.741627,0.000200008,-9.61808e-11,-9.31473e-07,-9.61808e-11,0.0002,9.89642e-09,-9.31473e-07,9.89642e-09,0.000199997,0
-0.632121,0.0588747,1.60875,-0.632233,0.0537388,1.60847,-0.00198146,0.000110279,0.0274212,0.741627,0.000200008,-6.03755e-11,-9.06005e-07,-6.03755e-11,0.0002,4.76283e-09,-9.06005e-07,4.76283e-09,0.000199997,0
-0.632286,0.0622328,1.607,-0.632848,0.0663042,1.59893,-0.00214654,0.00346831,0.0256656,0.708399,0.000200007,-1.56442e-11,-8.79373e-07,-1.56442e-11,0.0002,-1.59199e-09,-8.79373e-07,-1.59199e-09,0.000199997,0
-0.632416,0.0649681,1.60566,-0.63295,0.0664385,1.59879,-0.00220082,-0.000439317,0.0218746,0.751053,0.000200007,-3.72207e-12,-8.65861e-07,-3.72207e-12,0.0002,-1.89537e-09,-8.65861e-07,-1.89537e-09,0.000199997,0
-0.632516,0.0672284,1.60447,-0.633027,0.066476,1.59867,-0.00229989,0.00182097,0.0206842,0.755792,0.000200007,-1.558e-11,-8.67538e-07,-1.558e-11,0.0002,1.3957e-09,-8.67538e-07,1.3957e-09,0.000199997,0
-0.632611,0.0690846,1.60329,-0.633107,0.0665031,1.59853,-0.00299103,-0.00242286,0.0236261,0.760531,0.000200007,-2.75078e-11,-8.7541e-07,-2.75078e-11,0.0002,3.72696e-09,-8.7541e-07,3.72696e-09,0.000199997,0
-0.632634,0.0705955,1.60241,-0.633166,0.066517,1.59838,-0.00301441,-0.000911913,0.0227495,0.7607,0.000200007,-9.79828e-11,-8.84179e-07,-9.79828e-11,0.0002,1.56515e-08,-8.84179e-07,1.56515e-08,0.000199997,0
-0.632509,0.0744442,1.60348,-0.632398,0.0795033,1.60827,-0.00288898,0.00293676,0.0238181,0.738318,0.000200007,-1.56324e-10,-8.96579e-07,-1.56324e-10,0.0002,2.34367e-08,-8.96579e-07,2.34367e-08,0.000199997,0
-0.63247,0.0775255,1.60453,-0.632378,0.0794189,1.60873,-0.00284218,0.00280874,0.0273077,0.738318,0.000200008,-1.38273e-10,-9.07599e-07,-1.38273e-10,0.0002,1.77072e-08,-9.07599e-07,1.77072e-08,0.000199997,0
-0.632411,0.0799706,1.60547,-0.632337,0.0794221,1.60873,-0.00278255,0.00525387,0.0282508,0.738318,0.000200008,-1.3972e-10,-9.11368e-07,-1.3972e-10,0.0002,1.71634e-08,-9.11368e-07,1.71634e-08,0.000199997,0
-0.632455,0.0818538,1.60593,-0.632379,0.0794978,1.6083,-0.00255017,-0.00213807,0.0219622,0.733645,0.000200008,-5.97603e-11,-8.99709e-07,-5.97603e-11,0.0002,3.45418e-09,-8.99709e-07,3.45418e-09,0.000199997,0
-0.632442,0.0833001,1.60621,-0.632367,0.0796142,1.60786,-0.00253729,-0.000691789,0.0222448,0.733645,0.000200007,-3.87601e-11,-8.78877e-07,-3.87601e-11,0.0002,1.81328e-09,-8.78877e-07,1.81328e-09,0.000199997,0
-0.632347,0.0844115,1.6067,-0.632276,0.0796935,1.60761,-0.00244246,0.000419608,0.0227299,0.738318,0.000200007,-8.21951e-11,-8.55705e-07,-8.21951e-11,0.0002,1.11275e-08,-8.55705e-07,1.11275e-08,0.000199997,0
-0.632264,0.0879204,1.60763,-0.632007,0.0923746,1.60929,-0.00257223,0.000785641,0.0251519,0.752294,0.000200007,-7.57989e-11,-8.5424e-07,-7.57989e-11,0.0002,9.57262e-09,-8.5424e-07,9.57262e-09,0.000199997,0
-0.632193,0.0908095,1.60798,-0.631959,0.0923598,1.60936,-0.00250124,0.0036748,0.0254971,0.752294,0.000200007,-6.75671e-11,-8.66907e-07,-6.75671e-11,0.0002,7.94907e-09,-8.66907e-07,7.94907e-09,0.000199997,0
-0.632098,0.0931469,1.60834,-0.63187,0.0923797,1.60927,-0.00261206,-0.000235723,0.0288386,0.752294,0.000200007,-7.90312e-11,-8.78542e-07,-7.90312e-11,0.0002,1.00321e-08,-8.78542e-07,1.00321e-08,0.000199997,0
-0.632043,0.0950892,1.60826,-0.631849,0.0924267,1.60896,-0.00255616,0.00170655,0.0287562,0.733945,0.000200007,-6.70225e-11,-8.96064e-07,-6.70225e-11,0.0002,7.59224e-09,-8.96064e-07,7.59224e-09,0.000199997,0
-0.631934,0.0966521,1.60801,-0.631855,0.0925668,1.60855,-0.00244771,0.00326953,0.0285053,0.752294,0.000200008,-1.18628e-10,-9.04255e-07,-1.18628e-10,0.0002,1.64306e-08,-9.04255e-07,1.64306e-08,0.000199997,0
-0.631991,0.10041,1.60828,-0.632243,0.105011,1.61041,-0.00241026,0.0012139,0.0251605,0.640145,0.000200008,-9.90331e-11,-9.1252e-07,-9.90331e-11,0.0002,1.17986e-08,-9.1252e-07,1.17986e-08,0.000199997,0
-0.632104,0.103352,1.60817,-0.632273,0.105017,1.61034,-0.00252353,0.00415541,0.0250551,0.638566,0.000200008,-2.32406e-11,-9.0723e-07,-2.32406e-11,0.0002,-9.55264e-10,-9.0723e-07,-9.55264e-10,0.000199997,0
-0.632252,0.10567,1.60847,-0.632359,0.105063,1.61018,-0.00225895,-0.000110593,0.021233,0.640145,0.000200008,7.53359e-11,-8.96785e-07,7.53359e-11,0.0002,-1.57993e-08,-8.96785e-07,-1.57993e-08,0.000199997,0
-0.632348,0.107545,1.60908,-0.632458,0.105156,1.60996,-0.00235436,0.00176421,0.0218402,0.649195,0.000200007,1.12464e-10,-8.90348e-07,1.12464e-10,0.0002,-1.87556e-08,-8.90348e-07,-1.87556e-08,0.000199997,0
-0.632397,0.109056,1.60951,-0.632534,0.105207,1.60967,-0.00240381,0.00327593,0.0222692,0.635621,0.000200007,1.00208e-10,-8.86485e-07,1.00208e-10,0.0002,-1.40381e-08,-8.86485e-07,-1.40381e-08,0.000199997,0
-0.631965,0.112924,1.60907,-0.630391,0.118279,1.60683,-0.00216885,0.000628692,0.0257747,0.687545,0.000200007,5.08334e-11,-8.91079e-07,5.08334e-11,0.0002,-4.5356e-09,-8.91079e-07,-4.5356e-09,0.000199997,0
-0.631595,0.116055,1.60821,-0.63037,0.118348,1.60685,-0.00179893,0.00375893,0.0249147,0.718518,0.000200007,-1.08435e-11,-8.97543e-07,-1.08435e-11,0.0002,5.16849e-09,-8.97543e-07,5.16849e-09,0.000199997,0
-0.631197,0.118477,1.60752,-0.630306,0.11835,1.60682,-0.00165502,-0.000514837,0.0250317,0.718518,0.000200007,-1.4235e-10,-8.88572e-07,-1.4235e-10,0.0002,2.57668e-08,-8.88572e-07,2.57668e-08,0.000199997,0
-0.630819,0.120422,1.60713,-0.630226,0.118376,1.60663,-0.00127701,0.00142983,0.024645,0.714094,0.000200007,-2.8377e-10,-8.83068e-07,-2.8377e-10,0.0002,4.58881e-08,-8.83068e-07,4.58881e-08,0.000199997,0
-0.630527,0.122007,1.60666,-0.63017,0.11842,1.60633,-0.000984753,0.00301497,0.0241738,0.705244,0.000200007,-3.72928e-10,-8.8281e-07,-3.72928e-10,0.0002,5.54045e-08,-8.8281e-07,5.54045e-08,0.000199997,0
-0.630274,0.123303,1.60614,-0.630179,0.118452,1.60612,-0.000732189,-0.00185551,0.028691,0.707217,0.000200007,-4.59965e-10,-8.8615e-07,-4.59965e-10,0.0002,6.49666e-08,-8.8615e-07,6.49666e-08,0.000199997,0
-0.62999,0.126794,1.60666,-0.629566,0.130727,1.60669,-0.00044876,0.00163496,0.0292144,0.548673,0.000200007,-4.83838e-10,-8.88059e-07,-4.83838e-10,0.0002,6.41195e-08,-8.88059e-07,6.41195e-08,0.000199997,0
-0.629673,0.129504,1.60729,-0.629337,0.130736,1.60668,6.26515e-05,0.00119821,0.0255193,0.561947,0.000200007,-5.33438e-10,-8.75943e-07,-5.33438e-10,0.0002,7.06272e-08,-8.75943e-07,7.06272e-08,0.000199997,0
-0.629359,0.13167,1.60779,-0.629249,0.130712,1.60667,0.000376297,0.00336358,0.0260168,0.539823,0.000200007,-6.07368e-10,-8.68462e-07,-6.07368e-10,0.0002,8.14018e-08,-8.68462e-07,8.14018e-08,0.000199997,0
-0.629026,0.133395,1.60801,-0.628946,0.13078,1.6063,0.000709586,0.00508917,0.0262367,0.548673,0.000200007,-6.80354e-10,-8.60414e-07,-6.80354e-10,0.0002,9.17131e-08,-8.60414e-07,9.17131e-08,0.000199997,0
-0.628749,0.134795,1.60767,-0.628683,0.130886,1.60582,0.000202802,0.000282112,0.0265917,0.553097,0.000200007,-6.96882e-10,-8.54998e-07,-6.96882e-10,0.0002,9.16011e-08,-8.54998e-07,9.16011e-08,0.000199997,0
-0.628388,0.135984,1.6071,-0.628402,0.131002,1.60535,0.000564164,0.0014709,0.0260227,0.557522,0.000200007,-7.87529e-10,-8.58814e-07,-7.87529e-10,0.0002,1.05064e-07,-8.58814e-07,1.05064e-07,0.000199997,0
-0.627967,0.139473,1.6039,-0.627899,0.14359,1.59315,0.00051575,-0.00099381,0.0177681,0.606249,0.000200007,-8.80706e-10,-8.64734e-07,-8.80706e-10,0.0002,1.17258e-07,-8.64734e-07,1.17258e-07,0.000199997,0
-0.627605,0.142293,1.6012,-0.627895,0.143623,1.59302,0.000877433,0.00182528,0.0150748,0.60438,0.000200007,-9.79587e-10,-8.71867e-07,-9.79587e-10,0.0002,1.29403e-07,-8.71867e-07,1.29403e-07,0.000199997,0
-0.627335,0.144572,1.59955,-0.627898,0.143642,1.59294,0.000656187,-0.00222484,0.0168928,0.60438,0.000200007,-1.04129e-09,-8.79618e-07,-1.04129e-09,0.0002,1.34323e-07,-8.79618e-07,1.34323e-07,0.000199997,0
-0.626979,0.1464,1.59822,-0.627851,0.14365,1.59287,0.00101156,-0.000396832,0.0155574,0.600014,0.000200007,-1.20847e-09,-8.8508e-07,-1.20847e-09,0.0002,1.58414e-07,-8.8508e-07,1.58414e-07,0.000199997,0
-0.62662,0.147886,1.59745,-0.627803,0.143658,1.59281,0.00137058,0.0010895,0.0147875,0.595647,0.000200007,-1.40354e-09,-8.92192e-07,-1.40354e-09,0.0002,1.84248e-07,-8.92192e-07,1.84248e-07,0.000199997,0
-0.625986,0.151636,1.59855,-0.626554,0.156335,1.60294,0.00167904,-0.00169343,0.0131974,0.601882,0.000200007,-1.661e-09,-9.00503e-07,-1.661e-09,0.0002,2.18079e-07,-9.00503e-07,2.18079e-07,0.000199997,0
-0.625492,0.154586,1.59989,-0.626408,0.156298,1.60317,0.00217341,0.00125633,0.0145384,0.601882,0.000200007,-1.80681e-09,-8.98988e-07,-1.80681e-09,0.0002,2.32586e-07,-8.98988e-07,2.32586e-07,0.000199997,0
-0.625032,0.156777,1.60076,-0.626318,0.156295,1.6032,0.00263256,0.00344729,0.0154092,0.605713,0.000200007,-1.91142e-09,-8.71103e-07,-1.91142e-09,0.000200001,2.49124e-07,-8.71103e-07,2.49124e-07,0.000199997,0
-0.624599,0.158491,1.60185,-0.626206,0.156305,1.60312,0.00201713,-0.000641403,0.0138034,0.605713,0.000200007,-2.00881e-09,-8.46802e-07,-2.00881e-09,0.000200001,2.66311e-07,-8.46802e-07,2.66311e-07,0.000199997,0
-0.62412,0.159845,1.60261,-0.626075,0.156308,1.60305,0.00249591,0.000712732,0.0145609,0.601346,0.000200007,-2.16328e-09,-8.28491e-07,-2.16328e-09,0.000200001,2.94147e-07,-8.28491e-07,2.94147e-07,0.000199997,0
-0.623016,0.163462,1.60434,-0.622433,0.168753,1.60868,0.00150097,-0.0022513,0.0181346,0.691721,0.000200006,-2.28857e-09,-8.23668e-07,-2.28857e-09,0.000200001,3.11523e-07,-8.23668e-07,3.11523e-07,0.000199997,0
-0.622043,0.166273,1.60554,-0.622418,0.168747,1.60877,0.00247369,0.000559852,0.019331,0.691721,0.000200006,-2.42589e-09,-8.0762e-07,-2.42589e-09,0.000200001,3.36279e-07,-8.0762e-07,3.36279e-07,0.000199997,0
-0.621225,0.168524,1.60588,-0.62242,0.168748,1.60876,0.00329222,0.00281131,0.0196663,0.691721,0.000200006,-2.5617e-09,-7.9764e-07,-2.5617e-09,0.000200001,3.58807e-07,-7.9764e-07,3.58807e-07,0.000199997,0
-0.620462,0.170391,1.60623,-0.622399,0.168738,1.60869,0.00108117,-0.00084233,0.0232935,0.687484,0.000200006,-2.77525e-09,-8.02116e-07,-2.77525e-09,0.000200001,3.89746e-07,-8.02116e-07,3.89746e-07,0.000199997,0
-0.619886,0.17181,1.6063,-0.622373,0.168796,1.60863,0.00165674,0.000576636,0.0233591,0.679009,0.000200006,-2.86913e-09,-7.91154e-07,-2.86913e-09,0.000200001,4.0319e-07,-7.91154e-07,4.0319e-07,0.000199997,0
-0.618019,0.175065,1.60641,-0.615256,0.180349,1.61049,0.00112816,-0.00186542,0.0265621,0.5,0.000200006,-2.84026e-09,-7.53359e-07,-2.84026e-09,0.000200001,4.09542e-07,-7.53359e-07,4.09542e-07,0.000199997,0
-0.616494,0.177735,1.60691,-0.615092,0.180255,1.61043,0.0026525,0.000804396,0.0270556,0.457627,0.000200005,-2.84376e-09,-7.42871e-07,-2.84376e-09,0.000200002,4.12973e-07,-7.42871e-07,4.12973e-07,0.000199997,0
-0.615093,0.179847,1.6076,-0.614718,0.180222,1.61037,0.00305766,0.000310369,0.0242784,0.444915,0.000200005,-2.91812e-09,-7.33505e-07,-2.91812e-09,0.000200002,4.32067e-07,-7.33505e-07,4.32067e-07,0.000199997,0
-0.613705,0.181661,1.60825,-0.613894,0.180292,1.61036,0.00444523,0.00212453,0.0249342,0.461864,0.000200005,-3.10549e-09,-7.45282e-07,-3.10549e-09,0.000200002,4.60451e-07,-7.45282e-07,4.60451e-07,0.000199997,0
-0.612329,0.18317,1.60878,-0.612974,0.18035,1.61037,0.00582203,0.00363375,0.02546,0.475098,0.000200005,-3.343e-09,-7.60253e-07,-3.343e-09,0.000200002,4.91784e-07,-7.60253e-07,4.91784e-07,0.000199997,0
-0.611006,0.184377,1.60899,-0.612075,0.180335,1.61034,0.00398345,-0.000569871,0.0295161,0.476577,0.000200005,-3.56398e-09,-7.70144e-07,-3.56398e-09,0.000200002,5.18562e-07,-7.70144e-07,5.18562e-07,0.000199997,0
-0.609425,0.187298,1.60922,-0.60927,0.190758,1.61172,0.00556388,0.00235175,0.0297539,0.670113,0.000200005,-3.63021e-09,-7.55801e-07,-3.63021e-09,0.000200002,5.29685e-07,-7.55801e-07,5.29685e-07,0.000199997,0
-0.608106,0.189637,1.60962,-0.609211,0.190759,1.6117,0.00688255,0.00469107,0.0301484,0.665911,0.000200005,-3.70643e-09,-7.4698e-07,-3.70643e-09,0.000200003,5.43475e-07,-7.4698e-07,5.43475e-07,0.000199997,0
-0.607127,0.191506,1.60972,-0.609161,0.190758,1.61169,0.00483464,0.00183694,0.0222526,0.661709,0.000200005,-3.69189e-09,-7.40839e-07,-3.69189e-09,0.000200003,5.38661e-07,-7.40839e-07,5.38661e-07,0.000199997,0
-0.606216,0.193026,1.60991,-0.609049,0.19076,1.6117,0.00574591,0.00335737,0.022443,0.662391,0.000200005,-3.77207e-09,-7.41012e-07,-3.77207e-09,0.000200003,5.52391e-07,-7.41012e-07,5.52391e-07,0.000199997,0
-0.605357,0.194271,1.60995,-0.608924,0.190774,1.61167,0.00298249,-0.000621525,0.0229951,0.662196,0.000200005,-3.93109e-09,-7.45195e-07,-3.93109e-09,0.000200003,5.78034e-07,-7.45195e-07,5.78034e-07,0.000199997,0
-0.603016,0.197399,1.60976,-0.600564,0.201551,1.61003,0.00532284,0.00250672,0.0228046,0.591003,0.000200005,-4.02519e-09,-7.44377e-07,-4.02519e-09,0.000200003,5.9113e-07,-7.44377e-07,5.9113e-07,0.000199997,0
-0.601114,0.199748,1.60947,-0.600339,0.201532,1.60982,0.00722487,0.00485573,0.0225055,0.570342,0.000200005,-3.98885e-09,-7.19846e-07,-3.98885e-09,0.000200003,5.97115e-07,-7.19846e-07,5.97115e-07,0.000199997,0
-0.5994,0.201651,1.6097,-0.599697,0.201536,1.60961,0.00542113,0.00156509,0.0257208,0.562077,0.000200005,-4.01606e-09,-7.08021e-07,-4.01606e-09,0.000200003,6.10931e-07,-7.08021e-07,6.10931e-07,0.000199997,0
-0.597928,0.20311,1.60999,-0.598886,0.201549,1.60959,0.00689307,0.00302394,0.026008,0.570623,0.000200005,-3.94749e-09,-6.89933e-07,-3.94749e-09,0.000200003,6.09882e-07,-6.89933e-07,6.09882e-07,0.000199997,0
-0.596592,0.204299,1.61012,-0.598194,0.201548,1.60961,0.00387914,-0.000134908,0.0274088,0.57176,0.000200004,-3.92069e-09,-6.81927e-07,-3.92069e-09,0.000200003,6.12439e-07,-6.81927e-07,6.12439e-07,0.000199997,0
-0.595368,0.205294,1.61003,-0.597619,0.201543,1.60969,0.00510346,0.000859991,0.0273215,0.568277,0.000200004,-3.95809e-09,-6.83843e-07,-3.95809e-09,0.000200004,6.20641e-07,-6.83843e-07,6.20641e-07,0.000199997,0
-0.593229,0.208035,1.60692,-0.591764,0.211418,1.59604,0.00724263,0.00360044,0.0242144,0.656418,0.000200004,-3.95987e-09,-6.81428e-07,-3.95987e-09,0.000200004,6.22739e-07,-6.81428e-07,6.22739e-07,0.000199997,0
-0.591475,0.210246,1.60452,-0.591666,0.211416,1.59591,0.00496927,0.00106029,0.0222463,0.649078,0.000200004,-3.99052e-09,-6.82733e-07,-3.99052e-09,0.000200004,6.28085e-07,-6.82733e-07,6.28085e-07,0.000199997,0
-0.590039,0.212015,1.6028,-0.591514,0.211427,1.59595,0.00640526,0.00282951,0.0205347,0.657136,0.000200004,-4.01497e-09,-6.83074e-07,-4.01497e-09,0.000200004,6.32037e-07,-6.83074e-07,6.32037e-07,0.000199997,0
-0.588843,0.21345,1.60171,-0.59139,0.211422,1.59577,0.00355504,0.000135623,0.0195783,0.644841,0.000200004,-4.06319e-09,-6.86499e-07,-4.06319e-09,0.000200004,6.38182e-07,-6.86499e-07,6.38182e-07,0.000199997,0
-0.58792,0.214533,1.60093,-0.591255,0.211436,1.59576,0.00447797,0.00121921,0.0188026,0.640743,0.000200004,-4.01237e-09,-6.77939e-07,-4.01237e-09,0.000200004,6.32472e-07,-6.77939e-07,6.32472e-07,0.000199997,0
-0.585556,0.217045,1.60183,-0.583405,0.219299,1.60595,0.00502556,0.00151192,0.0212328,0.733416,0.000200004,-4.05878e-09,-6.82654e-07,-4.05878e-09,0.000200004,6.39056e-07,-6.82654e-07,6.39056e-07,0.000199997,0
-0.583649,0.219051,1.60233,-0.583317,0.219281,1.60589,0.00693303,0.00351836,0.0217345,0.725253,0.000200004,-4.09609e-09,-6.85821e-07,-4.09609e-09,0.000200004,6.4311e-07,-6.85821e-07,6.4311e-07,0.000199997,0
-0.58213,0.220639,1.60282,-0.58325,0.219304,1.60578,0.00845152,0.00510644,0.0222172,0.725253,0.000200004,-4.09511e-09,-6.84488e-07,-4.09511e-09,0.000200004,6.42252e-07,-6.84488e-07,6.42252e-07,0.000199997,0
-0.580925,0.221891,1.6035,-0.583196,0.219319,1.60574,0.00607402,0.00195445,0.0224651,0.721171,0.000200004,-4.06345e-09,-6.80325e-07,-4.06345e-09,0.000200004,6.38197e-07,-6.80325e-07,6.38197e-07,0.000199997,0
-0.579951,0.22289,1.60425,-0.583144,0.219306,1.60569,0.00704806,0.00295355,0.0232132,0.713008,0.000200004,-4.03775e-09,-6.77875e-07,-4.03775e-09,0.000200004,6.35372e-07,-6.77875e-07,6.35372e-07,0.000199997,0
-0.577392,0.225534,1.6036,-0.574578,0.228223,1.59789,0.00960715,0.00559741,0.0225615,0.813783,0.000200004,-4.10601e-09,-6.87119e-07,-4.10601e-09,0.000200004,6.43143e-07,-6.87119e-07,6.43143e-07,0.000199997,0
-0.575317,0.227673,1.60254,-0.574541,0.228233,1.5978,0.00687122,0.00343625,0.021194,0.813239,0.000200004,-4.19158e-09,-6.9624e-07,-4.19158e-09,0.000200004,6.51735e-07,-6.9624e-07,6.51735e-07,0.000199997,0
-0.573679,0.229359,1.6015,-0.574449,0.228332,1.59782,0.00850958,0.00512262,0.0201463,0.852843,0.000200004,-4.19859e-09,-6.94743e-07,-4.19859e-09,0.000200004,6.50983e-07,-6.94743e-07,6.50983e-07,0.000199997,0
-0.57235,0.230662,1.60044,-0.574158,0.228325,1.59777,0.00632697,0.00179566,0.0181507,0.840747,0.000200004,-4.14211e-09,-6.8647e-07,-4.14211e-09,0.000200004,6.44229e-07,-6.8647e-07,6.44229e-07,0.000199997,0
-0.571299,0.231638,1.5997,-0.573909,0.228323,1.59776,0.0073785,0.00277113,0.0174067,0.845474,0.000200004,-4.00872e-09,-6.70459e-07,-4.00872e-09,0.000200004,6.30226e-07,-6.70459e-07,6.30226e-07,0.000199997,0
-0.570436,0.23239,1.59962,-0.573705,0.228295,1.59776,0.00435202,-0.000570845,0.0154488,0.827961,0.000200004,-3.8767e-09,-6.56689e-07,-3.8767e-09,0.000200004,6.17984e-07,-6.56689e-07,6.17984e-07,0.000199997,0
-0.568707,0.234705,1.59925,-0.568615,0.236759,1.59674,0.00608119,0.00174485,0.0150818,0.99853,0.000200004,-3.8048e-09,-6.51333e-07,-3.8048e-09,0.000200004,6.135e-07,-6.51333e-07,6.135e-07,0.000199997,0
-0.567219,0.236633,1.59875,-0.568507,0.236699,1.59674,0.00756884,0.00367285,0.0145798,0.982965,0.000200004,-3.86631e-09,-6.61764e-07,-3.86631e-09,0.000200004,6.23995e-07,-6.61764e-07,6.23995e-07,0.000199997,0
-0.565983,0.238223,1.59814,-0.568481,0.236718,1.59675,0.00493472,0.000770137,0.0165835,0.986856,0.000200004,-3.97812e-09,-6.75256e-07,-3.97812e-09,0.000200004,6.37513e-07,-6.75256e-07,6.37513e-07,0.000199997,0
-0.565049,0.23943,1.59755,-0.568452,0.236723,1.59671,0.00586853,0.00197684,0.0159878,0.990747,0.000200004,-3.98024e-09,-6.73234e-07,-3.98024e-09,0.000200004,6.36419e-07,-6.73234e-07,6.36419e-07,0.000199997,0
-0.56436,0.240325,1.59717,-0.568434,0.236702,1.59669,0.00655769,0.00287198,0.0156092,0.982965,0.000200004,-3.89279e-09,-6.61357e-07,-3.89279e-09,0.000200004,6.25895e-07,-6.61357e-07,6.25895e-07,0.000199997,0
-0.561853,0.242976,1.59666,-0.558874,0.24617,1.59462,0.00440779,0.00135433,0.0135989,0.805019,0.000200004,-3.88029e-09,-6.60713e-07,-3.88029e-09,0.000200004,6.25812e-07,-6.60713e-07,6.25812e-07,0.000199997,0
-0.559821,0.245075,1.59634,-0.558851,0.246165,1.59454,0.00644007,0.00345331,0.0132794,0.801143,0.000200004,-3.8733e-09,-6.56901e-07,-3.8733e-09,0.000200004,6.29341e-07,-6.56901e-07,6.29341e-07,0.000199997,0
-0.558156,0.246829,1.59597,-0.558754,0.246216,1.5945,0.0040664,0.00070389,0.0138309,0.824398,0.000200004,-3.92507e-09,-6.64653e-07,-3.92507e-09,0.000200004,6.34845e-07,-6.64653e-07,6.34845e-07,0.000199997,0
-0.556802,0.248245,1.59537,-0.55875,0.246173,1.5945,0.00541994,0.00211989,0.0132254,0.808895,0.000200004,-3.99638e-09,-6.72924e-07,-3.99638e-09,0.000200004,6.4187e-07,-6.72924e-07,6.4187e-07,0.000199997,0
-0.555737,0.249352,1.59477,-0.558738,0.246156,1.59447,0.00485818,0.000364496,0.0124828,0.793391,0.000200004,-4.02298e-09,-6.74561e-07,-4.02298e-09,0.000200004,6.43228e-07,-6.74561e-07,6.43228e-07,0.000199997,0
-0.554925,0.250189,1.5943,-0.558731,0.246135,1.59448,0.0056705,0.00120196,0.0120107,0.781763,0.000200004,-3.98345e-09,-6.68506e-07,-3.98345e-09,0.000200004,6.37596e-07,-6.68506e-07,6.37596e-07,0.000199997,0
-0.552664,0.252771,1.5953,-0.550869,0.255461,1.60035,0.007931,0.00378383,0.0130139,0.90414,0.000200004,-4.00901e-09,-6.71545e-07,-4.00901e-09,0.000200004,6.40689e-07,-6.71545e-07,6.40689e-07,0.000199997,0
-0.550851,0.254855,1.59653,-0.550841,0.255547,1.60039,0.00519319,0.00178757,0.0121887,0.945516,0.000200004,-4.02929e-09,-6.73844e-07,-4.02929e-09,0.000200004,6.42297e-07,-6.73844e-07,6.42297e-07,0.000199997,0
-0.54947,0.256437,1.5976,-0.550874,0.25545,1.60036,0.00657436,0.00337029,0.0132652,0.896327,0.000200004,-3.95714e-09,-6.65157e-07,-3.95714e-09,0.000200004,6.33056e-07,-6.65157e-07,6.33056e-07,0.000199997,0
-0.548322,0.257752,1.59846,-0.550865,0.255472,1.60034,0.00772154,0.00468527,0.0141224,0.908046,0.000200004,-3.9574e-09,-6.66825e-07,-3.9574e-09,0.000200004,6.33509e-07,-6.66825e-07,6.33509e-07,0.000199997,0
-0.547445,0.258767,1.59874,-0.550855,0.255499,1.60034,0.00429488,0.00111484,0.0185353,0.911952,0.000200004,-3.90111e-09,-6.60979e-07,-3.90111e-09,0.000200004,6.271e-07,-6.60979e-07,6.271e-07,0.000199997,0
-0.544247,0.261616,1.59661,-0.538309,0.265833,1.58812,0.0074931,0.00396395,0.0164117,0.891465,0.000200004,-3.82888e-09,-6.53829e-07,-3.82888e-09,0.000200004,6.19598e-07,-6.53829e-07,6.19598e-07,0.000199997,0
-0.541635,0.263939,1.59487,-0.538258,0.265842,1.58793,0.00626558,0.00157978,0.0144451,0.891465,0.000200004,-3.83056e-09,-6.5577e-07,-3.83056e-09,0.000200004,6.21915e-07,-6.5577e-07,6.21915e-07,0.000199997,0
-0.539536,0.265797,1.59368,-0.538221,0.265846,1.58785,0.00836438,0.00343742,0.0132455,0.894957,0.000200004,-3.83453e-09,-6.56678e-07,-3.83453e-09,0.000200004,6.23748e-07,-6.56678e-07,6.23748e-07,0.000199997,0
-0.53775,0.267392,1.59261,-0.538212,0.265853,1.58785,0.00493821,0.000450431,0.0113034,0.892979,0.000200004,-3.98395e-09,-6.74363e-07,-3.98395e-09,0.000200004,6.41856e-07,-6.74363e-07,6.41856e-07,0.000199997,0
-0.536328,0.268478,1.59144,-0.538162,0.265862,1.58779,0.00636032,0.00153592,0.0101313,0.89684,0.000200004,-3.96168e-09,-6.54633e-07,-3.96168e-09,0.000200004,6.51072e-07,-6.54633e-07,6.51072e-07,0.000199997,0
-0.533979,0.270905,1.59334,-0.531666,0.274482,1.5999,0.00870935,0.00396289,0.0120319,0.970332,0.000200004,-3.76829e-09,-6.14343e-07,-3.76829e-09,0.000200004,6.44074e-07,-6.14343e-07,6.44074e-07,0.000199997,0
-0.532158,0.27257,1.59497,-0.531662,0.274486,1.59991,0.00659223,0.000891124,0.0135076,0.97412,0.000200003,-3.39695e-09,-5.44554e-07,-3.39695e-09,0.000200004,6.30007e-07,-5.44554e-07,6.30007e-07,0.000199997,0
-0.530587,0.273546,1.59596,-0.531671,0.274491,1.59991,0.00816252,0.00186723,0.0144981,0.97412,0.000200002,-2.93345e-09,-4.42731e-07,-2.93345e-09,0.000200004,6.39227e-07,-4.42731e-07,6.39227e-07,0.000199998,0
-0.529456,0.274197,1.59675,-0.531673,0.274488,1.5999,0.00487727,-0.000929403,0.0162178,0.970332,0.000200002,-2.43585e-09,-3.56871e-07,-2.43585e-09,0.000200004,6.25136e-07,-3.56871e-07,6.25136e-07,0.000199998,0
-0.528524,0.274611,1.59727,-0.531664,0.274486,1.59987,0.00580852,-0.000514631,0.0167396,0.970332,0.000200001,-2.00505e-09,-2.85141e-07,-2.00505e-09,0.000200004,6.19911e-07,-2.85141e-07,6.19911e-07,0.000199998,0
-0.52767,0.274925,1.59779,-0.531654,0.274484,1.59987,0.00666251,-0.000201384,0.01726,0.970332,0.000200001,-1.7007e-09,-2.36425e-07,-1.7007e-09,0.000200004,6.33631e-07,-2.36425e-07,6.33631e-07,0.000199998,0
-0.52496,0.276387,1.59785,-0.521307,0.280553,1.59706,0.00553467,-0.000875829,0.0139531,1.05828,0.000200001,-1.46514e-09,-2.05247e-07,-1.46514e-09,0.000200004,6.35565e-07,-2.05247e-07,6.35565e-07,0.000199998,0
-0.522656,0.277539,1.59789,-0.521274,0.280663,1.59698,0.00783863,0.00027652,0.0139885,1.10443,0.0002,-1.29276e-09,-1.79061e-07,-1.29276e-09,0.000200004,6.57399e-07,-1.79061e-07,6.57399e-07,0.000199998,0
-0.520675,0.278316,1.59811,-0.521244,0.280563,1.59691,0.0078843,0.000857952,0.0145085,1.06212,0.0002,-1.09824e-09,-1.42527e-07,-1.09824e-09,0.000200004,6.92334e-07,-1.42527e-07,6.92334e-07,0.000199998,0
-0.519066,0.278875,1.59859,-0.521234,0.280564,1.59688,0.00949337,0.00141681,0.0149883,1.06597,0.0002,-9.01915e-10,-1.092e-07,-9.01915e-10,0.000200005,7.18365e-07,-1.092e-07,7.18365e-07,0.000199998,0
-0.517732,0.279162,1.59897,-0.521233,0.280605,1.59686,0.0108279,0.00170351,0.0153682,1.08277,0.0002,-6.23391e-10,-6.09831e-08,-6.23391e-10,0.000200005,7.42601e-07,-6.09831e-08,7.42601e-07,0.000199998,0
-0.514808,0.279472,1.59764,-0.511448,0.282002,1.59024,0.00934987,0.00129263,0.0118798,1.34135,0.0002,-2.49263e-10,9.83643e-10,-2.49263e-10,0.000200005,7.41981e-07,9.83643e-10,7.41981e-07,0.000199998,0
-0.512506,0.279687,1.59636,-0.511417,0.281848,1.59021,0.0116519,0.00150793,0.0106026,1.26897,0.0002,3.70281e-11,4.12499e-08,3.70281e-11,0.000200005,7.34716e-07,4.12499e-08,7.34716e-07,0.000199998,0
-0.510696,0.279932,1.59534,-0.511353,0.282007,1.59021,0.00855375,0.00207247,0.00647113,1.34135,0.0002,2.14845e-10,6.07233e-08,2.14845e-10,0.000200005,7.23034e-07,6.07233e-08,7.23034e-07,0.000199998,0
-0.509311,0.280232,1.5942,-0.511338,0.282008,1.59016,0.00993839,0.00237245,0.00533219,1.33753,0.0002,2.59661e-10,5.67801e-08,2.59661e-10,0.000200005,7.04887e-07,5.67801e-08,7.04887e-07,0.000199998,0
-0.508213,0.28045,1.59318,-0.511281,0.282012,1.59012,0.0110367,0.00259057,0.00431012,1.33753,0.0002,3.00916e-10,5.80448e-08,3.00916e-10,0.000200005,6.89926e-07,5.80448e-08,6.89926e-07,0.000199998,0
-0.505889,0.280474,1.59369,-0.504064,0.281458,1.59574,0.00863792,0.00243479,0.00142369,1.54477,0.0002,3.58467e-10,6.58414e-08,3.58467e-10,0.000200004,6.80487e-07,6.58414e-08,6.80487e-07,0.000199998,0
-0.503919,0.280479,1.59399,-0.50404,0.281477,1.5957,0.0106083,0.00243947,0.00172201,1.54095,0.0002,4.20766e-10,7.37545e-08,4.20766e-10,0.000200004,6.91547e-07,7.37545e-08,6.91547e-07,0.000199998,0
-0.502232,0.280592,1.59453,-0.504007,0.281481,1.59564,0.00767686,0.00297974,0.00775976,1.54284,0.0002,3.93493e-10,6.12319e-08,3.93493e-10,0.000200005,7.1526e-07,6.12319e-08,7.1526e-07,0.000199998,0
-0.500742,0.280794,1.59526,-0.504032,0.28149,1.59561,0.00916757,0.00318229,0.00849295,1.54477,0.0002,2.86679e-10,3.53725e-08,2.86679e-10,0.000200005,7.5385e-07,3.53725e-08,7.5385e-07,0.000199998,0
-0.499461,0.281045,1.59605,-0.504008,0.281492,1.59559,0.0104479,0.00343242,0.00928436,1.54293,0.0002,1.21914e-10,4.57445e-09,1.21914e-10,0.000200006,7.91807e-07,4.57445e-09,7.91807e-07,0.000199998,0
-0.498504,0.28131,1.59658,-0.504014,0.281502,1.59557,0.00665959,0.00427152,0.00771985,1.54029,0.0002,-6.72284e-11,-2.52818e-08,-6.72284e-11,0.000200006,8.05614e-07,-2.52818e-08,8.05614e-07,0.000199998,0
-0.495681,0.281123,1.59639,-0.493523,0.27974,1.59149,0.00948245,0.00408474,0.00752852,1.4706,0.0002,-1.77377e-10,-3.76372e-08,-1.77377e-10,0.000200006,8.07807e-07,-3.76372e-08,8.07807e-07,0.000199998,0
-0.493464,0.281099,1.59602,-0.493504,0.279735,1.59143,0.00668119,0.00447778,0.0090174,1.46674,0.0002,-3.61687e-10,-6.56466e-08,-3.61687e-10,0.000200006,8.01877e-07,-6.56466e-08,8.01877e-07,0.000199998,0
-0.491776,0.28108,1.59467,-0.493501,0.279741,1.59138,0.00837004,0.00445852,0.00767487,1.46674,0.0002,-4.89138e-10,-8.27619e-08,-4.89138e-10,0.000200006,7.84542e-07,-8.27619e-08,7.84542e-07,0.000199998,0
-0.490505,0.28102,1.59339,-0.493484,0.279745,1.59137,0.00964069,0.00439828,0.00639262,1.4706,0.0002,-5.35041e-10,-8.61617e-08,-5.35041e-10,0.000200006,7.6006e-07,-8.61617e-08,7.6006e-07,0.000199998,0
-0.489468,0.280864,1.59289,-0.493501,0.279744,1.59138,0.00590456,0.00369084,-0.00180366,1.46288,0.0002,-4.82647e-10,-7.12378e-08,-4.82647e-10,0.000200005,7.48197e-07,-7.12378e-08,7.48197e-07,0.000199998,0
-0.486221,0.281081,1.59164,-0.481855,0.282095,1.58823,0.00915128,0.00390808,-0.0030448,1.56524,0.0002,-3.43203e-10,-4.13663e-08,-3.43203e-10,0.000200005,7.54671e-07,-4.13663e-08,7.54671e-07,0.000199998,0
-0.483515,0.281282,1.59095,-0.481842,0.282123,1.58815,0.00904007,0.00362205,-0.000932713,1.57124,0.0002,-2.50948e-10,-2.57707e-08,-2.50948e-10,0.000200006,7.75752e-07,-2.57707e-08,7.75752e-07,0.000199998,0
-0.481241,0.28133,1.59069,-0.481833,0.282084,1.58813,0.0113149,0.00366982,-0.00118583,1.55964,0.0002,-9.15259e-11,9.64759e-10,-9.15259e-11,0.000200006,8.06606e-07,9.64759e-10,8.06606e-07,0.000199998,0
-0.479437,0.281369,1.59047,-0.481701,0.28209,1.58804,0.0131185,0.00370813,-0.00140591,1.55966,0.0002,3.73133e-11,1.82919e-08,3.73133e-11,0.000200006,8.19543e-07,1.82919e-08,8.19543e-07,0.000199998,0
-0.477992,0.281354,1.5905,-0.481695,0.282078,1.588,0.00895954,0.00353996,-0.000393051,1.5558,0.0002,1.72467e-10,3.61748e-08,1.72467e-10,0.000200006,8.27961e-07,3.61748e-08,8.27961e-07,0.000199998,0
-0.476904,0.281362,1.59041,-0.481714,0.282078,1.58799,0.0100473,0.00354823,-0.000480267,1.5558,0.0002,2.5466e-10,4.44558e-08,2.5466e-10,0.000200006,8.23069e-07,4.44558e-08,8.23069e-07,0.000199998,0
-0.474668,0.280997,1.59331,-0.474462,0.28017,1.60283,0.00700369,0.00391589,0.00106683,1.65515,0.0002,3.10764e-10,5.00552e-08,3.10764e-10,0.000200006,8.06326e-07,5.00552e-08,8.06326e-07,0.000199998,0
-0.4729,0.280727,1.59552,-0.474456,0.280161,1.60283,0.00877243,0.00364577,0.00328062,1.65515,0.0002,3.27284e-10,4.95404e-08,3.27284e-10,0.000200006,7.92189e-07,4.95404e-08,7.92189e-07,0.000199998,0
-0.47147,0.28062,1.59718,-0.474475,0.280162,1.60281,0.0102024,0.00353883,0.00494465,1.64772,0.0002,2.46591e-10,3.15389e-08,2.46591e-10,0.000200006,7.86155e-07,3.15389e-08,7.86155e-07,0.000199998,0
-0.470304,0.280473,1.59841,-0.474479,0.280161,1.60281,0.00707395,0.0033932,3.19439e-05,1.64772,0.0002,2.31697e-10,2.97058e-08,2.31697e-10,0.000200006,7.85965e-07,2.97058e-08,7.85965e-07,0.000199998,0
-0.469408,0.280227,1.5996,-0.474471,0.28016,1.60282,0.00796944,0.00314741,0.00122378,1.65125,0.0002,3.22815e-10,4.87149e-08,3.22815e-10,0.000200006,7.79625e-07,4.87149e-08,7.79625e-07,0.000199998,0
-0.466422,0.279865,1.60078,-0.46386,0.278987,1.60342,0.00557899,0.00379382,0.00416046,1.70908,0.0002,3.45242e-10,4.96111e-08,3.45242e-10,0.000200006,7.9912e-07,4.96111e-08,7.9912e-07,0.000199998,0
-0.46402,0.279686,1.60182,-0.463882,0.278996,1.60339,0.00798123,0.00361442,0.00519934,1.70528,0.0002,2.68769e-10,3.26796e-08,2.68769e-10,0.000200006,8.14501e-07,3.26796e-08,8.14501e-07,0.000199998,0
-0.462076,0.27965,1.60234,-0.463862,0.278989,1.60342,0.00992494,0.003578,0.00572492,1.71288,0.0002,1.11434e-10,4.5314e-09,1.11434e-10,0.000200006,8.27215e-07,4.5314e-09,8.27215e-07,0.000199998,0
-0.460502,0.279645,1.60245,-0.463868,0.278998,1.60339,0.00609494,0.00434005,0.00450949,1.71288,0.0002,-3.44268e-11,-1.70339e-08,-3.44268e-11,0.000200006,8.38644e-07,-1.70339e-08,8.38644e-07,0.000199998,0
-0.459269,0.279704,1.60284,-0.463885,0.278996,1.60338,0.00732766,0.00439888,0.00490117,1.70528,0.0002,-2.03399e-10,-4.10842e-08,-2.03399e-10,0.000200007,8.42221e-07,-4.10842e-08,8.42221e-07,0.000199998,0
-0.458365,0.279749,1.60295,-0.46387,0.278998,1.60339,0.00242618,0.00462482,0.00546024,1.71288,0.0002,-3.25248e-10,-5.60808e-08,-3.25248e-10,0.000200006,8.309e-07,-5.60808e-08,8.309e-07,0.000199998,0
-0.455369,0.279766,1.60384,-0.452174,0.278572,1.60791,0.0054225,0.00464163,0.00634763,1.49918,0.0002,-4.62198e-10,-7.55504e-08,-4.62198e-10,0.000200006,8.13124e-07,-7.55504e-08,8.13124e-07,0.000199998,0
-0.452887,0.279825,1.60454,-0.452167,0.278567,1.60788,0.00790429,0.00470021,0.00705224,1.49267,0.0002,-6.10126e-10,-9.55115e-08,-6.10126e-10,0.000200006,8.15094e-07,-9.55115e-08,8.15094e-07,0.000199998,0
-0.451004,0.279763,1.6052,-0.452167,0.278571,1.60785,0.00706581,0.00466078,0.00644357,1.49643,0.0002,-6.18786e-10,-9.09512e-08,-6.18786e-10,0.000200006,7.99882e-07,-9.09512e-08,7.99882e-07,0.000199998,0
-0.449384,0.279614,1.60626,-0.452146,0.278583,1.60788,0.00868614,0.00451137,0.00749611,1.50294,0.0002,-5.44797e-10,-7.19867e-08,-5.44797e-10,0.000200006,8.0771e-07,-7.19867e-08,8.0771e-07,0.000199998,0
-0.448048,0.279496,1.60709,-0.452159,0.278581,1.60786,0.0100222,0.00439399,0.00833438,1.49918,0.0002,-4.87478e-10,-6.04064e-08,-4.87478e-10,0.000200006,8.19508e-07,-6.04064e-08,8.19508e-07,0.000199998,0
-0.444792,0.279496,1.60869,-0.441341,0.279339,1.61302,0.00518298,0.00332601,0.0102031,1.8409,0.0002,-3.88742e-10,-4.31318e-08,-3.88742e-10,0.000200006,8.30825e-07,-4.31318e-08,8.30825e-07,0.000199998,0
-0.44219,0.279624,1.60996,-0.441329,0.279333,1.61295,0.00778523,0.00345402,0.0114676,1.8409,0.0002,-4.2518e-10,-5.29707e-08,-4.2518e-10,0.000200006,8.37275e-07,-5.29707e-08,8.37275e-07,0.000199998,0
-0.440125,0.279668,1.61023,-0.441317,0.27935,1.6129,0.00722495,0.00350957,0.011385,1.85218,0.0002,-4.00026e-10,-4.9043e-08,-4.00026e-10,0.000200007,8.3839e-07,-4.9043e-08,8.3839e-07,0.000199998,0
-0.43849,0.279636,1.61076,-0.441314,0.279343,1.61287,0.00885913,0.0034781,0.011912,1.84842,0.0002,-3.24134e-10,-3.63944e-08,-3.24134e-10,0.000200007,8.36095e-07,-3.63944e-08,8.36095e-07,0.000199998,0
-0.437286,0.279585,1.61108,-0.441301,0.279336,1.61287,0.00452033,0.00351601,0.00862992,1.8409,0.0002,-2.40695e-10,-2.43401e-08,-2.40695e-10,0.000200006,8.17756e-07,-2.43401e-08,8.17756e-07,0.000199998,0
-0.434223,0.279438,1.61686,-0.430822,0.279115,1.64156,0.00758315,0.00336938,0.0144142,2.91802,0.0002,-1.06439e-10,-3.03959e-09,-1.06439e-10,0.000200006,8.06563e-07,-3.03959e-09,8.06563e-07,0.000199998,0
-0.431862,0.279221,1.62126,-0.430868,0.279038,1.64142,0.00994409,0.00315289,0.0188084,2.85995,0.0002,5.9701e-11,2.32451e-08,5.9701e-11,0.000200006,7.86483e-07,2.32451e-08,7.86483e-07,0.000199998,0
-0.429885,0.279358,1.62522,-0.430823,0.279912,1.64156,0.00757715,0.00320792,0.0224863,3.14411,0.0002,7.08382e-11,1.76602e-08,7.08382e-11,0.000200006,7.86322e-07,1.76602e-08,7.86322e-07,0.000199998,0
-0.428267,0.279556,1.6288,-0.430824,0.279895,1.64159,0.00919583,0.00340502,0.0260721,3.14411,0.0002,-5.06177e-12,-1.1464e-09,-5.06177e-12,0.000200006,7.92279e-07,-1.1464e-09,7.92279e-07,0.000199998,0
-0.426887,0.279461,1.63165,-0.430847,0.279014,1.64151,0.00520654,0.00343292,0.0278631,2.86646,0.0002,-7.90259e-12,-1.42324e-09,-7.90259e-12,0.000200006,8.10429e-07,-1.42324e-09,8.10429e-07,0.000199998,0
-0.425736,0.279613,1.63395,-0.430815,0.27991,1.64158,0.00635675,0.00358474,0.0301586,3.14814,0.0002,-5.39702e-11,-9.67585e-09,-5.39702e-11,0.000200006,8.28419e-07,-9.67585e-09,8.28419e-07,0.000199998,0
-0.42282,0.27951,1.63026,-0.420945,0.278989,1.61447,0.00927366,0.00348193,0.0264685,2.05464,0.0002,-7.77968e-11,-1.24476e-08,-7.77968e-11,0.000200006,8.43525e-07,-1.24476e-08,8.43525e-07,0.000199998,0
-0.42049,0.27959,1.62708,-0.420919,0.278974,1.61436,0.00610866,0.00429188,0.0240385,2.05081,0.0002,-2.40647e-10,-4.01627e-08,-2.40647e-10,0.000200007,8.51596e-07,-4.01627e-08,8.51596e-07,0.000199998,0
-0.418616,0.279734,1.62471,-0.420846,0.278964,1.61422,0.0079827,0.00443532,0.0216724,2.04315,0.0002,-4.411e-10,-7.0581e-08,-4.411e-10,0.000200007,8.56085e-07,-7.0581e-08,8.56085e-07,0.000199998,0
-0.417243,0.279684,1.62267,-0.420775,0.278935,1.614,0.00410415,0.00395193,0.0168624,2.04315,0.0002,-4.41391e-10,-6.41967e-08,-4.41391e-10,0.000200007,8.36568e-07,-6.41967e-08,8.36568e-07,0.000199998,0
-0.416098,0.279686,1.62099,-0.420743,0.278935,1.61374,0.0052496,0.00395439,0.0151787,2.04822,0.0002,-4.74043e-10,-6.66732e-08,-4.74043e-10,0.000200006,8.30559e-07,-6.66732e-08,8.30559e-07,0.000199998,0
-0.41283,0.280092,1.62195,-0.409735,0.280988,1.62474,0.00851678,0.00436057,0.0161364,1.77481,0.0002,-4.9243e-10,-6.56016e-08,-4.9243e-10,0.000200007,8.50717e-07,-6.56016e-08,8.50717e-07,0.000199998,0
-0.410213,0.280341,1.62278,-0.409624,0.280927,1.62454,0.00556348,0.00357658,0.0185955,1.77877,0.0002,-4.46621e-10,-5.4891e-08,-4.46621e-10,0.000200007,8.6072e-07,-5.4891e-08,8.6072e-07,0.000199997,0
-0.408129,0.280514,1.6235,-0.409576,0.280904,1.62434,0.00764734,0.00374918,0.0193226,1.77877,0.0002,-3.88422e-10,-4.47621e-08,-3.88422e-10,0.000200007,8.63889e-07,-4.47621e-08,8.63889e-07,0.000199997,0
-0.406451,0.280609,1.62385,-0.409536,0.280898,1.62418,0.00567554,0.00407298,0.017256,1.77979,0.0002,-3.04658e-10,-3.16291e-08,-3.04658e-10,0.000200007,8.66273e-07,-3.16291e-08,8.66273e-07,0.000199997,0
-0.405127,0.280748,1.62401,-0.409499,0.280897,1.62412,0.0070001,0.00421212,0.0174153,1.7724,0.0002,-2.96117e-10,-3.33058e-08,-2.96117e-10,0.000200007,8.63857e-07,-3.33058e-08,8.63857e-07,0.000199997,0
-0.404147,0.280979,1.62391,-0.40944,0.280878,1.62405,0.00797978,0.00444288,0.0173213,1.77635,0.0002,-3.97926e-10,-5.40171e-08,-3.97926e-10,0.000200007,8.47634e-07,-5.40171e-08,8.47634e-07,0.000199997,0
-0.400987,0.281484,1.62427,-0.397547,0.28227,1.62414,0.00516126,0.00488561,0.0194681,0.804842,0.0002,-5.15632e-10,-7.41941e-08,-5.15632e-10,0.000200007,8.36874e-07,-7.41941e-08,8.36874e-07,0.000199997,0
-0.398543,0.281886,1.62476,-0.397544,0.282285,1.62412,0.0076049,0.00528814,0.0199561,0.800889,0.0002,-5.95015e-10,-8.65522e-08,-5.95015e-10,0.000200006,8.1637e-07,-8.65522e-08,8.1637e-07,0.000199998,0
-0.396603,0.282203,1.62468,-0.397402,0.282264,1.62388,0.00467774,0.00512148,0.0170549,0.800099,0.0002,-6.46463e-10,-9.4085e-08,-6.46463e-10,0.000200006,7.96453e-07,-9.4085e-08,7.96453e-07,0.000199998,0
-0.395015,0.282394,1.62472,-0.397352,0.28227,1.62382,0.00626509,0.00531292,0.0170888,0.800099,0.0002,-6.3353e-10,-8.89111e-08,-6.3353e-10,0.000200006,7.87654e-07,-8.89111e-08,7.87654e-07,0.000199998,0
-0.393759,0.282439,1.62444,-0.397343,0.282261,1.62382,0.00752113,0.00535738,0.0168056,0.800099,0.0002,-5.30905e-10,-6.83263e-08,-5.30905e-10,0.000200006,7.7955e-07,-6.83263e-08,7.7955e-07,0.000199998,0
-0.391219,0.282291,1.62493,-0.389691,0.28176,1.6264,0.00541903,0.00464321,0.0133909,1.48239,0.0002,-3.80691e-10,-4.15516e-08,-3.80691e-10,0.000200006,7.75096e-07,-4.15516e-08,7.75096e-07,0.000199998,0
-0.389086,0.282194,1.62542,-0.389708,0.281734,1.62634,0.00755249,0.00454676,0.0138788,1.47458,0.0002,-2.90293e-10,-2.89119e-08,-2.90293e-10,0.000200006,7.89053e-07,-2.89119e-08,7.89053e-07,0.000199998,0
-0.387315,0.2821,1.6255,-0.389711,0.281733,1.62632,0.00455189,0.00479714,0.0143356,1.47458,0.0002,-2.08325e-10,-1.80096e-08,-2.08325e-10,0.000200006,8.08365e-07,-1.80096e-08,8.08365e-07,0.000199998,0
-0.385876,0.282094,1.62546,-0.389692,0.281753,1.62633,0.00599038,0.00479094,0.0142962,1.47067,0.0002,-2.02382e-10,-2.13963e-08,-2.02382e-10,0.000200006,8.23567e-07,-2.13963e-08,8.23567e-07,0.000199998,0
-0.384714,0.282282,1.62553,-0.389685,0.28176,1.62633,0.00715324,0.00497949,0.0143667,1.47067,0.0002,-3.71032e-10,-5.43613e-08,-3.71032e-10,0.000200006,8.35024e-07,-5.43613e-08,8.35024e-07,0.000199998,0
-0.383798,0.282408,1.62589,-0.38966,0.28175,1.62633,0.00258285,0.0050627,0.0155838,1.47849,0.0002,-4.88776e-10,-7.20148e-08,-4.88776e-10,0.000200006,8.39127e-07,-7.20148e-08,8.39127e-07,0.000199998,0
-0.381286,0.282451,1.62686,-0.380657,0.281558,1.62916,0.00509526,0.00510546,0.0165459,2.08534,0.0002,-5.58997e-10,-7.98774e-08,-5.58997e-10,0.000200007,8.38524e-07,-7.98774e-08,8.38524e-07,0.000199998,0
-0.379407,0.282477,1.62741,-0.380672,0.281543,1.6291,0.00137861,0.00478767,0.0137973,2.08534,0.0002,-5.94065e-10,-8.39747e-08,-5.94065e-10,0.000200006,8.17727e-07,-8.39747e-08,8.17727e-07,0.000199998,0
-0.377835,0.282484,1.62796,-0.380657,0.281565,1.62916,0.00295007,0.0047951,0.014354,2.0815,0.0002,-6.09459e-10,-8.39708e-08,-6.09459e-10,0.000200006,8.14782e-07,-8.39708e-08,8.14782e-07,0.000199998,0
-0.376471,0.282472,1.62872,-0.38066,0.281551,1.62915,0.00431398,0.00478335,0.0151077,2.0815,0.0002,-6.16863e-10,-8.18292e-08,-6.16863e-10,0.000200006,8.30053e-07,-8.18292e-08,8.30053e-07,0.000199998,0
-0.37523,0.282453,1.62922,-0.380659,0.281561,1.62914,0.000375845,0.00325723,0.0161553,2.0815,0.0002,-6.23253e-10,-7.86451e-08,-6.23253e-10,0.000200007,8.6379e-07,-7.86451e-08,8.6379e-07,0.000199998,0
-0.371753,0.282102,1.63141,-0.368274,0.280479,1.63812,0.0038526,0.00290651,0.018348,2.36584,0.0002,-5.09573e-10,-5.63882e-08,-5.09573e-10,0.000200007,8.8657e-07,-5.63882e-08,8.8657e-07,0.000199997,0
-0.369003,0.282442,1.63282,-0.368331,0.28367,1.63898,0.00306572,0.00358435,0.0171401,3.3875,0.0002,-3.96307e-10,-3.90569e-08,-3.96307e-10,0.000200007,8.97948e-07,-3.90569e-08,8.97948e-07,0.000199997,0
-0.366821,0.282183,1.63366,-0.368283,0.280493,1.63806,0.00524766,0.00332619,0.0179802,2.37686,0.0002,-4.08387e-10,-4.51631e-08,-4.08387e-10,0.000200007,9.00779e-07,-4.51631e-08,9.00779e-07,0.000199997,0
-0.36506,0.282083,1.63423,-0.368275,0.280482,1.63807,0.00700919,0.00322602,0.0185492,2.37286,0.0002,-5.26091e-10,-6.64987e-08,-5.26091e-10,0.000200008,9.0491e-07,-6.64987e-08,9.0491e-07,0.000199997,0
-0.363872,0.282631,1.63491,-0.368318,0.283681,1.63916,0.00196591,0.00345924,0.0207358,3.41228,0.0002,-5.92424e-10,-7.81962e-08,-5.92424e-10,0.000200007,8.73567e-07,-7.81962e-08,8.73567e-07,0.000199997,0
-0.360632,0.282854,1.6343,-0.356702,0.283278,1.63343,0.00520567,0.00368235,0.0201297,2.33904,0.0002,-5.22673e-10,-6.50697e-08,-5.22673e-10,0.000200007,8.47991e-07,-6.50697e-08,8.47991e-07,0.000199997,0
-0.358166,0.28298,1.63382,-0.356707,0.283271,1.63344,0.0016429,0.00346351,0.0190367,2.33516,0.0002,-4.15819e-10,-4.84127e-08,-4.15819e-10,0.000200006,8.11683e-07,-4.84127e-08,8.11683e-07,0.000199997,0
-0.356127,0.283105,1.63373,-0.356691,0.283271,1.63338,0.00368136,0.0035888,0.0189488,2.33516,0.0002,-3.5922e-10,-4.17663e-08,-3.5922e-10,0.000200006,7.98422e-07,-4.17663e-08,7.98422e-07,0.000199998,0
-0.354473,0.283224,1.63395,-0.356672,0.283251,1.63331,0.00533581,0.00370706,0.0191751,2.34035,0.0002,-3.37673e-10,-4.12084e-08,-3.37673e-10,0.000200006,7.93113e-07,-4.12084e-08,7.93113e-07,0.000199998,0
-0.352979,0.283329,1.63434,-0.35667,0.28325,1.63331,0.00271536,0.00335193,0.0137238,2.33128,0.0002,-3.40562e-10,-4.27241e-08,-3.40562e-10,0.000200006,8.16879e-07,-4.27241e-08,8.16879e-07,0.000199998,0
-0.351762,0.283441,1.63455,-0.356659,0.283277,1.63328,0.00393239,0.00346446,0.013926,2.35203,0.0002,-3.66038e-10,-4.73887e-08,-3.66038e-10,0.000200006,8.35264e-07,-4.73887e-08,8.35264e-07,0.000199998,0
-0.348667,0.283694,1.635,-0.346376,0.28416,1.63628,0.000951299,0.00332512,0.0154067,2.51034,0.0002,-3.75284e-10,-4.75712e-08,-3.75284e-10,0.000200007,8.57439e-07,-4.75712e-08,8.57439e-07,0.000199998,0
-0.346119,0.28407,1.63535,-0.346386,0.28415,1.63625,0.00349925,0.00370104,0.015761,2.51034,0.0002,-5.49585e-10,-7.5879e-08,-5.49585e-10,0.000200007,8.83458e-07,-7.5879e-08,8.83458e-07,0.000199997,0
-0.344095,0.284325,1.63533,-0.34636,0.284033,1.63627,0.00552285,0.0039565,0.0157385,2.48133,0.0002,-6.69152e-10,-9.03695e-08,-6.69152e-10,0.000200007,8.96934e-07,-9.03695e-08,8.96934e-07,0.000199997,0
-0.342583,0.284523,1.635,-0.346368,0.284136,1.63625,0.00118277,0.00426264,0.0111954,2.50647,0.0002,-7.23146e-10,-9.50245e-08,-7.23146e-10,0.000200007,8.88811e-07,-9.50245e-08,8.88811e-07,0.000199997,0
-0.341515,0.284544,1.63483,-0.346371,0.284036,1.63626,0.00225044,0.00428421,0.0110348,2.47747,0.0002,-6.41379e-10,-7.94413e-08,-6.41379e-10,0.000200007,8.60928e-07,-7.94413e-08,8.60928e-07,0.000199997,0
-0.33831,0.284785,1.63343,-0.334534,0.285517,1.62835,0.000458684,0.0036965,0.0154847,2.34098,0.0002,-5.177e-10,-5.91281e-08,-5.177e-10,0.000200007,8.40334e-07,-5.91281e-08,8.40334e-07,0.000199997,0
-0.335681,0.285078,1.6325,-0.334607,0.285571,1.62825,0.00308769,0.00398896,0.0145515,2.33259,0.0002,-5.04352e-10,-6.02379e-08,-5.04352e-10,0.000200007,8.39897e-07,-6.02379e-08,8.39897e-07,0.000199997,0
-0.333456,0.285289,1.63228,-0.334537,0.285538,1.6283,0.00531248,0.00420003,0.0143321,2.35593,0.0002,-4.89982e-10,-5.85275e-08,-4.89982e-10,0.000200007,8.56819e-07,-5.85275e-08,8.56819e-07,0.000199997,0
-0.331606,0.285427,1.632,-0.334509,0.28547,1.62826,0.00152128,0.00413476,0.0142956,2.32931,0.0002,-4.675e-10,-5.45587e-08,-4.675e-10,0.000200007,8.78057e-07,-5.45587e-08,8.78057e-07,0.000199997,0
-0.330108,0.2856,1.63123,-0.334507,0.28546,1.62817,0.00301931,0.00430796,0.0135313,2.31702,0.0002,-5.10475e-10,-6.21099e-08,-5.10475e-10,0.000200007,8.94438e-07,-6.21099e-08,8.94438e-07,0.000199997,0
-0.328848,0.285763,1.63052,-0.334513,0.285461,1.62817,-0.00243232,0.00454708,0.0182256,2.31702,0.0002,-5.73185e-10,-7.0658e-08,-5.73185e-10,0.000200008,9.14931e-07,-7.0658e-08,9.14931e-07,0.000199997,0
-0.325081,0.286173,1.63029,-0.320693,0.286443,1.62782,0.00133453,0.00495704,0.0179976,1.59263,0.0002,-7.0549e-10,-8.96495e-08,-7.0549e-10,0.000200008,9.27235e-07,-8.96495e-08,9.27235e-07,0.000199997,0
-0.322189,0.286446,1.62948,-0.320677,0.286418,1.62781,0.00422651,0.00523049,0.0171905,1.58472,0.0002,-7.46819e-10,-9.34599e-08,-7.46819e-10,0.000200008,9.15171e-07,-9.34599e-08,9.15171e-07,0.000199997,0
-0.319948,0.286619,1.62882,-0.320627,0.286431,1.62776,0.00335817,0.0052856,0.0145549,1.58631,0.0002,-7.21015e-10,-8.80507e-08,-7.21015e-10,0.000200008,8.94286e-07,-8.80507e-08,8.94286e-07,0.000199997,0
-0.318274,0.286661,1.6283,-0.320612,0.286412,1.62774,0.00503165,0.00532728,0.0140269,1.58077,0.0002,-6.03002e-10,-6.96194e-08,-6.03002e-10,0.000200007,8.61337e-07,-6.96194e-08,8.61337e-07,0.000199997,0
-0.316892,0.286699,1.62808,-0.320604,0.286427,1.62775,0.00204909,0.0049446,0.00750357,1.5784,0.0002,-5.17197e-10,-5.81359e-08,-5.17197e-10,0.000200007,8.47049e-07,-5.81359e-08,8.47049e-07,0.000199997,0
-0.313732,0.286821,1.63006,-0.311085,0.286913,1.63691,0.00520868,0.00506686,0.00947535,1.98602,0.0002,-4.49506e-10,-4.88108e-08,-4.49506e-10,0.000200007,8.61882e-07,-4.88108e-08,8.61882e-07,0.000199997,0
-0.311184,0.286905,1.63173,-0.311095,0.286934,1.6369,0.0077568,0.00515116,0.0111539,1.98106,0.0002,-3.84577e-10,-4.03202e-08,-3.84577e-10,0.000200007,8.7495e-07,-4.03202e-08,8.7495e-07,0.000199997,0
-0.309128,0.286996,1.63256,-0.31111,0.286927,1.63691,0.00485396,0.00521708,0.00802268,1.98493,0.0002,-3.59101e-10,-3.88232e-08,-3.59101e-10,0.000200007,8.86495e-07,-3.88232e-08,8.86495e-07,0.000199997,0
-0.307445,0.287104,1.63342,-0.311114,0.286871,1.63687,0.0065373,0.00532463,0.00888417,1.96943,0.0002,-3.88112e-10,-4.54342e-08,-3.88112e-10,0.000200007,9.00242e-07,-4.54342e-08,9.00242e-07,0.000199997,0
-0.306101,0.28728,1.63412,-0.311098,0.286893,1.63691,0.00109619,0.00516921,0.00955078,1.97331,0.0002,-4.96192e-10,-6.35385e-08,-4.96192e-10,0.000200008,9.0817e-07,-6.35385e-08,9.0817e-07,0.000199997,0
-0.303293,0.287225,1.63624,-0.302219,0.285886,1.64475,0.00390421,0.00511409,0.0116744,2.46343,0.0002,-5.78607e-10,-7.49258e-08,-5.78607e-10,0.000200008,9.06427e-07,-7.49258e-08,9.06427e-07,0.000199997,0
-0.30116,0.287226,1.63806,-0.302237,0.285814,1.6448,0.0060364,0.00511457,0.013488,2.44405,0.0002,-6.88978e-10,-9.20191e-08,-6.88978e-10,0.000200007,8.87585e-07,-9.20191e-08,8.87585e-07,0.000199997,0
-0.299509,0.286976,1.63972,-0.302293,0.284572,1.64481,0.00212221,0.00525232,0.0156171,2.0832,0.0002,-7.67515e-10,-1.03136e-07,-7.67515e-10,0.000200007,8.68643e-07,-1.03136e-07,8.68643e-07,0.000199997,0
-0.298202,0.286649,1.64095,-0.302296,0.284463,1.64484,0.00342884,0.00492511,0.0168478,2.04444,0.0002,-7.28679e-10,-9.3499e-08,-7.28679e-10,0.000200007,8.54233e-07,-9.3499e-08,8.54233e-07,0.000199997,0
-0.297011,0.286145,1.64228,-0.302231,0.283628,1.64449,-0.000580557,0.00386346,0.0162153,1.81383,0.0002,-6.41253e-10,-7.5721e-08,-6.41253e-10,0.000200007,8.66296e-07,-7.5721e-08,8.66296e-07,0.000199997,0
-0.296015,0.285744,1.64334,-0.302234,0.283617,1.64448,0.000414515,0.00346261,0.0172755,1.81771,0.0002,-5.777e-10,-6.52587e-08,-5.777e-10,0.000200007,8.80783e-07,-6.52587e-08,8.80783e-07,0.000199997,0
-0.292528,0.286042,1.64303,-0.288761,0.286509,1.64078,0.00390234,0.00376104,0.016971,2.24197,0.0002,-5.68335e-10,-6.55287e-08,-5.68335e-10,0.000200007,8.89551e-07,-6.55287e-08,8.89551e-07,0.000199997,0
-0.289695,0.286284,1.64258,-0.288761,0.286508,1.64078,0.000924626,0.00443051,0.0144508,2.24197,0.0002,-5.67924e-10,-6.60091e-08,-5.67924e-10,0.000200007,9.01964e-07,-6.60091e-08,9.01964e-07,0.000199997,0
-0.28758,0.286527,1.64211,-0.288752,0.286496,1.64076,0.00303951,0.00467382,0.0139837,2.24585,0.0002,-6.0644e-10,-7.4602e-08,-6.0644e-10,0.000200007,8.8543e-07,-7.4602e-08,8.8543e-07,0.000199997,0
-0.285864,0.286661,1.64143,-0.288759,0.286502,1.64077,0.0016927,0.00465607,0.0144519,2.24927,0.0002,-5.79926e-10,-6.98942e-08,-5.79926e-10,0.000200007,8.78992e-07,-6.98942e-08,8.78992e-07,0.000199997,0
-0.284433,0.286876,1.64099,-0.288748,0.286492,1.64075,0.00312404,0.00487074,0.014006,2.24197,0.0002,-6.64118e-10,-8.43999e-08,-6.64118e-10,0.000200007,8.83875e-07,-8.43999e-08,8.83875e-07,0.000199997,0
-0.280747,0.286953,1.63989,-0.27606,0.286247,1.63811,0.00680999,0.00494839,0.0129129,1.64195,0.0002,-6.91092e-10,-8.6667e-08,-6.91092e-10,0.000200007,8.875e-07,-8.6667e-08,8.875e-07,0.000199997,0
-0.277921,0.286954,1.63964,-0.276054,0.286207,1.63811,0.00403073,0.00505656,0.011589,1.63797,0.0002,-6.51815e-10,-7.98131e-08,-6.51815e-10,0.000200007,8.69931e-07,-7.98131e-08,8.69931e-07,0.000199997,0
-0.275571,0.286882,1.63955,-0.276064,0.286248,1.63661,0.00638029,0.00498457,0.0115011,1.56219,0.0002,-5.55259e-10,-6.2871e-08,-5.55259e-10,0.000200007,8.73206e-07,-6.2871e-08,8.73206e-07,0.000199997,0
-0.27358,0.286794,1.63957,-0.276042,0.286167,1.63654,0.00359858,0.00461893,0.0101196,1.53368,0.0002,-4.71541e-10,-4.98283e-08,-4.71541e-10,0.000200007,8.92513e-07,-4.98283e-08,8.92513e-07,0.000199997,0
-0.271987,0.286766,1.63896,-0.27603,0.286163,1.63652,0.00519126,0.00459063,0.00951005,1.5268,0.0002,-4.44477e-10,-4.80188e-08,-4.44477e-10,0.000200008,9.04409e-07,-4.80188e-08,9.04409e-07,0.000199997,0
-0.268758,0.286799,1.63855,-0.265917,0.286136,1.63848,0.0084198,0.00462338,0.00910236,2.33644,0.0002,-4.76812e-10,-5.60233e-08,-4.76812e-10,0.000200008,9.0116e-07,-5.60233e-08,9.0116e-07,0.000199997,0
-0.266197,0.286841,1.63853,-0.265914,0.286119,1.63845,0.00466325,0.00500281,0.00945192,2.33863,0.0002,-5.21493e-10,-6.4305e-08,-5.21493e-10,0.000200007,8.95456e-07,-6.4305e-08,8.95456e-07,0.000199997,0
-0.264254,0.286849,1.63821,-0.265917,0.286137,1.63848,0.00660658,0.00501168,0.00913067,2.33644,0.0002,-5.22389e-10,-6.49343e-08,-5.22389e-10,0.000200007,8.75068e-07,-6.49343e-08,8.75068e-07,0.000199997,0
-0.262826,0.286843,1.63774,-0.265913,0.286115,1.63846,0.00192844,0.00509301,0.00882306,2.33863,0.0002,-5.04892e-10,-6.37995e-08,-5.04892e-10,0.000200007,8.41659e-07,-6.37995e-08,8.41659e-07,0.000199997,0
-0.261638,0.286804,1.63737,-0.265915,0.28614,1.63848,0.00311606,0.00505315,0.00845191,2.33253,0.0002,-4.58682e-10,-5.66009e-08,-4.58682e-10,0.000200007,8.27531e-07,-5.66009e-08,8.27531e-07,0.000199997,0
-0.260666,0.28675,1.63738,-0.265916,0.286133,1.63847,0.00408861,0.0049994,0.00846514,2.33823,0.0002,-4.07108e-10,-4.88283e-08,-4.07108e-10,0.000200006,8.22111e-07,-4.88283e-08,8.22111e-07,0.000199998,0
-0.257508,0.286745,1.6375,-0.254754,0.286176,1.63747,0.00259546,0.00472796,0.00681424,2.20936,0.0002,-4.02663e-10,-4.89554e-08,-4.02663e-10,0.000200007,8.4218e-07,-4.89554e-08,8.4218e-07,0.000199998,0
-0.254935,0.286702,1.63801,-0.254746,0.286176,1.63744,0.00516839,0.00468445,0.00731769,2.20936,0.0002,-3.68553e-10,-4.29047e-08,-3.68553e-10,0.000200007,8.62262e-07,-4.29047e-08,8.62262e-07,0.000199997,0
-0.25282,0.28671,1.63811,-0.254775,0.286256,1.63747,0.00224741,0.00426568,0.00598588,2.21902,0.0002,-3.6814e-10,-4.31535e-08,-3.6814e-10,0.000200007,8.8507e-07,-4.31535e-08,8.8507e-07,0.000199997,0
-0.251201,0.286718,1.63767,-0.254824,0.28639,1.63746,0.00386711,0.00427372,0.00554587,2.25809,0.0002,-3.41403e-10,-3.90514e-08,-3.41403e-10,0.000200007,8.89715e-07,-3.90514e-08,8.89715e-07,0.000199997,0
-0.2499,0.286716,1.63774,-0.254803,0.286353,1.63754,0.00516721,0.00427193,0.00562407,2.25027,0.0002,-3.20858e-10,-3.64512e-08,-3.20858e-10,0.000200007,8.92688e-07,-3.64512e-08,8.92688e-07,0.000199997,0
-0.246669,0.286973,1.63911,-0.243701,0.287092,1.64457,0.00217659,0.00449521,0.00856915,2.44366,0.0002,-4.02162e-10,-5.15213e-08,-4.02162e-10,0.000200007,8.90056e-07,-5.15213e-08,8.90056e-07,0.000199997,0
-0.244086,0.287224,1.64,-0.243698,0.287093,1.64458,0.00475942,0.00474566,0.00945552,2.43974,0.0002,-5.08667e-10,-6.83097e-08,-5.08667e-10,0.000200007,8.87878e-07,-6.83097e-08,8.87878e-07,0.000199997,0
-0.242017,0.28738,1.64112,-0.243698,0.287084,1.64457,0.0037853,0.00490777,0.00611764,2.44366,0.0002,-5.54669e-10,-7.27107e-08,-5.54669e-10,0.000200007,8.86906e-07,-7.27107e-08,8.86906e-07,0.000199997,0
-0.240497,0.287563,1.64168,-0.243834,0.287295,1.64443,0.00530558,0.00509026,0.0066766,2.47931,0.0002,-5.93265e-10,-7.79627e-08,-5.93265e-10,0.000200007,8.6905e-07,-7.79627e-08,8.6905e-07,0.000199997,0
-0.239164,0.287611,1.64242,-0.24382,0.287296,1.64438,0.00663816,0.00513815,0.00742435,2.48323,0.0002,-5.41313e-10,-6.58454e-08,-5.41313e-10,0.000200007,8.75775e-07,-6.58454e-08,8.75775e-07,0.000199997,0
-0.237941,0.287534,1.64327,-0.243705,0.287096,1.6446,0.00786074,0.00506163,0.00827301,2.43974,0.0002,-4.35835e-10,-4.63059e-08,-4.35835e-10,0.000200007,9.01411e-07,-4.63059e-08,9.01411e-07,0.000199997,0
-0.235067,0.287414,1.64494,-0.234107,0.286673,1.65006,0.0107355,0.00494173,0.00993992,2.99095,0.0002,-3.68494e-10,-3.71925e-08,-3.68494e-10,0.000200008,9.14172e-07,-3.71925e-08,9.14172e-07,0.000199997,0
-0.232913,0.287438,1.64586,-0.234155,0.286671,1.65004,0.00715109,0.00406074,0.0156361,2.99603,0.0002,-4.26056e-10,-5.06017e-08,-4.26056e-10,0.000200008,9.00456e-07,-5.06017e-08,9.00456e-07,0.000199997,0
-0.231213,0.287449,1.64628,-0.234169,0.286736,1.65003,0.0088511,0.00407132,0.0160553,3.01902,0.0002,-4.51672e-10,-5.57028e-08,-4.51672e-10,0.000200007,8.88524e-07,-5.57028e-08,8.88524e-07,0.000199997,0
-0.229931,0.287436,1.64703,-0.234133,0.286665,1.65006,-0.00267451,0.00348412,0.0162717,2.98546,0.0002,-4.62136e-10,-5.82334e-08,-4.62136e-10,0.000200007,8.67291e-07,-5.82334e-08,8.67291e-07,0.000199997,0
-0.228887,0.287408,1.64753,-0.234154,0.286668,1.65005,-0.00162999,0.00345616,0.0167711,2.9922,0.0002,-4.54321e-10,-5.69055e-08,-4.54321e-10,0.000200007,8.5734e-07,-5.69055e-08,8.5734e-07,0.000199997,0
-0.225536,0.287875,1.64689,-0.220995,0.288441,1.64328,0.00172038,0.00392307,0.016128,3.05689,0.0002,-5.64804e-10,-7.87679e-08,-5.64804e-10,0.000200007,8.32156e-07,-7.87679e-08,8.32156e-07,0.000199997,0
-0.222876,0.288183,1.64606,-0.221015,0.288438,1.64324,-0.00102217,0.00394934,0.0112856,3.054,0.0002,-5.89625e-10,-8.20286e-08,-5.89625e-10,0.000200006,8.13464e-07,-8.20286e-08,8.13464e-07,0.000199998,0
-0.220647,0.2883,1.6456,-0.220982,0.288404,1.64327,0.00120698,0.00406675,0.0108331,3.05263,0.0002,-5.1013e-10,-6.46176e-08,-5.1013e-10,0.000200006,8.16631e-07,-6.46176e-08,8.16631e-07,0.000199998,0
-0.218848,0.288381,1.64553,-0.221021,0.288442,1.64318,0.00300538,0.00414777,0.0107622,3.05563,0.0002,-4.29161e-10,-5.0318e-08,-4.29161e-10,0.000200006,8.22309e-07,-5.0318e-08,8.22309e-07,0.000199998,0
-0.217271,0.288407,1.64528,-0.220977,0.288412,1.64325,-1.56087e-05,0.00391005,0.00819265,3.05645,0.0002,-3.41262e-10,-3.58098e-08,-3.41262e-10,0.000200007,8.46818e-07,-3.58098e-08,8.46818e-07,0.000199998,0
-0.215968,0.28843,1.64467,-0.220986,0.288406,1.64324,0.0012873,0.00393298,0.00757803,3.06022,0.0002,-2.74164e-10,-2.67836e-08,-2.74164e-10,0.000200007,8.69294e-07,-2.67836e-08,8.69294e-07,0.000199997,0
-0.212932,0.288605,1.64312,-0.211085,0.288676,1.63847,-0.00154885,0.00427843,0.00793787,3.25494,0.0002,-3.21772e-10,-3.79839e-08,-3.21772e-10,0.000200007,8.85826e-07,-3.79839e-08,8.85826e-07,0.000199997,0
-0.210619,0.288843,1.64177,-0.211096,0.288682,1.63845,0.000764273,0.00451635,0.00658998,3.25494,0.0002,-4.46098e-10,-6.03506e-08,-4.46098e-10,0.000200007,8.78247e-07,-6.03506e-08,8.78247e-07,0.000199997,0
-0.20883,0.289048,1.6408,-0.211079,0.288678,1.63848,0.00255327,0.00472115,0.00562098,3.25869,0.0002,-5.51769e-10,-7.69607e-08,-5.51769e-10,0.000200007,8.63016e-07,-7.69607e-08,8.63016e-07,0.000199997,0
-0.207392,0.289084,1.64043,-0.211093,0.288684,1.63844,-0.00203096,0.00342028,0.00327291,3.25494,0.0002,-5.16884e-10,-6.70854e-08,-5.16884e-10,0.000200007,8.54716e-07,-6.70854e-08,8.54716e-07,0.000199997,0
-0.206287,0.289195,1.64077,-0.211077,0.288687,1.63849,-0.000926138,0.00353089,0.00360965,3.25494,0.0002,-5.55987e-10,-7.39885e-08,-5.55987e-10,0.000200007,8.41648e-07,-7.39885e-08,8.41648e-07,0.000199997,0
-0.202977,0.289537,1.6423,-0.199281,0.290221,1.64532,-0.000134546,0.00350332,0.0060919,3.29176,0.0002,-5.38847e-10,-6.90047e-08,-5.38847e-10,0.000200007,8.44185e-07,-6.90047e-08,8.44185e-07,0.000199997,0
-0.200187,0.289694,1.64351,-0.19926,0.290218,1.64523,0.00265465,0.00365987,0.00729849,3.29176,0.0002,-4.28288e-10,-4.73913e-08,-4.28288e-10,0.000200007,8.67615e-07,-4.73913e-08,8.67615e-07,0.000199997,0
-0.197859,0.289697,1.64447,-0.199247,0.290208,1.64519,0.00498278,0.00366341,0.00825695,3.29176,0.0002,-2.28469e-10,-1.45884e-08,-2.28469e-10,0.000200007,8.97682e-07,-1.45884e-08,8.97682e-07,0.000199997,0
-0.196036,0.289659,1.6444,-0.199248,0.290217,1.64515,0.000968314,0.00314746,0.00951721,3.29176,0.0002,-2.23251e-11,1.37192e-08,-2.23251e-11,0.000200008,9.10634e-07,1.37192e-08,9.10634e-07,0.000199997,0
-0.194515,0.289651,1.64402,-0.199245,0.290206,1.64512,0.00248947,0.0031404,0.00914381,3.29176,0.0002,1.15506e-10,2.78513e-08,1.15506e-10,0.000200008,9.28847e-07,2.78513e-08,9.28847e-07,0.000199997,0
-0.190688,0.2896,1.64293,-0.18582,0.289283,1.64062,0.000444768,0.00363918,0.00554841,3.24893,0.0002,7.62209e-11,1.39616e-08,7.62209e-11,0.000200008,9.28585e-07,1.39616e-08,9.28585e-07,0.000199997,0
-0.1877,0.289424,1.64204,-0.185815,0.289278,1.64058,0.00343192,0.00346258,0.00466469,3.24126,0.0002,1.68331e-10,2.67798e-08,1.68331e-10,0.000200008,9.16304e-07,2.67798e-08,9.16304e-07,0.000199997,0
-0.185539,0.289214,1.6414,-0.186024,0.289329,1.64035,-0.00127633,0.00327216,0.00547628,3.24339,0.0002,3.03547e-10,4.75794e-08,3.03547e-10,0.000200007,8.78601e-07,4.75794e-08,8.78601e-07,0.000199997,0
-0.183976,0.28899,1.64088,-0.186018,0.289322,1.64035,0.000287148,0.00304795,0.00495582,3.24602,0.0002,4.39568e-10,6.97805e-08,4.39568e-10,0.000200007,8.2777e-07,6.97805e-08,8.2777e-07,0.000199997,0
-0.182568,0.288755,1.64099,-0.185999,0.289314,1.64042,0.00169466,0.00281285,0.00507212,3.23836,0.0002,5.93907e-10,9.2466e-08,5.93907e-10,0.000200007,8.19726e-07,9.2466e-08,8.19726e-07,0.000199997,0
-0.181391,0.288442,1.64129,-0.185998,0.289312,1.6404,-0.00118498,0.00264454,0.00273829,3.23836,0.0002,8.22059e-10,1.26764e-07,8.22059e-10,0.000200006,8.22828e-07,1.26764e-07,8.22828e-07,0.000199997,0
-0.178265,0.288086,1.64208,-0.175263,0.288325,1.64422,0.00194114,0.00228839,0.00353297,3.20333,0.0002,9.263e-10,1.34643e-07,9.263e-10,0.000200007,8.30643e-07,1.34643e-07,8.30643e-07,0.000199998,0
-0.175731,0.287783,1.64261,-0.175212,0.288329,1.64422,0.00447511,0.00198558,0.00406506,3.20333,0.0002,1.02059e-09,1.42635e-07,1.02059e-09,0.000200007,8.39318e-07,1.42635e-07,8.39318e-07,0.000199998,0
-0.173674,0.28761,1.64319,-0.175475,0.288434,1.64394,0.000624446,0.00264848,0.00627182,3.20031,0.0002,1.05689e-09,1.39735e-07,1.05689e-09,0.000200007,8.58e-07,1.39735e-07,8.58e-07,0.000199997,0
-0.171991,0.28752,1.64323,-0.175481,0.28844,1.64392,0.00230787,0.00255814,0.00631499,3.20778,0.0002,1.04365e-09,1.3058e-07,1.04365e-09,0.000200007,8.76257e-07,1.3058e-07,8.76257e-07,0.000199997,0
-0.170571,0.287303,1.64317,-0.17549,0.288433,1.64395,-0.00241582,0.00330752,0.00632154,3.20404,0.0002,1.17443e-09,1.47774e-07,1.17443e-09,0.000200007,8.99839e-07,1.47774e-07,8.99839e-07,0.000199997,0
-0.16722,0.286637,1.64368,-0.164707,0.285631,1.6452,0.00093549,0.00264222,0.00682945,3.33779,0.0002,1.2224e-09,1.47745e-07,1.2224e-09,0.000200008,9.24395e-07,1.47745e-07,9.24395e-07,0.000199997,0
-0.164602,0.286017,1.64399,-0.164841,0.28563,1.6447,-0.00239815,0.00288116,0.00535732,3.32606,0.0002,1.33632e-09,1.61623e-07,1.33632e-09,0.000200008,9.34342e-07,1.61623e-07,9.34342e-07,0.000199997,0
-0.162586,0.28522,1.64384,-0.164919,0.285637,1.64481,-0.000382256,0.00208421,0.00521116,3.31846,0.0002,1.70998e-09,2.19087e-07,1.70998e-09,0.000200008,9.30582e-07,2.19087e-07,9.30582e-07,0.000199997,0
-0.161204,0.284604,1.64316,-0.165322,0.28569,1.6446,0.00100006,0.00146787,0.00453509,3.29135,0.000200001,1.95163e-09,2.54447e-07,1.95163e-09,0.000200008,9.04078e-07,2.54447e-07,9.04078e-07,0.000199997,0
-0.160172,0.284191,1.64264,-0.165235,0.285699,1.64466,-0.000765474,0.00211429,0.00505642,3.28765,0.000200001,2.0284e-09,2.64677e-07,2.0284e-09,0.000200007,8.72489e-07,2.64677e-07,8.72489e-07,0.000199997,0
-0.159401,0.283811,1.6424,-0.165309,0.285688,1.64458,5.68454e-06,0.00173512,0.00482322,3.2898,0.000200001,2.10574e-09,2.78577e-07,2.10574e-09,0.000200007,8.45939e-07,2.78577e-07,8.45939e-07,0.000199997,0
-0.155971,0.282813,1.64147,-0.150988,0.283215,1.63926,0.00343489,0.00073658,0.00388729,3.21612,0.000200001,2.31063e-09,3.18707e-07,2.31063e-09,0.000200007,8.2096e-07,3.18707e-07,8.2096e-07,0.000199997,0
-0.153305,0.281934,1.64066,-0.151401,0.283242,1.63899,0.000735489,0.00190222,0.00359389,3.18082,0.000200001,2.5359e-09,3.58231e-07,2.5359e-09,0.000200006,8.05798e-07,3.58231e-07,8.05798e-07,0.000199997,0
-0.151094,0.281194,1.64038,-0.151658,0.283238,1.63871,0.00294658,0.00116308,0.00330766,3.16967,0.000200001,2.7845e-09,3.88969e-07,2.7845e-09,0.000200006,8.16896e-07,3.88969e-07,8.16896e-07,0.000199997,0
-0.149339,0.280504,1.64018,-0.152078,0.283253,1.63837,-0.000270215,0.00223918,0.0074552,3.12204,0.000200002,3.09487e-09,4.2495e-07,3.09487e-09,0.000200007,8.35346e-07,4.2495e-07,8.35346e-07,0.000199997,0
-0.14793,0.27991,1.63982,-0.152071,0.283258,1.63834,0.00113828,0.00164507,0.00708694,3.12204,0.000200002,3.37503e-09,4.54909e-07,3.37503e-09,0.000200007,8.47546e-07,4.54909e-07,8.47546e-07,0.000199997,0
-0.144222,0.278447,1.63882,-0.138517,0.278383,1.6348,-0.00100294,0.00355293,0.0078275,3.56693,0.000200002,3.53217e-09,4.75606e-07,3.53217e-09,0.000200007,8.34915e-07,4.75606e-07,8.34915e-07,0.000199997,0
-0.142176,0.277283,1.63774,-0.142696,0.278671,1.63134,0.00104317,0.00238826,0.00674814,3.42762,0.000200002,3.64211e-09,4.96715e-07,3.64211e-09,0.000200006,8.13627e-07,4.96715e-07,8.13627e-07,0.000199997,0
-0.140626,0.276376,1.63689,-0.143337,0.27879,1.63037,0.00259292,0.0014812,0.00589546,3.45796,0.000200002,3.73741e-09,5.09994e-07,3.73741e-09,0.000200006,8.06636e-07,5.09994e-07,8.06636e-07,0.000199997,0
-0.139384,0.275606,1.63662,-0.143336,0.27879,1.63039,-0.00121926,0.00346437,0.001172,3.4542,0.000200002,3.84261e-09,5.25379e-07,3.84261e-09,0.000200006,8.02555e-07,5.25379e-07,8.02555e-07,0.000199997,0
-0.138404,0.274883,1.63651,-0.14333,0.278791,1.63036,-0.000239379,0.00274122,0.00105835,3.45738,0.000200003,4.00204e-09,5.52471e-07,4.00204e-09,0.000200006,7.97665e-07,5.52471e-07,7.97665e-07,0.000199997,0
-0.137656,0.274177,1.6358,-0.143339,0.278799,1.63038,0.000508803,0.00203478,0.000350375,3.45399,0.000200003,4.21029e-09,5.90888e-07,4.21029e-09,0.000200006,7.88904e-07,5.90888e-07,7.88904e-07,0.000199997,0
-0.133919,0.272076,1.63541,-0.12733,0.271024,1.63384,-0.00147301,0.00410951,-0.00187678,3.45221,0.000200003,4.31142e-09,6.13119e-07,4.31142e-09,0.000200006,7.72567e-07,6.13119e-07,7.72567e-07,0.000199997,0
-0.130964,0.270459,1.63519,-0.127584,0.271016,1.63378,0.00148242,0.00249203,-0.00209587,3.44179,0.000200003,4.34028e-09,6.17006e-07,4.34028e-09,0.000200006,7.64785e-07,6.17006e-07,7.64785e-07,0.000199997,0
-0.129462,0.269186,1.63416,-0.132108,0.271341,1.62949,-0.00232451,0.00558867,-0.00260248,3.33809,0.000200004,4.41823e-09,6.25907e-07,4.41823e-09,0.000200006,7.66988e-07,6.25907e-07,7.66988e-07,0.000199997,0
-0.12824,0.268213,1.63393,-0.132197,0.271345,1.62939,-0.00110245,0.00461513,-0.00283114,3.3344,0.000200004,4.46614e-09,6.24446e-07,4.46614e-09,0.000200006,7.74692e-07,6.24446e-07,7.74692e-07,0.000199997,0
-0.127283,0.267367,1.63324,-0.132218,0.271333,1.62944,-0.00475568,0.0079663,-0.0112022,3.3344,0.000200004,4.54266e-09,6.34164e-07,4.54266e-09,0.000200006,7.76677e-07,6.34164e-07,7.76677e-07,0.000199997,0
-0.12341,0.264746,1.6334,-0.116268,0.261625,1.63401,-0.000882812,0.00534582,-0.0110441,3.35965,0.000200004,4.54811e-09,6.415e-07,4.54811e-09,0.000200006,7.64138e-07,6.415e-07,7.64138e-07,0.000199997,0
-0.120337,0.262715,1.6335,-0.116592,0.261725,1.63389,0.00219037,0.00331453,-0.0109441,3.32625,0.000200004,4.53945e-09,6.38934e-07,4.53945e-09,0.000200005,7.62517e-07,6.38934e-07,7.62517e-07,0.000199997,0
-0.118876,0.261139,1.63267,-0.12178,0.261975,1.62937,0.00109911,0.00421989,-0.00161097,3.17474,0.000200004,4.55715e-09,6.36837e-07,4.55715e-09,0.000200006,7.68297e-07,6.36837e-07,7.68297e-07,0.000199997,0
-0.117684,0.259858,1.63231,-0.121768,0.261977,1.62933,0.0022917,0.00293854,-0.00196995,3.17474,0.000200004,4.60195e-09,6.38803e-07,4.60195e-09,0.000200006,7.75503e-07,6.38803e-07,7.75503e-07,0.000199997,0
-0.116696,0.258813,1.63215,-0.122032,0.262068,1.62895,0.00327978,0.00189364,-0.002125,3.21148,0.000200004,4.72672e-09,6.46037e-07,4.72672e-09,0.000200006,7.94102e-07,6.46037e-07,7.94102e-07,0.000199996,0
-0.112601,0.255981,1.63289,-0.105003,0.252206,1.63376,-0.000314732,0.00499872,-0.00328717,3.26163,0.000200004,4.7767e-09,6.55201e-07,4.7767e-09,0.000200006,7.89164e-07,6.55201e-07,7.89164e-07,0.000199996,0
-0.109388,0.253741,1.63318,-0.104992,0.252248,1.63379,0.00289896,0.00275954,-0.00300278,3.27047,0.000200004,4.75309e-09,6.58206e-07,4.75309e-09,0.000200006,7.75687e-07,6.58206e-07,7.75687e-07,0.000199996,0
-0.108134,0.252078,1.63239,-0.111751,0.252469,1.62873,0.00160327,0.00407551,-0.00860136,3.01247,0.000200004,4.68577e-09,6.4604e-07,4.68577e-09,0.000200006,7.73072e-07,6.4604e-07,7.73072e-07,0.000199996,0
-0.107141,0.250744,1.63195,-0.111795,0.252457,1.62866,0.00259618,0.00274147,-0.00903871,3.0088,0.000200004,4.63202e-09,6.384e-07,4.63202e-09,0.000200006,7.7128e-07,6.384e-07,7.7128e-07,0.000199996,0
-0.106317,0.249547,1.63123,-0.111683,0.252445,1.62886,-0.00216354,0.00554674,-0.00580301,3.00791,0.000200004,4.69943e-09,6.54157e-07,4.69943e-09,0.000200006,7.71163e-07,6.54157e-07,7.71163e-07,0.000199996,0
-0.105654,0.248551,1.63038,-0.111889,0.252455,1.62855,-0.00150074,0.00455069,-0.00664985,3.00145,0.000200004,4.81898e-09,6.70899e-07,4.81898e-09,0.000200006,7.78049e-07,6.70899e-07,7.78049e-07,0.000199996,0
-0.101934,0.245351,1.63359,-0.0954352,0.239871,1.64745,0.00221956,0.00135027,-0.00344186,2.86422,0.000200004,4.7534e-09,6.65841e-07,4.7534e-09,0.000200006,7.6428e-07,6.65841e-07,7.6428e-07,0.000199996,0
-0.0989788,0.242858,1.63667,-0.095426,0.239883,1.64746,0.000170474,0.00326784,-0.00628705,2.85681,0.000200004,4.63086e-09,6.51601e-07,4.63086e-09,0.000200005,7.52336e-07,6.51601e-07,7.52336e-07,0.000199996,0
-0.0973759,0.240872,1.63854,-0.098913,0.239834,1.64603,0.00177338,0.00128236,-0.00441739,2.59449,0.000200004,4.47704e-09,6.39053e-07,4.47704e-09,0.000200005,7.34888e-07,6.39053e-07,7.34888e-07,0.000199997,0
-0.0966611,0.2392,1.63924,-0.102087,0.239718,1.64256,0.00248818,-0.00038952,-0.00372046,2.68077,0.000200004,4.44983e-09,6.40078e-07,4.44983e-09,0.000200005,7.34984e-07,6.40078e-07,7.34984e-07,0.000199997,0
-0.0959991,0.237785,1.63979,-0.102093,0.239724,1.64255,-0.00185609,0.0022665,-0.00336565,2.68077,0.000200004,4.55626e-09,6.53202e-07,4.55626e-09,0.000200005,7.49717e-07,6.53202e-07,7.49717e-07,0.000199997,0
-0.0914367,0.235172,1.63833,-0.0821264,0.232546,1.63297,0.00270631,-0.000347066,-0.00482872,3.29542,0.000200004,4.70811e-09,6.67767e-07,4.70811e-09,0.000200005,7.66539e-07,6.67767e-07,7.66539e-07,0.000199997,0
-0.0898689,0.233213,1.63591,-0.0920521,0.232847,1.62574,-0.00068407,0.00256118,-0.00152555,3.21518,0.000200004,4.70172e-09,6.64773e-07,4.70172e-09,0.000200005,7.62502e-07,6.64773e-07,7.62502e-07,0.000199996,0
-0.0886827,0.231702,1.63386,-0.0920438,0.232838,1.62565,0.000502164,0.00104988,-0.00357971,3.21064,0.000200004,4.59951e-09,6.54024e-07,4.59951e-09,0.000200005,7.48461e-07,6.54024e-07,7.48461e-07,0.000199997,0
-0.0877566,0.230517,1.63191,-0.0920391,0.232867,1.62568,-0.00408998,0.00430744,-0.00205833,3.22237,0.000200004,4.48775e-09,6.44597e-07,4.48775e-09,0.000200005,7.35305e-07,6.44597e-07,7.35305e-07,0.000199997,0
-0.0869935,0.22955,1.63025,-0.0920339,0.232878,1.62568,-0.00332693,0.00334036,-0.00372044,3.21877,0.000200004,4.43252e-09,6.42287e-07,4.43252e-09,0.000200005,7.30019e-07,6.42287e-07,7.30019e-07,0.000199997,0
-0.0821788,0.22682,1.63066,-0.071255,0.223277,1.63332,0.00148779,0.00061053,-0.00330854,3.43943,0.000200004,4.45359e-09,6.47565e-07,4.45359e-09,0.000200005,7.33511e-07,6.47565e-07,7.33511e-07,0.000199997,0
-0.0783864,0.224611,1.63089,-0.0712418,0.223275,1.63332,0.00305771,0.000474806,-0.00262367,3.4464,0.000200004,4.44964e-09,6.54872e-07,4.44964e-09,0.000200005,7.25823e-07,6.54872e-07,7.25823e-07,0.000199997,0
-0.0777207,0.222954,1.62951,-0.0823963,0.223464,1.62557,0.00372335,-0.00118254,-0.00400071,3.34169,0.000200004,4.29847e-09,6.4712e-07,4.29847e-09,0.000200005,6.99761e-07,6.4712e-07,6.99761e-07,0.000199997,0
-0.0771891,0.221627,1.6282,-0.0823964,0.223464,1.62556,0.00425494,-0.00250933,-0.00531084,3.34169,0.000200004,4.18077e-09,6.42543e-07,4.18077e-09,0.000200005,6.82709e-07,6.42543e-07,6.82709e-07,0.000199997,0
-0.076926,0.220513,1.62695,-0.0823653,0.223467,1.62558,-0.000537482,0.000619277,-0.0149313,3.34169,0.000200004,4.01464e-09,6.48316e-07,4.01464e-09,0.000200004,6.44638e-07,6.48316e-07,6.44638e-07,0.000199997,0
-0.0767858,0.219593,1.62626,-0.082398,0.223452,1.62556,-0.000397285,-0.000300717,-0.0156242,3.33812,0.000200004,3.85897e-09,6.56156e-07,3.85897e-09,0.000200004,6.10064e-07,6.56156e-07,6.10064e-07,0.000199997,0
-0.072575,0.216965,1.62814,-0.0619458,0.214177,1.63565,-0.00136711,0.00150189,-0.0114582,3.20133,0.000200004,3.76767e-09,6.68004e-07,3.76767e-09,0.000200003,5.88272e-07,6.68004e-07,5.88272e-07,0.000199997,0
-0.0692862,0.21486,1.62944,-0.06193,0.214184,1.63564,0.00192162,-0.000602957,-0.0101592,3.21244,0.000200004,3.64334e-09,6.76042e-07,3.64334e-09,0.000200003,5.61138e-07,6.76042e-07,5.61138e-07,0.000199997,0
-0.0667151,0.213109,1.63058,-0.0619354,0.21418,1.63566,0.000994412,0.00187211,-0.0109049,3.20503,0.000200004,3.54426e-09,6.91712e-07,3.54426e-09,0.000200003,5.34531e-07,6.91712e-07,5.34531e-07,0.000199997,0
-0.066941,0.211783,1.63,-0.0731035,0.214375,1.6282,0.00076851,0.000546408,-0.0114897,3.18996,0.000200004,3.41449e-09,6.95151e-07,3.41449e-09,0.000200003,5.10599e-07,6.95151e-07,5.10599e-07,0.000199997,0
-0.0673185,0.210734,1.62923,-0.0731243,0.214384,1.62822,0.000391036,-0.000502493,-0.0122632,3.18996,0.000200004,3.16973e-09,6.95915e-07,3.16973e-09,0.000200002,4.64261e-07,6.95915e-07,4.64261e-07,0.000199997,0
-0.064722,0.207881,1.63006,-0.0582417,0.204539,1.63543,-0.000412562,0.00139527,-0.00404317,2.22853,0.000200005,2.94103e-09,7.04094e-07,2.94103e-09,0.000200002,4.21214e-07,7.04094e-07,4.21214e-07,0.000199997,0
-0.0627507,0.205569,1.63042,-0.0582525,0.204526,1.63546,0.0015587,-0.000916833,-0.00368362,2.2179,0.000200005,2.69884e-09,7.13664e-07,2.69884e-09,0.000200002,3.76989e-07,7.13664e-07,3.76989e-07,0.000199998,0
-0.0612152,0.20368,1.63112,-0.0582603,0.204553,1.63546,0.00309425,-0.00280651,-0.00298224,2.23208,0.000200005,2.50025e-09,7.26892e-07,2.50025e-09,0.000200001,3.42524e-07,7.26892e-07,3.42524e-07,0.000199998,0
-0.0601909,0.202088,1.6314,-0.0590006,0.204702,1.63561,0.00140792,-5.52878e-05,0.00168671,2.17088,0.000200005,2.34194e-09,7.52921e-07,2.34194e-09,0.000200001,3.11372e-07,7.52921e-07,3.11372e-07,0.000199998,0
-0.0603292,0.200836,1.63125,-0.0634517,0.204727,1.63221,0.00126957,-0.00130738,0.0015379,2.1481,0.000200005,2.16372e-09,7.66734e-07,2.16372e-09,0.000200001,2.81231e-07,7.66734e-07,2.81231e-07,0.000199998,0
-0.0605925,0.199884,1.63103,-0.0634523,0.204701,1.63223,-0.000671923,0.00314666,-0.000290798,2.1516,0.000200005,1.8898e-09,7.66833e-07,1.8898e-09,0.000200001,2.37469e-07,7.66833e-07,2.37469e-07,0.000199998,0
-0.0592775,0.197092,1.62964,-0.0561991,0.194111,1.62616,0.000643085,0.000355417,-0.00167746,1.91629,0.000200005,1.72395e-09,7.52508e-07,1.72395e-09,0.000200001,2.22178e-07,7.52508e-07,2.22178e-07,0.000199998,0
-0.0581981,0.194809,1.62865,-0.0561807,0.194172,1.62623,0.000188183,0.00428564,-0.00103964,1.89893,0.000200005,1.63658e-09,7.53421e-07,1.63658e-09,0.000200001,2.16057e-07,7.53421e-07,2.16057e-07,0.000199998,0
-0.0575975,0.193005,1.62756,-0.0570528,0.1941,1.62579,0.00078883,0.00248167,-0.00212783,1.88795,0.000200005,1.49767e-09,7.48081e-07,1.49767e-09,0.0002,1.97819e-07,7.48081e-07,1.97819e-07,0.000199998,0
-0.0572286,0.191566,1.62698,-0.0578143,0.194107,1.62518,0.00115768,0.0010421,-0.00270812,1.89499,0.000200005,1.42666e-09,7.44312e-07,1.42666e-09,0.0002,1.92791e-07,7.44312e-07,1.92791e-07,0.000199998,0
-0.0568606,0.19031,1.6264,-0.0577958,0.194104,1.62512,0.00119635,0.00223611,-0.00255718,1.89846,0.000200005,1.45187e-09,7.58366e-07,1.45187e-09,0.0002,2.0053e-07,7.58366e-07,2.0053e-07,0.000199998,0
-0.0556661,0.187508,1.62594,-0.053282,0.185116,1.62303,0.00239089,-0.000566328,-0.00302303,1.6933,0.000200005,1.47726e-09,7.67366e-07,1.47726e-09,0.0002,2.05465e-07,7.67366e-07,2.05465e-07,0.000199998,0
-0.0547492,0.185226,1.62577,-0.0532718,0.185138,1.62304,0.00330774,-0.00284874,-0.00318627,1.6933,0.000200006,1.47608e-09,7.80316e-07,1.47608e-09,0.0002,2.02148e-07,7.80316e-07,2.02148e-07,0.000199998,0
-0.0540767,0.183407,1.62575,-0.0532506,0.185087,1.62309,0.00244042,0.00031289,-0.000375044,1.7007,0.000200006,1.4178e-09,7.85775e-07,1.4178e-09,0.0002,1.89632e-07,7.85775e-07,1.89632e-07,0.000199998,0
-0.0535656,0.181975,1.62542,-0.0532748,0.185102,1.62302,0.00295146,-0.00111873,-0.000714328,1.68959,0.000200006,1.3484e-09,7.86084e-07,1.3484e-09,0.0002,1.77919e-07,7.86084e-07,1.77919e-07,0.000199998,0
-0.0531996,0.180877,1.62453,-0.0532663,0.185137,1.62307,0.00173693,0.00311132,-0.00780586,1.7044,0.000200006,1.2494e-09,7.79916e-07,1.2494e-09,0.0002,1.62942e-07,7.79916e-07,1.62942e-07,0.000199998,0
-0.0526242,0.177141,1.62447,-0.0520909,0.171046,1.62734,0.00231232,-0.000624927,-0.00786603,1.58627,0.000200006,1.21557e-09,7.82461e-07,1.21557e-09,0.0002,1.60198e-07,7.82461e-07,1.60198e-07,0.000199998,0
-0.052157,0.174135,1.62431,-0.0521686,0.17106,1.62726,0.00212261,0.00222591,-0.002663,1.58962,0.000200006,1.2137e-09,7.87319e-07,1.2137e-09,0.0002,1.61967e-07,7.87319e-07,1.61967e-07,0.000199998,0
-0.0517871,0.171729,1.62439,-0.0521859,0.171057,1.62729,0.00249253,-0.000179659,-0.00258472,1.58962,0.000200006,1.21487e-09,7.90423e-07,1.21487e-09,0.0002,1.63125e-07,7.90423e-07,1.63125e-07,0.000199998,0
-0.0515373,0.16977,1.62502,-0.0526368,0.171085,1.62706,0.00274235,-0.00213887,-0.00194716,1.60457,0.000200006,1.26275e-09,7.9879e-07,1.26275e-09,0.0002,1.71274e-07,7.9879e-07,1.71274e-07,0.000199998,0
-0.0512296,0.168175,1.62542,-0.0526383,0.171021,1.62702,0.00164444,0.00159496,-3.84585e-05,1.61464,0.000200006,1.39627e-09,8.06586e-07,1.39627e-09,0.0002,1.93814e-07,8.06586e-07,1.93814e-07,0.000199998,0
-0.0509606,0.16691,1.62592,-0.0527369,0.171068,1.62691,0.00191345,0.000330275,0.000464913,1.62135,0.000200006,1.53908e-09,8.11147e-07,1.53908e-09,0.0002,2.1523e-07,8.11147e-07,2.1523e-07,0.000199998,0
-0.0502175,0.163421,1.62524,-0.0501977,0.158784,1.62302,0.00104819,0.00321037,-0.00291023,1.58807,0.000200006,1.67362e-09,8.17266e-07,1.67362e-09,0.0002,2.32555e-07,8.17266e-07,2.32555e-07,0.000199998,0
-0.0497417,0.16071,1.6246,-0.0505505,0.158776,1.62258,0.00152395,0.000499677,-0.00354643,1.5645,0.000200006,1.71385e-09,8.08023e-07,1.71385e-09,0.0002,2.35903e-07,8.08023e-07,2.35903e-07,0.000199998,0
-0.0494122,0.15856,1.62415,-0.050902,0.158759,1.62233,0.00185345,-0.00165005,-0.00400156,1.63184,0.000200006,1.75051e-09,7.98571e-07,1.75051e-09,0.000200001,2.41117e-07,7.98571e-07,2.41117e-07,0.000199998,0
-0.0491647,0.15682,1.62368,-0.0508801,0.158769,1.62235,0.000661406,0.00199876,-0.00475605,1.62511,0.000200006,1.76372e-09,7.96154e-07,1.76372e-09,0.000200001,2.41072e-07,7.96154e-07,2.41072e-07,0.000199998,0
-0.0489724,0.155468,1.62352,-0.0508943,0.158757,1.62234,0.000853704,0.000646345,-0.00492315,1.63184,0.000200006,1.75867e-09,7.87827e-07,1.75867e-09,0.000200001,2.40624e-07,7.87827e-07,2.40624e-07,0.000199998,0
-0.0474745,0.15196,1.62333,-0.0444073,0.147045,1.62206,0.00070888,0.00211254,-0.00284976,1.58773,0.000200006,1.813e-09,7.95748e-07,1.813e-09,0.000200001,2.47806e-07,7.95748e-07,2.47806e-07,0.000199998,0
-0.0467385,0.14917,1.62345,-0.0466035,0.147024,1.62187,0.00144489,-0.000677484,-0.00272867,1.46383,0.000200006,1.83201e-09,7.9758e-07,1.83201e-09,0.000200001,2.48883e-07,7.9758e-07,2.48883e-07,0.000199998,0
-0.0465012,0.146957,1.62294,-0.0482455,0.147016,1.6204,0.00168218,-0.00289115,-0.00323716,1.58164,0.000200006,1.82118e-09,7.95557e-07,1.82118e-09,0.000200001,2.45917e-07,7.95557e-07,2.45917e-07,0.000199998,0
-0.0464689,0.145156,1.62244,-0.0482929,0.147011,1.62043,0.00130698,-0.00179343,-0.00526027,1.57966,0.000200006,1.69418e-09,7.98959e-07,1.69418e-09,0.0002,2.20223e-07,7.98959e-07,2.20223e-07,0.000199998,0
-0.0463304,0.143756,1.62216,-0.0477192,0.147005,1.62104,0.00144542,-0.00319286,-0.00554169,1.46376,0.000200006,1.58097e-09,7.9437e-07,1.58097e-09,0.0002,2.03282e-07,7.9437e-07,2.03282e-07,0.000199998,0
-0.0462203,0.14264,1.62172,-0.0477219,0.147019,1.62102,-0.000218795,0.00163334,-0.00775768,1.46376,0.000200006,1.49383e-09,7.91466e-07,1.49383e-09,0.0002,1.92287e-07,7.91466e-07,1.92287e-07,0.000199998,0
-0.0447201,0.139263,1.62158,-0.0404781,0.135039,1.62305,0.00128136,-0.0017428,-0.00790202,1.77838,0.000200006,1.41271e-09,8.0359e-07,1.41271e-09,0.0002,1.78942e-07,8.0359e-07,1.78942e-07,0.000199998,0
-0.0434627,0.136631,1.62156,-0.0404925,0.135045,1.62303,0.0025388,-0.00437565,-0.00791993,1.77502,0.000200006,1.39017e-09,8.00639e-07,1.39017e-09,0.0002,1.80079e-07,8.00639e-07,1.80079e-07,0.000199998,0
-0.0436231,0.134471,1.62105,-0.0461128,0.135003,1.62058,0.000611267,-0.00123207,-0.0103079,1.93351,0.000200006,1.3504e-09,8.05892e-07,1.3504e-09,0.0002,1.74346e-07,8.05892e-07,1.74346e-07,0.000199998,0
-0.0437263,0.132637,1.62095,-0.0461156,0.134998,1.62057,0.000508075,-0.00306617,-0.0104069,1.93684,0.000200006,1.3628e-09,8.26086e-07,1.3628e-09,0.0002,1.74896e-07,8.26086e-07,1.74896e-07,0.000199998,0
-0.0438279,0.131191,1.62119,-0.0460972,0.135004,1.62058,0.000406465,-0.00451215,-0.0101729,1.93351,0.000200006,1.35195e-09,8.35763e-07,1.35195e-09,0.0002,1.71767e-07,8.35763e-07,1.71767e-07,0.000199998,0
-0.0422675,0.127746,1.62158,-0.0376873,0.123573,1.6226,0.000919973,-0.00232792,-0.00615239,1.93883,0.000200007,1.30665e-09,8.42302e-07,1.30665e-09,0.0002,1.62958e-07,8.42302e-07,1.62958e-07,0.000199998,0
-0.0410837,0.125008,1.62158,-0.0376896,0.12357,1.62262,0.00210381,-0.00506616,-0.00614706,1.93883,0.000200007,1.21058e-09,8.43604e-07,1.21058e-09,0.0002,1.46953e-07,8.43604e-07,1.46953e-07,0.000199997,0
-0.0414016,0.122858,1.62108,-0.0439933,0.123562,1.62014,0.00068659,-0.00137554,-0.00187526,2.10505,0.000200007,1.12769e-09,8.37638e-07,1.12769e-09,0.0002,1.36367e-07,8.37638e-07,1.36367e-07,0.000199997,0
-0.041614,0.121137,1.62048,-0.0439943,0.12355,1.62013,0.00047421,-0.00309588,-0.00248203,2.10832,0.000200006,1.10102e-09,8.33514e-07,1.10102e-09,0.0002,1.36165e-07,8.33514e-07,1.36165e-07,0.000199998,0
-0.0417864,0.119763,1.62021,-0.0440028,0.123563,1.62016,-0.00094062,0.00141486,-0.00345437,2.10619,0.000200006,1.08267e-09,8.30891e-07,1.08267e-09,0.0002,1.35933e-07,8.30891e-07,1.35933e-07,0.000199998,0
-0.0406384,0.116726,1.61889,-0.0377615,0.113863,1.61466,0.000207402,-0.00162297,-0.00476712,1.14514,0.000200006,1.10664e-09,8.28892e-07,1.10664e-09,0.0002,1.42501e-07,8.28892e-07,1.42501e-07,0.000199998,0
-0.0397062,0.114319,1.61816,-0.0377857,0.113873,1.61468,0.00113955,-0.00402933,-0.00550415,1.15047,0.000200006,1.1397e-09,8.241e-07,1.1397e-09,0.0002,1.49666e-07,8.241e-07,1.49666e-07,0.000199998,0
-0.0389165,0.112268,1.61778,-0.0378033,0.113869,1.61469,0.000701167,4.68709e-05,-0.00914451,1.14053,0.000200007,1.22832e-09,8.41133e-07,1.22832e-09,0.0002,1.61884e-07,8.41133e-07,1.61884e-07,0.000199998,0
-0.0383848,0.110705,1.61726,-0.0378573,0.113857,1.61466,0.00123292,-0.00151576,-0.00966292,1.13722,0.000200007,1.20539e-09,8.39119e-07,1.20539e-09,0.0002,1.55264e-07,8.39119e-07,1.55264e-07,0.000199997,0
-0.0380362,0.109452,1.61684,-0.037814,0.113864,1.61466,0.000408982,0.00311607,-0.010918,1.14053,0.000200007,1.1099e-09,8.3849e-07,1.1099e-09,0.0002,1.37272e-07,8.3849e-07,1.37272e-07,0.000199997,0
-0.0377088,0.10841,1.61652,-0.0377912,0.113868,1.6147,0.000736405,0.0020741,-0.0112424,1.14384,0.000200007,1.07778e-09,8.44589e-07,1.07778e-09,0.0002,1.32746e-07,8.44589e-07,1.32746e-07,0.000199997,0
-0.0367445,0.104597,1.61722,-0.034081,0.0987639,1.62055,0.00170076,-0.00173902,-0.0105368,1.517,0.000200007,1.00826e-09,8.42029e-07,1.00826e-09,0.0002,1.2256e-07,8.42029e-07,1.2256e-07,0.000199997,0
-0.035923,0.101502,1.61737,-0.0340593,0.0987409,1.62053,0.00131574,0.00127289,-0.00715152,1.52349,0.000200007,9.99801e-10,8.46872e-07,9.99801e-10,0.0002,1.23209e-07,8.46872e-07,1.23209e-07,0.000199997,0
-0.0362158,0.0990681,1.61699,-0.0387949,0.0987425,1.61909,0.00102292,-0.00116081,-0.0075343,1.65163,0.000200007,9.88127e-10,8.43177e-07,9.88127e-10,0.0002,1.23279e-07,8.43177e-07,1.23279e-07,0.000199997,0
-0.036469,0.0971248,1.61707,-0.0388851,0.0987618,1.61896,0.00104066,-0.000185127,-0.0100215,1.69986,0.000200007,9.80476e-10,8.40806e-07,9.80476e-10,0.0002,1.23364e-07,8.40806e-07,1.23364e-07,0.000199997,0
-0.0363213,0.0955255,1.61771,-0.0371502,0.0987497,1.62079,0.00118845,-0.00178443,-0.00938035,1.37331,0.000200007,9.83167e-10,8.46072e-07,9.83167e-10,0.0002,1.23835e-07,8.46072e-07,1.23835e-07,0.000199997,0
-0.0351878,0.091781,1.61774,-0.0322743,0.086416,1.61731,0.00232192,-0.00552898,-0.00935362,1.66906,0.000200007,1.02509e-09,8.49082e-07,1.02509e-09,0.0002,1.31213e-07,8.49082e-07,1.31213e-07,0.000199997,0
-0.0343442,0.0887972,1.61767,-0.0322676,0.0863838,1.61738,0.00215198,-0.0030675,-0.00863246,1.6788,0.000200007,9.98284e-10,8.48094e-07,9.98284e-10,0.0002,1.25545e-07,8.48094e-07,1.25545e-07,0.000199997,0
-0.0346755,0.0864098,1.61756,-0.0368664,0.0864028,1.61611,0.00182068,-0.00545489,-0.0087397,1.80932,0.000200007,9.01374e-10,8.48094e-07,9.01374e-10,0.0002,1.08377e-07,8.48094e-07,1.08377e-07,0.000199997,0
-0.0349196,0.0845229,1.61716,-0.036864,0.0864067,1.61609,0.000862781,-0.000715753,-0.00855939,1.81254,0.000200007,8.39651e-10,8.4455e-07,8.39651e-10,0.0002,1.00479e-07,8.4455e-07,1.00479e-07,0.000199997,0
-0.0350737,0.0830162,1.61705,-0.0368674,0.0864106,1.61611,0.000708713,-0.00222254,-0.0086674,1.81254,0.000200007,8.30427e-10,8.4197e-07,8.30427e-10,0.0002,1.02181e-07,8.4197e-07,1.02181e-07,0.000199997,0
-0.0352012,0.0817319,1.61677,-0.0368007,0.0863395,1.61667,0.000581169,-0.00350683,-0.00895196,1.74501,0.000200007,8.15504e-10,8.50694e-07,8.15504e-10,0.0002,1.00191e-07,8.50694e-07,1.00191e-07,0.000199997,0
-0.0342598,0.0781469,1.61578,-0.0314627,0.0734515,1.6144,0.000531916,-0.00128667,-0.0111008,1.36062,0.000200007,7.81869e-10,8.53054e-07,7.81869e-10,0.0002,9.51532e-08,8.53054e-07,9.51532e-08,0.000199997,0
-0.0334044,0.075218,1.61509,-0.0314911,0.0734427,1.6144,0.00138734,-0.00421551,-0.0117886,1.35413,0.000200007,8.59377e-10,8.64034e-07,8.59377e-10,0.0002,1.09118e-07,8.64034e-07,1.09118e-07,0.000199997,0
-0.0333777,0.0728582,1.61451,-0.0348831,0.0734617,1.61377,4.01168e-05,-0.000681519,-0.00958561,1.35055,0.000200007,9.45036e-10,8.74339e-07,9.45036e-10,0.0002,1.21426e-07,8.74339e-07,1.21426e-07,0.000199997,0
-0.0333398,0.0710382,1.61478,-0.0348852,0.0734783,1.61377,7.80399e-05,-0.00250161,-0.00932164,1.34732,0.000200007,1.02127e-09,8.70567e-07,1.02127e-09,0.0002,1.32358e-07,8.70567e-07,1.32358e-07,0.000199997,0
-0.0334601,0.0696301,1.61509,-0.0348818,0.0734319,1.61377,-4.23054e-05,-0.00390968,-0.00900594,1.3441,0.000200007,9.34414e-10,8.58994e-07,9.34414e-10,0.0002,1.15222e-07,8.58994e-07,1.15222e-07,0.000199997,0
-0.0323653,0.066073,1.61692,-0.0289518,0.0610622,1.62163,7.62019e-05,-0.00147435,-0.00687896,1.58889,0.000200007,8.58115e-10,8.44778e-07,8.58115e-10,0.0002,1.04044e-07,8.44778e-07,1.04044e-07,0.000199997,0
-0.0314373,0.0631906,1.61796,-0.028925,0.0610795,1.62161,0.00100414,-0.00435685,-0.00583505,1.58889,0.000200007,8.44847e-10,8.42125e-07,8.44847e-10,0.0002,1.04391e-07,8.42125e-07,1.04391e-07,0.000199997,0
-0.0316141,0.060893,1.61863,-0.0337347,0.0611115,1.62076,0.00015882,-0.000395304,-0.00466452,1.68282,0.000200007,8.75335e-10,8.40066e-07,8.75335e-10,0.0002,1.11726e-07,8.40066e-07,1.11726e-07,0.000199997,0
-0.0308725,0.0589592,1.61891,-0.0289245,0.0610763,1.62161,0.000900444,-0.00232918,-0.00437571,1.58889,0.000200007,8.39304e-10,8.52985e-07,8.39304e-10,0.0002,1.03512e-07,8.52985e-07,1.03512e-07,0.000199997,0
-0.0313042,0.0575169,1.61907,-0.0337026,0.0610854,1.62073,0.000468671,-0.0037714,-0.00422222,1.68464,0.000200007,7.38979e-10,8.44731e-07,7.38979e-10,0.0002,8.73737e-08,8.44731e-07,8.73737e-08,0.000199997,0
-0.0304751,0.0536078,1.61899,-0.0283601,0.04739,1.61919,0.00156002,-0.00446573,-0.00358019,1.37461,0.000200007,7.57798e-10,8.42023e-07,7.57798e-10,0.0002,9.42908e-08,8.42023e-07,9.42908e-08,0.000199997,0
-0.0299812,0.0503859,1.61919,-0.0294397,0.0473317,1.61946,0.00205391,-0.00768761,-0.00338214,1.31712,0.000200007,8.25965e-10,8.53552e-07,8.25965e-10,0.0002,1.06229e-07,8.53552e-07,1.06229e-07,0.000199997,0
-0.0296745,0.0478284,1.61902,-0.0297727,0.04733,1.61939,0.00112058,-0.0050166,-0.0071489,1.29111,0.000200007,8.59012e-10,8.57703e-07,8.59012e-10,0.0002,1.10246e-07,8.57703e-07,1.10246e-07,0.000199997,0
-0.0297974,0.0458464,1.61908,-0.0310622,0.0473582,1.61878,0.000997724,-0.00699854,-0.0070938,1.44758,0.000200007,7.79923e-10,8.50975e-07,7.79923e-10,0.0002,9.53953e-08,8.50975e-07,9.53953e-08,0.000199997,0
-0.0296937,0.0442554,1.61903,-0.0300564,0.0473303,1.61935,0.00110136,-0.00858957,-0.00714211,1.32593,0.000200007,7.16277e-10,8.46674e-07,7.16277e-10,0.0002,8.58296e-08,8.46674e-07,8.58296e-08,0.000199997,0
-0.0297496,0.0430098,1.61877,-0.0310619,0.0473453,1.61878,0.000172193,-0.0026559,-0.00126892,1.44758,0.000200007,7.20311e-10,8.40037e-07,7.20311e-10,0.0002,8.9689e-08,8.40037e-07,8.9689e-08,0.000199997,0
-0.0290702,0.0399807,1.61732,-0.0273155,0.0372956,1.61308,0.000851609,-0.00568507,-0.00271553,1.0995,0.000200007,7.09083e-10,8.39364e-07,7.09083e-10,0.0002,8.88062e-08,8.39364e-07,8.88062e-08,0.000199997,0
-0.0285713,0.0375148,1.61617,-0.0273283,0.0373058,1.6131,0.000394293,-0.00258468,-0.00976991,1.10593,0.000200007,6.6681e-10,8.46092e-07,6.6681e-10,0.0002,8.13192e-08,8.46092e-07,8.13192e-08,0.000199997,0
-0.0281728,0.0355745,1.61546,-0.0273144,0.0372562,1.61311,0.000792819,-0.00452492,-0.0104835,1.09628,0.000200007,6.27031e-10,8.4362e-07,6.27031e-10,0.0002,7.59431e-08,8.4362e-07,7.59431e-08,0.000199998,0
-0.027815,0.0340327,1.6153,-0.0273262,0.0372992,1.6131,0.00115059,-0.00606671,-0.010643,1.10915,0.000200007,6.34018e-10,8.41736e-07,6.34018e-10,0.0002,7.92429e-08,8.41736e-07,7.92429e-08,0.000199998,0
-0.0275434,0.0326805,1.61507,-0.0273162,0.037241,1.6131,0.000668002,-0.00164348,-0.00726384,1.0995,0.000200007,6.34902e-10,8.57691e-07,6.34902e-10,0.0002,7.86291e-08,8.57691e-07,7.86291e-08,0.000199997,0
-0.0269568,0.0286378,1.61601,-0.0256902,0.0222133,1.61773,0.0012546,-0.00568612,-0.00631619,1.17999,0.000200007,6.69231e-10,8.60796e-07,6.69231e-10,0.0002,8.47402e-08,8.60796e-07,8.47402e-08,0.000199997,0
-0.0267176,0.0254026,1.61639,-0.0266364,0.0222162,1.6179,0.00106849,-0.00249594,-0.00903889,1.17367,0.000200007,6.59253e-10,8.63076e-07,6.59253e-10,0.0002,8.19857e-08,8.63076e-07,8.19857e-08,0.000199997,0
-0.0265089,0.0228406,1.61638,-0.0268671,0.0222262,1.61789,0.00127719,-0.00505793,-0.00905049,1.2008,0.000200007,7.0533e-10,8.60675e-07,7.0533e-10,0.0002,9.02652e-08,8.60675e-07,9.02652e-08,0.000199997,0
-0.0264499,0.0208074,1.61647,-0.0270823,0.0222167,1.61785,0.00133622,-0.00709111,-0.00896304,1.22271,0.000200007,6.81794e-10,8.56196e-07,6.81794e-10,0.0002,8.52467e-08,8.56196e-07,8.52467e-08,0.000199997,0
-0.026513,0.0192488,1.61636,-0.0277251,0.0222331,1.61748,0.000380432,-0.00541574,-0.0090826,1.29079,0.000200007,6.72792e-10,8.42978e-07,6.72792e-10,0.0002,8.49597e-08,8.42978e-07,8.49597e-08,0.000199997,0
-0.0265305,0.0179624,1.61627,-0.0277818,0.0222379,1.61749,0.000362919,-0.00670218,-0.00916779,1.30028,0.000200007,7.08349e-10,8.41014e-07,7.08349e-10,0.0002,9.18509e-08,8.41014e-07,9.18509e-08,0.000199997,0
-0.02606,0.0143133,1.61694,-0.0253838,0.00934886,1.62118,0.000833495,-0.0103513,-0.00849677,1.30488,0.000200007,7.42501e-10,8.46559e-07,7.42501e-10,0.0002,9.65423e-08,8.46559e-07,9.65423e-08,0.000199997,0
-0.0256369,0.0113532,1.61768,-0.0253756,0.00934691,1.62115,0.000955499,-0.00719274,-0.00462875,1.30488,0.000200007,8.14825e-10,8.5656e-07,8.14825e-10,0.0002,1.06944e-07,8.5656e-07,1.06944e-07,0.000199997,0
-0.0254644,0.00898924,1.61847,-0.0262086,0.00936691,1.62113,0.00112795,-0.0095567,-0.0038367,1.35452,0.000200007,8.73447e-10,8.62915e-07,8.73447e-10,0.0002,1.13915e-07,8.62915e-07,1.13915e-07,0.000199997,0
-0.0256509,0.00706166,1.61869,-0.0277333,0.00929554,1.6206,-0.000198742,-0.00597054,-0.00188952,1.53744,0.000200007,9.02944e-10,8.70524e-07,9.02944e-10,0.0002,1.15265e-07,8.70524e-07,1.15265e-07,0.000199997,0
-0.0255813,0.00557079,1.61897,-0.0262079,0.00935909,1.62114,-0.000129124,-0.00746141,-0.00160638,1.35139,0.000200007,8.40217e-10,8.69234e-07,8.40217e-10,0.0002,1.02276e-07,8.69234e-07,1.02276e-07,0.000199997,0
-0.0248624,0.00190426,1.61703,-0.0230749,-0.00280315,1.61132,-7.84309e-05,-0.0051187,-0.00735936,1.10068,0.000200007,8.33681e-10,8.74882e-07,8.33681e-10,0.0002,1.01094e-07,8.74882e-07,1.01094e-07,0.000199997,0
-0.0243101,-0.00101126,1.61558,-0.023066,-0.00281482,1.61133,0.000473894,-0.00803422,-0.00880799,1.11027,0.000200007,8.03158e-10,8.75317e-07,8.03158e-10,0.0002,9.6204e-08,8.75317e-07,9.6204e-08,0.000199997,0
-0.0240042,-0.00334643,1.61444,-0.0237382,-0.00282799,1.61141,0.000779777,-0.0103694,-0.0099524,1.11143,0.000200007,7.76774e-10,8.75641e-07,7.76774e-10,0.0002,9.26175e-08,8.75641e-07,9.26175e-08,0.000199997,0
-0.0238456,-0.00508246,1.61351,-0.0241344,-0.00280439,1.61133,0.000357845,-0.00520299,-0.00904413,1.13699,0.000200007,7.37716e-10,8.55483e-07,7.37716e-10,0.0002,8.90782e-08,8.55483e-07,8.90782e-08,0.000199997,0
-0.0237617,-0.00651462,1.61295,-0.0243525,-0.00280799,1.61122,0.000441719,-0.00663515,-0.0096041,1.1592,0.000200007,7.12709e-10,8.49403e-07,7.12709e-10,0.0002,8.69043e-08,8.49403e-07,8.69043e-08,0.000199997,0
-0.0229925,-0.0103374,1.61337,-0.0209689,-0.0158798,1.61404,0.00015551,-0.00496276,-0.00572697,1.42424,0.000200007,7.21285e-10,8.55573e-07,7.21285e-10,0.0002,8.92942e-08,8.55573e-07,8.92942e-08,0.000199997,0
-0.0223363,-0.0133913,1.61371,-0.0209801,-0.0158674,1.61404,0.000811646,-0.00801664,-0.00538491,1.43375,0.000200007,7.68371e-10,8.59216e-07,7.68371e-10,0.0002,9.77574e-08,8.59216e-07,9.77574e-08,0.000199997,0
-0.0225313,-0.0158723,1.61369,-0.0240568,-0.0159285,1.61411,0.000616623,-0.0104977,-0.0054109,1.51453,0.000200007,7.13272e-10,8.65677e-07,7.13272e-10,0.0002,8.6304e-08,8.65677e-07,8.6304e-08,0.000199997,0
-0.0223341,-0.01787,1.61385,-0.0224026,-0.0158908,1.6145,0.000312856,-0.00597157,-0.00539764,1.32707,0.000200007,6.90406e-10,8.73064e-07,6.90406e-10,0.0002,8.25526e-08,8.73064e-07,8.25526e-08,0.000199997,0
-0.0225249,-0.0194517,1.6138,-0.024034,-0.0159107,1.61412,0.000122126,-0.00755334,-0.00544933,1.51136,0.000200007,6.5094e-10,8.74537e-07,6.5094e-10,0.0002,7.66162e-08,8.74537e-07,7.66162e-08,0.000199997,0
-0.0223092,-0.0207094,1.61384,-0.022407,-0.0158811,1.61452,-0.000128906,-0.00285569,-0.00700841,1.33024,0.000200007,6.59377e-10,8.75189e-07,6.59377e-10,0.0002,7.96011e-08,8.75189e-07,7.96011e-08,0.000199997,0
-0.0216563,-0.0242181,1.61223,-0.0201872,-0.0284003,1.60735,0.000524062,-0.00636441,-0.00861523,1.10273,0.000200007,7.05971e-10,8.75322e-07,7.05971e-10,0.0002,8.82431e-08,8.75322e-07,8.82431e-08,0.000199997,0
-0.0211681,-0.0269824,1.61137,-0.0203386,-0.0283981,1.60738,0.00101223,-0.00912873,-0.00948102,1.06747,0.000200007,7.35644e-10,8.68647e-07,7.35644e-10,0.0002,9.31478e-08,8.68647e-07,9.31478e-08,0.000199997,0
-0.0210578,-0.0291498,1.61047,-0.0217278,-0.0283897,1.60741,0.000319309,-0.00489409,-0.0088767,1.18805,0.000200007,7.50308e-10,8.57615e-07,7.50308e-10,0.0002,9.56647e-08,8.57615e-07,9.56647e-08,0.000199997,0
-0.0209481,-0.0308988,1.60986,-0.0217264,-0.0283627,1.60742,0.000428946,-0.00664314,-0.00948879,1.18805,0.000200007,7.81251e-10,8.53848e-07,7.81251e-10,0.0002,1.0058e-07,8.53848e-07,1.0058e-07,0.000199997,0
-0.0208858,-0.0322392,1.60989,-0.0217288,-0.0283824,1.60742,-0.000147037,-0.00184438,-0.0107604,1.18805,0.000200007,7.76954e-10,8.4137e-07,7.76954e-10,0.0002,9.99304e-08,8.4137e-07,9.99304e-08,0.000199997,0
-0.0201879,-0.0356397,1.6088,-0.0183959,-0.0392733,1.60338,0.000550826,-0.00524483,-0.0118537,1.38057,0.000200007,7.73643e-10,8.57335e-07,7.73643e-10,0.0002,9.69451e-08,8.57335e-07,9.69451e-08,0.000199997,0
-0.0200021,-0.0383819,1.60762,-0.0199388,-0.0392644,1.60343,0.00073663,-0.00798711,-0.0130297,1.30381,0.000200007,7.12314e-10,8.71388e-07,7.12314e-10,0.0002,8.44882e-08,8.71388e-07,8.44882e-08,0.000199997,0
-0.0201257,-0.0405759,1.60666,-0.021505,-0.0392725,1.60334,-0.000167523,-0.00433293,-0.0179702,1.53383,0.000200007,6.99351e-10,8.80158e-07,6.99351e-10,0.0002,8.29384e-08,8.80158e-07,8.29384e-08,0.000199997,0
-0.0199054,-0.0423719,1.60551,-0.0199142,-0.0392641,1.6035,5.27917e-05,-0.00612894,-0.0191198,1.29736,0.000200007,6.9263e-10,8.92616e-07,6.9263e-10,0.0002,8.17095e-08,8.92616e-07,8.17095e-08,0.000199997,0
-0.0200736,-0.0437412,1.60485,-0.0215099,-0.039241,1.60326,-0.000432326,-0.00402215,-0.0203279,1.53383,0.000200007,6.59416e-10,8.90523e-07,6.59416e-10,0.0002,7.69193e-08,8.90523e-07,7.69193e-08,0.000199997,0
-0.0201434,-0.0449051,1.60443,-0.0215111,-0.0392751,1.60328,-0.000502056,-0.0051861,-0.0207476,1.53383,0.000200007,6.99828e-10,8.99055e-07,6.99828e-10,0.0002,8.42351e-08,8.99055e-07,8.42351e-08,0.000199997,0
-0.0196182,-0.0490706,1.6066,-0.0183352,-0.0555464,1.61528,2.30668e-05,-0.00935153,-0.0185769,1.43788,0.000200008,6.69966e-10,9.01467e-07,6.69966e-10,0.0002,7.8503e-08,9.01467e-07,7.8503e-08,0.000199997,0
-0.0191352,-0.0523792,1.60865,-0.0183459,-0.0555465,1.61528,-0.000368657,-0.00589841,-0.014271,1.43788,0.000200008,7.08318e-10,8.99176e-07,7.08318e-10,0.0002,8.5749e-08,8.99176e-07,8.5749e-08,0.000199997,0
-0.0187674,-0.0550058,1.61018,-0.018341,-0.0555491,1.61527,-9.13064e-07,-0.00852506,-0.0127384,1.43788,0.000200007,7.20006e-10,8.9437e-07,7.20006e-10,0.0002,8.74733e-08,8.9437e-07,8.74733e-08,0.000199997,0
-0.0185403,-0.0571307,1.6113,-0.0183709,-0.0555488,1.61527,-0.000795972,-0.00459222,-0.00521626,1.44425,0.000200007,6.74236e-10,8.95053e-07,6.74236e-10,0.0002,7.89568e-08,8.95053e-07,7.89568e-08,0.000199997,0
-0.0183385,-0.05881,1.6121,-0.0183787,-0.0555568,1.61528,-0.000594112,-0.00627153,-0.00442109,1.43788,0.000200007,6.56595e-10,8.91928e-07,6.56595e-10,0.0002,7.70893e-08,8.91928e-07,7.70893e-08,0.000199997,0
-0.0179363,-0.0629271,1.61268,-0.0169739,-0.06963,1.61808,-0.000635617,-0.00360091,-0.00613461,1.29585,0.000200007,5.9919e-10,8.83403e-07,5.9919e-10,0.0002,6.88233e-08,8.83403e-07,6.88233e-08,0.000199997,0
-0.0176166,-0.0661931,1.61281,-0.0170905,-0.0696027,1.61802,-0.000315964,-0.00686691,-0.00599672,1.30638,0.000200007,5.72555e-10,8.74404e-07,5.72555e-10,0.0002,6.68539e-08,8.74404e-07,6.68539e-08,0.000199997,0
-0.0173613,-0.0688475,1.61296,-0.0173156,-0.0696074,1.6182,-6.06676e-05,-0.00952132,-0.0058519,1.29942,0.000200007,5.96999e-10,8.75164e-07,5.96999e-10,0.0002,7.27151e-08,8.75164e-07,7.27151e-08,0.000199997,0
-0.0171566,-0.0709331,1.61286,-0.0173058,-0.0696308,1.61817,-0.000231922,-0.00533957,-0.00816816,1.309,0.000200007,6.12657e-10,8.68854e-07,6.12657e-10,0.0002,7.61531e-08,8.68854e-07,7.61531e-08,0.000199997,0
-0.0170566,-0.0726221,1.61268,-0.0173101,-0.0696133,1.61816,-0.000131866,-0.00702856,-0.00834987,1.30261,0.000200007,5.69256e-10,8.68636e-07,5.69256e-10,0.0002,6.822e-08,8.68636e-07,6.822e-08,0.000199997,0
-0.0167077,-0.0765255,1.61158,-0.0160553,-0.0820574,1.61184,0.000217033,-0.0109319,-0.00944969,1.42813,0.000200007,5.61126e-10,8.78555e-07,5.61126e-10,0.0002,6.70235e-08,8.78555e-07,6.70235e-08,0.000199997,0
-0.0165378,-0.07955,1.61059,-0.0160427,-0.0820758,1.61182,-0.000654316,-0.00844051,-0.00456705,1.42162,0.000200007,4.45363e-10,8.68601e-07,4.45363e-10,0.0002,4.81859e-08,8.68601e-07,4.81859e-08,0.000199997,0
-0.0165424,-0.081986,1.60973,-0.016639,-0.0820468,1.61198,-0.000658875,-0.0108765,-0.00542818,1.43145,0.000200007,3.35851e-10,8.65767e-07,3.35851e-10,0.0002,3.25176e-08,8.65767e-07,3.25176e-08,0.000199997,0
-0.0165719,-0.0839548,1.60874,-0.0166634,-0.0820364,1.612,-0.00124822,-0.00625742,-0.00662443,1.43124,0.000200007,2.32042e-10,8.67482e-07,2.32042e-10,0.0002,1.88281e-08,8.67482e-07,1.88281e-08,0.000199997,0
-0.0164689,-0.0855778,1.6077,-0.0160338,-0.0820638,1.61184,-0.00114526,-0.00788045,-0.00765994,1.42488,0.000200007,1.53215e-10,8.7538e-07,1.53215e-10,0.0002,9.91771e-09,8.7538e-07,9.91771e-09,0.000199997,0
-0.0165728,-0.0868982,1.6068,-0.0166457,-0.0820552,1.61198,-0.00103244,-0.00621502,-0.00508331,1.43775,0.000200007,3.40464e-11,8.84187e-07,3.40464e-11,0.0002,-6.24365e-09,8.84187e-07,-6.24365e-09,0.000199997,0
-0.0164423,-0.0905822,1.60375,-0.0153199,-0.0951869,1.60242,-0.000901906,-0.00989906,-0.00813011,1.30525,0.000200007,-9.98509e-11,8.90031e-07,-9.98509e-11,0.0002,-2.385e-08,8.90031e-07,-2.385e-08,0.000199997,0
-0.0164036,-0.0935539,1.60058,-0.0153202,-0.0951932,1.60241,-0.000863279,-0.0128707,-0.0112954,1.30854,0.000200007,-2.69855e-10,8.97392e-07,-2.69855e-10,0.0002,-4.65049e-08,8.97392e-07,-4.65049e-08,0.000199997,0
-0.0164425,-0.0958272,1.59733,-0.0153199,-0.0951966,1.6024,-0.000868636,-0.00901083,-0.0138636,1.30854,0.000200007,-4.63094e-10,8.8522e-07,-4.63094e-10,0.0002,-7.29745e-08,8.8522e-07,-7.29745e-08,0.000199997,0
-0.0164999,-0.0975803,1.59421,-0.0153212,-0.0951867,1.60242,-0.000926031,-0.0107639,-0.0169847,1.30525,0.000200007,-6.28842e-10,8.67124e-07,-6.28842e-10,0.0002,-9.47493e-08,8.67124e-07,-9.47493e-08,0.000199997,0
-0.0165717,-0.0989608,1.5916,-0.0153254,-0.0951821,1.60242,-0.000997797,-0.0121444,-0.0195855,1.30196,0.000200007,-7.72106e-10,8.52043e-07,-7.72106e-10,0.0002,-1.13126e-07,8.52043e-07,-1.13126e-07,0.000199997,0
-0.0169171,-0.102893,1.58619,-0.0163825,-0.109007,1.58831,-0.00228512,-0.00965718,-0.0123745,1.36054,0.000200007,-9.46133e-10,8.52581e-07,-9.46133e-10,0.0002,-1.35909e-07,8.52581e-07,-1.35909e-07,0.000199997,0
-0.0172177,-0.106018,1.58071,-0.0163731,-0.109008,1.58831,-0.00258576,-0.0127815,-0.0178488,1.36384,0.000200007,-1.10413e-09,8.49107e-07,-1.10413e-09,0.0002,-1.56022e-07,8.49107e-07,-1.56022e-07,0.000199997,0
-0.0174423,-0.108492,1.57581,-0.0163725,-0.108995,1.58829,-0.00185053,-0.00915446,-0.0174595,1.36384,0.000200007,-1.2086e-09,8.43046e-07,-1.2086e-09,0.0002,-1.67353e-07,8.43046e-07,-1.67353e-07,0.000199997,0
-0.0175845,-0.11047,1.57106,-0.0163758,-0.108994,1.58828,-0.00199264,-0.0111323,-0.0222112,1.36384,0.000200007,-1.25547e-09,8.38788e-07,-1.25547e-09,0.0002,-1.69575e-07,8.38788e-07,-1.69575e-07,0.000199997,0
-0.0177458,-0.111964,1.56767,-0.0163722,-0.108982,1.58828,-0.00187127,-0.00699242,-0.00349719,1.35724,0.000200006,-1.31387e-09,8.22127e-07,-1.31387e-09,0.0002,-1.78958e-07,8.22127e-07,-1.78958e-07,0.000199997,0
-0.0179658,-0.113161,1.56496,-0.0163839,-0.108996,1.58826,-0.00209135,-0.00818988,-0.00621098,1.36054,0.000200006,-1.43216e-09,8.11066e-07,-1.43216e-09,0.0002,-1.99541e-07,8.11066e-07,-1.99541e-07,0.000199998,0
-0.0184185,-0.116162,1.55126,-0.0173058,-0.119062,1.53061,-0.00254396,-0.0111905,-0.0199113,1.15463,0.000200006,-1.57089e-09,8.10463e-07,-1.57089e-09,0.0002,-2.20391e-07,8.10463e-07,-2.20391e-07,0.000199998,0
-0.0187982,-0.118639,1.54009,-0.0173166,-0.119047,1.53062,-0.00213823,-0.00771942,-0.00761629,1.15463,0.000200006,-1.71919e-09,8.22362e-07,-1.71919e-09,0.0002,-2.38179e-07,8.22362e-07,-2.38179e-07,0.000199997,0
-0.0190514,-0.120603,1.53127,-0.0173256,-0.119074,1.53062,-0.0023915,-0.00968341,-0.0164447,1.16134,0.000200006,-1.78823e-09,8.25889e-07,-1.78823e-09,0.000200001,-2.42572e-07,8.25889e-07,-2.42572e-07,0.000199997,0
-0.0193013,-0.122164,1.52419,-0.017303,-0.119043,1.53056,-0.0026414,-0.0112441,-0.02352,1.14792,0.000200006,-1.88639e-09,8.2701e-07,-1.88639e-09,0.000200001,-2.54823e-07,8.2701e-07,-2.54823e-07,0.000199997,0
-0.0195346,-0.123473,1.51841,-0.0173126,-0.119042,1.5305,-0.00159022,-0.00741159,-0.00775652,1.14792,0.000200006,-2.00928e-09,8.37008e-07,-2.00928e-09,0.000200001,-2.68775e-07,8.37008e-07,-2.68775e-07,0.000199997,0
-0.0205909,-0.127194,1.50563,-0.0215669,-0.132368,1.49124,-0.00264653,-0.0111333,-0.0205387,1.47962,0.000200007,-2.10131e-09,8.46356e-07,-2.10131e-09,0.000200001,-2.76412e-07,8.46356e-07,-2.76412e-07,0.000199997,0
-0.0214873,-0.130079,1.49582,-0.0215673,-0.132368,1.49124,-0.00213359,-0.00815285,-0.00977031,1.47962,0.000200007,-2.19393e-09,8.36956e-07,-2.19393e-09,0.000200001,-2.90886e-07,8.36956e-07,-2.90886e-07,0.000199997,0
-0.0221305,-0.132393,1.48776,-0.0215728,-0.132385,1.49122,-0.00277676,-0.0104664,-0.0178321,1.47962,0.000200006,-2.20396e-09,8.30918e-07,-2.20396e-09,0.000200001,-2.89551e-07,8.30918e-07,-2.89551e-07,0.000199997,0
-0.022416,-0.134237,1.48079,-0.0215636,-0.132374,1.49119,-0.00229342,-0.00936925,-0.0117545,1.47615,0.000200006,-2.01608e-09,8.26216e-07,-2.01608e-09,0.000200001,-2.53674e-07,8.26216e-07,-2.53674e-07,0.000199997,0
-0.0225082,-0.135785,1.47552,-0.0215593,-0.132368,1.49121,-0.00238563,-0.0109179,-0.0170183,1.47962,0.000200006,-1.77047e-09,8.3527e-07,-1.77047e-09,0.0002,-2.09954e-07,8.3527e-07,-2.09954e-07,0.000199997,0
-0.0223189,-0.137112,1.47141,-0.0215637,-0.13237,1.49121,-0.00219638,-0.012245,-0.0211267,1.47615,0.000200007,-1.3614e-09,8.55578e-07,-1.3614e-09,0.0002,-1.40608e-07,8.55578e-07,-1.40608e-07,0.000199997,0
-0.022729,-0.140484,1.45999,-0.0244056,-0.144132,1.45053,-0.00122118,-0.00756383,-0.000439548,1.782,0.000200007,-9.95994e-10,8.62516e-07,-9.95994e-10,0.0002,-9.00414e-08,8.62516e-07,-9.00414e-08,0.000199997,0
-0.0230242,-0.143144,1.45085,-0.0244134,-0.144129,1.45054,-0.00151642,-0.0102238,-0.00957631,1.77857,0.000200007,-6.92366e-10,8.60992e-07,-6.92366e-10,0.0002,-5.37051e-08,8.60992e-07,-5.37051e-08,0.000199997,0
-0.0232614,-0.14538,1.44364,-0.0244112,-0.144129,1.4505,-0.00175356,-0.0124605,-0.0167904,1.782,0.000200007,-4.79651e-10,8.77352e-07,-4.79651e-10,0.0002,-3.20451e-08,8.77352e-07,-3.20451e-08,0.000199997,0
-0.0232969,-0.147232,1.43766,-0.0244181,-0.144124,1.45048,-0.00147437,-0.0116875,-0.00890197,1.77857,0.000200007,-1.85013e-10,8.98274e-07,-1.85013e-10,0.0002,5.42734e-09,8.98274e-07,5.42734e-09,0.000199997,0
-0.0231223,-0.148744,1.43349,-0.0244196,-0.144134,1.45047,-0.0012998,-0.0131991,-0.0130693,1.77857,0.000200008,2.35022e-10,9.16596e-07,2.35022e-10,0.0002,6.13491e-08,9.16596e-07,6.13491e-08,0.000199997,0
-0.0231898,-0.152589,1.42,-0.0256468,-0.157439,1.39968,-0.00138162,-0.0105986,-0.00694373,1.82337,0.000200008,6.3839e-10,9.23801e-07,6.3839e-10,0.0002,1.10172e-07,9.23801e-07,1.10172e-07,0.000199997,0
-0.0232247,-0.155719,1.409,-0.02565,-0.157439,1.3997,-0.00141645,-0.0137283,-0.0179406,1.81982,0.000200008,9.5875e-10,9.37157e-07,9.5875e-10,0.0002,1.42413e-07,9.37157e-07,1.42413e-07,0.000199997,0
-0.0232791,-0.15805,1.4004,-0.0256418,-0.157432,1.39968,-0.00147094,-0.0160594,-0.0265349,1.82337,0.000200008,1.13424e-09,9.18471e-07,1.13424e-09,0.0002,1.57232e-07,9.18471e-07,1.57232e-07,0.000199997,0
-0.0231428,-0.159823,1.39332,-0.0256432,-0.157445,1.39968,-0.00172551,-0.0109872,-0.0137282,1.82337,0.000200008,1.40111e-09,8.9184e-07,1.40111e-09,0.0002,1.94321e-07,8.9184e-07,1.94321e-07,0.000199997,0
-0.0229502,-0.161215,1.38725,-0.0256465,-0.157441,1.3997,-0.00153283,-0.0123797,-0.0198045,1.82337,0.000200007,1.65952e-09,8.71338e-07,1.65952e-09,0.0002,2.30384e-07,8.71338e-07,2.30384e-07,0.000199997,0
-0.0227394,-0.165091,1.37392,-0.0246101,-0.17118,1.3579,-0.00287037,-0.00952657,-0.00609039,2.19516,0.000200007,1.74013e-09,8.58948e-07,1.74013e-09,0.0002,2.34243e-07,8.58948e-07,2.34243e-07,0.000199997,0
-0.0225252,-0.168121,1.36347,-0.0246058,-0.171184,1.3579,-0.00265623,-0.0125571,-0.0165425,2.19163,0.000200007,1.80537e-09,8.40193e-07,1.80537e-09,0.000200001,2.42215e-07,8.40193e-07,2.42215e-07,0.000199997,0
-0.0223741,-0.170484,1.355,-0.0246176,-0.171191,1.35788,-0.0025051,-0.0149196,-0.0250108,2.19163,0.000200006,1.80997e-09,8.18448e-07,1.80997e-09,0.000200001,2.43108e-07,8.18448e-07,2.43108e-07,0.000199997,0
-0.0221609,-0.172419,1.34812,-0.0246134,-0.171186,1.35786,-0.00358431,-0.0109575,-0.0111227,2.19516,0.000200006,1.89232e-09,8.12395e-07,1.89232e-09,0.000200001,2.57091e-07,8.12395e-07,2.57091e-07,0.000199997,0
-0.0220451,-0.173893,1.3423,-0.0246124,-0.171185,1.35787,-0.00346848,-0.0124315,-0.016937,2.19516,0.000200006,1.8835e-09,7.96964e-07,1.8835e-09,0.000200001,2.56354e-07,7.96964e-07,2.56354e-07,0.000199997,0
-0.0220613,-0.17514,1.33786,-0.024618,-0.171194,1.35787,-0.00550759,-0.00837008,0.00409803,2.19516,0.000200006,1.79695e-09,7.97615e-07,1.79695e-09,0.000200001,2.37904e-07,7.97615e-07,2.37904e-07,0.000199997,0
-0.0216001,-0.178317,1.325,-0.0206729,-0.18225,1.31188,-0.00504639,-0.0115468,-0.00875625,2.05193,0.000200006,1.48252e-09,7.91047e-07,1.48252e-09,0.0002,1.81014e-07,7.91047e-07,1.81014e-07,0.000199998,0
-0.0213722,-0.180759,1.31503,-0.0206712,-0.182244,1.31188,-0.00579453,-0.0112109,-0.00604926,2.05193,0.000200006,1.10117e-09,7.71291e-07,1.10117e-09,0.0002,1.20627e-07,7.71291e-07,1.20627e-07,0.000199998,0
-0.0213024,-0.182774,1.30726,-0.020669,-0.182249,1.31189,-0.00572472,-0.0132258,-0.0138197,2.05193,0.000200006,7.23162e-10,7.68259e-07,7.23162e-10,0.0002,6.2704e-08,7.68259e-07,6.2704e-08,0.000199998,0
-0.0213248,-0.184456,1.30105,-0.0207078,-0.182249,1.31194,-0.00574706,-0.0149083,-0.020026,2.04769,0.000200006,3.76431e-10,7.77478e-07,3.76431e-10,0.0002,1.32809e-08,7.77478e-07,1.32809e-08,0.000199998,0
-0.0213211,-0.185854,1.29608,-0.0207183,-0.182248,1.31191,-0.0078868,-0.00839355,0.0129741,2.04053,0.000200006,1.27603e-10,7.91622e-07,1.27603e-10,0.0002,-1.54512e-08,7.91622e-07,-1.54512e-08,0.000199998,0
-0.0207681,-0.18871,1.28027,-0.0175185,-0.190672,1.25321,-0.00733382,-0.0112497,-0.00284241,1.51301,0.000200006,-9.94417e-11,8.09396e-07,-9.94417e-11,0.0002,-4.14644e-08,8.09396e-07,-4.14644e-08,0.000199998,0
-0.0203854,-0.190913,1.26751,-0.0175173,-0.190673,1.25322,-0.00700999,-0.0106462,-0.00374878,1.51301,0.000200006,-3.25466e-10,8.07461e-07,-3.25466e-10,0.0002,-6.96767e-08,8.07461e-07,-6.96767e-08,0.000199998,0
-0.0200637,-0.19266,1.25762,-0.0175082,-0.19068,1.25322,-0.00668838,-0.0123934,-0.0136432,1.50943,0.000200006,-4.87132e-10,8.03472e-07,-4.87132e-10,0.0002,-8.70251e-08,8.03472e-07,-8.70251e-08,0.000199998,0
-0.0197541,-0.194161,1.2497,-0.0174713,-0.190669,1.25321,-0.00637873,-0.0138944,-0.0215615,1.51658,0.000200006,-5.83623e-10,8.17707e-07,-5.83623e-10,0.0002,-9.23567e-08,8.17707e-07,-9.23567e-08,0.000199998,0
-0.0194258,-0.195413,1.24326,-0.0174983,-0.190662,1.25321,-0.00588029,-0.00938824,-0.0112698,1.51301,0.000200006,-5.8798e-10,8.35247e-07,-5.8798e-10,0.0002,-8.32145e-08,8.35247e-07,-8.32145e-08,0.000199998,0
-0.0196915,-0.199253,1.23081,-0.020152,-0.204464,1.21724,-0.00614603,-0.013228,-0.0237204,1.96225,0.000200007,-5.66388e-10,8.59316e-07,-5.66388e-10,0.0002,-7.31465e-08,8.59316e-07,-7.31465e-08,0.000199998,0
-0.0198924,-0.202306,1.22115,-0.0201539,-0.204436,1.21721,-0.00562957,-0.0103788,-0.00979525,1.95858,0.000200007,-5.40695e-10,8.7242e-07,-5.40695e-10,0.0002,-6.62576e-08,8.7242e-07,-6.62576e-08,0.000199997,0
-0.0200063,-0.204656,1.21375,-0.0201452,-0.204441,1.21724,-0.00574347,-0.0127288,-0.0172026,1.96225,0.000200007,-4.775e-10,8.65867e-07,-4.775e-10,0.0002,-5.5687e-08,8.65867e-07,-5.5687e-08,0.000199997,0
-0.0199473,-0.206663,1.20793,-0.0201418,-0.204445,1.21727,-0.00568457,-0.0147358,-0.0230191,1.96591,0.000200007,-3.02937e-10,8.82043e-07,-3.02937e-10,0.0002,-2.61959e-08,8.82043e-07,-2.61959e-08,0.000199997,0
-0.0198116,-0.208194,1.20316,-0.0201521,-0.204458,1.21722,-0.00544536,-0.0107569,-0.000345604,1.96591,0.000200007,-8.28796e-11,8.80291e-07,-8.28796e-11,0.0002,6.41504e-09,8.80291e-07,6.41504e-09,0.000199997,0
-0.0196104,-0.209405,1.19895,-0.0201387,-0.204434,1.21726,-0.00524418,-0.011968,-0.00456468,1.96225,0.000200007,1.63845e-10,8.77962e-07,1.63845e-10,0.0002,4.07792e-08,8.77962e-07,4.07792e-08,0.000199997,0
-0.0196028,-0.212741,1.18591,-0.0212849,-0.216352,1.16951,-0.00496143,-0.00914156,0.00380426,2.10333,0.000200007,4.54583e-10,8.73474e-07,4.54583e-10,0.0002,8.09962e-08,8.73474e-07,8.09962e-08,0.000199997,0
-0.0194693,-0.215292,1.17507,-0.0212949,-0.216377,1.16949,-0.00482795,-0.0116928,-0.00703894,2.10503,0.000200007,7.65972e-10,8.5141e-07,7.65972e-10,0.0002,1.25537e-07,8.5141e-07,1.25537e-07,0.000199997,0
-0.0193262,-0.217101,1.16648,-0.0212153,-0.216405,1.1694,-0.00468487,-0.0135025,-0.0156279,2.1088,0.000200006,9.68268e-10,7.99631e-07,9.68268e-10,0.0002,1.56275e-07,7.99631e-07,1.56275e-07,0.000199997,0
-0.0190484,-0.218417,1.15951,-0.0212275,-0.216403,1.16939,-0.00498936,-0.00860037,-0.00153417,2.10738,0.000200006,1.2068e-09,7.45942e-07,1.2068e-09,0.0002,2.01619e-07,7.45942e-07,2.01619e-07,0.000199998,0
-0.018724,-0.219429,1.15352,-0.0212499,-0.216413,1.16945,-0.00466497,-0.00961276,-0.00751623,2.1048,0.000200005,1.43404e-09,7.0548e-07,1.43404e-09,0.0002,2.46871e-07,7.0548e-07,2.46871e-07,0.000199998,0
-0.0180302,-0.222424,1.14021,-0.0191897,-0.227373,1.1268,-0.00449753,-0.00985154,-0.00945427,2.10146,0.000200005,1.61976e-09,6.76911e-07,1.61976e-09,0.000200001,2.83481e-07,6.76911e-07,2.83481e-07,0.000199998,0
-0.0174638,-0.224883,1.12976,-0.0191876,-0.227373,1.12679,-0.00393105,-0.0123105,-0.0199034,2.09773,0.000200004,1.77199e-09,6.69305e-07,1.77199e-09,0.000200001,3.07214e-07,6.69305e-07,3.07214e-07,0.000199998,0
-0.0170538,-0.226677,1.12129,-0.0191978,-0.227383,1.12676,-0.00352105,-0.0141046,-0.0283705,2.09773,0.000200004,1.79253e-09,6.36898e-07,1.79253e-09,0.000200001,3.14963e-07,6.36898e-07,3.14963e-07,0.000199998,0
-0.0166277,-0.228047,1.11441,-0.0191961,-0.227382,1.12677,-0.00482569,-0.0107697,-0.0143863,2.10146,0.000200004,1.83783e-09,6.06443e-07,1.83783e-09,0.000200001,3.34824e-07,6.06443e-07,3.34824e-07,0.000199998,0
-0.0162054,-0.229115,1.1088,-0.0191917,-0.227375,1.12674,-0.00440338,-0.0118382,-0.019997,2.10519,0.000200003,1.90405e-09,5.83353e-07,1.90405e-09,0.000200001,3.59849e-07,5.83353e-07,3.59849e-07,0.000199998,0
-0.0157971,-0.230014,1.10473,-0.0191999,-0.227389,1.12674,-0.00646948,-0.0084487,0.000780179,2.09773,0.000200003,2.00844e-09,5.75499e-07,2.00844e-09,0.000200001,3.86997e-07,5.75499e-07,3.86997e-07,0.000199998,0
-0.0147808,-0.232469,1.09165,-0.0153648,-0.236679,1.07816,-0.00545322,-0.0109037,-0.0123,2.32892,0.000200003,1.99805e-09,5.48208e-07,1.99805e-09,0.000200001,3.96188e-07,5.48208e-07,3.96188e-07,0.000199998,0
-0.0138711,-0.234382,1.08092,-0.0155629,-0.236619,1.0784,-0.00454349,-0.0128172,-0.0230261,2.31821,0.000200003,2.04185e-09,5.25702e-07,2.04185e-09,0.000200002,4.22651e-07,5.25702e-07,4.22651e-07,0.000199998,0
-0.0129762,-0.235773,1.07234,-0.0155716,-0.236623,1.07838,-0.00636361,-0.0107117,-0.000450396,2.31821,0.000200002,2.09343e-09,4.89761e-07,2.09343e-09,0.000200002,4.65965e-07,4.89761e-07,4.65965e-07,0.000199998,0
-0.0120809,-0.236769,1.06553,-0.0153885,-0.236701,1.07814,-0.00546833,-0.0117081,-0.00726248,2.32104,0.000200002,2.12252e-09,4.4662e-07,2.12252e-09,0.000200002,5.16212e-07,4.4662e-07,5.16212e-07,0.000199998,0
-0.0114167,-0.237568,1.0604,-0.0154878,-0.23664,1.07821,-0.00819103,-0.00909953,0.0108224,2.31468,0.000200002,2.12298e-09,4.21694e-07,2.12298e-09,0.000200003,5.42872e-07,4.21694e-07,5.42872e-07,0.000199998,0
-0.00945192,-0.239119,1.05219,-0.00768188,-0.240958,1.0556,-0.00622623,-0.0106511,0.00261517,2.00121,0.000200002,2.08737e-09,4.11779e-07,2.08737e-09,0.000200003,5.40731e-07,4.11779e-07,5.40731e-07,0.000199998,0
-0.00783128,-0.240285,1.04555,-0.00777394,-0.240966,1.05569,-0.00460559,-0.0118175,-0.00403459,1.9901,0.000200002,2.04487e-09,3.94052e-07,2.04487e-09,0.000200003,5.49681e-07,3.94052e-07,5.49681e-07,0.000199998,0
-0.00647438,-0.241111,1.04022,-0.00777554,-0.240955,1.05568,-0.00644276,-0.00990426,0.0126034,1.9938,0.000200001,1.9743e-09,3.66486e-07,1.9743e-09,0.000200003,5.64938e-07,3.66486e-07,5.64938e-07,0.000199998,0
-0.0054126,-0.241812,1.03576,-0.00777672,-0.240958,1.05569,-0.00538098,-0.0106055,0.00813942,1.9938,0.000200001,1.93351e-09,3.5587e-07,1.93351e-09,0.000200003,5.70561e-07,3.5587e-07,5.70561e-07,0.000199998,0
-0.00477222,-0.242342,1.03238,-0.00767895,-0.24096,1.0556,-0.00842773,-0.0084159,0.0261472,2.00121,0.000200001,1.801e-09,3.43979e-07,1.801e-09,0.000200003,5.37483e-07,3.43979e-07,5.37483e-07,0.000199998,0
-0.00462001,-0.242704,1.03029,-0.00768077,-0.240946,1.05559,-0.00827552,-0.00877729,0.0240621,2.00121,0.000200001,1.54257e-09,3.25945e-07,1.54257e-09,0.000200002,4.58879e-07,3.25945e-07,4.58879e-07,0.000199999,0
-0.00367142,-0.244442,1.01552,-0.00190804,-0.248601,0.989577,-0.00732693,-0.0105157,0.00929336,2.48513,0.000200001,1.2086e-09,2.96709e-07,1.2086e-09,0.000200002,3.59486e-07,2.96709e-07,3.59486e-07,0.000199999,0
-0.00319425,-0.245712,1.0033,-0.00192442,-0.248609,0.989592,-0.0105002,-0.00927234,0.0232101,2.48513,0.000200001,8.58597e-10,2.59272e-07,8.58597e-10,0.000200001,2.50615e-07,2.59272e-07,2.50615e-07,0.000199999,0
-0.00289693,-0.246618,0.99373,-0.00191286,-0.248586,0.989616,-0.0102028,-0.0101776,0.0136418,2.48513,0.000200001,5.80834e-10,2.18722e-07,5.80834e-10,0.000200001,1.66689e-07,2.18722e-07,1.66689e-07,0.000199999,0
-0.00262897,-0.247336,0.986582,-0.0019029,-0.248592,0.989561,-0.011363,-0.0096981,0.0158871,2.48134,0.0002,4.02663e-10,1.91866e-07,4.02663e-10,0.0002,1.17222e-07,1.91866e-07,1.17222e-07,0.0002,0
-0.00228739,-0.247944,0.980661,-0.00191138,-0.248587,0.989581,-0.0110214,-0.0103063,0.00996583,2.48513,0.0002,3.11206e-10,1.8051e-07,3.11206e-10,0.0002,1.0592e-07,1.8051e-07,1.0592e-07,0.0002,0
-0.00124231,-0.24919,0.966736,0.00214285,-0.252329,0.942088,-0.00997632,-0.0115524,-0.00395889,2.27038,0.0002,2.45102e-10,1.74308e-07,2.45102e-10,0.0002,9.36385e-08,1.74308e-07,9.36385e-08,0.0002,0
-0.000440026,-0.250036,0.955497,0.00212055,-0.252312,0.942112,-0.00991657,-0.0113329,0.00431452,2.26649,0.0002,1.82574e-10,1.46993e-07,1.82574e-10,0.0002,8.07963e-08,1.46993e-07,8.07963e-08,0.0002,0
9.61091e-05,-0.25064,0.946505,0.00211658,-0.25231,0.942107,-0.00938043,-0.0119363,-0.00467738,2.26649,0.0002,1.21831e-10,1.17825e-07,1.21831e-10,0.0002,5.55961e-08,1.17825e-07,5.55961e-08,0.0002,0
0.000420117,-0.251041,0.939093,0.00211167,-0.252279,0.942046,-0.0105987,-0.0108499,0.00651983,2.26753,0.0002,7.00326e-11,8.71218e-08,7.00326e-11,0.0002,2.27774e-08,8.71218e-08,2.27774e-08,0.0002,0
0.000444728,-0.251252,0.933159,0.00209594,-0.252309,0.942027,-0.010574,-0.0110606,0.000585761,2.28056,0.0002,2.72978e-11,4.84517e-08,2.72978e-11,0.0002,-3.51389e-08,4.84517e-08,-3.51389e-08,0.0002,0
0.000505752,-0.251399,0.920989,0.00381929,-0.253212,0.906469,-0.010513,-0.0112073,-0.0115835,1.88625,0.0002,2.98185e-11,-8.73241e-09,2.98185e-11,0.0002,-1.20401e-07,-8.73241e-09,-1.20401e-07,0.0002,0
0.000353818,-0.251367,0.911054,0.00381543,-0.253271,0.906504,-0.0109617,-0.0100634,0.0080679,1.88241,0.0002,1.12791e-10,-7.15391e-08,1.12791e-10,0.0002,-2.06765e-07,-7.15391e-08,-2.06765e-07,0.0002,0
0.000279233,-0.251422,0.9031,0.00382827,-0.253273,0.906477,-0.0110363,-0.0101183,0.000114022,1.88241,0.0002,1.90869e-10,-9.9241e-08,1.90869e-10,0.0002,-2.54913e-07,-9.9241e-08,-2.54913e-07,0.0002,0
0.000294105,-0.251561,0.897151,0.00382216,-0.253206,0.906478,-0.0110214,-0.0102574,-0.00583492,1.88241,0.0002,2.2042e-10,-9.97942e-08,2.2042e-10,0.000200001,-2.73656e-07,-9.97942e-08,-2.73656e-07,0.0002,0
0.000471516,-0.251781,0.892698,0.00383006,-0.253252,0.906455,-0.00944441,-0.0108437,0.00842399,1.87856,0.0002,1.96922e-10,-8.41085e-08,1.96922e-10,0.000200001,-2.59515e-07,-8.41085e-08,-2.59515e-07,0.0002,0
0.000932238,-0.252127,0.88903,0.00381081,-0.253227,0.906446,-0.00898369,-0.0111896,0.00475615,1.87856,0.0002,1.15906e-10,-4.57006e-08,1.15906e-10,0.0002,-1.99139e-07,-4.57006e-08,-1.99139e-07,0.0002,0
0.000855892,-0.252304,0.87634,0.000756403,-0.252097,0.858706,-0.00737319,-0.0119223,0.0114707,1.77016,0.0002,4.46912e-11,4.15621e-10,4.46912e-11,0.0002,-1.34282e-07,4.15621e-10,-1.34282e-07,0.0002,0
0.000912566,-0.252497,0.866394,0.000732229,-0.2521,0.858698,-0.00731651,-0.012115,0.00152449,1.76235,0.0002,1.06133e-11,3.78414e-08,1.06133e-11,0.0002,-7.3158e-08,3.78414e-08,-7.3158e-08,0.0002,0
0.000956627,-0.25274,0.85831,0.000699045,-0.252087,0.858577,-0.00727245,-0.0123581,-0.00656018,1.75845,0.0002,-1.06091e-12,7.63218e-08,-1.06091e-12,0.0002,-3.33671e-08,7.63218e-08,-3.33671e-08,0.0002,0
0.000916973,-0.252789,0.851512,0.000689234,-0.252083,0.85848,-0.00710007,-0.0127012,0.00640318,1.76061,0.0002,-2.46702e-12,7.76649e-08,-2.46702e-12,0.0002,-1.94972e-08,7.76649e-08,-1.94972e-08,0.0002,0
0.000656927,-0.252658,0.845972,0.000663273,-0.252065,0.858487,-0.00736012,-0.0125711,0.000862978,1.76824,0.0002,-1.23609e-11,5.16399e-08,-1.23609e-11,0.0002,-4.61145e-08,5.16399e-08,-4.61145e-08,0.0002,0
8.88273e-05,-0.252407,0.832499,-0.000176397,-0.252193,0.815356,-0.00754789,-0.0114596,0.00877072,1.6379,0.0002,-4.84449e-12,7.42281e-09,-4.84449e-12,0.0002,-9.34846e-08,7.42281e-09,-9.34846e-08,0.0002,0
-0.000410898,-0.252082,0.821706,-8.69619e-05,-0.252184,0.815277,-0.00804761,-0.0111346,-0.00202291,1.62721,0.0002,3.47775e-11,-4.06094e-08,3.47775e-11,0.0002,-1.338e-07,-4.06094e-08,-1.338e-07,0.0002,0
-0.000884961,-0.251793,0.813394,-0.000164938,-0.252198,0.815342,-0.00852167,-0.0108461,-0.0103344,1.63398,0.0002,8.98348e-11,-7.66637e-08,8.98348e-11,0.0002,-1.6888e-07,-7.66637e-08,-1.6888e-07,0.0002,0
-0.00117331,-0.251584,0.807155,-0.000174814,-0.25218,0.815322,-0.00879704,-0.0100606,0.00588057,1.6364,0.0002,1.27034e-10,-9.58582e-08,1.27034e-10,0.0002,-1.76403e-07,-9.58582e-08,-1.76403e-07,0.0002,0
-0.00110998,-0.251614,0.802561,-8.89653e-05,-0.252159,0.815235,-0.0087337,-0.010091,0.00128589,1.63113,0.0002,9.5106e-11,-7.54504e-08,9.5106e-11,0.0002,-1.37163e-07,-7.54504e-08,-1.37163e-07,0.0002,0
-0.000964527,-0.251908,0.799089,-9.54901e-05,-0.252168,0.815221,-0.00771187,-0.0109819,0.0205244,1.63113,0.0002,4.00647e-11,-1.93179e-08,4.00647e-11,0.0002,-9.71312e-08,-1.93179e-08,-9.71312e-08,0.0002,0
-0.000605489,-0.251758,0.793052,0.000806656,-0.249498,0.798403,-0.00735283,-0.0108312,0.014487,1.36124,0.0002,3.17148e-12,4.05798e-08,3.17148e-12,0.0002,-6.18296e-08,4.05798e-08,-6.18296e-08,0.0002,0
-0.000231684,-0.251726,0.788221,0.000790266,-0.249498,0.798399,-0.00697902,-0.0108001,0.00965646,1.36426,0.0002,-5.3258e-12,9.33508e-08,-5.3258e-12,0.0002,-2.51128e-08,9.33508e-08,-2.51128e-08,0.0002,0
0.000244956,-0.25173,0.783634,0.000779255,-0.249493,0.798406,-0.00621238,-0.0109963,0.024637,1.36426,0.0002,2.73843e-11,1.32177e-07,2.73843e-11,0.0002,2.68512e-08,1.32177e-07,2.68512e-08,0.0002,0
0.000596524,-0.251764,0.779964,0.00078509,-0.249496,0.798407,-0.00586082,-0.01103,0.0209673,1.36046,0.0002,6.45444e-11,1.61986e-07,6.45444e-11,0.0002,5.49142e-08,1.61986e-07,5.49142e-08,0.0002,0
0.00082445,-0.251761,0.776706,0.000822124,-0.249499,0.798349,-0.005769,-0.0106382,0.0234153,1.35743,0.0002,8.57224e-11,1.76268e-07,8.57224e-11,0.0002,6.30028e-08,1.76268e-07,6.30028e-08,0.0002,0
0.000413525,-0.25246,0.759266,-0.00177332,-0.253129,0.723668,-0.00617992,-0.0113365,0.00597561,2.12567,0.0002,8.85205e-11,1.80517e-07,8.85205e-11,0.0002,5.84103e-08,1.80517e-07,5.84103e-08,0.0002,0
8.18518e-05,-0.252929,0.74521,-0.00178027,-0.253132,0.723662,-0.0065116,-0.0118063,-0.00808076,2.12171,0.0002,8.37086e-11,1.69113e-07,8.37086e-11,0.0002,5.47813e-08,1.69113e-07,5.47813e-08,0.0002,0
-0.000208808,-0.253213,0.734168,-0.00176427,-0.253125,0.723643,-0.00709909,-0.0111462,0.00791744,2.11843,0.0002,6.99814e-11,1.47393e-07,6.99814e-11,0.0002,4.76118e-08,1.47393e-07,4.76118e-08,0.0002,0
-0.000528179,-0.253346,0.725128,-0.00176605,-0.253125,0.723641,-0.00741846,-0.0112789,-0.00112324,2.12238,0.0002,4.48798e-11,1.18354e-07,4.48798e-11,0.0002,2.90309e-08,1.18354e-07,2.90309e-08,0.0002,0
-0.000725489,-0.253486,0.717793,-0.00176449,-0.253129,0.723647,-0.00834501,-0.00940504,0.013565,2.11843,0.0002,3.58127e-11,1.05221e-07,3.58127e-11,0.0002,2.619e-08,1.05221e-07,2.619e-08,0.0002,0
-0.000580523,-0.254196,0.704873,-0.000262079,-0.256565,0.688905,-0.00820004,-0.0101155,0.000645177,2.23905,0.0002,2.77711e-11,8.24744e-08,2.77711e-11,0.0002,2.52557e-08,8.24744e-08,2.52557e-08,0.0002,0
-0.000464172,-0.254763,0.694536,-0.000259918,-0.256555,0.688898,-0.00886927,-0.00929668,0.0141289,2.24288,0.0002,2.2028e-11,6.80252e-08,2.2028e-11,0.0002,2.44615e-08,6.80252e-08,2.44615e-08,0.0002,0
-0.000343988,-0.255186,0.686046,-0.000286274,-0.256535,0.688833,-0.00874908,-0.0097191,0.00563908,2.22773,0.0002,1.91778e-11,5.45565e-08,1.91778e-11,0.0002,2.9061e-08,5.45565e-08,2.9061e-08,0.0002,0
-0.000283057,-0.255519,0.679135,-0.000311572,-0.256524,0.688757,-0.00868815,-0.0100523,-0.00127136,2.23539,0.0002,1.53048e-11,4.55296e-08,1.53048e-11,0.0002,2.71245e-08,4.55296e-08,2.71245e-08,0.0002,0
-0.000227245,-0.255854,0.673788,-0.000243885,-0.256566,0.688629,-0.00861459,-0.00995933,0.0145087,2.25994,0.0002,1.38481e-11,4.93712e-08,1.38481e-11,0.0002,2.47067e-08,4.93712e-08,2.47067e-08,0.0002,0
-0.000168925,-0.256117,0.66963,-0.000323311,-0.256527,0.688706,-0.00855627,-0.010223,0.0103499,2.23539,0.0002,1.45386e-11,5.24466e-08,1.45386e-11,0.0002,2.78319e-08,5.24466e-08,2.78319e-08,0.0002,0
-4.02128e-05,-0.25662,0.658383,0.000170156,-0.257379,0.648074,-0.00816872,-0.010473,0.00508959,2.1503,0.0002,1.78428e-11,7.35653e-08,1.78428e-11,0.0002,2.7361e-08,7.35653e-08,2.7361e-08,0.0002,0
5.45614e-05,-0.25698,0.649676,0.000120314,-0.257321,0.647967,-0.00807395,-0.0108337,-0.00361824,2.15488,0.0002,1.97292e-11,8.24134e-08,1.97292e-11,0.0002,2.7274e-08,8.24134e-08,2.7274e-08,0.0002,0
5.88931e-05,-0.257328,0.6429,0.000107356,-0.257355,0.647884,-0.00806961,-0.011181,-0.010394,2.16285,0.0002,1.55545e-11,9.63054e-08,1.55545e-11,0.0002,1.60135e-08,9.63054e-08,1.60135e-08,0.0002,0
0.000100668,-0.257513,0.637277,9.2072e-05,-0.257321,0.647907,-0.008523,-0.0110622,0.00818585,2.15089,0.0002,1.42972e-11,9.16325e-08,1.42972e-11,0.0002,1.54278e-08,9.16325e-08,1.54278e-08,0.0002,0
7.38708e-05,-0.257654,0.632365,9.1399e-05,-0.257322,0.64791,-0.00854979,-0.0112023,0.00327384,2.15089,0.0002,7.69301e-12,8.71687e-08,7.69301e-12,0.0002,5.36075e-09,8.71687e-08,5.36075e-09,0.0002,0
-6.96506e-05,-0.257982,0.617182,-0.000541538,-0.2587,0.594749,-0.00915844,-0.0107937,0.0126519,1.97237,0.0002,3.58233e-12,7.47865e-08,3.58233e-12,0.0002,3.14042e-10,7.47865e-08,3.14042e-10,0.0002,0
-0.000167278,-0.258264,0.605045,-0.000575527,-0.258625,0.594796,-0.00925606,-0.0110757,0.000515073,1.94943,0.0002,2.54162e-12,7.24008e-08,2.54162e-12,0.0002,6.82092e-10,7.24008e-08,6.82092e-10,0.0002,0
-0.000268841,-0.258469,0.595123,-0.000567029,-0.258699,0.59477,-0.00935763,-0.0112812,-0.00940666,1.95643,0.0002,9.72436e-14,6.52419e-08,9.72436e-14,0.0002,-3.203e-09,6.52419e-08,-3.203e-09,0.0002,0
-0.000287037,-0.2586,0.587093,-0.000572665,-0.258623,0.594826,-0.00903898,-0.011018,0.00246465,1.93748,0.0002,2.44298e-12,5.78203e-08,2.44298e-12,0.0002,4.51196e-09,5.78203e-08,4.51196e-09,0.0002,0
-0.000329767,-0.258702,0.580554,-0.000563885,-0.258638,0.594765,-0.00908171,-0.01112,-0.00407481,1.94943,0.0002,2.30546e-12,5.21278e-08,2.30546e-12,0.0002,4.60925e-09,5.21278e-08,4.60925e-09,0.0002,0
-0.000197197,-0.258931,0.567825,0.000195607,-0.259052,0.556761,-0.00946798,-0.0107743,0.0105024,2.13862,0.0002,3.50061e-12,5.89262e-08,3.50061e-12,0.0002,7.22513e-09,5.89262e-08,7.22513e-09,0.0002,0
-1.80389e-05,-0.259074,0.558053,0.000208998,-0.259072,0.556747,-0.00928882,-0.0109165,0.000730659,2.1425,0.0002,8.29193e-12,5.61149e-08,8.29193e-12,0.0002,2.01327e-08,5.61149e-08,2.01327e-08,0.0002,0
0.000129386,-0.259307,0.55109,7.44285e-05,-0.259014,0.556877,-0.0091414,-0.0111502,-0.00623271,2.12691,0.0002,1.80716e-11,7.54188e-08,1.80716e-11,0.0002,3.30952e-08,7.54188e-08,3.30952e-08,0.0002,0
0.000160862,-0.259724,0.546037,7.0667e-05,-0.259022,0.556877,-0.00935672,-0.0111716,0.0129381,2.12303,0.0002,2.57668e-11,1.24129e-07,2.57668e-11,0.0002,2.72382e-08,1.24129e-07,2.72382e-08,0.0002,0
0.000322322,-0.260124,0.542059,0.000208561,-0.259067,0.556683,-0.00919526,-0.0115713,0.0089603,2.14637,0.0002,4.95636e-11,1.64706e-07,4.95636e-11,0.0002,4.06077e-08,1.64706e-07,4.06077e-08,0.0002,0
0.000490361,-0.260544,0.538702,7.5716e-05,-0.259023,0.556844,-0.00944177,-0.0105502,0.0258212,2.12303,0.0002,9.12603e-11,2.08349e-07,9.12603e-11,0.0002,5.91991e-08,2.08349e-07,5.91991e-08,0.0002,0
0.000906404,-0.260761,0.530364,0.00151961,-0.257795,0.530134,-0.00902573,-0.0107669,0.0174835,1.44785,0.000200001,1.37515e-10,2.56247e-07,1.37515e-10,0.0002,7.05134e-08,2.56247e-07,7.05134e-08,0.0002,0
0.00125571,-0.260971,0.523072,0.00151307,-0.257792,0.53013,-0.00867642,-0.0109773,0.0101914,1.44785,0.000200001,1.8411e-10,2.93097e-07,1.8411e-10,0.0002,8.0023e-08,2.93097e-07,8.0023e-08,0.0002,0
0.00153607,-0.26111,0.517339,0.00149596,-0.257785,0.530115,-0.00873585,-0.0100127,0.0224673,1.44785,0.000200001,2.19994e-10,3.12291e-07,2.19994e-10,0.0002,8.64731e-08,3.12291e-07,8.64731e-08,0.0002,0
0.00176903,-0.261291,0.512438,0.00148426,-0.257801,0.530094,-0.00850288,-0.0101936,0.0175658,1.44391,0.000200001,2.56484e-10,3.35364e-07,2.56484e-10,0.0002,9.18303e-08,3.35364e-07,9.18303e-08,0.0002,0
0.00193987,-0.261369,0.508614,0.00148249,-0.257796,0.530065,-0.00858849,-0.00801635,0.0391692,1.44785,0.000200001,2.72198e-10,3.39718e-07,2.72198e-10,0.0002,9.26691e-08,3.39718e-07,9.26691e-08,0.0002,0
0.00179599,-0.262692,0.49088,0.000768102,-0.264848,0.456173,-0.00873237,-0.00933916,0.0214348,2.03877,0.000200001,2.29846e-10,3.17372e-07,2.29846e-10,0.0002,7.50831e-08,3.17372e-07,7.50831e-08,0.0002,0
0.00162745,-0.263704,0.476795,0.000769764,-0.264847,0.45617,-0.00890091,-0.0103509,0.00735027,2.03877,0.000200001,1.76311e-10,2.95863e-07,1.76311e-10,0.0002,5.43179e-08,2.95863e-07,5.43179e-08,0.0002,0
0.00153469,-0.264369,0.465425,0.000769398,-0.264848,0.456176,-0.00973046,-0.00833652,0.0144245,2.03877,0.000200001,1.41781e-10,2.59316e-07,1.41781e-10,0.0002,4.7226e-08,2.59316e-07,4.7226e-08,0.0002,0
0.00152609,-0.264896,0.456222,0.000774565,-0.264865,0.456154,-0.00973905,-0.00886341,0.00522086,2.04673,0.000200001,1.32458e-10,2.34621e-07,1.32458e-10,0.0002,5.25472e-08,2.34621e-07,5.25472e-08,0.0002,0
0.00154436,-0.265324,0.448751,0.000767349,-0.264845,0.456131,-0.00974327,-0.00819949,0.0134809,2.04275,0.000200001,1.31975e-10,2.2062e-07,1.31975e-10,0.0002,5.98509e-08,2.2062e-07,5.98509e-08,0.0002,0
0.00157715,-0.265615,0.442565,0.0007683,-0.264869,0.456122,-0.00971048,-0.0084905,0.00729527,2.04673,0.0002,1.31709e-10,2.02805e-07,1.31709e-10,0.0002,6.72466e-08,2.02805e-07,6.72466e-08,0.0002,0
0.00188157,-0.266571,0.428312,0.00215902,-0.268602,0.410117,-0.00940606,-0.00944566,-0.00695757,2.2833,0.0002,1.30579e-10,1.87068e-07,1.30579e-10,0.0002,7.3252e-08,1.87068e-07,7.3252e-08,0.0002,0
0.0021334,-0.267281,0.417127,0.00210686,-0.268607,0.410168,-0.00988322,-0.00885417,0.0007633,2.27533,0.0002,1.27858e-10,1.68427e-07,1.27858e-10,0.0002,7.97409e-08,1.68427e-07,7.97409e-08,0.0002,0
0.00239166,-0.267869,0.408583,0.00211827,-0.268591,0.410117,-0.00962497,-0.00944238,-0.00778105,2.27135,0.0002,1.36026e-10,1.60389e-07,1.36026e-10,0.0002,9.2322e-08,1.60389e-07,9.2322e-08,0.0002,0
0.00256947,-0.268396,0.401733,0.00209197,-0.268587,0.410046,-0.00971962,-0.00806576,0.0128333,2.2833,0.0002,1.43642e-10,1.64515e-07,1.43642e-10,0.0002,9.63011e-08,1.64515e-07,9.63011e-08,0.0002,0
0.00265825,-0.268863,0.396145,0.00208335,-0.268583,0.410022,-0.00963084,-0.00853222,0.00724529,2.2833,0.0002,1.44603e-10,1.74465e-07,1.44603e-10,0.0002,9.02843e-08,1.74465e-07,9.02843e-08,0.0002,0
0.00285435,-0.269749,0.381094,0.00287603,-0.270846,0.35919,-0.00943474,-0.00941857,-0.00780543,2.11647,0.0002,1.44659e-10,1.89878e-07,1.44659e-10,0.0002,8.22725e-08,1.89878e-07,8.22725e-08,0.0002,0
0.00300942,-0.270526,0.368947,0.00287068,-0.270845,0.359175,-0.00991011,-0.00966552,0.00666148,2.1245,0.0002,1.48432e-10,2.10854e-07,1.48432e-10,0.0002,7.64887e-08,2.10854e-07,7.64887e-08,0.0002,0
0.00314426,-0.271181,0.358819,0.00286838,-0.270809,0.35919,-0.00977527,-0.0103205,-0.00346718,2.12049,0.0002,1.55607e-10,2.30947e-07,1.55607e-10,0.0002,7.40436e-08,2.30947e-07,7.40436e-08,0.0002,0
0.00326259,-0.271759,0.3507,0.00286366,-0.270877,0.359113,-0.0099272,-0.00927375,0.00972044,2.11469,0.000200001,1.66215e-10,2.50453e-07,1.66215e-10,0.0002,7.38302e-08,2.50453e-07,7.38302e-08,0.0002,0
0.00332513,-0.272267,0.343791,0.00284289,-0.270825,0.359109,-0.00986465,-0.00978127,0.00281094,2.11245,0.000200001,1.69694e-10,2.71848e-07,1.69694e-10,0.0002,6.86587e-08,2.71848e-07,6.86587e-08,0.0002,0
0.00320041,-0.27356,0.328198,0.00239475,-0.275236,0.3062,-0.00998937,-0.0110748,-0.0127814,2.28811,0.000200001,1.49948e-10,2.85801e-07,1.49948e-10,0.0002,5.38882e-08,2.85801e-07,5.38882e-08,0.0002,0
0.00310353,-0.274662,0.316444,0.00244187,-0.275232,0.306173,-0.010211,-0.0101409,0.00388212,2.29603,0.000200001,1.3245e-10,3.05628e-07,1.3245e-10,0.0002,4.27623e-08,3.05628e-07,4.27623e-08,0.0002,0
0.00295078,-0.275546,0.307138,0.00242936,-0.275249,0.306142,-0.0103638,-0.011025,-0.00542414,2.29603,0.000200001,9.19288e-11,3.1825e-07,9.19288e-11,0.0002,2.34533e-08,3.1825e-07,2.34533e-08,0.0002,0
0.00273025,-0.276239,0.29928,0.00242736,-0.275251,0.306149,-0.0105843,-0.0117178,-0.0132817,2.29603,0.000200001,2.40708e-11,3.23767e-07,2.40708e-11,0.0002,-5.12005e-09,3.23767e-07,-5.12005e-09,0.0002,0
0.00250967,-0.276873,0.293103,0.00243303,-0.275257,0.306178,-0.0108049,-0.0123525,-0.0194584,2.30007,0.000200001,-4.88744e-11,3.39842e-07,-4.88744e-11,0.0002,-3.12007e-08,3.39842e-07,-3.12007e-08,0.0002,0
0.00228674,-0.277325,0.288059,0.00240944,-0.275252,0.306179,-0.0108327,-0.0113694,-0.013483,2.28811,0.000200001,-1.20134e-10,3.411e-07,-1.20134e-10,0.0002,-5.48519e-08,3.411e-07,-5.48519e-08,0.0002,0
0.00213752,-0.278496,0.274348,0.00245576,-0.279042,0.258322,-0.0110218,-0.0107771,-0.00579635,2.45773,0.000200001,-1.65533e-10,3.50605e-07,-1.65533e-10,0.0002,-6.45498e-08,3.50605e-07,-6.45498e-08,0.0002,0
0.00206532,-0.279485,0.263159,0.00246189,-0.279165,0.258254,-0.011094,-0.0117663,-0.0169854,2.48562,0.000200001,-1.85763e-10,3.61056e-07,-1.85763e-10,0.0002,-6.42527e-08,3.61056e-07,-6.42527e-08,0.0002,0
0.00179169,-0.280067,0.254526,0.00243455,-0.279058,0.258292,-0.0115763,-0.00997287,0.00348857,2.45375,0.000200001,-2.61511e-10,3.37225e-07,-2.61511e-10,0.0002,-9.79912e-08,3.37225e-07,-9.79912e-08,0.0002,0
0.00162811,-0.280492,0.247723,0.002445,-0.279052,0.258288,-0.0117399,-0.0103985,-0.00331512,2.45773,0.000200001,-2.92435e-10,3.15707e-07,-2.92435e-10,0.0002,-1.11405e-07,3.15707e-07,-1.11405e-07,0.0002,0
0.00155956,-0.28075,0.242473,0.00246252,-0.27916,0.258219,-0.0118085,-0.0106558,-0.00856483,2.48562,0.000200001,-2.81649e-10,2.8517e-07,-2.81649e-10,0.0002,-1.10631e-07,2.8517e-07,-1.10631e-07,0.0002,0
0.00132555,-0.281575,0.232506,0.00101732,-0.282971,0.2299,-0.011366,-0.00869961,0.00553399,2.01454,0.000200001,-2.25162e-10,2.43353e-07,-2.25162e-10,0.0002,-9.13353e-08,2.43353e-07,-9.13353e-08,0.0002,0
0.00116006,-0.282186,0.224305,0.000975812,-0.28298,0.229802,-0.0115314,-0.00931003,-0.00266645,2.00585,0.000200001,-1.74749e-10,2.08234e-07,-1.74749e-10,0.0002,-7.44735e-08,2.08234e-07,-7.44735e-08,0.0002,0
0.00104246,-0.282553,0.217381,0.000864946,-0.282965,0.229536,-0.0109197,-0.00745831,0.0100415,2.01399,0.0002,-1.25464e-10,1.66819e-07,-1.25464e-10,0.0002,-5.77753e-08,1.66819e-07,-5.77753e-08,0.0002,0
0.000980735,-0.282726,0.211707,0.000836366,-0.282952,0.22938,-0.0109815,-0.00763131,0.00436758,2.00537,0.0002,-8.20115e-11,1.21487e-07,-8.20115e-11,0.0002,-4.08355e-08,1.21487e-07,-4.08355e-08,0.0002,0
0.000941271,-0.28284,0.20703,0.000808093,-0.282961,0.229208,-0.0110209,-0.00774602,-0.000309499,2.01503,0.0002,-5.25292e-11,8.84364e-08,-5.25292e-11,0.0002,-2.74259e-08,8.84364e-08,-2.74259e-08,0.0002,0
0.000940762,-0.282923,0.203283,0.000758379,-0.282959,0.229179,-0.0108831,-0.00580244,0.0258209,2.01019,0.0002,-3.11451e-11,6.59469e-08,-3.11451e-11,0.0002,-1.22184e-08,6.59469e-08,-1.22184e-08,0.0002,0
0.000968183,-0.283697,0.188564,0.000999469,-0.286921,0.170576,-0.0108557,-0.00657684,0.0111024,2.27661,0.0002,-1.86415e-11,3.82128e-08,-1.86415e-11,0.0002,-5.1326e-09,3.82128e-08,-5.1326e-09,0.0002,0
0.000981681,-0.284376,0.177098,0.000997071,-0.286885,0.170565,-0.0107259,-0.00678957,0.0215819,2.28066,0.0002,-1.17271e-11,3.11546e-08,-1.17271e-11,0.0002,-2.07475e-09,3.11546e-08,-2.07475e-09,0.0002,0
0.00101401,-0.285192,0.168111,0.0010894,-0.286949,0.170462,-0.0106936,-0.00760481,0.0125952,2.29662,0.0002,-7.34076e-12,6.80543e-08,-7.34076e-12,0.0002,-9.45652e-11,6.80543e-08,-9.45652e-11,0.0002,0
0.00101578,-0.286312,0.161358,0.0010017,-0.286913,0.170573,-0.0106918,-0.00872542,0.0058419,2.27634,0.0002,-5.5776e-12,1.67765e-07,-5.5776e-12,0.0002,-8.17566e-10,1.67765e-07,-8.17566e-10,0.0002,0
0.00114277,-0.287629,0.15614,0.00108709,-0.286951,0.170465,-0.0108826,-0.0102312,0.0284317,2.29257,0.000200001,2.61559e-11,2.97814e-07,2.61559e-11,0.0002,1.49849e-08,2.97814e-07,1.49849e-08,0.0002,0
0.0012844,-0.289072,0.141837,0.00144426,-0.287806,0.120851,-0.010741,-0.0116739,0.0141283,2.39389,0.000200001,6.33346e-11,4.15792e-07,6.33346e-11,0.0002,2.23099e-08,4.15792e-07,2.23099e-08,0.0002,0
0.00129758,-0.290239,0.130396,0.00144025,-0.287806,0.120862,-0.0104516,-0.0126475,0.0158517,2.38987,0.000200002,4.41329e-11,4.93258e-07,4.41329e-11,0.0002,1.02819e-08,4.93258e-07,1.02819e-08,0.000199999,0
0.00124196,-0.291132,0.122054,0.00140417,-0.287791,0.120773,-0.0105072,-0.0135409,0.00750943,2.38987,0.000200002,-1.39358e-11,5.36857e-07,-1.39358e-11,0.0002,-7.36602e-09,5.36857e-07,-7.36602e-09,0.000199999,0
0.00108379,-0.291835,0.116918,0.00141663,-0.287776,0.120696,-0.0106654,-0.014244,0.00237291,2.39791,0.000200003,-1.34408e-10,5.63254e-07,-1.34408e-10,0.0002,-3.73726e-08,5.63254e-07,-3.73726e-08,0.000199999,0
0.00096505,-0.292331,0.113945,0.00141176,-0.287774,0.120687,-0.0116306,-0.0116807,0.0240799,2.39791,0.000200003,-2.2479e-10,5.69499e-07,-2.2479e-10,0.0002,-5.5154e-08,5.69499e-07,-5.5154e-08,0.000199999,0
0.000836845,-0.292664,0.112093,0.00140066,-0.287767,0.120728,-0.0117588,-0.0120145,0.0222276,2.38949,0.000200003,-3.07913e-10,5.63647e-07,-3.07913e-10,0.0002,-7.1523e-08,5.63647e-07,-7.1523e-08,0.000199999,0
0.000688199,-0.293628,0.0995625,0.00123507,-0.292354,0.0644485,-0.0107938,-0.00915882,0.0331513,2.14183,0.000200003,-3.41175e-10,5.25273e-07,-3.41175e-10,0.0002,-7.92297e-08,5.25273e-07,-7.92297e-08,0.000199999,0
0.000661721,-0.294089,0.0897447,0.0012307,-0.292356,0.0644462,-0.0108203,-0.00961961,0.0233334,2.14183,0.000200002,-2.93564e-10,4.50906e-07,-2.93564e-10,0.0002,-7.0423e-08,4.50906e-07,-7.0423e-08,0.000199999,0
0.000757105,-0.294083,0.0828213,0.00123743,-0.292352,0.064443,-0.0107249,-0.009614,0.0164101,2.14183,0.000200001,-1.9241e-10,3.4342e-07,-1.9241e-10,0.0002,-4.70973e-08,3.4342e-07,-4.70973e-08,0.000199999,0
0.000751814,-0.29381,0.0780017,0.00125385,-0.292358,0.064416,-0.00917893,-0.00621439,0.018574,2.12901,0.000200001,-1.41638e-10,2.31348e-07,-1.41638e-10,0.0002,-4.62727e-08,2.31348e-07,-4.62727e-08,0.000199999,0
0.00076686,-0.293525,0.0748715,0.00126091,-0.292355,0.0644207,-0.00916388,-0.00592954,0.0154438,2.13309,0.000200001,-9.86538e-11,1.49117e-07,-9.86538e-11,0.0002,-4.31872e-08,1.49117e-07,-4.31872e-08,0.0002,0
0.000841464,-0.294135,0.0701812,0.00115107,-0.29658,0.0514192,-0.00906714,-0.00404283,0.0146023,1.72281,0.0002,-5.98411e-11,9.54347e-08,-5.98411e-11,0.0002,-2.76398e-08,9.54347e-08,-2.76398e-08,0.0002,0
0.000878305,-0.294601,0.0663214,0.00114462,-0.296565,0.0513995,-0.0090303,-0.00450868,0.0107426,1.72281,0.0002,-3.79623e-11,5.79213e-08,-3.79623e-11,0.0002,-2.13227e-08,5.79213e-08,-2.13227e-08,0.0002,0
0.000930684,-0.294994,0.063345,0.00114296,-0.296567,0.0514392,-0.00897792,-0.00490162,0.00776616,1.71461,0.0002,-2.36635e-11,3.70697e-08,-2.36635e-11,0.0002,-1.36466e-08,3.70697e-08,-1.36466e-08,0.0002,0
0.000952347,-0.295291,0.0608593,0.00115308,-0.296578,0.0514339,-0.00853538,-0.00451926,0.00981145,1.72281,0.0002,-1.51902e-11,2.0543e-08,-1.51902e-11,0.0002,-1.23454e-08,2.0543e-08,-1.23454e-08,0.0002,0
0.000969814,-0.295568,0.0588712,0.00114015,-0.296565,0.0514362,-0.00851791,-0.00479662,0.00782333,1.71461,0.0002,-1.01295e-11,1.67512e-08,-1.01295e-11,0.0002,-1.10916e-08,1.67512e-08,-1.10916e-08,0.0002,0
0.000940546,-0.2959,0.0547871,0.000824567,-0.297229,0.0384508,-0.00830039,-0.00539431,0.00679307,1.64853,0.0002,-6.38773e-12,1.07208e-08,-6.38773e-12,0.0002,-7.09863e-09,1.07208e-08,-7.09863e-09,0.0002,0
0.000937995,-0.296145,0.0514169,0.000827684,-0.297236,0.0384537,-0.00830294,-0.00563899,0.00342288,1.64853,0.0002,-3.87324e-12,3.27705e-09,-3.87324e-12,0.0002,-1.33074e-09,3.27705e-09,-1.33074e-09,0.0002,0
0.00105704,-0.296248,0.0480968,0.000816077,-0.297229,0.0384392,-0.00818389,-0.00574228,0.000102733,1.64853,0.0002,-4.79819e-12,-1.61008e-08,-4.79819e-12,0.0002,2.20825e-08,-1.61008e-08,2.20825e-08,0.0002,0
0.00128019,-0.296325,0.0452318,0.000816099,-0.297228,0.0384301,-0.00816741,-0.00544799,-0.00450124,1.64853,0.0002,-1.30246e-11,-2.93784e-08,-1.30246e-11,0.0002,5.75298e-08,-2.93784e-08,5.75298e-08,0.0002,0
0.00174661,-0.296566,0.0424251,0.00083037,-0.297226,0.0384444,-0.007701,-0.00568886,-0.00730796,1.64853,0.0002,-1.03933e-11,-9.04245e-09,-1.03933e-11,0.0002,1.25815e-07,-9.04245e-09,1.25815e-07,0.0002,0
0.00243939,-0.296852,0.0398654,0.000813405,-0.297225,0.0384254,-0.00700302,-0.00598518,-0.0099935,1.64853,0.0002,2.48677e-11,1.92071e-08,2.48677e-11,0.0002,2.21179e-07,1.92071e-08,2.21179e-07,0.0002,0
0.00250114,-0.297678,0.0381039,-0.00294842,-0.299616,0.0398622,-0.00694126,-0.00681117,-0.011755,2.00967,0.0002,1.22385e-10,5.65146e-08,1.22385e-10,0.000200001,3.23729e-07,5.65146e-08,3.23729e-07,0.0002,0
0.00278821,-0.298439,0.0363866,-0.00294852,-0.299624,0.0398751,-0.0066542,-0.00757167,-0.0134722,2.01423,0.0002,2.90258e-10,9.64596e-08,2.90258e-10,0.000200001,4.27282e-07,9.64596e-08,4.27282e-07,0.0002,0
0.00310134,-0.299094,0.0350039,-0.00296256,-0.299655,0.0398308,-0.00842273,-0.00820313,-0.00450122,2.01423,0.0002,4.82479e-10,1.28745e-07,4.82479e-10,0.000200002,5.07288e-07,1.28745e-07,5.07288e-07,0.000199999,0
0.00348311,-0.299646,0.0334878,-0.00295085,-0.299604,0.0398505,-0.00804095,-0.00875555,-0.00601735,2.01423,0.0002,6.92549e-10,1.56004e-07,6.92549e-10,0.000200003,5.7899e-07,1.56004e-07,5.7899e-07,0.000199999,0
0.00389333,-0.300067,0.0319711,-0.00295348,-0.299617,0.0398838,-0.00944103,-0.00854755,-0.00522121,2.01423,0.0002,8.70119e-10,1.70021e-07,8.70119e-10,0.000200003,6.41644e-07,1.70021e-07,6.41644e-07,0.000199999,0
0.00591323,-0.300547,0.0299332,0.005724,-0.300306,0.0347192,-0.00742114,-0.00902802,-0.00725919,2.45556,0.0002,1.00286e-09,1.79528e-07,1.00286e-09,0.000200004,6.7485e-07,1.79528e-07,6.7485e-07,0.000199999,0
0.00750846,-0.300913,0.0281988,0.00573246,-0.300307,0.0347172,-0.0110585,-0.00914664,-0.00321262,2.45556,0.0002,1.08516e-09,1.82874e-07,1.08516e-09,0.000200004,6.92455e-07,1.82874e-07,6.92455e-07,0.000199999,0
0.00882311,-0.301253,0.0266025,0.00570753,-0.300329,0.034708,-0.00974383,-0.00948621,-0.004809,2.45556,0.0002,1.18539e-09,1.92171e-07,1.18539e-09,0.000200004,7.10557e-07,1.92171e-07,7.10557e-07,0.000199998,0
0.00987748,-0.301565,0.0244993,0.00571545,-0.300317,0.0347181,-0.00868945,-0.00979864,-0.00691216,2.45154,0.0002,1.29612e-09,2.0563e-07,1.29612e-09,0.000200005,7.22093e-07,2.0563e-07,7.22093e-07,0.000199998,0
0.0106996,-0.301751,0.0216783,0.00572457,-0.30031,0.0347188,-0.0130613,-0.00822023,-0.00258538,2.45556,0.0002,1.33072e-09,2.0504e-07,1.33072e-09,0.000200005,7.25592e-07,2.0504e-07,7.25592e-07,0.000199998,0
0.0113589,-0.301991,0.0187989,0.00572464,-0.300331,0.0347116,-0.012402,-0.00846038,-0.00546477,2.45556,0.0002,1.42258e-09,2.19221e-07,1.42258e-09,0.000200005,7.27767e-07,2.19221e-07,7.27767e-07,0.000199998,0
0.0140546,-0.302858,0.0114433,0.0162736,-0.303512,0.0120383,-0.00970628,-0.00932736,-0.0128204,2.47515,0.0002,1.52769e-09,2.32513e-07,1.52769e-09,0.000200005,7.39095e-07,2.32513e-07,7.39095e-07,0.000199998,0
0.016189,-0.303581,0.00566367,0.0162796,-0.303512,0.0120451,-0.0126246,-0.00834125,-0.00711919,2.47515,0.000200001,1.62813e-09,2.4641e-07,1.62813e-09,0.000200005,7.42281e-07,2.4641e-07,7.42281e-07,0.000199998,0
0.0178524,-0.30425,0.00207492,0.0162801,-0.303509,0.012044,-0.0109611,-0.00901029,-0.0107079,2.47515,0.000200001,1.76329e-09,2.70121e-07,1.76329e-09,0.000200005,7.37068e-07,2.70121e-07,7.37068e-07,0.000199998,0
0.0193055,-0.304748,0.000240316,0.0162628,-0.303516,0.0120508,-0.0145271,-0.00745897,0.00148533,2.47515,0.000200001,1.87249e-09,2.79146e-07,1.87249e-09,0.000200005,7.5391e-07,2.79146e-07,7.5391e-07,0.000199998,0
0.0205128,-0.305105,-0.00102288,0.0162783,-0.303517,0.0120383,-0.0133197,-0.00781669,0.00022214,2.47515,0.000200001,1.93519e-09,2.78589e-07,1.93519e-09,0.000200005,7.71357e-07,2.78589e-07,7.71357e-07,0.000199998,0
0.0234445,-0.306123,-0.00630952,0.0259341,-0.307697,-0.0145137,-0.010388,-0.00883433,-0.0050645,2.69548,0.000200001,1.8866e-09,2.57832e-07,1.8866e-09,0.000200006,7.8942e-07,2.57832e-07,7.8942e-07,0.000199998,0
0.0257296,-0.30688,-0.0102357,0.025956,-0.307704,-0.0145508,-0.0137265,-0.00763797,0.00821748,2.69548,0.000200001,1.77876e-09,2.35693e-07,1.77876e-09,0.000200006,7.9047e-07,2.35693e-07,7.9047e-07,0.000199998,0
0.0275266,-0.307427,-0.0128488,0.0259081,-0.30771,-0.0144991,-0.0119295,-0.0081852,0.00560444,2.68965,0.0002,1.63909e-09,2.12207e-07,1.63909e-09,0.000200006,7.87633e-07,2.12207e-07,7.87633e-07,0.000199998,0
0.0289232,-0.307784,-0.0132841,0.025915,-0.307709,-0.014505,-0.0134497,-0.00809404,0.0134879,2.69368,0.0002,1.45311e-09,1.83629e-07,1.45311e-09,0.000200006,7.79155e-07,1.83629e-07,7.79155e-07,0.000199998,0
0.0299234,-0.307983,-0.0111502,0.025964,-0.307701,-0.0145156,-0.0124495,-0.00829333,0.0156219,2.69548,0.0002,1.21782e-09,1.50781e-07,1.21782e-09,0.000200005,7.53578e-07,1.50781e-07,7.53578e-07,0.000199998,0
0.0333401,-0.308339,-0.00935872,0.0392645,-0.308659,-0.0223806,-0.00903283,-0.00864922,0.0174133,2.26597,0.0002,1.03255e-09,1.28645e-07,1.03255e-09,0.000200005,7.30539e-07,1.28645e-07,7.30539e-07,0.000199998,0
0.0360741,-0.308621,-0.00751179,0.0392662,-0.308654,-0.0223808,-0.0142098,-0.00703093,0.0285114,2.27,0.0002,8.95214e-10,1.13905e-07,8.95214e-10,0.000200005,7.15869e-07,1.13905e-07,7.15869e-07,0.000199998,0
0.0383893,-0.308976,-0.00500156,0.0392735,-0.308661,-0.0223929,-0.0118946,-0.0073863,0.0310216,2.26597,0.0002,9.04189e-10,1.24125e-07,9.04189e-10,0.000200005,7.26984e-07,1.24125e-07,7.26984e-07,0.000199998,0
0.0403043,-0.309368,-0.00288758,0.0392719,-0.308672,-0.0223817,-0.0129512,-0.0074758,0.0273013,2.26597,0.0002,1.00788e-09,1.46952e-07,1.00788e-09,0.000200005,7.44476e-07,1.46952e-07,7.44476e-07,0.000199998,0
0.0418382,-0.309679,-0.000782083,0.0392803,-0.308669,-0.0223802,-0.0114173,-0.00778687,0.0294068,2.26597,0.0002,1.0927e-09,1.60827e-07,1.0927e-09,0.000200005,7.55847e-07,1.60827e-07,7.55847e-07,0.000199998,0
0.0430434,-0.309945,0.000384416,0.0392759,-0.308659,-0.0223818,-0.0151352,-0.00737158,0.0139678,2.26597,0.0002,1.17162e-09,1.72723e-07,1.17162e-09,0.000200005,7.59839e-07,1.72723e-07,7.59839e-07,0.000199998,0
0.0463348,-0.310202,0.00225278,0.050896,-0.309375,-0.00839669,-0.0118438,-0.00762877,0.0158362,2.04633,0.0002,1.16546e-09,1.67044e-07,1.16546e-09,0.000200005,7.62246e-07,1.67044e-07,7.62246e-07,0.000199998,0
0.0489265,-0.310369,0.00250422,0.050898,-0.309412,-0.00840016,-0.0092522,-0.00779644,0.0160876,2.03884,0.0002,1.11613e-09,1.56551e-07,1.11613e-09,0.000200005,7.56962e-07,1.56551e-07,7.56962e-07,0.000199998,0
0.0510863,-0.31041,0.000429496,0.0509027,-0.309381,-0.00839182,-0.0123929,-0.00642887,-0.00458216,2.04633,0.0002,1.02414e-09,1.36885e-07,1.02414e-09,0.000200005,7.67028e-07,1.36885e-07,7.67028e-07,0.000199998,0
0.0528993,-0.3104,-0.00226472,0.0509023,-0.309379,-0.00838726,-0.0105799,-0.00641938,-0.00727638,2.05088,0.0002,9.31218e-10,1.18453e-07,9.31218e-10,0.000200006,7.86963e-07,1.18453e-07,7.86963e-07,0.000199998,0
0.0544126,-0.310333,-0.00474136,0.0508977,-0.309384,-0.00844001,-0.00906656,-0.00635177,-0.00975301,2.04687,0.0002,8.15338e-10,9.73987e-08,8.15338e-10,0.000200006,8.09873e-07,9.73987e-08,8.09873e-07,0.000199998,0
0.057107,-0.311565,0.000454792,0.0583026,-0.315727,0.0254007,-0.0118625,-0.0064178,-0.0138761,2.35365,0.0002,7.63542e-10,9.13302e-08,7.63542e-10,0.000200006,8.24453e-07,9.13302e-08,8.24453e-07,0.000199998,0
0.0592114,-0.312503,0.0046233,0.0582588,-0.315729,0.025455,-0.0097582,-0.00735589,-0.00970756,2.35296,0.0002,6.76775e-10,7.90447e-08,6.76775e-10,0.000200006,8.27128e-07,7.90447e-08,8.27128e-07,0.000199998,0
0.0608743,-0.313269,0.00805771,0.0582617,-0.315722,0.0254322,-0.0141566,-0.00813885,-0.00699214,2.3569,0.0002,6.21089e-10,7.33106e-08,6.21089e-10,0.000200006,8.25535e-07,7.33106e-08,8.25535e-07,0.000199998,0
0.0622285,-0.313815,0.010498,0.0582773,-0.315725,0.0254463,-0.0128024,-0.00868451,-0.00455181,2.36084,0.0002,5.21708e-10,5.85058e-08,5.21708e-10,0.000200006,8.27918e-07,5.85058e-08,8.27918e-07,0.000199998,0
0.0632675,-0.314291,0.012453,0.0582661,-0.315719,0.0254573,-0.0175001,-0.00895841,0.0026787,2.3569,0.0002,4.76757e-10,5.51686e-08,4.76757e-10,0.000200006,8.22726e-07,5.51686e-08,8.22726e-07,0.000199998,0
0.0641238,-0.314692,0.0143248,0.058284,-0.315725,0.0254423,-0.0166437,-0.00935959,0.00455051,2.3569,0.0002,4.60731e-10,5.57105e-08,4.60731e-10,0.000200006,8.22887e-07,5.57105e-08,8.22887e-07,0.000199998,0
0.0677238,-0.31469,0.0136465,0.0729686,-0.314175,0.0140343,-0.0130438,-0.00935718,0.00387223,2.57533,0.0002,4.2843e-10,5.21072e-08,4.2843e-10,0.000200006,8.19581e-07,5.21072e-08,8.19581e-07,0.000199998,0
0.0705647,-0.314776,0.0131126,0.0729802,-0.314183,0.0140783,-0.0132507,-0.00899188,0.00562782,2.56347,0.0002,4.76487e-10,6.36997e-08,4.76487e-10,0.000200006,8.10823e-07,6.36997e-08,8.10823e-07,0.000199998,0
0.0728791,-0.314884,0.0124712,0.0729735,-0.314171,0.0140426,-0.0109362,-0.00910054,0.00498648,2.57137,0.0002,5.55734e-10,7.80698e-08,5.55734e-10,0.000200006,8.12082e-07,7.80698e-08,8.12082e-07,0.000199998,0
0.0747535,-0.314994,0.0118615,0.0729803,-0.314179,0.0140776,-0.00906183,-0.00921064,0.00437679,2.57137,0.0002,6.39517e-10,9.08572e-08,6.39517e-10,0.000200006,8.16301e-07,9.08572e-08,8.16301e-07,0.000199998,0
0.0762748,-0.315057,0.0116788,0.0729846,-0.314154,0.0140504,-0.0134784,-0.00917069,0.00709224,2.57533,0.0002,6.88244e-10,9.56659e-08,6.88244e-10,0.000200006,8.22357e-07,9.56659e-08,8.22357e-07,0.000199998,0
0.0796381,-0.315342,0.00851955,0.0835134,-0.315708,0.00209292,-0.0101151,-0.00945536,0.003933,2.61291,0.0002,6.55223e-10,8.53494e-08,6.55223e-10,0.000200006,8.32865e-07,8.53494e-08,8.32865e-07,0.000199998,0
0.0823562,-0.315636,0.00650393,0.0835431,-0.315705,0.00206394,-0.0126829,-0.00995089,-0.00200072,2.60897,0.0002,6.88124e-10,8.97008e-08,6.88124e-10,0.000200007,8.43009e-07,8.97008e-08,8.43009e-07,0.000199998,0
0.0845041,-0.315941,0.00458834,0.0835161,-0.31572,0.00210088,-0.0105349,-0.0102556,-0.00391632,2.61291,0.0002,7.72858e-10,1.03458e-07,7.72858e-10,0.000200007,8.46066e-07,1.03458e-07,8.46066e-07,0.000199998,0
0.0861502,-0.316202,0.00337116,0.083475,-0.315687,0.00212454,-0.0145547,-0.00953367,0.00247451,2.60408,0.0002,8.53219e-10,1.16172e-07,8.53219e-10,0.000200007,8.37754e-07,1.16172e-07,8.37754e-07,0.000199998,0
0.0874658,-0.316457,0.0026043,0.0834696,-0.315695,0.00212389,-0.0132391,-0.00978803,0.00170765,2.60408,0.0002,9.52422e-10,1.314e-07,9.52422e-10,0.000200006,8.32406e-07,1.314e-07,8.32406e-07,0.000199998,0
0.090964,-0.316999,0.000553029,0.0958114,-0.317459,-0.00558373,-0.00974086,-0.0103305,-0.000343625,2.66918,0.0002,1.00684e-09,1.37938e-07,1.00684e-09,0.000200006,8.25535e-07,1.37938e-07,8.25535e-07,0.000199998,0
0.0938649,-0.31737,-0.000978551,0.0957932,-0.317455,-0.00555343,-0.0130158,-0.0101603,0.00122714,2.66137,0.0002,1.00855e-09,1.32472e-07,1.00855e-09,0.000200007,8.3805e-07,1.32472e-07,8.3805e-07,0.000199998,0
0.0961667,-0.317692,-0.00230648,0.095806,-0.317461,-0.00554896,-0.010714,-0.0104815,-0.000100787,2.66527,0.0002,1.025e-09,1.32886e-07,1.025e-09,0.000200007,8.42576e-07,1.32886e-07,8.42576e-07,0.000199998,0
0.0978844,-0.317889,-0.0035747,0.0952931,-0.317477,-0.00502493,-0.00899639,-0.0106785,-0.00136901,2.71208,0.0002,9.799e-10,1.23456e-07,9.799e-10,0.000200007,8.4202e-07,1.23456e-07,8.4202e-07,0.000199998,0
0.0992749,-0.318069,-0.00448511,0.0952699,-0.317479,-0.00502154,-0.0135594,-0.0099885,0.000569425,2.71599,0.0002,9.66502e-10,1.21184e-07,9.66502e-10,0.000200007,8.45008e-07,1.21184e-07,8.45008e-07,0.000199997,0
0.100366,-0.318151,-0.00531355,0.0952712,-0.31748,-0.00500452,-0.0124678,-0.0100703,-0.000259015,2.71599,0.0002,8.98804e-10,1.09819e-07,8.98804e-10,0.000200007,8.43528e-07,1.09819e-07,8.43528e-07,0.000199997,0
0.10367,-0.318451,-0.0057775,0.107744,-0.318548,-0.00349508,-0.0153637,-0.00954921,0.00311135,2.47843,0.0002,8.58741e-10,1.06175e-07,8.58741e-10,0.000200007,8.32319e-07,1.06175e-07,8.32319e-07,0.000199998,0
0.106333,-0.318714,-0.00625538,0.107735,-0.318559,-0.00351069,-0.0127012,-0.00981267,0.00263347,2.48238,0.0002,8.50982e-10,1.07442e-07,8.50982e-10,0.000200006,8.28503e-07,1.07442e-07,8.28503e-07,0.000199998,0
0.108419,-0.318984,-0.00629524,0.107626,-0.318534,-0.00335111,-0.0166591,-0.00982117,0.00377634,2.47874,0.0002,8.99287e-10,1.18466e-07,8.99287e-10,0.000200006,8.22583e-07,1.18466e-07,8.22583e-07,0.000199998,0
0.11009,-0.319154,-0.00611512,0.107634,-0.318513,-0.00332587,-0.014988,-0.00999088,0.00395646,2.46688,0.0002,9.01311e-10,1.18651e-07,9.01311e-10,0.000200006,8.18851e-07,1.18651e-07,8.18851e-07,0.000199998,0
0.111491,-0.319317,-0.00586489,0.107632,-0.318541,-0.00331235,-0.0135879,-0.0101538,0.0042067,2.46688,0.0002,9.28593e-10,1.22148e-07,9.28593e-10,0.000200006,8.26664e-07,1.22148e-07,8.26664e-07,0.000199998,0
0.114865,-0.3198,-0.00671263,0.119119,-0.32008,-0.00751792,-0.0124463,-0.010263,0.00150607,2.41834,0.0002,9.81085e-10,1.31151e-07,9.81085e-10,0.000200006,8.24812e-07,1.31151e-07,8.24812e-07,0.000199998,0
0.117606,-0.320144,-0.00759927,0.119112,-0.320072,-0.0075246,-0.00970562,-0.0106064,0.000619433,2.41437,0.0002,9.92846e-10,1.30486e-07,9.92846e-10,0.000200006,8.30427e-07,1.30486e-07,8.30427e-07,0.000199998,0
0.119798,-0.320418,-0.00851519,0.119114,-0.320067,-0.00752221,-0.00751286,-0.0108809,-0.000296487,2.41437,0.0002,1.00238e-09,1.30407e-07,1.00238e-09,0.000200006,8.33967e-07,1.30407e-07,8.33967e-07,0.000199998,0
0.121574,-0.320576,-0.00914401,0.119111,-0.320072,-0.0075197,-0.0114527,-0.0105583,0.000523917,2.41437,0.0002,9.57071e-10,1.20417e-07,9.57071e-10,0.000200007,8.39696e-07,1.20417e-07,8.39696e-07,0.000199998,0
0.122955,-0.320739,-0.00985781,0.119133,-0.32004,-0.00753827,-0.0100711,-0.0107209,-0.000189882,2.42231,0.0002,9.53328e-10,1.2103e-07,9.53328e-10,0.000200007,8.36452e-07,1.2103e-07,8.36452e-07,0.000199998,0
0.124126,-0.320807,-0.0101141,0.119137,-0.32004,-0.00751689,-0.0148536,-0.0100506,0.00343695,2.43025,0.0002,9.03808e-10,1.1142e-07,9.03808e-10,0.000200007,8.44681e-07,1.1142e-07,8.44681e-07,0.000199998,0
0.127035,-0.321611,-0.00803194,0.129311,-0.324149,0.00237891,-0.0119448,-0.0108546,0.0055191,2.45588,0.0002,8.0038e-10,9.49112e-08,8.0038e-10,0.000200007,8.39851e-07,9.49112e-08,8.39851e-07,0.000199998,0
0.129407,-0.322264,-0.00636781,0.129329,-0.323996,0.00236816,-0.0155123,-0.0109083,0.0105435,2.44446,0.0002,7.58647e-10,9.05871e-08,7.58647e-10,0.000200007,8.43557e-07,9.05871e-08,8.43557e-07,0.000199998,0
0.131282,-0.322807,-0.00471599,0.129317,-0.323999,0.00241631,-0.0136376,-0.0114513,0.0121953,2.43674,0.0002,7.41815e-10,9.05726e-08,7.41815e-10,0.000200007,8.42564e-07,9.05726e-08,8.42564e-07,0.000199998,0
0.132891,-0.323392,-0.00349485,0.129334,-0.324014,0.00243074,-0.0120286,-0.012036,0.0134165,2.43674,0.0002,8.7317e-10,1.1401e-07,8.7317e-10,0.000200007,8.58875e-07,1.1401e-07,8.58875e-07,0.000199997,0
0.134155,-0.323878,-0.0026237,0.129323,-0.324006,0.00241829,-0.0168479,-0.012372,0.014814,2.42901,0.0002,9.95919e-10,1.32051e-07,9.95919e-10,0.000200007,8.65959e-07,1.32051e-07,8.65959e-07,0.000199997,0
0.138006,-0.323947,-0.00607466,0.143852,-0.322213,-0.0188582,-0.0129974,-0.0124407,0.0113631,2.37735,0.0002,1.09948e-09,1.46655e-07,1.09948e-09,0.000200007,8.60331e-07,1.46655e-07,8.60331e-07,0.000199997,0
0.141106,-0.3239,-0.00749885,0.143846,-0.322212,-0.0189002,-0.00989742,-0.0123942,0.00993889,2.37039,0.0002,1.08755e-09,1.39542e-07,1.08755e-09,0.000200007,8.60102e-07,1.39542e-07,8.60102e-07,0.000199997,0
0.143543,-0.323863,-0.0071915,0.143845,-0.322196,-0.01891,-0.0137034,-0.0114542,0.00734648,2.37426,0.0002,1.06694e-09,1.34841e-07,1.06694e-09,0.000200007,8.53166e-07,1.34841e-07,8.53166e-07,0.000199997,0
0.145473,-0.323898,-0.00579826,0.143861,-0.322202,-0.0188647,-0.0117726,-0.0114896,0.00873971,2.37426,0.0002,1.09978e-09,1.41509e-07,1.09978e-09,0.000200007,8.45376e-07,1.41509e-07,8.45376e-07,0.000199997,0
0.147103,-0.32397,-0.00385992,0.143862,-0.322206,-0.0188851,-0.0157891,-0.0104382,0.0117533,2.37039,0.0002,1.17226e-09,1.51858e-07,1.17226e-09,0.000200007,8.54137e-07,1.51858e-07,8.54137e-07,0.000199997,0
0.151086,-0.324255,-0.000237504,0.157039,-0.323172,-0.0106022,-0.0118061,-0.0107231,0.0153757,2.29609,0.0002,1.27086e-09,1.64503e-07,1.27086e-09,0.000200007,8.66715e-07,1.64503e-07,8.66715e-07,0.000199997,0
0.154273,-0.324608,0.00286911,0.157041,-0.323182,-0.0105931,-0.0143619,-0.0102936,0.0106521,2.30373,0.0002,1.4585e-09,1.91772e-07,1.4585e-09,0.000200007,8.75151e-07,1.91772e-07,8.75151e-07,0.000199997,0
0.156871,-0.324803,0.00535016,0.157063,-0.323184,-0.0106124,-0.0117643,-0.0104884,0.0131332,2.29991,0.0002,1.5295e-09,1.94552e-07,1.5295e-09,0.000200007,8.87497e-07,1.94552e-07,8.87497e-07,0.000199997,0
0.158884,-0.324975,0.00640537,0.157053,-0.323175,-0.0106011,-0.00975124,-0.0106602,0.0141884,2.29991,0.0002,1.58493e-09,1.99412e-07,1.58493e-09,0.000200007,8.85319e-07,1.99412e-07,8.85319e-07,0.000199997,0
0.160542,-0.325111,0.00496686,0.157078,-0.323185,-0.0106271,-0.0113008,-0.0101994,0.00911495,2.29609,0.0002,1.63605e-09,2.0303e-07,1.63605e-09,0.000200007,8.90596e-07,2.0303e-07,8.90596e-07,0.000199997,0
0.161932,-0.325172,0.00218762,0.156965,-0.323163,-0.0104873,-0.00991152,-0.0102606,0.00633571,2.31518,0.0002,1.65691e-09,1.99603e-07,1.65691e-09,0.000200008,9.07283e-07,1.99603e-07,9.07283e-07,0.000199997,0
0.165554,-0.325569,0.00417401,0.17014,-0.32542,0.0126311,-0.00628885,-0.010658,0.00832209,2.42218,0.0002,1.56999e-09,1.8495e-07,1.56999e-09,0.000200007,8.97284e-07,1.8495e-07,8.97284e-07,0.000199997,0
0.16838,-0.325801,0.00574669,0.170202,-0.325424,0.0125511,-0.0138742,-0.00937572,-0.0145854,2.41302,0.0002,1.40292e-09,1.61385e-07,1.40292e-09,0.000200007,8.7733e-07,1.61385e-07,8.7733e-07,0.000199997,0
0.170564,-0.326007,0.00733222,0.170141,-0.325421,0.0126366,-0.01169,-0.00958131,-0.0129998,2.42218,0.0002,1.28126e-09,1.49173e-07,1.28126e-09,0.000200007,8.54454e-07,1.49173e-07,8.54454e-07,0.000199997,0
0.172311,-0.326087,0.0088101,0.170143,-0.325431,0.0126498,-0.013038,-0.00923154,-0.0150827,2.42218,0.0002,1.11318e-09,1.27205e-07,1.11318e-09,0.000200007,8.39791e-07,1.27205e-07,8.39791e-07,0.000199997,0
0.17375,-0.326106,0.00957476,0.170136,-0.325429,0.0126323,-0.0115992,-0.00925041,-0.014318,2.42218,0.0002,9.5295e-10,1.05998e-07,9.5295e-10,0.000200007,8.37183e-07,1.05998e-07,8.37183e-07,0.000199997,0
0.177209,-0.326637,0.0130871,0.181251,-0.328516,0.0292148,-0.00813965,-0.00978163,-0.0108057,2.43538,0.0002,7.63937e-10,7.86147e-08,7.63937e-10,0.000200007,8.4901e-07,7.86147e-08,8.4901e-07,0.000199997,0
0.179993,-0.327108,0.0160176,0.181219,-0.328449,0.029299,-0.0111973,-0.00946412,-0.00971008,2.42664,0.0002,6.71121e-10,7.01151e-08,6.71121e-10,0.000200007,8.60149e-07,7.01151e-08,8.60149e-07,0.000199997,0
0.182226,-0.327542,0.0181385,0.181251,-0.328539,0.0292159,-0.00896363,-0.00989804,-0.00758914,2.44313,0.0002,6.38622e-10,7.06348e-08,6.38622e-10,0.000200007,8.67435e-07,7.06348e-08,8.67435e-07,0.000199997,0
0.184019,-0.327871,0.0194244,0.181281,-0.32846,0.0292304,-0.013528,-0.00952104,-0.00439396,2.41212,0.0002,6.15922e-10,7.04593e-08,6.15922e-10,0.000200007,8.72138e-07,7.04593e-08,8.72138e-07,0.000199997,0
0.185462,-0.328128,0.0211922,0.18122,-0.328547,0.0293027,-0.0120848,-0.00977874,-0.00262615,2.44853,0.0002,5.79132e-10,6.61842e-08,5.79132e-10,0.000200007,8.7854e-07,6.61842e-08,8.7854e-07,0.000199997,0
0.186575,-0.328404,0.0244673,0.181213,-0.328463,0.02929,-0.0109723,-0.0100541,0.000648981,2.42664,0.0002,6.2105e-10,7.59035e-08,6.2105e-10,0.000200007,8.76233e-07,7.59035e-08,8.76233e-07,0.000199997,0
0.189983,-0.328687,0.0283657,0.194023,-0.328976,0.025327,-0.0135862,-0.0101926,0.00462173,2.27049,0.0002,6.04303e-10,7.36769e-08,6.04303e-10,0.000200007,8.67945e-07,7.36769e-08,8.67945e-07,0.000199997,0
0.192668,-0.328912,0.0329361,0.194023,-0.328971,0.0253401,-0.0109018,-0.0104171,0.00919216,2.26673,0.0002,5.79467e-10,7.07348e-08,5.79467e-10,0.000200007,8.55978e-07,7.07348e-08,8.55978e-07,0.000199997,0
0.194927,-0.329195,0.0375262,0.19403,-0.328995,0.0253507,-0.0147412,-0.0106178,0.0138444,2.26905,0.0002,6.51393e-10,8.34406e-08,6.51393e-10,0.000200007,8.66141e-07,8.34406e-08,8.66141e-07,0.000199997,0
0.196722,-0.32954,0.0410057,0.193948,-0.328974,0.025422,-0.0129454,-0.0109627,0.0173238,2.27892,0.0002,8.19749e-10,1.10593e-07,8.19749e-10,0.000200007,8.73725e-07,1.10593e-07,8.73725e-07,0.000199997,0
0.198224,-0.329874,0.0426501,0.193941,-0.328981,0.025419,-0.0175547,-0.0109209,0.00631323,2.27534,0.0002,1.01523e-09,1.37032e-07,1.01523e-09,0.000200007,8.89373e-07,1.37032e-07,8.89373e-07,0.000199997,0
0.20168,-0.330282,0.0462486,0.206088,-0.330832,0.0471862,-0.014099,-0.0113292,0.00991176,1.74184,0.0002,9.54013e-10,1.2152e-07,9.54013e-10,0.000200007,8.70562e-07,1.2152e-07,8.70562e-07,0.000199997,0
0.204308,-0.33043,0.0468558,0.206076,-0.330789,0.0472155,-0.0114716,-0.0114771,0.010519,1.72697,0.0002,7.3954e-10,8.51236e-08,7.3954e-10,0.000200007,8.36878e-07,8.51236e-08,8.36878e-07,0.000199997,0
0.206565,-0.330563,0.0464124,0.206103,-0.330799,0.0472277,-0.0121621,-0.0113756,-0.000525664,1.72325,0.0002,5.9941e-10,6.4285e-08,5.9941e-10,0.000200007,8.39272e-07,6.4285e-08,8.39272e-07,0.000199997,0
0.208386,-0.330619,0.0459602,0.206081,-0.330655,0.0472577,-0.0103405,-0.0114312,-0.00097784,1.69022,0.0002,4.74452e-10,4.75673e-08,4.74452e-10,0.000200007,8.44043e-07,4.75673e-08,8.44043e-07,0.000199997,0
0.20991,-0.330639,0.0461127,0.206099,-0.330647,0.0472413,-0.0180908,-0.0106321,-0.0193284,1.6865,0.0002,3.60465e-10,3.29407e-08,3.60465e-10,0.000200007,8.5714e-07,3.29407e-08,8.5714e-07,0.000199997,0
0.21367,-0.330664,0.0515719,0.218277,-0.330935,0.0723746,-0.0143306,-0.0106573,-0.0138692,1.9904,0.0002,2.5164e-10,1.92199e-08,2.5164e-10,0.000200007,8.82364e-07,1.92199e-08,8.82364e-07,0.000199997,0
0.216722,-0.330677,0.0557336,0.218285,-0.330946,0.0723822,-0.0112788,-0.0106703,-0.00970752,1.9904,0.0002,1.56399e-10,8.35194e-09,1.56399e-10,0.000200007,9.05291e-07,8.35194e-09,9.05291e-07,0.000199997,0
0.219097,-0.330661,0.0593717,0.218279,-0.330926,0.0723729,-0.0125191,-0.0109978,-0.00448355,1.9904,0.0002,5.81223e-11,-2.97833e-09,5.81223e-11,0.000200008,9.09557e-07,-2.97833e-09,9.09557e-07,0.000199997,0
0.220935,-0.330672,0.062386,0.218282,-0.330943,0.0723746,-0.0106811,-0.0110092,-0.00146924,1.99415,0.0002,1.66402e-12,-7.46516e-09,1.66402e-12,0.000200008,9.02266e-07,-7.46516e-09,9.02266e-07,0.000199997,0
0.222378,-0.330657,0.0642846,0.218261,-0.33094,0.0723977,-0.0156305,-0.0111769,0.00294062,1.98007,0.0002,-6.1157e-11,-1.42796e-08,-6.1157e-11,0.000200007,8.93977e-07,-1.42796e-08,8.93977e-07,0.000199997,0
0.223491,-0.330645,0.0658019,0.218261,-0.330937,0.0723898,-0.0145183,-0.011165,0.00445794,1.98007,0.0002,-1.07122e-10,-1.88054e-08,-1.07122e-10,0.000200007,8.81861e-07,-1.88054e-08,8.81861e-07,0.000199997,0
0.226972,-0.330641,0.0663066,0.231418,-0.330723,0.0678085,-0.0110369,-0.0111605,0.0049626,1.68011,0.0002,-1.00976e-10,-1.50116e-08,-1.00976e-10,0.000200007,8.67746e-07,-1.50116e-08,8.67746e-07,0.000199997,0
0.229798,-0.330636,0.0665067,0.231408,-0.330734,0.0678257,-0.0141902,-0.0112202,0.00540049,1.68386,0.0002,-9.73944e-11,-1.31083e-08,-9.73944e-11,0.000200007,8.65503e-07,-1.31083e-08,8.65503e-07,0.000199997,0
0.232015,-0.330658,0.0665966,0.231292,-0.330753,0.0679914,-0.0119727,-0.0112424,0.0054903,1.68666,0.0002,-7.28687e-11,-8.29093e-09,-7.28687e-11,0.000200007,8.60898e-07,-8.29093e-09,8.60898e-07,0.000199997,0
0.233788,-0.330675,0.0666726,0.231284,-0.330749,0.0680124,-0.0163514,-0.0112713,0.00561828,1.68008,0.0002,-5.32726e-11,-5.23542e-09,-5.32726e-11,0.000200007,8.5795e-07,-5.23542e-09,8.5795e-07,0.000199997,0
0.235313,-0.330701,0.0666252,0.231285,-0.330746,0.0679885,-0.0148257,-0.011298,0.00557087,1.68292,0.0002,-2.54218e-11,-9.94803e-10,-2.54218e-11,0.000200007,8.73268e-07,-9.94803e-10,8.73268e-07,0.000199997,0
0.238868,-0.330534,0.0664596,0.242968,-0.330005,0.0663118,-0.0112714,-0.0111306,0.00540523,1.53397,0.0002,-4.3268e-11,-5.14097e-09,-4.3268e-11,0.000200007,8.8262e-07,-5.14097e-09,8.8262e-07,0.000199997,0
0.24175,-0.330356,0.0663303,0.242967,-0.330013,0.066329,-0.0142667,-0.0113911,0.00453416,1.53397,0.0002,-1.01173e-10,-1.49837e-08,-1.01173e-10,0.000200007,8.94946e-07,-1.49837e-08,8.94946e-07,0.000199997,0
0.244058,-0.330214,0.0660191,0.242976,-0.330012,0.0663258,-0.0119586,-0.0112488,0.00422297,1.53397,0.0002,-1.47182e-10,-2.1155e-08,-1.47182e-10,0.000200008,9.02839e-07,-2.1155e-08,9.02839e-07,0.000199997,0
0.245817,-0.330064,0.0659781,0.242972,-0.330013,0.0663307,-0.0163646,-0.0115915,0.000888953,1.53397,0.0002,-2.14824e-10,-3.09828e-08,-2.14824e-10,0.000200007,8.93859e-07,-3.09828e-08,8.93859e-07,0.000199997,0
0.247143,-0.329995,0.0663588,0.24298,-0.330021,0.0663282,-0.0150386,-0.0115218,0.00126963,1.53022,0.0002,-2.1957e-10,-2.97287e-08,-2.1957e-10,0.000200007,8.74972e-07,-2.97287e-08,8.74972e-07,0.000199997,0
0.248204,-0.32998,0.0664631,0.24297,-0.330018,0.0663625,-0.013977,-0.0115071,0.00137399,1.53771,0.0002,-1.82903e-10,-2.21714e-08,-1.82903e-10,0.000200007,8.63335e-07,-2.21714e-08,8.63335e-07,0.000199997,0
0.251674,-0.329895,0.0660173,0.255946,-0.329333,0.064231,-0.0167473,-0.0115436,0.00273562,1.46132,0.0002,-9.73736e-11,-7.36569e-09,-9.73736e-11,0.000200007,8.59962e-07,-7.36569e-09,8.59962e-07,0.000199997,0
0.254551,-0.329754,0.065763,0.25594,-0.329319,0.0642262,-0.0138707,-0.0114028,0.00248138,1.46508,0.0002,-9.42807e-11,-9.10525e-09,-9.42807e-11,0.000200007,8.74105e-07,-9.10525e-09,8.74105e-07,0.000199997,0
0.256913,-0.329617,0.0654558,0.255934,-0.329322,0.0642251,-0.0115084,-0.0112657,0.00217415,1.46884,0.0002,-1.17873e-10,-1.41613e-08,-1.17873e-10,0.000200007,8.93123e-07,-1.41613e-08,8.93123e-07,0.000199997,0
0.258744,-0.329536,0.0649012,0.25595,-0.32934,0.064234,-0.0163801,-0.0111172,0.00457943,1.46027,0.0002,-1.11967e-10,-1.31051e-08,-1.11967e-10,0.000200007,8.95332e-07,-1.31051e-08,8.95332e-07,0.000199997,0
0.260268,-0.329445,0.0645635,0.255935,-0.329328,0.0642468,-0.0148561,-0.0110257,0.00424175,1.46508,0.0002,-1.31385e-10,-1.63472e-08,-1.31385e-10,0.000200008,9.06717e-07,-1.63472e-08,9.06717e-07,0.000199997,0
0.263704,-0.329233,0.0643003,0.267782,-0.328907,0.0647992,-0.0147275,-0.0111967,0.00149028,1.43341,0.0002,-1.93856e-10,-2.69275e-08,-1.93856e-10,0.000200007,8.89578e-07,-2.69275e-08,8.89578e-07,0.000199997,0
0.266452,-0.32906,0.064084,0.267783,-0.328889,0.0647705,-0.0119787,-0.011024,0.00127391,1.42967,0.0002,-2.41251e-10,-3.36174e-08,-2.41251e-10,0.000200007,8.78613e-07,-3.36174e-08,8.78613e-07,0.000199997,0
0.268677,-0.328994,0.0640226,0.267784,-0.328934,0.064812,-0.00975394,-0.0109574,0.00121259,1.43716,0.0002,-2.20209e-10,-2.78999e-08,-2.20209e-10,0.000200007,8.75645e-07,-2.78999e-08,8.75645e-07,0.000199997,0
0.270433,-0.328877,0.0642778,0.26779,-0.328927,0.0647803,-0.0142591,-0.0111609,0.0019477,1.4409,0.0002,-2.58601e-10,-3.43139e-08,-2.58601e-10,0.000200007,8.69692e-07,-3.43139e-08,8.69692e-07,0.000199997,0
0.271861,-0.328839,0.0645857,0.267781,-0.328892,0.0647821,-0.0128311,-0.0111228,0.00225568,1.42967,0.0002,-2.33105e-10,-2.85685e-08,-2.33105e-10,0.000200007,8.69931e-07,-2.85685e-08,8.69931e-07,0.000199997,0
0.273044,-0.32877,0.0646268,0.267784,-0.328927,0.0647909,-0.018045,-0.0109567,0.00654855,1.43716,0.0002,-2.5451e-10,-3.21387e-08,-2.5451e-10,0.000200007,8.76437e-07,-3.21387e-08,8.76437e-07,0.000199997,0
0.276531,-0.329298,0.0652127,0.280463,-0.331439,0.0686037,-0.0145575,-0.0114851,0.00713443,1.51346,0.0002,-1.92893e-10,-2.07689e-08,-1.92893e-10,0.000200007,8.81479e-07,-2.07689e-08,8.81479e-07,0.000199997,0
0.279322,-0.329679,0.0656775,0.280482,-0.331442,0.0685816,-0.0117666,-0.0118653,0.00759921,1.52068,0.0002,-1.8367e-10,-2.04723e-08,-1.8367e-10,0.000200007,8.84264e-07,-2.04723e-08,8.84264e-07,0.000199997,0
0.281616,-0.329984,0.0663388,0.280477,-0.331576,0.0684753,-0.016125,-0.0123865,0.0101549,1.55413,0.0002,-2.04405e-10,-2.4623e-08,-2.04405e-10,0.000200007,8.96004e-07,-2.4623e-08,8.96004e-07,0.000199997,0
0.283402,-0.330191,0.0666753,0.280445,-0.331383,0.0685451,-0.0143386,-0.0125939,0.0104914,1.50301,0.0002,-2.18885e-10,-2.69619e-08,-2.18885e-10,0.000200007,8.96721e-07,-2.69619e-08,8.96721e-07,0.000199997,0
0.284789,-0.330358,0.0665357,0.280445,-0.331374,0.0685701,-0.0192204,-0.0134585,0.00627357,1.49745,0.0002,-2.26045e-10,-2.79512e-08,-2.26045e-10,0.000200007,8.9039e-07,-2.79512e-08,8.9039e-07,0.000199997,0
0.288318,-0.329844,0.0664345,0.292335,-0.328144,0.0665382,-0.0156906,-0.012945,0.00617231,1.28308,0.0002,-2.35915e-10,-2.91556e-08,-2.35915e-10,0.000200007,8.93126e-07,-2.91556e-08,8.93126e-07,0.000199997,0
0.291056,-0.329396,0.0667714,0.292342,-0.328141,0.0665596,-0.0129531,-0.0124973,0.0065092,1.28368,0.0002,-2.75432e-10,-3.59435e-08,-2.75432e-10,0.000200007,8.80835e-07,-3.59435e-08,8.80835e-07,0.000199997,0
0.293268,-0.329014,0.0669358,0.292354,-0.328137,0.0665532,-0.016692,-0.0127567,0.0102923,1.28368,0.0002,-3.27809e-10,-4.39755e-08,-3.27809e-10,0.000200007,8.76133e-07,-4.39755e-08,8.76133e-07,0.000199997,0
0.295105,-0.328768,0.0669666,0.292351,-0.328138,0.0665682,-0.0148549,-0.0125104,0.0103231,1.28368,0.0002,-3.16377e-10,-3.96241e-08,-3.16377e-10,0.000200007,8.83994e-07,-3.96241e-08,8.83994e-07,0.000199997,0
0.296619,-0.328565,0.0667854,0.292359,-0.328126,0.0665746,-0.0133412,-0.0123078,0.0101419,1.28368,0.0002,-3.09205e-10,-3.72201e-08,-3.09205e-10,0.000200007,8.95819e-07,-3.72201e-08,8.95819e-07,0.000199997,0
0.300397,-0.328442,0.0666786,0.305291,-0.328202,0.0662511,-0.0165024,-0.012042,0.00586333,1.11332,0.0002,-2.80489e-10,-3.20415e-08,-2.80489e-10,0.000200008,9.00219e-07,-3.20415e-08,9.00219e-07,0.000199997,0
0.303415,-0.328297,0.0661799,0.305286,-0.328185,0.0662549,-0.0134841,-0.011897,0.0053646,1.11381,0.0002,-2.96392e-10,-3.5315e-08,-2.96392e-10,0.000200008,9.0259e-07,-3.5315e-08,9.0259e-07,0.000199997,0
0.305897,-0.328148,0.066115,0.305315,-0.328145,0.0663731,-0.0176533,-0.0120384,0.0101613,1.11381,0.0002,-3.36298e-10,-4.14436e-08,-3.36298e-10,0.000200008,9.14072e-07,-4.14436e-08,9.14072e-07,0.000199997,0
0.307776,-0.327969,0.0659612,0.305328,-0.328128,0.0663812,-0.015775,-0.0118593,0.0100075,1.11381,0.0002,-4.16472e-10,-5.43687e-08,-4.16472e-10,0.000200008,9.03772e-07,-5.43687e-08,9.03772e-07,0.000199997,0
0.309243,-0.327957,0.0658448,0.305319,-0.328133,0.0664144,-0.0179916,-0.0120271,0.00795359,1.11752,0.0002,-3.53737e-10,-4.17688e-08,-3.53737e-10,0.000200007,8.91734e-07,-4.17688e-08,8.91734e-07,0.000199997,0
0.310395,-0.327883,0.0660584,0.305339,-0.328118,0.0663949,-0.0168395,-0.0119526,0.00816713,1.11381,0.0002,-3.59869e-10,-4.37535e-08,-3.59869e-10,0.000200007,8.79958e-07,-4.37535e-08,8.79958e-07,0.000199997,0
0.314185,-0.327644,0.0666116,0.319684,-0.327232,0.0683062,-0.0186866,-0.0123346,0.00327483,1.19834,0.0002,-3.65265e-10,-4.50897e-08,-3.65265e-10,0.000200007,8.72419e-07,-4.50897e-08,8.72419e-07,0.000199997,0
0.317268,-0.327452,0.0668381,0.319725,-0.327245,0.0682615,-0.0156036,-0.0121427,0.00350138,1.18731,0.0002,-3.74648e-10,-4.64881e-08,-3.74648e-10,0.000200007,8.7438e-07,-4.64881e-08,8.7438e-07,0.000199997,0
0.319683,-0.327258,0.0670319,0.319694,-0.327238,0.0683246,-0.0131887,-0.011948,0.00369519,1.19687,0.0002,-4.16255e-10,-5.37925e-08,-4.16255e-10,0.000200007,8.68386e-07,-5.37925e-08,8.68386e-07,0.000199997,0
0.321714,-0.327182,0.0667613,0.319736,-0.327246,0.0682661,-0.0175851,-0.0119803,0.0043137,1.1852,0.0002,-3.80481e-10,-4.5687e-08,-3.80481e-10,0.000200007,8.79044e-07,-4.5687e-08,8.79044e-07,0.000199997,0
0.323373,-0.327074,0.0663469,0.319708,-0.327235,0.0683119,-0.0159264,-0.0118723,0.00389931,1.19687,0.0002,-3.93516e-10,-4.75682e-08,-3.93516e-10,0.000200007,8.92215e-07,-4.75682e-08,8.92215e-07,0.000199997,0
0.32713,-0.326935,0.0669936,0.331862,-0.32701,0.0763105,-0.0186217,-0.0123471,0.0111287,1.4135,0.0002,-4.01995e-10,-4.83797e-08,-4.01995e-10,0.000200007,9.00666e-07,-4.83797e-08,9.00666e-07,0.000199997,0
0.330093,-0.326785,0.0673057,0.33187,-0.327017,0.0763194,-0.0156595,-0.0121967,0.0114408,1.4135,0.0002,-4.44488e-10,-5.53766e-08,-4.44488e-10,0.000200007,8.98832e-07,-5.53766e-08,8.98832e-07,0.000199997,0
0.332443,-0.326639,0.0678678,0.331888,-0.32699,0.0763287,-0.013309,-0.0120513,0.012003,1.40984,0.0002,-4.96304e-10,-6.32528e-08,-4.96304e-10,0.000200007,8.94022e-07,-6.32528e-08,8.94022e-07,0.000199997,0
0.334263,-0.326637,0.0688358,0.331867,-0.327004,0.0763318,-0.0184261,-0.0122574,0.0142501,1.40984,0.0002,-4.31927e-10,-5.10172e-08,-4.31927e-10,0.000200007,8.81861e-07,-5.10172e-08,8.81861e-07,0.000199997,0
0.335721,-0.326634,0.0702293,0.331877,-0.327006,0.0763218,-0.0169681,-0.0122552,0.0156436,1.40984,0.0002,-3.83284e-10,-4.37267e-08,-3.83284e-10,0.000200007,8.7406e-07,-4.37267e-08,8.7406e-07,0.000199997,0
0.339514,-0.32652,0.069044,0.344669,-0.326115,0.0663718,-0.0192957,-0.012163,0.0146823,1.06344,0.0002,-2.95652e-10,-2.98981e-08,-2.95652e-10,0.000200007,8.79952e-07,-2.98981e-08,8.79952e-07,0.000199997,0
0.342546,-0.326391,0.0685069,0.344669,-0.326128,0.0663574,-0.0162641,-0.0120339,0.0141452,1.06344,0.0002,-2.6515e-10,-2.76242e-08,-2.6515e-10,0.000200007,8.83255e-07,-2.76242e-08,8.83255e-07,0.000199997,0
0.345012,-0.326237,0.0678644,0.344674,-0.326097,0.0663287,-0.0137982,-0.0118794,0.0135027,1.07219,0.0002,-2.8572e-10,-3.31692e-08,-2.8572e-10,0.000200007,8.91701e-07,-3.31692e-08,8.91701e-07,0.000199997,0
0.346988,-0.32615,0.0673498,0.344679,-0.326062,0.0663254,-0.0150945,-0.0119676,0.0137643,1.06121,0.0002,-2.6326e-10,-2.97171e-08,-2.6326e-10,0.000200007,8.97577e-07,-2.97171e-08,8.97577e-07,0.000199997,0
0.348568,-0.326092,0.0669431,0.344672,-0.326119,0.066351,-0.0135146,-0.0119096,0.0133576,1.06344,0.0002,-2.44848e-10,-2.73396e-08,-2.44848e-10,0.000200008,9.01342e-07,-2.73396e-08,9.01342e-07,0.000199997,0
0.349855,-0.326064,0.0667247,0.344673,-0.326113,0.0663682,-0.0187649,-0.0121008,0.0158169,1.06344,0.0002,-2.12179e-10,-2.25588e-08,-2.12179e-10,0.000200008,9.07376e-07,-2.25588e-08,9.07376e-07,0.000199997,0
0.353694,-0.326141,0.0666369,0.359402,-0.327187,0.0647401,-0.0149255,-0.0121772,0.0157291,1.58385,0.0002,-2.95631e-10,-3.86026e-08,-2.95631e-10,0.000200007,8.89493e-07,-3.86026e-08,8.89493e-07,0.000199997,0
0.356404,-0.326234,0.0666987,0.359374,-0.326907,0.0648799,-0.0122161,-0.0122699,0.0157909,1.50756,0.0002,-2.66901e-10,-3.48141e-08,-2.66901e-10,0.000200007,8.21007e-07,-3.48141e-08,8.21007e-07,0.000199997,0
0.357956,-0.326389,0.0666178,0.359367,-0.327004,0.0647444,-0.0175484,-0.0134275,0.0187396,1.54807,0.0002,-1.78979e-10,-2.23605e-08,-1.78979e-10,0.000200005,6.78932e-07,-2.23605e-08,6.78932e-07,0.000199998,0
0.358737,-0.326536,0.0661357,0.359414,-0.327176,0.064727,-0.0167672,-0.0135743,0.0182576,1.5802,0.0002,-1.20204e-10,-1.61155e-08,-1.20204e-10,0.000200004,5.12846e-07,-1.61155e-08,5.12846e-07,0.000199998,0
0.35915,-0.32671,0.0657542,0.359403,-0.327176,0.0647468,-0.0224887,-0.01372,0.0180975,1.5802,0.0002,-5.79359e-11,-3.04432e-09,-5.79359e-11,0.000200002,3.73041e-07,-3.04432e-09,3.73041e-07,0.000199999,0
0.361588,-0.326437,0.0656907,0.370771,-0.324847,0.0649157,-0.0200515,-0.0134468,0.0180339,1.14823,0.0002,-9.99648e-12,1.39113e-08,-9.99648e-12,0.000200001,2.56847e-07,1.39113e-08,2.56847e-07,0.000199999,0
0.363518,-0.326183,0.0659498,0.370787,-0.324769,0.0649135,-0.0181212,-0.0131928,0.0182931,1.13918,0.0002,7.50664e-12,2.15862e-08,7.50664e-12,0.000200001,1.78866e-07,2.15862e-08,1.78866e-07,0.000199999,0
0.365036,-0.325964,0.0660695,0.370771,-0.324789,0.064994,-0.0195964,-0.0133526,0.0132347,1.14104,0.0002,1.16354e-11,2.33261e-08,1.16354e-11,0.000200001,1.25339e-07,2.33261e-08,1.25339e-07,0.0002,0
0.366207,-0.325745,0.0659501,0.370776,-0.324772,0.0649535,-0.0184259,-0.0131343,0.0131152,1.14791,0.0002,8.04905e-12,1.80995e-08,8.04905e-12,0.0002,8.38379e-08,1.80995e-08,8.38379e-08,0.0002,0
0.367125,-0.325567,0.0657409,0.370797,-0.324853,0.064904,-0.0175078,-0.0129558,0.0129061,1.14492,0.0002,4.37447e-12,1.15837e-08,4.37447e-12,0.0002,5.36562e-08,1.15837e-08,5.36562e-08,0.0002,0
0.367855,-0.325407,0.0655835,0.370775,-0.324767,0.0649533,-0.017201,-0.0129034,0.0109547,1.14791,0.0002,2.48143e-12,7.41355e-09,2.48143e-12,0.0002,3.434e-08,7.41355e-09,3.434e-08,0.0002,0
0.368991,-0.325411,0.06479,0.373535,-0.325426,0.0616159,-0.016065,-0.0129073,0.0101612,1.11471,0.0002,1.45777e-12,4.74467e-09,1.45777e-12,0.0002,2.19776e-08,4.74467e-09,2.19776e-08,0.0002,0
0.3699,-0.325414,0.0641545,0.373535,-0.325427,0.0616125,-0.0151528,-0.0129089,0.00943426,1.11471,0.0002,8.79584e-13,3.03659e-09,8.79584e-13,0.0002,1.40657e-08,3.03659e-09,1.40657e-08,0.0002,0
0.370628,-0.325422,0.0636355,0.37354,-0.325454,0.0615593,-0.0144246,-0.0129168,0.00891522,1.11954,0.0002,5.41066e-13,1.94342e-09,5.41066e-13,0.0002,9.00202e-09,1.94342e-09,9.00202e-09,0.0002,0
0.371209,-0.325423,0.0632221,0.373531,-0.325426,0.0615684,-0.013897,-0.0129292,0.0085267,1.11229,0.0002,3.37325e-13,1.24379e-09,3.37325e-13,0.0002,5.76129e-09,1.24379e-09,5.76129e-09,0.0002,0
0.371676,-0.325424,0.0628916,0.373543,-0.325428,0.0615698,-0.0134301,-0.0129304,0.00819624,1.12551,0.0002,2.12219e-13,7.96024e-10,2.12219e-13,0.0002,3.68723e-09,7.96024e-10,3.68723e-09,0.0002,0
0.372251,-0.325253,0.0611219,0.374555,-0.32457,0.0540431,-0.0128541,-0.0127597,0.00642655,1.0277,0.0002,1.34317e-13,5.09455e-10,1.34317e-13,0.0002,2.35983e-09,5.09455e-10,2.35983e-09,0.0002,0
0.372708,-0.325116,0.0597151,0.374536,-0.32457,0.0540881,-0.0124232,-0.01262,0.00502399,1.02477,0.0002,8.53476e-14,3.26051e-10,8.53476e-14,0.0002,1.51029e-09,3.26051e-10,1.51029e-09,0.0002,0
0.373077,-0.325007,0.0585815,0.374552,-0.324567,0.0540469,-0.0120545,-0.0125102,0.00389036,1.0277,0.0002,5.43703e-14,2.08673e-10,5.43703e-14,0.0002,9.66585e-10,2.08673e-10,9.66585e-10,0.0002,0
0.373372,-0.324924,0.0576769,0.374551,-0.324594,0.0540583,-0.011878,-0.0123305,-4.77821e-05,1.02105,0.0002,3.46937e-14,1.33551e-10,3.46937e-14,0.0002,6.18614e-10,1.33551e-10,6.18614e-10,0.0002,0
0.373609,-0.324856,0.0569515,0.374557,-0.324582,0.0540502,-0.011641,-0.0122621,-0.00077312,1.02105,0.0002,2.21617e-14,8.54724e-11,2.21617e-14,0.0002,3.95913e-10,8.54724e-11,3.95913e-10,0.0002,0
0.373428,-0.325037,0.0589613,0.372703,-0.325764,0.0670002,-0.0118222,-0.0124437,0.00123662,0.990657,0.0002,1.41662e-14,5.47023e-11,1.41662e-14,0.0002,2.53384e-10,5.47023e-11,2.53384e-10,0.0002,0
0.373281,-0.325185,0.0605703,0.372693,-0.325778,0.0670062,-0.0119247,-0.0121328,0.0058804,0.98903,0.0002,9.05924e-15,3.50095e-11,9.05924e-15,0.0002,1.62166e-10,3.50095e-11,1.62166e-10,0.0002,0
0.373166,-0.325303,0.0618577,0.372706,-0.325771,0.0670073,-0.0120397,-0.0122501,0.0071678,0.987007,0.0002,5.79501e-15,2.24061e-11,5.79501e-15,0.0002,1.03786e-10,2.24061e-11,1.03786e-10,0.0002,0
0.373073,-0.325395,0.0628855,0.372704,-0.325767,0.0669968,-0.0121852,-0.0128111,0.00716922,0.990657,0.0002,3.70761e-15,1.43399e-11,3.70761e-15,0.0002,6.64232e-11,1.43399e-11,6.64232e-11,0.0002,0
0.373001,-0.325473,0.0637071,0.372709,-0.325784,0.0669936,-0.0122581,-0.0128888,0.00799085,0.994306,0.0002,2.37239e-15,9.17753e-12,2.37239e-15,0.0002,4.25108e-11,9.17753e-12,4.25108e-11,0.0002,0
0.372942,-0.325535,0.0643683,0.372707,-0.325784,0.0670131,-0.0123168,-0.0129509,0.00865205,0.990657,0.0002,1.51813e-15,5.87362e-12,1.51813e-15,0.0002,2.72069e-11,5.87362e-12,2.72069e-11,0.0002,0
0.373195,-0.325547,0.0649819,0.374205,-0.325591,0.0674364,-0.0122885,-0.0128431,0.00677206,1.24934,0.0002,9.71519e-16,3.75912e-12,9.71519e-16,0.0002,1.74124e-11,3.75912e-12,1.74124e-11,0.0002,0
0.373395,-0.325559,0.0654749,0.374196,-0.325607,0.067447,-0.0120882,-0.0128551,0.00726507,1.24287,0.0002,6.21739e-16,2.40583e-12,6.21739e-16,0.0002,1.1144e-11,2.40583e-12,1.1144e-11,0.0002,0
0.373556,-0.325575,0.0658747,0.374201,-0.325641,0.067474,-0.0119352,-0.0128679,0.00743909,1.24649,0.0002,3.97899e-16,1.53973e-12,3.97899e-16,0.0002,7.13213e-12,1.53973e-12,7.13213e-12,0.0002,0
0.373684,-0.325584,0.0661913,0.374195,-0.325621,0.0674575,-0.0118074,-0.012877,0.00775563,1.24649,0.0002,2.5465e-16,9.8543e-13,2.5465e-16,0.0002,4.56457e-12,9.8543e-13,4.56457e-12,0.0002,0
0.373786,-0.325591,0.0664454,0.374196,-0.325621,0.0674621,-0.0117048,-0.0128843,0.00800979,1.24649,0.0002,1.62974e-16,6.30675e-13,1.62974e-16,0.0002,2.92132e-12,6.30675e-13,2.92132e-12,0.0002,0
0.372721,-0.325306,0.0612891,0.36846,-0.324167,0.0406635,-0.0125493,-0.012763,0.0052448,1.89986,0.0002,1.04302e-16,4.03632e-13,1.04302e-16,0.0002,1.86965e-12,4.03632e-13,1.86965e-12,0.0002,0
0.37187,-0.325076,0.0571599,0.368463,-0.324156,0.0406432,-0.0134008,-0.012533,0.00111563,1.90142,0.0002,6.6753e-17,2.58325e-13,6.6753e-17,0.0002,1.19657e-12,2.58325e-13,1.19657e-12,0.0002,0
0.371191,-0.324886,0.0538476,0.368478,-0.324125,0.0405987,-0.0140629,-0.0119067,-0.000719212,1.90511,0.0002,4.27218e-17,1.65328e-13,4.27218e-17,0.0002,7.65807e-13,1.65328e-13,7.65807e-13,0.0002,0
0.370648,-0.324741,0.0512088,0.368476,-0.324158,0.0406534,-0.014606,-0.0117612,-0.00335806,1.90142,0.0002,2.73419e-17,1.0581e-13,2.73419e-17,0.0002,4.90117e-13,1.0581e-13,4.90117e-13,0.0002,0
0.37021,-0.324623,0.0490954,0.368459,-0.324151,0.0406421,-0.0150438,-0.0116432,-0.00547141,1.90511,0.0002,1.74988e-17,6.77182e-14,1.74988e-17,0.0002,3.13675e-13,6.77182e-14,3.13675e-13,0.0002,0
0.369862,-0.32453,0.0474094,0.368467,-0.324159,0.0406653,-0.0153059,-0.0114641,-0.00570924,1.90142,0.0002,1.11992e-17,4.33397e-14,1.11992e-17,0.0002,2.00752e-13,4.33397e-14,2.00752e-13,0.0002,0
0.370595,-0.324691,0.0512322,0.373529,-0.325335,0.0665233,-0.0145725,-0.0116251,-0.00188647,1.0104,0.0002,7.16748e-18,2.77374e-14,7.16748e-18,0.0002,1.28481e-13,2.77374e-14,1.28481e-13,0.0002,0
0.371183,-0.324818,0.0543041,0.373533,-0.325327,0.0665916,-0.0144081,-0.0120328,-0.00472668,1.00806,0.0002,4.58719e-18,1.77519e-14,4.58719e-18,0.0002,8.22279e-14,1.77519e-14,8.22279e-14,0.0002,0
0.371657,-0.324917,0.0567705,0.373553,-0.325313,0.0666363,-0.013934,-0.0121317,-0.00226024,1.00806,0.0002,2.9358e-18,1.13612e-14,2.9358e-18,0.0002,5.26259e-14,1.13612e-14,5.26259e-14,0.0002,0
0.372038,-0.325,0.0587503,0.373562,-0.32533,0.0666695,-0.013553,-0.0122143,-0.000280442,1.01171,0.0002,1.87891e-18,7.27119e-15,1.87891e-18,0.0002,3.36806e-14,7.27119e-15,3.36806e-14,0.0002,0
0.372343,-0.325062,0.0603372,0.373564,-0.325311,0.0666848,-0.0128878,-0.012596,0.00519896,1.01171,0.0002,1.2025e-18,4.65356e-15,1.2025e-18,0.0002,2.15556e-14,4.65356e-15,2.15556e-14,0.0002,0
0.372833,-0.324985,0.0620504,0.374794,-0.324677,0.0689032,-0.0123976,-0.0125191,0.00691216,1.15094,0.0002,7.69602e-19,2.97828e-15,7.69602e-19,0.0002,1.37956e-14,2.97828e-15,1.37956e-14,0.0002,0
0.373226,-0.324926,0.0634206,0.374798,-0.32469,0.0689012,-0.0119519,-0.0124767,0.00857781,1.15455,0.0002,4.92545e-19,1.9061e-15,4.92545e-19,0.0002,8.82916e-15,1.9061e-15,8.82916e-15,0.0002,0
0.373543,-0.324882,0.0645162,0.374809,-0.324707,0.0688989,-0.0116354,-0.0124329,0.00967347,1.14644,0.0002,3.15229e-19,1.2199e-15,3.15229e-19,0.0002,5.65066e-15,1.2199e-15,5.65066e-15,0.0002,0
0.373796,-0.324849,0.0653976,0.374811,-0.324715,0.0689231,-0.0113818,-0.0123994,0.0105549,1.14956,0.0002,2.01746e-19,7.80738e-16,2.01746e-19,0.0002,3.61642e-15,7.80738e-16,3.61642e-15,0.0002,0
0.373999,-0.324821,0.0661022,0.374812,-0.324712,0.0689203,-0.0111492,-0.0123519,0.011403,1.14956,0.0002,1.29118e-19,4.99672e-16,1.29118e-19,0.0002,2.31451e-15,4.99672e-16,2.31451e-15,0.0002,0
0.374164,-0.324797,0.0666638,0.374823,-0.324702,0.0689102,-0.0109845,-0.012328,0.0119646,1.15144,0.0002,8.26354e-20,3.1979e-16,8.26354e-20,0.0002,1.48129e-15,3.1979e-16,1.48129e-15,0.0002,0
0.374079,-0.324831,0.065987,0.373739,-0.324963,0.0632797,-0.0110886,-0.0123891,0.011291,1.0567,0.0002,5.28866e-20,2.04666e-16,5.28866e-20,0.0002,9.48023e-16,2.04666e-16,9.48023e-16,0.0002,0
0.374006,-0.324857,0.0654573,0.373715,-0.324962,0.0633389,-0.0111613,-0.0124155,0.0107614,1.05748,0.0002,3.38474e-20,1.30986e-16,3.38474e-20,0.0002,6.06735e-16,1.30986e-16,6.06735e-16,0.0002,0
0.373948,-0.324877,0.0650346,0.373714,-0.324958,0.0633434,-0.0112197,-0.0124356,0.0103386,1.05748,0.0002,2.16624e-20,8.38311e-17,2.16624e-20,0.0002,3.8831e-16,8.38311e-17,3.8831e-16,0.0002,0
0.373901,-0.324894,0.0646951,0.373711,-0.32496,0.0633372,-0.011248,-0.0124371,0.0100098,1.05748,0.0002,1.38639e-20,5.36519e-17,1.38639e-20,0.0002,2.48519e-16,5.36519e-17,2.48519e-16,0.0002,0
0.373862,-0.324907,0.0644216,0.373709,-0.324958,0.0633275,-0.0112864,-0.0124499,0.00973632,1.05383,0.0002,8.8729e-21,3.43372e-17,8.8729e-21,0.0002,1.59052e-16,3.43372e-17,1.59052e-16,0.0002,0
0.373791,-0.324875,0.064691,0.373507,-0.324749,0.0657688,-0.0113165,-0.012391,0.0100332,0.865717,0.0002,5.67866e-21,2.19758e-17,5.67866e-21,0.0002,1.01793e-16,2.19758e-17,1.01793e-16,0.0002,0
0.373739,-0.324847,0.0649102,0.373532,-0.324735,0.0657871,-0.0113684,-0.0123631,0.0102524,0.86043,0.0002,3.63434e-21,1.40645e-17,3.63434e-21,0.0002,6.51477e-17,1.40645e-17,6.51477e-17,0.0002,0
0.373697,-0.324828,0.065084,0.373526,-0.32475,0.0657791,-0.011411,-0.0123437,0.0104261,0.864147,0.0002,2.32598e-21,9.0013e-18,2.32598e-21,0.0002,4.16945e-17,9.0013e-18,4.16945e-17,0.0002,0
0.373665,-0.32481,0.0652233,0.373541,-0.324738,0.0657807,-0.0114341,-0.0123333,0.0105315,0.864147,0.0002,1.48863e-21,5.76083e-18,1.48863e-21,0.0002,2.66845e-17,5.76083e-18,2.66845e-17,0.0002,0
0.373639,-0.324796,0.0653345,0.373536,-0.324739,0.065779,-0.0114601,-0.0123191,0.0106426,0.864147,0.0002,9.52721e-22,3.68693e-18,9.52721e-22,0.0002,1.70781e-17,3.68693e-18,1.70781e-17,0.0002,0
0.37362,-0.324785,0.065422,0.373542,-0.324742,0.065772,-0.0114904,-0.0123237,0.0107149,0.864147,0.0002,6.09741e-22,2.35964e-18,6.09741e-22,0.0002,1.093e-17,2.35964e-18,1.093e-17,0.0002,0
0.373778,-0.324815,0.0658172,0.37441,-0.324936,0.0673982,-0.0113325,-0.0123539,0.0111102,1.1747,0.0002,3.90234e-22,1.51017e-18,3.90234e-22,0.0002,6.99518e-18,1.51017e-18,6.99518e-18,0.0002,0
0.373904,-0.324843,0.0661319,0.374408,-0.324956,0.0673904,-0.0112065,-0.012382,0.0114248,1.17886,0.0002,2.4975e-22,9.66507e-19,2.4975e-22,0.0002,4.47691e-18,9.66507e-19,4.47691e-18,0.0002,0
0.374004,-0.324866,0.0663828,0.374406,-0.324955,0.0673867,-0.0113671,-0.0121476,0.00828717,1.17886,0.0002,1.5984e-22,6.18564e-19,1.5984e-22,0.0002,2.86522e-18,6.18564e-19,2.86522e-18,0.0002,0
0.374085,-0.324881,0.0665837,0.374409,-0.324944,0.0673872,-0.0112863,-0.0121632,0.00848805,1.17525,0.0002,1.02298e-22,3.95881e-19,1.02298e-22,0.0002,1.83374e-18,3.95881e-19,1.83374e-18,0.0002,0
0.374151,-0.324891,0.0667468,0.374413,-0.32493,0.0673992,-0.010941,-0.0118492,0.012351,1.17164,0.0002,6.54705e-23,2.53364e-19,6.54705e-23,0.0002,1.1736e-18,2.53364e-19,1.1736e-18,0.0002,0
0.374563,-0.32459,0.0604842,0.376214,-0.323385,0.0354338,-0.0105284,-0.0115481,0.00608834,1.0036,0.0002,4.19011e-23,1.62153e-19,4.19011e-23,0.0002,7.51101e-19,1.62153e-19,7.51101e-19,0.0002,0
0.374893,-0.324349,0.0554757,0.376213,-0.323385,0.0354416,-0.0105385,-0.0114942,-0.00359558,1.0036,0.0002,2.68167e-23,1.03778e-19,2.68167e-23,0.0002,4.80705e-19,1.03778e-19,4.80705e-19,0.0002,0
0.375159,-0.32416,0.0514687,0.376222,-0.323406,0.0354408,-0.0102728,-0.0113056,-0.00760255,0.996302,0.0002,1.71627e-23,6.64178e-20,1.71627e-23,0.0002,3.07651e-19,6.64178e-20,3.07651e-19,0.0002,0
0.375374,-0.324007,0.0482645,0.376233,-0.323396,0.0354479,-0.0100579,-0.0111527,-0.0108067,1.0036,0.0002,1.09841e-23,4.25074e-20,1.09841e-23,0.0002,1.96897e-19,4.25074e-20,1.96897e-19,0.0002,0
0.375545,-0.323886,0.0457059,0.376232,-0.323401,0.0354715,-0.0098863,-0.0110314,-0.0133653,0.999951,0.0002,7.02984e-24,2.72047e-20,7.02984e-24,0.0002,1.26014e-19,2.72047e-20,1.26014e-19,0.0002,0
0.375103,-0.324326,0.0488106,0.373335,-0.326086,0.0612292,-0.0103498,-0.0114805,-0.0106724,1.10428,0.0002,4.4991e-24,1.7411e-20,4.4991e-24,0.0002,8.06489e-20,1.7411e-20,8.06489e-20,0.0002,0
0.374749,-0.324682,0.0512963,0.373333,-0.326106,0.0612391,-0.010704,-0.0118365,-0.00818667,1.10666,0.0002,2.87942e-24,1.11431e-20,2.87942e-24,0.0002,5.16153e-20,1.11431e-20,5.16153e-20,0.0002,0
0.374467,-0.324961,0.053286,0.373338,-0.326078,0.0612448,-0.0106962,-0.0123451,-0.00285007,1.10272,0.0002,1.84283e-24,7.13156e-21,1.84283e-24,0.0002,3.30338e-20,7.13156e-21,3.30338e-20,0.0002,0
0.374244,-0.325184,0.0548761,0.373351,-0.326074,0.0612363,-0.0109194,-0.0125677,-0.00126,1.10636,0.0002,1.17941e-24,4.5642e-21,1.17941e-24,0.0002,2.11416e-20,4.5642e-21,2.11416e-20,0.0002,0
0.374063,-0.325376,0.0561414,0.373343,-0.326142,0.0612026,-0.0109478,-0.0128292,0.00136981,1.11757,0.0002,7.54823e-25,2.92109e-21,7.54823e-25,0.0002,1.35306e-20,2.92109e-21,1.35306e-20,0.0002,0
0.373921,-0.325529,0.05716,0.373351,-0.326145,0.0612348,-0.0110904,-0.0129831,0.00238849,1.11757,0.0002,4.83087e-25,1.8695e-21,4.83087e-25,0.0002,8.65961e-21,1.8695e-21,8.65961e-21,0.0002,0
0.374091,-0.325583,0.0579362,0.37477,-0.325797,0.0610409,-0.0109108,-0.0130495,0.00324285,1.1172,0.0002,3.09176e-25,1.19648e-21,3.09176e-25,0.0002,5.54215e-21,1.19648e-21,5.54215e-21,0.0002,0
0.374228,-0.325624,0.0585641,0.374775,-0.325786,0.0610758,-0.0107739,-0.0130902,0.00387077,1.10985,0.0002,1.97872e-25,7.65746e-22,1.97872e-25,0.0002,3.54698e-21,7.65746e-22,3.54698e-21,0.0002,0
0.374338,-0.325657,0.0590674,0.37478,-0.325791,0.0610805,-0.0106635,-0.0131236,0.00437404,1.11353,0.0002,1.26638e-25,4.90077e-22,1.26638e-25,0.0002,2.27006e-21,4.90077e-22,2.27006e-21,0.0002,0
0.374426,-0.325684,0.0594675,0.374779,-0.325791,0.061068,-0.0106162,-0.0131877,0.00475707,1.11353,0.0002,8.10485e-26,3.13649e-22,8.10485e-26,0.0002,1.45284e-21,3.13649e-22,1.45284e-21,0.0002,0
0.374497,-0.325705,0.0597893,0.37478,-0.325788,0.0610762,-0.0105454,-0.0132085,0.0050788,1.10985,0.0002,5.18711e-26,2.00736e-22,5.18711e-26,0.0002,9.29819e-22,2.00736e-22,9.29819e-22,0.0002,0
0.374419,-0.325649,0.0611469,0.374106,-0.325428,0.0665773,-0.0106236,-0.0131532,0.0064364,1.11227,0.0002,3.31975e-26,1.28471e-22,3.31975e-26,0.0002,5.95084e-22,1.28471e-22,5.95084e-22,0.0002,0
0.374358,-0.325612,0.0622296,0.374114,-0.325462,0.0665603,-0.0109675,-0.0128763,0.0041079,1.12314,0.0002,2.12464e-26,8.22213e-23,2.12464e-26,0.0002,3.80854e-22,8.22213e-23,3.80854e-22,0.0002,0
0.374307,-0.325577,0.0630971,0.374102,-0.325439,0.0665675,-0.0110187,-0.0128416,0.00497549,1.11952,0.0002,1.35977e-26,5.26216e-23,1.35977e-26,0.0002,2.43746e-22,5.26216e-23,2.43746e-22,0.0002,0
0.374269,-0.325548,0.0637946,0.374118,-0.325431,0.0665844,-0.0108083,-0.0130357,0.00874994,1.11881,0.0002,8.70252e-27,3.36778e-23,8.70252e-27,0.0002,1.55998e-22,3.36778e-23,1.55998e-22,0.0002,0
0.374236,-0.325523,0.0643523,0.374107,-0.325423,0.0665833,-0.0108408,-0.0130107,0.00930768,1.11881,0.0002,5.56961e-27,2.15538e-23,5.56961e-27,0.0002,9.98385e-23,2.15538e-23,9.98385e-23,0.0002,0
